trade_date,market,stock_id,name,foreign_buy,foreign_sell,foreign_net,trust_buy,trust_sell,trust_net,dealer_buy,dealer_sell,dealer_net,raw_json
2026-09-08,TPEX,1259,安心,0,0,0,0,0,0,0,4000,-4000,"{""Date"":""1150908"",""SecuritiesCompanyCode"":""1259"",""CompanyName"":""安心"",""Foreign Investors include Mainland Area Investors (Foreign Dealers excluded)-Total Buy"":""0"","" Foreign Investors include Mainland Area Investors (Foreign Dealers excluded)-Total Sell"":""1000"",""Foreign Investors include Mainland Area Investors (Foreign Dealers excluded)-Difference"":""-1000"",""Foreign Dealers-Total Buy"":""0"",""Foreign Dealers-TotalSell"":""0"",""ForeignDealers-Difference"":""0"",""ForeignInvestorsIncludeMainlandAreaInvestors-TotalBuy"":""0"",""ForeignInvestorsIncludeMainlandAreaInvestors-TotalSell"":""1000"",""ForeignInvestorsInclude MainlandAreaInvestors-Difference"":""-1000"",""SecuritiesInvestmentTrustCompanies-TotalBuy"":""0"",""SecuritiesInvestmentTrustCompanies-TotalSell"":""0"",""SecuritiesInvestmentTrustCompanies-Difference"":""0"",""Dealers-TotalBuy"":""0"",""Dealers-TotalSell"":""4000"",""Dealers-Difference"":""-4000"",""Dealers -TotalSell"":""4000"",""TotalDifference"":""-5000""}"
2026-09-08,TPEX,1264,德麥,0,0,0,0,0,0,1000,1056,-56,"{""Date"":""1150908"",""SecuritiesCompanyCode"":""1264"",""CompanyName"":""德麥"",""Foreign Investors include Mainland Area Investors (Foreign Dealers excluded)-Total Buy"":""2025"","" Foreign Investors include Mainland Area Investors (Foreign Dealers excluded)-Total Sell"":""5000"",""Foreign Investors include Mainland Area Investors (Foreign Dealers excluded)-Difference"":""-2975"",""Foreign Dealers-Total Buy"":""0"",""Foreign Dealers-TotalSell"":""0"",""ForeignDealers-Difference"":""0"",""ForeignInvestorsIncludeMainlandAreaInvestors-TotalBuy"":""2025"",""ForeignInvestorsIncludeMainlandAreaInvestors-TotalSell"":""5000"",""ForeignInvestorsInclude MainlandAreaInvestors-Difference"":""-2975"",""SecuritiesInvestmentTrustCompanies-TotalBuy"":""0"",""SecuritiesInvestmentTrustCompanies-TotalSell"":""0"",""SecuritiesInvestmentTrustCompanies-Difference"":""0"",""Dealers-TotalBuy"":""1000"",""Dealers-TotalSell"":""1056"",""Dealers-Difference"":""-56"",""Dealers -TotalSell"":""1056"",""TotalDifference"":""-3031""}"
2026-09-08,TPEX,1268,漢來美食,0,0,0,0,0,0,0,0,0,"{""Date"":""1150908"",""SecuritiesCompanyCode"":""1268"",""CompanyName"":""漢來美食"",""Foreign Investors include Mainland Area Investors (Foreign Dealers excluded)-Total Buy"":""1000"","" Foreign Investors include Mainland Area Investors (Foreign Dealers excluded)-Total Sell"":""11000"",""Foreign Investors include Mainland Area Investors (Foreign Dealers excluded)-Difference"":""-10000"",""Foreign Dealers-Total Buy"":""0"",""Foreign Dealers-TotalSell"":""0"",""ForeignDealers-Difference"":""0"",""ForeignInvestorsIncludeMainlandAreaInvestors-TotalBuy"":""1000"",""ForeignInvestorsIncludeMainlandAreaInvestors-TotalSell"":""11000"",""ForeignInvestorsInclude MainlandAreaInvestors-Difference"":""-10000"",""SecuritiesInvestmentTrustCompanies-TotalBuy"":""0"",""SecuritiesInvestmentTrustCompanies-TotalSell"":""0"",""SecuritiesInvestmentTrustCompanies-Difference"":""0"",""Dealers-TotalBuy"":""0"",""Dealers-TotalSell"":""0"",""Dealers-Difference"":""0"",""Dealers -TotalSell"":""0"",""TotalDifference"":""-10000""}"
2026-09-08,TPEX,1294,漢田生技,0,0,0,0,0,0,0,0,0,"{""Date"":""1150908"",""SecuritiesCompanyCode"":""1294"",""CompanyName"":""漢田生技"",""Foreign Investors include Mainland Area Investors (Foreign Dealers excluded)-Total Buy"":""1000"","" Foreign Investors include Mainland Area Investors (Foreign Dealers excluded)-Total Sell"":""0"",""Foreign Investors include Mainland Area Investors (Foreign Dealers excluded)-Difference"":""1000"",""Foreign Dealers-Total Buy"":""0"",""Foreign Dealers-TotalSell"":""0"",""ForeignDealers-Difference"":""0"",""ForeignInvestorsIncludeMainlandAreaInvestors-TotalBuy"":""1000"",""ForeignInvestorsIncludeMainlandAreaInvestors-TotalSell"":""0"",""ForeignInvestorsInclude MainlandAreaInvestors-Difference"":""1000"",""SecuritiesInvestmentTrustCompanies-TotalBuy"":""0"",""SecuritiesInvestmentTrustCompanies-TotalSell"":""0"",""SecuritiesInvestmentTrustCompanies-Difference"":""0"",""Dealers-TotalBuy"":""0"",""Dealers-TotalSell"":""0"",""Dealers-Difference"":""0"",""Dealers -TotalSell"":""0"",""TotalDifference"":""1000""}"
2026-09-08,TPEX,1295,生合,0,0,0,0,0,0,0,0,0,"{""Date"":""1150908"",""SecuritiesCompanyCode"":""1295"",""CompanyName"":""生合"",""Foreign Investors include Mainland Area Investors (Foreign Dealers excluded)-Total Buy"":""0"","" Foreign Investors include Mainland Area Investors (Foreign Dealers excluded)-Total Sell"":""1000"",""Foreign Investors include Mainland Area Investors (Foreign Dealers excluded)-Difference"":""-1000"",""Foreign Dealers-Total Buy"":""0"",""Foreign Dealers-TotalSell"":""0"",""ForeignDealers-Difference"":""0"",""ForeignInvestorsIncludeMainlandAreaInvestors-TotalBuy"":""0"",""ForeignInvestorsIncludeMainlandAreaInvestors-TotalSell"":""1000"",""ForeignInvestorsInclude MainlandAreaInvestors-Difference"":""-1000"",""SecuritiesInvestmentTrustCompanies-TotalBuy"":""0"",""SecuritiesInvestmentTrustCompanies-TotalSell"":""0"",""SecuritiesInvestmentTrustCompanies-Difference"":""0"",""Dealers-TotalBuy"":""0"",""Dealers-TotalSell"":""0"",""Dealers-Difference"":""0"",""Dealers -TotalSell"":""0"",""TotalDifference"":""-1000""}"
2026-09-08,TPEX,1336,台翰,0,0,0,0,0,0,0,0,0,"{""Date"":""1150908"",""SecuritiesCompanyCode"":""1336"",""CompanyName"":""台翰"",""Foreign Investors include Mainland Area Investors (Foreign Dealers excluded)-Total Buy"":""17090"","" Foreign Investors include Mainland Area Investors (Foreign Dealers excluded)-Total Sell"":""8000"",""Foreign Investors include Mainland Area Investors (Foreign Dealers excluded)-Difference"":""9090"",""Foreign Dealers-Total Buy"":""0"",""Foreign Dealers-TotalSell"":""0"",""ForeignDealers-Difference"":""0"",""ForeignInvestorsIncludeMainlandAreaInvestors-TotalBuy"":""17090"",""ForeignInvestorsIncludeMainlandAreaInvestors-TotalSell"":""8000"",""ForeignInvestorsInclude MainlandAreaInvestors-Difference"":""9090"",""SecuritiesInvestmentTrustCompanies-TotalBuy"":""0"",""SecuritiesInvestmentTrustCompanies-TotalSell"":""0"",""SecuritiesInvestmentTrustCompanies-Difference"":""0"",""Dealers-TotalBuy"":""0"",""Dealers-TotalSell"":""0"",""Dealers-Difference"":""0"",""Dealers -TotalSell"":""0"",""TotalDifference"":""9090""}"
2026-09-08,TPEX,1565,精華,0,0,0,0,0,0,6466,158,6308,"{""Date"":""1150908"",""SecuritiesCompanyCode"":""1565"",""CompanyName"":""精華"",""Foreign Investors include Mainland Area Investors (Foreign Dealers excluded)-Total Buy"":""30000"","" Foreign Investors include Mainland Area Investors (Foreign Dealers excluded)-Total Sell"":""16000"",""Foreign Investors include Mainland Area Investors (Foreign Dealers excluded)-Difference"":""14000"",""Foreign Dealers-Total Buy"":""0"",""Foreign Dealers-TotalSell"":""0"",""ForeignDealers-Difference"":""0"",""ForeignInvestorsIncludeMainlandAreaInvestors-TotalBuy"":""30000"",""ForeignInvestorsIncludeMainlandAreaInvestors-TotalSell"":""16000"",""ForeignInvestorsInclude MainlandAreaInvestors-Difference"":""14000"",""SecuritiesInvestmentTrustCompanies-TotalBuy"":""0"",""SecuritiesInvestmentTrustCompanies-TotalSell"":""0"",""SecuritiesInvestmentTrustCompanies-Difference"":""0"",""Dealers-TotalBuy"":""6466"",""Dealers-TotalSell"":""158"",""Dealers-Difference"":""6308"",""Dealers -TotalSell"":""158"",""TotalDifference"":""20308""}"
2026-09-08,TPEX,1569,濱川,0,0,0,0,0,0,2001,10183,-8182,"{""Date"":""1150908"",""SecuritiesCompanyCode"":""1569"",""CompanyName"":""濱川"",""Foreign Investors include Mainland Area Investors (Foreign Dealers excluded)-Total Buy"":""51395"","" Foreign Investors include Mainland Area Investors (Foreign Dealers excluded)-Total Sell"":""239000"",""Foreign Investors include Mainland Area Investors (Foreign Dealers excluded)-Difference"":""-187605"",""Foreign Dealers-Total Buy"":""0"",""Foreign Dealers-TotalSell"":""0"",""ForeignDealers-Difference"":""0"",""ForeignInvestorsIncludeMainlandAreaInvestors-TotalBuy"":""51395"",""ForeignInvestorsIncludeMainlandAreaInvestors-TotalSell"":""239000"",""ForeignInvestorsInclude MainlandAreaInvestors-Difference"":""-187605"",""SecuritiesInvestmentTrustCompanies-TotalBuy"":""0"",""SecuritiesInvestmentTrustCompanies-TotalSell"":""0"",""SecuritiesInvestmentTrustCompanies-Difference"":""0"",""Dealers-TotalBuy"":""2001"",""Dealers-TotalSell"":""10183"",""Dealers-Difference"":""-8182"",""Dealers -TotalSell"":""10183"",""TotalDifference"":""-195787""}"
2026-09-08,TPEX,1570,力肯,0,0,0,0,0,0,0,0,0,"{""Date"":""1150908"",""SecuritiesCompanyCode"":""1570"",""CompanyName"":""力肯"",""Foreign Investors include Mainland Area Investors (Foreign Dealers excluded)-Total Buy"":""3001"","" Foreign Investors include Mainland Area Investors (Foreign Dealers excluded)-Total Sell"":""10000"",""Foreign Investors include Mainland Area Investors (Foreign Dealers excluded)-Difference"":""-6999"",""Foreign Dealers-Total Buy"":""0"",""Foreign Dealers-TotalSell"":""0"",""ForeignDealers-Difference"":""0"",""ForeignInvestorsIncludeMainlandAreaInvestors-TotalBuy"":""3001"",""ForeignInvestorsIncludeMainlandAreaInvestors-TotalSell"":""10000"",""ForeignInvestorsInclude MainlandAreaInvestors-Difference"":""-6999"",""SecuritiesInvestmentTrustCompanies-TotalBuy"":""0"",""SecuritiesInvestmentTrustCompanies-TotalSell"":""0"",""SecuritiesInvestmentTrustCompanies-Difference"":""0"",""Dealers-TotalBuy"":""0"",""Dealers-TotalSell"":""0"",""Dealers-Difference"":""0"",""Dealers -TotalSell"":""0"",""TotalDifference"":""-6999""}"
2026-09-08,TPEX,1580,新麥,0,0,0,0,0,0,0,339,-339,"{""Date"":""1150908"",""SecuritiesCompanyCode"":""1580"",""CompanyName"":""新麥"",""Foreign Investors include Mainland Area Investors (Foreign Dealers excluded)-Total Buy"":""24000"","" Foreign Investors include Mainland Area Investors (Foreign Dealers excluded)-Total Sell"":""12000"",""Foreign Investors include Mainland Area Investors (Foreign Dealers excluded)-Difference"":""12000"",""Foreign Dealers-Total Buy"":""0"",""Foreign Dealers-TotalSell"":""0"",""ForeignDealers-Difference"":""0"",""ForeignInvestorsIncludeMainlandAreaInvestors-TotalBuy"":""24000"",""ForeignInvestorsIncludeMainlandAreaInvestors-TotalSell"":""12000"",""ForeignInvestorsInclude MainlandAreaInvestors-Difference"":""12000"",""SecuritiesInvestmentTrustCompanies-TotalBuy"":""0"",""SecuritiesInvestmentTrustCompanies-TotalSell"":""0"",""SecuritiesInvestmentTrustCompanies-Difference"":""0"",""Dealers-TotalBuy"":""0"",""Dealers-TotalSell"":""339"",""Dealers-Difference"":""-339"",""Dealers -TotalSell"":""339"",""TotalDifference"":""11661""}"
2026-09-08,TPEX,1584,精剛,0,0,0,0,0,0,0,59,-59,"{""Date"":""1150908"",""SecuritiesCompanyCode"":""1584"",""CompanyName"":""精剛"",""Foreign Investors include Mainland Area Investors (Foreign Dealers excluded)-Total Buy"":""8024"","" Foreign Investors include Mainland Area Investors (Foreign Dealers excluded)-Total Sell"":""55000"",""Foreign Investors include Mainland Area Investors (Foreign Dealers excluded)-Difference"":""-46976"",""Foreign Dealers-Total Buy"":""0"",""Foreign Dealers-TotalSell"":""0"",""ForeignDealers-Difference"":""0"",""ForeignInvestorsIncludeMainlandAreaInvestors-TotalBuy"":""8024"",""ForeignInvestorsIncludeMainlandAreaInvestors-TotalSell"":""55000"",""ForeignInvestorsInclude MainlandAreaInvestors-Difference"":""-46976"",""SecuritiesInvestmentTrustCompanies-TotalBuy"":""0"",""SecuritiesInvestmentTrustCompanies-TotalSell"":""0"",""SecuritiesInvestmentTrustCompanies-Difference"":""0"",""Dealers-TotalBuy"":""0"",""Dealers-TotalSell"":""59"",""Dealers-Difference"":""-59"",""Dealers -TotalSell"":""59"",""TotalDifference"":""-47035""}"
2026-09-08,TPEX,1586,和勤,0,0,0,0,0,0,1000,0,1000,"{""Date"":""1150908"",""SecuritiesCompanyCode"":""1586"",""CompanyName"":""和勤"",""Foreign Investors include Mainland Area Investors (Foreign Dealers excluded)-Total Buy"":""127108"","" Foreign Investors include Mainland Area Investors (Foreign Dealers excluded)-Total Sell"":""17000"",""Foreign Investors include Mainland Area Investors (Foreign Dealers excluded)-Difference"":""110108"",""Foreign Dealers-Total Buy"":""0"",""Foreign Dealers-TotalSell"":""0"",""ForeignDealers-Difference"":""0"",""ForeignInvestorsIncludeMainlandAreaInvestors-TotalBuy"":""127108"",""ForeignInvestorsIncludeMainlandAreaInvestors-TotalSell"":""17000"",""ForeignInvestorsInclude MainlandAreaInvestors-Difference"":""110108"",""SecuritiesInvestmentTrustCompanies-TotalBuy"":""0"",""SecuritiesInvestmentTrustCompanies-TotalSell"":""0"",""SecuritiesInvestmentTrustCompanies-Difference"":""0"",""Dealers-TotalBuy"":""1000"",""Dealers-TotalSell"":""0"",""Dealers-Difference"":""1000"",""Dealers -TotalSell"":""0"",""TotalDifference"":""111108""}"
2026-09-08,TPEX,1591,駿吉-KY,0,0,0,0,0,0,1017,887,130,"{""Date"":""1150908"",""SecuritiesCompanyCode"":""1591"",""CompanyName"":""駿吉-KY"",""Foreign Investors include Mainland Area Investors (Foreign Dealers excluded)-Total Buy"":""365520"","" Foreign Investors include Mainland Area Investors (Foreign Dealers excluded)-Total Sell"":""154023"",""Foreign Investors include Mainland Area Investors (Foreign Dealers excluded)-Difference"":""211497"",""Foreign Dealers-Total Buy"":""0"",""Foreign Dealers-TotalSell"":""0"",""ForeignDealers-Difference"":""0"",""ForeignInvestorsIncludeMainlandAreaInvestors-TotalBuy"":""365520"",""ForeignInvestorsIncludeMainlandAreaInvestors-TotalSell"":""154023"",""ForeignInvestorsInclude MainlandAreaInvestors-Difference"":""211497"",""SecuritiesInvestmentTrustCompanies-TotalBuy"":""0"",""SecuritiesInvestmentTrustCompanies-TotalSell"":""0"",""SecuritiesInvestmentTrustCompanies-Difference"":""0"",""Dealers-TotalBuy"":""1017"",""Dealers-TotalSell"":""887"",""Dealers-Difference"":""130"",""Dealers -TotalSell"":""887"",""TotalDifference"":""211627""}"
2026-09-08,TPEX,1593,祺驊,0,0,0,0,0,0,1,0,1,"{""Date"":""1150908"",""SecuritiesCompanyCode"":""1593"",""CompanyName"":""祺驊"",""Foreign Investors include Mainland Area Investors (Foreign Dealers excluded)-Total Buy"":""1000"","" Foreign Investors include Mainland Area Investors (Foreign Dealers excluded)-Total Sell"":""5000"",""Foreign Investors include Mainland Area Investors (Foreign Dealers excluded)-Difference"":""-4000"",""Foreign Dealers-Total Buy"":""0"",""Foreign Dealers-TotalSell"":""0"",""ForeignDealers-Difference"":""0"",""ForeignInvestorsIncludeMainlandAreaInvestors-TotalBuy"":""1000"",""ForeignInvestorsIncludeMainlandAreaInvestors-TotalSell"":""5000"",""ForeignInvestorsInclude MainlandAreaInvestors-Difference"":""-4000"",""SecuritiesInvestmentTrustCompanies-TotalBuy"":""0"",""SecuritiesInvestmentTrustCompanies-TotalSell"":""0"",""SecuritiesInvestmentTrustCompanies-Difference"":""0"",""Dealers-TotalBuy"":""1"",""Dealers-TotalSell"":""0"",""Dealers-Difference"":""1"",""Dealers -TotalSell"":""0"",""TotalDifference"":""-3999""}"
2026-09-08,TPEX,1595,川寶,0,0,0,0,0,0,105,4553,-4448,"{""Date"":""1150908"",""SecuritiesCompanyCode"":""1595"",""CompanyName"":""川寶"",""Foreign Investors include Mainland Area Investors (Foreign Dealers excluded)-Total Buy"":""66000"","" Foreign Investors include Mainland Area Investors (Foreign Dealers excluded)-Total Sell"":""150000"",""Foreign Investors include Mainland Area Investors (Foreign Dealers excluded)-Difference"":""-84000"",""Foreign Dealers-Total Buy"":""0"",""Foreign Dealers-TotalSell"":""0"",""ForeignDealers-Difference"":""0"",""ForeignInvestorsIncludeMainlandAreaInvestors-TotalBuy"":""66000"",""ForeignInvestorsIncludeMainlandAreaInvestors-TotalSell"":""150000"",""ForeignInvestorsInclude MainlandAreaInvestors-Difference"":""-84000"",""SecuritiesInvestmentTrustCompanies-TotalBuy"":""0"",""SecuritiesInvestmentTrustCompanies-TotalSell"":""0"",""SecuritiesInvestmentTrustCompanies-Difference"":""0"",""Dealers-TotalBuy"":""105"",""Dealers-TotalSell"":""4553"",""Dealers-Difference"":""-4448"",""Dealers -TotalSell"":""4553"",""TotalDifference"":""-88448""}"
2026-09-08,TPEX,1599,宏佳騰,0,0,0,0,0,0,0,0,0,"{""Date"":""1150908"",""SecuritiesCompanyCode"":""1599"",""CompanyName"":""宏佳騰"",""Foreign Investors include Mainland Area Investors (Foreign Dealers excluded)-Total Buy"":""1000"","" Foreign Investors include Mainland Area Investors (Foreign Dealers excluded)-Total Sell"":""1000"",""Foreign Investors include Mainland Area Investors (Foreign Dealers excluded)-Difference"":""0"",""Foreign Dealers-Total Buy"":""0"",""Foreign Dealers-TotalSell"":""0"",""ForeignDealers-Difference"":""0"",""ForeignInvestorsIncludeMainlandAreaInvestors-TotalBuy"":""1000"",""ForeignInvestorsIncludeMainlandAreaInvestors-TotalSell"":""1000"",""ForeignInvestorsInclude MainlandAreaInvestors-Difference"":""0"",""SecuritiesInvestmentTrustCompanies-TotalBuy"":""0"",""SecuritiesInvestmentTrustCompanies-TotalSell"":""0"",""SecuritiesInvestmentTrustCompanies-Difference"":""0"",""Dealers-TotalBuy"":""0"",""Dealers-TotalSell"":""0"",""Dealers-Difference"":""0"",""Dealers -TotalSell"":""0"",""TotalDifference"":""0""}"
2026-09-08,TPEX,1742,台蠟,0,0,0,0,0,0,369,0,369,"{""Date"":""1150908"",""SecuritiesCompanyCode"":""1742"",""CompanyName"":""台蠟"",""Foreign Investors include Mainland Area Investors (Foreign Dealers excluded)-Total Buy"":""0"","" Foreign Investors include Mainland Area Investors (Foreign Dealers excluded)-Total Sell"":""1000"",""Foreign Investors include Mainland Area Investors (Foreign Dealers excluded)-Difference"":""-1000"",""Foreign Dealers-Total Buy"":""0"",""Foreign Dealers-TotalSell"":""0"",""ForeignDealers-Difference"":""0"",""ForeignInvestorsIncludeMainlandAreaInvestors-TotalBuy"":""0"",""ForeignInvestorsIncludeMainlandAreaInvestors-TotalSell"":""1000"",""ForeignInvestorsInclude MainlandAreaInvestors-Difference"":""-1000"",""SecuritiesInvestmentTrustCompanies-TotalBuy"":""0"",""SecuritiesInvestmentTrustCompanies-TotalSell"":""0"",""SecuritiesInvestmentTrustCompanies-Difference"":""0"",""Dealers-TotalBuy"":""369"",""Dealers-TotalSell"":""0"",""Dealers-Difference"":""369"",""Dealers -TotalSell"":""0"",""TotalDifference"":""-631""}"
2026-09-08,TPEX,1777,生泰,0,0,0,0,0,0,0,0,0,"{""Date"":""1150908"",""SecuritiesCompanyCode"":""1777"",""CompanyName"":""生泰"",""Foreign Investors include Mainland Area Investors (Foreign Dealers excluded)-Total Buy"":""3000"","" Foreign Investors include Mainland Area Investors (Foreign Dealers excluded)-Total Sell"":""2000"",""Foreign Investors include Mainland Area Investors (Foreign Dealers excluded)-Difference"":""1000"",""Foreign Dealers-Total Buy"":""0"",""Foreign Dealers-TotalSell"":""0"",""ForeignDealers-Difference"":""0"",""ForeignInvestorsIncludeMainlandAreaInvestors-TotalBuy"":""3000"",""ForeignInvestorsIncludeMainlandAreaInvestors-TotalSell"":""2000"",""ForeignInvestorsInclude MainlandAreaInvestors-Difference"":""1000"",""SecuritiesInvestmentTrustCompanies-TotalBuy"":""0"",""SecuritiesInvestmentTrustCompanies-TotalSell"":""0"",""SecuritiesInvestmentTrustCompanies-Difference"":""0"",""Dealers-TotalBuy"":""0"",""Dealers-TotalSell"":""0"",""Dealers-Difference"":""0"",""Dealers -TotalSell"":""0"",""TotalDifference"":""1000""}"
2026-09-08,TPEX,1780,立弘,0,0,0,0,0,0,0,0,0,"{""Date"":""1150908"",""SecuritiesCompanyCode"":""1780"",""CompanyName"":""立弘"",""Foreign Investors include Mainland Area Investors (Foreign Dealers excluded)-Total Buy"":""7000"","" Foreign Investors include Mainland Area Investors (Foreign Dealers excluded)-Total Sell"":""10000"",""Foreign Investors include Mainland Area Investors (Foreign Dealers excluded)-Difference"":""-3000"",""Foreign Dealers-Total Buy"":""0"",""Foreign Dealers-TotalSell"":""0"",""ForeignDealers-Difference"":""0"",""ForeignInvestorsIncludeMainlandAreaInvestors-TotalBuy"":""7000"",""ForeignInvestorsIncludeMainlandAreaInvestors-TotalSell"":""10000"",""ForeignInvestorsInclude MainlandAreaInvestors-Difference"":""-3000"",""SecuritiesInvestmentTrustCompanies-TotalBuy"":""0"",""SecuritiesInvestmentTrustCompanies-TotalSell"":""0"",""SecuritiesInvestmentTrustCompanies-Difference"":""0"",""Dealers-TotalBuy"":""0"",""Dealers-TotalSell"":""0"",""Dealers-Difference"":""0"",""Dealers -TotalSell"":""0"",""TotalDifference"":""-3000""}"
2026-09-08,TPEX,1784,訊聯,0,0,0,0,0,0,0,329,-329,"{""Date"":""1150908"",""SecuritiesCompanyCode"":""1784"",""CompanyName"":""訊聯"",""Foreign Investors include Mainland Area Investors (Foreign Dealers excluded)-Total Buy"":""13000"","" Foreign Investors include Mainland Area Investors (Foreign Dealers excluded)-Total Sell"":""10000"",""Foreign Investors include Mainland Area Investors (Foreign Dealers excluded)-Difference"":""3000"",""Foreign Dealers-Total Buy"":""0"",""Foreign Dealers-TotalSell"":""0"",""ForeignDealers-Difference"":""0"",""ForeignInvestorsIncludeMainlandAreaInvestors-TotalBuy"":""13000"",""ForeignInvestorsIncludeMainlandAreaInvestors-TotalSell"":""10000"",""ForeignInvestorsInclude MainlandAreaInvestors-Difference"":""3000"",""SecuritiesInvestmentTrustCompanies-TotalBuy"":""0"",""SecuritiesInvestmentTrustCompanies-TotalSell"":""0"",""SecuritiesInvestmentTrustCompanies-Difference"":""0"",""Dealers-TotalBuy"":""0"",""Dealers-TotalSell"":""329"",""Dealers-Difference"":""-329"",""Dealers -TotalSell"":""329"",""TotalDifference"":""2671""}"
2026-09-08,TPEX,1785,光洋科,0,0,0,0,305,-305,32000,32592,-592,"{""Date"":""1150908"",""SecuritiesCompanyCode"":""1785"",""CompanyName"":""光洋科"",""Foreign Investors include Mainland Area Investors (Foreign Dealers excluded)-Total Buy"":""428254"","" Foreign Investors include Mainland Area Investors (Foreign Dealers excluded)-Total Sell"":""1261000"",""Foreign Investors include Mainland Area Investors (Foreign Dealers excluded)-Difference"":""-832746"",""Foreign Dealers-Total Buy"":""0"",""Foreign Dealers-TotalSell"":""0"",""ForeignDealers-Difference"":""0"",""ForeignInvestorsIncludeMainlandAreaInvestors-TotalBuy"":""428254"",""ForeignInvestorsIncludeMainlandAreaInvestors-TotalSell"":""1261000"",""ForeignInvestorsInclude MainlandAreaInvestors-Difference"":""-832746"",""SecuritiesInvestmentTrustCompanies-TotalBuy"":""0"",""SecuritiesInvestmentTrustCompanies-TotalSell"":""305"",""SecuritiesInvestmentTrustCompanies-Difference"":""-305"",""Dealers-TotalBuy"":""32000"",""Dealers-TotalSell"":""32592"",""Dealers-Difference"":""-592"",""Dealers -TotalSell"":""32592"",""TotalDifference"":""-833643""}"
2026-09-08,TPEX,1788,杏昌,0,0,0,0,0,0,0,0,0,"{""Date"":""1150908"",""SecuritiesCompanyCode"":""1788"",""CompanyName"":""杏昌"",""Foreign Investors include Mainland Area Investors (Foreign Dealers excluded)-Total Buy"":""1000"","" Foreign Investors include Mainland Area Investors (Foreign Dealers excluded)-Total Sell"":""2000"",""Foreign Investors include Mainland Area Investors (Foreign Dealers excluded)-Difference"":""-1000"",""Foreign Dealers-Total Buy"":""0"",""Foreign Dealers-TotalSell"":""0"",""ForeignDealers-Difference"":""0"",""ForeignInvestorsIncludeMainlandAreaInvestors-TotalBuy"":""1000"",""ForeignInvestorsIncludeMainlandAreaInvestors-TotalSell"":""2000"",""ForeignInvestorsInclude MainlandAreaInvestors-Difference"":""-1000"",""SecuritiesInvestmentTrustCompanies-TotalBuy"":""0"",""SecuritiesInvestmentTrustCompanies-TotalSell"":""0"",""SecuritiesInvestmentTrustCompanies-Difference"":""0"",""Dealers-TotalBuy"":""0"",""Dealers-TotalSell"":""0"",""Dealers-Difference"":""0"",""Dealers -TotalSell"":""0"",""TotalDifference"":""-1000""}"
2026-09-08,TPEX,1799,易威,0,0,0,0,0,0,1013,4100,-3087,"{""Date"":""1150908"",""SecuritiesCompanyCode"":""1799"",""CompanyName"":""易威"",""Foreign Investors include Mainland Area Investors (Foreign Dealers excluded)-Total Buy"":""115000"","" Foreign Investors include Mainland Area Investors (Foreign Dealers excluded)-Total Sell"":""22000"",""Foreign Investors include Mainland Area Investors (Foreign Dealers excluded)-Difference"":""93000"",""Foreign Dealers-Total Buy"":""0"",""Foreign Dealers-TotalSell"":""0"",""ForeignDealers-Difference"":""0"",""ForeignInvestorsIncludeMainlandAreaInvestors-TotalBuy"":""115000"",""ForeignInvestorsIncludeMainlandAreaInvestors-TotalSell"":""22000"",""ForeignInvestorsInclude MainlandAreaInvestors-Difference"":""93000"",""SecuritiesInvestmentTrustCompanies-TotalBuy"":""0"",""SecuritiesInvestmentTrustCompanies-TotalSell"":""0"",""SecuritiesInvestmentTrustCompanies-Difference"":""0"",""Dealers-TotalBuy"":""1013"",""Dealers-TotalSell"":""4100"",""Dealers-Difference"":""-3087"",""Dealers -TotalSell"":""1100"",""TotalDifference"":""89913""}"
2026-09-08,TPEX,1813,寶利徠,0,0,0,0,0,0,0,0,0,"{""Date"":""1150908"",""SecuritiesCompanyCode"":""1813"",""CompanyName"":""寶利徠"",""Foreign Investors include Mainland Area Investors (Foreign Dealers excluded)-Total Buy"":""0"","" Foreign Investors include Mainland Area Investors (Foreign Dealers excluded)-Total Sell"":""2000"",""Foreign Investors include Mainland Area Investors (Foreign Dealers excluded)-Difference"":""-2000"",""Foreign Dealers-Total Buy"":""0"",""Foreign Dealers-TotalSell"":""0"",""ForeignDealers-Difference"":""0"",""ForeignInvestorsIncludeMainlandAreaInvestors-TotalBuy"":""0"",""ForeignInvestorsIncludeMainlandAreaInvestors-TotalSell"":""2000"",""ForeignInvestorsInclude MainlandAreaInvestors-Difference"":""-2000"",""SecuritiesInvestmentTrustCompanies-TotalBuy"":""0"",""SecuritiesInvestmentTrustCompanies-TotalSell"":""0"",""SecuritiesInvestmentTrustCompanies-Difference"":""0"",""Dealers-TotalBuy"":""0"",""Dealers-TotalSell"":""0"",""Dealers-Difference"":""0"",""Dealers -TotalSell"":""0"",""TotalDifference"":""-2000""}"
2026-09-08,TPEX,1815,富喬,0,0,0,2245000,0,2245000,1665969,1336458,329511,"{""Date"":""1150908"",""SecuritiesCompanyCode"":""1815"",""CompanyName"":""富喬"",""Foreign Investors include Mainland Area Investors (Foreign Dealers excluded)-Total Buy"":""32511921"","" Foreign Investors include Mainland Area Investors (Foreign Dealers excluded)-Total Sell"":""31786121"",""Foreign Investors include Mainland Area Investors (Foreign Dealers excluded)-Difference"":""725800"",""Foreign Dealers-Total Buy"":""0"",""Foreign Dealers-TotalSell"":""0"",""ForeignDealers-Difference"":""0"",""ForeignInvestorsIncludeMainlandAreaInvestors-TotalBuy"":""32511921"",""ForeignInvestorsIncludeMainlandAreaInvestors-TotalSell"":""31786121"",""ForeignInvestorsInclude MainlandAreaInvestors-Difference"":""725800"",""SecuritiesInvestmentTrustCompanies-TotalBuy"":""2245000"",""SecuritiesInvestmentTrustCompanies-TotalSell"":""0"",""SecuritiesInvestmentTrustCompanies-Difference"":""2245000"",""Dealers-TotalBuy"":""1665969"",""Dealers-TotalSell"":""1336458"",""Dealers-Difference"":""329511"",""Dealers -TotalSell"":""1121458"",""TotalDifference"":""3300311""}"
2026-09-08,TPEX,2035,唐榮,0,0,0,0,0,0,0,0,0,"{""Date"":""1150908"",""SecuritiesCompanyCode"":""2035"",""CompanyName"":""唐榮"",""Foreign Investors include Mainland Area Investors (Foreign Dealers excluded)-Total Buy"":""1000"","" Foreign Investors include Mainland Area Investors (Foreign Dealers excluded)-Total Sell"":""0"",""Foreign Investors include Mainland Area Investors (Foreign Dealers excluded)-Difference"":""1000"",""Foreign Dealers-Total Buy"":""0"",""Foreign Dealers-TotalSell"":""0"",""ForeignDealers-Difference"":""0"",""ForeignInvestorsIncludeMainlandAreaInvestors-TotalBuy"":""1000"",""ForeignInvestorsIncludeMainlandAreaInvestors-TotalSell"":""0"",""ForeignInvestorsInclude MainlandAreaInvestors-Difference"":""1000"",""SecuritiesInvestmentTrustCompanies-TotalBuy"":""0"",""SecuritiesInvestmentTrustCompanies-TotalSell"":""0"",""SecuritiesInvestmentTrustCompanies-Difference"":""0"",""Dealers-TotalBuy"":""0"",""Dealers-TotalSell"":""0"",""Dealers-Difference"":""0"",""Dealers -TotalSell"":""0"",""TotalDifference"":""1000""}"
2026-09-08,TPEX,2061,風青,0,0,0,0,0,0,0,0,0,"{""Date"":""1150908"",""SecuritiesCompanyCode"":""2061"",""CompanyName"":""風青"",""Foreign Investors include Mainland Area Investors (Foreign Dealers excluded)-Total Buy"":""847334"","" Foreign Investors include Mainland Area Investors (Foreign Dealers excluded)-Total Sell"":""843308"",""Foreign Investors include Mainland Area Investors (Foreign Dealers excluded)-Difference"":""4026"",""Foreign Dealers-Total Buy"":""0"",""Foreign Dealers-TotalSell"":""0"",""ForeignDealers-Difference"":""0"",""ForeignInvestorsIncludeMainlandAreaInvestors-TotalBuy"":""847334"",""ForeignInvestorsIncludeMainlandAreaInvestors-TotalSell"":""843308"",""ForeignInvestorsInclude MainlandAreaInvestors-Difference"":""4026"",""SecuritiesInvestmentTrustCompanies-TotalBuy"":""0"",""SecuritiesInvestmentTrustCompanies-TotalSell"":""0"",""SecuritiesInvestmentTrustCompanies-Difference"":""0"",""Dealers-TotalBuy"":""0"",""Dealers-TotalSell"":""0"",""Dealers-Difference"":""0"",""Dealers -TotalSell"":""0"",""TotalDifference"":""4026""}"
2026-09-08,TPEX,2063,世鎧,0,0,0,0,0,0,50,0,50,"{""Date"":""1150908"",""SecuritiesCompanyCode"":""2063"",""CompanyName"":""世鎧"",""Foreign Investors include Mainland Area Investors (Foreign Dealers excluded)-Total Buy"":""0"","" Foreign Investors include Mainland Area Investors (Foreign Dealers excluded)-Total Sell"":""1000"",""Foreign Investors include Mainland Area Investors (Foreign Dealers excluded)-Difference"":""-1000"",""Foreign Dealers-Total Buy"":""0"",""Foreign Dealers-TotalSell"":""0"",""ForeignDealers-Difference"":""0"",""ForeignInvestorsIncludeMainlandAreaInvestors-TotalBuy"":""0"",""ForeignInvestorsIncludeMainlandAreaInvestors-TotalSell"":""1000"",""ForeignInvestorsInclude MainlandAreaInvestors-Difference"":""-1000"",""SecuritiesInvestmentTrustCompanies-TotalBuy"":""0"",""SecuritiesInvestmentTrustCompanies-TotalSell"":""0"",""SecuritiesInvestmentTrustCompanies-Difference"":""0"",""Dealers-TotalBuy"":""50"",""Dealers-TotalSell"":""0"",""Dealers-Difference"":""50"",""Dealers -TotalSell"":""0"",""TotalDifference"":""-950""}"
2026-09-08,TPEX,2064,晉椿,0,0,0,0,0,0,0,0,0,"{""Date"":""1150908"",""SecuritiesCompanyCode"":""2064"",""CompanyName"":""晉椿"",""Foreign Investors include Mainland Area Investors (Foreign Dealers excluded)-Total Buy"":""165000"","" Foreign Investors include Mainland Area Investors (Foreign Dealers excluded)-Total Sell"":""171000"",""Foreign Investors include Mainland Area Investors (Foreign Dealers excluded)-Difference"":""-6000"",""Foreign Dealers-Total Buy"":""0"",""Foreign Dealers-TotalSell"":""0"",""ForeignDealers-Difference"":""0"",""ForeignInvestorsIncludeMainlandAreaInvestors-TotalBuy"":""165000"",""ForeignInvestorsIncludeMainlandAreaInvestors-TotalSell"":""171000"",""ForeignInvestorsInclude MainlandAreaInvestors-Difference"":""-6000"",""SecuritiesInvestmentTrustCompanies-TotalBuy"":""0"",""SecuritiesInvestmentTrustCompanies-TotalSell"":""0"",""SecuritiesInvestmentTrustCompanies-Difference"":""0"",""Dealers-TotalBuy"":""0"",""Dealers-TotalSell"":""0"",""Dealers-Difference"":""0"",""Dealers -TotalSell"":""0"",""TotalDifference"":""-6000""}"
2026-09-08,TPEX,2065,世豐,0,0,0,0,0,0,0,0,0,"{""Date"":""1150908"",""SecuritiesCompanyCode"":""2065"",""CompanyName"":""世豐"",""Foreign Investors include Mainland Area Investors (Foreign Dealers excluded)-Total Buy"":""2000"","" Foreign Investors include Mainland Area Investors (Foreign Dealers excluded)-Total Sell"":""14000"",""Foreign Investors include Mainland Area Investors (Foreign Dealers excluded)-Difference"":""-12000"",""Foreign Dealers-Total Buy"":""0"",""Foreign Dealers-TotalSell"":""0"",""ForeignDealers-Difference"":""0"",""ForeignInvestorsIncludeMainlandAreaInvestors-TotalBuy"":""2000"",""ForeignInvestorsIncludeMainlandAreaInvestors-TotalSell"":""14000"",""ForeignInvestorsInclude MainlandAreaInvestors-Difference"":""-12000"",""SecuritiesInvestmentTrustCompanies-TotalBuy"":""0"",""SecuritiesInvestmentTrustCompanies-TotalSell"":""0"",""SecuritiesInvestmentTrustCompanies-Difference"":""0"",""Dealers-TotalBuy"":""0"",""Dealers-TotalSell"":""0"",""Dealers-Difference"":""0"",""Dealers -TotalSell"":""0"",""TotalDifference"":""-12000""}"
2026-09-08,TPEX,2066,世德,0,0,0,0,0,0,25,0,25,"{""Date"":""1150908"",""SecuritiesCompanyCode"":""2066"",""CompanyName"":""世德"",""Foreign Investors include Mainland Area Investors (Foreign Dealers excluded)-Total Buy"":""3000"","" Foreign Investors include Mainland Area Investors (Foreign Dealers excluded)-Total Sell"":""2000"",""Foreign Investors include Mainland Area Investors (Foreign Dealers excluded)-Difference"":""1000"",""Foreign Dealers-Total Buy"":""0"",""Foreign Dealers-TotalSell"":""0"",""ForeignDealers-Difference"":""0"",""ForeignInvestorsIncludeMainlandAreaInvestors-TotalBuy"":""3000"",""ForeignInvestorsIncludeMainlandAreaInvestors-TotalSell"":""2000"",""ForeignInvestorsInclude MainlandAreaInvestors-Difference"":""1000"",""SecuritiesInvestmentTrustCompanies-TotalBuy"":""0"",""SecuritiesInvestmentTrustCompanies-TotalSell"":""0"",""SecuritiesInvestmentTrustCompanies-Difference"":""0"",""Dealers-TotalBuy"":""25"",""Dealers-TotalSell"":""0"",""Dealers-Difference"":""25"",""Dealers -TotalSell"":""0"",""TotalDifference"":""1025""}"
2026-09-08,TPEX,2070,精湛,0,0,0,0,0,0,100,0,100,"{""Date"":""1150908"",""SecuritiesCompanyCode"":""2070"",""CompanyName"":""精湛"",""Foreign Investors include Mainland Area Investors (Foreign Dealers excluded)-Total Buy"":""41000"","" Foreign Investors include Mainland Area Investors (Foreign Dealers excluded)-Total Sell"":""28189"",""Foreign Investors include Mainland Area Investors (Foreign Dealers excluded)-Difference"":""12811"",""Foreign Dealers-Total Buy"":""0"",""Foreign Dealers-TotalSell"":""0"",""ForeignDealers-Difference"":""0"",""ForeignInvestorsIncludeMainlandAreaInvestors-TotalBuy"":""41000"",""ForeignInvestorsIncludeMainlandAreaInvestors-TotalSell"":""28189"",""ForeignInvestorsInclude MainlandAreaInvestors-Difference"":""12811"",""SecuritiesInvestmentTrustCompanies-TotalBuy"":""0"",""SecuritiesInvestmentTrustCompanies-TotalSell"":""0"",""SecuritiesInvestmentTrustCompanies-Difference"":""0"",""Dealers-TotalBuy"":""100"",""Dealers-TotalSell"":""0"",""Dealers-Difference"":""100"",""Dealers -TotalSell"":""0"",""TotalDifference"":""12911""}"
2026-09-08,TPEX,2221,大甲,0,0,0,0,0,0,9796,10486,-690,"{""Date"":""1150908"",""SecuritiesCompanyCode"":""2221"",""CompanyName"":""大甲"",""Foreign Investors include Mainland Area Investors (Foreign Dealers excluded)-Total Buy"":""1107125"","" Foreign Investors include Mainland Area Investors (Foreign Dealers excluded)-Total Sell"":""1684606"",""Foreign Investors include Mainland Area Investors (Foreign Dealers excluded)-Difference"":""-577481"",""Foreign Dealers-Total Buy"":""0"",""Foreign Dealers-TotalSell"":""0"",""ForeignDealers-Difference"":""0"",""ForeignInvestorsIncludeMainlandAreaInvestors-TotalBuy"":""1107125"",""ForeignInvestorsIncludeMainlandAreaInvestors-TotalSell"":""1684606"",""ForeignInvestorsInclude MainlandAreaInvestors-Difference"":""-577481"",""SecuritiesInvestmentTrustCompanies-TotalBuy"":""0"",""SecuritiesInvestmentTrustCompanies-TotalSell"":""0"",""SecuritiesInvestmentTrustCompanies-Difference"":""0"",""Dealers-TotalBuy"":""9796"",""Dealers-TotalSell"":""10486"",""Dealers-Difference"":""-690"",""Dealers -TotalSell"":""10486"",""TotalDifference"":""-578171""}"
2026-09-08,TPEX,2230,泰茂,0,0,0,0,0,0,1967,115,1852,"{""Date"":""1150908"",""SecuritiesCompanyCode"":""2230"",""CompanyName"":""泰茂"",""Foreign Investors include Mainland Area Investors (Foreign Dealers excluded)-Total Buy"":""12000"","" Foreign Investors include Mainland Area Investors (Foreign Dealers excluded)-Total Sell"":""0"",""Foreign Investors include Mainland Area Investors (Foreign Dealers excluded)-Difference"":""12000"",""Foreign Dealers-Total Buy"":""0"",""Foreign Dealers-TotalSell"":""0"",""ForeignDealers-Difference"":""0"",""ForeignInvestorsIncludeMainlandAreaInvestors-TotalBuy"":""12000"",""ForeignInvestorsIncludeMainlandAreaInvestors-TotalSell"":""0"",""ForeignInvestorsInclude MainlandAreaInvestors-Difference"":""12000"",""SecuritiesInvestmentTrustCompanies-TotalBuy"":""0"",""SecuritiesInvestmentTrustCompanies-TotalSell"":""0"",""SecuritiesInvestmentTrustCompanies-Difference"":""0"",""Dealers-TotalBuy"":""1967"",""Dealers-TotalSell"":""115"",""Dealers-Difference"":""1852"",""Dealers -TotalSell"":""115"",""TotalDifference"":""13852""}"
2026-09-08,TPEX,2235,謚源,0,0,0,0,0,0,0,0,0,"{""Date"":""1150908"",""SecuritiesCompanyCode"":""2235"",""CompanyName"":""謚源"",""Foreign Investors include Mainland Area Investors (Foreign Dealers excluded)-Total Buy"":""2000"","" Foreign Investors include Mainland Area Investors (Foreign Dealers excluded)-Total Sell"":""0"",""Foreign Investors include Mainland Area Investors (Foreign Dealers excluded)-Difference"":""2000"",""Foreign Dealers-Total Buy"":""0"",""Foreign Dealers-TotalSell"":""0"",""ForeignDealers-Difference"":""0"",""ForeignInvestorsIncludeMainlandAreaInvestors-TotalBuy"":""2000"",""ForeignInvestorsIncludeMainlandAreaInvestors-TotalSell"":""0"",""ForeignInvestorsInclude MainlandAreaInvestors-Difference"":""2000"",""SecuritiesInvestmentTrustCompanies-TotalBuy"":""0"",""SecuritiesInvestmentTrustCompanies-TotalSell"":""0"",""SecuritiesInvestmentTrustCompanies-Difference"":""0"",""Dealers-TotalBuy"":""0"",""Dealers-TotalSell"":""0"",""Dealers-Difference"":""0"",""Dealers -TotalSell"":""0"",""TotalDifference"":""2000""}"
2026-09-08,TPEX,2596,綠意,0,0,0,0,0,0,95,0,95,"{""Date"":""1150908"",""SecuritiesCompanyCode"":""2596"",""CompanyName"":""綠意"",""Foreign Investors include Mainland Area Investors (Foreign Dealers excluded)-Total Buy"":""20350"","" Foreign Investors include Mainland Area Investors (Foreign Dealers excluded)-Total Sell"":""6000"",""Foreign Investors include Mainland Area Investors (Foreign Dealers excluded)-Difference"":""14350"",""Foreign Dealers-Total Buy"":""0"",""Foreign Dealers-TotalSell"":""0"",""ForeignDealers-Difference"":""0"",""ForeignInvestorsIncludeMainlandAreaInvestors-TotalBuy"":""20350"",""ForeignInvestorsIncludeMainlandAreaInvestors-TotalSell"":""6000"",""ForeignInvestorsInclude MainlandAreaInvestors-Difference"":""14350"",""SecuritiesInvestmentTrustCompanies-TotalBuy"":""0"",""SecuritiesInvestmentTrustCompanies-TotalSell"":""0"",""SecuritiesInvestmentTrustCompanies-Difference"":""0"",""Dealers-TotalBuy"":""95"",""Dealers-TotalSell"":""0"",""Dealers-Difference"":""95"",""Dealers -TotalSell"":""0"",""TotalDifference"":""14445""}"
2026-09-08,TPEX,2640,大車隊,0,0,0,0,0,0,0,16,-16,"{""Date"":""1150908"",""SecuritiesCompanyCode"":""2640"",""CompanyName"":""大車隊"",""Foreign Investors include Mainland Area Investors (Foreign Dealers excluded)-Total Buy"":""2000"","" Foreign Investors include Mainland Area Investors (Foreign Dealers excluded)-Total Sell"":""2000"",""Foreign Investors include Mainland Area Investors (Foreign Dealers excluded)-Difference"":""0"",""Foreign Dealers-Total Buy"":""0"",""Foreign Dealers-TotalSell"":""0"",""ForeignDealers-Difference"":""0"",""ForeignInvestorsIncludeMainlandAreaInvestors-TotalBuy"":""2000"",""ForeignInvestorsIncludeMainlandAreaInvestors-TotalSell"":""2000"",""ForeignInvestorsInclude MainlandAreaInvestors-Difference"":""0"",""SecuritiesInvestmentTrustCompanies-TotalBuy"":""0"",""SecuritiesInvestmentTrustCompanies-TotalSell"":""0"",""SecuritiesInvestmentTrustCompanies-Difference"":""0"",""Dealers-TotalBuy"":""0"",""Dealers-TotalSell"":""16"",""Dealers-Difference"":""-16"",""Dealers -TotalSell"":""16"",""TotalDifference"":""-16""}"
2026-09-08,TPEX,2641,正德,0,0,0,0,0,0,0,1,-1,"{""Date"":""1150908"",""SecuritiesCompanyCode"":""2641"",""CompanyName"":""正德"",""Foreign Investors include Mainland Area Investors (Foreign Dealers excluded)-Total Buy"":""164000"","" Foreign Investors include Mainland Area Investors (Foreign Dealers excluded)-Total Sell"":""172000"",""Foreign Investors include Mainland Area Investors (Foreign Dealers excluded)-Difference"":""-8000"",""Foreign Dealers-Total Buy"":""0"",""Foreign Dealers-TotalSell"":""0"",""ForeignDealers-Difference"":""0"",""ForeignInvestorsIncludeMainlandAreaInvestors-TotalBuy"":""164000"",""ForeignInvestorsIncludeMainlandAreaInvestors-TotalSell"":""172000"",""ForeignInvestorsInclude MainlandAreaInvestors-Difference"":""-8000"",""SecuritiesInvestmentTrustCompanies-TotalBuy"":""0"",""SecuritiesInvestmentTrustCompanies-TotalSell"":""0"",""SecuritiesInvestmentTrustCompanies-Difference"":""0"",""Dealers-TotalBuy"":""0"",""Dealers-TotalSell"":""1"",""Dealers-Difference"":""-1"",""Dealers -TotalSell"":""1"",""TotalDifference"":""-8001""}"
2026-09-08,TPEX,2643,捷迅,0,0,0,0,0,0,0,0,0,"{""Date"":""1150908"",""SecuritiesCompanyCode"":""2643"",""CompanyName"":""捷迅"",""Foreign Investors include Mainland Area Investors (Foreign Dealers excluded)-Total Buy"":""1000"","" Foreign Investors include Mainland Area Investors (Foreign Dealers excluded)-Total Sell"":""0"",""Foreign Investors include Mainland Area Investors (Foreign Dealers excluded)-Difference"":""1000"",""Foreign Dealers-Total Buy"":""0"",""Foreign Dealers-TotalSell"":""0"",""ForeignDealers-Difference"":""0"",""ForeignInvestorsIncludeMainlandAreaInvestors-TotalBuy"":""1000"",""ForeignInvestorsIncludeMainlandAreaInvestors-TotalSell"":""0"",""ForeignInvestorsInclude MainlandAreaInvestors-Difference"":""1000"",""SecuritiesInvestmentTrustCompanies-TotalBuy"":""0"",""SecuritiesInvestmentTrustCompanies-TotalSell"":""0"",""SecuritiesInvestmentTrustCompanies-Difference"":""0"",""Dealers-TotalBuy"":""0"",""Dealers-TotalSell"":""0"",""Dealers-Difference"":""0"",""Dealers -TotalSell"":""0"",""TotalDifference"":""1000""}"
2026-09-08,TPEX,2718,全心投控,0,0,0,0,0,0,0,0,0,"{""Date"":""1150908"",""SecuritiesCompanyCode"":""2718"",""CompanyName"":""全心投控"",""Foreign Investors include Mainland Area Investors (Foreign Dealers excluded)-Total Buy"":""1000"","" Foreign Investors include Mainland Area Investors (Foreign Dealers excluded)-Total Sell"":""1000"",""Foreign Investors include Mainland Area Investors (Foreign Dealers excluded)-Difference"":""0"",""Foreign Dealers-Total Buy"":""0"",""Foreign Dealers-TotalSell"":""0"",""ForeignDealers-Difference"":""0"",""ForeignInvestorsIncludeMainlandAreaInvestors-TotalBuy"":""1000"",""ForeignInvestorsIncludeMainlandAreaInvestors-TotalSell"":""1000"",""ForeignInvestorsInclude MainlandAreaInvestors-Difference"":""0"",""SecuritiesInvestmentTrustCompanies-TotalBuy"":""0"",""SecuritiesInvestmentTrustCompanies-TotalSell"":""0"",""SecuritiesInvestmentTrustCompanies-Difference"":""0"",""Dealers-TotalBuy"":""0"",""Dealers-TotalSell"":""0"",""Dealers-Difference"":""0"",""Dealers -TotalSell"":""0"",""TotalDifference"":""0""}"
2026-09-08,TPEX,2719,燦星旅,0,0,0,0,0,0,1000,410,590,"{""Date"":""1150908"",""SecuritiesCompanyCode"":""2719"",""CompanyName"":""燦星旅"",""Foreign Investors include Mainland Area Investors (Foreign Dealers excluded)-Total Buy"":""0"","" Foreign Investors include Mainland Area Investors (Foreign Dealers excluded)-Total Sell"":""15000"",""Foreign Investors include Mainland Area Investors (Foreign Dealers excluded)-Difference"":""-15000"",""Foreign Dealers-Total Buy"":""0"",""Foreign Dealers-TotalSell"":""0"",""ForeignDealers-Difference"":""0"",""ForeignInvestorsIncludeMainlandAreaInvestors-TotalBuy"":""0"",""ForeignInvestorsIncludeMainlandAreaInvestors-TotalSell"":""15000"",""ForeignInvestorsInclude MainlandAreaInvestors-Difference"":""-15000"",""SecuritiesInvestmentTrustCompanies-TotalBuy"":""0"",""SecuritiesInvestmentTrustCompanies-TotalSell"":""0"",""SecuritiesInvestmentTrustCompanies-Difference"":""0"",""Dealers-TotalBuy"":""1000"",""Dealers-TotalSell"":""410"",""Dealers-Difference"":""590"",""Dealers -TotalSell"":""410"",""TotalDifference"":""-14410""}"
2026-09-08,TPEX,2726,雅茗-KY,0,0,0,0,0,0,0,130,-130,"{""Date"":""1150908"",""SecuritiesCompanyCode"":""2726"",""CompanyName"":""雅茗-KY"",""Foreign Investors include Mainland Area Investors (Foreign Dealers excluded)-Total Buy"":""0"","" Foreign Investors include Mainland Area Investors (Foreign Dealers excluded)-Total Sell"":""1000"",""Foreign Investors include Mainland Area Investors (Foreign Dealers excluded)-Difference"":""-1000"",""Foreign Dealers-Total Buy"":""0"",""Foreign Dealers-TotalSell"":""0"",""ForeignDealers-Difference"":""0"",""ForeignInvestorsIncludeMainlandAreaInvestors-TotalBuy"":""0"",""ForeignInvestorsIncludeMainlandAreaInvestors-TotalSell"":""1000"",""ForeignInvestorsInclude MainlandAreaInvestors-Difference"":""-1000"",""SecuritiesInvestmentTrustCompanies-TotalBuy"":""0"",""SecuritiesInvestmentTrustCompanies-TotalSell"":""0"",""SecuritiesInvestmentTrustCompanies-Difference"":""0"",""Dealers-TotalBuy"":""0"",""Dealers-TotalSell"":""130"",""Dealers-Difference"":""-130"",""Dealers -TotalSell"":""130"",""TotalDifference"":""-1130""}"
2026-09-08,TPEX,2729,瓦城,0,0,0,0,0,0,0,0,0,"{""Date"":""1150908"",""SecuritiesCompanyCode"":""2729"",""CompanyName"":""瓦城"",""Foreign Investors include Mainland Area Investors (Foreign Dealers excluded)-Total Buy"":""1000"","" Foreign Investors include Mainland Area Investors (Foreign Dealers excluded)-Total Sell"":""1000"",""Foreign Investors include Mainland Area Investors (Foreign Dealers excluded)-Difference"":""0"",""Foreign Dealers-Total Buy"":""0"",""Foreign Dealers-TotalSell"":""0"",""ForeignDealers-Difference"":""0"",""ForeignInvestorsIncludeMainlandAreaInvestors-TotalBuy"":""1000"",""ForeignInvestorsIncludeMainlandAreaInvestors-TotalSell"":""1000"",""ForeignInvestorsInclude MainlandAreaInvestors-Difference"":""0"",""SecuritiesInvestmentTrustCompanies-TotalBuy"":""0"",""SecuritiesInvestmentTrustCompanies-TotalSell"":""0"",""SecuritiesInvestmentTrustCompanies-Difference"":""0"",""Dealers-TotalBuy"":""0"",""Dealers-TotalSell"":""0"",""Dealers-Difference"":""0"",""Dealers -TotalSell"":""0"",""TotalDifference"":""0""}"
2026-09-08,TPEX,2732,六角,0,0,0,0,0,0,0,0,0,"{""Date"":""1150908"",""SecuritiesCompanyCode"":""2732"",""CompanyName"":""六角"",""Foreign Investors include Mainland Area Investors (Foreign Dealers excluded)-Total Buy"":""0"","" Foreign Investors include Mainland Area Investors (Foreign Dealers excluded)-Total Sell"":""9000"",""Foreign Investors include Mainland Area Investors (Foreign Dealers excluded)-Difference"":""-9000"",""Foreign Dealers-Total Buy"":""0"",""Foreign Dealers-TotalSell"":""0"",""ForeignDealers-Difference"":""0"",""ForeignInvestorsIncludeMainlandAreaInvestors-TotalBuy"":""0"",""ForeignInvestorsIncludeMainlandAreaInvestors-TotalSell"":""9000"",""ForeignInvestorsInclude MainlandAreaInvestors-Difference"":""-9000"",""SecuritiesInvestmentTrustCompanies-TotalBuy"":""0"",""SecuritiesInvestmentTrustCompanies-TotalSell"":""0"",""SecuritiesInvestmentTrustCompanies-Difference"":""0"",""Dealers-TotalBuy"":""0"",""Dealers-TotalSell"":""0"",""Dealers-Difference"":""0"",""Dealers -TotalSell"":""0"",""TotalDifference"":""-9000""}"
2026-09-08,TPEX,2734,易飛網,0,0,0,0,0,0,133,71,62,"{""Date"":""1150908"",""SecuritiesCompanyCode"":""2734"",""CompanyName"":""易飛網"",""Foreign Investors include Mainland Area Investors (Foreign Dealers excluded)-Total Buy"":""3000"","" Foreign Investors include Mainland Area Investors (Foreign Dealers excluded)-Total Sell"":""3000"",""Foreign Investors include Mainland Area Investors (Foreign Dealers excluded)-Difference"":""0"",""Foreign Dealers-Total Buy"":""0"",""Foreign Dealers-TotalSell"":""0"",""ForeignDealers-Difference"":""0"",""ForeignInvestorsIncludeMainlandAreaInvestors-TotalBuy"":""3000"",""ForeignInvestorsIncludeMainlandAreaInvestors-TotalSell"":""3000"",""ForeignInvestorsInclude MainlandAreaInvestors-Difference"":""0"",""SecuritiesInvestmentTrustCompanies-TotalBuy"":""0"",""SecuritiesInvestmentTrustCompanies-TotalSell"":""0"",""SecuritiesInvestmentTrustCompanies-Difference"":""0"",""Dealers-TotalBuy"":""133"",""Dealers-TotalSell"":""71"",""Dealers-Difference"":""62"",""Dealers -TotalSell"":""71"",""TotalDifference"":""62""}"
2026-09-08,TPEX,2736,富野,0,0,0,0,0,0,0,0,0,"{""Date"":""1150908"",""SecuritiesCompanyCode"":""2736"",""CompanyName"":""富野"",""Foreign Investors include Mainland Area Investors (Foreign Dealers excluded)-Total Buy"":""3000"","" Foreign Investors include Mainland Area Investors (Foreign Dealers excluded)-Total Sell"":""0"",""Foreign Investors include Mainland Area Investors (Foreign Dealers excluded)-Difference"":""3000"",""Foreign Dealers-Total Buy"":""0"",""Foreign Dealers-TotalSell"":""0"",""ForeignDealers-Difference"":""0"",""ForeignInvestorsIncludeMainlandAreaInvestors-TotalBuy"":""3000"",""ForeignInvestorsIncludeMainlandAreaInvestors-TotalSell"":""0"",""ForeignInvestorsInclude MainlandAreaInvestors-Difference"":""3000"",""SecuritiesInvestmentTrustCompanies-TotalBuy"":""0"",""SecuritiesInvestmentTrustCompanies-TotalSell"":""0"",""SecuritiesInvestmentTrustCompanies-Difference"":""0"",""Dealers-TotalBuy"":""0"",""Dealers-TotalSell"":""0"",""Dealers-Difference"":""0"",""Dealers -TotalSell"":""0"",""TotalDifference"":""3000""}"
2026-09-08,TPEX,2743,山富,0,0,0,0,0,0,2001,45457,-43456,"{""Date"":""1150908"",""SecuritiesCompanyCode"":""2743"",""CompanyName"":""山富"",""Foreign Investors include Mainland Area Investors (Foreign Dealers excluded)-Total Buy"":""15000"","" Foreign Investors include Mainland Area Investors (Foreign Dealers excluded)-Total Sell"":""69000"",""Foreign Investors include Mainland Area Investors (Foreign Dealers excluded)-Difference"":""-54000"",""Foreign Dealers-Total Buy"":""0"",""Foreign Dealers-TotalSell"":""0"",""ForeignDealers-Difference"":""0"",""ForeignInvestorsIncludeMainlandAreaInvestors-TotalBuy"":""15000"",""ForeignInvestorsIncludeMainlandAreaInvestors-TotalSell"":""69000"",""ForeignInvestorsInclude MainlandAreaInvestors-Difference"":""-54000"",""SecuritiesInvestmentTrustCompanies-TotalBuy"":""0"",""SecuritiesInvestmentTrustCompanies-TotalSell"":""0"",""SecuritiesInvestmentTrustCompanies-Difference"":""0"",""Dealers-TotalBuy"":""2001"",""Dealers-TotalSell"":""45457"",""Dealers-Difference"":""-43456"",""Dealers -TotalSell"":""45457"",""TotalDifference"":""-97456""}"
2026-09-08,TPEX,2745,五福,0,0,0,0,0,0,1000,1315,-315,"{""Date"":""1150908"",""SecuritiesCompanyCode"":""2745"",""CompanyName"":""五福"",""Foreign Investors include Mainland Area Investors (Foreign Dealers excluded)-Total Buy"":""4000"","" Foreign Investors include Mainland Area Investors (Foreign Dealers excluded)-Total Sell"":""12000"",""Foreign Investors include Mainland Area Investors (Foreign Dealers excluded)-Difference"":""-8000"",""Foreign Dealers-Total Buy"":""0"",""Foreign Dealers-TotalSell"":""0"",""ForeignDealers-Difference"":""0"",""ForeignInvestorsIncludeMainlandAreaInvestors-TotalBuy"":""4000"",""ForeignInvestorsIncludeMainlandAreaInvestors-TotalSell"":""12000"",""ForeignInvestorsInclude MainlandAreaInvestors-Difference"":""-8000"",""SecuritiesInvestmentTrustCompanies-TotalBuy"":""0"",""SecuritiesInvestmentTrustCompanies-TotalSell"":""0"",""SecuritiesInvestmentTrustCompanies-Difference"":""0"",""Dealers-TotalBuy"":""1000"",""Dealers-TotalSell"":""1315"",""Dealers-Difference"":""-315"",""Dealers -TotalSell"":""1315"",""TotalDifference"":""-8315""}"
2026-09-08,TPEX,2752,豆府,0,0,0,0,0,0,0,0,0,"{""Date"":""1150908"",""SecuritiesCompanyCode"":""2752"",""CompanyName"":""豆府"",""Foreign Investors include Mainland Area Investors (Foreign Dealers excluded)-Total Buy"":""25000"","" Foreign Investors include Mainland Area Investors (Foreign Dealers excluded)-Total Sell"":""5000"",""Foreign Investors include Mainland Area Investors (Foreign Dealers excluded)-Difference"":""20000"",""Foreign Dealers-Total Buy"":""0"",""Foreign Dealers-TotalSell"":""0"",""ForeignDealers-Difference"":""0"",""ForeignInvestorsIncludeMainlandAreaInvestors-TotalBuy"":""25000"",""ForeignInvestorsIncludeMainlandAreaInvestors-TotalSell"":""5000"",""ForeignInvestorsInclude MainlandAreaInvestors-Difference"":""20000"",""SecuritiesInvestmentTrustCompanies-TotalBuy"":""0"",""SecuritiesInvestmentTrustCompanies-TotalSell"":""0"",""SecuritiesInvestmentTrustCompanies-Difference"":""0"",""Dealers-TotalBuy"":""0"",""Dealers-TotalSell"":""0"",""Dealers-Difference"":""0"",""Dealers -TotalSell"":""0"",""TotalDifference"":""20000""}"
2026-09-08,TPEX,2754,亞洲藏壽司,0,0,0,0,0,0,0,0,0,"{""Date"":""1150908"",""SecuritiesCompanyCode"":""2754"",""CompanyName"":""亞洲藏壽司"",""Foreign Investors include Mainland Area Investors (Foreign Dealers excluded)-Total Buy"":""1000"","" Foreign Investors include Mainland Area Investors (Foreign Dealers excluded)-Total Sell"":""1000"",""Foreign Investors include Mainland Area Investors (Foreign Dealers excluded)-Difference"":""0"",""Foreign Dealers-Total Buy"":""0"",""Foreign Dealers-TotalSell"":""0"",""ForeignDealers-Difference"":""0"",""ForeignInvestorsIncludeMainlandAreaInvestors-TotalBuy"":""1000"",""ForeignInvestorsIncludeMainlandAreaInvestors-TotalSell"":""1000"",""ForeignInvestorsInclude MainlandAreaInvestors-Difference"":""0"",""SecuritiesInvestmentTrustCompanies-TotalBuy"":""0"",""SecuritiesInvestmentTrustCompanies-TotalSell"":""0"",""SecuritiesInvestmentTrustCompanies-Difference"":""0"",""Dealers-TotalBuy"":""0"",""Dealers-TotalSell"":""0"",""Dealers-Difference"":""0"",""Dealers -TotalSell"":""0"",""TotalDifference"":""0""}"
2026-09-08,TPEX,2755,揚秦,0,0,0,0,0,0,0,1000,-1000,"{""Date"":""1150908"",""SecuritiesCompanyCode"":""2755"",""CompanyName"":""揚秦"",""Foreign Investors include Mainland Area Investors (Foreign Dealers excluded)-Total Buy"":""1000"","" Foreign Investors include Mainland Area Investors (Foreign Dealers excluded)-Total Sell"":""2000"",""Foreign Investors include Mainland Area Investors (Foreign Dealers excluded)-Difference"":""-1000"",""Foreign Dealers-Total Buy"":""0"",""Foreign Dealers-TotalSell"":""0"",""ForeignDealers-Difference"":""0"",""ForeignInvestorsIncludeMainlandAreaInvestors-TotalBuy"":""1000"",""ForeignInvestorsIncludeMainlandAreaInvestors-TotalSell"":""2000"",""ForeignInvestorsInclude MainlandAreaInvestors-Difference"":""-1000"",""SecuritiesInvestmentTrustCompanies-TotalBuy"":""0"",""SecuritiesInvestmentTrustCompanies-TotalSell"":""0"",""SecuritiesInvestmentTrustCompanies-Difference"":""0"",""Dealers-TotalBuy"":""0"",""Dealers-TotalSell"":""1000"",""Dealers-Difference"":""-1000"",""Dealers -TotalSell"":""0"",""TotalDifference"":""-2000""}"
2026-09-08,TPEX,2756,聯發國際,0,0,0,0,0,0,43,1000,-957,"{""Date"":""1150908"",""SecuritiesCompanyCode"":""2756"",""CompanyName"":""聯發國際"",""Foreign Investors include Mainland Area Investors (Foreign Dealers excluded)-Total Buy"":""0"","" Foreign Investors include Mainland Area Investors (Foreign Dealers excluded)-Total Sell"":""1000"",""Foreign Investors include Mainland Area Investors (Foreign Dealers excluded)-Difference"":""-1000"",""Foreign Dealers-Total Buy"":""0"",""Foreign Dealers-TotalSell"":""0"",""ForeignDealers-Difference"":""0"",""ForeignInvestorsIncludeMainlandAreaInvestors-TotalBuy"":""0"",""ForeignInvestorsIncludeMainlandAreaInvestors-TotalSell"":""1000"",""ForeignInvestorsInclude MainlandAreaInvestors-Difference"":""-1000"",""SecuritiesInvestmentTrustCompanies-TotalBuy"":""0"",""SecuritiesInvestmentTrustCompanies-TotalSell"":""0"",""SecuritiesInvestmentTrustCompanies-Difference"":""0"",""Dealers-TotalBuy"":""43"",""Dealers-TotalSell"":""1000"",""Dealers-Difference"":""-957"",""Dealers -TotalSell"":""1000"",""TotalDifference"":""-1957""}"
2026-09-08,TPEX,2916,滿心,0,0,0,0,0,0,0,0,0,"{""Date"":""1150908"",""SecuritiesCompanyCode"":""2916"",""CompanyName"":""滿心"",""Foreign Investors include Mainland Area Investors (Foreign Dealers excluded)-Total Buy"":""2000"","" Foreign Investors include Mainland Area Investors (Foreign Dealers excluded)-Total Sell"":""0"",""Foreign Investors include Mainland Area Investors (Foreign Dealers excluded)-Difference"":""2000"",""Foreign Dealers-Total Buy"":""0"",""Foreign Dealers-TotalSell"":""0"",""ForeignDealers-Difference"":""0"",""ForeignInvestorsIncludeMainlandAreaInvestors-TotalBuy"":""2000"",""ForeignInvestorsIncludeMainlandAreaInvestors-TotalSell"":""0"",""ForeignInvestorsInclude MainlandAreaInvestors-Difference"":""2000"",""SecuritiesInvestmentTrustCompanies-TotalBuy"":""0"",""SecuritiesInvestmentTrustCompanies-TotalSell"":""0"",""SecuritiesInvestmentTrustCompanies-Difference"":""0"",""Dealers-TotalBuy"":""0"",""Dealers-TotalSell"":""0"",""Dealers-Difference"":""0"",""Dealers -TotalSell"":""0"",""TotalDifference"":""2000""}"
2026-09-08,TPEX,2926,誠品生活,0,0,0,0,0,0,0,0,0,"{""Date"":""1150908"",""SecuritiesCompanyCode"":""2926"",""CompanyName"":""誠品生活"",""Foreign Investors include Mainland Area Investors (Foreign Dealers excluded)-Total Buy"":""0"","" Foreign Investors include Mainland Area Investors (Foreign Dealers excluded)-Total Sell"":""2000"",""Foreign Investors include Mainland Area Investors (Foreign Dealers excluded)-Difference"":""-2000"",""Foreign Dealers-Total Buy"":""0"",""Foreign Dealers-TotalSell"":""0"",""ForeignDealers-Difference"":""0"",""ForeignInvestorsIncludeMainlandAreaInvestors-TotalBuy"":""0"",""ForeignInvestorsIncludeMainlandAreaInvestors-TotalSell"":""2000"",""ForeignInvestorsInclude MainlandAreaInvestors-Difference"":""-2000"",""SecuritiesInvestmentTrustCompanies-TotalBuy"":""0"",""SecuritiesInvestmentTrustCompanies-TotalSell"":""0"",""SecuritiesInvestmentTrustCompanies-Difference"":""0"",""Dealers-TotalBuy"":""0"",""Dealers-TotalSell"":""0"",""Dealers-Difference"":""0"",""Dealers -TotalSell"":""0"",""TotalDifference"":""-2000""}"
2026-09-08,TPEX,2947,振宇五金,0,0,0,0,0,0,0,0,0,"{""Date"":""1150908"",""SecuritiesCompanyCode"":""2947"",""CompanyName"":""振宇五金"",""Foreign Investors include Mainland Area Investors (Foreign Dealers excluded)-Total Buy"":""2000"","" Foreign Investors include Mainland Area Investors (Foreign Dealers excluded)-Total Sell"":""0"",""Foreign Investors include Mainland Area Investors (Foreign Dealers excluded)-Difference"":""2000"",""Foreign Dealers-Total Buy"":""0"",""Foreign Dealers-TotalSell"":""0"",""ForeignDealers-Difference"":""0"",""ForeignInvestorsIncludeMainlandAreaInvestors-TotalBuy"":""2000"",""ForeignInvestorsIncludeMainlandAreaInvestors-TotalSell"":""0"",""ForeignInvestorsInclude MainlandAreaInvestors-Difference"":""2000"",""SecuritiesInvestmentTrustCompanies-TotalBuy"":""0"",""SecuritiesInvestmentTrustCompanies-TotalSell"":""0"",""SecuritiesInvestmentTrustCompanies-Difference"":""0"",""Dealers-TotalBuy"":""0"",""Dealers-TotalSell"":""0"",""Dealers-Difference"":""0"",""Dealers -TotalSell"":""0"",""TotalDifference"":""2000""}"
2026-09-08,TPEX,3066,李洲,0,0,0,0,0,0,0,0,0,"{""Date"":""1150908"",""SecuritiesCompanyCode"":""3066"",""CompanyName"":""李洲"",""Foreign Investors include Mainland Area Investors (Foreign Dealers excluded)-Total Buy"":""158000"","" Foreign Investors include Mainland Area Investors (Foreign Dealers excluded)-Total Sell"":""90029"",""Foreign Investors include Mainland Area Investors (Foreign Dealers excluded)-Difference"":""67971"",""Foreign Dealers-Total Buy"":""0"",""Foreign Dealers-TotalSell"":""0"",""ForeignDealers-Difference"":""0"",""ForeignInvestorsIncludeMainlandAreaInvestors-TotalBuy"":""158000"",""ForeignInvestorsIncludeMainlandAreaInvestors-TotalSell"":""90029"",""ForeignInvestorsInclude MainlandAreaInvestors-Difference"":""67971"",""SecuritiesInvestmentTrustCompanies-TotalBuy"":""0"",""SecuritiesInvestmentTrustCompanies-TotalSell"":""0"",""SecuritiesInvestmentTrustCompanies-Difference"":""0"",""Dealers-TotalBuy"":""0"",""Dealers-TotalSell"":""0"",""Dealers-Difference"":""0"",""Dealers -TotalSell"":""0"",""TotalDifference"":""67971""}"
2026-09-08,TPEX,3071,協禧,0,0,0,0,0,0,2000,2054,-54,"{""Date"":""1150908"",""SecuritiesCompanyCode"":""3071"",""CompanyName"":""協禧"",""Foreign Investors include Mainland Area Investors (Foreign Dealers excluded)-Total Buy"":""14500"","" Foreign Investors include Mainland Area Investors (Foreign Dealers excluded)-Total Sell"":""89000"",""Foreign Investors include Mainland Area Investors (Foreign Dealers excluded)-Difference"":""-74500"",""Foreign Dealers-Total Buy"":""0"",""Foreign Dealers-TotalSell"":""0"",""ForeignDealers-Difference"":""0"",""ForeignInvestorsIncludeMainlandAreaInvestors-TotalBuy"":""14500"",""ForeignInvestorsIncludeMainlandAreaInvestors-TotalSell"":""89000"",""ForeignInvestorsInclude MainlandAreaInvestors-Difference"":""-74500"",""SecuritiesInvestmentTrustCompanies-TotalBuy"":""0"",""SecuritiesInvestmentTrustCompanies-TotalSell"":""0"",""SecuritiesInvestmentTrustCompanies-Difference"":""0"",""Dealers-TotalBuy"":""2000"",""Dealers-TotalSell"":""2054"",""Dealers-Difference"":""-54"",""Dealers -TotalSell"":""2054"",""TotalDifference"":""-74554""}"
2026-09-08,TPEX,3073,天方能源,0,0,0,0,0,0,0,0,0,"{""Date"":""1150908"",""SecuritiesCompanyCode"":""3073"",""CompanyName"":""天方能源"",""Foreign Investors include Mainland Area Investors (Foreign Dealers excluded)-Total Buy"":""1000"","" Foreign Investors include Mainland Area Investors (Foreign Dealers excluded)-Total Sell"":""18000"",""Foreign Investors include Mainland Area Investors (Foreign Dealers excluded)-Difference"":""-17000"",""Foreign Dealers-Total Buy"":""0"",""Foreign Dealers-TotalSell"":""0"",""ForeignDealers-Difference"":""0"",""ForeignInvestorsIncludeMainlandAreaInvestors-TotalBuy"":""1000"",""ForeignInvestorsIncludeMainlandAreaInvestors-TotalSell"":""18000"",""ForeignInvestorsInclude MainlandAreaInvestors-Difference"":""-17000"",""SecuritiesInvestmentTrustCompanies-TotalBuy"":""0"",""SecuritiesInvestmentTrustCompanies-TotalSell"":""0"",""SecuritiesInvestmentTrustCompanies-Difference"":""0"",""Dealers-TotalBuy"":""0"",""Dealers-TotalSell"":""0"",""Dealers-Difference"":""0"",""Dealers -TotalSell"":""0"",""TotalDifference"":""-17000""}"
2026-09-08,TPEX,3078,僑威,0,0,0,0,0,0,3491,47157,-43666,"{""Date"":""1150908"",""SecuritiesCompanyCode"":""3078"",""CompanyName"":""僑威"",""Foreign Investors include Mainland Area Investors (Foreign Dealers excluded)-Total Buy"":""297449"","" Foreign Investors include Mainland Area Investors (Foreign Dealers excluded)-Total Sell"":""264000"",""Foreign Investors include Mainland Area Investors (Foreign Dealers excluded)-Difference"":""33449"",""Foreign Dealers-Total Buy"":""0"",""Foreign Dealers-TotalSell"":""0"",""ForeignDealers-Difference"":""0"",""ForeignInvestorsIncludeMainlandAreaInvestors-TotalBuy"":""297449"",""ForeignInvestorsIncludeMainlandAreaInvestors-TotalSell"":""264000"",""ForeignInvestorsInclude MainlandAreaInvestors-Difference"":""33449"",""SecuritiesInvestmentTrustCompanies-TotalBuy"":""0"",""SecuritiesInvestmentTrustCompanies-TotalSell"":""0"",""SecuritiesInvestmentTrustCompanies-Difference"":""0"",""Dealers-TotalBuy"":""3491"",""Dealers-TotalSell"":""47157"",""Dealers-Difference"":""-43666"",""Dealers -TotalSell"":""3157"",""TotalDifference"":""-10217""}"
2026-09-08,TPEX,3081,聯亞,0,0,0,138000,401000,-263000,152960,96929,-89585,"{""Date"":""1150908"",""SecuritiesCompanyCode"":""3081"",""CompanyName"":""聯亞"",""Foreign Investors include Mainland Area Investors (Foreign Dealers excluded)-Total Buy"":""1653243"","" Foreign Investors include Mainland Area Investors (Foreign Dealers excluded)-Total Sell"":""834341"",""Foreign Investors include Mainland Area Investors (Foreign Dealers excluded)-Difference"":""818902"",""Foreign Dealers-Total Buy"":""0"",""Foreign Dealers-TotalSell"":""0"",""ForeignDealers-Difference"":""0"",""ForeignInvestorsIncludeMainlandAreaInvestors-TotalBuy"":""1653243"",""ForeignInvestorsIncludeMainlandAreaInvestors-TotalSell"":""834341"",""ForeignInvestorsInclude MainlandAreaInvestors-Difference"":""818902"",""SecuritiesInvestmentTrustCompanies-TotalBuy"":""138000"",""SecuritiesInvestmentTrustCompanies-TotalSell"":""401000"",""SecuritiesInvestmentTrustCompanies-Difference"":""-263000"",""Dealers-TotalBuy"":""152960"",""Dealers-TotalSell"":""242545"",""Dealers-Difference"":""-89585"",""Dealers -TotalSell"":""96929"",""TotalDifference"":""466317""}"
2026-09-08,TPEX,3083,網龍,0,0,0,0,0,0,0,185,-185,"{""Date"":""1150908"",""SecuritiesCompanyCode"":""3083"",""CompanyName"":""網龍"",""Foreign Investors include Mainland Area Investors (Foreign Dealers excluded)-Total Buy"":""1000"","" Foreign Investors include Mainland Area Investors (Foreign Dealers excluded)-Total Sell"":""1000"",""Foreign Investors include Mainland Area Investors (Foreign Dealers excluded)-Difference"":""0"",""Foreign Dealers-Total Buy"":""0"",""Foreign Dealers-TotalSell"":""0"",""ForeignDealers-Difference"":""0"",""ForeignInvestorsIncludeMainlandAreaInvestors-TotalBuy"":""1000"",""ForeignInvestorsIncludeMainlandAreaInvestors-TotalSell"":""1000"",""ForeignInvestorsInclude MainlandAreaInvestors-Difference"":""0"",""SecuritiesInvestmentTrustCompanies-TotalBuy"":""0"",""SecuritiesInvestmentTrustCompanies-TotalSell"":""0"",""SecuritiesInvestmentTrustCompanies-Difference"":""0"",""Dealers-TotalBuy"":""0"",""Dealers-TotalSell"":""185"",""Dealers-Difference"":""-185"",""Dealers -TotalSell"":""185"",""TotalDifference"":""-185""}"
2026-09-08,TPEX,3086,華義*,0,0,0,0,0,0,0,3769,-3769,"{""Date"":""1150908"",""SecuritiesCompanyCode"":""3086"",""CompanyName"":""華義*"",""Foreign Investors include Mainland Area Investors (Foreign Dealers excluded)-Total Buy"":""36000"","" Foreign Investors include Mainland Area Investors (Foreign Dealers excluded)-Total Sell"":""21000"",""Foreign Investors include Mainland Area Investors (Foreign Dealers excluded)-Difference"":""15000"",""Foreign Dealers-Total Buy"":""0"",""Foreign Dealers-TotalSell"":""0"",""ForeignDealers-Difference"":""0"",""ForeignInvestorsIncludeMainlandAreaInvestors-TotalBuy"":""36000"",""ForeignInvestorsIncludeMainlandAreaInvestors-TotalSell"":""21000"",""ForeignInvestorsInclude MainlandAreaInvestors-Difference"":""15000"",""SecuritiesInvestmentTrustCompanies-TotalBuy"":""0"",""SecuritiesInvestmentTrustCompanies-TotalSell"":""0"",""SecuritiesInvestmentTrustCompanies-Difference"":""0"",""Dealers-TotalBuy"":""0"",""Dealers-TotalSell"":""3769"",""Dealers-Difference"":""-3769"",""Dealers -TotalSell"":""3769"",""TotalDifference"":""11231""}"
2026-09-08,TPEX,3088,艾訊,0,0,0,0,0,0,1000,4696,-3696,"{""Date"":""1150908"",""SecuritiesCompanyCode"":""3088"",""CompanyName"":""艾訊"",""Foreign Investors include Mainland Area Investors (Foreign Dealers excluded)-Total Buy"":""138026"","" Foreign Investors include Mainland Area Investors (Foreign Dealers excluded)-Total Sell"":""424305"",""Foreign Investors include Mainland Area Investors (Foreign Dealers excluded)-Difference"":""-286279"",""Foreign Dealers-Total Buy"":""0"",""Foreign Dealers-TotalSell"":""0"",""ForeignDealers-Difference"":""0"",""ForeignInvestorsIncludeMainlandAreaInvestors-TotalBuy"":""138026"",""ForeignInvestorsIncludeMainlandAreaInvestors-TotalSell"":""424305"",""ForeignInvestorsInclude MainlandAreaInvestors-Difference"":""-286279"",""SecuritiesInvestmentTrustCompanies-TotalBuy"":""0"",""SecuritiesInvestmentTrustCompanies-TotalSell"":""0"",""SecuritiesInvestmentTrustCompanies-Difference"":""0"",""Dealers-TotalBuy"":""1000"",""Dealers-TotalSell"":""4696"",""Dealers-Difference"":""-3696"",""Dealers -TotalSell"":""4696"",""TotalDifference"":""-289975""}"
2026-09-08,TPEX,3093,港建*,0,0,0,0,0,0,2000,2244,-244,"{""Date"":""1150908"",""SecuritiesCompanyCode"":""3093"",""CompanyName"":""港建*"",""Foreign Investors include Mainland Area Investors (Foreign Dealers excluded)-Total Buy"":""60000"","" Foreign Investors include Mainland Area Investors (Foreign Dealers excluded)-Total Sell"":""47000"",""Foreign Investors include Mainland Area Investors (Foreign Dealers excluded)-Difference"":""13000"",""Foreign Dealers-Total Buy"":""0"",""Foreign Dealers-TotalSell"":""0"",""ForeignDealers-Difference"":""0"",""ForeignInvestorsIncludeMainlandAreaInvestors-TotalBuy"":""60000"",""ForeignInvestorsIncludeMainlandAreaInvestors-TotalSell"":""47000"",""ForeignInvestorsInclude MainlandAreaInvestors-Difference"":""13000"",""SecuritiesInvestmentTrustCompanies-TotalBuy"":""0"",""SecuritiesInvestmentTrustCompanies-TotalSell"":""0"",""SecuritiesInvestmentTrustCompanies-Difference"":""0"",""Dealers-TotalBuy"":""2000"",""Dealers-TotalSell"":""2244"",""Dealers-Difference"":""-244"",""Dealers -TotalSell"":""2244"",""TotalDifference"":""12756""}"
2026-09-08,TPEX,3105,穩懋,0,0,0,3154000,12170,3141830,252299,55613,-223253,"{""Date"":""1150908"",""SecuritiesCompanyCode"":""3105"",""CompanyName"":""穩懋"",""Foreign Investors include Mainland Area Investors (Foreign Dealers excluded)-Total Buy"":""4007236"","" Foreign Investors include Mainland Area Investors (Foreign Dealers excluded)-Total Sell"":""6832313"",""Foreign Investors include Mainland Area Investors (Foreign Dealers excluded)-Difference"":""-2825077"",""Foreign Dealers-Total Buy"":""0"",""Foreign Dealers-TotalSell"":""0"",""ForeignDealers-Difference"":""0"",""ForeignInvestorsIncludeMainlandAreaInvestors-TotalBuy"":""4007236"",""ForeignInvestorsIncludeMainlandAreaInvestors-TotalSell"":""6832313"",""ForeignInvestorsInclude MainlandAreaInvestors-Difference"":""-2825077"",""SecuritiesInvestmentTrustCompanies-TotalBuy"":""3154000"",""SecuritiesInvestmentTrustCompanies-TotalSell"":""12170"",""SecuritiesInvestmentTrustCompanies-Difference"":""3141830"",""Dealers-TotalBuy"":""252299"",""Dealers-TotalSell"":""475552"",""Dealers-Difference"":""-223253"",""Dealers -TotalSell"":""55613"",""TotalDifference"":""93500""}"
2026-09-08,TPEX,3114,好德,0,0,0,0,0,0,6000,2813,3187,"{""Date"":""1150908"",""SecuritiesCompanyCode"":""3114"",""CompanyName"":""好德"",""Foreign Investors include Mainland Area Investors (Foreign Dealers excluded)-Total Buy"":""30000"","" Foreign Investors include Mainland Area Investors (Foreign Dealers excluded)-Total Sell"":""78000"",""Foreign Investors include Mainland Area Investors (Foreign Dealers excluded)-Difference"":""-48000"",""Foreign Dealers-Total Buy"":""0"",""Foreign Dealers-TotalSell"":""0"",""ForeignDealers-Difference"":""0"",""ForeignInvestorsIncludeMainlandAreaInvestors-TotalBuy"":""30000"",""ForeignInvestorsIncludeMainlandAreaInvestors-TotalSell"":""78000"",""ForeignInvestorsInclude MainlandAreaInvestors-Difference"":""-48000"",""SecuritiesInvestmentTrustCompanies-TotalBuy"":""0"",""SecuritiesInvestmentTrustCompanies-TotalSell"":""0"",""SecuritiesInvestmentTrustCompanies-Difference"":""0"",""Dealers-TotalBuy"":""6000"",""Dealers-TotalSell"":""2813"",""Dealers-Difference"":""3187"",""Dealers -TotalSell"":""2813"",""TotalDifference"":""-44813""}"
2026-09-08,TPEX,3115,富榮綱,0,0,0,0,0,0,0,0,0,"{""Date"":""1150908"",""SecuritiesCompanyCode"":""3115"",""CompanyName"":""富榮綱"",""Foreign Investors include Mainland Area Investors (Foreign Dealers excluded)-Total Buy"":""0"","" Foreign Investors include Mainland Area Investors (Foreign Dealers excluded)-Total Sell"":""1000"",""Foreign Investors include Mainland Area Investors (Foreign Dealers excluded)-Difference"":""-1000"",""Foreign Dealers-Total Buy"":""0"",""Foreign Dealers-TotalSell"":""0"",""ForeignDealers-Difference"":""0"",""ForeignInvestorsIncludeMainlandAreaInvestors-TotalBuy"":""0"",""ForeignInvestorsIncludeMainlandAreaInvestors-TotalSell"":""1000"",""ForeignInvestorsInclude MainlandAreaInvestors-Difference"":""-1000"",""SecuritiesInvestmentTrustCompanies-TotalBuy"":""0"",""SecuritiesInvestmentTrustCompanies-TotalSell"":""0"",""SecuritiesInvestmentTrustCompanies-Difference"":""0"",""Dealers-TotalBuy"":""0"",""Dealers-TotalSell"":""0"",""Dealers-Difference"":""0"",""Dealers -TotalSell"":""0"",""TotalDifference"":""-1000""}"
2026-09-08,TPEX,3118,進階,0,0,0,0,0,0,0,0,0,"{""Date"":""1150908"",""SecuritiesCompanyCode"":""3118"",""CompanyName"":""進階"",""Foreign Investors include Mainland Area Investors (Foreign Dealers excluded)-Total Buy"":""0"","" Foreign Investors include Mainland Area Investors (Foreign Dealers excluded)-Total Sell"":""3000"",""Foreign Investors include Mainland Area Investors (Foreign Dealers excluded)-Difference"":""-3000"",""Foreign Dealers-Total Buy"":""0"",""Foreign Dealers-TotalSell"":""0"",""ForeignDealers-Difference"":""0"",""ForeignInvestorsIncludeMainlandAreaInvestors-TotalBuy"":""0"",""ForeignInvestorsIncludeMainlandAreaInvestors-TotalSell"":""3000"",""ForeignInvestorsInclude MainlandAreaInvestors-Difference"":""-3000"",""SecuritiesInvestmentTrustCompanies-TotalBuy"":""0"",""SecuritiesInvestmentTrustCompanies-TotalSell"":""0"",""SecuritiesInvestmentTrustCompanies-Difference"":""0"",""Dealers-TotalBuy"":""0"",""Dealers-TotalSell"":""0"",""Dealers-Difference"":""0"",""Dealers -TotalSell"":""0"",""TotalDifference"":""-3000""}"
2026-09-08,TPEX,3122,笙泉,0,0,0,0,0,0,0,0,0,"{""Date"":""1150908"",""SecuritiesCompanyCode"":""3122"",""CompanyName"":""笙泉"",""Foreign Investors include Mainland Area Investors (Foreign Dealers excluded)-Total Buy"":""5000"","" Foreign Investors include Mainland Area Investors (Foreign Dealers excluded)-Total Sell"":""7000"",""Foreign Investors include Mainland Area Investors (Foreign Dealers excluded)-Difference"":""-2000"",""Foreign Dealers-Total Buy"":""0"",""Foreign Dealers-TotalSell"":""0"",""ForeignDealers-Difference"":""0"",""ForeignInvestorsIncludeMainlandAreaInvestors-TotalBuy"":""5000"",""ForeignInvestorsIncludeMainlandAreaInvestors-TotalSell"":""7000"",""ForeignInvestorsInclude MainlandAreaInvestors-Difference"":""-2000"",""SecuritiesInvestmentTrustCompanies-TotalBuy"":""0"",""SecuritiesInvestmentTrustCompanies-TotalSell"":""0"",""SecuritiesInvestmentTrustCompanies-Difference"":""0"",""Dealers-TotalBuy"":""0"",""Dealers-TotalSell"":""0"",""Dealers-Difference"":""0"",""Dealers -TotalSell"":""0"",""TotalDifference"":""-2000""}"
2026-09-08,TPEX,3128,昇銳,0,0,0,0,0,0,0,151,-151,"{""Date"":""1150908"",""SecuritiesCompanyCode"":""3128"",""CompanyName"":""昇銳"",""Foreign Investors include Mainland Area Investors (Foreign Dealers excluded)-Total Buy"":""17000"","" Foreign Investors include Mainland Area Investors (Foreign Dealers excluded)-Total Sell"":""9000"",""Foreign Investors include Mainland Area Investors (Foreign Dealers excluded)-Difference"":""8000"",""Foreign Dealers-Total Buy"":""0"",""Foreign Dealers-TotalSell"":""0"",""ForeignDealers-Difference"":""0"",""ForeignInvestorsIncludeMainlandAreaInvestors-TotalBuy"":""17000"",""ForeignInvestorsIncludeMainlandAreaInvestors-TotalSell"":""9000"",""ForeignInvestorsInclude MainlandAreaInvestors-Difference"":""8000"",""SecuritiesInvestmentTrustCompanies-TotalBuy"":""0"",""SecuritiesInvestmentTrustCompanies-TotalSell"":""0"",""SecuritiesInvestmentTrustCompanies-Difference"":""0"",""Dealers-TotalBuy"":""0"",""Dealers-TotalSell"":""151"",""Dealers-Difference"":""-151"",""Dealers -TotalSell"":""151"",""TotalDifference"":""7849""}"
2026-09-08,TPEX,3131,弘塑,0,0,0,99000,0,99000,50517,38090,12427,"{""Date"":""1150908"",""SecuritiesCompanyCode"":""3131"",""CompanyName"":""弘塑"",""Foreign Investors include Mainland Area Investors (Foreign Dealers excluded)-Total Buy"":""341906"","" Foreign Investors include Mainland Area Investors (Foreign Dealers excluded)-Total Sell"":""366025"",""Foreign Investors include Mainland Area Investors (Foreign Dealers excluded)-Difference"":""-24119"",""Foreign Dealers-Total Buy"":""0"",""Foreign Dealers-TotalSell"":""0"",""ForeignDealers-Difference"":""0"",""ForeignInvestorsIncludeMainlandAreaInvestors-TotalBuy"":""341906"",""ForeignInvestorsIncludeMainlandAreaInvestors-TotalSell"":""366025"",""ForeignInvestorsInclude MainlandAreaInvestors-Difference"":""-24119"",""SecuritiesInvestmentTrustCompanies-TotalBuy"":""99000"",""SecuritiesInvestmentTrustCompanies-TotalSell"":""0"",""SecuritiesInvestmentTrustCompanies-Difference"":""99000"",""Dealers-TotalBuy"":""50517"",""Dealers-TotalSell"":""38090"",""Dealers-Difference"":""12427"",""Dealers -TotalSell"":""33128"",""TotalDifference"":""87308""}"
2026-09-08,TPEX,3141,晶宏,0,0,0,0,0,0,61650,62899,-73249,"{""Date"":""1150908"",""SecuritiesCompanyCode"":""3141"",""CompanyName"":""晶宏"",""Foreign Investors include Mainland Area Investors (Foreign Dealers excluded)-Total Buy"":""1467757"","" Foreign Investors include Mainland Area Investors (Foreign Dealers excluded)-Total Sell"":""1743424"",""Foreign Investors include Mainland Area Investors (Foreign Dealers excluded)-Difference"":""-275667"",""Foreign Dealers-Total Buy"":""0"",""Foreign Dealers-TotalSell"":""0"",""ForeignDealers-Difference"":""0"",""ForeignInvestorsIncludeMainlandAreaInvestors-TotalBuy"":""1467757"",""ForeignInvestorsIncludeMainlandAreaInvestors-TotalSell"":""1743424"",""ForeignInvestorsInclude MainlandAreaInvestors-Difference"":""-275667"",""SecuritiesInvestmentTrustCompanies-TotalBuy"":""0"",""SecuritiesInvestmentTrustCompanies-TotalSell"":""0"",""SecuritiesInvestmentTrustCompanies-Difference"":""0"",""Dealers-TotalBuy"":""61650"",""Dealers-TotalSell"":""134899"",""Dealers-Difference"":""-73249"",""Dealers -TotalSell"":""62899"",""TotalDifference"":""-348916""}"
2026-09-08,TPEX,3147,大綜,0,0,0,0,0,0,1000,2869,-1869,"{""Date"":""1150908"",""SecuritiesCompanyCode"":""3147"",""CompanyName"":""大綜"",""Foreign Investors include Mainland Area Investors (Foreign Dealers excluded)-Total Buy"":""37007"","" Foreign Investors include Mainland Area Investors (Foreign Dealers excluded)-Total Sell"":""45000"",""Foreign Investors include Mainland Area Investors (Foreign Dealers excluded)-Difference"":""-7993"",""Foreign Dealers-Total Buy"":""0"",""Foreign Dealers-TotalSell"":""0"",""ForeignDealers-Difference"":""0"",""ForeignInvestorsIncludeMainlandAreaInvestors-TotalBuy"":""37007"",""ForeignInvestorsIncludeMainlandAreaInvestors-TotalSell"":""45000"",""ForeignInvestorsInclude MainlandAreaInvestors-Difference"":""-7993"",""SecuritiesInvestmentTrustCompanies-TotalBuy"":""0"",""SecuritiesInvestmentTrustCompanies-TotalSell"":""0"",""SecuritiesInvestmentTrustCompanies-Difference"":""0"",""Dealers-TotalBuy"":""1000"",""Dealers-TotalSell"":""2869"",""Dealers-Difference"":""-1869"",""Dealers -TotalSell"":""2869"",""TotalDifference"":""-9862""}"
2026-09-08,TPEX,3152,璟德,0,0,0,0,0,0,4309,7126,-2817,"{""Date"":""1150908"",""SecuritiesCompanyCode"":""3152"",""CompanyName"":""璟德"",""Foreign Investors include Mainland Area Investors (Foreign Dealers excluded)-Total Buy"":""12040"","" Foreign Investors include Mainland Area Investors (Foreign Dealers excluded)-Total Sell"":""55000"",""Foreign Investors include Mainland Area Investors (Foreign Dealers excluded)-Difference"":""-42960"",""Foreign Dealers-Total Buy"":""0"",""Foreign Dealers-TotalSell"":""0"",""ForeignDealers-Difference"":""0"",""ForeignInvestorsIncludeMainlandAreaInvestors-TotalBuy"":""12040"",""ForeignInvestorsIncludeMainlandAreaInvestors-TotalSell"":""55000"",""ForeignInvestorsInclude MainlandAreaInvestors-Difference"":""-42960"",""SecuritiesInvestmentTrustCompanies-TotalBuy"":""0"",""SecuritiesInvestmentTrustCompanies-TotalSell"":""0"",""SecuritiesInvestmentTrustCompanies-Difference"":""0"",""Dealers-TotalBuy"":""4309"",""Dealers-TotalSell"":""7126"",""Dealers-Difference"":""-2817"",""Dealers -TotalSell"":""7126"",""TotalDifference"":""-45777""}"
2026-09-08,TPEX,3162,精確,0,0,0,0,0,0,4128,26867,-22739,"{""Date"":""1150908"",""SecuritiesCompanyCode"":""3162"",""CompanyName"":""精確"",""Foreign Investors include Mainland Area Investors (Foreign Dealers excluded)-Total Buy"":""213062"","" Foreign Investors include Mainland Area Investors (Foreign Dealers excluded)-Total Sell"":""589000"",""Foreign Investors include Mainland Area Investors (Foreign Dealers excluded)-Difference"":""-375938"",""Foreign Dealers-Total Buy"":""0"",""Foreign Dealers-TotalSell"":""0"",""ForeignDealers-Difference"":""0"",""ForeignInvestorsIncludeMainlandAreaInvestors-TotalBuy"":""213062"",""ForeignInvestorsIncludeMainlandAreaInvestors-TotalSell"":""589000"",""ForeignInvestorsInclude MainlandAreaInvestors-Difference"":""-375938"",""SecuritiesInvestmentTrustCompanies-TotalBuy"":""0"",""SecuritiesInvestmentTrustCompanies-TotalSell"":""0"",""SecuritiesInvestmentTrustCompanies-Difference"":""0"",""Dealers-TotalBuy"":""4128"",""Dealers-TotalSell"":""26867"",""Dealers-Difference"":""-22739"",""Dealers -TotalSell"":""26867"",""TotalDifference"":""-398677""}"
2026-09-08,TPEX,3163,波若威,0,0,0,0,0,0,70405,74179,-29899,"{""Date"":""1150908"",""SecuritiesCompanyCode"":""3163"",""CompanyName"":""波若威"",""Foreign Investors include Mainland Area Investors (Foreign Dealers excluded)-Total Buy"":""420455"","" Foreign Investors include Mainland Area Investors (Foreign Dealers excluded)-Total Sell"":""701305"",""Foreign Investors include Mainland Area Investors (Foreign Dealers excluded)-Difference"":""-280850"",""Foreign Dealers-Total Buy"":""0"",""Foreign Dealers-TotalSell"":""0"",""ForeignDealers-Difference"":""0"",""ForeignInvestorsIncludeMainlandAreaInvestors-TotalBuy"":""420455"",""ForeignInvestorsIncludeMainlandAreaInvestors-TotalSell"":""701305"",""ForeignInvestorsInclude MainlandAreaInvestors-Difference"":""-280850"",""SecuritiesInvestmentTrustCompanies-TotalBuy"":""0"",""SecuritiesInvestmentTrustCompanies-TotalSell"":""0"",""SecuritiesInvestmentTrustCompanies-Difference"":""0"",""Dealers-TotalBuy"":""70405"",""Dealers-TotalSell"":""100304"",""Dealers-Difference"":""-29899"",""Dealers -TotalSell"":""74179"",""TotalDifference"":""-310749""}"
2026-09-08,TPEX,3169,亞信,0,0,0,0,0,0,2000,8575,-6575,"{""Date"":""1150908"",""SecuritiesCompanyCode"":""3169"",""CompanyName"":""亞信"",""Foreign Investors include Mainland Area Investors (Foreign Dealers excluded)-Total Buy"":""33100"","" Foreign Investors include Mainland Area Investors (Foreign Dealers excluded)-Total Sell"":""73000"",""Foreign Investors include Mainland Area Investors (Foreign Dealers excluded)-Difference"":""-39900"",""Foreign Dealers-Total Buy"":""0"",""Foreign Dealers-TotalSell"":""0"",""ForeignDealers-Difference"":""0"",""ForeignInvestorsIncludeMainlandAreaInvestors-TotalBuy"":""33100"",""ForeignInvestorsIncludeMainlandAreaInvestors-TotalSell"":""73000"",""ForeignInvestorsInclude MainlandAreaInvestors-Difference"":""-39900"",""SecuritiesInvestmentTrustCompanies-TotalBuy"":""0"",""SecuritiesInvestmentTrustCompanies-TotalSell"":""0"",""SecuritiesInvestmentTrustCompanies-Difference"":""0"",""Dealers-TotalBuy"":""2000"",""Dealers-TotalSell"":""8575"",""Dealers-Difference"":""-6575"",""Dealers -TotalSell"":""8575"",""TotalDifference"":""-46475""}"
2026-09-08,TPEX,3171,炎洲流通,0,0,0,0,0,0,5000,3430,1570,"{""Date"":""1150908"",""SecuritiesCompanyCode"":""3171"",""CompanyName"":""炎洲流通"",""Foreign Investors include Mainland Area Investors (Foreign Dealers excluded)-Total Buy"":""1000"","" Foreign Investors include Mainland Area Investors (Foreign Dealers excluded)-Total Sell"":""2000"",""Foreign Investors include Mainland Area Investors (Foreign Dealers excluded)-Difference"":""-1000"",""Foreign Dealers-Total Buy"":""0"",""Foreign Dealers-TotalSell"":""0"",""ForeignDealers-Difference"":""0"",""ForeignInvestorsIncludeMainlandAreaInvestors-TotalBuy"":""1000"",""ForeignInvestorsIncludeMainlandAreaInvestors-TotalSell"":""2000"",""ForeignInvestorsInclude MainlandAreaInvestors-Difference"":""-1000"",""SecuritiesInvestmentTrustCompanies-TotalBuy"":""0"",""SecuritiesInvestmentTrustCompanies-TotalSell"":""0"",""SecuritiesInvestmentTrustCompanies-Difference"":""0"",""Dealers-TotalBuy"":""5000"",""Dealers-TotalSell"":""3430"",""Dealers-Difference"":""1570"",""Dealers -TotalSell"":""3430"",""TotalDifference"":""570""}"
2026-09-08,TPEX,3176,基亞,0,0,0,0,0,0,0,451,-451,"{""Date"":""1150908"",""SecuritiesCompanyCode"":""3176"",""CompanyName"":""基亞"",""Foreign Investors include Mainland Area Investors (Foreign Dealers excluded)-Total Buy"":""310015"","" Foreign Investors include Mainland Area Investors (Foreign Dealers excluded)-Total Sell"":""68000"",""Foreign Investors include Mainland Area Investors (Foreign Dealers excluded)-Difference"":""242015"",""Foreign Dealers-Total Buy"":""0"",""Foreign Dealers-TotalSell"":""0"",""ForeignDealers-Difference"":""0"",""ForeignInvestorsIncludeMainlandAreaInvestors-TotalBuy"":""310015"",""ForeignInvestorsIncludeMainlandAreaInvestors-TotalSell"":""68000"",""ForeignInvestorsInclude MainlandAreaInvestors-Difference"":""242015"",""SecuritiesInvestmentTrustCompanies-TotalBuy"":""0"",""SecuritiesInvestmentTrustCompanies-TotalSell"":""0"",""SecuritiesInvestmentTrustCompanies-Difference"":""0"",""Dealers-TotalBuy"":""0"",""Dealers-TotalSell"":""451"",""Dealers-Difference"":""-451"",""Dealers -TotalSell"":""451"",""TotalDifference"":""241564""}"
2026-09-08,TPEX,3178,公準,0,0,0,0,0,0,4028,806,3222,"{""Date"":""1150908"",""SecuritiesCompanyCode"":""3178"",""CompanyName"":""公準"",""Foreign Investors include Mainland Area Investors (Foreign Dealers excluded)-Total Buy"":""1000"","" Foreign Investors include Mainland Area Investors (Foreign Dealers excluded)-Total Sell"":""12000"",""Foreign Investors include Mainland Area Investors (Foreign Dealers excluded)-Difference"":""-11000"",""Foreign Dealers-Total Buy"":""0"",""Foreign Dealers-TotalSell"":""0"",""ForeignDealers-Difference"":""0"",""ForeignInvestorsIncludeMainlandAreaInvestors-TotalBuy"":""1000"",""ForeignInvestorsIncludeMainlandAreaInvestors-TotalSell"":""12000"",""ForeignInvestorsInclude MainlandAreaInvestors-Difference"":""-11000"",""SecuritiesInvestmentTrustCompanies-TotalBuy"":""0"",""SecuritiesInvestmentTrustCompanies-TotalSell"":""0"",""SecuritiesInvestmentTrustCompanies-Difference"":""0"",""Dealers-TotalBuy"":""4028"",""Dealers-TotalSell"":""806"",""Dealers-Difference"":""3222"",""Dealers -TotalSell"":""800"",""TotalDifference"":""-7778""}"
2026-09-08,TPEX,3188,鑫龍騰,0,0,0,0,0,0,0,0,0,"{""Date"":""1150908"",""SecuritiesCompanyCode"":""3188"",""CompanyName"":""鑫龍騰"",""Foreign Investors include Mainland Area Investors (Foreign Dealers excluded)-Total Buy"":""36000"","" Foreign Investors include Mainland Area Investors (Foreign Dealers excluded)-Total Sell"":""12000"",""Foreign Investors include Mainland Area Investors (Foreign Dealers excluded)-Difference"":""24000"",""Foreign Dealers-Total Buy"":""0"",""Foreign Dealers-TotalSell"":""0"",""ForeignDealers-Difference"":""0"",""ForeignInvestorsIncludeMainlandAreaInvestors-TotalBuy"":""36000"",""ForeignInvestorsIncludeMainlandAreaInvestors-TotalSell"":""12000"",""ForeignInvestorsInclude MainlandAreaInvestors-Difference"":""24000"",""SecuritiesInvestmentTrustCompanies-TotalBuy"":""0"",""SecuritiesInvestmentTrustCompanies-TotalSell"":""0"",""SecuritiesInvestmentTrustCompanies-Difference"":""0"",""Dealers-TotalBuy"":""0"",""Dealers-TotalSell"":""0"",""Dealers-Difference"":""0"",""Dealers -TotalSell"":""0"",""TotalDifference"":""24000""}"
2026-09-08,TPEX,3191,雲嘉南,0,0,0,0,0,0,0,0,0,"{""Date"":""1150908"",""SecuritiesCompanyCode"":""3191"",""CompanyName"":""雲嘉南"",""Foreign Investors include Mainland Area Investors (Foreign Dealers excluded)-Total Buy"":""0"","" Foreign Investors include Mainland Area Investors (Foreign Dealers excluded)-Total Sell"":""5000"",""Foreign Investors include Mainland Area Investors (Foreign Dealers excluded)-Difference"":""-5000"",""Foreign Dealers-Total Buy"":""0"",""Foreign Dealers-TotalSell"":""0"",""ForeignDealers-Difference"":""0"",""ForeignInvestorsIncludeMainlandAreaInvestors-TotalBuy"":""0"",""ForeignInvestorsIncludeMainlandAreaInvestors-TotalSell"":""5000"",""ForeignInvestorsInclude MainlandAreaInvestors-Difference"":""-5000"",""SecuritiesInvestmentTrustCompanies-TotalBuy"":""0"",""SecuritiesInvestmentTrustCompanies-TotalSell"":""0"",""SecuritiesInvestmentTrustCompanies-Difference"":""0"",""Dealers-TotalBuy"":""0"",""Dealers-TotalSell"":""0"",""Dealers-Difference"":""0"",""Dealers -TotalSell"":""0"",""TotalDifference"":""-5000""}"
2026-09-08,TPEX,3205,佰研,0,0,0,0,0,0,7,0,7,"{""Date"":""1150908"",""SecuritiesCompanyCode"":""3205"",""CompanyName"":""佰研"",""Foreign Investors include Mainland Area Investors (Foreign Dealers excluded)-Total Buy"":""5000"","" Foreign Investors include Mainland Area Investors (Foreign Dealers excluded)-Total Sell"":""3000"",""Foreign Investors include Mainland Area Investors (Foreign Dealers excluded)-Difference"":""2000"",""Foreign Dealers-Total Buy"":""0"",""Foreign Dealers-TotalSell"":""0"",""ForeignDealers-Difference"":""0"",""ForeignInvestorsIncludeMainlandAreaInvestors-TotalBuy"":""5000"",""ForeignInvestorsIncludeMainlandAreaInvestors-TotalSell"":""3000"",""ForeignInvestorsInclude MainlandAreaInvestors-Difference"":""2000"",""SecuritiesInvestmentTrustCompanies-TotalBuy"":""0"",""SecuritiesInvestmentTrustCompanies-TotalSell"":""0"",""SecuritiesInvestmentTrustCompanies-Difference"":""0"",""Dealers-TotalBuy"":""7"",""Dealers-TotalSell"":""0"",""Dealers-Difference"":""7"",""Dealers -TotalSell"":""0"",""TotalDifference"":""2007""}"
2026-09-08,TPEX,3206,志豐,0,0,0,0,0,0,6072,11000,-4928,"{""Date"":""1150908"",""SecuritiesCompanyCode"":""3206"",""CompanyName"":""志豐"",""Foreign Investors include Mainland Area Investors (Foreign Dealers excluded)-Total Buy"":""23000"","" Foreign Investors include Mainland Area Investors (Foreign Dealers excluded)-Total Sell"":""9000"",""Foreign Investors include Mainland Area Investors (Foreign Dealers excluded)-Difference"":""14000"",""Foreign Dealers-Total Buy"":""0"",""Foreign Dealers-TotalSell"":""0"",""ForeignDealers-Difference"":""0"",""ForeignInvestorsIncludeMainlandAreaInvestors-TotalBuy"":""23000"",""ForeignInvestorsIncludeMainlandAreaInvestors-TotalSell"":""9000"",""ForeignInvestorsInclude MainlandAreaInvestors-Difference"":""14000"",""SecuritiesInvestmentTrustCompanies-TotalBuy"":""0"",""SecuritiesInvestmentTrustCompanies-TotalSell"":""0"",""SecuritiesInvestmentTrustCompanies-Difference"":""0"",""Dealers-TotalBuy"":""6072"",""Dealers-TotalSell"":""11000"",""Dealers-Difference"":""-4928"",""Dealers -TotalSell"":""11000"",""TotalDifference"":""9072""}"
2026-09-08,TPEX,3207,耀勝,0,0,0,0,0,0,3017,4886,-1869,"{""Date"":""1150908"",""SecuritiesCompanyCode"":""3207"",""CompanyName"":""耀勝"",""Foreign Investors include Mainland Area Investors (Foreign Dealers excluded)-Total Buy"":""15000"","" Foreign Investors include Mainland Area Investors (Foreign Dealers excluded)-Total Sell"":""43000"",""Foreign Investors include Mainland Area Investors (Foreign Dealers excluded)-Difference"":""-28000"",""Foreign Dealers-Total Buy"":""0"",""Foreign Dealers-TotalSell"":""0"",""ForeignDealers-Difference"":""0"",""ForeignInvestorsIncludeMainlandAreaInvestors-TotalBuy"":""15000"",""ForeignInvestorsIncludeMainlandAreaInvestors-TotalSell"":""43000"",""ForeignInvestorsInclude MainlandAreaInvestors-Difference"":""-28000"",""SecuritiesInvestmentTrustCompanies-TotalBuy"":""0"",""SecuritiesInvestmentTrustCompanies-TotalSell"":""0"",""SecuritiesInvestmentTrustCompanies-Difference"":""0"",""Dealers-TotalBuy"":""3017"",""Dealers-TotalSell"":""4886"",""Dealers-Difference"":""-1869"",""Dealers -TotalSell"":""4886"",""TotalDifference"":""-29869""}"
2026-09-08,TPEX,3211,順達,0,0,0,1000,0,1000,68142,91038,-38496,"{""Date"":""1150908"",""SecuritiesCompanyCode"":""3211"",""CompanyName"":""順達"",""Foreign Investors include Mainland Area Investors (Foreign Dealers excluded)-Total Buy"":""593061"","" Foreign Investors include Mainland Area Investors (Foreign Dealers excluded)-Total Sell"":""768020"",""Foreign Investors include Mainland Area Investors (Foreign Dealers excluded)-Difference"":""-174959"",""Foreign Dealers-Total Buy"":""0"",""Foreign Dealers-TotalSell"":""0"",""ForeignDealers-Difference"":""0"",""ForeignInvestorsIncludeMainlandAreaInvestors-TotalBuy"":""593061"",""ForeignInvestorsIncludeMainlandAreaInvestors-TotalSell"":""768020"",""ForeignInvestorsInclude MainlandAreaInvestors-Difference"":""-174959"",""SecuritiesInvestmentTrustCompanies-TotalBuy"":""1000"",""SecuritiesInvestmentTrustCompanies-TotalSell"":""0"",""SecuritiesInvestmentTrustCompanies-Difference"":""1000"",""Dealers-TotalBuy"":""68142"",""Dealers-TotalSell"":""106638"",""Dealers-Difference"":""-38496"",""Dealers -TotalSell"":""91038"",""TotalDifference"":""-212455""}"
2026-09-08,TPEX,3213,茂訊,0,0,0,0,0,0,5000,8435,-3435,"{""Date"":""1150908"",""SecuritiesCompanyCode"":""3213"",""CompanyName"":""茂訊"",""Foreign Investors include Mainland Area Investors (Foreign Dealers excluded)-Total Buy"":""37000"","" Foreign Investors include Mainland Area Investors (Foreign Dealers excluded)-Total Sell"":""140000"",""Foreign Investors include Mainland Area Investors (Foreign Dealers excluded)-Difference"":""-103000"",""Foreign Dealers-Total Buy"":""0"",""Foreign Dealers-TotalSell"":""0"",""ForeignDealers-Difference"":""0"",""ForeignInvestorsIncludeMainlandAreaInvestors-TotalBuy"":""37000"",""ForeignInvestorsIncludeMainlandAreaInvestors-TotalSell"":""140000"",""ForeignInvestorsInclude MainlandAreaInvestors-Difference"":""-103000"",""SecuritiesInvestmentTrustCompanies-TotalBuy"":""0"",""SecuritiesInvestmentTrustCompanies-TotalSell"":""0"",""SecuritiesInvestmentTrustCompanies-Difference"":""0"",""Dealers-TotalBuy"":""5000"",""Dealers-TotalSell"":""8435"",""Dealers-Difference"":""-3435"",""Dealers -TotalSell"":""8435"",""TotalDifference"":""-106435""}"
2026-09-08,TPEX,3217,優群,0,0,0,0,0,0,8000,14969,-6969,"{""Date"":""1150908"",""SecuritiesCompanyCode"":""3217"",""CompanyName"":""優群"",""Foreign Investors include Mainland Area Investors (Foreign Dealers excluded)-Total Buy"":""8050"","" Foreign Investors include Mainland Area Investors (Foreign Dealers excluded)-Total Sell"":""126433"",""Foreign Investors include Mainland Area Investors (Foreign Dealers excluded)-Difference"":""-118383"",""Foreign Dealers-Total Buy"":""0"",""Foreign Dealers-TotalSell"":""0"",""ForeignDealers-Difference"":""0"",""ForeignInvestorsIncludeMainlandAreaInvestors-TotalBuy"":""8050"",""ForeignInvestorsIncludeMainlandAreaInvestors-TotalSell"":""126433"",""ForeignInvestorsInclude MainlandAreaInvestors-Difference"":""-118383"",""SecuritiesInvestmentTrustCompanies-TotalBuy"":""0"",""SecuritiesInvestmentTrustCompanies-TotalSell"":""0"",""SecuritiesInvestmentTrustCompanies-Difference"":""0"",""Dealers-TotalBuy"":""8000"",""Dealers-TotalSell"":""14969"",""Dealers-Difference"":""-6969"",""Dealers -TotalSell"":""14969"",""TotalDifference"":""-125352""}"
2026-09-08,TPEX,3218,大學光,0,0,0,0,0,0,1141,2129,-988,"{""Date"":""1150908"",""SecuritiesCompanyCode"":""3218"",""CompanyName"":""大學光"",""Foreign Investors include Mainland Area Investors (Foreign Dealers excluded)-Total Buy"":""11400"","" Foreign Investors include Mainland Area Investors (Foreign Dealers excluded)-Total Sell"":""41000"",""Foreign Investors include Mainland Area Investors (Foreign Dealers excluded)-Difference"":""-29600"",""Foreign Dealers-Total Buy"":""0"",""Foreign Dealers-TotalSell"":""0"",""ForeignDealers-Difference"":""0"",""ForeignInvestorsIncludeMainlandAreaInvestors-TotalBuy"":""11400"",""ForeignInvestorsIncludeMainlandAreaInvestors-TotalSell"":""41000"",""ForeignInvestorsInclude MainlandAreaInvestors-Difference"":""-29600"",""SecuritiesInvestmentTrustCompanies-TotalBuy"":""0"",""SecuritiesInvestmentTrustCompanies-TotalSell"":""0"",""SecuritiesInvestmentTrustCompanies-Difference"":""0"",""Dealers-TotalBuy"":""1141"",""Dealers-TotalSell"":""2129"",""Dealers-Difference"":""-988"",""Dealers -TotalSell"":""1530"",""TotalDifference"":""-30588""}"
2026-09-08,TPEX,3219,倚強科,0,0,0,0,0,0,23993,24316,-323,"{""Date"":""1150908"",""SecuritiesCompanyCode"":""3219"",""CompanyName"":""倚強科"",""Foreign Investors include Mainland Area Investors (Foreign Dealers excluded)-Total Buy"":""417395"","" Foreign Investors include Mainland Area Investors (Foreign Dealers excluded)-Total Sell"":""422072"",""Foreign Investors include Mainland Area Investors (Foreign Dealers excluded)-Difference"":""-4677"",""Foreign Dealers-Total Buy"":""0"",""Foreign Dealers-TotalSell"":""0"",""ForeignDealers-Difference"":""0"",""ForeignInvestorsIncludeMainlandAreaInvestors-TotalBuy"":""417395"",""ForeignInvestorsIncludeMainlandAreaInvestors-TotalSell"":""422072"",""ForeignInvestorsInclude MainlandAreaInvestors-Difference"":""-4677"",""SecuritiesInvestmentTrustCompanies-TotalBuy"":""0"",""SecuritiesInvestmentTrustCompanies-TotalSell"":""0"",""SecuritiesInvestmentTrustCompanies-Difference"":""0"",""Dealers-TotalBuy"":""23993"",""Dealers-TotalSell"":""24316"",""Dealers-Difference"":""-323"",""Dealers -TotalSell"":""24316"",""TotalDifference"":""-5000""}"
2026-09-08,TPEX,3221,台嘉碩,0,0,0,0,0,0,4468,64454,-59986,"{""Date"":""1150908"",""SecuritiesCompanyCode"":""3221"",""CompanyName"":""台嘉碩"",""Foreign Investors include Mainland Area Investors (Foreign Dealers excluded)-Total Buy"":""237000"","" Foreign Investors include Mainland Area Investors (Foreign Dealers excluded)-Total Sell"":""1262547"",""Foreign Investors include Mainland Area Investors (Foreign Dealers excluded)-Difference"":""-1025547"",""Foreign Dealers-Total Buy"":""0"",""Foreign Dealers-TotalSell"":""0"",""ForeignDealers-Difference"":""0"",""ForeignInvestorsIncludeMainlandAreaInvestors-TotalBuy"":""237000"",""ForeignInvestorsIncludeMainlandAreaInvestors-TotalSell"":""1262547"",""ForeignInvestorsInclude MainlandAreaInvestors-Difference"":""-1025547"",""SecuritiesInvestmentTrustCompanies-TotalBuy"":""0"",""SecuritiesInvestmentTrustCompanies-TotalSell"":""0"",""SecuritiesInvestmentTrustCompanies-Difference"":""0"",""Dealers-TotalBuy"":""4468"",""Dealers-TotalSell"":""64454"",""Dealers-Difference"":""-59986"",""Dealers -TotalSell"":""64454"",""TotalDifference"":""-1085533""}"
2026-09-08,TPEX,3224,三顧,0,0,0,0,0,0,0,36,-36,"{""Date"":""1150908"",""SecuritiesCompanyCode"":""3224"",""CompanyName"":""三顧"",""Foreign Investors include Mainland Area Investors (Foreign Dealers excluded)-Total Buy"":""8000"","" Foreign Investors include Mainland Area Investors (Foreign Dealers excluded)-Total Sell"":""2000"",""Foreign Investors include Mainland Area Investors (Foreign Dealers excluded)-Difference"":""6000"",""Foreign Dealers-Total Buy"":""0"",""Foreign Dealers-TotalSell"":""0"",""ForeignDealers-Difference"":""0"",""ForeignInvestorsIncludeMainlandAreaInvestors-TotalBuy"":""8000"",""ForeignInvestorsIncludeMainlandAreaInvestors-TotalSell"":""2000"",""ForeignInvestorsInclude MainlandAreaInvestors-Difference"":""6000"",""SecuritiesInvestmentTrustCompanies-TotalBuy"":""0"",""SecuritiesInvestmentTrustCompanies-TotalSell"":""0"",""SecuritiesInvestmentTrustCompanies-Difference"":""0"",""Dealers-TotalBuy"":""0"",""Dealers-TotalSell"":""36"",""Dealers-Difference"":""-36"",""Dealers -TotalSell"":""36"",""TotalDifference"":""5964""}"
2026-09-08,TPEX,3226,龍鋒,0,0,0,0,0,0,0,0,0,"{""Date"":""1150908"",""SecuritiesCompanyCode"":""3226"",""CompanyName"":""龍鋒"",""Foreign Investors include Mainland Area Investors (Foreign Dealers excluded)-Total Buy"":""0"","" Foreign Investors include Mainland Area Investors (Foreign Dealers excluded)-Total Sell"":""2000"",""Foreign Investors include Mainland Area Investors (Foreign Dealers excluded)-Difference"":""-2000"",""Foreign Dealers-Total Buy"":""0"",""Foreign Dealers-TotalSell"":""0"",""ForeignDealers-Difference"":""0"",""ForeignInvestorsIncludeMainlandAreaInvestors-TotalBuy"":""0"",""ForeignInvestorsIncludeMainlandAreaInvestors-TotalSell"":""2000"",""ForeignInvestorsInclude MainlandAreaInvestors-Difference"":""-2000"",""SecuritiesInvestmentTrustCompanies-TotalBuy"":""0"",""SecuritiesInvestmentTrustCompanies-TotalSell"":""0"",""SecuritiesInvestmentTrustCompanies-Difference"":""0"",""Dealers-TotalBuy"":""0"",""Dealers-TotalSell"":""0"",""Dealers-Difference"":""0"",""Dealers -TotalSell"":""0"",""TotalDifference"":""-2000""}"
2026-09-08,TPEX,3227,原相,0,0,0,34000,27000,7000,38000,80219,-42219,"{""Date"":""1150908"",""SecuritiesCompanyCode"":""3227"",""CompanyName"":""原相"",""Foreign Investors include Mainland Area Investors (Foreign Dealers excluded)-Total Buy"":""22010"","" Foreign Investors include Mainland Area Investors (Foreign Dealers excluded)-Total Sell"":""553000"",""Foreign Investors include Mainland Area Investors (Foreign Dealers excluded)-Difference"":""-530990"",""Foreign Dealers-Total Buy"":""0"",""Foreign Dealers-TotalSell"":""0"",""ForeignDealers-Difference"":""0"",""ForeignInvestorsIncludeMainlandAreaInvestors-TotalBuy"":""22010"",""ForeignInvestorsIncludeMainlandAreaInvestors-TotalSell"":""553000"",""ForeignInvestorsInclude MainlandAreaInvestors-Difference"":""-530990"",""SecuritiesInvestmentTrustCompanies-TotalBuy"":""34000"",""SecuritiesInvestmentTrustCompanies-TotalSell"":""27000"",""SecuritiesInvestmentTrustCompanies-Difference"":""7000"",""Dealers-TotalBuy"":""38000"",""Dealers-TotalSell"":""80219"",""Dealers-Difference"":""-42219"",""Dealers -TotalSell"":""58219"",""TotalDifference"":""-566209""}"
2026-09-08,TPEX,3228,金麗科,0,0,0,0,0,0,11963,13859,-1896,"{""Date"":""1150908"",""SecuritiesCompanyCode"":""3228"",""CompanyName"":""金麗科"",""Foreign Investors include Mainland Area Investors (Foreign Dealers excluded)-Total Buy"":""92600"","" Foreign Investors include Mainland Area Investors (Foreign Dealers excluded)-Total Sell"":""18000"",""Foreign Investors include Mainland Area Investors (Foreign Dealers excluded)-Difference"":""74600"",""Foreign Dealers-Total Buy"":""0"",""Foreign Dealers-TotalSell"":""0"",""ForeignDealers-Difference"":""0"",""ForeignInvestorsIncludeMainlandAreaInvestors-TotalBuy"":""92600"",""ForeignInvestorsIncludeMainlandAreaInvestors-TotalSell"":""18000"",""ForeignInvestorsInclude MainlandAreaInvestors-Difference"":""74600"",""SecuritiesInvestmentTrustCompanies-TotalBuy"":""0"",""SecuritiesInvestmentTrustCompanies-TotalSell"":""0"",""SecuritiesInvestmentTrustCompanies-Difference"":""0"",""Dealers-TotalBuy"":""11963"",""Dealers-TotalSell"":""13859"",""Dealers-Difference"":""-1896"",""Dealers -TotalSell"":""13859"",""TotalDifference"":""72704""}"
2026-09-08,TPEX,3230,錦明,0,0,0,0,0,0,2000,1524,476,"{""Date"":""1150908"",""SecuritiesCompanyCode"":""3230"",""CompanyName"":""錦明"",""Foreign Investors include Mainland Area Investors (Foreign Dealers excluded)-Total Buy"":""35000"","" Foreign Investors include Mainland Area Investors (Foreign Dealers excluded)-Total Sell"":""88000"",""Foreign Investors include Mainland Area Investors (Foreign Dealers excluded)-Difference"":""-53000"",""Foreign Dealers-Total Buy"":""0"",""Foreign Dealers-TotalSell"":""0"",""ForeignDealers-Difference"":""0"",""ForeignInvestorsIncludeMainlandAreaInvestors-TotalBuy"":""35000"",""ForeignInvestorsIncludeMainlandAreaInvestors-TotalSell"":""88000"",""ForeignInvestorsInclude MainlandAreaInvestors-Difference"":""-53000"",""SecuritiesInvestmentTrustCompanies-TotalBuy"":""0"",""SecuritiesInvestmentTrustCompanies-TotalSell"":""0"",""SecuritiesInvestmentTrustCompanies-Difference"":""0"",""Dealers-TotalBuy"":""2000"",""Dealers-TotalSell"":""1524"",""Dealers-Difference"":""476"",""Dealers -TotalSell"":""1524"",""TotalDifference"":""-52524""}"
2026-09-08,TPEX,3232,昱捷,0,0,0,0,0,0,0,0,0,"{""Date"":""1150908"",""SecuritiesCompanyCode"":""3232"",""CompanyName"":""昱捷"",""Foreign Investors include Mainland Area Investors (Foreign Dealers excluded)-Total Buy"":""4000"","" Foreign Investors include Mainland Area Investors (Foreign Dealers excluded)-Total Sell"":""0"",""Foreign Investors include Mainland Area Investors (Foreign Dealers excluded)-Difference"":""4000"",""Foreign Dealers-Total Buy"":""0"",""Foreign Dealers-TotalSell"":""0"",""ForeignDealers-Difference"":""0"",""ForeignInvestorsIncludeMainlandAreaInvestors-TotalBuy"":""4000"",""ForeignInvestorsIncludeMainlandAreaInvestors-TotalSell"":""0"",""ForeignInvestorsInclude MainlandAreaInvestors-Difference"":""4000"",""SecuritiesInvestmentTrustCompanies-TotalBuy"":""0"",""SecuritiesInvestmentTrustCompanies-TotalSell"":""0"",""SecuritiesInvestmentTrustCompanies-Difference"":""0"",""Dealers-TotalBuy"":""0"",""Dealers-TotalSell"":""0"",""Dealers-Difference"":""0"",""Dealers -TotalSell"":""0"",""TotalDifference"":""4000""}"
2026-09-08,TPEX,3234,光環,0,0,0,0,0,0,40000,32078,7922,"{""Date"":""1150908"",""SecuritiesCompanyCode"":""3234"",""CompanyName"":""光環"",""Foreign Investors include Mainland Area Investors (Foreign Dealers excluded)-Total Buy"":""445239"","" Foreign Investors include Mainland Area Investors (Foreign Dealers excluded)-Total Sell"":""1104130"",""Foreign Investors include Mainland Area Investors (Foreign Dealers excluded)-Difference"":""-658891"",""Foreign Dealers-Total Buy"":""0"",""Foreign Dealers-TotalSell"":""0"",""ForeignDealers-Difference"":""0"",""ForeignInvestorsIncludeMainlandAreaInvestors-TotalBuy"":""445239"",""ForeignInvestorsIncludeMainlandAreaInvestors-TotalSell"":""1104130"",""ForeignInvestorsInclude MainlandAreaInvestors-Difference"":""-658891"",""SecuritiesInvestmentTrustCompanies-TotalBuy"":""0"",""SecuritiesInvestmentTrustCompanies-TotalSell"":""0"",""SecuritiesInvestmentTrustCompanies-Difference"":""0"",""Dealers-TotalBuy"":""40000"",""Dealers-TotalSell"":""32078"",""Dealers-Difference"":""7922"",""Dealers -TotalSell"":""30078"",""TotalDifference"":""-650969""}"
2026-09-08,TPEX,3236,千如,0,0,0,0,0,0,2597,30903,-28306,"{""Date"":""1150908"",""SecuritiesCompanyCode"":""3236"",""CompanyName"":""千如"",""Foreign Investors include Mainland Area Investors (Foreign Dealers excluded)-Total Buy"":""295000"","" Foreign Investors include Mainland Area Investors (Foreign Dealers excluded)-Total Sell"":""1435000"",""Foreign Investors include Mainland Area Investors (Foreign Dealers excluded)-Difference"":""-1140000"",""Foreign Dealers-Total Buy"":""0"",""Foreign Dealers-TotalSell"":""0"",""ForeignDealers-Difference"":""0"",""ForeignInvestorsIncludeMainlandAreaInvestors-TotalBuy"":""295000"",""ForeignInvestorsIncludeMainlandAreaInvestors-TotalSell"":""1435000"",""ForeignInvestorsInclude MainlandAreaInvestors-Difference"":""-1140000"",""SecuritiesInvestmentTrustCompanies-TotalBuy"":""0"",""SecuritiesInvestmentTrustCompanies-TotalSell"":""0"",""SecuritiesInvestmentTrustCompanies-Difference"":""0"",""Dealers-TotalBuy"":""2597"",""Dealers-TotalSell"":""30903"",""Dealers-Difference"":""-28306"",""Dealers -TotalSell"":""30903"",""TotalDifference"":""-1168306""}"
2026-09-08,TPEX,3252,海灣,0,0,0,0,0,0,0,0,0,"{""Date"":""1150908"",""SecuritiesCompanyCode"":""3252"",""CompanyName"":""海灣"",""Foreign Investors include Mainland Area Investors (Foreign Dealers excluded)-Total Buy"":""0"","" Foreign Investors include Mainland Area Investors (Foreign Dealers excluded)-Total Sell"":""3000"",""Foreign Investors include Mainland Area Investors (Foreign Dealers excluded)-Difference"":""-3000"",""Foreign Dealers-Total Buy"":""0"",""Foreign Dealers-TotalSell"":""0"",""ForeignDealers-Difference"":""0"",""ForeignInvestorsIncludeMainlandAreaInvestors-TotalBuy"":""0"",""ForeignInvestorsIncludeMainlandAreaInvestors-TotalSell"":""3000"",""ForeignInvestorsInclude MainlandAreaInvestors-Difference"":""-3000"",""SecuritiesInvestmentTrustCompanies-TotalBuy"":""0"",""SecuritiesInvestmentTrustCompanies-TotalSell"":""0"",""SecuritiesInvestmentTrustCompanies-Difference"":""0"",""Dealers-TotalBuy"":""0"",""Dealers-TotalSell"":""0"",""Dealers-Difference"":""0"",""Dealers -TotalSell"":""0"",""TotalDifference"":""-3000""}"
2026-09-08,TPEX,3259,鑫創,0,0,0,0,0,0,0,0,0,"{""Date"":""1150908"",""SecuritiesCompanyCode"":""3259"",""CompanyName"":""鑫創"",""Foreign Investors include Mainland Area Investors (Foreign Dealers excluded)-Total Buy"":""0"","" Foreign Investors include Mainland Area Investors (Foreign Dealers excluded)-Total Sell"":""9000"",""Foreign Investors include Mainland Area Investors (Foreign Dealers excluded)-Difference"":""-9000"",""Foreign Dealers-Total Buy"":""0"",""Foreign Dealers-TotalSell"":""0"",""ForeignDealers-Difference"":""0"",""ForeignInvestorsIncludeMainlandAreaInvestors-TotalBuy"":""0"",""ForeignInvestorsIncludeMainlandAreaInvestors-TotalSell"":""9000"",""ForeignInvestorsInclude MainlandAreaInvestors-Difference"":""-9000"",""SecuritiesInvestmentTrustCompanies-TotalBuy"":""0"",""SecuritiesInvestmentTrustCompanies-TotalSell"":""0"",""SecuritiesInvestmentTrustCompanies-Difference"":""0"",""Dealers-TotalBuy"":""0"",""Dealers-TotalSell"":""0"",""Dealers-Difference"":""0"",""Dealers -TotalSell"":""0"",""TotalDifference"":""-9000""}"
2026-09-08,TPEX,3260,威剛,0,0,0,70800,3000,67800,888152,293628,594524,"{""Date"":""1150908"",""SecuritiesCompanyCode"":""3260"",""CompanyName"":""威剛"",""Foreign Investors include Mainland Area Investors (Foreign Dealers excluded)-Total Buy"":""4442237"","" Foreign Investors include Mainland Area Investors (Foreign Dealers excluded)-Total Sell"":""3044185"",""Foreign Investors include Mainland Area Investors (Foreign Dealers excluded)-Difference"":""1398052"",""Foreign Dealers-Total Buy"":""0"",""Foreign Dealers-TotalSell"":""0"",""ForeignDealers-Difference"":""0"",""ForeignInvestorsIncludeMainlandAreaInvestors-TotalBuy"":""4442237"",""ForeignInvestorsIncludeMainlandAreaInvestors-TotalSell"":""3044185"",""ForeignInvestorsInclude MainlandAreaInvestors-Difference"":""1398052"",""SecuritiesInvestmentTrustCompanies-TotalBuy"":""70800"",""SecuritiesInvestmentTrustCompanies-TotalSell"":""3000"",""SecuritiesInvestmentTrustCompanies-Difference"":""67800"",""Dealers-TotalBuy"":""888152"",""Dealers-TotalSell"":""293628"",""Dealers-Difference"":""594524"",""Dealers -TotalSell"":""164628"",""TotalDifference"":""2060376""}"
2026-09-08,TPEX,3264,欣銓,0,0,0,10000,115,9885,120869,96009,-52140,"{""Date"":""1150908"",""SecuritiesCompanyCode"":""3264"",""CompanyName"":""欣銓"",""Foreign Investors include Mainland Area Investors (Foreign Dealers excluded)-Total Buy"":""1720194"","" Foreign Investors include Mainland Area Investors (Foreign Dealers excluded)-Total Sell"":""3296301"",""Foreign Investors include Mainland Area Investors (Foreign Dealers excluded)-Difference"":""-1576107"",""Foreign Dealers-Total Buy"":""0"",""Foreign Dealers-TotalSell"":""0"",""ForeignDealers-Difference"":""0"",""ForeignInvestorsIncludeMainlandAreaInvestors-TotalBuy"":""1720194"",""ForeignInvestorsIncludeMainlandAreaInvestors-TotalSell"":""3296301"",""ForeignInvestorsInclude MainlandAreaInvestors-Difference"":""-1576107"",""SecuritiesInvestmentTrustCompanies-TotalBuy"":""10000"",""SecuritiesInvestmentTrustCompanies-TotalSell"":""115"",""SecuritiesInvestmentTrustCompanies-Difference"":""9885"",""Dealers-TotalBuy"":""120869"",""Dealers-TotalSell"":""173009"",""Dealers-Difference"":""-52140"",""Dealers -TotalSell"":""96009"",""TotalDifference"":""-1618362""}"
2026-09-08,TPEX,3265,台星科,0,0,0,0,13000,-13000,93000,52387,-36387,"{""Date"":""1150908"",""SecuritiesCompanyCode"":""3265"",""CompanyName"":""台星科"",""Foreign Investors include Mainland Area Investors (Foreign Dealers excluded)-Total Buy"":""213020"","" Foreign Investors include Mainland Area Investors (Foreign Dealers excluded)-Total Sell"":""1011000"",""Foreign Investors include Mainland Area Investors (Foreign Dealers excluded)-Difference"":""-797980"",""Foreign Dealers-Total Buy"":""0"",""Foreign Dealers-TotalSell"":""0"",""ForeignDealers-Difference"":""0"",""ForeignInvestorsIncludeMainlandAreaInvestors-TotalBuy"":""213020"",""ForeignInvestorsIncludeMainlandAreaInvestors-TotalSell"":""1011000"",""ForeignInvestorsInclude MainlandAreaInvestors-Difference"":""-797980"",""SecuritiesInvestmentTrustCompanies-TotalBuy"":""0"",""SecuritiesInvestmentTrustCompanies-TotalSell"":""13000"",""SecuritiesInvestmentTrustCompanies-Difference"":""-13000"",""Dealers-TotalBuy"":""93000"",""Dealers-TotalSell"":""129387"",""Dealers-Difference"":""-36387"",""Dealers -TotalSell"":""52387"",""TotalDifference"":""-847367""}"
2026-09-08,TPEX,3268,海德威,0,0,0,0,0,0,0,0,0,"{""Date"":""1150908"",""SecuritiesCompanyCode"":""3268"",""CompanyName"":""海德威"",""Foreign Investors include Mainland Area Investors (Foreign Dealers excluded)-Total Buy"":""15000"","" Foreign Investors include Mainland Area Investors (Foreign Dealers excluded)-Total Sell"":""16000"",""Foreign Investors include Mainland Area Investors (Foreign Dealers excluded)-Difference"":""-1000"",""Foreign Dealers-Total Buy"":""0"",""Foreign Dealers-TotalSell"":""0"",""ForeignDealers-Difference"":""0"",""ForeignInvestorsIncludeMainlandAreaInvestors-TotalBuy"":""15000"",""ForeignInvestorsIncludeMainlandAreaInvestors-TotalSell"":""16000"",""ForeignInvestorsInclude MainlandAreaInvestors-Difference"":""-1000"",""SecuritiesInvestmentTrustCompanies-TotalBuy"":""0"",""SecuritiesInvestmentTrustCompanies-TotalSell"":""0"",""SecuritiesInvestmentTrustCompanies-Difference"":""0"",""Dealers-TotalBuy"":""0"",""Dealers-TotalSell"":""0"",""Dealers-Difference"":""0"",""Dealers -TotalSell"":""0"",""TotalDifference"":""-1000""}"
2026-09-08,TPEX,3272,東碩,0,0,0,0,0,0,1000,181,819,"{""Date"":""1150908"",""SecuritiesCompanyCode"":""3272"",""CompanyName"":""東碩"",""Foreign Investors include Mainland Area Investors (Foreign Dealers excluded)-Total Buy"":""1000"","" Foreign Investors include Mainland Area Investors (Foreign Dealers excluded)-Total Sell"":""2000"",""Foreign Investors include Mainland Area Investors (Foreign Dealers excluded)-Difference"":""-1000"",""Foreign Dealers-Total Buy"":""0"",""Foreign Dealers-TotalSell"":""0"",""ForeignDealers-Difference"":""0"",""ForeignInvestorsIncludeMainlandAreaInvestors-TotalBuy"":""1000"",""ForeignInvestorsIncludeMainlandAreaInvestors-TotalSell"":""2000"",""ForeignInvestorsInclude MainlandAreaInvestors-Difference"":""-1000"",""SecuritiesInvestmentTrustCompanies-TotalBuy"":""0"",""SecuritiesInvestmentTrustCompanies-TotalSell"":""0"",""SecuritiesInvestmentTrustCompanies-Difference"":""0"",""Dealers-TotalBuy"":""1000"",""Dealers-TotalSell"":""181"",""Dealers-Difference"":""819"",""Dealers -TotalSell"":""181"",""TotalDifference"":""-181""}"
2026-09-08,TPEX,3276,宇環,0,0,0,0,0,0,312,91,221,"{""Date"":""1150908"",""SecuritiesCompanyCode"":""3276"",""CompanyName"":""宇環"",""Foreign Investors include Mainland Area Investors (Foreign Dealers excluded)-Total Buy"":""28000"","" Foreign Investors include Mainland Area Investors (Foreign Dealers excluded)-Total Sell"":""21000"",""Foreign Investors include Mainland Area Investors (Foreign Dealers excluded)-Difference"":""7000"",""Foreign Dealers-Total Buy"":""0"",""Foreign Dealers-TotalSell"":""0"",""ForeignDealers-Difference"":""0"",""ForeignInvestorsIncludeMainlandAreaInvestors-TotalBuy"":""28000"",""ForeignInvestorsIncludeMainlandAreaInvestors-TotalSell"":""21000"",""ForeignInvestorsInclude MainlandAreaInvestors-Difference"":""7000"",""SecuritiesInvestmentTrustCompanies-TotalBuy"":""0"",""SecuritiesInvestmentTrustCompanies-TotalSell"":""0"",""SecuritiesInvestmentTrustCompanies-Difference"":""0"",""Dealers-TotalBuy"":""312"",""Dealers-TotalSell"":""91"",""Dealers-Difference"":""221"",""Dealers -TotalSell"":""91"",""TotalDifference"":""7221""}"
2026-09-08,TPEX,3284,太普高,0,0,0,0,0,0,0,0,0,"{""Date"":""1150908"",""SecuritiesCompanyCode"":""3284"",""CompanyName"":""太普高"",""Foreign Investors include Mainland Area Investors (Foreign Dealers excluded)-Total Buy"":""48000"","" Foreign Investors include Mainland Area Investors (Foreign Dealers excluded)-Total Sell"":""13000"",""Foreign Investors include Mainland Area Investors (Foreign Dealers excluded)-Difference"":""35000"",""Foreign Dealers-Total Buy"":""0"",""Foreign Dealers-TotalSell"":""0"",""ForeignDealers-Difference"":""0"",""ForeignInvestorsIncludeMainlandAreaInvestors-TotalBuy"":""48000"",""ForeignInvestorsIncludeMainlandAreaInvestors-TotalSell"":""13000"",""ForeignInvestorsInclude MainlandAreaInvestors-Difference"":""35000"",""SecuritiesInvestmentTrustCompanies-TotalBuy"":""0"",""SecuritiesInvestmentTrustCompanies-TotalSell"":""0"",""SecuritiesInvestmentTrustCompanies-Difference"":""0"",""Dealers-TotalBuy"":""0"",""Dealers-TotalSell"":""0"",""Dealers-Difference"":""0"",""Dealers -TotalSell"":""0"",""TotalDifference"":""35000""}"
2026-09-08,TPEX,3285,微端,0,0,0,0,0,0,0,0,0,"{""Date"":""1150908"",""SecuritiesCompanyCode"":""3285"",""CompanyName"":""微端"",""Foreign Investors include Mainland Area Investors (Foreign Dealers excluded)-Total Buy"":""0"","" Foreign Investors include Mainland Area Investors (Foreign Dealers excluded)-Total Sell"":""4000"",""Foreign Investors include Mainland Area Investors (Foreign Dealers excluded)-Difference"":""-4000"",""Foreign Dealers-Total Buy"":""0"",""Foreign Dealers-TotalSell"":""0"",""ForeignDealers-Difference"":""0"",""ForeignInvestorsIncludeMainlandAreaInvestors-TotalBuy"":""0"",""ForeignInvestorsIncludeMainlandAreaInvestors-TotalSell"":""4000"",""ForeignInvestorsInclude MainlandAreaInvestors-Difference"":""-4000"",""SecuritiesInvestmentTrustCompanies-TotalBuy"":""0"",""SecuritiesInvestmentTrustCompanies-TotalSell"":""0"",""SecuritiesInvestmentTrustCompanies-Difference"":""0"",""Dealers-TotalBuy"":""0"",""Dealers-TotalSell"":""0"",""Dealers-Difference"":""0"",""Dealers -TotalSell"":""0"",""TotalDifference"":""-4000""}"
2026-09-08,TPEX,3287,廣寰科,0,0,0,0,0,0,0,1,-1,"{""Date"":""1150908"",""SecuritiesCompanyCode"":""3287"",""CompanyName"":""廣寰科"",""Foreign Investors include Mainland Area Investors (Foreign Dealers excluded)-Total Buy"":""125000"","" Foreign Investors include Mainland Area Investors (Foreign Dealers excluded)-Total Sell"":""77000"",""Foreign Investors include Mainland Area Investors (Foreign Dealers excluded)-Difference"":""48000"",""Foreign Dealers-Total Buy"":""0"",""Foreign Dealers-TotalSell"":""0"",""ForeignDealers-Difference"":""0"",""ForeignInvestorsIncludeMainlandAreaInvestors-TotalBuy"":""125000"",""ForeignInvestorsIncludeMainlandAreaInvestors-TotalSell"":""77000"",""ForeignInvestorsInclude MainlandAreaInvestors-Difference"":""48000"",""SecuritiesInvestmentTrustCompanies-TotalBuy"":""0"",""SecuritiesInvestmentTrustCompanies-TotalSell"":""0"",""SecuritiesInvestmentTrustCompanies-Difference"":""0"",""Dealers-TotalBuy"":""0"",""Dealers-TotalSell"":""1"",""Dealers-Difference"":""-1"",""Dealers -TotalSell"":""1"",""TotalDifference"":""47999""}"
2026-09-08,TPEX,3288,點晶,0,0,0,0,0,0,40,0,40,"{""Date"":""1150908"",""SecuritiesCompanyCode"":""3288"",""CompanyName"":""點晶"",""Foreign Investors include Mainland Area Investors (Foreign Dealers excluded)-Total Buy"":""0"","" Foreign Investors include Mainland Area Investors (Foreign Dealers excluded)-Total Sell"":""7000"",""Foreign Investors include Mainland Area Investors (Foreign Dealers excluded)-Difference"":""-7000"",""Foreign Dealers-Total Buy"":""0"",""Foreign Dealers-TotalSell"":""0"",""ForeignDealers-Difference"":""0"",""ForeignInvestorsIncludeMainlandAreaInvestors-TotalBuy"":""0"",""ForeignInvestorsIncludeMainlandAreaInvestors-TotalSell"":""7000"",""ForeignInvestorsInclude MainlandAreaInvestors-Difference"":""-7000"",""SecuritiesInvestmentTrustCompanies-TotalBuy"":""0"",""SecuritiesInvestmentTrustCompanies-TotalSell"":""0"",""SecuritiesInvestmentTrustCompanies-Difference"":""0"",""Dealers-TotalBuy"":""40"",""Dealers-TotalSell"":""0"",""Dealers-Difference"":""40"",""Dealers -TotalSell"":""0"",""TotalDifference"":""-6960""}"
2026-09-08,TPEX,3289,宜特,0,0,0,0,0,0,11000,15394,-4394,"{""Date"":""1150908"",""SecuritiesCompanyCode"":""3289"",""CompanyName"":""宜特"",""Foreign Investors include Mainland Area Investors (Foreign Dealers excluded)-Total Buy"":""63000"","" Foreign Investors include Mainland Area Investors (Foreign Dealers excluded)-Total Sell"":""129000"",""Foreign Investors include Mainland Area Investors (Foreign Dealers excluded)-Difference"":""-66000"",""Foreign Dealers-Total Buy"":""0"",""Foreign Dealers-TotalSell"":""0"",""ForeignDealers-Difference"":""0"",""ForeignInvestorsIncludeMainlandAreaInvestors-TotalBuy"":""63000"",""ForeignInvestorsIncludeMainlandAreaInvestors-TotalSell"":""129000"",""ForeignInvestorsInclude MainlandAreaInvestors-Difference"":""-66000"",""SecuritiesInvestmentTrustCompanies-TotalBuy"":""0"",""SecuritiesInvestmentTrustCompanies-TotalSell"":""0"",""SecuritiesInvestmentTrustCompanies-Difference"":""0"",""Dealers-TotalBuy"":""11000"",""Dealers-TotalSell"":""15394"",""Dealers-Difference"":""-4394"",""Dealers -TotalSell"":""15394"",""TotalDifference"":""-70394""}"
2026-09-08,TPEX,3290,東浦,0,0,0,0,0,0,65000,41947,23053,"{""Date"":""1150908"",""SecuritiesCompanyCode"":""3290"",""CompanyName"":""東浦"",""Foreign Investors include Mainland Area Investors (Foreign Dealers excluded)-Total Buy"":""46188"","" Foreign Investors include Mainland Area Investors (Foreign Dealers excluded)-Total Sell"":""199000"",""Foreign Investors include Mainland Area Investors (Foreign Dealers excluded)-Difference"":""-152812"",""Foreign Dealers-Total Buy"":""0"",""Foreign Dealers-TotalSell"":""0"",""ForeignDealers-Difference"":""0"",""ForeignInvestorsIncludeMainlandAreaInvestors-TotalBuy"":""46188"",""ForeignInvestorsIncludeMainlandAreaInvestors-TotalSell"":""199000"",""ForeignInvestorsInclude MainlandAreaInvestors-Difference"":""-152812"",""SecuritiesInvestmentTrustCompanies-TotalBuy"":""0"",""SecuritiesInvestmentTrustCompanies-TotalSell"":""0"",""SecuritiesInvestmentTrustCompanies-Difference"":""0"",""Dealers-TotalBuy"":""65000"",""Dealers-TotalSell"":""41947"",""Dealers-Difference"":""23053"",""Dealers -TotalSell"":""41947"",""TotalDifference"":""-129759""}"
2026-09-08,TPEX,3293,鈊象,0,0,0,21000,1000,20000,37400,62506,-25106,"{""Date"":""1150908"",""SecuritiesCompanyCode"":""3293"",""CompanyName"":""鈊象"",""Foreign Investors include Mainland Area Investors (Foreign Dealers excluded)-Total Buy"":""455604"","" Foreign Investors include Mainland Area Investors (Foreign Dealers excluded)-Total Sell"":""626600"",""Foreign Investors include Mainland Area Investors (Foreign Dealers excluded)-Difference"":""-170996"",""Foreign Dealers-Total Buy"":""0"",""Foreign Dealers-TotalSell"":""0"",""ForeignDealers-Difference"":""0"",""ForeignInvestorsIncludeMainlandAreaInvestors-TotalBuy"":""455604"",""ForeignInvestorsIncludeMainlandAreaInvestors-TotalSell"":""626600"",""ForeignInvestorsInclude MainlandAreaInvestors-Difference"":""-170996"",""SecuritiesInvestmentTrustCompanies-TotalBuy"":""21000"",""SecuritiesInvestmentTrustCompanies-TotalSell"":""1000"",""SecuritiesInvestmentTrustCompanies-Difference"":""20000"",""Dealers-TotalBuy"":""37400"",""Dealers-TotalSell"":""62506"",""Dealers-Difference"":""-25106"",""Dealers -TotalSell"":""52497"",""TotalDifference"":""-176102""}"
2026-09-08,TPEX,3294,英濟,0,0,0,0,0,0,2953,7617,-4664,"{""Date"":""1150908"",""SecuritiesCompanyCode"":""3294"",""CompanyName"":""英濟"",""Foreign Investors include Mainland Area Investors (Foreign Dealers excluded)-Total Buy"":""63000"","" Foreign Investors include Mainland Area Investors (Foreign Dealers excluded)-Total Sell"":""78130"",""Foreign Investors include Mainland Area Investors (Foreign Dealers excluded)-Difference"":""-15130"",""Foreign Dealers-Total Buy"":""0"",""Foreign Dealers-TotalSell"":""0"",""ForeignDealers-Difference"":""0"",""ForeignInvestorsIncludeMainlandAreaInvestors-TotalBuy"":""63000"",""ForeignInvestorsIncludeMainlandAreaInvestors-TotalSell"":""78130"",""ForeignInvestorsInclude MainlandAreaInvestors-Difference"":""-15130"",""SecuritiesInvestmentTrustCompanies-TotalBuy"":""0"",""SecuritiesInvestmentTrustCompanies-TotalSell"":""0"",""SecuritiesInvestmentTrustCompanies-Difference"":""0"",""Dealers-TotalBuy"":""2953"",""Dealers-TotalSell"":""7617"",""Dealers-Difference"":""-4664"",""Dealers -TotalSell"":""7617"",""TotalDifference"":""-19794""}"
2026-09-08,TPEX,3297,杭特,0,0,0,0,0,0,0,426,-426,"{""Date"":""1150908"",""SecuritiesCompanyCode"":""3297"",""CompanyName"":""杭特"",""Foreign Investors include Mainland Area Investors (Foreign Dealers excluded)-Total Buy"":""1000"","" Foreign Investors include Mainland Area Investors (Foreign Dealers excluded)-Total Sell"":""3000"",""Foreign Investors include Mainland Area Investors (Foreign Dealers excluded)-Difference"":""-2000"",""Foreign Dealers-Total Buy"":""0"",""Foreign Dealers-TotalSell"":""0"",""ForeignDealers-Difference"":""0"",""ForeignInvestorsIncludeMainlandAreaInvestors-TotalBuy"":""1000"",""ForeignInvestorsIncludeMainlandAreaInvestors-TotalSell"":""3000"",""ForeignInvestorsInclude MainlandAreaInvestors-Difference"":""-2000"",""SecuritiesInvestmentTrustCompanies-TotalBuy"":""0"",""SecuritiesInvestmentTrustCompanies-TotalSell"":""0"",""SecuritiesInvestmentTrustCompanies-Difference"":""0"",""Dealers-TotalBuy"":""0"",""Dealers-TotalSell"":""426"",""Dealers-Difference"":""-426"",""Dealers -TotalSell"":""426"",""TotalDifference"":""-2426""}"
2026-09-08,TPEX,3303,岱稜,0,0,0,0,0,0,386,0,386,"{""Date"":""1150908"",""SecuritiesCompanyCode"":""3303"",""CompanyName"":""岱稜"",""Foreign Investors include Mainland Area Investors (Foreign Dealers excluded)-Total Buy"":""52311"","" Foreign Investors include Mainland Area Investors (Foreign Dealers excluded)-Total Sell"":""5000"",""Foreign Investors include Mainland Area Investors (Foreign Dealers excluded)-Difference"":""47311"",""Foreign Dealers-Total Buy"":""0"",""Foreign Dealers-TotalSell"":""0"",""ForeignDealers-Difference"":""0"",""ForeignInvestorsIncludeMainlandAreaInvestors-TotalBuy"":""52311"",""ForeignInvestorsIncludeMainlandAreaInvestors-TotalSell"":""5000"",""ForeignInvestorsInclude MainlandAreaInvestors-Difference"":""47311"",""SecuritiesInvestmentTrustCompanies-TotalBuy"":""0"",""SecuritiesInvestmentTrustCompanies-TotalSell"":""0"",""SecuritiesInvestmentTrustCompanies-Difference"":""0"",""Dealers-TotalBuy"":""386"",""Dealers-TotalSell"":""0"",""Dealers-Difference"":""386"",""Dealers -TotalSell"":""0"",""TotalDifference"":""47697""}"
2026-09-08,TPEX,3306,鼎天,0,0,0,0,0,0,0,0,0,"{""Date"":""1150908"",""SecuritiesCompanyCode"":""3306"",""CompanyName"":""鼎天"",""Foreign Investors include Mainland Area Investors (Foreign Dealers excluded)-Total Buy"":""9000"","" Foreign Investors include Mainland Area Investors (Foreign Dealers excluded)-Total Sell"":""25000"",""Foreign Investors include Mainland Area Investors (Foreign Dealers excluded)-Difference"":""-16000"",""Foreign Dealers-Total Buy"":""0"",""Foreign Dealers-TotalSell"":""0"",""ForeignDealers-Difference"":""0"",""ForeignInvestorsIncludeMainlandAreaInvestors-TotalBuy"":""9000"",""ForeignInvestorsIncludeMainlandAreaInvestors-TotalSell"":""25000"",""ForeignInvestorsInclude MainlandAreaInvestors-Difference"":""-16000"",""SecuritiesInvestmentTrustCompanies-TotalBuy"":""0"",""SecuritiesInvestmentTrustCompanies-TotalSell"":""0"",""SecuritiesInvestmentTrustCompanies-Difference"":""0"",""Dealers-TotalBuy"":""0"",""Dealers-TotalSell"":""0"",""Dealers-Difference"":""0"",""Dealers -TotalSell"":""0"",""TotalDifference"":""-16000""}"
2026-09-08,TPEX,3310,佳穎,0,0,0,0,0,0,39,534,-495,"{""Date"":""1150908"",""SecuritiesCompanyCode"":""3310"",""CompanyName"":""佳穎"",""Foreign Investors include Mainland Area Investors (Foreign Dealers excluded)-Total Buy"":""3000"","" Foreign Investors include Mainland Area Investors (Foreign Dealers excluded)-Total Sell"":""4000"",""Foreign Investors include Mainland Area Investors (Foreign Dealers excluded)-Difference"":""-1000"",""Foreign Dealers-Total Buy"":""0"",""Foreign Dealers-TotalSell"":""0"",""ForeignDealers-Difference"":""0"",""ForeignInvestorsIncludeMainlandAreaInvestors-TotalBuy"":""3000"",""ForeignInvestorsIncludeMainlandAreaInvestors-TotalSell"":""4000"",""ForeignInvestorsInclude MainlandAreaInvestors-Difference"":""-1000"",""SecuritiesInvestmentTrustCompanies-TotalBuy"":""0"",""SecuritiesInvestmentTrustCompanies-TotalSell"":""0"",""SecuritiesInvestmentTrustCompanies-Difference"":""0"",""Dealers-TotalBuy"":""39"",""Dealers-TotalSell"":""534"",""Dealers-Difference"":""-495"",""Dealers -TotalSell"":""534"",""TotalDifference"":""-1495""}"
2026-09-08,TPEX,3313,斐成,0,0,0,0,0,0,5271,5129,142,"{""Date"":""1150908"",""SecuritiesCompanyCode"":""3313"",""CompanyName"":""斐成"",""Foreign Investors include Mainland Area Investors (Foreign Dealers excluded)-Total Buy"":""46000"","" Foreign Investors include Mainland Area Investors (Foreign Dealers excluded)-Total Sell"":""32000"",""Foreign Investors include Mainland Area Investors (Foreign Dealers excluded)-Difference"":""14000"",""Foreign Dealers-Total Buy"":""0"",""Foreign Dealers-TotalSell"":""0"",""ForeignDealers-Difference"":""0"",""ForeignInvestorsIncludeMainlandAreaInvestors-TotalBuy"":""46000"",""ForeignInvestorsIncludeMainlandAreaInvestors-TotalSell"":""32000"",""ForeignInvestorsInclude MainlandAreaInvestors-Difference"":""14000"",""SecuritiesInvestmentTrustCompanies-TotalBuy"":""0"",""SecuritiesInvestmentTrustCompanies-TotalSell"":""0"",""SecuritiesInvestmentTrustCompanies-Difference"":""0"",""Dealers-TotalBuy"":""5271"",""Dealers-TotalSell"":""5129"",""Dealers-Difference"":""142"",""Dealers -TotalSell"":""5129"",""TotalDifference"":""14142""}"
2026-09-08,TPEX,3317,尼克森,0,0,0,0,0,0,23000,37978,-14978,"{""Date"":""1150908"",""SecuritiesCompanyCode"":""3317"",""CompanyName"":""尼克森"",""Foreign Investors include Mainland Area Investors (Foreign Dealers excluded)-Total Buy"":""258080"","" Foreign Investors include Mainland Area Investors (Foreign Dealers excluded)-Total Sell"":""790691"",""Foreign Investors include Mainland Area Investors (Foreign Dealers excluded)-Difference"":""-532611"",""Foreign Dealers-Total Buy"":""0"",""Foreign Dealers-TotalSell"":""0"",""ForeignDealers-Difference"":""0"",""ForeignInvestorsIncludeMainlandAreaInvestors-TotalBuy"":""258080"",""ForeignInvestorsIncludeMainlandAreaInvestors-TotalSell"":""790691"",""ForeignInvestorsInclude MainlandAreaInvestors-Difference"":""-532611"",""SecuritiesInvestmentTrustCompanies-TotalBuy"":""0"",""SecuritiesInvestmentTrustCompanies-TotalSell"":""0"",""SecuritiesInvestmentTrustCompanies-Difference"":""0"",""Dealers-TotalBuy"":""23000"",""Dealers-TotalSell"":""37978"",""Dealers-Difference"":""-14978"",""Dealers -TotalSell"":""37978"",""TotalDifference"":""-547589""}"
2026-09-08,TPEX,3322,建舜電,0,0,0,0,0,0,0,1128,-1128,"{""Date"":""1150908"",""SecuritiesCompanyCode"":""3322"",""CompanyName"":""建舜電"",""Foreign Investors include Mainland Area Investors (Foreign Dealers excluded)-Total Buy"":""5000"","" Foreign Investors include Mainland Area Investors (Foreign Dealers excluded)-Total Sell"":""58000"",""Foreign Investors include Mainland Area Investors (Foreign Dealers excluded)-Difference"":""-53000"",""Foreign Dealers-Total Buy"":""0"",""Foreign Dealers-TotalSell"":""0"",""ForeignDealers-Difference"":""0"",""ForeignInvestorsIncludeMainlandAreaInvestors-TotalBuy"":""5000"",""ForeignInvestorsIncludeMainlandAreaInvestors-TotalSell"":""58000"",""ForeignInvestorsInclude MainlandAreaInvestors-Difference"":""-53000"",""SecuritiesInvestmentTrustCompanies-TotalBuy"":""0"",""SecuritiesInvestmentTrustCompanies-TotalSell"":""0"",""SecuritiesInvestmentTrustCompanies-Difference"":""0"",""Dealers-TotalBuy"":""0"",""Dealers-TotalSell"":""1128"",""Dealers-Difference"":""-1128"",""Dealers -TotalSell"":""1128"",""TotalDifference"":""-54128""}"
2026-09-08,TPEX,3323,加百裕,0,0,0,0,0,0,4000,5401,-1401,"{""Date"":""1150908"",""SecuritiesCompanyCode"":""3323"",""CompanyName"":""加百裕"",""Foreign Investors include Mainland Area Investors (Foreign Dealers excluded)-Total Buy"":""70000"","" Foreign Investors include Mainland Area Investors (Foreign Dealers excluded)-Total Sell"":""136130"",""Foreign Investors include Mainland Area Investors (Foreign Dealers excluded)-Difference"":""-66130"",""Foreign Dealers-Total Buy"":""0"",""Foreign Dealers-TotalSell"":""0"",""ForeignDealers-Difference"":""0"",""ForeignInvestorsIncludeMainlandAreaInvestors-TotalBuy"":""70000"",""ForeignInvestorsIncludeMainlandAreaInvestors-TotalSell"":""136130"",""ForeignInvestorsInclude MainlandAreaInvestors-Difference"":""-66130"",""SecuritiesInvestmentTrustCompanies-TotalBuy"":""0"",""SecuritiesInvestmentTrustCompanies-TotalSell"":""0"",""SecuritiesInvestmentTrustCompanies-Difference"":""0"",""Dealers-TotalBuy"":""4000"",""Dealers-TotalSell"":""5401"",""Dealers-Difference"":""-1401"",""Dealers -TotalSell"":""5401"",""TotalDifference"":""-67531""}"
2026-09-08,TPEX,3324,雙鴻,0,0,0,0,513000,-513000,498191,81510,345981,"{""Date"":""1150908"",""SecuritiesCompanyCode"":""3324"",""CompanyName"":""雙鴻"",""Foreign Investors include Mainland Area Investors (Foreign Dealers excluded)-Total Buy"":""387247"","" Foreign Investors include Mainland Area Investors (Foreign Dealers excluded)-Total Sell"":""419827"",""Foreign Investors include Mainland Area Investors (Foreign Dealers excluded)-Difference"":""-32580"",""Foreign Dealers-Total Buy"":""0"",""Foreign Dealers-TotalSell"":""0"",""ForeignDealers-Difference"":""0"",""ForeignInvestorsIncludeMainlandAreaInvestors-TotalBuy"":""387247"",""ForeignInvestorsIncludeMainlandAreaInvestors-TotalSell"":""419827"",""ForeignInvestorsInclude MainlandAreaInvestors-Difference"":""-32580"",""SecuritiesInvestmentTrustCompanies-TotalBuy"":""0"",""SecuritiesInvestmentTrustCompanies-TotalSell"":""513000"",""SecuritiesInvestmentTrustCompanies-Difference"":""-513000"",""Dealers-TotalBuy"":""498191"",""Dealers-TotalSell"":""152210"",""Dealers-Difference"":""345981"",""Dealers -TotalSell"":""81510"",""TotalDifference"":""-199599""}"
2026-09-08,TPEX,3325,旭品,0,0,0,0,0,0,356,1002,-646,"{""Date"":""1150908"",""SecuritiesCompanyCode"":""3325"",""CompanyName"":""旭品"",""Foreign Investors include Mainland Area Investors (Foreign Dealers excluded)-Total Buy"":""2000"","" Foreign Investors include Mainland Area Investors (Foreign Dealers excluded)-Total Sell"":""4000"",""Foreign Investors include Mainland Area Investors (Foreign Dealers excluded)-Difference"":""-2000"",""Foreign Dealers-Total Buy"":""0"",""Foreign Dealers-TotalSell"":""0"",""ForeignDealers-Difference"":""0"",""ForeignInvestorsIncludeMainlandAreaInvestors-TotalBuy"":""2000"",""ForeignInvestorsIncludeMainlandAreaInvestors-TotalSell"":""4000"",""ForeignInvestorsInclude MainlandAreaInvestors-Difference"":""-2000"",""SecuritiesInvestmentTrustCompanies-TotalBuy"":""0"",""SecuritiesInvestmentTrustCompanies-TotalSell"":""0"",""SecuritiesInvestmentTrustCompanies-Difference"":""0"",""Dealers-TotalBuy"":""356"",""Dealers-TotalSell"":""1002"",""Dealers-Difference"":""-646"",""Dealers -TotalSell"":""1002"",""TotalDifference"":""-2646""}"
2026-09-08,TPEX,3332,幸康,0,0,0,0,0,0,0,0,0,"{""Date"":""1150908"",""SecuritiesCompanyCode"":""3332"",""CompanyName"":""幸康"",""Foreign Investors include Mainland Area Investors (Foreign Dealers excluded)-Total Buy"":""0"","" Foreign Investors include Mainland Area Investors (Foreign Dealers excluded)-Total Sell"":""1000"",""Foreign Investors include Mainland Area Investors (Foreign Dealers excluded)-Difference"":""-1000"",""Foreign Dealers-Total Buy"":""0"",""Foreign Dealers-TotalSell"":""0"",""ForeignDealers-Difference"":""0"",""ForeignInvestorsIncludeMainlandAreaInvestors-TotalBuy"":""0"",""ForeignInvestorsIncludeMainlandAreaInvestors-TotalSell"":""1000"",""ForeignInvestorsInclude MainlandAreaInvestors-Difference"":""-1000"",""SecuritiesInvestmentTrustCompanies-TotalBuy"":""0"",""SecuritiesInvestmentTrustCompanies-TotalSell"":""0"",""SecuritiesInvestmentTrustCompanies-Difference"":""0"",""Dealers-TotalBuy"":""0"",""Dealers-TotalSell"":""0"",""Dealers-Difference"":""0"",""Dealers -TotalSell"":""0"",""TotalDifference"":""-1000""}"
2026-09-08,TPEX,3339,泰谷,0,0,0,0,0,0,4007,4073,-66,"{""Date"":""1150908"",""SecuritiesCompanyCode"":""3339"",""CompanyName"":""泰谷"",""Foreign Investors include Mainland Area Investors (Foreign Dealers excluded)-Total Buy"":""128000"","" Foreign Investors include Mainland Area Investors (Foreign Dealers excluded)-Total Sell"":""302000"",""Foreign Investors include Mainland Area Investors (Foreign Dealers excluded)-Difference"":""-174000"",""Foreign Dealers-Total Buy"":""0"",""Foreign Dealers-TotalSell"":""0"",""ForeignDealers-Difference"":""0"",""ForeignInvestorsIncludeMainlandAreaInvestors-TotalBuy"":""128000"",""ForeignInvestorsIncludeMainlandAreaInvestors-TotalSell"":""302000"",""ForeignInvestorsInclude MainlandAreaInvestors-Difference"":""-174000"",""SecuritiesInvestmentTrustCompanies-TotalBuy"":""0"",""SecuritiesInvestmentTrustCompanies-TotalSell"":""0"",""SecuritiesInvestmentTrustCompanies-Difference"":""0"",""Dealers-TotalBuy"":""4007"",""Dealers-TotalSell"":""4073"",""Dealers-Difference"":""-66"",""Dealers -TotalSell"":""4073"",""TotalDifference"":""-174066""}"
2026-09-08,TPEX,3349,寶德,0,0,0,0,0,0,94,109,-15,"{""Date"":""1150908"",""SecuritiesCompanyCode"":""3349"",""CompanyName"":""寶德"",""Foreign Investors include Mainland Area Investors (Foreign Dealers excluded)-Total Buy"":""112000"","" Foreign Investors include Mainland Area Investors (Foreign Dealers excluded)-Total Sell"":""64000"",""Foreign Investors include Mainland Area Investors (Foreign Dealers excluded)-Difference"":""48000"",""Foreign Dealers-Total Buy"":""0"",""Foreign Dealers-TotalSell"":""0"",""ForeignDealers-Difference"":""0"",""ForeignInvestorsIncludeMainlandAreaInvestors-TotalBuy"":""112000"",""ForeignInvestorsIncludeMainlandAreaInvestors-TotalSell"":""64000"",""ForeignInvestorsInclude MainlandAreaInvestors-Difference"":""48000"",""SecuritiesInvestmentTrustCompanies-TotalBuy"":""0"",""SecuritiesInvestmentTrustCompanies-TotalSell"":""0"",""SecuritiesInvestmentTrustCompanies-Difference"":""0"",""Dealers-TotalBuy"":""94"",""Dealers-TotalSell"":""109"",""Dealers-Difference"":""-15"",""Dealers -TotalSell"":""109"",""TotalDifference"":""47985""}"
2026-09-08,TPEX,3354,律勝,0,0,0,0,0,0,12306,13074,-768,"{""Date"":""1150908"",""SecuritiesCompanyCode"":""3354"",""CompanyName"":""律勝"",""Foreign Investors include Mainland Area Investors (Foreign Dealers excluded)-Total Buy"":""598578"","" Foreign Investors include Mainland Area Investors (Foreign Dealers excluded)-Total Sell"":""1161000"",""Foreign Investors include Mainland Area Investors (Foreign Dealers excluded)-Difference"":""-562422"",""Foreign Dealers-Total Buy"":""0"",""Foreign Dealers-TotalSell"":""0"",""ForeignDealers-Difference"":""0"",""ForeignInvestorsIncludeMainlandAreaInvestors-TotalBuy"":""598578"",""ForeignInvestorsIncludeMainlandAreaInvestors-TotalSell"":""1161000"",""ForeignInvestorsInclude MainlandAreaInvestors-Difference"":""-562422"",""SecuritiesInvestmentTrustCompanies-TotalBuy"":""0"",""SecuritiesInvestmentTrustCompanies-TotalSell"":""0"",""SecuritiesInvestmentTrustCompanies-Difference"":""0"",""Dealers-TotalBuy"":""12306"",""Dealers-TotalSell"":""13074"",""Dealers-Difference"":""-768"",""Dealers -TotalSell"":""13074"",""TotalDifference"":""-563190""}"
2026-09-08,TPEX,3357,臺慶科,0,0,0,0,0,0,11000,58737,-47737,"{""Date"":""1150908"",""SecuritiesCompanyCode"":""3357"",""CompanyName"":""臺慶科"",""Foreign Investors include Mainland Area Investors (Foreign Dealers excluded)-Total Buy"":""237276"","" Foreign Investors include Mainland Area Investors (Foreign Dealers excluded)-Total Sell"":""352000"",""Foreign Investors include Mainland Area Investors (Foreign Dealers excluded)-Difference"":""-114724"",""Foreign Dealers-Total Buy"":""0"",""Foreign Dealers-TotalSell"":""0"",""ForeignDealers-Difference"":""0"",""ForeignInvestorsIncludeMainlandAreaInvestors-TotalBuy"":""237276"",""ForeignInvestorsIncludeMainlandAreaInvestors-TotalSell"":""352000"",""ForeignInvestorsInclude MainlandAreaInvestors-Difference"":""-114724"",""SecuritiesInvestmentTrustCompanies-TotalBuy"":""0"",""SecuritiesInvestmentTrustCompanies-TotalSell"":""0"",""SecuritiesInvestmentTrustCompanies-Difference"":""0"",""Dealers-TotalBuy"":""11000"",""Dealers-TotalSell"":""58737"",""Dealers-Difference"":""-47737"",""Dealers -TotalSell"":""48737"",""TotalDifference"":""-162461""}"
2026-09-08,TPEX,3360,尚立,0,0,0,0,0,0,0,0,0,"{""Date"":""1150908"",""SecuritiesCompanyCode"":""3360"",""CompanyName"":""尚立"",""Foreign Investors include Mainland Area Investors (Foreign Dealers excluded)-Total Buy"":""22095"","" Foreign Investors include Mainland Area Investors (Foreign Dealers excluded)-Total Sell"":""41000"",""Foreign Investors include Mainland Area Investors (Foreign Dealers excluded)-Difference"":""-18905"",""Foreign Dealers-Total Buy"":""0"",""Foreign Dealers-TotalSell"":""0"",""ForeignDealers-Difference"":""0"",""ForeignInvestorsIncludeMainlandAreaInvestors-TotalBuy"":""22095"",""ForeignInvestorsIncludeMainlandAreaInvestors-TotalSell"":""41000"",""ForeignInvestorsInclude MainlandAreaInvestors-Difference"":""-18905"",""SecuritiesInvestmentTrustCompanies-TotalBuy"":""0"",""SecuritiesInvestmentTrustCompanies-TotalSell"":""0"",""SecuritiesInvestmentTrustCompanies-Difference"":""0"",""Dealers-TotalBuy"":""0"",""Dealers-TotalSell"":""0"",""Dealers-Difference"":""0"",""Dealers -TotalSell"":""0"",""TotalDifference"":""-18905""}"
2026-09-08,TPEX,3362,先進光,0,0,0,0,0,0,53317,53732,-415,"{""Date"":""1150908"",""SecuritiesCompanyCode"":""3362"",""CompanyName"":""先進光"",""Foreign Investors include Mainland Area Investors (Foreign Dealers excluded)-Total Buy"":""1000653"","" Foreign Investors include Mainland Area Investors (Foreign Dealers excluded)-Total Sell"":""1290015"",""Foreign Investors include Mainland Area Investors (Foreign Dealers excluded)-Difference"":""-289362"",""Foreign Dealers-Total Buy"":""0"",""Foreign Dealers-TotalSell"":""0"",""ForeignDealers-Difference"":""0"",""ForeignInvestorsIncludeMainlandAreaInvestors-TotalBuy"":""1000653"",""ForeignInvestorsIncludeMainlandAreaInvestors-TotalSell"":""1290015"",""ForeignInvestorsInclude MainlandAreaInvestors-Difference"":""-289362"",""SecuritiesInvestmentTrustCompanies-TotalBuy"":""0"",""SecuritiesInvestmentTrustCompanies-TotalSell"":""0"",""SecuritiesInvestmentTrustCompanies-Difference"":""0"",""Dealers-TotalBuy"":""53317"",""Dealers-TotalSell"":""53732"",""Dealers-Difference"":""-415"",""Dealers -TotalSell"":""53732"",""TotalDifference"":""-289777""}"
2026-09-08,TPEX,3363,上詮,0,0,0,0,65000,-65000,43872,59115,-15243,"{""Date"":""1150908"",""SecuritiesCompanyCode"":""3363"",""CompanyName"":""上詮"",""Foreign Investors include Mainland Area Investors (Foreign Dealers excluded)-Total Buy"":""1271252"","" Foreign Investors include Mainland Area Investors (Foreign Dealers excluded)-Total Sell"":""1350996"",""Foreign Investors include Mainland Area Investors (Foreign Dealers excluded)-Difference"":""-79744"",""Foreign Dealers-Total Buy"":""0"",""Foreign Dealers-TotalSell"":""0"",""ForeignDealers-Difference"":""0"",""ForeignInvestorsIncludeMainlandAreaInvestors-TotalBuy"":""1271252"",""ForeignInvestorsIncludeMainlandAreaInvestors-TotalSell"":""1350996"",""ForeignInvestorsInclude MainlandAreaInvestors-Difference"":""-79744"",""SecuritiesInvestmentTrustCompanies-TotalBuy"":""0"",""SecuritiesInvestmentTrustCompanies-TotalSell"":""65000"",""SecuritiesInvestmentTrustCompanies-Difference"":""-65000"",""Dealers-TotalBuy"":""43872"",""Dealers-TotalSell"":""59115"",""Dealers-Difference"":""-15243"",""Dealers -TotalSell"":""41115"",""TotalDifference"":""-159987""}"
2026-09-08,TPEX,3372,典範,0,0,0,0,0,0,2667,2255,-19588,"{""Date"":""1150908"",""SecuritiesCompanyCode"":""3372"",""CompanyName"":""典範"",""Foreign Investors include Mainland Area Investors (Foreign Dealers excluded)-Total Buy"":""102000"","" Foreign Investors include Mainland Area Investors (Foreign Dealers excluded)-Total Sell"":""48021"",""Foreign Investors include Mainland Area Investors (Foreign Dealers excluded)-Difference"":""53979"",""Foreign Dealers-Total Buy"":""0"",""Foreign Dealers-TotalSell"":""0"",""ForeignDealers-Difference"":""0"",""ForeignInvestorsIncludeMainlandAreaInvestors-TotalBuy"":""102000"",""ForeignInvestorsIncludeMainlandAreaInvestors-TotalSell"":""48021"",""ForeignInvestorsInclude MainlandAreaInvestors-Difference"":""53979"",""SecuritiesInvestmentTrustCompanies-TotalBuy"":""0"",""SecuritiesInvestmentTrustCompanies-TotalSell"":""0"",""SecuritiesInvestmentTrustCompanies-Difference"":""0"",""Dealers-TotalBuy"":""2667"",""Dealers-TotalSell"":""22255"",""Dealers-Difference"":""-19588"",""Dealers -TotalSell"":""2255"",""TotalDifference"":""34391""}"
2026-09-08,TPEX,3373,熱映,0,0,0,0,0,0,0,8,-8,"{""Date"":""1150908"",""SecuritiesCompanyCode"":""3373"",""CompanyName"":""熱映"",""Foreign Investors include Mainland Area Investors (Foreign Dealers excluded)-Total Buy"":""0"","" Foreign Investors include Mainland Area Investors (Foreign Dealers excluded)-Total Sell"":""13000"",""Foreign Investors include Mainland Area Investors (Foreign Dealers excluded)-Difference"":""-13000"",""Foreign Dealers-Total Buy"":""0"",""Foreign Dealers-TotalSell"":""0"",""ForeignDealers-Difference"":""0"",""ForeignInvestorsIncludeMainlandAreaInvestors-TotalBuy"":""0"",""ForeignInvestorsIncludeMainlandAreaInvestors-TotalSell"":""13000"",""ForeignInvestorsInclude MainlandAreaInvestors-Difference"":""-13000"",""SecuritiesInvestmentTrustCompanies-TotalBuy"":""0"",""SecuritiesInvestmentTrustCompanies-TotalSell"":""0"",""SecuritiesInvestmentTrustCompanies-Difference"":""0"",""Dealers-TotalBuy"":""0"",""Dealers-TotalSell"":""8"",""Dealers-Difference"":""-8"",""Dealers -TotalSell"":""8"",""TotalDifference"":""-13008""}"
2026-09-08,TPEX,3374,精材,0,0,0,0,0,0,87805,254237,-166432,"{""Date"":""1150908"",""SecuritiesCompanyCode"":""3374"",""CompanyName"":""精材"",""Foreign Investors include Mainland Area Investors (Foreign Dealers excluded)-Total Buy"":""599180"","" Foreign Investors include Mainland Area Investors (Foreign Dealers excluded)-Total Sell"":""153755"",""Foreign Investors include Mainland Area Investors (Foreign Dealers excluded)-Difference"":""445425"",""Foreign Dealers-Total Buy"":""0"",""Foreign Dealers-TotalSell"":""0"",""ForeignDealers-Difference"":""0"",""ForeignInvestorsIncludeMainlandAreaInvestors-TotalBuy"":""599180"",""ForeignInvestorsIncludeMainlandAreaInvestors-TotalSell"":""153755"",""ForeignInvestorsInclude MainlandAreaInvestors-Difference"":""445425"",""SecuritiesInvestmentTrustCompanies-TotalBuy"":""0"",""SecuritiesInvestmentTrustCompanies-TotalSell"":""0"",""SecuritiesInvestmentTrustCompanies-Difference"":""0"",""Dealers-TotalBuy"":""87805"",""Dealers-TotalSell"":""254237"",""Dealers-Difference"":""-166432"",""Dealers -TotalSell"":""110322"",""TotalDifference"":""278993""}"
2026-09-08,TPEX,3379,彬台,0,0,0,0,0,0,0,0,0,"{""Date"":""1150908"",""SecuritiesCompanyCode"":""3379"",""CompanyName"":""彬台"",""Foreign Investors include Mainland Area Investors (Foreign Dealers excluded)-Total Buy"":""19000"","" Foreign Investors include Mainland Area Investors (Foreign Dealers excluded)-Total Sell"":""13000"",""Foreign Investors include Mainland Area Investors (Foreign Dealers excluded)-Difference"":""6000"",""Foreign Dealers-Total Buy"":""0"",""Foreign Dealers-TotalSell"":""0"",""ForeignDealers-Difference"":""0"",""ForeignInvestorsIncludeMainlandAreaInvestors-TotalBuy"":""19000"",""ForeignInvestorsIncludeMainlandAreaInvestors-TotalSell"":""13000"",""ForeignInvestorsInclude MainlandAreaInvestors-Difference"":""6000"",""SecuritiesInvestmentTrustCompanies-TotalBuy"":""0"",""SecuritiesInvestmentTrustCompanies-TotalSell"":""0"",""SecuritiesInvestmentTrustCompanies-Difference"":""0"",""Dealers-TotalBuy"":""0"",""Dealers-TotalSell"":""0"",""Dealers-Difference"":""0"",""Dealers -TotalSell"":""0"",""TotalDifference"":""6000""}"
2026-09-08,TPEX,3388,崇越電,0,0,0,0,0,0,8073,68541,-60468,"{""Date"":""1150908"",""SecuritiesCompanyCode"":""3388"",""CompanyName"":""崇越電"",""Foreign Investors include Mainland Area Investors (Foreign Dealers excluded)-Total Buy"":""336778"","" Foreign Investors include Mainland Area Investors (Foreign Dealers excluded)-Total Sell"":""501000"",""Foreign Investors include Mainland Area Investors (Foreign Dealers excluded)-Difference"":""-164222"",""Foreign Dealers-Total Buy"":""0"",""Foreign Dealers-TotalSell"":""0"",""ForeignDealers-Difference"":""0"",""ForeignInvestorsIncludeMainlandAreaInvestors-TotalBuy"":""336778"",""ForeignInvestorsIncludeMainlandAreaInvestors-TotalSell"":""501000"",""ForeignInvestorsInclude MainlandAreaInvestors-Difference"":""-164222"",""SecuritiesInvestmentTrustCompanies-TotalBuy"":""0"",""SecuritiesInvestmentTrustCompanies-TotalSell"":""0"",""SecuritiesInvestmentTrustCompanies-Difference"":""0"",""Dealers-TotalBuy"":""8073"",""Dealers-TotalSell"":""68541"",""Dealers-Difference"":""-60468"",""Dealers -TotalSell"":""68541"",""TotalDifference"":""-224690""}"
2026-09-08,TPEX,3390,旭軟,0,0,0,0,0,0,0,0,0,"{""Date"":""1150908"",""SecuritiesCompanyCode"":""3390"",""CompanyName"":""旭軟"",""Foreign Investors include Mainland Area Investors (Foreign Dealers excluded)-Total Buy"":""14000"","" Foreign Investors include Mainland Area Investors (Foreign Dealers excluded)-Total Sell"":""123000"",""Foreign Investors include Mainland Area Investors (Foreign Dealers excluded)-Difference"":""-109000"",""Foreign Dealers-Total Buy"":""0"",""Foreign Dealers-TotalSell"":""0"",""ForeignDealers-Difference"":""0"",""ForeignInvestorsIncludeMainlandAreaInvestors-TotalBuy"":""14000"",""ForeignInvestorsIncludeMainlandAreaInvestors-TotalSell"":""123000"",""ForeignInvestorsInclude MainlandAreaInvestors-Difference"":""-109000"",""SecuritiesInvestmentTrustCompanies-TotalBuy"":""0"",""SecuritiesInvestmentTrustCompanies-TotalSell"":""0"",""SecuritiesInvestmentTrustCompanies-Difference"":""0"",""Dealers-TotalBuy"":""0"",""Dealers-TotalSell"":""0"",""Dealers-Difference"":""0"",""Dealers -TotalSell"":""0"",""TotalDifference"":""-109000""}"
2026-09-08,TPEX,3402,漢科,0,0,0,0,0,0,1000,2944,-1944,"{""Date"":""1150908"",""SecuritiesCompanyCode"":""3402"",""CompanyName"":""漢科"",""Foreign Investors include Mainland Area Investors (Foreign Dealers excluded)-Total Buy"":""23142"","" Foreign Investors include Mainland Area Investors (Foreign Dealers excluded)-Total Sell"":""89000"",""Foreign Investors include Mainland Area Investors (Foreign Dealers excluded)-Difference"":""-65858"",""Foreign Dealers-Total Buy"":""0"",""Foreign Dealers-TotalSell"":""0"",""ForeignDealers-Difference"":""0"",""ForeignInvestorsIncludeMainlandAreaInvestors-TotalBuy"":""23142"",""ForeignInvestorsIncludeMainlandAreaInvestors-TotalSell"":""89000"",""ForeignInvestorsInclude MainlandAreaInvestors-Difference"":""-65858"",""SecuritiesInvestmentTrustCompanies-TotalBuy"":""0"",""SecuritiesInvestmentTrustCompanies-TotalSell"":""0"",""SecuritiesInvestmentTrustCompanies-Difference"":""0"",""Dealers-TotalBuy"":""1000"",""Dealers-TotalSell"":""2944"",""Dealers-Difference"":""-1944"",""Dealers -TotalSell"":""2944"",""TotalDifference"":""-67802""}"
2026-09-08,TPEX,3430,奇鈦科,0,0,0,0,0,0,3187,3113,74,"{""Date"":""1150908"",""SecuritiesCompanyCode"":""3430"",""CompanyName"":""奇鈦科"",""Foreign Investors include Mainland Area Investors (Foreign Dealers excluded)-Total Buy"":""13000"","" Foreign Investors include Mainland Area Investors (Foreign Dealers excluded)-Total Sell"":""104000"",""Foreign Investors include Mainland Area Investors (Foreign Dealers excluded)-Difference"":""-91000"",""Foreign Dealers-Total Buy"":""0"",""Foreign Dealers-TotalSell"":""0"",""ForeignDealers-Difference"":""0"",""ForeignInvestorsIncludeMainlandAreaInvestors-TotalBuy"":""13000"",""ForeignInvestorsIncludeMainlandAreaInvestors-TotalSell"":""104000"",""ForeignInvestorsInclude MainlandAreaInvestors-Difference"":""-91000"",""SecuritiesInvestmentTrustCompanies-TotalBuy"":""0"",""SecuritiesInvestmentTrustCompanies-TotalSell"":""0"",""SecuritiesInvestmentTrustCompanies-Difference"":""0"",""Dealers-TotalBuy"":""3187"",""Dealers-TotalSell"":""3113"",""Dealers-Difference"":""74"",""Dealers -TotalSell"":""3113"",""TotalDifference"":""-90926""}"
2026-09-08,TPEX,3434,哲固,0,0,0,0,0,0,0,41,-41,"{""Date"":""1150908"",""SecuritiesCompanyCode"":""3434"",""CompanyName"":""哲固"",""Foreign Investors include Mainland Area Investors (Foreign Dealers excluded)-Total Buy"":""1000"","" Foreign Investors include Mainland Area Investors (Foreign Dealers excluded)-Total Sell"":""1000"",""Foreign Investors include Mainland Area Investors (Foreign Dealers excluded)-Difference"":""0"",""Foreign Dealers-Total Buy"":""0"",""Foreign Dealers-TotalSell"":""0"",""ForeignDealers-Difference"":""0"",""ForeignInvestorsIncludeMainlandAreaInvestors-TotalBuy"":""1000"",""ForeignInvestorsIncludeMainlandAreaInvestors-TotalSell"":""1000"",""ForeignInvestorsInclude MainlandAreaInvestors-Difference"":""0"",""SecuritiesInvestmentTrustCompanies-TotalBuy"":""0"",""SecuritiesInvestmentTrustCompanies-TotalSell"":""0"",""SecuritiesInvestmentTrustCompanies-Difference"":""0"",""Dealers-TotalBuy"":""0"",""Dealers-TotalSell"":""41"",""Dealers-Difference"":""-41"",""Dealers -TotalSell"":""41"",""TotalDifference"":""-41""}"
2026-09-08,TPEX,3438,類比科,0,0,0,0,0,0,1000,952,48,"{""Date"":""1150908"",""SecuritiesCompanyCode"":""3438"",""CompanyName"":""類比科"",""Foreign Investors include Mainland Area Investors (Foreign Dealers excluded)-Total Buy"":""32000"","" Foreign Investors include Mainland Area Investors (Foreign Dealers excluded)-Total Sell"":""25000"",""Foreign Investors include Mainland Area Investors (Foreign Dealers excluded)-Difference"":""7000"",""Foreign Dealers-Total Buy"":""0"",""Foreign Dealers-TotalSell"":""0"",""ForeignDealers-Difference"":""0"",""ForeignInvestorsIncludeMainlandAreaInvestors-TotalBuy"":""32000"",""ForeignInvestorsIncludeMainlandAreaInvestors-TotalSell"":""25000"",""ForeignInvestorsInclude MainlandAreaInvestors-Difference"":""7000"",""SecuritiesInvestmentTrustCompanies-TotalBuy"":""0"",""SecuritiesInvestmentTrustCompanies-TotalSell"":""0"",""SecuritiesInvestmentTrustCompanies-Difference"":""0"",""Dealers-TotalBuy"":""1000"",""Dealers-TotalSell"":""952"",""Dealers-Difference"":""48"",""Dealers -TotalSell"":""952"",""TotalDifference"":""7048""}"
2026-09-08,TPEX,3441,聯一光,0,0,0,0,0,0,28835,29657,-822,"{""Date"":""1150908"",""SecuritiesCompanyCode"":""3441"",""CompanyName"":""聯一光"",""Foreign Investors include Mainland Area Investors (Foreign Dealers excluded)-Total Buy"":""3513228"","" Foreign Investors include Mainland Area Investors (Foreign Dealers excluded)-Total Sell"":""3525185"",""Foreign Investors include Mainland Area Investors (Foreign Dealers excluded)-Difference"":""-11957"",""Foreign Dealers-Total Buy"":""0"",""Foreign Dealers-TotalSell"":""0"",""ForeignDealers-Difference"":""0"",""ForeignInvestorsIncludeMainlandAreaInvestors-TotalBuy"":""3513228"",""ForeignInvestorsIncludeMainlandAreaInvestors-TotalSell"":""3525185"",""ForeignInvestorsInclude MainlandAreaInvestors-Difference"":""-11957"",""SecuritiesInvestmentTrustCompanies-TotalBuy"":""0"",""SecuritiesInvestmentTrustCompanies-TotalSell"":""0"",""SecuritiesInvestmentTrustCompanies-Difference"":""0"",""Dealers-TotalBuy"":""28835"",""Dealers-TotalSell"":""29657"",""Dealers-Difference"":""-822"",""Dealers -TotalSell"":""28657"",""TotalDifference"":""-12779""}"
2026-09-08,TPEX,3444,利機,0,0,0,0,0,0,8088,6173,1915,"{""Date"":""1150908"",""SecuritiesCompanyCode"":""3444"",""CompanyName"":""利機"",""Foreign Investors include Mainland Area Investors (Foreign Dealers excluded)-Total Buy"":""42000"","" Foreign Investors include Mainland Area Investors (Foreign Dealers excluded)-Total Sell"":""91050"",""Foreign Investors include Mainland Area Investors (Foreign Dealers excluded)-Difference"":""-49050"",""Foreign Dealers-Total Buy"":""0"",""Foreign Dealers-TotalSell"":""0"",""ForeignDealers-Difference"":""0"",""ForeignInvestorsIncludeMainlandAreaInvestors-TotalBuy"":""42000"",""ForeignInvestorsIncludeMainlandAreaInvestors-TotalSell"":""91050"",""ForeignInvestorsInclude MainlandAreaInvestors-Difference"":""-49050"",""SecuritiesInvestmentTrustCompanies-TotalBuy"":""0"",""SecuritiesInvestmentTrustCompanies-TotalSell"":""0"",""SecuritiesInvestmentTrustCompanies-Difference"":""0"",""Dealers-TotalBuy"":""8088"",""Dealers-TotalSell"":""6173"",""Dealers-Difference"":""1915"",""Dealers -TotalSell"":""6173"",""TotalDifference"":""-47135""}"
2026-09-08,TPEX,3455,由田,0,0,0,0,0,0,21201,35376,-14175,"{""Date"":""1150908"",""SecuritiesCompanyCode"":""3455"",""CompanyName"":""由田"",""Foreign Investors include Mainland Area Investors (Foreign Dealers excluded)-Total Buy"":""314127"","" Foreign Investors include Mainland Area Investors (Foreign Dealers excluded)-Total Sell"":""379357"",""Foreign Investors include Mainland Area Investors (Foreign Dealers excluded)-Difference"":""-65230"",""Foreign Dealers-Total Buy"":""0"",""Foreign Dealers-TotalSell"":""0"",""ForeignDealers-Difference"":""0"",""ForeignInvestorsIncludeMainlandAreaInvestors-TotalBuy"":""314127"",""ForeignInvestorsIncludeMainlandAreaInvestors-TotalSell"":""379357"",""ForeignInvestorsInclude MainlandAreaInvestors-Difference"":""-65230"",""SecuritiesInvestmentTrustCompanies-TotalBuy"":""0"",""SecuritiesInvestmentTrustCompanies-TotalSell"":""0"",""SecuritiesInvestmentTrustCompanies-Difference"":""0"",""Dealers-TotalBuy"":""21201"",""Dealers-TotalSell"":""35376"",""Dealers-Difference"":""-14175"",""Dealers -TotalSell"":""35376"",""TotalDifference"":""-79405""}"
2026-09-08,TPEX,3466,德晉,0,0,0,0,0,0,3000,2366,634,"{""Date"":""1150908"",""SecuritiesCompanyCode"":""3466"",""CompanyName"":""德晉"",""Foreign Investors include Mainland Area Investors (Foreign Dealers excluded)-Total Buy"":""71000"","" Foreign Investors include Mainland Area Investors (Foreign Dealers excluded)-Total Sell"":""30000"",""Foreign Investors include Mainland Area Investors (Foreign Dealers excluded)-Difference"":""41000"",""Foreign Dealers-Total Buy"":""0"",""Foreign Dealers-TotalSell"":""0"",""ForeignDealers-Difference"":""0"",""ForeignInvestorsIncludeMainlandAreaInvestors-TotalBuy"":""71000"",""ForeignInvestorsIncludeMainlandAreaInvestors-TotalSell"":""30000"",""ForeignInvestorsInclude MainlandAreaInvestors-Difference"":""41000"",""SecuritiesInvestmentTrustCompanies-TotalBuy"":""0"",""SecuritiesInvestmentTrustCompanies-TotalSell"":""0"",""SecuritiesInvestmentTrustCompanies-Difference"":""0"",""Dealers-TotalBuy"":""3000"",""Dealers-TotalSell"":""2366"",""Dealers-Difference"":""634"",""Dealers -TotalSell"":""2366"",""TotalDifference"":""41634""}"
2026-09-08,TPEX,3467,台灣精材,0,0,0,0,0,0,90,6000,-5910,"{""Date"":""1150908"",""SecuritiesCompanyCode"":""3467"",""CompanyName"":""台灣精材"",""Foreign Investors include Mainland Area Investors (Foreign Dealers excluded)-Total Buy"":""23000"","" Foreign Investors include Mainland Area Investors (Foreign Dealers excluded)-Total Sell"":""9000"",""Foreign Investors include Mainland Area Investors (Foreign Dealers excluded)-Difference"":""14000"",""Foreign Dealers-Total Buy"":""0"",""Foreign Dealers-TotalSell"":""0"",""ForeignDealers-Difference"":""0"",""ForeignInvestorsIncludeMainlandAreaInvestors-TotalBuy"":""23000"",""ForeignInvestorsIncludeMainlandAreaInvestors-TotalSell"":""9000"",""ForeignInvestorsInclude MainlandAreaInvestors-Difference"":""14000"",""SecuritiesInvestmentTrustCompanies-TotalBuy"":""0"",""SecuritiesInvestmentTrustCompanies-TotalSell"":""0"",""SecuritiesInvestmentTrustCompanies-Difference"":""0"",""Dealers-TotalBuy"":""90"",""Dealers-TotalSell"":""6000"",""Dealers-Difference"":""-5910"",""Dealers -TotalSell"":""0"",""TotalDifference"":""8090""}"
2026-09-08,TPEX,3479,安勤,0,0,0,0,0,0,3000,4606,-1606,"{""Date"":""1150908"",""SecuritiesCompanyCode"":""3479"",""CompanyName"":""安勤"",""Foreign Investors include Mainland Area Investors (Foreign Dealers excluded)-Total Buy"":""14000"","" Foreign Investors include Mainland Area Investors (Foreign Dealers excluded)-Total Sell"":""101000"",""Foreign Investors include Mainland Area Investors (Foreign Dealers excluded)-Difference"":""-87000"",""Foreign Dealers-Total Buy"":""0"",""Foreign Dealers-TotalSell"":""0"",""ForeignDealers-Difference"":""0"",""ForeignInvestorsIncludeMainlandAreaInvestors-TotalBuy"":""14000"",""ForeignInvestorsIncludeMainlandAreaInvestors-TotalSell"":""101000"",""ForeignInvestorsInclude MainlandAreaInvestors-Difference"":""-87000"",""SecuritiesInvestmentTrustCompanies-TotalBuy"":""0"",""SecuritiesInvestmentTrustCompanies-TotalSell"":""0"",""SecuritiesInvestmentTrustCompanies-Difference"":""0"",""Dealers-TotalBuy"":""3000"",""Dealers-TotalSell"":""4606"",""Dealers-Difference"":""-1606"",""Dealers -TotalSell"":""4606"",""TotalDifference"":""-88606""}"
2026-09-08,TPEX,3483,力致,0,0,0,0,0,0,3635,303,3332,"{""Date"":""1150908"",""SecuritiesCompanyCode"":""3483"",""CompanyName"":""力致"",""Foreign Investors include Mainland Area Investors (Foreign Dealers excluded)-Total Buy"":""39003"","" Foreign Investors include Mainland Area Investors (Foreign Dealers excluded)-Total Sell"":""146000"",""Foreign Investors include Mainland Area Investors (Foreign Dealers excluded)-Difference"":""-106997"",""Foreign Dealers-Total Buy"":""0"",""Foreign Dealers-TotalSell"":""0"",""ForeignDealers-Difference"":""0"",""ForeignInvestorsIncludeMainlandAreaInvestors-TotalBuy"":""39003"",""ForeignInvestorsIncludeMainlandAreaInvestors-TotalSell"":""146000"",""ForeignInvestorsInclude MainlandAreaInvestors-Difference"":""-106997"",""SecuritiesInvestmentTrustCompanies-TotalBuy"":""0"",""SecuritiesInvestmentTrustCompanies-TotalSell"":""0"",""SecuritiesInvestmentTrustCompanies-Difference"":""0"",""Dealers-TotalBuy"":""3635"",""Dealers-TotalSell"":""303"",""Dealers-Difference"":""3332"",""Dealers -TotalSell"":""303"",""TotalDifference"":""-103665""}"
2026-09-08,TPEX,3484,崧騰,0,0,0,0,0,0,4151,1674,2477,"{""Date"":""1150908"",""SecuritiesCompanyCode"":""3484"",""CompanyName"":""崧騰"",""Foreign Investors include Mainland Area Investors (Foreign Dealers excluded)-Total Buy"":""3000"","" Foreign Investors include Mainland Area Investors (Foreign Dealers excluded)-Total Sell"":""45000"",""Foreign Investors include Mainland Area Investors (Foreign Dealers excluded)-Difference"":""-42000"",""Foreign Dealers-Total Buy"":""0"",""Foreign Dealers-TotalSell"":""0"",""ForeignDealers-Difference"":""0"",""ForeignInvestorsIncludeMainlandAreaInvestors-TotalBuy"":""3000"",""ForeignInvestorsIncludeMainlandAreaInvestors-TotalSell"":""45000"",""ForeignInvestorsInclude MainlandAreaInvestors-Difference"":""-42000"",""SecuritiesInvestmentTrustCompanies-TotalBuy"":""0"",""SecuritiesInvestmentTrustCompanies-TotalSell"":""0"",""SecuritiesInvestmentTrustCompanies-Difference"":""0"",""Dealers-TotalBuy"":""4151"",""Dealers-TotalSell"":""1674"",""Dealers-Difference"":""2477"",""Dealers -TotalSell"":""1674"",""TotalDifference"":""-39523""}"
2026-09-08,TPEX,3485,敘豐,0,0,0,0,0,0,470,548,-78,"{""Date"":""1150908"",""SecuritiesCompanyCode"":""3485"",""CompanyName"":""敘豐"",""Foreign Investors include Mainland Area Investors (Foreign Dealers excluded)-Total Buy"":""19197"","" Foreign Investors include Mainland Area Investors (Foreign Dealers excluded)-Total Sell"":""10000"",""Foreign Investors include Mainland Area Investors (Foreign Dealers excluded)-Difference"":""9197"",""Foreign Dealers-Total Buy"":""0"",""Foreign Dealers-TotalSell"":""0"",""ForeignDealers-Difference"":""0"",""ForeignInvestorsIncludeMainlandAreaInvestors-TotalBuy"":""19197"",""ForeignInvestorsIncludeMainlandAreaInvestors-TotalSell"":""10000"",""ForeignInvestorsInclude MainlandAreaInvestors-Difference"":""9197"",""SecuritiesInvestmentTrustCompanies-TotalBuy"":""0"",""SecuritiesInvestmentTrustCompanies-TotalSell"":""0"",""SecuritiesInvestmentTrustCompanies-Difference"":""0"",""Dealers-TotalBuy"":""470"",""Dealers-TotalSell"":""548"",""Dealers-Difference"":""-78"",""Dealers -TotalSell"":""548"",""TotalDifference"":""9119""}"
2026-09-08,TPEX,3489,森寶,0,0,0,0,0,0,171,1000,-829,"{""Date"":""1150908"",""SecuritiesCompanyCode"":""3489"",""CompanyName"":""森寶"",""Foreign Investors include Mainland Area Investors (Foreign Dealers excluded)-Total Buy"":""4760"","" Foreign Investors include Mainland Area Investors (Foreign Dealers excluded)-Total Sell"":""120000"",""Foreign Investors include Mainland Area Investors (Foreign Dealers excluded)-Difference"":""-115240"",""Foreign Dealers-Total Buy"":""0"",""Foreign Dealers-TotalSell"":""0"",""ForeignDealers-Difference"":""0"",""ForeignInvestorsIncludeMainlandAreaInvestors-TotalBuy"":""4760"",""ForeignInvestorsIncludeMainlandAreaInvestors-TotalSell"":""120000"",""ForeignInvestorsInclude MainlandAreaInvestors-Difference"":""-115240"",""SecuritiesInvestmentTrustCompanies-TotalBuy"":""0"",""SecuritiesInvestmentTrustCompanies-TotalSell"":""0"",""SecuritiesInvestmentTrustCompanies-Difference"":""0"",""Dealers-TotalBuy"":""171"",""Dealers-TotalSell"":""1000"",""Dealers-Difference"":""-829"",""Dealers -TotalSell"":""1000"",""TotalDifference"":""-116069""}"
2026-09-08,TPEX,3490,單井,0,0,0,0,0,0,6012,5322,690,"{""Date"":""1150908"",""SecuritiesCompanyCode"":""3490"",""CompanyName"":""單井"",""Foreign Investors include Mainland Area Investors (Foreign Dealers excluded)-Total Buy"":""593788"","" Foreign Investors include Mainland Area Investors (Foreign Dealers excluded)-Total Sell"":""857000"",""Foreign Investors include Mainland Area Investors (Foreign Dealers excluded)-Difference"":""-263212"",""Foreign Dealers-Total Buy"":""0"",""Foreign Dealers-TotalSell"":""0"",""ForeignDealers-Difference"":""0"",""ForeignInvestorsIncludeMainlandAreaInvestors-TotalBuy"":""593788"",""ForeignInvestorsIncludeMainlandAreaInvestors-TotalSell"":""857000"",""ForeignInvestorsInclude MainlandAreaInvestors-Difference"":""-263212"",""SecuritiesInvestmentTrustCompanies-TotalBuy"":""0"",""SecuritiesInvestmentTrustCompanies-TotalSell"":""0"",""SecuritiesInvestmentTrustCompanies-Difference"":""0"",""Dealers-TotalBuy"":""6012"",""Dealers-TotalSell"":""5322"",""Dealers-Difference"":""690"",""Dealers -TotalSell"":""5322"",""TotalDifference"":""-262522""}"
2026-09-08,TPEX,3491,昇達科,0,0,0,23000,0,23000,32460,33044,-584,"{""Date"":""1150908"",""SecuritiesCompanyCode"":""3491"",""CompanyName"":""昇達科"",""Foreign Investors include Mainland Area Investors (Foreign Dealers excluded)-Total Buy"":""234509"","" Foreign Investors include Mainland Area Investors (Foreign Dealers excluded)-Total Sell"":""557743"",""Foreign Investors include Mainland Area Investors (Foreign Dealers excluded)-Difference"":""-323234"",""Foreign Dealers-Total Buy"":""0"",""Foreign Dealers-TotalSell"":""0"",""ForeignDealers-Difference"":""0"",""ForeignInvestorsIncludeMainlandAreaInvestors-TotalBuy"":""234509"",""ForeignInvestorsIncludeMainlandAreaInvestors-TotalSell"":""557743"",""ForeignInvestorsInclude MainlandAreaInvestors-Difference"":""-323234"",""SecuritiesInvestmentTrustCompanies-TotalBuy"":""23000"",""SecuritiesInvestmentTrustCompanies-TotalSell"":""0"",""SecuritiesInvestmentTrustCompanies-Difference"":""23000"",""Dealers-TotalBuy"":""32460"",""Dealers-TotalSell"":""33044"",""Dealers-Difference"":""-584"",""Dealers -TotalSell"":""19318"",""TotalDifference"":""-300818""}"
2026-09-08,TPEX,3492,長盛,0,0,0,0,0,0,0,0,0,"{""Date"":""1150908"",""SecuritiesCompanyCode"":""3492"",""CompanyName"":""長盛"",""Foreign Investors include Mainland Area Investors (Foreign Dealers excluded)-Total Buy"":""4000"","" Foreign Investors include Mainland Area Investors (Foreign Dealers excluded)-Total Sell"":""0"",""Foreign Investors include Mainland Area Investors (Foreign Dealers excluded)-Difference"":""4000"",""Foreign Dealers-Total Buy"":""0"",""Foreign Dealers-TotalSell"":""0"",""ForeignDealers-Difference"":""0"",""ForeignInvestorsIncludeMainlandAreaInvestors-TotalBuy"":""4000"",""ForeignInvestorsIncludeMainlandAreaInvestors-TotalSell"":""0"",""ForeignInvestorsInclude MainlandAreaInvestors-Difference"":""4000"",""SecuritiesInvestmentTrustCompanies-TotalBuy"":""0"",""SecuritiesInvestmentTrustCompanies-TotalSell"":""0"",""SecuritiesInvestmentTrustCompanies-Difference"":""0"",""Dealers-TotalBuy"":""0"",""Dealers-TotalSell"":""0"",""Dealers-Difference"":""0"",""Dealers -TotalSell"":""0"",""TotalDifference"":""4000""}"
2026-09-08,TPEX,3498,陽程,0,0,0,0,0,0,92354,20394,71960,"{""Date"":""1150908"",""SecuritiesCompanyCode"":""3498"",""CompanyName"":""陽程"",""Foreign Investors include Mainland Area Investors (Foreign Dealers excluded)-Total Buy"":""390010"","" Foreign Investors include Mainland Area Investors (Foreign Dealers excluded)-Total Sell"":""573000"",""Foreign Investors include Mainland Area Investors (Foreign Dealers excluded)-Difference"":""-182990"",""Foreign Dealers-Total Buy"":""0"",""Foreign Dealers-TotalSell"":""0"",""ForeignDealers-Difference"":""0"",""ForeignInvestorsIncludeMainlandAreaInvestors-TotalBuy"":""390010"",""ForeignInvestorsIncludeMainlandAreaInvestors-TotalSell"":""573000"",""ForeignInvestorsInclude MainlandAreaInvestors-Difference"":""-182990"",""SecuritiesInvestmentTrustCompanies-TotalBuy"":""0"",""SecuritiesInvestmentTrustCompanies-TotalSell"":""0"",""SecuritiesInvestmentTrustCompanies-Difference"":""0"",""Dealers-TotalBuy"":""92354"",""Dealers-TotalSell"":""20394"",""Dealers-Difference"":""71960"",""Dealers -TotalSell"":""20394"",""TotalDifference"":""-111030""}"
2026-09-08,TPEX,3499,環天科,0,0,0,0,0,0,1450,1699,-249,"{""Date"":""1150908"",""SecuritiesCompanyCode"":""3499"",""CompanyName"":""環天科"",""Foreign Investors include Mainland Area Investors (Foreign Dealers excluded)-Total Buy"":""11000"","" Foreign Investors include Mainland Area Investors (Foreign Dealers excluded)-Total Sell"":""41000"",""Foreign Investors include Mainland Area Investors (Foreign Dealers excluded)-Difference"":""-30000"",""Foreign Dealers-Total Buy"":""0"",""Foreign Dealers-TotalSell"":""0"",""ForeignDealers-Difference"":""0"",""ForeignInvestorsIncludeMainlandAreaInvestors-TotalBuy"":""11000"",""ForeignInvestorsIncludeMainlandAreaInvestors-TotalSell"":""41000"",""ForeignInvestorsInclude MainlandAreaInvestors-Difference"":""-30000"",""SecuritiesInvestmentTrustCompanies-TotalBuy"":""0"",""SecuritiesInvestmentTrustCompanies-TotalSell"":""0"",""SecuritiesInvestmentTrustCompanies-Difference"":""0"",""Dealers-TotalBuy"":""1450"",""Dealers-TotalSell"":""1699"",""Dealers-Difference"":""-249"",""Dealers -TotalSell"":""1699"",""TotalDifference"":""-30249""}"
2026-09-08,TPEX,3508,位速,0,0,0,0,0,0,0,0,0,"{""Date"":""1150908"",""SecuritiesCompanyCode"":""3508"",""CompanyName"":""位速"",""Foreign Investors include Mainland Area Investors (Foreign Dealers excluded)-Total Buy"":""25055"","" Foreign Investors include Mainland Area Investors (Foreign Dealers excluded)-Total Sell"":""28000"",""Foreign Investors include Mainland Area Investors (Foreign Dealers excluded)-Difference"":""-2945"",""Foreign Dealers-Total Buy"":""0"",""Foreign Dealers-TotalSell"":""0"",""ForeignDealers-Difference"":""0"",""ForeignInvestorsIncludeMainlandAreaInvestors-TotalBuy"":""25055"",""ForeignInvestorsIncludeMainlandAreaInvestors-TotalSell"":""28000"",""ForeignInvestorsInclude MainlandAreaInvestors-Difference"":""-2945"",""SecuritiesInvestmentTrustCompanies-TotalBuy"":""0"",""SecuritiesInvestmentTrustCompanies-TotalSell"":""0"",""SecuritiesInvestmentTrustCompanies-Difference"":""0"",""Dealers-TotalBuy"":""0"",""Dealers-TotalSell"":""0"",""Dealers-Difference"":""0"",""Dealers -TotalSell"":""0"",""TotalDifference"":""-2945""}"
2026-09-08,TPEX,3511,矽瑪,0,0,0,0,0,0,0,0,0,"{""Date"":""1150908"",""SecuritiesCompanyCode"":""3511"",""CompanyName"":""矽瑪"",""Foreign Investors include Mainland Area Investors (Foreign Dealers excluded)-Total Buy"":""2000"","" Foreign Investors include Mainland Area Investors (Foreign Dealers excluded)-Total Sell"":""44000"",""Foreign Investors include Mainland Area Investors (Foreign Dealers excluded)-Difference"":""-42000"",""Foreign Dealers-Total Buy"":""0"",""Foreign Dealers-TotalSell"":""0"",""ForeignDealers-Difference"":""0"",""ForeignInvestorsIncludeMainlandAreaInvestors-TotalBuy"":""2000"",""ForeignInvestorsIncludeMainlandAreaInvestors-TotalSell"":""44000"",""ForeignInvestorsInclude MainlandAreaInvestors-Difference"":""-42000"",""SecuritiesInvestmentTrustCompanies-TotalBuy"":""0"",""SecuritiesInvestmentTrustCompanies-TotalSell"":""0"",""SecuritiesInvestmentTrustCompanies-Difference"":""0"",""Dealers-TotalBuy"":""0"",""Dealers-TotalSell"":""0"",""Dealers-Difference"":""0"",""Dealers -TotalSell"":""0"",""TotalDifference"":""-42000""}"
2026-09-08,TPEX,3512,皇龍,0,0,0,0,0,0,0,15,-15,"{""Date"":""1150908"",""SecuritiesCompanyCode"":""3512"",""CompanyName"":""皇龍"",""Foreign Investors include Mainland Area Investors (Foreign Dealers excluded)-Total Buy"":""0"","" Foreign Investors include Mainland Area Investors (Foreign Dealers excluded)-Total Sell"":""1000"",""Foreign Investors include Mainland Area Investors (Foreign Dealers excluded)-Difference"":""-1000"",""Foreign Dealers-Total Buy"":""0"",""Foreign Dealers-TotalSell"":""0"",""ForeignDealers-Difference"":""0"",""ForeignInvestorsIncludeMainlandAreaInvestors-TotalBuy"":""0"",""ForeignInvestorsIncludeMainlandAreaInvestors-TotalSell"":""1000"",""ForeignInvestorsInclude MainlandAreaInvestors-Difference"":""-1000"",""SecuritiesInvestmentTrustCompanies-TotalBuy"":""0"",""SecuritiesInvestmentTrustCompanies-TotalSell"":""0"",""SecuritiesInvestmentTrustCompanies-Difference"":""0"",""Dealers-TotalBuy"":""0"",""Dealers-TotalSell"":""15"",""Dealers-Difference"":""-15"",""Dealers -TotalSell"":""15"",""TotalDifference"":""-1015""}"
2026-09-08,TPEX,3516,亞帝歐,0,0,0,0,0,0,0,0,0,"{""Date"":""1150908"",""SecuritiesCompanyCode"":""3516"",""CompanyName"":""亞帝歐"",""Foreign Investors include Mainland Area Investors (Foreign Dealers excluded)-Total Buy"":""11000"","" Foreign Investors include Mainland Area Investors (Foreign Dealers excluded)-Total Sell"":""5000"",""Foreign Investors include Mainland Area Investors (Foreign Dealers excluded)-Difference"":""6000"",""Foreign Dealers-Total Buy"":""0"",""Foreign Dealers-TotalSell"":""0"",""ForeignDealers-Difference"":""0"",""ForeignInvestorsIncludeMainlandAreaInvestors-TotalBuy"":""11000"",""ForeignInvestorsIncludeMainlandAreaInvestors-TotalSell"":""5000"",""ForeignInvestorsInclude MainlandAreaInvestors-Difference"":""6000"",""SecuritiesInvestmentTrustCompanies-TotalBuy"":""0"",""SecuritiesInvestmentTrustCompanies-TotalSell"":""0"",""SecuritiesInvestmentTrustCompanies-Difference"":""0"",""Dealers-TotalBuy"":""0"",""Dealers-TotalSell"":""0"",""Dealers-Difference"":""0"",""Dealers -TotalSell"":""0"",""TotalDifference"":""6000""}"
2026-09-08,TPEX,3520,華盈,0,0,0,0,0,0,0,398,-398,"{""Date"":""1150908"",""SecuritiesCompanyCode"":""3520"",""CompanyName"":""華盈"",""Foreign Investors include Mainland Area Investors (Foreign Dealers excluded)-Total Buy"":""26000"","" Foreign Investors include Mainland Area Investors (Foreign Dealers excluded)-Total Sell"":""42000"",""Foreign Investors include Mainland Area Investors (Foreign Dealers excluded)-Difference"":""-16000"",""Foreign Dealers-Total Buy"":""0"",""Foreign Dealers-TotalSell"":""0"",""ForeignDealers-Difference"":""0"",""ForeignInvestorsIncludeMainlandAreaInvestors-TotalBuy"":""26000"",""ForeignInvestorsIncludeMainlandAreaInvestors-TotalSell"":""42000"",""ForeignInvestorsInclude MainlandAreaInvestors-Difference"":""-16000"",""SecuritiesInvestmentTrustCompanies-TotalBuy"":""0"",""SecuritiesInvestmentTrustCompanies-TotalSell"":""0"",""SecuritiesInvestmentTrustCompanies-Difference"":""0"",""Dealers-TotalBuy"":""0"",""Dealers-TotalSell"":""398"",""Dealers-Difference"":""-398"",""Dealers -TotalSell"":""398"",""TotalDifference"":""-16398""}"
2026-09-08,TPEX,3521,台鋼建設,0,0,0,0,0,0,3,60,-57,"{""Date"":""1150908"",""SecuritiesCompanyCode"":""3521"",""CompanyName"":""台鋼建設"",""Foreign Investors include Mainland Area Investors (Foreign Dealers excluded)-Total Buy"":""35000"","" Foreign Investors include Mainland Area Investors (Foreign Dealers excluded)-Total Sell"":""3000"",""Foreign Investors include Mainland Area Investors (Foreign Dealers excluded)-Difference"":""32000"",""Foreign Dealers-Total Buy"":""0"",""Foreign Dealers-TotalSell"":""0"",""ForeignDealers-Difference"":""0"",""ForeignInvestorsIncludeMainlandAreaInvestors-TotalBuy"":""35000"",""ForeignInvestorsIncludeMainlandAreaInvestors-TotalSell"":""3000"",""ForeignInvestorsInclude MainlandAreaInvestors-Difference"":""32000"",""SecuritiesInvestmentTrustCompanies-TotalBuy"":""0"",""SecuritiesInvestmentTrustCompanies-TotalSell"":""0"",""SecuritiesInvestmentTrustCompanies-Difference"":""0"",""Dealers-TotalBuy"":""3"",""Dealers-TotalSell"":""60"",""Dealers-Difference"":""-57"",""Dealers -TotalSell"":""60"",""TotalDifference"":""31943""}"
2026-09-08,TPEX,3522,御嵿,0,0,0,0,0,0,0,0,0,"{""Date"":""1150908"",""SecuritiesCompanyCode"":""3522"",""CompanyName"":""御嵿"",""Foreign Investors include Mainland Area Investors (Foreign Dealers excluded)-Total Buy"":""11000"","" Foreign Investors include Mainland Area Investors (Foreign Dealers excluded)-Total Sell"":""5000"",""Foreign Investors include Mainland Area Investors (Foreign Dealers excluded)-Difference"":""6000"",""Foreign Dealers-Total Buy"":""0"",""Foreign Dealers-TotalSell"":""0"",""ForeignDealers-Difference"":""0"",""ForeignInvestorsIncludeMainlandAreaInvestors-TotalBuy"":""11000"",""ForeignInvestorsIncludeMainlandAreaInvestors-TotalSell"":""5000"",""ForeignInvestorsInclude MainlandAreaInvestors-Difference"":""6000"",""SecuritiesInvestmentTrustCompanies-TotalBuy"":""0"",""SecuritiesInvestmentTrustCompanies-TotalSell"":""0"",""SecuritiesInvestmentTrustCompanies-Difference"":""0"",""Dealers-TotalBuy"":""0"",""Dealers-TotalSell"":""0"",""Dealers-Difference"":""0"",""Dealers -TotalSell"":""0"",""TotalDifference"":""6000""}"
2026-09-08,TPEX,3526,凡甲,0,0,0,1200,0,1200,6107,5442,665,"{""Date"":""1150908"",""SecuritiesCompanyCode"":""3526"",""CompanyName"":""凡甲"",""Foreign Investors include Mainland Area Investors (Foreign Dealers excluded)-Total Buy"":""67000"","" Foreign Investors include Mainland Area Investors (Foreign Dealers excluded)-Total Sell"":""143000"",""Foreign Investors include Mainland Area Investors (Foreign Dealers excluded)-Difference"":""-76000"",""Foreign Dealers-Total Buy"":""0"",""Foreign Dealers-TotalSell"":""0"",""ForeignDealers-Difference"":""0"",""ForeignInvestorsIncludeMainlandAreaInvestors-TotalBuy"":""67000"",""ForeignInvestorsIncludeMainlandAreaInvestors-TotalSell"":""143000"",""ForeignInvestorsInclude MainlandAreaInvestors-Difference"":""-76000"",""SecuritiesInvestmentTrustCompanies-TotalBuy"":""1200"",""SecuritiesInvestmentTrustCompanies-TotalSell"":""0"",""SecuritiesInvestmentTrustCompanies-Difference"":""1200"",""Dealers-TotalBuy"":""6107"",""Dealers-TotalSell"":""5442"",""Dealers-Difference"":""665"",""Dealers -TotalSell"":""5442"",""TotalDifference"":""-74135""}"
2026-09-08,TPEX,3527,聚積,0,0,0,0,0,0,0,398,-398,"{""Date"":""1150908"",""SecuritiesCompanyCode"":""3527"",""CompanyName"":""聚積"",""Foreign Investors include Mainland Area Investors (Foreign Dealers excluded)-Total Buy"":""7000"","" Foreign Investors include Mainland Area Investors (Foreign Dealers excluded)-Total Sell"":""39050"",""Foreign Investors include Mainland Area Investors (Foreign Dealers excluded)-Difference"":""-32050"",""Foreign Dealers-Total Buy"":""0"",""Foreign Dealers-TotalSell"":""0"",""ForeignDealers-Difference"":""0"",""ForeignInvestorsIncludeMainlandAreaInvestors-TotalBuy"":""7000"",""ForeignInvestorsIncludeMainlandAreaInvestors-TotalSell"":""39050"",""ForeignInvestorsInclude MainlandAreaInvestors-Difference"":""-32050"",""SecuritiesInvestmentTrustCompanies-TotalBuy"":""0"",""SecuritiesInvestmentTrustCompanies-TotalSell"":""0"",""SecuritiesInvestmentTrustCompanies-Difference"":""0"",""Dealers-TotalBuy"":""0"",""Dealers-TotalSell"":""398"",""Dealers-Difference"":""-398"",""Dealers -TotalSell"":""398"",""TotalDifference"":""-32448""}"
2026-09-08,TPEX,3529,力旺,0,0,0,558000,1026,556974,117136,57917,59219,"{""Date"":""1150908"",""SecuritiesCompanyCode"":""3529"",""CompanyName"":""力旺"",""Foreign Investors include Mainland Area Investors (Foreign Dealers excluded)-Total Buy"":""532935"","" Foreign Investors include Mainland Area Investors (Foreign Dealers excluded)-Total Sell"":""944816"",""Foreign Investors include Mainland Area Investors (Foreign Dealers excluded)-Difference"":""-411881"",""Foreign Dealers-Total Buy"":""0"",""Foreign Dealers-TotalSell"":""0"",""ForeignDealers-Difference"":""0"",""ForeignInvestorsIncludeMainlandAreaInvestors-TotalBuy"":""532935"",""ForeignInvestorsIncludeMainlandAreaInvestors-TotalSell"":""944816"",""ForeignInvestorsInclude MainlandAreaInvestors-Difference"":""-411881"",""SecuritiesInvestmentTrustCompanies-TotalBuy"":""558000"",""SecuritiesInvestmentTrustCompanies-TotalSell"":""1026"",""SecuritiesInvestmentTrustCompanies-Difference"":""556974"",""Dealers-TotalBuy"":""117136"",""Dealers-TotalSell"":""57917"",""Dealers-Difference"":""59219"",""Dealers -TotalSell"":""21535"",""TotalDifference"":""204312""}"
2026-09-08,TPEX,3537,堡達,0,0,0,0,0,0,5337,6525,-1188,"{""Date"":""1150908"",""SecuritiesCompanyCode"":""3537"",""CompanyName"":""堡達"",""Foreign Investors include Mainland Area Investors (Foreign Dealers excluded)-Total Buy"":""61000"","" Foreign Investors include Mainland Area Investors (Foreign Dealers excluded)-Total Sell"":""65000"",""Foreign Investors include Mainland Area Investors (Foreign Dealers excluded)-Difference"":""-4000"",""Foreign Dealers-Total Buy"":""0"",""Foreign Dealers-TotalSell"":""0"",""ForeignDealers-Difference"":""0"",""ForeignInvestorsIncludeMainlandAreaInvestors-TotalBuy"":""61000"",""ForeignInvestorsIncludeMainlandAreaInvestors-TotalSell"":""65000"",""ForeignInvestorsInclude MainlandAreaInvestors-Difference"":""-4000"",""SecuritiesInvestmentTrustCompanies-TotalBuy"":""0"",""SecuritiesInvestmentTrustCompanies-TotalSell"":""0"",""SecuritiesInvestmentTrustCompanies-Difference"":""0"",""Dealers-TotalBuy"":""5337"",""Dealers-TotalSell"":""6525"",""Dealers-Difference"":""-1188"",""Dealers -TotalSell"":""6525"",""TotalDifference"":""-5188""}"
2026-09-08,TPEX,3540,曜越,0,0,0,0,0,0,2000,2291,-291,"{""Date"":""1150908"",""SecuritiesCompanyCode"":""3540"",""CompanyName"":""曜越"",""Foreign Investors include Mainland Area Investors (Foreign Dealers excluded)-Total Buy"":""3000"","" Foreign Investors include Mainland Area Investors (Foreign Dealers excluded)-Total Sell"":""39000"",""Foreign Investors include Mainland Area Investors (Foreign Dealers excluded)-Difference"":""-36000"",""Foreign Dealers-Total Buy"":""0"",""Foreign Dealers-TotalSell"":""0"",""ForeignDealers-Difference"":""0"",""ForeignInvestorsIncludeMainlandAreaInvestors-TotalBuy"":""3000"",""ForeignInvestorsIncludeMainlandAreaInvestors-TotalSell"":""39000"",""ForeignInvestorsInclude MainlandAreaInvestors-Difference"":""-36000"",""SecuritiesInvestmentTrustCompanies-TotalBuy"":""0"",""SecuritiesInvestmentTrustCompanies-TotalSell"":""0"",""SecuritiesInvestmentTrustCompanies-Difference"":""0"",""Dealers-TotalBuy"":""2000"",""Dealers-TotalSell"":""2291"",""Dealers-Difference"":""-291"",""Dealers -TotalSell"":""2291"",""TotalDifference"":""-36291""}"
2026-09-08,TPEX,3541,西柏,0,0,0,0,0,0,1447,2000,-553,"{""Date"":""1150908"",""SecuritiesCompanyCode"":""3541"",""CompanyName"":""西柏"",""Foreign Investors include Mainland Area Investors (Foreign Dealers excluded)-Total Buy"":""12000"","" Foreign Investors include Mainland Area Investors (Foreign Dealers excluded)-Total Sell"":""1000"",""Foreign Investors include Mainland Area Investors (Foreign Dealers excluded)-Difference"":""11000"",""Foreign Dealers-Total Buy"":""0"",""Foreign Dealers-TotalSell"":""0"",""ForeignDealers-Difference"":""0"",""ForeignInvestorsIncludeMainlandAreaInvestors-TotalBuy"":""12000"",""ForeignInvestorsIncludeMainlandAreaInvestors-TotalSell"":""1000"",""ForeignInvestorsInclude MainlandAreaInvestors-Difference"":""11000"",""SecuritiesInvestmentTrustCompanies-TotalBuy"":""0"",""SecuritiesInvestmentTrustCompanies-TotalSell"":""0"",""SecuritiesInvestmentTrustCompanies-Difference"":""0"",""Dealers-TotalBuy"":""1447"",""Dealers-TotalSell"":""2000"",""Dealers-Difference"":""-553"",""Dealers -TotalSell"":""2000"",""TotalDifference"":""10447""}"
2026-09-08,TPEX,3546,宇峻,0,0,0,0,0,0,7208,0,7208,"{""Date"":""1150908"",""SecuritiesCompanyCode"":""3546"",""CompanyName"":""宇峻"",""Foreign Investors include Mainland Area Investors (Foreign Dealers excluded)-Total Buy"":""80498"","" Foreign Investors include Mainland Area Investors (Foreign Dealers excluded)-Total Sell"":""19000"",""Foreign Investors include Mainland Area Investors (Foreign Dealers excluded)-Difference"":""61498"",""Foreign Dealers-Total Buy"":""0"",""Foreign Dealers-TotalSell"":""0"",""ForeignDealers-Difference"":""0"",""ForeignInvestorsIncludeMainlandAreaInvestors-TotalBuy"":""80498"",""ForeignInvestorsIncludeMainlandAreaInvestors-TotalSell"":""19000"",""ForeignInvestorsInclude MainlandAreaInvestors-Difference"":""61498"",""SecuritiesInvestmentTrustCompanies-TotalBuy"":""0"",""SecuritiesInvestmentTrustCompanies-TotalSell"":""0"",""SecuritiesInvestmentTrustCompanies-Difference"":""0"",""Dealers-TotalBuy"":""7208"",""Dealers-TotalSell"":""0"",""Dealers-Difference"":""7208"",""Dealers -TotalSell"":""0"",""TotalDifference"":""68706""}"
2026-09-08,TPEX,3548,兆利,0,0,0,0,0,0,9005,16026,-7021,"{""Date"":""1150908"",""SecuritiesCompanyCode"":""3548"",""CompanyName"":""兆利"",""Foreign Investors include Mainland Area Investors (Foreign Dealers excluded)-Total Buy"":""120000"","" Foreign Investors include Mainland Area Investors (Foreign Dealers excluded)-Total Sell"":""60000"",""Foreign Investors include Mainland Area Investors (Foreign Dealers excluded)-Difference"":""60000"",""Foreign Dealers-Total Buy"":""0"",""Foreign Dealers-TotalSell"":""0"",""ForeignDealers-Difference"":""0"",""ForeignInvestorsIncludeMainlandAreaInvestors-TotalBuy"":""120000"",""ForeignInvestorsIncludeMainlandAreaInvestors-TotalSell"":""60000"",""ForeignInvestorsInclude MainlandAreaInvestors-Difference"":""60000"",""SecuritiesInvestmentTrustCompanies-TotalBuy"":""0"",""SecuritiesInvestmentTrustCompanies-TotalSell"":""0"",""SecuritiesInvestmentTrustCompanies-Difference"":""0"",""Dealers-TotalBuy"":""9005"",""Dealers-TotalSell"":""16026"",""Dealers-Difference"":""-7021"",""Dealers -TotalSell"":""16026"",""TotalDifference"":""52979""}"
2026-09-08,TPEX,3551,世禾,0,0,0,0,0,0,101,0,101,"{""Date"":""1150908"",""SecuritiesCompanyCode"":""3551"",""CompanyName"":""世禾"",""Foreign Investors include Mainland Area Investors (Foreign Dealers excluded)-Total Buy"":""42000"","" Foreign Investors include Mainland Area Investors (Foreign Dealers excluded)-Total Sell"":""61000"",""Foreign Investors include Mainland Area Investors (Foreign Dealers excluded)-Difference"":""-19000"",""Foreign Dealers-Total Buy"":""0"",""Foreign Dealers-TotalSell"":""0"",""ForeignDealers-Difference"":""0"",""ForeignInvestorsIncludeMainlandAreaInvestors-TotalBuy"":""42000"",""ForeignInvestorsIncludeMainlandAreaInvestors-TotalSell"":""61000"",""ForeignInvestorsInclude MainlandAreaInvestors-Difference"":""-19000"",""SecuritiesInvestmentTrustCompanies-TotalBuy"":""0"",""SecuritiesInvestmentTrustCompanies-TotalSell"":""0"",""SecuritiesInvestmentTrustCompanies-Difference"":""0"",""Dealers-TotalBuy"":""101"",""Dealers-TotalSell"":""0"",""Dealers-Difference"":""101"",""Dealers -TotalSell"":""0"",""TotalDifference"":""-18899""}"
2026-09-08,TPEX,3552,同致,0,0,0,0,0,0,0,1040,-1040,"{""Date"":""1150908"",""SecuritiesCompanyCode"":""3552"",""CompanyName"":""同致"",""Foreign Investors include Mainland Area Investors (Foreign Dealers excluded)-Total Buy"":""13080"","" Foreign Investors include Mainland Area Investors (Foreign Dealers excluded)-Total Sell"":""20000"",""Foreign Investors include Mainland Area Investors (Foreign Dealers excluded)-Difference"":""-6920"",""Foreign Dealers-Total Buy"":""0"",""Foreign Dealers-TotalSell"":""0"",""ForeignDealers-Difference"":""0"",""ForeignInvestorsIncludeMainlandAreaInvestors-TotalBuy"":""13080"",""ForeignInvestorsIncludeMainlandAreaInvestors-TotalSell"":""20000"",""ForeignInvestorsInclude MainlandAreaInvestors-Difference"":""-6920"",""SecuritiesInvestmentTrustCompanies-TotalBuy"":""0"",""SecuritiesInvestmentTrustCompanies-TotalSell"":""0"",""SecuritiesInvestmentTrustCompanies-Difference"":""0"",""Dealers-TotalBuy"":""0"",""Dealers-TotalSell"":""1040"",""Dealers-Difference"":""-1040"",""Dealers -TotalSell"":""1040"",""TotalDifference"":""-7960""}"
2026-09-08,TPEX,3555,博士旺,0,0,0,0,0,0,3200,2488,712,"{""Date"":""1150908"",""SecuritiesCompanyCode"":""3555"",""CompanyName"":""博士旺"",""Foreign Investors include Mainland Area Investors (Foreign Dealers excluded)-Total Buy"":""15008"","" Foreign Investors include Mainland Area Investors (Foreign Dealers excluded)-Total Sell"":""30000"",""Foreign Investors include Mainland Area Investors (Foreign Dealers excluded)-Difference"":""-14992"",""Foreign Dealers-Total Buy"":""0"",""Foreign Dealers-TotalSell"":""0"",""ForeignDealers-Difference"":""0"",""ForeignInvestorsIncludeMainlandAreaInvestors-TotalBuy"":""15008"",""ForeignInvestorsIncludeMainlandAreaInvestors-TotalSell"":""30000"",""ForeignInvestorsInclude MainlandAreaInvestors-Difference"":""-14992"",""SecuritiesInvestmentTrustCompanies-TotalBuy"":""0"",""SecuritiesInvestmentTrustCompanies-TotalSell"":""0"",""SecuritiesInvestmentTrustCompanies-Difference"":""0"",""Dealers-TotalBuy"":""3200"",""Dealers-TotalSell"":""2488"",""Dealers-Difference"":""712"",""Dealers -TotalSell"":""2488"",""TotalDifference"":""-14280""}"
2026-09-08,TPEX,3556,禾瑞亞,0,0,0,0,0,0,6000,9422,-3422,"{""Date"":""1150908"",""SecuritiesCompanyCode"":""3556"",""CompanyName"":""禾瑞亞"",""Foreign Investors include Mainland Area Investors (Foreign Dealers excluded)-Total Buy"":""51000"","" Foreign Investors include Mainland Area Investors (Foreign Dealers excluded)-Total Sell"":""46625"",""Foreign Investors include Mainland Area Investors (Foreign Dealers excluded)-Difference"":""4375"",""Foreign Dealers-Total Buy"":""0"",""Foreign Dealers-TotalSell"":""0"",""ForeignDealers-Difference"":""0"",""ForeignInvestorsIncludeMainlandAreaInvestors-TotalBuy"":""51000"",""ForeignInvestorsIncludeMainlandAreaInvestors-TotalSell"":""46625"",""ForeignInvestorsInclude MainlandAreaInvestors-Difference"":""4375"",""SecuritiesInvestmentTrustCompanies-TotalBuy"":""0"",""SecuritiesInvestmentTrustCompanies-TotalSell"":""0"",""SecuritiesInvestmentTrustCompanies-Difference"":""0"",""Dealers-TotalBuy"":""6000"",""Dealers-TotalSell"":""9422"",""Dealers-Difference"":""-3422"",""Dealers -TotalSell"":""9422"",""TotalDifference"":""953""}"
2026-09-08,TPEX,3558,神準,0,0,0,0,0,0,5672,3587,2085,"{""Date"":""1150908"",""SecuritiesCompanyCode"":""3558"",""CompanyName"":""神準"",""Foreign Investors include Mainland Area Investors (Foreign Dealers excluded)-Total Buy"":""31276"","" Foreign Investors include Mainland Area Investors (Foreign Dealers excluded)-Total Sell"":""52000"",""Foreign Investors include Mainland Area Investors (Foreign Dealers excluded)-Difference"":""-20724"",""Foreign Dealers-Total Buy"":""0"",""Foreign Dealers-TotalSell"":""0"",""ForeignDealers-Difference"":""0"",""ForeignInvestorsIncludeMainlandAreaInvestors-TotalBuy"":""31276"",""ForeignInvestorsIncludeMainlandAreaInvestors-TotalSell"":""52000"",""ForeignInvestorsInclude MainlandAreaInvestors-Difference"":""-20724"",""SecuritiesInvestmentTrustCompanies-TotalBuy"":""0"",""SecuritiesInvestmentTrustCompanies-TotalSell"":""0"",""SecuritiesInvestmentTrustCompanies-Difference"":""0"",""Dealers-TotalBuy"":""5672"",""Dealers-TotalSell"":""3587"",""Dealers-Difference"":""2085"",""Dealers -TotalSell"":""3587"",""TotalDifference"":""-18639""}"
2026-09-08,TPEX,3564,其陽,0,0,0,0,0,0,2000,4765,-2765,"{""Date"":""1150908"",""SecuritiesCompanyCode"":""3564"",""CompanyName"":""其陽"",""Foreign Investors include Mainland Area Investors (Foreign Dealers excluded)-Total Buy"":""107000"","" Foreign Investors include Mainland Area Investors (Foreign Dealers excluded)-Total Sell"":""195000"",""Foreign Investors include Mainland Area Investors (Foreign Dealers excluded)-Difference"":""-88000"",""Foreign Dealers-Total Buy"":""0"",""Foreign Dealers-TotalSell"":""0"",""ForeignDealers-Difference"":""0"",""ForeignInvestorsIncludeMainlandAreaInvestors-TotalBuy"":""107000"",""ForeignInvestorsIncludeMainlandAreaInvestors-TotalSell"":""195000"",""ForeignInvestorsInclude MainlandAreaInvestors-Difference"":""-88000"",""SecuritiesInvestmentTrustCompanies-TotalBuy"":""0"",""SecuritiesInvestmentTrustCompanies-TotalSell"":""0"",""SecuritiesInvestmentTrustCompanies-Difference"":""0"",""Dealers-TotalBuy"":""2000"",""Dealers-TotalSell"":""4765"",""Dealers-Difference"":""-2765"",""Dealers -TotalSell"":""2765"",""TotalDifference"":""-90765""}"
2026-09-08,TPEX,3567,逸昌,0,0,0,0,0,0,0,2,-2,"{""Date"":""1150908"",""SecuritiesCompanyCode"":""3567"",""CompanyName"":""逸昌"",""Foreign Investors include Mainland Area Investors (Foreign Dealers excluded)-Total Buy"":""0"","" Foreign Investors include Mainland Area Investors (Foreign Dealers excluded)-Total Sell"":""2000"",""Foreign Investors include Mainland Area Investors (Foreign Dealers excluded)-Difference"":""-2000"",""Foreign Dealers-Total Buy"":""0"",""Foreign Dealers-TotalSell"":""0"",""ForeignDealers-Difference"":""0"",""ForeignInvestorsIncludeMainlandAreaInvestors-TotalBuy"":""0"",""ForeignInvestorsIncludeMainlandAreaInvestors-TotalSell"":""2000"",""ForeignInvestorsInclude MainlandAreaInvestors-Difference"":""-2000"",""SecuritiesInvestmentTrustCompanies-TotalBuy"":""0"",""SecuritiesInvestmentTrustCompanies-TotalSell"":""0"",""SecuritiesInvestmentTrustCompanies-Difference"":""0"",""Dealers-TotalBuy"":""0"",""Dealers-TotalSell"":""2"",""Dealers-Difference"":""-2"",""Dealers -TotalSell"":""2"",""TotalDifference"":""-2002""}"
2026-09-08,TPEX,3570,大塚,0,0,0,0,0,0,0,0,0,"{""Date"":""1150908"",""SecuritiesCompanyCode"":""3570"",""CompanyName"":""大塚"",""Foreign Investors include Mainland Area Investors (Foreign Dealers excluded)-Total Buy"":""1000"","" Foreign Investors include Mainland Area Investors (Foreign Dealers excluded)-Total Sell"":""0"",""Foreign Investors include Mainland Area Investors (Foreign Dealers excluded)-Difference"":""1000"",""Foreign Dealers-Total Buy"":""0"",""Foreign Dealers-TotalSell"":""0"",""ForeignDealers-Difference"":""0"",""ForeignInvestorsIncludeMainlandAreaInvestors-TotalBuy"":""1000"",""ForeignInvestorsIncludeMainlandAreaInvestors-TotalSell"":""0"",""ForeignInvestorsInclude MainlandAreaInvestors-Difference"":""1000"",""SecuritiesInvestmentTrustCompanies-TotalBuy"":""0"",""SecuritiesInvestmentTrustCompanies-TotalSell"":""0"",""SecuritiesInvestmentTrustCompanies-Difference"":""0"",""Dealers-TotalBuy"":""0"",""Dealers-TotalSell"":""0"",""Dealers-Difference"":""0"",""Dealers -TotalSell"":""0"",""TotalDifference"":""1000""}"
2026-09-08,TPEX,3577,泓格,0,0,0,0,0,0,1020,7260,-6240,"{""Date"":""1150908"",""SecuritiesCompanyCode"":""3577"",""CompanyName"":""泓格"",""Foreign Investors include Mainland Area Investors (Foreign Dealers excluded)-Total Buy"":""110230"","" Foreign Investors include Mainland Area Investors (Foreign Dealers excluded)-Total Sell"":""111000"",""Foreign Investors include Mainland Area Investors (Foreign Dealers excluded)-Difference"":""-770"",""Foreign Dealers-Total Buy"":""0"",""Foreign Dealers-TotalSell"":""0"",""ForeignDealers-Difference"":""0"",""ForeignInvestorsIncludeMainlandAreaInvestors-TotalBuy"":""110230"",""ForeignInvestorsIncludeMainlandAreaInvestors-TotalSell"":""111000"",""ForeignInvestorsInclude MainlandAreaInvestors-Difference"":""-770"",""SecuritiesInvestmentTrustCompanies-TotalBuy"":""0"",""SecuritiesInvestmentTrustCompanies-TotalSell"":""0"",""SecuritiesInvestmentTrustCompanies-Difference"":""0"",""Dealers-TotalBuy"":""1020"",""Dealers-TotalSell"":""7260"",""Dealers-Difference"":""-6240"",""Dealers -TotalSell"":""7260"",""TotalDifference"":""-7010""}"
2026-09-08,TPEX,3580,友威科,0,0,0,0,0,0,2188,2444,-256,"{""Date"":""1150908"",""SecuritiesCompanyCode"":""3580"",""CompanyName"":""友威科"",""Foreign Investors include Mainland Area Investors (Foreign Dealers excluded)-Total Buy"":""38032"","" Foreign Investors include Mainland Area Investors (Foreign Dealers excluded)-Total Sell"":""112050"",""Foreign Investors include Mainland Area Investors (Foreign Dealers excluded)-Difference"":""-74018"",""Foreign Dealers-Total Buy"":""0"",""Foreign Dealers-TotalSell"":""0"",""ForeignDealers-Difference"":""0"",""ForeignInvestorsIncludeMainlandAreaInvestors-TotalBuy"":""38032"",""ForeignInvestorsIncludeMainlandAreaInvestors-TotalSell"":""112050"",""ForeignInvestorsInclude MainlandAreaInvestors-Difference"":""-74018"",""SecuritiesInvestmentTrustCompanies-TotalBuy"":""0"",""SecuritiesInvestmentTrustCompanies-TotalSell"":""0"",""SecuritiesInvestmentTrustCompanies-Difference"":""0"",""Dealers-TotalBuy"":""2188"",""Dealers-TotalSell"":""2444"",""Dealers-Difference"":""-256"",""Dealers -TotalSell"":""2444"",""TotalDifference"":""-74274""}"
2026-09-08,TPEX,3581,博磊,0,0,0,0,0,0,1000,5249,-4249,"{""Date"":""1150908"",""SecuritiesCompanyCode"":""3581"",""CompanyName"":""博磊"",""Foreign Investors include Mainland Area Investors (Foreign Dealers excluded)-Total Buy"":""57000"","" Foreign Investors include Mainland Area Investors (Foreign Dealers excluded)-Total Sell"":""77000"",""Foreign Investors include Mainland Area Investors (Foreign Dealers excluded)-Difference"":""-20000"",""Foreign Dealers-Total Buy"":""0"",""Foreign Dealers-TotalSell"":""0"",""ForeignDealers-Difference"":""0"",""ForeignInvestorsIncludeMainlandAreaInvestors-TotalBuy"":""57000"",""ForeignInvestorsIncludeMainlandAreaInvestors-TotalSell"":""77000"",""ForeignInvestorsInclude MainlandAreaInvestors-Difference"":""-20000"",""SecuritiesInvestmentTrustCompanies-TotalBuy"":""0"",""SecuritiesInvestmentTrustCompanies-TotalSell"":""0"",""SecuritiesInvestmentTrustCompanies-Difference"":""0"",""Dealers-TotalBuy"":""1000"",""Dealers-TotalSell"":""5249"",""Dealers-Difference"":""-4249"",""Dealers -TotalSell"":""5249"",""TotalDifference"":""-24249""}"
2026-09-08,TPEX,3587,閎康,0,0,0,0,0,0,10000,23240,-13240,"{""Date"":""1150908"",""SecuritiesCompanyCode"":""3587"",""CompanyName"":""閎康"",""Foreign Investors include Mainland Area Investors (Foreign Dealers excluded)-Total Buy"":""52007"","" Foreign Investors include Mainland Area Investors (Foreign Dealers excluded)-Total Sell"":""150407"",""Foreign Investors include Mainland Area Investors (Foreign Dealers excluded)-Difference"":""-98400"",""Foreign Dealers-Total Buy"":""0"",""Foreign Dealers-TotalSell"":""0"",""ForeignDealers-Difference"":""0"",""ForeignInvestorsIncludeMainlandAreaInvestors-TotalBuy"":""52007"",""ForeignInvestorsIncludeMainlandAreaInvestors-TotalSell"":""150407"",""ForeignInvestorsInclude MainlandAreaInvestors-Difference"":""-98400"",""SecuritiesInvestmentTrustCompanies-TotalBuy"":""0"",""SecuritiesInvestmentTrustCompanies-TotalSell"":""0"",""SecuritiesInvestmentTrustCompanies-Difference"":""0"",""Dealers-TotalBuy"":""10000"",""Dealers-TotalSell"":""23240"",""Dealers-Difference"":""-13240"",""Dealers -TotalSell"":""23116"",""TotalDifference"":""-111640""}"
2026-09-08,TPEX,3594,磐儀,0,0,0,0,0,0,5,4614,-4609,"{""Date"":""1150908"",""SecuritiesCompanyCode"":""3594"",""CompanyName"":""磐儀"",""Foreign Investors include Mainland Area Investors (Foreign Dealers excluded)-Total Buy"":""80000"","" Foreign Investors include Mainland Area Investors (Foreign Dealers excluded)-Total Sell"":""91000"",""Foreign Investors include Mainland Area Investors (Foreign Dealers excluded)-Difference"":""-11000"",""Foreign Dealers-Total Buy"":""0"",""Foreign Dealers-TotalSell"":""0"",""ForeignDealers-Difference"":""0"",""ForeignInvestorsIncludeMainlandAreaInvestors-TotalBuy"":""80000"",""ForeignInvestorsIncludeMainlandAreaInvestors-TotalSell"":""91000"",""ForeignInvestorsInclude MainlandAreaInvestors-Difference"":""-11000"",""SecuritiesInvestmentTrustCompanies-TotalBuy"":""0"",""SecuritiesInvestmentTrustCompanies-TotalSell"":""0"",""SecuritiesInvestmentTrustCompanies-Difference"":""0"",""Dealers-TotalBuy"":""5"",""Dealers-TotalSell"":""4614"",""Dealers-Difference"":""-4609"",""Dealers -TotalSell"":""4614"",""TotalDifference"":""-15609""}"
2026-09-08,TPEX,3597,映興,0,0,0,0,0,0,0,0,0,"{""Date"":""1150908"",""SecuritiesCompanyCode"":""3597"",""CompanyName"":""映興"",""Foreign Investors include Mainland Area Investors (Foreign Dealers excluded)-Total Buy"":""0"","" Foreign Investors include Mainland Area Investors (Foreign Dealers excluded)-Total Sell"":""3000"",""Foreign Investors include Mainland Area Investors (Foreign Dealers excluded)-Difference"":""-3000"",""Foreign Dealers-Total Buy"":""0"",""Foreign Dealers-TotalSell"":""0"",""ForeignDealers-Difference"":""0"",""ForeignInvestorsIncludeMainlandAreaInvestors-TotalBuy"":""0"",""ForeignInvestorsIncludeMainlandAreaInvestors-TotalSell"":""3000"",""ForeignInvestorsInclude MainlandAreaInvestors-Difference"":""-3000"",""SecuritiesInvestmentTrustCompanies-TotalBuy"":""0"",""SecuritiesInvestmentTrustCompanies-TotalSell"":""0"",""SecuritiesInvestmentTrustCompanies-Difference"":""0"",""Dealers-TotalBuy"":""0"",""Dealers-TotalSell"":""0"",""Dealers-Difference"":""0"",""Dealers -TotalSell"":""0"",""TotalDifference"":""-3000""}"
2026-09-08,TPEX,3609,三一東林,0,0,0,0,0,0,40,160,-120,"{""Date"":""1150908"",""SecuritiesCompanyCode"":""3609"",""CompanyName"":""三一東林"",""Foreign Investors include Mainland Area Investors (Foreign Dealers excluded)-Total Buy"":""34000"","" Foreign Investors include Mainland Area Investors (Foreign Dealers excluded)-Total Sell"":""49000"",""Foreign Investors include Mainland Area Investors (Foreign Dealers excluded)-Difference"":""-15000"",""Foreign Dealers-Total Buy"":""0"",""Foreign Dealers-TotalSell"":""0"",""ForeignDealers-Difference"":""0"",""ForeignInvestorsIncludeMainlandAreaInvestors-TotalBuy"":""34000"",""ForeignInvestorsIncludeMainlandAreaInvestors-TotalSell"":""49000"",""ForeignInvestorsInclude MainlandAreaInvestors-Difference"":""-15000"",""SecuritiesInvestmentTrustCompanies-TotalBuy"":""0"",""SecuritiesInvestmentTrustCompanies-TotalSell"":""0"",""SecuritiesInvestmentTrustCompanies-Difference"":""0"",""Dealers-TotalBuy"":""40"",""Dealers-TotalSell"":""160"",""Dealers-Difference"":""-120"",""Dealers -TotalSell"":""160"",""TotalDifference"":""-15120""}"
2026-09-08,TPEX,3611,鼎翰,0,0,0,0,0,0,0,100,-100,"{""Date"":""1150908"",""SecuritiesCompanyCode"":""3611"",""CompanyName"":""鼎翰"",""Foreign Investors include Mainland Area Investors (Foreign Dealers excluded)-Total Buy"":""2000"","" Foreign Investors include Mainland Area Investors (Foreign Dealers excluded)-Total Sell"":""12000"",""Foreign Investors include Mainland Area Investors (Foreign Dealers excluded)-Difference"":""-10000"",""Foreign Dealers-Total Buy"":""0"",""Foreign Dealers-TotalSell"":""0"",""ForeignDealers-Difference"":""0"",""ForeignInvestorsIncludeMainlandAreaInvestors-TotalBuy"":""2000"",""ForeignInvestorsIncludeMainlandAreaInvestors-TotalSell"":""12000"",""ForeignInvestorsInclude MainlandAreaInvestors-Difference"":""-10000"",""SecuritiesInvestmentTrustCompanies-TotalBuy"":""0"",""SecuritiesInvestmentTrustCompanies-TotalSell"":""0"",""SecuritiesInvestmentTrustCompanies-Difference"":""0"",""Dealers-TotalBuy"":""0"",""Dealers-TotalSell"":""100"",""Dealers-Difference"":""-100"",""Dealers -TotalSell"":""100"",""TotalDifference"":""-10100""}"
2026-09-08,TPEX,3615,安可,0,0,0,0,0,0,4000,3910,90,"{""Date"":""1150908"",""SecuritiesCompanyCode"":""3615"",""CompanyName"":""安可"",""Foreign Investors include Mainland Area Investors (Foreign Dealers excluded)-Total Buy"":""80000"","" Foreign Investors include Mainland Area Investors (Foreign Dealers excluded)-Total Sell"":""79000"",""Foreign Investors include Mainland Area Investors (Foreign Dealers excluded)-Difference"":""1000"",""Foreign Dealers-Total Buy"":""0"",""Foreign Dealers-TotalSell"":""0"",""ForeignDealers-Difference"":""0"",""ForeignInvestorsIncludeMainlandAreaInvestors-TotalBuy"":""80000"",""ForeignInvestorsIncludeMainlandAreaInvestors-TotalSell"":""79000"",""ForeignInvestorsInclude MainlandAreaInvestors-Difference"":""1000"",""SecuritiesInvestmentTrustCompanies-TotalBuy"":""0"",""SecuritiesInvestmentTrustCompanies-TotalSell"":""0"",""SecuritiesInvestmentTrustCompanies-Difference"":""0"",""Dealers-TotalBuy"":""4000"",""Dealers-TotalSell"":""3910"",""Dealers-Difference"":""90"",""Dealers -TotalSell"":""3910"",""TotalDifference"":""1090""}"
2026-09-08,TPEX,3623,富晶通,0,0,0,0,0,0,2085,2000,85,"{""Date"":""1150908"",""SecuritiesCompanyCode"":""3623"",""CompanyName"":""富晶通"",""Foreign Investors include Mainland Area Investors (Foreign Dealers excluded)-Total Buy"":""20000"","" Foreign Investors include Mainland Area Investors (Foreign Dealers excluded)-Total Sell"":""3000"",""Foreign Investors include Mainland Area Investors (Foreign Dealers excluded)-Difference"":""17000"",""Foreign Dealers-Total Buy"":""0"",""Foreign Dealers-TotalSell"":""0"",""ForeignDealers-Difference"":""0"",""ForeignInvestorsIncludeMainlandAreaInvestors-TotalBuy"":""20000"",""ForeignInvestorsIncludeMainlandAreaInvestors-TotalSell"":""3000"",""ForeignInvestorsInclude MainlandAreaInvestors-Difference"":""17000"",""SecuritiesInvestmentTrustCompanies-TotalBuy"":""0"",""SecuritiesInvestmentTrustCompanies-TotalSell"":""0"",""SecuritiesInvestmentTrustCompanies-Difference"":""0"",""Dealers-TotalBuy"":""2085"",""Dealers-TotalSell"":""2000"",""Dealers-Difference"":""85"",""Dealers -TotalSell"":""2000"",""TotalDifference"":""17085""}"
2026-09-08,TPEX,3624,光頡,0,0,0,200000,0,200000,130245,74299,55946,"{""Date"":""1150908"",""SecuritiesCompanyCode"":""3624"",""CompanyName"":""光頡"",""Foreign Investors include Mainland Area Investors (Foreign Dealers excluded)-Total Buy"":""4425285"","" Foreign Investors include Mainland Area Investors (Foreign Dealers excluded)-Total Sell"":""6329730"",""Foreign Investors include Mainland Area Investors (Foreign Dealers excluded)-Difference"":""-1904445"",""Foreign Dealers-Total Buy"":""0"",""Foreign Dealers-TotalSell"":""0"",""ForeignDealers-Difference"":""0"",""ForeignInvestorsIncludeMainlandAreaInvestors-TotalBuy"":""4425285"",""ForeignInvestorsIncludeMainlandAreaInvestors-TotalSell"":""6329730"",""ForeignInvestorsInclude MainlandAreaInvestors-Difference"":""-1904445"",""SecuritiesInvestmentTrustCompanies-TotalBuy"":""200000"",""SecuritiesInvestmentTrustCompanies-TotalSell"":""0"",""SecuritiesInvestmentTrustCompanies-Difference"":""200000"",""Dealers-TotalBuy"":""130245"",""Dealers-TotalSell"":""74299"",""Dealers-Difference"":""55946"",""Dealers -TotalSell"":""73299"",""TotalDifference"":""-1648499""}"
2026-09-08,TPEX,3625,西勝,0,0,0,0,0,0,5942,6753,-811,"{""Date"":""1150908"",""SecuritiesCompanyCode"":""3625"",""CompanyName"":""西勝"",""Foreign Investors include Mainland Area Investors (Foreign Dealers excluded)-Total Buy"":""13000"","" Foreign Investors include Mainland Area Investors (Foreign Dealers excluded)-Total Sell"":""21000"",""Foreign Investors include Mainland Area Investors (Foreign Dealers excluded)-Difference"":""-8000"",""Foreign Dealers-Total Buy"":""0"",""Foreign Dealers-TotalSell"":""0"",""ForeignDealers-Difference"":""0"",""ForeignInvestorsIncludeMainlandAreaInvestors-TotalBuy"":""13000"",""ForeignInvestorsIncludeMainlandAreaInvestors-TotalSell"":""21000"",""ForeignInvestorsInclude MainlandAreaInvestors-Difference"":""-8000"",""SecuritiesInvestmentTrustCompanies-TotalBuy"":""0"",""SecuritiesInvestmentTrustCompanies-TotalSell"":""0"",""SecuritiesInvestmentTrustCompanies-Difference"":""0"",""Dealers-TotalBuy"":""5942"",""Dealers-TotalSell"":""6753"",""Dealers-Difference"":""-811"",""Dealers -TotalSell"":""6753"",""TotalDifference"":""-8811""}"
2026-09-08,TPEX,3628,盈正,0,0,0,0,0,0,2686,1000,1686,"{""Date"":""1150908"",""SecuritiesCompanyCode"":""3628"",""CompanyName"":""盈正"",""Foreign Investors include Mainland Area Investors (Foreign Dealers excluded)-Total Buy"":""26000"","" Foreign Investors include Mainland Area Investors (Foreign Dealers excluded)-Total Sell"":""15000"",""Foreign Investors include Mainland Area Investors (Foreign Dealers excluded)-Difference"":""11000"",""Foreign Dealers-Total Buy"":""0"",""Foreign Dealers-TotalSell"":""0"",""ForeignDealers-Difference"":""0"",""ForeignInvestorsIncludeMainlandAreaInvestors-TotalBuy"":""26000"",""ForeignInvestorsIncludeMainlandAreaInvestors-TotalSell"":""15000"",""ForeignInvestorsInclude MainlandAreaInvestors-Difference"":""11000"",""SecuritiesInvestmentTrustCompanies-TotalBuy"":""0"",""SecuritiesInvestmentTrustCompanies-TotalSell"":""0"",""SecuritiesInvestmentTrustCompanies-Difference"":""0"",""Dealers-TotalBuy"":""2686"",""Dealers-TotalSell"":""1000"",""Dealers-Difference"":""1686"",""Dealers -TotalSell"":""1000"",""TotalDifference"":""12686""}"
2026-09-08,TPEX,3630,新鉅科,0,0,0,0,0,0,523,4504,-3981,"{""Date"":""1150908"",""SecuritiesCompanyCode"":""3630"",""CompanyName"":""新鉅科"",""Foreign Investors include Mainland Area Investors (Foreign Dealers excluded)-Total Buy"":""41000"","" Foreign Investors include Mainland Area Investors (Foreign Dealers excluded)-Total Sell"":""136000"",""Foreign Investors include Mainland Area Investors (Foreign Dealers excluded)-Difference"":""-95000"",""Foreign Dealers-Total Buy"":""0"",""Foreign Dealers-TotalSell"":""0"",""ForeignDealers-Difference"":""0"",""ForeignInvestorsIncludeMainlandAreaInvestors-TotalBuy"":""41000"",""ForeignInvestorsIncludeMainlandAreaInvestors-TotalSell"":""136000"",""ForeignInvestorsInclude MainlandAreaInvestors-Difference"":""-95000"",""SecuritiesInvestmentTrustCompanies-TotalBuy"":""0"",""SecuritiesInvestmentTrustCompanies-TotalSell"":""0"",""SecuritiesInvestmentTrustCompanies-Difference"":""0"",""Dealers-TotalBuy"":""523"",""Dealers-TotalSell"":""4504"",""Dealers-Difference"":""-3981"",""Dealers -TotalSell"":""4504"",""TotalDifference"":""-98981""}"
2026-09-08,TPEX,3631,晟楠,0,0,0,0,0,0,0,0,0,"{""Date"":""1150908"",""SecuritiesCompanyCode"":""3631"",""CompanyName"":""晟楠"",""Foreign Investors include Mainland Area Investors (Foreign Dealers excluded)-Total Buy"":""15000"","" Foreign Investors include Mainland Area Investors (Foreign Dealers excluded)-Total Sell"":""3000"",""Foreign Investors include Mainland Area Investors (Foreign Dealers excluded)-Difference"":""12000"",""Foreign Dealers-Total Buy"":""0"",""Foreign Dealers-TotalSell"":""0"",""ForeignDealers-Difference"":""0"",""ForeignInvestorsIncludeMainlandAreaInvestors-TotalBuy"":""15000"",""ForeignInvestorsIncludeMainlandAreaInvestors-TotalSell"":""3000"",""ForeignInvestorsInclude MainlandAreaInvestors-Difference"":""12000"",""SecuritiesInvestmentTrustCompanies-TotalBuy"":""0"",""SecuritiesInvestmentTrustCompanies-TotalSell"":""0"",""SecuritiesInvestmentTrustCompanies-Difference"":""0"",""Dealers-TotalBuy"":""0"",""Dealers-TotalSell"":""0"",""Dealers-Difference"":""0"",""Dealers -TotalSell"":""0"",""TotalDifference"":""12000""}"
2026-09-08,TPEX,3663,鑫科,0,0,0,0,0,0,3000,8133,-5133,"{""Date"":""1150908"",""SecuritiesCompanyCode"":""3663"",""CompanyName"":""鑫科"",""Foreign Investors include Mainland Area Investors (Foreign Dealers excluded)-Total Buy"":""147000"","" Foreign Investors include Mainland Area Investors (Foreign Dealers excluded)-Total Sell"":""237000"",""Foreign Investors include Mainland Area Investors (Foreign Dealers excluded)-Difference"":""-90000"",""Foreign Dealers-Total Buy"":""0"",""Foreign Dealers-TotalSell"":""0"",""ForeignDealers-Difference"":""0"",""ForeignInvestorsIncludeMainlandAreaInvestors-TotalBuy"":""147000"",""ForeignInvestorsIncludeMainlandAreaInvestors-TotalSell"":""237000"",""ForeignInvestorsInclude MainlandAreaInvestors-Difference"":""-90000"",""SecuritiesInvestmentTrustCompanies-TotalBuy"":""0"",""SecuritiesInvestmentTrustCompanies-TotalSell"":""0"",""SecuritiesInvestmentTrustCompanies-Difference"":""0"",""Dealers-TotalBuy"":""3000"",""Dealers-TotalSell"":""8133"",""Dealers-Difference"":""-5133"",""Dealers -TotalSell"":""8133"",""TotalDifference"":""-95133""}"
2026-09-08,TPEX,3666,光耀,0,0,0,0,0,0,2,182000,-181998,"{""Date"":""1150908"",""SecuritiesCompanyCode"":""3666"",""CompanyName"":""光耀"",""Foreign Investors include Mainland Area Investors (Foreign Dealers excluded)-Total Buy"":""6000"","" Foreign Investors include Mainland Area Investors (Foreign Dealers excluded)-Total Sell"":""0"",""Foreign Investors include Mainland Area Investors (Foreign Dealers excluded)-Difference"":""6000"",""Foreign Dealers-Total Buy"":""0"",""Foreign Dealers-TotalSell"":""0"",""ForeignDealers-Difference"":""0"",""ForeignInvestorsIncludeMainlandAreaInvestors-TotalBuy"":""6000"",""ForeignInvestorsIncludeMainlandAreaInvestors-TotalSell"":""0"",""ForeignInvestorsInclude MainlandAreaInvestors-Difference"":""6000"",""SecuritiesInvestmentTrustCompanies-TotalBuy"":""0"",""SecuritiesInvestmentTrustCompanies-TotalSell"":""0"",""SecuritiesInvestmentTrustCompanies-Difference"":""0"",""Dealers-TotalBuy"":""2"",""Dealers-TotalSell"":""182000"",""Dealers-Difference"":""-181998"",""Dealers -TotalSell"":""182000"",""TotalDifference"":""-175998""}"
2026-09-08,TPEX,3672,康聯訊,0,0,0,0,0,0,0,0,0,"{""Date"":""1150908"",""SecuritiesCompanyCode"":""3672"",""CompanyName"":""康聯訊"",""Foreign Investors include Mainland Area Investors (Foreign Dealers excluded)-Total Buy"":""0"","" Foreign Investors include Mainland Area Investors (Foreign Dealers excluded)-Total Sell"":""1000"",""Foreign Investors include Mainland Area Investors (Foreign Dealers excluded)-Difference"":""-1000"",""Foreign Dealers-Total Buy"":""0"",""Foreign Dealers-TotalSell"":""0"",""ForeignDealers-Difference"":""0"",""ForeignInvestorsIncludeMainlandAreaInvestors-TotalBuy"":""0"",""ForeignInvestorsIncludeMainlandAreaInvestors-TotalSell"":""1000"",""ForeignInvestorsInclude MainlandAreaInvestors-Difference"":""-1000"",""SecuritiesInvestmentTrustCompanies-TotalBuy"":""0"",""SecuritiesInvestmentTrustCompanies-TotalSell"":""0"",""SecuritiesInvestmentTrustCompanies-Difference"":""0"",""Dealers-TotalBuy"":""0"",""Dealers-TotalSell"":""0"",""Dealers-Difference"":""0"",""Dealers -TotalSell"":""0"",""TotalDifference"":""-1000""}"
2026-09-08,TPEX,3675,德微,0,0,0,0,0,0,34525,57222,-22697,"{""Date"":""1150908"",""SecuritiesCompanyCode"":""3675"",""CompanyName"":""德微"",""Foreign Investors include Mainland Area Investors (Foreign Dealers excluded)-Total Buy"":""128682"","" Foreign Investors include Mainland Area Investors (Foreign Dealers excluded)-Total Sell"":""328000"",""Foreign Investors include Mainland Area Investors (Foreign Dealers excluded)-Difference"":""-199318"",""Foreign Dealers-Total Buy"":""0"",""Foreign Dealers-TotalSell"":""0"",""ForeignDealers-Difference"":""0"",""ForeignInvestorsIncludeMainlandAreaInvestors-TotalBuy"":""128682"",""ForeignInvestorsIncludeMainlandAreaInvestors-TotalSell"":""328000"",""ForeignInvestorsInclude MainlandAreaInvestors-Difference"":""-199318"",""SecuritiesInvestmentTrustCompanies-TotalBuy"":""0"",""SecuritiesInvestmentTrustCompanies-TotalSell"":""0"",""SecuritiesInvestmentTrustCompanies-Difference"":""0"",""Dealers-TotalBuy"":""34525"",""Dealers-TotalSell"":""57222"",""Dealers-Difference"":""-22697"",""Dealers -TotalSell"":""37874"",""TotalDifference"":""-222015""}"
2026-09-08,TPEX,3680,家登,0,0,0,0,0,0,151088,67665,83423,"{""Date"":""1150908"",""SecuritiesCompanyCode"":""3680"",""CompanyName"":""家登"",""Foreign Investors include Mainland Area Investors (Foreign Dealers excluded)-Total Buy"":""745685"","" Foreign Investors include Mainland Area Investors (Foreign Dealers excluded)-Total Sell"":""659380"",""Foreign Investors include Mainland Area Investors (Foreign Dealers excluded)-Difference"":""86305"",""Foreign Dealers-Total Buy"":""0"",""Foreign Dealers-TotalSell"":""0"",""ForeignDealers-Difference"":""0"",""ForeignInvestorsIncludeMainlandAreaInvestors-TotalBuy"":""745685"",""ForeignInvestorsIncludeMainlandAreaInvestors-TotalSell"":""659380"",""ForeignInvestorsInclude MainlandAreaInvestors-Difference"":""86305"",""SecuritiesInvestmentTrustCompanies-TotalBuy"":""0"",""SecuritiesInvestmentTrustCompanies-TotalSell"":""0"",""SecuritiesInvestmentTrustCompanies-Difference"":""0"",""Dealers-TotalBuy"":""151088"",""Dealers-TotalSell"":""67665"",""Dealers-Difference"":""83423"",""Dealers -TotalSell"":""37724"",""TotalDifference"":""169728""}"
2026-09-08,TPEX,3684,榮昌,0,0,0,0,0,0,362,0,362,"{""Date"":""1150908"",""SecuritiesCompanyCode"":""3684"",""CompanyName"":""榮昌"",""Foreign Investors include Mainland Area Investors (Foreign Dealers excluded)-Total Buy"":""6000"","" Foreign Investors include Mainland Area Investors (Foreign Dealers excluded)-Total Sell"":""4000"",""Foreign Investors include Mainland Area Investors (Foreign Dealers excluded)-Difference"":""2000"",""Foreign Dealers-Total Buy"":""0"",""Foreign Dealers-TotalSell"":""0"",""ForeignDealers-Difference"":""0"",""ForeignInvestorsIncludeMainlandAreaInvestors-TotalBuy"":""6000"",""ForeignInvestorsIncludeMainlandAreaInvestors-TotalSell"":""4000"",""ForeignInvestorsInclude MainlandAreaInvestors-Difference"":""2000"",""SecuritiesInvestmentTrustCompanies-TotalBuy"":""0"",""SecuritiesInvestmentTrustCompanies-TotalSell"":""0"",""SecuritiesInvestmentTrustCompanies-Difference"":""0"",""Dealers-TotalBuy"":""362"",""Dealers-TotalSell"":""0"",""Dealers-Difference"":""362"",""Dealers -TotalSell"":""0"",""TotalDifference"":""2362""}"
2026-09-08,TPEX,3685,元創精密,0,0,0,0,0,0,0,0,0,"{""Date"":""1150908"",""SecuritiesCompanyCode"":""3685"",""CompanyName"":""元創精密"",""Foreign Investors include Mainland Area Investors (Foreign Dealers excluded)-Total Buy"":""55000"","" Foreign Investors include Mainland Area Investors (Foreign Dealers excluded)-Total Sell"":""38000"",""Foreign Investors include Mainland Area Investors (Foreign Dealers excluded)-Difference"":""17000"",""Foreign Dealers-Total Buy"":""0"",""Foreign Dealers-TotalSell"":""0"",""ForeignDealers-Difference"":""0"",""ForeignInvestorsIncludeMainlandAreaInvestors-TotalBuy"":""55000"",""ForeignInvestorsIncludeMainlandAreaInvestors-TotalSell"":""38000"",""ForeignInvestorsInclude MainlandAreaInvestors-Difference"":""17000"",""SecuritiesInvestmentTrustCompanies-TotalBuy"":""0"",""SecuritiesInvestmentTrustCompanies-TotalSell"":""0"",""SecuritiesInvestmentTrustCompanies-Difference"":""0"",""Dealers-TotalBuy"":""0"",""Dealers-TotalSell"":""0"",""Dealers-Difference"":""0"",""Dealers -TotalSell"":""0"",""TotalDifference"":""17000""}"
2026-09-08,TPEX,3687,歐買尬,0,0,0,0,0,0,1000,1000,0,"{""Date"":""1150908"",""SecuritiesCompanyCode"":""3687"",""CompanyName"":""歐買尬"",""Foreign Investors include Mainland Area Investors (Foreign Dealers excluded)-Total Buy"":""4000"","" Foreign Investors include Mainland Area Investors (Foreign Dealers excluded)-Total Sell"":""0"",""Foreign Investors include Mainland Area Investors (Foreign Dealers excluded)-Difference"":""4000"",""Foreign Dealers-Total Buy"":""0"",""Foreign Dealers-TotalSell"":""0"",""ForeignDealers-Difference"":""0"",""ForeignInvestorsIncludeMainlandAreaInvestors-TotalBuy"":""4000"",""ForeignInvestorsIncludeMainlandAreaInvestors-TotalSell"":""0"",""ForeignInvestorsInclude MainlandAreaInvestors-Difference"":""4000"",""SecuritiesInvestmentTrustCompanies-TotalBuy"":""0"",""SecuritiesInvestmentTrustCompanies-TotalSell"":""0"",""SecuritiesInvestmentTrustCompanies-Difference"":""0"",""Dealers-TotalBuy"":""1000"",""Dealers-TotalSell"":""1000"",""Dealers-Difference"":""0"",""Dealers -TotalSell"":""1000"",""TotalDifference"":""4000""}"
2026-09-08,TPEX,3689,湧德,0,0,0,0,0,0,2000,14897,-12897,"{""Date"":""1150908"",""SecuritiesCompanyCode"":""3689"",""CompanyName"":""湧德"",""Foreign Investors include Mainland Area Investors (Foreign Dealers excluded)-Total Buy"":""156000"","" Foreign Investors include Mainland Area Investors (Foreign Dealers excluded)-Total Sell"":""184000"",""Foreign Investors include Mainland Area Investors (Foreign Dealers excluded)-Difference"":""-28000"",""Foreign Dealers-Total Buy"":""0"",""Foreign Dealers-TotalSell"":""0"",""ForeignDealers-Difference"":""0"",""ForeignInvestorsIncludeMainlandAreaInvestors-TotalBuy"":""156000"",""ForeignInvestorsIncludeMainlandAreaInvestors-TotalSell"":""184000"",""ForeignInvestorsInclude MainlandAreaInvestors-Difference"":""-28000"",""SecuritiesInvestmentTrustCompanies-TotalBuy"":""0"",""SecuritiesInvestmentTrustCompanies-TotalSell"":""0"",""SecuritiesInvestmentTrustCompanies-Difference"":""0"",""Dealers-TotalBuy"":""2000"",""Dealers-TotalSell"":""14897"",""Dealers-Difference"":""-12897"",""Dealers -TotalSell"":""14897"",""TotalDifference"":""-40897""}"
2026-09-08,TPEX,3691,碩禾,0,0,0,0,0,0,2000,6451,-4451,"{""Date"":""1150908"",""SecuritiesCompanyCode"":""3691"",""CompanyName"":""碩禾"",""Foreign Investors include Mainland Area Investors (Foreign Dealers excluded)-Total Buy"":""27000"","" Foreign Investors include Mainland Area Investors (Foreign Dealers excluded)-Total Sell"":""80082"",""Foreign Investors include Mainland Area Investors (Foreign Dealers excluded)-Difference"":""-53082"",""Foreign Dealers-Total Buy"":""0"",""Foreign Dealers-TotalSell"":""0"",""ForeignDealers-Difference"":""0"",""ForeignInvestorsIncludeMainlandAreaInvestors-TotalBuy"":""27000"",""ForeignInvestorsIncludeMainlandAreaInvestors-TotalSell"":""80082"",""ForeignInvestorsInclude MainlandAreaInvestors-Difference"":""-53082"",""SecuritiesInvestmentTrustCompanies-TotalBuy"":""0"",""SecuritiesInvestmentTrustCompanies-TotalSell"":""0"",""SecuritiesInvestmentTrustCompanies-Difference"":""0"",""Dealers-TotalBuy"":""2000"",""Dealers-TotalSell"":""6451"",""Dealers-Difference"":""-4451"",""Dealers -TotalSell"":""2451"",""TotalDifference"":""-57533""}"
2026-09-08,TPEX,3693,營邦,0,0,0,0,0,0,77477,85819,-30342,"{""Date"":""1150908"",""SecuritiesCompanyCode"":""3693"",""CompanyName"":""營邦"",""Foreign Investors include Mainland Area Investors (Foreign Dealers excluded)-Total Buy"":""1557929"","" Foreign Investors include Mainland Area Investors (Foreign Dealers excluded)-Total Sell"":""1020435"",""Foreign Investors include Mainland Area Investors (Foreign Dealers excluded)-Difference"":""537494"",""Foreign Dealers-Total Buy"":""0"",""Foreign Dealers-TotalSell"":""0"",""ForeignDealers-Difference"":""0"",""ForeignInvestorsIncludeMainlandAreaInvestors-TotalBuy"":""1557929"",""ForeignInvestorsIncludeMainlandAreaInvestors-TotalSell"":""1020435"",""ForeignInvestorsInclude MainlandAreaInvestors-Difference"":""537494"",""SecuritiesInvestmentTrustCompanies-TotalBuy"":""0"",""SecuritiesInvestmentTrustCompanies-TotalSell"":""0"",""SecuritiesInvestmentTrustCompanies-Difference"":""0"",""Dealers-TotalBuy"":""77477"",""Dealers-TotalSell"":""107819"",""Dealers-Difference"":""-30342"",""Dealers -TotalSell"":""85819"",""TotalDifference"":""507152""}"
2026-09-08,TPEX,3707,漢磊,0,0,0,0,0,0,25241,28359,-3118,"{""Date"":""1150908"",""SecuritiesCompanyCode"":""3707"",""CompanyName"":""漢磊"",""Foreign Investors include Mainland Area Investors (Foreign Dealers excluded)-Total Buy"":""1067000"","" Foreign Investors include Mainland Area Investors (Foreign Dealers excluded)-Total Sell"":""1885000"",""Foreign Investors include Mainland Area Investors (Foreign Dealers excluded)-Difference"":""-818000"",""Foreign Dealers-Total Buy"":""0"",""Foreign Dealers-TotalSell"":""0"",""ForeignDealers-Difference"":""0"",""ForeignInvestorsIncludeMainlandAreaInvestors-TotalBuy"":""1067000"",""ForeignInvestorsIncludeMainlandAreaInvestors-TotalSell"":""1885000"",""ForeignInvestorsInclude MainlandAreaInvestors-Difference"":""-818000"",""SecuritiesInvestmentTrustCompanies-TotalBuy"":""0"",""SecuritiesInvestmentTrustCompanies-TotalSell"":""0"",""SecuritiesInvestmentTrustCompanies-Difference"":""0"",""Dealers-TotalBuy"":""25241"",""Dealers-TotalSell"":""28359"",""Dealers-Difference"":""-3118"",""Dealers -TotalSell"":""28359"",""TotalDifference"":""-821118""}"
2026-09-08,TPEX,3709,鑫聯大投控,0,0,0,0,0,0,40474,52021,-11547,"{""Date"":""1150908"",""SecuritiesCompanyCode"":""3709"",""CompanyName"":""鑫聯大投控"",""Foreign Investors include Mainland Area Investors (Foreign Dealers excluded)-Total Buy"":""93400"","" Foreign Investors include Mainland Area Investors (Foreign Dealers excluded)-Total Sell"":""438434"",""Foreign Investors include Mainland Area Investors (Foreign Dealers excluded)-Difference"":""-345034"",""Foreign Dealers-Total Buy"":""0"",""Foreign Dealers-TotalSell"":""0"",""ForeignDealers-Difference"":""0"",""ForeignInvestorsIncludeMainlandAreaInvestors-TotalBuy"":""93400"",""ForeignInvestorsIncludeMainlandAreaInvestors-TotalSell"":""438434"",""ForeignInvestorsInclude MainlandAreaInvestors-Difference"":""-345034"",""SecuritiesInvestmentTrustCompanies-TotalBuy"":""0"",""SecuritiesInvestmentTrustCompanies-TotalSell"":""0"",""SecuritiesInvestmentTrustCompanies-Difference"":""0"",""Dealers-TotalBuy"":""40474"",""Dealers-TotalSell"":""52021"",""Dealers-Difference"":""-11547"",""Dealers -TotalSell"":""52021"",""TotalDifference"":""-356581""}"
2026-09-08,TPEX,3710,連展投控,0,0,0,0,0,0,0,0,0,"{""Date"":""1150908"",""SecuritiesCompanyCode"":""3710"",""CompanyName"":""連展投控"",""Foreign Investors include Mainland Area Investors (Foreign Dealers excluded)-Total Buy"":""1000"","" Foreign Investors include Mainland Area Investors (Foreign Dealers excluded)-Total Sell"":""81000"",""Foreign Investors include Mainland Area Investors (Foreign Dealers excluded)-Difference"":""-80000"",""Foreign Dealers-Total Buy"":""0"",""Foreign Dealers-TotalSell"":""0"",""ForeignDealers-Difference"":""0"",""ForeignInvestorsIncludeMainlandAreaInvestors-TotalBuy"":""1000"",""ForeignInvestorsIncludeMainlandAreaInvestors-TotalSell"":""81000"",""ForeignInvestorsInclude MainlandAreaInvestors-Difference"":""-80000"",""SecuritiesInvestmentTrustCompanies-TotalBuy"":""0"",""SecuritiesInvestmentTrustCompanies-TotalSell"":""0"",""SecuritiesInvestmentTrustCompanies-Difference"":""0"",""Dealers-TotalBuy"":""0"",""Dealers-TotalSell"":""0"",""Dealers-Difference"":""0"",""Dealers -TotalSell"":""0"",""TotalDifference"":""-80000""}"
2026-09-08,TPEX,3713,新晶投控,0,0,0,0,0,0,0,0,0,"{""Date"":""1150908"",""SecuritiesCompanyCode"":""3713"",""CompanyName"":""新晶投控"",""Foreign Investors include Mainland Area Investors (Foreign Dealers excluded)-Total Buy"":""0"","" Foreign Investors include Mainland Area Investors (Foreign Dealers excluded)-Total Sell"":""2000"",""Foreign Investors include Mainland Area Investors (Foreign Dealers excluded)-Difference"":""-2000"",""Foreign Dealers-Total Buy"":""0"",""Foreign Dealers-TotalSell"":""0"",""ForeignDealers-Difference"":""0"",""ForeignInvestorsIncludeMainlandAreaInvestors-TotalBuy"":""0"",""ForeignInvestorsIncludeMainlandAreaInvestors-TotalSell"":""2000"",""ForeignInvestorsInclude MainlandAreaInvestors-Difference"":""-2000"",""SecuritiesInvestmentTrustCompanies-TotalBuy"":""0"",""SecuritiesInvestmentTrustCompanies-TotalSell"":""0"",""SecuritiesInvestmentTrustCompanies-Difference"":""0"",""Dealers-TotalBuy"":""0"",""Dealers-TotalSell"":""0"",""Dealers-Difference"":""0"",""Dealers -TotalSell"":""0"",""TotalDifference"":""-2000""}"
2026-09-08,TPEX,3718,中光電投控,0,0,0,0,0,0,36000,178496,-142496,"{""Date"":""1150908"",""SecuritiesCompanyCode"":""3718"",""CompanyName"":""中光電投控"",""Foreign Investors include Mainland Area Investors (Foreign Dealers excluded)-Total Buy"":""978270"","" Foreign Investors include Mainland Area Investors (Foreign Dealers excluded)-Total Sell"":""2222405"",""Foreign Investors include Mainland Area Investors (Foreign Dealers excluded)-Difference"":""-1244135"",""Foreign Dealers-Total Buy"":""0"",""Foreign Dealers-TotalSell"":""0"",""ForeignDealers-Difference"":""0"",""ForeignInvestorsIncludeMainlandAreaInvestors-TotalBuy"":""978270"",""ForeignInvestorsIncludeMainlandAreaInvestors-TotalSell"":""2222405"",""ForeignInvestorsInclude MainlandAreaInvestors-Difference"":""-1244135"",""SecuritiesInvestmentTrustCompanies-TotalBuy"":""0"",""SecuritiesInvestmentTrustCompanies-TotalSell"":""0"",""SecuritiesInvestmentTrustCompanies-Difference"":""0"",""Dealers-TotalBuy"":""36000"",""Dealers-TotalSell"":""178496"",""Dealers-Difference"":""-142496"",""Dealers -TotalSell"":""122496"",""TotalDifference"":""-1386631""}"
2026-09-08,TPEX,4102,永日,0,0,0,0,0,0,0,0,0,"{""Date"":""1150908"",""SecuritiesCompanyCode"":""4102"",""CompanyName"":""永日"",""Foreign Investors include Mainland Area Investors (Foreign Dealers excluded)-Total Buy"":""0"","" Foreign Investors include Mainland Area Investors (Foreign Dealers excluded)-Total Sell"":""5000"",""Foreign Investors include Mainland Area Investors (Foreign Dealers excluded)-Difference"":""-5000"",""Foreign Dealers-Total Buy"":""0"",""Foreign Dealers-TotalSell"":""0"",""ForeignDealers-Difference"":""0"",""ForeignInvestorsIncludeMainlandAreaInvestors-TotalBuy"":""0"",""ForeignInvestorsIncludeMainlandAreaInvestors-TotalSell"":""5000"",""ForeignInvestorsInclude MainlandAreaInvestors-Difference"":""-5000"",""SecuritiesInvestmentTrustCompanies-TotalBuy"":""0"",""SecuritiesInvestmentTrustCompanies-TotalSell"":""0"",""SecuritiesInvestmentTrustCompanies-Difference"":""0"",""Dealers-TotalBuy"":""0"",""Dealers-TotalSell"":""0"",""Dealers-Difference"":""0"",""Dealers -TotalSell"":""0"",""TotalDifference"":""-5000""}"
2026-09-08,TPEX,4105,東洋,0,0,0,0,0,0,1000,61,939,"{""Date"":""1150908"",""SecuritiesCompanyCode"":""4105"",""CompanyName"":""東洋"",""Foreign Investors include Mainland Area Investors (Foreign Dealers excluded)-Total Buy"":""135000"","" Foreign Investors include Mainland Area Investors (Foreign Dealers excluded)-Total Sell"":""38000"",""Foreign Investors include Mainland Area Investors (Foreign Dealers excluded)-Difference"":""97000"",""Foreign Dealers-Total Buy"":""0"",""Foreign Dealers-TotalSell"":""0"",""ForeignDealers-Difference"":""0"",""ForeignInvestorsIncludeMainlandAreaInvestors-TotalBuy"":""135000"",""ForeignInvestorsIncludeMainlandAreaInvestors-TotalSell"":""38000"",""ForeignInvestorsInclude MainlandAreaInvestors-Difference"":""97000"",""SecuritiesInvestmentTrustCompanies-TotalBuy"":""0"",""SecuritiesInvestmentTrustCompanies-TotalSell"":""0"",""SecuritiesInvestmentTrustCompanies-Difference"":""0"",""Dealers-TotalBuy"":""1000"",""Dealers-TotalSell"":""61"",""Dealers-Difference"":""939"",""Dealers -TotalSell"":""61"",""TotalDifference"":""97939""}"
2026-09-08,TPEX,4107,邦特,0,0,0,0,0,0,0,1533,-1533,"{""Date"":""1150908"",""SecuritiesCompanyCode"":""4107"",""CompanyName"":""邦特"",""Foreign Investors include Mainland Area Investors (Foreign Dealers excluded)-Total Buy"":""1183"","" Foreign Investors include Mainland Area Investors (Foreign Dealers excluded)-Total Sell"":""13000"",""Foreign Investors include Mainland Area Investors (Foreign Dealers excluded)-Difference"":""-11817"",""Foreign Dealers-Total Buy"":""0"",""Foreign Dealers-TotalSell"":""0"",""ForeignDealers-Difference"":""0"",""ForeignInvestorsIncludeMainlandAreaInvestors-TotalBuy"":""1183"",""ForeignInvestorsIncludeMainlandAreaInvestors-TotalSell"":""13000"",""ForeignInvestorsInclude MainlandAreaInvestors-Difference"":""-11817"",""SecuritiesInvestmentTrustCompanies-TotalBuy"":""0"",""SecuritiesInvestmentTrustCompanies-TotalSell"":""0"",""SecuritiesInvestmentTrustCompanies-Difference"":""0"",""Dealers-TotalBuy"":""0"",""Dealers-TotalSell"":""1533"",""Dealers-Difference"":""-1533"",""Dealers -TotalSell"":""0"",""TotalDifference"":""-13350""}"
2026-09-08,TPEX,4109,加捷生醫,0,0,0,0,0,0,0,373,-373,"{""Date"":""1150908"",""SecuritiesCompanyCode"":""4109"",""CompanyName"":""加捷生醫"",""Foreign Investors include Mainland Area Investors (Foreign Dealers excluded)-Total Buy"":""3000"","" Foreign Investors include Mainland Area Investors (Foreign Dealers excluded)-Total Sell"":""63000"",""Foreign Investors include Mainland Area Investors (Foreign Dealers excluded)-Difference"":""-60000"",""Foreign Dealers-Total Buy"":""0"",""Foreign Dealers-TotalSell"":""0"",""ForeignDealers-Difference"":""0"",""ForeignInvestorsIncludeMainlandAreaInvestors-TotalBuy"":""3000"",""ForeignInvestorsIncludeMainlandAreaInvestors-TotalSell"":""63000"",""ForeignInvestorsInclude MainlandAreaInvestors-Difference"":""-60000"",""SecuritiesInvestmentTrustCompanies-TotalBuy"":""0"",""SecuritiesInvestmentTrustCompanies-TotalSell"":""0"",""SecuritiesInvestmentTrustCompanies-Difference"":""0"",""Dealers-TotalBuy"":""0"",""Dealers-TotalSell"":""373"",""Dealers-Difference"":""-373"",""Dealers -TotalSell"":""373"",""TotalDifference"":""-60373""}"
2026-09-08,TPEX,4111,濟生,0,0,0,0,0,0,0,13,-13,"{""Date"":""1150908"",""SecuritiesCompanyCode"":""4111"",""CompanyName"":""濟生"",""Foreign Investors include Mainland Area Investors (Foreign Dealers excluded)-Total Buy"":""0"","" Foreign Investors include Mainland Area Investors (Foreign Dealers excluded)-Total Sell"":""2000"",""Foreign Investors include Mainland Area Investors (Foreign Dealers excluded)-Difference"":""-2000"",""Foreign Dealers-Total Buy"":""0"",""Foreign Dealers-TotalSell"":""0"",""ForeignDealers-Difference"":""0"",""ForeignInvestorsIncludeMainlandAreaInvestors-TotalBuy"":""0"",""ForeignInvestorsIncludeMainlandAreaInvestors-TotalSell"":""2000"",""ForeignInvestorsInclude MainlandAreaInvestors-Difference"":""-2000"",""SecuritiesInvestmentTrustCompanies-TotalBuy"":""0"",""SecuritiesInvestmentTrustCompanies-TotalSell"":""0"",""SecuritiesInvestmentTrustCompanies-Difference"":""0"",""Dealers-TotalBuy"":""0"",""Dealers-TotalSell"":""13"",""Dealers-Difference"":""-13"",""Dealers -TotalSell"":""13"",""TotalDifference"":""-2013""}"
2026-09-08,TPEX,4113,聯上,0,0,0,0,0,0,800,1000,-200,"{""Date"":""1150908"",""SecuritiesCompanyCode"":""4113"",""CompanyName"":""聯上"",""Foreign Investors include Mainland Area Investors (Foreign Dealers excluded)-Total Buy"":""48000"","" Foreign Investors include Mainland Area Investors (Foreign Dealers excluded)-Total Sell"":""22000"",""Foreign Investors include Mainland Area Investors (Foreign Dealers excluded)-Difference"":""26000"",""Foreign Dealers-Total Buy"":""0"",""Foreign Dealers-TotalSell"":""0"",""ForeignDealers-Difference"":""0"",""ForeignInvestorsIncludeMainlandAreaInvestors-TotalBuy"":""48000"",""ForeignInvestorsIncludeMainlandAreaInvestors-TotalSell"":""22000"",""ForeignInvestorsInclude MainlandAreaInvestors-Difference"":""26000"",""SecuritiesInvestmentTrustCompanies-TotalBuy"":""0"",""SecuritiesInvestmentTrustCompanies-TotalSell"":""0"",""SecuritiesInvestmentTrustCompanies-Difference"":""0"",""Dealers-TotalBuy"":""800"",""Dealers-TotalSell"":""1000"",""Dealers-Difference"":""-200"",""Dealers -TotalSell"":""1000"",""TotalDifference"":""25800""}"
2026-09-08,TPEX,4114,健喬,0,0,0,0,0,0,0,79000,-79000,"{""Date"":""1150908"",""SecuritiesCompanyCode"":""4114"",""CompanyName"":""健喬"",""Foreign Investors include Mainland Area Investors (Foreign Dealers excluded)-Total Buy"":""263000"","" Foreign Investors include Mainland Area Investors (Foreign Dealers excluded)-Total Sell"":""69000"",""Foreign Investors include Mainland Area Investors (Foreign Dealers excluded)-Difference"":""194000"",""Foreign Dealers-Total Buy"":""0"",""Foreign Dealers-TotalSell"":""0"",""ForeignDealers-Difference"":""0"",""ForeignInvestorsIncludeMainlandAreaInvestors-TotalBuy"":""263000"",""ForeignInvestorsIncludeMainlandAreaInvestors-TotalSell"":""69000"",""ForeignInvestorsInclude MainlandAreaInvestors-Difference"":""194000"",""SecuritiesInvestmentTrustCompanies-TotalBuy"":""0"",""SecuritiesInvestmentTrustCompanies-TotalSell"":""0"",""SecuritiesInvestmentTrustCompanies-Difference"":""0"",""Dealers-TotalBuy"":""0"",""Dealers-TotalSell"":""79000"",""Dealers-Difference"":""-79000"",""Dealers -TotalSell"":""0"",""TotalDifference"":""115000""}"
2026-09-08,TPEX,4116,明基醫,0,0,0,0,0,0,0,0,0,"{""Date"":""1150908"",""SecuritiesCompanyCode"":""4116"",""CompanyName"":""明基醫"",""Foreign Investors include Mainland Area Investors (Foreign Dealers excluded)-Total Buy"":""0"","" Foreign Investors include Mainland Area Investors (Foreign Dealers excluded)-Total Sell"":""6000"",""Foreign Investors include Mainland Area Investors (Foreign Dealers excluded)-Difference"":""-6000"",""Foreign Dealers-Total Buy"":""0"",""Foreign Dealers-TotalSell"":""0"",""ForeignDealers-Difference"":""0"",""ForeignInvestorsIncludeMainlandAreaInvestors-TotalBuy"":""0"",""ForeignInvestorsIncludeMainlandAreaInvestors-TotalSell"":""6000"",""ForeignInvestorsInclude MainlandAreaInvestors-Difference"":""-6000"",""SecuritiesInvestmentTrustCompanies-TotalBuy"":""0"",""SecuritiesInvestmentTrustCompanies-TotalSell"":""0"",""SecuritiesInvestmentTrustCompanies-Difference"":""0"",""Dealers-TotalBuy"":""0"",""Dealers-TotalSell"":""0"",""Dealers-Difference"":""0"",""Dealers -TotalSell"":""0"",""TotalDifference"":""-6000""}"
2026-09-08,TPEX,4120,友華,0,0,0,0,0,0,0,0,0,"{""Date"":""1150908"",""SecuritiesCompanyCode"":""4120"",""CompanyName"":""友華"",""Foreign Investors include Mainland Area Investors (Foreign Dealers excluded)-Total Buy"":""0"","" Foreign Investors include Mainland Area Investors (Foreign Dealers excluded)-Total Sell"":""1000"",""Foreign Investors include Mainland Area Investors (Foreign Dealers excluded)-Difference"":""-1000"",""Foreign Dealers-Total Buy"":""0"",""Foreign Dealers-TotalSell"":""0"",""ForeignDealers-Difference"":""0"",""ForeignInvestorsIncludeMainlandAreaInvestors-TotalBuy"":""0"",""ForeignInvestorsIncludeMainlandAreaInvestors-TotalSell"":""1000"",""ForeignInvestorsInclude MainlandAreaInvestors-Difference"":""-1000"",""SecuritiesInvestmentTrustCompanies-TotalBuy"":""0"",""SecuritiesInvestmentTrustCompanies-TotalSell"":""0"",""SecuritiesInvestmentTrustCompanies-Difference"":""0"",""Dealers-TotalBuy"":""0"",""Dealers-TotalSell"":""0"",""Dealers-Difference"":""0"",""Dealers -TotalSell"":""0"",""TotalDifference"":""-1000""}"
2026-09-08,TPEX,4121,優盛,0,0,0,0,0,0,874,1100,-226,"{""Date"":""1150908"",""SecuritiesCompanyCode"":""4121"",""CompanyName"":""優盛"",""Foreign Investors include Mainland Area Investors (Foreign Dealers excluded)-Total Buy"":""3000"","" Foreign Investors include Mainland Area Investors (Foreign Dealers excluded)-Total Sell"":""16000"",""Foreign Investors include Mainland Area Investors (Foreign Dealers excluded)-Difference"":""-13000"",""Foreign Dealers-Total Buy"":""0"",""Foreign Dealers-TotalSell"":""0"",""ForeignDealers-Difference"":""0"",""ForeignInvestorsIncludeMainlandAreaInvestors-TotalBuy"":""3000"",""ForeignInvestorsIncludeMainlandAreaInvestors-TotalSell"":""16000"",""ForeignInvestorsInclude MainlandAreaInvestors-Difference"":""-13000"",""SecuritiesInvestmentTrustCompanies-TotalBuy"":""0"",""SecuritiesInvestmentTrustCompanies-TotalSell"":""0"",""SecuritiesInvestmentTrustCompanies-Difference"":""0"",""Dealers-TotalBuy"":""874"",""Dealers-TotalSell"":""1100"",""Dealers-Difference"":""-226"",""Dealers -TotalSell"":""1100"",""TotalDifference"":""-13226""}"
2026-09-08,TPEX,4123,晟德,0,0,0,0,0,0,338765,81805,256960,"{""Date"":""1150908"",""SecuritiesCompanyCode"":""4123"",""CompanyName"":""晟德"",""Foreign Investors include Mainland Area Investors (Foreign Dealers excluded)-Total Buy"":""301843"","" Foreign Investors include Mainland Area Investors (Foreign Dealers excluded)-Total Sell"":""1099000"",""Foreign Investors include Mainland Area Investors (Foreign Dealers excluded)-Difference"":""-797157"",""Foreign Dealers-Total Buy"":""0"",""Foreign Dealers-TotalSell"":""0"",""ForeignDealers-Difference"":""0"",""ForeignInvestorsIncludeMainlandAreaInvestors-TotalBuy"":""301843"",""ForeignInvestorsIncludeMainlandAreaInvestors-TotalSell"":""1099000"",""ForeignInvestorsInclude MainlandAreaInvestors-Difference"":""-797157"",""SecuritiesInvestmentTrustCompanies-TotalBuy"":""0"",""SecuritiesInvestmentTrustCompanies-TotalSell"":""0"",""SecuritiesInvestmentTrustCompanies-Difference"":""0"",""Dealers-TotalBuy"":""338765"",""Dealers-TotalSell"":""81805"",""Dealers-Difference"":""256960"",""Dealers -TotalSell"":""5957"",""TotalDifference"":""-540197""}"
2026-09-08,TPEX,4126,太醫,0,0,0,0,0,0,0,0,0,"{""Date"":""1150908"",""SecuritiesCompanyCode"":""4126"",""CompanyName"":""太醫"",""Foreign Investors include Mainland Area Investors (Foreign Dealers excluded)-Total Buy"":""1000"","" Foreign Investors include Mainland Area Investors (Foreign Dealers excluded)-Total Sell"":""4000"",""Foreign Investors include Mainland Area Investors (Foreign Dealers excluded)-Difference"":""-3000"",""Foreign Dealers-Total Buy"":""0"",""Foreign Dealers-TotalSell"":""0"",""ForeignDealers-Difference"":""0"",""ForeignInvestorsIncludeMainlandAreaInvestors-TotalBuy"":""1000"",""ForeignInvestorsIncludeMainlandAreaInvestors-TotalSell"":""4000"",""ForeignInvestorsInclude MainlandAreaInvestors-Difference"":""-3000"",""SecuritiesInvestmentTrustCompanies-TotalBuy"":""0"",""SecuritiesInvestmentTrustCompanies-TotalSell"":""0"",""SecuritiesInvestmentTrustCompanies-Difference"":""0"",""Dealers-TotalBuy"":""0"",""Dealers-TotalSell"":""0"",""Dealers-Difference"":""0"",""Dealers -TotalSell"":""0"",""TotalDifference"":""-3000""}"
2026-09-08,TPEX,4127,天良,0,0,0,0,0,0,1000,1413,-413,"{""Date"":""1150908"",""SecuritiesCompanyCode"":""4127"",""CompanyName"":""天良"",""Foreign Investors include Mainland Area Investors (Foreign Dealers excluded)-Total Buy"":""47000"","" Foreign Investors include Mainland Area Investors (Foreign Dealers excluded)-Total Sell"":""92000"",""Foreign Investors include Mainland Area Investors (Foreign Dealers excluded)-Difference"":""-45000"",""Foreign Dealers-Total Buy"":""0"",""Foreign Dealers-TotalSell"":""0"",""ForeignDealers-Difference"":""0"",""ForeignInvestorsIncludeMainlandAreaInvestors-TotalBuy"":""47000"",""ForeignInvestorsIncludeMainlandAreaInvestors-TotalSell"":""92000"",""ForeignInvestorsInclude MainlandAreaInvestors-Difference"":""-45000"",""SecuritiesInvestmentTrustCompanies-TotalBuy"":""0"",""SecuritiesInvestmentTrustCompanies-TotalSell"":""0"",""SecuritiesInvestmentTrustCompanies-Difference"":""0"",""Dealers-TotalBuy"":""1000"",""Dealers-TotalSell"":""1413"",""Dealers-Difference"":""-413"",""Dealers -TotalSell"":""1413"",""TotalDifference"":""-45413""}"
2026-09-08,TPEX,4128,中天,0,0,0,0,0,0,8180,1707,6473,"{""Date"":""1150908"",""SecuritiesCompanyCode"":""4128"",""CompanyName"":""中天"",""Foreign Investors include Mainland Area Investors (Foreign Dealers excluded)-Total Buy"":""452425"","" Foreign Investors include Mainland Area Investors (Foreign Dealers excluded)-Total Sell"":""154000"",""Foreign Investors include Mainland Area Investors (Foreign Dealers excluded)-Difference"":""298425"",""Foreign Dealers-Total Buy"":""0"",""Foreign Dealers-TotalSell"":""0"",""ForeignDealers-Difference"":""0"",""ForeignInvestorsIncludeMainlandAreaInvestors-TotalBuy"":""452425"",""ForeignInvestorsIncludeMainlandAreaInvestors-TotalSell"":""154000"",""ForeignInvestorsInclude MainlandAreaInvestors-Difference"":""298425"",""SecuritiesInvestmentTrustCompanies-TotalBuy"":""0"",""SecuritiesInvestmentTrustCompanies-TotalSell"":""0"",""SecuritiesInvestmentTrustCompanies-Difference"":""0"",""Dealers-TotalBuy"":""8180"",""Dealers-TotalSell"":""1707"",""Dealers-Difference"":""6473"",""Dealers -TotalSell"":""1707"",""TotalDifference"":""304898""}"
2026-09-08,TPEX,4129,聯合,0,0,0,0,0,0,953,2000,-1047,"{""Date"":""1150908"",""SecuritiesCompanyCode"":""4129"",""CompanyName"":""聯合"",""Foreign Investors include Mainland Area Investors (Foreign Dealers excluded)-Total Buy"":""49000"","" Foreign Investors include Mainland Area Investors (Foreign Dealers excluded)-Total Sell"":""79000"",""Foreign Investors include Mainland Area Investors (Foreign Dealers excluded)-Difference"":""-30000"",""Foreign Dealers-Total Buy"":""0"",""Foreign Dealers-TotalSell"":""0"",""ForeignDealers-Difference"":""0"",""ForeignInvestorsIncludeMainlandAreaInvestors-TotalBuy"":""49000"",""ForeignInvestorsIncludeMainlandAreaInvestors-TotalSell"":""79000"",""ForeignInvestorsInclude MainlandAreaInvestors-Difference"":""-30000"",""SecuritiesInvestmentTrustCompanies-TotalBuy"":""0"",""SecuritiesInvestmentTrustCompanies-TotalSell"":""0"",""SecuritiesInvestmentTrustCompanies-Difference"":""0"",""Dealers-TotalBuy"":""953"",""Dealers-TotalSell"":""2000"",""Dealers-Difference"":""-1047"",""Dealers -TotalSell"":""0"",""TotalDifference"":""-31047""}"
2026-09-08,TPEX,4138,曜亞,0,0,0,0,0,0,0,0,0,"{""Date"":""1150908"",""SecuritiesCompanyCode"":""4138"",""CompanyName"":""曜亞"",""Foreign Investors include Mainland Area Investors (Foreign Dealers excluded)-Total Buy"":""1000"","" Foreign Investors include Mainland Area Investors (Foreign Dealers excluded)-Total Sell"":""2000"",""Foreign Investors include Mainland Area Investors (Foreign Dealers excluded)-Difference"":""-1000"",""Foreign Dealers-Total Buy"":""0"",""Foreign Dealers-TotalSell"":""0"",""ForeignDealers-Difference"":""0"",""ForeignInvestorsIncludeMainlandAreaInvestors-TotalBuy"":""1000"",""ForeignInvestorsIncludeMainlandAreaInvestors-TotalSell"":""2000"",""ForeignInvestorsInclude MainlandAreaInvestors-Difference"":""-1000"",""SecuritiesInvestmentTrustCompanies-TotalBuy"":""0"",""SecuritiesInvestmentTrustCompanies-TotalSell"":""0"",""SecuritiesInvestmentTrustCompanies-Difference"":""0"",""Dealers-TotalBuy"":""0"",""Dealers-TotalSell"":""0"",""Dealers-Difference"":""0"",""Dealers -TotalSell"":""0"",""TotalDifference"":""-1000""}"
2026-09-08,TPEX,4147,中裕,0,0,0,0,0,0,2030,975,1055,"{""Date"":""1150908"",""SecuritiesCompanyCode"":""4147"",""CompanyName"":""中裕"",""Foreign Investors include Mainland Area Investors (Foreign Dealers excluded)-Total Buy"":""687304"","" Foreign Investors include Mainland Area Investors (Foreign Dealers excluded)-Total Sell"":""243000"",""Foreign Investors include Mainland Area Investors (Foreign Dealers excluded)-Difference"":""444304"",""Foreign Dealers-Total Buy"":""0"",""Foreign Dealers-TotalSell"":""0"",""ForeignDealers-Difference"":""0"",""ForeignInvestorsIncludeMainlandAreaInvestors-TotalBuy"":""687304"",""ForeignInvestorsIncludeMainlandAreaInvestors-TotalSell"":""243000"",""ForeignInvestorsInclude MainlandAreaInvestors-Difference"":""444304"",""SecuritiesInvestmentTrustCompanies-TotalBuy"":""0"",""SecuritiesInvestmentTrustCompanies-TotalSell"":""0"",""SecuritiesInvestmentTrustCompanies-Difference"":""0"",""Dealers-TotalBuy"":""2030"",""Dealers-TotalSell"":""975"",""Dealers-Difference"":""1055"",""Dealers -TotalSell"":""775"",""TotalDifference"":""445359""}"
2026-09-08,TPEX,4157,太景*-KY,0,0,0,0,0,0,1000,2522,-1522,"{""Date"":""1150908"",""SecuritiesCompanyCode"":""4157"",""CompanyName"":""太景*-KY"",""Foreign Investors include Mainland Area Investors (Foreign Dealers excluded)-Total Buy"":""247211"","" Foreign Investors include Mainland Area Investors (Foreign Dealers excluded)-Total Sell"":""220000"",""Foreign Investors include Mainland Area Investors (Foreign Dealers excluded)-Difference"":""27211"",""Foreign Dealers-Total Buy"":""0"",""Foreign Dealers-TotalSell"":""0"",""ForeignDealers-Difference"":""0"",""ForeignInvestorsIncludeMainlandAreaInvestors-TotalBuy"":""247211"",""ForeignInvestorsIncludeMainlandAreaInvestors-TotalSell"":""220000"",""ForeignInvestorsInclude MainlandAreaInvestors-Difference"":""27211"",""SecuritiesInvestmentTrustCompanies-TotalBuy"":""0"",""SecuritiesInvestmentTrustCompanies-TotalSell"":""0"",""SecuritiesInvestmentTrustCompanies-Difference"":""0"",""Dealers-TotalBuy"":""1000"",""Dealers-TotalSell"":""2522"",""Dealers-Difference"":""-1522"",""Dealers -TotalSell"":""2522"",""TotalDifference"":""25689""}"
2026-09-08,TPEX,4160,訊聯基因,0,0,0,0,0,0,1000,130,870,"{""Date"":""1150908"",""SecuritiesCompanyCode"":""4160"",""CompanyName"":""訊聯基因"",""Foreign Investors include Mainland Area Investors (Foreign Dealers excluded)-Total Buy"":""3000"","" Foreign Investors include Mainland Area Investors (Foreign Dealers excluded)-Total Sell"":""2000"",""Foreign Investors include Mainland Area Investors (Foreign Dealers excluded)-Difference"":""1000"",""Foreign Dealers-Total Buy"":""0"",""Foreign Dealers-TotalSell"":""0"",""ForeignDealers-Difference"":""0"",""ForeignInvestorsIncludeMainlandAreaInvestors-TotalBuy"":""3000"",""ForeignInvestorsIncludeMainlandAreaInvestors-TotalSell"":""2000"",""ForeignInvestorsInclude MainlandAreaInvestors-Difference"":""1000"",""SecuritiesInvestmentTrustCompanies-TotalBuy"":""0"",""SecuritiesInvestmentTrustCompanies-TotalSell"":""0"",""SecuritiesInvestmentTrustCompanies-Difference"":""0"",""Dealers-TotalBuy"":""1000"",""Dealers-TotalSell"":""130"",""Dealers-Difference"":""870"",""Dealers -TotalSell"":""130"",""TotalDifference"":""1870""}"
2026-09-08,TPEX,4161,聿新科,0,0,0,0,0,0,0,0,0,"{""Date"":""1150908"",""SecuritiesCompanyCode"":""4161"",""CompanyName"":""聿新科"",""Foreign Investors include Mainland Area Investors (Foreign Dealers excluded)-Total Buy"":""0"","" Foreign Investors include Mainland Area Investors (Foreign Dealers excluded)-Total Sell"":""1000"",""Foreign Investors include Mainland Area Investors (Foreign Dealers excluded)-Difference"":""-1000"",""Foreign Dealers-Total Buy"":""0"",""Foreign Dealers-TotalSell"":""0"",""ForeignDealers-Difference"":""0"",""ForeignInvestorsIncludeMainlandAreaInvestors-TotalBuy"":""0"",""ForeignInvestorsIncludeMainlandAreaInvestors-TotalSell"":""1000"",""ForeignInvestorsInclude MainlandAreaInvestors-Difference"":""-1000"",""SecuritiesInvestmentTrustCompanies-TotalBuy"":""0"",""SecuritiesInvestmentTrustCompanies-TotalSell"":""0"",""SecuritiesInvestmentTrustCompanies-Difference"":""0"",""Dealers-TotalBuy"":""0"",""Dealers-TotalSell"":""0"",""Dealers-Difference"":""0"",""Dealers -TotalSell"":""0"",""TotalDifference"":""-1000""}"
2026-09-08,TPEX,4162,智擎,0,0,0,0,0,0,1000,1110,-110,"{""Date"":""1150908"",""SecuritiesCompanyCode"":""4162"",""CompanyName"":""智擎"",""Foreign Investors include Mainland Area Investors (Foreign Dealers excluded)-Total Buy"":""92358"","" Foreign Investors include Mainland Area Investors (Foreign Dealers excluded)-Total Sell"":""56000"",""Foreign Investors include Mainland Area Investors (Foreign Dealers excluded)-Difference"":""36358"",""Foreign Dealers-Total Buy"":""0"",""Foreign Dealers-TotalSell"":""0"",""ForeignDealers-Difference"":""0"",""ForeignInvestorsIncludeMainlandAreaInvestors-TotalBuy"":""92358"",""ForeignInvestorsIncludeMainlandAreaInvestors-TotalSell"":""56000"",""ForeignInvestorsInclude MainlandAreaInvestors-Difference"":""36358"",""SecuritiesInvestmentTrustCompanies-TotalBuy"":""0"",""SecuritiesInvestmentTrustCompanies-TotalSell"":""0"",""SecuritiesInvestmentTrustCompanies-Difference"":""0"",""Dealers-TotalBuy"":""1000"",""Dealers-TotalSell"":""1110"",""Dealers-Difference"":""-110"",""Dealers -TotalSell"":""1110"",""TotalDifference"":""36248""}"
2026-09-08,TPEX,4163,鐿鈦,0,0,0,0,0,0,8037,7871,-16838,"{""Date"":""1150908"",""SecuritiesCompanyCode"":""4163"",""CompanyName"":""鐿鈦"",""Foreign Investors include Mainland Area Investors (Foreign Dealers excluded)-Total Buy"":""64000"","" Foreign Investors include Mainland Area Investors (Foreign Dealers excluded)-Total Sell"":""27000"",""Foreign Investors include Mainland Area Investors (Foreign Dealers excluded)-Difference"":""37000"",""Foreign Dealers-Total Buy"":""0"",""Foreign Dealers-TotalSell"":""0"",""ForeignDealers-Difference"":""0"",""ForeignInvestorsIncludeMainlandAreaInvestors-TotalBuy"":""64000"",""ForeignInvestorsIncludeMainlandAreaInvestors-TotalSell"":""27000"",""ForeignInvestorsInclude MainlandAreaInvestors-Difference"":""37000"",""SecuritiesInvestmentTrustCompanies-TotalBuy"":""0"",""SecuritiesInvestmentTrustCompanies-TotalSell"":""0"",""SecuritiesInvestmentTrustCompanies-Difference"":""0"",""Dealers-TotalBuy"":""8037"",""Dealers-TotalSell"":""24875"",""Dealers-Difference"":""-16838"",""Dealers -TotalSell"":""7871"",""TotalDifference"":""20162""}"
2026-09-08,TPEX,4166,友霖,0,0,0,0,0,0,0,0,0,"{""Date"":""1150908"",""SecuritiesCompanyCode"":""4166"",""CompanyName"":""友霖"",""Foreign Investors include Mainland Area Investors (Foreign Dealers excluded)-Total Buy"":""43000"","" Foreign Investors include Mainland Area Investors (Foreign Dealers excluded)-Total Sell"":""4000"",""Foreign Investors include Mainland Area Investors (Foreign Dealers excluded)-Difference"":""39000"",""Foreign Dealers-Total Buy"":""0"",""Foreign Dealers-TotalSell"":""0"",""ForeignDealers-Difference"":""0"",""ForeignInvestorsIncludeMainlandAreaInvestors-TotalBuy"":""43000"",""ForeignInvestorsIncludeMainlandAreaInvestors-TotalSell"":""4000"",""ForeignInvestorsInclude MainlandAreaInvestors-Difference"":""39000"",""SecuritiesInvestmentTrustCompanies-TotalBuy"":""0"",""SecuritiesInvestmentTrustCompanies-TotalSell"":""0"",""SecuritiesInvestmentTrustCompanies-Difference"":""0"",""Dealers-TotalBuy"":""0"",""Dealers-TotalSell"":""0"",""Dealers-Difference"":""0"",""Dealers -TotalSell"":""0"",""TotalDifference"":""39000""}"
2026-09-08,TPEX,4167,松瑞藥,0,0,0,0,0,0,0,1028,-1028,"{""Date"":""1150908"",""SecuritiesCompanyCode"":""4167"",""CompanyName"":""松瑞藥"",""Foreign Investors include Mainland Area Investors (Foreign Dealers excluded)-Total Buy"":""46186"","" Foreign Investors include Mainland Area Investors (Foreign Dealers excluded)-Total Sell"":""169000"",""Foreign Investors include Mainland Area Investors (Foreign Dealers excluded)-Difference"":""-122814"",""Foreign Dealers-Total Buy"":""0"",""Foreign Dealers-TotalSell"":""0"",""ForeignDealers-Difference"":""0"",""ForeignInvestorsIncludeMainlandAreaInvestors-TotalBuy"":""46186"",""ForeignInvestorsIncludeMainlandAreaInvestors-TotalSell"":""169000"",""ForeignInvestorsInclude MainlandAreaInvestors-Difference"":""-122814"",""SecuritiesInvestmentTrustCompanies-TotalBuy"":""0"",""SecuritiesInvestmentTrustCompanies-TotalSell"":""0"",""SecuritiesInvestmentTrustCompanies-Difference"":""0"",""Dealers-TotalBuy"":""0"",""Dealers-TotalSell"":""1028"",""Dealers-Difference"":""-1028"",""Dealers -TotalSell"":""1028"",""TotalDifference"":""-123842""}"
2026-09-08,TPEX,4168,醣聯,0,0,0,0,0,0,0,0,0,"{""Date"":""1150908"",""SecuritiesCompanyCode"":""4168"",""CompanyName"":""醣聯"",""Foreign Investors include Mainland Area Investors (Foreign Dealers excluded)-Total Buy"":""2000"","" Foreign Investors include Mainland Area Investors (Foreign Dealers excluded)-Total Sell"":""7000"",""Foreign Investors include Mainland Area Investors (Foreign Dealers excluded)-Difference"":""-5000"",""Foreign Dealers-Total Buy"":""0"",""Foreign Dealers-TotalSell"":""0"",""ForeignDealers-Difference"":""0"",""ForeignInvestorsIncludeMainlandAreaInvestors-TotalBuy"":""2000"",""ForeignInvestorsIncludeMainlandAreaInvestors-TotalSell"":""7000"",""ForeignInvestorsInclude MainlandAreaInvestors-Difference"":""-5000"",""SecuritiesInvestmentTrustCompanies-TotalBuy"":""0"",""SecuritiesInvestmentTrustCompanies-TotalSell"":""0"",""SecuritiesInvestmentTrustCompanies-Difference"":""0"",""Dealers-TotalBuy"":""0"",""Dealers-TotalSell"":""0"",""Dealers-Difference"":""0"",""Dealers -TotalSell"":""0"",""TotalDifference"":""-5000""}"
2026-09-08,TPEX,4171,瑞基,0,0,0,0,0,0,0,0,0,"{""Date"":""1150908"",""SecuritiesCompanyCode"":""4171"",""CompanyName"":""瑞基"",""Foreign Investors include Mainland Area Investors (Foreign Dealers excluded)-Total Buy"":""3000"","" Foreign Investors include Mainland Area Investors (Foreign Dealers excluded)-Total Sell"":""8000"",""Foreign Investors include Mainland Area Investors (Foreign Dealers excluded)-Difference"":""-5000"",""Foreign Dealers-Total Buy"":""0"",""Foreign Dealers-TotalSell"":""0"",""ForeignDealers-Difference"":""0"",""ForeignInvestorsIncludeMainlandAreaInvestors-TotalBuy"":""3000"",""ForeignInvestorsIncludeMainlandAreaInvestors-TotalSell"":""8000"",""ForeignInvestorsInclude MainlandAreaInvestors-Difference"":""-5000"",""SecuritiesInvestmentTrustCompanies-TotalBuy"":""0"",""SecuritiesInvestmentTrustCompanies-TotalSell"":""0"",""SecuritiesInvestmentTrustCompanies-Difference"":""0"",""Dealers-TotalBuy"":""0"",""Dealers-TotalSell"":""0"",""Dealers-Difference"":""0"",""Dealers -TotalSell"":""0"",""TotalDifference"":""-5000""}"
2026-09-08,TPEX,4173,久裕,0,0,0,0,0,0,0,0,0,"{""Date"":""1150908"",""SecuritiesCompanyCode"":""4173"",""CompanyName"":""久裕"",""Foreign Investors include Mainland Area Investors (Foreign Dealers excluded)-Total Buy"":""1000"","" Foreign Investors include Mainland Area Investors (Foreign Dealers excluded)-Total Sell"":""0"",""Foreign Investors include Mainland Area Investors (Foreign Dealers excluded)-Difference"":""1000"",""Foreign Dealers-Total Buy"":""0"",""Foreign Dealers-TotalSell"":""0"",""ForeignDealers-Difference"":""0"",""ForeignInvestorsIncludeMainlandAreaInvestors-TotalBuy"":""1000"",""ForeignInvestorsIncludeMainlandAreaInvestors-TotalSell"":""0"",""ForeignInvestorsInclude MainlandAreaInvestors-Difference"":""1000"",""SecuritiesInvestmentTrustCompanies-TotalBuy"":""0"",""SecuritiesInvestmentTrustCompanies-TotalSell"":""0"",""SecuritiesInvestmentTrustCompanies-Difference"":""0"",""Dealers-TotalBuy"":""0"",""Dealers-TotalSell"":""0"",""Dealers-Difference"":""0"",""Dealers -TotalSell"":""0"",""TotalDifference"":""1000""}"
2026-09-08,TPEX,4174,浩鼎,0,0,0,0,0,0,662,1000,-338,"{""Date"":""1150908"",""SecuritiesCompanyCode"":""4174"",""CompanyName"":""浩鼎"",""Foreign Investors include Mainland Area Investors (Foreign Dealers excluded)-Total Buy"":""287105"","" Foreign Investors include Mainland Area Investors (Foreign Dealers excluded)-Total Sell"":""73000"",""Foreign Investors include Mainland Area Investors (Foreign Dealers excluded)-Difference"":""214105"",""Foreign Dealers-Total Buy"":""0"",""Foreign Dealers-TotalSell"":""0"",""ForeignDealers-Difference"":""0"",""ForeignInvestorsIncludeMainlandAreaInvestors-TotalBuy"":""287105"",""ForeignInvestorsIncludeMainlandAreaInvestors-TotalSell"":""73000"",""ForeignInvestorsInclude MainlandAreaInvestors-Difference"":""214105"",""SecuritiesInvestmentTrustCompanies-TotalBuy"":""0"",""SecuritiesInvestmentTrustCompanies-TotalSell"":""0"",""SecuritiesInvestmentTrustCompanies-Difference"":""0"",""Dealers-TotalBuy"":""662"",""Dealers-TotalSell"":""1000"",""Dealers-Difference"":""-338"",""Dealers -TotalSell"":""1000"",""TotalDifference"":""213767""}"
2026-09-08,TPEX,4188,安克,0,0,0,0,0,0,2199,1886,313,"{""Date"":""1150908"",""SecuritiesCompanyCode"":""4188"",""CompanyName"":""安克"",""Foreign Investors include Mainland Area Investors (Foreign Dealers excluded)-Total Buy"":""13000"","" Foreign Investors include Mainland Area Investors (Foreign Dealers excluded)-Total Sell"":""28000"",""Foreign Investors include Mainland Area Investors (Foreign Dealers excluded)-Difference"":""-15000"",""Foreign Dealers-Total Buy"":""0"",""Foreign Dealers-TotalSell"":""0"",""ForeignDealers-Difference"":""0"",""ForeignInvestorsIncludeMainlandAreaInvestors-TotalBuy"":""13000"",""ForeignInvestorsIncludeMainlandAreaInvestors-TotalSell"":""28000"",""ForeignInvestorsInclude MainlandAreaInvestors-Difference"":""-15000"",""SecuritiesInvestmentTrustCompanies-TotalBuy"":""0"",""SecuritiesInvestmentTrustCompanies-TotalSell"":""0"",""SecuritiesInvestmentTrustCompanies-Difference"":""0"",""Dealers-TotalBuy"":""2199"",""Dealers-TotalSell"":""1886"",""Dealers-Difference"":""313"",""Dealers -TotalSell"":""1886"",""TotalDifference"":""-14687""}"
2026-09-08,TPEX,4207,環泰,0,0,0,0,0,0,0,0,0,"{""Date"":""1150908"",""SecuritiesCompanyCode"":""4207"",""CompanyName"":""環泰"",""Foreign Investors include Mainland Area Investors (Foreign Dealers excluded)-Total Buy"":""26000"","" Foreign Investors include Mainland Area Investors (Foreign Dealers excluded)-Total Sell"":""11000"",""Foreign Investors include Mainland Area Investors (Foreign Dealers excluded)-Difference"":""15000"",""Foreign Dealers-Total Buy"":""0"",""Foreign Dealers-TotalSell"":""0"",""ForeignDealers-Difference"":""0"",""ForeignInvestorsIncludeMainlandAreaInvestors-TotalBuy"":""26000"",""ForeignInvestorsIncludeMainlandAreaInvestors-TotalSell"":""11000"",""ForeignInvestorsInclude MainlandAreaInvestors-Difference"":""15000"",""SecuritiesInvestmentTrustCompanies-TotalBuy"":""0"",""SecuritiesInvestmentTrustCompanies-TotalSell"":""0"",""SecuritiesInvestmentTrustCompanies-Difference"":""0"",""Dealers-TotalBuy"":""0"",""Dealers-TotalSell"":""0"",""Dealers-Difference"":""0"",""Dealers -TotalSell"":""0"",""TotalDifference"":""15000""}"
2026-09-08,TPEX,4303,信立,0,0,0,0,0,0,2194,3974,-1780,"{""Date"":""1150908"",""SecuritiesCompanyCode"":""4303"",""CompanyName"":""信立"",""Foreign Investors include Mainland Area Investors (Foreign Dealers excluded)-Total Buy"":""269502"","" Foreign Investors include Mainland Area Investors (Foreign Dealers excluded)-Total Sell"":""337000"",""Foreign Investors include Mainland Area Investors (Foreign Dealers excluded)-Difference"":""-67498"",""Foreign Dealers-Total Buy"":""0"",""Foreign Dealers-TotalSell"":""0"",""ForeignDealers-Difference"":""0"",""ForeignInvestorsIncludeMainlandAreaInvestors-TotalBuy"":""269502"",""ForeignInvestorsIncludeMainlandAreaInvestors-TotalSell"":""337000"",""ForeignInvestorsInclude MainlandAreaInvestors-Difference"":""-67498"",""SecuritiesInvestmentTrustCompanies-TotalBuy"":""0"",""SecuritiesInvestmentTrustCompanies-TotalSell"":""0"",""SecuritiesInvestmentTrustCompanies-Difference"":""0"",""Dealers-TotalBuy"":""2194"",""Dealers-TotalSell"":""3974"",""Dealers-Difference"":""-1780"",""Dealers -TotalSell"":""3974"",""TotalDifference"":""-69278""}"
2026-09-08,TPEX,4305,世坤,0,0,0,0,0,0,1000,1000,0,"{""Date"":""1150908"",""SecuritiesCompanyCode"":""4305"",""CompanyName"":""世坤"",""Foreign Investors include Mainland Area Investors (Foreign Dealers excluded)-Total Buy"":""1000"","" Foreign Investors include Mainland Area Investors (Foreign Dealers excluded)-Total Sell"":""2000"",""Foreign Investors include Mainland Area Investors (Foreign Dealers excluded)-Difference"":""-1000"",""Foreign Dealers-Total Buy"":""0"",""Foreign Dealers-TotalSell"":""0"",""ForeignDealers-Difference"":""0"",""ForeignInvestorsIncludeMainlandAreaInvestors-TotalBuy"":""1000"",""ForeignInvestorsIncludeMainlandAreaInvestors-TotalSell"":""2000"",""ForeignInvestorsInclude MainlandAreaInvestors-Difference"":""-1000"",""SecuritiesInvestmentTrustCompanies-TotalBuy"":""0"",""SecuritiesInvestmentTrustCompanies-TotalSell"":""0"",""SecuritiesInvestmentTrustCompanies-Difference"":""0"",""Dealers-TotalBuy"":""1000"",""Dealers-TotalSell"":""1000"",""Dealers-Difference"":""0"",""Dealers -TotalSell"":""1000"",""TotalDifference"":""-1000""}"
2026-09-08,TPEX,4401,東隆興,0,0,0,0,0,0,0,0,0,"{""Date"":""1150908"",""SecuritiesCompanyCode"":""4401"",""CompanyName"":""東隆興"",""Foreign Investors include Mainland Area Investors (Foreign Dealers excluded)-Total Buy"":""2000"","" Foreign Investors include Mainland Area Investors (Foreign Dealers excluded)-Total Sell"":""0"",""Foreign Investors include Mainland Area Investors (Foreign Dealers excluded)-Difference"":""2000"",""Foreign Dealers-Total Buy"":""0"",""Foreign Dealers-TotalSell"":""0"",""ForeignDealers-Difference"":""0"",""ForeignInvestorsIncludeMainlandAreaInvestors-TotalBuy"":""2000"",""ForeignInvestorsIncludeMainlandAreaInvestors-TotalSell"":""0"",""ForeignInvestorsInclude MainlandAreaInvestors-Difference"":""2000"",""SecuritiesInvestmentTrustCompanies-TotalBuy"":""0"",""SecuritiesInvestmentTrustCompanies-TotalSell"":""0"",""SecuritiesInvestmentTrustCompanies-Difference"":""0"",""Dealers-TotalBuy"":""0"",""Dealers-TotalSell"":""0"",""Dealers-Difference"":""0"",""Dealers -TotalSell"":""0"",""TotalDifference"":""2000""}"
2026-09-08,TPEX,4406,新昕纖,0,0,0,0,0,0,0,0,0,"{""Date"":""1150908"",""SecuritiesCompanyCode"":""4406"",""CompanyName"":""新昕纖"",""Foreign Investors include Mainland Area Investors (Foreign Dealers excluded)-Total Buy"":""0"","" Foreign Investors include Mainland Area Investors (Foreign Dealers excluded)-Total Sell"":""12000"",""Foreign Investors include Mainland Area Investors (Foreign Dealers excluded)-Difference"":""-12000"",""Foreign Dealers-Total Buy"":""0"",""Foreign Dealers-TotalSell"":""0"",""ForeignDealers-Difference"":""0"",""ForeignInvestorsIncludeMainlandAreaInvestors-TotalBuy"":""0"",""ForeignInvestorsIncludeMainlandAreaInvestors-TotalSell"":""12000"",""ForeignInvestorsInclude MainlandAreaInvestors-Difference"":""-12000"",""SecuritiesInvestmentTrustCompanies-TotalBuy"":""0"",""SecuritiesInvestmentTrustCompanies-TotalSell"":""0"",""SecuritiesInvestmentTrustCompanies-Difference"":""0"",""Dealers-TotalBuy"":""0"",""Dealers-TotalSell"":""0"",""Dealers-Difference"":""0"",""Dealers -TotalSell"":""0"",""TotalDifference"":""-12000""}"
2026-09-08,TPEX,4416,三圓,0,0,0,0,0,0,0,0,0,"{""Date"":""1150908"",""SecuritiesCompanyCode"":""4416"",""CompanyName"":""三圓"",""Foreign Investors include Mainland Area Investors (Foreign Dealers excluded)-Total Buy"":""183180"","" Foreign Investors include Mainland Area Investors (Foreign Dealers excluded)-Total Sell"":""160000"",""Foreign Investors include Mainland Area Investors (Foreign Dealers excluded)-Difference"":""23180"",""Foreign Dealers-Total Buy"":""0"",""Foreign Dealers-TotalSell"":""0"",""ForeignDealers-Difference"":""0"",""ForeignInvestorsIncludeMainlandAreaInvestors-TotalBuy"":""183180"",""ForeignInvestorsIncludeMainlandAreaInvestors-TotalSell"":""160000"",""ForeignInvestorsInclude MainlandAreaInvestors-Difference"":""23180"",""SecuritiesInvestmentTrustCompanies-TotalBuy"":""0"",""SecuritiesInvestmentTrustCompanies-TotalSell"":""0"",""SecuritiesInvestmentTrustCompanies-Difference"":""0"",""Dealers-TotalBuy"":""0"",""Dealers-TotalSell"":""0"",""Dealers-Difference"":""0"",""Dealers -TotalSell"":""0"",""TotalDifference"":""23180""}"
2026-09-08,TPEX,4417,金洲,0,0,0,0,0,0,0,0,0,"{""Date"":""1150908"",""SecuritiesCompanyCode"":""4417"",""CompanyName"":""金洲"",""Foreign Investors include Mainland Area Investors (Foreign Dealers excluded)-Total Buy"":""3000"","" Foreign Investors include Mainland Area Investors (Foreign Dealers excluded)-Total Sell"":""1000"",""Foreign Investors include Mainland Area Investors (Foreign Dealers excluded)-Difference"":""2000"",""Foreign Dealers-Total Buy"":""0"",""Foreign Dealers-TotalSell"":""0"",""ForeignDealers-Difference"":""0"",""ForeignInvestorsIncludeMainlandAreaInvestors-TotalBuy"":""3000"",""ForeignInvestorsIncludeMainlandAreaInvestors-TotalSell"":""1000"",""ForeignInvestorsInclude MainlandAreaInvestors-Difference"":""2000"",""SecuritiesInvestmentTrustCompanies-TotalBuy"":""0"",""SecuritiesInvestmentTrustCompanies-TotalSell"":""0"",""SecuritiesInvestmentTrustCompanies-Difference"":""0"",""Dealers-TotalBuy"":""0"",""Dealers-TotalSell"":""0"",""Dealers-Difference"":""0"",""Dealers -TotalSell"":""0"",""TotalDifference"":""2000""}"
2026-09-08,TPEX,4419,皇家美食,0,0,0,0,0,0,0,0,0,"{""Date"":""1150908"",""SecuritiesCompanyCode"":""4419"",""CompanyName"":""皇家美食"",""Foreign Investors include Mainland Area Investors (Foreign Dealers excluded)-Total Buy"":""0"","" Foreign Investors include Mainland Area Investors (Foreign Dealers excluded)-Total Sell"":""2000"",""Foreign Investors include Mainland Area Investors (Foreign Dealers excluded)-Difference"":""-2000"",""Foreign Dealers-Total Buy"":""0"",""Foreign Dealers-TotalSell"":""0"",""ForeignDealers-Difference"":""0"",""ForeignInvestorsIncludeMainlandAreaInvestors-TotalBuy"":""0"",""ForeignInvestorsIncludeMainlandAreaInvestors-TotalSell"":""2000"",""ForeignInvestorsInclude MainlandAreaInvestors-Difference"":""-2000"",""SecuritiesInvestmentTrustCompanies-TotalBuy"":""0"",""SecuritiesInvestmentTrustCompanies-TotalSell"":""0"",""SecuritiesInvestmentTrustCompanies-Difference"":""0"",""Dealers-TotalBuy"":""0"",""Dealers-TotalSell"":""0"",""Dealers-Difference"":""0"",""Dealers -TotalSell"":""0"",""TotalDifference"":""-2000""}"
2026-09-08,TPEX,4420,光明,0,0,0,0,0,0,0,3000,-3000,"{""Date"":""1150908"",""SecuritiesCompanyCode"":""4420"",""CompanyName"":""光明"",""Foreign Investors include Mainland Area Investors (Foreign Dealers excluded)-Total Buy"":""4000"","" Foreign Investors include Mainland Area Investors (Foreign Dealers excluded)-Total Sell"":""16000"",""Foreign Investors include Mainland Area Investors (Foreign Dealers excluded)-Difference"":""-12000"",""Foreign Dealers-Total Buy"":""0"",""Foreign Dealers-TotalSell"":""0"",""ForeignDealers-Difference"":""0"",""ForeignInvestorsIncludeMainlandAreaInvestors-TotalBuy"":""4000"",""ForeignInvestorsIncludeMainlandAreaInvestors-TotalSell"":""16000"",""ForeignInvestorsInclude MainlandAreaInvestors-Difference"":""-12000"",""SecuritiesInvestmentTrustCompanies-TotalBuy"":""0"",""SecuritiesInvestmentTrustCompanies-TotalSell"":""0"",""SecuritiesInvestmentTrustCompanies-Difference"":""0"",""Dealers-TotalBuy"":""0"",""Dealers-TotalSell"":""3000"",""Dealers-Difference"":""-3000"",""Dealers -TotalSell"":""0"",""TotalDifference"":""-15000""}"
2026-09-08,TPEX,4430,耀億,0,0,0,0,0,0,0,0,0,"{""Date"":""1150908"",""SecuritiesCompanyCode"":""4430"",""CompanyName"":""耀億"",""Foreign Investors include Mainland Area Investors (Foreign Dealers excluded)-Total Buy"":""0"","" Foreign Investors include Mainland Area Investors (Foreign Dealers excluded)-Total Sell"":""1000"",""Foreign Investors include Mainland Area Investors (Foreign Dealers excluded)-Difference"":""-1000"",""Foreign Dealers-Total Buy"":""0"",""Foreign Dealers-TotalSell"":""0"",""ForeignDealers-Difference"":""0"",""ForeignInvestorsIncludeMainlandAreaInvestors-TotalBuy"":""0"",""ForeignInvestorsIncludeMainlandAreaInvestors-TotalSell"":""1000"",""ForeignInvestorsInclude MainlandAreaInvestors-Difference"":""-1000"",""SecuritiesInvestmentTrustCompanies-TotalBuy"":""0"",""SecuritiesInvestmentTrustCompanies-TotalSell"":""0"",""SecuritiesInvestmentTrustCompanies-Difference"":""0"",""Dealers-TotalBuy"":""0"",""Dealers-TotalSell"":""0"",""Dealers-Difference"":""0"",""Dealers -TotalSell"":""0"",""TotalDifference"":""-1000""}"
2026-09-08,TPEX,4432,銘旺實,0,0,0,0,0,0,25,40,-15,"{""Date"":""1150908"",""SecuritiesCompanyCode"":""4432"",""CompanyName"":""銘旺實"",""Foreign Investors include Mainland Area Investors (Foreign Dealers excluded)-Total Buy"":""0"","" Foreign Investors include Mainland Area Investors (Foreign Dealers excluded)-Total Sell"":""5000"",""Foreign Investors include Mainland Area Investors (Foreign Dealers excluded)-Difference"":""-5000"",""Foreign Dealers-Total Buy"":""0"",""Foreign Dealers-TotalSell"":""0"",""ForeignDealers-Difference"":""0"",""ForeignInvestorsIncludeMainlandAreaInvestors-TotalBuy"":""0"",""ForeignInvestorsIncludeMainlandAreaInvestors-TotalSell"":""5000"",""ForeignInvestorsInclude MainlandAreaInvestors-Difference"":""-5000"",""SecuritiesInvestmentTrustCompanies-TotalBuy"":""0"",""SecuritiesInvestmentTrustCompanies-TotalSell"":""0"",""SecuritiesInvestmentTrustCompanies-Difference"":""0"",""Dealers-TotalBuy"":""25"",""Dealers-TotalSell"":""40"",""Dealers-Difference"":""-15"",""Dealers -TotalSell"":""40"",""TotalDifference"":""-5015""}"
2026-09-08,TPEX,4433,興采,0,0,0,0,0,0,0,551,-551,"{""Date"":""1150908"",""SecuritiesCompanyCode"":""4433"",""CompanyName"":""興采"",""Foreign Investors include Mainland Area Investors (Foreign Dealers excluded)-Total Buy"":""3000"","" Foreign Investors include Mainland Area Investors (Foreign Dealers excluded)-Total Sell"":""8000"",""Foreign Investors include Mainland Area Investors (Foreign Dealers excluded)-Difference"":""-5000"",""Foreign Dealers-Total Buy"":""0"",""Foreign Dealers-TotalSell"":""0"",""ForeignDealers-Difference"":""0"",""ForeignInvestorsIncludeMainlandAreaInvestors-TotalBuy"":""3000"",""ForeignInvestorsIncludeMainlandAreaInvestors-TotalSell"":""8000"",""ForeignInvestorsInclude MainlandAreaInvestors-Difference"":""-5000"",""SecuritiesInvestmentTrustCompanies-TotalBuy"":""0"",""SecuritiesInvestmentTrustCompanies-TotalSell"":""0"",""SecuritiesInvestmentTrustCompanies-Difference"":""0"",""Dealers-TotalBuy"":""0"",""Dealers-TotalSell"":""551"",""Dealers-Difference"":""-551"",""Dealers -TotalSell"":""551"",""TotalDifference"":""-5551""}"
2026-09-08,TPEX,4442,竣邦-KY,0,0,0,0,0,0,0,1000,-1000,"{""Date"":""1150908"",""SecuritiesCompanyCode"":""4442"",""CompanyName"":""竣邦-KY"",""Foreign Investors include Mainland Area Investors (Foreign Dealers excluded)-Total Buy"":""4000"","" Foreign Investors include Mainland Area Investors (Foreign Dealers excluded)-Total Sell"":""18000"",""Foreign Investors include Mainland Area Investors (Foreign Dealers excluded)-Difference"":""-14000"",""Foreign Dealers-Total Buy"":""0"",""Foreign Dealers-TotalSell"":""0"",""ForeignDealers-Difference"":""0"",""ForeignInvestorsIncludeMainlandAreaInvestors-TotalBuy"":""4000"",""ForeignInvestorsIncludeMainlandAreaInvestors-TotalSell"":""18000"",""ForeignInvestorsInclude MainlandAreaInvestors-Difference"":""-14000"",""SecuritiesInvestmentTrustCompanies-TotalBuy"":""0"",""SecuritiesInvestmentTrustCompanies-TotalSell"":""0"",""SecuritiesInvestmentTrustCompanies-Difference"":""0"",""Dealers-TotalBuy"":""0"",""Dealers-TotalSell"":""1000"",""Dealers-Difference"":""-1000"",""Dealers -TotalSell"":""1000"",""TotalDifference"":""-15000""}"
2026-09-08,TPEX,4503,金雨,0,0,0,0,0,0,2000,2000,0,"{""Date"":""1150908"",""SecuritiesCompanyCode"":""4503"",""CompanyName"":""金雨"",""Foreign Investors include Mainland Area Investors (Foreign Dealers excluded)-Total Buy"":""23000"","" Foreign Investors include Mainland Area Investors (Foreign Dealers excluded)-Total Sell"":""18000"",""Foreign Investors include Mainland Area Investors (Foreign Dealers excluded)-Difference"":""5000"",""Foreign Dealers-Total Buy"":""0"",""Foreign Dealers-TotalSell"":""0"",""ForeignDealers-Difference"":""0"",""ForeignInvestorsIncludeMainlandAreaInvestors-TotalBuy"":""23000"",""ForeignInvestorsIncludeMainlandAreaInvestors-TotalSell"":""18000"",""ForeignInvestorsInclude MainlandAreaInvestors-Difference"":""5000"",""SecuritiesInvestmentTrustCompanies-TotalBuy"":""0"",""SecuritiesInvestmentTrustCompanies-TotalSell"":""0"",""SecuritiesInvestmentTrustCompanies-Difference"":""0"",""Dealers-TotalBuy"":""2000"",""Dealers-TotalSell"":""2000"",""Dealers-Difference"":""0"",""Dealers -TotalSell"":""2000"",""TotalDifference"":""5000""}"
2026-09-08,TPEX,4506,崇友,0,0,0,0,0,0,0,0,0,"{""Date"":""1150908"",""SecuritiesCompanyCode"":""4506"",""CompanyName"":""崇友"",""Foreign Investors include Mainland Area Investors (Foreign Dealers excluded)-Total Buy"":""3000"","" Foreign Investors include Mainland Area Investors (Foreign Dealers excluded)-Total Sell"":""3000"",""Foreign Investors include Mainland Area Investors (Foreign Dealers excluded)-Difference"":""0"",""Foreign Dealers-Total Buy"":""0"",""Foreign Dealers-TotalSell"":""0"",""ForeignDealers-Difference"":""0"",""ForeignInvestorsIncludeMainlandAreaInvestors-TotalBuy"":""3000"",""ForeignInvestorsIncludeMainlandAreaInvestors-TotalSell"":""3000"",""ForeignInvestorsInclude MainlandAreaInvestors-Difference"":""0"",""SecuritiesInvestmentTrustCompanies-TotalBuy"":""0"",""SecuritiesInvestmentTrustCompanies-TotalSell"":""0"",""SecuritiesInvestmentTrustCompanies-Difference"":""0"",""Dealers-TotalBuy"":""0"",""Dealers-TotalSell"":""0"",""Dealers-Difference"":""0"",""Dealers -TotalSell"":""0"",""TotalDifference"":""0""}"
2026-09-08,TPEX,4510,高鋒,0,0,0,0,0,0,8883,14388,-5505,"{""Date"":""1150908"",""SecuritiesCompanyCode"":""4510"",""CompanyName"":""高鋒"",""Foreign Investors include Mainland Area Investors (Foreign Dealers excluded)-Total Buy"":""201000"","" Foreign Investors include Mainland Area Investors (Foreign Dealers excluded)-Total Sell"":""216000"",""Foreign Investors include Mainland Area Investors (Foreign Dealers excluded)-Difference"":""-15000"",""Foreign Dealers-Total Buy"":""0"",""Foreign Dealers-TotalSell"":""0"",""ForeignDealers-Difference"":""0"",""ForeignInvestorsIncludeMainlandAreaInvestors-TotalBuy"":""201000"",""ForeignInvestorsIncludeMainlandAreaInvestors-TotalSell"":""216000"",""ForeignInvestorsInclude MainlandAreaInvestors-Difference"":""-15000"",""SecuritiesInvestmentTrustCompanies-TotalBuy"":""0"",""SecuritiesInvestmentTrustCompanies-TotalSell"":""0"",""SecuritiesInvestmentTrustCompanies-Difference"":""0"",""Dealers-TotalBuy"":""8883"",""Dealers-TotalSell"":""14388"",""Dealers-Difference"":""-5505"",""Dealers -TotalSell"":""14388"",""TotalDifference"":""-20505""}"
2026-09-08,TPEX,4513,福裕,0,0,0,0,0,0,0,0,0,"{""Date"":""1150908"",""SecuritiesCompanyCode"":""4513"",""CompanyName"":""福裕"",""Foreign Investors include Mainland Area Investors (Foreign Dealers excluded)-Total Buy"":""59000"","" Foreign Investors include Mainland Area Investors (Foreign Dealers excluded)-Total Sell"":""20000"",""Foreign Investors include Mainland Area Investors (Foreign Dealers excluded)-Difference"":""39000"",""Foreign Dealers-Total Buy"":""0"",""Foreign Dealers-TotalSell"":""0"",""ForeignDealers-Difference"":""0"",""ForeignInvestorsIncludeMainlandAreaInvestors-TotalBuy"":""59000"",""ForeignInvestorsIncludeMainlandAreaInvestors-TotalSell"":""20000"",""ForeignInvestorsInclude MainlandAreaInvestors-Difference"":""39000"",""SecuritiesInvestmentTrustCompanies-TotalBuy"":""0"",""SecuritiesInvestmentTrustCompanies-TotalSell"":""0"",""SecuritiesInvestmentTrustCompanies-Difference"":""0"",""Dealers-TotalBuy"":""0"",""Dealers-TotalSell"":""0"",""Dealers-Difference"":""0"",""Dealers -TotalSell"":""0"",""TotalDifference"":""39000""}"
2026-09-08,TPEX,4523,永彰,0,0,0,0,0,0,0,68,-68,"{""Date"":""1150908"",""SecuritiesCompanyCode"":""4523"",""CompanyName"":""永彰"",""Foreign Investors include Mainland Area Investors (Foreign Dealers excluded)-Total Buy"":""6000"","" Foreign Investors include Mainland Area Investors (Foreign Dealers excluded)-Total Sell"":""14000"",""Foreign Investors include Mainland Area Investors (Foreign Dealers excluded)-Difference"":""-8000"",""Foreign Dealers-Total Buy"":""0"",""Foreign Dealers-TotalSell"":""0"",""ForeignDealers-Difference"":""0"",""ForeignInvestorsIncludeMainlandAreaInvestors-TotalBuy"":""6000"",""ForeignInvestorsIncludeMainlandAreaInvestors-TotalSell"":""14000"",""ForeignInvestorsInclude MainlandAreaInvestors-Difference"":""-8000"",""SecuritiesInvestmentTrustCompanies-TotalBuy"":""0"",""SecuritiesInvestmentTrustCompanies-TotalSell"":""0"",""SecuritiesInvestmentTrustCompanies-Difference"":""0"",""Dealers-TotalBuy"":""0"",""Dealers-TotalSell"":""68"",""Dealers-Difference"":""-68"",""Dealers -TotalSell"":""68"",""TotalDifference"":""-8068""}"
2026-09-08,TPEX,4527,方土霖,0,0,0,0,0,0,0,0,0,"{""Date"":""1150908"",""SecuritiesCompanyCode"":""4527"",""CompanyName"":""方土霖"",""Foreign Investors include Mainland Area Investors (Foreign Dealers excluded)-Total Buy"":""3000"","" Foreign Investors include Mainland Area Investors (Foreign Dealers excluded)-Total Sell"":""0"",""Foreign Investors include Mainland Area Investors (Foreign Dealers excluded)-Difference"":""3000"",""Foreign Dealers-Total Buy"":""0"",""Foreign Dealers-TotalSell"":""0"",""ForeignDealers-Difference"":""0"",""ForeignInvestorsIncludeMainlandAreaInvestors-TotalBuy"":""3000"",""ForeignInvestorsIncludeMainlandAreaInvestors-TotalSell"":""0"",""ForeignInvestorsInclude MainlandAreaInvestors-Difference"":""3000"",""SecuritiesInvestmentTrustCompanies-TotalBuy"":""0"",""SecuritiesInvestmentTrustCompanies-TotalSell"":""0"",""SecuritiesInvestmentTrustCompanies-Difference"":""0"",""Dealers-TotalBuy"":""0"",""Dealers-TotalSell"":""0"",""Dealers-Difference"":""0"",""Dealers -TotalSell"":""0"",""TotalDifference"":""3000""}"
2026-09-08,TPEX,4528,江興鍛,0,0,0,0,0,0,0,0,0,"{""Date"":""1150908"",""SecuritiesCompanyCode"":""4528"",""CompanyName"":""江興鍛"",""Foreign Investors include Mainland Area Investors (Foreign Dealers excluded)-Total Buy"":""0"","" Foreign Investors include Mainland Area Investors (Foreign Dealers excluded)-Total Sell"":""1000"",""Foreign Investors include Mainland Area Investors (Foreign Dealers excluded)-Difference"":""-1000"",""Foreign Dealers-Total Buy"":""0"",""Foreign Dealers-TotalSell"":""0"",""ForeignDealers-Difference"":""0"",""ForeignInvestorsIncludeMainlandAreaInvestors-TotalBuy"":""0"",""ForeignInvestorsIncludeMainlandAreaInvestors-TotalSell"":""1000"",""ForeignInvestorsInclude MainlandAreaInvestors-Difference"":""-1000"",""SecuritiesInvestmentTrustCompanies-TotalBuy"":""0"",""SecuritiesInvestmentTrustCompanies-TotalSell"":""0"",""SecuritiesInvestmentTrustCompanies-Difference"":""0"",""Dealers-TotalBuy"":""0"",""Dealers-TotalSell"":""0"",""Dealers-Difference"":""0"",""Dealers -TotalSell"":""0"",""TotalDifference"":""-1000""}"
2026-09-08,TPEX,4530,天意能創,0,0,0,0,0,0,0,0,0,"{""Date"":""1150908"",""SecuritiesCompanyCode"":""4530"",""CompanyName"":""天意能創"",""Foreign Investors include Mainland Area Investors (Foreign Dealers excluded)-Total Buy"":""11000"","" Foreign Investors include Mainland Area Investors (Foreign Dealers excluded)-Total Sell"":""8000"",""Foreign Investors include Mainland Area Investors (Foreign Dealers excluded)-Difference"":""3000"",""Foreign Dealers-Total Buy"":""0"",""Foreign Dealers-TotalSell"":""0"",""ForeignDealers-Difference"":""0"",""ForeignInvestorsIncludeMainlandAreaInvestors-TotalBuy"":""11000"",""ForeignInvestorsIncludeMainlandAreaInvestors-TotalSell"":""8000"",""ForeignInvestorsInclude MainlandAreaInvestors-Difference"":""3000"",""SecuritiesInvestmentTrustCompanies-TotalBuy"":""0"",""SecuritiesInvestmentTrustCompanies-TotalSell"":""0"",""SecuritiesInvestmentTrustCompanies-Difference"":""0"",""Dealers-TotalBuy"":""0"",""Dealers-TotalSell"":""0"",""Dealers-Difference"":""0"",""Dealers -TotalSell"":""0"",""TotalDifference"":""3000""}"
2026-09-08,TPEX,4533,協易機,0,0,0,0,0,0,5000,5311,-311,"{""Date"":""1150908"",""SecuritiesCompanyCode"":""4533"",""CompanyName"":""協易機"",""Foreign Investors include Mainland Area Investors (Foreign Dealers excluded)-Total Buy"":""43000"","" Foreign Investors include Mainland Area Investors (Foreign Dealers excluded)-Total Sell"":""234000"",""Foreign Investors include Mainland Area Investors (Foreign Dealers excluded)-Difference"":""-191000"",""Foreign Dealers-Total Buy"":""0"",""Foreign Dealers-TotalSell"":""0"",""ForeignDealers-Difference"":""0"",""ForeignInvestorsIncludeMainlandAreaInvestors-TotalBuy"":""43000"",""ForeignInvestorsIncludeMainlandAreaInvestors-TotalSell"":""234000"",""ForeignInvestorsInclude MainlandAreaInvestors-Difference"":""-191000"",""SecuritiesInvestmentTrustCompanies-TotalBuy"":""0"",""SecuritiesInvestmentTrustCompanies-TotalSell"":""0"",""SecuritiesInvestmentTrustCompanies-Difference"":""0"",""Dealers-TotalBuy"":""5000"",""Dealers-TotalSell"":""5311"",""Dealers-Difference"":""-311"",""Dealers -TotalSell"":""5311"",""TotalDifference"":""-191311""}"
2026-09-08,TPEX,4534,慶騰,0,0,0,0,0,0,9000,6791,2209,"{""Date"":""1150908"",""SecuritiesCompanyCode"":""4534"",""CompanyName"":""慶騰"",""Foreign Investors include Mainland Area Investors (Foreign Dealers excluded)-Total Buy"":""187000"","" Foreign Investors include Mainland Area Investors (Foreign Dealers excluded)-Total Sell"":""115000"",""Foreign Investors include Mainland Area Investors (Foreign Dealers excluded)-Difference"":""72000"",""Foreign Dealers-Total Buy"":""0"",""Foreign Dealers-TotalSell"":""0"",""ForeignDealers-Difference"":""0"",""ForeignInvestorsIncludeMainlandAreaInvestors-TotalBuy"":""187000"",""ForeignInvestorsIncludeMainlandAreaInvestors-TotalSell"":""115000"",""ForeignInvestorsInclude MainlandAreaInvestors-Difference"":""72000"",""SecuritiesInvestmentTrustCompanies-TotalBuy"":""0"",""SecuritiesInvestmentTrustCompanies-TotalSell"":""0"",""SecuritiesInvestmentTrustCompanies-Difference"":""0"",""Dealers-TotalBuy"":""9000"",""Dealers-TotalSell"":""6791"",""Dealers-Difference"":""2209"",""Dealers -TotalSell"":""6791"",""TotalDifference"":""74209""}"
2026-09-08,TPEX,4535,至興,0,0,0,0,0,0,0,0,0,"{""Date"":""1150908"",""SecuritiesCompanyCode"":""4535"",""CompanyName"":""至興"",""Foreign Investors include Mainland Area Investors (Foreign Dealers excluded)-Total Buy"":""0"","" Foreign Investors include Mainland Area Investors (Foreign Dealers excluded)-Total Sell"":""1000"",""Foreign Investors include Mainland Area Investors (Foreign Dealers excluded)-Difference"":""-1000"",""Foreign Dealers-Total Buy"":""0"",""Foreign Dealers-TotalSell"":""0"",""ForeignDealers-Difference"":""0"",""ForeignInvestorsIncludeMainlandAreaInvestors-TotalBuy"":""0"",""ForeignInvestorsIncludeMainlandAreaInvestors-TotalSell"":""1000"",""ForeignInvestorsInclude MainlandAreaInvestors-Difference"":""-1000"",""SecuritiesInvestmentTrustCompanies-TotalBuy"":""0"",""SecuritiesInvestmentTrustCompanies-TotalSell"":""0"",""SecuritiesInvestmentTrustCompanies-Difference"":""0"",""Dealers-TotalBuy"":""0"",""Dealers-TotalSell"":""0"",""Dealers-Difference"":""0"",""Dealers -TotalSell"":""0"",""TotalDifference"":""-1000""}"
2026-09-08,TPEX,4538,大詠城,0,0,0,0,0,0,0,42,-42,"{""Date"":""1150908"",""SecuritiesCompanyCode"":""4538"",""CompanyName"":""大詠城"",""Foreign Investors include Mainland Area Investors (Foreign Dealers excluded)-Total Buy"":""0"","" Foreign Investors include Mainland Area Investors (Foreign Dealers excluded)-Total Sell"":""3000"",""Foreign Investors include Mainland Area Investors (Foreign Dealers excluded)-Difference"":""-3000"",""Foreign Dealers-Total Buy"":""0"",""Foreign Dealers-TotalSell"":""0"",""ForeignDealers-Difference"":""0"",""ForeignInvestorsIncludeMainlandAreaInvestors-TotalBuy"":""0"",""ForeignInvestorsIncludeMainlandAreaInvestors-TotalSell"":""3000"",""ForeignInvestorsInclude MainlandAreaInvestors-Difference"":""-3000"",""SecuritiesInvestmentTrustCompanies-TotalBuy"":""0"",""SecuritiesInvestmentTrustCompanies-TotalSell"":""0"",""SecuritiesInvestmentTrustCompanies-Difference"":""0"",""Dealers-TotalBuy"":""0"",""Dealers-TotalSell"":""42"",""Dealers-Difference"":""-42"",""Dealers -TotalSell"":""42"",""TotalDifference"":""-3042""}"
2026-09-08,TPEX,4541,晟田,0,0,0,0,0,0,8000,9540,-1540,"{""Date"":""1150908"",""SecuritiesCompanyCode"":""4541"",""CompanyName"":""晟田"",""Foreign Investors include Mainland Area Investors (Foreign Dealers excluded)-Total Buy"":""193550"","" Foreign Investors include Mainland Area Investors (Foreign Dealers excluded)-Total Sell"":""172333"",""Foreign Investors include Mainland Area Investors (Foreign Dealers excluded)-Difference"":""21217"",""Foreign Dealers-Total Buy"":""0"",""Foreign Dealers-TotalSell"":""0"",""ForeignDealers-Difference"":""0"",""ForeignInvestorsIncludeMainlandAreaInvestors-TotalBuy"":""193550"",""ForeignInvestorsIncludeMainlandAreaInvestors-TotalSell"":""172333"",""ForeignInvestorsInclude MainlandAreaInvestors-Difference"":""21217"",""SecuritiesInvestmentTrustCompanies-TotalBuy"":""0"",""SecuritiesInvestmentTrustCompanies-TotalSell"":""0"",""SecuritiesInvestmentTrustCompanies-Difference"":""0"",""Dealers-TotalBuy"":""8000"",""Dealers-TotalSell"":""9540"",""Dealers-Difference"":""-1540"",""Dealers -TotalSell"":""9540"",""TotalDifference"":""19677""}"
2026-09-08,TPEX,4542,科嶠,0,0,0,0,0,0,11000,14996,-3996,"{""Date"":""1150908"",""SecuritiesCompanyCode"":""4542"",""CompanyName"":""科嶠"",""Foreign Investors include Mainland Area Investors (Foreign Dealers excluded)-Total Buy"":""76100"","" Foreign Investors include Mainland Area Investors (Foreign Dealers excluded)-Total Sell"":""174000"",""Foreign Investors include Mainland Area Investors (Foreign Dealers excluded)-Difference"":""-97900"",""Foreign Dealers-Total Buy"":""0"",""Foreign Dealers-TotalSell"":""0"",""ForeignDealers-Difference"":""0"",""ForeignInvestorsIncludeMainlandAreaInvestors-TotalBuy"":""76100"",""ForeignInvestorsIncludeMainlandAreaInvestors-TotalSell"":""174000"",""ForeignInvestorsInclude MainlandAreaInvestors-Difference"":""-97900"",""SecuritiesInvestmentTrustCompanies-TotalBuy"":""0"",""SecuritiesInvestmentTrustCompanies-TotalSell"":""0"",""SecuritiesInvestmentTrustCompanies-Difference"":""0"",""Dealers-TotalBuy"":""11000"",""Dealers-TotalSell"":""14996"",""Dealers-Difference"":""-3996"",""Dealers -TotalSell"":""10996"",""TotalDifference"":""-101896""}"
2026-09-08,TPEX,4543,萬在,0,0,0,0,0,0,1000,653,347,"{""Date"":""1150908"",""SecuritiesCompanyCode"":""4543"",""CompanyName"":""萬在"",""Foreign Investors include Mainland Area Investors (Foreign Dealers excluded)-Total Buy"":""20000"","" Foreign Investors include Mainland Area Investors (Foreign Dealers excluded)-Total Sell"":""38000"",""Foreign Investors include Mainland Area Investors (Foreign Dealers excluded)-Difference"":""-18000"",""Foreign Dealers-Total Buy"":""0"",""Foreign Dealers-TotalSell"":""0"",""ForeignDealers-Difference"":""0"",""ForeignInvestorsIncludeMainlandAreaInvestors-TotalBuy"":""20000"",""ForeignInvestorsIncludeMainlandAreaInvestors-TotalSell"":""38000"",""ForeignInvestorsInclude MainlandAreaInvestors-Difference"":""-18000"",""SecuritiesInvestmentTrustCompanies-TotalBuy"":""0"",""SecuritiesInvestmentTrustCompanies-TotalSell"":""0"",""SecuritiesInvestmentTrustCompanies-Difference"":""0"",""Dealers-TotalBuy"":""1000"",""Dealers-TotalSell"":""653"",""Dealers-Difference"":""347"",""Dealers -TotalSell"":""653"",""TotalDifference"":""-17653""}"
2026-09-08,TPEX,4549,桓達,0,0,0,0,0,0,0,417,-417,"{""Date"":""1150908"",""SecuritiesCompanyCode"":""4549"",""CompanyName"":""桓達"",""Foreign Investors include Mainland Area Investors (Foreign Dealers excluded)-Total Buy"":""5000"","" Foreign Investors include Mainland Area Investors (Foreign Dealers excluded)-Total Sell"":""40000"",""Foreign Investors include Mainland Area Investors (Foreign Dealers excluded)-Difference"":""-35000"",""Foreign Dealers-Total Buy"":""0"",""Foreign Dealers-TotalSell"":""0"",""ForeignDealers-Difference"":""0"",""ForeignInvestorsIncludeMainlandAreaInvestors-TotalBuy"":""5000"",""ForeignInvestorsIncludeMainlandAreaInvestors-TotalSell"":""40000"",""ForeignInvestorsInclude MainlandAreaInvestors-Difference"":""-35000"",""SecuritiesInvestmentTrustCompanies-TotalBuy"":""0"",""SecuritiesInvestmentTrustCompanies-TotalSell"":""0"",""SecuritiesInvestmentTrustCompanies-Difference"":""0"",""Dealers-TotalBuy"":""0"",""Dealers-TotalSell"":""417"",""Dealers-Difference"":""-417"",""Dealers -TotalSell"":""417"",""TotalDifference"":""-35417""}"
2026-09-08,TPEX,4550,長佳,0,0,0,0,0,0,0,9,-9,"{""Date"":""1150908"",""SecuritiesCompanyCode"":""4550"",""CompanyName"":""長佳"",""Foreign Investors include Mainland Area Investors (Foreign Dealers excluded)-Total Buy"":""0"","" Foreign Investors include Mainland Area Investors (Foreign Dealers excluded)-Total Sell"":""10000"",""Foreign Investors include Mainland Area Investors (Foreign Dealers excluded)-Difference"":""-10000"",""Foreign Dealers-Total Buy"":""0"",""Foreign Dealers-TotalSell"":""0"",""ForeignDealers-Difference"":""0"",""ForeignInvestorsIncludeMainlandAreaInvestors-TotalBuy"":""0"",""ForeignInvestorsIncludeMainlandAreaInvestors-TotalSell"":""10000"",""ForeignInvestorsInclude MainlandAreaInvestors-Difference"":""-10000"",""SecuritiesInvestmentTrustCompanies-TotalBuy"":""0"",""SecuritiesInvestmentTrustCompanies-TotalSell"":""0"",""SecuritiesInvestmentTrustCompanies-Difference"":""0"",""Dealers-TotalBuy"":""0"",""Dealers-TotalSell"":""9"",""Dealers-Difference"":""-9"",""Dealers -TotalSell"":""9"",""TotalDifference"":""-10009""}"
2026-09-08,TPEX,4554,橙的,0,0,0,0,0,0,0,0,0,"{""Date"":""1150908"",""SecuritiesCompanyCode"":""4554"",""CompanyName"":""橙的"",""Foreign Investors include Mainland Area Investors (Foreign Dealers excluded)-Total Buy"":""5000"","" Foreign Investors include Mainland Area Investors (Foreign Dealers excluded)-Total Sell"":""2000"",""Foreign Investors include Mainland Area Investors (Foreign Dealers excluded)-Difference"":""3000"",""Foreign Dealers-Total Buy"":""0"",""Foreign Dealers-TotalSell"":""0"",""ForeignDealers-Difference"":""0"",""ForeignInvestorsIncludeMainlandAreaInvestors-TotalBuy"":""5000"",""ForeignInvestorsIncludeMainlandAreaInvestors-TotalSell"":""2000"",""ForeignInvestorsInclude MainlandAreaInvestors-Difference"":""3000"",""SecuritiesInvestmentTrustCompanies-TotalBuy"":""0"",""SecuritiesInvestmentTrustCompanies-TotalSell"":""0"",""SecuritiesInvestmentTrustCompanies-Difference"":""0"",""Dealers-TotalBuy"":""0"",""Dealers-TotalSell"":""0"",""Dealers-Difference"":""0"",""Dealers -TotalSell"":""0"",""TotalDifference"":""3000""}"
2026-09-08,TPEX,4556,旭然,0,0,0,0,0,0,4396,4002,394,"{""Date"":""1150908"",""SecuritiesCompanyCode"":""4556"",""CompanyName"":""旭然"",""Foreign Investors include Mainland Area Investors (Foreign Dealers excluded)-Total Buy"":""139000"","" Foreign Investors include Mainland Area Investors (Foreign Dealers excluded)-Total Sell"":""34000"",""Foreign Investors include Mainland Area Investors (Foreign Dealers excluded)-Difference"":""105000"",""Foreign Dealers-Total Buy"":""0"",""Foreign Dealers-TotalSell"":""0"",""ForeignDealers-Difference"":""0"",""ForeignInvestorsIncludeMainlandAreaInvestors-TotalBuy"":""139000"",""ForeignInvestorsIncludeMainlandAreaInvestors-TotalSell"":""34000"",""ForeignInvestorsInclude MainlandAreaInvestors-Difference"":""105000"",""SecuritiesInvestmentTrustCompanies-TotalBuy"":""0"",""SecuritiesInvestmentTrustCompanies-TotalSell"":""0"",""SecuritiesInvestmentTrustCompanies-Difference"":""0"",""Dealers-TotalBuy"":""4396"",""Dealers-TotalSell"":""4002"",""Dealers-Difference"":""394"",""Dealers -TotalSell"":""4002"",""TotalDifference"":""105394""}"
2026-09-08,TPEX,4558,寶緯,0,0,0,0,0,0,0,0,0,"{""Date"":""1150908"",""SecuritiesCompanyCode"":""4558"",""CompanyName"":""寶緯"",""Foreign Investors include Mainland Area Investors (Foreign Dealers excluded)-Total Buy"":""5000"","" Foreign Investors include Mainland Area Investors (Foreign Dealers excluded)-Total Sell"":""0"",""Foreign Investors include Mainland Area Investors (Foreign Dealers excluded)-Difference"":""5000"",""Foreign Dealers-Total Buy"":""0"",""Foreign Dealers-TotalSell"":""0"",""ForeignDealers-Difference"":""0"",""ForeignInvestorsIncludeMainlandAreaInvestors-TotalBuy"":""5000"",""ForeignInvestorsIncludeMainlandAreaInvestors-TotalSell"":""0"",""ForeignInvestorsInclude MainlandAreaInvestors-Difference"":""5000"",""SecuritiesInvestmentTrustCompanies-TotalBuy"":""0"",""SecuritiesInvestmentTrustCompanies-TotalSell"":""0"",""SecuritiesInvestmentTrustCompanies-Difference"":""0"",""Dealers-TotalBuy"":""0"",""Dealers-TotalSell"":""0"",""Dealers-Difference"":""0"",""Dealers -TotalSell"":""0"",""TotalDifference"":""5000""}"
2026-09-08,TPEX,4561,健椿,0,0,0,0,0,0,1000,3188,-2188,"{""Date"":""1150908"",""SecuritiesCompanyCode"":""4561"",""CompanyName"":""健椿"",""Foreign Investors include Mainland Area Investors (Foreign Dealers excluded)-Total Buy"":""54000"","" Foreign Investors include Mainland Area Investors (Foreign Dealers excluded)-Total Sell"":""17000"",""Foreign Investors include Mainland Area Investors (Foreign Dealers excluded)-Difference"":""37000"",""Foreign Dealers-Total Buy"":""0"",""Foreign Dealers-TotalSell"":""0"",""ForeignDealers-Difference"":""0"",""ForeignInvestorsIncludeMainlandAreaInvestors-TotalBuy"":""54000"",""ForeignInvestorsIncludeMainlandAreaInvestors-TotalSell"":""17000"",""ForeignInvestorsInclude MainlandAreaInvestors-Difference"":""37000"",""SecuritiesInvestmentTrustCompanies-TotalBuy"":""0"",""SecuritiesInvestmentTrustCompanies-TotalSell"":""0"",""SecuritiesInvestmentTrustCompanies-Difference"":""0"",""Dealers-TotalBuy"":""1000"",""Dealers-TotalSell"":""3188"",""Dealers-Difference"":""-2188"",""Dealers -TotalSell"":""1188"",""TotalDifference"":""34812""}"
2026-09-08,TPEX,4563,百德,0,0,0,0,0,0,1000,51,949,"{""Date"":""1150908"",""SecuritiesCompanyCode"":""4563"",""CompanyName"":""百德"",""Foreign Investors include Mainland Area Investors (Foreign Dealers excluded)-Total Buy"":""15000"","" Foreign Investors include Mainland Area Investors (Foreign Dealers excluded)-Total Sell"":""40000"",""Foreign Investors include Mainland Area Investors (Foreign Dealers excluded)-Difference"":""-25000"",""Foreign Dealers-Total Buy"":""0"",""Foreign Dealers-TotalSell"":""0"",""ForeignDealers-Difference"":""0"",""ForeignInvestorsIncludeMainlandAreaInvestors-TotalBuy"":""15000"",""ForeignInvestorsIncludeMainlandAreaInvestors-TotalSell"":""40000"",""ForeignInvestorsInclude MainlandAreaInvestors-Difference"":""-25000"",""SecuritiesInvestmentTrustCompanies-TotalBuy"":""0"",""SecuritiesInvestmentTrustCompanies-TotalSell"":""0"",""SecuritiesInvestmentTrustCompanies-Difference"":""0"",""Dealers-TotalBuy"":""1000"",""Dealers-TotalSell"":""51"",""Dealers-Difference"":""949"",""Dealers -TotalSell"":""51"",""TotalDifference"":""-24051""}"
2026-09-08,TPEX,4568,科際精密,0,0,0,0,0,0,0,0,0,"{""Date"":""1150908"",""SecuritiesCompanyCode"":""4568"",""CompanyName"":""科際精密"",""Foreign Investors include Mainland Area Investors (Foreign Dealers excluded)-Total Buy"":""0"","" Foreign Investors include Mainland Area Investors (Foreign Dealers excluded)-Total Sell"":""3000"",""Foreign Investors include Mainland Area Investors (Foreign Dealers excluded)-Difference"":""-3000"",""Foreign Dealers-Total Buy"":""0"",""Foreign Dealers-TotalSell"":""0"",""ForeignDealers-Difference"":""0"",""ForeignInvestorsIncludeMainlandAreaInvestors-TotalBuy"":""0"",""ForeignInvestorsIncludeMainlandAreaInvestors-TotalSell"":""3000"",""ForeignInvestorsInclude MainlandAreaInvestors-Difference"":""-3000"",""SecuritiesInvestmentTrustCompanies-TotalBuy"":""0"",""SecuritiesInvestmentTrustCompanies-TotalSell"":""0"",""SecuritiesInvestmentTrustCompanies-Difference"":""0"",""Dealers-TotalBuy"":""0"",""Dealers-TotalSell"":""0"",""Dealers-Difference"":""0"",""Dealers -TotalSell"":""0"",""TotalDifference"":""-3000""}"
2026-09-08,TPEX,4577,達航科技,0,0,0,0,0,0,38141,14845,23296,"{""Date"":""1150908"",""SecuritiesCompanyCode"":""4577"",""CompanyName"":""達航科技"",""Foreign Investors include Mainland Area Investors (Foreign Dealers excluded)-Total Buy"":""441130"","" Foreign Investors include Mainland Area Investors (Foreign Dealers excluded)-Total Sell"":""522070"",""Foreign Investors include Mainland Area Investors (Foreign Dealers excluded)-Difference"":""-80940"",""Foreign Dealers-Total Buy"":""0"",""Foreign Dealers-TotalSell"":""0"",""ForeignDealers-Difference"":""0"",""ForeignInvestorsIncludeMainlandAreaInvestors-TotalBuy"":""441130"",""ForeignInvestorsIncludeMainlandAreaInvestors-TotalSell"":""522070"",""ForeignInvestorsInclude MainlandAreaInvestors-Difference"":""-80940"",""SecuritiesInvestmentTrustCompanies-TotalBuy"":""0"",""SecuritiesInvestmentTrustCompanies-TotalSell"":""0"",""SecuritiesInvestmentTrustCompanies-Difference"":""0"",""Dealers-TotalBuy"":""38141"",""Dealers-TotalSell"":""14845"",""Dealers-Difference"":""23296"",""Dealers -TotalSell"":""14845"",""TotalDifference"":""-57644""}"
2026-09-08,TPEX,4580,捷流閥業,0,0,0,0,0,0,0,125,-125,"{""Date"":""1150908"",""SecuritiesCompanyCode"":""4580"",""CompanyName"":""捷流閥業"",""Foreign Investors include Mainland Area Investors (Foreign Dealers excluded)-Total Buy"":""20000"","" Foreign Investors include Mainland Area Investors (Foreign Dealers excluded)-Total Sell"":""9085"",""Foreign Investors include Mainland Area Investors (Foreign Dealers excluded)-Difference"":""10915"",""Foreign Dealers-Total Buy"":""0"",""Foreign Dealers-TotalSell"":""0"",""ForeignDealers-Difference"":""0"",""ForeignInvestorsIncludeMainlandAreaInvestors-TotalBuy"":""20000"",""ForeignInvestorsIncludeMainlandAreaInvestors-TotalSell"":""9085"",""ForeignInvestorsInclude MainlandAreaInvestors-Difference"":""10915"",""SecuritiesInvestmentTrustCompanies-TotalBuy"":""0"",""SecuritiesInvestmentTrustCompanies-TotalSell"":""0"",""SecuritiesInvestmentTrustCompanies-Difference"":""0"",""Dealers-TotalBuy"":""0"",""Dealers-TotalSell"":""125"",""Dealers-Difference"":""-125"",""Dealers -TotalSell"":""125"",""TotalDifference"":""10790""}"
2026-09-08,TPEX,4702,中美實,0,0,0,0,0,0,1000,1217,-217,"{""Date"":""1150908"",""SecuritiesCompanyCode"":""4702"",""CompanyName"":""中美實"",""Foreign Investors include Mainland Area Investors (Foreign Dealers excluded)-Total Buy"":""2000"","" Foreign Investors include Mainland Area Investors (Foreign Dealers excluded)-Total Sell"":""23000"",""Foreign Investors include Mainland Area Investors (Foreign Dealers excluded)-Difference"":""-21000"",""Foreign Dealers-Total Buy"":""0"",""Foreign Dealers-TotalSell"":""0"",""ForeignDealers-Difference"":""0"",""ForeignInvestorsIncludeMainlandAreaInvestors-TotalBuy"":""2000"",""ForeignInvestorsIncludeMainlandAreaInvestors-TotalSell"":""23000"",""ForeignInvestorsInclude MainlandAreaInvestors-Difference"":""-21000"",""SecuritiesInvestmentTrustCompanies-TotalBuy"":""0"",""SecuritiesInvestmentTrustCompanies-TotalSell"":""0"",""SecuritiesInvestmentTrustCompanies-Difference"":""0"",""Dealers-TotalBuy"":""1000"",""Dealers-TotalSell"":""1217"",""Dealers-Difference"":""-217"",""Dealers -TotalSell"":""1217"",""TotalDifference"":""-21217""}"
2026-09-08,TPEX,4706,大恭,0,0,0,0,0,0,4000,0,4000,"{""Date"":""1150908"",""SecuritiesCompanyCode"":""4706"",""CompanyName"":""大恭"",""Foreign Investors include Mainland Area Investors (Foreign Dealers excluded)-Total Buy"":""29000"","" Foreign Investors include Mainland Area Investors (Foreign Dealers excluded)-Total Sell"":""33000"",""Foreign Investors include Mainland Area Investors (Foreign Dealers excluded)-Difference"":""-4000"",""Foreign Dealers-Total Buy"":""0"",""Foreign Dealers-TotalSell"":""0"",""ForeignDealers-Difference"":""0"",""ForeignInvestorsIncludeMainlandAreaInvestors-TotalBuy"":""29000"",""ForeignInvestorsIncludeMainlandAreaInvestors-TotalSell"":""33000"",""ForeignInvestorsInclude MainlandAreaInvestors-Difference"":""-4000"",""SecuritiesInvestmentTrustCompanies-TotalBuy"":""0"",""SecuritiesInvestmentTrustCompanies-TotalSell"":""0"",""SecuritiesInvestmentTrustCompanies-Difference"":""0"",""Dealers-TotalBuy"":""4000"",""Dealers-TotalSell"":""0"",""Dealers-Difference"":""4000"",""Dealers -TotalSell"":""0"",""TotalDifference"":""0""}"
2026-09-08,TPEX,4707,磐亞,0,0,0,0,0,0,6029,76645,-70616,"{""Date"":""1150908"",""SecuritiesCompanyCode"":""4707"",""CompanyName"":""磐亞"",""Foreign Investors include Mainland Area Investors (Foreign Dealers excluded)-Total Buy"":""446170"","" Foreign Investors include Mainland Area Investors (Foreign Dealers excluded)-Total Sell"":""329000"",""Foreign Investors include Mainland Area Investors (Foreign Dealers excluded)-Difference"":""117170"",""Foreign Dealers-Total Buy"":""0"",""Foreign Dealers-TotalSell"":""0"",""ForeignDealers-Difference"":""0"",""ForeignInvestorsIncludeMainlandAreaInvestors-TotalBuy"":""446170"",""ForeignInvestorsIncludeMainlandAreaInvestors-TotalSell"":""329000"",""ForeignInvestorsInclude MainlandAreaInvestors-Difference"":""117170"",""SecuritiesInvestmentTrustCompanies-TotalBuy"":""0"",""SecuritiesInvestmentTrustCompanies-TotalSell"":""0"",""SecuritiesInvestmentTrustCompanies-Difference"":""0"",""Dealers-TotalBuy"":""6029"",""Dealers-TotalSell"":""76645"",""Dealers-Difference"":""-70616"",""Dealers -TotalSell"":""76645"",""TotalDifference"":""46554""}"
2026-09-08,TPEX,4711,永純,0,0,0,0,0,0,0,0,0,"{""Date"":""1150908"",""SecuritiesCompanyCode"":""4711"",""CompanyName"":""永純"",""Foreign Investors include Mainland Area Investors (Foreign Dealers excluded)-Total Buy"":""7000"","" Foreign Investors include Mainland Area Investors (Foreign Dealers excluded)-Total Sell"":""1000"",""Foreign Investors include Mainland Area Investors (Foreign Dealers excluded)-Difference"":""6000"",""Foreign Dealers-Total Buy"":""0"",""Foreign Dealers-TotalSell"":""0"",""ForeignDealers-Difference"":""0"",""ForeignInvestorsIncludeMainlandAreaInvestors-TotalBuy"":""7000"",""ForeignInvestorsIncludeMainlandAreaInvestors-TotalSell"":""1000"",""ForeignInvestorsInclude MainlandAreaInvestors-Difference"":""6000"",""SecuritiesInvestmentTrustCompanies-TotalBuy"":""0"",""SecuritiesInvestmentTrustCompanies-TotalSell"":""0"",""SecuritiesInvestmentTrustCompanies-Difference"":""0"",""Dealers-TotalBuy"":""0"",""Dealers-TotalSell"":""0"",""Dealers-Difference"":""0"",""Dealers -TotalSell"":""0"",""TotalDifference"":""6000""}"
2026-09-08,TPEX,4714,永捷,0,0,0,0,0,0,771,1015,-244,"{""Date"":""1150908"",""SecuritiesCompanyCode"":""4714"",""CompanyName"":""永捷"",""Foreign Investors include Mainland Area Investors (Foreign Dealers excluded)-Total Buy"":""87111"","" Foreign Investors include Mainland Area Investors (Foreign Dealers excluded)-Total Sell"":""127116"",""Foreign Investors include Mainland Area Investors (Foreign Dealers excluded)-Difference"":""-40005"",""Foreign Dealers-Total Buy"":""0"",""Foreign Dealers-TotalSell"":""0"",""ForeignDealers-Difference"":""0"",""ForeignInvestorsIncludeMainlandAreaInvestors-TotalBuy"":""87111"",""ForeignInvestorsIncludeMainlandAreaInvestors-TotalSell"":""127116"",""ForeignInvestorsInclude MainlandAreaInvestors-Difference"":""-40005"",""SecuritiesInvestmentTrustCompanies-TotalBuy"":""0"",""SecuritiesInvestmentTrustCompanies-TotalSell"":""0"",""SecuritiesInvestmentTrustCompanies-Difference"":""0"",""Dealers-TotalBuy"":""771"",""Dealers-TotalSell"":""1015"",""Dealers-Difference"":""-244"",""Dealers -TotalSell"":""1015"",""TotalDifference"":""-40249""}"
2026-09-08,TPEX,4716,大立,0,0,0,0,0,0,0,39,-39,"{""Date"":""1150908"",""SecuritiesCompanyCode"":""4716"",""CompanyName"":""大立"",""Foreign Investors include Mainland Area Investors (Foreign Dealers excluded)-Total Buy"":""55214"","" Foreign Investors include Mainland Area Investors (Foreign Dealers excluded)-Total Sell"":""42313"",""Foreign Investors include Mainland Area Investors (Foreign Dealers excluded)-Difference"":""12901"",""Foreign Dealers-Total Buy"":""0"",""Foreign Dealers-TotalSell"":""0"",""ForeignDealers-Difference"":""0"",""ForeignInvestorsIncludeMainlandAreaInvestors-TotalBuy"":""55214"",""ForeignInvestorsIncludeMainlandAreaInvestors-TotalSell"":""42313"",""ForeignInvestorsInclude MainlandAreaInvestors-Difference"":""12901"",""SecuritiesInvestmentTrustCompanies-TotalBuy"":""0"",""SecuritiesInvestmentTrustCompanies-TotalSell"":""0"",""SecuritiesInvestmentTrustCompanies-Difference"":""0"",""Dealers-TotalBuy"":""0"",""Dealers-TotalSell"":""39"",""Dealers-Difference"":""-39"",""Dealers -TotalSell"":""39"",""TotalDifference"":""12862""}"
2026-09-08,TPEX,4721,美琪瑪,0,0,0,0,0,0,45,1082,-1037,"{""Date"":""1150908"",""SecuritiesCompanyCode"":""4721"",""CompanyName"":""美琪瑪"",""Foreign Investors include Mainland Area Investors (Foreign Dealers excluded)-Total Buy"":""58000"","" Foreign Investors include Mainland Area Investors (Foreign Dealers excluded)-Total Sell"":""70025"",""Foreign Investors include Mainland Area Investors (Foreign Dealers excluded)-Difference"":""-12025"",""Foreign Dealers-Total Buy"":""0"",""Foreign Dealers-TotalSell"":""0"",""ForeignDealers-Difference"":""0"",""ForeignInvestorsIncludeMainlandAreaInvestors-TotalBuy"":""58000"",""ForeignInvestorsIncludeMainlandAreaInvestors-TotalSell"":""70025"",""ForeignInvestorsInclude MainlandAreaInvestors-Difference"":""-12025"",""SecuritiesInvestmentTrustCompanies-TotalBuy"":""0"",""SecuritiesInvestmentTrustCompanies-TotalSell"":""0"",""SecuritiesInvestmentTrustCompanies-Difference"":""0"",""Dealers-TotalBuy"":""45"",""Dealers-TotalSell"":""1082"",""Dealers-Difference"":""-1037"",""Dealers -TotalSell"":""1082"",""TotalDifference"":""-13062""}"
2026-09-08,TPEX,4726,永昕,0,0,0,0,0,0,0,237,-237,"{""Date"":""1150908"",""SecuritiesCompanyCode"":""4726"",""CompanyName"":""永昕"",""Foreign Investors include Mainland Area Investors (Foreign Dealers excluded)-Total Buy"":""5000"","" Foreign Investors include Mainland Area Investors (Foreign Dealers excluded)-Total Sell"":""50000"",""Foreign Investors include Mainland Area Investors (Foreign Dealers excluded)-Difference"":""-45000"",""Foreign Dealers-Total Buy"":""0"",""Foreign Dealers-TotalSell"":""0"",""ForeignDealers-Difference"":""0"",""ForeignInvestorsIncludeMainlandAreaInvestors-TotalBuy"":""5000"",""ForeignInvestorsIncludeMainlandAreaInvestors-TotalSell"":""50000"",""ForeignInvestorsInclude MainlandAreaInvestors-Difference"":""-45000"",""SecuritiesInvestmentTrustCompanies-TotalBuy"":""0"",""SecuritiesInvestmentTrustCompanies-TotalSell"":""0"",""SecuritiesInvestmentTrustCompanies-Difference"":""0"",""Dealers-TotalBuy"":""0"",""Dealers-TotalSell"":""237"",""Dealers-Difference"":""-237"",""Dealers -TotalSell"":""237"",""TotalDifference"":""-45237""}"
2026-09-08,TPEX,4728,雙美,0,0,0,0,0,0,0,0,0,"{""Date"":""1150908"",""SecuritiesCompanyCode"":""4728"",""CompanyName"":""雙美"",""Foreign Investors include Mainland Area Investors (Foreign Dealers excluded)-Total Buy"":""0"","" Foreign Investors include Mainland Area Investors (Foreign Dealers excluded)-Total Sell"":""2000"",""Foreign Investors include Mainland Area Investors (Foreign Dealers excluded)-Difference"":""-2000"",""Foreign Dealers-Total Buy"":""0"",""Foreign Dealers-TotalSell"":""0"",""ForeignDealers-Difference"":""0"",""ForeignInvestorsIncludeMainlandAreaInvestors-TotalBuy"":""0"",""ForeignInvestorsIncludeMainlandAreaInvestors-TotalSell"":""2000"",""ForeignInvestorsInclude MainlandAreaInvestors-Difference"":""-2000"",""SecuritiesInvestmentTrustCompanies-TotalBuy"":""0"",""SecuritiesInvestmentTrustCompanies-TotalSell"":""0"",""SecuritiesInvestmentTrustCompanies-Difference"":""0"",""Dealers-TotalBuy"":""0"",""Dealers-TotalSell"":""0"",""Dealers-Difference"":""0"",""Dealers -TotalSell"":""0"",""TotalDifference"":""-2000""}"
2026-09-08,TPEX,4729,熒茂,0,0,0,0,0,0,0,100,-100,"{""Date"":""1150908"",""SecuritiesCompanyCode"":""4729"",""CompanyName"":""熒茂"",""Foreign Investors include Mainland Area Investors (Foreign Dealers excluded)-Total Buy"":""7000"","" Foreign Investors include Mainland Area Investors (Foreign Dealers excluded)-Total Sell"":""15000"",""Foreign Investors include Mainland Area Investors (Foreign Dealers excluded)-Difference"":""-8000"",""Foreign Dealers-Total Buy"":""0"",""Foreign Dealers-TotalSell"":""0"",""ForeignDealers-Difference"":""0"",""ForeignInvestorsIncludeMainlandAreaInvestors-TotalBuy"":""7000"",""ForeignInvestorsIncludeMainlandAreaInvestors-TotalSell"":""15000"",""ForeignInvestorsInclude MainlandAreaInvestors-Difference"":""-8000"",""SecuritiesInvestmentTrustCompanies-TotalBuy"":""0"",""SecuritiesInvestmentTrustCompanies-TotalSell"":""0"",""SecuritiesInvestmentTrustCompanies-Difference"":""0"",""Dealers-TotalBuy"":""0"",""Dealers-TotalSell"":""100"",""Dealers-Difference"":""-100"",""Dealers -TotalSell"":""100"",""TotalDifference"":""-8100""}"
2026-09-08,TPEX,4735,豪展,0,0,0,0,0,0,0,0,0,"{""Date"":""1150908"",""SecuritiesCompanyCode"":""4735"",""CompanyName"":""豪展"",""Foreign Investors include Mainland Area Investors (Foreign Dealers excluded)-Total Buy"":""4000"","" Foreign Investors include Mainland Area Investors (Foreign Dealers excluded)-Total Sell"":""2000"",""Foreign Investors include Mainland Area Investors (Foreign Dealers excluded)-Difference"":""2000"",""Foreign Dealers-Total Buy"":""0"",""Foreign Dealers-TotalSell"":""0"",""ForeignDealers-Difference"":""0"",""ForeignInvestorsIncludeMainlandAreaInvestors-TotalBuy"":""4000"",""ForeignInvestorsIncludeMainlandAreaInvestors-TotalSell"":""2000"",""ForeignInvestorsInclude MainlandAreaInvestors-Difference"":""2000"",""SecuritiesInvestmentTrustCompanies-TotalBuy"":""0"",""SecuritiesInvestmentTrustCompanies-TotalSell"":""0"",""SecuritiesInvestmentTrustCompanies-Difference"":""0"",""Dealers-TotalBuy"":""0"",""Dealers-TotalSell"":""0"",""Dealers-Difference"":""0"",""Dealers -TotalSell"":""0"",""TotalDifference"":""2000""}"
2026-09-08,TPEX,4741,泓瀚,0,0,0,0,0,0,80,22,58,"{""Date"":""1150908"",""SecuritiesCompanyCode"":""4741"",""CompanyName"":""泓瀚"",""Foreign Investors include Mainland Area Investors (Foreign Dealers excluded)-Total Buy"":""17000"","" Foreign Investors include Mainland Area Investors (Foreign Dealers excluded)-Total Sell"":""34000"",""Foreign Investors include Mainland Area Investors (Foreign Dealers excluded)-Difference"":""-17000"",""Foreign Dealers-Total Buy"":""0"",""Foreign Dealers-TotalSell"":""0"",""ForeignDealers-Difference"":""0"",""ForeignInvestorsIncludeMainlandAreaInvestors-TotalBuy"":""17000"",""ForeignInvestorsIncludeMainlandAreaInvestors-TotalSell"":""34000"",""ForeignInvestorsInclude MainlandAreaInvestors-Difference"":""-17000"",""SecuritiesInvestmentTrustCompanies-TotalBuy"":""0"",""SecuritiesInvestmentTrustCompanies-TotalSell"":""0"",""SecuritiesInvestmentTrustCompanies-Difference"":""0"",""Dealers-TotalBuy"":""80"",""Dealers-TotalSell"":""22"",""Dealers-Difference"":""58"",""Dealers -TotalSell"":""22"",""TotalDifference"":""-16942""}"
2026-09-08,TPEX,4743,合一,0,0,0,0,0,0,19035,1000,18035,"{""Date"":""1150908"",""SecuritiesCompanyCode"":""4743"",""CompanyName"":""合一"",""Foreign Investors include Mainland Area Investors (Foreign Dealers excluded)-Total Buy"":""986442"","" Foreign Investors include Mainland Area Investors (Foreign Dealers excluded)-Total Sell"":""260000"",""Foreign Investors include Mainland Area Investors (Foreign Dealers excluded)-Difference"":""726442"",""Foreign Dealers-Total Buy"":""0"",""Foreign Dealers-TotalSell"":""0"",""ForeignDealers-Difference"":""0"",""ForeignInvestorsIncludeMainlandAreaInvestors-TotalBuy"":""986442"",""ForeignInvestorsIncludeMainlandAreaInvestors-TotalSell"":""260000"",""ForeignInvestorsInclude MainlandAreaInvestors-Difference"":""726442"",""SecuritiesInvestmentTrustCompanies-TotalBuy"":""0"",""SecuritiesInvestmentTrustCompanies-TotalSell"":""0"",""SecuritiesInvestmentTrustCompanies-Difference"":""0"",""Dealers-TotalBuy"":""19035"",""Dealers-TotalSell"":""1000"",""Dealers-Difference"":""18035"",""Dealers -TotalSell"":""1000"",""TotalDifference"":""744477""}"
2026-09-08,TPEX,4744,皇將,0,0,0,0,0,0,0,0,0,"{""Date"":""1150908"",""SecuritiesCompanyCode"":""4744"",""CompanyName"":""皇將"",""Foreign Investors include Mainland Area Investors (Foreign Dealers excluded)-Total Buy"":""4000"","" Foreign Investors include Mainland Area Investors (Foreign Dealers excluded)-Total Sell"":""5000"",""Foreign Investors include Mainland Area Investors (Foreign Dealers excluded)-Difference"":""-1000"",""Foreign Dealers-Total Buy"":""0"",""Foreign Dealers-TotalSell"":""0"",""ForeignDealers-Difference"":""0"",""ForeignInvestorsIncludeMainlandAreaInvestors-TotalBuy"":""4000"",""ForeignInvestorsIncludeMainlandAreaInvestors-TotalSell"":""5000"",""ForeignInvestorsInclude MainlandAreaInvestors-Difference"":""-1000"",""SecuritiesInvestmentTrustCompanies-TotalBuy"":""0"",""SecuritiesInvestmentTrustCompanies-TotalSell"":""0"",""SecuritiesInvestmentTrustCompanies-Difference"":""0"",""Dealers-TotalBuy"":""0"",""Dealers-TotalSell"":""0"",""Dealers-Difference"":""0"",""Dealers -TotalSell"":""0"",""TotalDifference"":""-1000""}"
2026-09-08,TPEX,4745,合富-KY,0,0,0,0,0,0,0,238,-238,"{""Date"":""1150908"",""SecuritiesCompanyCode"":""4745"",""CompanyName"":""合富-KY"",""Foreign Investors include Mainland Area Investors (Foreign Dealers excluded)-Total Buy"":""2000"","" Foreign Investors include Mainland Area Investors (Foreign Dealers excluded)-Total Sell"":""10000"",""Foreign Investors include Mainland Area Investors (Foreign Dealers excluded)-Difference"":""-8000"",""Foreign Dealers-Total Buy"":""0"",""Foreign Dealers-TotalSell"":""0"",""ForeignDealers-Difference"":""0"",""ForeignInvestorsIncludeMainlandAreaInvestors-TotalBuy"":""2000"",""ForeignInvestorsIncludeMainlandAreaInvestors-TotalSell"":""10000"",""ForeignInvestorsInclude MainlandAreaInvestors-Difference"":""-8000"",""SecuritiesInvestmentTrustCompanies-TotalBuy"":""0"",""SecuritiesInvestmentTrustCompanies-TotalSell"":""0"",""SecuritiesInvestmentTrustCompanies-Difference"":""0"",""Dealers-TotalBuy"":""0"",""Dealers-TotalSell"":""238"",""Dealers-Difference"":""-238"",""Dealers -TotalSell"":""238"",""TotalDifference"":""-8238""}"
2026-09-08,TPEX,4747,強生*,0,0,0,0,0,0,0,0,0,"{""Date"":""1150908"",""SecuritiesCompanyCode"":""4747"",""CompanyName"":""強生*"",""Foreign Investors include Mainland Area Investors (Foreign Dealers excluded)-Total Buy"":""5830"","" Foreign Investors include Mainland Area Investors (Foreign Dealers excluded)-Total Sell"":""7000"",""Foreign Investors include Mainland Area Investors (Foreign Dealers excluded)-Difference"":""-1170"",""Foreign Dealers-Total Buy"":""0"",""Foreign Dealers-TotalSell"":""0"",""ForeignDealers-Difference"":""0"",""ForeignInvestorsIncludeMainlandAreaInvestors-TotalBuy"":""5830"",""ForeignInvestorsIncludeMainlandAreaInvestors-TotalSell"":""7000"",""ForeignInvestorsInclude MainlandAreaInvestors-Difference"":""-1170"",""SecuritiesInvestmentTrustCompanies-TotalBuy"":""0"",""SecuritiesInvestmentTrustCompanies-TotalSell"":""0"",""SecuritiesInvestmentTrustCompanies-Difference"":""0"",""Dealers-TotalBuy"":""0"",""Dealers-TotalSell"":""0"",""Dealers-Difference"":""0"",""Dealers -TotalSell"":""0"",""TotalDifference"":""-1170""}"
2026-09-08,TPEX,4749,新應材,0,0,0,0,1690,-1690,15403,24165,-8762,"{""Date"":""1150908"",""SecuritiesCompanyCode"":""4749"",""CompanyName"":""新應材"",""Foreign Investors include Mainland Area Investors (Foreign Dealers excluded)-Total Buy"":""191199"","" Foreign Investors include Mainland Area Investors (Foreign Dealers excluded)-Total Sell"":""265000"",""Foreign Investors include Mainland Area Investors (Foreign Dealers excluded)-Difference"":""-73801"",""Foreign Dealers-Total Buy"":""0"",""Foreign Dealers-TotalSell"":""0"",""ForeignDealers-Difference"":""0"",""ForeignInvestorsIncludeMainlandAreaInvestors-TotalBuy"":""191199"",""ForeignInvestorsIncludeMainlandAreaInvestors-TotalSell"":""265000"",""ForeignInvestorsInclude MainlandAreaInvestors-Difference"":""-73801"",""SecuritiesInvestmentTrustCompanies-TotalBuy"":""0"",""SecuritiesInvestmentTrustCompanies-TotalSell"":""1690"",""SecuritiesInvestmentTrustCompanies-Difference"":""-1690"",""Dealers-TotalBuy"":""15403"",""Dealers-TotalSell"":""24165"",""Dealers-Difference"":""-8762"",""Dealers -TotalSell"":""17165"",""TotalDifference"":""-84253""}"
2026-09-08,TPEX,4754,國碳科,0,0,0,0,0,0,0,0,0,"{""Date"":""1150908"",""SecuritiesCompanyCode"":""4754"",""CompanyName"":""國碳科"",""Foreign Investors include Mainland Area Investors (Foreign Dealers excluded)-Total Buy"":""5000"","" Foreign Investors include Mainland Area Investors (Foreign Dealers excluded)-Total Sell"":""1000"",""Foreign Investors include Mainland Area Investors (Foreign Dealers excluded)-Difference"":""4000"",""Foreign Dealers-Total Buy"":""0"",""Foreign Dealers-TotalSell"":""0"",""ForeignDealers-Difference"":""0"",""ForeignInvestorsIncludeMainlandAreaInvestors-TotalBuy"":""5000"",""ForeignInvestorsIncludeMainlandAreaInvestors-TotalSell"":""1000"",""ForeignInvestorsInclude MainlandAreaInvestors-Difference"":""4000"",""SecuritiesInvestmentTrustCompanies-TotalBuy"":""0"",""SecuritiesInvestmentTrustCompanies-TotalSell"":""0"",""SecuritiesInvestmentTrustCompanies-Difference"":""0"",""Dealers-TotalBuy"":""0"",""Dealers-TotalSell"":""0"",""Dealers-Difference"":""0"",""Dealers -TotalSell"":""0"",""TotalDifference"":""4000""}"
2026-09-08,TPEX,4760,勤凱,0,0,0,0,0,0,22847,55882,-33035,"{""Date"":""1150908"",""SecuritiesCompanyCode"":""4760"",""CompanyName"":""勤凱"",""Foreign Investors include Mainland Area Investors (Foreign Dealers excluded)-Total Buy"":""181382"","" Foreign Investors include Mainland Area Investors (Foreign Dealers excluded)-Total Sell"":""365000"",""Foreign Investors include Mainland Area Investors (Foreign Dealers excluded)-Difference"":""-183618"",""Foreign Dealers-Total Buy"":""0"",""Foreign Dealers-TotalSell"":""0"",""ForeignDealers-Difference"":""0"",""ForeignInvestorsIncludeMainlandAreaInvestors-TotalBuy"":""181382"",""ForeignInvestorsIncludeMainlandAreaInvestors-TotalSell"":""365000"",""ForeignInvestorsInclude MainlandAreaInvestors-Difference"":""-183618"",""SecuritiesInvestmentTrustCompanies-TotalBuy"":""0"",""SecuritiesInvestmentTrustCompanies-TotalSell"":""0"",""SecuritiesInvestmentTrustCompanies-Difference"":""0"",""Dealers-TotalBuy"":""22847"",""Dealers-TotalSell"":""55882"",""Dealers-Difference"":""-33035"",""Dealers -TotalSell"":""12882"",""TotalDifference"":""-216653""}"
2026-09-08,TPEX,4767,誠泰科技,0,0,0,0,0,0,0,5000,-5000,"{""Date"":""1150908"",""SecuritiesCompanyCode"":""4767"",""CompanyName"":""誠泰科技"",""Foreign Investors include Mainland Area Investors (Foreign Dealers excluded)-Total Buy"":""5000"","" Foreign Investors include Mainland Area Investors (Foreign Dealers excluded)-Total Sell"":""5000"",""Foreign Investors include Mainland Area Investors (Foreign Dealers excluded)-Difference"":""0"",""Foreign Dealers-Total Buy"":""0"",""Foreign Dealers-TotalSell"":""0"",""ForeignDealers-Difference"":""0"",""ForeignInvestorsIncludeMainlandAreaInvestors-TotalBuy"":""5000"",""ForeignInvestorsIncludeMainlandAreaInvestors-TotalSell"":""5000"",""ForeignInvestorsInclude MainlandAreaInvestors-Difference"":""0"",""SecuritiesInvestmentTrustCompanies-TotalBuy"":""0"",""SecuritiesInvestmentTrustCompanies-TotalSell"":""0"",""SecuritiesInvestmentTrustCompanies-Difference"":""0"",""Dealers-TotalBuy"":""0"",""Dealers-TotalSell"":""5000"",""Dealers-Difference"":""-5000"",""Dealers -TotalSell"":""5000"",""TotalDifference"":""-5000""}"
2026-09-08,TPEX,4768,晶呈科技,0,0,0,0,0,0,2440,1555,885,"{""Date"":""1150908"",""SecuritiesCompanyCode"":""4768"",""CompanyName"":""晶呈科技"",""Foreign Investors include Mainland Area Investors (Foreign Dealers excluded)-Total Buy"":""64401"","" Foreign Investors include Mainland Area Investors (Foreign Dealers excluded)-Total Sell"":""92000"",""Foreign Investors include Mainland Area Investors (Foreign Dealers excluded)-Difference"":""-27599"",""Foreign Dealers-Total Buy"":""0"",""Foreign Dealers-TotalSell"":""0"",""ForeignDealers-Difference"":""0"",""ForeignInvestorsIncludeMainlandAreaInvestors-TotalBuy"":""64401"",""ForeignInvestorsIncludeMainlandAreaInvestors-TotalSell"":""92000"",""ForeignInvestorsInclude MainlandAreaInvestors-Difference"":""-27599"",""SecuritiesInvestmentTrustCompanies-TotalBuy"":""0"",""SecuritiesInvestmentTrustCompanies-TotalSell"":""0"",""SecuritiesInvestmentTrustCompanies-Difference"":""0"",""Dealers-TotalBuy"":""2440"",""Dealers-TotalSell"":""1555"",""Dealers-Difference"":""885"",""Dealers -TotalSell"":""1555"",""TotalDifference"":""-26714""}"
2026-09-08,TPEX,4772,台特化,0,0,0,0,0,0,5003,4248,755,"{""Date"":""1150908"",""SecuritiesCompanyCode"":""4772"",""CompanyName"":""台特化"",""Foreign Investors include Mainland Area Investors (Foreign Dealers excluded)-Total Buy"":""150000"","" Foreign Investors include Mainland Area Investors (Foreign Dealers excluded)-Total Sell"":""101000"",""Foreign Investors include Mainland Area Investors (Foreign Dealers excluded)-Difference"":""49000"",""Foreign Dealers-Total Buy"":""0"",""Foreign Dealers-TotalSell"":""0"",""ForeignDealers-Difference"":""0"",""ForeignInvestorsIncludeMainlandAreaInvestors-TotalBuy"":""150000"",""ForeignInvestorsIncludeMainlandAreaInvestors-TotalSell"":""101000"",""ForeignInvestorsInclude MainlandAreaInvestors-Difference"":""49000"",""SecuritiesInvestmentTrustCompanies-TotalBuy"":""0"",""SecuritiesInvestmentTrustCompanies-TotalSell"":""0"",""SecuritiesInvestmentTrustCompanies-Difference"":""0"",""Dealers-TotalBuy"":""5003"",""Dealers-TotalSell"":""4248"",""Dealers-Difference"":""755"",""Dealers -TotalSell"":""4248"",""TotalDifference"":""49755""}"
2026-09-08,TPEX,4903,聯光通,0,0,0,0,0,0,0,0,0,"{""Date"":""1150908"",""SecuritiesCompanyCode"":""4903"",""CompanyName"":""聯光通"",""Foreign Investors include Mainland Area Investors (Foreign Dealers excluded)-Total Buy"":""47000"","" Foreign Investors include Mainland Area Investors (Foreign Dealers excluded)-Total Sell"":""191000"",""Foreign Investors include Mainland Area Investors (Foreign Dealers excluded)-Difference"":""-144000"",""Foreign Dealers-Total Buy"":""0"",""Foreign Dealers-TotalSell"":""0"",""ForeignDealers-Difference"":""0"",""ForeignInvestorsIncludeMainlandAreaInvestors-TotalBuy"":""47000"",""ForeignInvestorsIncludeMainlandAreaInvestors-TotalSell"":""191000"",""ForeignInvestorsInclude MainlandAreaInvestors-Difference"":""-144000"",""SecuritiesInvestmentTrustCompanies-TotalBuy"":""0"",""SecuritiesInvestmentTrustCompanies-TotalSell"":""0"",""SecuritiesInvestmentTrustCompanies-Difference"":""0"",""Dealers-TotalBuy"":""0"",""Dealers-TotalSell"":""0"",""Dealers-Difference"":""0"",""Dealers -TotalSell"":""0"",""TotalDifference"":""-144000""}"
2026-09-08,TPEX,4905,台聯電,0,0,0,0,0,0,0,0,0,"{""Date"":""1150908"",""SecuritiesCompanyCode"":""4905"",""CompanyName"":""台聯電"",""Foreign Investors include Mainland Area Investors (Foreign Dealers excluded)-Total Buy"":""1000"","" Foreign Investors include Mainland Area Investors (Foreign Dealers excluded)-Total Sell"":""2000"",""Foreign Investors include Mainland Area Investors (Foreign Dealers excluded)-Difference"":""-1000"",""Foreign Dealers-Total Buy"":""0"",""Foreign Dealers-TotalSell"":""0"",""ForeignDealers-Difference"":""0"",""ForeignInvestorsIncludeMainlandAreaInvestors-TotalBuy"":""1000"",""ForeignInvestorsIncludeMainlandAreaInvestors-TotalSell"":""2000"",""ForeignInvestorsInclude MainlandAreaInvestors-Difference"":""-1000"",""SecuritiesInvestmentTrustCompanies-TotalBuy"":""0"",""SecuritiesInvestmentTrustCompanies-TotalSell"":""0"",""SecuritiesInvestmentTrustCompanies-Difference"":""0"",""Dealers-TotalBuy"":""0"",""Dealers-TotalSell"":""0"",""Dealers-Difference"":""0"",""Dealers -TotalSell"":""0"",""TotalDifference"":""-1000""}"
2026-09-08,TPEX,4907,富宇,0,0,0,0,0,0,0,10,-10,"{""Date"":""1150908"",""SecuritiesCompanyCode"":""4907"",""CompanyName"":""富宇"",""Foreign Investors include Mainland Area Investors (Foreign Dealers excluded)-Total Buy"":""58000"","" Foreign Investors include Mainland Area Investors (Foreign Dealers excluded)-Total Sell"":""11000"",""Foreign Investors include Mainland Area Investors (Foreign Dealers excluded)-Difference"":""47000"",""Foreign Dealers-Total Buy"":""0"",""Foreign Dealers-TotalSell"":""0"",""ForeignDealers-Difference"":""0"",""ForeignInvestorsIncludeMainlandAreaInvestors-TotalBuy"":""58000"",""ForeignInvestorsIncludeMainlandAreaInvestors-TotalSell"":""11000"",""ForeignInvestorsInclude MainlandAreaInvestors-Difference"":""47000"",""SecuritiesInvestmentTrustCompanies-TotalBuy"":""0"",""SecuritiesInvestmentTrustCompanies-TotalSell"":""0"",""SecuritiesInvestmentTrustCompanies-Difference"":""0"",""Dealers-TotalBuy"":""0"",""Dealers-TotalSell"":""10"",""Dealers-Difference"":""-10"",""Dealers -TotalSell"":""10"",""TotalDifference"":""46990""}"
2026-09-08,TPEX,4908,前鼎,0,0,0,0,0,0,20123,6999,13124,"{""Date"":""1150908"",""SecuritiesCompanyCode"":""4908"",""CompanyName"":""前鼎"",""Foreign Investors include Mainland Area Investors (Foreign Dealers excluded)-Total Buy"":""149733"","" Foreign Investors include Mainland Area Investors (Foreign Dealers excluded)-Total Sell"":""45743"",""Foreign Investors include Mainland Area Investors (Foreign Dealers excluded)-Difference"":""103990"",""Foreign Dealers-Total Buy"":""0"",""Foreign Dealers-TotalSell"":""0"",""ForeignDealers-Difference"":""0"",""ForeignInvestorsIncludeMainlandAreaInvestors-TotalBuy"":""149733"",""ForeignInvestorsIncludeMainlandAreaInvestors-TotalSell"":""45743"",""ForeignInvestorsInclude MainlandAreaInvestors-Difference"":""103990"",""SecuritiesInvestmentTrustCompanies-TotalBuy"":""0"",""SecuritiesInvestmentTrustCompanies-TotalSell"":""0"",""SecuritiesInvestmentTrustCompanies-Difference"":""0"",""Dealers-TotalBuy"":""20123"",""Dealers-TotalSell"":""6999"",""Dealers-Difference"":""13124"",""Dealers -TotalSell"":""6999"",""TotalDifference"":""117114""}"
2026-09-08,TPEX,4909,新復興,0,0,0,0,0,0,12000,12793,-793,"{""Date"":""1150908"",""SecuritiesCompanyCode"":""4909"",""CompanyName"":""新復興"",""Foreign Investors include Mainland Area Investors (Foreign Dealers excluded)-Total Buy"":""64000"","" Foreign Investors include Mainland Area Investors (Foreign Dealers excluded)-Total Sell"":""161000"",""Foreign Investors include Mainland Area Investors (Foreign Dealers excluded)-Difference"":""-97000"",""Foreign Dealers-Total Buy"":""0"",""Foreign Dealers-TotalSell"":""0"",""ForeignDealers-Difference"":""0"",""ForeignInvestorsIncludeMainlandAreaInvestors-TotalBuy"":""64000"",""ForeignInvestorsIncludeMainlandAreaInvestors-TotalSell"":""161000"",""ForeignInvestorsInclude MainlandAreaInvestors-Difference"":""-97000"",""SecuritiesInvestmentTrustCompanies-TotalBuy"":""0"",""SecuritiesInvestmentTrustCompanies-TotalSell"":""0"",""SecuritiesInvestmentTrustCompanies-Difference"":""0"",""Dealers-TotalBuy"":""12000"",""Dealers-TotalSell"":""12793"",""Dealers-Difference"":""-793"",""Dealers -TotalSell"":""12793"",""TotalDifference"":""-97793""}"
2026-09-08,TPEX,4911,德英,0,0,0,0,0,0,0,11000,-11000,"{""Date"":""1150908"",""SecuritiesCompanyCode"":""4911"",""CompanyName"":""德英"",""Foreign Investors include Mainland Area Investors (Foreign Dealers excluded)-Total Buy"":""3000"","" Foreign Investors include Mainland Area Investors (Foreign Dealers excluded)-Total Sell"":""3000"",""Foreign Investors include Mainland Area Investors (Foreign Dealers excluded)-Difference"":""0"",""Foreign Dealers-Total Buy"":""0"",""Foreign Dealers-TotalSell"":""0"",""ForeignDealers-Difference"":""0"",""ForeignInvestorsIncludeMainlandAreaInvestors-TotalBuy"":""3000"",""ForeignInvestorsIncludeMainlandAreaInvestors-TotalSell"":""3000"",""ForeignInvestorsInclude MainlandAreaInvestors-Difference"":""0"",""SecuritiesInvestmentTrustCompanies-TotalBuy"":""0"",""SecuritiesInvestmentTrustCompanies-TotalSell"":""0"",""SecuritiesInvestmentTrustCompanies-Difference"":""0"",""Dealers-TotalBuy"":""0"",""Dealers-TotalSell"":""11000"",""Dealers-Difference"":""-11000"",""Dealers -TotalSell"":""0"",""TotalDifference"":""-11000""}"
2026-09-08,TPEX,4923,力士,0,0,0,0,0,0,8513,8999,-486,"{""Date"":""1150908"",""SecuritiesCompanyCode"":""4923"",""CompanyName"":""力士"",""Foreign Investors include Mainland Area Investors (Foreign Dealers excluded)-Total Buy"":""224901"","" Foreign Investors include Mainland Area Investors (Foreign Dealers excluded)-Total Sell"":""209001"",""Foreign Investors include Mainland Area Investors (Foreign Dealers excluded)-Difference"":""15900"",""Foreign Dealers-Total Buy"":""0"",""Foreign Dealers-TotalSell"":""0"",""ForeignDealers-Difference"":""0"",""ForeignInvestorsIncludeMainlandAreaInvestors-TotalBuy"":""224901"",""ForeignInvestorsIncludeMainlandAreaInvestors-TotalSell"":""209001"",""ForeignInvestorsInclude MainlandAreaInvestors-Difference"":""15900"",""SecuritiesInvestmentTrustCompanies-TotalBuy"":""0"",""SecuritiesInvestmentTrustCompanies-TotalSell"":""0"",""SecuritiesInvestmentTrustCompanies-Difference"":""0"",""Dealers-TotalBuy"":""8513"",""Dealers-TotalSell"":""8999"",""Dealers-Difference"":""-486"",""Dealers -TotalSell"":""8999"",""TotalDifference"":""15414""}"
2026-09-08,TPEX,4924,欣厚-KY,0,0,0,0,0,0,1040,1740,-700,"{""Date"":""1150908"",""SecuritiesCompanyCode"":""4924"",""CompanyName"":""欣厚-KY"",""Foreign Investors include Mainland Area Investors (Foreign Dealers excluded)-Total Buy"":""113000"","" Foreign Investors include Mainland Area Investors (Foreign Dealers excluded)-Total Sell"":""175000"",""Foreign Investors include Mainland Area Investors (Foreign Dealers excluded)-Difference"":""-62000"",""Foreign Dealers-Total Buy"":""0"",""Foreign Dealers-TotalSell"":""0"",""ForeignDealers-Difference"":""0"",""ForeignInvestorsIncludeMainlandAreaInvestors-TotalBuy"":""113000"",""ForeignInvestorsIncludeMainlandAreaInvestors-TotalSell"":""175000"",""ForeignInvestorsInclude MainlandAreaInvestors-Difference"":""-62000"",""SecuritiesInvestmentTrustCompanies-TotalBuy"":""0"",""SecuritiesInvestmentTrustCompanies-TotalSell"":""0"",""SecuritiesInvestmentTrustCompanies-Difference"":""0"",""Dealers-TotalBuy"":""1040"",""Dealers-TotalSell"":""1740"",""Dealers-Difference"":""-700"",""Dealers -TotalSell"":""1740"",""TotalDifference"":""-62700""}"
2026-09-08,TPEX,4931,新盛力,0,0,0,0,0,0,49634,75507,-25873,"{""Date"":""1150908"",""SecuritiesCompanyCode"":""4931"",""CompanyName"":""新盛力"",""Foreign Investors include Mainland Area Investors (Foreign Dealers excluded)-Total Buy"":""686114"","" Foreign Investors include Mainland Area Investors (Foreign Dealers excluded)-Total Sell"":""1634000"",""Foreign Investors include Mainland Area Investors (Foreign Dealers excluded)-Difference"":""-947886"",""Foreign Dealers-Total Buy"":""0"",""Foreign Dealers-TotalSell"":""0"",""ForeignDealers-Difference"":""0"",""ForeignInvestorsIncludeMainlandAreaInvestors-TotalBuy"":""686114"",""ForeignInvestorsIncludeMainlandAreaInvestors-TotalSell"":""1634000"",""ForeignInvestorsInclude MainlandAreaInvestors-Difference"":""-947886"",""SecuritiesInvestmentTrustCompanies-TotalBuy"":""0"",""SecuritiesInvestmentTrustCompanies-TotalSell"":""0"",""SecuritiesInvestmentTrustCompanies-Difference"":""0"",""Dealers-TotalBuy"":""49634"",""Dealers-TotalSell"":""75507"",""Dealers-Difference"":""-25873"",""Dealers -TotalSell"":""61457"",""TotalDifference"":""-973759""}"
2026-09-08,TPEX,4933,友輝,0,0,0,0,0,0,0,1011,-1011,"{""Date"":""1150908"",""SecuritiesCompanyCode"":""4933"",""CompanyName"":""友輝"",""Foreign Investors include Mainland Area Investors (Foreign Dealers excluded)-Total Buy"":""22000"","" Foreign Investors include Mainland Area Investors (Foreign Dealers excluded)-Total Sell"":""14000"",""Foreign Investors include Mainland Area Investors (Foreign Dealers excluded)-Difference"":""8000"",""Foreign Dealers-Total Buy"":""0"",""Foreign Dealers-TotalSell"":""0"",""ForeignDealers-Difference"":""0"",""ForeignInvestorsIncludeMainlandAreaInvestors-TotalBuy"":""22000"",""ForeignInvestorsIncludeMainlandAreaInvestors-TotalSell"":""14000"",""ForeignInvestorsInclude MainlandAreaInvestors-Difference"":""8000"",""SecuritiesInvestmentTrustCompanies-TotalBuy"":""0"",""SecuritiesInvestmentTrustCompanies-TotalSell"":""0"",""SecuritiesInvestmentTrustCompanies-Difference"":""0"",""Dealers-TotalBuy"":""0"",""Dealers-TotalSell"":""1011"",""Dealers-Difference"":""-1011"",""Dealers -TotalSell"":""1011"",""TotalDifference"":""6989""}"
2026-09-08,TPEX,4939,亞電,0,0,0,0,0,0,0,45533,-45533,"{""Date"":""1150908"",""SecuritiesCompanyCode"":""4939"",""CompanyName"":""亞電"",""Foreign Investors include Mainland Area Investors (Foreign Dealers excluded)-Total Buy"":""290140"","" Foreign Investors include Mainland Area Investors (Foreign Dealers excluded)-Total Sell"":""75500"",""Foreign Investors include Mainland Area Investors (Foreign Dealers excluded)-Difference"":""214640"",""Foreign Dealers-Total Buy"":""0"",""Foreign Dealers-TotalSell"":""0"",""ForeignDealers-Difference"":""0"",""ForeignInvestorsIncludeMainlandAreaInvestors-TotalBuy"":""290140"",""ForeignInvestorsIncludeMainlandAreaInvestors-TotalSell"":""75500"",""ForeignInvestorsInclude MainlandAreaInvestors-Difference"":""214640"",""SecuritiesInvestmentTrustCompanies-TotalBuy"":""0"",""SecuritiesInvestmentTrustCompanies-TotalSell"":""0"",""SecuritiesInvestmentTrustCompanies-Difference"":""0"",""Dealers-TotalBuy"":""0"",""Dealers-TotalSell"":""45533"",""Dealers-Difference"":""-45533"",""Dealers -TotalSell"":""45533"",""TotalDifference"":""169107""}"
2026-09-08,TPEX,4946,辣椒,0,0,0,0,0,0,0,0,0,"{""Date"":""1150908"",""SecuritiesCompanyCode"":""4946"",""CompanyName"":""辣椒"",""Foreign Investors include Mainland Area Investors (Foreign Dealers excluded)-Total Buy"":""0"","" Foreign Investors include Mainland Area Investors (Foreign Dealers excluded)-Total Sell"":""2000"",""Foreign Investors include Mainland Area Investors (Foreign Dealers excluded)-Difference"":""-2000"",""Foreign Dealers-Total Buy"":""0"",""Foreign Dealers-TotalSell"":""0"",""ForeignDealers-Difference"":""0"",""ForeignInvestorsIncludeMainlandAreaInvestors-TotalBuy"":""0"",""ForeignInvestorsIncludeMainlandAreaInvestors-TotalSell"":""2000"",""ForeignInvestorsInclude MainlandAreaInvestors-Difference"":""-2000"",""SecuritiesInvestmentTrustCompanies-TotalBuy"":""0"",""SecuritiesInvestmentTrustCompanies-TotalSell"":""0"",""SecuritiesInvestmentTrustCompanies-Difference"":""0"",""Dealers-TotalBuy"":""0"",""Dealers-TotalSell"":""0"",""Dealers-Difference"":""0"",""Dealers -TotalSell"":""0"",""TotalDifference"":""-2000""}"
2026-09-08,TPEX,4951,精拓科,0,0,0,0,0,0,2000,1726,274,"{""Date"":""1150908"",""SecuritiesCompanyCode"":""4951"",""CompanyName"":""精拓科"",""Foreign Investors include Mainland Area Investors (Foreign Dealers excluded)-Total Buy"":""51000"","" Foreign Investors include Mainland Area Investors (Foreign Dealers excluded)-Total Sell"":""51000"",""Foreign Investors include Mainland Area Investors (Foreign Dealers excluded)-Difference"":""0"",""Foreign Dealers-Total Buy"":""0"",""Foreign Dealers-TotalSell"":""0"",""ForeignDealers-Difference"":""0"",""ForeignInvestorsIncludeMainlandAreaInvestors-TotalBuy"":""51000"",""ForeignInvestorsIncludeMainlandAreaInvestors-TotalSell"":""51000"",""ForeignInvestorsInclude MainlandAreaInvestors-Difference"":""0"",""SecuritiesInvestmentTrustCompanies-TotalBuy"":""0"",""SecuritiesInvestmentTrustCompanies-TotalSell"":""0"",""SecuritiesInvestmentTrustCompanies-Difference"":""0"",""Dealers-TotalBuy"":""2000"",""Dealers-TotalSell"":""1726"",""Dealers-Difference"":""274"",""Dealers -TotalSell"":""1726"",""TotalDifference"":""274""}"
2026-09-08,TPEX,4953,緯致,0,0,0,0,0,0,1000,746,-15746,"{""Date"":""1150908"",""SecuritiesCompanyCode"":""4953"",""CompanyName"":""緯致"",""Foreign Investors include Mainland Area Investors (Foreign Dealers excluded)-Total Buy"":""2000"","" Foreign Investors include Mainland Area Investors (Foreign Dealers excluded)-Total Sell"":""57000"",""Foreign Investors include Mainland Area Investors (Foreign Dealers excluded)-Difference"":""-55000"",""Foreign Dealers-Total Buy"":""0"",""Foreign Dealers-TotalSell"":""0"",""ForeignDealers-Difference"":""0"",""ForeignInvestorsIncludeMainlandAreaInvestors-TotalBuy"":""2000"",""ForeignInvestorsIncludeMainlandAreaInvestors-TotalSell"":""57000"",""ForeignInvestorsInclude MainlandAreaInvestors-Difference"":""-55000"",""SecuritiesInvestmentTrustCompanies-TotalBuy"":""0"",""SecuritiesInvestmentTrustCompanies-TotalSell"":""0"",""SecuritiesInvestmentTrustCompanies-Difference"":""0"",""Dealers-TotalBuy"":""1000"",""Dealers-TotalSell"":""16746"",""Dealers-Difference"":""-15746"",""Dealers -TotalSell"":""746"",""TotalDifference"":""-70746""}"
2026-09-08,TPEX,4966,譜瑞-KY,0,0,0,3000,14000,-11000,43000,57475,-14475,"{""Date"":""1150908"",""SecuritiesCompanyCode"":""4966"",""CompanyName"":""譜瑞-KY"",""Foreign Investors include Mainland Area Investors (Foreign Dealers excluded)-Total Buy"":""80769"","" Foreign Investors include Mainland Area Investors (Foreign Dealers excluded)-Total Sell"":""410617"",""Foreign Investors include Mainland Area Investors (Foreign Dealers excluded)-Difference"":""-329848"",""Foreign Dealers-Total Buy"":""0"",""Foreign Dealers-TotalSell"":""0"",""ForeignDealers-Difference"":""0"",""ForeignInvestorsIncludeMainlandAreaInvestors-TotalBuy"":""80769"",""ForeignInvestorsIncludeMainlandAreaInvestors-TotalSell"":""410617"",""ForeignInvestorsInclude MainlandAreaInvestors-Difference"":""-329848"",""SecuritiesInvestmentTrustCompanies-TotalBuy"":""3000"",""SecuritiesInvestmentTrustCompanies-TotalSell"":""14000"",""SecuritiesInvestmentTrustCompanies-Difference"":""-11000"",""Dealers-TotalBuy"":""43000"",""Dealers-TotalSell"":""57475"",""Dealers-Difference"":""-14475"",""Dealers -TotalSell"":""57475"",""TotalDifference"":""-355323""}"
2026-09-08,TPEX,4971,IET-KY,0,0,0,0,0,0,21191,23196,-2005,"{""Date"":""1150908"",""SecuritiesCompanyCode"":""4971"",""CompanyName"":""IET-KY"",""Foreign Investors include Mainland Area Investors (Foreign Dealers excluded)-Total Buy"":""501797"","" Foreign Investors include Mainland Area Investors (Foreign Dealers excluded)-Total Sell"":""566524"",""Foreign Investors include Mainland Area Investors (Foreign Dealers excluded)-Difference"":""-64727"",""Foreign Dealers-Total Buy"":""0"",""Foreign Dealers-TotalSell"":""0"",""ForeignDealers-Difference"":""0"",""ForeignInvestorsIncludeMainlandAreaInvestors-TotalBuy"":""501797"",""ForeignInvestorsIncludeMainlandAreaInvestors-TotalSell"":""566524"",""ForeignInvestorsInclude MainlandAreaInvestors-Difference"":""-64727"",""SecuritiesInvestmentTrustCompanies-TotalBuy"":""0"",""SecuritiesInvestmentTrustCompanies-TotalSell"":""0"",""SecuritiesInvestmentTrustCompanies-Difference"":""0"",""Dealers-TotalBuy"":""21191"",""Dealers-TotalSell"":""23196"",""Dealers-Difference"":""-2005"",""Dealers -TotalSell"":""21196"",""TotalDifference"":""-66732""}"
2026-09-08,TPEX,4973,廣穎,0,0,0,0,0,0,8150,7918,232,"{""Date"":""1150908"",""SecuritiesCompanyCode"":""4973"",""CompanyName"":""廣穎"",""Foreign Investors include Mainland Area Investors (Foreign Dealers excluded)-Total Buy"":""133504"","" Foreign Investors include Mainland Area Investors (Foreign Dealers excluded)-Total Sell"":""218000"",""Foreign Investors include Mainland Area Investors (Foreign Dealers excluded)-Difference"":""-84496"",""Foreign Dealers-Total Buy"":""0"",""Foreign Dealers-TotalSell"":""0"",""ForeignDealers-Difference"":""0"",""ForeignInvestorsIncludeMainlandAreaInvestors-TotalBuy"":""133504"",""ForeignInvestorsIncludeMainlandAreaInvestors-TotalSell"":""218000"",""ForeignInvestorsInclude MainlandAreaInvestors-Difference"":""-84496"",""SecuritiesInvestmentTrustCompanies-TotalBuy"":""0"",""SecuritiesInvestmentTrustCompanies-TotalSell"":""0"",""SecuritiesInvestmentTrustCompanies-Difference"":""0"",""Dealers-TotalBuy"":""8150"",""Dealers-TotalSell"":""7918"",""Dealers-Difference"":""232"",""Dealers -TotalSell"":""7773"",""TotalDifference"":""-84264""}"
2026-09-08,TPEX,4974,亞泰,0,0,0,0,0,0,157,0,157,"{""Date"":""1150908"",""SecuritiesCompanyCode"":""4974"",""CompanyName"":""亞泰"",""Foreign Investors include Mainland Area Investors (Foreign Dealers excluded)-Total Buy"":""21000"","" Foreign Investors include Mainland Area Investors (Foreign Dealers excluded)-Total Sell"":""39000"",""Foreign Investors include Mainland Area Investors (Foreign Dealers excluded)-Difference"":""-18000"",""Foreign Dealers-Total Buy"":""0"",""Foreign Dealers-TotalSell"":""0"",""ForeignDealers-Difference"":""0"",""ForeignInvestorsIncludeMainlandAreaInvestors-TotalBuy"":""21000"",""ForeignInvestorsIncludeMainlandAreaInvestors-TotalSell"":""39000"",""ForeignInvestorsInclude MainlandAreaInvestors-Difference"":""-18000"",""SecuritiesInvestmentTrustCompanies-TotalBuy"":""0"",""SecuritiesInvestmentTrustCompanies-TotalSell"":""0"",""SecuritiesInvestmentTrustCompanies-Difference"":""0"",""Dealers-TotalBuy"":""157"",""Dealers-TotalSell"":""0"",""Dealers-Difference"":""157"",""Dealers -TotalSell"":""0"",""TotalDifference"":""-17843""}"
2026-09-08,TPEX,4979,華星光,0,0,0,599000,0,599000,105043,262827,-157784,"{""Date"":""1150908"",""SecuritiesCompanyCode"":""4979"",""CompanyName"":""華星光"",""Foreign Investors include Mainland Area Investors (Foreign Dealers excluded)-Total Buy"":""3487970"","" Foreign Investors include Mainland Area Investors (Foreign Dealers excluded)-Total Sell"":""2514125"",""Foreign Investors include Mainland Area Investors (Foreign Dealers excluded)-Difference"":""973845"",""Foreign Dealers-Total Buy"":""0"",""Foreign Dealers-TotalSell"":""0"",""ForeignDealers-Difference"":""0"",""ForeignInvestorsIncludeMainlandAreaInvestors-TotalBuy"":""3487970"",""ForeignInvestorsIncludeMainlandAreaInvestors-TotalSell"":""2514125"",""ForeignInvestorsInclude MainlandAreaInvestors-Difference"":""973845"",""SecuritiesInvestmentTrustCompanies-TotalBuy"":""599000"",""SecuritiesInvestmentTrustCompanies-TotalSell"":""0"",""SecuritiesInvestmentTrustCompanies-Difference"":""599000"",""Dealers-TotalBuy"":""105043"",""Dealers-TotalSell"":""262827"",""Dealers-Difference"":""-157784"",""Dealers -TotalSell"":""255827"",""TotalDifference"":""1415061""}"
2026-09-08,TPEX,4991,環宇-KY,0,0,0,0,0,0,38000,30116,7884,"{""Date"":""1150908"",""SecuritiesCompanyCode"":""4991"",""CompanyName"":""環宇-KY"",""Foreign Investors include Mainland Area Investors (Foreign Dealers excluded)-Total Buy"":""222042"","" Foreign Investors include Mainland Area Investors (Foreign Dealers excluded)-Total Sell"":""192350"",""Foreign Investors include Mainland Area Investors (Foreign Dealers excluded)-Difference"":""29692"",""Foreign Dealers-Total Buy"":""0"",""Foreign Dealers-TotalSell"":""0"",""ForeignDealers-Difference"":""0"",""ForeignInvestorsIncludeMainlandAreaInvestors-TotalBuy"":""222042"",""ForeignInvestorsIncludeMainlandAreaInvestors-TotalSell"":""192350"",""ForeignInvestorsInclude MainlandAreaInvestors-Difference"":""29692"",""SecuritiesInvestmentTrustCompanies-TotalBuy"":""0"",""SecuritiesInvestmentTrustCompanies-TotalSell"":""0"",""SecuritiesInvestmentTrustCompanies-Difference"":""0"",""Dealers-TotalBuy"":""38000"",""Dealers-TotalSell"":""30116"",""Dealers-Difference"":""7884"",""Dealers -TotalSell"":""19116"",""TotalDifference"":""37576""}"
2026-09-08,TPEX,4995,晶達,0,0,0,0,0,0,0,0,0,"{""Date"":""1150908"",""SecuritiesCompanyCode"":""4995"",""CompanyName"":""晶達"",""Foreign Investors include Mainland Area Investors (Foreign Dealers excluded)-Total Buy"":""0"","" Foreign Investors include Mainland Area Investors (Foreign Dealers excluded)-Total Sell"":""2000"",""Foreign Investors include Mainland Area Investors (Foreign Dealers excluded)-Difference"":""-2000"",""Foreign Dealers-Total Buy"":""0"",""Foreign Dealers-TotalSell"":""0"",""ForeignDealers-Difference"":""0"",""ForeignInvestorsIncludeMainlandAreaInvestors-TotalBuy"":""0"",""ForeignInvestorsIncludeMainlandAreaInvestors-TotalSell"":""2000"",""ForeignInvestorsInclude MainlandAreaInvestors-Difference"":""-2000"",""SecuritiesInvestmentTrustCompanies-TotalBuy"":""0"",""SecuritiesInvestmentTrustCompanies-TotalSell"":""0"",""SecuritiesInvestmentTrustCompanies-Difference"":""0"",""Dealers-TotalBuy"":""0"",""Dealers-TotalSell"":""0"",""Dealers-Difference"":""0"",""Dealers -TotalSell"":""0"",""TotalDifference"":""-2000""}"
2026-09-08,TPEX,5009,榮剛,0,0,0,0,0,0,10215,85741,-75526,"{""Date"":""1150908"",""SecuritiesCompanyCode"":""5009"",""CompanyName"":""榮剛"",""Foreign Investors include Mainland Area Investors (Foreign Dealers excluded)-Total Buy"":""580166"","" Foreign Investors include Mainland Area Investors (Foreign Dealers excluded)-Total Sell"":""729000"",""Foreign Investors include Mainland Area Investors (Foreign Dealers excluded)-Difference"":""-148834"",""Foreign Dealers-Total Buy"":""0"",""Foreign Dealers-TotalSell"":""0"",""ForeignDealers-Difference"":""0"",""ForeignInvestorsIncludeMainlandAreaInvestors-TotalBuy"":""580166"",""ForeignInvestorsIncludeMainlandAreaInvestors-TotalSell"":""729000"",""ForeignInvestorsInclude MainlandAreaInvestors-Difference"":""-148834"",""SecuritiesInvestmentTrustCompanies-TotalBuy"":""0"",""SecuritiesInvestmentTrustCompanies-TotalSell"":""0"",""SecuritiesInvestmentTrustCompanies-Difference"":""0"",""Dealers-TotalBuy"":""10215"",""Dealers-TotalSell"":""85741"",""Dealers-Difference"":""-75526"",""Dealers -TotalSell"":""74248"",""TotalDifference"":""-224360""}"
2026-09-08,TPEX,5011,久陽,0,0,0,0,0,0,0,0,0,"{""Date"":""1150908"",""SecuritiesCompanyCode"":""5011"",""CompanyName"":""久陽"",""Foreign Investors include Mainland Area Investors (Foreign Dealers excluded)-Total Buy"":""167000"","" Foreign Investors include Mainland Area Investors (Foreign Dealers excluded)-Total Sell"":""61000"",""Foreign Investors include Mainland Area Investors (Foreign Dealers excluded)-Difference"":""106000"",""Foreign Dealers-Total Buy"":""0"",""Foreign Dealers-TotalSell"":""0"",""ForeignDealers-Difference"":""0"",""ForeignInvestorsIncludeMainlandAreaInvestors-TotalBuy"":""167000"",""ForeignInvestorsIncludeMainlandAreaInvestors-TotalSell"":""61000"",""ForeignInvestorsInclude MainlandAreaInvestors-Difference"":""106000"",""SecuritiesInvestmentTrustCompanies-TotalBuy"":""0"",""SecuritiesInvestmentTrustCompanies-TotalSell"":""0"",""SecuritiesInvestmentTrustCompanies-Difference"":""0"",""Dealers-TotalBuy"":""0"",""Dealers-TotalSell"":""0"",""Dealers-Difference"":""0"",""Dealers -TotalSell"":""0"",""TotalDifference"":""106000""}"
2026-09-08,TPEX,5013,強新,0,0,0,0,0,0,0,0,0,"{""Date"":""1150908"",""SecuritiesCompanyCode"":""5013"",""CompanyName"":""強新"",""Foreign Investors include Mainland Area Investors (Foreign Dealers excluded)-Total Buy"":""2000"","" Foreign Investors include Mainland Area Investors (Foreign Dealers excluded)-Total Sell"":""0"",""Foreign Investors include Mainland Area Investors (Foreign Dealers excluded)-Difference"":""2000"",""Foreign Dealers-Total Buy"":""0"",""Foreign Dealers-TotalSell"":""0"",""ForeignDealers-Difference"":""0"",""ForeignInvestorsIncludeMainlandAreaInvestors-TotalBuy"":""2000"",""ForeignInvestorsIncludeMainlandAreaInvestors-TotalSell"":""0"",""ForeignInvestorsInclude MainlandAreaInvestors-Difference"":""2000"",""SecuritiesInvestmentTrustCompanies-TotalBuy"":""0"",""SecuritiesInvestmentTrustCompanies-TotalSell"":""0"",""SecuritiesInvestmentTrustCompanies-Difference"":""0"",""Dealers-TotalBuy"":""0"",""Dealers-TotalSell"":""0"",""Dealers-Difference"":""0"",""Dealers -TotalSell"":""0"",""TotalDifference"":""2000""}"
2026-09-08,TPEX,5014,建錩,0,0,0,0,0,0,0,50,-50,"{""Date"":""1150908"",""SecuritiesCompanyCode"":""5014"",""CompanyName"":""建錩"",""Foreign Investors include Mainland Area Investors (Foreign Dealers excluded)-Total Buy"":""1000"","" Foreign Investors include Mainland Area Investors (Foreign Dealers excluded)-Total Sell"":""44000"",""Foreign Investors include Mainland Area Investors (Foreign Dealers excluded)-Difference"":""-43000"",""Foreign Dealers-Total Buy"":""0"",""Foreign Dealers-TotalSell"":""0"",""ForeignDealers-Difference"":""0"",""ForeignInvestorsIncludeMainlandAreaInvestors-TotalBuy"":""1000"",""ForeignInvestorsIncludeMainlandAreaInvestors-TotalSell"":""44000"",""ForeignInvestorsInclude MainlandAreaInvestors-Difference"":""-43000"",""SecuritiesInvestmentTrustCompanies-TotalBuy"":""0"",""SecuritiesInvestmentTrustCompanies-TotalSell"":""0"",""SecuritiesInvestmentTrustCompanies-Difference"":""0"",""Dealers-TotalBuy"":""0"",""Dealers-TotalSell"":""50"",""Dealers-Difference"":""-50"",""Dealers -TotalSell"":""50"",""TotalDifference"":""-43050""}"
2026-09-08,TPEX,5015,華祺,0,0,0,0,0,0,0,0,0,"{""Date"":""1150908"",""SecuritiesCompanyCode"":""5015"",""CompanyName"":""華祺"",""Foreign Investors include Mainland Area Investors (Foreign Dealers excluded)-Total Buy"":""3000"","" Foreign Investors include Mainland Area Investors (Foreign Dealers excluded)-Total Sell"":""3000"",""Foreign Investors include Mainland Area Investors (Foreign Dealers excluded)-Difference"":""0"",""Foreign Dealers-Total Buy"":""0"",""Foreign Dealers-TotalSell"":""0"",""ForeignDealers-Difference"":""0"",""ForeignInvestorsIncludeMainlandAreaInvestors-TotalBuy"":""3000"",""ForeignInvestorsIncludeMainlandAreaInvestors-TotalSell"":""3000"",""ForeignInvestorsInclude MainlandAreaInvestors-Difference"":""0"",""SecuritiesInvestmentTrustCompanies-TotalBuy"":""0"",""SecuritiesInvestmentTrustCompanies-TotalSell"":""0"",""SecuritiesInvestmentTrustCompanies-Difference"":""0"",""Dealers-TotalBuy"":""0"",""Dealers-TotalSell"":""0"",""Dealers-Difference"":""0"",""Dealers -TotalSell"":""0"",""TotalDifference"":""0""}"
2026-09-08,TPEX,5016,松和,0,0,0,0,0,0,0,0,0,"{""Date"":""1150908"",""SecuritiesCompanyCode"":""5016"",""CompanyName"":""松和"",""Foreign Investors include Mainland Area Investors (Foreign Dealers excluded)-Total Buy"":""0"","" Foreign Investors include Mainland Area Investors (Foreign Dealers excluded)-Total Sell"":""1000"",""Foreign Investors include Mainland Area Investors (Foreign Dealers excluded)-Difference"":""-1000"",""Foreign Dealers-Total Buy"":""0"",""Foreign Dealers-TotalSell"":""0"",""ForeignDealers-Difference"":""0"",""ForeignInvestorsIncludeMainlandAreaInvestors-TotalBuy"":""0"",""ForeignInvestorsIncludeMainlandAreaInvestors-TotalSell"":""1000"",""ForeignInvestorsInclude MainlandAreaInvestors-Difference"":""-1000"",""SecuritiesInvestmentTrustCompanies-TotalBuy"":""0"",""SecuritiesInvestmentTrustCompanies-TotalSell"":""0"",""SecuritiesInvestmentTrustCompanies-Difference"":""0"",""Dealers-TotalBuy"":""0"",""Dealers-TotalSell"":""0"",""Dealers-Difference"":""0"",""Dealers -TotalSell"":""0"",""TotalDifference"":""-1000""}"
2026-09-08,TPEX,5201,凱衛,0,0,0,0,0,0,774,1000,-226,"{""Date"":""1150908"",""SecuritiesCompanyCode"":""5201"",""CompanyName"":""凱衛"",""Foreign Investors include Mainland Area Investors (Foreign Dealers excluded)-Total Buy"":""16000"","" Foreign Investors include Mainland Area Investors (Foreign Dealers excluded)-Total Sell"":""2000"",""Foreign Investors include Mainland Area Investors (Foreign Dealers excluded)-Difference"":""14000"",""Foreign Dealers-Total Buy"":""0"",""Foreign Dealers-TotalSell"":""0"",""ForeignDealers-Difference"":""0"",""ForeignInvestorsIncludeMainlandAreaInvestors-TotalBuy"":""16000"",""ForeignInvestorsIncludeMainlandAreaInvestors-TotalSell"":""2000"",""ForeignInvestorsInclude MainlandAreaInvestors-Difference"":""14000"",""SecuritiesInvestmentTrustCompanies-TotalBuy"":""0"",""SecuritiesInvestmentTrustCompanies-TotalSell"":""0"",""SecuritiesInvestmentTrustCompanies-Difference"":""0"",""Dealers-TotalBuy"":""774"",""Dealers-TotalSell"":""1000"",""Dealers-Difference"":""-226"",""Dealers -TotalSell"":""1000"",""TotalDifference"":""13774""}"
2026-09-08,TPEX,5202,力新,0,0,0,0,0,0,0,0,0,"{""Date"":""1150908"",""SecuritiesCompanyCode"":""5202"",""CompanyName"":""力新"",""Foreign Investors include Mainland Area Investors (Foreign Dealers excluded)-Total Buy"":""1000"","" Foreign Investors include Mainland Area Investors (Foreign Dealers excluded)-Total Sell"":""3000"",""Foreign Investors include Mainland Area Investors (Foreign Dealers excluded)-Difference"":""-2000"",""Foreign Dealers-Total Buy"":""0"",""Foreign Dealers-TotalSell"":""0"",""ForeignDealers-Difference"":""0"",""ForeignInvestorsIncludeMainlandAreaInvestors-TotalBuy"":""1000"",""ForeignInvestorsIncludeMainlandAreaInvestors-TotalSell"":""3000"",""ForeignInvestorsInclude MainlandAreaInvestors-Difference"":""-2000"",""SecuritiesInvestmentTrustCompanies-TotalBuy"":""0"",""SecuritiesInvestmentTrustCompanies-TotalSell"":""0"",""SecuritiesInvestmentTrustCompanies-Difference"":""0"",""Dealers-TotalBuy"":""0"",""Dealers-TotalSell"":""0"",""Dealers-Difference"":""0"",""Dealers -TotalSell"":""0"",""TotalDifference"":""-2000""}"
2026-09-08,TPEX,5206,坤悅,0,0,0,0,0,0,0,0,0,"{""Date"":""1150908"",""SecuritiesCompanyCode"":""5206"",""CompanyName"":""坤悅"",""Foreign Investors include Mainland Area Investors (Foreign Dealers excluded)-Total Buy"":""12340"","" Foreign Investors include Mainland Area Investors (Foreign Dealers excluded)-Total Sell"":""22000"",""Foreign Investors include Mainland Area Investors (Foreign Dealers excluded)-Difference"":""-9660"",""Foreign Dealers-Total Buy"":""0"",""Foreign Dealers-TotalSell"":""0"",""ForeignDealers-Difference"":""0"",""ForeignInvestorsIncludeMainlandAreaInvestors-TotalBuy"":""12340"",""ForeignInvestorsIncludeMainlandAreaInvestors-TotalSell"":""22000"",""ForeignInvestorsInclude MainlandAreaInvestors-Difference"":""-9660"",""SecuritiesInvestmentTrustCompanies-TotalBuy"":""0"",""SecuritiesInvestmentTrustCompanies-TotalSell"":""0"",""SecuritiesInvestmentTrustCompanies-Difference"":""0"",""Dealers-TotalBuy"":""0"",""Dealers-TotalSell"":""0"",""Dealers-Difference"":""0"",""Dealers -TotalSell"":""0"",""TotalDifference"":""-9660""}"
2026-09-08,TPEX,5209,新鼎,0,0,0,0,0,0,1000,200,-15200,"{""Date"":""1150908"",""SecuritiesCompanyCode"":""5209"",""CompanyName"":""新鼎"",""Foreign Investors include Mainland Area Investors (Foreign Dealers excluded)-Total Buy"":""8000"","" Foreign Investors include Mainland Area Investors (Foreign Dealers excluded)-Total Sell"":""10210"",""Foreign Investors include Mainland Area Investors (Foreign Dealers excluded)-Difference"":""-2210"",""Foreign Dealers-Total Buy"":""0"",""Foreign Dealers-TotalSell"":""0"",""ForeignDealers-Difference"":""0"",""ForeignInvestorsIncludeMainlandAreaInvestors-TotalBuy"":""8000"",""ForeignInvestorsIncludeMainlandAreaInvestors-TotalSell"":""10210"",""ForeignInvestorsInclude MainlandAreaInvestors-Difference"":""-2210"",""SecuritiesInvestmentTrustCompanies-TotalBuy"":""0"",""SecuritiesInvestmentTrustCompanies-TotalSell"":""0"",""SecuritiesInvestmentTrustCompanies-Difference"":""0"",""Dealers-TotalBuy"":""1000"",""Dealers-TotalSell"":""16200"",""Dealers-Difference"":""-15200"",""Dealers -TotalSell"":""200"",""TotalDifference"":""-17410""}"
2026-09-08,TPEX,5210,寶碩,0,0,0,0,0,0,0,0,0,"{""Date"":""1150908"",""SecuritiesCompanyCode"":""5210"",""CompanyName"":""寶碩"",""Foreign Investors include Mainland Area Investors (Foreign Dealers excluded)-Total Buy"":""37000"","" Foreign Investors include Mainland Area Investors (Foreign Dealers excluded)-Total Sell"":""18000"",""Foreign Investors include Mainland Area Investors (Foreign Dealers excluded)-Difference"":""19000"",""Foreign Dealers-Total Buy"":""0"",""Foreign Dealers-TotalSell"":""0"",""ForeignDealers-Difference"":""0"",""ForeignInvestorsIncludeMainlandAreaInvestors-TotalBuy"":""37000"",""ForeignInvestorsIncludeMainlandAreaInvestors-TotalSell"":""18000"",""ForeignInvestorsInclude MainlandAreaInvestors-Difference"":""19000"",""SecuritiesInvestmentTrustCompanies-TotalBuy"":""0"",""SecuritiesInvestmentTrustCompanies-TotalSell"":""0"",""SecuritiesInvestmentTrustCompanies-Difference"":""0"",""Dealers-TotalBuy"":""0"",""Dealers-TotalSell"":""0"",""Dealers-Difference"":""0"",""Dealers -TotalSell"":""0"",""TotalDifference"":""19000""}"
2026-09-08,TPEX,5211,蒙恬,0,0,0,0,0,0,1000,597,403,"{""Date"":""1150908"",""SecuritiesCompanyCode"":""5211"",""CompanyName"":""蒙恬"",""Foreign Investors include Mainland Area Investors (Foreign Dealers excluded)-Total Buy"":""1000"","" Foreign Investors include Mainland Area Investors (Foreign Dealers excluded)-Total Sell"":""0"",""Foreign Investors include Mainland Area Investors (Foreign Dealers excluded)-Difference"":""1000"",""Foreign Dealers-Total Buy"":""0"",""Foreign Dealers-TotalSell"":""0"",""ForeignDealers-Difference"":""0"",""ForeignInvestorsIncludeMainlandAreaInvestors-TotalBuy"":""1000"",""ForeignInvestorsIncludeMainlandAreaInvestors-TotalSell"":""0"",""ForeignInvestorsInclude MainlandAreaInvestors-Difference"":""1000"",""SecuritiesInvestmentTrustCompanies-TotalBuy"":""0"",""SecuritiesInvestmentTrustCompanies-TotalSell"":""0"",""SecuritiesInvestmentTrustCompanies-Difference"":""0"",""Dealers-TotalBuy"":""1000"",""Dealers-TotalSell"":""597"",""Dealers-Difference"":""403"",""Dealers -TotalSell"":""597"",""TotalDifference"":""1403""}"
2026-09-08,TPEX,5212,凌網,0,0,0,0,0,0,0,0,0,"{""Date"":""1150908"",""SecuritiesCompanyCode"":""5212"",""CompanyName"":""凌網"",""Foreign Investors include Mainland Area Investors (Foreign Dealers excluded)-Total Buy"":""2000"","" Foreign Investors include Mainland Area Investors (Foreign Dealers excluded)-Total Sell"":""0"",""Foreign Investors include Mainland Area Investors (Foreign Dealers excluded)-Difference"":""2000"",""Foreign Dealers-Total Buy"":""0"",""Foreign Dealers-TotalSell"":""0"",""ForeignDealers-Difference"":""0"",""ForeignInvestorsIncludeMainlandAreaInvestors-TotalBuy"":""2000"",""ForeignInvestorsIncludeMainlandAreaInvestors-TotalSell"":""0"",""ForeignInvestorsInclude MainlandAreaInvestors-Difference"":""2000"",""SecuritiesInvestmentTrustCompanies-TotalBuy"":""0"",""SecuritiesInvestmentTrustCompanies-TotalSell"":""0"",""SecuritiesInvestmentTrustCompanies-Difference"":""0"",""Dealers-TotalBuy"":""0"",""Dealers-TotalSell"":""0"",""Dealers-Difference"":""0"",""Dealers -TotalSell"":""0"",""TotalDifference"":""2000""}"
2026-09-08,TPEX,5213,亞昕,0,0,0,0,0,0,0,148,-148,"{""Date"":""1150908"",""SecuritiesCompanyCode"":""5213"",""CompanyName"":""亞昕"",""Foreign Investors include Mainland Area Investors (Foreign Dealers excluded)-Total Buy"":""289000"","" Foreign Investors include Mainland Area Investors (Foreign Dealers excluded)-Total Sell"":""13000"",""Foreign Investors include Mainland Area Investors (Foreign Dealers excluded)-Difference"":""276000"",""Foreign Dealers-Total Buy"":""0"",""Foreign Dealers-TotalSell"":""0"",""ForeignDealers-Difference"":""0"",""ForeignInvestorsIncludeMainlandAreaInvestors-TotalBuy"":""289000"",""ForeignInvestorsIncludeMainlandAreaInvestors-TotalSell"":""13000"",""ForeignInvestorsInclude MainlandAreaInvestors-Difference"":""276000"",""SecuritiesInvestmentTrustCompanies-TotalBuy"":""0"",""SecuritiesInvestmentTrustCompanies-TotalSell"":""0"",""SecuritiesInvestmentTrustCompanies-Difference"":""0"",""Dealers-TotalBuy"":""0"",""Dealers-TotalSell"":""148"",""Dealers-Difference"":""-148"",""Dealers -TotalSell"":""148"",""TotalDifference"":""275852""}"
2026-09-08,TPEX,5220,萬達光電,0,0,0,0,0,0,0,20,-20,"{""Date"":""1150908"",""SecuritiesCompanyCode"":""5220"",""CompanyName"":""萬達光電"",""Foreign Investors include Mainland Area Investors (Foreign Dealers excluded)-Total Buy"":""1000"","" Foreign Investors include Mainland Area Investors (Foreign Dealers excluded)-Total Sell"":""7000"",""Foreign Investors include Mainland Area Investors (Foreign Dealers excluded)-Difference"":""-6000"",""Foreign Dealers-Total Buy"":""0"",""Foreign Dealers-TotalSell"":""0"",""ForeignDealers-Difference"":""0"",""ForeignInvestorsIncludeMainlandAreaInvestors-TotalBuy"":""1000"",""ForeignInvestorsIncludeMainlandAreaInvestors-TotalSell"":""7000"",""ForeignInvestorsInclude MainlandAreaInvestors-Difference"":""-6000"",""SecuritiesInvestmentTrustCompanies-TotalBuy"":""0"",""SecuritiesInvestmentTrustCompanies-TotalSell"":""0"",""SecuritiesInvestmentTrustCompanies-Difference"":""0"",""Dealers-TotalBuy"":""0"",""Dealers-TotalSell"":""20"",""Dealers-Difference"":""-20"",""Dealers -TotalSell"":""20"",""TotalDifference"":""-6020""}"
2026-09-08,TPEX,5223,安力-KY,0,0,0,0,0,0,0,0,0,"{""Date"":""1150908"",""SecuritiesCompanyCode"":""5223"",""CompanyName"":""安力-KY"",""Foreign Investors include Mainland Area Investors (Foreign Dealers excluded)-Total Buy"":""2000"","" Foreign Investors include Mainland Area Investors (Foreign Dealers excluded)-Total Sell"":""0"",""Foreign Investors include Mainland Area Investors (Foreign Dealers excluded)-Difference"":""2000"",""Foreign Dealers-Total Buy"":""0"",""Foreign Dealers-TotalSell"":""0"",""ForeignDealers-Difference"":""0"",""ForeignInvestorsIncludeMainlandAreaInvestors-TotalBuy"":""2000"",""ForeignInvestorsIncludeMainlandAreaInvestors-TotalSell"":""0"",""ForeignInvestorsInclude MainlandAreaInvestors-Difference"":""2000"",""SecuritiesInvestmentTrustCompanies-TotalBuy"":""0"",""SecuritiesInvestmentTrustCompanies-TotalSell"":""0"",""SecuritiesInvestmentTrustCompanies-Difference"":""0"",""Dealers-TotalBuy"":""0"",""Dealers-TotalSell"":""0"",""Dealers-Difference"":""0"",""Dealers -TotalSell"":""0"",""TotalDifference"":""2000""}"
2026-09-08,TPEX,5227,立凱-KY,0,0,0,0,0,0,2000,1884,116,"{""Date"":""1150908"",""SecuritiesCompanyCode"":""5227"",""CompanyName"":""立凱-KY"",""Foreign Investors include Mainland Area Investors (Foreign Dealers excluded)-Total Buy"":""59000"","" Foreign Investors include Mainland Area Investors (Foreign Dealers excluded)-Total Sell"":""64125"",""Foreign Investors include Mainland Area Investors (Foreign Dealers excluded)-Difference"":""-5125"",""Foreign Dealers-Total Buy"":""0"",""Foreign Dealers-TotalSell"":""0"",""ForeignDealers-Difference"":""0"",""ForeignInvestorsIncludeMainlandAreaInvestors-TotalBuy"":""59000"",""ForeignInvestorsIncludeMainlandAreaInvestors-TotalSell"":""64125"",""ForeignInvestorsInclude MainlandAreaInvestors-Difference"":""-5125"",""SecuritiesInvestmentTrustCompanies-TotalBuy"":""0"",""SecuritiesInvestmentTrustCompanies-TotalSell"":""0"",""SecuritiesInvestmentTrustCompanies-Difference"":""0"",""Dealers-TotalBuy"":""2000"",""Dealers-TotalSell"":""1884"",""Dealers-Difference"":""116"",""Dealers -TotalSell"":""1884"",""TotalDifference"":""-5009""}"
2026-09-08,TPEX,5228,鈺鎧,0,0,0,0,0,0,2,0,2,"{""Date"":""1150908"",""SecuritiesCompanyCode"":""5228"",""CompanyName"":""鈺鎧"",""Foreign Investors include Mainland Area Investors (Foreign Dealers excluded)-Total Buy"":""37798"","" Foreign Investors include Mainland Area Investors (Foreign Dealers excluded)-Total Sell"":""121000"",""Foreign Investors include Mainland Area Investors (Foreign Dealers excluded)-Difference"":""-83202"",""Foreign Dealers-Total Buy"":""0"",""Foreign Dealers-TotalSell"":""0"",""ForeignDealers-Difference"":""0"",""ForeignInvestorsIncludeMainlandAreaInvestors-TotalBuy"":""37798"",""ForeignInvestorsIncludeMainlandAreaInvestors-TotalSell"":""121000"",""ForeignInvestorsInclude MainlandAreaInvestors-Difference"":""-83202"",""SecuritiesInvestmentTrustCompanies-TotalBuy"":""0"",""SecuritiesInvestmentTrustCompanies-TotalSell"":""0"",""SecuritiesInvestmentTrustCompanies-Difference"":""0"",""Dealers-TotalBuy"":""2"",""Dealers-TotalSell"":""0"",""Dealers-Difference"":""2"",""Dealers -TotalSell"":""0"",""TotalDifference"":""-83200""}"
2026-09-08,TPEX,5230,雷笛克光學,0,0,0,0,0,0,5728,1080,4648,"{""Date"":""1150908"",""SecuritiesCompanyCode"":""5230"",""CompanyName"":""雷笛克光學"",""Foreign Investors include Mainland Area Investors (Foreign Dealers excluded)-Total Buy"":""227000"","" Foreign Investors include Mainland Area Investors (Foreign Dealers excluded)-Total Sell"":""455000"",""Foreign Investors include Mainland Area Investors (Foreign Dealers excluded)-Difference"":""-228000"",""Foreign Dealers-Total Buy"":""0"",""Foreign Dealers-TotalSell"":""0"",""ForeignDealers-Difference"":""0"",""ForeignInvestorsIncludeMainlandAreaInvestors-TotalBuy"":""227000"",""ForeignInvestorsIncludeMainlandAreaInvestors-TotalSell"":""455000"",""ForeignInvestorsInclude MainlandAreaInvestors-Difference"":""-228000"",""SecuritiesInvestmentTrustCompanies-TotalBuy"":""0"",""SecuritiesInvestmentTrustCompanies-TotalSell"":""0"",""SecuritiesInvestmentTrustCompanies-Difference"":""0"",""Dealers-TotalBuy"":""5728"",""Dealers-TotalSell"":""1080"",""Dealers-Difference"":""4648"",""Dealers -TotalSell"":""1080"",""TotalDifference"":""-223352""}"
2026-09-08,TPEX,5245,智晶,0,0,0,0,0,0,0,0,0,"{""Date"":""1150908"",""SecuritiesCompanyCode"":""5245"",""CompanyName"":""智晶"",""Foreign Investors include Mainland Area Investors (Foreign Dealers excluded)-Total Buy"":""5000"","" Foreign Investors include Mainland Area Investors (Foreign Dealers excluded)-Total Sell"":""1000"",""Foreign Investors include Mainland Area Investors (Foreign Dealers excluded)-Difference"":""4000"",""Foreign Dealers-Total Buy"":""0"",""Foreign Dealers-TotalSell"":""0"",""ForeignDealers-Difference"":""0"",""ForeignInvestorsIncludeMainlandAreaInvestors-TotalBuy"":""5000"",""ForeignInvestorsIncludeMainlandAreaInvestors-TotalSell"":""1000"",""ForeignInvestorsInclude MainlandAreaInvestors-Difference"":""4000"",""SecuritiesInvestmentTrustCompanies-TotalBuy"":""0"",""SecuritiesInvestmentTrustCompanies-TotalSell"":""0"",""SecuritiesInvestmentTrustCompanies-Difference"":""0"",""Dealers-TotalBuy"":""0"",""Dealers-TotalSell"":""0"",""Dealers-Difference"":""0"",""Dealers -TotalSell"":""0"",""TotalDifference"":""4000""}"
2026-09-08,TPEX,5251,天鉞電,0,0,0,0,0,0,4000,4051,-51,"{""Date"":""1150908"",""SecuritiesCompanyCode"":""5251"",""CompanyName"":""天鉞電"",""Foreign Investors include Mainland Area Investors (Foreign Dealers excluded)-Total Buy"":""11000"","" Foreign Investors include Mainland Area Investors (Foreign Dealers excluded)-Total Sell"":""6000"",""Foreign Investors include Mainland Area Investors (Foreign Dealers excluded)-Difference"":""5000"",""Foreign Dealers-Total Buy"":""0"",""Foreign Dealers-TotalSell"":""0"",""ForeignDealers-Difference"":""0"",""ForeignInvestorsIncludeMainlandAreaInvestors-TotalBuy"":""11000"",""ForeignInvestorsIncludeMainlandAreaInvestors-TotalSell"":""6000"",""ForeignInvestorsInclude MainlandAreaInvestors-Difference"":""5000"",""SecuritiesInvestmentTrustCompanies-TotalBuy"":""0"",""SecuritiesInvestmentTrustCompanies-TotalSell"":""0"",""SecuritiesInvestmentTrustCompanies-Difference"":""0"",""Dealers-TotalBuy"":""4000"",""Dealers-TotalSell"":""4051"",""Dealers-Difference"":""-51"",""Dealers -TotalSell"":""4051"",""TotalDifference"":""4949""}"
2026-09-08,TPEX,5263,智崴,0,0,0,0,0,0,5210,1000,4210,"{""Date"":""1150908"",""SecuritiesCompanyCode"":""5263"",""CompanyName"":""智崴"",""Foreign Investors include Mainland Area Investors (Foreign Dealers excluded)-Total Buy"":""46201"","" Foreign Investors include Mainland Area Investors (Foreign Dealers excluded)-Total Sell"":""20162"",""Foreign Investors include Mainland Area Investors (Foreign Dealers excluded)-Difference"":""26039"",""Foreign Dealers-Total Buy"":""0"",""Foreign Dealers-TotalSell"":""0"",""ForeignDealers-Difference"":""0"",""ForeignInvestorsIncludeMainlandAreaInvestors-TotalBuy"":""46201"",""ForeignInvestorsIncludeMainlandAreaInvestors-TotalSell"":""20162"",""ForeignInvestorsInclude MainlandAreaInvestors-Difference"":""26039"",""SecuritiesInvestmentTrustCompanies-TotalBuy"":""0"",""SecuritiesInvestmentTrustCompanies-TotalSell"":""0"",""SecuritiesInvestmentTrustCompanies-Difference"":""0"",""Dealers-TotalBuy"":""5210"",""Dealers-TotalSell"":""1000"",""Dealers-Difference"":""4210"",""Dealers -TotalSell"":""1000"",""TotalDifference"":""30249""}"
2026-09-08,TPEX,5272,笙科,0,0,0,0,0,0,0,95,-95,"{""Date"":""1150908"",""SecuritiesCompanyCode"":""5272"",""CompanyName"":""笙科"",""Foreign Investors include Mainland Area Investors (Foreign Dealers excluded)-Total Buy"":""19000"","" Foreign Investors include Mainland Area Investors (Foreign Dealers excluded)-Total Sell"":""10000"",""Foreign Investors include Mainland Area Investors (Foreign Dealers excluded)-Difference"":""9000"",""Foreign Dealers-Total Buy"":""0"",""Foreign Dealers-TotalSell"":""0"",""ForeignDealers-Difference"":""0"",""ForeignInvestorsIncludeMainlandAreaInvestors-TotalBuy"":""19000"",""ForeignInvestorsIncludeMainlandAreaInvestors-TotalSell"":""10000"",""ForeignInvestorsInclude MainlandAreaInvestors-Difference"":""9000"",""SecuritiesInvestmentTrustCompanies-TotalBuy"":""0"",""SecuritiesInvestmentTrustCompanies-TotalSell"":""0"",""SecuritiesInvestmentTrustCompanies-Difference"":""0"",""Dealers-TotalBuy"":""0"",""Dealers-TotalSell"":""95"",""Dealers-Difference"":""-95"",""Dealers -TotalSell"":""95"",""TotalDifference"":""8905""}"
2026-09-08,TPEX,5274,信驊,0,0,0,19000,38011,-19011,12089,14399,-2310,"{""Date"":""1150908"",""SecuritiesCompanyCode"":""5274"",""CompanyName"":""信驊"",""Foreign Investors include Mainland Area Investors (Foreign Dealers excluded)-Total Buy"":""264066"","" Foreign Investors include Mainland Area Investors (Foreign Dealers excluded)-Total Sell"":""236017"",""Foreign Investors include Mainland Area Investors (Foreign Dealers excluded)-Difference"":""28049"",""Foreign Dealers-Total Buy"":""0"",""Foreign Dealers-TotalSell"":""0"",""ForeignDealers-Difference"":""0"",""ForeignInvestorsIncludeMainlandAreaInvestors-TotalBuy"":""264066"",""ForeignInvestorsIncludeMainlandAreaInvestors-TotalSell"":""236017"",""ForeignInvestorsInclude MainlandAreaInvestors-Difference"":""28049"",""SecuritiesInvestmentTrustCompanies-TotalBuy"":""19000"",""SecuritiesInvestmentTrustCompanies-TotalSell"":""38011"",""SecuritiesInvestmentTrustCompanies-Difference"":""-19011"",""Dealers-TotalBuy"":""12089"",""Dealers-TotalSell"":""14399"",""Dealers-Difference"":""-2310"",""Dealers -TotalSell"":""14335"",""TotalDifference"":""6728""}"
2026-09-08,TPEX,5278,尚凡*,0,0,0,0,0,0,100,0,100,"{""Date"":""1150908"",""SecuritiesCompanyCode"":""5278"",""CompanyName"":""尚凡*"",""Foreign Investors include Mainland Area Investors (Foreign Dealers excluded)-Total Buy"":""24000"","" Foreign Investors include Mainland Area Investors (Foreign Dealers excluded)-Total Sell"":""0"",""Foreign Investors include Mainland Area Investors (Foreign Dealers excluded)-Difference"":""24000"",""Foreign Dealers-Total Buy"":""0"",""Foreign Dealers-TotalSell"":""0"",""ForeignDealers-Difference"":""0"",""ForeignInvestorsIncludeMainlandAreaInvestors-TotalBuy"":""24000"",""ForeignInvestorsIncludeMainlandAreaInvestors-TotalSell"":""0"",""ForeignInvestorsInclude MainlandAreaInvestors-Difference"":""24000"",""SecuritiesInvestmentTrustCompanies-TotalBuy"":""0"",""SecuritiesInvestmentTrustCompanies-TotalSell"":""0"",""SecuritiesInvestmentTrustCompanies-Difference"":""0"",""Dealers-TotalBuy"":""100"",""Dealers-TotalSell"":""0"",""Dealers-Difference"":""100"",""Dealers -TotalSell"":""0"",""TotalDifference"":""24100""}"
2026-09-08,TPEX,5287,數字,0,0,0,0,0,0,1000,1066,-66,"{""Date"":""1150908"",""SecuritiesCompanyCode"":""5287"",""CompanyName"":""數字"",""Foreign Investors include Mainland Area Investors (Foreign Dealers excluded)-Total Buy"":""2000"","" Foreign Investors include Mainland Area Investors (Foreign Dealers excluded)-Total Sell"":""36000"",""Foreign Investors include Mainland Area Investors (Foreign Dealers excluded)-Difference"":""-34000"",""Foreign Dealers-Total Buy"":""0"",""Foreign Dealers-TotalSell"":""0"",""ForeignDealers-Difference"":""0"",""ForeignInvestorsIncludeMainlandAreaInvestors-TotalBuy"":""2000"",""ForeignInvestorsIncludeMainlandAreaInvestors-TotalSell"":""36000"",""ForeignInvestorsInclude MainlandAreaInvestors-Difference"":""-34000"",""SecuritiesInvestmentTrustCompanies-TotalBuy"":""0"",""SecuritiesInvestmentTrustCompanies-TotalSell"":""0"",""SecuritiesInvestmentTrustCompanies-Difference"":""0"",""Dealers-TotalBuy"":""1000"",""Dealers-TotalSell"":""1066"",""Dealers-Difference"":""-66"",""Dealers -TotalSell"":""1066"",""TotalDifference"":""-34066""}"
2026-09-08,TPEX,5289,宜鼎,0,0,0,0,0,0,182173,204650,-22477,"{""Date"":""1150908"",""SecuritiesCompanyCode"":""5289"",""CompanyName"":""宜鼎"",""Foreign Investors include Mainland Area Investors (Foreign Dealers excluded)-Total Buy"":""347479"","" Foreign Investors include Mainland Area Investors (Foreign Dealers excluded)-Total Sell"":""933788"",""Foreign Investors include Mainland Area Investors (Foreign Dealers excluded)-Difference"":""-586309"",""Foreign Dealers-Total Buy"":""0"",""Foreign Dealers-TotalSell"":""0"",""ForeignDealers-Difference"":""0"",""ForeignInvestorsIncludeMainlandAreaInvestors-TotalBuy"":""347479"",""ForeignInvestorsIncludeMainlandAreaInvestors-TotalSell"":""933788"",""ForeignInvestorsInclude MainlandAreaInvestors-Difference"":""-586309"",""SecuritiesInvestmentTrustCompanies-TotalBuy"":""0"",""SecuritiesInvestmentTrustCompanies-TotalSell"":""0"",""SecuritiesInvestmentTrustCompanies-Difference"":""0"",""Dealers-TotalBuy"":""182173"",""Dealers-TotalSell"":""204650"",""Dealers-Difference"":""-22477"",""Dealers -TotalSell"":""152645"",""TotalDifference"":""-608786""}"
2026-09-08,TPEX,5291,邑昇,0,0,0,0,0,0,369,2048,-1679,"{""Date"":""1150908"",""SecuritiesCompanyCode"":""5291"",""CompanyName"":""邑昇"",""Foreign Investors include Mainland Area Investors (Foreign Dealers excluded)-Total Buy"":""100054"","" Foreign Investors include Mainland Area Investors (Foreign Dealers excluded)-Total Sell"":""156000"",""Foreign Investors include Mainland Area Investors (Foreign Dealers excluded)-Difference"":""-55946"",""Foreign Dealers-Total Buy"":""0"",""Foreign Dealers-TotalSell"":""0"",""ForeignDealers-Difference"":""0"",""ForeignInvestorsIncludeMainlandAreaInvestors-TotalBuy"":""100054"",""ForeignInvestorsIncludeMainlandAreaInvestors-TotalSell"":""156000"",""ForeignInvestorsInclude MainlandAreaInvestors-Difference"":""-55946"",""SecuritiesInvestmentTrustCompanies-TotalBuy"":""0"",""SecuritiesInvestmentTrustCompanies-TotalSell"":""0"",""SecuritiesInvestmentTrustCompanies-Difference"":""0"",""Dealers-TotalBuy"":""369"",""Dealers-TotalSell"":""2048"",""Dealers-Difference"":""-1679"",""Dealers -TotalSell"":""2048"",""TotalDifference"":""-57625""}"
2026-09-08,TPEX,5299,杰力,0,0,0,0,0,0,1024,6733,-5709,"{""Date"":""1150908"",""SecuritiesCompanyCode"":""5299"",""CompanyName"":""杰力"",""Foreign Investors include Mainland Area Investors (Foreign Dealers excluded)-Total Buy"":""16000"","" Foreign Investors include Mainland Area Investors (Foreign Dealers excluded)-Total Sell"":""184083"",""Foreign Investors include Mainland Area Investors (Foreign Dealers excluded)-Difference"":""-168083"",""Foreign Dealers-Total Buy"":""0"",""Foreign Dealers-TotalSell"":""0"",""ForeignDealers-Difference"":""0"",""ForeignInvestorsIncludeMainlandAreaInvestors-TotalBuy"":""16000"",""ForeignInvestorsIncludeMainlandAreaInvestors-TotalSell"":""184083"",""ForeignInvestorsInclude MainlandAreaInvestors-Difference"":""-168083"",""SecuritiesInvestmentTrustCompanies-TotalBuy"":""0"",""SecuritiesInvestmentTrustCompanies-TotalSell"":""0"",""SecuritiesInvestmentTrustCompanies-Difference"":""0"",""Dealers-TotalBuy"":""1024"",""Dealers-TotalSell"":""6733"",""Dealers-Difference"":""-5709"",""Dealers -TotalSell"":""6733"",""TotalDifference"":""-173792""}"
2026-09-08,TPEX,5302,太欣,0,0,0,0,0,0,0,0,0,"{""Date"":""1150908"",""SecuritiesCompanyCode"":""5302"",""CompanyName"":""太欣"",""Foreign Investors include Mainland Area Investors (Foreign Dealers excluded)-Total Buy"":""0"","" Foreign Investors include Mainland Area Investors (Foreign Dealers excluded)-Total Sell"":""66000"",""Foreign Investors include Mainland Area Investors (Foreign Dealers excluded)-Difference"":""-66000"",""Foreign Dealers-Total Buy"":""0"",""Foreign Dealers-TotalSell"":""0"",""ForeignDealers-Difference"":""0"",""ForeignInvestorsIncludeMainlandAreaInvestors-TotalBuy"":""0"",""ForeignInvestorsIncludeMainlandAreaInvestors-TotalSell"":""66000"",""ForeignInvestorsInclude MainlandAreaInvestors-Difference"":""-66000"",""SecuritiesInvestmentTrustCompanies-TotalBuy"":""0"",""SecuritiesInvestmentTrustCompanies-TotalSell"":""0"",""SecuritiesInvestmentTrustCompanies-Difference"":""0"",""Dealers-TotalBuy"":""0"",""Dealers-TotalSell"":""0"",""Dealers-Difference"":""0"",""Dealers -TotalSell"":""0"",""TotalDifference"":""-66000""}"
2026-09-08,TPEX,5309,系統電,0,0,0,4000,0,4000,10351,33596,-23245,"{""Date"":""1150908"",""SecuritiesCompanyCode"":""5309"",""CompanyName"":""系統電"",""Foreign Investors include Mainland Area Investors (Foreign Dealers excluded)-Total Buy"":""169050"","" Foreign Investors include Mainland Area Investors (Foreign Dealers excluded)-Total Sell"":""828000"",""Foreign Investors include Mainland Area Investors (Foreign Dealers excluded)-Difference"":""-658950"",""Foreign Dealers-Total Buy"":""0"",""Foreign Dealers-TotalSell"":""0"",""ForeignDealers-Difference"":""0"",""ForeignInvestorsIncludeMainlandAreaInvestors-TotalBuy"":""169050"",""ForeignInvestorsIncludeMainlandAreaInvestors-TotalSell"":""828000"",""ForeignInvestorsInclude MainlandAreaInvestors-Difference"":""-658950"",""SecuritiesInvestmentTrustCompanies-TotalBuy"":""4000"",""SecuritiesInvestmentTrustCompanies-TotalSell"":""0"",""SecuritiesInvestmentTrustCompanies-Difference"":""4000"",""Dealers-TotalBuy"":""10351"",""Dealers-TotalSell"":""33596"",""Dealers-Difference"":""-23245"",""Dealers -TotalSell"":""33596"",""TotalDifference"":""-678195""}"
2026-09-08,TPEX,5312,寶島科,0,0,0,0,0,0,0,0,0,"{""Date"":""1150908"",""SecuritiesCompanyCode"":""5312"",""CompanyName"":""寶島科"",""Foreign Investors include Mainland Area Investors (Foreign Dealers excluded)-Total Buy"":""8000"","" Foreign Investors include Mainland Area Investors (Foreign Dealers excluded)-Total Sell"":""4000"",""Foreign Investors include Mainland Area Investors (Foreign Dealers excluded)-Difference"":""4000"",""Foreign Dealers-Total Buy"":""0"",""Foreign Dealers-TotalSell"":""0"",""ForeignDealers-Difference"":""0"",""ForeignInvestorsIncludeMainlandAreaInvestors-TotalBuy"":""8000"",""ForeignInvestorsIncludeMainlandAreaInvestors-TotalSell"":""4000"",""ForeignInvestorsInclude MainlandAreaInvestors-Difference"":""4000"",""SecuritiesInvestmentTrustCompanies-TotalBuy"":""0"",""SecuritiesInvestmentTrustCompanies-TotalSell"":""0"",""SecuritiesInvestmentTrustCompanies-Difference"":""0"",""Dealers-TotalBuy"":""0"",""Dealers-TotalSell"":""0"",""Dealers-Difference"":""0"",""Dealers -TotalSell"":""0"",""TotalDifference"":""4000""}"
2026-09-08,TPEX,5314,世紀*,0,0,0,0,42000,-42000,90956,233000,-142044,"{""Date"":""1150908"",""SecuritiesCompanyCode"":""5314"",""CompanyName"":""世紀*"",""Foreign Investors include Mainland Area Investors (Foreign Dealers excluded)-Total Buy"":""2260000"","" Foreign Investors include Mainland Area Investors (Foreign Dealers excluded)-Total Sell"":""1377225"",""Foreign Investors include Mainland Area Investors (Foreign Dealers excluded)-Difference"":""882775"",""Foreign Dealers-Total Buy"":""0"",""Foreign Dealers-TotalSell"":""0"",""ForeignDealers-Difference"":""0"",""ForeignInvestorsIncludeMainlandAreaInvestors-TotalBuy"":""2260000"",""ForeignInvestorsIncludeMainlandAreaInvestors-TotalSell"":""1377225"",""ForeignInvestorsInclude MainlandAreaInvestors-Difference"":""882775"",""SecuritiesInvestmentTrustCompanies-TotalBuy"":""0"",""SecuritiesInvestmentTrustCompanies-TotalSell"":""42000"",""SecuritiesInvestmentTrustCompanies-Difference"":""-42000"",""Dealers-TotalBuy"":""90956"",""Dealers-TotalSell"":""233000"",""Dealers-Difference"":""-142044"",""Dealers -TotalSell"":""233000"",""TotalDifference"":""698731""}"
2026-09-08,TPEX,5315,光聯,0,0,0,0,0,0,0,0,0,"{""Date"":""1150908"",""SecuritiesCompanyCode"":""5315"",""CompanyName"":""光聯"",""Foreign Investors include Mainland Area Investors (Foreign Dealers excluded)-Total Buy"":""7000"","" Foreign Investors include Mainland Area Investors (Foreign Dealers excluded)-Total Sell"":""101000"",""Foreign Investors include Mainland Area Investors (Foreign Dealers excluded)-Difference"":""-94000"",""Foreign Dealers-Total Buy"":""0"",""Foreign Dealers-TotalSell"":""0"",""ForeignDealers-Difference"":""0"",""ForeignInvestorsIncludeMainlandAreaInvestors-TotalBuy"":""7000"",""ForeignInvestorsIncludeMainlandAreaInvestors-TotalSell"":""101000"",""ForeignInvestorsInclude MainlandAreaInvestors-Difference"":""-94000"",""SecuritiesInvestmentTrustCompanies-TotalBuy"":""0"",""SecuritiesInvestmentTrustCompanies-TotalSell"":""0"",""SecuritiesInvestmentTrustCompanies-Difference"":""0"",""Dealers-TotalBuy"":""0"",""Dealers-TotalSell"":""0"",""Dealers-Difference"":""0"",""Dealers -TotalSell"":""0"",""TotalDifference"":""-94000""}"
2026-09-08,TPEX,5321,美而快,0,0,0,0,0,0,0,0,0,"{""Date"":""1150908"",""SecuritiesCompanyCode"":""5321"",""CompanyName"":""美而快"",""Foreign Investors include Mainland Area Investors (Foreign Dealers excluded)-Total Buy"":""74000"","" Foreign Investors include Mainland Area Investors (Foreign Dealers excluded)-Total Sell"":""120000"",""Foreign Investors include Mainland Area Investors (Foreign Dealers excluded)-Difference"":""-46000"",""Foreign Dealers-Total Buy"":""0"",""Foreign Dealers-TotalSell"":""0"",""ForeignDealers-Difference"":""0"",""ForeignInvestorsIncludeMainlandAreaInvestors-TotalBuy"":""74000"",""ForeignInvestorsIncludeMainlandAreaInvestors-TotalSell"":""120000"",""ForeignInvestorsInclude MainlandAreaInvestors-Difference"":""-46000"",""SecuritiesInvestmentTrustCompanies-TotalBuy"":""0"",""SecuritiesInvestmentTrustCompanies-TotalSell"":""0"",""SecuritiesInvestmentTrustCompanies-Difference"":""0"",""Dealers-TotalBuy"":""0"",""Dealers-TotalSell"":""0"",""Dealers-Difference"":""0"",""Dealers -TotalSell"":""0"",""TotalDifference"":""-46000""}"
2026-09-08,TPEX,5324,士開,0,0,0,0,0,0,0,0,0,"{""Date"":""1150908"",""SecuritiesCompanyCode"":""5324"",""CompanyName"":""士開"",""Foreign Investors include Mainland Area Investors (Foreign Dealers excluded)-Total Buy"":""16000"","" Foreign Investors include Mainland Area Investors (Foreign Dealers excluded)-Total Sell"":""39000"",""Foreign Investors include Mainland Area Investors (Foreign Dealers excluded)-Difference"":""-23000"",""Foreign Dealers-Total Buy"":""0"",""Foreign Dealers-TotalSell"":""0"",""ForeignDealers-Difference"":""0"",""ForeignInvestorsIncludeMainlandAreaInvestors-TotalBuy"":""16000"",""ForeignInvestorsIncludeMainlandAreaInvestors-TotalSell"":""39000"",""ForeignInvestorsInclude MainlandAreaInvestors-Difference"":""-23000"",""SecuritiesInvestmentTrustCompanies-TotalBuy"":""0"",""SecuritiesInvestmentTrustCompanies-TotalSell"":""0"",""SecuritiesInvestmentTrustCompanies-Difference"":""0"",""Dealers-TotalBuy"":""0"",""Dealers-TotalSell"":""0"",""Dealers-Difference"":""0"",""Dealers -TotalSell"":""0"",""TotalDifference"":""-23000""}"
2026-09-08,TPEX,5328,華容,0,0,0,0,0,0,21000,23727,-2727,"{""Date"":""1150908"",""SecuritiesCompanyCode"":""5328"",""CompanyName"":""華容"",""Foreign Investors include Mainland Area Investors (Foreign Dealers excluded)-Total Buy"":""289500"","" Foreign Investors include Mainland Area Investors (Foreign Dealers excluded)-Total Sell"":""319000"",""Foreign Investors include Mainland Area Investors (Foreign Dealers excluded)-Difference"":""-29500"",""Foreign Dealers-Total Buy"":""0"",""Foreign Dealers-TotalSell"":""0"",""ForeignDealers-Difference"":""0"",""ForeignInvestorsIncludeMainlandAreaInvestors-TotalBuy"":""289500"",""ForeignInvestorsIncludeMainlandAreaInvestors-TotalSell"":""319000"",""ForeignInvestorsInclude MainlandAreaInvestors-Difference"":""-29500"",""SecuritiesInvestmentTrustCompanies-TotalBuy"":""0"",""SecuritiesInvestmentTrustCompanies-TotalSell"":""0"",""SecuritiesInvestmentTrustCompanies-Difference"":""0"",""Dealers-TotalBuy"":""21000"",""Dealers-TotalSell"":""23727"",""Dealers-Difference"":""-2727"",""Dealers -TotalSell"":""23727"",""TotalDifference"":""-32227""}"
2026-09-08,TPEX,5340,建榮,0,0,0,0,0,0,29766,21724,8042,"{""Date"":""1150908"",""SecuritiesCompanyCode"":""5340"",""CompanyName"":""建榮"",""Foreign Investors include Mainland Area Investors (Foreign Dealers excluded)-Total Buy"":""1130374"","" Foreign Investors include Mainland Area Investors (Foreign Dealers excluded)-Total Sell"":""823000"",""Foreign Investors include Mainland Area Investors (Foreign Dealers excluded)-Difference"":""307374"",""Foreign Dealers-Total Buy"":""0"",""Foreign Dealers-TotalSell"":""0"",""ForeignDealers-Difference"":""0"",""ForeignInvestorsIncludeMainlandAreaInvestors-TotalBuy"":""1130374"",""ForeignInvestorsIncludeMainlandAreaInvestors-TotalSell"":""823000"",""ForeignInvestorsInclude MainlandAreaInvestors-Difference"":""307374"",""SecuritiesInvestmentTrustCompanies-TotalBuy"":""0"",""SecuritiesInvestmentTrustCompanies-TotalSell"":""0"",""SecuritiesInvestmentTrustCompanies-Difference"":""0"",""Dealers-TotalBuy"":""29766"",""Dealers-TotalSell"":""21724"",""Dealers-Difference"":""8042"",""Dealers -TotalSell"":""21724"",""TotalDifference"":""315416""}"
2026-09-08,TPEX,5344,立衛,0,0,0,0,0,0,0,50,-50,"{""Date"":""1150908"",""SecuritiesCompanyCode"":""5344"",""CompanyName"":""立衛"",""Foreign Investors include Mainland Area Investors (Foreign Dealers excluded)-Total Buy"":""4000"","" Foreign Investors include Mainland Area Investors (Foreign Dealers excluded)-Total Sell"":""4000"",""Foreign Investors include Mainland Area Investors (Foreign Dealers excluded)-Difference"":""0"",""Foreign Dealers-Total Buy"":""0"",""Foreign Dealers-TotalSell"":""0"",""ForeignDealers-Difference"":""0"",""ForeignInvestorsIncludeMainlandAreaInvestors-TotalBuy"":""4000"",""ForeignInvestorsIncludeMainlandAreaInvestors-TotalSell"":""4000"",""ForeignInvestorsInclude MainlandAreaInvestors-Difference"":""0"",""SecuritiesInvestmentTrustCompanies-TotalBuy"":""0"",""SecuritiesInvestmentTrustCompanies-TotalSell"":""0"",""SecuritiesInvestmentTrustCompanies-Difference"":""0"",""Dealers-TotalBuy"":""0"",""Dealers-TotalSell"":""50"",""Dealers-Difference"":""-50"",""Dealers -TotalSell"":""50"",""TotalDifference"":""-50""}"
2026-09-08,TPEX,5345,馥鴻,0,0,0,0,0,0,485,0,485,"{""Date"":""1150908"",""SecuritiesCompanyCode"":""5345"",""CompanyName"":""馥鴻"",""Foreign Investors include Mainland Area Investors (Foreign Dealers excluded)-Total Buy"":""0"","" Foreign Investors include Mainland Area Investors (Foreign Dealers excluded)-Total Sell"":""0"",""Foreign Investors include Mainland Area Investors (Foreign Dealers excluded)-Difference"":""0"",""Foreign Dealers-Total Buy"":""0"",""Foreign Dealers-TotalSell"":""0"",""ForeignDealers-Difference"":""0"",""ForeignInvestorsIncludeMainlandAreaInvestors-TotalBuy"":""0"",""ForeignInvestorsIncludeMainlandAreaInvestors-TotalSell"":""0"",""ForeignInvestorsInclude MainlandAreaInvestors-Difference"":""0"",""SecuritiesInvestmentTrustCompanies-TotalBuy"":""0"",""SecuritiesInvestmentTrustCompanies-TotalSell"":""0"",""SecuritiesInvestmentTrustCompanies-Difference"":""0"",""Dealers-TotalBuy"":""485"",""Dealers-TotalSell"":""0"",""Dealers-Difference"":""485"",""Dealers -TotalSell"":""0"",""TotalDifference"":""485""}"
2026-09-08,TPEX,5347,世界,0,0,0,2339000,46564,2292436,24567,272316,-247749,"{""Date"":""1150908"",""SecuritiesCompanyCode"":""5347"",""CompanyName"":""世界"",""Foreign Investors include Mainland Area Investors (Foreign Dealers excluded)-Total Buy"":""5797759"","" Foreign Investors include Mainland Area Investors (Foreign Dealers excluded)-Total Sell"":""8782200"",""Foreign Investors include Mainland Area Investors (Foreign Dealers excluded)-Difference"":""-2984441"",""Foreign Dealers-Total Buy"":""0"",""Foreign Dealers-TotalSell"":""0"",""ForeignDealers-Difference"":""0"",""ForeignInvestorsIncludeMainlandAreaInvestors-TotalBuy"":""5797759"",""ForeignInvestorsIncludeMainlandAreaInvestors-TotalSell"":""8782200"",""ForeignInvestorsInclude MainlandAreaInvestors-Difference"":""-2984441"",""SecuritiesInvestmentTrustCompanies-TotalBuy"":""2339000"",""SecuritiesInvestmentTrustCompanies-TotalSell"":""46564"",""SecuritiesInvestmentTrustCompanies-Difference"":""2292436"",""Dealers-TotalBuy"":""24567"",""Dealers-TotalSell"":""272316"",""Dealers-Difference"":""-247749"",""Dealers -TotalSell"":""206316"",""TotalDifference"":""-939754""}"
2026-09-08,TPEX,5351,鈺創,0,0,0,0,40000,-40000,165530,165730,-200,"{""Date"":""1150908"",""SecuritiesCompanyCode"":""5351"",""CompanyName"":""鈺創"",""Foreign Investors include Mainland Area Investors (Foreign Dealers excluded)-Total Buy"":""6104394"","" Foreign Investors include Mainland Area Investors (Foreign Dealers excluded)-Total Sell"":""13134200"",""Foreign Investors include Mainland Area Investors (Foreign Dealers excluded)-Difference"":""-7029806"",""Foreign Dealers-Total Buy"":""0"",""Foreign Dealers-TotalSell"":""0"",""ForeignDealers-Difference"":""0"",""ForeignInvestorsIncludeMainlandAreaInvestors-TotalBuy"":""6104394"",""ForeignInvestorsIncludeMainlandAreaInvestors-TotalSell"":""13134200"",""ForeignInvestorsInclude MainlandAreaInvestors-Difference"":""-7029806"",""SecuritiesInvestmentTrustCompanies-TotalBuy"":""0"",""SecuritiesInvestmentTrustCompanies-TotalSell"":""40000"",""SecuritiesInvestmentTrustCompanies-Difference"":""-40000"",""Dealers-TotalBuy"":""165530"",""Dealers-TotalSell"":""165730"",""Dealers-Difference"":""-200"",""Dealers -TotalSell"":""165730"",""TotalDifference"":""-7070006""}"
2026-09-08,TPEX,5353,台林,0,0,0,0,0,0,0,0,0,"{""Date"":""1150908"",""SecuritiesCompanyCode"":""5353"",""CompanyName"":""台林"",""Foreign Investors include Mainland Area Investors (Foreign Dealers excluded)-Total Buy"":""1000"","" Foreign Investors include Mainland Area Investors (Foreign Dealers excluded)-Total Sell"":""8000"",""Foreign Investors include Mainland Area Investors (Foreign Dealers excluded)-Difference"":""-7000"",""Foreign Dealers-Total Buy"":""0"",""Foreign Dealers-TotalSell"":""0"",""ForeignDealers-Difference"":""0"",""ForeignInvestorsIncludeMainlandAreaInvestors-TotalBuy"":""1000"",""ForeignInvestorsIncludeMainlandAreaInvestors-TotalSell"":""8000"",""ForeignInvestorsInclude MainlandAreaInvestors-Difference"":""-7000"",""SecuritiesInvestmentTrustCompanies-TotalBuy"":""0"",""SecuritiesInvestmentTrustCompanies-TotalSell"":""0"",""SecuritiesInvestmentTrustCompanies-Difference"":""0"",""Dealers-TotalBuy"":""0"",""Dealers-TotalSell"":""0"",""Dealers-Difference"":""0"",""Dealers -TotalSell"":""0"",""TotalDifference"":""-7000""}"
2026-09-08,TPEX,5355,佳總,0,0,0,0,0,0,0,0,0,"{""Date"":""1150908"",""SecuritiesCompanyCode"":""5355"",""CompanyName"":""佳總"",""Foreign Investors include Mainland Area Investors (Foreign Dealers excluded)-Total Buy"":""0"","" Foreign Investors include Mainland Area Investors (Foreign Dealers excluded)-Total Sell"":""14000"",""Foreign Investors include Mainland Area Investors (Foreign Dealers excluded)-Difference"":""-14000"",""Foreign Dealers-Total Buy"":""0"",""Foreign Dealers-TotalSell"":""0"",""ForeignDealers-Difference"":""0"",""ForeignInvestorsIncludeMainlandAreaInvestors-TotalBuy"":""0"",""ForeignInvestorsIncludeMainlandAreaInvestors-TotalSell"":""14000"",""ForeignInvestorsInclude MainlandAreaInvestors-Difference"":""-14000"",""SecuritiesInvestmentTrustCompanies-TotalBuy"":""0"",""SecuritiesInvestmentTrustCompanies-TotalSell"":""0"",""SecuritiesInvestmentTrustCompanies-Difference"":""0"",""Dealers-TotalBuy"":""0"",""Dealers-TotalSell"":""0"",""Dealers-Difference"":""0"",""Dealers -TotalSell"":""0"",""TotalDifference"":""-14000""}"
2026-09-08,TPEX,5356,協益,0,0,0,0,0,0,597,1000,-403,"{""Date"":""1150908"",""SecuritiesCompanyCode"":""5356"",""CompanyName"":""協益"",""Foreign Investors include Mainland Area Investors (Foreign Dealers excluded)-Total Buy"":""23000"","" Foreign Investors include Mainland Area Investors (Foreign Dealers excluded)-Total Sell"":""14000"",""Foreign Investors include Mainland Area Investors (Foreign Dealers excluded)-Difference"":""9000"",""Foreign Dealers-Total Buy"":""0"",""Foreign Dealers-TotalSell"":""0"",""ForeignDealers-Difference"":""0"",""ForeignInvestorsIncludeMainlandAreaInvestors-TotalBuy"":""23000"",""ForeignInvestorsIncludeMainlandAreaInvestors-TotalSell"":""14000"",""ForeignInvestorsInclude MainlandAreaInvestors-Difference"":""9000"",""SecuritiesInvestmentTrustCompanies-TotalBuy"":""0"",""SecuritiesInvestmentTrustCompanies-TotalSell"":""0"",""SecuritiesInvestmentTrustCompanies-Difference"":""0"",""Dealers-TotalBuy"":""597"",""Dealers-TotalSell"":""1000"",""Dealers-Difference"":""-403"",""Dealers -TotalSell"":""1000"",""TotalDifference"":""8597""}"
2026-09-08,TPEX,5364,力麗店,0,0,0,0,0,0,0,0,0,"{""Date"":""1150908"",""SecuritiesCompanyCode"":""5364"",""CompanyName"":""力麗店"",""Foreign Investors include Mainland Area Investors (Foreign Dealers excluded)-Total Buy"":""0"","" Foreign Investors include Mainland Area Investors (Foreign Dealers excluded)-Total Sell"":""2000"",""Foreign Investors include Mainland Area Investors (Foreign Dealers excluded)-Difference"":""-2000"",""Foreign Dealers-Total Buy"":""0"",""Foreign Dealers-TotalSell"":""0"",""ForeignDealers-Difference"":""0"",""ForeignInvestorsIncludeMainlandAreaInvestors-TotalBuy"":""0"",""ForeignInvestorsIncludeMainlandAreaInvestors-TotalSell"":""2000"",""ForeignInvestorsInclude MainlandAreaInvestors-Difference"":""-2000"",""SecuritiesInvestmentTrustCompanies-TotalBuy"":""0"",""SecuritiesInvestmentTrustCompanies-TotalSell"":""0"",""SecuritiesInvestmentTrustCompanies-Difference"":""0"",""Dealers-TotalBuy"":""0"",""Dealers-TotalSell"":""0"",""Dealers-Difference"":""0"",""Dealers -TotalSell"":""0"",""TotalDifference"":""-2000""}"
2026-09-08,TPEX,5381,光譜,0,0,0,0,0,0,0,132,-132,"{""Date"":""1150908"",""SecuritiesCompanyCode"":""5381"",""CompanyName"":""光譜"",""Foreign Investors include Mainland Area Investors (Foreign Dealers excluded)-Total Buy"":""138343"","" Foreign Investors include Mainland Area Investors (Foreign Dealers excluded)-Total Sell"":""158367"",""Foreign Investors include Mainland Area Investors (Foreign Dealers excluded)-Difference"":""-20024"",""Foreign Dealers-Total Buy"":""0"",""Foreign Dealers-TotalSell"":""0"",""ForeignDealers-Difference"":""0"",""ForeignInvestorsIncludeMainlandAreaInvestors-TotalBuy"":""138343"",""ForeignInvestorsIncludeMainlandAreaInvestors-TotalSell"":""158367"",""ForeignInvestorsInclude MainlandAreaInvestors-Difference"":""-20024"",""SecuritiesInvestmentTrustCompanies-TotalBuy"":""0"",""SecuritiesInvestmentTrustCompanies-TotalSell"":""0"",""SecuritiesInvestmentTrustCompanies-Difference"":""0"",""Dealers-TotalBuy"":""0"",""Dealers-TotalSell"":""132"",""Dealers-Difference"":""-132"",""Dealers -TotalSell"":""132"",""TotalDifference"":""-20156""}"
2026-09-08,TPEX,5386,青雲,0,0,0,0,0,0,6683,6391,292,"{""Date"":""1150908"",""SecuritiesCompanyCode"":""5386"",""CompanyName"":""青雲"",""Foreign Investors include Mainland Area Investors (Foreign Dealers excluded)-Total Buy"":""71260"","" Foreign Investors include Mainland Area Investors (Foreign Dealers excluded)-Total Sell"":""109913"",""Foreign Investors include Mainland Area Investors (Foreign Dealers excluded)-Difference"":""-38653"",""Foreign Dealers-Total Buy"":""0"",""Foreign Dealers-TotalSell"":""0"",""ForeignDealers-Difference"":""0"",""ForeignInvestorsIncludeMainlandAreaInvestors-TotalBuy"":""71260"",""ForeignInvestorsIncludeMainlandAreaInvestors-TotalSell"":""109913"",""ForeignInvestorsInclude MainlandAreaInvestors-Difference"":""-38653"",""SecuritiesInvestmentTrustCompanies-TotalBuy"":""0"",""SecuritiesInvestmentTrustCompanies-TotalSell"":""0"",""SecuritiesInvestmentTrustCompanies-Difference"":""0"",""Dealers-TotalBuy"":""6683"",""Dealers-TotalSell"":""6391"",""Dealers-Difference"":""292"",""Dealers -TotalSell"":""6391"",""TotalDifference"":""-38361""}"
2026-09-08,TPEX,5392,能率,0,0,0,0,0,0,3008,20340,-17332,"{""Date"":""1150908"",""SecuritiesCompanyCode"":""5392"",""CompanyName"":""能率"",""Foreign Investors include Mainland Area Investors (Foreign Dealers excluded)-Total Buy"":""161003"","" Foreign Investors include Mainland Area Investors (Foreign Dealers excluded)-Total Sell"":""709000"",""Foreign Investors include Mainland Area Investors (Foreign Dealers excluded)-Difference"":""-547997"",""Foreign Dealers-Total Buy"":""0"",""Foreign Dealers-TotalSell"":""0"",""ForeignDealers-Difference"":""0"",""ForeignInvestorsIncludeMainlandAreaInvestors-TotalBuy"":""161003"",""ForeignInvestorsIncludeMainlandAreaInvestors-TotalSell"":""709000"",""ForeignInvestorsInclude MainlandAreaInvestors-Difference"":""-547997"",""SecuritiesInvestmentTrustCompanies-TotalBuy"":""0"",""SecuritiesInvestmentTrustCompanies-TotalSell"":""0"",""SecuritiesInvestmentTrustCompanies-Difference"":""0"",""Dealers-TotalBuy"":""3008"",""Dealers-TotalSell"":""20340"",""Dealers-Difference"":""-17332"",""Dealers -TotalSell"":""20340"",""TotalDifference"":""-565329""}"
2026-09-08,TPEX,5398,慕康生醫,0,0,0,0,0,0,0,0,0,"{""Date"":""1150908"",""SecuritiesCompanyCode"":""5398"",""CompanyName"":""慕康生醫"",""Foreign Investors include Mainland Area Investors (Foreign Dealers excluded)-Total Buy"":""3000"","" Foreign Investors include Mainland Area Investors (Foreign Dealers excluded)-Total Sell"":""30000"",""Foreign Investors include Mainland Area Investors (Foreign Dealers excluded)-Difference"":""-27000"",""Foreign Dealers-Total Buy"":""0"",""Foreign Dealers-TotalSell"":""0"",""ForeignDealers-Difference"":""0"",""ForeignInvestorsIncludeMainlandAreaInvestors-TotalBuy"":""3000"",""ForeignInvestorsIncludeMainlandAreaInvestors-TotalSell"":""30000"",""ForeignInvestorsInclude MainlandAreaInvestors-Difference"":""-27000"",""SecuritiesInvestmentTrustCompanies-TotalBuy"":""0"",""SecuritiesInvestmentTrustCompanies-TotalSell"":""0"",""SecuritiesInvestmentTrustCompanies-Difference"":""0"",""Dealers-TotalBuy"":""0"",""Dealers-TotalSell"":""0"",""Dealers-Difference"":""0"",""Dealers -TotalSell"":""0"",""TotalDifference"":""-27000""}"
2026-09-08,TPEX,5403,中菲,0,0,0,0,0,0,0,0,0,"{""Date"":""1150908"",""SecuritiesCompanyCode"":""5403"",""CompanyName"":""中菲"",""Foreign Investors include Mainland Area Investors (Foreign Dealers excluded)-Total Buy"":""16000"","" Foreign Investors include Mainland Area Investors (Foreign Dealers excluded)-Total Sell"":""7000"",""Foreign Investors include Mainland Area Investors (Foreign Dealers excluded)-Difference"":""9000"",""Foreign Dealers-Total Buy"":""0"",""Foreign Dealers-TotalSell"":""0"",""ForeignDealers-Difference"":""0"",""ForeignInvestorsIncludeMainlandAreaInvestors-TotalBuy"":""16000"",""ForeignInvestorsIncludeMainlandAreaInvestors-TotalSell"":""7000"",""ForeignInvestorsInclude MainlandAreaInvestors-Difference"":""9000"",""SecuritiesInvestmentTrustCompanies-TotalBuy"":""0"",""SecuritiesInvestmentTrustCompanies-TotalSell"":""0"",""SecuritiesInvestmentTrustCompanies-Difference"":""0"",""Dealers-TotalBuy"":""0"",""Dealers-TotalSell"":""0"",""Dealers-Difference"":""0"",""Dealers -TotalSell"":""0"",""TotalDifference"":""9000""}"
2026-09-08,TPEX,5410,國眾,0,0,0,0,0,0,2000,1995,5,"{""Date"":""1150908"",""SecuritiesCompanyCode"":""5410"",""CompanyName"":""國眾"",""Foreign Investors include Mainland Area Investors (Foreign Dealers excluded)-Total Buy"":""26000"","" Foreign Investors include Mainland Area Investors (Foreign Dealers excluded)-Total Sell"":""47100"",""Foreign Investors include Mainland Area Investors (Foreign Dealers excluded)-Difference"":""-21100"",""Foreign Dealers-Total Buy"":""0"",""Foreign Dealers-TotalSell"":""0"",""ForeignDealers-Difference"":""0"",""ForeignInvestorsIncludeMainlandAreaInvestors-TotalBuy"":""26000"",""ForeignInvestorsIncludeMainlandAreaInvestors-TotalSell"":""47100"",""ForeignInvestorsInclude MainlandAreaInvestors-Difference"":""-21100"",""SecuritiesInvestmentTrustCompanies-TotalBuy"":""0"",""SecuritiesInvestmentTrustCompanies-TotalSell"":""0"",""SecuritiesInvestmentTrustCompanies-Difference"":""0"",""Dealers-TotalBuy"":""2000"",""Dealers-TotalSell"":""1995"",""Dealers-Difference"":""5"",""Dealers -TotalSell"":""1995"",""TotalDifference"":""-21095""}"
2026-09-08,TPEX,5425,台半,0,0,0,0,11000,-11000,16795,226139,-209344,"{""Date"":""1150908"",""SecuritiesCompanyCode"":""5425"",""CompanyName"":""台半"",""Foreign Investors include Mainland Area Investors (Foreign Dealers excluded)-Total Buy"":""1551223"","" Foreign Investors include Mainland Area Investors (Foreign Dealers excluded)-Total Sell"":""1161500"",""Foreign Investors include Mainland Area Investors (Foreign Dealers excluded)-Difference"":""389723"",""Foreign Dealers-Total Buy"":""0"",""Foreign Dealers-TotalSell"":""0"",""ForeignDealers-Difference"":""0"",""ForeignInvestorsIncludeMainlandAreaInvestors-TotalBuy"":""1551223"",""ForeignInvestorsIncludeMainlandAreaInvestors-TotalSell"":""1161500"",""ForeignInvestorsInclude MainlandAreaInvestors-Difference"":""389723"",""SecuritiesInvestmentTrustCompanies-TotalBuy"":""0"",""SecuritiesInvestmentTrustCompanies-TotalSell"":""11000"",""SecuritiesInvestmentTrustCompanies-Difference"":""-11000"",""Dealers-TotalBuy"":""16795"",""Dealers-TotalSell"":""226139"",""Dealers-Difference"":""-209344"",""Dealers -TotalSell"":""148139"",""TotalDifference"":""169379""}"
2026-09-08,TPEX,5426,振發,0,0,0,0,0,0,3200,4311,-1111,"{""Date"":""1150908"",""SecuritiesCompanyCode"":""5426"",""CompanyName"":""振發"",""Foreign Investors include Mainland Area Investors (Foreign Dealers excluded)-Total Buy"":""161000"","" Foreign Investors include Mainland Area Investors (Foreign Dealers excluded)-Total Sell"":""130000"",""Foreign Investors include Mainland Area Investors (Foreign Dealers excluded)-Difference"":""31000"",""Foreign Dealers-Total Buy"":""0"",""Foreign Dealers-TotalSell"":""0"",""ForeignDealers-Difference"":""0"",""ForeignInvestorsIncludeMainlandAreaInvestors-TotalBuy"":""161000"",""ForeignInvestorsIncludeMainlandAreaInvestors-TotalSell"":""130000"",""ForeignInvestorsInclude MainlandAreaInvestors-Difference"":""31000"",""SecuritiesInvestmentTrustCompanies-TotalBuy"":""0"",""SecuritiesInvestmentTrustCompanies-TotalSell"":""0"",""SecuritiesInvestmentTrustCompanies-Difference"":""0"",""Dealers-TotalBuy"":""3200"",""Dealers-TotalSell"":""4311"",""Dealers-Difference"":""-1111"",""Dealers -TotalSell"":""4311"",""TotalDifference"":""29889""}"
2026-09-08,TPEX,5432,新門,0,0,0,0,0,0,1508,2000,-492,"{""Date"":""1150908"",""SecuritiesCompanyCode"":""5432"",""CompanyName"":""新門"",""Foreign Investors include Mainland Area Investors (Foreign Dealers excluded)-Total Buy"":""30376"","" Foreign Investors include Mainland Area Investors (Foreign Dealers excluded)-Total Sell"":""47000"",""Foreign Investors include Mainland Area Investors (Foreign Dealers excluded)-Difference"":""-16624"",""Foreign Dealers-Total Buy"":""0"",""Foreign Dealers-TotalSell"":""0"",""ForeignDealers-Difference"":""0"",""ForeignInvestorsIncludeMainlandAreaInvestors-TotalBuy"":""30376"",""ForeignInvestorsIncludeMainlandAreaInvestors-TotalSell"":""47000"",""ForeignInvestorsInclude MainlandAreaInvestors-Difference"":""-16624"",""SecuritiesInvestmentTrustCompanies-TotalBuy"":""0"",""SecuritiesInvestmentTrustCompanies-TotalSell"":""0"",""SecuritiesInvestmentTrustCompanies-Difference"":""0"",""Dealers-TotalBuy"":""1508"",""Dealers-TotalSell"":""2000"",""Dealers-Difference"":""-492"",""Dealers -TotalSell"":""0"",""TotalDifference"":""-17116""}"
2026-09-08,TPEX,5438,東友,0,0,0,0,0,0,1,0,1,"{""Date"":""1150908"",""SecuritiesCompanyCode"":""5438"",""CompanyName"":""東友"",""Foreign Investors include Mainland Area Investors (Foreign Dealers excluded)-Total Buy"":""4000"","" Foreign Investors include Mainland Area Investors (Foreign Dealers excluded)-Total Sell"":""1000"",""Foreign Investors include Mainland Area Investors (Foreign Dealers excluded)-Difference"":""3000"",""Foreign Dealers-Total Buy"":""0"",""Foreign Dealers-TotalSell"":""0"",""ForeignDealers-Difference"":""0"",""ForeignInvestorsIncludeMainlandAreaInvestors-TotalBuy"":""4000"",""ForeignInvestorsIncludeMainlandAreaInvestors-TotalSell"":""1000"",""ForeignInvestorsInclude MainlandAreaInvestors-Difference"":""3000"",""SecuritiesInvestmentTrustCompanies-TotalBuy"":""0"",""SecuritiesInvestmentTrustCompanies-TotalSell"":""0"",""SecuritiesInvestmentTrustCompanies-Difference"":""0"",""Dealers-TotalBuy"":""1"",""Dealers-TotalSell"":""0"",""Dealers-Difference"":""1"",""Dealers -TotalSell"":""0"",""TotalDifference"":""3001""}"
2026-09-08,TPEX,5439,高技,0,0,0,0,0,0,22694,84860,-62166,"{""Date"":""1150908"",""SecuritiesCompanyCode"":""5439"",""CompanyName"":""高技"",""Foreign Investors include Mainland Area Investors (Foreign Dealers excluded)-Total Buy"":""252446"","" Foreign Investors include Mainland Area Investors (Foreign Dealers excluded)-Total Sell"":""418529"",""Foreign Investors include Mainland Area Investors (Foreign Dealers excluded)-Difference"":""-166083"",""Foreign Dealers-Total Buy"":""0"",""Foreign Dealers-TotalSell"":""0"",""ForeignDealers-Difference"":""0"",""ForeignInvestorsIncludeMainlandAreaInvestors-TotalBuy"":""252446"",""ForeignInvestorsIncludeMainlandAreaInvestors-TotalSell"":""418529"",""ForeignInvestorsInclude MainlandAreaInvestors-Difference"":""-166083"",""SecuritiesInvestmentTrustCompanies-TotalBuy"":""0"",""SecuritiesInvestmentTrustCompanies-TotalSell"":""0"",""SecuritiesInvestmentTrustCompanies-Difference"":""0"",""Dealers-TotalBuy"":""22694"",""Dealers-TotalSell"":""84860"",""Dealers-Difference"":""-62166"",""Dealers -TotalSell"":""49860"",""TotalDifference"":""-228249""}"
2026-09-08,TPEX,5443,均豪,0,0,0,0,0,0,21874,267563,-245689,"{""Date"":""1150908"",""SecuritiesCompanyCode"":""5443"",""CompanyName"":""均豪"",""Foreign Investors include Mainland Area Investors (Foreign Dealers excluded)-Total Buy"":""876930"","" Foreign Investors include Mainland Area Investors (Foreign Dealers excluded)-Total Sell"":""2348100"",""Foreign Investors include Mainland Area Investors (Foreign Dealers excluded)-Difference"":""-1471170"",""Foreign Dealers-Total Buy"":""0"",""Foreign Dealers-TotalSell"":""0"",""ForeignDealers-Difference"":""0"",""ForeignInvestorsIncludeMainlandAreaInvestors-TotalBuy"":""876930"",""ForeignInvestorsIncludeMainlandAreaInvestors-TotalSell"":""2348100"",""ForeignInvestorsInclude MainlandAreaInvestors-Difference"":""-1471170"",""SecuritiesInvestmentTrustCompanies-TotalBuy"":""0"",""SecuritiesInvestmentTrustCompanies-TotalSell"":""0"",""SecuritiesInvestmentTrustCompanies-Difference"":""0"",""Dealers-TotalBuy"":""21874"",""Dealers-TotalSell"":""267563"",""Dealers-Difference"":""-245689"",""Dealers -TotalSell"":""267563"",""TotalDifference"":""-1716859""}"
2026-09-08,TPEX,5450,南良,0,0,0,0,0,0,500,16,-516,"{""Date"":""1150908"",""SecuritiesCompanyCode"":""5450"",""CompanyName"":""南良"",""Foreign Investors include Mainland Area Investors (Foreign Dealers excluded)-Total Buy"":""5000"","" Foreign Investors include Mainland Area Investors (Foreign Dealers excluded)-Total Sell"":""13000"",""Foreign Investors include Mainland Area Investors (Foreign Dealers excluded)-Difference"":""-8000"",""Foreign Dealers-Total Buy"":""0"",""Foreign Dealers-TotalSell"":""0"",""ForeignDealers-Difference"":""0"",""ForeignInvestorsIncludeMainlandAreaInvestors-TotalBuy"":""5000"",""ForeignInvestorsIncludeMainlandAreaInvestors-TotalSell"":""13000"",""ForeignInvestorsInclude MainlandAreaInvestors-Difference"":""-8000"",""SecuritiesInvestmentTrustCompanies-TotalBuy"":""0"",""SecuritiesInvestmentTrustCompanies-TotalSell"":""0"",""SecuritiesInvestmentTrustCompanies-Difference"":""0"",""Dealers-TotalBuy"":""500"",""Dealers-TotalSell"":""1016"",""Dealers-Difference"":""-516"",""Dealers -TotalSell"":""16"",""TotalDifference"":""-8516""}"
2026-09-08,TPEX,5452,佶優,0,0,0,0,0,0,2073,733,1340,"{""Date"":""1150908"",""SecuritiesCompanyCode"":""5452"",""CompanyName"":""佶優"",""Foreign Investors include Mainland Area Investors (Foreign Dealers excluded)-Total Buy"":""185140"","" Foreign Investors include Mainland Area Investors (Foreign Dealers excluded)-Total Sell"":""65090"",""Foreign Investors include Mainland Area Investors (Foreign Dealers excluded)-Difference"":""120050"",""Foreign Dealers-Total Buy"":""0"",""Foreign Dealers-TotalSell"":""0"",""ForeignDealers-Difference"":""0"",""ForeignInvestorsIncludeMainlandAreaInvestors-TotalBuy"":""185140"",""ForeignInvestorsIncludeMainlandAreaInvestors-TotalSell"":""65090"",""ForeignInvestorsInclude MainlandAreaInvestors-Difference"":""120050"",""SecuritiesInvestmentTrustCompanies-TotalBuy"":""0"",""SecuritiesInvestmentTrustCompanies-TotalSell"":""0"",""SecuritiesInvestmentTrustCompanies-Difference"":""0"",""Dealers-TotalBuy"":""2073"",""Dealers-TotalSell"":""733"",""Dealers-Difference"":""1340"",""Dealers -TotalSell"":""733"",""TotalDifference"":""121390""}"
2026-09-08,TPEX,5455,昇益,0,0,0,0,0,0,0,0,0,"{""Date"":""1150908"",""SecuritiesCompanyCode"":""5455"",""CompanyName"":""昇益"",""Foreign Investors include Mainland Area Investors (Foreign Dealers excluded)-Total Buy"":""2000"","" Foreign Investors include Mainland Area Investors (Foreign Dealers excluded)-Total Sell"":""1000"",""Foreign Investors include Mainland Area Investors (Foreign Dealers excluded)-Difference"":""1000"",""Foreign Dealers-Total Buy"":""0"",""Foreign Dealers-TotalSell"":""0"",""ForeignDealers-Difference"":""0"",""ForeignInvestorsIncludeMainlandAreaInvestors-TotalBuy"":""2000"",""ForeignInvestorsIncludeMainlandAreaInvestors-TotalSell"":""1000"",""ForeignInvestorsInclude MainlandAreaInvestors-Difference"":""1000"",""SecuritiesInvestmentTrustCompanies-TotalBuy"":""0"",""SecuritiesInvestmentTrustCompanies-TotalSell"":""0"",""SecuritiesInvestmentTrustCompanies-Difference"":""0"",""Dealers-TotalBuy"":""0"",""Dealers-TotalSell"":""0"",""Dealers-Difference"":""0"",""Dealers -TotalSell"":""0"",""TotalDifference"":""1000""}"
2026-09-08,TPEX,5457,宣德,0,0,0,0,0,0,214,2200,-1986,"{""Date"":""1150908"",""SecuritiesCompanyCode"":""5457"",""CompanyName"":""宣德"",""Foreign Investors include Mainland Area Investors (Foreign Dealers excluded)-Total Buy"":""99000"","" Foreign Investors include Mainland Area Investors (Foreign Dealers excluded)-Total Sell"":""145000"",""Foreign Investors include Mainland Area Investors (Foreign Dealers excluded)-Difference"":""-46000"",""Foreign Dealers-Total Buy"":""0"",""Foreign Dealers-TotalSell"":""0"",""ForeignDealers-Difference"":""0"",""ForeignInvestorsIncludeMainlandAreaInvestors-TotalBuy"":""99000"",""ForeignInvestorsIncludeMainlandAreaInvestors-TotalSell"":""145000"",""ForeignInvestorsInclude MainlandAreaInvestors-Difference"":""-46000"",""SecuritiesInvestmentTrustCompanies-TotalBuy"":""0"",""SecuritiesInvestmentTrustCompanies-TotalSell"":""0"",""SecuritiesInvestmentTrustCompanies-Difference"":""0"",""Dealers-TotalBuy"":""214"",""Dealers-TotalSell"":""2200"",""Dealers-Difference"":""-1986"",""Dealers -TotalSell"":""2200"",""TotalDifference"":""-47986""}"
2026-09-08,TPEX,5460,同協,0,0,0,0,0,0,331,623,-292,"{""Date"":""1150908"",""SecuritiesCompanyCode"":""5460"",""CompanyName"":""同協"",""Foreign Investors include Mainland Area Investors (Foreign Dealers excluded)-Total Buy"":""96000"","" Foreign Investors include Mainland Area Investors (Foreign Dealers excluded)-Total Sell"":""244000"",""Foreign Investors include Mainland Area Investors (Foreign Dealers excluded)-Difference"":""-148000"",""Foreign Dealers-Total Buy"":""0"",""Foreign Dealers-TotalSell"":""0"",""ForeignDealers-Difference"":""0"",""ForeignInvestorsIncludeMainlandAreaInvestors-TotalBuy"":""96000"",""ForeignInvestorsIncludeMainlandAreaInvestors-TotalSell"":""244000"",""ForeignInvestorsInclude MainlandAreaInvestors-Difference"":""-148000"",""SecuritiesInvestmentTrustCompanies-TotalBuy"":""0"",""SecuritiesInvestmentTrustCompanies-TotalSell"":""0"",""SecuritiesInvestmentTrustCompanies-Difference"":""0"",""Dealers-TotalBuy"":""331"",""Dealers-TotalSell"":""623"",""Dealers-Difference"":""-292"",""Dealers -TotalSell"":""623"",""TotalDifference"":""-148292""}"
2026-09-08,TPEX,5464,霖宏,0,0,0,0,0,0,11000,33000,-22000,"{""Date"":""1150908"",""SecuritiesCompanyCode"":""5464"",""CompanyName"":""霖宏"",""Foreign Investors include Mainland Area Investors (Foreign Dealers excluded)-Total Buy"":""421000"","" Foreign Investors include Mainland Area Investors (Foreign Dealers excluded)-Total Sell"":""1019000"",""Foreign Investors include Mainland Area Investors (Foreign Dealers excluded)-Difference"":""-598000"",""Foreign Dealers-Total Buy"":""0"",""Foreign Dealers-TotalSell"":""0"",""ForeignDealers-Difference"":""0"",""ForeignInvestorsIncludeMainlandAreaInvestors-TotalBuy"":""421000"",""ForeignInvestorsIncludeMainlandAreaInvestors-TotalSell"":""1019000"",""ForeignInvestorsInclude MainlandAreaInvestors-Difference"":""-598000"",""SecuritiesInvestmentTrustCompanies-TotalBuy"":""0"",""SecuritiesInvestmentTrustCompanies-TotalSell"":""0"",""SecuritiesInvestmentTrustCompanies-Difference"":""0"",""Dealers-TotalBuy"":""11000"",""Dealers-TotalSell"":""33000"",""Dealers-Difference"":""-22000"",""Dealers -TotalSell"":""13890"",""TotalDifference"":""-620000""}"
2026-09-08,TPEX,5465,富驊,0,0,0,0,0,0,6,0,6,"{""Date"":""1150908"",""SecuritiesCompanyCode"":""5465"",""CompanyName"":""富驊"",""Foreign Investors include Mainland Area Investors (Foreign Dealers excluded)-Total Buy"":""10000"","" Foreign Investors include Mainland Area Investors (Foreign Dealers excluded)-Total Sell"":""14000"",""Foreign Investors include Mainland Area Investors (Foreign Dealers excluded)-Difference"":""-4000"",""Foreign Dealers-Total Buy"":""0"",""Foreign Dealers-TotalSell"":""0"",""ForeignDealers-Difference"":""0"",""ForeignInvestorsIncludeMainlandAreaInvestors-TotalBuy"":""10000"",""ForeignInvestorsIncludeMainlandAreaInvestors-TotalSell"":""14000"",""ForeignInvestorsInclude MainlandAreaInvestors-Difference"":""-4000"",""SecuritiesInvestmentTrustCompanies-TotalBuy"":""0"",""SecuritiesInvestmentTrustCompanies-TotalSell"":""0"",""SecuritiesInvestmentTrustCompanies-Difference"":""0"",""Dealers-TotalBuy"":""6"",""Dealers-TotalSell"":""0"",""Dealers-Difference"":""6"",""Dealers -TotalSell"":""0"",""TotalDifference"":""-3994""}"
2026-09-08,TPEX,5468,凱鈺,0,0,0,0,0,0,0,422,-422,"{""Date"":""1150908"",""SecuritiesCompanyCode"":""5468"",""CompanyName"":""凱鈺"",""Foreign Investors include Mainland Area Investors (Foreign Dealers excluded)-Total Buy"":""5335"","" Foreign Investors include Mainland Area Investors (Foreign Dealers excluded)-Total Sell"":""39000"",""Foreign Investors include Mainland Area Investors (Foreign Dealers excluded)-Difference"":""-33665"",""Foreign Dealers-Total Buy"":""0"",""Foreign Dealers-TotalSell"":""0"",""ForeignDealers-Difference"":""0"",""ForeignInvestorsIncludeMainlandAreaInvestors-TotalBuy"":""5335"",""ForeignInvestorsIncludeMainlandAreaInvestors-TotalSell"":""39000"",""ForeignInvestorsInclude MainlandAreaInvestors-Difference"":""-33665"",""SecuritiesInvestmentTrustCompanies-TotalBuy"":""0"",""SecuritiesInvestmentTrustCompanies-TotalSell"":""0"",""SecuritiesInvestmentTrustCompanies-Difference"":""0"",""Dealers-TotalBuy"":""0"",""Dealers-TotalSell"":""422"",""Dealers-Difference"":""-422"",""Dealers -TotalSell"":""422"",""TotalDifference"":""-34087""}"
2026-09-08,TPEX,5474,聰泰,0,0,0,0,0,0,368,2385,-2017,"{""Date"":""1150908"",""SecuritiesCompanyCode"":""5474"",""CompanyName"":""聰泰"",""Foreign Investors include Mainland Area Investors (Foreign Dealers excluded)-Total Buy"":""15204"","" Foreign Investors include Mainland Area Investors (Foreign Dealers excluded)-Total Sell"":""85000"",""Foreign Investors include Mainland Area Investors (Foreign Dealers excluded)-Difference"":""-69796"",""Foreign Dealers-Total Buy"":""0"",""Foreign Dealers-TotalSell"":""0"",""ForeignDealers-Difference"":""0"",""ForeignInvestorsIncludeMainlandAreaInvestors-TotalBuy"":""15204"",""ForeignInvestorsIncludeMainlandAreaInvestors-TotalSell"":""85000"",""ForeignInvestorsInclude MainlandAreaInvestors-Difference"":""-69796"",""SecuritiesInvestmentTrustCompanies-TotalBuy"":""0"",""SecuritiesInvestmentTrustCompanies-TotalSell"":""0"",""SecuritiesInvestmentTrustCompanies-Difference"":""0"",""Dealers-TotalBuy"":""368"",""Dealers-TotalSell"":""2385"",""Dealers-Difference"":""-2017"",""Dealers -TotalSell"":""2385"",""TotalDifference"":""-71813""}"
2026-09-08,TPEX,5475,德宏,0,0,0,0,0,0,40902,27144,13758,"{""Date"":""1150908"",""SecuritiesCompanyCode"":""5475"",""CompanyName"":""德宏"",""Foreign Investors include Mainland Area Investors (Foreign Dealers excluded)-Total Buy"":""540805"","" Foreign Investors include Mainland Area Investors (Foreign Dealers excluded)-Total Sell"":""615141"",""Foreign Investors include Mainland Area Investors (Foreign Dealers excluded)-Difference"":""-74336"",""Foreign Dealers-Total Buy"":""0"",""Foreign Dealers-TotalSell"":""0"",""ForeignDealers-Difference"":""0"",""ForeignInvestorsIncludeMainlandAreaInvestors-TotalBuy"":""540805"",""ForeignInvestorsIncludeMainlandAreaInvestors-TotalSell"":""615141"",""ForeignInvestorsInclude MainlandAreaInvestors-Difference"":""-74336"",""SecuritiesInvestmentTrustCompanies-TotalBuy"":""0"",""SecuritiesInvestmentTrustCompanies-TotalSell"":""0"",""SecuritiesInvestmentTrustCompanies-Difference"":""0"",""Dealers-TotalBuy"":""40902"",""Dealers-TotalSell"":""27144"",""Dealers-Difference"":""13758"",""Dealers -TotalSell"":""27144"",""TotalDifference"":""-60578""}"
2026-09-08,TPEX,5478,智冠,0,0,0,0,0,0,0,194,-194,"{""Date"":""1150908"",""SecuritiesCompanyCode"":""5478"",""CompanyName"":""智冠"",""Foreign Investors include Mainland Area Investors (Foreign Dealers excluded)-Total Buy"":""3000"","" Foreign Investors include Mainland Area Investors (Foreign Dealers excluded)-Total Sell"":""30000"",""Foreign Investors include Mainland Area Investors (Foreign Dealers excluded)-Difference"":""-27000"",""Foreign Dealers-Total Buy"":""0"",""Foreign Dealers-TotalSell"":""0"",""ForeignDealers-Difference"":""0"",""ForeignInvestorsIncludeMainlandAreaInvestors-TotalBuy"":""3000"",""ForeignInvestorsIncludeMainlandAreaInvestors-TotalSell"":""30000"",""ForeignInvestorsInclude MainlandAreaInvestors-Difference"":""-27000"",""SecuritiesInvestmentTrustCompanies-TotalBuy"":""0"",""SecuritiesInvestmentTrustCompanies-TotalSell"":""0"",""SecuritiesInvestmentTrustCompanies-Difference"":""0"",""Dealers-TotalBuy"":""0"",""Dealers-TotalSell"":""194"",""Dealers-Difference"":""-194"",""Dealers -TotalSell"":""194"",""TotalDifference"":""-27194""}"
2026-09-08,TPEX,5481,新華,0,0,0,0,0,0,0,0,0,"{""Date"":""1150908"",""SecuritiesCompanyCode"":""5481"",""CompanyName"":""新華"",""Foreign Investors include Mainland Area Investors (Foreign Dealers excluded)-Total Buy"":""24002"","" Foreign Investors include Mainland Area Investors (Foreign Dealers excluded)-Total Sell"":""67000"",""Foreign Investors include Mainland Area Investors (Foreign Dealers excluded)-Difference"":""-42998"",""Foreign Dealers-Total Buy"":""0"",""Foreign Dealers-TotalSell"":""0"",""ForeignDealers-Difference"":""0"",""ForeignInvestorsIncludeMainlandAreaInvestors-TotalBuy"":""24002"",""ForeignInvestorsIncludeMainlandAreaInvestors-TotalSell"":""67000"",""ForeignInvestorsInclude MainlandAreaInvestors-Difference"":""-42998"",""SecuritiesInvestmentTrustCompanies-TotalBuy"":""0"",""SecuritiesInvestmentTrustCompanies-TotalSell"":""0"",""SecuritiesInvestmentTrustCompanies-Difference"":""0"",""Dealers-TotalBuy"":""0"",""Dealers-TotalSell"":""0"",""Dealers-Difference"":""0"",""Dealers -TotalSell"":""0"",""TotalDifference"":""-42998""}"
2026-09-08,TPEX,5483,中美晶,0,0,0,0,23149,-23149,97224,348487,-251263,"{""Date"":""1150908"",""SecuritiesCompanyCode"":""5483"",""CompanyName"":""中美晶"",""Foreign Investors include Mainland Area Investors (Foreign Dealers excluded)-Total Buy"":""2920887"","" Foreign Investors include Mainland Area Investors (Foreign Dealers excluded)-Total Sell"":""4868060"",""Foreign Investors include Mainland Area Investors (Foreign Dealers excluded)-Difference"":""-1947173"",""Foreign Dealers-Total Buy"":""0"",""Foreign Dealers-TotalSell"":""0"",""ForeignDealers-Difference"":""0"",""ForeignInvestorsIncludeMainlandAreaInvestors-TotalBuy"":""2920887"",""ForeignInvestorsIncludeMainlandAreaInvestors-TotalSell"":""4868060"",""ForeignInvestorsInclude MainlandAreaInvestors-Difference"":""-1947173"",""SecuritiesInvestmentTrustCompanies-TotalBuy"":""0"",""SecuritiesInvestmentTrustCompanies-TotalSell"":""23149"",""SecuritiesInvestmentTrustCompanies-Difference"":""-23149"",""Dealers-TotalBuy"":""97224"",""Dealers-TotalSell"":""348487"",""Dealers-Difference"":""-251263"",""Dealers -TotalSell"":""164437"",""TotalDifference"":""-2221585""}"
2026-09-08,TPEX,5487,通泰,0,0,0,0,0,0,0,300,-300,"{""Date"":""1150908"",""SecuritiesCompanyCode"":""5487"",""CompanyName"":""通泰"",""Foreign Investors include Mainland Area Investors (Foreign Dealers excluded)-Total Buy"":""21000"","" Foreign Investors include Mainland Area Investors (Foreign Dealers excluded)-Total Sell"":""5000"",""Foreign Investors include Mainland Area Investors (Foreign Dealers excluded)-Difference"":""16000"",""Foreign Dealers-Total Buy"":""0"",""Foreign Dealers-TotalSell"":""0"",""ForeignDealers-Difference"":""0"",""ForeignInvestorsIncludeMainlandAreaInvestors-TotalBuy"":""21000"",""ForeignInvestorsIncludeMainlandAreaInvestors-TotalSell"":""5000"",""ForeignInvestorsInclude MainlandAreaInvestors-Difference"":""16000"",""SecuritiesInvestmentTrustCompanies-TotalBuy"":""0"",""SecuritiesInvestmentTrustCompanies-TotalSell"":""0"",""SecuritiesInvestmentTrustCompanies-Difference"":""0"",""Dealers-TotalBuy"":""0"",""Dealers-TotalSell"":""300"",""Dealers-Difference"":""-300"",""Dealers -TotalSell"":""300"",""TotalDifference"":""15700""}"
2026-09-08,TPEX,5488,松普,0,0,0,0,0,0,0,1,-1,"{""Date"":""1150908"",""SecuritiesCompanyCode"":""5488"",""CompanyName"":""松普"",""Foreign Investors include Mainland Area Investors (Foreign Dealers excluded)-Total Buy"":""20000"","" Foreign Investors include Mainland Area Investors (Foreign Dealers excluded)-Total Sell"":""85000"",""Foreign Investors include Mainland Area Investors (Foreign Dealers excluded)-Difference"":""-65000"",""Foreign Dealers-Total Buy"":""0"",""Foreign Dealers-TotalSell"":""0"",""ForeignDealers-Difference"":""0"",""ForeignInvestorsIncludeMainlandAreaInvestors-TotalBuy"":""20000"",""ForeignInvestorsIncludeMainlandAreaInvestors-TotalSell"":""85000"",""ForeignInvestorsInclude MainlandAreaInvestors-Difference"":""-65000"",""SecuritiesInvestmentTrustCompanies-TotalBuy"":""0"",""SecuritiesInvestmentTrustCompanies-TotalSell"":""0"",""SecuritiesInvestmentTrustCompanies-Difference"":""0"",""Dealers-TotalBuy"":""0"",""Dealers-TotalSell"":""1"",""Dealers-Difference"":""-1"",""Dealers -TotalSell"":""1"",""TotalDifference"":""-65001""}"
2026-09-08,TPEX,5489,彩富,0,0,0,0,0,0,0,0,0,"{""Date"":""1150908"",""SecuritiesCompanyCode"":""5489"",""CompanyName"":""彩富"",""Foreign Investors include Mainland Area Investors (Foreign Dealers excluded)-Total Buy"":""3000"","" Foreign Investors include Mainland Area Investors (Foreign Dealers excluded)-Total Sell"":""4000"",""Foreign Investors include Mainland Area Investors (Foreign Dealers excluded)-Difference"":""-1000"",""Foreign Dealers-Total Buy"":""0"",""Foreign Dealers-TotalSell"":""0"",""ForeignDealers-Difference"":""0"",""ForeignInvestorsIncludeMainlandAreaInvestors-TotalBuy"":""3000"",""ForeignInvestorsIncludeMainlandAreaInvestors-TotalSell"":""4000"",""ForeignInvestorsInclude MainlandAreaInvestors-Difference"":""-1000"",""SecuritiesInvestmentTrustCompanies-TotalBuy"":""0"",""SecuritiesInvestmentTrustCompanies-TotalSell"":""0"",""SecuritiesInvestmentTrustCompanies-Difference"":""0"",""Dealers-TotalBuy"":""0"",""Dealers-TotalSell"":""0"",""Dealers-Difference"":""0"",""Dealers -TotalSell"":""0"",""TotalDifference"":""-1000""}"
2026-09-08,TPEX,5490,同亨,0,0,0,0,0,0,0,845,-845,"{""Date"":""1150908"",""SecuritiesCompanyCode"":""5490"",""CompanyName"":""同亨"",""Foreign Investors include Mainland Area Investors (Foreign Dealers excluded)-Total Buy"":""24088"","" Foreign Investors include Mainland Area Investors (Foreign Dealers excluded)-Total Sell"":""125000"",""Foreign Investors include Mainland Area Investors (Foreign Dealers excluded)-Difference"":""-100912"",""Foreign Dealers-Total Buy"":""0"",""Foreign Dealers-TotalSell"":""0"",""ForeignDealers-Difference"":""0"",""ForeignInvestorsIncludeMainlandAreaInvestors-TotalBuy"":""24088"",""ForeignInvestorsIncludeMainlandAreaInvestors-TotalSell"":""125000"",""ForeignInvestorsInclude MainlandAreaInvestors-Difference"":""-100912"",""SecuritiesInvestmentTrustCompanies-TotalBuy"":""0"",""SecuritiesInvestmentTrustCompanies-TotalSell"":""0"",""SecuritiesInvestmentTrustCompanies-Difference"":""0"",""Dealers-TotalBuy"":""0"",""Dealers-TotalSell"":""845"",""Dealers-Difference"":""-845"",""Dealers -TotalSell"":""845"",""TotalDifference"":""-101757""}"
2026-09-08,TPEX,5493,三聯,0,0,0,0,0,0,20,1000,-980,"{""Date"":""1150908"",""SecuritiesCompanyCode"":""5493"",""CompanyName"":""三聯"",""Foreign Investors include Mainland Area Investors (Foreign Dealers excluded)-Total Buy"":""7000"","" Foreign Investors include Mainland Area Investors (Foreign Dealers excluded)-Total Sell"":""9000"",""Foreign Investors include Mainland Area Investors (Foreign Dealers excluded)-Difference"":""-2000"",""Foreign Dealers-Total Buy"":""0"",""Foreign Dealers-TotalSell"":""0"",""ForeignDealers-Difference"":""0"",""ForeignInvestorsIncludeMainlandAreaInvestors-TotalBuy"":""7000"",""ForeignInvestorsIncludeMainlandAreaInvestors-TotalSell"":""9000"",""ForeignInvestorsInclude MainlandAreaInvestors-Difference"":""-2000"",""SecuritiesInvestmentTrustCompanies-TotalBuy"":""0"",""SecuritiesInvestmentTrustCompanies-TotalSell"":""0"",""SecuritiesInvestmentTrustCompanies-Difference"":""0"",""Dealers-TotalBuy"":""20"",""Dealers-TotalSell"":""1000"",""Dealers-Difference"":""-980"",""Dealers -TotalSell"":""1000"",""TotalDifference"":""-2980""}"
2026-09-08,TPEX,5498,凱崴,0,0,0,0,0,0,7000,8867,-1867,"{""Date"":""1150908"",""SecuritiesCompanyCode"":""5498"",""CompanyName"":""凱崴"",""Foreign Investors include Mainland Area Investors (Foreign Dealers excluded)-Total Buy"":""225493"","" Foreign Investors include Mainland Area Investors (Foreign Dealers excluded)-Total Sell"":""401000"",""Foreign Investors include Mainland Area Investors (Foreign Dealers excluded)-Difference"":""-175507"",""Foreign Dealers-Total Buy"":""0"",""Foreign Dealers-TotalSell"":""0"",""ForeignDealers-Difference"":""0"",""ForeignInvestorsIncludeMainlandAreaInvestors-TotalBuy"":""225493"",""ForeignInvestorsIncludeMainlandAreaInvestors-TotalSell"":""401000"",""ForeignInvestorsInclude MainlandAreaInvestors-Difference"":""-175507"",""SecuritiesInvestmentTrustCompanies-TotalBuy"":""0"",""SecuritiesInvestmentTrustCompanies-TotalSell"":""0"",""SecuritiesInvestmentTrustCompanies-Difference"":""0"",""Dealers-TotalBuy"":""7000"",""Dealers-TotalSell"":""8867"",""Dealers-Difference"":""-1867"",""Dealers -TotalSell"":""8867"",""TotalDifference"":""-177374""}"
2026-09-08,TPEX,5508,永信建,0,0,0,0,0,0,0,280,-2280,"{""Date"":""1150908"",""SecuritiesCompanyCode"":""5508"",""CompanyName"":""永信建"",""Foreign Investors include Mainland Area Investors (Foreign Dealers excluded)-Total Buy"":""155735"","" Foreign Investors include Mainland Area Investors (Foreign Dealers excluded)-Total Sell"":""37000"",""Foreign Investors include Mainland Area Investors (Foreign Dealers excluded)-Difference"":""118735"",""Foreign Dealers-Total Buy"":""0"",""Foreign Dealers-TotalSell"":""0"",""ForeignDealers-Difference"":""0"",""ForeignInvestorsIncludeMainlandAreaInvestors-TotalBuy"":""155735"",""ForeignInvestorsIncludeMainlandAreaInvestors-TotalSell"":""37000"",""ForeignInvestorsInclude MainlandAreaInvestors-Difference"":""118735"",""SecuritiesInvestmentTrustCompanies-TotalBuy"":""0"",""SecuritiesInvestmentTrustCompanies-TotalSell"":""0"",""SecuritiesInvestmentTrustCompanies-Difference"":""0"",""Dealers-TotalBuy"":""0"",""Dealers-TotalSell"":""2280"",""Dealers-Difference"":""-2280"",""Dealers -TotalSell"":""280"",""TotalDifference"":""116455""}"
2026-09-08,TPEX,5511,德昌,0,0,0,0,0,0,0,835,-835,"{""Date"":""1150908"",""SecuritiesCompanyCode"":""5511"",""CompanyName"":""德昌"",""Foreign Investors include Mainland Area Investors (Foreign Dealers excluded)-Total Buy"":""31250"","" Foreign Investors include Mainland Area Investors (Foreign Dealers excluded)-Total Sell"":""7184"",""Foreign Investors include Mainland Area Investors (Foreign Dealers excluded)-Difference"":""24066"",""Foreign Dealers-Total Buy"":""0"",""Foreign Dealers-TotalSell"":""0"",""ForeignDealers-Difference"":""0"",""ForeignInvestorsIncludeMainlandAreaInvestors-TotalBuy"":""31250"",""ForeignInvestorsIncludeMainlandAreaInvestors-TotalSell"":""7184"",""ForeignInvestorsInclude MainlandAreaInvestors-Difference"":""24066"",""SecuritiesInvestmentTrustCompanies-TotalBuy"":""0"",""SecuritiesInvestmentTrustCompanies-TotalSell"":""0"",""SecuritiesInvestmentTrustCompanies-Difference"":""0"",""Dealers-TotalBuy"":""0"",""Dealers-TotalSell"":""835"",""Dealers-Difference"":""-835"",""Dealers -TotalSell"":""835"",""TotalDifference"":""23231""}"
2026-09-08,TPEX,5512,力麒,0,0,0,0,0,0,366,0,366,"{""Date"":""1150908"",""SecuritiesCompanyCode"":""5512"",""CompanyName"":""力麒"",""Foreign Investors include Mainland Area Investors (Foreign Dealers excluded)-Total Buy"":""144830"","" Foreign Investors include Mainland Area Investors (Foreign Dealers excluded)-Total Sell"":""115000"",""Foreign Investors include Mainland Area Investors (Foreign Dealers excluded)-Difference"":""29830"",""Foreign Dealers-Total Buy"":""0"",""Foreign Dealers-TotalSell"":""0"",""ForeignDealers-Difference"":""0"",""ForeignInvestorsIncludeMainlandAreaInvestors-TotalBuy"":""144830"",""ForeignInvestorsIncludeMainlandAreaInvestors-TotalSell"":""115000"",""ForeignInvestorsInclude MainlandAreaInvestors-Difference"":""29830"",""SecuritiesInvestmentTrustCompanies-TotalBuy"":""0"",""SecuritiesInvestmentTrustCompanies-TotalSell"":""0"",""SecuritiesInvestmentTrustCompanies-Difference"":""0"",""Dealers-TotalBuy"":""366"",""Dealers-TotalSell"":""0"",""Dealers-Difference"":""366"",""Dealers -TotalSell"":""0"",""TotalDifference"":""30196""}"
2026-09-08,TPEX,5514,三豐,0,0,0,0,0,0,0,0,0,"{""Date"":""1150908"",""SecuritiesCompanyCode"":""5514"",""CompanyName"":""三豐"",""Foreign Investors include Mainland Area Investors (Foreign Dealers excluded)-Total Buy"":""0"","" Foreign Investors include Mainland Area Investors (Foreign Dealers excluded)-Total Sell"":""4000"",""Foreign Investors include Mainland Area Investors (Foreign Dealers excluded)-Difference"":""-4000"",""Foreign Dealers-Total Buy"":""0"",""Foreign Dealers-TotalSell"":""0"",""ForeignDealers-Difference"":""0"",""ForeignInvestorsIncludeMainlandAreaInvestors-TotalBuy"":""0"",""ForeignInvestorsIncludeMainlandAreaInvestors-TotalSell"":""4000"",""ForeignInvestorsInclude MainlandAreaInvestors-Difference"":""-4000"",""SecuritiesInvestmentTrustCompanies-TotalBuy"":""0"",""SecuritiesInvestmentTrustCompanies-TotalSell"":""0"",""SecuritiesInvestmentTrustCompanies-Difference"":""0"",""Dealers-TotalBuy"":""0"",""Dealers-TotalSell"":""0"",""Dealers-Difference"":""0"",""Dealers -TotalSell"":""0"",""TotalDifference"":""-4000""}"
2026-09-08,TPEX,5529,鉅陞,0,0,0,0,0,0,353,0,353,"{""Date"":""1150908"",""SecuritiesCompanyCode"":""5529"",""CompanyName"":""鉅陞"",""Foreign Investors include Mainland Area Investors (Foreign Dealers excluded)-Total Buy"":""20000"","" Foreign Investors include Mainland Area Investors (Foreign Dealers excluded)-Total Sell"":""25000"",""Foreign Investors include Mainland Area Investors (Foreign Dealers excluded)-Difference"":""-5000"",""Foreign Dealers-Total Buy"":""0"",""Foreign Dealers-TotalSell"":""0"",""ForeignDealers-Difference"":""0"",""ForeignInvestorsIncludeMainlandAreaInvestors-TotalBuy"":""20000"",""ForeignInvestorsIncludeMainlandAreaInvestors-TotalSell"":""25000"",""ForeignInvestorsInclude MainlandAreaInvestors-Difference"":""-5000"",""SecuritiesInvestmentTrustCompanies-TotalBuy"":""0"",""SecuritiesInvestmentTrustCompanies-TotalSell"":""0"",""SecuritiesInvestmentTrustCompanies-Difference"":""0"",""Dealers-TotalBuy"":""353"",""Dealers-TotalSell"":""0"",""Dealers-Difference"":""353"",""Dealers -TotalSell"":""0"",""TotalDifference"":""-4647""}"
2026-09-08,TPEX,5530,龍巖,0,0,0,0,0,0,0,0,0,"{""Date"":""1150908"",""SecuritiesCompanyCode"":""5530"",""CompanyName"":""龍巖"",""Foreign Investors include Mainland Area Investors (Foreign Dealers excluded)-Total Buy"":""35000"","" Foreign Investors include Mainland Area Investors (Foreign Dealers excluded)-Total Sell"":""8000"",""Foreign Investors include Mainland Area Investors (Foreign Dealers excluded)-Difference"":""27000"",""Foreign Dealers-Total Buy"":""0"",""Foreign Dealers-TotalSell"":""0"",""ForeignDealers-Difference"":""0"",""ForeignInvestorsIncludeMainlandAreaInvestors-TotalBuy"":""35000"",""ForeignInvestorsIncludeMainlandAreaInvestors-TotalSell"":""8000"",""ForeignInvestorsInclude MainlandAreaInvestors-Difference"":""27000"",""SecuritiesInvestmentTrustCompanies-TotalBuy"":""0"",""SecuritiesInvestmentTrustCompanies-TotalSell"":""0"",""SecuritiesInvestmentTrustCompanies-Difference"":""0"",""Dealers-TotalBuy"":""0"",""Dealers-TotalSell"":""0"",""Dealers-Difference"":""0"",""Dealers -TotalSell"":""0"",""TotalDifference"":""27000""}"
2026-09-08,TPEX,5536,聖暉*,0,0,0,3000,61,2939,12033,46662,-34629,"{""Date"":""1150908"",""SecuritiesCompanyCode"":""5536"",""CompanyName"":""聖暉*"",""Foreign Investors include Mainland Area Investors (Foreign Dealers excluded)-Total Buy"":""222073"","" Foreign Investors include Mainland Area Investors (Foreign Dealers excluded)-Total Sell"":""356339"",""Foreign Investors include Mainland Area Investors (Foreign Dealers excluded)-Difference"":""-134266"",""Foreign Dealers-Total Buy"":""0"",""Foreign Dealers-TotalSell"":""0"",""ForeignDealers-Difference"":""0"",""ForeignInvestorsIncludeMainlandAreaInvestors-TotalBuy"":""222073"",""ForeignInvestorsIncludeMainlandAreaInvestors-TotalSell"":""356339"",""ForeignInvestorsInclude MainlandAreaInvestors-Difference"":""-134266"",""SecuritiesInvestmentTrustCompanies-TotalBuy"":""3000"",""SecuritiesInvestmentTrustCompanies-TotalSell"":""61"",""SecuritiesInvestmentTrustCompanies-Difference"":""2939"",""Dealers-TotalBuy"":""12033"",""Dealers-TotalSell"":""46662"",""Dealers-Difference"":""-34629"",""Dealers -TotalSell"":""45662"",""TotalDifference"":""-165956""}"
2026-09-08,TPEX,5543,桓鼎-KY,0,0,0,0,0,0,0,1,-1,"{""Date"":""1150908"",""SecuritiesCompanyCode"":""5543"",""CompanyName"":""桓鼎-KY"",""Foreign Investors include Mainland Area Investors (Foreign Dealers excluded)-Total Buy"":""0"","" Foreign Investors include Mainland Area Investors (Foreign Dealers excluded)-Total Sell"":""0"",""Foreign Investors include Mainland Area Investors (Foreign Dealers excluded)-Difference"":""0"",""Foreign Dealers-Total Buy"":""0"",""Foreign Dealers-TotalSell"":""0"",""ForeignDealers-Difference"":""0"",""ForeignInvestorsIncludeMainlandAreaInvestors-TotalBuy"":""0"",""ForeignInvestorsIncludeMainlandAreaInvestors-TotalSell"":""0"",""ForeignInvestorsInclude MainlandAreaInvestors-Difference"":""0"",""SecuritiesInvestmentTrustCompanies-TotalBuy"":""0"",""SecuritiesInvestmentTrustCompanies-TotalSell"":""0"",""SecuritiesInvestmentTrustCompanies-Difference"":""0"",""Dealers-TotalBuy"":""0"",""Dealers-TotalSell"":""1"",""Dealers-Difference"":""-1"",""Dealers -TotalSell"":""1"",""TotalDifference"":""-1""}"
2026-09-08,TPEX,5547,久舜,0,0,0,0,0,0,0,0,0,"{""Date"":""1150908"",""SecuritiesCompanyCode"":""5547"",""CompanyName"":""久舜"",""Foreign Investors include Mainland Area Investors (Foreign Dealers excluded)-Total Buy"":""10000"","" Foreign Investors include Mainland Area Investors (Foreign Dealers excluded)-Total Sell"":""2000"",""Foreign Investors include Mainland Area Investors (Foreign Dealers excluded)-Difference"":""8000"",""Foreign Dealers-Total Buy"":""0"",""Foreign Dealers-TotalSell"":""0"",""ForeignDealers-Difference"":""0"",""ForeignInvestorsIncludeMainlandAreaInvestors-TotalBuy"":""10000"",""ForeignInvestorsIncludeMainlandAreaInvestors-TotalSell"":""2000"",""ForeignInvestorsInclude MainlandAreaInvestors-Difference"":""8000"",""SecuritiesInvestmentTrustCompanies-TotalBuy"":""0"",""SecuritiesInvestmentTrustCompanies-TotalSell"":""0"",""SecuritiesInvestmentTrustCompanies-Difference"":""0"",""Dealers-TotalBuy"":""0"",""Dealers-TotalSell"":""0"",""Dealers-Difference"":""0"",""Dealers -TotalSell"":""0"",""TotalDifference"":""8000""}"
2026-09-08,TPEX,5548,安倉,0,0,0,0,0,0,0,0,0,"{""Date"":""1150908"",""SecuritiesCompanyCode"":""5548"",""CompanyName"":""安倉"",""Foreign Investors include Mainland Area Investors (Foreign Dealers excluded)-Total Buy"":""6000"","" Foreign Investors include Mainland Area Investors (Foreign Dealers excluded)-Total Sell"":""1000"",""Foreign Investors include Mainland Area Investors (Foreign Dealers excluded)-Difference"":""5000"",""Foreign Dealers-Total Buy"":""0"",""Foreign Dealers-TotalSell"":""0"",""ForeignDealers-Difference"":""0"",""ForeignInvestorsIncludeMainlandAreaInvestors-TotalBuy"":""6000"",""ForeignInvestorsIncludeMainlandAreaInvestors-TotalSell"":""1000"",""ForeignInvestorsInclude MainlandAreaInvestors-Difference"":""5000"",""SecuritiesInvestmentTrustCompanies-TotalBuy"":""0"",""SecuritiesInvestmentTrustCompanies-TotalSell"":""0"",""SecuritiesInvestmentTrustCompanies-Difference"":""0"",""Dealers-TotalBuy"":""0"",""Dealers-TotalSell"":""0"",""Dealers-Difference"":""0"",""Dealers -TotalSell"":""0"",""TotalDifference"":""5000""}"
2026-09-08,TPEX,5603,陸海,0,0,0,0,0,0,10000,9775,225,"{""Date"":""1150908"",""SecuritiesCompanyCode"":""5603"",""CompanyName"":""陸海"",""Foreign Investors include Mainland Area Investors (Foreign Dealers excluded)-Total Buy"":""5000"","" Foreign Investors include Mainland Area Investors (Foreign Dealers excluded)-Total Sell"":""31000"",""Foreign Investors include Mainland Area Investors (Foreign Dealers excluded)-Difference"":""-26000"",""Foreign Dealers-Total Buy"":""0"",""Foreign Dealers-TotalSell"":""0"",""ForeignDealers-Difference"":""0"",""ForeignInvestorsIncludeMainlandAreaInvestors-TotalBuy"":""5000"",""ForeignInvestorsIncludeMainlandAreaInvestors-TotalSell"":""31000"",""ForeignInvestorsInclude MainlandAreaInvestors-Difference"":""-26000"",""SecuritiesInvestmentTrustCompanies-TotalBuy"":""0"",""SecuritiesInvestmentTrustCompanies-TotalSell"":""0"",""SecuritiesInvestmentTrustCompanies-Difference"":""0"",""Dealers-TotalBuy"":""10000"",""Dealers-TotalSell"":""9775"",""Dealers-Difference"":""225"",""Dealers -TotalSell"":""9775"",""TotalDifference"":""-25775""}"
2026-09-08,TPEX,5604,中連,0,0,0,0,0,0,0,0,0,"{""Date"":""1150908"",""SecuritiesCompanyCode"":""5604"",""CompanyName"":""中連"",""Foreign Investors include Mainland Area Investors (Foreign Dealers excluded)-Total Buy"":""1000"","" Foreign Investors include Mainland Area Investors (Foreign Dealers excluded)-Total Sell"":""0"",""Foreign Investors include Mainland Area Investors (Foreign Dealers excluded)-Difference"":""1000"",""Foreign Dealers-Total Buy"":""0"",""Foreign Dealers-TotalSell"":""0"",""ForeignDealers-Difference"":""0"",""ForeignInvestorsIncludeMainlandAreaInvestors-TotalBuy"":""1000"",""ForeignInvestorsIncludeMainlandAreaInvestors-TotalSell"":""0"",""ForeignInvestorsInclude MainlandAreaInvestors-Difference"":""1000"",""SecuritiesInvestmentTrustCompanies-TotalBuy"":""0"",""SecuritiesInvestmentTrustCompanies-TotalSell"":""0"",""SecuritiesInvestmentTrustCompanies-Difference"":""0"",""Dealers-TotalBuy"":""0"",""Dealers-TotalSell"":""0"",""Dealers-Difference"":""0"",""Dealers -TotalSell"":""0"",""TotalDifference"":""1000""}"
2026-09-08,TPEX,5609,中菲行,0,0,0,0,0,0,0,1080,-1080,"{""Date"":""1150908"",""SecuritiesCompanyCode"":""5609"",""CompanyName"":""中菲行"",""Foreign Investors include Mainland Area Investors (Foreign Dealers excluded)-Total Buy"":""48534"","" Foreign Investors include Mainland Area Investors (Foreign Dealers excluded)-Total Sell"":""14137"",""Foreign Investors include Mainland Area Investors (Foreign Dealers excluded)-Difference"":""34397"",""Foreign Dealers-Total Buy"":""0"",""Foreign Dealers-TotalSell"":""0"",""ForeignDealers-Difference"":""0"",""ForeignInvestorsIncludeMainlandAreaInvestors-TotalBuy"":""48534"",""ForeignInvestorsIncludeMainlandAreaInvestors-TotalSell"":""14137"",""ForeignInvestorsInclude MainlandAreaInvestors-Difference"":""34397"",""SecuritiesInvestmentTrustCompanies-TotalBuy"":""0"",""SecuritiesInvestmentTrustCompanies-TotalSell"":""0"",""SecuritiesInvestmentTrustCompanies-Difference"":""0"",""Dealers-TotalBuy"":""0"",""Dealers-TotalSell"":""1080"",""Dealers-Difference"":""-1080"",""Dealers -TotalSell"":""0"",""TotalDifference"":""33317""}"
2026-09-08,TPEX,5701,劍湖山,0,0,0,0,0,0,0,0,0,"{""Date"":""1150908"",""SecuritiesCompanyCode"":""5701"",""CompanyName"":""劍湖山"",""Foreign Investors include Mainland Area Investors (Foreign Dealers excluded)-Total Buy"":""0"","" Foreign Investors include Mainland Area Investors (Foreign Dealers excluded)-Total Sell"":""1000"",""Foreign Investors include Mainland Area Investors (Foreign Dealers excluded)-Difference"":""-1000"",""Foreign Dealers-Total Buy"":""0"",""Foreign Dealers-TotalSell"":""0"",""ForeignDealers-Difference"":""0"",""ForeignInvestorsIncludeMainlandAreaInvestors-TotalBuy"":""0"",""ForeignInvestorsIncludeMainlandAreaInvestors-TotalSell"":""1000"",""ForeignInvestorsInclude MainlandAreaInvestors-Difference"":""-1000"",""SecuritiesInvestmentTrustCompanies-TotalBuy"":""0"",""SecuritiesInvestmentTrustCompanies-TotalSell"":""0"",""SecuritiesInvestmentTrustCompanies-Difference"":""0"",""Dealers-TotalBuy"":""0"",""Dealers-TotalSell"":""0"",""Dealers-Difference"":""0"",""Dealers -TotalSell"":""0"",""TotalDifference"":""-1000""}"
2026-09-08,TPEX,5704,老爺知,0,0,0,0,0,0,0,259,-259,"{""Date"":""1150908"",""SecuritiesCompanyCode"":""5704"",""CompanyName"":""老爺知"",""Foreign Investors include Mainland Area Investors (Foreign Dealers excluded)-Total Buy"":""4000"","" Foreign Investors include Mainland Area Investors (Foreign Dealers excluded)-Total Sell"":""5000"",""Foreign Investors include Mainland Area Investors (Foreign Dealers excluded)-Difference"":""-1000"",""Foreign Dealers-Total Buy"":""0"",""Foreign Dealers-TotalSell"":""0"",""ForeignDealers-Difference"":""0"",""ForeignInvestorsIncludeMainlandAreaInvestors-TotalBuy"":""4000"",""ForeignInvestorsIncludeMainlandAreaInvestors-TotalSell"":""5000"",""ForeignInvestorsInclude MainlandAreaInvestors-Difference"":""-1000"",""SecuritiesInvestmentTrustCompanies-TotalBuy"":""0"",""SecuritiesInvestmentTrustCompanies-TotalSell"":""0"",""SecuritiesInvestmentTrustCompanies-Difference"":""0"",""Dealers-TotalBuy"":""0"",""Dealers-TotalSell"":""259"",""Dealers-Difference"":""-259"",""Dealers -TotalSell"":""259"",""TotalDifference"":""-1259""}"
2026-09-08,TPEX,5864,致和證,0,0,0,0,0,0,0,0,0,"{""Date"":""1150908"",""SecuritiesCompanyCode"":""5864"",""CompanyName"":""致和證"",""Foreign Investors include Mainland Area Investors (Foreign Dealers excluded)-Total Buy"":""729692"","" Foreign Investors include Mainland Area Investors (Foreign Dealers excluded)-Total Sell"":""802000"",""Foreign Investors include Mainland Area Investors (Foreign Dealers excluded)-Difference"":""-72308"",""Foreign Dealers-Total Buy"":""0"",""Foreign Dealers-TotalSell"":""0"",""ForeignDealers-Difference"":""0"",""ForeignInvestorsIncludeMainlandAreaInvestors-TotalBuy"":""729692"",""ForeignInvestorsIncludeMainlandAreaInvestors-TotalSell"":""802000"",""ForeignInvestorsInclude MainlandAreaInvestors-Difference"":""-72308"",""SecuritiesInvestmentTrustCompanies-TotalBuy"":""0"",""SecuritiesInvestmentTrustCompanies-TotalSell"":""0"",""SecuritiesInvestmentTrustCompanies-Difference"":""0"",""Dealers-TotalBuy"":""0"",""Dealers-TotalSell"":""0"",""Dealers-Difference"":""0"",""Dealers -TotalSell"":""0"",""TotalDifference"":""-72308""}"
2026-09-08,TPEX,5902,德記,0,0,0,0,0,0,2000,2000,0,"{""Date"":""1150908"",""SecuritiesCompanyCode"":""5902"",""CompanyName"":""德記"",""Foreign Investors include Mainland Area Investors (Foreign Dealers excluded)-Total Buy"":""8000"","" Foreign Investors include Mainland Area Investors (Foreign Dealers excluded)-Total Sell"":""5000"",""Foreign Investors include Mainland Area Investors (Foreign Dealers excluded)-Difference"":""3000"",""Foreign Dealers-Total Buy"":""0"",""Foreign Dealers-TotalSell"":""0"",""ForeignDealers-Difference"":""0"",""ForeignInvestorsIncludeMainlandAreaInvestors-TotalBuy"":""8000"",""ForeignInvestorsIncludeMainlandAreaInvestors-TotalSell"":""5000"",""ForeignInvestorsInclude MainlandAreaInvestors-Difference"":""3000"",""SecuritiesInvestmentTrustCompanies-TotalBuy"":""0"",""SecuritiesInvestmentTrustCompanies-TotalSell"":""0"",""SecuritiesInvestmentTrustCompanies-Difference"":""0"",""Dealers-TotalBuy"":""2000"",""Dealers-TotalSell"":""2000"",""Dealers-Difference"":""0"",""Dealers -TotalSell"":""2000"",""TotalDifference"":""3000""}"
2026-09-08,TPEX,5903,全家,0,0,0,0,0,0,0,0,0,"{""Date"":""1150908"",""SecuritiesCompanyCode"":""5903"",""CompanyName"":""全家"",""Foreign Investors include Mainland Area Investors (Foreign Dealers excluded)-Total Buy"":""4000"","" Foreign Investors include Mainland Area Investors (Foreign Dealers excluded)-Total Sell"":""0"",""Foreign Investors include Mainland Area Investors (Foreign Dealers excluded)-Difference"":""4000"",""Foreign Dealers-Total Buy"":""0"",""Foreign Dealers-TotalSell"":""0"",""ForeignDealers-Difference"":""0"",""ForeignInvestorsIncludeMainlandAreaInvestors-TotalBuy"":""4000"",""ForeignInvestorsIncludeMainlandAreaInvestors-TotalSell"":""0"",""ForeignInvestorsInclude MainlandAreaInvestors-Difference"":""4000"",""SecuritiesInvestmentTrustCompanies-TotalBuy"":""0"",""SecuritiesInvestmentTrustCompanies-TotalSell"":""0"",""SecuritiesInvestmentTrustCompanies-Difference"":""0"",""Dealers-TotalBuy"":""0"",""Dealers-TotalSell"":""0"",""Dealers-Difference"":""0"",""Dealers -TotalSell"":""0"",""TotalDifference"":""4000""}"
2026-09-08,TPEX,5904,寶雅*,0,0,0,0,0,0,67607,73354,-5747,"{""Date"":""1150908"",""SecuritiesCompanyCode"":""5904"",""CompanyName"":""寶雅*"",""Foreign Investors include Mainland Area Investors (Foreign Dealers excluded)-Total Buy"":""1199447"","" Foreign Investors include Mainland Area Investors (Foreign Dealers excluded)-Total Sell"":""807686"",""Foreign Investors include Mainland Area Investors (Foreign Dealers excluded)-Difference"":""391761"",""Foreign Dealers-Total Buy"":""0"",""Foreign Dealers-TotalSell"":""0"",""ForeignDealers-Difference"":""0"",""ForeignInvestorsIncludeMainlandAreaInvestors-TotalBuy"":""1199447"",""ForeignInvestorsIncludeMainlandAreaInvestors-TotalSell"":""807686"",""ForeignInvestorsInclude MainlandAreaInvestors-Difference"":""391761"",""SecuritiesInvestmentTrustCompanies-TotalBuy"":""0"",""SecuritiesInvestmentTrustCompanies-TotalSell"":""0"",""SecuritiesInvestmentTrustCompanies-Difference"":""0"",""Dealers-TotalBuy"":""67607"",""Dealers-TotalSell"":""73354"",""Dealers-Difference"":""-5747"",""Dealers -TotalSell"":""65254"",""TotalDifference"":""386014""}"
2026-09-08,TPEX,5905,南仁湖,0,0,0,0,0,0,7000,7054,-54,"{""Date"":""1150908"",""SecuritiesCompanyCode"":""5905"",""CompanyName"":""南仁湖"",""Foreign Investors include Mainland Area Investors (Foreign Dealers excluded)-Total Buy"":""57000"","" Foreign Investors include Mainland Area Investors (Foreign Dealers excluded)-Total Sell"":""108000"",""Foreign Investors include Mainland Area Investors (Foreign Dealers excluded)-Difference"":""-51000"",""Foreign Dealers-Total Buy"":""0"",""Foreign Dealers-TotalSell"":""0"",""ForeignDealers-Difference"":""0"",""ForeignInvestorsIncludeMainlandAreaInvestors-TotalBuy"":""57000"",""ForeignInvestorsIncludeMainlandAreaInvestors-TotalSell"":""108000"",""ForeignInvestorsInclude MainlandAreaInvestors-Difference"":""-51000"",""SecuritiesInvestmentTrustCompanies-TotalBuy"":""0"",""SecuritiesInvestmentTrustCompanies-TotalSell"":""0"",""SecuritiesInvestmentTrustCompanies-Difference"":""0"",""Dealers-TotalBuy"":""7000"",""Dealers-TotalSell"":""7054"",""Dealers-Difference"":""-54"",""Dealers -TotalSell"":""7054"",""TotalDifference"":""-51054""}"
2026-09-08,TPEX,6015,宏遠證,0,0,0,0,0,0,0,0,0,"{""Date"":""1150908"",""SecuritiesCompanyCode"":""6015"",""CompanyName"":""宏遠證"",""Foreign Investors include Mainland Area Investors (Foreign Dealers excluded)-Total Buy"":""3032361"","" Foreign Investors include Mainland Area Investors (Foreign Dealers excluded)-Total Sell"":""611911"",""Foreign Investors include Mainland Area Investors (Foreign Dealers excluded)-Difference"":""2420450"",""Foreign Dealers-Total Buy"":""0"",""Foreign Dealers-TotalSell"":""0"",""ForeignDealers-Difference"":""0"",""ForeignInvestorsIncludeMainlandAreaInvestors-TotalBuy"":""3032361"",""ForeignInvestorsIncludeMainlandAreaInvestors-TotalSell"":""611911"",""ForeignInvestorsInclude MainlandAreaInvestors-Difference"":""2420450"",""SecuritiesInvestmentTrustCompanies-TotalBuy"":""0"",""SecuritiesInvestmentTrustCompanies-TotalSell"":""0"",""SecuritiesInvestmentTrustCompanies-Difference"":""0"",""Dealers-TotalBuy"":""0"",""Dealers-TotalSell"":""0"",""Dealers-Difference"":""0"",""Dealers -TotalSell"":""0"",""TotalDifference"":""2420450""}"
2026-09-08,TPEX,6016,康和證,0,0,0,0,0,0,0,0,0,"{""Date"":""1150908"",""SecuritiesCompanyCode"":""6016"",""CompanyName"":""康和證"",""Foreign Investors include Mainland Area Investors (Foreign Dealers excluded)-Total Buy"":""3597175"","" Foreign Investors include Mainland Area Investors (Foreign Dealers excluded)-Total Sell"":""2984750"",""Foreign Investors include Mainland Area Investors (Foreign Dealers excluded)-Difference"":""612425"",""Foreign Dealers-Total Buy"":""0"",""Foreign Dealers-TotalSell"":""0"",""ForeignDealers-Difference"":""0"",""ForeignInvestorsIncludeMainlandAreaInvestors-TotalBuy"":""3597175"",""ForeignInvestorsIncludeMainlandAreaInvestors-TotalSell"":""2984750"",""ForeignInvestorsInclude MainlandAreaInvestors-Difference"":""612425"",""SecuritiesInvestmentTrustCompanies-TotalBuy"":""0"",""SecuritiesInvestmentTrustCompanies-TotalSell"":""0"",""SecuritiesInvestmentTrustCompanies-Difference"":""0"",""Dealers-TotalBuy"":""0"",""Dealers-TotalSell"":""0"",""Dealers-Difference"":""0"",""Dealers -TotalSell"":""0"",""TotalDifference"":""612425""}"
2026-09-08,TPEX,6020,大展證,0,0,0,0,0,0,0,0,0,"{""Date"":""1150908"",""SecuritiesCompanyCode"":""6020"",""CompanyName"":""大展證"",""Foreign Investors include Mainland Area Investors (Foreign Dealers excluded)-Total Buy"":""0"","" Foreign Investors include Mainland Area Investors (Foreign Dealers excluded)-Total Sell"":""6000"",""Foreign Investors include Mainland Area Investors (Foreign Dealers excluded)-Difference"":""-6000"",""Foreign Dealers-Total Buy"":""0"",""Foreign Dealers-TotalSell"":""0"",""ForeignDealers-Difference"":""0"",""ForeignInvestorsIncludeMainlandAreaInvestors-TotalBuy"":""0"",""ForeignInvestorsIncludeMainlandAreaInvestors-TotalSell"":""6000"",""ForeignInvestorsInclude MainlandAreaInvestors-Difference"":""-6000"",""SecuritiesInvestmentTrustCompanies-TotalBuy"":""0"",""SecuritiesInvestmentTrustCompanies-TotalSell"":""0"",""SecuritiesInvestmentTrustCompanies-Difference"":""0"",""Dealers-TotalBuy"":""0"",""Dealers-TotalSell"":""0"",""Dealers-Difference"":""0"",""Dealers -TotalSell"":""0"",""TotalDifference"":""-6000""}"
2026-09-08,TPEX,6021,美好證,0,0,0,0,0,0,0,0,0,"{""Date"":""1150908"",""SecuritiesCompanyCode"":""6021"",""CompanyName"":""美好證"",""Foreign Investors include Mainland Area Investors (Foreign Dealers excluded)-Total Buy"":""145000"","" Foreign Investors include Mainland Area Investors (Foreign Dealers excluded)-Total Sell"":""78000"",""Foreign Investors include Mainland Area Investors (Foreign Dealers excluded)-Difference"":""67000"",""Foreign Dealers-Total Buy"":""0"",""Foreign Dealers-TotalSell"":""0"",""ForeignDealers-Difference"":""0"",""ForeignInvestorsIncludeMainlandAreaInvestors-TotalBuy"":""145000"",""ForeignInvestorsIncludeMainlandAreaInvestors-TotalSell"":""78000"",""ForeignInvestorsInclude MainlandAreaInvestors-Difference"":""67000"",""SecuritiesInvestmentTrustCompanies-TotalBuy"":""0"",""SecuritiesInvestmentTrustCompanies-TotalSell"":""0"",""SecuritiesInvestmentTrustCompanies-Difference"":""0"",""Dealers-TotalBuy"":""0"",""Dealers-TotalSell"":""0"",""Dealers-Difference"":""0"",""Dealers -TotalSell"":""0"",""TotalDifference"":""67000""}"
2026-09-08,TPEX,6023,元大期,0,0,0,0,0,0,0,0,0,"{""Date"":""1150908"",""SecuritiesCompanyCode"":""6023"",""CompanyName"":""元大期"",""Foreign Investors include Mainland Area Investors (Foreign Dealers excluded)-Total Buy"":""482000"","" Foreign Investors include Mainland Area Investors (Foreign Dealers excluded)-Total Sell"":""45000"",""Foreign Investors include Mainland Area Investors (Foreign Dealers excluded)-Difference"":""437000"",""Foreign Dealers-Total Buy"":""0"",""Foreign Dealers-TotalSell"":""0"",""ForeignDealers-Difference"":""0"",""ForeignInvestorsIncludeMainlandAreaInvestors-TotalBuy"":""482000"",""ForeignInvestorsIncludeMainlandAreaInvestors-TotalSell"":""45000"",""ForeignInvestorsInclude MainlandAreaInvestors-Difference"":""437000"",""SecuritiesInvestmentTrustCompanies-TotalBuy"":""0"",""SecuritiesInvestmentTrustCompanies-TotalSell"":""0"",""SecuritiesInvestmentTrustCompanies-Difference"":""0"",""Dealers-TotalBuy"":""0"",""Dealers-TotalSell"":""0"",""Dealers-Difference"":""0"",""Dealers -TotalSell"":""0"",""TotalDifference"":""437000""}"
2026-09-08,TPEX,6026,福邦證,0,0,0,0,0,0,0,0,0,"{""Date"":""1150908"",""SecuritiesCompanyCode"":""6026"",""CompanyName"":""福邦證"",""Foreign Investors include Mainland Area Investors (Foreign Dealers excluded)-Total Buy"":""778000"","" Foreign Investors include Mainland Area Investors (Foreign Dealers excluded)-Total Sell"":""97000"",""Foreign Investors include Mainland Area Investors (Foreign Dealers excluded)-Difference"":""681000"",""Foreign Dealers-Total Buy"":""0"",""Foreign Dealers-TotalSell"":""0"",""ForeignDealers-Difference"":""0"",""ForeignInvestorsIncludeMainlandAreaInvestors-TotalBuy"":""778000"",""ForeignInvestorsIncludeMainlandAreaInvestors-TotalSell"":""97000"",""ForeignInvestorsInclude MainlandAreaInvestors-Difference"":""681000"",""SecuritiesInvestmentTrustCompanies-TotalBuy"":""0"",""SecuritiesInvestmentTrustCompanies-TotalSell"":""0"",""SecuritiesInvestmentTrustCompanies-Difference"":""0"",""Dealers-TotalBuy"":""0"",""Dealers-TotalSell"":""0"",""Dealers-Difference"":""0"",""Dealers -TotalSell"":""0"",""TotalDifference"":""681000""}"
2026-09-08,TPEX,6101,寬魚國際,0,0,0,0,0,0,0,0,0,"{""Date"":""1150908"",""SecuritiesCompanyCode"":""6101"",""CompanyName"":""寬魚國際"",""Foreign Investors include Mainland Area Investors (Foreign Dealers excluded)-Total Buy"":""28000"","" Foreign Investors include Mainland Area Investors (Foreign Dealers excluded)-Total Sell"":""86000"",""Foreign Investors include Mainland Area Investors (Foreign Dealers excluded)-Difference"":""-58000"",""Foreign Dealers-Total Buy"":""0"",""Foreign Dealers-TotalSell"":""0"",""ForeignDealers-Difference"":""0"",""ForeignInvestorsIncludeMainlandAreaInvestors-TotalBuy"":""28000"",""ForeignInvestorsIncludeMainlandAreaInvestors-TotalSell"":""86000"",""ForeignInvestorsInclude MainlandAreaInvestors-Difference"":""-58000"",""SecuritiesInvestmentTrustCompanies-TotalBuy"":""0"",""SecuritiesInvestmentTrustCompanies-TotalSell"":""0"",""SecuritiesInvestmentTrustCompanies-Difference"":""0"",""Dealers-TotalBuy"":""0"",""Dealers-TotalSell"":""0"",""Dealers-Difference"":""0"",""Dealers -TotalSell"":""0"",""TotalDifference"":""-58000""}"
2026-09-08,TPEX,6103,合邦,0,0,0,0,0,0,0,0,0,"{""Date"":""1150908"",""SecuritiesCompanyCode"":""6103"",""CompanyName"":""合邦"",""Foreign Investors include Mainland Area Investors (Foreign Dealers excluded)-Total Buy"":""3000"","" Foreign Investors include Mainland Area Investors (Foreign Dealers excluded)-Total Sell"":""5000"",""Foreign Investors include Mainland Area Investors (Foreign Dealers excluded)-Difference"":""-2000"",""Foreign Dealers-Total Buy"":""0"",""Foreign Dealers-TotalSell"":""0"",""ForeignDealers-Difference"":""0"",""ForeignInvestorsIncludeMainlandAreaInvestors-TotalBuy"":""3000"",""ForeignInvestorsIncludeMainlandAreaInvestors-TotalSell"":""5000"",""ForeignInvestorsInclude MainlandAreaInvestors-Difference"":""-2000"",""SecuritiesInvestmentTrustCompanies-TotalBuy"":""0"",""SecuritiesInvestmentTrustCompanies-TotalSell"":""0"",""SecuritiesInvestmentTrustCompanies-Difference"":""0"",""Dealers-TotalBuy"":""0"",""Dealers-TotalSell"":""0"",""Dealers-Difference"":""0"",""Dealers -TotalSell"":""0"",""TotalDifference"":""-2000""}"
2026-09-08,TPEX,6104,創惟,0,0,0,0,0,0,15000,21001,-6001,"{""Date"":""1150908"",""SecuritiesCompanyCode"":""6104"",""CompanyName"":""創惟"",""Foreign Investors include Mainland Area Investors (Foreign Dealers excluded)-Total Buy"":""27213"","" Foreign Investors include Mainland Area Investors (Foreign Dealers excluded)-Total Sell"":""294000"",""Foreign Investors include Mainland Area Investors (Foreign Dealers excluded)-Difference"":""-266787"",""Foreign Dealers-Total Buy"":""0"",""Foreign Dealers-TotalSell"":""0"",""ForeignDealers-Difference"":""0"",""ForeignInvestorsIncludeMainlandAreaInvestors-TotalBuy"":""27213"",""ForeignInvestorsIncludeMainlandAreaInvestors-TotalSell"":""294000"",""ForeignInvestorsInclude MainlandAreaInvestors-Difference"":""-266787"",""SecuritiesInvestmentTrustCompanies-TotalBuy"":""0"",""SecuritiesInvestmentTrustCompanies-TotalSell"":""0"",""SecuritiesInvestmentTrustCompanies-Difference"":""0"",""Dealers-TotalBuy"":""15000"",""Dealers-TotalSell"":""21001"",""Dealers-Difference"":""-6001"",""Dealers -TotalSell"":""21001"",""TotalDifference"":""-272788""}"
2026-09-08,TPEX,6109,亞元,0,0,0,0,0,0,0,0,0,"{""Date"":""1150908"",""SecuritiesCompanyCode"":""6109"",""CompanyName"":""亞元"",""Foreign Investors include Mainland Area Investors (Foreign Dealers excluded)-Total Buy"":""0"","" Foreign Investors include Mainland Area Investors (Foreign Dealers excluded)-Total Sell"":""76000"",""Foreign Investors include Mainland Area Investors (Foreign Dealers excluded)-Difference"":""-76000"",""Foreign Dealers-Total Buy"":""0"",""Foreign Dealers-TotalSell"":""0"",""ForeignDealers-Difference"":""0"",""ForeignInvestorsIncludeMainlandAreaInvestors-TotalBuy"":""0"",""ForeignInvestorsIncludeMainlandAreaInvestors-TotalSell"":""76000"",""ForeignInvestorsInclude MainlandAreaInvestors-Difference"":""-76000"",""SecuritiesInvestmentTrustCompanies-TotalBuy"":""0"",""SecuritiesInvestmentTrustCompanies-TotalSell"":""0"",""SecuritiesInvestmentTrustCompanies-Difference"":""0"",""Dealers-TotalBuy"":""0"",""Dealers-TotalSell"":""0"",""Dealers-Difference"":""0"",""Dealers -TotalSell"":""0"",""TotalDifference"":""-76000""}"
2026-09-08,TPEX,6111,光聚晶電,0,0,0,0,0,0,2000,2552,-552,"{""Date"":""1150908"",""SecuritiesCompanyCode"":""6111"",""CompanyName"":""光聚晶電"",""Foreign Investors include Mainland Area Investors (Foreign Dealers excluded)-Total Buy"":""34000"","" Foreign Investors include Mainland Area Investors (Foreign Dealers excluded)-Total Sell"":""68000"",""Foreign Investors include Mainland Area Investors (Foreign Dealers excluded)-Difference"":""-34000"",""Foreign Dealers-Total Buy"":""0"",""Foreign Dealers-TotalSell"":""0"",""ForeignDealers-Difference"":""0"",""ForeignInvestorsIncludeMainlandAreaInvestors-TotalBuy"":""34000"",""ForeignInvestorsIncludeMainlandAreaInvestors-TotalSell"":""68000"",""ForeignInvestorsInclude MainlandAreaInvestors-Difference"":""-34000"",""SecuritiesInvestmentTrustCompanies-TotalBuy"":""0"",""SecuritiesInvestmentTrustCompanies-TotalSell"":""0"",""SecuritiesInvestmentTrustCompanies-Difference"":""0"",""Dealers-TotalBuy"":""2000"",""Dealers-TotalSell"":""2552"",""Dealers-Difference"":""-552"",""Dealers -TotalSell"":""2552"",""TotalDifference"":""-34552""}"
2026-09-08,TPEX,6113,亞矽,0,0,0,0,0,0,0,0,0,"{""Date"":""1150908"",""SecuritiesCompanyCode"":""6113"",""CompanyName"":""亞矽"",""Foreign Investors include Mainland Area Investors (Foreign Dealers excluded)-Total Buy"":""1000"","" Foreign Investors include Mainland Area Investors (Foreign Dealers excluded)-Total Sell"":""27000"",""Foreign Investors include Mainland Area Investors (Foreign Dealers excluded)-Difference"":""-26000"",""Foreign Dealers-Total Buy"":""0"",""Foreign Dealers-TotalSell"":""0"",""ForeignDealers-Difference"":""0"",""ForeignInvestorsIncludeMainlandAreaInvestors-TotalBuy"":""1000"",""ForeignInvestorsIncludeMainlandAreaInvestors-TotalSell"":""27000"",""ForeignInvestorsInclude MainlandAreaInvestors-Difference"":""-26000"",""SecuritiesInvestmentTrustCompanies-TotalBuy"":""0"",""SecuritiesInvestmentTrustCompanies-TotalSell"":""0"",""SecuritiesInvestmentTrustCompanies-Difference"":""0"",""Dealers-TotalBuy"":""0"",""Dealers-TotalSell"":""0"",""Dealers-Difference"":""0"",""Dealers -TotalSell"":""0"",""TotalDifference"":""-26000""}"
2026-09-08,TPEX,6114,久威,0,0,0,0,0,0,0,0,0,"{""Date"":""1150908"",""SecuritiesCompanyCode"":""6114"",""CompanyName"":""久威"",""Foreign Investors include Mainland Area Investors (Foreign Dealers excluded)-Total Buy"":""0"","" Foreign Investors include Mainland Area Investors (Foreign Dealers excluded)-Total Sell"":""2000"",""Foreign Investors include Mainland Area Investors (Foreign Dealers excluded)-Difference"":""-2000"",""Foreign Dealers-Total Buy"":""0"",""Foreign Dealers-TotalSell"":""0"",""ForeignDealers-Difference"":""0"",""ForeignInvestorsIncludeMainlandAreaInvestors-TotalBuy"":""0"",""ForeignInvestorsIncludeMainlandAreaInvestors-TotalSell"":""2000"",""ForeignInvestorsInclude MainlandAreaInvestors-Difference"":""-2000"",""SecuritiesInvestmentTrustCompanies-TotalBuy"":""0"",""SecuritiesInvestmentTrustCompanies-TotalSell"":""0"",""SecuritiesInvestmentTrustCompanies-Difference"":""0"",""Dealers-TotalBuy"":""0"",""Dealers-TotalSell"":""0"",""Dealers-Difference"":""0"",""Dealers -TotalSell"":""0"",""TotalDifference"":""-2000""}"
2026-09-08,TPEX,6118,建達,0,0,0,0,0,0,0,0,0,"{""Date"":""1150908"",""SecuritiesCompanyCode"":""6118"",""CompanyName"":""建達"",""Foreign Investors include Mainland Area Investors (Foreign Dealers excluded)-Total Buy"":""6000"","" Foreign Investors include Mainland Area Investors (Foreign Dealers excluded)-Total Sell"":""11000"",""Foreign Investors include Mainland Area Investors (Foreign Dealers excluded)-Difference"":""-5000"",""Foreign Dealers-Total Buy"":""0"",""Foreign Dealers-TotalSell"":""0"",""ForeignDealers-Difference"":""0"",""ForeignInvestorsIncludeMainlandAreaInvestors-TotalBuy"":""6000"",""ForeignInvestorsIncludeMainlandAreaInvestors-TotalSell"":""11000"",""ForeignInvestorsInclude MainlandAreaInvestors-Difference"":""-5000"",""SecuritiesInvestmentTrustCompanies-TotalBuy"":""0"",""SecuritiesInvestmentTrustCompanies-TotalSell"":""0"",""SecuritiesInvestmentTrustCompanies-Difference"":""0"",""Dealers-TotalBuy"":""0"",""Dealers-TotalSell"":""0"",""Dealers-Difference"":""0"",""Dealers -TotalSell"":""0"",""TotalDifference"":""-5000""}"
2026-09-08,TPEX,6121,新普,0,0,0,35000,0,35000,26000,34285,-8285,"{""Date"":""1150908"",""SecuritiesCompanyCode"":""6121"",""CompanyName"":""新普"",""Foreign Investors include Mainland Area Investors (Foreign Dealers excluded)-Total Buy"":""201133"","" Foreign Investors include Mainland Area Investors (Foreign Dealers excluded)-Total Sell"":""452000"",""Foreign Investors include Mainland Area Investors (Foreign Dealers excluded)-Difference"":""-250867"",""Foreign Dealers-Total Buy"":""0"",""Foreign Dealers-TotalSell"":""0"",""ForeignDealers-Difference"":""0"",""ForeignInvestorsIncludeMainlandAreaInvestors-TotalBuy"":""201133"",""ForeignInvestorsIncludeMainlandAreaInvestors-TotalSell"":""452000"",""ForeignInvestorsInclude MainlandAreaInvestors-Difference"":""-250867"",""SecuritiesInvestmentTrustCompanies-TotalBuy"":""35000"",""SecuritiesInvestmentTrustCompanies-TotalSell"":""0"",""SecuritiesInvestmentTrustCompanies-Difference"":""35000"",""Dealers-TotalBuy"":""26000"",""Dealers-TotalSell"":""34285"",""Dealers-Difference"":""-8285"",""Dealers -TotalSell"":""19153"",""TotalDifference"":""-224152""}"
2026-09-08,TPEX,6122,擎邦,0,0,0,0,0,0,171,1491,-1320,"{""Date"":""1150908"",""SecuritiesCompanyCode"":""6122"",""CompanyName"":""擎邦"",""Foreign Investors include Mainland Area Investors (Foreign Dealers excluded)-Total Buy"":""29001"","" Foreign Investors include Mainland Area Investors (Foreign Dealers excluded)-Total Sell"":""35000"",""Foreign Investors include Mainland Area Investors (Foreign Dealers excluded)-Difference"":""-5999"",""Foreign Dealers-Total Buy"":""0"",""Foreign Dealers-TotalSell"":""0"",""ForeignDealers-Difference"":""0"",""ForeignInvestorsIncludeMainlandAreaInvestors-TotalBuy"":""29001"",""ForeignInvestorsIncludeMainlandAreaInvestors-TotalSell"":""35000"",""ForeignInvestorsInclude MainlandAreaInvestors-Difference"":""-5999"",""SecuritiesInvestmentTrustCompanies-TotalBuy"":""0"",""SecuritiesInvestmentTrustCompanies-TotalSell"":""0"",""SecuritiesInvestmentTrustCompanies-Difference"":""0"",""Dealers-TotalBuy"":""171"",""Dealers-TotalSell"":""1491"",""Dealers-Difference"":""-1320"",""Dealers -TotalSell"":""1491"",""TotalDifference"":""-7319""}"
2026-09-08,TPEX,6123,上奇,0,0,0,0,0,0,1000,236,764,"{""Date"":""1150908"",""SecuritiesCompanyCode"":""6123"",""CompanyName"":""上奇"",""Foreign Investors include Mainland Area Investors (Foreign Dealers excluded)-Total Buy"":""2000"","" Foreign Investors include Mainland Area Investors (Foreign Dealers excluded)-Total Sell"":""1000"",""Foreign Investors include Mainland Area Investors (Foreign Dealers excluded)-Difference"":""1000"",""Foreign Dealers-Total Buy"":""0"",""Foreign Dealers-TotalSell"":""0"",""ForeignDealers-Difference"":""0"",""ForeignInvestorsIncludeMainlandAreaInvestors-TotalBuy"":""2000"",""ForeignInvestorsIncludeMainlandAreaInvestors-TotalSell"":""1000"",""ForeignInvestorsInclude MainlandAreaInvestors-Difference"":""1000"",""SecuritiesInvestmentTrustCompanies-TotalBuy"":""0"",""SecuritiesInvestmentTrustCompanies-TotalSell"":""0"",""SecuritiesInvestmentTrustCompanies-Difference"":""0"",""Dealers-TotalBuy"":""1000"",""Dealers-TotalSell"":""236"",""Dealers-Difference"":""764"",""Dealers -TotalSell"":""236"",""TotalDifference"":""1764""}"
2026-09-08,TPEX,6124,業強,0,0,0,0,0,0,1,0,1,"{""Date"":""1150908"",""SecuritiesCompanyCode"":""6124"",""CompanyName"":""業強"",""Foreign Investors include Mainland Area Investors (Foreign Dealers excluded)-Total Buy"":""4000"","" Foreign Investors include Mainland Area Investors (Foreign Dealers excluded)-Total Sell"":""2000"",""Foreign Investors include Mainland Area Investors (Foreign Dealers excluded)-Difference"":""2000"",""Foreign Dealers-Total Buy"":""0"",""Foreign Dealers-TotalSell"":""0"",""ForeignDealers-Difference"":""0"",""ForeignInvestorsIncludeMainlandAreaInvestors-TotalBuy"":""4000"",""ForeignInvestorsIncludeMainlandAreaInvestors-TotalSell"":""2000"",""ForeignInvestorsInclude MainlandAreaInvestors-Difference"":""2000"",""SecuritiesInvestmentTrustCompanies-TotalBuy"":""0"",""SecuritiesInvestmentTrustCompanies-TotalSell"":""0"",""SecuritiesInvestmentTrustCompanies-Difference"":""0"",""Dealers-TotalBuy"":""1"",""Dealers-TotalSell"":""0"",""Dealers-Difference"":""1"",""Dealers -TotalSell"":""0"",""TotalDifference"":""2001""}"
2026-09-08,TPEX,6125,廣運,0,0,0,0,0,0,2000,6316,-4316,"{""Date"":""1150908"",""SecuritiesCompanyCode"":""6125"",""CompanyName"":""廣運"",""Foreign Investors include Mainland Area Investors (Foreign Dealers excluded)-Total Buy"":""44000"","" Foreign Investors include Mainland Area Investors (Foreign Dealers excluded)-Total Sell"":""184000"",""Foreign Investors include Mainland Area Investors (Foreign Dealers excluded)-Difference"":""-140000"",""Foreign Dealers-Total Buy"":""0"",""Foreign Dealers-TotalSell"":""0"",""ForeignDealers-Difference"":""0"",""ForeignInvestorsIncludeMainlandAreaInvestors-TotalBuy"":""44000"",""ForeignInvestorsIncludeMainlandAreaInvestors-TotalSell"":""184000"",""ForeignInvestorsInclude MainlandAreaInvestors-Difference"":""-140000"",""SecuritiesInvestmentTrustCompanies-TotalBuy"":""0"",""SecuritiesInvestmentTrustCompanies-TotalSell"":""0"",""SecuritiesInvestmentTrustCompanies-Difference"":""0"",""Dealers-TotalBuy"":""2000"",""Dealers-TotalSell"":""6316"",""Dealers-Difference"":""-4316"",""Dealers -TotalSell"":""5316"",""TotalDifference"":""-144316""}"
2026-09-08,TPEX,6126,信音,0,0,0,0,0,0,1000,9719,-8719,"{""Date"":""1150908"",""SecuritiesCompanyCode"":""6126"",""CompanyName"":""信音"",""Foreign Investors include Mainland Area Investors (Foreign Dealers excluded)-Total Buy"":""27100"","" Foreign Investors include Mainland Area Investors (Foreign Dealers excluded)-Total Sell"":""136000"",""Foreign Investors include Mainland Area Investors (Foreign Dealers excluded)-Difference"":""-108900"",""Foreign Dealers-Total Buy"":""0"",""Foreign Dealers-TotalSell"":""0"",""ForeignDealers-Difference"":""0"",""ForeignInvestorsIncludeMainlandAreaInvestors-TotalBuy"":""27100"",""ForeignInvestorsIncludeMainlandAreaInvestors-TotalSell"":""136000"",""ForeignInvestorsInclude MainlandAreaInvestors-Difference"":""-108900"",""SecuritiesInvestmentTrustCompanies-TotalBuy"":""0"",""SecuritiesInvestmentTrustCompanies-TotalSell"":""0"",""SecuritiesInvestmentTrustCompanies-Difference"":""0"",""Dealers-TotalBuy"":""1000"",""Dealers-TotalSell"":""9719"",""Dealers-Difference"":""-8719"",""Dealers -TotalSell"":""9719"",""TotalDifference"":""-117619""}"
2026-09-08,TPEX,6127,九豪,0,0,0,0,0,0,9711,29118,-19407,"{""Date"":""1150908"",""SecuritiesCompanyCode"":""6127"",""CompanyName"":""九豪"",""Foreign Investors include Mainland Area Investors (Foreign Dealers excluded)-Total Buy"":""367131"","" Foreign Investors include Mainland Area Investors (Foreign Dealers excluded)-Total Sell"":""924000"",""Foreign Investors include Mainland Area Investors (Foreign Dealers excluded)-Difference"":""-556869"",""Foreign Dealers-Total Buy"":""0"",""Foreign Dealers-TotalSell"":""0"",""ForeignDealers-Difference"":""0"",""ForeignInvestorsIncludeMainlandAreaInvestors-TotalBuy"":""367131"",""ForeignInvestorsIncludeMainlandAreaInvestors-TotalSell"":""924000"",""ForeignInvestorsInclude MainlandAreaInvestors-Difference"":""-556869"",""SecuritiesInvestmentTrustCompanies-TotalBuy"":""0"",""SecuritiesInvestmentTrustCompanies-TotalSell"":""0"",""SecuritiesInvestmentTrustCompanies-Difference"":""0"",""Dealers-TotalBuy"":""9711"",""Dealers-TotalSell"":""29118"",""Dealers-Difference"":""-19407"",""Dealers -TotalSell"":""29118"",""TotalDifference"":""-576276""}"
2026-09-08,TPEX,6130,上亞科技,0,0,0,0,0,0,0,0,0,"{""Date"":""1150908"",""SecuritiesCompanyCode"":""6130"",""CompanyName"":""上亞科技"",""Foreign Investors include Mainland Area Investors (Foreign Dealers excluded)-Total Buy"":""18000"","" Foreign Investors include Mainland Area Investors (Foreign Dealers excluded)-Total Sell"":""45000"",""Foreign Investors include Mainland Area Investors (Foreign Dealers excluded)-Difference"":""-27000"",""Foreign Dealers-Total Buy"":""0"",""Foreign Dealers-TotalSell"":""0"",""ForeignDealers-Difference"":""0"",""ForeignInvestorsIncludeMainlandAreaInvestors-TotalBuy"":""18000"",""ForeignInvestorsIncludeMainlandAreaInvestors-TotalSell"":""45000"",""ForeignInvestorsInclude MainlandAreaInvestors-Difference"":""-27000"",""SecuritiesInvestmentTrustCompanies-TotalBuy"":""0"",""SecuritiesInvestmentTrustCompanies-TotalSell"":""0"",""SecuritiesInvestmentTrustCompanies-Difference"":""0"",""Dealers-TotalBuy"":""0"",""Dealers-TotalSell"":""0"",""Dealers-Difference"":""0"",""Dealers -TotalSell"":""0"",""TotalDifference"":""-27000""}"
2026-09-08,TPEX,6134,萬旭,0,0,0,0,0,0,500,30729,-30229,"{""Date"":""1150908"",""SecuritiesCompanyCode"":""6134"",""CompanyName"":""萬旭"",""Foreign Investors include Mainland Area Investors (Foreign Dealers excluded)-Total Buy"":""56160"","" Foreign Investors include Mainland Area Investors (Foreign Dealers excluded)-Total Sell"":""56001"",""Foreign Investors include Mainland Area Investors (Foreign Dealers excluded)-Difference"":""159"",""Foreign Dealers-Total Buy"":""0"",""Foreign Dealers-TotalSell"":""0"",""ForeignDealers-Difference"":""0"",""ForeignInvestorsIncludeMainlandAreaInvestors-TotalBuy"":""56160"",""ForeignInvestorsIncludeMainlandAreaInvestors-TotalSell"":""56001"",""ForeignInvestorsInclude MainlandAreaInvestors-Difference"":""159"",""SecuritiesInvestmentTrustCompanies-TotalBuy"":""0"",""SecuritiesInvestmentTrustCompanies-TotalSell"":""0"",""SecuritiesInvestmentTrustCompanies-Difference"":""0"",""Dealers-TotalBuy"":""500"",""Dealers-TotalSell"":""30729"",""Dealers-Difference"":""-30229"",""Dealers -TotalSell"":""30729"",""TotalDifference"":""-30070""}"
2026-09-08,TPEX,6138,茂達,0,0,0,0,0,0,41000,50529,-9529,"{""Date"":""1150908"",""SecuritiesCompanyCode"":""6138"",""CompanyName"":""茂達"",""Foreign Investors include Mainland Area Investors (Foreign Dealers excluded)-Total Buy"":""128100"","" Foreign Investors include Mainland Area Investors (Foreign Dealers excluded)-Total Sell"":""477420"",""Foreign Investors include Mainland Area Investors (Foreign Dealers excluded)-Difference"":""-349320"",""Foreign Dealers-Total Buy"":""0"",""Foreign Dealers-TotalSell"":""0"",""ForeignDealers-Difference"":""0"",""ForeignInvestorsIncludeMainlandAreaInvestors-TotalBuy"":""128100"",""ForeignInvestorsIncludeMainlandAreaInvestors-TotalSell"":""477420"",""ForeignInvestorsInclude MainlandAreaInvestors-Difference"":""-349320"",""SecuritiesInvestmentTrustCompanies-TotalBuy"":""0"",""SecuritiesInvestmentTrustCompanies-TotalSell"":""0"",""SecuritiesInvestmentTrustCompanies-Difference"":""0"",""Dealers-TotalBuy"":""41000"",""Dealers-TotalSell"":""50529"",""Dealers-Difference"":""-9529"",""Dealers -TotalSell"":""46355"",""TotalDifference"":""-358849""}"
2026-09-08,TPEX,6140,訊達,0,0,0,0,0,0,64,0,64,"{""Date"":""1150908"",""SecuritiesCompanyCode"":""6140"",""CompanyName"":""訊達"",""Foreign Investors include Mainland Area Investors (Foreign Dealers excluded)-Total Buy"":""5000"","" Foreign Investors include Mainland Area Investors (Foreign Dealers excluded)-Total Sell"":""15000"",""Foreign Investors include Mainland Area Investors (Foreign Dealers excluded)-Difference"":""-10000"",""Foreign Dealers-Total Buy"":""0"",""Foreign Dealers-TotalSell"":""0"",""ForeignDealers-Difference"":""0"",""ForeignInvestorsIncludeMainlandAreaInvestors-TotalBuy"":""5000"",""ForeignInvestorsIncludeMainlandAreaInvestors-TotalSell"":""15000"",""ForeignInvestorsInclude MainlandAreaInvestors-Difference"":""-10000"",""SecuritiesInvestmentTrustCompanies-TotalBuy"":""0"",""SecuritiesInvestmentTrustCompanies-TotalSell"":""0"",""SecuritiesInvestmentTrustCompanies-Difference"":""0"",""Dealers-TotalBuy"":""64"",""Dealers-TotalSell"":""0"",""Dealers-Difference"":""64"",""Dealers -TotalSell"":""0"",""TotalDifference"":""-9936""}"
2026-09-08,TPEX,6143,振曜,0,0,0,0,0,0,8000,11288,-3288,"{""Date"":""1150908"",""SecuritiesCompanyCode"":""6143"",""CompanyName"":""振曜"",""Foreign Investors include Mainland Area Investors (Foreign Dealers excluded)-Total Buy"":""38000"","" Foreign Investors include Mainland Area Investors (Foreign Dealers excluded)-Total Sell"":""161000"",""Foreign Investors include Mainland Area Investors (Foreign Dealers excluded)-Difference"":""-123000"",""Foreign Dealers-Total Buy"":""0"",""Foreign Dealers-TotalSell"":""0"",""ForeignDealers-Difference"":""0"",""ForeignInvestorsIncludeMainlandAreaInvestors-TotalBuy"":""38000"",""ForeignInvestorsIncludeMainlandAreaInvestors-TotalSell"":""161000"",""ForeignInvestorsInclude MainlandAreaInvestors-Difference"":""-123000"",""SecuritiesInvestmentTrustCompanies-TotalBuy"":""0"",""SecuritiesInvestmentTrustCompanies-TotalSell"":""0"",""SecuritiesInvestmentTrustCompanies-Difference"":""0"",""Dealers-TotalBuy"":""8000"",""Dealers-TotalSell"":""11288"",""Dealers-Difference"":""-3288"",""Dealers -TotalSell"":""11288"",""TotalDifference"":""-126288""}"
2026-09-08,TPEX,6146,耕興,0,0,0,0,0,0,2000,2188,-188,"{""Date"":""1150908"",""SecuritiesCompanyCode"":""6146"",""CompanyName"":""耕興"",""Foreign Investors include Mainland Area Investors (Foreign Dealers excluded)-Total Buy"":""29000"","" Foreign Investors include Mainland Area Investors (Foreign Dealers excluded)-Total Sell"":""93000"",""Foreign Investors include Mainland Area Investors (Foreign Dealers excluded)-Difference"":""-64000"",""Foreign Dealers-Total Buy"":""0"",""Foreign Dealers-TotalSell"":""0"",""ForeignDealers-Difference"":""0"",""ForeignInvestorsIncludeMainlandAreaInvestors-TotalBuy"":""29000"",""ForeignInvestorsIncludeMainlandAreaInvestors-TotalSell"":""93000"",""ForeignInvestorsInclude MainlandAreaInvestors-Difference"":""-64000"",""SecuritiesInvestmentTrustCompanies-TotalBuy"":""0"",""SecuritiesInvestmentTrustCompanies-TotalSell"":""0"",""SecuritiesInvestmentTrustCompanies-Difference"":""0"",""Dealers-TotalBuy"":""2000"",""Dealers-TotalSell"":""2188"",""Dealers-Difference"":""-188"",""Dealers -TotalSell"":""2188"",""TotalDifference"":""-64188""}"
2026-09-08,TPEX,6147,頎邦,0,0,0,9000,140194,-131194,652649,431630,-784597,"{""Date"":""1150908"",""SecuritiesCompanyCode"":""6147"",""CompanyName"":""頎邦"",""Foreign Investors include Mainland Area Investors (Foreign Dealers excluded)-Total Buy"":""13203573"","" Foreign Investors include Mainland Area Investors (Foreign Dealers excluded)-Total Sell"":""20385725"",""Foreign Investors include Mainland Area Investors (Foreign Dealers excluded)-Difference"":""-7182152"",""Foreign Dealers-Total Buy"":""0"",""Foreign Dealers-TotalSell"":""0"",""ForeignDealers-Difference"":""0"",""ForeignInvestorsIncludeMainlandAreaInvestors-TotalBuy"":""13203573"",""ForeignInvestorsIncludeMainlandAreaInvestors-TotalSell"":""20385725"",""ForeignInvestorsInclude MainlandAreaInvestors-Difference"":""-7182152"",""SecuritiesInvestmentTrustCompanies-TotalBuy"":""9000"",""SecuritiesInvestmentTrustCompanies-TotalSell"":""140194"",""SecuritiesInvestmentTrustCompanies-Difference"":""-131194"",""Dealers-TotalBuy"":""652649"",""Dealers-TotalSell"":""1437246"",""Dealers-Difference"":""-784597"",""Dealers -TotalSell"":""431630"",""TotalDifference"":""-8097943""}"
2026-09-08,TPEX,6148,驊宏資,0,0,0,0,0,0,1,2,-1,"{""Date"":""1150908"",""SecuritiesCompanyCode"":""6148"",""CompanyName"":""驊宏資"",""Foreign Investors include Mainland Area Investors (Foreign Dealers excluded)-Total Buy"":""13000"","" Foreign Investors include Mainland Area Investors (Foreign Dealers excluded)-Total Sell"":""13000"",""Foreign Investors include Mainland Area Investors (Foreign Dealers excluded)-Difference"":""0"",""Foreign Dealers-Total Buy"":""0"",""Foreign Dealers-TotalSell"":""0"",""ForeignDealers-Difference"":""0"",""ForeignInvestorsIncludeMainlandAreaInvestors-TotalBuy"":""13000"",""ForeignInvestorsIncludeMainlandAreaInvestors-TotalSell"":""13000"",""ForeignInvestorsInclude MainlandAreaInvestors-Difference"":""0"",""SecuritiesInvestmentTrustCompanies-TotalBuy"":""0"",""SecuritiesInvestmentTrustCompanies-TotalSell"":""0"",""SecuritiesInvestmentTrustCompanies-Difference"":""0"",""Dealers-TotalBuy"":""1"",""Dealers-TotalSell"":""2"",""Dealers-Difference"":""-1"",""Dealers -TotalSell"":""2"",""TotalDifference"":""-1""}"
2026-09-08,TPEX,6150,撼訊,0,0,0,0,0,0,1330,1604,-274,"{""Date"":""1150908"",""SecuritiesCompanyCode"":""6150"",""CompanyName"":""撼訊"",""Foreign Investors include Mainland Area Investors (Foreign Dealers excluded)-Total Buy"":""4000"","" Foreign Investors include Mainland Area Investors (Foreign Dealers excluded)-Total Sell"":""22000"",""Foreign Investors include Mainland Area Investors (Foreign Dealers excluded)-Difference"":""-18000"",""Foreign Dealers-Total Buy"":""0"",""Foreign Dealers-TotalSell"":""0"",""ForeignDealers-Difference"":""0"",""ForeignInvestorsIncludeMainlandAreaInvestors-TotalBuy"":""4000"",""ForeignInvestorsIncludeMainlandAreaInvestors-TotalSell"":""22000"",""ForeignInvestorsInclude MainlandAreaInvestors-Difference"":""-18000"",""SecuritiesInvestmentTrustCompanies-TotalBuy"":""0"",""SecuritiesInvestmentTrustCompanies-TotalSell"":""0"",""SecuritiesInvestmentTrustCompanies-Difference"":""0"",""Dealers-TotalBuy"":""1330"",""Dealers-TotalSell"":""1604"",""Dealers-Difference"":""-274"",""Dealers -TotalSell"":""1604"",""TotalDifference"":""-18274""}"
2026-09-08,TPEX,6151,晉倫,0,0,0,0,0,0,2000,1331,669,"{""Date"":""1150908"",""SecuritiesCompanyCode"":""6151"",""CompanyName"":""晉倫"",""Foreign Investors include Mainland Area Investors (Foreign Dealers excluded)-Total Buy"":""11000"","" Foreign Investors include Mainland Area Investors (Foreign Dealers excluded)-Total Sell"":""75000"",""Foreign Investors include Mainland Area Investors (Foreign Dealers excluded)-Difference"":""-64000"",""Foreign Dealers-Total Buy"":""0"",""Foreign Dealers-TotalSell"":""0"",""ForeignDealers-Difference"":""0"",""ForeignInvestorsIncludeMainlandAreaInvestors-TotalBuy"":""11000"",""ForeignInvestorsIncludeMainlandAreaInvestors-TotalSell"":""75000"",""ForeignInvestorsInclude MainlandAreaInvestors-Difference"":""-64000"",""SecuritiesInvestmentTrustCompanies-TotalBuy"":""0"",""SecuritiesInvestmentTrustCompanies-TotalSell"":""0"",""SecuritiesInvestmentTrustCompanies-Difference"":""0"",""Dealers-TotalBuy"":""2000"",""Dealers-TotalSell"":""1331"",""Dealers-Difference"":""669"",""Dealers -TotalSell"":""1331"",""TotalDifference"":""-63331""}"
2026-09-08,TPEX,6154,順發,0,0,0,0,0,0,0,0,0,"{""Date"":""1150908"",""SecuritiesCompanyCode"":""6154"",""CompanyName"":""順發"",""Foreign Investors include Mainland Area Investors (Foreign Dealers excluded)-Total Buy"":""1000"","" Foreign Investors include Mainland Area Investors (Foreign Dealers excluded)-Total Sell"":""2000"",""Foreign Investors include Mainland Area Investors (Foreign Dealers excluded)-Difference"":""-1000"",""Foreign Dealers-Total Buy"":""0"",""Foreign Dealers-TotalSell"":""0"",""ForeignDealers-Difference"":""0"",""ForeignInvestorsIncludeMainlandAreaInvestors-TotalBuy"":""1000"",""ForeignInvestorsIncludeMainlandAreaInvestors-TotalSell"":""2000"",""ForeignInvestorsInclude MainlandAreaInvestors-Difference"":""-1000"",""SecuritiesInvestmentTrustCompanies-TotalBuy"":""0"",""SecuritiesInvestmentTrustCompanies-TotalSell"":""0"",""SecuritiesInvestmentTrustCompanies-Difference"":""0"",""Dealers-TotalBuy"":""0"",""Dealers-TotalSell"":""0"",""Dealers-Difference"":""0"",""Dealers -TotalSell"":""0"",""TotalDifference"":""-1000""}"
2026-09-08,TPEX,6156,松上,0,0,0,0,0,0,4000,3903,97,"{""Date"":""1150908"",""SecuritiesCompanyCode"":""6156"",""CompanyName"":""松上"",""Foreign Investors include Mainland Area Investors (Foreign Dealers excluded)-Total Buy"":""24000"","" Foreign Investors include Mainland Area Investors (Foreign Dealers excluded)-Total Sell"":""169000"",""Foreign Investors include Mainland Area Investors (Foreign Dealers excluded)-Difference"":""-145000"",""Foreign Dealers-Total Buy"":""0"",""Foreign Dealers-TotalSell"":""0"",""ForeignDealers-Difference"":""0"",""ForeignInvestorsIncludeMainlandAreaInvestors-TotalBuy"":""24000"",""ForeignInvestorsIncludeMainlandAreaInvestors-TotalSell"":""169000"",""ForeignInvestorsInclude MainlandAreaInvestors-Difference"":""-145000"",""SecuritiesInvestmentTrustCompanies-TotalBuy"":""0"",""SecuritiesInvestmentTrustCompanies-TotalSell"":""0"",""SecuritiesInvestmentTrustCompanies-Difference"":""0"",""Dealers-TotalBuy"":""4000"",""Dealers-TotalSell"":""3903"",""Dealers-Difference"":""97"",""Dealers -TotalSell"":""3903"",""TotalDifference"":""-144903""}"
2026-09-08,TPEX,6158,禾昌,0,0,0,0,0,0,2,0,2,"{""Date"":""1150908"",""SecuritiesCompanyCode"":""6158"",""CompanyName"":""禾昌"",""Foreign Investors include Mainland Area Investors (Foreign Dealers excluded)-Total Buy"":""2000"","" Foreign Investors include Mainland Area Investors (Foreign Dealers excluded)-Total Sell"":""3000"",""Foreign Investors include Mainland Area Investors (Foreign Dealers excluded)-Difference"":""-1000"",""Foreign Dealers-Total Buy"":""0"",""Foreign Dealers-TotalSell"":""0"",""ForeignDealers-Difference"":""0"",""ForeignInvestorsIncludeMainlandAreaInvestors-TotalBuy"":""2000"",""ForeignInvestorsIncludeMainlandAreaInvestors-TotalSell"":""3000"",""ForeignInvestorsInclude MainlandAreaInvestors-Difference"":""-1000"",""SecuritiesInvestmentTrustCompanies-TotalBuy"":""0"",""SecuritiesInvestmentTrustCompanies-TotalSell"":""0"",""SecuritiesInvestmentTrustCompanies-Difference"":""0"",""Dealers-TotalBuy"":""2"",""Dealers-TotalSell"":""0"",""Dealers-Difference"":""2"",""Dealers -TotalSell"":""0"",""TotalDifference"":""-998""}"
2026-09-08,TPEX,6160,欣技,0,0,0,0,0,0,0,250,-250,"{""Date"":""1150908"",""SecuritiesCompanyCode"":""6160"",""CompanyName"":""欣技"",""Foreign Investors include Mainland Area Investors (Foreign Dealers excluded)-Total Buy"":""0"","" Foreign Investors include Mainland Area Investors (Foreign Dealers excluded)-Total Sell"":""3000"",""Foreign Investors include Mainland Area Investors (Foreign Dealers excluded)-Difference"":""-3000"",""Foreign Dealers-Total Buy"":""0"",""Foreign Dealers-TotalSell"":""0"",""ForeignDealers-Difference"":""0"",""ForeignInvestorsIncludeMainlandAreaInvestors-TotalBuy"":""0"",""ForeignInvestorsIncludeMainlandAreaInvestors-TotalSell"":""3000"",""ForeignInvestorsInclude MainlandAreaInvestors-Difference"":""-3000"",""SecuritiesInvestmentTrustCompanies-TotalBuy"":""0"",""SecuritiesInvestmentTrustCompanies-TotalSell"":""0"",""SecuritiesInvestmentTrustCompanies-Difference"":""0"",""Dealers-TotalBuy"":""0"",""Dealers-TotalSell"":""250"",""Dealers-Difference"":""-250"",""Dealers -TotalSell"":""250"",""TotalDifference"":""-3250""}"
2026-09-08,TPEX,6161,捷波,0,0,0,0,0,0,4000,4000,0,"{""Date"":""1150908"",""SecuritiesCompanyCode"":""6161"",""CompanyName"":""捷波"",""Foreign Investors include Mainland Area Investors (Foreign Dealers excluded)-Total Buy"":""2000"","" Foreign Investors include Mainland Area Investors (Foreign Dealers excluded)-Total Sell"":""37000"",""Foreign Investors include Mainland Area Investors (Foreign Dealers excluded)-Difference"":""-35000"",""Foreign Dealers-Total Buy"":""0"",""Foreign Dealers-TotalSell"":""0"",""ForeignDealers-Difference"":""0"",""ForeignInvestorsIncludeMainlandAreaInvestors-TotalBuy"":""2000"",""ForeignInvestorsIncludeMainlandAreaInvestors-TotalSell"":""37000"",""ForeignInvestorsInclude MainlandAreaInvestors-Difference"":""-35000"",""SecuritiesInvestmentTrustCompanies-TotalBuy"":""0"",""SecuritiesInvestmentTrustCompanies-TotalSell"":""0"",""SecuritiesInvestmentTrustCompanies-Difference"":""0"",""Dealers-TotalBuy"":""4000"",""Dealers-TotalSell"":""4000"",""Dealers-Difference"":""0"",""Dealers -TotalSell"":""4000"",""TotalDifference"":""-35000""}"
2026-09-08,TPEX,6163,華電網,0,0,0,0,0,0,2000,5568,-3568,"{""Date"":""1150908"",""SecuritiesCompanyCode"":""6163"",""CompanyName"":""華電網"",""Foreign Investors include Mainland Area Investors (Foreign Dealers excluded)-Total Buy"":""138447"","" Foreign Investors include Mainland Area Investors (Foreign Dealers excluded)-Total Sell"":""82000"",""Foreign Investors include Mainland Area Investors (Foreign Dealers excluded)-Difference"":""56447"",""Foreign Dealers-Total Buy"":""0"",""Foreign Dealers-TotalSell"":""0"",""ForeignDealers-Difference"":""0"",""ForeignInvestorsIncludeMainlandAreaInvestors-TotalBuy"":""138447"",""ForeignInvestorsIncludeMainlandAreaInvestors-TotalSell"":""82000"",""ForeignInvestorsInclude MainlandAreaInvestors-Difference"":""56447"",""SecuritiesInvestmentTrustCompanies-TotalBuy"":""0"",""SecuritiesInvestmentTrustCompanies-TotalSell"":""0"",""SecuritiesInvestmentTrustCompanies-Difference"":""0"",""Dealers-TotalBuy"":""2000"",""Dealers-TotalSell"":""5568"",""Dealers-Difference"":""-3568"",""Dealers -TotalSell"":""5568"",""TotalDifference"":""52879""}"
2026-09-08,TPEX,6167,久正,0,0,0,0,0,0,624,0,624,"{""Date"":""1150908"",""SecuritiesCompanyCode"":""6167"",""CompanyName"":""久正"",""Foreign Investors include Mainland Area Investors (Foreign Dealers excluded)-Total Buy"":""7000"","" Foreign Investors include Mainland Area Investors (Foreign Dealers excluded)-Total Sell"":""26001"",""Foreign Investors include Mainland Area Investors (Foreign Dealers excluded)-Difference"":""-19001"",""Foreign Dealers-Total Buy"":""0"",""Foreign Dealers-TotalSell"":""0"",""ForeignDealers-Difference"":""0"",""ForeignInvestorsIncludeMainlandAreaInvestors-TotalBuy"":""7000"",""ForeignInvestorsIncludeMainlandAreaInvestors-TotalSell"":""26001"",""ForeignInvestorsInclude MainlandAreaInvestors-Difference"":""-19001"",""SecuritiesInvestmentTrustCompanies-TotalBuy"":""0"",""SecuritiesInvestmentTrustCompanies-TotalSell"":""0"",""SecuritiesInvestmentTrustCompanies-Difference"":""0"",""Dealers-TotalBuy"":""624"",""Dealers-TotalSell"":""0"",""Dealers-Difference"":""624"",""Dealers -TotalSell"":""0"",""TotalDifference"":""-18377""}"
2026-09-08,TPEX,6169,昱泉,0,0,0,0,0,0,0,2,-2,"{""Date"":""1150908"",""SecuritiesCompanyCode"":""6169"",""CompanyName"":""昱泉"",""Foreign Investors include Mainland Area Investors (Foreign Dealers excluded)-Total Buy"":""0"","" Foreign Investors include Mainland Area Investors (Foreign Dealers excluded)-Total Sell"":""0"",""Foreign Investors include Mainland Area Investors (Foreign Dealers excluded)-Difference"":""0"",""Foreign Dealers-Total Buy"":""0"",""Foreign Dealers-TotalSell"":""0"",""ForeignDealers-Difference"":""0"",""ForeignInvestorsIncludeMainlandAreaInvestors-TotalBuy"":""0"",""ForeignInvestorsIncludeMainlandAreaInvestors-TotalSell"":""0"",""ForeignInvestorsInclude MainlandAreaInvestors-Difference"":""0"",""SecuritiesInvestmentTrustCompanies-TotalBuy"":""0"",""SecuritiesInvestmentTrustCompanies-TotalSell"":""0"",""SecuritiesInvestmentTrustCompanies-Difference"":""0"",""Dealers-TotalBuy"":""0"",""Dealers-TotalSell"":""2"",""Dealers-Difference"":""-2"",""Dealers -TotalSell"":""2"",""TotalDifference"":""-2""}"
2026-09-08,TPEX,6170,統振,0,0,0,0,0,0,0,0,0,"{""Date"":""1150908"",""SecuritiesCompanyCode"":""6170"",""CompanyName"":""統振"",""Foreign Investors include Mainland Area Investors (Foreign Dealers excluded)-Total Buy"":""24000"","" Foreign Investors include Mainland Area Investors (Foreign Dealers excluded)-Total Sell"":""39000"",""Foreign Investors include Mainland Area Investors (Foreign Dealers excluded)-Difference"":""-15000"",""Foreign Dealers-Total Buy"":""0"",""Foreign Dealers-TotalSell"":""0"",""ForeignDealers-Difference"":""0"",""ForeignInvestorsIncludeMainlandAreaInvestors-TotalBuy"":""24000"",""ForeignInvestorsIncludeMainlandAreaInvestors-TotalSell"":""39000"",""ForeignInvestorsInclude MainlandAreaInvestors-Difference"":""-15000"",""SecuritiesInvestmentTrustCompanies-TotalBuy"":""0"",""SecuritiesInvestmentTrustCompanies-TotalSell"":""0"",""SecuritiesInvestmentTrustCompanies-Difference"":""0"",""Dealers-TotalBuy"":""0"",""Dealers-TotalSell"":""0"",""Dealers-Difference"":""0"",""Dealers -TotalSell"":""0"",""TotalDifference"":""-15000""}"
2026-09-08,TPEX,6171,大城地產,0,0,0,0,0,0,0,0,0,"{""Date"":""1150908"",""SecuritiesCompanyCode"":""6171"",""CompanyName"":""大城地產"",""Foreign Investors include Mainland Area Investors (Foreign Dealers excluded)-Total Buy"":""1000"","" Foreign Investors include Mainland Area Investors (Foreign Dealers excluded)-Total Sell"":""4000"",""Foreign Investors include Mainland Area Investors (Foreign Dealers excluded)-Difference"":""-3000"",""Foreign Dealers-Total Buy"":""0"",""Foreign Dealers-TotalSell"":""0"",""ForeignDealers-Difference"":""0"",""ForeignInvestorsIncludeMainlandAreaInvestors-TotalBuy"":""1000"",""ForeignInvestorsIncludeMainlandAreaInvestors-TotalSell"":""4000"",""ForeignInvestorsInclude MainlandAreaInvestors-Difference"":""-3000"",""SecuritiesInvestmentTrustCompanies-TotalBuy"":""0"",""SecuritiesInvestmentTrustCompanies-TotalSell"":""0"",""SecuritiesInvestmentTrustCompanies-Difference"":""0"",""Dealers-TotalBuy"":""0"",""Dealers-TotalSell"":""0"",""Dealers-Difference"":""0"",""Dealers -TotalSell"":""0"",""TotalDifference"":""-3000""}"
2026-09-08,TPEX,6173,信昌電,0,0,0,71000,0,71000,219711,442114,-222403,"{""Date"":""1150908"",""SecuritiesCompanyCode"":""6173"",""CompanyName"":""信昌電"",""Foreign Investors include Mainland Area Investors (Foreign Dealers excluded)-Total Buy"":""3517308"","" Foreign Investors include Mainland Area Investors (Foreign Dealers excluded)-Total Sell"":""5075253"",""Foreign Investors include Mainland Area Investors (Foreign Dealers excluded)-Difference"":""-1557945"",""Foreign Dealers-Total Buy"":""0"",""Foreign Dealers-TotalSell"":""0"",""ForeignDealers-Difference"":""0"",""ForeignInvestorsIncludeMainlandAreaInvestors-TotalBuy"":""3517308"",""ForeignInvestorsIncludeMainlandAreaInvestors-TotalSell"":""5075253"",""ForeignInvestorsInclude MainlandAreaInvestors-Difference"":""-1557945"",""SecuritiesInvestmentTrustCompanies-TotalBuy"":""71000"",""SecuritiesInvestmentTrustCompanies-TotalSell"":""0"",""SecuritiesInvestmentTrustCompanies-Difference"":""71000"",""Dealers-TotalBuy"":""219711"",""Dealers-TotalSell"":""442114"",""Dealers-Difference"":""-222403"",""Dealers -TotalSell"":""288114"",""TotalDifference"":""-1709348""}"
2026-09-08,TPEX,6174,安碁,0,0,0,0,0,0,6213,5954,259,"{""Date"":""1150908"",""SecuritiesCompanyCode"":""6174"",""CompanyName"":""安碁"",""Foreign Investors include Mainland Area Investors (Foreign Dealers excluded)-Total Buy"":""77000"","" Foreign Investors include Mainland Area Investors (Foreign Dealers excluded)-Total Sell"":""361049"",""Foreign Investors include Mainland Area Investors (Foreign Dealers excluded)-Difference"":""-284049"",""Foreign Dealers-Total Buy"":""0"",""Foreign Dealers-TotalSell"":""0"",""ForeignDealers-Difference"":""0"",""ForeignInvestorsIncludeMainlandAreaInvestors-TotalBuy"":""77000"",""ForeignInvestorsIncludeMainlandAreaInvestors-TotalSell"":""361049"",""ForeignInvestorsInclude MainlandAreaInvestors-Difference"":""-284049"",""SecuritiesInvestmentTrustCompanies-TotalBuy"":""0"",""SecuritiesInvestmentTrustCompanies-TotalSell"":""0"",""SecuritiesInvestmentTrustCompanies-Difference"":""0"",""Dealers-TotalBuy"":""6213"",""Dealers-TotalSell"":""5954"",""Dealers-Difference"":""259"",""Dealers -TotalSell"":""5954"",""TotalDifference"":""-283790""}"
2026-09-08,TPEX,6175,立敦,0,0,0,0,0,0,0,2991,-2991,"{""Date"":""1150908"",""SecuritiesCompanyCode"":""6175"",""CompanyName"":""立敦"",""Foreign Investors include Mainland Area Investors (Foreign Dealers excluded)-Total Buy"":""148080"","" Foreign Investors include Mainland Area Investors (Foreign Dealers excluded)-Total Sell"":""243000"",""Foreign Investors include Mainland Area Investors (Foreign Dealers excluded)-Difference"":""-94920"",""Foreign Dealers-Total Buy"":""0"",""Foreign Dealers-TotalSell"":""0"",""ForeignDealers-Difference"":""0"",""ForeignInvestorsIncludeMainlandAreaInvestors-TotalBuy"":""148080"",""ForeignInvestorsIncludeMainlandAreaInvestors-TotalSell"":""243000"",""ForeignInvestorsInclude MainlandAreaInvestors-Difference"":""-94920"",""SecuritiesInvestmentTrustCompanies-TotalBuy"":""0"",""SecuritiesInvestmentTrustCompanies-TotalSell"":""0"",""SecuritiesInvestmentTrustCompanies-Difference"":""0"",""Dealers-TotalBuy"":""0"",""Dealers-TotalSell"":""2991"",""Dealers-Difference"":""-2991"",""Dealers -TotalSell"":""2991"",""TotalDifference"":""-97911""}"
2026-09-08,TPEX,6179,亞通,0,0,0,0,0,0,193370,106524,86846,"{""Date"":""1150908"",""SecuritiesCompanyCode"":""6179"",""CompanyName"":""亞通"",""Foreign Investors include Mainland Area Investors (Foreign Dealers excluded)-Total Buy"":""2507218"","" Foreign Investors include Mainland Area Investors (Foreign Dealers excluded)-Total Sell"":""2165000"",""Foreign Investors include Mainland Area Investors (Foreign Dealers excluded)-Difference"":""342218"",""Foreign Dealers-Total Buy"":""0"",""Foreign Dealers-TotalSell"":""0"",""ForeignDealers-Difference"":""0"",""ForeignInvestorsIncludeMainlandAreaInvestors-TotalBuy"":""2507218"",""ForeignInvestorsIncludeMainlandAreaInvestors-TotalSell"":""2165000"",""ForeignInvestorsInclude MainlandAreaInvestors-Difference"":""342218"",""SecuritiesInvestmentTrustCompanies-TotalBuy"":""0"",""SecuritiesInvestmentTrustCompanies-TotalSell"":""0"",""SecuritiesInvestmentTrustCompanies-Difference"":""0"",""Dealers-TotalBuy"":""193370"",""Dealers-TotalSell"":""106524"",""Dealers-Difference"":""86846"",""Dealers -TotalSell"":""103524"",""TotalDifference"":""429064""}"
2026-09-08,TPEX,6180,橘子,0,0,0,0,0,0,1013,150,863,"{""Date"":""1150908"",""SecuritiesCompanyCode"":""6180"",""CompanyName"":""橘子"",""Foreign Investors include Mainland Area Investors (Foreign Dealers excluded)-Total Buy"":""50765"","" Foreign Investors include Mainland Area Investors (Foreign Dealers excluded)-Total Sell"":""190000"",""Foreign Investors include Mainland Area Investors (Foreign Dealers excluded)-Difference"":""-139235"",""Foreign Dealers-Total Buy"":""0"",""Foreign Dealers-TotalSell"":""0"",""ForeignDealers-Difference"":""0"",""ForeignInvestorsIncludeMainlandAreaInvestors-TotalBuy"":""50765"",""ForeignInvestorsIncludeMainlandAreaInvestors-TotalSell"":""190000"",""ForeignInvestorsInclude MainlandAreaInvestors-Difference"":""-139235"",""SecuritiesInvestmentTrustCompanies-TotalBuy"":""0"",""SecuritiesInvestmentTrustCompanies-TotalSell"":""0"",""SecuritiesInvestmentTrustCompanies-Difference"":""0"",""Dealers-TotalBuy"":""1013"",""Dealers-TotalSell"":""150"",""Dealers-Difference"":""863"",""Dealers -TotalSell"":""150"",""TotalDifference"":""-138372""}"
2026-09-08,TPEX,6182,合晶,0,0,0,0,0,0,309434,756708,-447274,"{""Date"":""1150908"",""SecuritiesCompanyCode"":""6182"",""CompanyName"":""合晶"",""Foreign Investors include Mainland Area Investors (Foreign Dealers excluded)-Total Buy"":""12554582"","" Foreign Investors include Mainland Area Investors (Foreign Dealers excluded)-Total Sell"":""17092982"",""Foreign Investors include Mainland Area Investors (Foreign Dealers excluded)-Difference"":""-4538400"",""Foreign Dealers-Total Buy"":""0"",""Foreign Dealers-TotalSell"":""0"",""ForeignDealers-Difference"":""0"",""ForeignInvestorsIncludeMainlandAreaInvestors-TotalBuy"":""12554582"",""ForeignInvestorsIncludeMainlandAreaInvestors-TotalSell"":""17092982"",""ForeignInvestorsInclude MainlandAreaInvestors-Difference"":""-4538400"",""SecuritiesInvestmentTrustCompanies-TotalBuy"":""0"",""SecuritiesInvestmentTrustCompanies-TotalSell"":""0"",""SecuritiesInvestmentTrustCompanies-Difference"":""0"",""Dealers-TotalBuy"":""309434"",""Dealers-TotalSell"":""756708"",""Dealers-Difference"":""-447274"",""Dealers -TotalSell"":""144800"",""TotalDifference"":""-4985674""}"
2026-09-08,TPEX,6185,幃翔,0,0,0,0,0,0,7000,6684,316,"{""Date"":""1150908"",""SecuritiesCompanyCode"":""6185"",""CompanyName"":""幃翔"",""Foreign Investors include Mainland Area Investors (Foreign Dealers excluded)-Total Buy"":""6000"","" Foreign Investors include Mainland Area Investors (Foreign Dealers excluded)-Total Sell"":""35000"",""Foreign Investors include Mainland Area Investors (Foreign Dealers excluded)-Difference"":""-29000"",""Foreign Dealers-Total Buy"":""0"",""Foreign Dealers-TotalSell"":""0"",""ForeignDealers-Difference"":""0"",""ForeignInvestorsIncludeMainlandAreaInvestors-TotalBuy"":""6000"",""ForeignInvestorsIncludeMainlandAreaInvestors-TotalSell"":""35000"",""ForeignInvestorsInclude MainlandAreaInvestors-Difference"":""-29000"",""SecuritiesInvestmentTrustCompanies-TotalBuy"":""0"",""SecuritiesInvestmentTrustCompanies-TotalSell"":""0"",""SecuritiesInvestmentTrustCompanies-Difference"":""0"",""Dealers-TotalBuy"":""7000"",""Dealers-TotalSell"":""6684"",""Dealers-Difference"":""316"",""Dealers -TotalSell"":""6684"",""TotalDifference"":""-28684""}"
2026-09-08,TPEX,6186,新潤,0,0,0,0,0,0,4211,3862,349,"{""Date"":""1150908"",""SecuritiesCompanyCode"":""6186"",""CompanyName"":""新潤"",""Foreign Investors include Mainland Area Investors (Foreign Dealers excluded)-Total Buy"":""310000"","" Foreign Investors include Mainland Area Investors (Foreign Dealers excluded)-Total Sell"":""235000"",""Foreign Investors include Mainland Area Investors (Foreign Dealers excluded)-Difference"":""75000"",""Foreign Dealers-Total Buy"":""0"",""Foreign Dealers-TotalSell"":""0"",""ForeignDealers-Difference"":""0"",""ForeignInvestorsIncludeMainlandAreaInvestors-TotalBuy"":""310000"",""ForeignInvestorsIncludeMainlandAreaInvestors-TotalSell"":""235000"",""ForeignInvestorsInclude MainlandAreaInvestors-Difference"":""75000"",""SecuritiesInvestmentTrustCompanies-TotalBuy"":""0"",""SecuritiesInvestmentTrustCompanies-TotalSell"":""0"",""SecuritiesInvestmentTrustCompanies-Difference"":""0"",""Dealers-TotalBuy"":""4211"",""Dealers-TotalSell"":""3862"",""Dealers-Difference"":""349"",""Dealers -TotalSell"":""3862"",""TotalDifference"":""75349""}"
2026-09-08,TPEX,6187,萬潤,0,0,0,398000,18000,380000,88670,56397,32273,"{""Date"":""1150908"",""SecuritiesCompanyCode"":""6187"",""CompanyName"":""萬潤"",""Foreign Investors include Mainland Area Investors (Foreign Dealers excluded)-Total Buy"":""1226552"","" Foreign Investors include Mainland Area Investors (Foreign Dealers excluded)-Total Sell"":""1098806"",""Foreign Investors include Mainland Area Investors (Foreign Dealers excluded)-Difference"":""127746"",""Foreign Dealers-Total Buy"":""0"",""Foreign Dealers-TotalSell"":""0"",""ForeignDealers-Difference"":""0"",""ForeignInvestorsIncludeMainlandAreaInvestors-TotalBuy"":""1226552"",""ForeignInvestorsIncludeMainlandAreaInvestors-TotalSell"":""1098806"",""ForeignInvestorsInclude MainlandAreaInvestors-Difference"":""127746"",""SecuritiesInvestmentTrustCompanies-TotalBuy"":""398000"",""SecuritiesInvestmentTrustCompanies-TotalSell"":""18000"",""SecuritiesInvestmentTrustCompanies-Difference"":""380000"",""Dealers-TotalBuy"":""88670"",""Dealers-TotalSell"":""56397"",""Dealers-Difference"":""32273"",""Dealers -TotalSell"":""44397"",""TotalDifference"":""540019""}"
2026-09-08,TPEX,6188,廣明,0,0,0,0,0,0,14369,8189,-6363,"{""Date"":""1150908"",""SecuritiesCompanyCode"":""6188"",""CompanyName"":""廣明"",""Foreign Investors include Mainland Area Investors (Foreign Dealers excluded)-Total Buy"":""207300"","" Foreign Investors include Mainland Area Investors (Foreign Dealers excluded)-Total Sell"":""502000"",""Foreign Investors include Mainland Area Investors (Foreign Dealers excluded)-Difference"":""-294700"",""Foreign Dealers-Total Buy"":""0"",""Foreign Dealers-TotalSell"":""0"",""ForeignDealers-Difference"":""0"",""ForeignInvestorsIncludeMainlandAreaInvestors-TotalBuy"":""207300"",""ForeignInvestorsIncludeMainlandAreaInvestors-TotalSell"":""502000"",""ForeignInvestorsInclude MainlandAreaInvestors-Difference"":""-294700"",""SecuritiesInvestmentTrustCompanies-TotalBuy"":""0"",""SecuritiesInvestmentTrustCompanies-TotalSell"":""0"",""SecuritiesInvestmentTrustCompanies-Difference"":""0"",""Dealers-TotalBuy"":""14369"",""Dealers-TotalSell"":""20732"",""Dealers-Difference"":""-6363"",""Dealers -TotalSell"":""8189"",""TotalDifference"":""-301063""}"
2026-09-08,TPEX,6190,萬泰科,0,0,0,0,0,0,2000,26301,-24301,"{""Date"":""1150908"",""SecuritiesCompanyCode"":""6190"",""CompanyName"":""萬泰科"",""Foreign Investors include Mainland Area Investors (Foreign Dealers excluded)-Total Buy"":""131000"","" Foreign Investors include Mainland Area Investors (Foreign Dealers excluded)-Total Sell"":""230000"",""Foreign Investors include Mainland Area Investors (Foreign Dealers excluded)-Difference"":""-99000"",""Foreign Dealers-Total Buy"":""0"",""Foreign Dealers-TotalSell"":""0"",""ForeignDealers-Difference"":""0"",""ForeignInvestorsIncludeMainlandAreaInvestors-TotalBuy"":""131000"",""ForeignInvestorsIncludeMainlandAreaInvestors-TotalSell"":""230000"",""ForeignInvestorsInclude MainlandAreaInvestors-Difference"":""-99000"",""SecuritiesInvestmentTrustCompanies-TotalBuy"":""0"",""SecuritiesInvestmentTrustCompanies-TotalSell"":""0"",""SecuritiesInvestmentTrustCompanies-Difference"":""0"",""Dealers-TotalBuy"":""2000"",""Dealers-TotalSell"":""26301"",""Dealers-Difference"":""-24301"",""Dealers -TotalSell"":""26301"",""TotalDifference"":""-123301""}"
2026-09-08,TPEX,6194,育富,0,0,0,0,0,0,0,0,0,"{""Date"":""1150908"",""SecuritiesCompanyCode"":""6194"",""CompanyName"":""育富"",""Foreign Investors include Mainland Area Investors (Foreign Dealers excluded)-Total Buy"":""2000"","" Foreign Investors include Mainland Area Investors (Foreign Dealers excluded)-Total Sell"":""0"",""Foreign Investors include Mainland Area Investors (Foreign Dealers excluded)-Difference"":""2000"",""Foreign Dealers-Total Buy"":""0"",""Foreign Dealers-TotalSell"":""0"",""ForeignDealers-Difference"":""0"",""ForeignInvestorsIncludeMainlandAreaInvestors-TotalBuy"":""2000"",""ForeignInvestorsIncludeMainlandAreaInvestors-TotalSell"":""0"",""ForeignInvestorsInclude MainlandAreaInvestors-Difference"":""2000"",""SecuritiesInvestmentTrustCompanies-TotalBuy"":""0"",""SecuritiesInvestmentTrustCompanies-TotalSell"":""0"",""SecuritiesInvestmentTrustCompanies-Difference"":""0"",""Dealers-TotalBuy"":""0"",""Dealers-TotalSell"":""0"",""Dealers-Difference"":""0"",""Dealers -TotalSell"":""0"",""TotalDifference"":""2000""}"
2026-09-08,TPEX,6195,詩肯,0,0,0,0,0,0,919,1000,-81,"{""Date"":""1150908"",""SecuritiesCompanyCode"":""6195"",""CompanyName"":""詩肯"",""Foreign Investors include Mainland Area Investors (Foreign Dealers excluded)-Total Buy"":""1000"","" Foreign Investors include Mainland Area Investors (Foreign Dealers excluded)-Total Sell"":""1000"",""Foreign Investors include Mainland Area Investors (Foreign Dealers excluded)-Difference"":""0"",""Foreign Dealers-Total Buy"":""0"",""Foreign Dealers-TotalSell"":""0"",""ForeignDealers-Difference"":""0"",""ForeignInvestorsIncludeMainlandAreaInvestors-TotalBuy"":""1000"",""ForeignInvestorsIncludeMainlandAreaInvestors-TotalSell"":""1000"",""ForeignInvestorsInclude MainlandAreaInvestors-Difference"":""0"",""SecuritiesInvestmentTrustCompanies-TotalBuy"":""0"",""SecuritiesInvestmentTrustCompanies-TotalSell"":""0"",""SecuritiesInvestmentTrustCompanies-Difference"":""0"",""Dealers-TotalBuy"":""919"",""Dealers-TotalSell"":""1000"",""Dealers-Difference"":""-81"",""Dealers -TotalSell"":""1000"",""TotalDifference"":""-81""}"
2026-09-08,TPEX,6199,天品,0,0,0,0,0,0,0,30,-30,"{""Date"":""1150908"",""SecuritiesCompanyCode"":""6199"",""CompanyName"":""天品"",""Foreign Investors include Mainland Area Investors (Foreign Dealers excluded)-Total Buy"":""249000"","" Foreign Investors include Mainland Area Investors (Foreign Dealers excluded)-Total Sell"":""551000"",""Foreign Investors include Mainland Area Investors (Foreign Dealers excluded)-Difference"":""-302000"",""Foreign Dealers-Total Buy"":""0"",""Foreign Dealers-TotalSell"":""0"",""ForeignDealers-Difference"":""0"",""ForeignInvestorsIncludeMainlandAreaInvestors-TotalBuy"":""249000"",""ForeignInvestorsIncludeMainlandAreaInvestors-TotalSell"":""551000"",""ForeignInvestorsInclude MainlandAreaInvestors-Difference"":""-302000"",""SecuritiesInvestmentTrustCompanies-TotalBuy"":""0"",""SecuritiesInvestmentTrustCompanies-TotalSell"":""0"",""SecuritiesInvestmentTrustCompanies-Difference"":""0"",""Dealers-TotalBuy"":""0"",""Dealers-TotalSell"":""30"",""Dealers-Difference"":""-30"",""Dealers -TotalSell"":""30"",""TotalDifference"":""-302030""}"
2026-09-08,TPEX,6203,海韻電,0,0,0,0,0,0,0,399,-399,"{""Date"":""1150908"",""SecuritiesCompanyCode"":""6203"",""CompanyName"":""海韻電"",""Foreign Investors include Mainland Area Investors (Foreign Dealers excluded)-Total Buy"":""20000"","" Foreign Investors include Mainland Area Investors (Foreign Dealers excluded)-Total Sell"":""0"",""Foreign Investors include Mainland Area Investors (Foreign Dealers excluded)-Difference"":""20000"",""Foreign Dealers-Total Buy"":""0"",""Foreign Dealers-TotalSell"":""0"",""ForeignDealers-Difference"":""0"",""ForeignInvestorsIncludeMainlandAreaInvestors-TotalBuy"":""20000"",""ForeignInvestorsIncludeMainlandAreaInvestors-TotalSell"":""0"",""ForeignInvestorsInclude MainlandAreaInvestors-Difference"":""20000"",""SecuritiesInvestmentTrustCompanies-TotalBuy"":""0"",""SecuritiesInvestmentTrustCompanies-TotalSell"":""0"",""SecuritiesInvestmentTrustCompanies-Difference"":""0"",""Dealers-TotalBuy"":""0"",""Dealers-TotalSell"":""399"",""Dealers-Difference"":""-399"",""Dealers -TotalSell"":""399"",""TotalDifference"":""19601""}"
2026-09-08,TPEX,6204,艾華,0,0,0,0,0,0,2000,2332,-332,"{""Date"":""1150908"",""SecuritiesCompanyCode"":""6204"",""CompanyName"":""艾華"",""Foreign Investors include Mainland Area Investors (Foreign Dealers excluded)-Total Buy"":""10000"","" Foreign Investors include Mainland Area Investors (Foreign Dealers excluded)-Total Sell"":""51000"",""Foreign Investors include Mainland Area Investors (Foreign Dealers excluded)-Difference"":""-41000"",""Foreign Dealers-Total Buy"":""0"",""Foreign Dealers-TotalSell"":""0"",""ForeignDealers-Difference"":""0"",""ForeignInvestorsIncludeMainlandAreaInvestors-TotalBuy"":""10000"",""ForeignInvestorsIncludeMainlandAreaInvestors-TotalSell"":""51000"",""ForeignInvestorsInclude MainlandAreaInvestors-Difference"":""-41000"",""SecuritiesInvestmentTrustCompanies-TotalBuy"":""0"",""SecuritiesInvestmentTrustCompanies-TotalSell"":""0"",""SecuritiesInvestmentTrustCompanies-Difference"":""0"",""Dealers-TotalBuy"":""2000"",""Dealers-TotalSell"":""2332"",""Dealers-Difference"":""-332"",""Dealers -TotalSell"":""2332"",""TotalDifference"":""-41332""}"
2026-09-08,TPEX,6207,雷科,0,0,0,0,0,0,147567,128147,19420,"{""Date"":""1150908"",""SecuritiesCompanyCode"":""6207"",""CompanyName"":""雷科"",""Foreign Investors include Mainland Area Investors (Foreign Dealers excluded)-Total Buy"":""3129057"","" Foreign Investors include Mainland Area Investors (Foreign Dealers excluded)-Total Sell"":""4774090"",""Foreign Investors include Mainland Area Investors (Foreign Dealers excluded)-Difference"":""-1645033"",""Foreign Dealers-Total Buy"":""0"",""Foreign Dealers-TotalSell"":""0"",""ForeignDealers-Difference"":""0"",""ForeignInvestorsIncludeMainlandAreaInvestors-TotalBuy"":""3129057"",""ForeignInvestorsIncludeMainlandAreaInvestors-TotalSell"":""4774090"",""ForeignInvestorsInclude MainlandAreaInvestors-Difference"":""-1645033"",""SecuritiesInvestmentTrustCompanies-TotalBuy"":""0"",""SecuritiesInvestmentTrustCompanies-TotalSell"":""0"",""SecuritiesInvestmentTrustCompanies-Difference"":""0"",""Dealers-TotalBuy"":""147567"",""Dealers-TotalSell"":""128147"",""Dealers-Difference"":""19420"",""Dealers -TotalSell"":""128147"",""TotalDifference"":""-1625613""}"
2026-09-08,TPEX,6208,日揚,0,0,0,0,0,0,2022,2052,-30,"{""Date"":""1150908"",""SecuritiesCompanyCode"":""6208"",""CompanyName"":""日揚"",""Foreign Investors include Mainland Area Investors (Foreign Dealers excluded)-Total Buy"":""37000"","" Foreign Investors include Mainland Area Investors (Foreign Dealers excluded)-Total Sell"":""82000"",""Foreign Investors include Mainland Area Investors (Foreign Dealers excluded)-Difference"":""-45000"",""Foreign Dealers-Total Buy"":""0"",""Foreign Dealers-TotalSell"":""0"",""ForeignDealers-Difference"":""0"",""ForeignInvestorsIncludeMainlandAreaInvestors-TotalBuy"":""37000"",""ForeignInvestorsIncludeMainlandAreaInvestors-TotalSell"":""82000"",""ForeignInvestorsInclude MainlandAreaInvestors-Difference"":""-45000"",""SecuritiesInvestmentTrustCompanies-TotalBuy"":""0"",""SecuritiesInvestmentTrustCompanies-TotalSell"":""0"",""SecuritiesInvestmentTrustCompanies-Difference"":""0"",""Dealers-TotalBuy"":""2022"",""Dealers-TotalSell"":""2052"",""Dealers-Difference"":""-30"",""Dealers -TotalSell"":""2052"",""TotalDifference"":""-45030""}"
2026-09-08,TPEX,6212,理銘,0,0,0,0,0,0,0,0,0,"{""Date"":""1150908"",""SecuritiesCompanyCode"":""6212"",""CompanyName"":""理銘"",""Foreign Investors include Mainland Area Investors (Foreign Dealers excluded)-Total Buy"":""0"","" Foreign Investors include Mainland Area Investors (Foreign Dealers excluded)-Total Sell"":""1000"",""Foreign Investors include Mainland Area Investors (Foreign Dealers excluded)-Difference"":""-1000"",""Foreign Dealers-Total Buy"":""0"",""Foreign Dealers-TotalSell"":""0"",""ForeignDealers-Difference"":""0"",""ForeignInvestorsIncludeMainlandAreaInvestors-TotalBuy"":""0"",""ForeignInvestorsIncludeMainlandAreaInvestors-TotalSell"":""1000"",""ForeignInvestorsInclude MainlandAreaInvestors-Difference"":""-1000"",""SecuritiesInvestmentTrustCompanies-TotalBuy"":""0"",""SecuritiesInvestmentTrustCompanies-TotalSell"":""0"",""SecuritiesInvestmentTrustCompanies-Difference"":""0"",""Dealers-TotalBuy"":""0"",""Dealers-TotalSell"":""0"",""Dealers-Difference"":""0"",""Dealers -TotalSell"":""0"",""TotalDifference"":""-1000""}"
2026-09-08,TPEX,6217,中探針,0,0,0,0,0,0,32225,31791,434,"{""Date"":""1150908"",""SecuritiesCompanyCode"":""6217"",""CompanyName"":""中探針"",""Foreign Investors include Mainland Area Investors (Foreign Dealers excluded)-Total Buy"":""802000"","" Foreign Investors include Mainland Area Investors (Foreign Dealers excluded)-Total Sell"":""711000"",""Foreign Investors include Mainland Area Investors (Foreign Dealers excluded)-Difference"":""91000"",""Foreign Dealers-Total Buy"":""0"",""Foreign Dealers-TotalSell"":""0"",""ForeignDealers-Difference"":""0"",""ForeignInvestorsIncludeMainlandAreaInvestors-TotalBuy"":""802000"",""ForeignInvestorsIncludeMainlandAreaInvestors-TotalSell"":""711000"",""ForeignInvestorsInclude MainlandAreaInvestors-Difference"":""91000"",""SecuritiesInvestmentTrustCompanies-TotalBuy"":""0"",""SecuritiesInvestmentTrustCompanies-TotalSell"":""0"",""SecuritiesInvestmentTrustCompanies-Difference"":""0"",""Dealers-TotalBuy"":""32225"",""Dealers-TotalSell"":""31791"",""Dealers-Difference"":""434"",""Dealers -TotalSell"":""31791"",""TotalDifference"":""91434""}"
2026-09-08,TPEX,6218,豪勉,0,0,0,0,0,0,72247,71464,783,"{""Date"":""1150908"",""SecuritiesCompanyCode"":""6218"",""CompanyName"":""豪勉"",""Foreign Investors include Mainland Area Investors (Foreign Dealers excluded)-Total Buy"":""2205964"","" Foreign Investors include Mainland Area Investors (Foreign Dealers excluded)-Total Sell"":""1378237"",""Foreign Investors include Mainland Area Investors (Foreign Dealers excluded)-Difference"":""827727"",""Foreign Dealers-Total Buy"":""0"",""Foreign Dealers-TotalSell"":""0"",""ForeignDealers-Difference"":""0"",""ForeignInvestorsIncludeMainlandAreaInvestors-TotalBuy"":""2205964"",""ForeignInvestorsIncludeMainlandAreaInvestors-TotalSell"":""1378237"",""ForeignInvestorsInclude MainlandAreaInvestors-Difference"":""827727"",""SecuritiesInvestmentTrustCompanies-TotalBuy"":""0"",""SecuritiesInvestmentTrustCompanies-TotalSell"":""0"",""SecuritiesInvestmentTrustCompanies-Difference"":""0"",""Dealers-TotalBuy"":""72247"",""Dealers-TotalSell"":""71464"",""Dealers-Difference"":""783"",""Dealers -TotalSell"":""71464"",""TotalDifference"":""828510""}"
2026-09-08,TPEX,6219,富旺,0,0,0,0,0,0,400,1000,-600,"{""Date"":""1150908"",""SecuritiesCompanyCode"":""6219"",""CompanyName"":""富旺"",""Foreign Investors include Mainland Area Investors (Foreign Dealers excluded)-Total Buy"":""2000"","" Foreign Investors include Mainland Area Investors (Foreign Dealers excluded)-Total Sell"":""12000"",""Foreign Investors include Mainland Area Investors (Foreign Dealers excluded)-Difference"":""-10000"",""Foreign Dealers-Total Buy"":""0"",""Foreign Dealers-TotalSell"":""0"",""ForeignDealers-Difference"":""0"",""ForeignInvestorsIncludeMainlandAreaInvestors-TotalBuy"":""2000"",""ForeignInvestorsIncludeMainlandAreaInvestors-TotalSell"":""12000"",""ForeignInvestorsInclude MainlandAreaInvestors-Difference"":""-10000"",""SecuritiesInvestmentTrustCompanies-TotalBuy"":""0"",""SecuritiesInvestmentTrustCompanies-TotalSell"":""0"",""SecuritiesInvestmentTrustCompanies-Difference"":""0"",""Dealers-TotalBuy"":""400"",""Dealers-TotalSell"":""1000"",""Dealers-Difference"":""-600"",""Dealers -TotalSell"":""1000"",""TotalDifference"":""-10600""}"
2026-09-08,TPEX,6220,岳豐,0,0,0,0,0,0,0,125,-125,"{""Date"":""1150908"",""SecuritiesCompanyCode"":""6220"",""CompanyName"":""岳豐"",""Foreign Investors include Mainland Area Investors (Foreign Dealers excluded)-Total Buy"":""11000"","" Foreign Investors include Mainland Area Investors (Foreign Dealers excluded)-Total Sell"":""33001"",""Foreign Investors include Mainland Area Investors (Foreign Dealers excluded)-Difference"":""-22001"",""Foreign Dealers-Total Buy"":""0"",""Foreign Dealers-TotalSell"":""0"",""ForeignDealers-Difference"":""0"",""ForeignInvestorsIncludeMainlandAreaInvestors-TotalBuy"":""11000"",""ForeignInvestorsIncludeMainlandAreaInvestors-TotalSell"":""33001"",""ForeignInvestorsInclude MainlandAreaInvestors-Difference"":""-22001"",""SecuritiesInvestmentTrustCompanies-TotalBuy"":""0"",""SecuritiesInvestmentTrustCompanies-TotalSell"":""0"",""SecuritiesInvestmentTrustCompanies-Difference"":""0"",""Dealers-TotalBuy"":""0"",""Dealers-TotalSell"":""125"",""Dealers-Difference"":""-125"",""Dealers -TotalSell"":""125"",""TotalDifference"":""-22126""}"
2026-09-08,TPEX,6221,晉泰,0,0,0,0,0,0,0,0,0,"{""Date"":""1150908"",""SecuritiesCompanyCode"":""6221"",""CompanyName"":""晉泰"",""Foreign Investors include Mainland Area Investors (Foreign Dealers excluded)-Total Buy"":""2000"","" Foreign Investors include Mainland Area Investors (Foreign Dealers excluded)-Total Sell"":""8000"",""Foreign Investors include Mainland Area Investors (Foreign Dealers excluded)-Difference"":""-6000"",""Foreign Dealers-Total Buy"":""0"",""Foreign Dealers-TotalSell"":""0"",""ForeignDealers-Difference"":""0"",""ForeignInvestorsIncludeMainlandAreaInvestors-TotalBuy"":""2000"",""ForeignInvestorsIncludeMainlandAreaInvestors-TotalSell"":""8000"",""ForeignInvestorsInclude MainlandAreaInvestors-Difference"":""-6000"",""SecuritiesInvestmentTrustCompanies-TotalBuy"":""0"",""SecuritiesInvestmentTrustCompanies-TotalSell"":""0"",""SecuritiesInvestmentTrustCompanies-Difference"":""0"",""Dealers-TotalBuy"":""0"",""Dealers-TotalSell"":""0"",""Dealers-Difference"":""0"",""Dealers -TotalSell"":""0"",""TotalDifference"":""-6000""}"
2026-09-08,TPEX,6223,旺矽,0,0,0,406800,6029,400771,129831,140180,-10349,"{""Date"":""1150908"",""SecuritiesCompanyCode"":""6223"",""CompanyName"":""旺矽"",""Foreign Investors include Mainland Area Investors (Foreign Dealers excluded)-Total Buy"":""590343"","" Foreign Investors include Mainland Area Investors (Foreign Dealers excluded)-Total Sell"":""794850"",""Foreign Investors include Mainland Area Investors (Foreign Dealers excluded)-Difference"":""-204507"",""Foreign Dealers-Total Buy"":""0"",""Foreign Dealers-TotalSell"":""0"",""ForeignDealers-Difference"":""0"",""ForeignInvestorsIncludeMainlandAreaInvestors-TotalBuy"":""590343"",""ForeignInvestorsIncludeMainlandAreaInvestors-TotalSell"":""794850"",""ForeignInvestorsInclude MainlandAreaInvestors-Difference"":""-204507"",""SecuritiesInvestmentTrustCompanies-TotalBuy"":""406800"",""SecuritiesInvestmentTrustCompanies-TotalSell"":""6029"",""SecuritiesInvestmentTrustCompanies-Difference"":""400771"",""Dealers-TotalBuy"":""129831"",""Dealers-TotalSell"":""140180"",""Dealers-Difference"":""-10349"",""Dealers -TotalSell"":""112754"",""TotalDifference"":""185915""}"
2026-09-08,TPEX,6227,茂綸,0,0,0,0,0,0,26370,9222,-852,"{""Date"":""1150908"",""SecuritiesCompanyCode"":""6227"",""CompanyName"":""茂綸"",""Foreign Investors include Mainland Area Investors (Foreign Dealers excluded)-Total Buy"":""31099"","" Foreign Investors include Mainland Area Investors (Foreign Dealers excluded)-Total Sell"":""33000"",""Foreign Investors include Mainland Area Investors (Foreign Dealers excluded)-Difference"":""-1901"",""Foreign Dealers-Total Buy"":""0"",""Foreign Dealers-TotalSell"":""0"",""ForeignDealers-Difference"":""0"",""ForeignInvestorsIncludeMainlandAreaInvestors-TotalBuy"":""31099"",""ForeignInvestorsIncludeMainlandAreaInvestors-TotalSell"":""33000"",""ForeignInvestorsInclude MainlandAreaInvestors-Difference"":""-1901"",""SecuritiesInvestmentTrustCompanies-TotalBuy"":""0"",""SecuritiesInvestmentTrustCompanies-TotalSell"":""0"",""SecuritiesInvestmentTrustCompanies-Difference"":""0"",""Dealers-TotalBuy"":""26370"",""Dealers-TotalSell"":""27222"",""Dealers-Difference"":""-852"",""Dealers -TotalSell"":""9222"",""TotalDifference"":""-2753""}"
2026-09-08,TPEX,6229,研通,0,0,0,0,0,0,0,0,0,"{""Date"":""1150908"",""SecuritiesCompanyCode"":""6229"",""CompanyName"":""研通"",""Foreign Investors include Mainland Area Investors (Foreign Dealers excluded)-Total Buy"":""2000"","" Foreign Investors include Mainland Area Investors (Foreign Dealers excluded)-Total Sell"":""6000"",""Foreign Investors include Mainland Area Investors (Foreign Dealers excluded)-Difference"":""-4000"",""Foreign Dealers-Total Buy"":""0"",""Foreign Dealers-TotalSell"":""0"",""ForeignDealers-Difference"":""0"",""ForeignInvestorsIncludeMainlandAreaInvestors-TotalBuy"":""2000"",""ForeignInvestorsIncludeMainlandAreaInvestors-TotalSell"":""6000"",""ForeignInvestorsInclude MainlandAreaInvestors-Difference"":""-4000"",""SecuritiesInvestmentTrustCompanies-TotalBuy"":""0"",""SecuritiesInvestmentTrustCompanies-TotalSell"":""0"",""SecuritiesInvestmentTrustCompanies-Difference"":""0"",""Dealers-TotalBuy"":""0"",""Dealers-TotalSell"":""0"",""Dealers-Difference"":""0"",""Dealers -TotalSell"":""0"",""TotalDifference"":""-4000""}"
2026-09-08,TPEX,6231,系微,0,0,0,0,0,0,24827,10064,14763,"{""Date"":""1150908"",""SecuritiesCompanyCode"":""6231"",""CompanyName"":""系微"",""Foreign Investors include Mainland Area Investors (Foreign Dealers excluded)-Total Buy"":""229000"","" Foreign Investors include Mainland Area Investors (Foreign Dealers excluded)-Total Sell"":""108000"",""Foreign Investors include Mainland Area Investors (Foreign Dealers excluded)-Difference"":""121000"",""Foreign Dealers-Total Buy"":""0"",""Foreign Dealers-TotalSell"":""0"",""ForeignDealers-Difference"":""0"",""ForeignInvestorsIncludeMainlandAreaInvestors-TotalBuy"":""229000"",""ForeignInvestorsIncludeMainlandAreaInvestors-TotalSell"":""108000"",""ForeignInvestorsInclude MainlandAreaInvestors-Difference"":""121000"",""SecuritiesInvestmentTrustCompanies-TotalBuy"":""0"",""SecuritiesInvestmentTrustCompanies-TotalSell"":""0"",""SecuritiesInvestmentTrustCompanies-Difference"":""0"",""Dealers-TotalBuy"":""24827"",""Dealers-TotalSell"":""10064"",""Dealers-Difference"":""14763"",""Dealers -TotalSell"":""10064"",""TotalDifference"":""135763""}"
2026-09-08,TPEX,6233,旺玖,0,0,0,0,0,0,2000,1836,164,"{""Date"":""1150908"",""SecuritiesCompanyCode"":""6233"",""CompanyName"":""旺玖"",""Foreign Investors include Mainland Area Investors (Foreign Dealers excluded)-Total Buy"":""13000"","" Foreign Investors include Mainland Area Investors (Foreign Dealers excluded)-Total Sell"":""52000"",""Foreign Investors include Mainland Area Investors (Foreign Dealers excluded)-Difference"":""-39000"",""Foreign Dealers-Total Buy"":""0"",""Foreign Dealers-TotalSell"":""0"",""ForeignDealers-Difference"":""0"",""ForeignInvestorsIncludeMainlandAreaInvestors-TotalBuy"":""13000"",""ForeignInvestorsIncludeMainlandAreaInvestors-TotalSell"":""52000"",""ForeignInvestorsInclude MainlandAreaInvestors-Difference"":""-39000"",""SecuritiesInvestmentTrustCompanies-TotalBuy"":""0"",""SecuritiesInvestmentTrustCompanies-TotalSell"":""0"",""SecuritiesInvestmentTrustCompanies-Difference"":""0"",""Dealers-TotalBuy"":""2000"",""Dealers-TotalSell"":""1836"",""Dealers-Difference"":""164"",""Dealers -TotalSell"":""1836"",""TotalDifference"":""-38836""}"
2026-09-08,TPEX,6234,高僑,0,0,0,0,0,0,500,2161,-1661,"{""Date"":""1150908"",""SecuritiesCompanyCode"":""6234"",""CompanyName"":""高僑"",""Foreign Investors include Mainland Area Investors (Foreign Dealers excluded)-Total Buy"":""12010"","" Foreign Investors include Mainland Area Investors (Foreign Dealers excluded)-Total Sell"":""233199"",""Foreign Investors include Mainland Area Investors (Foreign Dealers excluded)-Difference"":""-221189"",""Foreign Dealers-Total Buy"":""0"",""Foreign Dealers-TotalSell"":""0"",""ForeignDealers-Difference"":""0"",""ForeignInvestorsIncludeMainlandAreaInvestors-TotalBuy"":""12010"",""ForeignInvestorsIncludeMainlandAreaInvestors-TotalSell"":""233199"",""ForeignInvestorsInclude MainlandAreaInvestors-Difference"":""-221189"",""SecuritiesInvestmentTrustCompanies-TotalBuy"":""0"",""SecuritiesInvestmentTrustCompanies-TotalSell"":""0"",""SecuritiesInvestmentTrustCompanies-Difference"":""0"",""Dealers-TotalBuy"":""500"",""Dealers-TotalSell"":""2161"",""Dealers-Difference"":""-1661"",""Dealers -TotalSell"":""2161"",""TotalDifference"":""-222850""}"
2026-09-08,TPEX,6237,驊訊,0,0,0,0,0,0,3000,3805,-805,"{""Date"":""1150908"",""SecuritiesCompanyCode"":""6237"",""CompanyName"":""驊訊"",""Foreign Investors include Mainland Area Investors (Foreign Dealers excluded)-Total Buy"":""29163"","" Foreign Investors include Mainland Area Investors (Foreign Dealers excluded)-Total Sell"":""98000"",""Foreign Investors include Mainland Area Investors (Foreign Dealers excluded)-Difference"":""-68837"",""Foreign Dealers-Total Buy"":""0"",""Foreign Dealers-TotalSell"":""0"",""ForeignDealers-Difference"":""0"",""ForeignInvestorsIncludeMainlandAreaInvestors-TotalBuy"":""29163"",""ForeignInvestorsIncludeMainlandAreaInvestors-TotalSell"":""98000"",""ForeignInvestorsInclude MainlandAreaInvestors-Difference"":""-68837"",""SecuritiesInvestmentTrustCompanies-TotalBuy"":""0"",""SecuritiesInvestmentTrustCompanies-TotalSell"":""0"",""SecuritiesInvestmentTrustCompanies-Difference"":""0"",""Dealers-TotalBuy"":""3000"",""Dealers-TotalSell"":""3805"",""Dealers-Difference"":""-805"",""Dealers -TotalSell"":""3805"",""TotalDifference"":""-69642""}"
2026-09-08,TPEX,6240,松崗,0,0,0,0,0,0,0,0,0,"{""Date"":""1150908"",""SecuritiesCompanyCode"":""6240"",""CompanyName"":""松崗"",""Foreign Investors include Mainland Area Investors (Foreign Dealers excluded)-Total Buy"":""6000"","" Foreign Investors include Mainland Area Investors (Foreign Dealers excluded)-Total Sell"":""8000"",""Foreign Investors include Mainland Area Investors (Foreign Dealers excluded)-Difference"":""-2000"",""Foreign Dealers-Total Buy"":""0"",""Foreign Dealers-TotalSell"":""0"",""ForeignDealers-Difference"":""0"",""ForeignInvestorsIncludeMainlandAreaInvestors-TotalBuy"":""6000"",""ForeignInvestorsIncludeMainlandAreaInvestors-TotalSell"":""8000"",""ForeignInvestorsInclude MainlandAreaInvestors-Difference"":""-2000"",""SecuritiesInvestmentTrustCompanies-TotalBuy"":""0"",""SecuritiesInvestmentTrustCompanies-TotalSell"":""0"",""SecuritiesInvestmentTrustCompanies-Difference"":""0"",""Dealers-TotalBuy"":""0"",""Dealers-TotalSell"":""0"",""Dealers-Difference"":""0"",""Dealers -TotalSell"":""0"",""TotalDifference"":""-2000""}"
2026-09-08,TPEX,6241,鑫永洋,0,0,0,0,0,0,1099,2000,-901,"{""Date"":""1150908"",""SecuritiesCompanyCode"":""6241"",""CompanyName"":""鑫永洋"",""Foreign Investors include Mainland Area Investors (Foreign Dealers excluded)-Total Buy"":""32000"","" Foreign Investors include Mainland Area Investors (Foreign Dealers excluded)-Total Sell"":""33000"",""Foreign Investors include Mainland Area Investors (Foreign Dealers excluded)-Difference"":""-1000"",""Foreign Dealers-Total Buy"":""0"",""Foreign Dealers-TotalSell"":""0"",""ForeignDealers-Difference"":""0"",""ForeignInvestorsIncludeMainlandAreaInvestors-TotalBuy"":""32000"",""ForeignInvestorsIncludeMainlandAreaInvestors-TotalSell"":""33000"",""ForeignInvestorsInclude MainlandAreaInvestors-Difference"":""-1000"",""SecuritiesInvestmentTrustCompanies-TotalBuy"":""0"",""SecuritiesInvestmentTrustCompanies-TotalSell"":""0"",""SecuritiesInvestmentTrustCompanies-Difference"":""0"",""Dealers-TotalBuy"":""1099"",""Dealers-TotalSell"":""2000"",""Dealers-Difference"":""-901"",""Dealers -TotalSell"":""1000"",""TotalDifference"":""-1901""}"
2026-09-08,TPEX,6244,茂迪,0,0,0,0,0,0,3000,34777,-31777,"{""Date"":""1150908"",""SecuritiesCompanyCode"":""6244"",""CompanyName"":""茂迪"",""Foreign Investors include Mainland Area Investors (Foreign Dealers excluded)-Total Buy"":""158000"","" Foreign Investors include Mainland Area Investors (Foreign Dealers excluded)-Total Sell"":""801000"",""Foreign Investors include Mainland Area Investors (Foreign Dealers excluded)-Difference"":""-643000"",""Foreign Dealers-Total Buy"":""0"",""Foreign Dealers-TotalSell"":""0"",""ForeignDealers-Difference"":""0"",""ForeignInvestorsIncludeMainlandAreaInvestors-TotalBuy"":""158000"",""ForeignInvestorsIncludeMainlandAreaInvestors-TotalSell"":""801000"",""ForeignInvestorsInclude MainlandAreaInvestors-Difference"":""-643000"",""SecuritiesInvestmentTrustCompanies-TotalBuy"":""0"",""SecuritiesInvestmentTrustCompanies-TotalSell"":""0"",""SecuritiesInvestmentTrustCompanies-Difference"":""0"",""Dealers-TotalBuy"":""3000"",""Dealers-TotalSell"":""34777"",""Dealers-Difference"":""-31777"",""Dealers -TotalSell"":""32777"",""TotalDifference"":""-674777""}"
2026-09-08,TPEX,6245,立端,0,0,0,0,0,0,4035,2551,-6516,"{""Date"":""1150908"",""SecuritiesCompanyCode"":""6245"",""CompanyName"":""立端"",""Foreign Investors include Mainland Area Investors (Foreign Dealers excluded)-Total Buy"":""225000"","" Foreign Investors include Mainland Area Investors (Foreign Dealers excluded)-Total Sell"":""105000"",""Foreign Investors include Mainland Area Investors (Foreign Dealers excluded)-Difference"":""120000"",""Foreign Dealers-Total Buy"":""0"",""Foreign Dealers-TotalSell"":""0"",""ForeignDealers-Difference"":""0"",""ForeignInvestorsIncludeMainlandAreaInvestors-TotalBuy"":""225000"",""ForeignInvestorsIncludeMainlandAreaInvestors-TotalSell"":""105000"",""ForeignInvestorsInclude MainlandAreaInvestors-Difference"":""120000"",""SecuritiesInvestmentTrustCompanies-TotalBuy"":""0"",""SecuritiesInvestmentTrustCompanies-TotalSell"":""0"",""SecuritiesInvestmentTrustCompanies-Difference"":""0"",""Dealers-TotalBuy"":""4035"",""Dealers-TotalSell"":""10551"",""Dealers-Difference"":""-6516"",""Dealers -TotalSell"":""2551"",""TotalDifference"":""113484""}"
2026-09-08,TPEX,6246,臺龍,0,0,0,0,0,0,0,0,0,"{""Date"":""1150908"",""SecuritiesCompanyCode"":""6246"",""CompanyName"":""臺龍"",""Foreign Investors include Mainland Area Investors (Foreign Dealers excluded)-Total Buy"":""2000"","" Foreign Investors include Mainland Area Investors (Foreign Dealers excluded)-Total Sell"":""25000"",""Foreign Investors include Mainland Area Investors (Foreign Dealers excluded)-Difference"":""-23000"",""Foreign Dealers-Total Buy"":""0"",""Foreign Dealers-TotalSell"":""0"",""ForeignDealers-Difference"":""0"",""ForeignInvestorsIncludeMainlandAreaInvestors-TotalBuy"":""2000"",""ForeignInvestorsIncludeMainlandAreaInvestors-TotalSell"":""25000"",""ForeignInvestorsInclude MainlandAreaInvestors-Difference"":""-23000"",""SecuritiesInvestmentTrustCompanies-TotalBuy"":""0"",""SecuritiesInvestmentTrustCompanies-TotalSell"":""0"",""SecuritiesInvestmentTrustCompanies-Difference"":""0"",""Dealers-TotalBuy"":""0"",""Dealers-TotalSell"":""0"",""Dealers-Difference"":""0"",""Dealers -TotalSell"":""0"",""TotalDifference"":""-23000""}"
2026-09-08,TPEX,6248,沛波,0,0,0,0,0,0,0,0,0,"{""Date"":""1150908"",""SecuritiesCompanyCode"":""6248"",""CompanyName"":""沛波"",""Foreign Investors include Mainland Area Investors (Foreign Dealers excluded)-Total Buy"":""6000"","" Foreign Investors include Mainland Area Investors (Foreign Dealers excluded)-Total Sell"":""0"",""Foreign Investors include Mainland Area Investors (Foreign Dealers excluded)-Difference"":""6000"",""Foreign Dealers-Total Buy"":""0"",""Foreign Dealers-TotalSell"":""0"",""ForeignDealers-Difference"":""0"",""ForeignInvestorsIncludeMainlandAreaInvestors-TotalBuy"":""6000"",""ForeignInvestorsIncludeMainlandAreaInvestors-TotalSell"":""0"",""ForeignInvestorsInclude MainlandAreaInvestors-Difference"":""6000"",""SecuritiesInvestmentTrustCompanies-TotalBuy"":""0"",""SecuritiesInvestmentTrustCompanies-TotalSell"":""0"",""SecuritiesInvestmentTrustCompanies-Difference"":""0"",""Dealers-TotalBuy"":""0"",""Dealers-TotalSell"":""0"",""Dealers-Difference"":""0"",""Dealers -TotalSell"":""0"",""TotalDifference"":""6000""}"
2026-09-08,TPEX,6259,百徽,0,0,0,0,0,0,0,398,-398,"{""Date"":""1150908"",""SecuritiesCompanyCode"":""6259"",""CompanyName"":""百徽"",""Foreign Investors include Mainland Area Investors (Foreign Dealers excluded)-Total Buy"":""13700"","" Foreign Investors include Mainland Area Investors (Foreign Dealers excluded)-Total Sell"":""95000"",""Foreign Investors include Mainland Area Investors (Foreign Dealers excluded)-Difference"":""-81300"",""Foreign Dealers-Total Buy"":""0"",""Foreign Dealers-TotalSell"":""0"",""ForeignDealers-Difference"":""0"",""ForeignInvestorsIncludeMainlandAreaInvestors-TotalBuy"":""13700"",""ForeignInvestorsIncludeMainlandAreaInvestors-TotalSell"":""95000"",""ForeignInvestorsInclude MainlandAreaInvestors-Difference"":""-81300"",""SecuritiesInvestmentTrustCompanies-TotalBuy"":""0"",""SecuritiesInvestmentTrustCompanies-TotalSell"":""0"",""SecuritiesInvestmentTrustCompanies-Difference"":""0"",""Dealers-TotalBuy"":""0"",""Dealers-TotalSell"":""398"",""Dealers-Difference"":""-398"",""Dealers -TotalSell"":""398"",""TotalDifference"":""-81698""}"
2026-09-08,TPEX,6261,久元,0,0,0,0,0,0,484,18311,-17827,"{""Date"":""1150908"",""SecuritiesCompanyCode"":""6261"",""CompanyName"":""久元"",""Foreign Investors include Mainland Area Investors (Foreign Dealers excluded)-Total Buy"":""195000"","" Foreign Investors include Mainland Area Investors (Foreign Dealers excluded)-Total Sell"":""185000"",""Foreign Investors include Mainland Area Investors (Foreign Dealers excluded)-Difference"":""10000"",""Foreign Dealers-Total Buy"":""0"",""Foreign Dealers-TotalSell"":""0"",""ForeignDealers-Difference"":""0"",""ForeignInvestorsIncludeMainlandAreaInvestors-TotalBuy"":""195000"",""ForeignInvestorsIncludeMainlandAreaInvestors-TotalSell"":""185000"",""ForeignInvestorsInclude MainlandAreaInvestors-Difference"":""10000"",""SecuritiesInvestmentTrustCompanies-TotalBuy"":""0"",""SecuritiesInvestmentTrustCompanies-TotalSell"":""0"",""SecuritiesInvestmentTrustCompanies-Difference"":""0"",""Dealers-TotalBuy"":""484"",""Dealers-TotalSell"":""18311"",""Dealers-Difference"":""-17827"",""Dealers -TotalSell"":""18311"",""TotalDifference"":""-7827""}"
2026-09-08,TPEX,6263,普萊德,0,0,0,0,0,0,0,1433,-1433,"{""Date"":""1150908"",""SecuritiesCompanyCode"":""6263"",""CompanyName"":""普萊德"",""Foreign Investors include Mainland Area Investors (Foreign Dealers excluded)-Total Buy"":""20010"","" Foreign Investors include Mainland Area Investors (Foreign Dealers excluded)-Total Sell"":""152045"",""Foreign Investors include Mainland Area Investors (Foreign Dealers excluded)-Difference"":""-132035"",""Foreign Dealers-Total Buy"":""0"",""Foreign Dealers-TotalSell"":""0"",""ForeignDealers-Difference"":""0"",""ForeignInvestorsIncludeMainlandAreaInvestors-TotalBuy"":""20010"",""ForeignInvestorsIncludeMainlandAreaInvestors-TotalSell"":""152045"",""ForeignInvestorsInclude MainlandAreaInvestors-Difference"":""-132035"",""SecuritiesInvestmentTrustCompanies-TotalBuy"":""0"",""SecuritiesInvestmentTrustCompanies-TotalSell"":""0"",""SecuritiesInvestmentTrustCompanies-Difference"":""0"",""Dealers-TotalBuy"":""0"",""Dealers-TotalSell"":""1433"",""Dealers-Difference"":""-1433"",""Dealers -TotalSell"":""1433"",""TotalDifference"":""-133468""}"
2026-09-08,TPEX,6265,方土昶,0,0,0,0,0,0,6368,7578,-1210,"{""Date"":""1150908"",""SecuritiesCompanyCode"":""6265"",""CompanyName"":""方土昶"",""Foreign Investors include Mainland Area Investors (Foreign Dealers excluded)-Total Buy"":""356015"","" Foreign Investors include Mainland Area Investors (Foreign Dealers excluded)-Total Sell"":""920405"",""Foreign Investors include Mainland Area Investors (Foreign Dealers excluded)-Difference"":""-564390"",""Foreign Dealers-Total Buy"":""0"",""Foreign Dealers-TotalSell"":""0"",""ForeignDealers-Difference"":""0"",""ForeignInvestorsIncludeMainlandAreaInvestors-TotalBuy"":""356015"",""ForeignInvestorsIncludeMainlandAreaInvestors-TotalSell"":""920405"",""ForeignInvestorsInclude MainlandAreaInvestors-Difference"":""-564390"",""SecuritiesInvestmentTrustCompanies-TotalBuy"":""0"",""SecuritiesInvestmentTrustCompanies-TotalSell"":""0"",""SecuritiesInvestmentTrustCompanies-Difference"":""0"",""Dealers-TotalBuy"":""6368"",""Dealers-TotalSell"":""7578"",""Dealers-Difference"":""-1210"",""Dealers -TotalSell"":""7578"",""TotalDifference"":""-565600""}"
2026-09-08,TPEX,6266,泰詠,0,0,0,0,0,0,123,0,123,"{""Date"":""1150908"",""SecuritiesCompanyCode"":""6266"",""CompanyName"":""泰詠"",""Foreign Investors include Mainland Area Investors (Foreign Dealers excluded)-Total Buy"":""3000"","" Foreign Investors include Mainland Area Investors (Foreign Dealers excluded)-Total Sell"":""49000"",""Foreign Investors include Mainland Area Investors (Foreign Dealers excluded)-Difference"":""-46000"",""Foreign Dealers-Total Buy"":""0"",""Foreign Dealers-TotalSell"":""0"",""ForeignDealers-Difference"":""0"",""ForeignInvestorsIncludeMainlandAreaInvestors-TotalBuy"":""3000"",""ForeignInvestorsIncludeMainlandAreaInvestors-TotalSell"":""49000"",""ForeignInvestorsInclude MainlandAreaInvestors-Difference"":""-46000"",""SecuritiesInvestmentTrustCompanies-TotalBuy"":""0"",""SecuritiesInvestmentTrustCompanies-TotalSell"":""0"",""SecuritiesInvestmentTrustCompanies-Difference"":""0"",""Dealers-TotalBuy"":""123"",""Dealers-TotalSell"":""0"",""Dealers-Difference"":""123"",""Dealers -TotalSell"":""0"",""TotalDifference"":""-45877""}"
2026-09-08,TPEX,6270,倍微,0,0,0,0,0,0,1288,664,624,"{""Date"":""1150908"",""SecuritiesCompanyCode"":""6270"",""CompanyName"":""倍微"",""Foreign Investors include Mainland Area Investors (Foreign Dealers excluded)-Total Buy"":""62051"","" Foreign Investors include Mainland Area Investors (Foreign Dealers excluded)-Total Sell"":""90148"",""Foreign Investors include Mainland Area Investors (Foreign Dealers excluded)-Difference"":""-28097"",""Foreign Dealers-Total Buy"":""0"",""Foreign Dealers-TotalSell"":""0"",""ForeignDealers-Difference"":""0"",""ForeignInvestorsIncludeMainlandAreaInvestors-TotalBuy"":""62051"",""ForeignInvestorsIncludeMainlandAreaInvestors-TotalSell"":""90148"",""ForeignInvestorsInclude MainlandAreaInvestors-Difference"":""-28097"",""SecuritiesInvestmentTrustCompanies-TotalBuy"":""0"",""SecuritiesInvestmentTrustCompanies-TotalSell"":""0"",""SecuritiesInvestmentTrustCompanies-Difference"":""0"",""Dealers-TotalBuy"":""1288"",""Dealers-TotalSell"":""664"",""Dealers-Difference"":""624"",""Dealers -TotalSell"":""664"",""TotalDifference"":""-27473""}"
2026-09-08,TPEX,6274,台燿,0,0,0,11000,426000,-415000,169425,221231,-51806,"{""Date"":""1150908"",""SecuritiesCompanyCode"":""6274"",""CompanyName"":""台燿"",""Foreign Investors include Mainland Area Investors (Foreign Dealers excluded)-Total Buy"":""1553111"","" Foreign Investors include Mainland Area Investors (Foreign Dealers excluded)-Total Sell"":""1988856"",""Foreign Investors include Mainland Area Investors (Foreign Dealers excluded)-Difference"":""-435745"",""Foreign Dealers-Total Buy"":""0"",""Foreign Dealers-TotalSell"":""0"",""ForeignDealers-Difference"":""0"",""ForeignInvestorsIncludeMainlandAreaInvestors-TotalBuy"":""1553111"",""ForeignInvestorsIncludeMainlandAreaInvestors-TotalSell"":""1988856"",""ForeignInvestorsInclude MainlandAreaInvestors-Difference"":""-435745"",""SecuritiesInvestmentTrustCompanies-TotalBuy"":""11000"",""SecuritiesInvestmentTrustCompanies-TotalSell"":""426000"",""SecuritiesInvestmentTrustCompanies-Difference"":""-415000"",""Dealers-TotalBuy"":""169425"",""Dealers-TotalSell"":""221231"",""Dealers-Difference"":""-51806"",""Dealers -TotalSell"":""143861"",""TotalDifference"":""-902551""}"
2026-09-08,TPEX,6275,元山,0,0,0,0,0,0,0,1437,-1437,"{""Date"":""1150908"",""SecuritiesCompanyCode"":""6275"",""CompanyName"":""元山"",""Foreign Investors include Mainland Area Investors (Foreign Dealers excluded)-Total Buy"":""40000"","" Foreign Investors include Mainland Area Investors (Foreign Dealers excluded)-Total Sell"":""35000"",""Foreign Investors include Mainland Area Investors (Foreign Dealers excluded)-Difference"":""5000"",""Foreign Dealers-Total Buy"":""0"",""Foreign Dealers-TotalSell"":""0"",""ForeignDealers-Difference"":""0"",""ForeignInvestorsIncludeMainlandAreaInvestors-TotalBuy"":""40000"",""ForeignInvestorsIncludeMainlandAreaInvestors-TotalSell"":""35000"",""ForeignInvestorsInclude MainlandAreaInvestors-Difference"":""5000"",""SecuritiesInvestmentTrustCompanies-TotalBuy"":""0"",""SecuritiesInvestmentTrustCompanies-TotalSell"":""0"",""SecuritiesInvestmentTrustCompanies-Difference"":""0"",""Dealers-TotalBuy"":""0"",""Dealers-TotalSell"":""1437"",""Dealers-Difference"":""-1437"",""Dealers -TotalSell"":""1437"",""TotalDifference"":""3563""}"
2026-09-08,TPEX,6276,安鈦克,0,0,0,0,0,0,0,2,-2,"{""Date"":""1150908"",""SecuritiesCompanyCode"":""6276"",""CompanyName"":""安鈦克"",""Foreign Investors include Mainland Area Investors (Foreign Dealers excluded)-Total Buy"":""0"","" Foreign Investors include Mainland Area Investors (Foreign Dealers excluded)-Total Sell"":""2000"",""Foreign Investors include Mainland Area Investors (Foreign Dealers excluded)-Difference"":""-2000"",""Foreign Dealers-Total Buy"":""0"",""Foreign Dealers-TotalSell"":""0"",""ForeignDealers-Difference"":""0"",""ForeignInvestorsIncludeMainlandAreaInvestors-TotalBuy"":""0"",""ForeignInvestorsIncludeMainlandAreaInvestors-TotalSell"":""2000"",""ForeignInvestorsInclude MainlandAreaInvestors-Difference"":""-2000"",""SecuritiesInvestmentTrustCompanies-TotalBuy"":""0"",""SecuritiesInvestmentTrustCompanies-TotalSell"":""0"",""SecuritiesInvestmentTrustCompanies-Difference"":""0"",""Dealers-TotalBuy"":""0"",""Dealers-TotalSell"":""2"",""Dealers-Difference"":""-2"",""Dealers -TotalSell"":""2"",""TotalDifference"":""-2002""}"
2026-09-08,TPEX,6279,胡連,0,0,0,0,0,0,8050,9374,-1324,"{""Date"":""1150908"",""SecuritiesCompanyCode"":""6279"",""CompanyName"":""胡連"",""Foreign Investors include Mainland Area Investors (Foreign Dealers excluded)-Total Buy"":""94000"","" Foreign Investors include Mainland Area Investors (Foreign Dealers excluded)-Total Sell"":""150000"",""Foreign Investors include Mainland Area Investors (Foreign Dealers excluded)-Difference"":""-56000"",""Foreign Dealers-Total Buy"":""0"",""Foreign Dealers-TotalSell"":""0"",""ForeignDealers-Difference"":""0"",""ForeignInvestorsIncludeMainlandAreaInvestors-TotalBuy"":""94000"",""ForeignInvestorsIncludeMainlandAreaInvestors-TotalSell"":""150000"",""ForeignInvestorsInclude MainlandAreaInvestors-Difference"":""-56000"",""SecuritiesInvestmentTrustCompanies-TotalBuy"":""0"",""SecuritiesInvestmentTrustCompanies-TotalSell"":""0"",""SecuritiesInvestmentTrustCompanies-Difference"":""0"",""Dealers-TotalBuy"":""8050"",""Dealers-TotalSell"":""9374"",""Dealers-Difference"":""-1324"",""Dealers -TotalSell"":""5374"",""TotalDifference"":""-57324""}"
2026-09-08,TPEX,6284,佳邦,0,0,0,0,0,0,734,14633,-13899,"{""Date"":""1150908"",""SecuritiesCompanyCode"":""6284"",""CompanyName"":""佳邦"",""Foreign Investors include Mainland Area Investors (Foreign Dealers excluded)-Total Buy"":""88000"","" Foreign Investors include Mainland Area Investors (Foreign Dealers excluded)-Total Sell"":""384000"",""Foreign Investors include Mainland Area Investors (Foreign Dealers excluded)-Difference"":""-296000"",""Foreign Dealers-Total Buy"":""0"",""Foreign Dealers-TotalSell"":""0"",""ForeignDealers-Difference"":""0"",""ForeignInvestorsIncludeMainlandAreaInvestors-TotalBuy"":""88000"",""ForeignInvestorsIncludeMainlandAreaInvestors-TotalSell"":""384000"",""ForeignInvestorsInclude MainlandAreaInvestors-Difference"":""-296000"",""SecuritiesInvestmentTrustCompanies-TotalBuy"":""0"",""SecuritiesInvestmentTrustCompanies-TotalSell"":""0"",""SecuritiesInvestmentTrustCompanies-Difference"":""0"",""Dealers-TotalBuy"":""734"",""Dealers-TotalSell"":""14633"",""Dealers-Difference"":""-13899"",""Dealers -TotalSell"":""14633"",""TotalDifference"":""-309899""}"
2026-09-08,TPEX,6290,良維,0,0,0,0,0,0,70204,76304,-6100,"{""Date"":""1150908"",""SecuritiesCompanyCode"":""6290"",""CompanyName"":""良維"",""Foreign Investors include Mainland Area Investors (Foreign Dealers excluded)-Total Buy"":""631306"","" Foreign Investors include Mainland Area Investors (Foreign Dealers excluded)-Total Sell"":""756048"",""Foreign Investors include Mainland Area Investors (Foreign Dealers excluded)-Difference"":""-124742"",""Foreign Dealers-Total Buy"":""0"",""Foreign Dealers-TotalSell"":""0"",""ForeignDealers-Difference"":""0"",""ForeignInvestorsIncludeMainlandAreaInvestors-TotalBuy"":""631306"",""ForeignInvestorsIncludeMainlandAreaInvestors-TotalSell"":""756048"",""ForeignInvestorsInclude MainlandAreaInvestors-Difference"":""-124742"",""SecuritiesInvestmentTrustCompanies-TotalBuy"":""0"",""SecuritiesInvestmentTrustCompanies-TotalSell"":""0"",""SecuritiesInvestmentTrustCompanies-Difference"":""0"",""Dealers-TotalBuy"":""70204"",""Dealers-TotalSell"":""76304"",""Dealers-Difference"":""-6100"",""Dealers -TotalSell"":""26304"",""TotalDifference"":""-130842""}"
2026-09-08,TPEX,6291,沛亨,0,0,0,0,160000,-160000,53778,40158,13620,"{""Date"":""1150908"",""SecuritiesCompanyCode"":""6291"",""CompanyName"":""沛亨"",""Foreign Investors include Mainland Area Investors (Foreign Dealers excluded)-Total Buy"":""563079"","" Foreign Investors include Mainland Area Investors (Foreign Dealers excluded)-Total Sell"":""614000"",""Foreign Investors include Mainland Area Investors (Foreign Dealers excluded)-Difference"":""-50921"",""Foreign Dealers-Total Buy"":""0"",""Foreign Dealers-TotalSell"":""0"",""ForeignDealers-Difference"":""0"",""ForeignInvestorsIncludeMainlandAreaInvestors-TotalBuy"":""563079"",""ForeignInvestorsIncludeMainlandAreaInvestors-TotalSell"":""614000"",""ForeignInvestorsInclude MainlandAreaInvestors-Difference"":""-50921"",""SecuritiesInvestmentTrustCompanies-TotalBuy"":""0"",""SecuritiesInvestmentTrustCompanies-TotalSell"":""160000"",""SecuritiesInvestmentTrustCompanies-Difference"":""-160000"",""Dealers-TotalBuy"":""53778"",""Dealers-TotalSell"":""40158"",""Dealers-Difference"":""13620"",""Dealers -TotalSell"":""36158"",""TotalDifference"":""-197301""}"
2026-09-08,TPEX,6292,迅德,0,0,0,0,0,0,11,0,11,"{""Date"":""1150908"",""SecuritiesCompanyCode"":""6292"",""CompanyName"":""迅德"",""Foreign Investors include Mainland Area Investors (Foreign Dealers excluded)-Total Buy"":""104534"","" Foreign Investors include Mainland Area Investors (Foreign Dealers excluded)-Total Sell"":""158000"",""Foreign Investors include Mainland Area Investors (Foreign Dealers excluded)-Difference"":""-53466"",""Foreign Dealers-Total Buy"":""0"",""Foreign Dealers-TotalSell"":""0"",""ForeignDealers-Difference"":""0"",""ForeignInvestorsIncludeMainlandAreaInvestors-TotalBuy"":""104534"",""ForeignInvestorsIncludeMainlandAreaInvestors-TotalSell"":""158000"",""ForeignInvestorsInclude MainlandAreaInvestors-Difference"":""-53466"",""SecuritiesInvestmentTrustCompanies-TotalBuy"":""0"",""SecuritiesInvestmentTrustCompanies-TotalSell"":""0"",""SecuritiesInvestmentTrustCompanies-Difference"":""0"",""Dealers-TotalBuy"":""11"",""Dealers-TotalSell"":""0"",""Dealers-Difference"":""11"",""Dealers -TotalSell"":""0"",""TotalDifference"":""-53455""}"
2026-09-08,TPEX,6294,智基,0,0,0,0,0,0,0,82,-82,"{""Date"":""1150908"",""SecuritiesCompanyCode"":""6294"",""CompanyName"":""智基"",""Foreign Investors include Mainland Area Investors (Foreign Dealers excluded)-Total Buy"":""0"","" Foreign Investors include Mainland Area Investors (Foreign Dealers excluded)-Total Sell"":""0"",""Foreign Investors include Mainland Area Investors (Foreign Dealers excluded)-Difference"":""0"",""Foreign Dealers-Total Buy"":""0"",""Foreign Dealers-TotalSell"":""0"",""ForeignDealers-Difference"":""0"",""ForeignInvestorsIncludeMainlandAreaInvestors-TotalBuy"":""0"",""ForeignInvestorsIncludeMainlandAreaInvestors-TotalSell"":""0"",""ForeignInvestorsInclude MainlandAreaInvestors-Difference"":""0"",""SecuritiesInvestmentTrustCompanies-TotalBuy"":""0"",""SecuritiesInvestmentTrustCompanies-TotalSell"":""0"",""SecuritiesInvestmentTrustCompanies-Difference"":""0"",""Dealers-TotalBuy"":""0"",""Dealers-TotalSell"":""82"",""Dealers-Difference"":""-82"",""Dealers -TotalSell"":""82"",""TotalDifference"":""-82""}"
2026-09-08,TPEX,6411,晶焱,0,0,0,0,0,0,1000,2157,-1157,"{""Date"":""1150908"",""SecuritiesCompanyCode"":""6411"",""CompanyName"":""晶焱"",""Foreign Investors include Mainland Area Investors (Foreign Dealers excluded)-Total Buy"":""16000"","" Foreign Investors include Mainland Area Investors (Foreign Dealers excluded)-Total Sell"":""107000"",""Foreign Investors include Mainland Area Investors (Foreign Dealers excluded)-Difference"":""-91000"",""Foreign Dealers-Total Buy"":""0"",""Foreign Dealers-TotalSell"":""0"",""ForeignDealers-Difference"":""0"",""ForeignInvestorsIncludeMainlandAreaInvestors-TotalBuy"":""16000"",""ForeignInvestorsIncludeMainlandAreaInvestors-TotalSell"":""107000"",""ForeignInvestorsInclude MainlandAreaInvestors-Difference"":""-91000"",""SecuritiesInvestmentTrustCompanies-TotalBuy"":""0"",""SecuritiesInvestmentTrustCompanies-TotalSell"":""0"",""SecuritiesInvestmentTrustCompanies-Difference"":""0"",""Dealers-TotalBuy"":""1000"",""Dealers-TotalSell"":""2157"",""Dealers-Difference"":""-1157"",""Dealers -TotalSell"":""2157"",""TotalDifference"":""-92157""}"
2026-09-08,TPEX,6417,韋僑,0,0,0,0,0,0,7000,6520,480,"{""Date"":""1150908"",""SecuritiesCompanyCode"":""6417"",""CompanyName"":""韋僑"",""Foreign Investors include Mainland Area Investors (Foreign Dealers excluded)-Total Buy"":""2000"","" Foreign Investors include Mainland Area Investors (Foreign Dealers excluded)-Total Sell"":""32000"",""Foreign Investors include Mainland Area Investors (Foreign Dealers excluded)-Difference"":""-30000"",""Foreign Dealers-Total Buy"":""0"",""Foreign Dealers-TotalSell"":""0"",""ForeignDealers-Difference"":""0"",""ForeignInvestorsIncludeMainlandAreaInvestors-TotalBuy"":""2000"",""ForeignInvestorsIncludeMainlandAreaInvestors-TotalSell"":""32000"",""ForeignInvestorsInclude MainlandAreaInvestors-Difference"":""-30000"",""SecuritiesInvestmentTrustCompanies-TotalBuy"":""0"",""SecuritiesInvestmentTrustCompanies-TotalSell"":""0"",""SecuritiesInvestmentTrustCompanies-Difference"":""0"",""Dealers-TotalBuy"":""7000"",""Dealers-TotalSell"":""6520"",""Dealers-Difference"":""480"",""Dealers -TotalSell"":""6520"",""TotalDifference"":""-29520""}"
2026-09-08,TPEX,6418,詠昇,0,0,0,0,0,0,0,0,0,"{""Date"":""1150908"",""SecuritiesCompanyCode"":""6418"",""CompanyName"":""詠昇"",""Foreign Investors include Mainland Area Investors (Foreign Dealers excluded)-Total Buy"":""13000"","" Foreign Investors include Mainland Area Investors (Foreign Dealers excluded)-Total Sell"":""20000"",""Foreign Investors include Mainland Area Investors (Foreign Dealers excluded)-Difference"":""-7000"",""Foreign Dealers-Total Buy"":""0"",""Foreign Dealers-TotalSell"":""0"",""ForeignDealers-Difference"":""0"",""ForeignInvestorsIncludeMainlandAreaInvestors-TotalBuy"":""13000"",""ForeignInvestorsIncludeMainlandAreaInvestors-TotalSell"":""20000"",""ForeignInvestorsInclude MainlandAreaInvestors-Difference"":""-7000"",""SecuritiesInvestmentTrustCompanies-TotalBuy"":""0"",""SecuritiesInvestmentTrustCompanies-TotalSell"":""0"",""SecuritiesInvestmentTrustCompanies-Difference"":""0"",""Dealers-TotalBuy"":""0"",""Dealers-TotalSell"":""0"",""Dealers-Difference"":""0"",""Dealers -TotalSell"":""0"",""TotalDifference"":""-7000""}"
2026-09-08,TPEX,6419,京晨科,0,0,0,0,0,0,2000,1437,563,"{""Date"":""1150908"",""SecuritiesCompanyCode"":""6419"",""CompanyName"":""京晨科"",""Foreign Investors include Mainland Area Investors (Foreign Dealers excluded)-Total Buy"":""10000"","" Foreign Investors include Mainland Area Investors (Foreign Dealers excluded)-Total Sell"":""36000"",""Foreign Investors include Mainland Area Investors (Foreign Dealers excluded)-Difference"":""-26000"",""Foreign Dealers-Total Buy"":""0"",""Foreign Dealers-TotalSell"":""0"",""ForeignDealers-Difference"":""0"",""ForeignInvestorsIncludeMainlandAreaInvestors-TotalBuy"":""10000"",""ForeignInvestorsIncludeMainlandAreaInvestors-TotalSell"":""36000"",""ForeignInvestorsInclude MainlandAreaInvestors-Difference"":""-26000"",""SecuritiesInvestmentTrustCompanies-TotalBuy"":""0"",""SecuritiesInvestmentTrustCompanies-TotalSell"":""0"",""SecuritiesInvestmentTrustCompanies-Difference"":""0"",""Dealers-TotalBuy"":""2000"",""Dealers-TotalSell"":""1437"",""Dealers-Difference"":""563"",""Dealers -TotalSell"":""1437"",""TotalDifference"":""-25437""}"
2026-09-08,TPEX,6423,億而得,0,0,0,0,0,0,0,0,0,"{""Date"":""1150908"",""SecuritiesCompanyCode"":""6423"",""CompanyName"":""億而得"",""Foreign Investors include Mainland Area Investors (Foreign Dealers excluded)-Total Buy"":""36000"","" Foreign Investors include Mainland Area Investors (Foreign Dealers excluded)-Total Sell"":""3000"",""Foreign Investors include Mainland Area Investors (Foreign Dealers excluded)-Difference"":""33000"",""Foreign Dealers-Total Buy"":""0"",""Foreign Dealers-TotalSell"":""0"",""ForeignDealers-Difference"":""0"",""ForeignInvestorsIncludeMainlandAreaInvestors-TotalBuy"":""36000"",""ForeignInvestorsIncludeMainlandAreaInvestors-TotalSell"":""3000"",""ForeignInvestorsInclude MainlandAreaInvestors-Difference"":""33000"",""SecuritiesInvestmentTrustCompanies-TotalBuy"":""0"",""SecuritiesInvestmentTrustCompanies-TotalSell"":""0"",""SecuritiesInvestmentTrustCompanies-Difference"":""0"",""Dealers-TotalBuy"":""0"",""Dealers-TotalSell"":""0"",""Dealers-Difference"":""0"",""Dealers -TotalSell"":""0"",""TotalDifference"":""33000""}"
2026-09-08,TPEX,6425,易發,0,0,0,0,0,0,985,11778,-10793,"{""Date"":""1150908"",""SecuritiesCompanyCode"":""6425"",""CompanyName"":""易發"",""Foreign Investors include Mainland Area Investors (Foreign Dealers excluded)-Total Buy"":""61000"","" Foreign Investors include Mainland Area Investors (Foreign Dealers excluded)-Total Sell"":""87000"",""Foreign Investors include Mainland Area Investors (Foreign Dealers excluded)-Difference"":""-26000"",""Foreign Dealers-Total Buy"":""0"",""Foreign Dealers-TotalSell"":""0"",""ForeignDealers-Difference"":""0"",""ForeignInvestorsIncludeMainlandAreaInvestors-TotalBuy"":""61000"",""ForeignInvestorsIncludeMainlandAreaInvestors-TotalSell"":""87000"",""ForeignInvestorsInclude MainlandAreaInvestors-Difference"":""-26000"",""SecuritiesInvestmentTrustCompanies-TotalBuy"":""0"",""SecuritiesInvestmentTrustCompanies-TotalSell"":""0"",""SecuritiesInvestmentTrustCompanies-Difference"":""0"",""Dealers-TotalBuy"":""985"",""Dealers-TotalSell"":""11778"",""Dealers-Difference"":""-10793"",""Dealers -TotalSell"":""11778"",""TotalDifference"":""-36793""}"
2026-09-08,TPEX,6432,今展科,0,0,0,0,0,0,10000,9929,-929,"{""Date"":""1150908"",""SecuritiesCompanyCode"":""6432"",""CompanyName"":""今展科"",""Foreign Investors include Mainland Area Investors (Foreign Dealers excluded)-Total Buy"":""112000"","" Foreign Investors include Mainland Area Investors (Foreign Dealers excluded)-Total Sell"":""192000"",""Foreign Investors include Mainland Area Investors (Foreign Dealers excluded)-Difference"":""-80000"",""Foreign Dealers-Total Buy"":""0"",""Foreign Dealers-TotalSell"":""0"",""ForeignDealers-Difference"":""0"",""ForeignInvestorsIncludeMainlandAreaInvestors-TotalBuy"":""112000"",""ForeignInvestorsIncludeMainlandAreaInvestors-TotalSell"":""192000"",""ForeignInvestorsInclude MainlandAreaInvestors-Difference"":""-80000"",""SecuritiesInvestmentTrustCompanies-TotalBuy"":""0"",""SecuritiesInvestmentTrustCompanies-TotalSell"":""0"",""SecuritiesInvestmentTrustCompanies-Difference"":""0"",""Dealers-TotalBuy"":""10000"",""Dealers-TotalSell"":""10929"",""Dealers-Difference"":""-929"",""Dealers -TotalSell"":""9929"",""TotalDifference"":""-80929""}"
2026-09-08,TPEX,6435,大中,0,0,0,0,0,0,2200,3670,-1470,"{""Date"":""1150908"",""SecuritiesCompanyCode"":""6435"",""CompanyName"":""大中"",""Foreign Investors include Mainland Area Investors (Foreign Dealers excluded)-Total Buy"":""27342"","" Foreign Investors include Mainland Area Investors (Foreign Dealers excluded)-Total Sell"":""137000"",""Foreign Investors include Mainland Area Investors (Foreign Dealers excluded)-Difference"":""-109658"",""Foreign Dealers-Total Buy"":""0"",""Foreign Dealers-TotalSell"":""0"",""ForeignDealers-Difference"":""0"",""ForeignInvestorsIncludeMainlandAreaInvestors-TotalBuy"":""27342"",""ForeignInvestorsIncludeMainlandAreaInvestors-TotalSell"":""137000"",""ForeignInvestorsInclude MainlandAreaInvestors-Difference"":""-109658"",""SecuritiesInvestmentTrustCompanies-TotalBuy"":""0"",""SecuritiesInvestmentTrustCompanies-TotalSell"":""0"",""SecuritiesInvestmentTrustCompanies-Difference"":""0"",""Dealers-TotalBuy"":""2200"",""Dealers-TotalSell"":""3670"",""Dealers-Difference"":""-1470"",""Dealers -TotalSell"":""3670"",""TotalDifference"":""-111128""}"
2026-09-08,TPEX,6441,廣錠,0,0,0,0,0,0,999,0,999,"{""Date"":""1150908"",""SecuritiesCompanyCode"":""6441"",""CompanyName"":""廣錠"",""Foreign Investors include Mainland Area Investors (Foreign Dealers excluded)-Total Buy"":""1000"","" Foreign Investors include Mainland Area Investors (Foreign Dealers excluded)-Total Sell"":""2000"",""Foreign Investors include Mainland Area Investors (Foreign Dealers excluded)-Difference"":""-1000"",""Foreign Dealers-Total Buy"":""0"",""Foreign Dealers-TotalSell"":""0"",""ForeignDealers-Difference"":""0"",""ForeignInvestorsIncludeMainlandAreaInvestors-TotalBuy"":""1000"",""ForeignInvestorsIncludeMainlandAreaInvestors-TotalSell"":""2000"",""ForeignInvestorsInclude MainlandAreaInvestors-Difference"":""-1000"",""SecuritiesInvestmentTrustCompanies-TotalBuy"":""0"",""SecuritiesInvestmentTrustCompanies-TotalSell"":""0"",""SecuritiesInvestmentTrustCompanies-Difference"":""0"",""Dealers-TotalBuy"":""999"",""Dealers-TotalSell"":""0"",""Dealers-Difference"":""999"",""Dealers -TotalSell"":""0"",""TotalDifference"":""-1""}"
2026-09-08,TPEX,6462,神盾,0,0,0,0,0,0,5597,3867,1730,"{""Date"":""1150908"",""SecuritiesCompanyCode"":""6462"",""CompanyName"":""神盾"",""Foreign Investors include Mainland Area Investors (Foreign Dealers excluded)-Total Buy"":""159052"","" Foreign Investors include Mainland Area Investors (Foreign Dealers excluded)-Total Sell"":""142000"",""Foreign Investors include Mainland Area Investors (Foreign Dealers excluded)-Difference"":""17052"",""Foreign Dealers-Total Buy"":""0"",""Foreign Dealers-TotalSell"":""0"",""ForeignDealers-Difference"":""0"",""ForeignInvestorsIncludeMainlandAreaInvestors-TotalBuy"":""159052"",""ForeignInvestorsIncludeMainlandAreaInvestors-TotalSell"":""142000"",""ForeignInvestorsInclude MainlandAreaInvestors-Difference"":""17052"",""SecuritiesInvestmentTrustCompanies-TotalBuy"":""0"",""SecuritiesInvestmentTrustCompanies-TotalSell"":""0"",""SecuritiesInvestmentTrustCompanies-Difference"":""0"",""Dealers-TotalBuy"":""5597"",""Dealers-TotalSell"":""3867"",""Dealers-Difference"":""1730"",""Dealers -TotalSell"":""3867"",""TotalDifference"":""18782""}"
2026-09-08,TPEX,6465,威潤,0,0,0,0,0,0,1816,1682,134,"{""Date"":""1150908"",""SecuritiesCompanyCode"":""6465"",""CompanyName"":""威潤"",""Foreign Investors include Mainland Area Investors (Foreign Dealers excluded)-Total Buy"":""25000"","" Foreign Investors include Mainland Area Investors (Foreign Dealers excluded)-Total Sell"":""95000"",""Foreign Investors include Mainland Area Investors (Foreign Dealers excluded)-Difference"":""-70000"",""Foreign Dealers-Total Buy"":""0"",""Foreign Dealers-TotalSell"":""0"",""ForeignDealers-Difference"":""0"",""ForeignInvestorsIncludeMainlandAreaInvestors-TotalBuy"":""25000"",""ForeignInvestorsIncludeMainlandAreaInvestors-TotalSell"":""95000"",""ForeignInvestorsInclude MainlandAreaInvestors-Difference"":""-70000"",""SecuritiesInvestmentTrustCompanies-TotalBuy"":""0"",""SecuritiesInvestmentTrustCompanies-TotalSell"":""0"",""SecuritiesInvestmentTrustCompanies-Difference"":""0"",""Dealers-TotalBuy"":""1816"",""Dealers-TotalSell"":""1682"",""Dealers-Difference"":""134"",""Dealers -TotalSell"":""1682"",""TotalDifference"":""-69866""}"
2026-09-08,TPEX,6469,大樹,0,0,0,0,0,0,1504,189,1315,"{""Date"":""1150908"",""SecuritiesCompanyCode"":""6469"",""CompanyName"":""大樹"",""Foreign Investors include Mainland Area Investors (Foreign Dealers excluded)-Total Buy"":""164984"","" Foreign Investors include Mainland Area Investors (Foreign Dealers excluded)-Total Sell"":""10199"",""Foreign Investors include Mainland Area Investors (Foreign Dealers excluded)-Difference"":""154785"",""Foreign Dealers-Total Buy"":""0"",""Foreign Dealers-TotalSell"":""0"",""ForeignDealers-Difference"":""0"",""ForeignInvestorsIncludeMainlandAreaInvestors-TotalBuy"":""164984"",""ForeignInvestorsIncludeMainlandAreaInvestors-TotalSell"":""10199"",""ForeignInvestorsInclude MainlandAreaInvestors-Difference"":""154785"",""SecuritiesInvestmentTrustCompanies-TotalBuy"":""0"",""SecuritiesInvestmentTrustCompanies-TotalSell"":""0"",""SecuritiesInvestmentTrustCompanies-Difference"":""0"",""Dealers-TotalBuy"":""1504"",""Dealers-TotalSell"":""189"",""Dealers-Difference"":""1315"",""Dealers -TotalSell"":""0"",""TotalDifference"":""156100""}"
2026-09-08,TPEX,6470,宇智,0,0,0,0,0,0,0,0,0,"{""Date"":""1150908"",""SecuritiesCompanyCode"":""6470"",""CompanyName"":""宇智"",""Foreign Investors include Mainland Area Investors (Foreign Dealers excluded)-Total Buy"":""0"","" Foreign Investors include Mainland Area Investors (Foreign Dealers excluded)-Total Sell"":""1000"",""Foreign Investors include Mainland Area Investors (Foreign Dealers excluded)-Difference"":""-1000"",""Foreign Dealers-Total Buy"":""0"",""Foreign Dealers-TotalSell"":""0"",""ForeignDealers-Difference"":""0"",""ForeignInvestorsIncludeMainlandAreaInvestors-TotalBuy"":""0"",""ForeignInvestorsIncludeMainlandAreaInvestors-TotalSell"":""1000"",""ForeignInvestorsInclude MainlandAreaInvestors-Difference"":""-1000"",""SecuritiesInvestmentTrustCompanies-TotalBuy"":""0"",""SecuritiesInvestmentTrustCompanies-TotalSell"":""0"",""SecuritiesInvestmentTrustCompanies-Difference"":""0"",""Dealers-TotalBuy"":""0"",""Dealers-TotalSell"":""0"",""Dealers-Difference"":""0"",""Dealers -TotalSell"":""0"",""TotalDifference"":""-1000""}"
2026-09-08,TPEX,6474,華豫寧,0,0,0,0,0,0,0,0,0,"{""Date"":""1150908"",""SecuritiesCompanyCode"":""6474"",""CompanyName"":""華豫寧"",""Foreign Investors include Mainland Area Investors (Foreign Dealers excluded)-Total Buy"":""0"","" Foreign Investors include Mainland Area Investors (Foreign Dealers excluded)-Total Sell"":""2000"",""Foreign Investors include Mainland Area Investors (Foreign Dealers excluded)-Difference"":""-2000"",""Foreign Dealers-Total Buy"":""0"",""Foreign Dealers-TotalSell"":""0"",""ForeignDealers-Difference"":""0"",""ForeignInvestorsIncludeMainlandAreaInvestors-TotalBuy"":""0"",""ForeignInvestorsIncludeMainlandAreaInvestors-TotalSell"":""2000"",""ForeignInvestorsInclude MainlandAreaInvestors-Difference"":""-2000"",""SecuritiesInvestmentTrustCompanies-TotalBuy"":""0"",""SecuritiesInvestmentTrustCompanies-TotalSell"":""0"",""SecuritiesInvestmentTrustCompanies-Difference"":""0"",""Dealers-TotalBuy"":""0"",""Dealers-TotalSell"":""0"",""Dealers-Difference"":""0"",""Dealers -TotalSell"":""0"",""TotalDifference"":""-2000""}"
2026-09-08,TPEX,6482,弘煜科,0,0,0,0,0,0,0,0,0,"{""Date"":""1150908"",""SecuritiesCompanyCode"":""6482"",""CompanyName"":""弘煜科"",""Foreign Investors include Mainland Area Investors (Foreign Dealers excluded)-Total Buy"":""1000"","" Foreign Investors include Mainland Area Investors (Foreign Dealers excluded)-Total Sell"":""0"",""Foreign Investors include Mainland Area Investors (Foreign Dealers excluded)-Difference"":""1000"",""Foreign Dealers-Total Buy"":""0"",""Foreign Dealers-TotalSell"":""0"",""ForeignDealers-Difference"":""0"",""ForeignInvestorsIncludeMainlandAreaInvestors-TotalBuy"":""1000"",""ForeignInvestorsIncludeMainlandAreaInvestors-TotalSell"":""0"",""ForeignInvestorsInclude MainlandAreaInvestors-Difference"":""1000"",""SecuritiesInvestmentTrustCompanies-TotalBuy"":""0"",""SecuritiesInvestmentTrustCompanies-TotalSell"":""0"",""SecuritiesInvestmentTrustCompanies-Difference"":""0"",""Dealers-TotalBuy"":""0"",""Dealers-TotalSell"":""0"",""Dealers-Difference"":""0"",""Dealers -TotalSell"":""0"",""TotalDifference"":""1000""}"
2026-09-08,TPEX,6485,點序,0,0,0,0,0,0,1000,1456,-456,"{""Date"":""1150908"",""SecuritiesCompanyCode"":""6485"",""CompanyName"":""點序"",""Foreign Investors include Mainland Area Investors (Foreign Dealers excluded)-Total Buy"":""37000"","" Foreign Investors include Mainland Area Investors (Foreign Dealers excluded)-Total Sell"":""67000"",""Foreign Investors include Mainland Area Investors (Foreign Dealers excluded)-Difference"":""-30000"",""Foreign Dealers-Total Buy"":""0"",""Foreign Dealers-TotalSell"":""0"",""ForeignDealers-Difference"":""0"",""ForeignInvestorsIncludeMainlandAreaInvestors-TotalBuy"":""37000"",""ForeignInvestorsIncludeMainlandAreaInvestors-TotalSell"":""67000"",""ForeignInvestorsInclude MainlandAreaInvestors-Difference"":""-30000"",""SecuritiesInvestmentTrustCompanies-TotalBuy"":""0"",""SecuritiesInvestmentTrustCompanies-TotalSell"":""0"",""SecuritiesInvestmentTrustCompanies-Difference"":""0"",""Dealers-TotalBuy"":""1000"",""Dealers-TotalSell"":""1456"",""Dealers-Difference"":""-456"",""Dealers -TotalSell"":""1456"",""TotalDifference"":""-30456""}"
2026-09-08,TPEX,6486,互動,0,0,0,0,0,0,1060,3409,-2349,"{""Date"":""1150908"",""SecuritiesCompanyCode"":""6486"",""CompanyName"":""互動"",""Foreign Investors include Mainland Area Investors (Foreign Dealers excluded)-Total Buy"":""48000"","" Foreign Investors include Mainland Area Investors (Foreign Dealers excluded)-Total Sell"":""31000"",""Foreign Investors include Mainland Area Investors (Foreign Dealers excluded)-Difference"":""17000"",""Foreign Dealers-Total Buy"":""0"",""Foreign Dealers-TotalSell"":""0"",""ForeignDealers-Difference"":""0"",""ForeignInvestorsIncludeMainlandAreaInvestors-TotalBuy"":""48000"",""ForeignInvestorsIncludeMainlandAreaInvestors-TotalSell"":""31000"",""ForeignInvestorsInclude MainlandAreaInvestors-Difference"":""17000"",""SecuritiesInvestmentTrustCompanies-TotalBuy"":""0"",""SecuritiesInvestmentTrustCompanies-TotalSell"":""0"",""SecuritiesInvestmentTrustCompanies-Difference"":""0"",""Dealers-TotalBuy"":""1060"",""Dealers-TotalSell"":""3409"",""Dealers-Difference"":""-2349"",""Dealers -TotalSell"":""1409"",""TotalDifference"":""14651""}"
2026-09-08,TPEX,6488,環球晶,0,0,0,12000,137885,-125885,335843,723078,-387235,"{""Date"":""1150908"",""SecuritiesCompanyCode"":""6488"",""CompanyName"":""環球晶"",""Foreign Investors include Mainland Area Investors (Foreign Dealers excluded)-Total Buy"":""1819946"","" Foreign Investors include Mainland Area Investors (Foreign Dealers excluded)-Total Sell"":""3819023"",""Foreign Investors include Mainland Area Investors (Foreign Dealers excluded)-Difference"":""-1999077"",""Foreign Dealers-Total Buy"":""0"",""Foreign Dealers-TotalSell"":""0"",""ForeignDealers-Difference"":""0"",""ForeignInvestorsIncludeMainlandAreaInvestors-TotalBuy"":""1819946"",""ForeignInvestorsIncludeMainlandAreaInvestors-TotalSell"":""3819023"",""ForeignInvestorsInclude MainlandAreaInvestors-Difference"":""-1999077"",""SecuritiesInvestmentTrustCompanies-TotalBuy"":""12000"",""SecuritiesInvestmentTrustCompanies-TotalSell"":""137885"",""SecuritiesInvestmentTrustCompanies-Difference"":""-125885"",""Dealers-TotalBuy"":""335843"",""Dealers-TotalSell"":""723078"",""Dealers-Difference"":""-387235"",""Dealers -TotalSell"":""342608"",""TotalDifference"":""-2512197""}"
2026-09-08,TPEX,6492,生華科,0,0,0,0,0,0,0,46,-46,"{""Date"":""1150908"",""SecuritiesCompanyCode"":""6492"",""CompanyName"":""生華科"",""Foreign Investors include Mainland Area Investors (Foreign Dealers excluded)-Total Buy"":""56371"","" Foreign Investors include Mainland Area Investors (Foreign Dealers excluded)-Total Sell"":""38000"",""Foreign Investors include Mainland Area Investors (Foreign Dealers excluded)-Difference"":""18371"",""Foreign Dealers-Total Buy"":""0"",""Foreign Dealers-TotalSell"":""0"",""ForeignDealers-Difference"":""0"",""ForeignInvestorsIncludeMainlandAreaInvestors-TotalBuy"":""56371"",""ForeignInvestorsIncludeMainlandAreaInvestors-TotalSell"":""38000"",""ForeignInvestorsInclude MainlandAreaInvestors-Difference"":""18371"",""SecuritiesInvestmentTrustCompanies-TotalBuy"":""0"",""SecuritiesInvestmentTrustCompanies-TotalSell"":""0"",""SecuritiesInvestmentTrustCompanies-Difference"":""0"",""Dealers-TotalBuy"":""0"",""Dealers-TotalSell"":""46"",""Dealers-Difference"":""-46"",""Dealers -TotalSell"":""46"",""TotalDifference"":""18325""}"
2026-09-08,TPEX,6494,九齊,0,0,0,0,0,0,0,0,0,"{""Date"":""1150908"",""SecuritiesCompanyCode"":""6494"",""CompanyName"":""九齊"",""Foreign Investors include Mainland Area Investors (Foreign Dealers excluded)-Total Buy"":""14000"","" Foreign Investors include Mainland Area Investors (Foreign Dealers excluded)-Total Sell"":""46000"",""Foreign Investors include Mainland Area Investors (Foreign Dealers excluded)-Difference"":""-32000"",""Foreign Dealers-Total Buy"":""0"",""Foreign Dealers-TotalSell"":""0"",""ForeignDealers-Difference"":""0"",""ForeignInvestorsIncludeMainlandAreaInvestors-TotalBuy"":""14000"",""ForeignInvestorsIncludeMainlandAreaInvestors-TotalSell"":""46000"",""ForeignInvestorsInclude MainlandAreaInvestors-Difference"":""-32000"",""SecuritiesInvestmentTrustCompanies-TotalBuy"":""0"",""SecuritiesInvestmentTrustCompanies-TotalSell"":""0"",""SecuritiesInvestmentTrustCompanies-Difference"":""0"",""Dealers-TotalBuy"":""0"",""Dealers-TotalSell"":""0"",""Dealers-Difference"":""0"",""Dealers -TotalSell"":""0"",""TotalDifference"":""-32000""}"
2026-09-08,TPEX,6498,久禾光,0,0,0,0,0,0,0,1000,-1000,"{""Date"":""1150908"",""SecuritiesCompanyCode"":""6498"",""CompanyName"":""久禾光"",""Foreign Investors include Mainland Area Investors (Foreign Dealers excluded)-Total Buy"":""81000"","" Foreign Investors include Mainland Area Investors (Foreign Dealers excluded)-Total Sell"":""94000"",""Foreign Investors include Mainland Area Investors (Foreign Dealers excluded)-Difference"":""-13000"",""Foreign Dealers-Total Buy"":""0"",""Foreign Dealers-TotalSell"":""0"",""ForeignDealers-Difference"":""0"",""ForeignInvestorsIncludeMainlandAreaInvestors-TotalBuy"":""81000"",""ForeignInvestorsIncludeMainlandAreaInvestors-TotalSell"":""94000"",""ForeignInvestorsInclude MainlandAreaInvestors-Difference"":""-13000"",""SecuritiesInvestmentTrustCompanies-TotalBuy"":""0"",""SecuritiesInvestmentTrustCompanies-TotalSell"":""0"",""SecuritiesInvestmentTrustCompanies-Difference"":""0"",""Dealers-TotalBuy"":""0"",""Dealers-TotalSell"":""1000"",""Dealers-Difference"":""-1000"",""Dealers -TotalSell"":""1000"",""TotalDifference"":""-14000""}"
2026-09-08,TPEX,6499,益安,0,0,0,0,0,0,0,56,-56,"{""Date"":""1150908"",""SecuritiesCompanyCode"":""6499"",""CompanyName"":""益安"",""Foreign Investors include Mainland Area Investors (Foreign Dealers excluded)-Total Buy"":""68000"","" Foreign Investors include Mainland Area Investors (Foreign Dealers excluded)-Total Sell"":""61000"",""Foreign Investors include Mainland Area Investors (Foreign Dealers excluded)-Difference"":""7000"",""Foreign Dealers-Total Buy"":""0"",""Foreign Dealers-TotalSell"":""0"",""ForeignDealers-Difference"":""0"",""ForeignInvestorsIncludeMainlandAreaInvestors-TotalBuy"":""68000"",""ForeignInvestorsIncludeMainlandAreaInvestors-TotalSell"":""61000"",""ForeignInvestorsInclude MainlandAreaInvestors-Difference"":""7000"",""SecuritiesInvestmentTrustCompanies-TotalBuy"":""0"",""SecuritiesInvestmentTrustCompanies-TotalSell"":""0"",""SecuritiesInvestmentTrustCompanies-Difference"":""0"",""Dealers-TotalBuy"":""0"",""Dealers-TotalSell"":""56"",""Dealers-Difference"":""-56"",""Dealers -TotalSell"":""56"",""TotalDifference"":""6944""}"
2026-09-08,TPEX,6506,雙邦,0,0,0,0,0,0,0,0,0,"{""Date"":""1150908"",""SecuritiesCompanyCode"":""6506"",""CompanyName"":""雙邦"",""Foreign Investors include Mainland Area Investors (Foreign Dealers excluded)-Total Buy"":""1000"","" Foreign Investors include Mainland Area Investors (Foreign Dealers excluded)-Total Sell"":""1000"",""Foreign Investors include Mainland Area Investors (Foreign Dealers excluded)-Difference"":""0"",""Foreign Dealers-Total Buy"":""0"",""Foreign Dealers-TotalSell"":""0"",""ForeignDealers-Difference"":""0"",""ForeignInvestorsIncludeMainlandAreaInvestors-TotalBuy"":""1000"",""ForeignInvestorsIncludeMainlandAreaInvestors-TotalSell"":""1000"",""ForeignInvestorsInclude MainlandAreaInvestors-Difference"":""0"",""SecuritiesInvestmentTrustCompanies-TotalBuy"":""0"",""SecuritiesInvestmentTrustCompanies-TotalSell"":""0"",""SecuritiesInvestmentTrustCompanies-Difference"":""0"",""Dealers-TotalBuy"":""0"",""Dealers-TotalSell"":""0"",""Dealers-Difference"":""0"",""Dealers -TotalSell"":""0"",""TotalDifference"":""0""}"
2026-09-08,TPEX,6508,惠光,0,0,0,0,0,0,0,291,-291,"{""Date"":""1150908"",""SecuritiesCompanyCode"":""6508"",""CompanyName"":""惠光"",""Foreign Investors include Mainland Area Investors (Foreign Dealers excluded)-Total Buy"":""9000"","" Foreign Investors include Mainland Area Investors (Foreign Dealers excluded)-Total Sell"":""1000"",""Foreign Investors include Mainland Area Investors (Foreign Dealers excluded)-Difference"":""8000"",""Foreign Dealers-Total Buy"":""0"",""Foreign Dealers-TotalSell"":""0"",""ForeignDealers-Difference"":""0"",""ForeignInvestorsIncludeMainlandAreaInvestors-TotalBuy"":""9000"",""ForeignInvestorsIncludeMainlandAreaInvestors-TotalSell"":""1000"",""ForeignInvestorsInclude MainlandAreaInvestors-Difference"":""8000"",""SecuritiesInvestmentTrustCompanies-TotalBuy"":""0"",""SecuritiesInvestmentTrustCompanies-TotalSell"":""0"",""SecuritiesInvestmentTrustCompanies-Difference"":""0"",""Dealers-TotalBuy"":""0"",""Dealers-TotalSell"":""291"",""Dealers-Difference"":""-291"",""Dealers -TotalSell"":""291"",""TotalDifference"":""7709""}"
2026-09-08,TPEX,6509,聚和,0,0,0,7000,0,7000,50,3834,-3784,"{""Date"":""1150908"",""SecuritiesCompanyCode"":""6509"",""CompanyName"":""聚和"",""Foreign Investors include Mainland Area Investors (Foreign Dealers excluded)-Total Buy"":""104025"","" Foreign Investors include Mainland Area Investors (Foreign Dealers excluded)-Total Sell"":""167000"",""Foreign Investors include Mainland Area Investors (Foreign Dealers excluded)-Difference"":""-62975"",""Foreign Dealers-Total Buy"":""0"",""Foreign Dealers-TotalSell"":""0"",""ForeignDealers-Difference"":""0"",""ForeignInvestorsIncludeMainlandAreaInvestors-TotalBuy"":""104025"",""ForeignInvestorsIncludeMainlandAreaInvestors-TotalSell"":""167000"",""ForeignInvestorsInclude MainlandAreaInvestors-Difference"":""-62975"",""SecuritiesInvestmentTrustCompanies-TotalBuy"":""7000"",""SecuritiesInvestmentTrustCompanies-TotalSell"":""0"",""SecuritiesInvestmentTrustCompanies-Difference"":""7000"",""Dealers-TotalBuy"":""50"",""Dealers-TotalSell"":""3834"",""Dealers-Difference"":""-3784"",""Dealers -TotalSell"":""2834"",""TotalDifference"":""-59759""}"
2026-09-08,TPEX,6510,精測,0,0,0,263000,13,262987,51061,53262,-2201,"{""Date"":""1150908"",""SecuritiesCompanyCode"":""6510"",""CompanyName"":""精測"",""Foreign Investors include Mainland Area Investors (Foreign Dealers excluded)-Total Buy"":""426925"","" Foreign Investors include Mainland Area Investors (Foreign Dealers excluded)-Total Sell"":""570044"",""Foreign Investors include Mainland Area Investors (Foreign Dealers excluded)-Difference"":""-143119"",""Foreign Dealers-Total Buy"":""0"",""Foreign Dealers-TotalSell"":""0"",""ForeignDealers-Difference"":""0"",""ForeignInvestorsIncludeMainlandAreaInvestors-TotalBuy"":""426925"",""ForeignInvestorsIncludeMainlandAreaInvestors-TotalSell"":""570044"",""ForeignInvestorsInclude MainlandAreaInvestors-Difference"":""-143119"",""SecuritiesInvestmentTrustCompanies-TotalBuy"":""263000"",""SecuritiesInvestmentTrustCompanies-TotalSell"":""13"",""SecuritiesInvestmentTrustCompanies-Difference"":""262987"",""Dealers-TotalBuy"":""51061"",""Dealers-TotalSell"":""53262"",""Dealers-Difference"":""-2201"",""Dealers -TotalSell"":""18986"",""TotalDifference"":""117667""}"
2026-09-08,TPEX,6512,啟發電,0,0,0,0,0,0,1234,1098,136,"{""Date"":""1150908"",""SecuritiesCompanyCode"":""6512"",""CompanyName"":""啟發電"",""Foreign Investors include Mainland Area Investors (Foreign Dealers excluded)-Total Buy"":""0"","" Foreign Investors include Mainland Area Investors (Foreign Dealers excluded)-Total Sell"":""0"",""Foreign Investors include Mainland Area Investors (Foreign Dealers excluded)-Difference"":""0"",""Foreign Dealers-Total Buy"":""0"",""Foreign Dealers-TotalSell"":""0"",""ForeignDealers-Difference"":""0"",""ForeignInvestorsIncludeMainlandAreaInvestors-TotalBuy"":""0"",""ForeignInvestorsIncludeMainlandAreaInvestors-TotalSell"":""0"",""ForeignInvestorsInclude MainlandAreaInvestors-Difference"":""0"",""SecuritiesInvestmentTrustCompanies-TotalBuy"":""0"",""SecuritiesInvestmentTrustCompanies-TotalSell"":""0"",""SecuritiesInvestmentTrustCompanies-Difference"":""0"",""Dealers-TotalBuy"":""1234"",""Dealers-TotalSell"":""1098"",""Dealers-Difference"":""136"",""Dealers -TotalSell"":""1098"",""TotalDifference"":""136""}"
2026-09-08,TPEX,6516,勤崴國際,0,0,0,0,0,0,0,0,0,"{""Date"":""1150908"",""SecuritiesCompanyCode"":""6516"",""CompanyName"":""勤崴國際"",""Foreign Investors include Mainland Area Investors (Foreign Dealers excluded)-Total Buy"":""2000"","" Foreign Investors include Mainland Area Investors (Foreign Dealers excluded)-Total Sell"":""3000"",""Foreign Investors include Mainland Area Investors (Foreign Dealers excluded)-Difference"":""-1000"",""Foreign Dealers-Total Buy"":""0"",""Foreign Dealers-TotalSell"":""0"",""ForeignDealers-Difference"":""0"",""ForeignInvestorsIncludeMainlandAreaInvestors-TotalBuy"":""2000"",""ForeignInvestorsIncludeMainlandAreaInvestors-TotalSell"":""3000"",""ForeignInvestorsInclude MainlandAreaInvestors-Difference"":""-1000"",""SecuritiesInvestmentTrustCompanies-TotalBuy"":""0"",""SecuritiesInvestmentTrustCompanies-TotalSell"":""0"",""SecuritiesInvestmentTrustCompanies-Difference"":""0"",""Dealers-TotalBuy"":""0"",""Dealers-TotalSell"":""0"",""Dealers-Difference"":""0"",""Dealers -TotalSell"":""0"",""TotalDifference"":""-1000""}"
2026-09-08,TPEX,6517,保勝光學,0,0,0,0,0,0,4000,3636,364,"{""Date"":""1150908"",""SecuritiesCompanyCode"":""6517"",""CompanyName"":""保勝光學"",""Foreign Investors include Mainland Area Investors (Foreign Dealers excluded)-Total Buy"":""94000"","" Foreign Investors include Mainland Area Investors (Foreign Dealers excluded)-Total Sell"":""126000"",""Foreign Investors include Mainland Area Investors (Foreign Dealers excluded)-Difference"":""-32000"",""Foreign Dealers-Total Buy"":""0"",""Foreign Dealers-TotalSell"":""0"",""ForeignDealers-Difference"":""0"",""ForeignInvestorsIncludeMainlandAreaInvestors-TotalBuy"":""94000"",""ForeignInvestorsIncludeMainlandAreaInvestors-TotalSell"":""126000"",""ForeignInvestorsInclude MainlandAreaInvestors-Difference"":""-32000"",""SecuritiesInvestmentTrustCompanies-TotalBuy"":""0"",""SecuritiesInvestmentTrustCompanies-TotalSell"":""0"",""SecuritiesInvestmentTrustCompanies-Difference"":""0"",""Dealers-TotalBuy"":""4000"",""Dealers-TotalSell"":""3636"",""Dealers-Difference"":""364"",""Dealers -TotalSell"":""3636"",""TotalDifference"":""-31636""}"
2026-09-08,TPEX,6523,達爾膚,0,0,0,0,0,0,0,459,-459,"{""Date"":""1150908"",""SecuritiesCompanyCode"":""6523"",""CompanyName"":""達爾膚"",""Foreign Investors include Mainland Area Investors (Foreign Dealers excluded)-Total Buy"":""1000"","" Foreign Investors include Mainland Area Investors (Foreign Dealers excluded)-Total Sell"":""3000"",""Foreign Investors include Mainland Area Investors (Foreign Dealers excluded)-Difference"":""-2000"",""Foreign Dealers-Total Buy"":""0"",""Foreign Dealers-TotalSell"":""0"",""ForeignDealers-Difference"":""0"",""ForeignInvestorsIncludeMainlandAreaInvestors-TotalBuy"":""1000"",""ForeignInvestorsIncludeMainlandAreaInvestors-TotalSell"":""3000"",""ForeignInvestorsInclude MainlandAreaInvestors-Difference"":""-2000"",""SecuritiesInvestmentTrustCompanies-TotalBuy"":""0"",""SecuritiesInvestmentTrustCompanies-TotalSell"":""0"",""SecuritiesInvestmentTrustCompanies-Difference"":""0"",""Dealers-TotalBuy"":""0"",""Dealers-TotalSell"":""459"",""Dealers-Difference"":""-459"",""Dealers -TotalSell"":""459"",""TotalDifference"":""-2459""}"
2026-09-08,TPEX,6527,明達醫,0,0,0,0,0,0,0,0,0,"{""Date"":""1150908"",""SecuritiesCompanyCode"":""6527"",""CompanyName"":""明達醫"",""Foreign Investors include Mainland Area Investors (Foreign Dealers excluded)-Total Buy"":""2000"","" Foreign Investors include Mainland Area Investors (Foreign Dealers excluded)-Total Sell"":""1000"",""Foreign Investors include Mainland Area Investors (Foreign Dealers excluded)-Difference"":""1000"",""Foreign Dealers-Total Buy"":""0"",""Foreign Dealers-TotalSell"":""0"",""ForeignDealers-Difference"":""0"",""ForeignInvestorsIncludeMainlandAreaInvestors-TotalBuy"":""2000"",""ForeignInvestorsIncludeMainlandAreaInvestors-TotalSell"":""1000"",""ForeignInvestorsInclude MainlandAreaInvestors-Difference"":""1000"",""SecuritiesInvestmentTrustCompanies-TotalBuy"":""0"",""SecuritiesInvestmentTrustCompanies-TotalSell"":""0"",""SecuritiesInvestmentTrustCompanies-Difference"":""0"",""Dealers-TotalBuy"":""0"",""Dealers-TotalSell"":""0"",""Dealers-Difference"":""0"",""Dealers -TotalSell"":""0"",""TotalDifference"":""1000""}"
2026-09-08,TPEX,6530,創威,0,0,0,0,0,0,2297,2751,-454,"{""Date"":""1150908"",""SecuritiesCompanyCode"":""6530"",""CompanyName"":""創威"",""Foreign Investors include Mainland Area Investors (Foreign Dealers excluded)-Total Buy"":""1456495"","" Foreign Investors include Mainland Area Investors (Foreign Dealers excluded)-Total Sell"":""539000"",""Foreign Investors include Mainland Area Investors (Foreign Dealers excluded)-Difference"":""917495"",""Foreign Dealers-Total Buy"":""0"",""Foreign Dealers-TotalSell"":""0"",""ForeignDealers-Difference"":""0"",""ForeignInvestorsIncludeMainlandAreaInvestors-TotalBuy"":""1456495"",""ForeignInvestorsIncludeMainlandAreaInvestors-TotalSell"":""539000"",""ForeignInvestorsInclude MainlandAreaInvestors-Difference"":""917495"",""SecuritiesInvestmentTrustCompanies-TotalBuy"":""0"",""SecuritiesInvestmentTrustCompanies-TotalSell"":""0"",""SecuritiesInvestmentTrustCompanies-Difference"":""0"",""Dealers-TotalBuy"":""2297"",""Dealers-TotalSell"":""2751"",""Dealers-Difference"":""-454"",""Dealers -TotalSell"":""2751"",""TotalDifference"":""917041""}"
2026-09-08,TPEX,6532,瑞耘,0,0,0,0,0,0,190,14074,-13884,"{""Date"":""1150908"",""SecuritiesCompanyCode"":""6532"",""CompanyName"":""瑞耘"",""Foreign Investors include Mainland Area Investors (Foreign Dealers excluded)-Total Buy"":""158001"","" Foreign Investors include Mainland Area Investors (Foreign Dealers excluded)-Total Sell"":""150000"",""Foreign Investors include Mainland Area Investors (Foreign Dealers excluded)-Difference"":""8001"",""Foreign Dealers-Total Buy"":""0"",""Foreign Dealers-TotalSell"":""0"",""ForeignDealers-Difference"":""0"",""ForeignInvestorsIncludeMainlandAreaInvestors-TotalBuy"":""158001"",""ForeignInvestorsIncludeMainlandAreaInvestors-TotalSell"":""150000"",""ForeignInvestorsInclude MainlandAreaInvestors-Difference"":""8001"",""SecuritiesInvestmentTrustCompanies-TotalBuy"":""0"",""SecuritiesInvestmentTrustCompanies-TotalSell"":""0"",""SecuritiesInvestmentTrustCompanies-Difference"":""0"",""Dealers-TotalBuy"":""190"",""Dealers-TotalSell"":""14074"",""Dealers-Difference"":""-13884"",""Dealers -TotalSell"":""14074"",""TotalDifference"":""-5883""}"
2026-09-08,TPEX,6535,順藥,0,0,0,0,40000,-40000,0,70,-70,"{""Date"":""1150908"",""SecuritiesCompanyCode"":""6535"",""CompanyName"":""順藥"",""Foreign Investors include Mainland Area Investors (Foreign Dealers excluded)-Total Buy"":""146000"","" Foreign Investors include Mainland Area Investors (Foreign Dealers excluded)-Total Sell"":""60000"",""Foreign Investors include Mainland Area Investors (Foreign Dealers excluded)-Difference"":""86000"",""Foreign Dealers-Total Buy"":""0"",""Foreign Dealers-TotalSell"":""0"",""ForeignDealers-Difference"":""0"",""ForeignInvestorsIncludeMainlandAreaInvestors-TotalBuy"":""146000"",""ForeignInvestorsIncludeMainlandAreaInvestors-TotalSell"":""60000"",""ForeignInvestorsInclude MainlandAreaInvestors-Difference"":""86000"",""SecuritiesInvestmentTrustCompanies-TotalBuy"":""0"",""SecuritiesInvestmentTrustCompanies-TotalSell"":""40000"",""SecuritiesInvestmentTrustCompanies-Difference"":""-40000"",""Dealers-TotalBuy"":""0"",""Dealers-TotalSell"":""70"",""Dealers-Difference"":""-70"",""Dealers -TotalSell"":""70"",""TotalDifference"":""45930""}"
2026-09-08,TPEX,6538,倉和,0,0,0,0,0,0,4000,3000,-25302,"{""Date"":""1150908"",""SecuritiesCompanyCode"":""6538"",""CompanyName"":""倉和"",""Foreign Investors include Mainland Area Investors (Foreign Dealers excluded)-Total Buy"":""56000"","" Foreign Investors include Mainland Area Investors (Foreign Dealers excluded)-Total Sell"":""25790"",""Foreign Investors include Mainland Area Investors (Foreign Dealers excluded)-Difference"":""30210"",""Foreign Dealers-Total Buy"":""0"",""Foreign Dealers-TotalSell"":""0"",""ForeignDealers-Difference"":""0"",""ForeignInvestorsIncludeMainlandAreaInvestors-TotalBuy"":""56000"",""ForeignInvestorsIncludeMainlandAreaInvestors-TotalSell"":""25790"",""ForeignInvestorsInclude MainlandAreaInvestors-Difference"":""30210"",""SecuritiesInvestmentTrustCompanies-TotalBuy"":""0"",""SecuritiesInvestmentTrustCompanies-TotalSell"":""0"",""SecuritiesInvestmentTrustCompanies-Difference"":""0"",""Dealers-TotalBuy"":""4000"",""Dealers-TotalSell"":""29302"",""Dealers-Difference"":""-25302"",""Dealers -TotalSell"":""3000"",""TotalDifference"":""4908""}"
2026-09-08,TPEX,6542,隆中,0,0,0,0,0,0,0,0,0,"{""Date"":""1150908"",""SecuritiesCompanyCode"":""6542"",""CompanyName"":""隆中"",""Foreign Investors include Mainland Area Investors (Foreign Dealers excluded)-Total Buy"":""0"","" Foreign Investors include Mainland Area Investors (Foreign Dealers excluded)-Total Sell"":""1000"",""Foreign Investors include Mainland Area Investors (Foreign Dealers excluded)-Difference"":""-1000"",""Foreign Dealers-Total Buy"":""0"",""Foreign Dealers-TotalSell"":""0"",""ForeignDealers-Difference"":""0"",""ForeignInvestorsIncludeMainlandAreaInvestors-TotalBuy"":""0"",""ForeignInvestorsIncludeMainlandAreaInvestors-TotalSell"":""1000"",""ForeignInvestorsInclude MainlandAreaInvestors-Difference"":""-1000"",""SecuritiesInvestmentTrustCompanies-TotalBuy"":""0"",""SecuritiesInvestmentTrustCompanies-TotalSell"":""0"",""SecuritiesInvestmentTrustCompanies-Difference"":""0"",""Dealers-TotalBuy"":""0"",""Dealers-TotalSell"":""0"",""Dealers-Difference"":""0"",""Dealers -TotalSell"":""0"",""TotalDifference"":""-1000""}"
2026-09-08,TPEX,6546,正基,0,0,0,0,0,0,61,693,-632,"{""Date"":""1150908"",""SecuritiesCompanyCode"":""6546"",""CompanyName"":""正基"",""Foreign Investors include Mainland Area Investors (Foreign Dealers excluded)-Total Buy"":""15280"","" Foreign Investors include Mainland Area Investors (Foreign Dealers excluded)-Total Sell"":""52000"",""Foreign Investors include Mainland Area Investors (Foreign Dealers excluded)-Difference"":""-36720"",""Foreign Dealers-Total Buy"":""0"",""Foreign Dealers-TotalSell"":""0"",""ForeignDealers-Difference"":""0"",""ForeignInvestorsIncludeMainlandAreaInvestors-TotalBuy"":""15280"",""ForeignInvestorsIncludeMainlandAreaInvestors-TotalSell"":""52000"",""ForeignInvestorsInclude MainlandAreaInvestors-Difference"":""-36720"",""SecuritiesInvestmentTrustCompanies-TotalBuy"":""0"",""SecuritiesInvestmentTrustCompanies-TotalSell"":""0"",""SecuritiesInvestmentTrustCompanies-Difference"":""0"",""Dealers-TotalBuy"":""61"",""Dealers-TotalSell"":""693"",""Dealers-Difference"":""-632"",""Dealers -TotalSell"":""693"",""TotalDifference"":""-37352""}"
2026-09-08,TPEX,6547,高端疫苗,0,0,0,0,0,0,107000,74339,32661,"{""Date"":""1150908"",""SecuritiesCompanyCode"":""6547"",""CompanyName"":""高端疫苗"",""Foreign Investors include Mainland Area Investors (Foreign Dealers excluded)-Total Buy"":""1239456"","" Foreign Investors include Mainland Area Investors (Foreign Dealers excluded)-Total Sell"":""581050"",""Foreign Investors include Mainland Area Investors (Foreign Dealers excluded)-Difference"":""658406"",""Foreign Dealers-Total Buy"":""0"",""Foreign Dealers-TotalSell"":""0"",""ForeignDealers-Difference"":""0"",""ForeignInvestorsIncludeMainlandAreaInvestors-TotalBuy"":""1239456"",""ForeignInvestorsIncludeMainlandAreaInvestors-TotalSell"":""581050"",""ForeignInvestorsInclude MainlandAreaInvestors-Difference"":""658406"",""SecuritiesInvestmentTrustCompanies-TotalBuy"":""0"",""SecuritiesInvestmentTrustCompanies-TotalSell"":""0"",""SecuritiesInvestmentTrustCompanies-Difference"":""0"",""Dealers-TotalBuy"":""107000"",""Dealers-TotalSell"":""74339"",""Dealers-Difference"":""32661"",""Dealers -TotalSell"":""42339"",""TotalDifference"":""691067""}"
2026-09-08,TPEX,6548,長科*,0,0,0,0,1000,-1000,39000,58766,-19766,"{""Date"":""1150908"",""SecuritiesCompanyCode"":""6548"",""CompanyName"":""長科*"",""Foreign Investors include Mainland Area Investors (Foreign Dealers excluded)-Total Buy"":""265000"","" Foreign Investors include Mainland Area Investors (Foreign Dealers excluded)-Total Sell"":""1890000"",""Foreign Investors include Mainland Area Investors (Foreign Dealers excluded)-Difference"":""-1625000"",""Foreign Dealers-Total Buy"":""0"",""Foreign Dealers-TotalSell"":""0"",""ForeignDealers-Difference"":""0"",""ForeignInvestorsIncludeMainlandAreaInvestors-TotalBuy"":""265000"",""ForeignInvestorsIncludeMainlandAreaInvestors-TotalSell"":""1890000"",""ForeignInvestorsInclude MainlandAreaInvestors-Difference"":""-1625000"",""SecuritiesInvestmentTrustCompanies-TotalBuy"":""0"",""SecuritiesInvestmentTrustCompanies-TotalSell"":""1000"",""SecuritiesInvestmentTrustCompanies-Difference"":""-1000"",""Dealers-TotalBuy"":""39000"",""Dealers-TotalSell"":""58766"",""Dealers-Difference"":""-19766"",""Dealers -TotalSell"":""58766"",""TotalDifference"":""-1645766""}"
2026-09-08,TPEX,6560,欣普羅,0,0,0,0,0,0,0,0,0,"{""Date"":""1150908"",""SecuritiesCompanyCode"":""6560"",""CompanyName"":""欣普羅"",""Foreign Investors include Mainland Area Investors (Foreign Dealers excluded)-Total Buy"":""5000"","" Foreign Investors include Mainland Area Investors (Foreign Dealers excluded)-Total Sell"":""1000"",""Foreign Investors include Mainland Area Investors (Foreign Dealers excluded)-Difference"":""4000"",""Foreign Dealers-Total Buy"":""0"",""Foreign Dealers-TotalSell"":""0"",""ForeignDealers-Difference"":""0"",""ForeignInvestorsIncludeMainlandAreaInvestors-TotalBuy"":""5000"",""ForeignInvestorsIncludeMainlandAreaInvestors-TotalSell"":""1000"",""ForeignInvestorsInclude MainlandAreaInvestors-Difference"":""4000"",""SecuritiesInvestmentTrustCompanies-TotalBuy"":""0"",""SecuritiesInvestmentTrustCompanies-TotalSell"":""0"",""SecuritiesInvestmentTrustCompanies-Difference"":""0"",""Dealers-TotalBuy"":""0"",""Dealers-TotalSell"":""0"",""Dealers-Difference"":""0"",""Dealers -TotalSell"":""0"",""TotalDifference"":""4000""}"
2026-09-08,TPEX,6561,是方,0,0,0,0,0,0,0,0,0,"{""Date"":""1150908"",""SecuritiesCompanyCode"":""6561"",""CompanyName"":""是方"",""Foreign Investors include Mainland Area Investors (Foreign Dealers excluded)-Total Buy"":""13000"","" Foreign Investors include Mainland Area Investors (Foreign Dealers excluded)-Total Sell"":""7090"",""Foreign Investors include Mainland Area Investors (Foreign Dealers excluded)-Difference"":""5910"",""Foreign Dealers-Total Buy"":""0"",""Foreign Dealers-TotalSell"":""0"",""ForeignDealers-Difference"":""0"",""ForeignInvestorsIncludeMainlandAreaInvestors-TotalBuy"":""13000"",""ForeignInvestorsIncludeMainlandAreaInvestors-TotalSell"":""7090"",""ForeignInvestorsInclude MainlandAreaInvestors-Difference"":""5910"",""SecuritiesInvestmentTrustCompanies-TotalBuy"":""0"",""SecuritiesInvestmentTrustCompanies-TotalSell"":""0"",""SecuritiesInvestmentTrustCompanies-Difference"":""0"",""Dealers-TotalBuy"":""0"",""Dealers-TotalSell"":""0"",""Dealers-Difference"":""0"",""Dealers -TotalSell"":""0"",""TotalDifference"":""5910""}"
2026-09-08,TPEX,6568,宏觀,0,0,0,0,0,0,1000,10539,-9539,"{""Date"":""1150908"",""SecuritiesCompanyCode"":""6568"",""CompanyName"":""宏觀"",""Foreign Investors include Mainland Area Investors (Foreign Dealers excluded)-Total Buy"":""14000"","" Foreign Investors include Mainland Area Investors (Foreign Dealers excluded)-Total Sell"":""16120"",""Foreign Investors include Mainland Area Investors (Foreign Dealers excluded)-Difference"":""-2120"",""Foreign Dealers-Total Buy"":""0"",""Foreign Dealers-TotalSell"":""0"",""ForeignDealers-Difference"":""0"",""ForeignInvestorsIncludeMainlandAreaInvestors-TotalBuy"":""14000"",""ForeignInvestorsIncludeMainlandAreaInvestors-TotalSell"":""16120"",""ForeignInvestorsInclude MainlandAreaInvestors-Difference"":""-2120"",""SecuritiesInvestmentTrustCompanies-TotalBuy"":""0"",""SecuritiesInvestmentTrustCompanies-TotalSell"":""0"",""SecuritiesInvestmentTrustCompanies-Difference"":""0"",""Dealers-TotalBuy"":""1000"",""Dealers-TotalSell"":""10539"",""Dealers-Difference"":""-9539"",""Dealers -TotalSell"":""10539"",""TotalDifference"":""-11659""}"
2026-09-08,TPEX,6569,醫揚,0,0,0,0,0,0,0,0,0,"{""Date"":""1150908"",""SecuritiesCompanyCode"":""6569"",""CompanyName"":""醫揚"",""Foreign Investors include Mainland Area Investors (Foreign Dealers excluded)-Total Buy"":""2000"","" Foreign Investors include Mainland Area Investors (Foreign Dealers excluded)-Total Sell"":""6306"",""Foreign Investors include Mainland Area Investors (Foreign Dealers excluded)-Difference"":""-4306"",""Foreign Dealers-Total Buy"":""0"",""Foreign Dealers-TotalSell"":""0"",""ForeignDealers-Difference"":""0"",""ForeignInvestorsIncludeMainlandAreaInvestors-TotalBuy"":""2000"",""ForeignInvestorsIncludeMainlandAreaInvestors-TotalSell"":""6306"",""ForeignInvestorsInclude MainlandAreaInvestors-Difference"":""-4306"",""SecuritiesInvestmentTrustCompanies-TotalBuy"":""0"",""SecuritiesInvestmentTrustCompanies-TotalSell"":""0"",""SecuritiesInvestmentTrustCompanies-Difference"":""0"",""Dealers-TotalBuy"":""0"",""Dealers-TotalSell"":""0"",""Dealers-Difference"":""0"",""Dealers -TotalSell"":""0"",""TotalDifference"":""-4306""}"
2026-09-08,TPEX,6570,維田,0,0,0,0,0,0,0,462,-462,"{""Date"":""1150908"",""SecuritiesCompanyCode"":""6570"",""CompanyName"":""維田"",""Foreign Investors include Mainland Area Investors (Foreign Dealers excluded)-Total Buy"":""31000"","" Foreign Investors include Mainland Area Investors (Foreign Dealers excluded)-Total Sell"":""40020"",""Foreign Investors include Mainland Area Investors (Foreign Dealers excluded)-Difference"":""-9020"",""Foreign Dealers-Total Buy"":""0"",""Foreign Dealers-TotalSell"":""0"",""ForeignDealers-Difference"":""0"",""ForeignInvestorsIncludeMainlandAreaInvestors-TotalBuy"":""31000"",""ForeignInvestorsIncludeMainlandAreaInvestors-TotalSell"":""40020"",""ForeignInvestorsInclude MainlandAreaInvestors-Difference"":""-9020"",""SecuritiesInvestmentTrustCompanies-TotalBuy"":""0"",""SecuritiesInvestmentTrustCompanies-TotalSell"":""0"",""SecuritiesInvestmentTrustCompanies-Difference"":""0"",""Dealers-TotalBuy"":""0"",""Dealers-TotalSell"":""462"",""Dealers-Difference"":""-462"",""Dealers -TotalSell"":""462"",""TotalDifference"":""-9482""}"
2026-09-08,TPEX,6574,霈方,0,0,0,0,0,0,1006,475,-469,"{""Date"":""1150908"",""SecuritiesCompanyCode"":""6574"",""CompanyName"":""霈方"",""Foreign Investors include Mainland Area Investors (Foreign Dealers excluded)-Total Buy"":""37"","" Foreign Investors include Mainland Area Investors (Foreign Dealers excluded)-Total Sell"":""3050"",""Foreign Investors include Mainland Area Investors (Foreign Dealers excluded)-Difference"":""-3013"",""Foreign Dealers-Total Buy"":""0"",""Foreign Dealers-TotalSell"":""0"",""ForeignDealers-Difference"":""0"",""ForeignInvestorsIncludeMainlandAreaInvestors-TotalBuy"":""37"",""ForeignInvestorsIncludeMainlandAreaInvestors-TotalSell"":""3050"",""ForeignInvestorsInclude MainlandAreaInvestors-Difference"":""-3013"",""SecuritiesInvestmentTrustCompanies-TotalBuy"":""0"",""SecuritiesInvestmentTrustCompanies-TotalSell"":""0"",""SecuritiesInvestmentTrustCompanies-Difference"":""0"",""Dealers-TotalBuy"":""1006"",""Dealers-TotalSell"":""1475"",""Dealers-Difference"":""-469"",""Dealers -TotalSell"":""475"",""TotalDifference"":""-3482""}"
2026-09-08,TPEX,6576,逸達,0,0,0,0,0,0,541,0,541,"{""Date"":""1150908"",""SecuritiesCompanyCode"":""6576"",""CompanyName"":""逸達"",""Foreign Investors include Mainland Area Investors (Foreign Dealers excluded)-Total Buy"":""12000"","" Foreign Investors include Mainland Area Investors (Foreign Dealers excluded)-Total Sell"":""22000"",""Foreign Investors include Mainland Area Investors (Foreign Dealers excluded)-Difference"":""-10000"",""Foreign Dealers-Total Buy"":""0"",""Foreign Dealers-TotalSell"":""0"",""ForeignDealers-Difference"":""0"",""ForeignInvestorsIncludeMainlandAreaInvestors-TotalBuy"":""12000"",""ForeignInvestorsIncludeMainlandAreaInvestors-TotalSell"":""22000"",""ForeignInvestorsInclude MainlandAreaInvestors-Difference"":""-10000"",""SecuritiesInvestmentTrustCompanies-TotalBuy"":""0"",""SecuritiesInvestmentTrustCompanies-TotalSell"":""0"",""SecuritiesInvestmentTrustCompanies-Difference"":""0"",""Dealers-TotalBuy"":""541"",""Dealers-TotalSell"":""0"",""Dealers-Difference"":""541"",""Dealers -TotalSell"":""0"",""TotalDifference"":""-9459""}"
2026-09-08,TPEX,6577,勁豐,0,0,0,0,0,0,0,0,0,"{""Date"":""1150908"",""SecuritiesCompanyCode"":""6577"",""CompanyName"":""勁豐"",""Foreign Investors include Mainland Area Investors (Foreign Dealers excluded)-Total Buy"":""15000"","" Foreign Investors include Mainland Area Investors (Foreign Dealers excluded)-Total Sell"":""3000"",""Foreign Investors include Mainland Area Investors (Foreign Dealers excluded)-Difference"":""12000"",""Foreign Dealers-Total Buy"":""0"",""Foreign Dealers-TotalSell"":""0"",""ForeignDealers-Difference"":""0"",""ForeignInvestorsIncludeMainlandAreaInvestors-TotalBuy"":""15000"",""ForeignInvestorsIncludeMainlandAreaInvestors-TotalSell"":""3000"",""ForeignInvestorsInclude MainlandAreaInvestors-Difference"":""12000"",""SecuritiesInvestmentTrustCompanies-TotalBuy"":""0"",""SecuritiesInvestmentTrustCompanies-TotalSell"":""0"",""SecuritiesInvestmentTrustCompanies-Difference"":""0"",""Dealers-TotalBuy"":""0"",""Dealers-TotalSell"":""0"",""Dealers-Difference"":""0"",""Dealers -TotalSell"":""0"",""TotalDifference"":""12000""}"
2026-09-08,TPEX,6578,達邦蛋白,0,0,0,0,0,0,0,0,0,"{""Date"":""1150908"",""SecuritiesCompanyCode"":""6578"",""CompanyName"":""達邦蛋白"",""Foreign Investors include Mainland Area Investors (Foreign Dealers excluded)-Total Buy"":""1000"","" Foreign Investors include Mainland Area Investors (Foreign Dealers excluded)-Total Sell"":""27000"",""Foreign Investors include Mainland Area Investors (Foreign Dealers excluded)-Difference"":""-26000"",""Foreign Dealers-Total Buy"":""0"",""Foreign Dealers-TotalSell"":""0"",""ForeignDealers-Difference"":""0"",""ForeignInvestorsIncludeMainlandAreaInvestors-TotalBuy"":""1000"",""ForeignInvestorsIncludeMainlandAreaInvestors-TotalSell"":""27000"",""ForeignInvestorsInclude MainlandAreaInvestors-Difference"":""-26000"",""SecuritiesInvestmentTrustCompanies-TotalBuy"":""0"",""SecuritiesInvestmentTrustCompanies-TotalSell"":""0"",""SecuritiesInvestmentTrustCompanies-Difference"":""0"",""Dealers-TotalBuy"":""0"",""Dealers-TotalSell"":""0"",""Dealers-Difference"":""0"",""Dealers -TotalSell"":""0"",""TotalDifference"":""-26000""}"
2026-09-08,TPEX,6584,南俊國際,0,0,0,0,0,0,20000,21395,-1395,"{""Date"":""1150908"",""SecuritiesCompanyCode"":""6584"",""CompanyName"":""南俊國際"",""Foreign Investors include Mainland Area Investors (Foreign Dealers excluded)-Total Buy"":""40063"","" Foreign Investors include Mainland Area Investors (Foreign Dealers excluded)-Total Sell"":""91208"",""Foreign Investors include Mainland Area Investors (Foreign Dealers excluded)-Difference"":""-51145"",""Foreign Dealers-Total Buy"":""0"",""Foreign Dealers-TotalSell"":""0"",""ForeignDealers-Difference"":""0"",""ForeignInvestorsIncludeMainlandAreaInvestors-TotalBuy"":""40063"",""ForeignInvestorsIncludeMainlandAreaInvestors-TotalSell"":""91208"",""ForeignInvestorsInclude MainlandAreaInvestors-Difference"":""-51145"",""SecuritiesInvestmentTrustCompanies-TotalBuy"":""0"",""SecuritiesInvestmentTrustCompanies-TotalSell"":""0"",""SecuritiesInvestmentTrustCompanies-Difference"":""0"",""Dealers-TotalBuy"":""20000"",""Dealers-TotalSell"":""21395"",""Dealers-Difference"":""-1395"",""Dealers -TotalSell"":""21395"",""TotalDifference"":""-52540""}"
2026-09-08,TPEX,6588,東典光電,0,0,0,0,0,0,26912,27403,-491,"{""Date"":""1150908"",""SecuritiesCompanyCode"":""6588"",""CompanyName"":""東典光電"",""Foreign Investors include Mainland Area Investors (Foreign Dealers excluded)-Total Buy"":""1123177"","" Foreign Investors include Mainland Area Investors (Foreign Dealers excluded)-Total Sell"":""1263340"",""Foreign Investors include Mainland Area Investors (Foreign Dealers excluded)-Difference"":""-140163"",""Foreign Dealers-Total Buy"":""0"",""Foreign Dealers-TotalSell"":""0"",""ForeignDealers-Difference"":""0"",""ForeignInvestorsIncludeMainlandAreaInvestors-TotalBuy"":""1123177"",""ForeignInvestorsIncludeMainlandAreaInvestors-TotalSell"":""1263340"",""ForeignInvestorsInclude MainlandAreaInvestors-Difference"":""-140163"",""SecuritiesInvestmentTrustCompanies-TotalBuy"":""0"",""SecuritiesInvestmentTrustCompanies-TotalSell"":""0"",""SecuritiesInvestmentTrustCompanies-Difference"":""0"",""Dealers-TotalBuy"":""26912"",""Dealers-TotalSell"":""27403"",""Dealers-Difference"":""-491"",""Dealers -TotalSell"":""27403"",""TotalDifference"":""-140654""}"
2026-09-08,TPEX,6593,台灣銘板,0,0,0,0,0,0,0,0,0,"{""Date"":""1150908"",""SecuritiesCompanyCode"":""6593"",""CompanyName"":""台灣銘板"",""Foreign Investors include Mainland Area Investors (Foreign Dealers excluded)-Total Buy"":""11000"","" Foreign Investors include Mainland Area Investors (Foreign Dealers excluded)-Total Sell"":""5000"",""Foreign Investors include Mainland Area Investors (Foreign Dealers excluded)-Difference"":""6000"",""Foreign Dealers-Total Buy"":""0"",""Foreign Dealers-TotalSell"":""0"",""ForeignDealers-Difference"":""0"",""ForeignInvestorsIncludeMainlandAreaInvestors-TotalBuy"":""11000"",""ForeignInvestorsIncludeMainlandAreaInvestors-TotalSell"":""5000"",""ForeignInvestorsInclude MainlandAreaInvestors-Difference"":""6000"",""SecuritiesInvestmentTrustCompanies-TotalBuy"":""0"",""SecuritiesInvestmentTrustCompanies-TotalSell"":""0"",""SecuritiesInvestmentTrustCompanies-Difference"":""0"",""Dealers-TotalBuy"":""0"",""Dealers-TotalSell"":""0"",""Dealers-Difference"":""0"",""Dealers -TotalSell"":""0"",""TotalDifference"":""6000""}"
2026-09-08,TPEX,6596,寬宏藝術,0,0,0,0,0,0,19,0,19,"{""Date"":""1150908"",""SecuritiesCompanyCode"":""6596"",""CompanyName"":""寬宏藝術"",""Foreign Investors include Mainland Area Investors (Foreign Dealers excluded)-Total Buy"":""22050"","" Foreign Investors include Mainland Area Investors (Foreign Dealers excluded)-Total Sell"":""8000"",""Foreign Investors include Mainland Area Investors (Foreign Dealers excluded)-Difference"":""14050"",""Foreign Dealers-Total Buy"":""0"",""Foreign Dealers-TotalSell"":""0"",""ForeignDealers-Difference"":""0"",""ForeignInvestorsIncludeMainlandAreaInvestors-TotalBuy"":""22050"",""ForeignInvestorsIncludeMainlandAreaInvestors-TotalSell"":""8000"",""ForeignInvestorsInclude MainlandAreaInvestors-Difference"":""14050"",""SecuritiesInvestmentTrustCompanies-TotalBuy"":""0"",""SecuritiesInvestmentTrustCompanies-TotalSell"":""0"",""SecuritiesInvestmentTrustCompanies-Difference"":""0"",""Dealers-TotalBuy"":""19"",""Dealers-TotalSell"":""0"",""Dealers-Difference"":""19"",""Dealers -TotalSell"":""0"",""TotalDifference"":""14069""}"
2026-09-08,TPEX,6603,富強鑫,0,0,0,0,0,0,316,5221,-4905,"{""Date"":""1150908"",""SecuritiesCompanyCode"":""6603"",""CompanyName"":""富強鑫"",""Foreign Investors include Mainland Area Investors (Foreign Dealers excluded)-Total Buy"":""136124"","" Foreign Investors include Mainland Area Investors (Foreign Dealers excluded)-Total Sell"":""86174"",""Foreign Investors include Mainland Area Investors (Foreign Dealers excluded)-Difference"":""49950"",""Foreign Dealers-Total Buy"":""0"",""Foreign Dealers-TotalSell"":""0"",""ForeignDealers-Difference"":""0"",""ForeignInvestorsIncludeMainlandAreaInvestors-TotalBuy"":""136124"",""ForeignInvestorsIncludeMainlandAreaInvestors-TotalSell"":""86174"",""ForeignInvestorsInclude MainlandAreaInvestors-Difference"":""49950"",""SecuritiesInvestmentTrustCompanies-TotalBuy"":""0"",""SecuritiesInvestmentTrustCompanies-TotalSell"":""0"",""SecuritiesInvestmentTrustCompanies-Difference"":""0"",""Dealers-TotalBuy"":""316"",""Dealers-TotalSell"":""5221"",""Dealers-Difference"":""-4905"",""Dealers -TotalSell"":""5221"",""TotalDifference"":""45045""}"
2026-09-08,TPEX,6609,瀧澤科,0,0,0,0,0,0,0,78,-78,"{""Date"":""1150908"",""SecuritiesCompanyCode"":""6609"",""CompanyName"":""瀧澤科"",""Foreign Investors include Mainland Area Investors (Foreign Dealers excluded)-Total Buy"":""21174"","" Foreign Investors include Mainland Area Investors (Foreign Dealers excluded)-Total Sell"":""20000"",""Foreign Investors include Mainland Area Investors (Foreign Dealers excluded)-Difference"":""1174"",""Foreign Dealers-Total Buy"":""0"",""Foreign Dealers-TotalSell"":""0"",""ForeignDealers-Difference"":""0"",""ForeignInvestorsIncludeMainlandAreaInvestors-TotalBuy"":""21174"",""ForeignInvestorsIncludeMainlandAreaInvestors-TotalSell"":""20000"",""ForeignInvestorsInclude MainlandAreaInvestors-Difference"":""1174"",""SecuritiesInvestmentTrustCompanies-TotalBuy"":""0"",""SecuritiesInvestmentTrustCompanies-TotalSell"":""0"",""SecuritiesInvestmentTrustCompanies-Difference"":""0"",""Dealers-TotalBuy"":""0"",""Dealers-TotalSell"":""78"",""Dealers-Difference"":""-78"",""Dealers -TotalSell"":""78"",""TotalDifference"":""1096""}"
2026-09-08,TPEX,6612,奈米醫材,0,0,0,0,0,0,0,0,0,"{""Date"":""1150908"",""SecuritiesCompanyCode"":""6612"",""CompanyName"":""奈米醫材"",""Foreign Investors include Mainland Area Investors (Foreign Dealers excluded)-Total Buy"":""2000"","" Foreign Investors include Mainland Area Investors (Foreign Dealers excluded)-Total Sell"":""11000"",""Foreign Investors include Mainland Area Investors (Foreign Dealers excluded)-Difference"":""-9000"",""Foreign Dealers-Total Buy"":""0"",""Foreign Dealers-TotalSell"":""0"",""ForeignDealers-Difference"":""0"",""ForeignInvestorsIncludeMainlandAreaInvestors-TotalBuy"":""2000"",""ForeignInvestorsIncludeMainlandAreaInvestors-TotalSell"":""11000"",""ForeignInvestorsInclude MainlandAreaInvestors-Difference"":""-9000"",""SecuritiesInvestmentTrustCompanies-TotalBuy"":""0"",""SecuritiesInvestmentTrustCompanies-TotalSell"":""0"",""SecuritiesInvestmentTrustCompanies-Difference"":""0"",""Dealers-TotalBuy"":""0"",""Dealers-TotalSell"":""0"",""Dealers-Difference"":""0"",""Dealers -TotalSell"":""0"",""TotalDifference"":""-9000""}"
2026-09-08,TPEX,6613,朋億*,0,0,0,0,0,0,3196,6520,-3324,"{""Date"":""1150908"",""SecuritiesCompanyCode"":""6613"",""CompanyName"":""朋億*"",""Foreign Investors include Mainland Area Investors (Foreign Dealers excluded)-Total Buy"":""39924"","" Foreign Investors include Mainland Area Investors (Foreign Dealers excluded)-Total Sell"":""101000"",""Foreign Investors include Mainland Area Investors (Foreign Dealers excluded)-Difference"":""-61076"",""Foreign Dealers-Total Buy"":""0"",""Foreign Dealers-TotalSell"":""0"",""ForeignDealers-Difference"":""0"",""ForeignInvestorsIncludeMainlandAreaInvestors-TotalBuy"":""39924"",""ForeignInvestorsIncludeMainlandAreaInvestors-TotalSell"":""101000"",""ForeignInvestorsInclude MainlandAreaInvestors-Difference"":""-61076"",""SecuritiesInvestmentTrustCompanies-TotalBuy"":""0"",""SecuritiesInvestmentTrustCompanies-TotalSell"":""0"",""SecuritiesInvestmentTrustCompanies-Difference"":""0"",""Dealers-TotalBuy"":""3196"",""Dealers-TotalSell"":""6520"",""Dealers-Difference"":""-3324"",""Dealers -TotalSell"":""6520"",""TotalDifference"":""-64400""}"
2026-09-08,TPEX,6615,慧智,0,0,0,0,0,0,0,0,0,"{""Date"":""1150908"",""SecuritiesCompanyCode"":""6615"",""CompanyName"":""慧智"",""Foreign Investors include Mainland Area Investors (Foreign Dealers excluded)-Total Buy"":""2000"","" Foreign Investors include Mainland Area Investors (Foreign Dealers excluded)-Total Sell"":""1000"",""Foreign Investors include Mainland Area Investors (Foreign Dealers excluded)-Difference"":""1000"",""Foreign Dealers-Total Buy"":""0"",""Foreign Dealers-TotalSell"":""0"",""ForeignDealers-Difference"":""0"",""ForeignInvestorsIncludeMainlandAreaInvestors-TotalBuy"":""2000"",""ForeignInvestorsIncludeMainlandAreaInvestors-TotalSell"":""1000"",""ForeignInvestorsInclude MainlandAreaInvestors-Difference"":""1000"",""SecuritiesInvestmentTrustCompanies-TotalBuy"":""0"",""SecuritiesInvestmentTrustCompanies-TotalSell"":""0"",""SecuritiesInvestmentTrustCompanies-Difference"":""0"",""Dealers-TotalBuy"":""0"",""Dealers-TotalSell"":""0"",""Dealers-Difference"":""0"",""Dealers -TotalSell"":""0"",""TotalDifference"":""1000""}"
2026-09-08,TPEX,6617,共信-KY,0,0,0,0,0,0,8359,46571,-38212,"{""Date"":""1150908"",""SecuritiesCompanyCode"":""6617"",""CompanyName"":""共信-KY"",""Foreign Investors include Mainland Area Investors (Foreign Dealers excluded)-Total Buy"":""1265435"","" Foreign Investors include Mainland Area Investors (Foreign Dealers excluded)-Total Sell"":""1046000"",""Foreign Investors include Mainland Area Investors (Foreign Dealers excluded)-Difference"":""219435"",""Foreign Dealers-Total Buy"":""0"",""Foreign Dealers-TotalSell"":""0"",""ForeignDealers-Difference"":""0"",""ForeignInvestorsIncludeMainlandAreaInvestors-TotalBuy"":""1265435"",""ForeignInvestorsIncludeMainlandAreaInvestors-TotalSell"":""1046000"",""ForeignInvestorsInclude MainlandAreaInvestors-Difference"":""219435"",""SecuritiesInvestmentTrustCompanies-TotalBuy"":""0"",""SecuritiesInvestmentTrustCompanies-TotalSell"":""0"",""SecuritiesInvestmentTrustCompanies-Difference"":""0"",""Dealers-TotalBuy"":""8359"",""Dealers-TotalSell"":""46571"",""Dealers-Difference"":""-38212"",""Dealers -TotalSell"":""46571"",""TotalDifference"":""181223""}"
2026-09-08,TPEX,6620,漢達,0,0,0,240000,0,240000,51831,52268,-437,"{""Date"":""1150908"",""SecuritiesCompanyCode"":""6620"",""CompanyName"":""漢達"",""Foreign Investors include Mainland Area Investors (Foreign Dealers excluded)-Total Buy"":""1089000"","" Foreign Investors include Mainland Area Investors (Foreign Dealers excluded)-Total Sell"":""271000"",""Foreign Investors include Mainland Area Investors (Foreign Dealers excluded)-Difference"":""818000"",""Foreign Dealers-Total Buy"":""0"",""Foreign Dealers-TotalSell"":""0"",""ForeignDealers-Difference"":""0"",""ForeignInvestorsIncludeMainlandAreaInvestors-TotalBuy"":""1089000"",""ForeignInvestorsIncludeMainlandAreaInvestors-TotalSell"":""271000"",""ForeignInvestorsInclude MainlandAreaInvestors-Difference"":""818000"",""SecuritiesInvestmentTrustCompanies-TotalBuy"":""240000"",""SecuritiesInvestmentTrustCompanies-TotalSell"":""0"",""SecuritiesInvestmentTrustCompanies-Difference"":""240000"",""Dealers-TotalBuy"":""51831"",""Dealers-TotalSell"":""52268"",""Dealers-Difference"":""-437"",""Dealers -TotalSell"":""36268"",""TotalDifference"":""1057563""}"
2026-09-08,TPEX,6629,泰金-KY,0,0,0,0,0,0,0,0,0,"{""Date"":""1150908"",""SecuritiesCompanyCode"":""6629"",""CompanyName"":""泰金-KY"",""Foreign Investors include Mainland Area Investors (Foreign Dealers excluded)-Total Buy"":""2000"","" Foreign Investors include Mainland Area Investors (Foreign Dealers excluded)-Total Sell"":""0"",""Foreign Investors include Mainland Area Investors (Foreign Dealers excluded)-Difference"":""2000"",""Foreign Dealers-Total Buy"":""0"",""Foreign Dealers-TotalSell"":""0"",""ForeignDealers-Difference"":""0"",""ForeignInvestorsIncludeMainlandAreaInvestors-TotalBuy"":""2000"",""ForeignInvestorsIncludeMainlandAreaInvestors-TotalSell"":""0"",""ForeignInvestorsInclude MainlandAreaInvestors-Difference"":""2000"",""SecuritiesInvestmentTrustCompanies-TotalBuy"":""0"",""SecuritiesInvestmentTrustCompanies-TotalSell"":""0"",""SecuritiesInvestmentTrustCompanies-Difference"":""0"",""Dealers-TotalBuy"":""0"",""Dealers-TotalSell"":""0"",""Dealers-Difference"":""0"",""Dealers -TotalSell"":""0"",""TotalDifference"":""2000""}"
2026-09-08,TPEX,6637,醫影,0,0,0,0,0,0,3000,3244,-244,"{""Date"":""1150908"",""SecuritiesCompanyCode"":""6637"",""CompanyName"":""醫影"",""Foreign Investors include Mainland Area Investors (Foreign Dealers excluded)-Total Buy"":""6000"","" Foreign Investors include Mainland Area Investors (Foreign Dealers excluded)-Total Sell"":""20000"",""Foreign Investors include Mainland Area Investors (Foreign Dealers excluded)-Difference"":""-14000"",""Foreign Dealers-Total Buy"":""0"",""Foreign Dealers-TotalSell"":""0"",""ForeignDealers-Difference"":""0"",""ForeignInvestorsIncludeMainlandAreaInvestors-TotalBuy"":""6000"",""ForeignInvestorsIncludeMainlandAreaInvestors-TotalSell"":""20000"",""ForeignInvestorsInclude MainlandAreaInvestors-Difference"":""-14000"",""SecuritiesInvestmentTrustCompanies-TotalBuy"":""0"",""SecuritiesInvestmentTrustCompanies-TotalSell"":""0"",""SecuritiesInvestmentTrustCompanies-Difference"":""0"",""Dealers-TotalBuy"":""3000"",""Dealers-TotalSell"":""3244"",""Dealers-Difference"":""-244"",""Dealers -TotalSell"":""3244"",""TotalDifference"":""-14244""}"
2026-09-08,TPEX,6640,均華,0,0,0,0,0,0,17974,30017,-12043,"{""Date"":""1150908"",""SecuritiesCompanyCode"":""6640"",""CompanyName"":""均華"",""Foreign Investors include Mainland Area Investors (Foreign Dealers excluded)-Total Buy"":""114298"","" Foreign Investors include Mainland Area Investors (Foreign Dealers excluded)-Total Sell"":""181176"",""Foreign Investors include Mainland Area Investors (Foreign Dealers excluded)-Difference"":""-66878"",""Foreign Dealers-Total Buy"":""0"",""Foreign Dealers-TotalSell"":""0"",""ForeignDealers-Difference"":""0"",""ForeignInvestorsIncludeMainlandAreaInvestors-TotalBuy"":""114298"",""ForeignInvestorsIncludeMainlandAreaInvestors-TotalSell"":""181176"",""ForeignInvestorsInclude MainlandAreaInvestors-Difference"":""-66878"",""SecuritiesInvestmentTrustCompanies-TotalBuy"":""0"",""SecuritiesInvestmentTrustCompanies-TotalSell"":""0"",""SecuritiesInvestmentTrustCompanies-Difference"":""0"",""Dealers-TotalBuy"":""17974"",""Dealers-TotalSell"":""30017"",""Dealers-Difference"":""-12043"",""Dealers -TotalSell"":""29017"",""TotalDifference"":""-78921""}"
2026-09-08,TPEX,6642,富致,0,0,0,0,0,0,1000,700,-21700,"{""Date"":""1150908"",""SecuritiesCompanyCode"":""6642"",""CompanyName"":""富致"",""Foreign Investors include Mainland Area Investors (Foreign Dealers excluded)-Total Buy"":""15041"","" Foreign Investors include Mainland Area Investors (Foreign Dealers excluded)-Total Sell"":""118064"",""Foreign Investors include Mainland Area Investors (Foreign Dealers excluded)-Difference"":""-103023"",""Foreign Dealers-Total Buy"":""0"",""Foreign Dealers-TotalSell"":""0"",""ForeignDealers-Difference"":""0"",""ForeignInvestorsIncludeMainlandAreaInvestors-TotalBuy"":""15041"",""ForeignInvestorsIncludeMainlandAreaInvestors-TotalSell"":""118064"",""ForeignInvestorsInclude MainlandAreaInvestors-Difference"":""-103023"",""SecuritiesInvestmentTrustCompanies-TotalBuy"":""0"",""SecuritiesInvestmentTrustCompanies-TotalSell"":""0"",""SecuritiesInvestmentTrustCompanies-Difference"":""0"",""Dealers-TotalBuy"":""1000"",""Dealers-TotalSell"":""22700"",""Dealers-Difference"":""-21700"",""Dealers -TotalSell"":""700"",""TotalDifference"":""-124723""}"
2026-09-08,TPEX,6643,M31,0,0,0,15000,0,15000,56272,16916,39356,"{""Date"":""1150908"",""SecuritiesCompanyCode"":""6643"",""CompanyName"":""M31"",""Foreign Investors include Mainland Area Investors (Foreign Dealers excluded)-Total Buy"":""293717"","" Foreign Investors include Mainland Area Investors (Foreign Dealers excluded)-Total Sell"":""230059"",""Foreign Investors include Mainland Area Investors (Foreign Dealers excluded)-Difference"":""63658"",""Foreign Dealers-Total Buy"":""0"",""Foreign Dealers-TotalSell"":""0"",""ForeignDealers-Difference"":""0"",""ForeignInvestorsIncludeMainlandAreaInvestors-TotalBuy"":""293717"",""ForeignInvestorsIncludeMainlandAreaInvestors-TotalSell"":""230059"",""ForeignInvestorsInclude MainlandAreaInvestors-Difference"":""63658"",""SecuritiesInvestmentTrustCompanies-TotalBuy"":""15000"",""SecuritiesInvestmentTrustCompanies-TotalSell"":""0"",""SecuritiesInvestmentTrustCompanies-Difference"":""15000"",""Dealers-TotalBuy"":""56272"",""Dealers-TotalSell"":""16916"",""Dealers-Difference"":""39356"",""Dealers -TotalSell"":""16916"",""TotalDifference"":""118014""}"
2026-09-08,TPEX,6649,台生材,0,0,0,0,0,0,0,0,0,"{""Date"":""1150908"",""SecuritiesCompanyCode"":""6649"",""CompanyName"":""台生材"",""Foreign Investors include Mainland Area Investors (Foreign Dealers excluded)-Total Buy"":""3000"","" Foreign Investors include Mainland Area Investors (Foreign Dealers excluded)-Total Sell"":""6000"",""Foreign Investors include Mainland Area Investors (Foreign Dealers excluded)-Difference"":""-3000"",""Foreign Dealers-Total Buy"":""0"",""Foreign Dealers-TotalSell"":""0"",""ForeignDealers-Difference"":""0"",""ForeignInvestorsIncludeMainlandAreaInvestors-TotalBuy"":""3000"",""ForeignInvestorsIncludeMainlandAreaInvestors-TotalSell"":""6000"",""ForeignInvestorsInclude MainlandAreaInvestors-Difference"":""-3000"",""SecuritiesInvestmentTrustCompanies-TotalBuy"":""0"",""SecuritiesInvestmentTrustCompanies-TotalSell"":""0"",""SecuritiesInvestmentTrustCompanies-Difference"":""0"",""Dealers-TotalBuy"":""0"",""Dealers-TotalSell"":""0"",""Dealers-Difference"":""0"",""Dealers -TotalSell"":""0"",""TotalDifference"":""-3000""}"
2026-09-08,TPEX,6651,全宇昕,0,0,0,0,0,0,9438,14765,-5327,"{""Date"":""1150908"",""SecuritiesCompanyCode"":""6651"",""CompanyName"":""全宇昕"",""Foreign Investors include Mainland Area Investors (Foreign Dealers excluded)-Total Buy"":""80199"","" Foreign Investors include Mainland Area Investors (Foreign Dealers excluded)-Total Sell"":""33000"",""Foreign Investors include Mainland Area Investors (Foreign Dealers excluded)-Difference"":""47199"",""Foreign Dealers-Total Buy"":""0"",""Foreign Dealers-TotalSell"":""0"",""ForeignDealers-Difference"":""0"",""ForeignInvestorsIncludeMainlandAreaInvestors-TotalBuy"":""80199"",""ForeignInvestorsIncludeMainlandAreaInvestors-TotalSell"":""33000"",""ForeignInvestorsInclude MainlandAreaInvestors-Difference"":""47199"",""SecuritiesInvestmentTrustCompanies-TotalBuy"":""0"",""SecuritiesInvestmentTrustCompanies-TotalSell"":""0"",""SecuritiesInvestmentTrustCompanies-Difference"":""0"",""Dealers-TotalBuy"":""9438"",""Dealers-TotalSell"":""14765"",""Dealers-Difference"":""-5327"",""Dealers -TotalSell"":""13765"",""TotalDifference"":""41872""}"
2026-09-08,TPEX,6654,天正國際,0,0,0,0,0,0,559,373,-814,"{""Date"":""1150908"",""SecuritiesCompanyCode"":""6654"",""CompanyName"":""天正國際"",""Foreign Investors include Mainland Area Investors (Foreign Dealers excluded)-Total Buy"":""65000"","" Foreign Investors include Mainland Area Investors (Foreign Dealers excluded)-Total Sell"":""24000"",""Foreign Investors include Mainland Area Investors (Foreign Dealers excluded)-Difference"":""41000"",""Foreign Dealers-Total Buy"":""0"",""Foreign Dealers-TotalSell"":""0"",""ForeignDealers-Difference"":""0"",""ForeignInvestorsIncludeMainlandAreaInvestors-TotalBuy"":""65000"",""ForeignInvestorsIncludeMainlandAreaInvestors-TotalSell"":""24000"",""ForeignInvestorsInclude MainlandAreaInvestors-Difference"":""41000"",""SecuritiesInvestmentTrustCompanies-TotalBuy"":""0"",""SecuritiesInvestmentTrustCompanies-TotalSell"":""0"",""SecuritiesInvestmentTrustCompanies-Difference"":""0"",""Dealers-TotalBuy"":""559"",""Dealers-TotalSell"":""1373"",""Dealers-Difference"":""-814"",""Dealers -TotalSell"":""373"",""TotalDifference"":""40186""}"
2026-09-08,TPEX,6664,群翊,0,0,0,2000,0,2000,3976,4695,-719,"{""Date"":""1150908"",""SecuritiesCompanyCode"":""6664"",""CompanyName"":""群翊"",""Foreign Investors include Mainland Area Investors (Foreign Dealers excluded)-Total Buy"":""95631"","" Foreign Investors include Mainland Area Investors (Foreign Dealers excluded)-Total Sell"":""79050"",""Foreign Investors include Mainland Area Investors (Foreign Dealers excluded)-Difference"":""16581"",""Foreign Dealers-Total Buy"":""0"",""Foreign Dealers-TotalSell"":""0"",""ForeignDealers-Difference"":""0"",""ForeignInvestorsIncludeMainlandAreaInvestors-TotalBuy"":""95631"",""ForeignInvestorsIncludeMainlandAreaInvestors-TotalSell"":""79050"",""ForeignInvestorsInclude MainlandAreaInvestors-Difference"":""16581"",""SecuritiesInvestmentTrustCompanies-TotalBuy"":""2000"",""SecuritiesInvestmentTrustCompanies-TotalSell"":""0"",""SecuritiesInvestmentTrustCompanies-Difference"":""2000"",""Dealers-TotalBuy"":""3976"",""Dealers-TotalSell"":""4695"",""Dealers-Difference"":""-719"",""Dealers -TotalSell"":""4695"",""TotalDifference"":""17862""}"
2026-09-08,TPEX,6667,信紘科,0,0,0,0,0,0,13595,6051,7544,"{""Date"":""1150908"",""SecuritiesCompanyCode"":""6667"",""CompanyName"":""信紘科"",""Foreign Investors include Mainland Area Investors (Foreign Dealers excluded)-Total Buy"":""67010"","" Foreign Investors include Mainland Area Investors (Foreign Dealers excluded)-Total Sell"":""125000"",""Foreign Investors include Mainland Area Investors (Foreign Dealers excluded)-Difference"":""-57990"",""Foreign Dealers-Total Buy"":""0"",""Foreign Dealers-TotalSell"":""0"",""ForeignDealers-Difference"":""0"",""ForeignInvestorsIncludeMainlandAreaInvestors-TotalBuy"":""67010"",""ForeignInvestorsIncludeMainlandAreaInvestors-TotalSell"":""125000"",""ForeignInvestorsInclude MainlandAreaInvestors-Difference"":""-57990"",""SecuritiesInvestmentTrustCompanies-TotalBuy"":""0"",""SecuritiesInvestmentTrustCompanies-TotalSell"":""0"",""SecuritiesInvestmentTrustCompanies-Difference"":""0"",""Dealers-TotalBuy"":""13595"",""Dealers-TotalSell"":""6051"",""Dealers-Difference"":""7544"",""Dealers -TotalSell"":""6051"",""TotalDifference"":""-50446""}"
2026-09-08,TPEX,6679,鈺太,0,0,0,0,0,0,13100,17529,-4429,"{""Date"":""1150908"",""SecuritiesCompanyCode"":""6679"",""CompanyName"":""鈺太"",""Foreign Investors include Mainland Area Investors (Foreign Dealers excluded)-Total Buy"":""25015"","" Foreign Investors include Mainland Area Investors (Foreign Dealers excluded)-Total Sell"":""389225"",""Foreign Investors include Mainland Area Investors (Foreign Dealers excluded)-Difference"":""-364210"",""Foreign Dealers-Total Buy"":""0"",""Foreign Dealers-TotalSell"":""0"",""ForeignDealers-Difference"":""0"",""ForeignInvestorsIncludeMainlandAreaInvestors-TotalBuy"":""25015"",""ForeignInvestorsIncludeMainlandAreaInvestors-TotalSell"":""389225"",""ForeignInvestorsInclude MainlandAreaInvestors-Difference"":""-364210"",""SecuritiesInvestmentTrustCompanies-TotalBuy"":""0"",""SecuritiesInvestmentTrustCompanies-TotalSell"":""0"",""SecuritiesInvestmentTrustCompanies-Difference"":""0"",""Dealers-TotalBuy"":""13100"",""Dealers-TotalSell"":""17529"",""Dealers-Difference"":""-4429"",""Dealers -TotalSell"":""17529"",""TotalDifference"":""-368639""}"
2026-09-08,TPEX,6680,鑫創電子,0,0,0,0,0,0,0,0,0,"{""Date"":""1150908"",""SecuritiesCompanyCode"":""6680"",""CompanyName"":""鑫創電子"",""Foreign Investors include Mainland Area Investors (Foreign Dealers excluded)-Total Buy"":""0"","" Foreign Investors include Mainland Area Investors (Foreign Dealers excluded)-Total Sell"":""1000"",""Foreign Investors include Mainland Area Investors (Foreign Dealers excluded)-Difference"":""-1000"",""Foreign Dealers-Total Buy"":""0"",""Foreign Dealers-TotalSell"":""0"",""ForeignDealers-Difference"":""0"",""ForeignInvestorsIncludeMainlandAreaInvestors-TotalBuy"":""0"",""ForeignInvestorsIncludeMainlandAreaInvestors-TotalSell"":""1000"",""ForeignInvestorsInclude MainlandAreaInvestors-Difference"":""-1000"",""SecuritiesInvestmentTrustCompanies-TotalBuy"":""0"",""SecuritiesInvestmentTrustCompanies-TotalSell"":""0"",""SecuritiesInvestmentTrustCompanies-Difference"":""0"",""Dealers-TotalBuy"":""0"",""Dealers-TotalSell"":""0"",""Dealers-Difference"":""0"",""Dealers -TotalSell"":""0"",""TotalDifference"":""-1000""}"
2026-09-08,TPEX,6683,雍智科技,0,0,0,0,0,0,35853,35685,168,"{""Date"":""1150908"",""SecuritiesCompanyCode"":""6683"",""CompanyName"":""雍智科技"",""Foreign Investors include Mainland Area Investors (Foreign Dealers excluded)-Total Buy"":""272064"","" Foreign Investors include Mainland Area Investors (Foreign Dealers excluded)-Total Sell"":""247042"",""Foreign Investors include Mainland Area Investors (Foreign Dealers excluded)-Difference"":""25022"",""Foreign Dealers-Total Buy"":""0"",""Foreign Dealers-TotalSell"":""0"",""ForeignDealers-Difference"":""0"",""ForeignInvestorsIncludeMainlandAreaInvestors-TotalBuy"":""272064"",""ForeignInvestorsIncludeMainlandAreaInvestors-TotalSell"":""247042"",""ForeignInvestorsInclude MainlandAreaInvestors-Difference"":""25022"",""SecuritiesInvestmentTrustCompanies-TotalBuy"":""0"",""SecuritiesInvestmentTrustCompanies-TotalSell"":""0"",""SecuritiesInvestmentTrustCompanies-Difference"":""0"",""Dealers-TotalBuy"":""35853"",""Dealers-TotalSell"":""35685"",""Dealers-Difference"":""168"",""Dealers -TotalSell"":""18685"",""TotalDifference"":""25190""}"
2026-09-08,TPEX,6684,安格,0,0,0,0,0,0,1000,1310,-310,"{""Date"":""1150908"",""SecuritiesCompanyCode"":""6684"",""CompanyName"":""安格"",""Foreign Investors include Mainland Area Investors (Foreign Dealers excluded)-Total Buy"":""36000"","" Foreign Investors include Mainland Area Investors (Foreign Dealers excluded)-Total Sell"":""12000"",""Foreign Investors include Mainland Area Investors (Foreign Dealers excluded)-Difference"":""24000"",""Foreign Dealers-Total Buy"":""0"",""Foreign Dealers-TotalSell"":""0"",""ForeignDealers-Difference"":""0"",""ForeignInvestorsIncludeMainlandAreaInvestors-TotalBuy"":""36000"",""ForeignInvestorsIncludeMainlandAreaInvestors-TotalSell"":""12000"",""ForeignInvestorsInclude MainlandAreaInvestors-Difference"":""24000"",""SecuritiesInvestmentTrustCompanies-TotalBuy"":""0"",""SecuritiesInvestmentTrustCompanies-TotalSell"":""0"",""SecuritiesInvestmentTrustCompanies-Difference"":""0"",""Dealers-TotalBuy"":""1000"",""Dealers-TotalSell"":""1310"",""Dealers-Difference"":""-310"",""Dealers -TotalSell"":""1310"",""TotalDifference"":""23690""}"
2026-09-08,TPEX,6690,安碁資訊,0,0,0,0,0,0,0,0,0,"{""Date"":""1150908"",""SecuritiesCompanyCode"":""6690"",""CompanyName"":""安碁資訊"",""Foreign Investors include Mainland Area Investors (Foreign Dealers excluded)-Total Buy"":""3000"","" Foreign Investors include Mainland Area Investors (Foreign Dealers excluded)-Total Sell"":""2000"",""Foreign Investors include Mainland Area Investors (Foreign Dealers excluded)-Difference"":""1000"",""Foreign Dealers-Total Buy"":""0"",""Foreign Dealers-TotalSell"":""0"",""ForeignDealers-Difference"":""0"",""ForeignInvestorsIncludeMainlandAreaInvestors-TotalBuy"":""3000"",""ForeignInvestorsIncludeMainlandAreaInvestors-TotalSell"":""2000"",""ForeignInvestorsInclude MainlandAreaInvestors-Difference"":""1000"",""SecuritiesInvestmentTrustCompanies-TotalBuy"":""0"",""SecuritiesInvestmentTrustCompanies-TotalSell"":""0"",""SecuritiesInvestmentTrustCompanies-Difference"":""0"",""Dealers-TotalBuy"":""0"",""Dealers-TotalSell"":""0"",""Dealers-Difference"":""0"",""Dealers -TotalSell"":""0"",""TotalDifference"":""1000""}"
2026-09-08,TPEX,6693,廣閎科,0,0,0,0,0,0,137374,45605,91769,"{""Date"":""1150908"",""SecuritiesCompanyCode"":""6693"",""CompanyName"":""廣閎科"",""Foreign Investors include Mainland Area Investors (Foreign Dealers excluded)-Total Buy"":""331048"","" Foreign Investors include Mainland Area Investors (Foreign Dealers excluded)-Total Sell"":""696000"",""Foreign Investors include Mainland Area Investors (Foreign Dealers excluded)-Difference"":""-364952"",""Foreign Dealers-Total Buy"":""0"",""Foreign Dealers-TotalSell"":""0"",""ForeignDealers-Difference"":""0"",""ForeignInvestorsIncludeMainlandAreaInvestors-TotalBuy"":""331048"",""ForeignInvestorsIncludeMainlandAreaInvestors-TotalSell"":""696000"",""ForeignInvestorsInclude MainlandAreaInvestors-Difference"":""-364952"",""SecuritiesInvestmentTrustCompanies-TotalBuy"":""0"",""SecuritiesInvestmentTrustCompanies-TotalSell"":""0"",""SecuritiesInvestmentTrustCompanies-Difference"":""0"",""Dealers-TotalBuy"":""137374"",""Dealers-TotalSell"":""45605"",""Dealers-Difference"":""91769"",""Dealers -TotalSell"":""44605"",""TotalDifference"":""-273183""}"
2026-09-08,TPEX,6697,東捷資訊,0,0,0,0,0,0,0,1000,-1000,"{""Date"":""1150908"",""SecuritiesCompanyCode"":""6697"",""CompanyName"":""東捷資訊"",""Foreign Investors include Mainland Area Investors (Foreign Dealers excluded)-Total Buy"":""0"","" Foreign Investors include Mainland Area Investors (Foreign Dealers excluded)-Total Sell"":""0"",""Foreign Investors include Mainland Area Investors (Foreign Dealers excluded)-Difference"":""0"",""Foreign Dealers-Total Buy"":""0"",""Foreign Dealers-TotalSell"":""0"",""ForeignDealers-Difference"":""0"",""ForeignInvestorsIncludeMainlandAreaInvestors-TotalBuy"":""0"",""ForeignInvestorsIncludeMainlandAreaInvestors-TotalSell"":""0"",""ForeignInvestorsInclude MainlandAreaInvestors-Difference"":""0"",""SecuritiesInvestmentTrustCompanies-TotalBuy"":""0"",""SecuritiesInvestmentTrustCompanies-TotalSell"":""0"",""SecuritiesInvestmentTrustCompanies-Difference"":""0"",""Dealers-TotalBuy"":""0"",""Dealers-TotalSell"":""1000"",""Dealers-Difference"":""-1000"",""Dealers -TotalSell"":""1000"",""TotalDifference"":""-1000""}"
2026-09-08,TPEX,6703,軒郁,0,0,0,0,0,0,1000,589,411,"{""Date"":""1150908"",""SecuritiesCompanyCode"":""6703"",""CompanyName"":""軒郁"",""Foreign Investors include Mainland Area Investors (Foreign Dealers excluded)-Total Buy"":""3000"","" Foreign Investors include Mainland Area Investors (Foreign Dealers excluded)-Total Sell"":""20000"",""Foreign Investors include Mainland Area Investors (Foreign Dealers excluded)-Difference"":""-17000"",""Foreign Dealers-Total Buy"":""0"",""Foreign Dealers-TotalSell"":""0"",""ForeignDealers-Difference"":""0"",""ForeignInvestorsIncludeMainlandAreaInvestors-TotalBuy"":""3000"",""ForeignInvestorsIncludeMainlandAreaInvestors-TotalSell"":""20000"",""ForeignInvestorsInclude MainlandAreaInvestors-Difference"":""-17000"",""SecuritiesInvestmentTrustCompanies-TotalBuy"":""0"",""SecuritiesInvestmentTrustCompanies-TotalSell"":""0"",""SecuritiesInvestmentTrustCompanies-Difference"":""0"",""Dealers-TotalBuy"":""1000"",""Dealers-TotalSell"":""589"",""Dealers-Difference"":""411"",""Dealers -TotalSell"":""589"",""TotalDifference"":""-16589""}"
2026-09-08,TPEX,6708,天擎,0,0,0,0,0,0,0,0,0,"{""Date"":""1150908"",""SecuritiesCompanyCode"":""6708"",""CompanyName"":""天擎"",""Foreign Investors include Mainland Area Investors (Foreign Dealers excluded)-Total Buy"":""0"","" Foreign Investors include Mainland Area Investors (Foreign Dealers excluded)-Total Sell"":""1000"",""Foreign Investors include Mainland Area Investors (Foreign Dealers excluded)-Difference"":""-1000"",""Foreign Dealers-Total Buy"":""0"",""Foreign Dealers-TotalSell"":""0"",""ForeignDealers-Difference"":""0"",""ForeignInvestorsIncludeMainlandAreaInvestors-TotalBuy"":""0"",""ForeignInvestorsIncludeMainlandAreaInvestors-TotalSell"":""1000"",""ForeignInvestorsInclude MainlandAreaInvestors-Difference"":""-1000"",""SecuritiesInvestmentTrustCompanies-TotalBuy"":""0"",""SecuritiesInvestmentTrustCompanies-TotalSell"":""0"",""SecuritiesInvestmentTrustCompanies-Difference"":""0"",""Dealers-TotalBuy"":""0"",""Dealers-TotalSell"":""0"",""Dealers-Difference"":""0"",""Dealers -TotalSell"":""0"",""TotalDifference"":""-1000""}"
2026-09-08,TPEX,6712,長聖,0,0,0,0,0,0,1385,658,727,"{""Date"":""1150908"",""SecuritiesCompanyCode"":""6712"",""CompanyName"":""長聖"",""Foreign Investors include Mainland Area Investors (Foreign Dealers excluded)-Total Buy"":""58535"","" Foreign Investors include Mainland Area Investors (Foreign Dealers excluded)-Total Sell"":""11000"",""Foreign Investors include Mainland Area Investors (Foreign Dealers excluded)-Difference"":""47535"",""Foreign Dealers-Total Buy"":""0"",""Foreign Dealers-TotalSell"":""0"",""ForeignDealers-Difference"":""0"",""ForeignInvestorsIncludeMainlandAreaInvestors-TotalBuy"":""58535"",""ForeignInvestorsIncludeMainlandAreaInvestors-TotalSell"":""11000"",""ForeignInvestorsInclude MainlandAreaInvestors-Difference"":""47535"",""SecuritiesInvestmentTrustCompanies-TotalBuy"":""0"",""SecuritiesInvestmentTrustCompanies-TotalSell"":""0"",""SecuritiesInvestmentTrustCompanies-Difference"":""0"",""Dealers-TotalBuy"":""1385"",""Dealers-TotalSell"":""658"",""Dealers-Difference"":""727"",""Dealers -TotalSell"":""658"",""TotalDifference"":""48262""}"
2026-09-08,TPEX,6716,應廣,0,0,0,0,0,0,4932,5214,-282,"{""Date"":""1150908"",""SecuritiesCompanyCode"":""6716"",""CompanyName"":""應廣"",""Foreign Investors include Mainland Area Investors (Foreign Dealers excluded)-Total Buy"":""402010"","" Foreign Investors include Mainland Area Investors (Foreign Dealers excluded)-Total Sell"":""563026"",""Foreign Investors include Mainland Area Investors (Foreign Dealers excluded)-Difference"":""-161016"",""Foreign Dealers-Total Buy"":""0"",""Foreign Dealers-TotalSell"":""0"",""ForeignDealers-Difference"":""0"",""ForeignInvestorsIncludeMainlandAreaInvestors-TotalBuy"":""402010"",""ForeignInvestorsIncludeMainlandAreaInvestors-TotalSell"":""563026"",""ForeignInvestorsInclude MainlandAreaInvestors-Difference"":""-161016"",""SecuritiesInvestmentTrustCompanies-TotalBuy"":""0"",""SecuritiesInvestmentTrustCompanies-TotalSell"":""0"",""SecuritiesInvestmentTrustCompanies-Difference"":""0"",""Dealers-TotalBuy"":""4932"",""Dealers-TotalSell"":""5214"",""Dealers-Difference"":""-282"",""Dealers -TotalSell"":""5214"",""TotalDifference"":""-161298""}"
2026-09-08,TPEX,6720,久昌,0,0,0,0,0,0,0,0,0,"{""Date"":""1150908"",""SecuritiesCompanyCode"":""6720"",""CompanyName"":""久昌"",""Foreign Investors include Mainland Area Investors (Foreign Dealers excluded)-Total Buy"":""7000"","" Foreign Investors include Mainland Area Investors (Foreign Dealers excluded)-Total Sell"":""2000"",""Foreign Investors include Mainland Area Investors (Foreign Dealers excluded)-Difference"":""5000"",""Foreign Dealers-Total Buy"":""0"",""Foreign Dealers-TotalSell"":""0"",""ForeignDealers-Difference"":""0"",""ForeignInvestorsIncludeMainlandAreaInvestors-TotalBuy"":""7000"",""ForeignInvestorsIncludeMainlandAreaInvestors-TotalSell"":""2000"",""ForeignInvestorsInclude MainlandAreaInvestors-Difference"":""5000"",""SecuritiesInvestmentTrustCompanies-TotalBuy"":""0"",""SecuritiesInvestmentTrustCompanies-TotalSell"":""0"",""SecuritiesInvestmentTrustCompanies-Difference"":""0"",""Dealers-TotalBuy"":""0"",""Dealers-TotalSell"":""0"",""Dealers-Difference"":""0"",""Dealers -TotalSell"":""0"",""TotalDifference"":""5000""}"
2026-09-08,TPEX,6725,矽科宏晟,0,0,0,0,0,0,6000,838,5162,"{""Date"":""1150908"",""SecuritiesCompanyCode"":""6725"",""CompanyName"":""矽科宏晟"",""Foreign Investors include Mainland Area Investors (Foreign Dealers excluded)-Total Buy"":""13000"","" Foreign Investors include Mainland Area Investors (Foreign Dealers excluded)-Total Sell"":""28000"",""Foreign Investors include Mainland Area Investors (Foreign Dealers excluded)-Difference"":""-15000"",""Foreign Dealers-Total Buy"":""0"",""Foreign Dealers-TotalSell"":""0"",""ForeignDealers-Difference"":""0"",""ForeignInvestorsIncludeMainlandAreaInvestors-TotalBuy"":""13000"",""ForeignInvestorsIncludeMainlandAreaInvestors-TotalSell"":""28000"",""ForeignInvestorsInclude MainlandAreaInvestors-Difference"":""-15000"",""SecuritiesInvestmentTrustCompanies-TotalBuy"":""0"",""SecuritiesInvestmentTrustCompanies-TotalSell"":""0"",""SecuritiesInvestmentTrustCompanies-Difference"":""0"",""Dealers-TotalBuy"":""6000"",""Dealers-TotalSell"":""838"",""Dealers-Difference"":""5162"",""Dealers -TotalSell"":""838"",""TotalDifference"":""-9838""}"
2026-09-08,TPEX,6727,亞泰金屬,0,0,0,0,0,0,12265,3700,-1435,"{""Date"":""1150908"",""SecuritiesCompanyCode"":""6727"",""CompanyName"":""亞泰金屬"",""Foreign Investors include Mainland Area Investors (Foreign Dealers excluded)-Total Buy"":""366267"","" Foreign Investors include Mainland Area Investors (Foreign Dealers excluded)-Total Sell"":""514683"",""Foreign Investors include Mainland Area Investors (Foreign Dealers excluded)-Difference"":""-148416"",""Foreign Dealers-Total Buy"":""0"",""Foreign Dealers-TotalSell"":""0"",""ForeignDealers-Difference"":""0"",""ForeignInvestorsIncludeMainlandAreaInvestors-TotalBuy"":""366267"",""ForeignInvestorsIncludeMainlandAreaInvestors-TotalSell"":""514683"",""ForeignInvestorsInclude MainlandAreaInvestors-Difference"":""-148416"",""SecuritiesInvestmentTrustCompanies-TotalBuy"":""0"",""SecuritiesInvestmentTrustCompanies-TotalSell"":""0"",""SecuritiesInvestmentTrustCompanies-Difference"":""0"",""Dealers-TotalBuy"":""12265"",""Dealers-TotalSell"":""13700"",""Dealers-Difference"":""-1435"",""Dealers -TotalSell"":""3700"",""TotalDifference"":""-149851""}"
2026-09-08,TPEX,6732,昇佳電子,0,0,0,0,0,0,2000,2420,-420,"{""Date"":""1150908"",""SecuritiesCompanyCode"":""6732"",""CompanyName"":""昇佳電子"",""Foreign Investors include Mainland Area Investors (Foreign Dealers excluded)-Total Buy"":""3000"","" Foreign Investors include Mainland Area Investors (Foreign Dealers excluded)-Total Sell"":""61000"",""Foreign Investors include Mainland Area Investors (Foreign Dealers excluded)-Difference"":""-58000"",""Foreign Dealers-Total Buy"":""0"",""Foreign Dealers-TotalSell"":""0"",""ForeignDealers-Difference"":""0"",""ForeignInvestorsIncludeMainlandAreaInvestors-TotalBuy"":""3000"",""ForeignInvestorsIncludeMainlandAreaInvestors-TotalSell"":""61000"",""ForeignInvestorsInclude MainlandAreaInvestors-Difference"":""-58000"",""SecuritiesInvestmentTrustCompanies-TotalBuy"":""0"",""SecuritiesInvestmentTrustCompanies-TotalSell"":""0"",""SecuritiesInvestmentTrustCompanies-Difference"":""0"",""Dealers-TotalBuy"":""2000"",""Dealers-TotalSell"":""2420"",""Dealers-Difference"":""-420"",""Dealers -TotalSell"":""2420"",""TotalDifference"":""-58420""}"
2026-09-08,TPEX,6733,博晟生醫,0,0,0,0,0,0,7,0,7,"{""Date"":""1150908"",""SecuritiesCompanyCode"":""6733"",""CompanyName"":""博晟生醫"",""Foreign Investors include Mainland Area Investors (Foreign Dealers excluded)-Total Buy"":""16000"","" Foreign Investors include Mainland Area Investors (Foreign Dealers excluded)-Total Sell"":""9000"",""Foreign Investors include Mainland Area Investors (Foreign Dealers excluded)-Difference"":""7000"",""Foreign Dealers-Total Buy"":""0"",""Foreign Dealers-TotalSell"":""0"",""ForeignDealers-Difference"":""0"",""ForeignInvestorsIncludeMainlandAreaInvestors-TotalBuy"":""16000"",""ForeignInvestorsIncludeMainlandAreaInvestors-TotalSell"":""9000"",""ForeignInvestorsInclude MainlandAreaInvestors-Difference"":""7000"",""SecuritiesInvestmentTrustCompanies-TotalBuy"":""0"",""SecuritiesInvestmentTrustCompanies-TotalSell"":""0"",""SecuritiesInvestmentTrustCompanies-Difference"":""0"",""Dealers-TotalBuy"":""7"",""Dealers-TotalSell"":""0"",""Dealers-Difference"":""7"",""Dealers -TotalSell"":""0"",""TotalDifference"":""7007""}"
2026-09-08,TPEX,6735,美達科技,0,0,0,0,0,0,0,286,-286,"{""Date"":""1150908"",""SecuritiesCompanyCode"":""6735"",""CompanyName"":""美達科技"",""Foreign Investors include Mainland Area Investors (Foreign Dealers excluded)-Total Buy"":""22000"","" Foreign Investors include Mainland Area Investors (Foreign Dealers excluded)-Total Sell"":""12000"",""Foreign Investors include Mainland Area Investors (Foreign Dealers excluded)-Difference"":""10000"",""Foreign Dealers-Total Buy"":""0"",""Foreign Dealers-TotalSell"":""0"",""ForeignDealers-Difference"":""0"",""ForeignInvestorsIncludeMainlandAreaInvestors-TotalBuy"":""22000"",""ForeignInvestorsIncludeMainlandAreaInvestors-TotalSell"":""12000"",""ForeignInvestorsInclude MainlandAreaInvestors-Difference"":""10000"",""SecuritiesInvestmentTrustCompanies-TotalBuy"":""0"",""SecuritiesInvestmentTrustCompanies-TotalSell"":""0"",""SecuritiesInvestmentTrustCompanies-Difference"":""0"",""Dealers-TotalBuy"":""0"",""Dealers-TotalSell"":""286"",""Dealers-Difference"":""-286"",""Dealers -TotalSell"":""286"",""TotalDifference"":""9714""}"
2026-09-08,TPEX,6739,竹陞科技,0,0,0,0,0,0,18664,2450,16214,"{""Date"":""1150908"",""SecuritiesCompanyCode"":""6739"",""CompanyName"":""竹陞科技"",""Foreign Investors include Mainland Area Investors (Foreign Dealers excluded)-Total Buy"":""54028"","" Foreign Investors include Mainland Area Investors (Foreign Dealers excluded)-Total Sell"":""41000"",""Foreign Investors include Mainland Area Investors (Foreign Dealers excluded)-Difference"":""13028"",""Foreign Dealers-Total Buy"":""0"",""Foreign Dealers-TotalSell"":""0"",""ForeignDealers-Difference"":""0"",""ForeignInvestorsIncludeMainlandAreaInvestors-TotalBuy"":""54028"",""ForeignInvestorsIncludeMainlandAreaInvestors-TotalSell"":""41000"",""ForeignInvestorsInclude MainlandAreaInvestors-Difference"":""13028"",""SecuritiesInvestmentTrustCompanies-TotalBuy"":""0"",""SecuritiesInvestmentTrustCompanies-TotalSell"":""0"",""SecuritiesInvestmentTrustCompanies-Difference"":""0"",""Dealers-TotalBuy"":""18664"",""Dealers-TotalSell"":""2450"",""Dealers-Difference"":""16214"",""Dealers -TotalSell"":""2450"",""TotalDifference"":""29242""}"
2026-09-08,TPEX,6741,91APP*-KY,0,0,0,0,0,0,0,167,-167,"{""Date"":""1150908"",""SecuritiesCompanyCode"":""6741"",""CompanyName"":""91APP*-KY"",""Foreign Investors include Mainland Area Investors (Foreign Dealers excluded)-Total Buy"":""10000"","" Foreign Investors include Mainland Area Investors (Foreign Dealers excluded)-Total Sell"":""94000"",""Foreign Investors include Mainland Area Investors (Foreign Dealers excluded)-Difference"":""-84000"",""Foreign Dealers-Total Buy"":""0"",""Foreign Dealers-TotalSell"":""0"",""ForeignDealers-Difference"":""0"",""ForeignInvestorsIncludeMainlandAreaInvestors-TotalBuy"":""10000"",""ForeignInvestorsIncludeMainlandAreaInvestors-TotalSell"":""94000"",""ForeignInvestorsInclude MainlandAreaInvestors-Difference"":""-84000"",""SecuritiesInvestmentTrustCompanies-TotalBuy"":""0"",""SecuritiesInvestmentTrustCompanies-TotalSell"":""0"",""SecuritiesInvestmentTrustCompanies-Difference"":""0"",""Dealers-TotalBuy"":""0"",""Dealers-TotalSell"":""167"",""Dealers-Difference"":""-167"",""Dealers -TotalSell"":""167"",""TotalDifference"":""-84167""}"
2026-09-08,TPEX,6751,智聯服務,0,0,0,0,0,0,0,0,0,"{""Date"":""1150908"",""SecuritiesCompanyCode"":""6751"",""CompanyName"":""智聯服務"",""Foreign Investors include Mainland Area Investors (Foreign Dealers excluded)-Total Buy"":""0"","" Foreign Investors include Mainland Area Investors (Foreign Dealers excluded)-Total Sell"":""3000"",""Foreign Investors include Mainland Area Investors (Foreign Dealers excluded)-Difference"":""-3000"",""Foreign Dealers-Total Buy"":""0"",""Foreign Dealers-TotalSell"":""0"",""ForeignDealers-Difference"":""0"",""ForeignInvestorsIncludeMainlandAreaInvestors-TotalBuy"":""0"",""ForeignInvestorsIncludeMainlandAreaInvestors-TotalSell"":""3000"",""ForeignInvestorsInclude MainlandAreaInvestors-Difference"":""-3000"",""SecuritiesInvestmentTrustCompanies-TotalBuy"":""0"",""SecuritiesInvestmentTrustCompanies-TotalSell"":""0"",""SecuritiesInvestmentTrustCompanies-Difference"":""0"",""Dealers-TotalBuy"":""0"",""Dealers-TotalSell"":""0"",""Dealers-Difference"":""0"",""Dealers -TotalSell"":""0"",""TotalDifference"":""-3000""}"
2026-09-08,TPEX,6752,叡揚,0,0,0,0,0,0,1000,2020,-1020,"{""Date"":""1150908"",""SecuritiesCompanyCode"":""6752"",""CompanyName"":""叡揚"",""Foreign Investors include Mainland Area Investors (Foreign Dealers excluded)-Total Buy"":""1000"","" Foreign Investors include Mainland Area Investors (Foreign Dealers excluded)-Total Sell"":""1000"",""Foreign Investors include Mainland Area Investors (Foreign Dealers excluded)-Difference"":""0"",""Foreign Dealers-Total Buy"":""0"",""Foreign Dealers-TotalSell"":""0"",""ForeignDealers-Difference"":""0"",""ForeignInvestorsIncludeMainlandAreaInvestors-TotalBuy"":""1000"",""ForeignInvestorsIncludeMainlandAreaInvestors-TotalSell"":""1000"",""ForeignInvestorsInclude MainlandAreaInvestors-Difference"":""0"",""SecuritiesInvestmentTrustCompanies-TotalBuy"":""0"",""SecuritiesInvestmentTrustCompanies-TotalSell"":""0"",""SecuritiesInvestmentTrustCompanies-Difference"":""0"",""Dealers-TotalBuy"":""1000"",""Dealers-TotalSell"":""2020"",""Dealers-Difference"":""-1020"",""Dealers -TotalSell"":""2020"",""TotalDifference"":""-1020""}"
2026-09-08,TPEX,6761,穩得,0,0,0,0,0,0,2000,9324,-7324,"{""Date"":""1150908"",""SecuritiesCompanyCode"":""6761"",""CompanyName"":""穩得"",""Foreign Investors include Mainland Area Investors (Foreign Dealers excluded)-Total Buy"":""41000"","" Foreign Investors include Mainland Area Investors (Foreign Dealers excluded)-Total Sell"":""50000"",""Foreign Investors include Mainland Area Investors (Foreign Dealers excluded)-Difference"":""-9000"",""Foreign Dealers-Total Buy"":""0"",""Foreign Dealers-TotalSell"":""0"",""ForeignDealers-Difference"":""0"",""ForeignInvestorsIncludeMainlandAreaInvestors-TotalBuy"":""41000"",""ForeignInvestorsIncludeMainlandAreaInvestors-TotalSell"":""50000"",""ForeignInvestorsInclude MainlandAreaInvestors-Difference"":""-9000"",""SecuritiesInvestmentTrustCompanies-TotalBuy"":""0"",""SecuritiesInvestmentTrustCompanies-TotalSell"":""0"",""SecuritiesInvestmentTrustCompanies-Difference"":""0"",""Dealers-TotalBuy"":""2000"",""Dealers-TotalSell"":""9324"",""Dealers-Difference"":""-7324"",""Dealers -TotalSell"":""9324"",""TotalDifference"":""-16324""}"
2026-09-08,TPEX,6763,綠界科技*,0,0,0,0,0,0,0,546,-546,"{""Date"":""1150908"",""SecuritiesCompanyCode"":""6763"",""CompanyName"":""綠界科技*"",""Foreign Investors include Mainland Area Investors (Foreign Dealers excluded)-Total Buy"":""55000"","" Foreign Investors include Mainland Area Investors (Foreign Dealers excluded)-Total Sell"":""17000"",""Foreign Investors include Mainland Area Investors (Foreign Dealers excluded)-Difference"":""38000"",""Foreign Dealers-Total Buy"":""0"",""Foreign Dealers-TotalSell"":""0"",""ForeignDealers-Difference"":""0"",""ForeignInvestorsIncludeMainlandAreaInvestors-TotalBuy"":""55000"",""ForeignInvestorsIncludeMainlandAreaInvestors-TotalSell"":""17000"",""ForeignInvestorsInclude MainlandAreaInvestors-Difference"":""38000"",""SecuritiesInvestmentTrustCompanies-TotalBuy"":""0"",""SecuritiesInvestmentTrustCompanies-TotalSell"":""0"",""SecuritiesInvestmentTrustCompanies-Difference"":""0"",""Dealers-TotalBuy"":""0"",""Dealers-TotalSell"":""546"",""Dealers-Difference"":""-546"",""Dealers -TotalSell"":""546"",""TotalDifference"":""37454""}"
2026-09-08,TPEX,6767,台微醫,0,0,0,0,0,0,0,0,0,"{""Date"":""1150908"",""SecuritiesCompanyCode"":""6767"",""CompanyName"":""台微醫"",""Foreign Investors include Mainland Area Investors (Foreign Dealers excluded)-Total Buy"":""0"","" Foreign Investors include Mainland Area Investors (Foreign Dealers excluded)-Total Sell"":""2000"",""Foreign Investors include Mainland Area Investors (Foreign Dealers excluded)-Difference"":""-2000"",""Foreign Dealers-Total Buy"":""0"",""Foreign Dealers-TotalSell"":""0"",""ForeignDealers-Difference"":""0"",""ForeignInvestorsIncludeMainlandAreaInvestors-TotalBuy"":""0"",""ForeignInvestorsIncludeMainlandAreaInvestors-TotalSell"":""2000"",""ForeignInvestorsInclude MainlandAreaInvestors-Difference"":""-2000"",""SecuritiesInvestmentTrustCompanies-TotalBuy"":""0"",""SecuritiesInvestmentTrustCompanies-TotalSell"":""0"",""SecuritiesInvestmentTrustCompanies-Difference"":""0"",""Dealers-TotalBuy"":""0"",""Dealers-TotalSell"":""0"",""Dealers-Difference"":""0"",""Dealers -TotalSell"":""0"",""TotalDifference"":""-2000""}"
2026-09-08,TPEX,6785,昱展新藥,0,0,0,0,0,0,46,382,-336,"{""Date"":""1150908"",""SecuritiesCompanyCode"":""6785"",""CompanyName"":""昱展新藥"",""Foreign Investors include Mainland Area Investors (Foreign Dealers excluded)-Total Buy"":""22000"","" Foreign Investors include Mainland Area Investors (Foreign Dealers excluded)-Total Sell"":""12000"",""Foreign Investors include Mainland Area Investors (Foreign Dealers excluded)-Difference"":""10000"",""Foreign Dealers-Total Buy"":""0"",""Foreign Dealers-TotalSell"":""0"",""ForeignDealers-Difference"":""0"",""ForeignInvestorsIncludeMainlandAreaInvestors-TotalBuy"":""22000"",""ForeignInvestorsIncludeMainlandAreaInvestors-TotalSell"":""12000"",""ForeignInvestorsInclude MainlandAreaInvestors-Difference"":""10000"",""SecuritiesInvestmentTrustCompanies-TotalBuy"":""0"",""SecuritiesInvestmentTrustCompanies-TotalSell"":""0"",""SecuritiesInvestmentTrustCompanies-Difference"":""0"",""Dealers-TotalBuy"":""46"",""Dealers-TotalSell"":""382"",""Dealers-Difference"":""-336"",""Dealers -TotalSell"":""382"",""TotalDifference"":""9664""}"
2026-09-08,TPEX,6788,華景電,0,0,0,0,0,0,7113,12640,-5527,"{""Date"":""1150908"",""SecuritiesCompanyCode"":""6788"",""CompanyName"":""華景電"",""Foreign Investors include Mainland Area Investors (Foreign Dealers excluded)-Total Buy"":""36000"","" Foreign Investors include Mainland Area Investors (Foreign Dealers excluded)-Total Sell"":""79000"",""Foreign Investors include Mainland Area Investors (Foreign Dealers excluded)-Difference"":""-43000"",""Foreign Dealers-Total Buy"":""0"",""Foreign Dealers-TotalSell"":""0"",""ForeignDealers-Difference"":""0"",""ForeignInvestorsIncludeMainlandAreaInvestors-TotalBuy"":""36000"",""ForeignInvestorsIncludeMainlandAreaInvestors-TotalSell"":""79000"",""ForeignInvestorsInclude MainlandAreaInvestors-Difference"":""-43000"",""SecuritiesInvestmentTrustCompanies-TotalBuy"":""0"",""SecuritiesInvestmentTrustCompanies-TotalSell"":""0"",""SecuritiesInvestmentTrustCompanies-Difference"":""0"",""Dealers-TotalBuy"":""7113"",""Dealers-TotalSell"":""12640"",""Dealers-Difference"":""-5527"",""Dealers -TotalSell"":""12640"",""TotalDifference"":""-48527""}"
2026-09-08,TPEX,6791,虎門科技,0,0,0,0,0,0,0,345,-345,"{""Date"":""1150908"",""SecuritiesCompanyCode"":""6791"",""CompanyName"":""虎門科技"",""Foreign Investors include Mainland Area Investors (Foreign Dealers excluded)-Total Buy"":""1000"","" Foreign Investors include Mainland Area Investors (Foreign Dealers excluded)-Total Sell"":""2000"",""Foreign Investors include Mainland Area Investors (Foreign Dealers excluded)-Difference"":""-1000"",""Foreign Dealers-Total Buy"":""0"",""Foreign Dealers-TotalSell"":""0"",""ForeignDealers-Difference"":""0"",""ForeignInvestorsIncludeMainlandAreaInvestors-TotalBuy"":""1000"",""ForeignInvestorsIncludeMainlandAreaInvestors-TotalSell"":""2000"",""ForeignInvestorsInclude MainlandAreaInvestors-Difference"":""-1000"",""SecuritiesInvestmentTrustCompanies-TotalBuy"":""0"",""SecuritiesInvestmentTrustCompanies-TotalSell"":""0"",""SecuritiesInvestmentTrustCompanies-Difference"":""0"",""Dealers-TotalBuy"":""0"",""Dealers-TotalSell"":""345"",""Dealers-Difference"":""-345"",""Dealers -TotalSell"":""345"",""TotalDifference"":""-1345""}"
2026-09-08,TPEX,6803,崑鼎,0,0,0,0,0,0,0,0,0,"{""Date"":""1150908"",""SecuritiesCompanyCode"":""6803"",""CompanyName"":""崑鼎"",""Foreign Investors include Mainland Area Investors (Foreign Dealers excluded)-Total Buy"":""28000"","" Foreign Investors include Mainland Area Investors (Foreign Dealers excluded)-Total Sell"":""5000"",""Foreign Investors include Mainland Area Investors (Foreign Dealers excluded)-Difference"":""23000"",""Foreign Dealers-Total Buy"":""0"",""Foreign Dealers-TotalSell"":""0"",""ForeignDealers-Difference"":""0"",""ForeignInvestorsIncludeMainlandAreaInvestors-TotalBuy"":""28000"",""ForeignInvestorsIncludeMainlandAreaInvestors-TotalSell"":""5000"",""ForeignInvestorsInclude MainlandAreaInvestors-Difference"":""23000"",""SecuritiesInvestmentTrustCompanies-TotalBuy"":""0"",""SecuritiesInvestmentTrustCompanies-TotalSell"":""0"",""SecuritiesInvestmentTrustCompanies-Difference"":""0"",""Dealers-TotalBuy"":""0"",""Dealers-TotalSell"":""0"",""Dealers-Difference"":""0"",""Dealers -TotalSell"":""0"",""TotalDifference"":""23000""}"
2026-09-08,TPEX,6804,明係,0,0,0,0,0,0,0,0,0,"{""Date"":""1150908"",""SecuritiesCompanyCode"":""6804"",""CompanyName"":""明係"",""Foreign Investors include Mainland Area Investors (Foreign Dealers excluded)-Total Buy"":""0"","" Foreign Investors include Mainland Area Investors (Foreign Dealers excluded)-Total Sell"":""24000"",""Foreign Investors include Mainland Area Investors (Foreign Dealers excluded)-Difference"":""-24000"",""Foreign Dealers-Total Buy"":""0"",""Foreign Dealers-TotalSell"":""0"",""ForeignDealers-Difference"":""0"",""ForeignInvestorsIncludeMainlandAreaInvestors-TotalBuy"":""0"",""ForeignInvestorsIncludeMainlandAreaInvestors-TotalSell"":""24000"",""ForeignInvestorsInclude MainlandAreaInvestors-Difference"":""-24000"",""SecuritiesInvestmentTrustCompanies-TotalBuy"":""0"",""SecuritiesInvestmentTrustCompanies-TotalSell"":""0"",""SecuritiesInvestmentTrustCompanies-Difference"":""0"",""Dealers-TotalBuy"":""0"",""Dealers-TotalSell"":""0"",""Dealers-Difference"":""0"",""Dealers -TotalSell"":""0"",""TotalDifference"":""-24000""}"
2026-09-08,TPEX,6811,宏碁資訊,0,0,0,0,0,0,1001,684,317,"{""Date"":""1150908"",""SecuritiesCompanyCode"":""6811"",""CompanyName"":""宏碁資訊"",""Foreign Investors include Mainland Area Investors (Foreign Dealers excluded)-Total Buy"":""11000"","" Foreign Investors include Mainland Area Investors (Foreign Dealers excluded)-Total Sell"":""35118"",""Foreign Investors include Mainland Area Investors (Foreign Dealers excluded)-Difference"":""-24118"",""Foreign Dealers-Total Buy"":""0"",""Foreign Dealers-TotalSell"":""0"",""ForeignDealers-Difference"":""0"",""ForeignInvestorsIncludeMainlandAreaInvestors-TotalBuy"":""11000"",""ForeignInvestorsIncludeMainlandAreaInvestors-TotalSell"":""35118"",""ForeignInvestorsInclude MainlandAreaInvestors-Difference"":""-24118"",""SecuritiesInvestmentTrustCompanies-TotalBuy"":""0"",""SecuritiesInvestmentTrustCompanies-TotalSell"":""0"",""SecuritiesInvestmentTrustCompanies-Difference"":""0"",""Dealers-TotalBuy"":""1001"",""Dealers-TotalSell"":""684"",""Dealers-Difference"":""317"",""Dealers -TotalSell"":""684"",""TotalDifference"":""-23801""}"
2026-09-08,TPEX,6821,聯寶,0,0,0,0,0,0,2000,1189,811,"{""Date"":""1150908"",""SecuritiesCompanyCode"":""6821"",""CompanyName"":""聯寶"",""Foreign Investors include Mainland Area Investors (Foreign Dealers excluded)-Total Buy"":""6000"","" Foreign Investors include Mainland Area Investors (Foreign Dealers excluded)-Total Sell"":""49000"",""Foreign Investors include Mainland Area Investors (Foreign Dealers excluded)-Difference"":""-43000"",""Foreign Dealers-Total Buy"":""0"",""Foreign Dealers-TotalSell"":""0"",""ForeignDealers-Difference"":""0"",""ForeignInvestorsIncludeMainlandAreaInvestors-TotalBuy"":""6000"",""ForeignInvestorsIncludeMainlandAreaInvestors-TotalSell"":""49000"",""ForeignInvestorsInclude MainlandAreaInvestors-Difference"":""-43000"",""SecuritiesInvestmentTrustCompanies-TotalBuy"":""0"",""SecuritiesInvestmentTrustCompanies-TotalSell"":""0"",""SecuritiesInvestmentTrustCompanies-Difference"":""0"",""Dealers-TotalBuy"":""2000"",""Dealers-TotalSell"":""1189"",""Dealers-Difference"":""811"",""Dealers -TotalSell"":""1189"",""TotalDifference"":""-42189""}"
2026-09-08,TPEX,6823,濾能,0,0,0,0,0,0,1000,1175,-175,"{""Date"":""1150908"",""SecuritiesCompanyCode"":""6823"",""CompanyName"":""濾能"",""Foreign Investors include Mainland Area Investors (Foreign Dealers excluded)-Total Buy"":""5000"","" Foreign Investors include Mainland Area Investors (Foreign Dealers excluded)-Total Sell"":""3000"",""Foreign Investors include Mainland Area Investors (Foreign Dealers excluded)-Difference"":""2000"",""Foreign Dealers-Total Buy"":""0"",""Foreign Dealers-TotalSell"":""0"",""ForeignDealers-Difference"":""0"",""ForeignInvestorsIncludeMainlandAreaInvestors-TotalBuy"":""5000"",""ForeignInvestorsIncludeMainlandAreaInvestors-TotalSell"":""3000"",""ForeignInvestorsInclude MainlandAreaInvestors-Difference"":""2000"",""SecuritiesInvestmentTrustCompanies-TotalBuy"":""0"",""SecuritiesInvestmentTrustCompanies-TotalSell"":""0"",""SecuritiesInvestmentTrustCompanies-Difference"":""0"",""Dealers-TotalBuy"":""1000"",""Dealers-TotalSell"":""1175"",""Dealers-Difference"":""-175"",""Dealers -TotalSell"":""1175"",""TotalDifference"":""1825""}"
2026-09-08,TPEX,6829,千附精密,0,0,0,0,0,0,8890,42786,-33896,"{""Date"":""1150908"",""SecuritiesCompanyCode"":""6829"",""CompanyName"":""千附精密"",""Foreign Investors include Mainland Area Investors (Foreign Dealers excluded)-Total Buy"":""158427"","" Foreign Investors include Mainland Area Investors (Foreign Dealers excluded)-Total Sell"":""366182"",""Foreign Investors include Mainland Area Investors (Foreign Dealers excluded)-Difference"":""-207755"",""Foreign Dealers-Total Buy"":""0"",""Foreign Dealers-TotalSell"":""0"",""ForeignDealers-Difference"":""0"",""ForeignInvestorsIncludeMainlandAreaInvestors-TotalBuy"":""158427"",""ForeignInvestorsIncludeMainlandAreaInvestors-TotalSell"":""366182"",""ForeignInvestorsInclude MainlandAreaInvestors-Difference"":""-207755"",""SecuritiesInvestmentTrustCompanies-TotalBuy"":""0"",""SecuritiesInvestmentTrustCompanies-TotalSell"":""0"",""SecuritiesInvestmentTrustCompanies-Difference"":""0"",""Dealers-TotalBuy"":""8890"",""Dealers-TotalSell"":""42786"",""Dealers-Difference"":""-33896"",""Dealers -TotalSell"":""42786"",""TotalDifference"":""-241651""}"
2026-09-08,TPEX,6840,東研信超,0,0,0,0,0,0,7000,8000,-1000,"{""Date"":""1150908"",""SecuritiesCompanyCode"":""6840"",""CompanyName"":""東研信超"",""Foreign Investors include Mainland Area Investors (Foreign Dealers excluded)-Total Buy"":""158000"","" Foreign Investors include Mainland Area Investors (Foreign Dealers excluded)-Total Sell"":""137380"",""Foreign Investors include Mainland Area Investors (Foreign Dealers excluded)-Difference"":""20620"",""Foreign Dealers-Total Buy"":""0"",""Foreign Dealers-TotalSell"":""0"",""ForeignDealers-Difference"":""0"",""ForeignInvestorsIncludeMainlandAreaInvestors-TotalBuy"":""158000"",""ForeignInvestorsIncludeMainlandAreaInvestors-TotalSell"":""137380"",""ForeignInvestorsInclude MainlandAreaInvestors-Difference"":""20620"",""SecuritiesInvestmentTrustCompanies-TotalBuy"":""0"",""SecuritiesInvestmentTrustCompanies-TotalSell"":""0"",""SecuritiesInvestmentTrustCompanies-Difference"":""0"",""Dealers-TotalBuy"":""7000"",""Dealers-TotalSell"":""8000"",""Dealers-Difference"":""-1000"",""Dealers -TotalSell"":""3000"",""TotalDifference"":""19620""}"
2026-09-08,TPEX,6841,長佳智能,0,0,0,0,0,0,1000,3263,-2263,"{""Date"":""1150908"",""SecuritiesCompanyCode"":""6841"",""CompanyName"":""長佳智能"",""Foreign Investors include Mainland Area Investors (Foreign Dealers excluded)-Total Buy"":""30000"","" Foreign Investors include Mainland Area Investors (Foreign Dealers excluded)-Total Sell"":""6000"",""Foreign Investors include Mainland Area Investors (Foreign Dealers excluded)-Difference"":""24000"",""Foreign Dealers-Total Buy"":""0"",""Foreign Dealers-TotalSell"":""0"",""ForeignDealers-Difference"":""0"",""ForeignInvestorsIncludeMainlandAreaInvestors-TotalBuy"":""30000"",""ForeignInvestorsIncludeMainlandAreaInvestors-TotalSell"":""6000"",""ForeignInvestorsInclude MainlandAreaInvestors-Difference"":""24000"",""SecuritiesInvestmentTrustCompanies-TotalBuy"":""0"",""SecuritiesInvestmentTrustCompanies-TotalSell"":""0"",""SecuritiesInvestmentTrustCompanies-Difference"":""0"",""Dealers-TotalBuy"":""1000"",""Dealers-TotalSell"":""3263"",""Dealers-Difference"":""-2263"",""Dealers -TotalSell"":""3263"",""TotalDifference"":""21737""}"
2026-09-08,TPEX,6855,數泓科,0,0,0,0,0,0,0,0,0,"{""Date"":""1150908"",""SecuritiesCompanyCode"":""6855"",""CompanyName"":""數泓科"",""Foreign Investors include Mainland Area Investors (Foreign Dealers excluded)-Total Buy"":""0"","" Foreign Investors include Mainland Area Investors (Foreign Dealers excluded)-Total Sell"":""2000"",""Foreign Investors include Mainland Area Investors (Foreign Dealers excluded)-Difference"":""-2000"",""Foreign Dealers-Total Buy"":""0"",""Foreign Dealers-TotalSell"":""0"",""ForeignDealers-Difference"":""0"",""ForeignInvestorsIncludeMainlandAreaInvestors-TotalBuy"":""0"",""ForeignInvestorsIncludeMainlandAreaInvestors-TotalSell"":""2000"",""ForeignInvestorsInclude MainlandAreaInvestors-Difference"":""-2000"",""SecuritiesInvestmentTrustCompanies-TotalBuy"":""0"",""SecuritiesInvestmentTrustCompanies-TotalSell"":""0"",""SecuritiesInvestmentTrustCompanies-Difference"":""0"",""Dealers-TotalBuy"":""0"",""Dealers-TotalSell"":""0"",""Dealers-Difference"":""0"",""Dealers -TotalSell"":""0"",""TotalDifference"":""-2000""}"
2026-09-08,TPEX,6859,伯特光,0,0,0,0,0,0,0,1000,-1000,"{""Date"":""1150908"",""SecuritiesCompanyCode"":""6859"",""CompanyName"":""伯特光"",""Foreign Investors include Mainland Area Investors (Foreign Dealers excluded)-Total Buy"":""1381"","" Foreign Investors include Mainland Area Investors (Foreign Dealers excluded)-Total Sell"":""2000"",""Foreign Investors include Mainland Area Investors (Foreign Dealers excluded)-Difference"":""-619"",""Foreign Dealers-Total Buy"":""0"",""Foreign Dealers-TotalSell"":""0"",""ForeignDealers-Difference"":""0"",""ForeignInvestorsIncludeMainlandAreaInvestors-TotalBuy"":""1381"",""ForeignInvestorsIncludeMainlandAreaInvestors-TotalSell"":""2000"",""ForeignInvestorsInclude MainlandAreaInvestors-Difference"":""-619"",""SecuritiesInvestmentTrustCompanies-TotalBuy"":""0"",""SecuritiesInvestmentTrustCompanies-TotalSell"":""0"",""SecuritiesInvestmentTrustCompanies-Difference"":""0"",""Dealers-TotalBuy"":""0"",""Dealers-TotalSell"":""1000"",""Dealers-Difference"":""-1000"",""Dealers -TotalSell"":""1000"",""TotalDifference"":""-1619""}"
2026-09-08,TPEX,6870,騰雲,0,0,0,0,0,0,63,859,-796,"{""Date"":""1150908"",""SecuritiesCompanyCode"":""6870"",""CompanyName"":""騰雲"",""Foreign Investors include Mainland Area Investors (Foreign Dealers excluded)-Total Buy"":""4000"","" Foreign Investors include Mainland Area Investors (Foreign Dealers excluded)-Total Sell"":""20000"",""Foreign Investors include Mainland Area Investors (Foreign Dealers excluded)-Difference"":""-16000"",""Foreign Dealers-Total Buy"":""0"",""Foreign Dealers-TotalSell"":""0"",""ForeignDealers-Difference"":""0"",""ForeignInvestorsIncludeMainlandAreaInvestors-TotalBuy"":""4000"",""ForeignInvestorsIncludeMainlandAreaInvestors-TotalSell"":""20000"",""ForeignInvestorsInclude MainlandAreaInvestors-Difference"":""-16000"",""SecuritiesInvestmentTrustCompanies-TotalBuy"":""0"",""SecuritiesInvestmentTrustCompanies-TotalSell"":""0"",""SecuritiesInvestmentTrustCompanies-Difference"":""0"",""Dealers-TotalBuy"":""63"",""Dealers-TotalSell"":""859"",""Dealers-Difference"":""-796"",""Dealers -TotalSell"":""859"",""TotalDifference"":""-16796""}"
2026-09-08,TPEX,6872,浩宇生醫,0,0,0,0,0,0,2441,0,2441,"{""Date"":""1150908"",""SecuritiesCompanyCode"":""6872"",""CompanyName"":""浩宇生醫"",""Foreign Investors include Mainland Area Investors (Foreign Dealers excluded)-Total Buy"":""0"","" Foreign Investors include Mainland Area Investors (Foreign Dealers excluded)-Total Sell"":""0"",""Foreign Investors include Mainland Area Investors (Foreign Dealers excluded)-Difference"":""0"",""Foreign Dealers-Total Buy"":""0"",""Foreign Dealers-TotalSell"":""0"",""ForeignDealers-Difference"":""0"",""ForeignInvestorsIncludeMainlandAreaInvestors-TotalBuy"":""0"",""ForeignInvestorsIncludeMainlandAreaInvestors-TotalSell"":""0"",""ForeignInvestorsInclude MainlandAreaInvestors-Difference"":""0"",""SecuritiesInvestmentTrustCompanies-TotalBuy"":""0"",""SecuritiesInvestmentTrustCompanies-TotalSell"":""0"",""SecuritiesInvestmentTrustCompanies-Difference"":""0"",""Dealers-TotalBuy"":""2441"",""Dealers-TotalSell"":""0"",""Dealers-Difference"":""2441"",""Dealers -TotalSell"":""0"",""TotalDifference"":""2441""}"
2026-09-08,TPEX,6874,倍力,0,0,0,0,0,0,0,0,0,"{""Date"":""1150908"",""SecuritiesCompanyCode"":""6874"",""CompanyName"":""倍力"",""Foreign Investors include Mainland Area Investors (Foreign Dealers excluded)-Total Buy"":""1000"","" Foreign Investors include Mainland Area Investors (Foreign Dealers excluded)-Total Sell"":""5000"",""Foreign Investors include Mainland Area Investors (Foreign Dealers excluded)-Difference"":""-4000"",""Foreign Dealers-Total Buy"":""0"",""Foreign Dealers-TotalSell"":""0"",""ForeignDealers-Difference"":""0"",""ForeignInvestorsIncludeMainlandAreaInvestors-TotalBuy"":""1000"",""ForeignInvestorsIncludeMainlandAreaInvestors-TotalSell"":""5000"",""ForeignInvestorsInclude MainlandAreaInvestors-Difference"":""-4000"",""SecuritiesInvestmentTrustCompanies-TotalBuy"":""0"",""SecuritiesInvestmentTrustCompanies-TotalSell"":""0"",""SecuritiesInvestmentTrustCompanies-Difference"":""0"",""Dealers-TotalBuy"":""0"",""Dealers-TotalSell"":""0"",""Dealers-Difference"":""0"",""Dealers -TotalSell"":""0"",""TotalDifference"":""-4000""}"
2026-09-08,TPEX,6875,國邑*,0,0,0,0,0,0,1000,730,270,"{""Date"":""1150908"",""SecuritiesCompanyCode"":""6875"",""CompanyName"":""國邑*"",""Foreign Investors include Mainland Area Investors (Foreign Dealers excluded)-Total Buy"":""7000"","" Foreign Investors include Mainland Area Investors (Foreign Dealers excluded)-Total Sell"":""7000"",""Foreign Investors include Mainland Area Investors (Foreign Dealers excluded)-Difference"":""0"",""Foreign Dealers-Total Buy"":""0"",""Foreign Dealers-TotalSell"":""0"",""ForeignDealers-Difference"":""0"",""ForeignInvestorsIncludeMainlandAreaInvestors-TotalBuy"":""7000"",""ForeignInvestorsIncludeMainlandAreaInvestors-TotalSell"":""7000"",""ForeignInvestorsInclude MainlandAreaInvestors-Difference"":""0"",""SecuritiesInvestmentTrustCompanies-TotalBuy"":""0"",""SecuritiesInvestmentTrustCompanies-TotalSell"":""0"",""SecuritiesInvestmentTrustCompanies-Difference"":""0"",""Dealers-TotalBuy"":""1000"",""Dealers-TotalSell"":""730"",""Dealers-Difference"":""270"",""Dealers -TotalSell"":""730"",""TotalDifference"":""270""}"
2026-09-08,TPEX,6877,鏵友益,0,0,0,0,0,0,250,2009,-1759,"{""Date"":""1150908"",""SecuritiesCompanyCode"":""6877"",""CompanyName"":""鏵友益"",""Foreign Investors include Mainland Area Investors (Foreign Dealers excluded)-Total Buy"":""29190"","" Foreign Investors include Mainland Area Investors (Foreign Dealers excluded)-Total Sell"":""113000"",""Foreign Investors include Mainland Area Investors (Foreign Dealers excluded)-Difference"":""-83810"",""Foreign Dealers-Total Buy"":""0"",""Foreign Dealers-TotalSell"":""0"",""ForeignDealers-Difference"":""0"",""ForeignInvestorsIncludeMainlandAreaInvestors-TotalBuy"":""29190"",""ForeignInvestorsIncludeMainlandAreaInvestors-TotalSell"":""113000"",""ForeignInvestorsInclude MainlandAreaInvestors-Difference"":""-83810"",""SecuritiesInvestmentTrustCompanies-TotalBuy"":""0"",""SecuritiesInvestmentTrustCompanies-TotalSell"":""0"",""SecuritiesInvestmentTrustCompanies-Difference"":""0"",""Dealers-TotalBuy"":""250"",""Dealers-TotalSell"":""2009"",""Dealers-Difference"":""-1759"",""Dealers -TotalSell"":""2009"",""TotalDifference"":""-85569""}"
2026-09-08,TPEX,6894,衛司特,0,0,0,0,0,0,0,1571,-1571,"{""Date"":""1150908"",""SecuritiesCompanyCode"":""6894"",""CompanyName"":""衛司特"",""Foreign Investors include Mainland Area Investors (Foreign Dealers excluded)-Total Buy"":""12000"","" Foreign Investors include Mainland Area Investors (Foreign Dealers excluded)-Total Sell"":""19000"",""Foreign Investors include Mainland Area Investors (Foreign Dealers excluded)-Difference"":""-7000"",""Foreign Dealers-Total Buy"":""0"",""Foreign Dealers-TotalSell"":""0"",""ForeignDealers-Difference"":""0"",""ForeignInvestorsIncludeMainlandAreaInvestors-TotalBuy"":""12000"",""ForeignInvestorsIncludeMainlandAreaInvestors-TotalSell"":""19000"",""ForeignInvestorsInclude MainlandAreaInvestors-Difference"":""-7000"",""SecuritiesInvestmentTrustCompanies-TotalBuy"":""0"",""SecuritiesInvestmentTrustCompanies-TotalSell"":""0"",""SecuritiesInvestmentTrustCompanies-Difference"":""0"",""Dealers-TotalBuy"":""0"",""Dealers-TotalSell"":""1571"",""Dealers-Difference"":""-1571"",""Dealers -TotalSell"":""1571"",""TotalDifference"":""-8571""}"
2026-09-08,TPEX,6895,宏碩系統,0,0,0,0,0,0,0,350,-350,"{""Date"":""1150908"",""SecuritiesCompanyCode"":""6895"",""CompanyName"":""宏碩系統"",""Foreign Investors include Mainland Area Investors (Foreign Dealers excluded)-Total Buy"":""5000"","" Foreign Investors include Mainland Area Investors (Foreign Dealers excluded)-Total Sell"":""16050"",""Foreign Investors include Mainland Area Investors (Foreign Dealers excluded)-Difference"":""-11050"",""Foreign Dealers-Total Buy"":""0"",""Foreign Dealers-TotalSell"":""0"",""ForeignDealers-Difference"":""0"",""ForeignInvestorsIncludeMainlandAreaInvestors-TotalBuy"":""5000"",""ForeignInvestorsIncludeMainlandAreaInvestors-TotalSell"":""16050"",""ForeignInvestorsInclude MainlandAreaInvestors-Difference"":""-11050"",""SecuritiesInvestmentTrustCompanies-TotalBuy"":""0"",""SecuritiesInvestmentTrustCompanies-TotalSell"":""0"",""SecuritiesInvestmentTrustCompanies-Difference"":""0"",""Dealers-TotalBuy"":""0"",""Dealers-TotalSell"":""350"",""Dealers-Difference"":""-350"",""Dealers -TotalSell"":""350"",""TotalDifference"":""-11400""}"
2026-09-08,TPEX,6899,創為精密,0,0,0,0,0,0,0,0,0,"{""Date"":""1150908"",""SecuritiesCompanyCode"":""6899"",""CompanyName"":""創為精密"",""Foreign Investors include Mainland Area Investors (Foreign Dealers excluded)-Total Buy"":""1000"","" Foreign Investors include Mainland Area Investors (Foreign Dealers excluded)-Total Sell"":""0"",""Foreign Investors include Mainland Area Investors (Foreign Dealers excluded)-Difference"":""1000"",""Foreign Dealers-Total Buy"":""0"",""Foreign Dealers-TotalSell"":""0"",""ForeignDealers-Difference"":""0"",""ForeignInvestorsIncludeMainlandAreaInvestors-TotalBuy"":""1000"",""ForeignInvestorsIncludeMainlandAreaInvestors-TotalSell"":""0"",""ForeignInvestorsInclude MainlandAreaInvestors-Difference"":""1000"",""SecuritiesInvestmentTrustCompanies-TotalBuy"":""0"",""SecuritiesInvestmentTrustCompanies-TotalSell"":""0"",""SecuritiesInvestmentTrustCompanies-Difference"":""0"",""Dealers-TotalBuy"":""0"",""Dealers-TotalSell"":""0"",""Dealers-Difference"":""0"",""Dealers -TotalSell"":""0"",""TotalDifference"":""1000""}"
2026-09-08,TPEX,6903,巨漢,0,0,0,0,0,0,2000,6714,-4714,"{""Date"":""1150908"",""SecuritiesCompanyCode"":""6903"",""CompanyName"":""巨漢"",""Foreign Investors include Mainland Area Investors (Foreign Dealers excluded)-Total Buy"":""26068"","" Foreign Investors include Mainland Area Investors (Foreign Dealers excluded)-Total Sell"":""50000"",""Foreign Investors include Mainland Area Investors (Foreign Dealers excluded)-Difference"":""-23932"",""Foreign Dealers-Total Buy"":""0"",""Foreign Dealers-TotalSell"":""0"",""ForeignDealers-Difference"":""0"",""ForeignInvestorsIncludeMainlandAreaInvestors-TotalBuy"":""26068"",""ForeignInvestorsIncludeMainlandAreaInvestors-TotalSell"":""50000"",""ForeignInvestorsInclude MainlandAreaInvestors-Difference"":""-23932"",""SecuritiesInvestmentTrustCompanies-TotalBuy"":""0"",""SecuritiesInvestmentTrustCompanies-TotalSell"":""0"",""SecuritiesInvestmentTrustCompanies-Difference"":""0"",""Dealers-TotalBuy"":""2000"",""Dealers-TotalSell"":""6714"",""Dealers-Difference"":""-4714"",""Dealers -TotalSell"":""6714"",""TotalDifference"":""-28646""}"
2026-09-08,TPEX,6907,雅特力-KY,0,0,0,0,0,0,99676,23530,76146,"{""Date"":""1150908"",""SecuritiesCompanyCode"":""6907"",""CompanyName"":""雅特力-KY"",""Foreign Investors include Mainland Area Investors (Foreign Dealers excluded)-Total Buy"":""1893913"","" Foreign Investors include Mainland Area Investors (Foreign Dealers excluded)-Total Sell"":""1607790"",""Foreign Investors include Mainland Area Investors (Foreign Dealers excluded)-Difference"":""286123"",""Foreign Dealers-Total Buy"":""0"",""Foreign Dealers-TotalSell"":""0"",""ForeignDealers-Difference"":""0"",""ForeignInvestorsIncludeMainlandAreaInvestors-TotalBuy"":""1893913"",""ForeignInvestorsIncludeMainlandAreaInvestors-TotalSell"":""1607790"",""ForeignInvestorsInclude MainlandAreaInvestors-Difference"":""286123"",""SecuritiesInvestmentTrustCompanies-TotalBuy"":""0"",""SecuritiesInvestmentTrustCompanies-TotalSell"":""0"",""SecuritiesInvestmentTrustCompanies-Difference"":""0"",""Dealers-TotalBuy"":""99676"",""Dealers-TotalSell"":""23530"",""Dealers-Difference"":""76146"",""Dealers -TotalSell"":""23530"",""TotalDifference"":""362269""}"
2026-09-08,TPEX,6910,德鴻,0,0,0,0,0,0,0,0,0,"{""Date"":""1150908"",""SecuritiesCompanyCode"":""6910"",""CompanyName"":""德鴻"",""Foreign Investors include Mainland Area Investors (Foreign Dealers excluded)-Total Buy"":""0"","" Foreign Investors include Mainland Area Investors (Foreign Dealers excluded)-Total Sell"":""1000"",""Foreign Investors include Mainland Area Investors (Foreign Dealers excluded)-Difference"":""-1000"",""Foreign Dealers-Total Buy"":""0"",""Foreign Dealers-TotalSell"":""0"",""ForeignDealers-Difference"":""0"",""ForeignInvestorsIncludeMainlandAreaInvestors-TotalBuy"":""0"",""ForeignInvestorsIncludeMainlandAreaInvestors-TotalSell"":""1000"",""ForeignInvestorsInclude MainlandAreaInvestors-Difference"":""-1000"",""SecuritiesInvestmentTrustCompanies-TotalBuy"":""0"",""SecuritiesInvestmentTrustCompanies-TotalSell"":""0"",""SecuritiesInvestmentTrustCompanies-Difference"":""0"",""Dealers-TotalBuy"":""0"",""Dealers-TotalSell"":""0"",""Dealers-Difference"":""0"",""Dealers -TotalSell"":""0"",""TotalDifference"":""-1000""}"
2026-09-08,TPEX,6913,鴻呈,0,0,0,0,0,0,3297,21630,-18333,"{""Date"":""1150908"",""SecuritiesCompanyCode"":""6913"",""CompanyName"":""鴻呈"",""Foreign Investors include Mainland Area Investors (Foreign Dealers excluded)-Total Buy"":""54343"","" Foreign Investors include Mainland Area Investors (Foreign Dealers excluded)-Total Sell"":""221000"",""Foreign Investors include Mainland Area Investors (Foreign Dealers excluded)-Difference"":""-166657"",""Foreign Dealers-Total Buy"":""0"",""Foreign Dealers-TotalSell"":""0"",""ForeignDealers-Difference"":""0"",""ForeignInvestorsIncludeMainlandAreaInvestors-TotalBuy"":""54343"",""ForeignInvestorsIncludeMainlandAreaInvestors-TotalSell"":""221000"",""ForeignInvestorsInclude MainlandAreaInvestors-Difference"":""-166657"",""SecuritiesInvestmentTrustCompanies-TotalBuy"":""0"",""SecuritiesInvestmentTrustCompanies-TotalSell"":""0"",""SecuritiesInvestmentTrustCompanies-Difference"":""0"",""Dealers-TotalBuy"":""3297"",""Dealers-TotalSell"":""21630"",""Dealers-Difference"":""-18333"",""Dealers -TotalSell"":""21630"",""TotalDifference"":""-184990""}"
2026-09-08,TPEX,6922,宸曜,0,0,0,0,0,0,18427,15887,2540,"{""Date"":""1150908"",""SecuritiesCompanyCode"":""6922"",""CompanyName"":""宸曜"",""Foreign Investors include Mainland Area Investors (Foreign Dealers excluded)-Total Buy"":""39269"","" Foreign Investors include Mainland Area Investors (Foreign Dealers excluded)-Total Sell"":""194000"",""Foreign Investors include Mainland Area Investors (Foreign Dealers excluded)-Difference"":""-154731"",""Foreign Dealers-Total Buy"":""0"",""Foreign Dealers-TotalSell"":""0"",""ForeignDealers-Difference"":""0"",""ForeignInvestorsIncludeMainlandAreaInvestors-TotalBuy"":""39269"",""ForeignInvestorsIncludeMainlandAreaInvestors-TotalSell"":""194000"",""ForeignInvestorsInclude MainlandAreaInvestors-Difference"":""-154731"",""SecuritiesInvestmentTrustCompanies-TotalBuy"":""0"",""SecuritiesInvestmentTrustCompanies-TotalSell"":""0"",""SecuritiesInvestmentTrustCompanies-Difference"":""0"",""Dealers-TotalBuy"":""18427"",""Dealers-TotalSell"":""15887"",""Dealers-Difference"":""2540"",""Dealers -TotalSell"":""13887"",""TotalDifference"":""-152191""}"
2026-09-08,TPEX,6925,意藍,0,0,0,0,0,0,0,0,0,"{""Date"":""1150908"",""SecuritiesCompanyCode"":""6925"",""CompanyName"":""意藍"",""Foreign Investors include Mainland Area Investors (Foreign Dealers excluded)-Total Buy"":""2000"","" Foreign Investors include Mainland Area Investors (Foreign Dealers excluded)-Total Sell"":""0"",""Foreign Investors include Mainland Area Investors (Foreign Dealers excluded)-Difference"":""2000"",""Foreign Dealers-Total Buy"":""0"",""Foreign Dealers-TotalSell"":""0"",""ForeignDealers-Difference"":""0"",""ForeignInvestorsIncludeMainlandAreaInvestors-TotalBuy"":""2000"",""ForeignInvestorsIncludeMainlandAreaInvestors-TotalSell"":""0"",""ForeignInvestorsInclude MainlandAreaInvestors-Difference"":""2000"",""SecuritiesInvestmentTrustCompanies-TotalBuy"":""0"",""SecuritiesInvestmentTrustCompanies-TotalSell"":""0"",""SecuritiesInvestmentTrustCompanies-Difference"":""0"",""Dealers-TotalBuy"":""0"",""Dealers-TotalSell"":""0"",""Dealers-Difference"":""0"",""Dealers -TotalSell"":""0"",""TotalDifference"":""2000""}"
2026-09-08,TPEX,6945,圓祥生技,0,0,0,0,0,0,0,0,0,"{""Date"":""1150908"",""SecuritiesCompanyCode"":""6945"",""CompanyName"":""圓祥生技"",""Foreign Investors include Mainland Area Investors (Foreign Dealers excluded)-Total Buy"":""17000"","" Foreign Investors include Mainland Area Investors (Foreign Dealers excluded)-Total Sell"":""7000"",""Foreign Investors include Mainland Area Investors (Foreign Dealers excluded)-Difference"":""10000"",""Foreign Dealers-Total Buy"":""0"",""Foreign Dealers-TotalSell"":""0"",""ForeignDealers-Difference"":""0"",""ForeignInvestorsIncludeMainlandAreaInvestors-TotalBuy"":""17000"",""ForeignInvestorsIncludeMainlandAreaInvestors-TotalSell"":""7000"",""ForeignInvestorsInclude MainlandAreaInvestors-Difference"":""10000"",""SecuritiesInvestmentTrustCompanies-TotalBuy"":""0"",""SecuritiesInvestmentTrustCompanies-TotalSell"":""0"",""SecuritiesInvestmentTrustCompanies-Difference"":""0"",""Dealers-TotalBuy"":""0"",""Dealers-TotalSell"":""0"",""Dealers-Difference"":""0"",""Dealers -TotalSell"":""0"",""TotalDifference"":""10000""}"
2026-09-08,TPEX,6953,家碩,0,0,0,0,0,0,21,319,-298,"{""Date"":""1150908"",""SecuritiesCompanyCode"":""6953"",""CompanyName"":""家碩"",""Foreign Investors include Mainland Area Investors (Foreign Dealers excluded)-Total Buy"":""4000"","" Foreign Investors include Mainland Area Investors (Foreign Dealers excluded)-Total Sell"":""3000"",""Foreign Investors include Mainland Area Investors (Foreign Dealers excluded)-Difference"":""1000"",""Foreign Dealers-Total Buy"":""0"",""Foreign Dealers-TotalSell"":""0"",""ForeignDealers-Difference"":""0"",""ForeignInvestorsIncludeMainlandAreaInvestors-TotalBuy"":""4000"",""ForeignInvestorsIncludeMainlandAreaInvestors-TotalSell"":""3000"",""ForeignInvestorsInclude MainlandAreaInvestors-Difference"":""1000"",""SecuritiesInvestmentTrustCompanies-TotalBuy"":""0"",""SecuritiesInvestmentTrustCompanies-TotalSell"":""0"",""SecuritiesInvestmentTrustCompanies-Difference"":""0"",""Dealers-TotalBuy"":""21"",""Dealers-TotalSell"":""319"",""Dealers-Difference"":""-298"",""Dealers -TotalSell"":""319"",""TotalDifference"":""702""}"
2026-09-08,TPEX,6961,旅天下,0,0,0,0,0,0,0,0,0,"{""Date"":""1150908"",""SecuritiesCompanyCode"":""6961"",""CompanyName"":""旅天下"",""Foreign Investors include Mainland Area Investors (Foreign Dealers excluded)-Total Buy"":""0"","" Foreign Investors include Mainland Area Investors (Foreign Dealers excluded)-Total Sell"":""1000"",""Foreign Investors include Mainland Area Investors (Foreign Dealers excluded)-Difference"":""-1000"",""Foreign Dealers-Total Buy"":""0"",""Foreign Dealers-TotalSell"":""0"",""ForeignDealers-Difference"":""0"",""ForeignInvestorsIncludeMainlandAreaInvestors-TotalBuy"":""0"",""ForeignInvestorsIncludeMainlandAreaInvestors-TotalSell"":""1000"",""ForeignInvestorsInclude MainlandAreaInvestors-Difference"":""-1000"",""SecuritiesInvestmentTrustCompanies-TotalBuy"":""0"",""SecuritiesInvestmentTrustCompanies-TotalSell"":""0"",""SecuritiesInvestmentTrustCompanies-Difference"":""0"",""Dealers-TotalBuy"":""0"",""Dealers-TotalSell"":""0"",""Dealers-Difference"":""0"",""Dealers -TotalSell"":""0"",""TotalDifference"":""-1000""}"
2026-09-08,TPEX,6967,汎瑋材料,0,0,0,0,0,0,21,10,11,"{""Date"":""1150908"",""SecuritiesCompanyCode"":""6967"",""CompanyName"":""汎瑋材料"",""Foreign Investors include Mainland Area Investors (Foreign Dealers excluded)-Total Buy"":""1000"","" Foreign Investors include Mainland Area Investors (Foreign Dealers excluded)-Total Sell"":""21000"",""Foreign Investors include Mainland Area Investors (Foreign Dealers excluded)-Difference"":""-20000"",""Foreign Dealers-Total Buy"":""0"",""Foreign Dealers-TotalSell"":""0"",""ForeignDealers-Difference"":""0"",""ForeignInvestorsIncludeMainlandAreaInvestors-TotalBuy"":""1000"",""ForeignInvestorsIncludeMainlandAreaInvestors-TotalSell"":""21000"",""ForeignInvestorsInclude MainlandAreaInvestors-Difference"":""-20000"",""SecuritiesInvestmentTrustCompanies-TotalBuy"":""0"",""SecuritiesInvestmentTrustCompanies-TotalSell"":""0"",""SecuritiesInvestmentTrustCompanies-Difference"":""0"",""Dealers-TotalBuy"":""21"",""Dealers-TotalSell"":""10"",""Dealers-Difference"":""11"",""Dealers -TotalSell"":""10"",""TotalDifference"":""-19989""}"
2026-09-08,TPEX,6968,萬達寵物,0,0,0,0,0,0,0,8000,-8000,"{""Date"":""1150908"",""SecuritiesCompanyCode"":""6968"",""CompanyName"":""萬達寵物"",""Foreign Investors include Mainland Area Investors (Foreign Dealers excluded)-Total Buy"":""1000"","" Foreign Investors include Mainland Area Investors (Foreign Dealers excluded)-Total Sell"":""5000"",""Foreign Investors include Mainland Area Investors (Foreign Dealers excluded)-Difference"":""-4000"",""Foreign Dealers-Total Buy"":""0"",""Foreign Dealers-TotalSell"":""0"",""ForeignDealers-Difference"":""0"",""ForeignInvestorsIncludeMainlandAreaInvestors-TotalBuy"":""1000"",""ForeignInvestorsIncludeMainlandAreaInvestors-TotalSell"":""5000"",""ForeignInvestorsInclude MainlandAreaInvestors-Difference"":""-4000"",""SecuritiesInvestmentTrustCompanies-TotalBuy"":""0"",""SecuritiesInvestmentTrustCompanies-TotalSell"":""0"",""SecuritiesInvestmentTrustCompanies-Difference"":""0"",""Dealers-TotalBuy"":""0"",""Dealers-TotalSell"":""8000"",""Dealers-Difference"":""-8000"",""Dealers -TotalSell"":""0"",""TotalDifference"":""-12000""}"
2026-09-08,TPEX,6971,惠民實業,0,0,0,0,0,0,0,0,0,"{""Date"":""1150908"",""SecuritiesCompanyCode"":""6971"",""CompanyName"":""惠民實業"",""Foreign Investors include Mainland Area Investors (Foreign Dealers excluded)-Total Buy"":""4000"","" Foreign Investors include Mainland Area Investors (Foreign Dealers excluded)-Total Sell"":""38000"",""Foreign Investors include Mainland Area Investors (Foreign Dealers excluded)-Difference"":""-34000"",""Foreign Dealers-Total Buy"":""0"",""Foreign Dealers-TotalSell"":""0"",""ForeignDealers-Difference"":""0"",""ForeignInvestorsIncludeMainlandAreaInvestors-TotalBuy"":""4000"",""ForeignInvestorsIncludeMainlandAreaInvestors-TotalSell"":""38000"",""ForeignInvestorsInclude MainlandAreaInvestors-Difference"":""-34000"",""SecuritiesInvestmentTrustCompanies-TotalBuy"":""0"",""SecuritiesInvestmentTrustCompanies-TotalSell"":""0"",""SecuritiesInvestmentTrustCompanies-Difference"":""0"",""Dealers-TotalBuy"":""0"",""Dealers-TotalSell"":""0"",""Dealers-Difference"":""0"",""Dealers -TotalSell"":""0"",""TotalDifference"":""-34000""}"
2026-09-08,TPEX,6982,大井泵浦,0,0,0,0,0,0,0,205,-205,"{""Date"":""1150908"",""SecuritiesCompanyCode"":""6982"",""CompanyName"":""大井泵浦"",""Foreign Investors include Mainland Area Investors (Foreign Dealers excluded)-Total Buy"":""2000"","" Foreign Investors include Mainland Area Investors (Foreign Dealers excluded)-Total Sell"":""8000"",""Foreign Investors include Mainland Area Investors (Foreign Dealers excluded)-Difference"":""-6000"",""Foreign Dealers-Total Buy"":""0"",""Foreign Dealers-TotalSell"":""0"",""ForeignDealers-Difference"":""0"",""ForeignInvestorsIncludeMainlandAreaInvestors-TotalBuy"":""2000"",""ForeignInvestorsIncludeMainlandAreaInvestors-TotalSell"":""8000"",""ForeignInvestorsInclude MainlandAreaInvestors-Difference"":""-6000"",""SecuritiesInvestmentTrustCompanies-TotalBuy"":""0"",""SecuritiesInvestmentTrustCompanies-TotalSell"":""0"",""SecuritiesInvestmentTrustCompanies-Difference"":""0"",""Dealers-TotalBuy"":""0"",""Dealers-TotalSell"":""205"",""Dealers-Difference"":""-205"",""Dealers -TotalSell"":""205"",""TotalDifference"":""-6205""}"
2026-09-08,TPEX,6983,華洋精機,0,0,0,0,0,0,265,516,-251,"{""Date"":""1150908"",""SecuritiesCompanyCode"":""6983"",""CompanyName"":""華洋精機"",""Foreign Investors include Mainland Area Investors (Foreign Dealers excluded)-Total Buy"":""16000"","" Foreign Investors include Mainland Area Investors (Foreign Dealers excluded)-Total Sell"":""7000"",""Foreign Investors include Mainland Area Investors (Foreign Dealers excluded)-Difference"":""9000"",""Foreign Dealers-Total Buy"":""0"",""Foreign Dealers-TotalSell"":""0"",""ForeignDealers-Difference"":""0"",""ForeignInvestorsIncludeMainlandAreaInvestors-TotalBuy"":""16000"",""ForeignInvestorsIncludeMainlandAreaInvestors-TotalSell"":""7000"",""ForeignInvestorsInclude MainlandAreaInvestors-Difference"":""9000"",""SecuritiesInvestmentTrustCompanies-TotalBuy"":""0"",""SecuritiesInvestmentTrustCompanies-TotalSell"":""0"",""SecuritiesInvestmentTrustCompanies-Difference"":""0"",""Dealers-TotalBuy"":""265"",""Dealers-TotalSell"":""516"",""Dealers-Difference"":""-251"",""Dealers -TotalSell"":""516"",""TotalDifference"":""8749""}"
2026-09-08,TPEX,6986,和迅,0,0,0,0,0,0,0,0,0,"{""Date"":""1150908"",""SecuritiesCompanyCode"":""6986"",""CompanyName"":""和迅"",""Foreign Investors include Mainland Area Investors (Foreign Dealers excluded)-Total Buy"":""11000"","" Foreign Investors include Mainland Area Investors (Foreign Dealers excluded)-Total Sell"":""11000"",""Foreign Investors include Mainland Area Investors (Foreign Dealers excluded)-Difference"":""0"",""Foreign Dealers-Total Buy"":""0"",""Foreign Dealers-TotalSell"":""0"",""ForeignDealers-Difference"":""0"",""ForeignInvestorsIncludeMainlandAreaInvestors-TotalBuy"":""11000"",""ForeignInvestorsIncludeMainlandAreaInvestors-TotalSell"":""11000"",""ForeignInvestorsInclude MainlandAreaInvestors-Difference"":""0"",""SecuritiesInvestmentTrustCompanies-TotalBuy"":""0"",""SecuritiesInvestmentTrustCompanies-TotalSell"":""0"",""SecuritiesInvestmentTrustCompanies-Difference"":""0"",""Dealers-TotalBuy"":""0"",""Dealers-TotalSell"":""0"",""Dealers-Difference"":""0"",""Dealers -TotalSell"":""0"",""TotalDifference"":""0""}"
2026-09-08,TPEX,6996,力領科技,0,0,0,0,0,0,2000,3847,-1847,"{""Date"":""1150908"",""SecuritiesCompanyCode"":""6996"",""CompanyName"":""力領科技"",""Foreign Investors include Mainland Area Investors (Foreign Dealers excluded)-Total Buy"":""29600"","" Foreign Investors include Mainland Area Investors (Foreign Dealers excluded)-Total Sell"":""163413"",""Foreign Investors include Mainland Area Investors (Foreign Dealers excluded)-Difference"":""-133813"",""Foreign Dealers-Total Buy"":""0"",""Foreign Dealers-TotalSell"":""0"",""ForeignDealers-Difference"":""0"",""ForeignInvestorsIncludeMainlandAreaInvestors-TotalBuy"":""29600"",""ForeignInvestorsIncludeMainlandAreaInvestors-TotalSell"":""163413"",""ForeignInvestorsInclude MainlandAreaInvestors-Difference"":""-133813"",""SecuritiesInvestmentTrustCompanies-TotalBuy"":""0"",""SecuritiesInvestmentTrustCompanies-TotalSell"":""0"",""SecuritiesInvestmentTrustCompanies-Difference"":""0"",""Dealers-TotalBuy"":""2000"",""Dealers-TotalSell"":""3847"",""Dealers-Difference"":""-1847"",""Dealers -TotalSell"":""3847"",""TotalDifference"":""-135660""}"
2026-09-08,TPEX,6997,博弘,0,0,0,0,0,0,0,0,0,"{""Date"":""1150908"",""SecuritiesCompanyCode"":""6997"",""CompanyName"":""博弘"",""Foreign Investors include Mainland Area Investors (Foreign Dealers excluded)-Total Buy"":""1000"","" Foreign Investors include Mainland Area Investors (Foreign Dealers excluded)-Total Sell"":""0"",""Foreign Investors include Mainland Area Investors (Foreign Dealers excluded)-Difference"":""1000"",""Foreign Dealers-Total Buy"":""0"",""Foreign Dealers-TotalSell"":""0"",""ForeignDealers-Difference"":""0"",""ForeignInvestorsIncludeMainlandAreaInvestors-TotalBuy"":""1000"",""ForeignInvestorsIncludeMainlandAreaInvestors-TotalSell"":""0"",""ForeignInvestorsInclude MainlandAreaInvestors-Difference"":""1000"",""SecuritiesInvestmentTrustCompanies-TotalBuy"":""0"",""SecuritiesInvestmentTrustCompanies-TotalSell"":""0"",""SecuritiesInvestmentTrustCompanies-Difference"":""0"",""Dealers-TotalBuy"":""0"",""Dealers-TotalSell"":""0"",""Dealers-Difference"":""0"",""Dealers -TotalSell"":""0"",""TotalDifference"":""1000""}"
2026-09-08,TPEX,7402,邑錡,0,0,0,0,0,0,0,33,-33,"{""Date"":""1150908"",""SecuritiesCompanyCode"":""7402"",""CompanyName"":""邑錡"",""Foreign Investors include Mainland Area Investors (Foreign Dealers excluded)-Total Buy"":""21050"","" Foreign Investors include Mainland Area Investors (Foreign Dealers excluded)-Total Sell"":""78081"",""Foreign Investors include Mainland Area Investors (Foreign Dealers excluded)-Difference"":""-57031"",""Foreign Dealers-Total Buy"":""0"",""Foreign Dealers-TotalSell"":""0"",""ForeignDealers-Difference"":""0"",""ForeignInvestorsIncludeMainlandAreaInvestors-TotalBuy"":""21050"",""ForeignInvestorsIncludeMainlandAreaInvestors-TotalSell"":""78081"",""ForeignInvestorsInclude MainlandAreaInvestors-Difference"":""-57031"",""SecuritiesInvestmentTrustCompanies-TotalBuy"":""0"",""SecuritiesInvestmentTrustCompanies-TotalSell"":""0"",""SecuritiesInvestmentTrustCompanies-Difference"":""0"",""Dealers-TotalBuy"":""0"",""Dealers-TotalSell"":""33"",""Dealers-Difference"":""-33"",""Dealers -TotalSell"":""33"",""TotalDifference"":""-57064""}"
2026-09-08,TPEX,7547,碩網,0,0,0,0,0,0,0,0,0,"{""Date"":""1150908"",""SecuritiesCompanyCode"":""7547"",""CompanyName"":""碩網"",""Foreign Investors include Mainland Area Investors (Foreign Dealers excluded)-Total Buy"":""0"","" Foreign Investors include Mainland Area Investors (Foreign Dealers excluded)-Total Sell"":""2000"",""Foreign Investors include Mainland Area Investors (Foreign Dealers excluded)-Difference"":""-2000"",""Foreign Dealers-Total Buy"":""0"",""Foreign Dealers-TotalSell"":""0"",""ForeignDealers-Difference"":""0"",""ForeignInvestorsIncludeMainlandAreaInvestors-TotalBuy"":""0"",""ForeignInvestorsIncludeMainlandAreaInvestors-TotalSell"":""2000"",""ForeignInvestorsInclude MainlandAreaInvestors-Difference"":""-2000"",""SecuritiesInvestmentTrustCompanies-TotalBuy"":""0"",""SecuritiesInvestmentTrustCompanies-TotalSell"":""0"",""SecuritiesInvestmentTrustCompanies-Difference"":""0"",""Dealers-TotalBuy"":""0"",""Dealers-TotalSell"":""0"",""Dealers-Difference"":""0"",""Dealers -TotalSell"":""0"",""TotalDifference"":""-2000""}"
2026-09-08,TPEX,7556,意德士,0,0,0,0,0,0,266,399,-133,"{""Date"":""1150908"",""SecuritiesCompanyCode"":""7556"",""CompanyName"":""意德士"",""Foreign Investors include Mainland Area Investors (Foreign Dealers excluded)-Total Buy"":""3000"","" Foreign Investors include Mainland Area Investors (Foreign Dealers excluded)-Total Sell"":""4000"",""Foreign Investors include Mainland Area Investors (Foreign Dealers excluded)-Difference"":""-1000"",""Foreign Dealers-Total Buy"":""0"",""Foreign Dealers-TotalSell"":""0"",""ForeignDealers-Difference"":""0"",""ForeignInvestorsIncludeMainlandAreaInvestors-TotalBuy"":""3000"",""ForeignInvestorsIncludeMainlandAreaInvestors-TotalSell"":""4000"",""ForeignInvestorsInclude MainlandAreaInvestors-Difference"":""-1000"",""SecuritiesInvestmentTrustCompanies-TotalBuy"":""0"",""SecuritiesInvestmentTrustCompanies-TotalSell"":""0"",""SecuritiesInvestmentTrustCompanies-Difference"":""0"",""Dealers-TotalBuy"":""266"",""Dealers-TotalSell"":""399"",""Dealers-Difference"":""-133"",""Dealers -TotalSell"":""399"",""TotalDifference"":""-1133""}"
2026-09-08,TPEX,7584,樂意,0,0,0,0,0,0,0,0,0,"{""Date"":""1150908"",""SecuritiesCompanyCode"":""7584"",""CompanyName"":""樂意"",""Foreign Investors include Mainland Area Investors (Foreign Dealers excluded)-Total Buy"":""1000"","" Foreign Investors include Mainland Area Investors (Foreign Dealers excluded)-Total Sell"":""2000"",""Foreign Investors include Mainland Area Investors (Foreign Dealers excluded)-Difference"":""-1000"",""Foreign Dealers-Total Buy"":""0"",""Foreign Dealers-TotalSell"":""0"",""ForeignDealers-Difference"":""0"",""ForeignInvestorsIncludeMainlandAreaInvestors-TotalBuy"":""1000"",""ForeignInvestorsIncludeMainlandAreaInvestors-TotalSell"":""2000"",""ForeignInvestorsInclude MainlandAreaInvestors-Difference"":""-1000"",""SecuritiesInvestmentTrustCompanies-TotalBuy"":""0"",""SecuritiesInvestmentTrustCompanies-TotalSell"":""0"",""SecuritiesInvestmentTrustCompanies-Difference"":""0"",""Dealers-TotalBuy"":""0"",""Dealers-TotalSell"":""0"",""Dealers-Difference"":""0"",""Dealers -TotalSell"":""0"",""TotalDifference"":""-1000""}"
2026-09-08,TPEX,7642,昶瑞機電,0,0,0,0,0,0,0,35,-35,"{""Date"":""1150908"",""SecuritiesCompanyCode"":""7642"",""CompanyName"":""昶瑞機電"",""Foreign Investors include Mainland Area Investors (Foreign Dealers excluded)-Total Buy"":""0"","" Foreign Investors include Mainland Area Investors (Foreign Dealers excluded)-Total Sell"":""3000"",""Foreign Investors include Mainland Area Investors (Foreign Dealers excluded)-Difference"":""-3000"",""Foreign Dealers-Total Buy"":""0"",""Foreign Dealers-TotalSell"":""0"",""ForeignDealers-Difference"":""0"",""ForeignInvestorsIncludeMainlandAreaInvestors-TotalBuy"":""0"",""ForeignInvestorsIncludeMainlandAreaInvestors-TotalSell"":""3000"",""ForeignInvestorsInclude MainlandAreaInvestors-Difference"":""-3000"",""SecuritiesInvestmentTrustCompanies-TotalBuy"":""0"",""SecuritiesInvestmentTrustCompanies-TotalSell"":""0"",""SecuritiesInvestmentTrustCompanies-Difference"":""0"",""Dealers-TotalBuy"":""0"",""Dealers-TotalSell"":""35"",""Dealers-Difference"":""-35"",""Dealers -TotalSell"":""0"",""TotalDifference"":""-3035""}"
2026-09-08,TPEX,7703,銳澤,0,0,0,0,0,0,120,0,120,"{""Date"":""1150908"",""SecuritiesCompanyCode"":""7703"",""CompanyName"":""銳澤"",""Foreign Investors include Mainland Area Investors (Foreign Dealers excluded)-Total Buy"":""13000"","" Foreign Investors include Mainland Area Investors (Foreign Dealers excluded)-Total Sell"":""16000"",""Foreign Investors include Mainland Area Investors (Foreign Dealers excluded)-Difference"":""-3000"",""Foreign Dealers-Total Buy"":""0"",""Foreign Dealers-TotalSell"":""0"",""ForeignDealers-Difference"":""0"",""ForeignInvestorsIncludeMainlandAreaInvestors-TotalBuy"":""13000"",""ForeignInvestorsIncludeMainlandAreaInvestors-TotalSell"":""16000"",""ForeignInvestorsInclude MainlandAreaInvestors-Difference"":""-3000"",""SecuritiesInvestmentTrustCompanies-TotalBuy"":""0"",""SecuritiesInvestmentTrustCompanies-TotalSell"":""0"",""SecuritiesInvestmentTrustCompanies-Difference"":""0"",""Dealers-TotalBuy"":""120"",""Dealers-TotalSell"":""0"",""Dealers-Difference"":""120"",""Dealers -TotalSell"":""0"",""TotalDifference"":""-2880""}"
2026-09-08,TPEX,7704,明遠精密,0,0,0,0,0,0,0,100,-100,"{""Date"":""1150908"",""SecuritiesCompanyCode"":""7704"",""CompanyName"":""明遠精密"",""Foreign Investors include Mainland Area Investors (Foreign Dealers excluded)-Total Buy"":""4000"","" Foreign Investors include Mainland Area Investors (Foreign Dealers excluded)-Total Sell"":""4000"",""Foreign Investors include Mainland Area Investors (Foreign Dealers excluded)-Difference"":""0"",""Foreign Dealers-Total Buy"":""0"",""Foreign Dealers-TotalSell"":""0"",""ForeignDealers-Difference"":""0"",""ForeignInvestorsIncludeMainlandAreaInvestors-TotalBuy"":""4000"",""ForeignInvestorsIncludeMainlandAreaInvestors-TotalSell"":""4000"",""ForeignInvestorsInclude MainlandAreaInvestors-Difference"":""0"",""SecuritiesInvestmentTrustCompanies-TotalBuy"":""0"",""SecuritiesInvestmentTrustCompanies-TotalSell"":""0"",""SecuritiesInvestmentTrustCompanies-Difference"":""0"",""Dealers-TotalBuy"":""0"",""Dealers-TotalSell"":""100"",""Dealers-Difference"":""-100"",""Dealers -TotalSell"":""100"",""TotalDifference"":""-100""}"
2026-09-08,TPEX,7709,榮田,0,0,0,0,0,0,55569,63087,-7518,"{""Date"":""1150908"",""SecuritiesCompanyCode"":""7709"",""CompanyName"":""榮田"",""Foreign Investors include Mainland Area Investors (Foreign Dealers excluded)-Total Buy"":""161000"","" Foreign Investors include Mainland Area Investors (Foreign Dealers excluded)-Total Sell"":""189000"",""Foreign Investors include Mainland Area Investors (Foreign Dealers excluded)-Difference"":""-28000"",""Foreign Dealers-Total Buy"":""0"",""Foreign Dealers-TotalSell"":""0"",""ForeignDealers-Difference"":""0"",""ForeignInvestorsIncludeMainlandAreaInvestors-TotalBuy"":""161000"",""ForeignInvestorsIncludeMainlandAreaInvestors-TotalSell"":""189000"",""ForeignInvestorsInclude MainlandAreaInvestors-Difference"":""-28000"",""SecuritiesInvestmentTrustCompanies-TotalBuy"":""0"",""SecuritiesInvestmentTrustCompanies-TotalSell"":""0"",""SecuritiesInvestmentTrustCompanies-Difference"":""0"",""Dealers-TotalBuy"":""55569"",""Dealers-TotalSell"":""63087"",""Dealers-Difference"":""-7518"",""Dealers -TotalSell"":""63087"",""TotalDifference"":""-35518""}"
2026-09-08,TPEX,7712,博盛半導體,0,0,0,0,0,0,1683,3222,-1539,"{""Date"":""1150908"",""SecuritiesCompanyCode"":""7712"",""CompanyName"":""博盛半導體"",""Foreign Investors include Mainland Area Investors (Foreign Dealers excluded)-Total Buy"":""8080"","" Foreign Investors include Mainland Area Investors (Foreign Dealers excluded)-Total Sell"":""66000"",""Foreign Investors include Mainland Area Investors (Foreign Dealers excluded)-Difference"":""-57920"",""Foreign Dealers-Total Buy"":""0"",""Foreign Dealers-TotalSell"":""0"",""ForeignDealers-Difference"":""0"",""ForeignInvestorsIncludeMainlandAreaInvestors-TotalBuy"":""8080"",""ForeignInvestorsIncludeMainlandAreaInvestors-TotalSell"":""66000"",""ForeignInvestorsInclude MainlandAreaInvestors-Difference"":""-57920"",""SecuritiesInvestmentTrustCompanies-TotalBuy"":""0"",""SecuritiesInvestmentTrustCompanies-TotalSell"":""0"",""SecuritiesInvestmentTrustCompanies-Difference"":""0"",""Dealers-TotalBuy"":""1683"",""Dealers-TotalSell"":""3222"",""Dealers-Difference"":""-1539"",""Dealers -TotalSell"":""3222"",""TotalDifference"":""-59459""}"
2026-09-08,TPEX,7714,創泓科技,0,0,0,0,0,0,1000,5213,-4213,"{""Date"":""1150908"",""SecuritiesCompanyCode"":""7714"",""CompanyName"":""創泓科技"",""Foreign Investors include Mainland Area Investors (Foreign Dealers excluded)-Total Buy"":""19020"","" Foreign Investors include Mainland Area Investors (Foreign Dealers excluded)-Total Sell"":""31000"",""Foreign Investors include Mainland Area Investors (Foreign Dealers excluded)-Difference"":""-11980"",""Foreign Dealers-Total Buy"":""0"",""Foreign Dealers-TotalSell"":""0"",""ForeignDealers-Difference"":""0"",""ForeignInvestorsIncludeMainlandAreaInvestors-TotalBuy"":""19020"",""ForeignInvestorsIncludeMainlandAreaInvestors-TotalSell"":""31000"",""ForeignInvestorsInclude MainlandAreaInvestors-Difference"":""-11980"",""SecuritiesInvestmentTrustCompanies-TotalBuy"":""0"",""SecuritiesInvestmentTrustCompanies-TotalSell"":""0"",""SecuritiesInvestmentTrustCompanies-Difference"":""0"",""Dealers-TotalBuy"":""1000"",""Dealers-TotalSell"":""5213"",""Dealers-Difference"":""-4213"",""Dealers -TotalSell"":""5213"",""TotalDifference"":""-16193""}"
2026-09-08,TPEX,7715,裕山,0,0,0,0,0,0,0,0,0,"{""Date"":""1150908"",""SecuritiesCompanyCode"":""7715"",""CompanyName"":""裕山"",""Foreign Investors include Mainland Area Investors (Foreign Dealers excluded)-Total Buy"":""0"","" Foreign Investors include Mainland Area Investors (Foreign Dealers excluded)-Total Sell"":""34000"",""Foreign Investors include Mainland Area Investors (Foreign Dealers excluded)-Difference"":""-34000"",""Foreign Dealers-Total Buy"":""0"",""Foreign Dealers-TotalSell"":""0"",""ForeignDealers-Difference"":""0"",""ForeignInvestorsIncludeMainlandAreaInvestors-TotalBuy"":""0"",""ForeignInvestorsIncludeMainlandAreaInvestors-TotalSell"":""34000"",""ForeignInvestorsInclude MainlandAreaInvestors-Difference"":""-34000"",""SecuritiesInvestmentTrustCompanies-TotalBuy"":""0"",""SecuritiesInvestmentTrustCompanies-TotalSell"":""0"",""SecuritiesInvestmentTrustCompanies-Difference"":""0"",""Dealers-TotalBuy"":""0"",""Dealers-TotalSell"":""0"",""Dealers-Difference"":""0"",""Dealers -TotalSell"":""0"",""TotalDifference"":""-34000""}"
2026-09-08,TPEX,7717,萊德光電-KY,0,0,0,0,0,0,20642,3189,10453,"{""Date"":""1150908"",""SecuritiesCompanyCode"":""7717"",""CompanyName"":""萊德光電-KY"",""Foreign Investors include Mainland Area Investors (Foreign Dealers excluded)-Total Buy"":""387015"","" Foreign Investors include Mainland Area Investors (Foreign Dealers excluded)-Total Sell"":""606000"",""Foreign Investors include Mainland Area Investors (Foreign Dealers excluded)-Difference"":""-218985"",""Foreign Dealers-Total Buy"":""0"",""Foreign Dealers-TotalSell"":""0"",""ForeignDealers-Difference"":""0"",""ForeignInvestorsIncludeMainlandAreaInvestors-TotalBuy"":""387015"",""ForeignInvestorsIncludeMainlandAreaInvestors-TotalSell"":""606000"",""ForeignInvestorsInclude MainlandAreaInvestors-Difference"":""-218985"",""SecuritiesInvestmentTrustCompanies-TotalBuy"":""0"",""SecuritiesInvestmentTrustCompanies-TotalSell"":""0"",""SecuritiesInvestmentTrustCompanies-Difference"":""0"",""Dealers-TotalBuy"":""20642"",""Dealers-TotalSell"":""10189"",""Dealers-Difference"":""10453"",""Dealers -TotalSell"":""3189"",""TotalDifference"":""-208532""}"
2026-09-08,TPEX,7723,築間,0,0,0,0,0,0,0,0,0,"{""Date"":""1150908"",""SecuritiesCompanyCode"":""7723"",""CompanyName"":""築間"",""Foreign Investors include Mainland Area Investors (Foreign Dealers excluded)-Total Buy"":""11000"","" Foreign Investors include Mainland Area Investors (Foreign Dealers excluded)-Total Sell"":""0"",""Foreign Investors include Mainland Area Investors (Foreign Dealers excluded)-Difference"":""11000"",""Foreign Dealers-Total Buy"":""0"",""Foreign Dealers-TotalSell"":""0"",""ForeignDealers-Difference"":""0"",""ForeignInvestorsIncludeMainlandAreaInvestors-TotalBuy"":""11000"",""ForeignInvestorsIncludeMainlandAreaInvestors-TotalSell"":""0"",""ForeignInvestorsInclude MainlandAreaInvestors-Difference"":""11000"",""SecuritiesInvestmentTrustCompanies-TotalBuy"":""0"",""SecuritiesInvestmentTrustCompanies-TotalSell"":""0"",""SecuritiesInvestmentTrustCompanies-Difference"":""0"",""Dealers-TotalBuy"":""0"",""Dealers-TotalSell"":""0"",""Dealers-Difference"":""0"",""Dealers -TotalSell"":""0"",""TotalDifference"":""11000""}"
2026-09-08,TPEX,7728,光焱科技,0,0,0,0,0,0,144,129,15,"{""Date"":""1150908"",""SecuritiesCompanyCode"":""7728"",""CompanyName"":""光焱科技"",""Foreign Investors include Mainland Area Investors (Foreign Dealers excluded)-Total Buy"":""7000"","" Foreign Investors include Mainland Area Investors (Foreign Dealers excluded)-Total Sell"":""2000"",""Foreign Investors include Mainland Area Investors (Foreign Dealers excluded)-Difference"":""5000"",""Foreign Dealers-Total Buy"":""0"",""Foreign Dealers-TotalSell"":""0"",""ForeignDealers-Difference"":""0"",""ForeignInvestorsIncludeMainlandAreaInvestors-TotalBuy"":""7000"",""ForeignInvestorsIncludeMainlandAreaInvestors-TotalSell"":""2000"",""ForeignInvestorsInclude MainlandAreaInvestors-Difference"":""5000"",""SecuritiesInvestmentTrustCompanies-TotalBuy"":""0"",""SecuritiesInvestmentTrustCompanies-TotalSell"":""0"",""SecuritiesInvestmentTrustCompanies-Difference"":""0"",""Dealers-TotalBuy"":""144"",""Dealers-TotalSell"":""129"",""Dealers-Difference"":""15"",""Dealers -TotalSell"":""129"",""TotalDifference"":""5015""}"
2026-09-08,TPEX,7734,印能科技,0,0,0,0,50000,-50000,4666,3637,1029,"{""Date"":""1150908"",""SecuritiesCompanyCode"":""7734"",""CompanyName"":""印能科技"",""Foreign Investors include Mainland Area Investors (Foreign Dealers excluded)-Total Buy"":""98052"","" Foreign Investors include Mainland Area Investors (Foreign Dealers excluded)-Total Sell"":""53087"",""Foreign Investors include Mainland Area Investors (Foreign Dealers excluded)-Difference"":""44965"",""Foreign Dealers-Total Buy"":""0"",""Foreign Dealers-TotalSell"":""0"",""ForeignDealers-Difference"":""0"",""ForeignInvestorsIncludeMainlandAreaInvestors-TotalBuy"":""98052"",""ForeignInvestorsIncludeMainlandAreaInvestors-TotalSell"":""53087"",""ForeignInvestorsInclude MainlandAreaInvestors-Difference"":""44965"",""SecuritiesInvestmentTrustCompanies-TotalBuy"":""0"",""SecuritiesInvestmentTrustCompanies-TotalSell"":""50000"",""SecuritiesInvestmentTrustCompanies-Difference"":""-50000"",""Dealers-TotalBuy"":""4666"",""Dealers-TotalSell"":""3637"",""Dealers-Difference"":""1029"",""Dealers -TotalSell"":""2637"",""TotalDifference"":""-4006""}"
2026-09-08,TPEX,7738,東聯互動,0,0,0,0,0,0,0,0,0,"{""Date"":""1150908"",""SecuritiesCompanyCode"":""7738"",""CompanyName"":""東聯互動"",""Foreign Investors include Mainland Area Investors (Foreign Dealers excluded)-Total Buy"":""12000"","" Foreign Investors include Mainland Area Investors (Foreign Dealers excluded)-Total Sell"":""18000"",""Foreign Investors include Mainland Area Investors (Foreign Dealers excluded)-Difference"":""-6000"",""Foreign Dealers-Total Buy"":""0"",""Foreign Dealers-TotalSell"":""0"",""ForeignDealers-Difference"":""0"",""ForeignInvestorsIncludeMainlandAreaInvestors-TotalBuy"":""12000"",""ForeignInvestorsIncludeMainlandAreaInvestors-TotalSell"":""18000"",""ForeignInvestorsInclude MainlandAreaInvestors-Difference"":""-6000"",""SecuritiesInvestmentTrustCompanies-TotalBuy"":""0"",""SecuritiesInvestmentTrustCompanies-TotalSell"":""0"",""SecuritiesInvestmentTrustCompanies-Difference"":""0"",""Dealers-TotalBuy"":""0"",""Dealers-TotalSell"":""0"",""Dealers-Difference"":""0"",""Dealers -TotalSell"":""0"",""TotalDifference"":""-6000""}"
2026-09-08,TPEX,7744,崴寶,0,0,0,0,0,0,719,6159,-5440,"{""Date"":""1150908"",""SecuritiesCompanyCode"":""7744"",""CompanyName"":""崴寶"",""Foreign Investors include Mainland Area Investors (Foreign Dealers excluded)-Total Buy"":""150247"","" Foreign Investors include Mainland Area Investors (Foreign Dealers excluded)-Total Sell"":""99050"",""Foreign Investors include Mainland Area Investors (Foreign Dealers excluded)-Difference"":""51197"",""Foreign Dealers-Total Buy"":""0"",""Foreign Dealers-TotalSell"":""0"",""ForeignDealers-Difference"":""0"",""ForeignInvestorsIncludeMainlandAreaInvestors-TotalBuy"":""150247"",""ForeignInvestorsIncludeMainlandAreaInvestors-TotalSell"":""99050"",""ForeignInvestorsInclude MainlandAreaInvestors-Difference"":""51197"",""SecuritiesInvestmentTrustCompanies-TotalBuy"":""0"",""SecuritiesInvestmentTrustCompanies-TotalSell"":""0"",""SecuritiesInvestmentTrustCompanies-Difference"":""0"",""Dealers-TotalBuy"":""719"",""Dealers-TotalSell"":""6159"",""Dealers-Difference"":""-5440"",""Dealers -TotalSell"":""6159"",""TotalDifference"":""45757""}"
2026-09-08,TPEX,7751,竑騰,0,0,0,0,0,0,7100,3132,3968,"{""Date"":""1150908"",""SecuritiesCompanyCode"":""7751"",""CompanyName"":""竑騰"",""Foreign Investors include Mainland Area Investors (Foreign Dealers excluded)-Total Buy"":""47102"","" Foreign Investors include Mainland Area Investors (Foreign Dealers excluded)-Total Sell"":""45000"",""Foreign Investors include Mainland Area Investors (Foreign Dealers excluded)-Difference"":""2102"",""Foreign Dealers-Total Buy"":""0"",""Foreign Dealers-TotalSell"":""0"",""ForeignDealers-Difference"":""0"",""ForeignInvestorsIncludeMainlandAreaInvestors-TotalBuy"":""47102"",""ForeignInvestorsIncludeMainlandAreaInvestors-TotalSell"":""45000"",""ForeignInvestorsInclude MainlandAreaInvestors-Difference"":""2102"",""SecuritiesInvestmentTrustCompanies-TotalBuy"":""0"",""SecuritiesInvestmentTrustCompanies-TotalSell"":""0"",""SecuritiesInvestmentTrustCompanies-Difference"":""0"",""Dealers-TotalBuy"":""7100"",""Dealers-TotalSell"":""3132"",""Dealers-Difference"":""3968"",""Dealers -TotalSell"":""309"",""TotalDifference"":""6070""}"
2026-09-08,TPEX,7753,星亞,0,0,0,0,0,0,0,0,0,"{""Date"":""1150908"",""SecuritiesCompanyCode"":""7753"",""CompanyName"":""星亞"",""Foreign Investors include Mainland Area Investors (Foreign Dealers excluded)-Total Buy"":""0"","" Foreign Investors include Mainland Area Investors (Foreign Dealers excluded)-Total Sell"":""1000"",""Foreign Investors include Mainland Area Investors (Foreign Dealers excluded)-Difference"":""-1000"",""Foreign Dealers-Total Buy"":""0"",""Foreign Dealers-TotalSell"":""0"",""ForeignDealers-Difference"":""0"",""ForeignInvestorsIncludeMainlandAreaInvestors-TotalBuy"":""0"",""ForeignInvestorsIncludeMainlandAreaInvestors-TotalSell"":""1000"",""ForeignInvestorsInclude MainlandAreaInvestors-Difference"":""-1000"",""SecuritiesInvestmentTrustCompanies-TotalBuy"":""0"",""SecuritiesInvestmentTrustCompanies-TotalSell"":""0"",""SecuritiesInvestmentTrustCompanies-Difference"":""0"",""Dealers-TotalBuy"":""0"",""Dealers-TotalSell"":""0"",""Dealers-Difference"":""0"",""Dealers -TotalSell"":""0"",""TotalDifference"":""-1000""}"
2026-09-08,TPEX,7770,君曜,0,0,0,0,0,0,0,1000,-1000,"{""Date"":""1150908"",""SecuritiesCompanyCode"":""7770"",""CompanyName"":""君曜"",""Foreign Investors include Mainland Area Investors (Foreign Dealers excluded)-Total Buy"":""1000"","" Foreign Investors include Mainland Area Investors (Foreign Dealers excluded)-Total Sell"":""0"",""Foreign Investors include Mainland Area Investors (Foreign Dealers excluded)-Difference"":""1000"",""Foreign Dealers-Total Buy"":""0"",""Foreign Dealers-TotalSell"":""0"",""ForeignDealers-Difference"":""0"",""ForeignInvestorsIncludeMainlandAreaInvestors-TotalBuy"":""1000"",""ForeignInvestorsIncludeMainlandAreaInvestors-TotalSell"":""0"",""ForeignInvestorsInclude MainlandAreaInvestors-Difference"":""1000"",""SecuritiesInvestmentTrustCompanies-TotalBuy"":""0"",""SecuritiesInvestmentTrustCompanies-TotalSell"":""0"",""SecuritiesInvestmentTrustCompanies-Difference"":""0"",""Dealers-TotalBuy"":""0"",""Dealers-TotalSell"":""1000"",""Dealers-Difference"":""-1000"",""Dealers -TotalSell"":""0"",""TotalDifference"":""0""}"
2026-09-08,TPEX,7772,耀穎,0,0,0,0,0,0,20791,0,20791,"{""Date"":""1150908"",""SecuritiesCompanyCode"":""7772"",""CompanyName"":""耀穎"",""Foreign Investors include Mainland Area Investors (Foreign Dealers excluded)-Total Buy"":""0"","" Foreign Investors include Mainland Area Investors (Foreign Dealers excluded)-Total Sell"":""20000"",""Foreign Investors include Mainland Area Investors (Foreign Dealers excluded)-Difference"":""-20000"",""Foreign Dealers-Total Buy"":""0"",""Foreign Dealers-TotalSell"":""0"",""ForeignDealers-Difference"":""0"",""ForeignInvestorsIncludeMainlandAreaInvestors-TotalBuy"":""0"",""ForeignInvestorsIncludeMainlandAreaInvestors-TotalSell"":""20000"",""ForeignInvestorsInclude MainlandAreaInvestors-Difference"":""-20000"",""SecuritiesInvestmentTrustCompanies-TotalBuy"":""0"",""SecuritiesInvestmentTrustCompanies-TotalSell"":""0"",""SecuritiesInvestmentTrustCompanies-Difference"":""0"",""Dealers-TotalBuy"":""20791"",""Dealers-TotalSell"":""0"",""Dealers-Difference"":""20791"",""Dealers -TotalSell"":""0"",""TotalDifference"":""791""}"
2026-09-08,TPEX,7777,能率亞洲,0,0,0,0,0,0,0,20380,-20380,"{""Date"":""1150908"",""SecuritiesCompanyCode"":""7777"",""CompanyName"":""能率亞洲"",""Foreign Investors include Mainland Area Investors (Foreign Dealers excluded)-Total Buy"":""57000"","" Foreign Investors include Mainland Area Investors (Foreign Dealers excluded)-Total Sell"":""231282"",""Foreign Investors include Mainland Area Investors (Foreign Dealers excluded)-Difference"":""-174282"",""Foreign Dealers-Total Buy"":""0"",""Foreign Dealers-TotalSell"":""0"",""ForeignDealers-Difference"":""0"",""ForeignInvestorsIncludeMainlandAreaInvestors-TotalBuy"":""57000"",""ForeignInvestorsIncludeMainlandAreaInvestors-TotalSell"":""231282"",""ForeignInvestorsInclude MainlandAreaInvestors-Difference"":""-174282"",""SecuritiesInvestmentTrustCompanies-TotalBuy"":""0"",""SecuritiesInvestmentTrustCompanies-TotalSell"":""0"",""SecuritiesInvestmentTrustCompanies-Difference"":""0"",""Dealers-TotalBuy"":""0"",""Dealers-TotalSell"":""20380"",""Dealers-Difference"":""-20380"",""Dealers -TotalSell"":""20380"",""TotalDifference"":""-194662""}"
2026-09-08,TPEX,7792,安葆,0,0,0,0,0,0,1807,558,1249,"{""Date"":""1150908"",""SecuritiesCompanyCode"":""7792"",""CompanyName"":""安葆"",""Foreign Investors include Mainland Area Investors (Foreign Dealers excluded)-Total Buy"":""147364"","" Foreign Investors include Mainland Area Investors (Foreign Dealers excluded)-Total Sell"":""149000"",""Foreign Investors include Mainland Area Investors (Foreign Dealers excluded)-Difference"":""-1636"",""Foreign Dealers-Total Buy"":""0"",""Foreign Dealers-TotalSell"":""0"",""ForeignDealers-Difference"":""0"",""ForeignInvestorsIncludeMainlandAreaInvestors-TotalBuy"":""147364"",""ForeignInvestorsIncludeMainlandAreaInvestors-TotalSell"":""149000"",""ForeignInvestorsInclude MainlandAreaInvestors-Difference"":""-1636"",""SecuritiesInvestmentTrustCompanies-TotalBuy"":""0"",""SecuritiesInvestmentTrustCompanies-TotalSell"":""0"",""SecuritiesInvestmentTrustCompanies-Difference"":""0"",""Dealers-TotalBuy"":""1807"",""Dealers-TotalSell"":""558"",""Dealers-Difference"":""1249"",""Dealers -TotalSell"":""558"",""TotalDifference"":""-387""}"
2026-09-08,TPEX,7794,宏碁智新,0,0,0,0,0,0,0,1000,-1000,"{""Date"":""1150908"",""SecuritiesCompanyCode"":""7794"",""CompanyName"":""宏碁智新"",""Foreign Investors include Mainland Area Investors (Foreign Dealers excluded)-Total Buy"":""5000"","" Foreign Investors include Mainland Area Investors (Foreign Dealers excluded)-Total Sell"":""35000"",""Foreign Investors include Mainland Area Investors (Foreign Dealers excluded)-Difference"":""-30000"",""Foreign Dealers-Total Buy"":""0"",""Foreign Dealers-TotalSell"":""0"",""ForeignDealers-Difference"":""0"",""ForeignInvestorsIncludeMainlandAreaInvestors-TotalBuy"":""5000"",""ForeignInvestorsIncludeMainlandAreaInvestors-TotalSell"":""35000"",""ForeignInvestorsInclude MainlandAreaInvestors-Difference"":""-30000"",""SecuritiesInvestmentTrustCompanies-TotalBuy"":""0"",""SecuritiesInvestmentTrustCompanies-TotalSell"":""0"",""SecuritiesInvestmentTrustCompanies-Difference"":""0"",""Dealers-TotalBuy"":""0"",""Dealers-TotalSell"":""1000"",""Dealers-Difference"":""-1000"",""Dealers -TotalSell"":""0"",""TotalDifference"":""-31000""}"
2026-09-08,TPEX,7805,威聯通,0,0,0,0,0,0,0,338,-338,"{""Date"":""1150908"",""SecuritiesCompanyCode"":""7805"",""CompanyName"":""威聯通"",""Foreign Investors include Mainland Area Investors (Foreign Dealers excluded)-Total Buy"":""4100"","" Foreign Investors include Mainland Area Investors (Foreign Dealers excluded)-Total Sell"":""8000"",""Foreign Investors include Mainland Area Investors (Foreign Dealers excluded)-Difference"":""-3900"",""Foreign Dealers-Total Buy"":""0"",""Foreign Dealers-TotalSell"":""0"",""ForeignDealers-Difference"":""0"",""ForeignInvestorsIncludeMainlandAreaInvestors-TotalBuy"":""4100"",""ForeignInvestorsIncludeMainlandAreaInvestors-TotalSell"":""8000"",""ForeignInvestorsInclude MainlandAreaInvestors-Difference"":""-3900"",""SecuritiesInvestmentTrustCompanies-TotalBuy"":""0"",""SecuritiesInvestmentTrustCompanies-TotalSell"":""0"",""SecuritiesInvestmentTrustCompanies-Difference"":""0"",""Dealers-TotalBuy"":""0"",""Dealers-TotalSell"":""338"",""Dealers-Difference"":""-338"",""Dealers -TotalSell"":""338"",""TotalDifference"":""-4238""}"
2026-09-08,TPEX,7810,捷創科技,0,0,0,0,0,0,2080,11951,-9871,"{""Date"":""1150908"",""SecuritiesCompanyCode"":""7810"",""CompanyName"":""捷創科技"",""Foreign Investors include Mainland Area Investors (Foreign Dealers excluded)-Total Buy"":""20000"","" Foreign Investors include Mainland Area Investors (Foreign Dealers excluded)-Total Sell"":""31168"",""Foreign Investors include Mainland Area Investors (Foreign Dealers excluded)-Difference"":""-11168"",""Foreign Dealers-Total Buy"":""0"",""Foreign Dealers-TotalSell"":""0"",""ForeignDealers-Difference"":""0"",""ForeignInvestorsIncludeMainlandAreaInvestors-TotalBuy"":""20000"",""ForeignInvestorsIncludeMainlandAreaInvestors-TotalSell"":""31168"",""ForeignInvestorsInclude MainlandAreaInvestors-Difference"":""-11168"",""SecuritiesInvestmentTrustCompanies-TotalBuy"":""0"",""SecuritiesInvestmentTrustCompanies-TotalSell"":""0"",""SecuritiesInvestmentTrustCompanies-Difference"":""0"",""Dealers-TotalBuy"":""2080"",""Dealers-TotalSell"":""11951"",""Dealers-Difference"":""-9871"",""Dealers -TotalSell"":""11951"",""TotalDifference"":""-21039""}"
2026-09-08,TPEX,7814,海昌生技,0,0,0,0,0,0,0,0,0,"{""Date"":""1150908"",""SecuritiesCompanyCode"":""7814"",""CompanyName"":""海昌生技"",""Foreign Investors include Mainland Area Investors (Foreign Dealers excluded)-Total Buy"":""2000"","" Foreign Investors include Mainland Area Investors (Foreign Dealers excluded)-Total Sell"":""0"",""Foreign Investors include Mainland Area Investors (Foreign Dealers excluded)-Difference"":""2000"",""Foreign Dealers-Total Buy"":""0"",""Foreign Dealers-TotalSell"":""0"",""ForeignDealers-Difference"":""0"",""ForeignInvestorsIncludeMainlandAreaInvestors-TotalBuy"":""2000"",""ForeignInvestorsIncludeMainlandAreaInvestors-TotalSell"":""0"",""ForeignInvestorsInclude MainlandAreaInvestors-Difference"":""2000"",""SecuritiesInvestmentTrustCompanies-TotalBuy"":""0"",""SecuritiesInvestmentTrustCompanies-TotalSell"":""0"",""SecuritiesInvestmentTrustCompanies-Difference"":""0"",""Dealers-TotalBuy"":""0"",""Dealers-TotalSell"":""0"",""Dealers-Difference"":""0"",""Dealers -TotalSell"":""0"",""TotalDifference"":""2000""}"
2026-09-08,TPEX,7819,精誠金融,0,0,0,0,0,0,0,0,0,"{""Date"":""1150908"",""SecuritiesCompanyCode"":""7819"",""CompanyName"":""精誠金融"",""Foreign Investors include Mainland Area Investors (Foreign Dealers excluded)-Total Buy"":""5000"","" Foreign Investors include Mainland Area Investors (Foreign Dealers excluded)-Total Sell"":""0"",""Foreign Investors include Mainland Area Investors (Foreign Dealers excluded)-Difference"":""5000"",""Foreign Dealers-Total Buy"":""0"",""Foreign Dealers-TotalSell"":""0"",""ForeignDealers-Difference"":""0"",""ForeignInvestorsIncludeMainlandAreaInvestors-TotalBuy"":""5000"",""ForeignInvestorsIncludeMainlandAreaInvestors-TotalSell"":""0"",""ForeignInvestorsInclude MainlandAreaInvestors-Difference"":""5000"",""SecuritiesInvestmentTrustCompanies-TotalBuy"":""0"",""SecuritiesInvestmentTrustCompanies-TotalSell"":""0"",""SecuritiesInvestmentTrustCompanies-Difference"":""0"",""Dealers-TotalBuy"":""0"",""Dealers-TotalSell"":""0"",""Dealers-Difference"":""0"",""Dealers -TotalSell"":""0"",""TotalDifference"":""5000""}"
2026-09-08,TPEX,7820,立盈,0,0,0,0,0,0,0,0,0,"{""Date"":""1150908"",""SecuritiesCompanyCode"":""7820"",""CompanyName"":""立盈"",""Foreign Investors include Mainland Area Investors (Foreign Dealers excluded)-Total Buy"":""1000"","" Foreign Investors include Mainland Area Investors (Foreign Dealers excluded)-Total Sell"":""2000"",""Foreign Investors include Mainland Area Investors (Foreign Dealers excluded)-Difference"":""-1000"",""Foreign Dealers-Total Buy"":""0"",""Foreign Dealers-TotalSell"":""0"",""ForeignDealers-Difference"":""0"",""ForeignInvestorsIncludeMainlandAreaInvestors-TotalBuy"":""1000"",""ForeignInvestorsIncludeMainlandAreaInvestors-TotalSell"":""2000"",""ForeignInvestorsInclude MainlandAreaInvestors-Difference"":""-1000"",""SecuritiesInvestmentTrustCompanies-TotalBuy"":""0"",""SecuritiesInvestmentTrustCompanies-TotalSell"":""0"",""SecuritiesInvestmentTrustCompanies-Difference"":""0"",""Dealers-TotalBuy"":""0"",""Dealers-TotalSell"":""0"",""Dealers-Difference"":""0"",""Dealers -TotalSell"":""0"",""TotalDifference"":""-1000""}"
2026-09-08,TPEX,7828,創新服務,0,0,0,1000,0,1000,37327,0,37327,"{""Date"":""1150908"",""SecuritiesCompanyCode"":""7828"",""CompanyName"":""創新服務"",""Foreign Investors include Mainland Area Investors (Foreign Dealers excluded)-Total Buy"":""436649"","" Foreign Investors include Mainland Area Investors (Foreign Dealers excluded)-Total Sell"":""106030"",""Foreign Investors include Mainland Area Investors (Foreign Dealers excluded)-Difference"":""330619"",""Foreign Dealers-Total Buy"":""0"",""Foreign Dealers-TotalSell"":""0"",""ForeignDealers-Difference"":""0"",""ForeignInvestorsIncludeMainlandAreaInvestors-TotalBuy"":""436649"",""ForeignInvestorsIncludeMainlandAreaInvestors-TotalSell"":""106030"",""ForeignInvestorsInclude MainlandAreaInvestors-Difference"":""330619"",""SecuritiesInvestmentTrustCompanies-TotalBuy"":""1000"",""SecuritiesInvestmentTrustCompanies-TotalSell"":""0"",""SecuritiesInvestmentTrustCompanies-Difference"":""1000"",""Dealers-TotalBuy"":""37327"",""Dealers-TotalSell"":""0"",""Dealers-Difference"":""37327"",""Dealers -TotalSell"":""0"",""TotalDifference"":""368946""}"
2026-09-08,TPEX,7839,達人網,0,0,0,0,0,0,0,0,0,"{""Date"":""1150908"",""SecuritiesCompanyCode"":""7839"",""CompanyName"":""達人網"",""Foreign Investors include Mainland Area Investors (Foreign Dealers excluded)-Total Buy"":""5000"","" Foreign Investors include Mainland Area Investors (Foreign Dealers excluded)-Total Sell"":""4000"",""Foreign Investors include Mainland Area Investors (Foreign Dealers excluded)-Difference"":""1000"",""Foreign Dealers-Total Buy"":""0"",""Foreign Dealers-TotalSell"":""0"",""ForeignDealers-Difference"":""0"",""ForeignInvestorsIncludeMainlandAreaInvestors-TotalBuy"":""5000"",""ForeignInvestorsIncludeMainlandAreaInvestors-TotalSell"":""4000"",""ForeignInvestorsInclude MainlandAreaInvestors-Difference"":""1000"",""SecuritiesInvestmentTrustCompanies-TotalBuy"":""0"",""SecuritiesInvestmentTrustCompanies-TotalSell"":""0"",""SecuritiesInvestmentTrustCompanies-Difference"":""0"",""Dealers-TotalBuy"":""0"",""Dealers-TotalSell"":""0"",""Dealers-Difference"":""0"",""Dealers -TotalSell"":""0"",""TotalDifference"":""1000""}"
2026-09-08,TPEX,7842,天能綠電,0,0,0,0,0,0,0,0,0,"{""Date"":""1150908"",""SecuritiesCompanyCode"":""7842"",""CompanyName"":""天能綠電"",""Foreign Investors include Mainland Area Investors (Foreign Dealers excluded)-Total Buy"":""0"","" Foreign Investors include Mainland Area Investors (Foreign Dealers excluded)-Total Sell"":""1000"",""Foreign Investors include Mainland Area Investors (Foreign Dealers excluded)-Difference"":""-1000"",""Foreign Dealers-Total Buy"":""0"",""Foreign Dealers-TotalSell"":""0"",""ForeignDealers-Difference"":""0"",""ForeignInvestorsIncludeMainlandAreaInvestors-TotalBuy"":""0"",""ForeignInvestorsIncludeMainlandAreaInvestors-TotalSell"":""1000"",""ForeignInvestorsInclude MainlandAreaInvestors-Difference"":""-1000"",""SecuritiesInvestmentTrustCompanies-TotalBuy"":""0"",""SecuritiesInvestmentTrustCompanies-TotalSell"":""0"",""SecuritiesInvestmentTrustCompanies-Difference"":""0"",""Dealers-TotalBuy"":""0"",""Dealers-TotalSell"":""0"",""Dealers-Difference"":""0"",""Dealers -TotalSell"":""0"",""TotalDifference"":""-1000""}"
2026-09-08,TPEX,8024,佑華,0,0,0,0,0,0,435,1100,-665,"{""Date"":""1150908"",""SecuritiesCompanyCode"":""8024"",""CompanyName"":""佑華"",""Foreign Investors include Mainland Area Investors (Foreign Dealers excluded)-Total Buy"":""1000"","" Foreign Investors include Mainland Area Investors (Foreign Dealers excluded)-Total Sell"":""8000"",""Foreign Investors include Mainland Area Investors (Foreign Dealers excluded)-Difference"":""-7000"",""Foreign Dealers-Total Buy"":""0"",""Foreign Dealers-TotalSell"":""0"",""ForeignDealers-Difference"":""0"",""ForeignInvestorsIncludeMainlandAreaInvestors-TotalBuy"":""1000"",""ForeignInvestorsIncludeMainlandAreaInvestors-TotalSell"":""8000"",""ForeignInvestorsInclude MainlandAreaInvestors-Difference"":""-7000"",""SecuritiesInvestmentTrustCompanies-TotalBuy"":""0"",""SecuritiesInvestmentTrustCompanies-TotalSell"":""0"",""SecuritiesInvestmentTrustCompanies-Difference"":""0"",""Dealers-TotalBuy"":""435"",""Dealers-TotalSell"":""1100"",""Dealers-Difference"":""-665"",""Dealers -TotalSell"":""1100"",""TotalDifference"":""-7665""}"
2026-09-08,TPEX,8027,鈦昇,0,0,0,0,0,0,42369,41961,408,"{""Date"":""1150908"",""SecuritiesCompanyCode"":""8027"",""CompanyName"":""鈦昇"",""Foreign Investors include Mainland Area Investors (Foreign Dealers excluded)-Total Buy"":""674987"","" Foreign Investors include Mainland Area Investors (Foreign Dealers excluded)-Total Sell"":""1796200"",""Foreign Investors include Mainland Area Investors (Foreign Dealers excluded)-Difference"":""-1121213"",""Foreign Dealers-Total Buy"":""0"",""Foreign Dealers-TotalSell"":""0"",""ForeignDealers-Difference"":""0"",""ForeignInvestorsIncludeMainlandAreaInvestors-TotalBuy"":""674987"",""ForeignInvestorsIncludeMainlandAreaInvestors-TotalSell"":""1796200"",""ForeignInvestorsInclude MainlandAreaInvestors-Difference"":""-1121213"",""SecuritiesInvestmentTrustCompanies-TotalBuy"":""0"",""SecuritiesInvestmentTrustCompanies-TotalSell"":""0"",""SecuritiesInvestmentTrustCompanies-Difference"":""0"",""Dealers-TotalBuy"":""42369"",""Dealers-TotalSell"":""41961"",""Dealers-Difference"":""408"",""Dealers -TotalSell"":""41961"",""TotalDifference"":""-1120805""}"
2026-09-08,TPEX,8032,光菱,0,0,0,0,0,0,0,0,0,"{""Date"":""1150908"",""SecuritiesCompanyCode"":""8032"",""CompanyName"":""光菱"",""Foreign Investors include Mainland Area Investors (Foreign Dealers excluded)-Total Buy"":""1000"","" Foreign Investors include Mainland Area Investors (Foreign Dealers excluded)-Total Sell"":""5000"",""Foreign Investors include Mainland Area Investors (Foreign Dealers excluded)-Difference"":""-4000"",""Foreign Dealers-Total Buy"":""0"",""Foreign Dealers-TotalSell"":""0"",""ForeignDealers-Difference"":""0"",""ForeignInvestorsIncludeMainlandAreaInvestors-TotalBuy"":""1000"",""ForeignInvestorsIncludeMainlandAreaInvestors-TotalSell"":""5000"",""ForeignInvestorsInclude MainlandAreaInvestors-Difference"":""-4000"",""SecuritiesInvestmentTrustCompanies-TotalBuy"":""0"",""SecuritiesInvestmentTrustCompanies-TotalSell"":""0"",""SecuritiesInvestmentTrustCompanies-Difference"":""0"",""Dealers-TotalBuy"":""0"",""Dealers-TotalSell"":""0"",""Dealers-Difference"":""0"",""Dealers -TotalSell"":""0"",""TotalDifference"":""-4000""}"
2026-09-08,TPEX,8034,榮群,0,0,0,0,0,0,0,0,0,"{""Date"":""1150908"",""SecuritiesCompanyCode"":""8034"",""CompanyName"":""榮群"",""Foreign Investors include Mainland Area Investors (Foreign Dealers excluded)-Total Buy"":""27000"","" Foreign Investors include Mainland Area Investors (Foreign Dealers excluded)-Total Sell"":""45000"",""Foreign Investors include Mainland Area Investors (Foreign Dealers excluded)-Difference"":""-18000"",""Foreign Dealers-Total Buy"":""0"",""Foreign Dealers-TotalSell"":""0"",""ForeignDealers-Difference"":""0"",""ForeignInvestorsIncludeMainlandAreaInvestors-TotalBuy"":""27000"",""ForeignInvestorsIncludeMainlandAreaInvestors-TotalSell"":""45000"",""ForeignInvestorsInclude MainlandAreaInvestors-Difference"":""-18000"",""SecuritiesInvestmentTrustCompanies-TotalBuy"":""0"",""SecuritiesInvestmentTrustCompanies-TotalSell"":""0"",""SecuritiesInvestmentTrustCompanies-Difference"":""0"",""Dealers-TotalBuy"":""0"",""Dealers-TotalSell"":""0"",""Dealers-Difference"":""0"",""Dealers -TotalSell"":""0"",""TotalDifference"":""-18000""}"
2026-09-08,TPEX,8038,長園科,0,0,0,0,0,0,0,83,-83,"{""Date"":""1150908"",""SecuritiesCompanyCode"":""8038"",""CompanyName"":""長園科"",""Foreign Investors include Mainland Area Investors (Foreign Dealers excluded)-Total Buy"":""22000"","" Foreign Investors include Mainland Area Investors (Foreign Dealers excluded)-Total Sell"":""9000"",""Foreign Investors include Mainland Area Investors (Foreign Dealers excluded)-Difference"":""13000"",""Foreign Dealers-Total Buy"":""0"",""Foreign Dealers-TotalSell"":""0"",""ForeignDealers-Difference"":""0"",""ForeignInvestorsIncludeMainlandAreaInvestors-TotalBuy"":""22000"",""ForeignInvestorsIncludeMainlandAreaInvestors-TotalSell"":""9000"",""ForeignInvestorsInclude MainlandAreaInvestors-Difference"":""13000"",""SecuritiesInvestmentTrustCompanies-TotalBuy"":""0"",""SecuritiesInvestmentTrustCompanies-TotalSell"":""0"",""SecuritiesInvestmentTrustCompanies-Difference"":""0"",""Dealers-TotalBuy"":""0"",""Dealers-TotalSell"":""83"",""Dealers-Difference"":""-83"",""Dealers -TotalSell"":""83"",""TotalDifference"":""12917""}"
2026-09-08,TPEX,8040,九暘,0,0,0,0,0,0,15489,15593,-104,"{""Date"":""1150908"",""SecuritiesCompanyCode"":""8040"",""CompanyName"":""九暘"",""Foreign Investors include Mainland Area Investors (Foreign Dealers excluded)-Total Buy"":""799000"","" Foreign Investors include Mainland Area Investors (Foreign Dealers excluded)-Total Sell"":""1472000"",""Foreign Investors include Mainland Area Investors (Foreign Dealers excluded)-Difference"":""-673000"",""Foreign Dealers-Total Buy"":""0"",""Foreign Dealers-TotalSell"":""0"",""ForeignDealers-Difference"":""0"",""ForeignInvestorsIncludeMainlandAreaInvestors-TotalBuy"":""799000"",""ForeignInvestorsIncludeMainlandAreaInvestors-TotalSell"":""1472000"",""ForeignInvestorsInclude MainlandAreaInvestors-Difference"":""-673000"",""SecuritiesInvestmentTrustCompanies-TotalBuy"":""0"",""SecuritiesInvestmentTrustCompanies-TotalSell"":""0"",""SecuritiesInvestmentTrustCompanies-Difference"":""0"",""Dealers-TotalBuy"":""15489"",""Dealers-TotalSell"":""15593"",""Dealers-Difference"":""-104"",""Dealers -TotalSell"":""15593"",""TotalDifference"":""-673104""}"
2026-09-08,TPEX,8042,金山電,0,0,0,0,0,0,192107,270944,-78837,"{""Date"":""1150908"",""SecuritiesCompanyCode"":""8042"",""CompanyName"":""金山電"",""Foreign Investors include Mainland Area Investors (Foreign Dealers excluded)-Total Buy"":""1545000"","" Foreign Investors include Mainland Area Investors (Foreign Dealers excluded)-Total Sell"":""3687000"",""Foreign Investors include Mainland Area Investors (Foreign Dealers excluded)-Difference"":""-2142000"",""Foreign Dealers-Total Buy"":""0"",""Foreign Dealers-TotalSell"":""0"",""ForeignDealers-Difference"":""0"",""ForeignInvestorsIncludeMainlandAreaInvestors-TotalBuy"":""1545000"",""ForeignInvestorsIncludeMainlandAreaInvestors-TotalSell"":""3687000"",""ForeignInvestorsInclude MainlandAreaInvestors-Difference"":""-2142000"",""SecuritiesInvestmentTrustCompanies-TotalBuy"":""0"",""SecuritiesInvestmentTrustCompanies-TotalSell"":""0"",""SecuritiesInvestmentTrustCompanies-Difference"":""0"",""Dealers-TotalBuy"":""192107"",""Dealers-TotalSell"":""270944"",""Dealers-Difference"":""-78837"",""Dealers -TotalSell"":""230944"",""TotalDifference"":""-2220837""}"
2026-09-08,TPEX,8043,蜜望實,0,0,0,0,0,0,9000,25635,-16635,"{""Date"":""1150908"",""SecuritiesCompanyCode"":""8043"",""CompanyName"":""蜜望實"",""Foreign Investors include Mainland Area Investors (Foreign Dealers excluded)-Total Buy"":""385000"","" Foreign Investors include Mainland Area Investors (Foreign Dealers excluded)-Total Sell"":""531048"",""Foreign Investors include Mainland Area Investors (Foreign Dealers excluded)-Difference"":""-146048"",""Foreign Dealers-Total Buy"":""0"",""Foreign Dealers-TotalSell"":""0"",""ForeignDealers-Difference"":""0"",""ForeignInvestorsIncludeMainlandAreaInvestors-TotalBuy"":""385000"",""ForeignInvestorsIncludeMainlandAreaInvestors-TotalSell"":""531048"",""ForeignInvestorsInclude MainlandAreaInvestors-Difference"":""-146048"",""SecuritiesInvestmentTrustCompanies-TotalBuy"":""0"",""SecuritiesInvestmentTrustCompanies-TotalSell"":""0"",""SecuritiesInvestmentTrustCompanies-Difference"":""0"",""Dealers-TotalBuy"":""9000"",""Dealers-TotalSell"":""25635"",""Dealers-Difference"":""-16635"",""Dealers -TotalSell"":""25635"",""TotalDifference"":""-162683""}"
2026-09-08,TPEX,8044,網家,0,0,0,0,0,0,0,300,-300,"{""Date"":""1150908"",""SecuritiesCompanyCode"":""8044"",""CompanyName"":""網家"",""Foreign Investors include Mainland Area Investors (Foreign Dealers excluded)-Total Buy"":""73000"","" Foreign Investors include Mainland Area Investors (Foreign Dealers excluded)-Total Sell"":""158000"",""Foreign Investors include Mainland Area Investors (Foreign Dealers excluded)-Difference"":""-85000"",""Foreign Dealers-Total Buy"":""0"",""Foreign Dealers-TotalSell"":""0"",""ForeignDealers-Difference"":""0"",""ForeignInvestorsIncludeMainlandAreaInvestors-TotalBuy"":""73000"",""ForeignInvestorsIncludeMainlandAreaInvestors-TotalSell"":""158000"",""ForeignInvestorsInclude MainlandAreaInvestors-Difference"":""-85000"",""SecuritiesInvestmentTrustCompanies-TotalBuy"":""0"",""SecuritiesInvestmentTrustCompanies-TotalSell"":""0"",""SecuritiesInvestmentTrustCompanies-Difference"":""0"",""Dealers-TotalBuy"":""0"",""Dealers-TotalSell"":""300"",""Dealers-Difference"":""-300"",""Dealers -TotalSell"":""300"",""TotalDifference"":""-85300""}"
2026-09-08,TPEX,8048,德勝,0,0,0,0,0,0,1000,1147,-147,"{""Date"":""1150908"",""SecuritiesCompanyCode"":""8048"",""CompanyName"":""德勝"",""Foreign Investors include Mainland Area Investors (Foreign Dealers excluded)-Total Buy"":""17000"","" Foreign Investors include Mainland Area Investors (Foreign Dealers excluded)-Total Sell"":""43000"",""Foreign Investors include Mainland Area Investors (Foreign Dealers excluded)-Difference"":""-26000"",""Foreign Dealers-Total Buy"":""0"",""Foreign Dealers-TotalSell"":""0"",""ForeignDealers-Difference"":""0"",""ForeignInvestorsIncludeMainlandAreaInvestors-TotalBuy"":""17000"",""ForeignInvestorsIncludeMainlandAreaInvestors-TotalSell"":""43000"",""ForeignInvestorsInclude MainlandAreaInvestors-Difference"":""-26000"",""SecuritiesInvestmentTrustCompanies-TotalBuy"":""0"",""SecuritiesInvestmentTrustCompanies-TotalSell"":""0"",""SecuritiesInvestmentTrustCompanies-Difference"":""0"",""Dealers-TotalBuy"":""1000"",""Dealers-TotalSell"":""1147"",""Dealers-Difference"":""-147"",""Dealers -TotalSell"":""1147"",""TotalDifference"":""-26147""}"
2026-09-08,TPEX,8049,晶采,0,0,0,0,0,0,1000,1004,-4,"{""Date"":""1150908"",""SecuritiesCompanyCode"":""8049"",""CompanyName"":""晶采"",""Foreign Investors include Mainland Area Investors (Foreign Dealers excluded)-Total Buy"":""2000"","" Foreign Investors include Mainland Area Investors (Foreign Dealers excluded)-Total Sell"":""13000"",""Foreign Investors include Mainland Area Investors (Foreign Dealers excluded)-Difference"":""-11000"",""Foreign Dealers-Total Buy"":""0"",""Foreign Dealers-TotalSell"":""0"",""ForeignDealers-Difference"":""0"",""ForeignInvestorsIncludeMainlandAreaInvestors-TotalBuy"":""2000"",""ForeignInvestorsIncludeMainlandAreaInvestors-TotalSell"":""13000"",""ForeignInvestorsInclude MainlandAreaInvestors-Difference"":""-11000"",""SecuritiesInvestmentTrustCompanies-TotalBuy"":""0"",""SecuritiesInvestmentTrustCompanies-TotalSell"":""0"",""SecuritiesInvestmentTrustCompanies-Difference"":""0"",""Dealers-TotalBuy"":""1000"",""Dealers-TotalSell"":""1004"",""Dealers-Difference"":""-4"",""Dealers -TotalSell"":""1004"",""TotalDifference"":""-11004""}"
2026-09-08,TPEX,8050,廣積,0,0,0,0,0,0,99,4157,-4058,"{""Date"":""1150908"",""SecuritiesCompanyCode"":""8050"",""CompanyName"":""廣積"",""Foreign Investors include Mainland Area Investors (Foreign Dealers excluded)-Total Buy"":""112331"","" Foreign Investors include Mainland Area Investors (Foreign Dealers excluded)-Total Sell"":""292000"",""Foreign Investors include Mainland Area Investors (Foreign Dealers excluded)-Difference"":""-179669"",""Foreign Dealers-Total Buy"":""0"",""Foreign Dealers-TotalSell"":""0"",""ForeignDealers-Difference"":""0"",""ForeignInvestorsIncludeMainlandAreaInvestors-TotalBuy"":""112331"",""ForeignInvestorsIncludeMainlandAreaInvestors-TotalSell"":""292000"",""ForeignInvestorsInclude MainlandAreaInvestors-Difference"":""-179669"",""SecuritiesInvestmentTrustCompanies-TotalBuy"":""0"",""SecuritiesInvestmentTrustCompanies-TotalSell"":""0"",""SecuritiesInvestmentTrustCompanies-Difference"":""0"",""Dealers-TotalBuy"":""99"",""Dealers-TotalSell"":""4157"",""Dealers-Difference"":""-4058"",""Dealers -TotalSell"":""4157"",""TotalDifference"":""-183727""}"
2026-09-08,TPEX,8054,安國,0,0,0,0,0,0,11200,7257,3943,"{""Date"":""1150908"",""SecuritiesCompanyCode"":""8054"",""CompanyName"":""安國"",""Foreign Investors include Mainland Area Investors (Foreign Dealers excluded)-Total Buy"":""451095"","" Foreign Investors include Mainland Area Investors (Foreign Dealers excluded)-Total Sell"":""583100"",""Foreign Investors include Mainland Area Investors (Foreign Dealers excluded)-Difference"":""-132005"",""Foreign Dealers-Total Buy"":""0"",""Foreign Dealers-TotalSell"":""0"",""ForeignDealers-Difference"":""0"",""ForeignInvestorsIncludeMainlandAreaInvestors-TotalBuy"":""451095"",""ForeignInvestorsIncludeMainlandAreaInvestors-TotalSell"":""583100"",""ForeignInvestorsInclude MainlandAreaInvestors-Difference"":""-132005"",""SecuritiesInvestmentTrustCompanies-TotalBuy"":""0"",""SecuritiesInvestmentTrustCompanies-TotalSell"":""0"",""SecuritiesInvestmentTrustCompanies-Difference"":""0"",""Dealers-TotalBuy"":""11200"",""Dealers-TotalSell"":""7257"",""Dealers-Difference"":""3943"",""Dealers -TotalSell"":""7257"",""TotalDifference"":""-128062""}"
2026-09-08,TPEX,8059,凱碩,0,0,0,0,0,0,15,1038,-1023,"{""Date"":""1150908"",""SecuritiesCompanyCode"":""8059"",""CompanyName"":""凱碩"",""Foreign Investors include Mainland Area Investors (Foreign Dealers excluded)-Total Buy"":""2000"","" Foreign Investors include Mainland Area Investors (Foreign Dealers excluded)-Total Sell"":""16000"",""Foreign Investors include Mainland Area Investors (Foreign Dealers excluded)-Difference"":""-14000"",""Foreign Dealers-Total Buy"":""0"",""Foreign Dealers-TotalSell"":""0"",""ForeignDealers-Difference"":""0"",""ForeignInvestorsIncludeMainlandAreaInvestors-TotalBuy"":""2000"",""ForeignInvestorsIncludeMainlandAreaInvestors-TotalSell"":""16000"",""ForeignInvestorsInclude MainlandAreaInvestors-Difference"":""-14000"",""SecuritiesInvestmentTrustCompanies-TotalBuy"":""0"",""SecuritiesInvestmentTrustCompanies-TotalSell"":""0"",""SecuritiesInvestmentTrustCompanies-Difference"":""0"",""Dealers-TotalBuy"":""15"",""Dealers-TotalSell"":""1038"",""Dealers-Difference"":""-1023"",""Dealers -TotalSell"":""1038"",""TotalDifference"":""-15023""}"
2026-09-08,TPEX,8064,東捷,0,0,0,0,0,0,214921,88000,126921,"{""Date"":""1150908"",""SecuritiesCompanyCode"":""8064"",""CompanyName"":""東捷"",""Foreign Investors include Mainland Area Investors (Foreign Dealers excluded)-Total Buy"":""806000"","" Foreign Investors include Mainland Area Investors (Foreign Dealers excluded)-Total Sell"":""289150"",""Foreign Investors include Mainland Area Investors (Foreign Dealers excluded)-Difference"":""516850"",""Foreign Dealers-Total Buy"":""0"",""Foreign Dealers-TotalSell"":""0"",""ForeignDealers-Difference"":""0"",""ForeignInvestorsIncludeMainlandAreaInvestors-TotalBuy"":""806000"",""ForeignInvestorsIncludeMainlandAreaInvestors-TotalSell"":""289150"",""ForeignInvestorsInclude MainlandAreaInvestors-Difference"":""516850"",""SecuritiesInvestmentTrustCompanies-TotalBuy"":""0"",""SecuritiesInvestmentTrustCompanies-TotalSell"":""0"",""SecuritiesInvestmentTrustCompanies-Difference"":""0"",""Dealers-TotalBuy"":""214921"",""Dealers-TotalSell"":""88000"",""Dealers-Difference"":""126921"",""Dealers -TotalSell"":""88000"",""TotalDifference"":""643771""}"
2026-09-08,TPEX,8068,全達,0,0,0,0,0,0,0,0,0,"{""Date"":""1150908"",""SecuritiesCompanyCode"":""8068"",""CompanyName"":""全達"",""Foreign Investors include Mainland Area Investors (Foreign Dealers excluded)-Total Buy"":""3000"","" Foreign Investors include Mainland Area Investors (Foreign Dealers excluded)-Total Sell"":""3000"",""Foreign Investors include Mainland Area Investors (Foreign Dealers excluded)-Difference"":""0"",""Foreign Dealers-Total Buy"":""0"",""Foreign Dealers-TotalSell"":""0"",""ForeignDealers-Difference"":""0"",""ForeignInvestorsIncludeMainlandAreaInvestors-TotalBuy"":""3000"",""ForeignInvestorsIncludeMainlandAreaInvestors-TotalSell"":""3000"",""ForeignInvestorsInclude MainlandAreaInvestors-Difference"":""0"",""SecuritiesInvestmentTrustCompanies-TotalBuy"":""0"",""SecuritiesInvestmentTrustCompanies-TotalSell"":""0"",""SecuritiesInvestmentTrustCompanies-Difference"":""0"",""Dealers-TotalBuy"":""0"",""Dealers-TotalSell"":""0"",""Dealers-Difference"":""0"",""Dealers -TotalSell"":""0"",""TotalDifference"":""0""}"
2026-09-08,TPEX,8069,元太,0,0,0,50000,24229,25771,125000,183880,-58880,"{""Date"":""1150908"",""SecuritiesCompanyCode"":""8069"",""CompanyName"":""元太"",""Foreign Investors include Mainland Area Investors (Foreign Dealers excluded)-Total Buy"":""2151559"","" Foreign Investors include Mainland Area Investors (Foreign Dealers excluded)-Total Sell"":""4099000"",""Foreign Investors include Mainland Area Investors (Foreign Dealers excluded)-Difference"":""-1947441"",""Foreign Dealers-Total Buy"":""0"",""Foreign Dealers-TotalSell"":""0"",""ForeignDealers-Difference"":""0"",""ForeignInvestorsIncludeMainlandAreaInvestors-TotalBuy"":""2151559"",""ForeignInvestorsIncludeMainlandAreaInvestors-TotalSell"":""4099000"",""ForeignInvestorsInclude MainlandAreaInvestors-Difference"":""-1947441"",""SecuritiesInvestmentTrustCompanies-TotalBuy"":""50000"",""SecuritiesInvestmentTrustCompanies-TotalSell"":""24229"",""SecuritiesInvestmentTrustCompanies-Difference"":""25771"",""Dealers-TotalBuy"":""125000"",""Dealers-TotalSell"":""183880"",""Dealers-Difference"":""-58880"",""Dealers -TotalSell"":""162350"",""TotalDifference"":""-1980550""}"
2026-09-08,TPEX,8071,能率網通,0,0,0,0,0,0,2000,1909,91,"{""Date"":""1150908"",""SecuritiesCompanyCode"":""8071"",""CompanyName"":""能率網通"",""Foreign Investors include Mainland Area Investors (Foreign Dealers excluded)-Total Buy"":""30000"","" Foreign Investors include Mainland Area Investors (Foreign Dealers excluded)-Total Sell"":""96000"",""Foreign Investors include Mainland Area Investors (Foreign Dealers excluded)-Difference"":""-66000"",""Foreign Dealers-Total Buy"":""0"",""Foreign Dealers-TotalSell"":""0"",""ForeignDealers-Difference"":""0"",""ForeignInvestorsIncludeMainlandAreaInvestors-TotalBuy"":""30000"",""ForeignInvestorsIncludeMainlandAreaInvestors-TotalSell"":""96000"",""ForeignInvestorsInclude MainlandAreaInvestors-Difference"":""-66000"",""SecuritiesInvestmentTrustCompanies-TotalBuy"":""0"",""SecuritiesInvestmentTrustCompanies-TotalSell"":""0"",""SecuritiesInvestmentTrustCompanies-Difference"":""0"",""Dealers-TotalBuy"":""2000"",""Dealers-TotalSell"":""1909"",""Dealers-Difference"":""91"",""Dealers -TotalSell"":""1909"",""TotalDifference"":""-65909""}"
2026-09-08,TPEX,8074,鉅橡,0,0,0,0,0,0,2761,21592,-18831,"{""Date"":""1150908"",""SecuritiesCompanyCode"":""8074"",""CompanyName"":""鉅橡"",""Foreign Investors include Mainland Area Investors (Foreign Dealers excluded)-Total Buy"":""65840"","" Foreign Investors include Mainland Area Investors (Foreign Dealers excluded)-Total Sell"":""210000"",""Foreign Investors include Mainland Area Investors (Foreign Dealers excluded)-Difference"":""-144160"",""Foreign Dealers-Total Buy"":""0"",""Foreign Dealers-TotalSell"":""0"",""ForeignDealers-Difference"":""0"",""ForeignInvestorsIncludeMainlandAreaInvestors-TotalBuy"":""65840"",""ForeignInvestorsIncludeMainlandAreaInvestors-TotalSell"":""210000"",""ForeignInvestorsInclude MainlandAreaInvestors-Difference"":""-144160"",""SecuritiesInvestmentTrustCompanies-TotalBuy"":""0"",""SecuritiesInvestmentTrustCompanies-TotalSell"":""0"",""SecuritiesInvestmentTrustCompanies-Difference"":""0"",""Dealers-TotalBuy"":""2761"",""Dealers-TotalSell"":""21592"",""Dealers-Difference"":""-18831"",""Dealers -TotalSell"":""21492"",""TotalDifference"":""-162991""}"
2026-09-08,TPEX,8076,伍豐,0,0,0,0,0,0,1000,2201,-1201,"{""Date"":""1150908"",""SecuritiesCompanyCode"":""8076"",""CompanyName"":""伍豐"",""Foreign Investors include Mainland Area Investors (Foreign Dealers excluded)-Total Buy"":""200000"","" Foreign Investors include Mainland Area Investors (Foreign Dealers excluded)-Total Sell"":""160050"",""Foreign Investors include Mainland Area Investors (Foreign Dealers excluded)-Difference"":""39950"",""Foreign Dealers-Total Buy"":""0"",""Foreign Dealers-TotalSell"":""0"",""ForeignDealers-Difference"":""0"",""ForeignInvestorsIncludeMainlandAreaInvestors-TotalBuy"":""200000"",""ForeignInvestorsIncludeMainlandAreaInvestors-TotalSell"":""160050"",""ForeignInvestorsInclude MainlandAreaInvestors-Difference"":""39950"",""SecuritiesInvestmentTrustCompanies-TotalBuy"":""0"",""SecuritiesInvestmentTrustCompanies-TotalSell"":""0"",""SecuritiesInvestmentTrustCompanies-Difference"":""0"",""Dealers-TotalBuy"":""1000"",""Dealers-TotalSell"":""2201"",""Dealers-Difference"":""-1201"",""Dealers -TotalSell"":""2201"",""TotalDifference"":""38749""}"
2026-09-08,TPEX,8080,泰霖,0,0,0,0,0,0,333,0,333,"{""Date"":""1150908"",""SecuritiesCompanyCode"":""8080"",""CompanyName"":""泰霖"",""Foreign Investors include Mainland Area Investors (Foreign Dealers excluded)-Total Buy"":""0"","" Foreign Investors include Mainland Area Investors (Foreign Dealers excluded)-Total Sell"":""0"",""Foreign Investors include Mainland Area Investors (Foreign Dealers excluded)-Difference"":""0"",""Foreign Dealers-Total Buy"":""0"",""Foreign Dealers-TotalSell"":""0"",""ForeignDealers-Difference"":""0"",""ForeignInvestorsIncludeMainlandAreaInvestors-TotalBuy"":""0"",""ForeignInvestorsIncludeMainlandAreaInvestors-TotalSell"":""0"",""ForeignInvestorsInclude MainlandAreaInvestors-Difference"":""0"",""SecuritiesInvestmentTrustCompanies-TotalBuy"":""0"",""SecuritiesInvestmentTrustCompanies-TotalSell"":""0"",""SecuritiesInvestmentTrustCompanies-Difference"":""0"",""Dealers-TotalBuy"":""333"",""Dealers-TotalSell"":""0"",""Dealers-Difference"":""333"",""Dealers -TotalSell"":""0"",""TotalDifference"":""333""}"
2026-09-08,TPEX,8083,瑞穎,0,0,0,0,0,0,0,0,0,"{""Date"":""1150908"",""SecuritiesCompanyCode"":""8083"",""CompanyName"":""瑞穎"",""Foreign Investors include Mainland Area Investors (Foreign Dealers excluded)-Total Buy"":""3000"","" Foreign Investors include Mainland Area Investors (Foreign Dealers excluded)-Total Sell"":""18000"",""Foreign Investors include Mainland Area Investors (Foreign Dealers excluded)-Difference"":""-15000"",""Foreign Dealers-Total Buy"":""0"",""Foreign Dealers-TotalSell"":""0"",""ForeignDealers-Difference"":""0"",""ForeignInvestorsIncludeMainlandAreaInvestors-TotalBuy"":""3000"",""ForeignInvestorsIncludeMainlandAreaInvestors-TotalSell"":""18000"",""ForeignInvestorsInclude MainlandAreaInvestors-Difference"":""-15000"",""SecuritiesInvestmentTrustCompanies-TotalBuy"":""0"",""SecuritiesInvestmentTrustCompanies-TotalSell"":""0"",""SecuritiesInvestmentTrustCompanies-Difference"":""0"",""Dealers-TotalBuy"":""0"",""Dealers-TotalSell"":""0"",""Dealers-Difference"":""0"",""Dealers -TotalSell"":""0"",""TotalDifference"":""-15000""}"
2026-09-08,TPEX,8084,巨虹,0,0,0,0,0,0,1000,1420,-420,"{""Date"":""1150908"",""SecuritiesCompanyCode"":""8084"",""CompanyName"":""巨虹"",""Foreign Investors include Mainland Area Investors (Foreign Dealers excluded)-Total Buy"":""278000"","" Foreign Investors include Mainland Area Investors (Foreign Dealers excluded)-Total Sell"":""99000"",""Foreign Investors include Mainland Area Investors (Foreign Dealers excluded)-Difference"":""179000"",""Foreign Dealers-Total Buy"":""0"",""Foreign Dealers-TotalSell"":""0"",""ForeignDealers-Difference"":""0"",""ForeignInvestorsIncludeMainlandAreaInvestors-TotalBuy"":""278000"",""ForeignInvestorsIncludeMainlandAreaInvestors-TotalSell"":""99000"",""ForeignInvestorsInclude MainlandAreaInvestors-Difference"":""179000"",""SecuritiesInvestmentTrustCompanies-TotalBuy"":""0"",""SecuritiesInvestmentTrustCompanies-TotalSell"":""0"",""SecuritiesInvestmentTrustCompanies-Difference"":""0"",""Dealers-TotalBuy"":""1000"",""Dealers-TotalSell"":""1420"",""Dealers-Difference"":""-420"",""Dealers -TotalSell"":""1420"",""TotalDifference"":""178580""}"
2026-09-08,TPEX,8085,福華,0,0,0,0,0,0,100,5354,-5254,"{""Date"":""1150908"",""SecuritiesCompanyCode"":""8085"",""CompanyName"":""福華"",""Foreign Investors include Mainland Area Investors (Foreign Dealers excluded)-Total Buy"":""45360"","" Foreign Investors include Mainland Area Investors (Foreign Dealers excluded)-Total Sell"":""85390"",""Foreign Investors include Mainland Area Investors (Foreign Dealers excluded)-Difference"":""-40030"",""Foreign Dealers-Total Buy"":""0"",""Foreign Dealers-TotalSell"":""0"",""ForeignDealers-Difference"":""0"",""ForeignInvestorsIncludeMainlandAreaInvestors-TotalBuy"":""45360"",""ForeignInvestorsIncludeMainlandAreaInvestors-TotalSell"":""85390"",""ForeignInvestorsInclude MainlandAreaInvestors-Difference"":""-40030"",""SecuritiesInvestmentTrustCompanies-TotalBuy"":""0"",""SecuritiesInvestmentTrustCompanies-TotalSell"":""0"",""SecuritiesInvestmentTrustCompanies-Difference"":""0"",""Dealers-TotalBuy"":""100"",""Dealers-TotalSell"":""5354"",""Dealers-Difference"":""-5254"",""Dealers -TotalSell"":""5354"",""TotalDifference"":""-45284""}"
2026-09-08,TPEX,8086,宏捷科,0,0,0,0,0,0,31000,40074,-105074,"{""Date"":""1150908"",""SecuritiesCompanyCode"":""8086"",""CompanyName"":""宏捷科"",""Foreign Investors include Mainland Area Investors (Foreign Dealers excluded)-Total Buy"":""252000"","" Foreign Investors include Mainland Area Investors (Foreign Dealers excluded)-Total Sell"":""797000"",""Foreign Investors include Mainland Area Investors (Foreign Dealers excluded)-Difference"":""-545000"",""Foreign Dealers-Total Buy"":""0"",""Foreign Dealers-TotalSell"":""0"",""ForeignDealers-Difference"":""0"",""ForeignInvestorsIncludeMainlandAreaInvestors-TotalBuy"":""252000"",""ForeignInvestorsIncludeMainlandAreaInvestors-TotalSell"":""797000"",""ForeignInvestorsInclude MainlandAreaInvestors-Difference"":""-545000"",""SecuritiesInvestmentTrustCompanies-TotalBuy"":""0"",""SecuritiesInvestmentTrustCompanies-TotalSell"":""0"",""SecuritiesInvestmentTrustCompanies-Difference"":""0"",""Dealers-TotalBuy"":""31000"",""Dealers-TotalSell"":""136074"",""Dealers-Difference"":""-105074"",""Dealers -TotalSell"":""40074"",""TotalDifference"":""-650074""}"
2026-09-08,TPEX,8088,品安,0,0,0,0,0,0,2000,2206,-206,"{""Date"":""1150908"",""SecuritiesCompanyCode"":""8088"",""CompanyName"":""品安"",""Foreign Investors include Mainland Area Investors (Foreign Dealers excluded)-Total Buy"":""87000"","" Foreign Investors include Mainland Area Investors (Foreign Dealers excluded)-Total Sell"":""184000"",""Foreign Investors include Mainland Area Investors (Foreign Dealers excluded)-Difference"":""-97000"",""Foreign Dealers-Total Buy"":""0"",""Foreign Dealers-TotalSell"":""0"",""ForeignDealers-Difference"":""0"",""ForeignInvestorsIncludeMainlandAreaInvestors-TotalBuy"":""87000"",""ForeignInvestorsIncludeMainlandAreaInvestors-TotalSell"":""184000"",""ForeignInvestorsInclude MainlandAreaInvestors-Difference"":""-97000"",""SecuritiesInvestmentTrustCompanies-TotalBuy"":""0"",""SecuritiesInvestmentTrustCompanies-TotalSell"":""0"",""SecuritiesInvestmentTrustCompanies-Difference"":""0"",""Dealers-TotalBuy"":""2000"",""Dealers-TotalSell"":""2206"",""Dealers-Difference"":""-206"",""Dealers -TotalSell"":""2206"",""TotalDifference"":""-97206""}"
2026-09-08,TPEX,8089,康全電訊,0,0,0,0,0,0,0,0,0,"{""Date"":""1150908"",""SecuritiesCompanyCode"":""8089"",""CompanyName"":""康全電訊"",""Foreign Investors include Mainland Area Investors (Foreign Dealers excluded)-Total Buy"":""14000"","" Foreign Investors include Mainland Area Investors (Foreign Dealers excluded)-Total Sell"":""4000"",""Foreign Investors include Mainland Area Investors (Foreign Dealers excluded)-Difference"":""10000"",""Foreign Dealers-Total Buy"":""0"",""Foreign Dealers-TotalSell"":""0"",""ForeignDealers-Difference"":""0"",""ForeignInvestorsIncludeMainlandAreaInvestors-TotalBuy"":""14000"",""ForeignInvestorsIncludeMainlandAreaInvestors-TotalSell"":""4000"",""ForeignInvestorsInclude MainlandAreaInvestors-Difference"":""10000"",""SecuritiesInvestmentTrustCompanies-TotalBuy"":""0"",""SecuritiesInvestmentTrustCompanies-TotalSell"":""0"",""SecuritiesInvestmentTrustCompanies-Difference"":""0"",""Dealers-TotalBuy"":""0"",""Dealers-TotalSell"":""0"",""Dealers-Difference"":""0"",""Dealers -TotalSell"":""0"",""TotalDifference"":""10000""}"
2026-09-08,TPEX,8091,翔名,0,0,0,0,0,0,7000,8502,-1502,"{""Date"":""1150908"",""SecuritiesCompanyCode"":""8091"",""CompanyName"":""翔名"",""Foreign Investors include Mainland Area Investors (Foreign Dealers excluded)-Total Buy"":""31005"","" Foreign Investors include Mainland Area Investors (Foreign Dealers excluded)-Total Sell"":""88000"",""Foreign Investors include Mainland Area Investors (Foreign Dealers excluded)-Difference"":""-56995"",""Foreign Dealers-Total Buy"":""0"",""Foreign Dealers-TotalSell"":""0"",""ForeignDealers-Difference"":""0"",""ForeignInvestorsIncludeMainlandAreaInvestors-TotalBuy"":""31005"",""ForeignInvestorsIncludeMainlandAreaInvestors-TotalSell"":""88000"",""ForeignInvestorsInclude MainlandAreaInvestors-Difference"":""-56995"",""SecuritiesInvestmentTrustCompanies-TotalBuy"":""0"",""SecuritiesInvestmentTrustCompanies-TotalSell"":""0"",""SecuritiesInvestmentTrustCompanies-Difference"":""0"",""Dealers-TotalBuy"":""7000"",""Dealers-TotalSell"":""8502"",""Dealers-Difference"":""-1502"",""Dealers -TotalSell"":""8502"",""TotalDifference"":""-58497""}"
2026-09-08,TPEX,8093,保銳,0,0,0,0,0,0,0,0,0,"{""Date"":""1150908"",""SecuritiesCompanyCode"":""8093"",""CompanyName"":""保銳"",""Foreign Investors include Mainland Area Investors (Foreign Dealers excluded)-Total Buy"":""1000"","" Foreign Investors include Mainland Area Investors (Foreign Dealers excluded)-Total Sell"":""1000"",""Foreign Investors include Mainland Area Investors (Foreign Dealers excluded)-Difference"":""0"",""Foreign Dealers-Total Buy"":""0"",""Foreign Dealers-TotalSell"":""0"",""ForeignDealers-Difference"":""0"",""ForeignInvestorsIncludeMainlandAreaInvestors-TotalBuy"":""1000"",""ForeignInvestorsIncludeMainlandAreaInvestors-TotalSell"":""1000"",""ForeignInvestorsInclude MainlandAreaInvestors-Difference"":""0"",""SecuritiesInvestmentTrustCompanies-TotalBuy"":""0"",""SecuritiesInvestmentTrustCompanies-TotalSell"":""0"",""SecuritiesInvestmentTrustCompanies-Difference"":""0"",""Dealers-TotalBuy"":""0"",""Dealers-TotalSell"":""0"",""Dealers-Difference"":""0"",""Dealers -TotalSell"":""0"",""TotalDifference"":""0""}"
2026-09-08,TPEX,8096,擎亞,0,0,0,0,0,0,42882,64210,-21328,"{""Date"":""1150908"",""SecuritiesCompanyCode"":""8096"",""CompanyName"":""擎亞"",""Foreign Investors include Mainland Area Investors (Foreign Dealers excluded)-Total Buy"":""552842"","" Foreign Investors include Mainland Area Investors (Foreign Dealers excluded)-Total Sell"":""605106"",""Foreign Investors include Mainland Area Investors (Foreign Dealers excluded)-Difference"":""-52264"",""Foreign Dealers-Total Buy"":""0"",""Foreign Dealers-TotalSell"":""0"",""ForeignDealers-Difference"":""0"",""ForeignInvestorsIncludeMainlandAreaInvestors-TotalBuy"":""552842"",""ForeignInvestorsIncludeMainlandAreaInvestors-TotalSell"":""605106"",""ForeignInvestorsInclude MainlandAreaInvestors-Difference"":""-52264"",""SecuritiesInvestmentTrustCompanies-TotalBuy"":""0"",""SecuritiesInvestmentTrustCompanies-TotalSell"":""0"",""SecuritiesInvestmentTrustCompanies-Difference"":""0"",""Dealers-TotalBuy"":""42882"",""Dealers-TotalSell"":""64210"",""Dealers-Difference"":""-21328"",""Dealers -TotalSell"":""64210"",""TotalDifference"":""-73592""}"
2026-09-08,TPEX,8097,常珵,0,0,0,0,0,0,350,0,350,"{""Date"":""1150908"",""SecuritiesCompanyCode"":""8097"",""CompanyName"":""常珵"",""Foreign Investors include Mainland Area Investors (Foreign Dealers excluded)-Total Buy"":""7000"","" Foreign Investors include Mainland Area Investors (Foreign Dealers excluded)-Total Sell"":""14000"",""Foreign Investors include Mainland Area Investors (Foreign Dealers excluded)-Difference"":""-7000"",""Foreign Dealers-Total Buy"":""0"",""Foreign Dealers-TotalSell"":""0"",""ForeignDealers-Difference"":""0"",""ForeignInvestorsIncludeMainlandAreaInvestors-TotalBuy"":""7000"",""ForeignInvestorsIncludeMainlandAreaInvestors-TotalSell"":""14000"",""ForeignInvestorsInclude MainlandAreaInvestors-Difference"":""-7000"",""SecuritiesInvestmentTrustCompanies-TotalBuy"":""0"",""SecuritiesInvestmentTrustCompanies-TotalSell"":""0"",""SecuritiesInvestmentTrustCompanies-Difference"":""0"",""Dealers-TotalBuy"":""350"",""Dealers-TotalSell"":""0"",""Dealers-Difference"":""350"",""Dealers -TotalSell"":""0"",""TotalDifference"":""-6650""}"
2026-09-08,TPEX,8099,大世科,0,0,0,0,0,0,305,0,305,"{""Date"":""1150908"",""SecuritiesCompanyCode"":""8099"",""CompanyName"":""大世科"",""Foreign Investors include Mainland Area Investors (Foreign Dealers excluded)-Total Buy"":""10103"","" Foreign Investors include Mainland Area Investors (Foreign Dealers excluded)-Total Sell"":""13000"",""Foreign Investors include Mainland Area Investors (Foreign Dealers excluded)-Difference"":""-2897"",""Foreign Dealers-Total Buy"":""0"",""Foreign Dealers-TotalSell"":""0"",""ForeignDealers-Difference"":""0"",""ForeignInvestorsIncludeMainlandAreaInvestors-TotalBuy"":""10103"",""ForeignInvestorsIncludeMainlandAreaInvestors-TotalSell"":""13000"",""ForeignInvestorsInclude MainlandAreaInvestors-Difference"":""-2897"",""SecuritiesInvestmentTrustCompanies-TotalBuy"":""0"",""SecuritiesInvestmentTrustCompanies-TotalSell"":""0"",""SecuritiesInvestmentTrustCompanies-Difference"":""0"",""Dealers-TotalBuy"":""305"",""Dealers-TotalSell"":""0"",""Dealers-Difference"":""305"",""Dealers -TotalSell"":""0"",""TotalDifference"":""-2592""}"
2026-09-08,TPEX,8107,大億金茂,0,0,0,0,0,0,0,0,0,"{""Date"":""1150908"",""SecuritiesCompanyCode"":""8107"",""CompanyName"":""大億金茂"",""Foreign Investors include Mainland Area Investors (Foreign Dealers excluded)-Total Buy"":""5000"","" Foreign Investors include Mainland Area Investors (Foreign Dealers excluded)-Total Sell"":""0"",""Foreign Investors include Mainland Area Investors (Foreign Dealers excluded)-Difference"":""5000"",""Foreign Dealers-Total Buy"":""0"",""Foreign Dealers-TotalSell"":""0"",""ForeignDealers-Difference"":""0"",""ForeignInvestorsIncludeMainlandAreaInvestors-TotalBuy"":""5000"",""ForeignInvestorsIncludeMainlandAreaInvestors-TotalSell"":""0"",""ForeignInvestorsInclude MainlandAreaInvestors-Difference"":""5000"",""SecuritiesInvestmentTrustCompanies-TotalBuy"":""0"",""SecuritiesInvestmentTrustCompanies-TotalSell"":""0"",""SecuritiesInvestmentTrustCompanies-Difference"":""0"",""Dealers-TotalBuy"":""0"",""Dealers-TotalSell"":""0"",""Dealers-Difference"":""0"",""Dealers -TotalSell"":""0"",""TotalDifference"":""5000""}"
2026-09-08,TPEX,8109,博大,0,0,0,2000,0,2000,0,5440,-5440,"{""Date"":""1150908"",""SecuritiesCompanyCode"":""8109"",""CompanyName"":""博大"",""Foreign Investors include Mainland Area Investors (Foreign Dealers excluded)-Total Buy"":""16000"","" Foreign Investors include Mainland Area Investors (Foreign Dealers excluded)-Total Sell"":""36000"",""Foreign Investors include Mainland Area Investors (Foreign Dealers excluded)-Difference"":""-20000"",""Foreign Dealers-Total Buy"":""0"",""Foreign Dealers-TotalSell"":""0"",""ForeignDealers-Difference"":""0"",""ForeignInvestorsIncludeMainlandAreaInvestors-TotalBuy"":""16000"",""ForeignInvestorsIncludeMainlandAreaInvestors-TotalSell"":""36000"",""ForeignInvestorsInclude MainlandAreaInvestors-Difference"":""-20000"",""SecuritiesInvestmentTrustCompanies-TotalBuy"":""2000"",""SecuritiesInvestmentTrustCompanies-TotalSell"":""0"",""SecuritiesInvestmentTrustCompanies-Difference"":""2000"",""Dealers-TotalBuy"":""0"",""Dealers-TotalSell"":""5440"",""Dealers-Difference"":""-5440"",""Dealers -TotalSell"":""5429"",""TotalDifference"":""-23440""}"
2026-09-08,TPEX,8111,立碁,0,0,0,0,0,0,27047,187003,-159956,"{""Date"":""1150908"",""SecuritiesCompanyCode"":""8111"",""CompanyName"":""立碁"",""Foreign Investors include Mainland Area Investors (Foreign Dealers excluded)-Total Buy"":""858546"","" Foreign Investors include Mainland Area Investors (Foreign Dealers excluded)-Total Sell"":""1264367"",""Foreign Investors include Mainland Area Investors (Foreign Dealers excluded)-Difference"":""-405821"",""Foreign Dealers-Total Buy"":""0"",""Foreign Dealers-TotalSell"":""0"",""ForeignDealers-Difference"":""0"",""ForeignInvestorsIncludeMainlandAreaInvestors-TotalBuy"":""858546"",""ForeignInvestorsIncludeMainlandAreaInvestors-TotalSell"":""1264367"",""ForeignInvestorsInclude MainlandAreaInvestors-Difference"":""-405821"",""SecuritiesInvestmentTrustCompanies-TotalBuy"":""0"",""SecuritiesInvestmentTrustCompanies-TotalSell"":""0"",""SecuritiesInvestmentTrustCompanies-Difference"":""0"",""Dealers-TotalBuy"":""27047"",""Dealers-TotalSell"":""187003"",""Dealers-Difference"":""-159956"",""Dealers -TotalSell"":""187003"",""TotalDifference"":""-565777""}"
2026-09-08,TPEX,8121,越峰,0,0,0,0,0,0,2034,2999,-965,"{""Date"":""1150908"",""SecuritiesCompanyCode"":""8121"",""CompanyName"":""越峰"",""Foreign Investors include Mainland Area Investors (Foreign Dealers excluded)-Total Buy"":""63000"","" Foreign Investors include Mainland Area Investors (Foreign Dealers excluded)-Total Sell"":""162000"",""Foreign Investors include Mainland Area Investors (Foreign Dealers excluded)-Difference"":""-99000"",""Foreign Dealers-Total Buy"":""0"",""Foreign Dealers-TotalSell"":""0"",""ForeignDealers-Difference"":""0"",""ForeignInvestorsIncludeMainlandAreaInvestors-TotalBuy"":""63000"",""ForeignInvestorsIncludeMainlandAreaInvestors-TotalSell"":""162000"",""ForeignInvestorsInclude MainlandAreaInvestors-Difference"":""-99000"",""SecuritiesInvestmentTrustCompanies-TotalBuy"":""0"",""SecuritiesInvestmentTrustCompanies-TotalSell"":""0"",""SecuritiesInvestmentTrustCompanies-Difference"":""0"",""Dealers-TotalBuy"":""2034"",""Dealers-TotalSell"":""2999"",""Dealers-Difference"":""-965"",""Dealers -TotalSell"":""2999"",""TotalDifference"":""-99965""}"
2026-09-08,TPEX,8147,正淩,0,0,0,0,0,0,6218,9001,-2783,"{""Date"":""1150908"",""SecuritiesCompanyCode"":""8147"",""CompanyName"":""正淩"",""Foreign Investors include Mainland Area Investors (Foreign Dealers excluded)-Total Buy"":""35391"","" Foreign Investors include Mainland Area Investors (Foreign Dealers excluded)-Total Sell"":""206000"",""Foreign Investors include Mainland Area Investors (Foreign Dealers excluded)-Difference"":""-170609"",""Foreign Dealers-Total Buy"":""0"",""Foreign Dealers-TotalSell"":""0"",""ForeignDealers-Difference"":""0"",""ForeignInvestorsIncludeMainlandAreaInvestors-TotalBuy"":""35391"",""ForeignInvestorsIncludeMainlandAreaInvestors-TotalSell"":""206000"",""ForeignInvestorsInclude MainlandAreaInvestors-Difference"":""-170609"",""SecuritiesInvestmentTrustCompanies-TotalBuy"":""0"",""SecuritiesInvestmentTrustCompanies-TotalSell"":""0"",""SecuritiesInvestmentTrustCompanies-Difference"":""0"",""Dealers-TotalBuy"":""6218"",""Dealers-TotalSell"":""9001"",""Dealers-Difference"":""-2783"",""Dealers -TotalSell"":""9001"",""TotalDifference"":""-173392""}"
2026-09-08,TPEX,8155,博智,0,0,0,0,0,0,28000,49073,-21073,"{""Date"":""1150908"",""SecuritiesCompanyCode"":""8155"",""CompanyName"":""博智"",""Foreign Investors include Mainland Area Investors (Foreign Dealers excluded)-Total Buy"":""86000"","" Foreign Investors include Mainland Area Investors (Foreign Dealers excluded)-Total Sell"":""167000"",""Foreign Investors include Mainland Area Investors (Foreign Dealers excluded)-Difference"":""-81000"",""Foreign Dealers-Total Buy"":""0"",""Foreign Dealers-TotalSell"":""0"",""ForeignDealers-Difference"":""0"",""ForeignInvestorsIncludeMainlandAreaInvestors-TotalBuy"":""86000"",""ForeignInvestorsIncludeMainlandAreaInvestors-TotalSell"":""167000"",""ForeignInvestorsInclude MainlandAreaInvestors-Difference"":""-81000"",""SecuritiesInvestmentTrustCompanies-TotalBuy"":""0"",""SecuritiesInvestmentTrustCompanies-TotalSell"":""0"",""SecuritiesInvestmentTrustCompanies-Difference"":""0"",""Dealers-TotalBuy"":""28000"",""Dealers-TotalSell"":""49073"",""Dealers-Difference"":""-21073"",""Dealers -TotalSell"":""43073"",""TotalDifference"":""-102073""}"
2026-09-08,TPEX,8171,天宇,0,0,0,0,0,0,0,0,0,"{""Date"":""1150908"",""SecuritiesCompanyCode"":""8171"",""CompanyName"":""天宇"",""Foreign Investors include Mainland Area Investors (Foreign Dealers excluded)-Total Buy"":""8000"","" Foreign Investors include Mainland Area Investors (Foreign Dealers excluded)-Total Sell"":""1000"",""Foreign Investors include Mainland Area Investors (Foreign Dealers excluded)-Difference"":""7000"",""Foreign Dealers-Total Buy"":""0"",""Foreign Dealers-TotalSell"":""0"",""ForeignDealers-Difference"":""0"",""ForeignInvestorsIncludeMainlandAreaInvestors-TotalBuy"":""8000"",""ForeignInvestorsIncludeMainlandAreaInvestors-TotalSell"":""1000"",""ForeignInvestorsInclude MainlandAreaInvestors-Difference"":""7000"",""SecuritiesInvestmentTrustCompanies-TotalBuy"":""0"",""SecuritiesInvestmentTrustCompanies-TotalSell"":""0"",""SecuritiesInvestmentTrustCompanies-Difference"":""0"",""Dealers-TotalBuy"":""0"",""Dealers-TotalSell"":""0"",""Dealers-Difference"":""0"",""Dealers -TotalSell"":""0"",""TotalDifference"":""7000""}"
2026-09-08,TPEX,8176,智捷,0,0,0,0,0,0,1000,840,160,"{""Date"":""1150908"",""SecuritiesCompanyCode"":""8176"",""CompanyName"":""智捷"",""Foreign Investors include Mainland Area Investors (Foreign Dealers excluded)-Total Buy"":""0"","" Foreign Investors include Mainland Area Investors (Foreign Dealers excluded)-Total Sell"":""0"",""Foreign Investors include Mainland Area Investors (Foreign Dealers excluded)-Difference"":""0"",""Foreign Dealers-Total Buy"":""0"",""Foreign Dealers-TotalSell"":""0"",""ForeignDealers-Difference"":""0"",""ForeignInvestorsIncludeMainlandAreaInvestors-TotalBuy"":""0"",""ForeignInvestorsIncludeMainlandAreaInvestors-TotalSell"":""0"",""ForeignInvestorsInclude MainlandAreaInvestors-Difference"":""0"",""SecuritiesInvestmentTrustCompanies-TotalBuy"":""0"",""SecuritiesInvestmentTrustCompanies-TotalSell"":""0"",""SecuritiesInvestmentTrustCompanies-Difference"":""0"",""Dealers-TotalBuy"":""1000"",""Dealers-TotalSell"":""840"",""Dealers-Difference"":""160"",""Dealers -TotalSell"":""840"",""TotalDifference"":""160""}"
2026-09-08,TPEX,8182,加高,0,0,0,0,0,0,220,3132,-2912,"{""Date"":""1150908"",""SecuritiesCompanyCode"":""8182"",""CompanyName"":""加高"",""Foreign Investors include Mainland Area Investors (Foreign Dealers excluded)-Total Buy"":""47063"","" Foreign Investors include Mainland Area Investors (Foreign Dealers excluded)-Total Sell"":""168000"",""Foreign Investors include Mainland Area Investors (Foreign Dealers excluded)-Difference"":""-120937"",""Foreign Dealers-Total Buy"":""0"",""Foreign Dealers-TotalSell"":""0"",""ForeignDealers-Difference"":""0"",""ForeignInvestorsIncludeMainlandAreaInvestors-TotalBuy"":""47063"",""ForeignInvestorsIncludeMainlandAreaInvestors-TotalSell"":""168000"",""ForeignInvestorsInclude MainlandAreaInvestors-Difference"":""-120937"",""SecuritiesInvestmentTrustCompanies-TotalBuy"":""0"",""SecuritiesInvestmentTrustCompanies-TotalSell"":""0"",""SecuritiesInvestmentTrustCompanies-Difference"":""0"",""Dealers-TotalBuy"":""220"",""Dealers-TotalSell"":""3132"",""Dealers-Difference"":""-2912"",""Dealers -TotalSell"":""3132"",""TotalDifference"":""-123849""}"
2026-09-08,TPEX,8183,精星,0,0,0,0,0,0,90,1000,-910,"{""Date"":""1150908"",""SecuritiesCompanyCode"":""8183"",""CompanyName"":""精星"",""Foreign Investors include Mainland Area Investors (Foreign Dealers excluded)-Total Buy"":""144000"","" Foreign Investors include Mainland Area Investors (Foreign Dealers excluded)-Total Sell"":""23000"",""Foreign Investors include Mainland Area Investors (Foreign Dealers excluded)-Difference"":""121000"",""Foreign Dealers-Total Buy"":""0"",""Foreign Dealers-TotalSell"":""0"",""ForeignDealers-Difference"":""0"",""ForeignInvestorsIncludeMainlandAreaInvestors-TotalBuy"":""144000"",""ForeignInvestorsIncludeMainlandAreaInvestors-TotalSell"":""23000"",""ForeignInvestorsInclude MainlandAreaInvestors-Difference"":""121000"",""SecuritiesInvestmentTrustCompanies-TotalBuy"":""0"",""SecuritiesInvestmentTrustCompanies-TotalSell"":""0"",""SecuritiesInvestmentTrustCompanies-Difference"":""0"",""Dealers-TotalBuy"":""90"",""Dealers-TotalSell"":""1000"",""Dealers-Difference"":""-910"",""Dealers -TotalSell"":""1000"",""TotalDifference"":""120090""}"
2026-09-08,TPEX,8227,巨有科技,0,0,0,0,0,0,31685,11138,20547,"{""Date"":""1150908"",""SecuritiesCompanyCode"":""8227"",""CompanyName"":""巨有科技"",""Foreign Investors include Mainland Area Investors (Foreign Dealers excluded)-Total Buy"":""158220"","" Foreign Investors include Mainland Area Investors (Foreign Dealers excluded)-Total Sell"":""98050"",""Foreign Investors include Mainland Area Investors (Foreign Dealers excluded)-Difference"":""60170"",""Foreign Dealers-Total Buy"":""0"",""Foreign Dealers-TotalSell"":""0"",""ForeignDealers-Difference"":""0"",""ForeignInvestorsIncludeMainlandAreaInvestors-TotalBuy"":""158220"",""ForeignInvestorsIncludeMainlandAreaInvestors-TotalSell"":""98050"",""ForeignInvestorsInclude MainlandAreaInvestors-Difference"":""60170"",""SecuritiesInvestmentTrustCompanies-TotalBuy"":""0"",""SecuritiesInvestmentTrustCompanies-TotalSell"":""0"",""SecuritiesInvestmentTrustCompanies-Difference"":""0"",""Dealers-TotalBuy"":""31685"",""Dealers-TotalSell"":""11138"",""Dealers-Difference"":""20547"",""Dealers -TotalSell"":""11138"",""TotalDifference"":""80717""}"
2026-09-08,TPEX,8234,新漢,0,0,0,0,0,0,13665,10763,2902,"{""Date"":""1150908"",""SecuritiesCompanyCode"":""8234"",""CompanyName"":""新漢"",""Foreign Investors include Mainland Area Investors (Foreign Dealers excluded)-Total Buy"":""229000"","" Foreign Investors include Mainland Area Investors (Foreign Dealers excluded)-Total Sell"":""257000"",""Foreign Investors include Mainland Area Investors (Foreign Dealers excluded)-Difference"":""-28000"",""Foreign Dealers-Total Buy"":""0"",""Foreign Dealers-TotalSell"":""0"",""ForeignDealers-Difference"":""0"",""ForeignInvestorsIncludeMainlandAreaInvestors-TotalBuy"":""229000"",""ForeignInvestorsIncludeMainlandAreaInvestors-TotalSell"":""257000"",""ForeignInvestorsInclude MainlandAreaInvestors-Difference"":""-28000"",""SecuritiesInvestmentTrustCompanies-TotalBuy"":""0"",""SecuritiesInvestmentTrustCompanies-TotalSell"":""0"",""SecuritiesInvestmentTrustCompanies-Difference"":""0"",""Dealers-TotalBuy"":""13665"",""Dealers-TotalSell"":""10763"",""Dealers-Difference"":""2902"",""Dealers -TotalSell"":""10763"",""TotalDifference"":""-25098""}"
2026-09-08,TPEX,8240,華宏,0,0,0,0,0,0,76058,16331,59727,"{""Date"":""1150908"",""SecuritiesCompanyCode"":""8240"",""CompanyName"":""華宏"",""Foreign Investors include Mainland Area Investors (Foreign Dealers excluded)-Total Buy"":""470000"","" Foreign Investors include Mainland Area Investors (Foreign Dealers excluded)-Total Sell"":""948000"",""Foreign Investors include Mainland Area Investors (Foreign Dealers excluded)-Difference"":""-478000"",""Foreign Dealers-Total Buy"":""0"",""Foreign Dealers-TotalSell"":""0"",""ForeignDealers-Difference"":""0"",""ForeignInvestorsIncludeMainlandAreaInvestors-TotalBuy"":""470000"",""ForeignInvestorsIncludeMainlandAreaInvestors-TotalSell"":""948000"",""ForeignInvestorsInclude MainlandAreaInvestors-Difference"":""-478000"",""SecuritiesInvestmentTrustCompanies-TotalBuy"":""0"",""SecuritiesInvestmentTrustCompanies-TotalSell"":""0"",""SecuritiesInvestmentTrustCompanies-Difference"":""0"",""Dealers-TotalBuy"":""76058"",""Dealers-TotalSell"":""16331"",""Dealers-Difference"":""59727"",""Dealers -TotalSell"":""16331"",""TotalDifference"":""-418273""}"
2026-09-08,TPEX,8255,朋程,0,0,0,0,0,0,7000,17137,-10137,"{""Date"":""1150908"",""SecuritiesCompanyCode"":""8255"",""CompanyName"":""朋程"",""Foreign Investors include Mainland Area Investors (Foreign Dealers excluded)-Total Buy"":""30000"","" Foreign Investors include Mainland Area Investors (Foreign Dealers excluded)-Total Sell"":""163000"",""Foreign Investors include Mainland Area Investors (Foreign Dealers excluded)-Difference"":""-133000"",""Foreign Dealers-Total Buy"":""0"",""Foreign Dealers-TotalSell"":""0"",""ForeignDealers-Difference"":""0"",""ForeignInvestorsIncludeMainlandAreaInvestors-TotalBuy"":""30000"",""ForeignInvestorsIncludeMainlandAreaInvestors-TotalSell"":""163000"",""ForeignInvestorsInclude MainlandAreaInvestors-Difference"":""-133000"",""SecuritiesInvestmentTrustCompanies-TotalBuy"":""0"",""SecuritiesInvestmentTrustCompanies-TotalSell"":""0"",""SecuritiesInvestmentTrustCompanies-Difference"":""0"",""Dealers-TotalBuy"":""7000"",""Dealers-TotalSell"":""17137"",""Dealers-Difference"":""-10137"",""Dealers -TotalSell"":""16137"",""TotalDifference"":""-143137""}"
2026-09-08,TPEX,8272,全景軟體,0,0,0,0,0,0,0,0,0,"{""Date"":""1150908"",""SecuritiesCompanyCode"":""8272"",""CompanyName"":""全景軟體"",""Foreign Investors include Mainland Area Investors (Foreign Dealers excluded)-Total Buy"":""0"","" Foreign Investors include Mainland Area Investors (Foreign Dealers excluded)-Total Sell"":""1000"",""Foreign Investors include Mainland Area Investors (Foreign Dealers excluded)-Difference"":""-1000"",""Foreign Dealers-Total Buy"":""0"",""Foreign Dealers-TotalSell"":""0"",""ForeignDealers-Difference"":""0"",""ForeignInvestorsIncludeMainlandAreaInvestors-TotalBuy"":""0"",""ForeignInvestorsIncludeMainlandAreaInvestors-TotalSell"":""1000"",""ForeignInvestorsInclude MainlandAreaInvestors-Difference"":""-1000"",""SecuritiesInvestmentTrustCompanies-TotalBuy"":""0"",""SecuritiesInvestmentTrustCompanies-TotalSell"":""0"",""SecuritiesInvestmentTrustCompanies-Difference"":""0"",""Dealers-TotalBuy"":""0"",""Dealers-TotalSell"":""0"",""Dealers-Difference"":""0"",""Dealers -TotalSell"":""0"",""TotalDifference"":""-1000""}"
2026-09-08,TPEX,8277,商丞,0,0,0,0,0,0,0,52,-52,"{""Date"":""1150908"",""SecuritiesCompanyCode"":""8277"",""CompanyName"":""商丞"",""Foreign Investors include Mainland Area Investors (Foreign Dealers excluded)-Total Buy"":""7000"","" Foreign Investors include Mainland Area Investors (Foreign Dealers excluded)-Total Sell"":""25000"",""Foreign Investors include Mainland Area Investors (Foreign Dealers excluded)-Difference"":""-18000"",""Foreign Dealers-Total Buy"":""0"",""Foreign Dealers-TotalSell"":""0"",""ForeignDealers-Difference"":""0"",""ForeignInvestorsIncludeMainlandAreaInvestors-TotalBuy"":""7000"",""ForeignInvestorsIncludeMainlandAreaInvestors-TotalSell"":""25000"",""ForeignInvestorsInclude MainlandAreaInvestors-Difference"":""-18000"",""SecuritiesInvestmentTrustCompanies-TotalBuy"":""0"",""SecuritiesInvestmentTrustCompanies-TotalSell"":""0"",""SecuritiesInvestmentTrustCompanies-Difference"":""0"",""Dealers-TotalBuy"":""0"",""Dealers-TotalSell"":""52"",""Dealers-Difference"":""-52"",""Dealers -TotalSell"":""0"",""TotalDifference"":""-18052""}"
2026-09-08,TPEX,8279,生展,0,0,0,0,0,0,0,0,0,"{""Date"":""1150908"",""SecuritiesCompanyCode"":""8279"",""CompanyName"":""生展"",""Foreign Investors include Mainland Area Investors (Foreign Dealers excluded)-Total Buy"":""1000"","" Foreign Investors include Mainland Area Investors (Foreign Dealers excluded)-Total Sell"":""2000"",""Foreign Investors include Mainland Area Investors (Foreign Dealers excluded)-Difference"":""-1000"",""Foreign Dealers-Total Buy"":""0"",""Foreign Dealers-TotalSell"":""0"",""ForeignDealers-Difference"":""0"",""ForeignInvestorsIncludeMainlandAreaInvestors-TotalBuy"":""1000"",""ForeignInvestorsIncludeMainlandAreaInvestors-TotalSell"":""2000"",""ForeignInvestorsInclude MainlandAreaInvestors-Difference"":""-1000"",""SecuritiesInvestmentTrustCompanies-TotalBuy"":""0"",""SecuritiesInvestmentTrustCompanies-TotalSell"":""0"",""SecuritiesInvestmentTrustCompanies-Difference"":""0"",""Dealers-TotalBuy"":""0"",""Dealers-TotalSell"":""0"",""Dealers-Difference"":""0"",""Dealers -TotalSell"":""0"",""TotalDifference"":""-1000""}"
2026-09-08,TPEX,8284,三竹,0,0,0,0,0,0,1000,0,1000,"{""Date"":""1150908"",""SecuritiesCompanyCode"":""8284"",""CompanyName"":""三竹"",""Foreign Investors include Mainland Area Investors (Foreign Dealers excluded)-Total Buy"":""0"","" Foreign Investors include Mainland Area Investors (Foreign Dealers excluded)-Total Sell"":""0"",""Foreign Investors include Mainland Area Investors (Foreign Dealers excluded)-Difference"":""0"",""Foreign Dealers-Total Buy"":""0"",""Foreign Dealers-TotalSell"":""0"",""ForeignDealers-Difference"":""0"",""ForeignInvestorsIncludeMainlandAreaInvestors-TotalBuy"":""0"",""ForeignInvestorsIncludeMainlandAreaInvestors-TotalSell"":""0"",""ForeignInvestorsInclude MainlandAreaInvestors-Difference"":""0"",""SecuritiesInvestmentTrustCompanies-TotalBuy"":""0"",""SecuritiesInvestmentTrustCompanies-TotalSell"":""0"",""SecuritiesInvestmentTrustCompanies-Difference"":""0"",""Dealers-TotalBuy"":""1000"",""Dealers-TotalSell"":""0"",""Dealers-Difference"":""1000"",""Dealers -TotalSell"":""0"",""TotalDifference"":""1000""}"
2026-09-08,TPEX,8289,泰藝,0,0,0,0,0,0,8000,3361,-18361,"{""Date"":""1150908"",""SecuritiesCompanyCode"":""8289"",""CompanyName"":""泰藝"",""Foreign Investors include Mainland Area Investors (Foreign Dealers excluded)-Total Buy"":""69198"","" Foreign Investors include Mainland Area Investors (Foreign Dealers excluded)-Total Sell"":""139000"",""Foreign Investors include Mainland Area Investors (Foreign Dealers excluded)-Difference"":""-69802"",""Foreign Dealers-Total Buy"":""0"",""Foreign Dealers-TotalSell"":""0"",""ForeignDealers-Difference"":""0"",""ForeignInvestorsIncludeMainlandAreaInvestors-TotalBuy"":""69198"",""ForeignInvestorsIncludeMainlandAreaInvestors-TotalSell"":""139000"",""ForeignInvestorsInclude MainlandAreaInvestors-Difference"":""-69802"",""SecuritiesInvestmentTrustCompanies-TotalBuy"":""0"",""SecuritiesInvestmentTrustCompanies-TotalSell"":""0"",""SecuritiesInvestmentTrustCompanies-Difference"":""0"",""Dealers-TotalBuy"":""8000"",""Dealers-TotalSell"":""26361"",""Dealers-Difference"":""-18361"",""Dealers -TotalSell"":""3361"",""TotalDifference"":""-88163""}"
2026-09-08,TPEX,8291,尚茂,0,0,0,0,0,0,0,0,0,"{""Date"":""1150908"",""SecuritiesCompanyCode"":""8291"",""CompanyName"":""尚茂"",""Foreign Investors include Mainland Area Investors (Foreign Dealers excluded)-Total Buy"":""1000"","" Foreign Investors include Mainland Area Investors (Foreign Dealers excluded)-Total Sell"":""10000"",""Foreign Investors include Mainland Area Investors (Foreign Dealers excluded)-Difference"":""-9000"",""Foreign Dealers-Total Buy"":""0"",""Foreign Dealers-TotalSell"":""0"",""ForeignDealers-Difference"":""0"",""ForeignInvestorsIncludeMainlandAreaInvestors-TotalBuy"":""1000"",""ForeignInvestorsIncludeMainlandAreaInvestors-TotalSell"":""10000"",""ForeignInvestorsInclude MainlandAreaInvestors-Difference"":""-9000"",""SecuritiesInvestmentTrustCompanies-TotalBuy"":""0"",""SecuritiesInvestmentTrustCompanies-TotalSell"":""0"",""SecuritiesInvestmentTrustCompanies-Difference"":""0"",""Dealers-TotalBuy"":""0"",""Dealers-TotalSell"":""0"",""Dealers-Difference"":""0"",""Dealers -TotalSell"":""0"",""TotalDifference"":""-9000""}"
2026-09-08,TPEX,8299,群聯,0,0,0,0,28461,-28461,133464,173092,-39628,"{""Date"":""1150908"",""SecuritiesCompanyCode"":""8299"",""CompanyName"":""群聯"",""Foreign Investors include Mainland Area Investors (Foreign Dealers excluded)-Total Buy"":""1122367"","" Foreign Investors include Mainland Area Investors (Foreign Dealers excluded)-Total Sell"":""991691"",""Foreign Investors include Mainland Area Investors (Foreign Dealers excluded)-Difference"":""130676"",""Foreign Dealers-Total Buy"":""0"",""Foreign Dealers-TotalSell"":""0"",""ForeignDealers-Difference"":""0"",""ForeignInvestorsIncludeMainlandAreaInvestors-TotalBuy"":""1122367"",""ForeignInvestorsIncludeMainlandAreaInvestors-TotalSell"":""991691"",""ForeignInvestorsInclude MainlandAreaInvestors-Difference"":""130676"",""SecuritiesInvestmentTrustCompanies-TotalBuy"":""0"",""SecuritiesInvestmentTrustCompanies-TotalSell"":""28461"",""SecuritiesInvestmentTrustCompanies-Difference"":""-28461"",""Dealers-TotalBuy"":""133464"",""Dealers-TotalSell"":""173092"",""Dealers-Difference"":""-39628"",""Dealers -TotalSell"":""121005"",""TotalDifference"":""62587""}"
2026-09-08,TPEX,8342,益張,0,0,0,0,0,0,0,0,0,"{""Date"":""1150908"",""SecuritiesCompanyCode"":""8342"",""CompanyName"":""益張"",""Foreign Investors include Mainland Area Investors (Foreign Dealers excluded)-Total Buy"":""2000"","" Foreign Investors include Mainland Area Investors (Foreign Dealers excluded)-Total Sell"":""1000"",""Foreign Investors include Mainland Area Investors (Foreign Dealers excluded)-Difference"":""1000"",""Foreign Dealers-Total Buy"":""0"",""Foreign Dealers-TotalSell"":""0"",""ForeignDealers-Difference"":""0"",""ForeignInvestorsIncludeMainlandAreaInvestors-TotalBuy"":""2000"",""ForeignInvestorsIncludeMainlandAreaInvestors-TotalSell"":""1000"",""ForeignInvestorsInclude MainlandAreaInvestors-Difference"":""1000"",""SecuritiesInvestmentTrustCompanies-TotalBuy"":""0"",""SecuritiesInvestmentTrustCompanies-TotalSell"":""0"",""SecuritiesInvestmentTrustCompanies-Difference"":""0"",""Dealers-TotalBuy"":""0"",""Dealers-TotalSell"":""0"",""Dealers-Difference"":""0"",""Dealers -TotalSell"":""0"",""TotalDifference"":""1000""}"
2026-09-08,TPEX,8349,恒耀,0,0,0,0,0,0,0,0,0,"{""Date"":""1150908"",""SecuritiesCompanyCode"":""8349"",""CompanyName"":""恒耀"",""Foreign Investors include Mainland Area Investors (Foreign Dealers excluded)-Total Buy"":""18000"","" Foreign Investors include Mainland Area Investors (Foreign Dealers excluded)-Total Sell"":""2000"",""Foreign Investors include Mainland Area Investors (Foreign Dealers excluded)-Difference"":""16000"",""Foreign Dealers-Total Buy"":""0"",""Foreign Dealers-TotalSell"":""0"",""ForeignDealers-Difference"":""0"",""ForeignInvestorsIncludeMainlandAreaInvestors-TotalBuy"":""18000"",""ForeignInvestorsIncludeMainlandAreaInvestors-TotalSell"":""2000"",""ForeignInvestorsInclude MainlandAreaInvestors-Difference"":""16000"",""SecuritiesInvestmentTrustCompanies-TotalBuy"":""0"",""SecuritiesInvestmentTrustCompanies-TotalSell"":""0"",""SecuritiesInvestmentTrustCompanies-Difference"":""0"",""Dealers-TotalBuy"":""0"",""Dealers-TotalSell"":""0"",""Dealers-Difference"":""0"",""Dealers -TotalSell"":""0"",""TotalDifference"":""16000""}"
2026-09-08,TPEX,8354,冠好,0,0,0,0,0,0,44,0,44,"{""Date"":""1150908"",""SecuritiesCompanyCode"":""8354"",""CompanyName"":""冠好"",""Foreign Investors include Mainland Area Investors (Foreign Dealers excluded)-Total Buy"":""1000"","" Foreign Investors include Mainland Area Investors (Foreign Dealers excluded)-Total Sell"":""2000"",""Foreign Investors include Mainland Area Investors (Foreign Dealers excluded)-Difference"":""-1000"",""Foreign Dealers-Total Buy"":""0"",""Foreign Dealers-TotalSell"":""0"",""ForeignDealers-Difference"":""0"",""ForeignInvestorsIncludeMainlandAreaInvestors-TotalBuy"":""1000"",""ForeignInvestorsIncludeMainlandAreaInvestors-TotalSell"":""2000"",""ForeignInvestorsInclude MainlandAreaInvestors-Difference"":""-1000"",""SecuritiesInvestmentTrustCompanies-TotalBuy"":""0"",""SecuritiesInvestmentTrustCompanies-TotalSell"":""0"",""SecuritiesInvestmentTrustCompanies-Difference"":""0"",""Dealers-TotalBuy"":""44"",""Dealers-TotalSell"":""0"",""Dealers-Difference"":""44"",""Dealers -TotalSell"":""0"",""TotalDifference"":""-956""}"
2026-09-08,TPEX,8358,金居,0,0,0,11000,0,11000,78000,13600,-47599,"{""Date"":""1150908"",""SecuritiesCompanyCode"":""8358"",""CompanyName"":""金居"",""Foreign Investors include Mainland Area Investors (Foreign Dealers excluded)-Total Buy"":""1043027"","" Foreign Investors include Mainland Area Investors (Foreign Dealers excluded)-Total Sell"":""328107"",""Foreign Investors include Mainland Area Investors (Foreign Dealers excluded)-Difference"":""714920"",""Foreign Dealers-Total Buy"":""0"",""Foreign Dealers-TotalSell"":""0"",""ForeignDealers-Difference"":""0"",""ForeignInvestorsIncludeMainlandAreaInvestors-TotalBuy"":""1043027"",""ForeignInvestorsIncludeMainlandAreaInvestors-TotalSell"":""328107"",""ForeignInvestorsInclude MainlandAreaInvestors-Difference"":""714920"",""SecuritiesInvestmentTrustCompanies-TotalBuy"":""11000"",""SecuritiesInvestmentTrustCompanies-TotalSell"":""0"",""SecuritiesInvestmentTrustCompanies-Difference"":""11000"",""Dealers-TotalBuy"":""78000"",""Dealers-TotalSell"":""125599"",""Dealers-Difference"":""-47599"",""Dealers -TotalSell"":""13600"",""TotalDifference"":""678321""}"
2026-09-08,TPEX,8383,千附,0,0,0,0,0,0,2000,3531,-1531,"{""Date"":""1150908"",""SecuritiesCompanyCode"":""8383"",""CompanyName"":""千附"",""Foreign Investors include Mainland Area Investors (Foreign Dealers excluded)-Total Buy"":""163000"","" Foreign Investors include Mainland Area Investors (Foreign Dealers excluded)-Total Sell"":""267033"",""Foreign Investors include Mainland Area Investors (Foreign Dealers excluded)-Difference"":""-104033"",""Foreign Dealers-Total Buy"":""0"",""Foreign Dealers-TotalSell"":""0"",""ForeignDealers-Difference"":""0"",""ForeignInvestorsIncludeMainlandAreaInvestors-TotalBuy"":""163000"",""ForeignInvestorsIncludeMainlandAreaInvestors-TotalSell"":""267033"",""ForeignInvestorsInclude MainlandAreaInvestors-Difference"":""-104033"",""SecuritiesInvestmentTrustCompanies-TotalBuy"":""0"",""SecuritiesInvestmentTrustCompanies-TotalSell"":""0"",""SecuritiesInvestmentTrustCompanies-Difference"":""0"",""Dealers-TotalBuy"":""2000"",""Dealers-TotalSell"":""3531"",""Dealers-Difference"":""-1531"",""Dealers -TotalSell"":""3531"",""TotalDifference"":""-105564""}"
2026-09-08,TPEX,8390,金益鼎,0,0,0,0,0,0,6000,2875,3125,"{""Date"":""1150908"",""SecuritiesCompanyCode"":""8390"",""CompanyName"":""金益鼎"",""Foreign Investors include Mainland Area Investors (Foreign Dealers excluded)-Total Buy"":""114499"","" Foreign Investors include Mainland Area Investors (Foreign Dealers excluded)-Total Sell"":""102000"",""Foreign Investors include Mainland Area Investors (Foreign Dealers excluded)-Difference"":""12499"",""Foreign Dealers-Total Buy"":""0"",""Foreign Dealers-TotalSell"":""0"",""ForeignDealers-Difference"":""0"",""ForeignInvestorsIncludeMainlandAreaInvestors-TotalBuy"":""114499"",""ForeignInvestorsIncludeMainlandAreaInvestors-TotalSell"":""102000"",""ForeignInvestorsInclude MainlandAreaInvestors-Difference"":""12499"",""SecuritiesInvestmentTrustCompanies-TotalBuy"":""0"",""SecuritiesInvestmentTrustCompanies-TotalSell"":""0"",""SecuritiesInvestmentTrustCompanies-Difference"":""0"",""Dealers-TotalBuy"":""6000"",""Dealers-TotalSell"":""2875"",""Dealers-Difference"":""3125"",""Dealers -TotalSell"":""2427"",""TotalDifference"":""15624""}"
2026-09-08,TPEX,8401,白紗科,0,0,0,0,0,0,0,0,0,"{""Date"":""1150908"",""SecuritiesCompanyCode"":""8401"",""CompanyName"":""白紗科"",""Foreign Investors include Mainland Area Investors (Foreign Dealers excluded)-Total Buy"":""2000"","" Foreign Investors include Mainland Area Investors (Foreign Dealers excluded)-Total Sell"":""1000"",""Foreign Investors include Mainland Area Investors (Foreign Dealers excluded)-Difference"":""1000"",""Foreign Dealers-Total Buy"":""0"",""Foreign Dealers-TotalSell"":""0"",""ForeignDealers-Difference"":""0"",""ForeignInvestorsIncludeMainlandAreaInvestors-TotalBuy"":""2000"",""ForeignInvestorsIncludeMainlandAreaInvestors-TotalSell"":""1000"",""ForeignInvestorsInclude MainlandAreaInvestors-Difference"":""1000"",""SecuritiesInvestmentTrustCompanies-TotalBuy"":""0"",""SecuritiesInvestmentTrustCompanies-TotalSell"":""0"",""SecuritiesInvestmentTrustCompanies-Difference"":""0"",""Dealers-TotalBuy"":""0"",""Dealers-TotalSell"":""0"",""Dealers-Difference"":""0"",""Dealers -TotalSell"":""0"",""TotalDifference"":""1000""}"
2026-09-08,TPEX,8403,盛弘,0,0,0,0,0,0,0,0,0,"{""Date"":""1150908"",""SecuritiesCompanyCode"":""8403"",""CompanyName"":""盛弘"",""Foreign Investors include Mainland Area Investors (Foreign Dealers excluded)-Total Buy"":""0"","" Foreign Investors include Mainland Area Investors (Foreign Dealers excluded)-Total Sell"":""18000"",""Foreign Investors include Mainland Area Investors (Foreign Dealers excluded)-Difference"":""-18000"",""Foreign Dealers-Total Buy"":""0"",""Foreign Dealers-TotalSell"":""0"",""ForeignDealers-Difference"":""0"",""ForeignInvestorsIncludeMainlandAreaInvestors-TotalBuy"":""0"",""ForeignInvestorsIncludeMainlandAreaInvestors-TotalSell"":""18000"",""ForeignInvestorsInclude MainlandAreaInvestors-Difference"":""-18000"",""SecuritiesInvestmentTrustCompanies-TotalBuy"":""0"",""SecuritiesInvestmentTrustCompanies-TotalSell"":""0"",""SecuritiesInvestmentTrustCompanies-Difference"":""0"",""Dealers-TotalBuy"":""0"",""Dealers-TotalSell"":""0"",""Dealers-Difference"":""0"",""Dealers -TotalSell"":""0"",""TotalDifference"":""-18000""}"
2026-09-08,TPEX,8409,商之器,0,0,0,0,0,0,1000,1000,0,"{""Date"":""1150908"",""SecuritiesCompanyCode"":""8409"",""CompanyName"":""商之器"",""Foreign Investors include Mainland Area Investors (Foreign Dealers excluded)-Total Buy"":""0"","" Foreign Investors include Mainland Area Investors (Foreign Dealers excluded)-Total Sell"":""0"",""Foreign Investors include Mainland Area Investors (Foreign Dealers excluded)-Difference"":""0"",""Foreign Dealers-Total Buy"":""0"",""Foreign Dealers-TotalSell"":""0"",""ForeignDealers-Difference"":""0"",""ForeignInvestorsIncludeMainlandAreaInvestors-TotalBuy"":""0"",""ForeignInvestorsIncludeMainlandAreaInvestors-TotalSell"":""0"",""ForeignInvestorsInclude MainlandAreaInvestors-Difference"":""0"",""SecuritiesInvestmentTrustCompanies-TotalBuy"":""0"",""SecuritiesInvestmentTrustCompanies-TotalSell"":""0"",""SecuritiesInvestmentTrustCompanies-Difference"":""0"",""Dealers-TotalBuy"":""1000"",""Dealers-TotalSell"":""1000"",""Dealers-Difference"":""0"",""Dealers -TotalSell"":""1000"",""TotalDifference"":""0""}"
2026-09-08,TPEX,8410,森田,0,0,0,0,0,0,4000,9297,-9297,"{""Date"":""1150908"",""SecuritiesCompanyCode"":""8410"",""CompanyName"":""森田"",""Foreign Investors include Mainland Area Investors (Foreign Dealers excluded)-Total Buy"":""1000"","" Foreign Investors include Mainland Area Investors (Foreign Dealers excluded)-Total Sell"":""24000"",""Foreign Investors include Mainland Area Investors (Foreign Dealers excluded)-Difference"":""-23000"",""Foreign Dealers-Total Buy"":""0"",""Foreign Dealers-TotalSell"":""0"",""ForeignDealers-Difference"":""0"",""ForeignInvestorsIncludeMainlandAreaInvestors-TotalBuy"":""1000"",""ForeignInvestorsIncludeMainlandAreaInvestors-TotalSell"":""24000"",""ForeignInvestorsInclude MainlandAreaInvestors-Difference"":""-23000"",""SecuritiesInvestmentTrustCompanies-TotalBuy"":""0"",""SecuritiesInvestmentTrustCompanies-TotalSell"":""0"",""SecuritiesInvestmentTrustCompanies-Difference"":""0"",""Dealers-TotalBuy"":""4000"",""Dealers-TotalSell"":""13297"",""Dealers-Difference"":""-9297"",""Dealers -TotalSell"":""9297"",""TotalDifference"":""-32297""}"
2026-09-08,TPEX,8415,大國鋼,0,0,0,0,0,0,50000,1,49999,"{""Date"":""1150908"",""SecuritiesCompanyCode"":""8415"",""CompanyName"":""大國鋼"",""Foreign Investors include Mainland Area Investors (Foreign Dealers excluded)-Total Buy"":""110746"","" Foreign Investors include Mainland Area Investors (Foreign Dealers excluded)-Total Sell"":""129000"",""Foreign Investors include Mainland Area Investors (Foreign Dealers excluded)-Difference"":""-18254"",""Foreign Dealers-Total Buy"":""0"",""Foreign Dealers-TotalSell"":""0"",""ForeignDealers-Difference"":""0"",""ForeignInvestorsIncludeMainlandAreaInvestors-TotalBuy"":""110746"",""ForeignInvestorsIncludeMainlandAreaInvestors-TotalSell"":""129000"",""ForeignInvestorsInclude MainlandAreaInvestors-Difference"":""-18254"",""SecuritiesInvestmentTrustCompanies-TotalBuy"":""0"",""SecuritiesInvestmentTrustCompanies-TotalSell"":""0"",""SecuritiesInvestmentTrustCompanies-Difference"":""0"",""Dealers-TotalBuy"":""50000"",""Dealers-TotalSell"":""1"",""Dealers-Difference"":""49999"",""Dealers -TotalSell"":""1"",""TotalDifference"":""31745""}"
2026-09-08,TPEX,8421,旭源,0,0,0,0,0,0,809,1000,-191,"{""Date"":""1150908"",""SecuritiesCompanyCode"":""8421"",""CompanyName"":""旭源"",""Foreign Investors include Mainland Area Investors (Foreign Dealers excluded)-Total Buy"":""50000"","" Foreign Investors include Mainland Area Investors (Foreign Dealers excluded)-Total Sell"":""11001"",""Foreign Investors include Mainland Area Investors (Foreign Dealers excluded)-Difference"":""38999"",""Foreign Dealers-Total Buy"":""0"",""Foreign Dealers-TotalSell"":""0"",""ForeignDealers-Difference"":""0"",""ForeignInvestorsIncludeMainlandAreaInvestors-TotalBuy"":""50000"",""ForeignInvestorsIncludeMainlandAreaInvestors-TotalSell"":""11001"",""ForeignInvestorsInclude MainlandAreaInvestors-Difference"":""38999"",""SecuritiesInvestmentTrustCompanies-TotalBuy"":""0"",""SecuritiesInvestmentTrustCompanies-TotalSell"":""0"",""SecuritiesInvestmentTrustCompanies-Difference"":""0"",""Dealers-TotalBuy"":""809"",""Dealers-TotalSell"":""1000"",""Dealers-Difference"":""-191"",""Dealers -TotalSell"":""1000"",""TotalDifference"":""38808""}"
2026-09-08,TPEX,8423,保綠-KY,0,0,0,0,0,0,0,0,0,"{""Date"":""1150908"",""SecuritiesCompanyCode"":""8423"",""CompanyName"":""保綠-KY"",""Foreign Investors include Mainland Area Investors (Foreign Dealers excluded)-Total Buy"":""1000"","" Foreign Investors include Mainland Area Investors (Foreign Dealers excluded)-Total Sell"":""2000"",""Foreign Investors include Mainland Area Investors (Foreign Dealers excluded)-Difference"":""-1000"",""Foreign Dealers-Total Buy"":""0"",""Foreign Dealers-TotalSell"":""0"",""ForeignDealers-Difference"":""0"",""ForeignInvestorsIncludeMainlandAreaInvestors-TotalBuy"":""1000"",""ForeignInvestorsIncludeMainlandAreaInvestors-TotalSell"":""2000"",""ForeignInvestorsInclude MainlandAreaInvestors-Difference"":""-1000"",""SecuritiesInvestmentTrustCompanies-TotalBuy"":""0"",""SecuritiesInvestmentTrustCompanies-TotalSell"":""0"",""SecuritiesInvestmentTrustCompanies-Difference"":""0"",""Dealers-TotalBuy"":""0"",""Dealers-TotalSell"":""0"",""Dealers-Difference"":""0"",""Dealers -TotalSell"":""0"",""TotalDifference"":""-1000""}"
2026-09-08,TPEX,8424,惠普,0,0,0,0,0,0,0,4000,-4000,"{""Date"":""1150908"",""SecuritiesCompanyCode"":""8424"",""CompanyName"":""惠普"",""Foreign Investors include Mainland Area Investors (Foreign Dealers excluded)-Total Buy"":""0"","" Foreign Investors include Mainland Area Investors (Foreign Dealers excluded)-Total Sell"":""0"",""Foreign Investors include Mainland Area Investors (Foreign Dealers excluded)-Difference"":""0"",""Foreign Dealers-Total Buy"":""0"",""Foreign Dealers-TotalSell"":""0"",""ForeignDealers-Difference"":""0"",""ForeignInvestorsIncludeMainlandAreaInvestors-TotalBuy"":""0"",""ForeignInvestorsIncludeMainlandAreaInvestors-TotalSell"":""0"",""ForeignInvestorsInclude MainlandAreaInvestors-Difference"":""0"",""SecuritiesInvestmentTrustCompanies-TotalBuy"":""0"",""SecuritiesInvestmentTrustCompanies-TotalSell"":""0"",""SecuritiesInvestmentTrustCompanies-Difference"":""0"",""Dealers-TotalBuy"":""0"",""Dealers-TotalSell"":""4000"",""Dealers-Difference"":""-4000"",""Dealers -TotalSell"":""0"",""TotalDifference"":""-4000""}"
2026-09-08,TPEX,8431,匯鑽科,0,0,0,0,0,0,5590,40490,-34900,"{""Date"":""1150908"",""SecuritiesCompanyCode"":""8431"",""CompanyName"":""匯鑽科"",""Foreign Investors include Mainland Area Investors (Foreign Dealers excluded)-Total Buy"":""1240209"","" Foreign Investors include Mainland Area Investors (Foreign Dealers excluded)-Total Sell"":""554095"",""Foreign Investors include Mainland Area Investors (Foreign Dealers excluded)-Difference"":""686114"",""Foreign Dealers-Total Buy"":""0"",""Foreign Dealers-TotalSell"":""0"",""ForeignDealers-Difference"":""0"",""ForeignInvestorsIncludeMainlandAreaInvestors-TotalBuy"":""1240209"",""ForeignInvestorsIncludeMainlandAreaInvestors-TotalSell"":""554095"",""ForeignInvestorsInclude MainlandAreaInvestors-Difference"":""686114"",""SecuritiesInvestmentTrustCompanies-TotalBuy"":""0"",""SecuritiesInvestmentTrustCompanies-TotalSell"":""0"",""SecuritiesInvestmentTrustCompanies-Difference"":""0"",""Dealers-TotalBuy"":""5590"",""Dealers-TotalSell"":""40490"",""Dealers-Difference"":""-34900"",""Dealers -TotalSell"":""40490"",""TotalDifference"":""651214""}"
2026-09-08,TPEX,8432,東生華,0,0,0,0,0,0,0,0,0,"{""Date"":""1150908"",""SecuritiesCompanyCode"":""8432"",""CompanyName"":""東生華"",""Foreign Investors include Mainland Area Investors (Foreign Dealers excluded)-Total Buy"":""1000"","" Foreign Investors include Mainland Area Investors (Foreign Dealers excluded)-Total Sell"":""1000"",""Foreign Investors include Mainland Area Investors (Foreign Dealers excluded)-Difference"":""0"",""Foreign Dealers-Total Buy"":""0"",""Foreign Dealers-TotalSell"":""0"",""ForeignDealers-Difference"":""0"",""ForeignInvestorsIncludeMainlandAreaInvestors-TotalBuy"":""1000"",""ForeignInvestorsIncludeMainlandAreaInvestors-TotalSell"":""1000"",""ForeignInvestorsInclude MainlandAreaInvestors-Difference"":""0"",""SecuritiesInvestmentTrustCompanies-TotalBuy"":""0"",""SecuritiesInvestmentTrustCompanies-TotalSell"":""0"",""SecuritiesInvestmentTrustCompanies-Difference"":""0"",""Dealers-TotalBuy"":""0"",""Dealers-TotalSell"":""0"",""Dealers-Difference"":""0"",""Dealers -TotalSell"":""0"",""TotalDifference"":""0""}"
2026-09-08,TPEX,8433,弘帆,0,0,0,0,0,0,2,0,2,"{""Date"":""1150908"",""SecuritiesCompanyCode"":""8433"",""CompanyName"":""弘帆"",""Foreign Investors include Mainland Area Investors (Foreign Dealers excluded)-Total Buy"":""1000"","" Foreign Investors include Mainland Area Investors (Foreign Dealers excluded)-Total Sell"":""1000"",""Foreign Investors include Mainland Area Investors (Foreign Dealers excluded)-Difference"":""0"",""Foreign Dealers-Total Buy"":""0"",""Foreign Dealers-TotalSell"":""0"",""ForeignDealers-Difference"":""0"",""ForeignInvestorsIncludeMainlandAreaInvestors-TotalBuy"":""1000"",""ForeignInvestorsIncludeMainlandAreaInvestors-TotalSell"":""1000"",""ForeignInvestorsInclude MainlandAreaInvestors-Difference"":""0"",""SecuritiesInvestmentTrustCompanies-TotalBuy"":""0"",""SecuritiesInvestmentTrustCompanies-TotalSell"":""0"",""SecuritiesInvestmentTrustCompanies-Difference"":""0"",""Dealers-TotalBuy"":""2"",""Dealers-TotalSell"":""0"",""Dealers-Difference"":""2"",""Dealers -TotalSell"":""0"",""TotalDifference"":""2""}"
2026-09-08,TPEX,8435,鉅邁,0,0,0,0,0,0,110,2,108,"{""Date"":""1150908"",""SecuritiesCompanyCode"":""8435"",""CompanyName"":""鉅邁"",""Foreign Investors include Mainland Area Investors (Foreign Dealers excluded)-Total Buy"":""0"","" Foreign Investors include Mainland Area Investors (Foreign Dealers excluded)-Total Sell"":""0"",""Foreign Investors include Mainland Area Investors (Foreign Dealers excluded)-Difference"":""0"",""Foreign Dealers-Total Buy"":""0"",""Foreign Dealers-TotalSell"":""0"",""ForeignDealers-Difference"":""0"",""ForeignInvestorsIncludeMainlandAreaInvestors-TotalBuy"":""0"",""ForeignInvestorsIncludeMainlandAreaInvestors-TotalSell"":""0"",""ForeignInvestorsInclude MainlandAreaInvestors-Difference"":""0"",""SecuritiesInvestmentTrustCompanies-TotalBuy"":""0"",""SecuritiesInvestmentTrustCompanies-TotalSell"":""0"",""SecuritiesInvestmentTrustCompanies-Difference"":""0"",""Dealers-TotalBuy"":""110"",""Dealers-TotalSell"":""2"",""Dealers-Difference"":""108"",""Dealers -TotalSell"":""2"",""TotalDifference"":""108""}"
2026-09-08,TPEX,8436,大江,0,0,0,0,0,0,5000,5673,-673,"{""Date"":""1150908"",""SecuritiesCompanyCode"":""8436"",""CompanyName"":""大江"",""Foreign Investors include Mainland Area Investors (Foreign Dealers excluded)-Total Buy"":""39000"","" Foreign Investors include Mainland Area Investors (Foreign Dealers excluded)-Total Sell"":""169000"",""Foreign Investors include Mainland Area Investors (Foreign Dealers excluded)-Difference"":""-130000"",""Foreign Dealers-Total Buy"":""0"",""Foreign Dealers-TotalSell"":""0"",""ForeignDealers-Difference"":""0"",""ForeignInvestorsIncludeMainlandAreaInvestors-TotalBuy"":""39000"",""ForeignInvestorsIncludeMainlandAreaInvestors-TotalSell"":""169000"",""ForeignInvestorsInclude MainlandAreaInvestors-Difference"":""-130000"",""SecuritiesInvestmentTrustCompanies-TotalBuy"":""0"",""SecuritiesInvestmentTrustCompanies-TotalSell"":""0"",""SecuritiesInvestmentTrustCompanies-Difference"":""0"",""Dealers-TotalBuy"":""5000"",""Dealers-TotalSell"":""5673"",""Dealers-Difference"":""-673"",""Dealers -TotalSell"":""5673"",""TotalDifference"":""-130673""}"
2026-09-08,TPEX,8437,大地-KY,0,0,0,0,0,0,0,0,0,"{""Date"":""1150908"",""SecuritiesCompanyCode"":""8437"",""CompanyName"":""大地-KY"",""Foreign Investors include Mainland Area Investors (Foreign Dealers excluded)-Total Buy"":""0"","" Foreign Investors include Mainland Area Investors (Foreign Dealers excluded)-Total Sell"":""1000"",""Foreign Investors include Mainland Area Investors (Foreign Dealers excluded)-Difference"":""-1000"",""Foreign Dealers-Total Buy"":""0"",""Foreign Dealers-TotalSell"":""0"",""ForeignDealers-Difference"":""0"",""ForeignInvestorsIncludeMainlandAreaInvestors-TotalBuy"":""0"",""ForeignInvestorsIncludeMainlandAreaInvestors-TotalSell"":""1000"",""ForeignInvestorsInclude MainlandAreaInvestors-Difference"":""-1000"",""SecuritiesInvestmentTrustCompanies-TotalBuy"":""0"",""SecuritiesInvestmentTrustCompanies-TotalSell"":""0"",""SecuritiesInvestmentTrustCompanies-Difference"":""0"",""Dealers-TotalBuy"":""0"",""Dealers-TotalSell"":""0"",""Dealers-Difference"":""0"",""Dealers -TotalSell"":""0"",""TotalDifference"":""-1000""}"
2026-09-08,TPEX,8440,綠電,0,0,0,0,0,0,0,0,0,"{""Date"":""1150908"",""SecuritiesCompanyCode"":""8440"",""CompanyName"":""綠電"",""Foreign Investors include Mainland Area Investors (Foreign Dealers excluded)-Total Buy"":""3000"","" Foreign Investors include Mainland Area Investors (Foreign Dealers excluded)-Total Sell"":""14000"",""Foreign Investors include Mainland Area Investors (Foreign Dealers excluded)-Difference"":""-11000"",""Foreign Dealers-Total Buy"":""0"",""Foreign Dealers-TotalSell"":""0"",""ForeignDealers-Difference"":""0"",""ForeignInvestorsIncludeMainlandAreaInvestors-TotalBuy"":""3000"",""ForeignInvestorsIncludeMainlandAreaInvestors-TotalSell"":""14000"",""ForeignInvestorsInclude MainlandAreaInvestors-Difference"":""-11000"",""SecuritiesInvestmentTrustCompanies-TotalBuy"":""0"",""SecuritiesInvestmentTrustCompanies-TotalSell"":""0"",""SecuritiesInvestmentTrustCompanies-Difference"":""0"",""Dealers-TotalBuy"":""0"",""Dealers-TotalSell"":""0"",""Dealers-Difference"":""0"",""Dealers -TotalSell"":""0"",""TotalDifference"":""-11000""}"
2026-09-08,TPEX,8446,華研,0,0,0,0,0,0,0,0,0,"{""Date"":""1150908"",""SecuritiesCompanyCode"":""8446"",""CompanyName"":""華研"",""Foreign Investors include Mainland Area Investors (Foreign Dealers excluded)-Total Buy"":""14000"","" Foreign Investors include Mainland Area Investors (Foreign Dealers excluded)-Total Sell"":""1000"",""Foreign Investors include Mainland Area Investors (Foreign Dealers excluded)-Difference"":""13000"",""Foreign Dealers-Total Buy"":""0"",""Foreign Dealers-TotalSell"":""0"",""ForeignDealers-Difference"":""0"",""ForeignInvestorsIncludeMainlandAreaInvestors-TotalBuy"":""14000"",""ForeignInvestorsIncludeMainlandAreaInvestors-TotalSell"":""1000"",""ForeignInvestorsInclude MainlandAreaInvestors-Difference"":""13000"",""SecuritiesInvestmentTrustCompanies-TotalBuy"":""0"",""SecuritiesInvestmentTrustCompanies-TotalSell"":""0"",""SecuritiesInvestmentTrustCompanies-Difference"":""0"",""Dealers-TotalBuy"":""0"",""Dealers-TotalSell"":""0"",""Dealers-Difference"":""0"",""Dealers -TotalSell"":""0"",""TotalDifference"":""13000""}"
2026-09-08,TPEX,8450,霹靂,0,0,0,0,0,0,0,120,-120,"{""Date"":""1150908"",""SecuritiesCompanyCode"":""8450"",""CompanyName"":""霹靂"",""Foreign Investors include Mainland Area Investors (Foreign Dealers excluded)-Total Buy"":""0"","" Foreign Investors include Mainland Area Investors (Foreign Dealers excluded)-Total Sell"":""0"",""Foreign Investors include Mainland Area Investors (Foreign Dealers excluded)-Difference"":""0"",""Foreign Dealers-Total Buy"":""0"",""Foreign Dealers-TotalSell"":""0"",""ForeignDealers-Difference"":""0"",""ForeignInvestorsIncludeMainlandAreaInvestors-TotalBuy"":""0"",""ForeignInvestorsIncludeMainlandAreaInvestors-TotalSell"":""0"",""ForeignInvestorsInclude MainlandAreaInvestors-Difference"":""0"",""SecuritiesInvestmentTrustCompanies-TotalBuy"":""0"",""SecuritiesInvestmentTrustCompanies-TotalSell"":""0"",""SecuritiesInvestmentTrustCompanies-Difference"":""0"",""Dealers-TotalBuy"":""0"",""Dealers-TotalSell"":""120"",""Dealers-Difference"":""-120"",""Dealers -TotalSell"":""120"",""TotalDifference"":""-120""}"
2026-09-08,TPEX,8472,夠麻吉,0,0,0,0,0,0,39,0,39,"{""Date"":""1150908"",""SecuritiesCompanyCode"":""8472"",""CompanyName"":""夠麻吉"",""Foreign Investors include Mainland Area Investors (Foreign Dealers excluded)-Total Buy"":""2000"","" Foreign Investors include Mainland Area Investors (Foreign Dealers excluded)-Total Sell"":""12000"",""Foreign Investors include Mainland Area Investors (Foreign Dealers excluded)-Difference"":""-10000"",""Foreign Dealers-Total Buy"":""0"",""Foreign Dealers-TotalSell"":""0"",""ForeignDealers-Difference"":""0"",""ForeignInvestorsIncludeMainlandAreaInvestors-TotalBuy"":""2000"",""ForeignInvestorsIncludeMainlandAreaInvestors-TotalSell"":""12000"",""ForeignInvestorsInclude MainlandAreaInvestors-Difference"":""-10000"",""SecuritiesInvestmentTrustCompanies-TotalBuy"":""0"",""SecuritiesInvestmentTrustCompanies-TotalSell"":""0"",""SecuritiesInvestmentTrustCompanies-Difference"":""0"",""Dealers-TotalBuy"":""39"",""Dealers-TotalSell"":""0"",""Dealers-Difference"":""39"",""Dealers -TotalSell"":""0"",""TotalDifference"":""-9961""}"
2026-09-08,TPEX,8477,創業家,0,0,0,0,0,0,361,1000,-639,"{""Date"":""1150908"",""SecuritiesCompanyCode"":""8477"",""CompanyName"":""創業家"",""Foreign Investors include Mainland Area Investors (Foreign Dealers excluded)-Total Buy"":""0"","" Foreign Investors include Mainland Area Investors (Foreign Dealers excluded)-Total Sell"":""3000"",""Foreign Investors include Mainland Area Investors (Foreign Dealers excluded)-Difference"":""-3000"",""Foreign Dealers-Total Buy"":""0"",""Foreign Dealers-TotalSell"":""0"",""ForeignDealers-Difference"":""0"",""ForeignInvestorsIncludeMainlandAreaInvestors-TotalBuy"":""0"",""ForeignInvestorsIncludeMainlandAreaInvestors-TotalSell"":""3000"",""ForeignInvestorsInclude MainlandAreaInvestors-Difference"":""-3000"",""SecuritiesInvestmentTrustCompanies-TotalBuy"":""0"",""SecuritiesInvestmentTrustCompanies-TotalSell"":""0"",""SecuritiesInvestmentTrustCompanies-Difference"":""0"",""Dealers-TotalBuy"":""361"",""Dealers-TotalSell"":""1000"",""Dealers-Difference"":""-639"",""Dealers -TotalSell"":""1000"",""TotalDifference"":""-3639""}"
2026-09-08,TPEX,8489,三貝德,0,0,0,0,0,0,2000,1401,599,"{""Date"":""1150908"",""SecuritiesCompanyCode"":""8489"",""CompanyName"":""三貝德"",""Foreign Investors include Mainland Area Investors (Foreign Dealers excluded)-Total Buy"":""2000"","" Foreign Investors include Mainland Area Investors (Foreign Dealers excluded)-Total Sell"":""8000"",""Foreign Investors include Mainland Area Investors (Foreign Dealers excluded)-Difference"":""-6000"",""Foreign Dealers-Total Buy"":""0"",""Foreign Dealers-TotalSell"":""0"",""ForeignDealers-Difference"":""0"",""ForeignInvestorsIncludeMainlandAreaInvestors-TotalBuy"":""2000"",""ForeignInvestorsIncludeMainlandAreaInvestors-TotalSell"":""8000"",""ForeignInvestorsInclude MainlandAreaInvestors-Difference"":""-6000"",""SecuritiesInvestmentTrustCompanies-TotalBuy"":""0"",""SecuritiesInvestmentTrustCompanies-TotalSell"":""0"",""SecuritiesInvestmentTrustCompanies-Difference"":""0"",""Dealers-TotalBuy"":""2000"",""Dealers-TotalSell"":""1401"",""Dealers-Difference"":""599"",""Dealers -TotalSell"":""1401"",""TotalDifference"":""-5401""}"
2026-09-08,TPEX,8908,欣雄,0,0,0,0,0,0,0,0,0,"{""Date"":""1150908"",""SecuritiesCompanyCode"":""8908"",""CompanyName"":""欣雄"",""Foreign Investors include Mainland Area Investors (Foreign Dealers excluded)-Total Buy"":""3000"","" Foreign Investors include Mainland Area Investors (Foreign Dealers excluded)-Total Sell"":""0"",""Foreign Investors include Mainland Area Investors (Foreign Dealers excluded)-Difference"":""3000"",""Foreign Dealers-Total Buy"":""0"",""Foreign Dealers-TotalSell"":""0"",""ForeignDealers-Difference"":""0"",""ForeignInvestorsIncludeMainlandAreaInvestors-TotalBuy"":""3000"",""ForeignInvestorsIncludeMainlandAreaInvestors-TotalSell"":""0"",""ForeignInvestorsInclude MainlandAreaInvestors-Difference"":""3000"",""SecuritiesInvestmentTrustCompanies-TotalBuy"":""0"",""SecuritiesInvestmentTrustCompanies-TotalSell"":""0"",""SecuritiesInvestmentTrustCompanies-Difference"":""0"",""Dealers-TotalBuy"":""0"",""Dealers-TotalSell"":""0"",""Dealers-Difference"":""0"",""Dealers -TotalSell"":""0"",""TotalDifference"":""3000""}"
2026-09-08,TPEX,8916,光隆,0,0,0,0,0,0,0,1,-1,"{""Date"":""1150908"",""SecuritiesCompanyCode"":""8916"",""CompanyName"":""光隆"",""Foreign Investors include Mainland Area Investors (Foreign Dealers excluded)-Total Buy"":""2000"","" Foreign Investors include Mainland Area Investors (Foreign Dealers excluded)-Total Sell"":""3000"",""Foreign Investors include Mainland Area Investors (Foreign Dealers excluded)-Difference"":""-1000"",""Foreign Dealers-Total Buy"":""0"",""Foreign Dealers-TotalSell"":""0"",""ForeignDealers-Difference"":""0"",""ForeignInvestorsIncludeMainlandAreaInvestors-TotalBuy"":""2000"",""ForeignInvestorsIncludeMainlandAreaInvestors-TotalSell"":""3000"",""ForeignInvestorsInclude MainlandAreaInvestors-Difference"":""-1000"",""SecuritiesInvestmentTrustCompanies-TotalBuy"":""0"",""SecuritiesInvestmentTrustCompanies-TotalSell"":""0"",""SecuritiesInvestmentTrustCompanies-Difference"":""0"",""Dealers-TotalBuy"":""0"",""Dealers-TotalSell"":""1"",""Dealers-Difference"":""-1"",""Dealers -TotalSell"":""1"",""TotalDifference"":""-1001""}"
2026-09-08,TPEX,8924,大田,0,0,0,0,0,0,2000,1371,629,"{""Date"":""1150908"",""SecuritiesCompanyCode"":""8924"",""CompanyName"":""大田"",""Foreign Investors include Mainland Area Investors (Foreign Dealers excluded)-Total Buy"":""6000"","" Foreign Investors include Mainland Area Investors (Foreign Dealers excluded)-Total Sell"":""1000"",""Foreign Investors include Mainland Area Investors (Foreign Dealers excluded)-Difference"":""5000"",""Foreign Dealers-Total Buy"":""0"",""Foreign Dealers-TotalSell"":""0"",""ForeignDealers-Difference"":""0"",""ForeignInvestorsIncludeMainlandAreaInvestors-TotalBuy"":""6000"",""ForeignInvestorsIncludeMainlandAreaInvestors-TotalSell"":""1000"",""ForeignInvestorsInclude MainlandAreaInvestors-Difference"":""5000"",""SecuritiesInvestmentTrustCompanies-TotalBuy"":""0"",""SecuritiesInvestmentTrustCompanies-TotalSell"":""0"",""SecuritiesInvestmentTrustCompanies-Difference"":""0"",""Dealers-TotalBuy"":""2000"",""Dealers-TotalSell"":""1371"",""Dealers-Difference"":""629"",""Dealers -TotalSell"":""1371"",""TotalDifference"":""5629""}"
2026-09-08,TPEX,8927,北基,0,0,0,0,0,0,0,0,0,"{""Date"":""1150908"",""SecuritiesCompanyCode"":""8927"",""CompanyName"":""北基"",""Foreign Investors include Mainland Area Investors (Foreign Dealers excluded)-Total Buy"":""33000"","" Foreign Investors include Mainland Area Investors (Foreign Dealers excluded)-Total Sell"":""48189"",""Foreign Investors include Mainland Area Investors (Foreign Dealers excluded)-Difference"":""-15189"",""Foreign Dealers-Total Buy"":""0"",""Foreign Dealers-TotalSell"":""0"",""ForeignDealers-Difference"":""0"",""ForeignInvestorsIncludeMainlandAreaInvestors-TotalBuy"":""33000"",""ForeignInvestorsIncludeMainlandAreaInvestors-TotalSell"":""48189"",""ForeignInvestorsInclude MainlandAreaInvestors-Difference"":""-15189"",""SecuritiesInvestmentTrustCompanies-TotalBuy"":""0"",""SecuritiesInvestmentTrustCompanies-TotalSell"":""0"",""SecuritiesInvestmentTrustCompanies-Difference"":""0"",""Dealers-TotalBuy"":""0"",""Dealers-TotalSell"":""0"",""Dealers-Difference"":""0"",""Dealers -TotalSell"":""0"",""TotalDifference"":""-15189""}"
2026-09-08,TPEX,8928,鉅明,0,0,0,0,0,0,0,0,0,"{""Date"":""1150908"",""SecuritiesCompanyCode"":""8928"",""CompanyName"":""鉅明"",""Foreign Investors include Mainland Area Investors (Foreign Dealers excluded)-Total Buy"":""10000"","" Foreign Investors include Mainland Area Investors (Foreign Dealers excluded)-Total Sell"":""15000"",""Foreign Investors include Mainland Area Investors (Foreign Dealers excluded)-Difference"":""-5000"",""Foreign Dealers-Total Buy"":""0"",""Foreign Dealers-TotalSell"":""0"",""ForeignDealers-Difference"":""0"",""ForeignInvestorsIncludeMainlandAreaInvestors-TotalBuy"":""10000"",""ForeignInvestorsIncludeMainlandAreaInvestors-TotalSell"":""15000"",""ForeignInvestorsInclude MainlandAreaInvestors-Difference"":""-5000"",""SecuritiesInvestmentTrustCompanies-TotalBuy"":""0"",""SecuritiesInvestmentTrustCompanies-TotalSell"":""0"",""SecuritiesInvestmentTrustCompanies-Difference"":""0"",""Dealers-TotalBuy"":""0"",""Dealers-TotalSell"":""0"",""Dealers-Difference"":""0"",""Dealers -TotalSell"":""0"",""TotalDifference"":""-5000""}"
2026-09-08,TPEX,8929,富堡,0,0,0,0,0,0,0,85,-85,"{""Date"":""1150908"",""SecuritiesCompanyCode"":""8929"",""CompanyName"":""富堡"",""Foreign Investors include Mainland Area Investors (Foreign Dealers excluded)-Total Buy"":""0"","" Foreign Investors include Mainland Area Investors (Foreign Dealers excluded)-Total Sell"":""0"",""Foreign Investors include Mainland Area Investors (Foreign Dealers excluded)-Difference"":""0"",""Foreign Dealers-Total Buy"":""0"",""Foreign Dealers-TotalSell"":""0"",""ForeignDealers-Difference"":""0"",""ForeignInvestorsIncludeMainlandAreaInvestors-TotalBuy"":""0"",""ForeignInvestorsIncludeMainlandAreaInvestors-TotalSell"":""0"",""ForeignInvestorsInclude MainlandAreaInvestors-Difference"":""0"",""SecuritiesInvestmentTrustCompanies-TotalBuy"":""0"",""SecuritiesInvestmentTrustCompanies-TotalSell"":""0"",""SecuritiesInvestmentTrustCompanies-Difference"":""0"",""Dealers-TotalBuy"":""0"",""Dealers-TotalSell"":""85"",""Dealers-Difference"":""-85"",""Dealers -TotalSell"":""85"",""TotalDifference"":""-85""}"
2026-09-08,TPEX,8930,青鋼,0,0,0,0,0,0,0,0,0,"{""Date"":""1150908"",""SecuritiesCompanyCode"":""8930"",""CompanyName"":""青鋼"",""Foreign Investors include Mainland Area Investors (Foreign Dealers excluded)-Total Buy"":""5000"","" Foreign Investors include Mainland Area Investors (Foreign Dealers excluded)-Total Sell"":""2000"",""Foreign Investors include Mainland Area Investors (Foreign Dealers excluded)-Difference"":""3000"",""Foreign Dealers-Total Buy"":""0"",""Foreign Dealers-TotalSell"":""0"",""ForeignDealers-Difference"":""0"",""ForeignInvestorsIncludeMainlandAreaInvestors-TotalBuy"":""5000"",""ForeignInvestorsIncludeMainlandAreaInvestors-TotalSell"":""2000"",""ForeignInvestorsInclude MainlandAreaInvestors-Difference"":""3000"",""SecuritiesInvestmentTrustCompanies-TotalBuy"":""0"",""SecuritiesInvestmentTrustCompanies-TotalSell"":""0"",""SecuritiesInvestmentTrustCompanies-Difference"":""0"",""Dealers-TotalBuy"":""0"",""Dealers-TotalSell"":""0"",""Dealers-Difference"":""0"",""Dealers -TotalSell"":""0"",""TotalDifference"":""3000""}"
2026-09-08,TPEX,8931,大汽電,0,0,0,0,0,0,0,25,-25,"{""Date"":""1150908"",""SecuritiesCompanyCode"":""8931"",""CompanyName"":""大汽電"",""Foreign Investors include Mainland Area Investors (Foreign Dealers excluded)-Total Buy"":""4000"","" Foreign Investors include Mainland Area Investors (Foreign Dealers excluded)-Total Sell"":""1000"",""Foreign Investors include Mainland Area Investors (Foreign Dealers excluded)-Difference"":""3000"",""Foreign Dealers-Total Buy"":""0"",""Foreign Dealers-TotalSell"":""0"",""ForeignDealers-Difference"":""0"",""ForeignInvestorsIncludeMainlandAreaInvestors-TotalBuy"":""4000"",""ForeignInvestorsIncludeMainlandAreaInvestors-TotalSell"":""1000"",""ForeignInvestorsInclude MainlandAreaInvestors-Difference"":""3000"",""SecuritiesInvestmentTrustCompanies-TotalBuy"":""0"",""SecuritiesInvestmentTrustCompanies-TotalSell"":""0"",""SecuritiesInvestmentTrustCompanies-Difference"":""0"",""Dealers-TotalBuy"":""0"",""Dealers-TotalSell"":""25"",""Dealers-Difference"":""-25"",""Dealers -TotalSell"":""25"",""TotalDifference"":""2975""}"
2026-09-08,TPEX,8932,智通*,0,0,0,0,0,0,49025,237233,-188208,"{""Date"":""1150908"",""SecuritiesCompanyCode"":""8932"",""CompanyName"":""智通*"",""Foreign Investors include Mainland Area Investors (Foreign Dealers excluded)-Total Buy"":""996370"","" Foreign Investors include Mainland Area Investors (Foreign Dealers excluded)-Total Sell"":""1324000"",""Foreign Investors include Mainland Area Investors (Foreign Dealers excluded)-Difference"":""-327630"",""Foreign Dealers-Total Buy"":""0"",""Foreign Dealers-TotalSell"":""0"",""ForeignDealers-Difference"":""0"",""ForeignInvestorsIncludeMainlandAreaInvestors-TotalBuy"":""996370"",""ForeignInvestorsIncludeMainlandAreaInvestors-TotalSell"":""1324000"",""ForeignInvestorsInclude MainlandAreaInvestors-Difference"":""-327630"",""SecuritiesInvestmentTrustCompanies-TotalBuy"":""0"",""SecuritiesInvestmentTrustCompanies-TotalSell"":""0"",""SecuritiesInvestmentTrustCompanies-Difference"":""0"",""Dealers-TotalBuy"":""49025"",""Dealers-TotalSell"":""237233"",""Dealers-Difference"":""-188208"",""Dealers -TotalSell"":""161233"",""TotalDifference"":""-515838""}"
2026-09-08,TPEX,8933,愛地雅,0,0,0,0,0,0,0,0,0,"{""Date"":""1150908"",""SecuritiesCompanyCode"":""8933"",""CompanyName"":""愛地雅"",""Foreign Investors include Mainland Area Investors (Foreign Dealers excluded)-Total Buy"":""0"","" Foreign Investors include Mainland Area Investors (Foreign Dealers excluded)-Total Sell"":""7000"",""Foreign Investors include Mainland Area Investors (Foreign Dealers excluded)-Difference"":""-7000"",""Foreign Dealers-Total Buy"":""0"",""Foreign Dealers-TotalSell"":""0"",""ForeignDealers-Difference"":""0"",""ForeignInvestorsIncludeMainlandAreaInvestors-TotalBuy"":""0"",""ForeignInvestorsIncludeMainlandAreaInvestors-TotalSell"":""7000"",""ForeignInvestorsInclude MainlandAreaInvestors-Difference"":""-7000"",""SecuritiesInvestmentTrustCompanies-TotalBuy"":""0"",""SecuritiesInvestmentTrustCompanies-TotalSell"":""0"",""SecuritiesInvestmentTrustCompanies-Difference"":""0"",""Dealers-TotalBuy"":""0"",""Dealers-TotalSell"":""0"",""Dealers-Difference"":""0"",""Dealers -TotalSell"":""0"",""TotalDifference"":""-7000""}"
2026-09-08,TPEX,8935,邦泰,0,0,0,0,0,0,0,0,0,"{""Date"":""1150908"",""SecuritiesCompanyCode"":""8935"",""CompanyName"":""邦泰"",""Foreign Investors include Mainland Area Investors (Foreign Dealers excluded)-Total Buy"":""3000"","" Foreign Investors include Mainland Area Investors (Foreign Dealers excluded)-Total Sell"":""10000"",""Foreign Investors include Mainland Area Investors (Foreign Dealers excluded)-Difference"":""-7000"",""Foreign Dealers-Total Buy"":""0"",""Foreign Dealers-TotalSell"":""0"",""ForeignDealers-Difference"":""0"",""ForeignInvestorsIncludeMainlandAreaInvestors-TotalBuy"":""3000"",""ForeignInvestorsIncludeMainlandAreaInvestors-TotalSell"":""10000"",""ForeignInvestorsInclude MainlandAreaInvestors-Difference"":""-7000"",""SecuritiesInvestmentTrustCompanies-TotalBuy"":""0"",""SecuritiesInvestmentTrustCompanies-TotalSell"":""0"",""SecuritiesInvestmentTrustCompanies-Difference"":""0"",""Dealers-TotalBuy"":""0"",""Dealers-TotalSell"":""0"",""Dealers-Difference"":""0"",""Dealers -TotalSell"":""0"",""TotalDifference"":""-7000""}"
2026-09-08,TPEX,8936,國統,0,0,0,0,0,0,46000,1497,44503,"{""Date"":""1150908"",""SecuritiesCompanyCode"":""8936"",""CompanyName"":""國統"",""Foreign Investors include Mainland Area Investors (Foreign Dealers excluded)-Total Buy"":""369644"","" Foreign Investors include Mainland Area Investors (Foreign Dealers excluded)-Total Sell"":""181000"",""Foreign Investors include Mainland Area Investors (Foreign Dealers excluded)-Difference"":""188644"",""Foreign Dealers-Total Buy"":""0"",""Foreign Dealers-TotalSell"":""0"",""ForeignDealers-Difference"":""0"",""ForeignInvestorsIncludeMainlandAreaInvestors-TotalBuy"":""369644"",""ForeignInvestorsIncludeMainlandAreaInvestors-TotalSell"":""181000"",""ForeignInvestorsInclude MainlandAreaInvestors-Difference"":""188644"",""SecuritiesInvestmentTrustCompanies-TotalBuy"":""0"",""SecuritiesInvestmentTrustCompanies-TotalSell"":""0"",""SecuritiesInvestmentTrustCompanies-Difference"":""0"",""Dealers-TotalBuy"":""46000"",""Dealers-TotalSell"":""1497"",""Dealers-Difference"":""44503"",""Dealers -TotalSell"":""1497"",""TotalDifference"":""233147""}"
2026-09-08,TPEX,8937,合騏*,0,0,0,0,0,0,1555,2000,-445,"{""Date"":""1150908"",""SecuritiesCompanyCode"":""8937"",""CompanyName"":""合騏*"",""Foreign Investors include Mainland Area Investors (Foreign Dealers excluded)-Total Buy"":""13000"","" Foreign Investors include Mainland Area Investors (Foreign Dealers excluded)-Total Sell"":""37000"",""Foreign Investors include Mainland Area Investors (Foreign Dealers excluded)-Difference"":""-24000"",""Foreign Dealers-Total Buy"":""0"",""Foreign Dealers-TotalSell"":""0"",""ForeignDealers-Difference"":""0"",""ForeignInvestorsIncludeMainlandAreaInvestors-TotalBuy"":""13000"",""ForeignInvestorsIncludeMainlandAreaInvestors-TotalSell"":""37000"",""ForeignInvestorsInclude MainlandAreaInvestors-Difference"":""-24000"",""SecuritiesInvestmentTrustCompanies-TotalBuy"":""0"",""SecuritiesInvestmentTrustCompanies-TotalSell"":""0"",""SecuritiesInvestmentTrustCompanies-Difference"":""0"",""Dealers-TotalBuy"":""1555"",""Dealers-TotalSell"":""2000"",""Dealers-Difference"":""-445"",""Dealers -TotalSell"":""2000"",""TotalDifference"":""-24445""}"
2026-09-08,TPEX,8938,明安,0,0,0,0,0,0,0,314,-314,"{""Date"":""1150908"",""SecuritiesCompanyCode"":""8938"",""CompanyName"":""明安"",""Foreign Investors include Mainland Area Investors (Foreign Dealers excluded)-Total Buy"":""9393"","" Foreign Investors include Mainland Area Investors (Foreign Dealers excluded)-Total Sell"":""7000"",""Foreign Investors include Mainland Area Investors (Foreign Dealers excluded)-Difference"":""2393"",""Foreign Dealers-Total Buy"":""0"",""Foreign Dealers-TotalSell"":""0"",""ForeignDealers-Difference"":""0"",""ForeignInvestorsIncludeMainlandAreaInvestors-TotalBuy"":""9393"",""ForeignInvestorsIncludeMainlandAreaInvestors-TotalSell"":""7000"",""ForeignInvestorsInclude MainlandAreaInvestors-Difference"":""2393"",""SecuritiesInvestmentTrustCompanies-TotalBuy"":""0"",""SecuritiesInvestmentTrustCompanies-TotalSell"":""0"",""SecuritiesInvestmentTrustCompanies-Difference"":""0"",""Dealers-TotalBuy"":""0"",""Dealers-TotalSell"":""314"",""Dealers-Difference"":""-314"",""Dealers -TotalSell"":""0"",""TotalDifference"":""2079""}"
2026-09-08,TPEX,8942,森鉅,0,0,0,0,0,0,86,386,-300,"{""Date"":""1150908"",""SecuritiesCompanyCode"":""8942"",""CompanyName"":""森鉅"",""Foreign Investors include Mainland Area Investors (Foreign Dealers excluded)-Total Buy"":""26488"","" Foreign Investors include Mainland Area Investors (Foreign Dealers excluded)-Total Sell"":""16000"",""Foreign Investors include Mainland Area Investors (Foreign Dealers excluded)-Difference"":""10488"",""Foreign Dealers-Total Buy"":""0"",""Foreign Dealers-TotalSell"":""0"",""ForeignDealers-Difference"":""0"",""ForeignInvestorsIncludeMainlandAreaInvestors-TotalBuy"":""26488"",""ForeignInvestorsIncludeMainlandAreaInvestors-TotalSell"":""16000"",""ForeignInvestorsInclude MainlandAreaInvestors-Difference"":""10488"",""SecuritiesInvestmentTrustCompanies-TotalBuy"":""0"",""SecuritiesInvestmentTrustCompanies-TotalSell"":""0"",""SecuritiesInvestmentTrustCompanies-Difference"":""0"",""Dealers-TotalBuy"":""86"",""Dealers-TotalSell"":""386"",""Dealers-Difference"":""-300"",""Dealers -TotalSell"":""386"",""TotalDifference"":""10188""}"
2026-09-08,TPEX,9949,琉園,0,0,0,0,0,0,0,0,0,"{""Date"":""1150908"",""SecuritiesCompanyCode"":""9949"",""CompanyName"":""琉園"",""Foreign Investors include Mainland Area Investors (Foreign Dealers excluded)-Total Buy"":""1000"","" Foreign Investors include Mainland Area Investors (Foreign Dealers excluded)-Total Sell"":""4000"",""Foreign Investors include Mainland Area Investors (Foreign Dealers excluded)-Difference"":""-3000"",""Foreign Dealers-Total Buy"":""0"",""Foreign Dealers-TotalSell"":""0"",""ForeignDealers-Difference"":""0"",""ForeignInvestorsIncludeMainlandAreaInvestors-TotalBuy"":""1000"",""ForeignInvestorsIncludeMainlandAreaInvestors-TotalSell"":""4000"",""ForeignInvestorsInclude MainlandAreaInvestors-Difference"":""-3000"",""SecuritiesInvestmentTrustCompanies-TotalBuy"":""0"",""SecuritiesInvestmentTrustCompanies-TotalSell"":""0"",""SecuritiesInvestmentTrustCompanies-Difference"":""0"",""Dealers-TotalBuy"":""0"",""Dealers-TotalSell"":""0"",""Dealers-Difference"":""0"",""Dealers -TotalSell"":""0"",""TotalDifference"":""-3000""}"
2026-09-08,TPEX,9951,皇田,0,0,0,0,0,0,0,66,-66,"{""Date"":""1150908"",""SecuritiesCompanyCode"":""9951"",""CompanyName"":""皇田"",""Foreign Investors include Mainland Area Investors (Foreign Dealers excluded)-Total Buy"":""1000"","" Foreign Investors include Mainland Area Investors (Foreign Dealers excluded)-Total Sell"":""7000"",""Foreign Investors include Mainland Area Investors (Foreign Dealers excluded)-Difference"":""-6000"",""Foreign Dealers-Total Buy"":""0"",""Foreign Dealers-TotalSell"":""0"",""ForeignDealers-Difference"":""0"",""ForeignInvestorsIncludeMainlandAreaInvestors-TotalBuy"":""1000"",""ForeignInvestorsIncludeMainlandAreaInvestors-TotalSell"":""7000"",""ForeignInvestorsInclude MainlandAreaInvestors-Difference"":""-6000"",""SecuritiesInvestmentTrustCompanies-TotalBuy"":""0"",""SecuritiesInvestmentTrustCompanies-TotalSell"":""0"",""SecuritiesInvestmentTrustCompanies-Difference"":""0"",""Dealers-TotalBuy"":""0"",""Dealers-TotalSell"":""66"",""Dealers-Difference"":""-66"",""Dealers -TotalSell"":""66"",""TotalDifference"":""-6066""}"
2026-09-08,TPEX,9960,邁達康,0,0,0,0,0,0,538,0,538,"{""Date"":""1150908"",""SecuritiesCompanyCode"":""9960"",""CompanyName"":""邁達康"",""Foreign Investors include Mainland Area Investors (Foreign Dealers excluded)-Total Buy"":""0"","" Foreign Investors include Mainland Area Investors (Foreign Dealers excluded)-Total Sell"":""5000"",""Foreign Investors include Mainland Area Investors (Foreign Dealers excluded)-Difference"":""-5000"",""Foreign Dealers-Total Buy"":""0"",""Foreign Dealers-TotalSell"":""0"",""ForeignDealers-Difference"":""0"",""ForeignInvestorsIncludeMainlandAreaInvestors-TotalBuy"":""0"",""ForeignInvestorsIncludeMainlandAreaInvestors-TotalSell"":""5000"",""ForeignInvestorsInclude MainlandAreaInvestors-Difference"":""-5000"",""SecuritiesInvestmentTrustCompanies-TotalBuy"":""0"",""SecuritiesInvestmentTrustCompanies-TotalSell"":""0"",""SecuritiesInvestmentTrustCompanies-Difference"":""0"",""Dealers-TotalBuy"":""538"",""Dealers-TotalSell"":""0"",""Dealers-Difference"":""538"",""Dealers -TotalSell"":""0"",""TotalDifference"":""-4462""}"
2026-09-08,TPEX,9962,有益,0,0,0,0,0,0,0,0,0,"{""Date"":""1150908"",""SecuritiesCompanyCode"":""9962"",""CompanyName"":""有益"",""Foreign Investors include Mainland Area Investors (Foreign Dealers excluded)-Total Buy"":""1000"","" Foreign Investors include Mainland Area Investors (Foreign Dealers excluded)-Total Sell"":""1000"",""Foreign Investors include Mainland Area Investors (Foreign Dealers excluded)-Difference"":""0"",""Foreign Dealers-Total Buy"":""0"",""Foreign Dealers-TotalSell"":""0"",""ForeignDealers-Difference"":""0"",""ForeignInvestorsIncludeMainlandAreaInvestors-TotalBuy"":""1000"",""ForeignInvestorsIncludeMainlandAreaInvestors-TotalSell"":""1000"",""ForeignInvestorsInclude MainlandAreaInvestors-Difference"":""0"",""SecuritiesInvestmentTrustCompanies-TotalBuy"":""0"",""SecuritiesInvestmentTrustCompanies-TotalSell"":""0"",""SecuritiesInvestmentTrustCompanies-Difference"":""0"",""Dealers-TotalBuy"":""0"",""Dealers-TotalSell"":""0"",""Dealers-Difference"":""0"",""Dealers -TotalSell"":""0"",""TotalDifference"":""0""}"
