trade_date,market,stock_id,name,foreign_buy,foreign_sell,foreign_net,trust_buy,trust_sell,trust_net,dealer_buy,dealer_sell,dealer_net,raw_json
2026-10-07,TWSE,1301,台塑            ,50263875,14595540,35668335,10282000,0,10282000,1637235,245120,1952676,"{""證券代號"":""1301"",""證券名稱"":""台塑            "",""外陸資買進股數(不含外資自營商)"":""50,263,875"",""外陸資賣出股數(不含外資自營商)"":""14,595,540"",""外陸資買賣超股數(不含外資自營商)"":""35,668,335"",""外資自營商買進股數"":""0"",""外資自營商賣出股數"":""0"",""外資自營商買賣超股數"":""0"",""投信買進股數"":""10,282,000"",""投信賣出股數"":""0"",""投信買賣超股數"":""10,282,000"",""自營商買賣超股數"":""1,952,676"",""自營商買進股數(自行買賣)"":""788,561"",""自營商賣出股數(自行買賣)"":""228,000"",""自營商買賣超股數(自行買賣)"":""560,561"",""自營商買進股數(避險)"":""1,637,235"",""自營商賣出股數(避險)"":""245,120"",""自營商買賣超股數(避險)"":""1,392,115"",""三大法人買賣超股數"":""47,903,011""}"
2026-10-07,TWSE,00403A,主動統一升級50  ,37904345,23246256,14658089,0,0,0,41165561,19594339,21571222,"{""證券代號"":""00403A"",""證券名稱"":""主動統一升級50  "",""外陸資買進股數(不含外資自營商)"":""37,904,345"",""外陸資賣出股數(不含外資自營商)"":""23,246,256"",""外陸資買賣超股數(不含外資自營商)"":""14,658,089"",""外資自營商買進股數"":""0"",""外資自營商賣出股數"":""0"",""外資自營商買賣超股數"":""0"",""投信買進股數"":""0"",""投信賣出股數"":""0"",""投信買賣超股數"":""0"",""自營商買賣超股數"":""21,571,222"",""自營商買進股數(自行買賣)"":""0"",""自營商賣出股數(自行買賣)"":""0"",""自營商買賣超股數(自行買賣)"":""0"",""自營商買進股數(避險)"":""41,165,561"",""自營商賣出股數(避險)"":""19,594,339"",""自營商買賣超股數(避險)"":""21,571,222"",""三大法人買賣超股數"":""36,229,311""}"
2026-10-07,TWSE,1605,華新            ,27736535,5108424,22628111,2726000,132210,2593790,876231,37022,859209,"{""證券代號"":""1605"",""證券名稱"":""華新            "",""外陸資買進股數(不含外資自營商)"":""27,736,535"",""外陸資賣出股數(不含外資自營商)"":""5,108,424"",""外陸資買賣超股數(不含外資自營商)"":""22,628,111"",""外資自營商買進股數"":""0"",""外資自營商賣出股數"":""0"",""外資自營商買賣超股數"":""0"",""投信買進股數"":""2,726,000"",""投信賣出股數"":""132,210"",""投信買賣超股數"":""2,593,790"",""自營商買賣超股數"":""859,209"",""自營商買進股數(自行買賣)"":""20,000"",""自營商賣出股數(自行買賣)"":""0"",""自營商買賣超股數(自行買賣)"":""20,000"",""自營商買進股數(避險)"":""876,231"",""自營商賣出股數(避險)"":""37,022"",""自營商買賣超股數(避險)"":""839,209"",""三大法人買賣超股數"":""26,081,110""}"
2026-10-07,TWSE,1802,台玻            ,31780839,14570110,17210729,0,0,0,1602455,349850,6232938,"{""證券代號"":""1802"",""證券名稱"":""台玻            "",""外陸資買進股數(不含外資自營商)"":""31,780,839"",""外陸資賣出股數(不含外資自營商)"":""14,570,110"",""外陸資買賣超股數(不含外資自營商)"":""17,210,729"",""外資自營商買進股數"":""0"",""外資自營商賣出股數"":""0"",""外資自營商買賣超股數"":""0"",""投信買進股數"":""0"",""投信賣出股數"":""0"",""投信買賣超股數"":""0"",""自營商買賣超股數"":""6,232,938"",""自營商買進股數(自行買賣)"":""5,343,333"",""自營商賣出股數(自行買賣)"":""363,000"",""自營商買賣超股數(自行買賣)"":""4,980,333"",""自營商買進股數(避險)"":""1,602,455"",""自營商賣出股數(避險)"":""349,850"",""自營商買賣超股數(避險)"":""1,252,605"",""三大法人買賣超股數"":""23,443,667""}"
2026-10-07,TWSE,9105,泰金寶-DR       ,22587000,2263300,20323700,0,0,0,1165231,51809,1113422,"{""證券代號"":""9105"",""證券名稱"":""泰金寶-DR       "",""外陸資買進股數(不含外資自營商)"":""22,587,000"",""外陸資賣出股數(不含外資自營商)"":""2,263,300"",""外陸資買賣超股數(不含外資自營商)"":""20,323,700"",""外資自營商買進股數"":""0"",""外資自營商賣出股數"":""0"",""外資自營商買賣超股數"":""0"",""投信買進股數"":""0"",""投信賣出股數"":""0"",""投信買賣超股數"":""0"",""自營商買賣超股數"":""1,113,422"",""自營商買進股數(自行買賣)"":""0"",""自營商賣出股數(自行買賣)"":""0"",""自營商買賣超股數(自行買賣)"":""0"",""自營商買進股數(避險)"":""1,165,231"",""自營商賣出股數(避險)"":""51,809"",""自營商買賣超股數(避險)"":""1,113,422"",""三大法人買賣超股數"":""21,437,122""}"
2026-10-07,TWSE,1326,台化            ,27865222,12112593,15752629,0,0,0,540462,244970,397492,"{""證券代號"":""1326"",""證券名稱"":""台化            "",""外陸資買進股數(不含外資自營商)"":""27,865,222"",""外陸資賣出股數(不含外資自營商)"":""12,112,593"",""外陸資買賣超股數(不含外資自營商)"":""15,752,629"",""外資自營商買進股數"":""0"",""外資自營商賣出股數"":""0"",""外資自營商買賣超股數"":""0"",""投信買進股數"":""0"",""投信賣出股數"":""0"",""投信買賣超股數"":""0"",""自營商買賣超股數"":""397,492"",""自營商買進股數(自行買賣)"":""165,000"",""自營商賣出股數(自行買賣)"":""63,000"",""自營商買賣超股數(自行買賣)"":""102,000"",""自營商買進股數(避險)"":""540,462"",""自營商賣出股數(避險)"":""244,970"",""自營商買賣超股數(避險)"":""295,492"",""三大法人買賣超股數"":""16,150,121""}"
2026-10-07,TWSE,00991A,主動復華未來50  ,10623760,8730600,1893160,0,0,0,21301289,5109689,13983395,"{""證券代號"":""00991A"",""證券名稱"":""主動復華未來50  "",""外陸資買進股數(不含外資自營商)"":""10,623,760"",""外陸資賣出股數(不含外資自營商)"":""8,730,600"",""外陸資買賣超股數(不含外資自營商)"":""1,893,160"",""外資自營商買進股數"":""0"",""外資自營商賣出股數"":""0"",""外資自營商買賣超股數"":""0"",""投信買進股數"":""0"",""投信賣出股數"":""0"",""投信買賣超股數"":""0"",""自營商買賣超股數"":""13,983,395"",""自營商買進股數(自行買賣)"":""400,000"",""自營商賣出股數(自行買賣)"":""2,608,205"",""自營商買賣超股數(自行買賣)"":""-2,208,205"",""自營商買進股數(避險)"":""21,301,289"",""自營商賣出股數(避險)"":""5,109,689"",""自營商買賣超股數(避險)"":""16,191,600"",""三大法人買賣超股數"":""15,876,555""}"
2026-10-07,TWSE,1303,南亞            ,41975876,30054491,11921385,2685200,1471578,1213622,735369,617181,-37109,"{""證券代號"":""1303"",""證券名稱"":""南亞            "",""外陸資買進股數(不含外資自營商)"":""41,975,876"",""外陸資賣出股數(不含外資自營商)"":""30,054,491"",""外陸資買賣超股數(不含外資自營商)"":""11,921,385"",""外資自營商買進股數"":""0"",""外資自營商賣出股數"":""0"",""外資自營商買賣超股數"":""0"",""投信買進股數"":""2,685,200"",""投信賣出股數"":""1,471,578"",""投信買賣超股數"":""1,213,622"",""自營商買賣超股數"":""-37,109"",""自營商買進股數(自行買賣)"":""931,997"",""自營商賣出股數(自行買賣)"":""1,087,294"",""自營商買賣超股數(自行買賣)"":""-155,297"",""自營商買進股數(避險)"":""735,369"",""自營商賣出股數(避險)"":""617,181"",""自營商買賣超股數(避險)"":""118,188"",""三大法人買賣超股數"":""13,097,898""}"
2026-10-07,TWSE,2344,華邦電          ,35017687,14487489,20530198,32000,7314006,-7282006,543245,359205,-329411,"{""證券代號"":""2344"",""證券名稱"":""華邦電          "",""外陸資買進股數(不含外資自營商)"":""35,017,687"",""外陸資賣出股數(不含外資自營商)"":""14,487,489"",""外陸資買賣超股數(不含外資自營商)"":""20,530,198"",""外資自營商買進股數"":""0"",""外資自營商賣出股數"":""0"",""外資自營商買賣超股數"":""0"",""投信買進股數"":""32,000"",""投信賣出股數"":""7,314,006"",""投信買賣超股數"":""-7,282,006"",""自營商買賣超股數"":""-329,411"",""自營商買進股數(自行買賣)"":""113,414"",""自營商賣出股數(自行買賣)"":""626,865"",""自營商買賣超股數(自行買賣)"":""-513,451"",""自營商買進股數(避險)"":""543,245"",""自營商賣出股數(避險)"":""359,205"",""自營商買賣超股數(避險)"":""184,040"",""三大法人買賣超股數"":""12,918,781""}"
2026-10-07,TWSE,2883,凱基金          ,26779499,14636371,12143128,31000,89440,-58440,656034,66342,587692,"{""證券代號"":""2883"",""證券名稱"":""凱基金          "",""外陸資買進股數(不含外資自營商)"":""26,779,499"",""外陸資賣出股數(不含外資自營商)"":""14,636,371"",""外陸資買賣超股數(不含外資自營商)"":""12,143,128"",""外資自營商買進股數"":""0"",""外資自營商賣出股數"":""0"",""外資自營商買賣超股數"":""0"",""投信買進股數"":""31,000"",""投信賣出股數"":""89,440"",""投信買賣超股數"":""-58,440"",""自營商買賣超股數"":""587,692"",""自營商買進股數(自行買賣)"":""2,000"",""自營商賣出股數(自行買賣)"":""4,000"",""自營商買賣超股數(自行買賣)"":""-2,000"",""自營商買進股數(避險)"":""656,034"",""自營商賣出股數(避險)"":""66,342"",""自營商買賣超股數(避險)"":""589,692"",""三大法人買賣超股數"":""12,672,380""}"
2026-10-07,TWSE,1314,中石化          ,16315350,3714772,12600578,0,0,0,0,0,-101000,"{""證券代號"":""1314"",""證券名稱"":""中石化          "",""外陸資買進股數(不含外資自營商)"":""16,315,350"",""外陸資賣出股數(不含外資自營商)"":""3,714,772"",""外陸資買賣超股數(不含外資自營商)"":""12,600,578"",""外資自營商買進股數"":""0"",""外資自營商賣出股數"":""0"",""外資自營商買賣超股數"":""0"",""投信買進股數"":""0"",""投信賣出股數"":""0"",""投信買賣超股數"":""0"",""自營商買賣超股數"":""-101,000"",""自營商買進股數(自行買賣)"":""8,000"",""自營商賣出股數(自行買賣)"":""109,000"",""自營商買賣超股數(自行買賣)"":""-101,000"",""自營商買進股數(避險)"":""0"",""自營商賣出股數(避險)"":""0"",""自營商買賣超股數(避險)"":""0"",""三大法人買賣超股數"":""12,499,578""}"
2026-10-07,TWSE,2492,華新科          ,17442519,7507989,9934530,2670000,1000,2669000,911325,951423,-323063,"{""證券代號"":""2492"",""證券名稱"":""華新科          "",""外陸資買進股數(不含外資自營商)"":""17,442,519"",""外陸資賣出股數(不含外資自營商)"":""7,507,989"",""外陸資買賣超股數(不含外資自營商)"":""9,934,530"",""外資自營商買進股數"":""0"",""外資自營商賣出股數"":""0"",""外資自營商買賣超股數"":""0"",""投信買進股數"":""2,670,000"",""投信賣出股數"":""1,000"",""投信買賣超股數"":""2,669,000"",""自營商買賣超股數"":""-323,063"",""自營商買進股數(自行買賣)"":""333,780"",""自營商賣出股數(自行買賣)"":""616,745"",""自營商買賣超股數(自行買賣)"":""-282,965"",""自營商買進股數(避險)"":""911,325"",""自營商賣出股數(避險)"":""951,423"",""自營商買賣超股數(避險)"":""-40,098"",""三大法人買賣超股數"":""12,280,467""}"
2026-10-07,TWSE,00988A,主動統一全球創新,4921710,1904023,3017687,0,0,0,8895000,577000,8318000,"{""證券代號"":""00988A"",""證券名稱"":""主動統一全球創新"",""外陸資買進股數(不含外資自營商)"":""4,921,710"",""外陸資賣出股數(不含外資自營商)"":""1,904,023"",""外陸資買賣超股數(不含外資自營商)"":""3,017,687"",""外資自營商買進股數"":""0"",""外資自營商賣出股數"":""0"",""外資自營商買賣超股數"":""0"",""投信買進股數"":""0"",""投信賣出股數"":""0"",""投信買賣超股數"":""0"",""自營商買賣超股數"":""8,318,000"",""自營商買進股數(自行買賣)"":""0"",""自營商賣出股數(自行買賣)"":""0"",""自營商買賣超股數(自行買賣)"":""0"",""自營商買進股數(避險)"":""8,895,000"",""自營商賣出股數(避險)"":""577,000"",""自營商買賣超股數(避險)"":""8,318,000"",""三大法人買賣超股數"":""11,335,687""}"
2026-10-07,TWSE,1216,統一            ,12333848,3462632,8871216,1260000,73590,1186410,198269,0,77788,"{""證券代號"":""1216"",""證券名稱"":""統一            "",""外陸資買進股數(不含外資自營商)"":""12,333,848"",""外陸資賣出股數(不含外資自營商)"":""3,462,632"",""外陸資買賣超股數(不含外資自營商)"":""8,871,216"",""外資自營商買進股數"":""0"",""外資自營商賣出股數"":""0"",""外資自營商買賣超股數"":""0"",""投信買進股數"":""1,260,000"",""投信賣出股數"":""73,590"",""投信買賣超股數"":""1,186,410"",""自營商買賣超股數"":""77,788"",""自營商買進股數(自行買賣)"":""4,519"",""自營商賣出股數(自行買賣)"":""125,000"",""自營商買賣超股數(自行買賣)"":""-120,481"",""自營商買進股數(避險)"":""198,269"",""自營商賣出股數(避險)"":""0"",""自營商買賣超股數(避險)"":""198,269"",""三大法人買賣超股數"":""10,135,414""}"
2026-10-07,TWSE,2882,國泰金          ,19236426,10036323,9200103,151000,55928,95072,95963,59714,44249,"{""證券代號"":""2882"",""證券名稱"":""國泰金          "",""外陸資買進股數(不含外資自營商)"":""19,236,426"",""外陸資賣出股數(不含外資自營商)"":""10,036,323"",""外陸資買賣超股數(不含外資自營商)"":""9,200,103"",""外資自營商買進股數"":""0"",""外資自營商賣出股數"":""0"",""外資自營商買賣超股數"":""0"",""投信買進股數"":""151,000"",""投信賣出股數"":""55,928"",""投信買賣超股數"":""95,072"",""自營商買賣超股數"":""44,249"",""自營商買進股數(自行買賣)"":""8,000"",""自營商賣出股數(自行買賣)"":""0"",""自營商買賣超股數(自行買賣)"":""8,000"",""自營商買進股數(避險)"":""95,963"",""自營商賣出股數(避險)"":""59,714"",""自營商買賣超股數(避險)"":""36,249"",""三大法人買賣超股數"":""9,339,424""}"
2026-10-07,TWSE,00409A,主動復華全球50  ,1495000,290000,1205000,0,0,0,8046000,33071,8012929,"{""證券代號"":""00409A"",""證券名稱"":""主動復華全球50  "",""外陸資買進股數(不含外資自營商)"":""1,495,000"",""外陸資賣出股數(不含外資自營商)"":""290,000"",""外陸資買賣超股數(不含外資自營商)"":""1,205,000"",""外資自營商買進股數"":""0"",""外資自營商賣出股數"":""0"",""外資自營商買賣超股數"":""0"",""投信買進股數"":""0"",""投信賣出股數"":""0"",""投信買賣超股數"":""0"",""自營商買賣超股數"":""8,012,929"",""自營商買進股數(自行買賣)"":""0"",""自營商賣出股數(自行買賣)"":""0"",""自營商買賣超股數(自行買賣)"":""0"",""自營商買進股數(避險)"":""8,046,000"",""自營商賣出股數(避險)"":""33,071"",""自營商買賣超股數(避險)"":""8,012,929"",""三大法人買賣超股數"":""9,217,929""}"
2026-10-07,TWSE,9904,寶成            ,11155827,2652008,8503819,319000,161744,157256,406838,16197,410611,"{""證券代號"":""9904"",""證券名稱"":""寶成            "",""外陸資買進股數(不含外資自營商)"":""11,155,827"",""外陸資賣出股數(不含外資自營商)"":""2,652,008"",""外陸資買賣超股數(不含外資自營商)"":""8,503,819"",""外資自營商買進股數"":""0"",""外資自營商賣出股數"":""0"",""外資自營商買賣超股數"":""0"",""投信買進股數"":""319,000"",""投信賣出股數"":""161,744"",""投信買賣超股數"":""157,256"",""自營商買賣超股數"":""410,611"",""自營商買進股數(自行買賣)"":""20,000"",""自營商賣出股數(自行買賣)"":""30"",""自營商買賣超股數(自行買賣)"":""19,970"",""自營商買進股數(避險)"":""406,838"",""自營商賣出股數(避險)"":""16,197"",""自營商買賣超股數(避險)"":""390,641"",""三大法人買賣超股數"":""9,071,686""}"
2026-10-07,TWSE,3481,群創            ,24661687,15156857,9504830,8500,32527,-24027,1131687,650418,-856600,"{""證券代號"":""3481"",""證券名稱"":""群創            "",""外陸資買進股數(不含外資自營商)"":""24,661,687"",""外陸資賣出股數(不含外資自營商)"":""15,156,857"",""外陸資買賣超股數(不含外資自營商)"":""9,504,830"",""外資自營商買進股數"":""0"",""外資自營商賣出股數"":""0"",""外資自營商買賣超股數"":""0"",""投信買進股數"":""8,500"",""投信賣出股數"":""32,527"",""投信買賣超股數"":""-24,027"",""自營商買賣超股數"":""-856,600"",""自營商買進股數(自行買賣)"":""1,121,000"",""自營商賣出股數(自行買賣)"":""2,458,869"",""自營商買賣超股數(自行買賣)"":""-1,337,869"",""自營商買進股數(避險)"":""1,131,687"",""自營商賣出股數(避險)"":""650,418"",""自營商買賣超股數(避險)"":""481,269"",""三大法人買賣超股數"":""8,624,203""}"
2026-10-07,TWSE,00673R,期元大S&P原油反1,0,80000,-80000,0,0,0,12222000,3519255,8702745,"{""證券代號"":""00673R"",""證券名稱"":""期元大S&P原油反1"",""外陸資買進股數(不含外資自營商)"":""0"",""外陸資賣出股數(不含外資自營商)"":""80,000"",""外陸資買賣超股數(不含外資自營商)"":""-80,000"",""外資自營商買進股數"":""0"",""外資自營商賣出股數"":""0"",""外資自營商買賣超股數"":""0"",""投信買進股數"":""0"",""投信賣出股數"":""0"",""投信買賣超股數"":""0"",""自營商買賣超股數"":""8,702,745"",""自營商買進股數(自行買賣)"":""0"",""自營商賣出股數(自行買賣)"":""0"",""自營商買賣超股數(自行買賣)"":""0"",""自營商買進股數(避險)"":""12,222,000"",""自營商賣出股數(避險)"":""3,519,255"",""自營商買賣超股數(避險)"":""8,702,745"",""三大法人買賣超股數"":""8,622,745""}"
2026-10-07,TWSE,1101,台泥            ,10333379,6456023,3877356,4943000,212000,4731000,215708,286412,-56704,"{""證券代號"":""1101"",""證券名稱"":""台泥            "",""外陸資買進股數(不含外資自營商)"":""10,333,379"",""外陸資賣出股數(不含外資自營商)"":""6,456,023"",""外陸資買賣超股數(不含外資自營商)"":""3,877,356"",""外資自營商買進股數"":""0"",""外資自營商賣出股數"":""0"",""外資自營商買賣超股數"":""0"",""投信買進股數"":""4,943,000"",""投信賣出股數"":""212,000"",""投信買賣超股數"":""4,731,000"",""自營商買賣超股數"":""-56,704"",""自營商買進股數(自行買賣)"":""14,000"",""自營商賣出股數(自行買賣)"":""0"",""自營商買賣超股數(自行買賣)"":""14,000"",""自營商買進股數(避險)"":""215,708"",""自營商賣出股數(避險)"":""286,412"",""自營商買賣超股數(避險)"":""-70,704"",""三大法人買賣超股數"":""8,551,652""}"
2026-10-07,TWSE,2515,中工            ,9973721,1622896,8350825,0,0,0,0,0,-10022,"{""證券代號"":""2515"",""證券名稱"":""中工            "",""外陸資買進股數(不含外資自營商)"":""9,973,721"",""外陸資賣出股數(不含外資自營商)"":""1,622,896"",""外陸資買賣超股數(不含外資自營商)"":""8,350,825"",""外資自營商買進股數"":""0"",""外資自營商賣出股數"":""0"",""外資自營商買賣超股數"":""0"",""投信買進股數"":""0"",""投信賣出股數"":""0"",""投信買賣超股數"":""0"",""自營商買賣超股數"":""-10,022"",""自營商買進股數(自行買賣)"":""978"",""自營商賣出股數(自行買賣)"":""11,000"",""自營商買賣超股數(自行買賣)"":""-10,022"",""自營商買進股數(避險)"":""0"",""自營商賣出股數(避險)"":""0"",""自營商買賣超股數(避險)"":""0"",""三大法人買賣超股數"":""8,340,803""}"
2026-10-07,TWSE,2887,台新新光金      ,15896781,7969722,7927059,136000,413024,-277024,557698,25666,550648,"{""證券代號"":""2887"",""證券名稱"":""台新新光金      "",""外陸資買進股數(不含外資自營商)"":""15,896,781"",""外陸資賣出股數(不含外資自營商)"":""7,969,722"",""外陸資買賣超股數(不含外資自營商)"":""7,927,059"",""外資自營商買進股數"":""0"",""外資自營商賣出股數"":""0"",""外資自營商買賣超股數"":""0"",""投信買進股數"":""136,000"",""投信賣出股數"":""413,024"",""投信買賣超股數"":""-277,024"",""自營商買賣超股數"":""550,648"",""自營商買進股數(自行買賣)"":""18,616"",""自營商賣出股數(自行買賣)"":""0"",""自營商買賣超股數(自行買賣)"":""18,616"",""自營商買進股數(避險)"":""557,698"",""自營商賣出股數(避險)"":""25,666"",""自營商買賣超股數(避險)"":""532,032"",""三大法人買賣超股數"":""8,200,683""}"
2026-10-07,TWSE,2885,元大金          ,13133724,5447363,7686361,301000,95330,205670,334476,88348,248128,"{""證券代號"":""2885"",""證券名稱"":""元大金          "",""外陸資買進股數(不含外資自營商)"":""13,133,724"",""外陸資賣出股數(不含外資自營商)"":""5,447,363"",""外陸資買賣超股數(不含外資自營商)"":""7,686,361"",""外資自營商買進股數"":""0"",""外資自營商賣出股數"":""0"",""外資自營商買賣超股數"":""0"",""投信買進股數"":""301,000"",""投信賣出股數"":""95,330"",""投信買賣超股數"":""205,670"",""自營商買賣超股數"":""248,128"",""自營商買進股數(自行買賣)"":""2,000"",""自營商賣出股數(自行買賣)"":""0"",""自營商買賣超股數(自行買賣)"":""2,000"",""自營商買進股數(避險)"":""334,476"",""自營商賣出股數(避險)"":""88,348"",""自營商買賣超股數(避險)"":""246,128"",""三大法人買賣超股數"":""8,140,159""}"
2026-10-07,TWSE,009819,中信數據及電力  ,4559000,9000,4550000,0,0,0,3852414,464000,3518414,"{""證券代號"":""009819"",""證券名稱"":""中信數據及電力  "",""外陸資買進股數(不含外資自營商)"":""4,559,000"",""外陸資賣出股數(不含外資自營商)"":""9,000"",""外陸資買賣超股數(不含外資自營商)"":""4,550,000"",""外資自營商買進股數"":""0"",""外資自營商賣出股數"":""0"",""外資自營商買賣超股數"":""0"",""投信買進股數"":""0"",""投信賣出股數"":""0"",""投信買賣超股數"":""0"",""自營商買賣超股數"":""3,518,414"",""自營商買進股數(自行買賣)"":""130,000"",""自營商賣出股數(自行買賣)"":""0"",""自營商買賣超股數(自行買賣)"":""130,000"",""自營商買進股數(避險)"":""3,852,414"",""自營商賣出股數(避險)"":""464,000"",""自營商買賣超股數(避險)"":""3,388,414"",""三大法人買賣超股數"":""8,068,414""}"
2026-10-07,TWSE,00997A,主動群益美國增長,2199000,140000,2059000,0,0,0,5670500,85500,5585000,"{""證券代號"":""00997A"",""證券名稱"":""主動群益美國增長"",""外陸資買進股數(不含外資自營商)"":""2,199,000"",""外陸資賣出股數(不含外資自營商)"":""140,000"",""外陸資買賣超股數(不含外資自營商)"":""2,059,000"",""外資自營商買進股數"":""0"",""外資自營商賣出股數"":""0"",""外資自營商買賣超股數"":""0"",""投信買進股數"":""0"",""投信賣出股數"":""0"",""投信買賣超股數"":""0"",""自營商買賣超股數"":""5,585,000"",""自營商買進股數(自行買賣)"":""0"",""自營商賣出股數(自行買賣)"":""0"",""自營商買賣超股數(自行買賣)"":""0"",""自營商買進股數(避險)"":""5,670,500"",""自營商賣出股數(避險)"":""85,500"",""自營商買賣超股數(避險)"":""5,585,000"",""三大法人買賣超股數"":""7,644,000""}"
2026-10-07,TWSE,4958,臻鼎-KY         ,14744423,8092094,6652329,275100,26574,248526,391728,125656,270570,"{""證券代號"":""4958"",""證券名稱"":""臻鼎-KY         "",""外陸資買進股數(不含外資自營商)"":""14,744,423"",""外陸資賣出股數(不含外資自營商)"":""8,092,094"",""外陸資買賣超股數(不含外資自營商)"":""6,652,329"",""外資自營商買進股數"":""0"",""外資自營商賣出股數"":""0"",""外資自營商買賣超股數"":""0"",""投信買進股數"":""275,100"",""投信賣出股數"":""26,574"",""投信買賣超股數"":""248,526"",""自營商買賣超股數"":""270,570"",""自營商買進股數(自行買賣)"":""207,498"",""自營商賣出股數(自行買賣)"":""203,000"",""自營商買賣超股數(自行買賣)"":""4,498"",""自營商買進股數(避險)"":""391,728"",""自營商賣出股數(避險)"":""125,656"",""自營商買賣超股數(避險)"":""266,072"",""三大法人買賣超股數"":""7,171,425""}"
2026-10-07,TWSE,1312,國喬            ,10787548,2098000,8689548,0,0,0,152455,116598,-1684009,"{""證券代號"":""1312"",""證券名稱"":""國喬            "",""外陸資買進股數(不含外資自營商)"":""10,787,548"",""外陸資賣出股數(不含外資自營商)"":""2,098,000"",""外陸資買賣超股數(不含外資自營商)"":""8,689,548"",""外資自營商買進股數"":""0"",""外資自營商賣出股數"":""0"",""外資自營商買賣超股數"":""0"",""投信買進股數"":""0"",""投信賣出股數"":""0"",""投信買賣超股數"":""0"",""自營商買賣超股數"":""-1,684,009"",""自營商買進股數(自行買賣)"":""34,000"",""自營商賣出股數(自行買賣)"":""1,753,866"",""自營商買賣超股數(自行買賣)"":""-1,719,866"",""自營商買進股數(避險)"":""152,455"",""自營商賣出股數(避險)"":""116,598"",""自營商買賣超股數(避險)"":""35,857"",""三大法人買賣超股數"":""7,005,539""}"
2026-10-07,TWSE,1409,新纖            ,14995007,7884267,7110740,0,0,0,78850,324818,-243968,"{""證券代號"":""1409"",""證券名稱"":""新纖            "",""外陸資買進股數(不含外資自營商)"":""14,995,007"",""外陸資賣出股數(不含外資自營商)"":""7,884,267"",""外陸資買賣超股數(不含外資自營商)"":""7,110,740"",""外資自營商買進股數"":""0"",""外資自營商賣出股數"":""0"",""外資自營商買賣超股數"":""0"",""投信買進股數"":""0"",""投信賣出股數"":""0"",""投信買賣超股數"":""0"",""自營商買賣超股數"":""-243,968"",""自營商買進股數(自行買賣)"":""2,000"",""自營商賣出股數(自行買賣)"":""0"",""自營商買賣超股數(自行買賣)"":""2,000"",""自營商買進股數(避險)"":""78,850"",""自營商賣出股數(避險)"":""324,818"",""自營商買賣超股數(避險)"":""-245,968"",""三大法人買賣超股數"":""6,866,772""}"
2026-10-07,TWSE,009820,元大納斯達克精選,77000,26000,51000,0,0,0,6570258,0,6570258,"{""證券代號"":""009820"",""證券名稱"":""元大納斯達克精選"",""外陸資買進股數(不含外資自營商)"":""77,000"",""外陸資賣出股數(不含外資自營商)"":""26,000"",""外陸資買賣超股數(不含外資自營商)"":""51,000"",""外資自營商買進股數"":""0"",""外資自營商賣出股數"":""0"",""外資自營商買賣超股數"":""0"",""投信買進股數"":""0"",""投信賣出股數"":""0"",""投信買賣超股數"":""0"",""自營商買賣超股數"":""6,570,258"",""自營商買進股數(自行買賣)"":""0"",""自營商賣出股數(自行買賣)"":""0"",""自營商買賣超股數(自行買賣)"":""0"",""自營商買進股數(避險)"":""6,570,258"",""自營商賣出股數(避險)"":""0"",""自營商買賣超股數(避險)"":""6,570,258"",""三大法人買賣超股數"":""6,621,258""}"
2026-10-07,TWSE,00990A,主動元大AI新經濟,637000,626000,11000,0,0,0,7013000,422000,6591000,"{""證券代號"":""00990A"",""證券名稱"":""主動元大AI新經濟"",""外陸資買進股數(不含外資自營商)"":""637,000"",""外陸資賣出股數(不含外資自營商)"":""626,000"",""外陸資買賣超股數(不含外資自營商)"":""11,000"",""外資自營商買進股數"":""0"",""外資自營商賣出股數"":""0"",""外資自營商買賣超股數"":""0"",""投信買進股數"":""0"",""投信賣出股數"":""0"",""投信買賣超股數"":""0"",""自營商買賣超股數"":""6,591,000"",""自營商買進股數(自行買賣)"":""0"",""自營商賣出股數(自行買賣)"":""0"",""自營商買賣超股數(自行買賣)"":""0"",""自營商買進股數(避險)"":""7,013,000"",""自營商賣出股數(避險)"":""422,000"",""自營商買賣超股數(避險)"":""6,591,000"",""三大法人買賣超股數"":""6,602,000""}"
2026-10-07,TWSE,2812,台中銀          ,7000356,1087000,5913356,0,0,0,23000,0,23000,"{""證券代號"":""2812"",""證券名稱"":""台中銀          "",""外陸資買進股數(不含外資自營商)"":""7,000,356"",""外陸資賣出股數(不含外資自營商)"":""1,087,000"",""外陸資買賣超股數(不含外資自營商)"":""5,913,356"",""外資自營商買進股數"":""0"",""外資自營商賣出股數"":""0"",""外資自營商買賣超股數"":""0"",""投信買進股數"":""0"",""投信賣出股數"":""0"",""投信買賣超股數"":""0"",""自營商買賣超股數"":""23,000"",""自營商買進股數(自行買賣)"":""0"",""自營商賣出股數(自行買賣)"":""0"",""自營商買賣超股數(自行買賣)"":""0"",""自營商買進股數(避險)"":""23,000"",""自營商賣出股數(避險)"":""0"",""自營商買賣超股數(避險)"":""23,000"",""三大法人買賣超股數"":""5,936,356""}"
2026-10-07,TWSE,5880,合庫金          ,8810292,3040135,5770157,0,51795,-51795,21489,6000,56874,"{""證券代號"":""5880"",""證券名稱"":""合庫金          "",""外陸資買進股數(不含外資自營商)"":""8,810,292"",""外陸資賣出股數(不含外資自營商)"":""3,040,135"",""外陸資買賣超股數(不含外資自營商)"":""5,770,157"",""外資自營商買進股數"":""0"",""外資自營商賣出股數"":""0"",""外資自營商買賣超股數"":""0"",""投信買進股數"":""0"",""投信賣出股數"":""51,795"",""投信買賣超股數"":""-51,795"",""自營商買賣超股數"":""56,874"",""自營商買進股數(自行買賣)"":""44,385"",""自營商賣出股數(自行買賣)"":""3,000"",""自營商買賣超股數(自行買賣)"":""41,385"",""自營商買進股數(避險)"":""21,489"",""自營商賣出股數(避險)"":""6,000"",""自營商買賣超股數(避險)"":""15,489"",""三大法人買賣超股數"":""5,775,236""}"
2026-10-07,TWSE,2891,中信金          ,15023821,10619024,4404797,763000,19852,743148,476925,7811,529993,"{""證券代號"":""2891"",""證券名稱"":""中信金          "",""外陸資買進股數(不含外資自營商)"":""15,023,821"",""外陸資賣出股數(不含外資自營商)"":""10,619,024"",""外陸資買賣超股數(不含外資自營商)"":""4,404,797"",""外資自營商買進股數"":""0"",""外資自營商賣出股數"":""0"",""外資自營商買賣超股數"":""0"",""投信買進股數"":""763,000"",""投信賣出股數"":""19,852"",""投信買賣超股數"":""743,148"",""自營商買賣超股數"":""529,993"",""自營商買進股數(自行買賣)"":""95,000"",""自營商賣出股數(自行買賣)"":""34,121"",""自營商買賣超股數(自行買賣)"":""60,879"",""自營商買進股數(避險)"":""476,925"",""自營商賣出股數(避險)"":""7,811"",""自營商買賣超股數(避險)"":""469,114"",""三大法人買賣超股數"":""5,677,938""}"
2026-10-07,TWSE,00402A,主動安聯美國科技,1374000,62000,1312000,0,0,0,4682063,400000,4282063,"{""證券代號"":""00402A"",""證券名稱"":""主動安聯美國科技"",""外陸資買進股數(不含外資自營商)"":""1,374,000"",""外陸資賣出股數(不含外資自營商)"":""62,000"",""外陸資買賣超股數(不含外資自營商)"":""1,312,000"",""外資自營商買進股數"":""0"",""外資自營商賣出股數"":""0"",""外資自營商買賣超股數"":""0"",""投信買進股數"":""0"",""投信賣出股數"":""0"",""投信買賣超股數"":""0"",""自營商買賣超股數"":""4,282,063"",""自營商買進股數(自行買賣)"":""0"",""自營商賣出股數(自行買賣)"":""0"",""自營商買賣超股數(自行買賣)"":""0"",""自營商買進股數(避險)"":""4,682,063"",""自營商賣出股數(避險)"":""400,000"",""自營商買賣超股數(避險)"":""4,282,063"",""三大法人買賣超股數"":""5,594,063""}"
2026-10-07,TWSE,2327,國巨*           ,25733666,24206249,1527417,4127000,676224,3450776,652201,221197,583498,"{""證券代號"":""2327"",""證券名稱"":""國巨*           "",""外陸資買進股數(不含外資自營商)"":""25,733,666"",""外陸資賣出股數(不含外資自營商)"":""24,206,249"",""外陸資買賣超股數(不含外資自營商)"":""1,527,417"",""外資自營商買進股數"":""0"",""外資自營商賣出股數"":""0"",""外資自營商買賣超股數"":""0"",""投信買進股數"":""4,127,000"",""投信賣出股數"":""676,224"",""投信買賣超股數"":""3,450,776"",""自營商買賣超股數"":""583,498"",""自營商買進股數(自行買賣)"":""472,500"",""自營商賣出股數(自行買賣)"":""320,006"",""自營商買賣超股數(自行買賣)"":""152,494"",""自營商買進股數(避險)"":""652,201"",""自營商賣出股數(避險)"":""221,197"",""自營商買賣超股數(避險)"":""431,004"",""三大法人買賣超股數"":""5,561,691""}"
2026-10-07,TWSE,6505,台塑化          ,12817425,11568286,1249139,3808000,20833,3787167,438960,190154,261260,"{""證券代號"":""6505"",""證券名稱"":""台塑化          "",""外陸資買進股數(不含外資自營商)"":""12,817,425"",""外陸資賣出股數(不含外資自營商)"":""11,568,286"",""外陸資買賣超股數(不含外資自營商)"":""1,249,139"",""外資自營商買進股數"":""0"",""外資自營商賣出股數"":""0"",""外資自營商買賣超股數"":""0"",""投信買進股數"":""3,808,000"",""投信賣出股數"":""20,833"",""投信買賣超股數"":""3,787,167"",""自營商買賣超股數"":""261,260"",""自營商買進股數(自行買賣)"":""237,000"",""自營商賣出股數(自行買賣)"":""224,546"",""自營商買賣超股數(自行買賣)"":""12,454"",""自營商買進股數(避險)"":""438,960"",""自營商賣出股數(避險)"":""190,154"",""自營商買賣超股數(避險)"":""248,806"",""三大法人買賣超股數"":""5,297,566""}"
2026-10-07,TWSE,6209,今國光          ,8005520,3001717,5003803,0,0,0,414501,130737,254988,"{""證券代號"":""6209"",""證券名稱"":""今國光          "",""外陸資買進股數(不含外資自營商)"":""8,005,520"",""外陸資賣出股數(不含外資自營商)"":""3,001,717"",""外陸資買賣超股數(不含外資自營商)"":""5,003,803"",""外資自營商買進股數"":""0"",""外資自營商賣出股數"":""0"",""外資自營商買賣超股數"":""0"",""投信買進股數"":""0"",""投信賣出股數"":""0"",""投信買賣超股數"":""0"",""自營商買賣超股數"":""254,988"",""自營商買進股數(自行買賣)"":""8,000"",""自營商賣出股數(自行買賣)"":""36,776"",""自營商買賣超股數(自行買賣)"":""-28,776"",""自營商買進股數(避險)"":""414,501"",""自營商賣出股數(避險)"":""130,737"",""自營商買賣超股數(避險)"":""283,764"",""三大法人買賣超股數"":""5,258,791""}"
2026-10-07,TWSE,6152,百一            ,7273888,2482443,4791445,0,0,0,0,0,-9595,"{""證券代號"":""6152"",""證券名稱"":""百一            "",""外陸資買進股數(不含外資自營商)"":""7,273,888"",""外陸資賣出股數(不含外資自營商)"":""2,482,443"",""外陸資買賣超股數(不含外資自營商)"":""4,791,445"",""外資自營商買進股數"":""0"",""外資自營商賣出股數"":""0"",""外資自營商買賣超股數"":""0"",""投信買進股數"":""0"",""投信賣出股數"":""0"",""投信買賣超股數"":""0"",""自營商買賣超股數"":""-9,595"",""自營商買進股數(自行買賣)"":""2,000"",""自營商賣出股數(自行買賣)"":""11,595"",""自營商買賣超股數(自行買賣)"":""-9,595"",""自營商買進股數(避險)"":""0"",""自營商賣出股數(避險)"":""0"",""自營商買賣超股數(避險)"":""0"",""三大法人買賣超股數"":""4,781,850""}"
2026-10-07,TWSE,6456,GIS-KY          ,22682682,18299280,4383402,0,0,0,635988,284359,325029,"{""證券代號"":""6456"",""證券名稱"":""GIS-KY          "",""外陸資買進股數(不含外資自營商)"":""22,682,682"",""外陸資賣出股數(不含外資自營商)"":""18,299,280"",""外陸資買賣超股數(不含外資自營商)"":""4,383,402"",""外資自營商買進股數"":""0"",""外資自營商賣出股數"":""0"",""外資自營商買賣超股數"":""0"",""投信買進股數"":""0"",""投信賣出股數"":""0"",""投信買賣超股數"":""0"",""自營商買賣超股數"":""325,029"",""自營商買進股數(自行買賣)"":""111,400"",""自營商賣出股數(自行買賣)"":""138,000"",""自營商買賣超股數(自行買賣)"":""-26,600"",""自營商買進股數(避險)"":""635,988"",""自營商賣出股數(避險)"":""284,359"",""自營商買賣超股數(避險)"":""351,629"",""三大法人買賣超股數"":""4,708,431""}"
2026-10-07,TWSE,1402,遠東新          ,6207845,1630011,4577834,0,138000,-138000,65837,5467,65370,"{""證券代號"":""1402"",""證券名稱"":""遠東新          "",""外陸資買進股數(不含外資自營商)"":""6,207,845"",""外陸資賣出股數(不含外資自營商)"":""1,630,011"",""外陸資買賣超股數(不含外資自營商)"":""4,577,834"",""外資自營商買進股數"":""0"",""外資自營商賣出股數"":""0"",""外資自營商買賣超股數"":""0"",""投信買進股數"":""0"",""投信賣出股數"":""138,000"",""投信買賣超股數"":""-138,000"",""自營商買賣超股數"":""65,370"",""自營商買進股數(自行買賣)"":""5,000"",""自營商賣出股數(自行買賣)"":""0"",""自營商買賣超股數(自行買賣)"":""5,000"",""自營商買進股數(避險)"":""65,837"",""自營商賣出股數(避險)"":""5,467"",""自營商買賣超股數(避險)"":""60,370"",""三大法人買賣超股數"":""4,505,204""}"
2026-10-07,TWSE,1504,東元            ,11632632,7437004,4195628,30000,68889,-38889,372952,152672,231651,"{""證券代號"":""1504"",""證券名稱"":""東元            "",""外陸資買進股數(不含外資自營商)"":""11,632,632"",""外陸資賣出股數(不含外資自營商)"":""7,437,004"",""外陸資買賣超股數(不含外資自營商)"":""4,195,628"",""外資自營商買進股數"":""0"",""外資自營商賣出股數"":""0"",""外資自營商買賣超股數"":""0"",""投信買進股數"":""30,000"",""投信賣出股數"":""68,889"",""投信買賣超股數"":""-38,889"",""自營商買賣超股數"":""231,651"",""自營商買進股數(自行買賣)"":""210,000"",""自營商賣出股數(自行買賣)"":""198,629"",""自營商買賣超股數(自行買賣)"":""11,371"",""自營商買進股數(避險)"":""372,952"",""自營商賣出股數(避險)"":""152,672"",""自營商買賣超股數(避險)"":""220,280"",""三大法人買賣超股數"":""4,388,390""}"
2026-10-07,TWSE,2481,強茂            ,8072045,4129832,3942213,140000,231000,-91000,215763,80323,154440,"{""證券代號"":""2481"",""證券名稱"":""強茂            "",""外陸資買進股數(不含外資自營商)"":""8,072,045"",""外陸資賣出股數(不含外資自營商)"":""4,129,832"",""外陸資買賣超股數(不含外資自營商)"":""3,942,213"",""外資自營商買進股數"":""0"",""外資自營商賣出股數"":""0"",""外資自營商買賣超股數"":""0"",""投信買進股數"":""140,000"",""投信賣出股數"":""231,000"",""投信買賣超股數"":""-91,000"",""自營商買賣超股數"":""154,440"",""自營商買進股數(自行買賣)"":""312,000"",""自營商賣出股數(自行買賣)"":""293,000"",""自營商買賣超股數(自行買賣)"":""19,000"",""自營商買進股數(避險)"":""215,763"",""自營商賣出股數(避險)"":""80,323"",""自營商買賣超股數(避險)"":""135,440"",""三大法人買賣超股數"":""4,005,653""}"
2026-10-07,TWSE,6278,台表科          ,8430215,4955522,3474693,59000,0,59000,303357,109229,362826,"{""證券代號"":""6278"",""證券名稱"":""台表科          "",""外陸資買進股數(不含外資自營商)"":""8,430,215"",""外陸資賣出股數(不含外資自營商)"":""4,955,522"",""外陸資買賣超股數(不含外資自營商)"":""3,474,693"",""外資自營商買進股數"":""0"",""外資自營商賣出股數"":""0"",""外資自營商買賣超股數"":""0"",""投信買進股數"":""59,000"",""投信賣出股數"":""0"",""投信買賣超股數"":""59,000"",""自營商買賣超股數"":""362,826"",""自營商買進股數(自行買賣)"":""281,698"",""自營商賣出股數(自行買賣)"":""113,000"",""自營商買賣超股數(自行買賣)"":""168,698"",""自營商買進股數(避險)"":""303,357"",""自營商賣出股數(避險)"":""109,229"",""自營商買賣超股數(避險)"":""194,128"",""三大法人買賣超股數"":""3,896,519""}"
2026-10-07,TWSE,2464,盟立            ,5133587,1707000,3426587,0,0,0,265298,116293,218776,"{""證券代號"":""2464"",""證券名稱"":""盟立            "",""外陸資買進股數(不含外資自營商)"":""5,133,587"",""外陸資賣出股數(不含外資自營商)"":""1,707,000"",""外陸資買賣超股數(不含外資自營商)"":""3,426,587"",""外資自營商買進股數"":""0"",""外資自營商賣出股數"":""0"",""外資自營商買賣超股數"":""0"",""投信買進股數"":""0"",""投信賣出股數"":""0"",""投信買賣超股數"":""0"",""自營商買賣超股數"":""218,776"",""自營商買進股數(自行買賣)"":""84,771"",""自營商賣出股數(自行買賣)"":""15,000"",""自營商買賣超股數(自行買賣)"":""69,771"",""自營商買進股數(避險)"":""265,298"",""自營商賣出股數(避險)"":""116,293"",""自營商買賣超股數(避險)"":""149,005"",""三大法人買賣超股數"":""3,645,363""}"
2026-10-07,TWSE,1304,台聚            ,4307121,771000,3536121,0,0,0,83348,6618,67730,"{""證券代號"":""1304"",""證券名稱"":""台聚            "",""外陸資買進股數(不含外資自營商)"":""4,307,121"",""外陸資賣出股數(不含外資自營商)"":""771,000"",""外陸資買賣超股數(不含外資自營商)"":""3,536,121"",""外資自營商買進股數"":""0"",""外資自營商賣出股數"":""0"",""外資自營商買賣超股數"":""0"",""投信買進股數"":""0"",""投信賣出股數"":""0"",""投信買賣超股數"":""0"",""自營商買賣超股數"":""67,730"",""自營商買進股數(自行買賣)"":""0"",""自營商賣出股數(自行買賣)"":""9,000"",""自營商買賣超股數(自行買賣)"":""-9,000"",""自營商買進股數(避險)"":""83,348"",""自營商賣出股數(避險)"":""6,618"",""自營商買賣超股數(避險)"":""76,730"",""三大法人買賣超股數"":""3,603,851""}"
2026-10-07,TWSE,2610,華航            ,3165000,2104010,1060990,2741000,205000,2536000,3000,15000,-68000,"{""證券代號"":""2610"",""證券名稱"":""華航            "",""外陸資買進股數(不含外資自營商)"":""3,165,000"",""外陸資賣出股數(不含外資自營商)"":""2,104,010"",""外陸資買賣超股數(不含外資自營商)"":""1,060,990"",""外資自營商買進股數"":""0"",""外資自營商賣出股數"":""0"",""外資自營商買賣超股數"":""0"",""投信買進股數"":""2,741,000"",""投信賣出股數"":""205,000"",""投信買賣超股數"":""2,536,000"",""自營商買賣超股數"":""-68,000"",""自營商買進股數(自行買賣)"":""0"",""自營商賣出股數(自行買賣)"":""56,000"",""自營商買賣超股數(自行買賣)"":""-56,000"",""自營商買進股數(避險)"":""3,000"",""自營商賣出股數(避險)"":""15,000"",""自營商買賣超股數(避險)"":""-12,000"",""三大法人買賣超股數"":""3,528,990""}"
2026-10-07,TWSE,3532,台勝科          ,4677480,1298039,3379441,1000,78000,-77000,155559,102892,154667,"{""證券代號"":""3532"",""證券名稱"":""台勝科          "",""外陸資買進股數(不含外資自營商)"":""4,677,480"",""外陸資賣出股數(不含外資自營商)"":""1,298,039"",""外陸資買賣超股數(不含外資自營商)"":""3,379,441"",""外資自營商買進股數"":""0"",""外資自營商賣出股數"":""0"",""外資自營商買賣超股數"":""0"",""投信買進股數"":""1,000"",""投信賣出股數"":""78,000"",""投信買賣超股數"":""-77,000"",""自營商買賣超股數"":""154,667"",""自營商買進股數(自行買賣)"":""127,000"",""自營商賣出股數(自行買賣)"":""25,000"",""自營商買賣超股數(自行買賣)"":""102,000"",""自營商買進股數(避險)"":""155,559"",""自營商賣出股數(避險)"":""102,892"",""自營商買賣超股數(避險)"":""52,667"",""三大法人買賣超股數"":""3,457,108""}"
2026-10-07,TWSE,2881,富邦金          ,9138041,5856467,3281574,50000,73059,-23059,52715,32087,27628,"{""證券代號"":""2881"",""證券名稱"":""富邦金          "",""外陸資買進股數(不含外資自營商)"":""9,138,041"",""外陸資賣出股數(不含外資自營商)"":""5,856,467"",""外陸資買賣超股數(不含外資自營商)"":""3,281,574"",""外資自營商買進股數"":""0"",""外資自營商賣出股數"":""0"",""外資自營商買賣超股數"":""0"",""投信買進股數"":""50,000"",""投信賣出股數"":""73,059"",""投信買賣超股數"":""-23,059"",""自營商買賣超股數"":""27,628"",""自營商買進股數(自行買賣)"":""7,000"",""自營商賣出股數(自行買賣)"":""0"",""自營商買賣超股數(自行買賣)"":""7,000"",""自營商買進股數(避險)"":""52,715"",""自營商賣出股數(避險)"":""32,087"",""自營商買賣超股數(避險)"":""20,628"",""三大法人買賣超股數"":""3,286,143""}"
2026-10-07,TWSE,1609,大亞            ,3406774,370865,3035909,0,0,0,88071,2155,87916,"{""證券代號"":""1609"",""證券名稱"":""大亞            "",""外陸資買進股數(不含外資自營商)"":""3,406,774"",""外陸資賣出股數(不含外資自營商)"":""370,865"",""外陸資買賣超股數(不含外資自營商)"":""3,035,909"",""外資自營商買進股數"":""0"",""外資自營商賣出股數"":""0"",""外資自營商買賣超股數"":""0"",""投信買進股數"":""0"",""投信賣出股數"":""0"",""投信買賣超股數"":""0"",""自營商買賣超股數"":""87,916"",""自營商買進股數(自行買賣)"":""2,000"",""自營商賣出股數(自行買賣)"":""0"",""自營商買賣超股數(自行買賣)"":""2,000"",""自營商買進股數(避險)"":""88,071"",""自營商賣出股數(避險)"":""2,155"",""自營商買賣超股數(避險)"":""85,916"",""三大法人買賣超股數"":""3,123,825""}"
2026-10-07,TWSE,1102,亞泥            ,3949506,873640,3075866,51000,179991,-128991,130513,1000,134513,"{""證券代號"":""1102"",""證券名稱"":""亞泥            "",""外陸資買進股數(不含外資自營商)"":""3,949,506"",""外陸資賣出股數(不含外資自營商)"":""873,640"",""外陸資買賣超股數(不含外資自營商)"":""3,075,866"",""外資自營商買進股數"":""0"",""外資自營商賣出股數"":""0"",""外資自營商買賣超股數"":""0"",""投信買進股數"":""51,000"",""投信賣出股數"":""179,991"",""投信買賣超股數"":""-128,991"",""自營商買賣超股數"":""134,513"",""自營商買進股數(自行買賣)"":""5,000"",""自營商賣出股數(自行買賣)"":""0"",""自營商買賣超股數(自行買賣)"":""5,000"",""自營商買進股數(避險)"":""130,513"",""自營商賣出股數(避險)"":""1,000"",""自營商買賣超股數(避險)"":""129,513"",""三大法人買賣超股數"":""3,081,388""}"
2026-10-07,TWSE,1440,南紡            ,4697359,1635234,3062125,0,0,0,0,0,12000,"{""證券代號"":""1440"",""證券名稱"":""南紡            "",""外陸資買進股數(不含外資自營商)"":""4,697,359"",""外陸資賣出股數(不含外資自營商)"":""1,635,234"",""外陸資買賣超股數(不含外資自營商)"":""3,062,125"",""外資自營商買進股數"":""0"",""外資自營商賣出股數"":""0"",""外資自營商買賣超股數"":""0"",""投信買進股數"":""0"",""投信賣出股數"":""0"",""投信買賣超股數"":""0"",""自營商買賣超股數"":""12,000"",""自營商買進股數(自行買賣)"":""22,000"",""自營商賣出股數(自行買賣)"":""10,000"",""自營商買賣超股數(自行買賣)"":""12,000"",""自營商買進股數(避險)"":""0"",""自營商賣出股數(避險)"":""0"",""自營商買賣超股數(避險)"":""0"",""三大法人買賣超股數"":""3,074,125""}"
2026-10-07,TWSE,2103,台橡            ,4074181,1119198,2954983,0,0,0,34766,23030,7736,"{""證券代號"":""2103"",""證券名稱"":""台橡            "",""外陸資買進股數(不含外資自營商)"":""4,074,181"",""外陸資賣出股數(不含外資自營商)"":""1,119,198"",""外陸資買賣超股數(不含外資自營商)"":""2,954,983"",""外資自營商買進股數"":""0"",""外資自營商賣出股數"":""0"",""外資自營商買賣超股數"":""0"",""投信買進股數"":""0"",""投信賣出股數"":""0"",""投信買賣超股數"":""0"",""自營商買賣超股數"":""7,736"",""自營商買進股數(自行買賣)"":""0"",""自營商賣出股數(自行買賣)"":""4,000"",""自營商買賣超股數(自行買賣)"":""-4,000"",""自營商買進股數(避險)"":""34,766"",""自營商賣出股數(避險)"":""23,030"",""自營商買賣超股數(避險)"":""11,736"",""三大法人買賣超股數"":""2,962,719""}"
2026-10-07,TWSE,2801,彰銀            ,7649272,4489584,3159688,0,233000,-233000,28000,1442,16558,"{""證券代號"":""2801"",""證券名稱"":""彰銀            "",""外陸資買進股數(不含外資自營商)"":""7,649,272"",""外陸資賣出股數(不含外資自營商)"":""4,489,584"",""外陸資買賣超股數(不含外資自營商)"":""3,159,688"",""外資自營商買進股數"":""0"",""外資自營商賣出股數"":""0"",""外資自營商買賣超股數"":""0"",""投信買進股數"":""0"",""投信賣出股數"":""233,000"",""投信買賣超股數"":""-233,000"",""自營商買賣超股數"":""16,558"",""自營商買進股數(自行買賣)"":""0"",""自營商賣出股數(自行買賣)"":""10,000"",""自營商買賣超股數(自行買賣)"":""-10,000"",""自營商買進股數(避險)"":""28,000"",""自營商賣出股數(避險)"":""1,442"",""自營商買賣超股數(避險)"":""26,558"",""三大法人買賣超股數"":""2,943,246""}"
2026-10-07,TWSE,2241,艾姆勒          ,4174221,1273500,2900721,0,0,0,0,0,0,"{""證券代號"":""2241"",""證券名稱"":""艾姆勒          "",""外陸資買進股數(不含外資自營商)"":""4,174,221"",""外陸資賣出股數(不含外資自營商)"":""1,273,500"",""外陸資買賣超股數(不含外資自營商)"":""2,900,721"",""外資自營商買進股數"":""0"",""外資自營商賣出股數"":""0"",""外資自營商買賣超股數"":""0"",""投信買進股數"":""0"",""投信賣出股數"":""0"",""投信買賣超股數"":""0"",""自營商買賣超股數"":""0"",""自營商買進股數(自行買賣)"":""0"",""自營商賣出股數(自行買賣)"":""0"",""自營商買賣超股數(自行買賣)"":""0"",""自營商買進股數(避險)"":""0"",""自營商賣出股數(避險)"":""0"",""自營商買賣超股數(避險)"":""0"",""三大法人買賣超股數"":""2,900,721""}"
2026-10-07,TWSE,1434,福懋            ,4166564,1340313,2826251,0,0,0,72031,0,48668,"{""證券代號"":""1434"",""證券名稱"":""福懋            "",""外陸資買進股數(不含外資自營商)"":""4,166,564"",""外陸資賣出股數(不含外資自營商)"":""1,340,313"",""外陸資買賣超股數(不含外資自營商)"":""2,826,251"",""外資自營商買進股數"":""0"",""外資自營商賣出股數"":""0"",""外資自營商買賣超股數"":""0"",""投信買進股數"":""0"",""投信賣出股數"":""0"",""投信買賣超股數"":""0"",""自營商買賣超股數"":""48,668"",""自營商買進股數(自行買賣)"":""637"",""自營商賣出股數(自行買賣)"":""24,000"",""自營商買賣超股數(自行買賣)"":""-23,363"",""自營商買進股數(避險)"":""72,031"",""自營商賣出股數(避險)"":""0"",""自營商買賣超股數(避險)"":""72,031"",""三大法人買賣超股數"":""2,874,919""}"
2026-10-07,TWSE,2542,興富發          ,6720121,2415000,4305121,208300,1727000,-1518700,106448,21097,85351,"{""證券代號"":""2542"",""證券名稱"":""興富發          "",""外陸資買進股數(不含外資自營商)"":""6,720,121"",""外陸資賣出股數(不含外資自營商)"":""2,415,000"",""外陸資買賣超股數(不含外資自營商)"":""4,305,121"",""外資自營商買進股數"":""0"",""外資自營商賣出股數"":""0"",""外資自營商買賣超股數"":""0"",""投信買進股數"":""208,300"",""投信賣出股數"":""1,727,000"",""投信買賣超股數"":""-1,518,700"",""自營商買賣超股數"":""85,351"",""自營商買進股數(自行買賣)"":""0"",""自營商賣出股數(自行買賣)"":""0"",""自營商買賣超股數(自行買賣)"":""0"",""自營商買進股數(避險)"":""106,448"",""自營商賣出股數(避險)"":""21,097"",""自營商買賣超股數(避險)"":""85,351"",""三大法人買賣超股數"":""2,871,772""}"
2026-10-07,TWSE,1710,東聯            ,3673471,957008,2716463,0,0,0,183692,42500,137192,"{""證券代號"":""1710"",""證券名稱"":""東聯            "",""外陸資買進股數(不含外資自營商)"":""3,673,471"",""外陸資賣出股數(不含外資自營商)"":""957,008"",""外陸資買賣超股數(不含外資自營商)"":""2,716,463"",""外資自營商買進股數"":""0"",""外資自營商賣出股數"":""0"",""外資自營商買賣超股數"":""0"",""投信買進股數"":""0"",""投信賣出股數"":""0"",""投信買賣超股數"":""0"",""自營商買賣超股數"":""137,192"",""自營商買進股數(自行買賣)"":""0"",""自營商賣出股數(自行買賣)"":""4,000"",""自營商買賣超股數(自行買賣)"":""-4,000"",""自營商買進股數(避險)"":""183,692"",""自營商賣出股數(避險)"":""42,500"",""自營商買賣超股數(避險)"":""141,192"",""三大法人買賣超股數"":""2,853,655""}"
2026-10-07,TWSE,8131,福懋科          ,3552356,834329,2718027,0,0,0,134328,37999,127329,"{""證券代號"":""8131"",""證券名稱"":""福懋科          "",""外陸資買進股數(不含外資自營商)"":""3,552,356"",""外陸資賣出股數(不含外資自營商)"":""834,329"",""外陸資買賣超股數(不含外資自營商)"":""2,718,027"",""外資自營商買進股數"":""0"",""外資自營商賣出股數"":""0"",""外資自營商買賣超股數"":""0"",""投信買進股數"":""0"",""投信賣出股數"":""0"",""投信買賣超股數"":""0"",""自營商買賣超股數"":""127,329"",""自營商買進股數(自行買賣)"":""31,000"",""自營商賣出股數(自行買賣)"":""0"",""自營商買賣超股數(自行買賣)"":""31,000"",""自營商買進股數(避險)"":""134,328"",""自營商賣出股數(避險)"":""37,999"",""自營商買賣超股數(避險)"":""96,329"",""三大法人買賣超股數"":""2,845,356""}"
2026-10-07,TWSE,2484,希華            ,7056073,4328000,2728073,0,0,0,88910,23010,76900,"{""證券代號"":""2484"",""證券名稱"":""希華            "",""外陸資買進股數(不含外資自營商)"":""7,056,073"",""外陸資賣出股數(不含外資自營商)"":""4,328,000"",""外陸資買賣超股數(不含外資自營商)"":""2,728,073"",""外資自營商買進股數"":""0"",""外資自營商賣出股數"":""0"",""外資自營商買賣超股數"":""0"",""投信買進股數"":""0"",""投信賣出股數"":""0"",""投信買賣超股數"":""0"",""自營商買賣超股數"":""76,900"",""自營商買進股數(自行買賣)"":""26,000"",""自營商賣出股數(自行買賣)"":""15,000"",""自營商買賣超股數(自行買賣)"":""11,000"",""自營商買進股數(避險)"":""88,910"",""自營商賣出股數(避險)"":""23,010"",""自營商買賣超股數(避險)"":""65,900"",""三大法人買賣超股數"":""2,804,973""}"
2026-10-07,TWSE,2880,華南金          ,5538672,3264542,2274130,72000,139745,-67745,477905,0,539097,"{""證券代號"":""2880"",""證券名稱"":""華南金          "",""外陸資買進股數(不含外資自營商)"":""5,538,672"",""外陸資賣出股數(不含外資自營商)"":""3,264,542"",""外陸資買賣超股數(不含外資自營商)"":""2,274,130"",""外資自營商買進股數"":""0"",""外資自營商賣出股數"":""0"",""外資自營商買賣超股數"":""0"",""投信買進股數"":""72,000"",""投信賣出股數"":""139,745"",""投信買賣超股數"":""-67,745"",""自營商買賣超股數"":""539,097"",""自營商買進股數(自行買賣)"":""63,192"",""自營商賣出股數(自行買賣)"":""2,000"",""自營商買賣超股數(自行買賣)"":""61,192"",""自營商買進股數(避險)"":""477,905"",""自營商賣出股數(避險)"":""0"",""自營商買賣超股數(避險)"":""477,905"",""三大法人買賣超股數"":""2,745,482""}"
2026-10-07,TWSE,2312,金寶            ,3269765,893511,2376254,45000,0,45000,343975,43025,290950,"{""證券代號"":""2312"",""證券名稱"":""金寶            "",""外陸資買進股數(不含外資自營商)"":""3,269,765"",""外陸資賣出股數(不含外資自營商)"":""893,511"",""外陸資買賣超股數(不含外資自營商)"":""2,376,254"",""外資自營商買進股數"":""0"",""外資自營商賣出股數"":""0"",""外資自營商買賣超股數"":""0"",""投信買進股數"":""45,000"",""投信賣出股數"":""0"",""投信買賣超股數"":""45,000"",""自營商買賣超股數"":""290,950"",""自營商買進股數(自行買賣)"":""6,000"",""自營商賣出股數(自行買賣)"":""16,000"",""自營商買賣超股數(自行買賣)"":""-10,000"",""自營商買進股數(避險)"":""343,975"",""自營商賣出股數(避險)"":""43,025"",""自營商買賣超股數(避險)"":""300,950"",""三大法人買賣超股數"":""2,712,204""}"
2026-10-07,TWSE,2884,玉山金          ,7655417,4788607,2866810,79000,584610,-505610,345988,13388,318600,"{""證券代號"":""2884"",""證券名稱"":""玉山金          "",""外陸資買進股數(不含外資自營商)"":""7,655,417"",""外陸資賣出股數(不含外資自營商)"":""4,788,607"",""外陸資買賣超股數(不含外資自營商)"":""2,866,810"",""外資自營商買進股數"":""0"",""外資自營商賣出股數"":""0"",""外資自營商買賣超股數"":""0"",""投信買進股數"":""79,000"",""投信賣出股數"":""584,610"",""投信買賣超股數"":""-505,610"",""自營商買賣超股數"":""318,600"",""自營商買進股數(自行買賣)"":""0"",""自營商賣出股數(自行買賣)"":""14,000"",""自營商買賣超股數(自行買賣)"":""-14,000"",""自營商買進股數(避險)"":""345,988"",""自營商賣出股數(避險)"":""13,388"",""自營商買賣超股數(避險)"":""332,600"",""三大法人買賣超股數"":""2,679,800""}"
2026-10-07,TWSE,1608,華榮            ,3144236,492187,2652049,0,4941,-4941,22475,0,30475,"{""證券代號"":""1608"",""證券名稱"":""華榮            "",""外陸資買進股數(不含外資自營商)"":""3,144,236"",""外陸資賣出股數(不含外資自營商)"":""492,187"",""外陸資買賣超股數(不含外資自營商)"":""2,652,049"",""外資自營商買進股數"":""0"",""外資自營商賣出股數"":""0"",""外資自營商買賣超股數"":""0"",""投信買進股數"":""0"",""投信賣出股數"":""4,941"",""投信買賣超股數"":""-4,941"",""自營商買賣超股數"":""30,475"",""自營商買進股數(自行買賣)"":""8,000"",""自營商賣出股數(自行買賣)"":""0"",""自營商買賣超股數(自行買賣)"":""8,000"",""自營商買進股數(避險)"":""22,475"",""自營商賣出股數(避險)"":""0"",""自營商買賣超股數(避險)"":""22,475"",""三大法人買賣超股數"":""2,677,583""}"
2026-10-07,TWSE,5876,上海商銀        ,3549433,1348841,2200592,578000,437000,141000,326928,5000,319636,"{""證券代號"":""5876"",""證券名稱"":""上海商銀        "",""外陸資買進股數(不含外資自營商)"":""3,549,433"",""外陸資賣出股數(不含外資自營商)"":""1,348,841"",""外陸資買賣超股數(不含外資自營商)"":""2,200,592"",""外資自營商買進股數"":""0"",""外資自營商賣出股數"":""0"",""外資自營商買賣超股數"":""0"",""投信買進股數"":""578,000"",""投信賣出股數"":""437,000"",""投信買賣超股數"":""141,000"",""自營商買賣超股數"":""319,636"",""自營商買進股數(自行買賣)"":""2,091"",""自營商賣出股數(自行買賣)"":""4,383"",""自營商買賣超股數(自行買賣)"":""-2,292"",""自營商買進股數(避險)"":""326,928"",""自營商賣出股數(避險)"":""5,000"",""自營商買賣超股數(避險)"":""321,928"",""三大法人買賣超股數"":""2,661,228""}"
2026-10-07,TWSE,3702,大聯大          ,3888554,1358508,2530046,88000,38000,50000,103102,35136,-5861,"{""證券代號"":""3702"",""證券名稱"":""大聯大          "",""外陸資買進股數(不含外資自營商)"":""3,888,554"",""外陸資賣出股數(不含外資自營商)"":""1,358,508"",""外陸資買賣超股數(不含外資自營商)"":""2,530,046"",""外資自營商買進股數"":""0"",""外資自營商賣出股數"":""0"",""外資自營商買賣超股數"":""0"",""投信買進股數"":""88,000"",""投信賣出股數"":""38,000"",""投信買賣超股數"":""50,000"",""自營商買賣超股數"":""-5,861"",""自營商買進股數(自行買賣)"":""8,000"",""自營商賣出股數(自行買賣)"":""81,827"",""自營商買賣超股數(自行買賣)"":""-73,827"",""自營商買進股數(避險)"":""103,102"",""自營商賣出股數(避險)"":""35,136"",""自營商買賣超股數(避險)"":""67,966"",""三大法人買賣超股數"":""2,574,185""}"
2026-10-07,TWSE,2412,中華電          ,4161102,1567099,2594003,163200,423772,-260572,26984,1000,27984,"{""證券代號"":""2412"",""證券名稱"":""中華電          "",""外陸資買進股數(不含外資自營商)"":""4,161,102"",""外陸資賣出股數(不含外資自營商)"":""1,567,099"",""外陸資買賣超股數(不含外資自營商)"":""2,594,003"",""外資自營商買進股數"":""0"",""外資自營商賣出股數"":""0"",""外資自營商買賣超股數"":""0"",""投信買進股數"":""163,200"",""投信賣出股數"":""423,772"",""投信買賣超股數"":""-260,572"",""自營商買賣超股數"":""27,984"",""自營商買進股數(自行買賣)"":""2,000"",""自營商賣出股數(自行買賣)"":""0"",""自營商買賣超股數(自行買賣)"":""2,000"",""自營商買進股數(避險)"":""26,984"",""自營商賣出股數(避險)"":""1,000"",""自營商買賣超股數(避險)"":""25,984"",""三大法人買賣超股數"":""2,361,415""}"
2026-10-07,TWSE,1718,中纖            ,9572045,6637628,2934417,0,0,0,383508,1059591,-632125,"{""證券代號"":""1718"",""證券名稱"":""中纖            "",""外陸資買進股數(不含外資自營商)"":""9,572,045"",""外陸資賣出股數(不含外資自營商)"":""6,637,628"",""外陸資買賣超股數(不含外資自營商)"":""2,934,417"",""外資自營商買進股數"":""0"",""外資自營商賣出股數"":""0"",""外資自營商買賣超股數"":""0"",""投信買進股數"":""0"",""投信賣出股數"":""0"",""投信買賣超股數"":""0"",""自營商買賣超股數"":""-632,125"",""自營商買進股數(自行買賣)"":""65,000"",""自營商賣出股數(自行買賣)"":""21,042"",""自營商買賣超股數(自行買賣)"":""43,958"",""自營商買進股數(避險)"":""383,508"",""自營商賣出股數(避險)"":""1,059,591"",""自營商買賣超股數(避險)"":""-676,083"",""三大法人買賣超股數"":""2,302,292""}"
2026-10-07,TWSE,009826,貝萊德世界股票  ,4346,1000,3346,0,0,0,2277000,2997,2274003,"{""證券代號"":""009826"",""證券名稱"":""貝萊德世界股票  "",""外陸資買進股數(不含外資自營商)"":""4,346"",""外陸資賣出股數(不含外資自營商)"":""1,000"",""外陸資買賣超股數(不含外資自營商)"":""3,346"",""外資自營商買進股數"":""0"",""外資自營商賣出股數"":""0"",""外資自營商買賣超股數"":""0"",""投信買進股數"":""0"",""投信賣出股數"":""0"",""投信買賣超股數"":""0"",""自營商買賣超股數"":""2,274,003"",""自營商買進股數(自行買賣)"":""0"",""自營商賣出股數(自行買賣)"":""0"",""自營商買賣超股數(自行買賣)"":""0"",""自營商買進股數(避險)"":""2,277,000"",""自營商賣出股數(避險)"":""2,997"",""自營商買賣超股數(避險)"":""2,274,003"",""三大法人買賣超股數"":""2,277,349""}"
2026-10-07,TWSE,3026,禾伸堂          ,4404209,2803120,1601089,647000,0,647000,113975,108038,-12998,"{""證券代號"":""3026"",""證券名稱"":""禾伸堂          "",""外陸資買進股數(不含外資自營商)"":""4,404,209"",""外陸資賣出股數(不含外資自營商)"":""2,803,120"",""外陸資買賣超股數(不含外資自營商)"":""1,601,089"",""外資自營商買進股數"":""0"",""外資自營商賣出股數"":""0"",""外資自營商買賣超股數"":""0"",""投信買進股數"":""647,000"",""投信賣出股數"":""0"",""投信買賣超股數"":""647,000"",""自營商買賣超股數"":""-12,998"",""自營商買進股數(自行買賣)"":""83,065"",""自營商賣出股數(自行買賣)"":""102,000"",""自營商買賣超股數(自行買賣)"":""-18,935"",""自營商買進股數(避險)"":""113,975"",""自營商賣出股數(避險)"":""108,038"",""自營商買賣超股數(避險)"":""5,937"",""三大法人買賣超股數"":""2,235,091""}"
2026-10-07,TWSE,2851,中再保          ,2067598,380006,1687592,525000,1000,524000,9086,2000,-27914,"{""證券代號"":""2851"",""證券名稱"":""中再保          "",""外陸資買進股數(不含外資自營商)"":""2,067,598"",""外陸資賣出股數(不含外資自營商)"":""380,006"",""外陸資買賣超股數(不含外資自營商)"":""1,687,592"",""外資自營商買進股數"":""0"",""外資自營商賣出股數"":""0"",""外資自營商買賣超股數"":""0"",""投信買進股數"":""525,000"",""投信賣出股數"":""1,000"",""投信買賣超股數"":""524,000"",""自營商買賣超股數"":""-27,914"",""自營商買進股數(自行買賣)"":""7,000"",""自營商賣出股數(自行買賣)"":""42,000"",""自營商買賣超股數(自行買賣)"":""-35,000"",""自營商買進股數(避險)"":""9,086"",""自營商賣出股數(避險)"":""2,000"",""自營商買賣超股數(避險)"":""7,086"",""三大法人買賣超股數"":""2,183,678""}"
2026-10-07,TWSE,9945,潤泰新          ,1871481,496005,1375476,764000,0,764000,8625,1074,11911,"{""證券代號"":""9945"",""證券名稱"":""潤泰新          "",""外陸資買進股數(不含外資自營商)"":""1,871,481"",""外陸資賣出股數(不含外資自營商)"":""496,005"",""外陸資買賣超股數(不含外資自營商)"":""1,375,476"",""外資自營商買進股數"":""0"",""外資自營商賣出股數"":""0"",""外資自營商買賣超股數"":""0"",""投信買進股數"":""764,000"",""投信賣出股數"":""0"",""投信買賣超股數"":""764,000"",""自營商買賣超股數"":""11,911"",""自營商買進股數(自行買賣)"":""4,360"",""自營商賣出股數(自行買賣)"":""0"",""自營商買賣超股數(自行買賣)"":""4,360"",""自營商買進股數(避險)"":""8,625"",""自營商賣出股數(避險)"":""1,074"",""自營商買賣超股數(避險)"":""7,551"",""三大法人買賣超股數"":""2,151,387""}"
2026-10-07,TWSE,1714,和桐            ,26876094,24891861,1984233,0,0,0,333572,284060,50530,"{""證券代號"":""1714"",""證券名稱"":""和桐            "",""外陸資買進股數(不含外資自營商)"":""26,876,094"",""外陸資賣出股數(不含外資自營商)"":""24,891,861"",""外陸資買賣超股數(不含外資自營商)"":""1,984,233"",""外資自營商買進股數"":""0"",""外資自營商賣出股數"":""0"",""外資自營商買賣超股數"":""0"",""投信買進股數"":""0"",""投信賣出股數"":""0"",""投信買賣超股數"":""0"",""自營商買賣超股數"":""50,530"",""自營商買進股數(自行買賣)"":""2,000"",""自營商賣出股數(自行買賣)"":""982"",""自營商買賣超股數(自行買賣)"":""1,018"",""自營商買進股數(避險)"":""333,572"",""自營商賣出股數(避險)"":""284,060"",""自營商買賣超股數(避險)"":""49,512"",""三大法人買賣超股數"":""2,034,763""}"
2026-10-07,TWSE,3042,晶技            ,4873096,3274547,1598549,274000,0,274000,360836,71722,142851,"{""證券代號"":""3042"",""證券名稱"":""晶技            "",""外陸資買進股數(不含外資自營商)"":""4,873,096"",""外陸資賣出股數(不含外資自營商)"":""3,274,547"",""外陸資買賣超股數(不含外資自營商)"":""1,598,549"",""外資自營商買進股數"":""0"",""外資自營商賣出股數"":""0"",""外資自營商買賣超股數"":""0"",""投信買進股數"":""274,000"",""投信賣出股數"":""0"",""投信買賣超股數"":""274,000"",""自營商買賣超股數"":""142,851"",""自營商買進股數(自行買賣)"":""81,737"",""自營商賣出股數(自行買賣)"":""228,000"",""自營商買賣超股數(自行買賣)"":""-146,263"",""自營商買進股數(避險)"":""360,836"",""自營商賣出股數(避險)"":""71,722"",""自營商買賣超股數(避險)"":""289,114"",""三大法人買賣超股數"":""2,015,400""}"
2026-10-07,TWSE,4989,榮科            ,6771277,4745533,2025744,0,0,0,26601,33847,-17612,"{""證券代號"":""4989"",""證券名稱"":""榮科            "",""外陸資買進股數(不含外資自營商)"":""6,771,277"",""外陸資賣出股數(不含外資自營商)"":""4,745,533"",""外陸資買賣超股數(不含外資自營商)"":""2,025,744"",""外資自營商買進股數"":""0"",""外資自營商賣出股數"":""0"",""外資自營商買賣超股數"":""0"",""投信買進股數"":""0"",""投信賣出股數"":""0"",""投信買賣超股數"":""0"",""自營商買賣超股數"":""-17,612"",""自營商買進股數(自行買賣)"":""10,634"",""自營商賣出股數(自行買賣)"":""21,000"",""自營商買賣超股數(自行買賣)"":""-10,366"",""自營商買進股數(避險)"":""26,601"",""自營商賣出股數(避險)"":""33,847"",""自營商買賣超股數(避險)"":""-7,246"",""三大法人買賣超股數"":""2,008,132""}"
2026-10-07,TWSE,3189,景碩            ,4775766,2996742,1779024,172000,21000,151000,94497,105248,-8958,"{""證券代號"":""3189"",""證券名稱"":""景碩            "",""外陸資買進股數(不含外資自營商)"":""4,775,766"",""外陸資賣出股數(不含外資自營商)"":""2,996,742"",""外陸資買賣超股數(不含外資自營商)"":""1,779,024"",""外資自營商買進股數"":""0"",""外資自營商賣出股數"":""0"",""外資自營商買賣超股數"":""0"",""投信買進股數"":""172,000"",""投信賣出股數"":""21,000"",""投信買賣超股數"":""151,000"",""自營商買賣超股數"":""-8,958"",""自營商買進股數(自行買賣)"":""79,843"",""自營商賣出股數(自行買賣)"":""78,050"",""自營商買賣超股數(自行買賣)"":""1,793"",""自營商買進股數(避險)"":""94,497"",""自營商賣出股數(避險)"":""105,248"",""自營商買賣超股數(避險)"":""-10,751"",""三大法人買賣超股數"":""1,921,066""}"
2026-10-07,TWSE,2402,毅嘉            ,2353058,824851,1528207,0,0,0,449076,86240,363389,"{""證券代號"":""2402"",""證券名稱"":""毅嘉            "",""外陸資買進股數(不含外資自營商)"":""2,353,058"",""外陸資賣出股數(不含外資自營商)"":""824,851"",""外陸資買賣超股數(不含外資自營商)"":""1,528,207"",""外資自營商買進股數"":""0"",""外資自營商賣出股數"":""0"",""外資自營商買賣超股數"":""0"",""投信買進股數"":""0"",""投信賣出股數"":""0"",""投信買賣超股數"":""0"",""自營商買賣超股數"":""363,389"",""自營商買進股數(自行買賣)"":""3,053"",""自營商賣出股數(自行買賣)"":""2,500"",""自營商買賣超股數(自行買賣)"":""553"",""自營商買進股數(避險)"":""449,076"",""自營商賣出股數(避險)"":""86,240"",""自營商買賣超股數(避險)"":""362,836"",""三大法人買賣超股數"":""1,891,596""}"
2026-10-07,TWSE,2302,麗正            ,2667324,798568,1868756,0,0,0,12533,13000,2533,"{""證券代號"":""2302"",""證券名稱"":""麗正            "",""外陸資買進股數(不含外資自營商)"":""2,667,324"",""外陸資賣出股數(不含外資自營商)"":""798,568"",""外陸資買賣超股數(不含外資自營商)"":""1,868,756"",""外資自營商買進股數"":""0"",""外資自營商賣出股數"":""0"",""外資自營商買賣超股數"":""0"",""投信買進股數"":""0"",""投信賣出股數"":""0"",""投信買賣超股數"":""0"",""自營商買賣超股數"":""2,533"",""自營商買進股數(自行買賣)"":""11,000"",""自營商賣出股數(自行買賣)"":""8,000"",""自營商買賣超股數(自行買賣)"":""3,000"",""自營商買進股數(避險)"":""12,533"",""自營商賣出股數(避險)"":""13,000"",""自營商買賣超股數(避險)"":""-467"",""三大法人買賣超股數"":""1,871,289""}"
2026-10-07,TWSE,1313,聯成            ,2259083,402000,1857083,0,0,0,0,0,0,"{""證券代號"":""1313"",""證券名稱"":""聯成            "",""外陸資買進股數(不含外資自營商)"":""2,259,083"",""外陸資賣出股數(不含外資自營商)"":""402,000"",""外陸資買賣超股數(不含外資自營商)"":""1,857,083"",""外資自營商買進股數"":""0"",""外資自營商賣出股數"":""0"",""外資自營商買賣超股數"":""0"",""投信買進股數"":""0"",""投信賣出股數"":""0"",""投信買賣超股數"":""0"",""自營商買賣超股數"":""0"",""自營商買進股數(自行買賣)"":""0"",""自營商賣出股數(自行買賣)"":""0"",""自營商買賣超股數(自行買賣)"":""0"",""自營商買進股數(避險)"":""0"",""自營商賣出股數(避險)"":""0"",""自營商買賣超股數(避險)"":""0"",""三大法人買賣超股數"":""1,857,083""}"
2026-10-07,TWSE,2489,瑞軒            ,7727509,6235000,1492509,5700,0,5700,329676,47175,335501,"{""證券代號"":""2489"",""證券名稱"":""瑞軒            "",""外陸資買進股數(不含外資自營商)"":""7,727,509"",""外陸資賣出股數(不含外資自營商)"":""6,235,000"",""外陸資買賣超股數(不含外資自營商)"":""1,492,509"",""外資自營商買進股數"":""0"",""外資自營商賣出股數"":""0"",""外資自營商買賣超股數"":""0"",""投信買進股數"":""5,700"",""投信賣出股數"":""0"",""投信買賣超股數"":""5,700"",""自營商買賣超股數"":""335,501"",""自營商買進股數(自行買賣)"":""223,000"",""自營商賣出股數(自行買賣)"":""170,000"",""自營商買賣超股數(自行買賣)"":""53,000"",""自營商買進股數(避險)"":""329,676"",""自營商賣出股數(避險)"":""47,175"",""自營商買賣超股數(避險)"":""282,501"",""三大法人買賣超股數"":""1,833,710""}"
2026-10-07,TWSE,2886,兆豐金          ,9997957,2650011,7347946,45000,6222586,-6177586,361304,37000,342304,"{""證券代號"":""2886"",""證券名稱"":""兆豐金          "",""外陸資買進股數(不含外資自營商)"":""9,997,957"",""外陸資賣出股數(不含外資自營商)"":""2,650,011"",""外陸資買賣超股數(不含外資自營商)"":""7,347,946"",""外資自營商買進股數"":""0"",""外資自營商賣出股數"":""0"",""外資自營商買賣超股數"":""0"",""投信買進股數"":""45,000"",""投信賣出股數"":""6,222,586"",""投信買賣超股數"":""-6,177,586"",""自營商買賣超股數"":""342,304"",""自營商買進股數(自行買賣)"":""18,000"",""自營商賣出股數(自行買賣)"":""0"",""自營商買賣超股數(自行買賣)"":""18,000"",""自營商買進股數(避險)"":""361,304"",""自營商賣出股數(避險)"":""37,000"",""自營商買賣超股數(避險)"":""324,304"",""三大法人買賣超股數"":""1,512,664""}"
2026-10-07,TWSE,00407A,主動凱基台灣    ,1204090,5808880,-4604790,0,0,0,11357327,5253645,6103682,"{""證券代號"":""00407A"",""證券名稱"":""主動凱基台灣    "",""外陸資買進股數(不含外資自營商)"":""1,204,090"",""外陸資賣出股數(不含外資自營商)"":""5,808,880"",""外陸資買賣超股數(不含外資自營商)"":""-4,604,790"",""外資自營商買進股數"":""0"",""外資自營商賣出股數"":""0"",""外資自營商買賣超股數"":""0"",""投信買進股數"":""0"",""投信賣出股數"":""0"",""投信買賣超股數"":""0"",""自營商買賣超股數"":""6,103,682"",""自營商買進股數(自行買賣)"":""0"",""自營商賣出股數(自行買賣)"":""0"",""自營商買賣超股數(自行買賣)"":""0"",""自營商買進股數(避險)"":""11,357,327"",""自營商賣出股數(避險)"":""5,253,645"",""自營商買賣超股數(避險)"":""6,103,682"",""三大法人買賣超股數"":""1,498,892""}"
2026-10-07,TWSE,00982A,主動群益台灣強棒,2560125,1740000,820125,0,0,0,1759769,989389,676380,"{""證券代號"":""00982A"",""證券名稱"":""主動群益台灣強棒"",""外陸資買進股數(不含外資自營商)"":""2,560,125"",""外陸資賣出股數(不含外資自營商)"":""1,740,000"",""外陸資買賣超股數(不含外資自營商)"":""820,125"",""外資自營商買進股數"":""0"",""外資自營商賣出股數"":""0"",""外資自營商買賣超股數"":""0"",""投信買進股數"":""0"",""投信賣出股數"":""0"",""投信買賣超股數"":""0"",""自營商買賣超股數"":""676,380"",""自營商買進股數(自行買賣)"":""509,000"",""自營商賣出股數(自行買賣)"":""603,000"",""自營商買賣超股數(自行買賣)"":""-94,000"",""自營商買進股數(避險)"":""1,759,769"",""自營商賣出股數(避險)"":""989,389"",""自營商買賣超股數(避險)"":""770,380"",""三大法人買賣超股數"":""1,496,505""}"
2026-10-07,TWSE,00632R,元大台灣50反1   ,414000,1011000,-597000,0,0,0,5861965,3774361,2087104,"{""證券代號"":""00632R"",""證券名稱"":""元大台灣50反1   "",""外陸資買進股數(不含外資自營商)"":""414,000"",""外陸資賣出股數(不含外資自營商)"":""1,011,000"",""外陸資買賣超股數(不含外資自營商)"":""-597,000"",""外資自營商買進股數"":""0"",""外資自營商賣出股數"":""0"",""外資自營商買賣超股數"":""0"",""投信買進股數"":""0"",""投信賣出股數"":""0"",""投信買賣超股數"":""0"",""自營商買賣超股數"":""2,087,104"",""自營商買進股數(自行買賣)"":""0"",""自營商賣出股數(自行買賣)"":""500"",""自營商買賣超股數(自行買賣)"":""-500"",""自營商買進股數(避險)"":""5,861,965"",""自營商賣出股數(避險)"":""3,774,361"",""自營商買賣超股數(避險)"":""2,087,604"",""三大法人買賣超股數"":""1,490,104""}"
2026-10-07,TWSE,2027,大成鋼          ,5536785,2692182,2844603,363000,1765000,-1402000,76878,71040,45838,"{""證券代號"":""2027"",""證券名稱"":""大成鋼          "",""外陸資買進股數(不含外資自營商)"":""5,536,785"",""外陸資賣出股數(不含外資自營商)"":""2,692,182"",""外陸資買賣超股數(不含外資自營商)"":""2,844,603"",""外資自營商買進股數"":""0"",""外資自營商賣出股數"":""0"",""外資自營商買賣超股數"":""0"",""投信買進股數"":""363,000"",""投信賣出股數"":""1,765,000"",""投信買賣超股數"":""-1,402,000"",""自營商買賣超股數"":""45,838"",""自營商買進股數(自行買賣)"":""40,000"",""自營商賣出股數(自行買賣)"":""0"",""自營商買賣超股數(自行買賣)"":""40,000"",""自營商買進股數(避險)"":""76,878"",""自營商賣出股數(避險)"":""71,040"",""自營商買賣超股數(避險)"":""5,838"",""三大法人買賣超股數"":""1,488,441""}"
2026-10-07,TWSE,2382,廣達            ,5655093,4213972,1441121,180000,197474,-17474,117792,5787,40781,"{""證券代號"":""2382"",""證券名稱"":""廣達            "",""外陸資買進股數(不含外資自營商)"":""5,655,093"",""外陸資賣出股數(不含外資自營商)"":""4,213,972"",""外陸資買賣超股數(不含外資自營商)"":""1,441,121"",""外資自營商買進股數"":""0"",""外資自營商賣出股數"":""0"",""外資自營商買賣超股數"":""0"",""投信買進股數"":""180,000"",""投信賣出股數"":""197,474"",""投信買賣超股數"":""-17,474"",""自營商買賣超股數"":""40,781"",""自營商買進股數(自行買賣)"":""1,776"",""自營商賣出股數(自行買賣)"":""73,000"",""自營商買賣超股數(自行買賣)"":""-71,224"",""自營商買進股數(避險)"":""117,792"",""自營商賣出股數(避險)"":""5,787"",""自營商買賣超股數(避險)"":""112,005"",""三大法人買賣超股數"":""1,464,428""}"
2026-10-07,TWSE,2301,光寶科          ,8221644,6900325,1321319,138200,55615,82585,151417,31454,51778,"{""證券代號"":""2301"",""證券名稱"":""光寶科          "",""外陸資買進股數(不含外資自營商)"":""8,221,644"",""外陸資賣出股數(不含外資自營商)"":""6,900,325"",""外陸資買賣超股數(不含外資自營商)"":""1,321,319"",""外資自營商買進股數"":""0"",""外資自營商賣出股數"":""0"",""外資自營商買賣超股數"":""0"",""投信買進股數"":""138,200"",""投信賣出股數"":""55,615"",""投信買賣超股數"":""82,585"",""自營商買賣超股數"":""51,778"",""自營商買進股數(自行買賣)"":""38,100"",""自營商賣出股數(自行買賣)"":""106,285"",""自營商買賣超股數(自行買賣)"":""-68,185"",""自營商買進股數(避險)"":""151,417"",""自營商賣出股數(避險)"":""31,454"",""自營商買賣超股數(避險)"":""119,963"",""三大法人買賣超股數"":""1,455,682""}"
2026-10-07,TWSE,3037,欣興            ,5584679,3773646,1811033,233000,682709,-449709,54848,56161,-8813,"{""證券代號"":""3037"",""證券名稱"":""欣興            "",""外陸資買進股數(不含外資自營商)"":""5,584,679"",""外陸資賣出股數(不含外資自營商)"":""3,773,646"",""外陸資買賣超股數(不含外資自營商)"":""1,811,033"",""外資自營商買進股數"":""0"",""外資自營商賣出股數"":""0"",""外資自營商買賣超股數"":""0"",""投信買進股數"":""233,000"",""投信賣出股數"":""682,709"",""投信買賣超股數"":""-449,709"",""自營商買賣超股數"":""-8,813"",""自營商買進股數(自行買賣)"":""98,500"",""自營商賣出股數(自行買賣)"":""106,000"",""自營商買賣超股數(自行買賣)"":""-7,500"",""自營商買進股數(避險)"":""54,848"",""自營商賣出股數(避險)"":""56,161"",""自營商買賣超股數(避險)"":""-1,313"",""三大法人買賣超股數"":""1,352,511""}"
2026-10-07,TWSE,2305,全友            ,4084510,2679400,1405110,0,0,0,3266,27192,-100926,"{""證券代號"":""2305"",""證券名稱"":""全友            "",""外陸資買進股數(不含外資自營商)"":""4,084,510"",""外陸資賣出股數(不含外資自營商)"":""2,679,400"",""外陸資買賣超股數(不含外資自營商)"":""1,405,110"",""外資自營商買進股數"":""0"",""外資自營商賣出股數"":""0"",""外資自營商買賣超股數"":""0"",""投信買進股數"":""0"",""投信賣出股數"":""0"",""投信買賣超股數"":""0"",""自營商買賣超股數"":""-100,926"",""自營商買進股數(自行買賣)"":""1,000"",""自營商賣出股數(自行買賣)"":""78,000"",""自營商買賣超股數(自行買賣)"":""-77,000"",""自營商買進股數(避險)"":""3,266"",""自營商賣出股數(避險)"":""27,192"",""自營商買賣超股數(避險)"":""-23,926"",""三大法人買賣超股數"":""1,304,184""}"
2026-10-07,TWSE,6834,天二科技        ,5095645,3834930,1260715,0,0,0,137547,120374,42173,"{""證券代號"":""6834"",""證券名稱"":""天二科技        "",""外陸資買進股數(不含外資自營商)"":""5,095,645"",""外陸資賣出股數(不含外資自營商)"":""3,834,930"",""外陸資買賣超股數(不含外資自營商)"":""1,260,715"",""外資自營商買進股數"":""0"",""外資自營商賣出股數"":""0"",""外資自營商買賣超股數"":""0"",""投信買進股數"":""0"",""投信賣出股數"":""0"",""投信買賣超股數"":""0"",""自營商買賣超股數"":""42,173"",""自營商買進股數(自行買賣)"":""39,000"",""自營商賣出股數(自行買賣)"":""14,000"",""自營商買賣超股數(自行買賣)"":""25,000"",""自營商買進股數(避險)"":""137,547"",""自營商賣出股數(避險)"":""120,374"",""自營商買賣超股數(避險)"":""17,173"",""三大法人買賣超股數"":""1,302,888""}"
2026-10-07,TWSE,009811,統一美國50      ,368000,22000,346000,0,0,0,935770,0,935770,"{""證券代號"":""009811"",""證券名稱"":""統一美國50      "",""外陸資買進股數(不含外資自營商)"":""368,000"",""外陸資賣出股數(不含外資自營商)"":""22,000"",""外陸資買賣超股數(不含外資自營商)"":""346,000"",""外資自營商買進股數"":""0"",""外資自營商賣出股數"":""0"",""外資自營商買賣超股數"":""0"",""投信買進股數"":""0"",""投信賣出股數"":""0"",""投信買賣超股數"":""0"",""自營商買賣超股數"":""935,770"",""自營商買進股數(自行買賣)"":""0"",""自營商賣出股數(自行買賣)"":""0"",""自營商買賣超股數(自行買賣)"":""0"",""自營商買進股數(避險)"":""935,770"",""自營商賣出股數(避險)"":""0"",""自營商買賣超股數(避險)"":""935,770"",""三大法人買賣超股數"":""1,281,770""}"
2026-10-07,TWSE,8039,台虹            ,4949835,3833240,1116595,12000,0,12000,148757,136096,152661,"{""證券代號"":""8039"",""證券名稱"":""台虹            "",""外陸資買進股數(不含外資自營商)"":""4,949,835"",""外陸資賣出股數(不含外資自營商)"":""3,833,240"",""外陸資買賣超股數(不含外資自營商)"":""1,116,595"",""外資自營商買進股數"":""0"",""外資自營商賣出股數"":""0"",""外資自營商買賣超股數"":""0"",""投信買進股數"":""12,000"",""投信賣出股數"":""0"",""投信買賣超股數"":""12,000"",""自營商買賣超股數"":""152,661"",""自營商買進股數(自行買賣)"":""466,000"",""自營商賣出股數(自行買賣)"":""326,000"",""自營商買賣超股數(自行買賣)"":""140,000"",""自營商買進股數(避險)"":""148,757"",""自營商賣出股數(避險)"":""136,096"",""自營商買賣超股數(避險)"":""12,661"",""三大法人買賣超股數"":""1,281,256""}"
2026-10-07,TWSE,4904,遠傳            ,1753253,822193,931060,544000,311289,232711,114364,0,97364,"{""證券代號"":""4904"",""證券名稱"":""遠傳            "",""外陸資買進股數(不含外資自營商)"":""1,753,253"",""外陸資賣出股數(不含外資自營商)"":""822,193"",""外陸資買賣超股數(不含外資自營商)"":""931,060"",""外資自營商買進股數"":""0"",""外資自營商賣出股數"":""0"",""外資自營商買賣超股數"":""0"",""投信買進股數"":""544,000"",""投信賣出股數"":""311,289"",""投信買賣超股數"":""232,711"",""自營商買賣超股數"":""97,364"",""自營商買進股數(自行買賣)"":""0"",""自營商賣出股數(自行買賣)"":""17,000"",""自營商買賣超股數(自行買賣)"":""-17,000"",""自營商買進股數(避險)"":""114,364"",""自營商賣出股數(避險)"":""0"",""自營商買賣超股數(避險)"":""114,364"",""三大法人買賣超股數"":""1,261,135""}"
2026-10-07,TWSE,1305,華夏            ,1577889,413788,1164101,0,0,0,83088,0,83016,"{""證券代號"":""1305"",""證券名稱"":""華夏            "",""外陸資買進股數(不含外資自營商)"":""1,577,889"",""外陸資賣出股數(不含外資自營商)"":""413,788"",""外陸資買賣超股數(不含外資自營商)"":""1,164,101"",""外資自營商買進股數"":""0"",""外資自營商賣出股數"":""0"",""外資自營商買賣超股數"":""0"",""投信買進股數"":""0"",""投信賣出股數"":""0"",""投信買賣超股數"":""0"",""自營商買賣超股數"":""83,016"",""自營商買進股數(自行買賣)"":""0"",""自營商賣出股數(自行買賣)"":""72"",""自營商買賣超股數(自行買賣)"":""-72"",""自營商買進股數(避險)"":""83,088"",""自營商賣出股數(避險)"":""0"",""自營商買賣超股數(避險)"":""83,088"",""三大法人買賣超股數"":""1,247,117""}"
2026-10-07,TWSE,00994A,主動第一金台股優,284060,124000,160060,0,0,0,1343624,560383,1083241,"{""證券代號"":""00994A"",""證券名稱"":""主動第一金台股優"",""外陸資買進股數(不含外資自營商)"":""284,060"",""外陸資賣出股數(不含外資自營商)"":""124,000"",""外陸資買賣超股數(不含外資自營商)"":""160,060"",""外資自營商買進股數"":""0"",""外資自營商賣出股數"":""0"",""外資自營商買賣超股數"":""0"",""投信買進股數"":""0"",""投信賣出股數"":""0"",""投信買賣超股數"":""0"",""自營商買賣超股數"":""1,083,241"",""自營商買進股數(自行買賣)"":""300,000"",""自營商賣出股數(自行買賣)"":""0"",""自營商買賣超股數(自行買賣)"":""300,000"",""自營商買進股數(避險)"":""1,343,624"",""自營商賣出股數(避險)"":""560,383"",""自營商買賣超股數(避險)"":""783,241"",""三大法人買賣超股數"":""1,243,301""}"
2026-10-07,TWSE,009802,富邦旗艦50      ,134048,367000,-232952,0,0,0,2350948,877735,1460213,"{""證券代號"":""009802"",""證券名稱"":""富邦旗艦50      "",""外陸資買進股數(不含外資自營商)"":""134,048"",""外陸資賣出股數(不含外資自營商)"":""367,000"",""外陸資買賣超股數(不含外資自營商)"":""-232,952"",""外資自營商買進股數"":""0"",""外資自營商賣出股數"":""0"",""外資自營商買賣超股數"":""0"",""投信買進股數"":""0"",""投信賣出股數"":""0"",""投信買賣超股數"":""0"",""自營商買賣超股數"":""1,460,213"",""自營商買進股數(自行買賣)"":""0"",""自營商賣出股數(自行買賣)"":""13,000"",""自營商買賣超股數(自行買賣)"":""-13,000"",""自營商買進股數(避險)"":""2,350,948"",""自營商賣出股數(避險)"":""877,735"",""自營商買賣超股數(避險)"":""1,473,213"",""三大法人買賣超股數"":""1,227,261""}"
2026-10-07,TWSE,2332,友訊            ,3352051,2208002,1144049,0,0,0,0,0,45000,"{""證券代號"":""2332"",""證券名稱"":""友訊            "",""外陸資買進股數(不含外資自營商)"":""3,352,051"",""外陸資賣出股數(不含外資自營商)"":""2,208,002"",""外陸資買賣超股數(不含外資自營商)"":""1,144,049"",""外資自營商買進股數"":""0"",""外資自營商賣出股數"":""0"",""外資自營商買賣超股數"":""0"",""投信買進股數"":""0"",""投信賣出股數"":""0"",""投信買賣超股數"":""0"",""自營商買賣超股數"":""45,000"",""自營商買進股數(自行買賣)"":""56,000"",""自營商賣出股數(自行買賣)"":""11,000"",""自營商買賣超股數(自行買賣)"":""45,000"",""自營商買進股數(避險)"":""0"",""自營商賣出股數(避險)"":""0"",""自營商買賣超股數(避險)"":""0"",""三大法人買賣超股數"":""1,189,049""}"
2026-10-07,TWSE,3706,神達            ,1839886,671000,1168886,51000,31000,20000,454,5260,-28963,"{""證券代號"":""3706"",""證券名稱"":""神達            "",""外陸資買進股數(不含外資自營商)"":""1,839,886"",""外陸資賣出股數(不含外資自營商)"":""671,000"",""外陸資買賣超股數(不含外資自營商)"":""1,168,886"",""外資自營商買進股數"":""0"",""外資自營商賣出股數"":""0"",""外資自營商買賣超股數"":""0"",""投信買進股數"":""51,000"",""投信賣出股數"":""31,000"",""投信買賣超股數"":""20,000"",""自營商買賣超股數"":""-28,963"",""自營商買進股數(自行買賣)"":""0"",""自營商賣出股數(自行買賣)"":""24,157"",""自營商買賣超股數(自行買賣)"":""-24,157"",""自營商買進股數(避險)"":""454"",""自營商賣出股數(避險)"":""5,260"",""自營商買賣超股數(避險)"":""-4,806"",""三大法人買賣超股數"":""1,159,923""}"
2026-10-07,TWSE,2912,統一超          ,1378255,390258,987997,131000,18000,113000,4215,0,4215,"{""證券代號"":""2912"",""證券名稱"":""統一超          "",""外陸資買進股數(不含外資自營商)"":""1,378,255"",""外陸資賣出股數(不含外資自營商)"":""390,258"",""外陸資買賣超股數(不含外資自營商)"":""987,997"",""外資自營商買進股數"":""0"",""外資自營商賣出股數"":""0"",""外資自營商買賣超股數"":""0"",""投信買進股數"":""131,000"",""投信賣出股數"":""18,000"",""投信買賣超股數"":""113,000"",""自營商買賣超股數"":""4,215"",""自營商買進股數(自行買賣)"":""0"",""自營商賣出股數(自行買賣)"":""0"",""自營商買賣超股數(自行買賣)"":""0"",""自營商買進股數(避險)"":""4,215"",""自營商賣出股數(避險)"":""0"",""自營商買賣超股數(避險)"":""4,215"",""三大法人買賣超股數"":""1,105,212""}"
2026-10-07,TWSE,1308,亞聚            ,1419971,324000,1095971,0,0,0,29,7414,-6385,"{""證券代號"":""1308"",""證券名稱"":""亞聚            "",""外陸資買進股數(不含外資自營商)"":""1,419,971"",""外陸資賣出股數(不含外資自營商)"":""324,000"",""外陸資買賣超股數(不含外資自營商)"":""1,095,971"",""外資自營商買進股數"":""0"",""外資自營商賣出股數"":""0"",""外資自營商買賣超股數"":""0"",""投信買進股數"":""0"",""投信賣出股數"":""0"",""投信買賣超股數"":""0"",""自營商買賣超股數"":""-6,385"",""自營商買進股數(自行買賣)"":""1,000"",""自營商賣出股數(自行買賣)"":""0"",""自營商買賣超股數(自行買賣)"":""1,000"",""自營商買進股數(避險)"":""29"",""自營商賣出股數(避險)"":""7,414"",""自營商買賣超股數(避險)"":""-7,385"",""三大法人買賣超股數"":""1,089,586""}"
2026-10-07,TWSE,2101,南港            ,1393903,360636,1033267,0,0,0,700,0,27700,"{""證券代號"":""2101"",""證券名稱"":""南港            "",""外陸資買進股數(不含外資自營商)"":""1,393,903"",""外陸資賣出股數(不含外資自營商)"":""360,636"",""外陸資買賣超股數(不含外資自營商)"":""1,033,267"",""外資自營商買進股數"":""0"",""外資自營商賣出股數"":""0"",""外資自營商買賣超股數"":""0"",""投信買進股數"":""0"",""投信賣出股數"":""0"",""投信買賣超股數"":""0"",""自營商買賣超股數"":""27,700"",""自營商買進股數(自行買賣)"":""27,000"",""自營商賣出股數(自行買賣)"":""0"",""自營商買賣超股數(自行買賣)"":""27,000"",""自營商買進股數(避險)"":""700"",""自營商賣出股數(避險)"":""0"",""自營商買賣超股數(避險)"":""700"",""三大法人買賣超股數"":""1,060,967""}"
2026-10-07,TWSE,6706,惠特            ,1568735,655390,913345,0,0,0,234608,88647,138961,"{""證券代號"":""6706"",""證券名稱"":""惠特            "",""外陸資買進股數(不含外資自營商)"":""1,568,735"",""外陸資賣出股數(不含外資自營商)"":""655,390"",""外陸資買賣超股數(不含外資自營商)"":""913,345"",""外資自營商買進股數"":""0"",""外資自營商賣出股數"":""0"",""外資自營商買賣超股數"":""0"",""投信買進股數"":""0"",""投信賣出股數"":""0"",""投信買賣超股數"":""0"",""自營商買賣超股數"":""138,961"",""自營商買進股數(自行買賣)"":""0"",""自營商賣出股數(自行買賣)"":""7,000"",""自營商買賣超股數(自行買賣)"":""-7,000"",""自營商買進股數(避險)"":""234,608"",""自營商賣出股數(避險)"":""88,647"",""自營商買賣超股數(避險)"":""145,961"",""三大法人買賣超股數"":""1,052,306""}"
2026-10-07,TWSE,3715,定穎投控        ,5063963,4281020,782943,0,0,0,423487,180363,243124,"{""證券代號"":""3715"",""證券名稱"":""定穎投控        "",""外陸資買進股數(不含外資自營商)"":""5,063,963"",""外陸資賣出股數(不含外資自營商)"":""4,281,020"",""外陸資買賣超股數(不含外資自營商)"":""782,943"",""外資自營商買進股數"":""0"",""外資自營商賣出股數"":""0"",""外資自營商買賣超股數"":""0"",""投信買進股數"":""0"",""投信賣出股數"":""0"",""投信買賣超股數"":""0"",""自營商買賣超股數"":""243,124"",""自營商買進股數(自行買賣)"":""3,000"",""自營商賣出股數(自行買賣)"":""3,000"",""自營商買賣超股數(自行買賣)"":""0"",""自營商買進股數(避險)"":""423,487"",""自營商賣出股數(避險)"":""180,363"",""自營商買賣超股數(避險)"":""243,124"",""三大法人買賣超股數"":""1,026,067""}"
2026-10-07,TWSE,1319,東陽            ,1043510,90189,953321,0,5051,-5051,70843,1000,73843,"{""證券代號"":""1319"",""證券名稱"":""東陽            "",""外陸資買進股數(不含外資自營商)"":""1,043,510"",""外陸資賣出股數(不含外資自營商)"":""90,189"",""外陸資買賣超股數(不含外資自營商)"":""953,321"",""外資自營商買進股數"":""0"",""外資自營商賣出股數"":""0"",""外資自營商買賣超股數"":""0"",""投信買進股數"":""0"",""投信賣出股數"":""5,051"",""投信買賣超股數"":""-5,051"",""自營商買賣超股數"":""73,843"",""自營商買進股數(自行買賣)"":""4,000"",""自營商賣出股數(自行買賣)"":""0"",""自營商買賣超股數(自行買賣)"":""4,000"",""自營商買進股數(避險)"":""70,843"",""自營商賣出股數(避險)"":""1,000"",""自營商買賣超股數(避險)"":""69,843"",""三大法人買賣超股數"":""1,022,113""}"
2026-10-07,TWSE,2451,創見            ,1418433,531900,886533,128400,2000,126400,6547,2411,4714,"{""證券代號"":""2451"",""證券名稱"":""創見            "",""外陸資買進股數(不含外資自營商)"":""1,418,433"",""外陸資賣出股數(不含外資自營商)"":""531,900"",""外陸資買賣超股數(不含外資自營商)"":""886,533"",""外資自營商買進股數"":""0"",""外資自營商賣出股數"":""0"",""外資自營商買賣超股數"":""0"",""投信買進股數"":""128,400"",""投信賣出股數"":""2,000"",""投信買賣超股數"":""126,400"",""自營商買賣超股數"":""4,714"",""自營商買進股數(自行買賣)"":""1,868"",""自營商賣出股數(自行買賣)"":""1,290"",""自營商買賣超股數(自行買賣)"":""578"",""自營商買進股數(避險)"":""6,547"",""自營商賣出股數(避險)"":""2,411"",""自營商買賣超股數(避險)"":""4,136"",""三大法人買賣超股數"":""1,017,647""}"
2026-10-07,TWSE,2377,微星            ,2565917,1554006,1011911,26000,53383,-27383,45745,7000,32745,"{""證券代號"":""2377"",""證券名稱"":""微星            "",""外陸資買進股數(不含外資自營商)"":""2,565,917"",""外陸資賣出股數(不含外資自營商)"":""1,554,006"",""外陸資買賣超股數(不含外資自營商)"":""1,011,911"",""外資自營商買進股數"":""0"",""外資自營商賣出股數"":""0"",""外資自營商買賣超股數"":""0"",""投信買進股數"":""26,000"",""投信賣出股數"":""53,383"",""投信買賣超股數"":""-27,383"",""自營商買賣超股數"":""32,745"",""自營商買進股數(自行買賣)"":""0"",""自營商賣出股數(自行買賣)"":""6,000"",""自營商買賣超股數(自行買賣)"":""-6,000"",""自營商買進股數(避險)"":""45,745"",""自營商賣出股數(避險)"":""7,000"",""自營商買賣超股數(避險)"":""38,745"",""三大法人買賣超股數"":""1,017,273""}"
2026-10-07,TWSE,2342,茂矽            ,1976780,970300,1006480,0,0,0,16312,12945,3816,"{""證券代號"":""2342"",""證券名稱"":""茂矽            "",""外陸資買進股數(不含外資自營商)"":""1,976,780"",""外陸資賣出股數(不含外資自營商)"":""970,300"",""外陸資買賣超股數(不含外資自營商)"":""1,006,480"",""外資自營商買進股數"":""0"",""外資自營商賣出股數"":""0"",""外資自營商買賣超股數"":""0"",""投信買進股數"":""0"",""投信賣出股數"":""0"",""投信買賣超股數"":""0"",""自營商買賣超股數"":""3,816"",""自營商買進股數(自行買賣)"":""2,000"",""自營商賣出股數(自行買賣)"":""1,551"",""自營商買賣超股數(自行買賣)"":""449"",""自營商買進股數(避險)"":""16,312"",""自營商賣出股數(避險)"":""12,945"",""自營商買賣超股數(避險)"":""3,367"",""三大法人買賣超股數"":""1,010,296""}"
2026-10-07,TWSE,00650L,復華香港正2     ,365000,241000,124000,0,0,0,1313054,430771,882283,"{""證券代號"":""00650L"",""證券名稱"":""復華香港正2     "",""外陸資買進股數(不含外資自營商)"":""365,000"",""外陸資賣出股數(不含外資自營商)"":""241,000"",""外陸資買賣超股數(不含外資自營商)"":""124,000"",""外資自營商買進股數"":""0"",""外資自營商賣出股數"":""0"",""外資自營商買賣超股數"":""0"",""投信買進股數"":""0"",""投信賣出股數"":""0"",""投信買賣超股數"":""0"",""自營商買賣超股數"":""882,283"",""自營商買進股數(自行買賣)"":""0"",""自營商賣出股數(自行買賣)"":""0"",""自營商買賣超股數(自行買賣)"":""0"",""自營商買進股數(避險)"":""1,313,054"",""自營商賣出股數(避險)"":""430,771"",""自營商買賣超股數(避險)"":""882,283"",""三大法人買賣超股數"":""1,006,283""}"
2026-10-07,TWSE,1808,潤隆            ,1313832,312000,1001832,0,0,0,0,0,-1000,"{""證券代號"":""1808"",""證券名稱"":""潤隆            "",""外陸資買進股數(不含外資自營商)"":""1,313,832"",""外陸資賣出股數(不含外資自營商)"":""312,000"",""外陸資買賣超股數(不含外資自營商)"":""1,001,832"",""外資自營商買進股數"":""0"",""外資自營商賣出股數"":""0"",""外資自營商買賣超股數"":""0"",""投信買進股數"":""0"",""投信賣出股數"":""0"",""投信買賣超股數"":""0"",""自營商買賣超股數"":""-1,000"",""自營商買進股數(自行買賣)"":""0"",""自營商賣出股數(自行買賣)"":""1,000"",""自營商買賣超股數(自行買賣)"":""-1,000"",""自營商買進股數(避險)"":""0"",""自營商賣出股數(避險)"":""0"",""自營商買賣超股數(避險)"":""0"",""三大法人買賣超股數"":""1,000,832""}"
2026-10-07,TWSE,4142,國光生          ,1148809,155000,993809,0,0,0,0,875,-874,"{""證券代號"":""4142"",""證券名稱"":""國光生          "",""外陸資買進股數(不含外資自營商)"":""1,148,809"",""外陸資賣出股數(不含外資自營商)"":""155,000"",""外陸資買賣超股數(不含外資自營商)"":""993,809"",""外資自營商買進股數"":""0"",""外資自營商賣出股數"":""0"",""外資自營商買賣超股數"":""0"",""投信買進股數"":""0"",""投信賣出股數"":""0"",""投信買賣超股數"":""0"",""自營商買賣超股數"":""-874"",""自營商買進股數(自行買賣)"":""1"",""自營商賣出股數(自行買賣)"":""0"",""自營商買賣超股數(自行買賣)"":""1"",""自營商買進股數(避險)"":""0"",""自營商賣出股數(避險)"":""875"",""自營商買賣超股數(避險)"":""-875"",""三大法人買賣超股數"":""992,935""}"
2026-10-07,TWSE,2329,華泰            ,1339463,339300,1000163,0,0,0,3106,2381,-11275,"{""證券代號"":""2329"",""證券名稱"":""華泰            "",""外陸資買進股數(不含外資自營商)"":""1,339,463"",""外陸資賣出股數(不含外資自營商)"":""339,300"",""外陸資買賣超股數(不含外資自營商)"":""1,000,163"",""外資自營商買進股數"":""0"",""外資自營商賣出股數"":""0"",""外資自營商買賣超股數"":""0"",""投信買進股數"":""0"",""投信賣出股數"":""0"",""投信買賣超股數"":""0"",""自營商買賣超股數"":""-11,275"",""自營商買進股數(自行買賣)"":""0"",""自營商賣出股數(自行買賣)"":""12,000"",""自營商買賣超股數(自行買賣)"":""-12,000"",""自營商買進股數(避險)"":""3,106"",""自營商賣出股數(避險)"":""2,381"",""自營商買賣超股數(避險)"":""725"",""三大法人買賣超股數"":""988,888""}"
2026-10-07,TWSE,1310,台苯            ,1465037,482717,982320,0,0,0,0,0,1000,"{""證券代號"":""1310"",""證券名稱"":""台苯            "",""外陸資買進股數(不含外資自營商)"":""1,465,037"",""外陸資賣出股數(不含外資自營商)"":""482,717"",""外陸資買賣超股數(不含外資自營商)"":""982,320"",""外資自營商買進股數"":""0"",""外資自營商賣出股數"":""0"",""外資自營商買賣超股數"":""0"",""投信買進股數"":""0"",""投信賣出股數"":""0"",""投信買賣超股數"":""0"",""自營商買賣超股數"":""1,000"",""自營商買進股數(自行買賣)"":""1,000"",""自營商賣出股數(自行買賣)"":""0"",""自營商買賣超股數(自行買賣)"":""1,000"",""自營商買進股數(避險)"":""0"",""自營商賣出股數(避險)"":""0"",""自營商買賣超股數(避險)"":""0"",""三大法人買賣超股數"":""983,320""}"
2026-10-07,TWSE,2347,聯強            ,2177138,598004,1579134,23500,691961,-668461,56828,302,52592,"{""證券代號"":""2347"",""證券名稱"":""聯強            "",""外陸資買進股數(不含外資自營商)"":""2,177,138"",""外陸資賣出股數(不含外資自營商)"":""598,004"",""外陸資買賣超股數(不含外資自營商)"":""1,579,134"",""外資自營商買進股數"":""0"",""外資自營商賣出股數"":""0"",""外資自營商買賣超股數"":""0"",""投信買進股數"":""23,500"",""投信賣出股數"":""691,961"",""投信買賣超股數"":""-668,461"",""自營商買賣超股數"":""52,592"",""自營商買進股數(自行買賣)"":""1,000"",""自營商賣出股數(自行買賣)"":""4,934"",""自營商買賣超股數(自行買賣)"":""-3,934"",""自營商買進股數(避險)"":""56,828"",""自營商賣出股數(避險)"":""302"",""自營商買賣超股數(避險)"":""56,526"",""三大法人買賣超股數"":""963,265""}"
2026-10-07,TWSE,6944,兆聯實業        ,1233392,298207,935185,2000,0,2000,85804,75200,15604,"{""證券代號"":""6944"",""證券名稱"":""兆聯實業        "",""外陸資買進股數(不含外資自營商)"":""1,233,392"",""外陸資賣出股數(不含外資自營商)"":""298,207"",""外陸資買賣超股數(不含外資自營商)"":""935,185"",""外資自營商買進股數"":""0"",""外資自營商賣出股數"":""0"",""外資自營商買賣超股數"":""0"",""投信買進股數"":""2,000"",""投信賣出股數"":""0"",""投信買賣超股數"":""2,000"",""自營商買賣超股數"":""15,604"",""自營商買進股數(自行買賣)"":""6,000"",""自營商賣出股數(自行買賣)"":""1,000"",""自營商買賣超股數(自行買賣)"":""5,000"",""自營商買進股數(避險)"":""85,804"",""自營商賣出股數(避險)"":""75,200"",""自營商買賣超股數(避險)"":""10,604"",""三大法人買賣超股數"":""952,789""}"
2026-10-07,TWSE,6141,柏承            ,1179487,258100,921387,0,0,0,0,0,5000,"{""證券代號"":""6141"",""證券名稱"":""柏承            "",""外陸資買進股數(不含外資自營商)"":""1,179,487"",""外陸資賣出股數(不含外資自營商)"":""258,100"",""外陸資買賣超股數(不含外資自營商)"":""921,387"",""外資自營商買進股數"":""0"",""外資自營商賣出股數"":""0"",""外資自營商買賣超股數"":""0"",""投信買進股數"":""0"",""投信賣出股數"":""0"",""投信買賣超股數"":""0"",""自營商買賣超股數"":""5,000"",""自營商買進股數(自行買賣)"":""5,000"",""自營商賣出股數(自行買賣)"":""0"",""自營商買賣超股數(自行買賣)"":""5,000"",""自營商買進股數(避險)"":""0"",""自營商賣出股數(避險)"":""0"",""自營商買賣超股數(避險)"":""0"",""三大法人買賣超股數"":""926,387""}"
2026-10-07,TWSE,1708,東鹼            ,1602185,666251,935934,0,0,0,12673,27123,-14450,"{""證券代號"":""1708"",""證券名稱"":""東鹼            "",""外陸資買進股數(不含外資自營商)"":""1,602,185"",""外陸資賣出股數(不含外資自營商)"":""666,251"",""外陸資買賣超股數(不含外資自營商)"":""935,934"",""外資自營商買進股數"":""0"",""外資自營商賣出股數"":""0"",""外資自營商買賣超股數"":""0"",""投信買進股數"":""0"",""投信賣出股數"":""0"",""投信買賣超股數"":""0"",""自營商買賣超股數"":""-14,450"",""自營商買進股數(自行買賣)"":""0"",""自營商賣出股數(自行買賣)"":""0"",""自營商買賣超股數(自行買賣)"":""0"",""自營商買進股數(避險)"":""12,673"",""自營商賣出股數(避險)"":""27,123"",""自營商買賣超股數(避險)"":""-14,450"",""三大法人買賣超股數"":""921,484""}"
2026-10-07,TWSE,6108,競國            ,1607651,707776,899875,0,0,0,0,0,-1000,"{""證券代號"":""6108"",""證券名稱"":""競國            "",""外陸資買進股數(不含外資自營商)"":""1,607,651"",""外陸資賣出股數(不含外資自營商)"":""707,776"",""外陸資買賣超股數(不含外資自營商)"":""899,875"",""外資自營商買進股數"":""0"",""外資自營商賣出股數"":""0"",""外資自營商買賣超股數"":""0"",""投信買進股數"":""0"",""投信賣出股數"":""0"",""投信買賣超股數"":""0"",""自營商買賣超股數"":""-1,000"",""自營商買進股數(自行買賣)"":""2,000"",""自營商賣出股數(自行買賣)"":""3,000"",""自營商買賣超股數(自行買賣)"":""-1,000"",""自營商買進股數(避險)"":""0"",""自營商賣出股數(避險)"":""0"",""自營商買賣超股數(避險)"":""0"",""三大法人買賣超股數"":""898,875""}"
2026-10-07,TWSE,00981T,平衡凱基雙核收息,1000,0,1000,0,0,0,1461000,564503,896497,"{""證券代號"":""00981T"",""證券名稱"":""平衡凱基雙核收息"",""外陸資買進股數(不含外資自營商)"":""1,000"",""外陸資賣出股數(不含外資自營商)"":""0"",""外陸資買賣超股數(不含外資自營商)"":""1,000"",""外資自營商買進股數"":""0"",""外資自營商賣出股數"":""0"",""外資自營商買賣超股數"":""0"",""投信買進股數"":""0"",""投信賣出股數"":""0"",""投信買賣超股數"":""0"",""自營商買賣超股數"":""896,497"",""自營商買進股數(自行買賣)"":""0"",""自營商賣出股數(自行買賣)"":""0"",""自營商買賣超股數(自行買賣)"":""0"",""自營商買進股數(避險)"":""1,461,000"",""自營商賣出股數(避險)"":""564,503"",""自營商買賣超股數(避險)"":""896,497"",""三大法人買賣超股數"":""897,497""}"
2026-10-07,TWSE,2236,百達-KY         ,1938050,1017000,921050,0,0,0,837,673,-30836,"{""證券代號"":""2236"",""證券名稱"":""百達-KY         "",""外陸資買進股數(不含外資自營商)"":""1,938,050"",""外陸資賣出股數(不含外資自營商)"":""1,017,000"",""外陸資買賣超股數(不含外資自營商)"":""921,050"",""外資自營商買進股數"":""0"",""外資自營商賣出股數"":""0"",""外資自營商買賣超股數"":""0"",""投信買進股數"":""0"",""投信賣出股數"":""0"",""投信買賣超股數"":""0"",""自營商買賣超股數"":""-30,836"",""自營商買進股數(自行買賣)"":""258,000"",""自營商賣出股數(自行買賣)"":""289,000"",""自營商買賣超股數(自行買賣)"":""-31,000"",""自營商買進股數(避險)"":""837"",""自營商賣出股數(避險)"":""673"",""自營商買賣超股數(避險)"":""164"",""三大法人買賣超股數"":""890,214""}"
2026-10-07,TWSE,2393,億光            ,1422041,431265,990776,2500,13764,-11264,36653,16000,-92347,"{""證券代號"":""2393"",""證券名稱"":""億光            "",""外陸資買進股數(不含外資自營商)"":""1,422,041"",""外陸資賣出股數(不含外資自營商)"":""431,265"",""外陸資買賣超股數(不含外資自營商)"":""990,776"",""外資自營商買進股數"":""0"",""外資自營商賣出股數"":""0"",""外資自營商買賣超股數"":""0"",""投信買進股數"":""2,500"",""投信賣出股數"":""13,764"",""投信買賣超股數"":""-11,264"",""自營商買賣超股數"":""-92,347"",""自營商買進股數(自行買賣)"":""11,000"",""自營商賣出股數(自行買賣)"":""124,000"",""自營商買賣超股數(自行買賣)"":""-113,000"",""自營商買進股數(避險)"":""36,653"",""自營商賣出股數(避險)"":""16,000"",""自營商買賣超股數(避險)"":""20,653"",""三大法人買賣超股數"":""887,165""}"
2026-10-07,TWSE,8110,華東            ,1577100,697000,880100,0,0,0,18438,24166,-5728,"{""證券代號"":""8110"",""證券名稱"":""華東            "",""外陸資買進股數(不含外資自營商)"":""1,577,100"",""外陸資賣出股數(不含外資自營商)"":""697,000"",""外陸資買賣超股數(不含外資自營商)"":""880,100"",""外資自營商買進股數"":""0"",""外資自營商賣出股數"":""0"",""外資自營商買賣超股數"":""0"",""投信買進股數"":""0"",""投信賣出股數"":""0"",""投信買賣超股數"":""0"",""自營商買賣超股數"":""-5,728"",""自營商買進股數(自行買賣)"":""2,000"",""自營商賣出股數(自行買賣)"":""2,000"",""自營商買賣超股數(自行買賣)"":""0"",""自營商買進股數(避險)"":""18,438"",""自營商賣出股數(避險)"":""24,166"",""自營商買賣超股數(避險)"":""-5,728"",""三大法人買賣超股數"":""874,372""}"
2026-10-07,TWSE,2201,裕隆            ,1238000,394000,844000,0,0,0,32449,1924,28525,"{""證券代號"":""2201"",""證券名稱"":""裕隆            "",""外陸資買進股數(不含外資自營商)"":""1,238,000"",""外陸資賣出股數(不含外資自營商)"":""394,000"",""外陸資買賣超股數(不含外資自營商)"":""844,000"",""外資自營商買進股數"":""0"",""外資自營商賣出股數"":""0"",""外資自營商買賣超股數"":""0"",""投信買進股數"":""0"",""投信賣出股數"":""0"",""投信買賣超股數"":""0"",""自營商買賣超股數"":""28,525"",""自營商買進股數(自行買賣)"":""0"",""自營商賣出股數(自行買賣)"":""2,000"",""自營商買賣超股數(自行買賣)"":""-2,000"",""自營商買進股數(避險)"":""32,449"",""自營商賣出股數(避險)"":""1,924"",""自營商買賣超股數(避險)"":""30,525"",""三大法人買賣超股數"":""872,525""}"
2026-10-07,TWSE,1309,台達化          ,1170722,301316,869406,0,0,0,6744,4344,2400,"{""證券代號"":""1309"",""證券名稱"":""台達化          "",""外陸資買進股數(不含外資自營商)"":""1,170,722"",""外陸資賣出股數(不含外資自營商)"":""301,316"",""外陸資買賣超股數(不含外資自營商)"":""869,406"",""外資自營商買進股數"":""0"",""外資自營商賣出股數"":""0"",""外資自營商買賣超股數"":""0"",""投信買進股數"":""0"",""投信賣出股數"":""0"",""投信買賣超股數"":""0"",""自營商買賣超股數"":""2,400"",""自營商買進股數(自行買賣)"":""0"",""自營商賣出股數(自行買賣)"":""0"",""自營商買賣超股數(自行買賣)"":""0"",""自營商買進股數(避險)"":""6,744"",""自營商賣出股數(避險)"":""4,344"",""自營商買賣超股數(避險)"":""2,400"",""三大法人買賣超股數"":""871,806""}"
2026-10-07,TWSE,2105,正新            ,2086000,1233006,852994,0,143966,-143966,132156,1238,136868,"{""證券代號"":""2105"",""證券名稱"":""正新            "",""外陸資買進股數(不含外資自營商)"":""2,086,000"",""外陸資賣出股數(不含外資自營商)"":""1,233,006"",""外陸資買賣超股數(不含外資自營商)"":""852,994"",""外資自營商買進股數"":""0"",""外資自營商賣出股數"":""0"",""外資自營商買賣超股數"":""0"",""投信買進股數"":""0"",""投信賣出股數"":""143,966"",""投信買賣超股數"":""-143,966"",""自營商買賣超股數"":""136,868"",""自營商買進股數(自行買賣)"":""8,000"",""自營商賣出股數(自行買賣)"":""2,050"",""自營商買賣超股數(自行買賣)"":""5,950"",""自營商買進股數(避險)"":""132,156"",""自營商賣出股數(避險)"":""1,238"",""自營商買賣超股數(避險)"":""130,918"",""三大法人買賣超股數"":""845,896""}"
2026-10-07,TWSE,2615,萬海            ,3543951,2591299,952652,0,0,0,19898,81531,-109633,"{""證券代號"":""2615"",""證券名稱"":""萬海            "",""外陸資買進股數(不含外資自營商)"":""3,543,951"",""外陸資賣出股數(不含外資自營商)"":""2,591,299"",""外陸資買賣超股數(不含外資自營商)"":""952,652"",""外資自營商買進股數"":""0"",""外資自營商賣出股數"":""0"",""外資自營商買賣超股數"":""0"",""投信買進股數"":""0"",""投信賣出股數"":""0"",""投信買賣超股數"":""0"",""自營商買賣超股數"":""-109,633"",""自營商買進股數(自行買賣)"":""10,000"",""自營商賣出股數(自行買賣)"":""58,000"",""自營商買賣超股數(自行買賣)"":""-48,000"",""自營商買進股數(避險)"":""19,898"",""自營商賣出股數(避險)"":""81,531"",""自營商買賣超股數(避險)"":""-61,633"",""三大法人買賣超股數"":""843,019""}"
2026-10-07,TWSE,3149,正達            ,2159351,1318968,840383,0,0,0,5000,4785,-1785,"{""證券代號"":""3149"",""證券名稱"":""正達            "",""外陸資買進股數(不含外資自營商)"":""2,159,351"",""外陸資賣出股數(不含外資自營商)"":""1,318,968"",""外陸資買賣超股數(不含外資自營商)"":""840,383"",""外資自營商買進股數"":""0"",""外資自營商賣出股數"":""0"",""外資自營商買賣超股數"":""0"",""投信買進股數"":""0"",""投信賣出股數"":""0"",""投信買賣超股數"":""0"",""自營商買賣超股數"":""-1,785"",""自營商買進股數(自行買賣)"":""0"",""自營商賣出股數(自行買賣)"":""2,000"",""自營商買賣超股數(自行買賣)"":""-2,000"",""自營商買進股數(避險)"":""5,000"",""自營商賣出股數(避險)"":""4,785"",""自營商買賣超股數(避險)"":""215"",""三大法人買賣超股數"":""838,598""}"
2026-10-07,TWSE,2439,美律            ,1572820,847000,725820,10000,0,10000,0,1385,99250,"{""證券代號"":""2439"",""證券名稱"":""美律            "",""外陸資買進股數(不含外資自營商)"":""1,572,820"",""外陸資賣出股數(不含外資自營商)"":""847,000"",""外陸資買賣超股數(不含外資自營商)"":""725,820"",""外資自營商買進股數"":""0"",""外資自營商賣出股數"":""0"",""外資自營商買賣超股數"":""0"",""投信買進股數"":""10,000"",""投信賣出股數"":""0"",""投信買賣超股數"":""10,000"",""自營商買賣超股數"":""99,250"",""自營商買進股數(自行買賣)"":""112,000"",""自營商賣出股數(自行買賣)"":""11,365"",""自營商買賣超股數(自行買賣)"":""100,635"",""自營商買進股數(避險)"":""0"",""自營商賣出股數(避險)"":""1,385"",""自營商買賣超股數(避險)"":""-1,385"",""三大法人買賣超股數"":""835,070""}"
2026-10-07,TWSE,1477,聚陽            ,1283290,413062,870228,0,38241,-38241,8529,20858,-22129,"{""證券代號"":""1477"",""證券名稱"":""聚陽            "",""外陸資買進股數(不含外資自營商)"":""1,283,290"",""外陸資賣出股數(不含外資自營商)"":""413,062"",""外陸資買賣超股數(不含外資自營商)"":""870,228"",""外資自營商買進股數"":""0"",""外資自營商賣出股數"":""0"",""外資自營商買賣超股數"":""0"",""投信買進股數"":""0"",""投信賣出股數"":""38,241"",""投信買賣超股數"":""-38,241"",""自營商買賣超股數"":""-22,129"",""自營商買進股數(自行買賣)"":""20,200"",""自營商賣出股數(自行買賣)"":""30,000"",""自營商買賣超股數(自行買賣)"":""-9,800"",""自營商買進股數(避險)"":""8,529"",""自營商賣出股數(避險)"":""20,858"",""自營商買賣超股數(避險)"":""-12,329"",""三大法人買賣超股數"":""809,858""}"
2026-10-07,TWSE,3543,州巧            ,1380675,574183,806492,0,0,0,0,0,0,"{""證券代號"":""3543"",""證券名稱"":""州巧            "",""外陸資買進股數(不含外資自營商)"":""1,380,675"",""外陸資賣出股數(不含外資自營商)"":""574,183"",""外陸資買賣超股數(不含外資自營商)"":""806,492"",""外資自營商買進股數"":""0"",""外資自營商賣出股數"":""0"",""外資自營商買賣超股數"":""0"",""投信買進股數"":""0"",""投信賣出股數"":""0"",""投信買賣超股數"":""0"",""自營商買賣超股數"":""0"",""自營商買進股數(自行買賣)"":""0"",""自營商賣出股數(自行買賣)"":""0"",""自營商買賣超股數(自行買賣)"":""0"",""自營商買進股數(避險)"":""0"",""自營商賣出股數(避險)"":""0"",""自營商買賣超股數(避險)"":""0"",""三大法人買賣超股數"":""806,492""}"
2026-10-07,TWSE,2915,潤泰全          ,934474,183000,751474,0,0,0,13,0,50013,"{""證券代號"":""2915"",""證券名稱"":""潤泰全          "",""外陸資買進股數(不含外資自營商)"":""934,474"",""外陸資賣出股數(不含外資自營商)"":""183,000"",""外陸資買賣超股數(不含外資自營商)"":""751,474"",""外資自營商買進股數"":""0"",""外資自營商賣出股數"":""0"",""外資自營商買賣超股數"":""0"",""投信買進股數"":""0"",""投信賣出股數"":""0"",""投信買賣超股數"":""0"",""自營商買賣超股數"":""50,013"",""自營商買進股數(自行買賣)"":""50,000"",""自營商賣出股數(自行買賣)"":""0"",""自營商買賣超股數(自行買賣)"":""50,000"",""自營商買進股數(避險)"":""13"",""自營商賣出股數(避險)"":""0"",""自營商買賣超股數(避險)"":""13"",""三大法人買賣超股數"":""801,487""}"
2026-10-07,TWSE,2355,敬鵬            ,1369000,571844,797156,0,0,0,8958,5000,3958,"{""證券代號"":""2355"",""證券名稱"":""敬鵬            "",""外陸資買進股數(不含外資自營商)"":""1,369,000"",""外陸資賣出股數(不含外資自營商)"":""571,844"",""外陸資買賣超股數(不含外資自營商)"":""797,156"",""外資自營商買進股數"":""0"",""外資自營商賣出股數"":""0"",""外資自營商買賣超股數"":""0"",""投信買進股數"":""0"",""投信賣出股數"":""0"",""投信買賣超股數"":""0"",""自營商買賣超股數"":""3,958"",""自營商買進股數(自行買賣)"":""6,000"",""自營商賣出股數(自行買賣)"":""6,000"",""自營商買賣超股數(自行買賣)"":""0"",""自營商買進股數(避險)"":""8,958"",""自營商賣出股數(避險)"":""5,000"",""自營商買賣超股數(避險)"":""3,958"",""三大法人買賣超股數"":""801,114""}"
2026-10-07,TWSE,2504,國產            ,1351576,612000,739576,0,18234,-18234,0,0,79000,"{""證券代號"":""2504"",""證券名稱"":""國產            "",""外陸資買進股數(不含外資自營商)"":""1,351,576"",""外陸資賣出股數(不含外資自營商)"":""612,000"",""外陸資買賣超股數(不含外資自營商)"":""739,576"",""外資自營商買進股數"":""0"",""外資自營商賣出股數"":""0"",""外資自營商買賣超股數"":""0"",""投信買進股數"":""0"",""投信賣出股數"":""18,234"",""投信買賣超股數"":""-18,234"",""自營商買賣超股數"":""79,000"",""自營商買進股數(自行買賣)"":""79,000"",""自營商賣出股數(自行買賣)"":""0"",""自營商買賣超股數(自行買賣)"":""79,000"",""自營商買進股數(避險)"":""0"",""自營商賣出股數(避險)"":""0"",""自營商買賣超股數(避險)"":""0"",""三大法人買賣超股數"":""800,342""}"
2026-10-07,TWSE,2845,遠東銀          ,1976112,1178010,798102,0,0,0,0,0,0,"{""證券代號"":""2845"",""證券名稱"":""遠東銀          "",""外陸資買進股數(不含外資自營商)"":""1,976,112"",""外陸資賣出股數(不含外資自營商)"":""1,178,010"",""外陸資買賣超股數(不含外資自營商)"":""798,102"",""外資自營商買進股數"":""0"",""外資自營商賣出股數"":""0"",""外資自營商買賣超股數"":""0"",""投信買進股數"":""0"",""投信賣出股數"":""0"",""投信買賣超股數"":""0"",""自營商買賣超股數"":""0"",""自營商買進股數(自行買賣)"":""0"",""自營商賣出股數(自行買賣)"":""0"",""自營商買賣超股數(自行買賣)"":""0"",""自營商買進股數(避險)"":""0"",""自營商賣出股數(避險)"":""0"",""自營商買賣超股數(避險)"":""0"",""三大法人買賣超股數"":""798,102""}"
2026-10-07,TWSE,1809,中釉            ,1404987,635180,769807,0,0,0,19009,2000,17009,"{""證券代號"":""1809"",""證券名稱"":""中釉            "",""外陸資買進股數(不含外資自營商)"":""1,404,987"",""外陸資賣出股數(不含外資自營商)"":""635,180"",""外陸資買賣超股數(不含外資自營商)"":""769,807"",""外資自營商買進股數"":""0"",""外資自營商賣出股數"":""0"",""外資自營商買賣超股數"":""0"",""投信買進股數"":""0"",""投信賣出股數"":""0"",""投信買賣超股數"":""0"",""自營商買賣超股數"":""17,009"",""自營商買進股數(自行買賣)"":""0"",""自營商賣出股數(自行買賣)"":""0"",""自營商買賣超股數(自行買賣)"":""0"",""自營商買進股數(避險)"":""19,009"",""自營商賣出股數(避險)"":""2,000"",""自營商買賣超股數(避險)"":""17,009"",""三大法人買賣超股數"":""786,816""}"
2026-10-07,TWSE,2913,農林            ,1089778,283000,806778,0,0,0,0,0,-40000,"{""證券代號"":""2913"",""證券名稱"":""農林            "",""外陸資買進股數(不含外資自營商)"":""1,089,778"",""外陸資賣出股數(不含外資自營商)"":""283,000"",""外陸資買賣超股數(不含外資自營商)"":""806,778"",""外資自營商買進股數"":""0"",""外資自營商賣出股數"":""0"",""外資自營商買賣超股數"":""0"",""投信買進股數"":""0"",""投信賣出股數"":""0"",""投信買賣超股數"":""0"",""自營商買賣超股數"":""-40,000"",""自營商買進股數(自行買賣)"":""31,000"",""自營商賣出股數(自行買賣)"":""71,000"",""自營商買賣超股數(自行買賣)"":""-40,000"",""自營商買進股數(避險)"":""0"",""自營商賣出股數(避險)"":""0"",""自營商買賣超股數(避險)"":""0"",""三大法人買賣超股數"":""766,778""}"
2026-10-07,TWSE,6282,康舒            ,2262829,1380450,882379,0,41000,-41000,44171,100105,-82934,"{""證券代號"":""6282"",""證券名稱"":""康舒            "",""外陸資買進股數(不含外資自營商)"":""2,262,829"",""外陸資賣出股數(不含外資自營商)"":""1,380,450"",""外陸資買賣超股數(不含外資自營商)"":""882,379"",""外資自營商買進股數"":""0"",""外資自營商賣出股數"":""0"",""外資自營商買賣超股數"":""0"",""投信買進股數"":""0"",""投信賣出股數"":""41,000"",""投信買賣超股數"":""-41,000"",""自營商買賣超股數"":""-82,934"",""自營商買進股數(自行買賣)"":""36,000"",""自營商賣出股數(自行買賣)"":""63,000"",""自營商買賣超股數(自行買賣)"":""-27,000"",""自營商買進股數(避險)"":""44,171"",""自營商賣出股數(避險)"":""100,105"",""自營商買賣超股數(避險)"":""-55,934"",""三大法人買賣超股數"":""758,445""}"
2026-10-07,TWSE,4566,時碩工業        ,1258847,444706,814141,0,0,0,438,1034,-62596,"{""證券代號"":""4566"",""證券名稱"":""時碩工業        "",""外陸資買進股數(不含外資自營商)"":""1,258,847"",""外陸資賣出股數(不含外資自營商)"":""444,706"",""外陸資買賣超股數(不含外資自營商)"":""814,141"",""外資自營商買進股數"":""0"",""外資自營商賣出股數"":""0"",""外資自營商買賣超股數"":""0"",""投信買進股數"":""0"",""投信賣出股數"":""0"",""投信買賣超股數"":""0"",""自營商買賣超股數"":""-62,596"",""自營商買進股數(自行買賣)"":""0"",""自營商賣出股數(自行買賣)"":""62,000"",""自營商買賣超股數(自行買賣)"":""-62,000"",""自營商買進股數(避險)"":""438"",""自營商賣出股數(避險)"":""1,034"",""自營商買賣超股數(避險)"":""-596"",""三大法人買賣超股數"":""751,545""}"
2026-10-07,TWSE,3661,世芯-KY         ,1425092,1031058,394034,363000,1000,362000,133222,129925,-8027,"{""證券代號"":""3661"",""證券名稱"":""世芯-KY         "",""外陸資買進股數(不含外資自營商)"":""1,425,092"",""外陸資賣出股數(不含外資自營商)"":""1,031,058"",""外陸資買賣超股數(不含外資自營商)"":""394,034"",""外資自營商買進股數"":""0"",""外資自營商賣出股數"":""0"",""外資自營商買賣超股數"":""0"",""投信買進股數"":""363,000"",""投信賣出股數"":""1,000"",""投信買賣超股數"":""362,000"",""自營商買賣超股數"":""-8,027"",""自營商買進股數(自行買賣)"":""31,076"",""自營商賣出股數(自行買賣)"":""42,400"",""自營商買賣超股數(自行買賣)"":""-11,324"",""自營商買進股數(避險)"":""133,222"",""自營商賣出股數(避險)"":""129,925"",""自營商買賣超股數(避險)"":""3,297"",""三大法人買賣超股數"":""748,007""}"
2026-10-07,TWSE,2543,皇昌            ,866511,124000,742511,0,0,0,0,0,0,"{""證券代號"":""2543"",""證券名稱"":""皇昌            "",""外陸資買進股數(不含外資自營商)"":""866,511"",""外陸資賣出股數(不含外資自營商)"":""124,000"",""外陸資買賣超股數(不含外資自營商)"":""742,511"",""外資自營商買進股數"":""0"",""外資自營商賣出股數"":""0"",""外資自營商買賣超股數"":""0"",""投信買進股數"":""0"",""投信賣出股數"":""0"",""投信買賣超股數"":""0"",""自營商買賣超股數"":""0"",""自營商買進股數(自行買賣)"":""0"",""自營商賣出股數(自行買賣)"":""0"",""自營商買賣超股數(自行買賣)"":""0"",""自營商買進股數(避險)"":""0"",""自營商賣出股數(避險)"":""0"",""自營商買賣超股數(避險)"":""0"",""三大法人買賣超股數"":""742,511""}"
2026-10-07,TWSE,3016,嘉晶            ,962822,262567,700255,0,0,0,20966,3357,17609,"{""證券代號"":""3016"",""證券名稱"":""嘉晶            "",""外陸資買進股數(不含外資自營商)"":""962,822"",""外陸資賣出股數(不含外資自營商)"":""262,567"",""外陸資買賣超股數(不含外資自營商)"":""700,255"",""外資自營商買進股數"":""0"",""外資自營商賣出股數"":""0"",""外資自營商買賣超股數"":""0"",""投信買進股數"":""0"",""投信賣出股數"":""0"",""投信買賣超股數"":""0"",""自營商買賣超股數"":""17,609"",""自營商買進股數(自行買賣)"":""10,000"",""自營商賣出股數(自行買賣)"":""10,000"",""自營商買賣超股數(自行買賣)"":""0"",""自營商買進股數(避險)"":""20,966"",""自營商賣出股數(避險)"":""3,357"",""自營商買賣超股數(避險)"":""17,609"",""三大法人買賣超股數"":""717,864""}"
2026-10-07,TWSE,3035,智原            ,1343028,678510,664518,0,0,0,84216,55141,51075,"{""證券代號"":""3035"",""證券名稱"":""智原            "",""外陸資買進股數(不含外資自營商)"":""1,343,028"",""外陸資賣出股數(不含外資自營商)"":""678,510"",""外陸資買賣超股數(不含外資自營商)"":""664,518"",""外資自營商買進股數"":""0"",""外資自營商賣出股數"":""0"",""外資自營商買賣超股數"":""0"",""投信買進股數"":""0"",""投信賣出股數"":""0"",""投信買賣超股數"":""0"",""自營商買賣超股數"":""51,075"",""自營商買進股數(自行買賣)"":""23,000"",""自營商賣出股數(自行買賣)"":""1,000"",""自營商買賣超股數(自行買賣)"":""22,000"",""自營商買進股數(避險)"":""84,216"",""自營商賣出股數(避險)"":""55,141"",""自營商買賣超股數(避險)"":""29,075"",""三大法人買賣超股數"":""715,593""}"
2026-10-07,TWSE,00993A,主動安聯台灣    ,661000,408000,253000,0,0,0,1596080,1142813,453267,"{""證券代號"":""00993A"",""證券名稱"":""主動安聯台灣    "",""外陸資買進股數(不含外資自營商)"":""661,000"",""外陸資賣出股數(不含外資自營商)"":""408,000"",""外陸資買賣超股數(不含外資自營商)"":""253,000"",""外資自營商買進股數"":""0"",""外資自營商賣出股數"":""0"",""外資自營商買賣超股數"":""0"",""投信買進股數"":""0"",""投信賣出股數"":""0"",""投信買賣超股數"":""0"",""自營商買賣超股數"":""453,267"",""自營商買進股數(自行買賣)"":""0"",""自營商賣出股數(自行買賣)"":""0"",""自營商買賣超股數(自行買賣)"":""0"",""自營商買進股數(避險)"":""1,596,080"",""自營商賣出股數(避險)"":""1,142,813"",""自營商買賣超股數(避險)"":""453,267"",""三大法人買賣超股數"":""706,267""}"
2026-10-07,TWSE,1513,中興電          ,1155395,587006,568389,37000,1248,35752,73232,43390,101842,"{""證券代號"":""1513"",""證券名稱"":""中興電          "",""外陸資買進股數(不含外資自營商)"":""1,155,395"",""外陸資賣出股數(不含外資自營商)"":""587,006"",""外陸資買賣超股數(不含外資自營商)"":""568,389"",""外資自營商買進股數"":""0"",""外資自營商賣出股數"":""0"",""外資自營商買賣超股數"":""0"",""投信買進股數"":""37,000"",""投信賣出股數"":""1,248"",""投信買賣超股數"":""35,752"",""自營商買賣超股數"":""101,842"",""自營商買進股數(自行買賣)"":""74,000"",""自營商賣出股數(自行買賣)"":""2,000"",""自營商買賣超股數(自行買賣)"":""72,000"",""自營商買進股數(避險)"":""73,232"",""自營商賣出股數(避險)"":""43,390"",""自營商買賣超股數(避險)"":""29,842"",""三大法人買賣超股數"":""705,983""}"
2026-10-07,TWSE,4919,新唐            ,7264867,7089200,175667,0,109,-109,405549,104234,530315,"{""證券代號"":""4919"",""證券名稱"":""新唐            "",""外陸資買進股數(不含外資自營商)"":""7,264,867"",""外陸資賣出股數(不含外資自營商)"":""7,089,200"",""外陸資買賣超股數(不含外資自營商)"":""175,667"",""外資自營商買進股數"":""0"",""外資自營商賣出股數"":""0"",""外資自營商買賣超股數"":""0"",""投信買進股數"":""0"",""投信賣出股數"":""109"",""投信買賣超股數"":""-109"",""自營商買賣超股數"":""530,315"",""自營商買進股數(自行買賣)"":""309,000"",""自營商賣出股數(自行買賣)"":""80,000"",""自營商買賣超股數(自行買賣)"":""229,000"",""自營商買進股數(避險)"":""405,549"",""自營商賣出股數(避險)"":""104,234"",""自營商買賣超股數(避險)"":""301,315"",""三大法人買賣超股數"":""705,873""}"
2026-10-07,TWSE,8213,志超            ,1269947,681597,588350,0,0,0,106750,44,109415,"{""證券代號"":""8213"",""證券名稱"":""志超            "",""外陸資買進股數(不含外資自營商)"":""1,269,947"",""外陸資賣出股數(不含外資自營商)"":""681,597"",""外陸資買賣超股數(不含外資自營商)"":""588,350"",""外資自營商買進股數"":""0"",""外資自營商賣出股數"":""0"",""外資自營商買賣超股數"":""0"",""投信買進股數"":""0"",""投信賣出股數"":""0"",""投信買賣超股數"":""0"",""自營商買賣超股數"":""109,415"",""自營商買進股數(自行買賣)"":""7,709"",""自營商賣出股數(自行買賣)"":""5,000"",""自營商買賣超股數(自行買賣)"":""2,709"",""自營商買進股數(避險)"":""106,750"",""自營商賣出股數(避險)"":""44"",""自營商買賣超股數(避險)"":""106,706"",""三大法人買賣超股數"":""697,765""}"
2026-10-07,TWSE,3717,聯嘉投控        ,2932365,2246395,685970,0,0,0,0,0,6000,"{""證券代號"":""3717"",""證券名稱"":""聯嘉投控        "",""外陸資買進股數(不含外資自營商)"":""2,932,365"",""外陸資賣出股數(不含外資自營商)"":""2,246,395"",""外陸資買賣超股數(不含外資自營商)"":""685,970"",""外資自營商買進股數"":""0"",""外資自營商賣出股數"":""0"",""外資自營商買賣超股數"":""0"",""投信買進股數"":""0"",""投信賣出股數"":""0"",""投信買賣超股數"":""0"",""自營商買賣超股數"":""6,000"",""自營商買進股數(自行買賣)"":""8,000"",""自營商賣出股數(自行買賣)"":""2,000"",""自營商買賣超股數(自行買賣)"":""6,000"",""自營商買進股數(避險)"":""0"",""自營商賣出股數(避險)"":""0"",""自營商買賣超股數(避險)"":""0"",""三大法人買賣超股數"":""691,970""}"
2026-10-07,TWSE,2889,國票金          ,1697744,873000,824744,0,0,0,0,0,-136000,"{""證券代號"":""2889"",""證券名稱"":""國票金          "",""外陸資買進股數(不含外資自營商)"":""1,697,744"",""外陸資賣出股數(不含外資自營商)"":""873,000"",""外陸資買賣超股數(不含外資自營商)"":""824,744"",""外資自營商買進股數"":""0"",""外資自營商賣出股數"":""0"",""外資自營商買賣超股數"":""0"",""投信買進股數"":""0"",""投信賣出股數"":""0"",""投信買賣超股數"":""0"",""自營商買賣超股數"":""-136,000"",""自營商買進股數(自行買賣)"":""0"",""自營商賣出股數(自行買賣)"":""136,000"",""自營商買賣超股數(自行買賣)"":""-136,000"",""自營商買進股數(避險)"":""0"",""自營商賣出股數(避險)"":""0"",""自營商買賣超股數(避險)"":""0"",""三大法人買賣超股數"":""688,744""}"
2026-10-07,TWSE,1905,華紙            ,1019595,295000,724595,0,0,0,20959,8000,-48041,"{""證券代號"":""1905"",""證券名稱"":""華紙            "",""外陸資買進股數(不含外資自營商)"":""1,019,595"",""外陸資賣出股數(不含外資自營商)"":""295,000"",""外陸資買賣超股數(不含外資自營商)"":""724,595"",""外資自營商買進股數"":""0"",""外資自營商賣出股數"":""0"",""外資自營商買賣超股數"":""0"",""投信買進股數"":""0"",""投信賣出股數"":""0"",""投信買賣超股數"":""0"",""自營商買賣超股數"":""-48,041"",""自營商買進股數(自行買賣)"":""4,000"",""自營商賣出股數(自行買賣)"":""65,000"",""自營商買賣超股數(自行買賣)"":""-61,000"",""自營商買進股數(避險)"":""20,959"",""自營商賣出股數(避險)"":""8,000"",""自營商買賣超股數(避險)"":""12,959"",""三大法人買賣超股數"":""676,554""}"
2026-10-07,TWSE,1904,正隆            ,1190821,493000,697821,0,0,0,25206,29996,-23790,"{""證券代號"":""1904"",""證券名稱"":""正隆            "",""外陸資買進股數(不含外資自營商)"":""1,190,821"",""外陸資賣出股數(不含外資自營商)"":""493,000"",""外陸資買賣超股數(不含外資自營商)"":""697,821"",""外資自營商買進股數"":""0"",""外資自營商賣出股數"":""0"",""外資自營商買賣超股數"":""0"",""投信買進股數"":""0"",""投信賣出股數"":""0"",""投信買賣超股數"":""0"",""自營商買賣超股數"":""-23,790"",""自營商買進股數(自行買賣)"":""19,000"",""自營商賣出股數(自行買賣)"":""38,000"",""自營商買賣超股數(自行買賣)"":""-19,000"",""自營商買進股數(避險)"":""25,206"",""自營商賣出股數(避險)"":""29,996"",""自營商買賣超股數(避險)"":""-4,790"",""三大法人買賣超股數"":""674,031""}"
2026-10-07,TWSE,2363,矽統            ,2516974,2176921,340053,0,0,0,405724,79800,327924,"{""證券代號"":""2363"",""證券名稱"":""矽統            "",""外陸資買進股數(不含外資自營商)"":""2,516,974"",""外陸資賣出股數(不含外資自營商)"":""2,176,921"",""外陸資買賣超股數(不含外資自營商)"":""340,053"",""外資自營商買進股數"":""0"",""外資自營商賣出股數"":""0"",""外資自營商買賣超股數"":""0"",""投信買進股數"":""0"",""投信賣出股數"":""0"",""投信買賣超股數"":""0"",""自營商買賣超股數"":""327,924"",""自營商買進股數(自行買賣)"":""3,000"",""自營商賣出股數(自行買賣)"":""1,000"",""自營商買賣超股數(自行買賣)"":""2,000"",""自營商買進股數(避險)"":""405,724"",""自營商賣出股數(避險)"":""79,800"",""自營商買賣超股數(避險)"":""325,924"",""三大法人買賣超股數"":""667,977""}"
2026-10-07,TWSE,2607,榮運            ,757006,102000,655006,0,0,0,4601,4000,4601,"{""證券代號"":""2607"",""證券名稱"":""榮運            "",""外陸資買進股數(不含外資自營商)"":""757,006"",""外陸資賣出股數(不含外資自營商)"":""102,000"",""外陸資買賣超股數(不含外資自營商)"":""655,006"",""外資自營商買進股數"":""0"",""外資自營商賣出股數"":""0"",""外資自營商買賣超股數"":""0"",""投信買進股數"":""0"",""投信賣出股數"":""0"",""投信買賣超股數"":""0"",""自營商買賣超股數"":""4,601"",""自營商買進股數(自行買賣)"":""10,000"",""自營商賣出股數(自行買賣)"":""6,000"",""自營商買賣超股數(自行買賣)"":""4,000"",""自營商買進股數(避險)"":""4,601"",""自營商賣出股數(避險)"":""4,000"",""自營商買賣超股數(避險)"":""601"",""三大法人買賣超股數"":""659,607""}"
2026-10-07,TWSE,00664R,國泰臺灣加權反1 ,0,0,0,0,0,0,2236000,1579052,656948,"{""證券代號"":""00664R"",""證券名稱"":""國泰臺灣加權反1 "",""外陸資買進股數(不含外資自營商)"":""0"",""外陸資賣出股數(不含外資自營商)"":""0"",""外陸資買賣超股數(不含外資自營商)"":""0"",""外資自營商買進股數"":""0"",""外資自營商賣出股數"":""0"",""外資自營商買賣超股數"":""0"",""投信買進股數"":""0"",""投信賣出股數"":""0"",""投信買賣超股數"":""0"",""自營商買賣超股數"":""656,948"",""自營商買進股數(自行買賣)"":""0"",""自營商賣出股數(自行買賣)"":""0"",""自營商買賣超股數(自行買賣)"":""0"",""自營商買進股數(避險)"":""2,236,000"",""自營商賣出股數(避險)"":""1,579,052"",""自營商買賣超股數(避險)"":""656,948"",""三大法人買賣超股數"":""656,948""}"
2026-10-07,TWSE,1444,力麗            ,1242250,587000,655250,0,0,0,815,0,815,"{""證券代號"":""1444"",""證券名稱"":""力麗            "",""外陸資買進股數(不含外資自營商)"":""1,242,250"",""外陸資賣出股數(不含外資自營商)"":""587,000"",""外陸資買賣超股數(不含外資自營商)"":""655,250"",""外資自營商買進股數"":""0"",""外資自營商賣出股數"":""0"",""外資自營商買賣超股數"":""0"",""投信買進股數"":""0"",""投信賣出股數"":""0"",""投信買賣超股數"":""0"",""自營商買賣超股數"":""815"",""自營商買進股數(自行買賣)"":""0"",""自營商賣出股數(自行買賣)"":""0"",""自營商買賣超股數(自行買賣)"":""0"",""自營商買進股數(避險)"":""815"",""自營商賣出股數(避險)"":""0"",""自營商買賣超股數(避險)"":""815"",""三大法人買賣超股數"":""656,065""}"
2026-10-07,TWSE,009824,群益美國科技巨頭,0,16000,-16000,0,0,0,798000,141038,656962,"{""證券代號"":""009824"",""證券名稱"":""群益美國科技巨頭"",""外陸資買進股數(不含外資自營商)"":""0"",""外陸資賣出股數(不含外資自營商)"":""16,000"",""外陸資買賣超股數(不含外資自營商)"":""-16,000"",""外資自營商買進股數"":""0"",""外資自營商賣出股數"":""0"",""外資自營商買賣超股數"":""0"",""投信買進股數"":""0"",""投信賣出股數"":""0"",""投信買賣超股數"":""0"",""自營商買賣超股數"":""656,962"",""自營商買進股數(自行買賣)"":""0"",""自營商賣出股數(自行買賣)"":""0"",""自營商買賣超股數(自行買賣)"":""0"",""自營商買進股數(避險)"":""798,000"",""自營商賣出股數(避險)"":""141,038"",""自營商買賣超股數(避險)"":""656,962"",""三大法人買賣超股數"":""640,962""}"
2026-10-07,TWSE,2360,致茂            ,3347723,2558299,789424,278000,257778,20222,90568,159612,-173124,"{""證券代號"":""2360"",""證券名稱"":""致茂            "",""外陸資買進股數(不含外資自營商)"":""3,347,723"",""外陸資賣出股數(不含外資自營商)"":""2,558,299"",""外陸資買賣超股數(不含外資自營商)"":""789,424"",""外資自營商買進股數"":""0"",""外資自營商賣出股數"":""0"",""外資自營商買賣超股數"":""0"",""投信買進股數"":""278,000"",""投信賣出股數"":""257,778"",""投信買賣超股數"":""20,222"",""自營商買賣超股數"":""-173,124"",""自營商買進股數(自行買賣)"":""16,120"",""自營商賣出股數(自行買賣)"":""120,200"",""自營商買賣超股數(自行買賣)"":""-104,080"",""自營商買進股數(避險)"":""90,568"",""自營商賣出股數(避險)"":""159,612"",""自營商買賣超股數(避險)"":""-69,044"",""三大法人買賣超股數"":""636,522""}"
2026-10-07,TWSE,3030,德律            ,1113927,553494,560433,1000,1000,0,134763,72533,73275,"{""證券代號"":""3030"",""證券名稱"":""德律            "",""外陸資買進股數(不含外資自營商)"":""1,113,927"",""外陸資賣出股數(不含外資自營商)"":""553,494"",""外陸資買賣超股數(不含外資自營商)"":""560,433"",""外資自營商買進股數"":""0"",""外資自營商賣出股數"":""0"",""外資自營商買賣超股數"":""0"",""投信買進股數"":""1,000"",""投信賣出股數"":""1,000"",""投信買賣超股數"":""0"",""自營商買賣超股數"":""73,275"",""自營商買進股數(自行買賣)"":""11,045"",""自營商賣出股數(自行買賣)"":""0"",""自營商買賣超股數(自行買賣)"":""11,045"",""自營商買進股數(避險)"":""134,763"",""自營商賣出股數(避險)"":""72,533"",""自營商買賣超股數(避險)"":""62,230"",""三大法人買賣超股數"":""633,708""}"
2026-10-07,TWSE,9919,康那香          ,669000,40000,629000,0,0,0,0,0,0,"{""證券代號"":""9919"",""證券名稱"":""康那香          "",""外陸資買進股數(不含外資自營商)"":""669,000"",""外陸資賣出股數(不含外資自營商)"":""40,000"",""外陸資買賣超股數(不含外資自營商)"":""629,000"",""外資自營商買進股數"":""0"",""外資自營商賣出股數"":""0"",""外資自營商買賣超股數"":""0"",""投信買進股數"":""0"",""投信賣出股數"":""0"",""投信買賣超股數"":""0"",""自營商買賣超股數"":""0"",""自營商買進股數(自行買賣)"":""0"",""自營商賣出股數(自行買賣)"":""0"",""自營商買賣超股數(自行買賣)"":""0"",""自營商買進股數(避險)"":""0"",""自營商賣出股數(避險)"":""0"",""自營商買賣超股數(避險)"":""0"",""三大法人買賣超股數"":""629,000""}"
2026-10-07,TWSE,8926,台汽電          ,1414800,830172,584628,0,36000,-36000,79301,0,79301,"{""證券代號"":""8926"",""證券名稱"":""台汽電          "",""外陸資買進股數(不含外資自營商)"":""1,414,800"",""外陸資賣出股數(不含外資自營商)"":""830,172"",""外陸資買賣超股數(不含外資自營商)"":""584,628"",""外資自營商買進股數"":""0"",""外資自營商賣出股數"":""0"",""外資自營商買賣超股數"":""0"",""投信買進股數"":""0"",""投信賣出股數"":""36,000"",""投信買賣超股數"":""-36,000"",""自營商買賣超股數"":""79,301"",""自營商買進股數(自行買賣)"":""0"",""自營商賣出股數(自行買賣)"":""0"",""自營商買賣超股數(自行買賣)"":""0"",""自營商買進股數(避險)"":""79,301"",""自營商賣出股數(避險)"":""0"",""自營商買賣超股數(避險)"":""79,301"",""三大法人買賣超股數"":""627,929""}"
2026-10-07,TWSE,6133,金橋            ,1336584,708604,627980,0,0,0,0,0,-4000,"{""證券代號"":""6133"",""證券名稱"":""金橋            "",""外陸資買進股數(不含外資自營商)"":""1,336,584"",""外陸資賣出股數(不含外資自營商)"":""708,604"",""外陸資買賣超股數(不含外資自營商)"":""627,980"",""外資自營商買進股數"":""0"",""外資自營商賣出股數"":""0"",""外資自營商買賣超股數"":""0"",""投信買進股數"":""0"",""投信賣出股數"":""0"",""投信買賣超股數"":""0"",""自營商買賣超股數"":""-4,000"",""自營商買進股數(自行買賣)"":""0"",""自營商賣出股數(自行買賣)"":""4,000"",""自營商買賣超股數(自行買賣)"":""-4,000"",""自營商買進股數(避險)"":""0"",""自營商賣出股數(避險)"":""0"",""自營商買賣超股數(避險)"":""0"",""三大法人買賣超股數"":""623,980""}"
2026-10-07,TWSE,3045,台灣大          ,3123838,2721636,402202,266000,131027,134973,90586,0,82053,"{""證券代號"":""3045"",""證券名稱"":""台灣大          "",""外陸資買進股數(不含外資自營商)"":""3,123,838"",""外陸資賣出股數(不含外資自營商)"":""2,721,636"",""外陸資買賣超股數(不含外資自營商)"":""402,202"",""外資自營商買進股數"":""0"",""外資自營商賣出股數"":""0"",""外資自營商買賣超股數"":""0"",""投信買進股數"":""266,000"",""投信賣出股數"":""131,027"",""投信買賣超股數"":""134,973"",""自營商買賣超股數"":""82,053"",""自營商買進股數(自行買賣)"":""0"",""自營商賣出股數(自行買賣)"":""8,533"",""自營商買賣超股數(自行買賣)"":""-8,533"",""自營商買進股數(避險)"":""90,586"",""自營商賣出股數(避險)"":""0"",""自營商買賣超股數(避險)"":""90,586"",""三大法人買賣超股數"":""619,228""}"
2026-10-07,TWSE,8103,瀚荃            ,1031381,418000,613381,0,0,0,18555,22830,-3880,"{""證券代號"":""8103"",""證券名稱"":""瀚荃            "",""外陸資買進股數(不含外資自營商)"":""1,031,381"",""外陸資賣出股數(不含外資自營商)"":""418,000"",""外陸資買賣超股數(不含外資自營商)"":""613,381"",""外資自營商買進股數"":""0"",""外資自營商賣出股數"":""0"",""外資自營商買賣超股數"":""0"",""投信買進股數"":""0"",""投信賣出股數"":""0"",""投信買賣超股數"":""0"",""自營商買賣超股數"":""-3,880"",""自營商買進股數(自行買賣)"":""395"",""自營商賣出股數(自行買賣)"":""0"",""自營商買賣超股數(自行買賣)"":""395"",""自營商買進股數(避險)"":""18,555"",""自營商賣出股數(避險)"":""22,830"",""自營商買賣超股數(避險)"":""-4,275"",""三大法人買賣超股數"":""609,501""}"
2026-10-07,TWSE,1476,儒鴻            ,2033007,1460784,572223,19000,11000,8000,15000,3000,24316,"{""證券代號"":""1476"",""證券名稱"":""儒鴻            "",""外陸資買進股數(不含外資自營商)"":""2,033,007"",""外陸資賣出股數(不含外資自營商)"":""1,460,784"",""外陸資買賣超股數(不含外資自營商)"":""572,223"",""外資自營商買進股數"":""0"",""外資自營商賣出股數"":""0"",""外資自營商買賣超股數"":""0"",""投信買進股數"":""19,000"",""投信賣出股數"":""11,000"",""投信買賣超股數"":""8,000"",""自營商買賣超股數"":""24,316"",""自營商買進股數(自行買賣)"":""18,000"",""自營商賣出股數(自行買賣)"":""5,684"",""自營商買賣超股數(自行買賣)"":""12,316"",""自營商買進股數(避險)"":""15,000"",""自營商賣出股數(避險)"":""3,000"",""自營商買賣超股數(避險)"":""12,000"",""三大法人買賣超股數"":""604,539""}"
2026-10-07,TWSE,4934,太極            ,703240,101000,602240,0,0,0,0,0,0,"{""證券代號"":""4934"",""證券名稱"":""太極            "",""外陸資買進股數(不含外資自營商)"":""703,240"",""外陸資賣出股數(不含外資自營商)"":""101,000"",""外陸資買賣超股數(不含外資自營商)"":""602,240"",""外資自營商買進股數"":""0"",""外資自營商賣出股數"":""0"",""外資自營商買賣超股數"":""0"",""投信買進股數"":""0"",""投信賣出股數"":""0"",""投信買賣超股數"":""0"",""自營商買賣超股數"":""0"",""自營商買進股數(自行買賣)"":""0"",""自營商賣出股數(自行買賣)"":""0"",""自營商買賣超股數(自行買賣)"":""0"",""自營商買進股數(避險)"":""0"",""自營商賣出股數(避險)"":""0"",""自營商買賣超股數(避險)"":""0"",""三大法人買賣超股數"":""602,240""}"
2026-10-07,TWSE,3673,TPK-KY          ,2659251,1968652,690599,0,0,0,38415,110054,-88639,"{""證券代號"":""3673"",""證券名稱"":""TPK-KY          "",""外陸資買進股數(不含外資自營商)"":""2,659,251"",""外陸資賣出股數(不含外資自營商)"":""1,968,652"",""外陸資買賣超股數(不含外資自營商)"":""690,599"",""外資自營商買進股數"":""0"",""外資自營商賣出股數"":""0"",""外資自營商買賣超股數"":""0"",""投信買進股數"":""0"",""投信賣出股數"":""0"",""投信買賣超股數"":""0"",""自營商買賣超股數"":""-88,639"",""自營商買進股數(自行買賣)"":""100,000"",""自營商賣出股數(自行買賣)"":""117,000"",""自營商買賣超股數(自行買賣)"":""-17,000"",""自營商買進股數(避險)"":""38,415"",""自營商賣出股數(避險)"":""110,054"",""自營商買賣超股數(避險)"":""-71,639"",""三大法人買賣超股數"":""601,960""}"
2026-10-07,TWSE,00984D,主動聯博全球非投,2434000,0,2434000,0,0,0,1366000,3204000,-1838000,"{""證券代號"":""00984D"",""證券名稱"":""主動聯博全球非投"",""外陸資買進股數(不含外資自營商)"":""2,434,000"",""外陸資賣出股數(不含外資自營商)"":""0"",""外陸資買賣超股數(不含外資自營商)"":""2,434,000"",""外資自營商買進股數"":""0"",""外資自營商賣出股數"":""0"",""外資自營商買賣超股數"":""0"",""投信買進股數"":""0"",""投信賣出股數"":""0"",""投信買賣超股數"":""0"",""自營商買賣超股數"":""-1,838,000"",""自營商買進股數(自行買賣)"":""0"",""自營商賣出股數(自行買賣)"":""0"",""自營商買賣超股數(自行買賣)"":""0"",""自營商買進股數(避險)"":""1,366,000"",""自營商賣出股數(避險)"":""3,204,000"",""自營商買賣超股數(避險)"":""-1,838,000"",""三大法人買賣超股數"":""596,000""}"
2026-10-07,TWSE,4949,有成精密        ,947200,356000,591200,0,0,0,0,0,0,"{""證券代號"":""4949"",""證券名稱"":""有成精密        "",""外陸資買進股數(不含外資自營商)"":""947,200"",""外陸資賣出股數(不含外資自營商)"":""356,000"",""外陸資買賣超股數(不含外資自營商)"":""591,200"",""外資自營商買進股數"":""0"",""外資自營商賣出股數"":""0"",""外資自營商買賣超股數"":""0"",""投信買進股數"":""0"",""投信賣出股數"":""0"",""投信買賣超股數"":""0"",""自營商買賣超股數"":""0"",""自營商買進股數(自行買賣)"":""0"",""自營商賣出股數(自行買賣)"":""0"",""自營商買賣超股數(自行買賣)"":""0"",""自營商買進股數(避險)"":""0"",""自營商賣出股數(避險)"":""0"",""自營商買賣超股數(避險)"":""0"",""三大法人買賣超股數"":""591,200""}"
2026-10-07,TWSE,2108,南帝            ,725102,142528,582574,0,1000,-1000,3329,400,5401,"{""證券代號"":""2108"",""證券名稱"":""南帝            "",""外陸資買進股數(不含外資自營商)"":""725,102"",""外陸資賣出股數(不含外資自營商)"":""142,528"",""外陸資買賣超股數(不含外資自營商)"":""582,574"",""外資自營商買進股數"":""0"",""外資自營商賣出股數"":""0"",""外資自營商買賣超股數"":""0"",""投信買進股數"":""0"",""投信賣出股數"":""1,000"",""投信買賣超股數"":""-1,000"",""自營商買賣超股數"":""5,401"",""自營商買進股數(自行買賣)"":""5,472"",""自營商賣出股數(自行買賣)"":""3,000"",""自營商買賣超股數(自行買賣)"":""2,472"",""自營商買進股數(避險)"":""3,329"",""自營商賣出股數(避險)"":""400"",""自營商買賣超股數(避險)"":""2,929"",""三大法人買賣超股數"":""586,975""}"
2026-10-07,TWSE,3055,蔚華科          ,511000,18000,493000,0,0,0,42000,0,49000,"{""證券代號"":""3055"",""證券名稱"":""蔚華科          "",""外陸資買進股數(不含外資自營商)"":""511,000"",""外陸資賣出股數(不含外資自營商)"":""18,000"",""外陸資買賣超股數(不含外資自營商)"":""493,000"",""外資自營商買進股數"":""0"",""外資自營商賣出股數"":""0"",""外資自營商買賣超股數"":""0"",""投信買進股數"":""0"",""投信賣出股數"":""0"",""投信買賣超股數"":""0"",""自營商買賣超股數"":""49,000"",""自營商買進股數(自行買賣)"":""7,000"",""自營商賣出股數(自行買賣)"":""0"",""自營商買賣超股數(自行買賣)"":""7,000"",""自營商買進股數(避險)"":""42,000"",""自營商賣出股數(避險)"":""0"",""自營商買賣超股數(避險)"":""42,000"",""三大法人買賣超股數"":""542,000""}"
2026-10-07,TWSE,1722,台肥            ,975796,444002,531794,0,3000,-3000,6983,842,8141,"{""證券代號"":""1722"",""證券名稱"":""台肥            "",""外陸資買進股數(不含外資自營商)"":""975,796"",""外陸資賣出股數(不含外資自營商)"":""444,002"",""外陸資買賣超股數(不含外資自營商)"":""531,794"",""外資自營商買進股數"":""0"",""外資自營商賣出股數"":""0"",""外資自營商買賣超股數"":""0"",""投信買進股數"":""0"",""投信賣出股數"":""3,000"",""投信買賣超股數"":""-3,000"",""自營商買賣超股數"":""8,141"",""自營商買進股數(自行買賣)"":""2,000"",""自營商賣出股數(自行買賣)"":""0"",""自營商買賣超股數(自行買賣)"":""2,000"",""自營商買進股數(避險)"":""6,983"",""自營商賣出股數(避險)"":""842"",""自營商買賣超股數(避險)"":""6,141"",""三大法人買賣超股數"":""536,935""}"
2026-10-07,TWSE,6191,精成科          ,879365,390000,489365,20000,0,20000,25794,11291,14508,"{""證券代號"":""6191"",""證券名稱"":""精成科          "",""外陸資買進股數(不含外資自營商)"":""879,365"",""外陸資賣出股數(不含外資自營商)"":""390,000"",""外陸資買賣超股數(不含外資自營商)"":""489,365"",""外資自營商買進股數"":""0"",""外資自營商賣出股數"":""0"",""外資自營商買賣超股數"":""0"",""投信買進股數"":""20,000"",""投信賣出股數"":""0"",""投信買賣超股數"":""20,000"",""自營商買賣超股數"":""14,508"",""自營商買進股數(自行買賣)"":""5,000"",""自營商賣出股數(自行買賣)"":""4,995"",""自營商買賣超股數(自行買賣)"":""5"",""自營商買進股數(避險)"":""25,794"",""自營商賣出股數(避險)"":""11,291"",""自營商買賣超股數(避險)"":""14,503"",""三大法人買賣超股數"":""523,873""}"
2026-10-07,TWSE,1229,聯華            ,744367,226000,518367,0,6000,-6000,11000,0,11000,"{""證券代號"":""1229"",""證券名稱"":""聯華            "",""外陸資買進股數(不含外資自營商)"":""744,367"",""外陸資賣出股數(不含外資自營商)"":""226,000"",""外陸資買賣超股數(不含外資自營商)"":""518,367"",""外資自營商買進股數"":""0"",""外資自營商賣出股數"":""0"",""外資自營商買賣超股數"":""0"",""投信買進股數"":""0"",""投信賣出股數"":""6,000"",""投信買賣超股數"":""-6,000"",""自營商買賣超股數"":""11,000"",""自營商買進股數(自行買賣)"":""0"",""自營商賣出股數(自行買賣)"":""0"",""自營商買賣超股數(自行買賣)"":""0"",""自營商買進股數(避險)"":""11,000"",""自營商賣出股數(避險)"":""0"",""自營商買賣超股數(避險)"":""11,000"",""三大法人買賣超股數"":""523,367""}"
2026-10-07,TWSE,2353,宏碁            ,2862024,2305010,557014,128000,163000,-35000,136616,115000,-2231,"{""證券代號"":""2353"",""證券名稱"":""宏碁            "",""外陸資買進股數(不含外資自營商)"":""2,862,024"",""外陸資賣出股數(不含外資自營商)"":""2,305,010"",""外陸資買賣超股數(不含外資自營商)"":""557,014"",""外資自營商買進股數"":""0"",""外資自營商賣出股數"":""0"",""外資自營商買賣超股數"":""0"",""投信買進股數"":""128,000"",""投信賣出股數"":""163,000"",""投信買賣超股數"":""-35,000"",""自營商買賣超股數"":""-2,231"",""自營商買進股數(自行買賣)"":""2,000"",""自營商賣出股數(自行買賣)"":""25,847"",""自營商買賣超股數(自行買賣)"":""-23,847"",""自營商買進股數(避險)"":""136,616"",""自營商賣出股數(避險)"":""115,000"",""自營商買賣超股數(避險)"":""21,616"",""三大法人買賣超股數"":""519,783""}"
2026-10-07,TWSE,8046,南電            ,3649663,3148143,501520,142000,28303,113697,71812,149932,-103822,"{""證券代號"":""8046"",""證券名稱"":""南電            "",""外陸資買進股數(不含外資自營商)"":""3,649,663"",""外陸資賣出股數(不含外資自營商)"":""3,148,143"",""外陸資買賣超股數(不含外資自營商)"":""501,520"",""外資自營商買進股數"":""0"",""外資自營商賣出股數"":""0"",""外資自營商買賣超股數"":""0"",""投信買進股數"":""142,000"",""投信賣出股數"":""28,303"",""投信買賣超股數"":""113,697"",""自營商買賣超股數"":""-103,822"",""自營商買進股數(自行買賣)"":""115,598"",""自營商賣出股數(自行買賣)"":""141,300"",""自營商買賣超股數(自行買賣)"":""-25,702"",""自營商買進股數(避險)"":""71,812"",""自營商賣出股數(避險)"":""149,932"",""自營商買賣超股數(避險)"":""-78,120"",""三大法人買賣超股數"":""511,395""}"
2026-10-07,TWSE,8422,可寧衛*         ,1777461,1113030,664431,0,0,0,2432,4000,-158568,"{""證券代號"":""8422"",""證券名稱"":""可寧衛*         "",""外陸資買進股數(不含外資自營商)"":""1,777,461"",""外陸資賣出股數(不含外資自營商)"":""1,113,030"",""外陸資買賣超股數(不含外資自營商)"":""664,431"",""外資自營商買進股數"":""0"",""外資自營商賣出股數"":""0"",""外資自營商買賣超股數"":""0"",""投信買進股數"":""0"",""投信賣出股數"":""0"",""投信買賣超股數"":""0"",""自營商買賣超股數"":""-158,568"",""自營商買進股數(自行買賣)"":""31,000"",""自營商賣出股數(自行買賣)"":""188,000"",""自營商買賣超股數(自行買賣)"":""-157,000"",""自營商買進股數(避險)"":""2,432"",""自營商賣出股數(避險)"":""4,000"",""自營商買賣超股數(避險)"":""-1,568"",""三大法人買賣超股數"":""505,863""}"
2026-10-07,TWSE,5285,界霖            ,3751023,3199298,551725,0,0,0,5004,63218,-57190,"{""證券代號"":""5285"",""證券名稱"":""界霖            "",""外陸資買進股數(不含外資自營商)"":""3,751,023"",""外陸資賣出股數(不含外資自營商)"":""3,199,298"",""外陸資買賣超股數(不含外資自營商)"":""551,725"",""外資自營商買進股數"":""0"",""外資自營商賣出股數"":""0"",""外資自營商買賣超股數"":""0"",""投信買進股數"":""0"",""投信賣出股數"":""0"",""投信買賣超股數"":""0"",""自營商買賣超股數"":""-57,190"",""自營商買進股數(自行買賣)"":""47,024"",""自營商賣出股數(自行買賣)"":""46,000"",""自營商買賣超股數(自行買賣)"":""1,024"",""自營商買進股數(避險)"":""5,004"",""自營商賣出股數(避險)"":""63,218"",""自營商買賣超股數(避險)"":""-58,214"",""三大法人買賣超股數"":""494,535""}"
2026-10-07,TWSE,9921,巨大            ,978000,490000,488000,0,0,0,1817,0,3801,"{""證券代號"":""9921"",""證券名稱"":""巨大            "",""外陸資買進股數(不含外資自營商)"":""978,000"",""外陸資賣出股數(不含外資自營商)"":""490,000"",""外陸資買賣超股數(不含外資自營商)"":""488,000"",""外資自營商買進股數"":""0"",""外資自營商賣出股數"":""0"",""外資自營商買賣超股數"":""0"",""投信買進股數"":""0"",""投信賣出股數"":""0"",""投信買賣超股數"":""0"",""自營商買賣超股數"":""3,801"",""自營商買進股數(自行買賣)"":""7,000"",""自營商賣出股數(自行買賣)"":""5,016"",""自營商買賣超股數(自行買賣)"":""1,984"",""自營商買進股數(避險)"":""1,817"",""自營商賣出股數(避險)"":""0"",""自營商買賣超股數(避險)"":""1,817"",""三大法人買賣超股數"":""491,801""}"
2026-10-07,TWSE,8070,長華*           ,1058000,571000,487000,0,3372,-3372,2659,4235,4424,"{""證券代號"":""8070"",""證券名稱"":""長華*           "",""外陸資買進股數(不含外資自營商)"":""1,058,000"",""外陸資賣出股數(不含外資自營商)"":""571,000"",""外陸資買賣超股數(不含外資自營商)"":""487,000"",""外資自營商買進股數"":""0"",""外資自營商賣出股數"":""0"",""外資自營商買賣超股數"":""0"",""投信買進股數"":""0"",""投信賣出股數"":""3,372"",""投信買賣超股數"":""-3,372"",""自營商買賣超股數"":""4,424"",""自營商買進股數(自行買賣)"":""6,000"",""自營商賣出股數(自行買賣)"":""0"",""自營商買賣超股數(自行買賣)"":""6,000"",""自營商買進股數(避險)"":""2,659"",""自營商賣出股數(避險)"":""4,235"",""自營商買賣超股數(避險)"":""-1,576"",""三大法人買賣超股數"":""488,052""}"
2026-10-07,TWSE,7780,大研生醫*       ,544340,58000,486340,0,0,0,0,34,-34,"{""證券代號"":""7780"",""證券名稱"":""大研生醫*       "",""外陸資買進股數(不含外資自營商)"":""544,340"",""外陸資賣出股數(不含外資自營商)"":""58,000"",""外陸資買賣超股數(不含外資自營商)"":""486,340"",""外資自營商買進股數"":""0"",""外資自營商賣出股數"":""0"",""外資自營商買賣超股數"":""0"",""投信買進股數"":""0"",""投信賣出股數"":""0"",""投信買賣超股數"":""0"",""自營商買賣超股數"":""-34"",""自營商買進股數(自行買賣)"":""0"",""自營商賣出股數(自行買賣)"":""0"",""自營商買賣超股數(自行買賣)"":""0"",""自營商買進股數(避險)"":""0"",""自營商賣出股數(避險)"":""34"",""自營商買賣超股數(避險)"":""-34"",""三大法人買賣超股數"":""486,306""}"
2026-10-07,TWSE,1717,長興            ,3876802,1791936,2084866,0,1500000,-1500000,2000,96886,-104886,"{""證券代號"":""1717"",""證券名稱"":""長興            "",""外陸資買進股數(不含外資自營商)"":""3,876,802"",""外陸資賣出股數(不含外資自營商)"":""1,791,936"",""外陸資買賣超股數(不含外資自營商)"":""2,084,866"",""外資自營商買進股數"":""0"",""外資自營商賣出股數"":""0"",""外資自營商買賣超股數"":""0"",""投信買進股數"":""0"",""投信賣出股數"":""1,500,000"",""投信買賣超股數"":""-1,500,000"",""自營商買賣超股數"":""-104,886"",""自營商買進股數(自行買賣)"":""66,000"",""自營商賣出股數(自行買賣)"":""76,000"",""自營商買賣超股數(自行買賣)"":""-10,000"",""自營商買進股數(避險)"":""2,000"",""自營商賣出股數(避險)"":""96,886"",""自營商買賣超股數(避險)"":""-94,886"",""三大法人買賣超股數"":""479,980""}"
2026-10-07,TWSE,9914,美利達          ,818000,352000,466000,0,0,0,4167,173,5994,"{""證券代號"":""9914"",""證券名稱"":""美利達          "",""外陸資買進股數(不含外資自營商)"":""818,000"",""外陸資賣出股數(不含外資自營商)"":""352,000"",""外陸資買賣超股數(不含外資自營商)"":""466,000"",""外資自營商買進股數"":""0"",""外資自營商賣出股數"":""0"",""外資自營商買賣超股數"":""0"",""投信買進股數"":""0"",""投信賣出股數"":""0"",""投信買賣超股數"":""0"",""自營商買賣超股數"":""5,994"",""自營商買進股數(自行買賣)"":""4,000"",""自營商賣出股數(自行買賣)"":""2,000"",""自營商買賣超股數(自行買賣)"":""2,000"",""自營商買進股數(避險)"":""4,167"",""自營商賣出股數(避險)"":""173"",""自營商買賣超股數(避險)"":""3,994"",""三大法人買賣超股數"":""471,994""}"
2026-10-07,TWSE,2009,第一銅          ,584202,128000,456202,0,0,0,3194,2048,9146,"{""證券代號"":""2009"",""證券名稱"":""第一銅          "",""外陸資買進股數(不含外資自營商)"":""584,202"",""外陸資賣出股數(不含外資自營商)"":""128,000"",""外陸資買賣超股數(不含外資自營商)"":""456,202"",""外資自營商買進股數"":""0"",""外資自營商賣出股數"":""0"",""外資自營商買賣超股數"":""0"",""投信買進股數"":""0"",""投信賣出股數"":""0"",""投信買賣超股數"":""0"",""自營商買賣超股數"":""9,146"",""自營商買進股數(自行買賣)"":""8,000"",""自營商賣出股數(自行買賣)"":""0"",""自營商買賣超股數(自行買賣)"":""8,000"",""自營商買進股數(避險)"":""3,194"",""自營商賣出股數(避險)"":""2,048"",""自營商買賣超股數(避險)"":""1,146"",""三大法人買賣超股數"":""465,348""}"
2026-10-07,TWSE,1612,宏泰            ,538065,74112,463953,0,5563,-5563,0,0,2638,"{""證券代號"":""1612"",""證券名稱"":""宏泰            "",""外陸資買進股數(不含外資自營商)"":""538,065"",""外陸資賣出股數(不含外資自營商)"":""74,112"",""外陸資買賣超股數(不含外資自營商)"":""463,953"",""外資自營商買進股數"":""0"",""外資自營商賣出股數"":""0"",""外資自營商買賣超股數"":""0"",""投信買進股數"":""0"",""投信賣出股數"":""5,563"",""投信買賣超股數"":""-5,563"",""自營商買賣超股數"":""2,638"",""自營商買進股數(自行買賣)"":""2,638"",""自營商賣出股數(自行買賣)"":""0"",""自營商買賣超股數(自行買賣)"":""2,638"",""自營商買進股數(避險)"":""0"",""自營商賣出股數(避險)"":""0"",""自營商買賣超股數(避險)"":""0"",""三大法人買賣超股數"":""461,028""}"
2026-10-07,TWSE,2467,志聖            ,1072295,707171,365124,90000,0,90000,24296,20570,3726,"{""證券代號"":""2467"",""證券名稱"":""志聖            "",""外陸資買進股數(不含外資自營商)"":""1,072,295"",""外陸資賣出股數(不含外資自營商)"":""707,171"",""外陸資買賣超股數(不含外資自營商)"":""365,124"",""外資自營商買進股數"":""0"",""外資自營商賣出股數"":""0"",""外資自營商買賣超股數"":""0"",""投信買進股數"":""90,000"",""投信賣出股數"":""0"",""投信買賣超股數"":""90,000"",""自營商買賣超股數"":""3,726"",""自營商買進股數(自行買賣)"":""0"",""自營商賣出股數(自行買賣)"":""0"",""自營商買賣超股數(自行買賣)"":""0"",""自營商買進股數(避險)"":""24,296"",""自營商賣出股數(避險)"":""20,570"",""自營商買賣超股數(避險)"":""3,726"",""三大法人買賣超股數"":""458,850""}"
2026-10-07,TWSE,2618,長榮航          ,3827487,3478079,349408,433000,485582,-52582,163040,10000,153040,"{""證券代號"":""2618"",""證券名稱"":""長榮航          "",""外陸資買進股數(不含外資自營商)"":""3,827,487"",""外陸資賣出股數(不含外資自營商)"":""3,478,079"",""外陸資買賣超股數(不含外資自營商)"":""349,408"",""外資自營商買進股數"":""0"",""外資自營商賣出股數"":""0"",""外資自營商買賣超股數"":""0"",""投信買進股數"":""433,000"",""投信賣出股數"":""485,582"",""投信買賣超股數"":""-52,582"",""自營商買賣超股數"":""153,040"",""自營商買進股數(自行買賣)"":""0"",""自營商賣出股數(自行買賣)"":""0"",""自營商買賣超股數(自行買賣)"":""0"",""自營商買進股數(避險)"":""163,040"",""自營商賣出股數(避險)"":""10,000"",""自營商買賣超股數(避險)"":""153,040"",""三大法人買賣超股數"":""449,866""}"
2026-10-07,TWSE,5244,弘凱            ,794000,356000,438000,0,0,0,0,0,0,"{""證券代號"":""5244"",""證券名稱"":""弘凱            "",""外陸資買進股數(不含外資自營商)"":""794,000"",""外陸資賣出股數(不含外資自營商)"":""356,000"",""外陸資買賣超股數(不含外資自營商)"":""438,000"",""外資自營商買進股數"":""0"",""外資自營商賣出股數"":""0"",""外資自營商買賣超股數"":""0"",""投信買進股數"":""0"",""投信賣出股數"":""0"",""投信買賣超股數"":""0"",""自營商買賣超股數"":""0"",""自營商買進股數(自行買賣)"":""0"",""自營商賣出股數(自行買賣)"":""0"",""自營商買賣超股數(自行買賣)"":""0"",""自營商買進股數(避險)"":""0"",""自營商賣出股數(避險)"":""0"",""自營商買賣超股數(避險)"":""0"",""三大法人買賣超股數"":""438,000""}"
2026-10-07,TWSE,2383,台光電          ,1282416,893895,388521,46000,7396,38604,128991,133088,7770,"{""證券代號"":""2383"",""證券名稱"":""台光電          "",""外陸資買進股數(不含外資自營商)"":""1,282,416"",""外陸資賣出股數(不含外資自營商)"":""893,895"",""外陸資買賣超股數(不含外資自營商)"":""388,521"",""外資自營商買進股數"":""0"",""外資自營商賣出股數"":""0"",""外資自營商買賣超股數"":""0"",""投信買進股數"":""46,000"",""投信賣出股數"":""7,396"",""投信買賣超股數"":""38,604"",""自營商買賣超股數"":""7,770"",""自營商買進股數(自行買賣)"":""77,991"",""自營商賣出股數(自行買賣)"":""66,124"",""自營商買賣超股數(自行買賣)"":""11,867"",""自營商買進股數(避險)"":""128,991"",""自營商賣出股數(避險)"":""133,088"",""自營商買賣超股數(避險)"":""-4,097"",""三大法人買賣超股數"":""434,895""}"
2026-10-07,TWSE,2609,陽明            ,6929728,6402542,527186,30000,55000,-25000,7000,93557,-72557,"{""證券代號"":""2609"",""證券名稱"":""陽明            "",""外陸資買進股數(不含外資自營商)"":""6,929,728"",""外陸資賣出股數(不含外資自營商)"":""6,402,542"",""外陸資買賣超股數(不含外資自營商)"":""527,186"",""外資自營商買進股數"":""0"",""外資自營商賣出股數"":""0"",""外資自營商買賣超股數"":""0"",""投信買進股數"":""30,000"",""投信賣出股數"":""55,000"",""投信買賣超股數"":""-25,000"",""自營商買賣超股數"":""-72,557"",""自營商買進股數(自行買賣)"":""34,000"",""自營商賣出股數(自行買賣)"":""20,000"",""自營商買賣超股數(自行買賣)"":""14,000"",""自營商買進股數(避險)"":""7,000"",""自營商賣出股數(避險)"":""93,557"",""自營商買賣超股數(避險)"":""-86,557"",""三大法人買賣超股數"":""429,629""}"
2026-10-07,TWSE,9941,裕融            ,559717,135000,424717,0,2184,-2184,455,0,455,"{""證券代號"":""9941"",""證券名稱"":""裕融            "",""外陸資買進股數(不含外資自營商)"":""559,717"",""外陸資賣出股數(不含外資自營商)"":""135,000"",""外陸資買賣超股數(不含外資自營商)"":""424,717"",""外資自營商買進股數"":""0"",""外資自營商賣出股數"":""0"",""外資自營商買賣超股數"":""0"",""投信買進股數"":""0"",""投信賣出股數"":""2,184"",""投信買賣超股數"":""-2,184"",""自營商買賣超股數"":""455"",""自營商買進股數(自行買賣)"":""1,000"",""自營商賣出股數(自行買賣)"":""1,000"",""自營商買賣超股數(自行買賣)"":""0"",""自營商買進股數(避險)"":""455"",""自營商賣出股數(避險)"":""0"",""自營商買賣超股數(避險)"":""455"",""三大法人買賣超股數"":""422,988""}"
2026-10-07,TWSE,1907,永豐餘          ,657645,243000,414645,0,0,0,0,0,6000,"{""證券代號"":""1907"",""證券名稱"":""永豐餘          "",""外陸資買進股數(不含外資自營商)"":""657,645"",""外陸資賣出股數(不含外資自營商)"":""243,000"",""外陸資買賣超股數(不含外資自營商)"":""414,645"",""外資自營商買進股數"":""0"",""外資自營商賣出股數"":""0"",""外資自營商買賣超股數"":""0"",""投信買進股數"":""0"",""投信賣出股數"":""0"",""投信買賣超股數"":""0"",""自營商買賣超股數"":""6,000"",""自營商買進股數(自行買賣)"":""10,000"",""自營商賣出股數(自行買賣)"":""4,000"",""自營商買賣超股數(自行買賣)"":""6,000"",""自營商買進股數(避險)"":""0"",""自營商賣出股數(避險)"":""0"",""自營商買賣超股數(避險)"":""0"",""三大法人買賣超股數"":""420,645""}"
2026-10-07,TWSE,6271,同欣電          ,1299567,1021294,278273,102000,0,102000,58890,41258,30632,"{""證券代號"":""6271"",""證券名稱"":""同欣電          "",""外陸資買進股數(不含外資自營商)"":""1,299,567"",""外陸資賣出股數(不含外資自營商)"":""1,021,294"",""外陸資買賣超股數(不含外資自營商)"":""278,273"",""外資自營商買進股數"":""0"",""外資自營商賣出股數"":""0"",""外資自營商買賣超股數"":""0"",""投信買進股數"":""102,000"",""投信賣出股數"":""0"",""投信買賣超股數"":""102,000"",""自營商買賣超股數"":""30,632"",""自營商買進股數(自行買賣)"":""15,000"",""自營商賣出股數(自行買賣)"":""2,000"",""自營商買賣超股數(自行買賣)"":""13,000"",""自營商買進股數(避險)"":""58,890"",""自營商賣出股數(避險)"":""41,258"",""自營商買賣超股數(避險)"":""17,632"",""三大法人買賣超股數"":""410,905""}"
2026-10-07,TWSE,6214,精誠            ,496928,100191,396737,12000,0,12000,0,0,1000,"{""證券代號"":""6214"",""證券名稱"":""精誠            "",""外陸資買進股數(不含外資自營商)"":""496,928"",""外陸資賣出股數(不含外資自營商)"":""100,191"",""外陸資買賣超股數(不含外資自營商)"":""396,737"",""外資自營商買進股數"":""0"",""外資自營商賣出股數"":""0"",""外資自營商買賣超股數"":""0"",""投信買進股數"":""12,000"",""投信賣出股數"":""0"",""投信買賣超股數"":""12,000"",""自營商買賣超股數"":""1,000"",""自營商買進股數(自行買賣)"":""1,000"",""自營商賣出股數(自行買賣)"":""0"",""自營商買賣超股數(自行買賣)"":""1,000"",""自營商買進股數(避險)"":""0"",""自營商賣出股數(避險)"":""0"",""自營商買賣超股數(避險)"":""0"",""三大法人買賣超股數"":""409,737""}"
2026-10-07,TWSE,00669R,國泰美國道瓊反1 ,0,0,0,0,0,0,449000,39900,409100,"{""證券代號"":""00669R"",""證券名稱"":""國泰美國道瓊反1 "",""外陸資買進股數(不含外資自營商)"":""0"",""外陸資賣出股數(不含外資自營商)"":""0"",""外陸資買賣超股數(不含外資自營商)"":""0"",""外資自營商買進股數"":""0"",""外資自營商賣出股數"":""0"",""外資自營商買賣超股數"":""0"",""投信買進股數"":""0"",""投信賣出股數"":""0"",""投信買賣超股數"":""0"",""自營商買賣超股數"":""409,100"",""自營商買進股數(自行買賣)"":""0"",""自營商賣出股數(自行買賣)"":""0"",""自營商買賣超股數(自行買賣)"":""0"",""自營商買進股數(避險)"":""449,000"",""自營商賣出股數(避險)"":""39,900"",""自營商買賣超股數(避險)"":""409,100"",""三大法人買賣超股數"":""409,100""}"
2026-10-07,TWSE,2498,宏達電          ,953229,570057,383172,0,0,0,22410,24463,17947,"{""證券代號"":""2498"",""證券名稱"":""宏達電          "",""外陸資買進股數(不含外資自營商)"":""953,229"",""外陸資賣出股數(不含外資自營商)"":""570,057"",""外陸資買賣超股數(不含外資自營商)"":""383,172"",""外資自營商買進股數"":""0"",""外資自營商賣出股數"":""0"",""外資自營商買賣超股數"":""0"",""投信買進股數"":""0"",""投信賣出股數"":""0"",""投信買賣超股數"":""0"",""自營商買賣超股數"":""17,947"",""自營商買進股數(自行買賣)"":""22,000"",""自營商賣出股數(自行買賣)"":""2,000"",""自營商買賣超股數(自行買賣)"":""20,000"",""自營商買進股數(避險)"":""22,410"",""自營商賣出股數(避險)"":""24,463"",""自營商買賣超股數(避險)"":""-2,053"",""三大法人買賣超股數"":""401,119""}"
2026-10-07,TWSE,6442,光聖            ,724462,410159,314303,0,45000,-45000,23926,4623,128804,"{""證券代號"":""6442"",""證券名稱"":""光聖            "",""外陸資買進股數(不含外資自營商)"":""724,462"",""外陸資賣出股數(不含外資自營商)"":""410,159"",""外陸資買賣超股數(不含外資自營商)"":""314,303"",""外資自營商買進股數"":""0"",""外資自營商賣出股數"":""0"",""外資自營商買賣超股數"":""0"",""投信買進股數"":""0"",""投信賣出股數"":""45,000"",""投信買賣超股數"":""-45,000"",""自營商買賣超股數"":""128,804"",""自營商買進股數(自行買賣)"":""142,501"",""自營商賣出股數(自行買賣)"":""33,000"",""自營商買賣超股數(自行買賣)"":""109,501"",""自營商買進股數(避險)"":""23,926"",""自營商賣出股數(避險)"":""4,623"",""自營商買賣超股數(避險)"":""19,303"",""三大法人買賣超股數"":""398,107""}"
2026-10-07,TWSE,009813,貝萊德標普卓越50,4100,0,4100,0,0,0,1520000,1126300,393700,"{""證券代號"":""009813"",""證券名稱"":""貝萊德標普卓越50"",""外陸資買進股數(不含外資自營商)"":""4,100"",""外陸資賣出股數(不含外資自營商)"":""0"",""外陸資買賣超股數(不含外資自營商)"":""4,100"",""外資自營商買進股數"":""0"",""外資自營商賣出股數"":""0"",""外資自營商買賣超股數"":""0"",""投信買進股數"":""0"",""投信賣出股數"":""0"",""投信買賣超股數"":""0"",""自營商買賣超股數"":""393,700"",""自營商買進股數(自行買賣)"":""0"",""自營商賣出股數(自行買賣)"":""0"",""自營商買賣超股數(自行買賣)"":""0"",""自營商買進股數(避險)"":""1,520,000"",""自營商賣出股數(避險)"":""1,126,300"",""自營商買賣超股數(避險)"":""393,700"",""三大法人買賣超股數"":""397,800""}"
2026-10-07,TWSE,6443,元晶            ,968390,572000,396390,0,0,0,0,0,0,"{""證券代號"":""6443"",""證券名稱"":""元晶            "",""外陸資買進股數(不含外資自營商)"":""968,390"",""外陸資賣出股數(不含外資自營商)"":""572,000"",""外陸資買賣超股數(不含外資自營商)"":""396,390"",""外資自營商買進股數"":""0"",""外資自營商賣出股數"":""0"",""外資自營商買賣超股數"":""0"",""投信買進股數"":""0"",""投信賣出股數"":""0"",""投信買賣超股數"":""0"",""自營商買賣超股數"":""0"",""自營商買進股數(自行買賣)"":""1,000"",""自營商賣出股數(自行買賣)"":""1,000"",""自營商買賣超股數(自行買賣)"":""0"",""自營商買進股數(避險)"":""0"",""自營商賣出股數(避險)"":""0"",""自營商買賣超股數(避險)"":""0"",""三大法人買賣超股數"":""396,390""}"
2026-10-07,TWSE,2374,佳能            ,546270,153000,393270,0,0,0,0,251,-251,"{""證券代號"":""2374"",""證券名稱"":""佳能            "",""外陸資買進股數(不含外資自營商)"":""546,270"",""外陸資賣出股數(不含外資自營商)"":""153,000"",""外陸資買賣超股數(不含外資自營商)"":""393,270"",""外資自營商買進股數"":""0"",""外資自營商賣出股數"":""0"",""外資自營商買賣超股數"":""0"",""投信買進股數"":""0"",""投信賣出股數"":""0"",""投信買賣超股數"":""0"",""自營商買賣超股數"":""-251"",""自營商買進股數(自行買賣)"":""0"",""自營商賣出股數(自行買賣)"":""0"",""自營商買賣超股數(自行買賣)"":""0"",""自營商買進股數(避險)"":""0"",""自營商賣出股數(避險)"":""251"",""自營商買賣超股數(避險)"":""-251"",""三大法人買賣超股數"":""393,019""}"
2026-10-07,TWSE,1447,力鵬            ,659021,281322,377699,0,0,0,0,0,0,"{""證券代號"":""1447"",""證券名稱"":""力鵬            "",""外陸資買進股數(不含外資自營商)"":""659,021"",""外陸資賣出股數(不含外資自營商)"":""281,322"",""外陸資買賣超股數(不含外資自營商)"":""377,699"",""外資自營商買進股數"":""0"",""外資自營商賣出股數"":""0"",""外資自營商買賣超股數"":""0"",""投信買進股數"":""0"",""投信賣出股數"":""0"",""投信買賣超股數"":""0"",""自營商買賣超股數"":""0"",""自營商買進股數(自行買賣)"":""0"",""自營商賣出股數(自行買賣)"":""0"",""自營商買賣超股數(自行買賣)"":""0"",""自營商買進股數(避險)"":""0"",""自營商賣出股數(避險)"":""0"",""自營商買賣超股數(避險)"":""0"",""三大法人買賣超股數"":""377,699""}"
2026-10-07,TWSE,2442,新美齊          ,446783,70000,376783,0,0,0,0,0,0,"{""證券代號"":""2442"",""證券名稱"":""新美齊          "",""外陸資買進股數(不含外資自營商)"":""446,783"",""外陸資賣出股數(不含外資自營商)"":""70,000"",""外陸資買賣超股數(不含外資自營商)"":""376,783"",""外資自營商買進股數"":""0"",""外資自營商賣出股數"":""0"",""外資自營商買賣超股數"":""0"",""投信買進股數"":""0"",""投信賣出股數"":""0"",""投信買賣超股數"":""0"",""自營商買賣超股數"":""0"",""自營商買進股數(自行買賣)"":""0"",""自營商賣出股數(自行買賣)"":""0"",""自營商買賣超股數(自行買賣)"":""0"",""自營商買進股數(避險)"":""0"",""自營商賣出股數(避險)"":""0"",""自營商買賣超股數(避險)"":""0"",""三大法人買賣超股數"":""376,783""}"
2026-10-07,TWSE,2352,佳世達          ,1154279,747000,407279,50000,87000,-37000,0,275,1725,"{""證券代號"":""2352"",""證券名稱"":""佳世達          "",""外陸資買進股數(不含外資自營商)"":""1,154,279"",""外陸資賣出股數(不含外資自營商)"":""747,000"",""外陸資買賣超股數(不含外資自營商)"":""407,279"",""外資自營商買進股數"":""0"",""外資自營商賣出股數"":""0"",""外資自營商買賣超股數"":""0"",""投信買進股數"":""50,000"",""投信賣出股數"":""87,000"",""投信買賣超股數"":""-37,000"",""自營商買賣超股數"":""1,725"",""自營商買進股數(自行買賣)"":""2,000"",""自營商賣出股數(自行買賣)"":""0"",""自營商買賣超股數(自行買賣)"":""2,000"",""自營商買進股數(避險)"":""0"",""自營商賣出股數(避險)"":""275"",""自營商買賣超股數(避險)"":""-275"",""三大法人買賣超股數"":""372,004""}"
2026-10-07,TWSE,2520,冠德            ,391279,69970,321309,0,0,0,5318,0,49318,"{""證券代號"":""2520"",""證券名稱"":""冠德            "",""外陸資買進股數(不含外資自營商)"":""391,279"",""外陸資賣出股數(不含外資自營商)"":""69,970"",""外陸資買賣超股數(不含外資自營商)"":""321,309"",""外資自營商買進股數"":""0"",""外資自營商賣出股數"":""0"",""外資自營商買賣超股數"":""0"",""投信買進股數"":""0"",""投信賣出股數"":""0"",""投信買賣超股數"":""0"",""自營商買賣超股數"":""49,318"",""自營商買進股數(自行買賣)"":""48,000"",""自營商賣出股數(自行買賣)"":""4,000"",""自營商買賣超股數(自行買賣)"":""44,000"",""自營商買進股數(避險)"":""5,318"",""自營商賣出股數(避險)"":""0"",""自營商買賣超股數(避險)"":""5,318"",""三大法人買賣超股數"":""370,627""}"
2026-10-07,TWSE,9103,美德醫療-DR     ,1137000,768000,369000,0,0,0,372,4484,-4112,"{""證券代號"":""9103"",""證券名稱"":""美德醫療-DR     "",""外陸資買進股數(不含外資自營商)"":""1,137,000"",""外陸資賣出股數(不含外資自營商)"":""768,000"",""外陸資買賣超股數(不含外資自營商)"":""369,000"",""外資自營商買進股數"":""0"",""外資自營商賣出股數"":""0"",""外資自營商買賣超股數"":""0"",""投信買進股數"":""0"",""投信賣出股數"":""0"",""投信買賣超股數"":""0"",""自營商買賣超股數"":""-4,112"",""自營商買進股數(自行買賣)"":""0"",""自營商賣出股數(自行買賣)"":""0"",""自營商買賣超股數(自行買賣)"":""0"",""自營商買進股數(避險)"":""372"",""自營商賣出股數(避險)"":""4,484"",""自營商買賣超股數(避險)"":""-4,112"",""三大法人買賣超股數"":""364,888""}"
2026-10-07,TWSE,1449,佳和            ,754785,393504,361281,0,0,0,0,0,0,"{""證券代號"":""1449"",""證券名稱"":""佳和            "",""外陸資買進股數(不含外資自營商)"":""754,785"",""外陸資賣出股數(不含外資自營商)"":""393,504"",""外陸資買賣超股數(不含外資自營商)"":""361,281"",""外資自營商買進股數"":""0"",""外資自營商賣出股數"":""0"",""外資自營商買賣超股數"":""0"",""投信買進股數"":""0"",""投信賣出股數"":""0"",""投信買賣超股數"":""0"",""自營商買賣超股數"":""0"",""自營商買進股數(自行買賣)"":""8,000"",""自營商賣出股數(自行買賣)"":""8,000"",""自營商買賣超股數(自行買賣)"":""0"",""自營商買進股數(避險)"":""0"",""自營商賣出股數(避險)"":""0"",""自營商買賣超股數(避險)"":""0"",""三大法人買賣超股數"":""361,281""}"
2026-10-07,TWSE,3714,富采            ,1626566,1261196,365370,0,0,0,6145,3290,-5145,"{""證券代號"":""3714"",""證券名稱"":""富采            "",""外陸資買進股數(不含外資自營商)"":""1,626,566"",""外陸資賣出股數(不含外資自營商)"":""1,261,196"",""外陸資買賣超股數(不含外資自營商)"":""365,370"",""外資自營商買進股數"":""0"",""外資自營商賣出股數"":""0"",""外資自營商買賣超股數"":""0"",""投信買進股數"":""0"",""投信賣出股數"":""0"",""投信買賣超股數"":""0"",""自營商買賣超股數"":""-5,145"",""自營商買進股數(自行買賣)"":""10,000"",""自營商賣出股數(自行買賣)"":""18,000"",""自營商買賣超股數(自行買賣)"":""-8,000"",""自營商買進股數(避險)"":""6,145"",""自營商賣出股數(避險)"":""3,290"",""自營商買賣超股數(避險)"":""2,855"",""三大法人買賣超股數"":""360,225""}"
2026-10-07,TWSE,2204,中華            ,466000,107000,359000,0,8723,-8723,0,300,-300,"{""證券代號"":""2204"",""證券名稱"":""中華            "",""外陸資買進股數(不含外資自營商)"":""466,000"",""外陸資賣出股數(不含外資自營商)"":""107,000"",""外陸資買賣超股數(不含外資自營商)"":""359,000"",""外資自營商買進股數"":""0"",""外資自營商賣出股數"":""0"",""外資自營商買賣超股數"":""0"",""投信買進股數"":""0"",""投信賣出股數"":""8,723"",""投信買賣超股數"":""-8,723"",""自營商買賣超股數"":""-300"",""自營商買進股數(自行買賣)"":""0"",""自營商賣出股數(自行買賣)"":""0"",""自營商買賣超股數(自行買賣)"":""0"",""自營商買進股數(避險)"":""0"",""自營商賣出股數(避險)"":""300"",""自營商買賣超股數(避險)"":""-300"",""三大法人買賣超股數"":""349,977""}"
2026-10-07,TWSE,2540,愛山林          ,403574,54000,349574,0,0,0,0,0,0,"{""證券代號"":""2540"",""證券名稱"":""愛山林          "",""外陸資買進股數(不含外資自營商)"":""403,574"",""外陸資賣出股數(不含外資自營商)"":""54,000"",""外陸資買賣超股數(不含外資自營商)"":""349,574"",""外資自營商買進股數"":""0"",""外資自營商賣出股數"":""0"",""外資自營商買賣超股數"":""0"",""投信買進股數"":""0"",""投信賣出股數"":""0"",""投信買賣超股數"":""0"",""自營商買賣超股數"":""0"",""自營商買進股數(自行買賣)"":""0"",""自營商賣出股數(自行買賣)"":""0"",""自營商買賣超股數(自行買賣)"":""0"",""自營商買進股數(避險)"":""0"",""自營商賣出股數(避險)"":""0"",""自營商買賣超股數(避險)"":""0"",""三大法人買賣超股數"":""349,574""}"
2026-10-07,TWSE,3023,信邦            ,548920,202729,346191,0,14000,-14000,21075,3289,16786,"{""證券代號"":""3023"",""證券名稱"":""信邦            "",""外陸資買進股數(不含外資自營商)"":""548,920"",""外陸資賣出股數(不含外資自營商)"":""202,729"",""外陸資買賣超股數(不含外資自營商)"":""346,191"",""外資自營商買進股數"":""0"",""外資自營商賣出股數"":""0"",""外資自營商買賣超股數"":""0"",""投信買進股數"":""0"",""投信賣出股數"":""14,000"",""投信買賣超股數"":""-14,000"",""自營商買賣超股數"":""16,786"",""自營商買進股數(自行買賣)"":""0"",""自營商賣出股數(自行買賣)"":""1,000"",""自營商買賣超股數(自行買賣)"":""-1,000"",""自營商買進股數(避險)"":""21,075"",""自營商賣出股數(避險)"":""3,289"",""自營商買賣超股數(避險)"":""17,786"",""三大法人買賣超股數"":""348,977""}"
2026-10-07,TWSE,6202,盛群            ,744505,409045,335460,0,0,0,11889,1152,8737,"{""證券代號"":""6202"",""證券名稱"":""盛群            "",""外陸資買進股數(不含外資自營商)"":""744,505"",""外陸資賣出股數(不含外資自營商)"":""409,045"",""外陸資買賣超股數(不含外資自營商)"":""335,460"",""外資自營商買進股數"":""0"",""外資自營商賣出股數"":""0"",""外資自營商買賣超股數"":""0"",""投信買進股數"":""0"",""投信賣出股數"":""0"",""投信買賣超股數"":""0"",""自營商買賣超股數"":""8,737"",""自營商買進股數(自行買賣)"":""1,000"",""自營商賣出股數(自行買賣)"":""3,000"",""自營商買賣超股數(自行買賣)"":""-2,000"",""自營商買進股數(避險)"":""11,889"",""自營商賣出股數(避險)"":""1,152"",""自營商買賣超股數(避險)"":""10,737"",""三大法人買賣超股數"":""344,197""}"
2026-10-07,TWSE,8996,高力            ,501000,76384,424616,0,124039,-124039,44063,15500,43563,"{""證券代號"":""8996"",""證券名稱"":""高力            "",""外陸資買進股數(不含外資自營商)"":""501,000"",""外陸資賣出股數(不含外資自營商)"":""76,384"",""外陸資買賣超股數(不含外資自營商)"":""424,616"",""外資自營商買進股數"":""0"",""外資自營商賣出股數"":""0"",""外資自營商買賣超股數"":""0"",""投信買進股數"":""0"",""投信賣出股數"":""124,039"",""投信買賣超股數"":""-124,039"",""自營商買賣超股數"":""43,563"",""自營商買進股數(自行買賣)"":""35,000"",""自營商賣出股數(自行買賣)"":""20,000"",""自營商買賣超股數(自行買賣)"":""15,000"",""自營商買進股數(避險)"":""44,063"",""自營商賣出股數(避險)"":""15,500"",""自營商買賣超股數(避險)"":""28,563"",""三大法人買賣超股數"":""344,140""}"
2026-10-07,TWSE,6224,聚鼎            ,572022,234589,337433,0,0,0,0,0,0,"{""證券代號"":""6224"",""證券名稱"":""聚鼎            "",""外陸資買進股數(不含外資自營商)"":""572,022"",""外陸資賣出股數(不含外資自營商)"":""234,589"",""外陸資買賣超股數(不含外資自營商)"":""337,433"",""外資自營商買進股數"":""0"",""外資自營商賣出股數"":""0"",""外資自營商買賣超股數"":""0"",""投信買進股數"":""0"",""投信賣出股數"":""0"",""投信買賣超股數"":""0"",""自營商買賣超股數"":""0"",""自營商買進股數(自行買賣)"":""1,000"",""自營商賣出股數(自行買賣)"":""1,000"",""自營商買賣超股數(自行買賣)"":""0"",""自營商買進股數(避險)"":""0"",""自營商賣出股數(避險)"":""0"",""自營商買賣超股數(避險)"":""0"",""三大法人買賣超股數"":""337,433""}"
2026-10-07,TWSE,3094,聯傑            ,846000,512858,333142,0,0,0,0,0,3000,"{""證券代號"":""3094"",""證券名稱"":""聯傑            "",""外陸資買進股數(不含外資自營商)"":""846,000"",""外陸資賣出股數(不含外資自營商)"":""512,858"",""外陸資買賣超股數(不含外資自營商)"":""333,142"",""外資自營商買進股數"":""0"",""外資自營商賣出股數"":""0"",""外資自營商買賣超股數"":""0"",""投信買進股數"":""0"",""投信賣出股數"":""0"",""投信買賣超股數"":""0"",""自營商買賣超股數"":""3,000"",""自營商買進股數(自行買賣)"":""8,000"",""自營商賣出股數(自行買賣)"":""5,000"",""自營商買賣超股數(自行買賣)"":""3,000"",""自營商買進股數(避險)"":""0"",""自營商賣出股數(避險)"":""0"",""自營商買賣超股數(避險)"":""0"",""三大法人買賣超股數"":""336,142""}"
2026-10-07,TWSE,6269,台郡            ,596300,247778,348522,0,0,0,3201,20666,-13465,"{""證券代號"":""6269"",""證券名稱"":""台郡            "",""外陸資買進股數(不含外資自營商)"":""596,300"",""外陸資賣出股數(不含外資自營商)"":""247,778"",""外陸資買賣超股數(不含外資自營商)"":""348,522"",""外資自營商買進股數"":""0"",""外資自營商賣出股數"":""0"",""外資自營商買賣超股數"":""0"",""投信買進股數"":""0"",""投信賣出股數"":""0"",""投信買賣超股數"":""0"",""自營商買賣超股數"":""-13,465"",""自營商買進股數(自行買賣)"":""4,000"",""自營商賣出股數(自行買賣)"":""0"",""自營商買賣超股數(自行買賣)"":""4,000"",""自營商買進股數(避險)"":""3,201"",""自營商賣出股數(避險)"":""20,666"",""自營商買賣超股數(避險)"":""-17,465"",""三大法人買賣超股數"":""335,057""}"
2026-10-07,TWSE,1503,士電            ,624193,300149,324044,10000,6180,3820,11288,10345,4943,"{""證券代號"":""1503"",""證券名稱"":""士電            "",""外陸資買進股數(不含外資自營商)"":""624,193"",""外陸資賣出股數(不含外資自營商)"":""300,149"",""外陸資買賣超股數(不含外資自營商)"":""324,044"",""外資自營商買進股數"":""0"",""外資自營商賣出股數"":""0"",""外資自營商買賣超股數"":""0"",""投信買進股數"":""10,000"",""投信賣出股數"":""6,180"",""投信買賣超股數"":""3,820"",""自營商買賣超股數"":""4,943"",""自營商買進股數(自行買賣)"":""4,000"",""自營商賣出股數(自行買賣)"":""0"",""自營商買賣超股數(自行買賣)"":""4,000"",""自營商買進股數(避險)"":""11,288"",""自營商賣出股數(避險)"":""10,345"",""自營商買賣超股數(避險)"":""943"",""三大法人買賣超股數"":""332,807""}"
2026-10-07,TWSE,3049,精金            ,745321,456000,289321,0,0,0,37352,0,37352,"{""證券代號"":""3049"",""證券名稱"":""精金            "",""外陸資買進股數(不含外資自營商)"":""745,321"",""外陸資賣出股數(不含外資自營商)"":""456,000"",""外陸資買賣超股數(不含外資自營商)"":""289,321"",""外資自營商買進股數"":""0"",""外資自營商賣出股數"":""0"",""外資自營商買賣超股數"":""0"",""投信買進股數"":""0"",""投信賣出股數"":""0"",""投信買賣超股數"":""0"",""自營商買賣超股數"":""37,352"",""自營商買進股數(自行買賣)"":""0"",""自營商賣出股數(自行買賣)"":""0"",""自營商買賣超股數(自行買賣)"":""0"",""自營商買進股數(避險)"":""37,352"",""自營商賣出股數(避險)"":""0"",""自營商買賣超股數(避險)"":""37,352"",""三大法人買賣超股數"":""326,673""}"
2026-10-07,TWSE,6197,佳必琪          ,1132790,750244,382546,0,0,0,62423,115128,-59705,"{""證券代號"":""6197"",""證券名稱"":""佳必琪          "",""外陸資買進股數(不含外資自營商)"":""1,132,790"",""外陸資賣出股數(不含外資自營商)"":""750,244"",""外陸資買賣超股數(不含外資自營商)"":""382,546"",""外資自營商買進股數"":""0"",""外資自營商賣出股數"":""0"",""外資自營商買賣超股數"":""0"",""投信買進股數"":""0"",""投信賣出股數"":""0"",""投信買賣超股數"":""0"",""自營商買賣超股數"":""-59,705"",""自營商買進股數(自行買賣)"":""0"",""自營商賣出股數(自行買賣)"":""7,000"",""自營商買賣超股數(自行買賣)"":""-7,000"",""自營商買進股數(避險)"":""62,423"",""自營商賣出股數(避險)"":""115,128"",""自營商買賣超股數(避險)"":""-52,705"",""三大法人買賣超股數"":""322,841""}"
2026-10-07,TWSE,3062,建漢            ,659152,335000,324152,0,0,0,0,1669,-1669,"{""證券代號"":""3062"",""證券名稱"":""建漢            "",""外陸資買進股數(不含外資自營商)"":""659,152"",""外陸資賣出股數(不含外資自營商)"":""335,000"",""外陸資買賣超股數(不含外資自營商)"":""324,152"",""外資自營商買進股數"":""0"",""外資自營商賣出股數"":""0"",""外資自營商買賣超股數"":""0"",""投信買進股數"":""0"",""投信賣出股數"":""0"",""投信買賣超股數"":""0"",""自營商買賣超股數"":""-1,669"",""自營商買進股數(自行買賣)"":""0"",""自營商賣出股數(自行買賣)"":""0"",""自營商買賣超股數(自行買賣)"":""0"",""自營商買進股數(避險)"":""0"",""自營商賣出股數(避險)"":""1,669"",""自營商買賣超股數(避險)"":""-1,669"",""三大法人買賣超股數"":""322,483""}"
2026-10-07,TWSE,4551,智伸科          ,1021400,1174720,-153320,300000,0,300000,205782,29255,175462,"{""證券代號"":""4551"",""證券名稱"":""智伸科          "",""外陸資買進股數(不含外資自營商)"":""1,021,400"",""外陸資賣出股數(不含外資自營商)"":""1,174,720"",""外陸資買賣超股數(不含外資自營商)"":""-153,320"",""外資自營商買進股數"":""0"",""外資自營商賣出股數"":""0"",""外資自營商買賣超股數"":""0"",""投信買進股數"":""300,000"",""投信賣出股數"":""0"",""投信買賣超股數"":""300,000"",""自營商買賣超股數"":""175,462"",""自營商買進股數(自行買賣)"":""0"",""自營商賣出股數(自行買賣)"":""1,065"",""自營商買賣超股數(自行買賣)"":""-1,065"",""自營商買進股數(避險)"":""205,782"",""自營商賣出股數(避險)"":""29,255"",""自營商買賣超股數(避險)"":""176,527"",""三大法人買賣超股數"":""322,142""}"
2026-10-07,TWSE,6446,藥華藥          ,623075,338375,284700,29000,230,28770,4991,1000,7104,"{""證券代號"":""6446"",""證券名稱"":""藥華藥          "",""外陸資買進股數(不含外資自營商)"":""623,075"",""外陸資賣出股數(不含外資自營商)"":""338,375"",""外陸資買賣超股數(不含外資自營商)"":""284,700"",""外資自營商買進股數"":""0"",""外資自營商賣出股數"":""0"",""外資自營商買賣超股數"":""0"",""投信買進股數"":""29,000"",""投信賣出股數"":""230"",""投信買賣超股數"":""28,770"",""自營商買賣超股數"":""7,104"",""自營商買進股數(自行買賣)"":""23,362"",""自營商賣出股數(自行買賣)"":""20,249"",""自營商買賣超股數(自行買賣)"":""3,113"",""自營商買進股數(避險)"":""4,991"",""自營商賣出股數(避險)"":""1,000"",""自營商買賣超股數(避險)"":""3,991"",""三大法人買賣超股數"":""320,574""}"
2026-10-07,TWSE,2836,高雄銀          ,570500,288000,282500,0,0,0,6,0,37006,"{""證券代號"":""2836"",""證券名稱"":""高雄銀          "",""外陸資買進股數(不含外資自營商)"":""570,500"",""外陸資賣出股數(不含外資自營商)"":""288,000"",""外陸資買賣超股數(不含外資自營商)"":""282,500"",""外資自營商買進股數"":""0"",""外資自營商賣出股數"":""0"",""外資自營商買賣超股數"":""0"",""投信買進股數"":""0"",""投信賣出股數"":""0"",""投信買賣超股數"":""0"",""自營商買賣超股數"":""37,006"",""自營商買進股數(自行買賣)"":""37,000"",""自營商賣出股數(自行買賣)"":""0"",""自營商買賣超股數(自行買賣)"":""37,000"",""自營商買進股數(避險)"":""6"",""自營商賣出股數(避險)"":""0"",""自營商買賣超股數(避險)"":""6"",""三大法人買賣超股數"":""319,506""}"
2026-10-07,TWSE,2539,櫻花建          ,515365,195000,320365,0,0,0,0,0,-2000,"{""證券代號"":""2539"",""證券名稱"":""櫻花建          "",""外陸資買進股數(不含外資自營商)"":""515,365"",""外陸資賣出股數(不含外資自營商)"":""195,000"",""外陸資買賣超股數(不含外資自營商)"":""320,365"",""外資自營商買進股數"":""0"",""外資自營商賣出股數"":""0"",""外資自營商買賣超股數"":""0"",""投信買進股數"":""0"",""投信賣出股數"":""0"",""投信買賣超股數"":""0"",""自營商買賣超股數"":""-2,000"",""自營商買進股數(自行買賣)"":""0"",""自營商賣出股數(自行買賣)"":""2,000"",""自營商買賣超股數(自行買賣)"":""-2,000"",""自營商買進股數(避險)"":""0"",""自營商賣出股數(避險)"":""0"",""自營商買賣超股數(避險)"":""0"",""三大法人買賣超股數"":""318,365""}"
2026-10-07,TWSE,1795,美時            ,480764,252020,228744,0,0,0,102564,12000,85564,"{""證券代號"":""1795"",""證券名稱"":""美時            "",""外陸資買進股數(不含外資自營商)"":""480,764"",""外陸資賣出股數(不含外資自營商)"":""252,020"",""外陸資買賣超股數(不含外資自營商)"":""228,744"",""外資自營商買進股數"":""0"",""外資自營商賣出股數"":""0"",""外資自營商買賣超股數"":""0"",""投信買進股數"":""0"",""投信賣出股數"":""0"",""投信買賣超股數"":""0"",""自營商買賣超股數"":""85,564"",""自營商買進股數(自行買賣)"":""3,000"",""自營商賣出股數(自行買賣)"":""8,000"",""自營商買賣超股數(自行買賣)"":""-5,000"",""自營商買進股數(避險)"":""102,564"",""自營商賣出股數(避險)"":""12,000"",""自營商買賣超股數(避險)"":""90,564"",""三大法人買賣超股數"":""314,308""}"
2026-10-07,TWSE,2049,上銀            ,1765988,1471721,294267,0,1000,-1000,34651,23506,13345,"{""證券代號"":""2049"",""證券名稱"":""上銀            "",""外陸資買進股數(不含外資自營商)"":""1,765,988"",""外陸資賣出股數(不含外資自營商)"":""1,471,721"",""外陸資買賣超股數(不含外資自營商)"":""294,267"",""外資自營商買進股數"":""0"",""外資自營商賣出股數"":""0"",""外資自營商買賣超股數"":""0"",""投信買進股數"":""0"",""投信賣出股數"":""1,000"",""投信買賣超股數"":""-1,000"",""自營商買賣超股數"":""13,345"",""自營商買進股數(自行買賣)"":""2,200"",""自營商賣出股數(自行買賣)"":""0"",""自營商買賣超股數(自行買賣)"":""2,200"",""自營商買進股數(避險)"":""34,651"",""自營商賣出股數(避險)"":""23,506"",""自營商買賣超股數(避險)"":""11,145"",""三大法人買賣超股數"":""306,612""}"
2026-10-07,TWSE,2331,精英            ,459234,152000,307234,0,0,0,1,1000,-999,"{""證券代號"":""2331"",""證券名稱"":""精英            "",""外陸資買進股數(不含外資自營商)"":""459,234"",""外陸資賣出股數(不含外資自營商)"":""152,000"",""外陸資買賣超股數(不含外資自營商)"":""307,234"",""外資自營商買進股數"":""0"",""外資自營商賣出股數"":""0"",""外資自營商買賣超股數"":""0"",""投信買進股數"":""0"",""投信賣出股數"":""0"",""投信買賣超股數"":""0"",""自營商買賣超股數"":""-999"",""自營商買進股數(自行買賣)"":""0"",""自營商賣出股數(自行買賣)"":""0"",""自營商買賣超股數(自行買賣)"":""0"",""自營商買進股數(避險)"":""1"",""自營商賣出股數(避險)"":""1,000"",""自營商買賣超股數(避險)"":""-999"",""三大法人買賣超股數"":""306,235""}"
2026-10-07,TWSE,3645,達邁            ,555038,243000,312038,0,0,0,8419,17602,-6183,"{""證券代號"":""3645"",""證券名稱"":""達邁            "",""外陸資買進股數(不含外資自營商)"":""555,038"",""外陸資賣出股數(不含外資自營商)"":""243,000"",""外陸資買賣超股數(不含外資自營商)"":""312,038"",""外資自營商買進股數"":""0"",""外資自營商賣出股數"":""0"",""外資自營商買賣超股數"":""0"",""投信買進股數"":""0"",""投信賣出股數"":""0"",""投信買賣超股數"":""0"",""自營商買賣超股數"":""-6,183"",""自營商買進股數(自行買賣)"":""3,000"",""自營商賣出股數(自行買賣)"":""0"",""自營商買賣超股數(自行買賣)"":""3,000"",""自營商買進股數(避險)"":""8,419"",""自營商賣出股數(避險)"":""17,602"",""自營商買賣超股數(避險)"":""-9,183"",""三大法人買賣超股數"":""305,855""}"
2026-10-07,TWSE,2328,廣宇            ,499000,196000,303000,0,0,0,0,2000,0,"{""證券代號"":""2328"",""證券名稱"":""廣宇            "",""外陸資買進股數(不含外資自營商)"":""499,000"",""外陸資賣出股數(不含外資自營商)"":""196,000"",""外陸資買賣超股數(不含外資自營商)"":""303,000"",""外資自營商買進股數"":""0"",""外資自營商賣出股數"":""0"",""外資自營商買賣超股數"":""0"",""投信買進股數"":""0"",""投信賣出股數"":""0"",""投信買賣超股數"":""0"",""自營商買賣超股數"":""0"",""自營商買進股數(自行買賣)"":""38,000"",""自營商賣出股數(自行買賣)"":""36,000"",""自營商買賣超股數(自行買賣)"":""2,000"",""自營商買進股數(避險)"":""0"",""自營商賣出股數(避險)"":""2,000"",""自營商買賣超股數(避險)"":""-2,000"",""三大法人買賣超股數"":""303,000""}"
2026-10-07,TWSE,00987A,主動台新優勢成長,106054,106000,54,0,0,0,361523,69654,291869,"{""證券代號"":""00987A"",""證券名稱"":""主動台新優勢成長"",""外陸資買進股數(不含外資自營商)"":""106,054"",""外陸資賣出股數(不含外資自營商)"":""106,000"",""外陸資買賣超股數(不含外資自營商)"":""54"",""外資自營商買進股數"":""0"",""外資自營商賣出股數"":""0"",""外資自營商買賣超股數"":""0"",""投信買進股數"":""0"",""投信賣出股數"":""0"",""投信買賣超股數"":""0"",""自營商買賣超股數"":""291,869"",""自營商買進股數(自行買賣)"":""0"",""自營商賣出股數(自行買賣)"":""0"",""自營商買賣超股數(自行買賣)"":""0"",""自營商買進股數(避險)"":""361,523"",""自營商賣出股數(避險)"":""69,654"",""自營商買賣超股數(避險)"":""291,869"",""三大法人買賣超股數"":""291,923""}"
2026-10-07,TWSE,6472,保瑞            ,301223,64020,237203,0,0,0,54238,5165,46665,"{""證券代號"":""6472"",""證券名稱"":""保瑞            "",""外陸資買進股數(不含外資自營商)"":""301,223"",""外陸資賣出股數(不含外資自營商)"":""64,020"",""外陸資買賣超股數(不含外資自營商)"":""237,203"",""外資自營商買進股數"":""0"",""外資自營商賣出股數"":""0"",""外資自營商買賣超股數"":""0"",""投信買進股數"":""0"",""投信賣出股數"":""0"",""投信買賣超股數"":""0"",""自營商買賣超股數"":""46,665"",""自營商買進股數(自行買賣)"":""0"",""自營商賣出股數(自行買賣)"":""2,408"",""自營商買賣超股數(自行買賣)"":""-2,408"",""自營商買進股數(避險)"":""54,238"",""自營商賣出股數(避險)"":""5,165"",""自營商買賣超股數(避險)"":""49,073"",""三大法人買賣超股數"":""283,868""}"
2026-10-07,TWSE,6672,騰輝電子-KY     ,318929,196100,122829,179000,0,179000,2000,559,-21559,"{""證券代號"":""6672"",""證券名稱"":""騰輝電子-KY     "",""外陸資買進股數(不含外資自營商)"":""318,929"",""外陸資賣出股數(不含外資自營商)"":""196,100"",""外陸資買賣超股數(不含外資自營商)"":""122,829"",""外資自營商買進股數"":""0"",""外資自營商賣出股數"":""0"",""外資自營商買賣超股數"":""0"",""投信買進股數"":""179,000"",""投信賣出股數"":""0"",""投信買賣超股數"":""179,000"",""自營商買賣超股數"":""-21,559"",""自營商買進股數(自行買賣)"":""12,000"",""自營商賣出股數(自行買賣)"":""35,000"",""自營商買賣超股數(自行買賣)"":""-23,000"",""自營商買進股數(避險)"":""2,000"",""自營商賣出股數(避險)"":""559"",""自營商買賣超股數(避險)"":""1,441"",""三大法人買賣超股數"":""280,270""}"
2026-10-07,TWSE,9802,鈺齊-KY         ,310848,31000,279848,0,0,0,0,0,0,"{""證券代號"":""9802"",""證券名稱"":""鈺齊-KY         "",""外陸資買進股數(不含外資自營商)"":""310,848"",""外陸資賣出股數(不含外資自營商)"":""31,000"",""外陸資買賣超股數(不含外資自營商)"":""279,848"",""外資自營商買進股數"":""0"",""外資自營商賣出股數"":""0"",""外資自營商買賣超股數"":""0"",""投信買進股數"":""0"",""投信賣出股數"":""0"",""投信買賣超股數"":""0"",""自營商買賣超股數"":""0"",""自營商買進股數(自行買賣)"":""0"",""自營商賣出股數(自行買賣)"":""0"",""自營商買賣超股數(自行買賣)"":""0"",""自營商買進股數(避險)"":""0"",""自營商賣出股數(避險)"":""0"",""自營商買賣超股數(避險)"":""0"",""三大法人買賣超股數"":""279,848""}"
2026-10-07,TWSE,00686R,群益臺灣加權反1 ,0,0,0,0,0,0,579500,300520,278980,"{""證券代號"":""00686R"",""證券名稱"":""群益臺灣加權反1 "",""外陸資買進股數(不含外資自營商)"":""0"",""外陸資賣出股數(不含外資自營商)"":""0"",""外陸資買賣超股數(不含外資自營商)"":""0"",""外資自營商買進股數"":""0"",""外資自營商賣出股數"":""0"",""外資自營商買賣超股數"":""0"",""投信買進股數"":""0"",""投信賣出股數"":""0"",""投信買賣超股數"":""0"",""自營商買賣超股數"":""278,980"",""自營商買進股數(自行買賣)"":""0"",""自營商賣出股數(自行買賣)"":""0"",""自營商買賣超股數(自行買賣)"":""0"",""自營商買進股數(避險)"":""579,500"",""自營商賣出股數(避險)"":""300,520"",""自營商買賣超股數(避險)"":""278,980"",""三大法人買賣超股數"":""278,980""}"
2026-10-07,TWSE,3010,華立            ,405599,138000,267599,0,0,0,9000,2759,11241,"{""證券代號"":""3010"",""證券名稱"":""華立            "",""外陸資買進股數(不含外資自營商)"":""405,599"",""外陸資賣出股數(不含外資自營商)"":""138,000"",""外陸資買賣超股數(不含外資自營商)"":""267,599"",""外資自營商買進股數"":""0"",""外資自營商賣出股數"":""0"",""外資自營商買賣超股數"":""0"",""投信買進股數"":""0"",""投信賣出股數"":""0"",""投信買賣超股數"":""0"",""自營商買賣超股數"":""11,241"",""自營商買進股數(自行買賣)"":""5,000"",""自營商賣出股數(自行買賣)"":""0"",""自營商買賣超股數(自行買賣)"":""5,000"",""自營商買進股數(避險)"":""9,000"",""自營商賣出股數(避險)"":""2,759"",""自營商買賣超股數(避險)"":""6,241"",""三大法人買賣超股數"":""278,840""}"
2026-10-07,TWSE,2838,聯邦銀          ,557000,275000,282000,0,0,0,2000,6571,-4571,"{""證券代號"":""2838"",""證券名稱"":""聯邦銀          "",""外陸資買進股數(不含外資自營商)"":""557,000"",""外陸資賣出股數(不含外資自營商)"":""275,000"",""外陸資買賣超股數(不含外資自營商)"":""282,000"",""外資自營商買進股數"":""0"",""外資自營商賣出股數"":""0"",""外資自營商買賣超股數"":""0"",""投信買進股數"":""0"",""投信賣出股數"":""0"",""投信買賣超股數"":""0"",""自營商買賣超股數"":""-4,571"",""自營商買進股數(自行買賣)"":""0"",""自營商賣出股數(自行買賣)"":""0"",""自營商買賣超股數(自行買賣)"":""0"",""自營商買進股數(避險)"":""2,000"",""自營商賣出股數(避險)"":""6,571"",""自營商買賣超股數(避險)"":""-4,571"",""三大法人買賣超股數"":""277,429""}"
2026-10-07,TWSE,4960,誠美材          ,571342,296047,275295,0,0,0,0,0,0,"{""證券代號"":""4960"",""證券名稱"":""誠美材          "",""外陸資買進股數(不含外資自營商)"":""571,342"",""外陸資賣出股數(不含外資自營商)"":""296,047"",""外陸資買賣超股數(不含外資自營商)"":""275,295"",""外資自營商買進股數"":""0"",""外資自營商賣出股數"":""0"",""外資自營商買賣超股數"":""0"",""投信買進股數"":""0"",""投信賣出股數"":""0"",""投信買賣超股數"":""0"",""自營商買賣超股數"":""0"",""自營商買進股數(自行買賣)"":""0"",""自營商賣出股數(自行買賣)"":""0"",""自營商買賣超股數(自行買賣)"":""0"",""自營商買進股數(避險)"":""0"",""自營商賣出股數(避險)"":""0"",""自營商買賣超股數(避險)"":""0"",""三大法人買賣超股數"":""275,295""}"
2026-10-07,TWSE,2426,鼎元            ,7048002,6776519,271483,0,0,0,68649,68116,2533,"{""證券代號"":""2426"",""證券名稱"":""鼎元            "",""外陸資買進股數(不含外資自營商)"":""7,048,002"",""外陸資賣出股數(不含外資自營商)"":""6,776,519"",""外陸資買賣超股數(不含外資自營商)"":""271,483"",""外資自營商買進股數"":""0"",""外資自營商賣出股數"":""0"",""外資自營商買賣超股數"":""0"",""投信買進股數"":""0"",""投信賣出股數"":""0"",""投信買賣超股數"":""0"",""自營商買賣超股數"":""2,533"",""自營商買進股數(自行買賣)"":""2,000"",""自營商賣出股數(自行買賣)"":""0"",""自營商買賣超股數(自行買賣)"":""2,000"",""自營商買進股數(避險)"":""68,649"",""自營商賣出股數(避險)"":""68,116"",""自營商買賣超股數(避險)"":""533"",""三大法人買賣超股數"":""274,016""}"
2026-10-07,TWSE,1316,上曜            ,383000,114453,268547,0,0,0,0,0,0,"{""證券代號"":""1316"",""證券名稱"":""上曜            "",""外陸資買進股數(不含外資自營商)"":""383,000"",""外陸資賣出股數(不含外資自營商)"":""114,453"",""外陸資買賣超股數(不含外資自營商)"":""268,547"",""外資自營商買進股數"":""0"",""外資自營商賣出股數"":""0"",""外資自營商買賣超股數"":""0"",""投信買進股數"":""0"",""投信賣出股數"":""0"",""投信買賣超股數"":""0"",""自營商買賣超股數"":""0"",""自營商買進股數(自行買賣)"":""0"",""自營商賣出股數(自行買賣)"":""0"",""自營商買賣超股數(自行買賣)"":""0"",""自營商買進股數(避險)"":""0"",""自營商賣出股數(避險)"":""0"",""自營商買賣超股數(避險)"":""0"",""三大法人買賣超股數"":""268,547""}"
2026-10-07,TWSE,2816,旺旺保          ,308067,42005,266062,0,0,0,0,0,0,"{""證券代號"":""2816"",""證券名稱"":""旺旺保          "",""外陸資買進股數(不含外資自營商)"":""308,067"",""外陸資賣出股數(不含外資自營商)"":""42,005"",""外陸資買賣超股數(不含外資自營商)"":""266,062"",""外資自營商買進股數"":""0"",""外資自營商賣出股數"":""0"",""外資自營商買賣超股數"":""0"",""投信買進股數"":""0"",""投信賣出股數"":""0"",""投信買賣超股數"":""0"",""自營商買賣超股數"":""0"",""自營商買進股數(自行買賣)"":""0"",""自營商賣出股數(自行買賣)"":""0"",""自營商買賣超股數(自行買賣)"":""0"",""自營商買進股數(避險)"":""0"",""自營商賣出股數(避險)"":""0"",""自營商買賣超股數(避險)"":""0"",""三大法人買賣超股數"":""266,062""}"
2026-10-07,TWSE,6885,全福生技        ,504110,240000,264110,0,0,0,0,0,-1000,"{""證券代號"":""6885"",""證券名稱"":""全福生技        "",""外陸資買進股數(不含外資自營商)"":""504,110"",""外陸資賣出股數(不含外資自營商)"":""240,000"",""外陸資買賣超股數(不含外資自營商)"":""264,110"",""外資自營商買進股數"":""0"",""外資自營商賣出股數"":""0"",""外資自營商買賣超股數"":""0"",""投信買進股數"":""0"",""投信賣出股數"":""0"",""投信買賣超股數"":""0"",""自營商買賣超股數"":""-1,000"",""自營商買進股數(自行買賣)"":""3,000"",""自營商賣出股數(自行買賣)"":""4,000"",""自營商買賣超股數(自行買賣)"":""-1,000"",""自營商買進股數(避險)"":""0"",""自營商賣出股數(避險)"":""0"",""自營商買賣超股數(避險)"":""0"",""三大法人買賣超股數"":""263,110""}"
2026-10-07,TWSE,3019,亞光            ,813158,543200,269958,0,0,0,6000,22170,-10605,"{""證券代號"":""3019"",""證券名稱"":""亞光            "",""外陸資買進股數(不含外資自營商)"":""813,158"",""外陸資賣出股數(不含外資自營商)"":""543,200"",""外陸資買賣超股數(不含外資自營商)"":""269,958"",""外資自營商買進股數"":""0"",""外資自營商賣出股數"":""0"",""外資自營商買賣超股數"":""0"",""投信買進股數"":""0"",""投信賣出股數"":""0"",""投信買賣超股數"":""0"",""自營商買賣超股數"":""-10,605"",""自營商買進股數(自行買賣)"":""12,160"",""自營商賣出股數(自行買賣)"":""6,595"",""自營商買賣超股數(自行買賣)"":""5,565"",""自營商買進股數(避險)"":""6,000"",""自營商賣出股數(避險)"":""22,170"",""自營商買賣超股數(避險)"":""-16,170"",""三大法人買賣超股數"":""259,353""}"
2026-10-07,TWSE,3059,華晶科          ,477000,218000,259000,0,0,0,298,3146,-1848,"{""證券代號"":""3059"",""證券名稱"":""華晶科          "",""外陸資買進股數(不含外資自營商)"":""477,000"",""外陸資賣出股數(不含外資自營商)"":""218,000"",""外陸資買賣超股數(不含外資自營商)"":""259,000"",""外資自營商買進股數"":""0"",""外資自營商賣出股數"":""0"",""外資自營商買賣超股數"":""0"",""投信買進股數"":""0"",""投信賣出股數"":""0"",""投信買賣超股數"":""0"",""自營商買賣超股數"":""-1,848"",""自營商買進股數(自行買賣)"":""1,000"",""自營商賣出股數(自行買賣)"":""0"",""自營商買賣超股數(自行買賣)"":""1,000"",""自營商買進股數(避險)"":""298"",""自營商賣出股數(避險)"":""3,146"",""自營商買賣超股數(避險)"":""-2,848"",""三大法人買賣超股數"":""257,152""}"
2026-10-07,TWSE,6957,裕慶-KY         ,351001,99000,252001,0,0,0,3847,1242,2553,"{""證券代號"":""6957"",""證券名稱"":""裕慶-KY         "",""外陸資買進股數(不含外資自營商)"":""351,001"",""外陸資賣出股數(不含外資自營商)"":""99,000"",""外陸資買賣超股數(不含外資自營商)"":""252,001"",""外資自營商買進股數"":""0"",""外資自營商賣出股數"":""0"",""外資自營商買賣超股數"":""0"",""投信買進股數"":""0"",""投信賣出股數"":""0"",""投信買賣超股數"":""0"",""自營商買賣超股數"":""2,553"",""自營商買進股數(自行買賣)"":""948"",""自營商賣出股數(自行買賣)"":""1,000"",""自營商買賣超股數(自行買賣)"":""-52"",""自營商買進股數(避險)"":""3,847"",""自營商賣出股數(避險)"":""1,242"",""自營商買賣超股數(避險)"":""2,605"",""三大法人買賣超股數"":""254,554""}"
2026-10-07,TWSE,2030,彰源            ,1334124,1062224,271900,0,0,0,0,0,-19000,"{""證券代號"":""2030"",""證券名稱"":""彰源            "",""外陸資買進股數(不含外資自營商)"":""1,334,124"",""外陸資賣出股數(不含外資自營商)"":""1,062,224"",""外陸資買賣超股數(不含外資自營商)"":""271,900"",""外資自營商買進股數"":""0"",""外資自營商賣出股數"":""0"",""外資自營商買賣超股數"":""0"",""投信買進股數"":""0"",""投信賣出股數"":""0"",""投信買賣超股數"":""0"",""自營商買賣超股數"":""-19,000"",""自營商買進股數(自行買賣)"":""3,000"",""自營商賣出股數(自行買賣)"":""22,000"",""自營商買賣超股數(自行買賣)"":""-19,000"",""自營商買進股數(避險)"":""0"",""自營商賣出股數(避險)"":""0"",""自營商買賣超股數(避險)"":""0"",""三大法人買賣超股數"":""252,900""}"
2026-10-07,TWSE,2834,臺企銀          ,4735000,4544000,191000,0,0,0,31000,0,61000,"{""證券代號"":""2834"",""證券名稱"":""臺企銀          "",""外陸資買進股數(不含外資自營商)"":""4,735,000"",""外陸資賣出股數(不含外資自營商)"":""4,544,000"",""外陸資買賣超股數(不含外資自營商)"":""191,000"",""外資自營商買進股數"":""0"",""外資自營商賣出股數"":""0"",""外資自營商買賣超股數"":""0"",""投信買進股數"":""0"",""投信賣出股數"":""0"",""投信買賣超股數"":""0"",""自營商買賣超股數"":""61,000"",""自營商買進股數(自行買賣)"":""30,000"",""自營商賣出股數(自行買賣)"":""0"",""自營商買賣超股數(自行買賣)"":""30,000"",""自營商買進股數(避險)"":""31,000"",""自營商賣出股數(避險)"":""0"",""自營商買賣超股數(避險)"":""31,000"",""三大法人買賣超股數"":""252,000""}"
2026-10-07,TWSE,2458,義隆            ,502317,348229,154088,83000,2196,80804,20843,6861,15982,"{""證券代號"":""2458"",""證券名稱"":""義隆            "",""外陸資買進股數(不含外資自營商)"":""502,317"",""外陸資賣出股數(不含外資自營商)"":""348,229"",""外陸資買賣超股數(不含外資自營商)"":""154,088"",""外資自營商買進股數"":""0"",""外資自營商賣出股數"":""0"",""外資自營商買賣超股數"":""0"",""投信買進股數"":""83,000"",""投信賣出股數"":""2,196"",""投信買賣超股數"":""80,804"",""自營商買賣超股數"":""15,982"",""自營商買進股數(自行買賣)"":""2,000"",""自營商賣出股數(自行買賣)"":""0"",""自營商買賣超股數(自行買賣)"":""2,000"",""自營商買進股數(避險)"":""20,843"",""自營商賣出股數(避險)"":""6,861"",""自營商買賣超股數(避險)"":""13,982"",""三大法人買賣超股數"":""250,874""}"
2026-10-07,TWSE,3694,海華            ,487163,238000,249163,0,0,0,0,0,0,"{""證券代號"":""3694"",""證券名稱"":""海華            "",""外陸資買進股數(不含外資自營商)"":""487,163"",""外陸資賣出股數(不含外資自營商)"":""238,000"",""外陸資買賣超股數(不含外資自營商)"":""249,163"",""外資自營商買進股數"":""0"",""外資自營商賣出股數"":""0"",""外資自營商買賣超股數"":""0"",""投信買進股數"":""0"",""投信賣出股數"":""0"",""投信買賣超股數"":""0"",""自營商買賣超股數"":""0"",""自營商買進股數(自行買賣)"":""0"",""自營商賣出股數(自行買賣)"":""0"",""自營商買賣超股數(自行買賣)"":""0"",""自營商買進股數(避險)"":""0"",""自營商賣出股數(避險)"":""0"",""自營商買賣超股數(避險)"":""0"",""三大法人買賣超股數"":""249,163""}"
2026-10-07,TWSE,2340,台亞            ,12813909,13068706,-254797,0,0,0,1024137,263432,501705,"{""證券代號"":""2340"",""證券名稱"":""台亞            "",""外陸資買進股數(不含外資自營商)"":""12,813,909"",""外陸資賣出股數(不含外資自營商)"":""13,068,706"",""外陸資買賣超股數(不含外資自營商)"":""-254,797"",""外資自營商買進股數"":""0"",""外資自營商賣出股數"":""0"",""外資自營商買賣超股數"":""0"",""投信買進股數"":""0"",""投信賣出股數"":""0"",""投信買賣超股數"":""0"",""自營商買賣超股數"":""501,705"",""自營商買進股數(自行買賣)"":""268,000"",""自營商賣出股數(自行買賣)"":""527,000"",""自營商買賣超股數(自行買賣)"":""-259,000"",""自營商買進股數(避險)"":""1,024,137"",""自營商賣出股數(避險)"":""263,432"",""自營商買賣超股數(避險)"":""760,705"",""三大法人買賣超股數"":""246,908""}"
2026-10-07,TWSE,5522,遠雄            ,361156,92000,269156,0,3755,-3755,0,0,-19000,"{""證券代號"":""5522"",""證券名稱"":""遠雄            "",""外陸資買進股數(不含外資自營商)"":""361,156"",""外陸資賣出股數(不含外資自營商)"":""92,000"",""外陸資買賣超股數(不含外資自營商)"":""269,156"",""外資自營商買進股數"":""0"",""外資自營商賣出股數"":""0"",""外資自營商買賣超股數"":""0"",""投信買進股數"":""0"",""投信賣出股數"":""3,755"",""投信買賣超股數"":""-3,755"",""自營商買賣超股數"":""-19,000"",""自營商買進股數(自行買賣)"":""0"",""自營商賣出股數(自行買賣)"":""19,000"",""自營商買賣超股數(自行買賣)"":""-19,000"",""自營商買進股數(避險)"":""0"",""自營商賣出股數(避險)"":""0"",""自營商買賣超股數(避險)"":""0"",""三大法人買賣超股數"":""246,401""}"
2026-10-07,TWSE,00404A,主動聯博動能50  ,432000,393000,39000,0,0,0,1962819,1756126,206693,"{""證券代號"":""00404A"",""證券名稱"":""主動聯博動能50  "",""外陸資買進股數(不含外資自營商)"":""432,000"",""外陸資賣出股數(不含外資自營商)"":""393,000"",""外陸資買賣超股數(不含外資自營商)"":""39,000"",""外資自營商買進股數"":""0"",""外資自營商賣出股數"":""0"",""外資自營商買賣超股數"":""0"",""投信買進股數"":""0"",""投信賣出股數"":""0"",""投信買賣超股數"":""0"",""自營商買賣超股數"":""206,693"",""自營商買進股數(自行買賣)"":""250,000"",""自營商賣出股數(自行買賣)"":""250,000"",""自營商買賣超股數(自行買賣)"":""0"",""自營商買進股數(避險)"":""1,962,819"",""自營商賣出股數(避險)"":""1,756,126"",""自營商買賣超股數(避險)"":""206,693"",""三大法人買賣超股數"":""245,693""}"
2026-10-07,TWSE,009801,中信美國創新科技,41000,0,41000,0,0,0,436000,232937,203063,"{""證券代號"":""009801"",""證券名稱"":""中信美國創新科技"",""外陸資買進股數(不含外資自營商)"":""41,000"",""外陸資賣出股數(不含外資自營商)"":""0"",""外陸資買賣超股數(不含外資自營商)"":""41,000"",""外資自營商買進股數"":""0"",""外資自營商賣出股數"":""0"",""外資自營商買賣超股數"":""0"",""投信買進股數"":""0"",""投信賣出股數"":""0"",""投信買賣超股數"":""0"",""自營商買賣超股數"":""203,063"",""自營商買進股數(自行買賣)"":""0"",""自營商賣出股數(自行買賣)"":""0"",""自營商買賣超股數(自行買賣)"":""0"",""自營商買進股數(避險)"":""436,000"",""自營商賣出股數(避險)"":""232,937"",""自營商買賣超股數(避險)"":""203,063"",""三大法人買賣超股數"":""244,063""}"
2026-10-07,TWSE,00642U,期元大S&P石油   ,0,10034,-10034,0,0,0,310866,57527,253339,"{""證券代號"":""00642U"",""證券名稱"":""期元大S&P石油   "",""外陸資買進股數(不含外資自營商)"":""0"",""外陸資賣出股數(不含外資自營商)"":""10,034"",""外陸資買賣超股數(不含外資自營商)"":""-10,034"",""外資自營商買進股數"":""0"",""外資自營商賣出股數"":""0"",""外資自營商買賣超股數"":""0"",""投信買進股數"":""0"",""投信賣出股數"":""0"",""投信買賣超股數"":""0"",""自營商買賣超股數"":""253,339"",""自營商買進股數(自行買賣)"":""0"",""自營商賣出股數(自行買賣)"":""0"",""自營商買賣超股數(自行買賣)"":""0"",""自營商買進股數(避險)"":""310,866"",""自營商賣出股數(避險)"":""57,527"",""自營商買賣超股數(避險)"":""253,339"",""三大法人買賣超股數"":""243,305""}"
2026-10-07,TWSE,2820,華票            ,273000,33000,240000,0,0,0,0,0,0,"{""證券代號"":""2820"",""證券名稱"":""華票            "",""外陸資買進股數(不含外資自營商)"":""273,000"",""外陸資賣出股數(不含外資自營商)"":""33,000"",""外陸資買賣超股數(不含外資自營商)"":""240,000"",""外資自營商買進股數"":""0"",""外資自營商賣出股數"":""0"",""外資自營商買賣超股數"":""0"",""投信買進股數"":""0"",""投信賣出股數"":""0"",""投信買賣超股數"":""0"",""自營商買賣超股數"":""0"",""自營商買進股數(自行買賣)"":""0"",""自營商賣出股數(自行買賣)"":""0"",""自營商買賣超股數(自行買賣)"":""0"",""自營商買進股數(避險)"":""0"",""自營商賣出股數(避險)"":""0"",""自營商買賣超股數(避險)"":""0"",""三大法人買賣超股數"":""240,000""}"
2026-10-07,TWSE,3701,大眾控          ,2978480,2799553,178927,0,0,0,59950,1985,57965,"{""證券代號"":""3701"",""證券名稱"":""大眾控          "",""外陸資買進股數(不含外資自營商)"":""2,978,480"",""外陸資賣出股數(不含外資自營商)"":""2,799,553"",""外陸資買賣超股數(不含外資自營商)"":""178,927"",""外資自營商買進股數"":""0"",""外資自營商賣出股數"":""0"",""外資自營商買賣超股數"":""0"",""投信買進股數"":""0"",""投信賣出股數"":""0"",""投信買賣超股數"":""0"",""自營商買賣超股數"":""57,965"",""自營商買進股數(自行買賣)"":""0"",""自營商賣出股數(自行買賣)"":""0"",""自營商買賣超股數(自行買賣)"":""0"",""自營商買進股數(避險)"":""59,950"",""自營商賣出股數(避險)"":""1,985"",""自營商買賣超股數(避險)"":""57,965"",""三大法人買賣超股數"":""236,892""}"
2026-10-07,TWSE,4912,聯德控股-KY     ,330032,97000,233032,0,0,0,0,0,0,"{""證券代號"":""4912"",""證券名稱"":""聯德控股-KY     "",""外陸資買進股數(不含外資自營商)"":""330,032"",""外陸資賣出股數(不含外資自營商)"":""97,000"",""外陸資買賣超股數(不含外資自營商)"":""233,032"",""外資自營商買進股數"":""0"",""外資自營商賣出股數"":""0"",""外資自營商買賣超股數"":""0"",""投信買進股數"":""0"",""投信賣出股數"":""0"",""投信買賣超股數"":""0"",""自營商買賣超股數"":""0"",""自營商買進股數(自行買賣)"":""0"",""自營商賣出股數(自行買賣)"":""0"",""自營商買賣超股數(自行買賣)"":""0"",""自營商買進股數(避險)"":""0"",""自營商賣出股數(避險)"":""0"",""自營商買賣超股數(避險)"":""0"",""三大法人買賣超股數"":""233,032""}"
2026-10-07,TWSE,9907,統一實          ,434000,175000,259000,0,27046,-27046,0,0,0,"{""證券代號"":""9907"",""證券名稱"":""統一實          "",""外陸資買進股數(不含外資自營商)"":""434,000"",""外陸資賣出股數(不含外資自營商)"":""175,000"",""外陸資買賣超股數(不含外資自營商)"":""259,000"",""外資自營商買進股數"":""0"",""外資自營商賣出股數"":""0"",""外資自營商買賣超股數"":""0"",""投信買進股數"":""0"",""投信賣出股數"":""27,046"",""投信買賣超股數"":""-27,046"",""自營商買賣超股數"":""0"",""自營商買進股數(自行買賣)"":""0"",""自營商賣出股數(自行買賣)"":""0"",""自營商買賣超股數(自行買賣)"":""0"",""自營商買進股數(避險)"":""0"",""自營商賣出股數(避險)"":""0"",""自營商買賣超股數(避險)"":""0"",""三大法人買賣超股數"":""231,954""}"
2026-10-07,TWSE,00945B,凱基美國非投等債,675000,0,675000,0,0,0,120000,563508,-443508,"{""證券代號"":""00945B"",""證券名稱"":""凱基美國非投等債"",""外陸資買進股數(不含外資自營商)"":""675,000"",""外陸資賣出股數(不含外資自營商)"":""0"",""外陸資買賣超股數(不含外資自營商)"":""675,000"",""外資自營商買進股數"":""0"",""外資自營商賣出股數"":""0"",""外資自營商買賣超股數"":""0"",""投信買進股數"":""0"",""投信賣出股數"":""0"",""投信買賣超股數"":""0"",""自營商買賣超股數"":""-443,508"",""自營商買進股數(自行買賣)"":""0"",""自營商賣出股數(自行買賣)"":""0"",""自營商買賣超股數(自行買賣)"":""0"",""自營商買進股數(避險)"":""120,000"",""自營商賣出股數(避險)"":""563,508"",""自營商買賣超股數(避險)"":""-443,508"",""三大法人買賣超股數"":""231,492""}"
2026-10-07,TWSE,2850,新產            ,286526,55000,231526,0,1000,-1000,0,0,0,"{""證券代號"":""2850"",""證券名稱"":""新產            "",""外陸資買進股數(不含外資自營商)"":""286,526"",""外陸資賣出股數(不含外資自營商)"":""55,000"",""外陸資買賣超股數(不含外資自營商)"":""231,526"",""外資自營商買進股數"":""0"",""外資自營商賣出股數"":""0"",""外資自營商買賣超股數"":""0"",""投信買進股數"":""0"",""投信賣出股數"":""1,000"",""投信買賣超股數"":""-1,000"",""自營商買賣超股數"":""0"",""自營商買進股數(自行買賣)"":""0"",""自營商賣出股數(自行買賣)"":""0"",""自營商買賣超股數(自行買賣)"":""0"",""自營商買進股數(避險)"":""0"",""自營商賣出股數(避險)"":""0"",""自營商買賣超股數(避險)"":""0"",""三大法人買賣超股數"":""230,526""}"
2026-10-07,TWSE,1442,名軒            ,269645,43000,226645,0,0,0,0,0,2000,"{""證券代號"":""1442"",""證券名稱"":""名軒            "",""外陸資買進股數(不含外資自營商)"":""269,645"",""外陸資賣出股數(不含外資自營商)"":""43,000"",""外陸資買賣超股數(不含外資自營商)"":""226,645"",""外資自營商買進股數"":""0"",""外資自營商賣出股數"":""0"",""外資自營商買賣超股數"":""0"",""投信買進股數"":""0"",""投信賣出股數"":""0"",""投信買賣超股數"":""0"",""自營商買賣超股數"":""2,000"",""自營商買進股數(自行買賣)"":""2,000"",""自營商賣出股數(自行買賣)"":""0"",""自營商買賣超股數(自行買賣)"":""2,000"",""自營商買進股數(避險)"":""0"",""自營商賣出股數(避險)"":""0"",""自營商買賣超股數(避險)"":""0"",""三大法人買賣超股數"":""228,645""}"
2026-10-07,TWSE,3056,富華新          ,249000,22000,227000,0,0,0,0,0,0,"{""證券代號"":""3056"",""證券名稱"":""富華新          "",""外陸資買進股數(不含外資自營商)"":""249,000"",""外陸資賣出股數(不含外資自營商)"":""22,000"",""外陸資買賣超股數(不含外資自營商)"":""227,000"",""外資自營商買進股數"":""0"",""外資自營商賣出股數"":""0"",""外資自營商買賣超股數"":""0"",""投信買進股數"":""0"",""投信賣出股數"":""0"",""投信買賣超股數"":""0"",""自營商買賣超股數"":""0"",""自營商買進股數(自行買賣)"":""0"",""自營商賣出股數(自行買賣)"":""0"",""自營商買賣超股數(自行買賣)"":""0"",""自營商買進股數(避險)"":""0"",""自營商賣出股數(避險)"":""0"",""自營商買賣超股數(避險)"":""0"",""三大法人買賣超股數"":""227,000""}"
2026-10-07,TWSE,2547,日勝生          ,420000,182000,238000,0,12526,-12526,0,0,0,"{""證券代號"":""2547"",""證券名稱"":""日勝生          "",""外陸資買進股數(不含外資自營商)"":""420,000"",""外陸資賣出股數(不含外資自營商)"":""182,000"",""外陸資買賣超股數(不含外資自營商)"":""238,000"",""外資自營商買進股數"":""0"",""外資自營商賣出股數"":""0"",""外資自營商買賣超股數"":""0"",""投信買進股數"":""0"",""投信賣出股數"":""12,526"",""投信買賣超股數"":""-12,526"",""自營商買賣超股數"":""0"",""自營商買進股數(自行買賣)"":""0"",""自營商賣出股數(自行買賣)"":""0"",""自營商買賣超股數(自行買賣)"":""0"",""自營商買進股數(避險)"":""0"",""自營商賣出股數(避險)"":""0"",""自營商買賣超股數(避險)"":""0"",""三大法人買賣超股數"":""225,474""}"
2026-10-07,TWSE,3011,今皓            ,297050,73000,224050,0,0,0,0,0,0,"{""證券代號"":""3011"",""證券名稱"":""今皓            "",""外陸資買進股數(不含外資自營商)"":""297,050"",""外陸資賣出股數(不含外資自營商)"":""73,000"",""外陸資買賣超股數(不含外資自營商)"":""224,050"",""外資自營商買進股數"":""0"",""外資自營商賣出股數"":""0"",""外資自營商買賣超股數"":""0"",""投信買進股數"":""0"",""投信賣出股數"":""0"",""投信買賣超股數"":""0"",""自營商買賣超股數"":""0"",""自營商買進股數(自行買賣)"":""0"",""自營商賣出股數(自行買賣)"":""0"",""自營商買賣超股數(自行買賣)"":""0"",""自營商買進股數(避險)"":""0"",""自營商賣出股數(避險)"":""0"",""自營商買賣超股數(避險)"":""0"",""三大法人買賣超股數"":""224,050""}"
2026-10-07,TWSE,3305,昇貿            ,309143,105050,204093,0,0,0,31764,15905,18859,"{""證券代號"":""3305"",""證券名稱"":""昇貿            "",""外陸資買進股數(不含外資自營商)"":""309,143"",""外陸資賣出股數(不含外資自營商)"":""105,050"",""外陸資買賣超股數(不含外資自營商)"":""204,093"",""外資自營商買進股數"":""0"",""外資自營商賣出股數"":""0"",""外資自營商買賣超股數"":""0"",""投信買進股數"":""0"",""投信賣出股數"":""0"",""投信買賣超股數"":""0"",""自營商買賣超股數"":""18,859"",""自營商買進股數(自行買賣)"":""3,000"",""自營商賣出股數(自行買賣)"":""0"",""自營商買賣超股數(自行買賣)"":""3,000"",""自營商買進股數(避險)"":""31,764"",""自營商賣出股數(避險)"":""15,905"",""自營商買賣超股數(避險)"":""15,859"",""三大法人買賣超股數"":""222,952""}"
2026-10-07,TWSE,6668,中揚光          ,1233687,1011000,222687,0,0,0,0,0,-2000,"{""證券代號"":""6668"",""證券名稱"":""中揚光          "",""外陸資買進股數(不含外資自營商)"":""1,233,687"",""外陸資賣出股數(不含外資自營商)"":""1,011,000"",""外陸資買賣超股數(不含外資自營商)"":""222,687"",""外資自營商買進股數"":""0"",""外資自營商賣出股數"":""0"",""外資自營商買賣超股數"":""0"",""投信買進股數"":""0"",""投信賣出股數"":""0"",""投信買賣超股數"":""0"",""自營商買賣超股數"":""-2,000"",""自營商買進股數(自行買賣)"":""1,000"",""自營商賣出股數(自行買賣)"":""3,000"",""自營商買賣超股數(自行買賣)"":""-2,000"",""自營商買進股數(避險)"":""0"",""自營商賣出股數(避險)"":""0"",""自營商買賣超股數(避險)"":""0"",""三大法人買賣超股數"":""220,687""}"
2026-10-07,TWSE,1536,和大            ,334504,113194,221310,0,0,0,81,1000,-919,"{""證券代號"":""1536"",""證券名稱"":""和大            "",""外陸資買進股數(不含外資自營商)"":""334,504"",""外陸資賣出股數(不含外資自營商)"":""113,194"",""外陸資買賣超股數(不含外資自營商)"":""221,310"",""外資自營商買進股數"":""0"",""外資自營商賣出股數"":""0"",""外資自營商買賣超股數"":""0"",""投信買進股數"":""0"",""投信賣出股數"":""0"",""投信買賣超股數"":""0"",""自營商買賣超股數"":""-919"",""自營商買進股數(自行買賣)"":""0"",""自營商賣出股數(自行買賣)"":""0"",""自營商買賣超股數(自行買賣)"":""0"",""自營商買進股數(避險)"":""81"",""自營商賣出股數(避險)"":""1,000"",""自營商買賣超股數(避險)"":""-919"",""三大法人買賣超股數"":""220,391""}"
2026-10-07,TWSE,1617,榮星            ,772790,539340,233450,0,0,0,0,0,-15000,"{""證券代號"":""1617"",""證券名稱"":""榮星            "",""外陸資買進股數(不含外資自營商)"":""772,790"",""外陸資賣出股數(不含外資自營商)"":""539,340"",""外陸資買賣超股數(不含外資自營商)"":""233,450"",""外資自營商買進股數"":""0"",""外資自營商賣出股數"":""0"",""外資自營商買賣超股數"":""0"",""投信買進股數"":""0"",""投信賣出股數"":""0"",""投信買賣超股數"":""0"",""自營商買賣超股數"":""-15,000"",""自營商買進股數(自行買賣)"":""1,000"",""自營商賣出股數(自行買賣)"":""16,000"",""自營商買賣超股數(自行買賣)"":""-15,000"",""自營商買進股數(避險)"":""0"",""自營商賣出股數(避險)"":""0"",""自營商買賣超股數(避險)"":""0"",""三大法人買賣超股數"":""218,450""}"
2026-10-07,TWSE,2106,建大            ,339740,123050,216690,0,0,0,0,0,0,"{""證券代號"":""2106"",""證券名稱"":""建大            "",""外陸資買進股數(不含外資自營商)"":""339,740"",""外陸資賣出股數(不含外資自營商)"":""123,050"",""外陸資買賣超股數(不含外資自營商)"":""216,690"",""外資自營商買進股數"":""0"",""外資自營商賣出股數"":""0"",""外資自營商買賣超股數"":""0"",""投信買進股數"":""0"",""投信賣出股數"":""0"",""投信買賣超股數"":""0"",""自營商買賣超股數"":""0"",""自營商買進股數(自行買賣)"":""0"",""自營商賣出股數(自行買賣)"":""0"",""自營商買賣超股數(自行買賣)"":""0"",""自營商買進股數(避險)"":""0"",""自營商賣出股數(避險)"":""0"",""自營商買賣超股數(避險)"":""0"",""三大法人買賣超股數"":""216,690""}"
2026-10-07,TWSE,2903,遠百            ,381075,201000,180075,0,0,0,0,0,30000,"{""證券代號"":""2903"",""證券名稱"":""遠百            "",""外陸資買進股數(不含外資自營商)"":""381,075"",""外陸資賣出股數(不含外資自營商)"":""201,000"",""外陸資買賣超股數(不含外資自營商)"":""180,075"",""外資自營商買進股數"":""0"",""外資自營商賣出股數"":""0"",""外資自營商買賣超股數"":""0"",""投信買進股數"":""0"",""投信賣出股數"":""0"",""投信買賣超股數"":""0"",""自營商買賣超股數"":""30,000"",""自營商買進股數(自行買賣)"":""30,000"",""自營商賣出股數(自行買賣)"":""0"",""自營商買賣超股數(自行買賣)"":""30,000"",""自營商買進股數(避險)"":""0"",""自營商賣出股數(避險)"":""0"",""自營商買賣超股數(避險)"":""0"",""三大法人買賣超股數"":""210,075""}"
2026-10-07,TWSE,6742,澤米            ,373948,165000,208948,0,0,0,0,0,-417,"{""證券代號"":""6742"",""證券名稱"":""澤米            "",""外陸資買進股數(不含外資自營商)"":""373,948"",""外陸資賣出股數(不含外資自營商)"":""165,000"",""外陸資買賣超股數(不含外資自營商)"":""208,948"",""外資自營商買進股數"":""0"",""外資自營商賣出股數"":""0"",""外資自營商買賣超股數"":""0"",""投信買進股數"":""0"",""投信賣出股數"":""0"",""投信買賣超股數"":""0"",""自營商買賣超股數"":""-417"",""自營商買進股數(自行買賣)"":""0"",""自營商賣出股數(自行買賣)"":""417"",""自營商買賣超股數(自行買賣)"":""-417"",""自營商買進股數(避險)"":""0"",""自營商賣出股數(避險)"":""0"",""自營商買賣超股數(避險)"":""0"",""三大法人買賣超股數"":""208,531""}"
2026-10-07,TWSE,3060,銘異            ,403972,190002,213970,0,0,0,41,0,-5959,"{""證券代號"":""3060"",""證券名稱"":""銘異            "",""外陸資買進股數(不含外資自營商)"":""403,972"",""外陸資賣出股數(不含外資自營商)"":""190,002"",""外陸資買賣超股數(不含外資自營商)"":""213,970"",""外資自營商買進股數"":""0"",""外資自營商賣出股數"":""0"",""外資自營商買賣超股數"":""0"",""投信買進股數"":""0"",""投信賣出股數"":""0"",""投信買賣超股數"":""0"",""自營商買賣超股數"":""-5,959"",""自營商買進股數(自行買賣)"":""0"",""自營商賣出股數(自行買賣)"":""6,000"",""自營商買賣超股數(自行買賣)"":""-6,000"",""自營商買進股數(避險)"":""41"",""自營商賣出股數(避險)"":""0"",""自營商買賣超股數(避險)"":""41"",""三大法人買賣超股數"":""208,011""}"
2026-10-07,TWSE,1522,堤維西          ,250194,43000,207194,0,0,0,0,0,0,"{""證券代號"":""1522"",""證券名稱"":""堤維西          "",""外陸資買進股數(不含外資自營商)"":""250,194"",""外陸資賣出股數(不含外資自營商)"":""43,000"",""外陸資買賣超股數(不含外資自營商)"":""207,194"",""外資自營商買進股數"":""0"",""外資自營商賣出股數"":""0"",""外資自營商買賣超股數"":""0"",""投信買進股數"":""0"",""投信賣出股數"":""0"",""投信買賣超股數"":""0"",""自營商買賣超股數"":""0"",""自營商買進股數(自行買賣)"":""0"",""自營商賣出股數(自行買賣)"":""0"",""自營商買賣超股數(自行買賣)"":""0"",""自營商買進股數(避險)"":""0"",""自營商賣出股數(避險)"":""0"",""自營商買賣超股數(避險)"":""0"",""三大法人買賣超股數"":""207,194""}"
2026-10-07,TWSE,6415,矽力*-KY        ,1113672,881107,232565,2000,0,2000,25139,47399,-30260,"{""證券代號"":""6415"",""證券名稱"":""矽力*-KY        "",""外陸資買進股數(不含外資自營商)"":""1,113,672"",""外陸資賣出股數(不含外資自營商)"":""881,107"",""外陸資買賣超股數(不含外資自營商)"":""232,565"",""外資自營商買進股數"":""0"",""外資自營商賣出股數"":""0"",""外資自營商買賣超股數"":""0"",""投信買進股數"":""2,000"",""投信賣出股數"":""0"",""投信買賣超股數"":""2,000"",""自營商買賣超股數"":""-30,260"",""自營商買進股數(自行買賣)"":""0"",""自營商賣出股數(自行買賣)"":""8,000"",""自營商買賣超股數(自行買賣)"":""-8,000"",""自營商買進股數(避險)"":""25,139"",""自營商賣出股數(避險)"":""47,399"",""自營商買賣超股數(避險)"":""-22,260"",""三大法人買賣超股數"":""204,305""}"
2026-10-07,TWSE,1218,泰山            ,252000,49000,203000,0,0,0,0,0,0,"{""證券代號"":""1218"",""證券名稱"":""泰山            "",""外陸資買進股數(不含外資自營商)"":""252,000"",""外陸資賣出股數(不含外資自營商)"":""49,000"",""外陸資買賣超股數(不含外資自營商)"":""203,000"",""外資自營商買進股數"":""0"",""外資自營商賣出股數"":""0"",""外資自營商買賣超股數"":""0"",""投信買進股數"":""0"",""投信賣出股數"":""0"",""投信買賣超股數"":""0"",""自營商買賣超股數"":""0"",""自營商買進股數(自行買賣)"":""0"",""自營商賣出股數(自行買賣)"":""0"",""自營商買賣超股數(自行買賣)"":""0"",""自營商買進股數(避險)"":""0"",""自營商賣出股數(避險)"":""0"",""自營商買賣超股數(避險)"":""0"",""三大法人買賣超股數"":""203,000""}"
2026-10-07,TWSE,1736,喬山            ,532000,328000,204000,0,0,0,7000,7093,-3093,"{""證券代號"":""1736"",""證券名稱"":""喬山            "",""外陸資買進股數(不含外資自營商)"":""532,000"",""外陸資賣出股數(不含外資自營商)"":""328,000"",""外陸資買賣超股數(不含外資自營商)"":""204,000"",""外資自營商買進股數"":""0"",""外資自營商賣出股數"":""0"",""外資自營商買賣超股數"":""0"",""投信買進股數"":""0"",""投信賣出股數"":""0"",""投信買賣超股數"":""0"",""自營商買賣超股數"":""-3,093"",""自營商買進股數(自行買賣)"":""0"",""自營商賣出股數(自行買賣)"":""3,000"",""自營商買賣超股數(自行買賣)"":""-3,000"",""自營商買進股數(避險)"":""7,000"",""自營商賣出股數(避險)"":""7,093"",""自營商買賣超股數(避險)"":""-93"",""三大法人買賣超股數"":""200,907""}"
2026-10-07,TWSE,6901,鑽石投資        ,894085,710000,184085,0,0,0,0,0,16000,"{""證券代號"":""6901"",""證券名稱"":""鑽石投資        "",""外陸資買進股數(不含外資自營商)"":""894,085"",""外陸資賣出股數(不含外資自營商)"":""710,000"",""外陸資買賣超股數(不含外資自營商)"":""184,085"",""外資自營商買進股數"":""0"",""外資自營商賣出股數"":""0"",""外資自營商買賣超股數"":""0"",""投信買進股數"":""0"",""投信賣出股數"":""0"",""投信買賣超股數"":""0"",""自營商買賣超股數"":""16,000"",""自營商買進股數(自行買賣)"":""16,000"",""自營商賣出股數(自行買賣)"":""0"",""自營商買賣超股數(自行買賣)"":""16,000"",""自營商買進股數(避險)"":""0"",""自營商賣出股數(避險)"":""0"",""自營商買賣超股數(避險)"":""0"",""三大法人買賣超股數"":""200,085""}"
2026-10-07,TWSE,6196,帆宣            ,681668,471371,210297,5000,0,5000,5280,20977,-15697,"{""證券代號"":""6196"",""證券名稱"":""帆宣            "",""外陸資買進股數(不含外資自營商)"":""681,668"",""外陸資賣出股數(不含外資自營商)"":""471,371"",""外陸資買賣超股數(不含外資自營商)"":""210,297"",""外資自營商買進股數"":""0"",""外資自營商賣出股數"":""0"",""外資自營商買賣超股數"":""0"",""投信買進股數"":""5,000"",""投信賣出股數"":""0"",""投信買賣超股數"":""5,000"",""自營商買賣超股數"":""-15,697"",""自營商買進股數(自行買賣)"":""2,000"",""自營商賣出股數(自行買賣)"":""2,000"",""自營商買賣超股數(自行買賣)"":""0"",""自營商買進股數(避險)"":""5,280"",""自營商賣出股數(避險)"":""20,977"",""自營商買賣超股數(避險)"":""-15,697"",""三大法人買賣超股數"":""199,600""}"
2026-10-07,TWSE,2441,超豐            ,1274658,1231217,43441,180000,9000,171000,28101,46835,-15734,"{""證券代號"":""2441"",""證券名稱"":""超豐            "",""外陸資買進股數(不含外資自營商)"":""1,274,658"",""外陸資賣出股數(不含外資自營商)"":""1,231,217"",""外陸資買賣超股數(不含外資自營商)"":""43,441"",""外資自營商買進股數"":""0"",""外資自營商賣出股數"":""0"",""外資自營商買賣超股數"":""0"",""投信買進股數"":""180,000"",""投信賣出股數"":""9,000"",""投信買賣超股數"":""171,000"",""自營商買賣超股數"":""-15,734"",""自營商買進股數(自行買賣)"":""3,000"",""自營商賣出股數(自行買賣)"":""0"",""自營商買賣超股數(自行買賣)"":""3,000"",""自營商買進股數(避險)"":""28,101"",""自營商賣出股數(避險)"":""46,835"",""自營商買賣超股數(避險)"":""-18,734"",""三大法人買賣超股數"":""198,707""}"
2026-10-07,TWSE,2349,錸德            ,461389,264339,197050,0,0,0,0,0,0,"{""證券代號"":""2349"",""證券名稱"":""錸德            "",""外陸資買進股數(不含外資自營商)"":""461,389"",""外陸資賣出股數(不含外資自營商)"":""264,339"",""外陸資買賣超股數(不含外資自營商)"":""197,050"",""外資自營商買進股數"":""0"",""外資自營商賣出股數"":""0"",""外資自營商買賣超股數"":""0"",""投信買進股數"":""0"",""投信賣出股數"":""0"",""投信買賣超股數"":""0"",""自營商買賣超股數"":""0"",""自營商買進股數(自行買賣)"":""0"",""自營商賣出股數(自行買賣)"":""0"",""自營商買賣超股數(自行買賣)"":""0"",""自營商買進股數(避險)"":""0"",""自營商賣出股數(避險)"":""0"",""自營商買賣超股數(避險)"":""0"",""三大法人買賣超股數"":""197,050""}"
2026-10-07,TWSE,6205,詮欣            ,328426,133000,195426,0,0,0,0,424,-424,"{""證券代號"":""6205"",""證券名稱"":""詮欣            "",""外陸資買進股數(不含外資自營商)"":""328,426"",""外陸資賣出股數(不含外資自營商)"":""133,000"",""外陸資買賣超股數(不含外資自營商)"":""195,426"",""外資自營商買進股數"":""0"",""外資自營商賣出股數"":""0"",""外資自營商買賣超股數"":""0"",""投信買進股數"":""0"",""投信賣出股數"":""0"",""投信買賣超股數"":""0"",""自營商買賣超股數"":""-424"",""自營商買進股數(自行買賣)"":""0"",""自營商賣出股數(自行買賣)"":""0"",""自營商買賣超股數(自行買賣)"":""0"",""自營商買進股數(避險)"":""0"",""自營商賣出股數(避險)"":""424"",""自營商買賣超股數(避險)"":""-424"",""三大法人買賣超股數"":""195,002""}"
2026-10-07,TWSE,6153,嘉聯益          ,1013176,828422,184754,0,0,0,0,0,4950,"{""證券代號"":""6153"",""證券名稱"":""嘉聯益          "",""外陸資買進股數(不含外資自營商)"":""1,013,176"",""外陸資賣出股數(不含外資自營商)"":""828,422"",""外陸資買賣超股數(不含外資自營商)"":""184,754"",""外資自營商買進股數"":""0"",""外資自營商賣出股數"":""0"",""外資自營商買賣超股數"":""0"",""投信買進股數"":""0"",""投信賣出股數"":""0"",""投信買賣超股數"":""0"",""自營商買賣超股數"":""4,950"",""自營商買進股數(自行買賣)"":""9,000"",""自營商賣出股數(自行買賣)"":""4,050"",""自營商買賣超股數(自行買賣)"":""4,950"",""自營商買進股數(避險)"":""0"",""自營商賣出股數(避險)"":""0"",""自營商買賣超股數(避險)"":""0"",""三大法人買賣超股數"":""189,704""}"
2026-10-07,TWSE,1528,恩德            ,493000,305295,187705,0,0,0,0,0,0,"{""證券代號"":""1528"",""證券名稱"":""恩德            "",""外陸資買進股數(不含外資自營商)"":""493,000"",""外陸資賣出股數(不含外資自營商)"":""305,295"",""外陸資買賣超股數(不含外資自營商)"":""187,705"",""外資自營商買進股數"":""0"",""外資自營商賣出股數"":""0"",""外資自營商買賣超股數"":""0"",""投信買進股數"":""0"",""投信賣出股數"":""0"",""投信買賣超股數"":""0"",""自營商買賣超股數"":""0"",""自營商買進股數(自行買賣)"":""0"",""自營商賣出股數(自行買賣)"":""0"",""自營商買賣超股數(自行買賣)"":""0"",""自營商買進股數(避險)"":""0"",""自營商賣出股數(避險)"":""0"",""自營商買賣超股數(避險)"":""0"",""三大法人買賣超股數"":""187,705""}"
2026-10-07,TWSE,1524,耿鼎            ,186206,4000,182206,0,0,0,0,0,0,"{""證券代號"":""1524"",""證券名稱"":""耿鼎            "",""外陸資買進股數(不含外資自營商)"":""186,206"",""外陸資賣出股數(不含外資自營商)"":""4,000"",""外陸資買賣超股數(不含外資自營商)"":""182,206"",""外資自營商買進股數"":""0"",""外資自營商賣出股數"":""0"",""外資自營商買賣超股數"":""0"",""投信買進股數"":""0"",""投信賣出股數"":""0"",""投信買賣超股數"":""0"",""自營商買賣超股數"":""0"",""自營商買進股數(自行買賣)"":""0"",""自營商賣出股數(自行買賣)"":""0"",""自營商買賣超股數(自行買賣)"":""0"",""自營商買進股數(避險)"":""0"",""自營商賣出股數(避險)"":""0"",""自營商買賣超股數(避險)"":""0"",""三大法人買賣超股數"":""182,206""}"
2026-10-07,TWSE,8476,台境*           ,319000,139000,180000,0,0,0,0,0,0,"{""證券代號"":""8476"",""證券名稱"":""台境*           "",""外陸資買進股數(不含外資自營商)"":""319,000"",""外陸資賣出股數(不含外資自營商)"":""139,000"",""外陸資買賣超股數(不含外資自營商)"":""180,000"",""外資自營商買進股數"":""0"",""外資自營商賣出股數"":""0"",""外資自營商買賣超股數"":""0"",""投信買進股數"":""0"",""投信賣出股數"":""0"",""投信買賣超股數"":""0"",""自營商買賣超股數"":""0"",""自營商買進股數(自行買賣)"":""1,000"",""自營商賣出股數(自行買賣)"":""1,000"",""自營商買賣超股數(自行買賣)"":""0"",""自營商買進股數(避險)"":""0"",""自營商賣出股數(避險)"":""0"",""自營商買賣超股數(避險)"":""0"",""三大法人買賣超股數"":""180,000""}"
2026-10-07,TWSE,2535,達欣工          ,215687,41006,174681,0,0,0,0,0,1000,"{""證券代號"":""2535"",""證券名稱"":""達欣工          "",""外陸資買進股數(不含外資自營商)"":""215,687"",""外陸資賣出股數(不含外資自營商)"":""41,006"",""外陸資買賣超股數(不含外資自營商)"":""174,681"",""外資自營商買進股數"":""0"",""外資自營商賣出股數"":""0"",""外資自營商買賣超股數"":""0"",""投信買進股數"":""0"",""投信賣出股數"":""0"",""投信買賣超股數"":""0"",""自營商買賣超股數"":""1,000"",""自營商買進股數(自行買賣)"":""2,000"",""自營商賣出股數(自行買賣)"":""1,000"",""自營商買賣超股數(自行買賣)"":""1,000"",""自營商買進股數(避險)"":""0"",""自營商賣出股數(避險)"":""0"",""自營商買賣超股數(避險)"":""0"",""三大法人買賣超股數"":""175,681""}"
2026-10-07,TWSE,2404,漢唐            ,339856,176241,163615,46000,1096,44904,7717,37746,-32953,"{""證券代號"":""2404"",""證券名稱"":""漢唐            "",""外陸資買進股數(不含外資自營商)"":""339,856"",""外陸資賣出股數(不含外資自營商)"":""176,241"",""外陸資買賣超股數(不含外資自營商)"":""163,615"",""外資自營商買進股數"":""0"",""外資自營商賣出股數"":""0"",""外資自營商買賣超股數"":""0"",""投信買進股數"":""46,000"",""投信賣出股數"":""1,096"",""投信買賣超股數"":""44,904"",""自營商買賣超股數"":""-32,953"",""自營商買進股數(自行買賣)"":""8,376"",""自營商賣出股數(自行買賣)"":""11,300"",""自營商買賣超股數(自行買賣)"":""-2,924"",""自營商買進股數(避險)"":""7,717"",""自營商賣出股數(避險)"":""37,746"",""自營商買賣超股數(避險)"":""-30,029"",""三大法人買賣超股數"":""175,566""}"
2026-10-07,TWSE,3167,大量            ,453306,295422,157884,0,0,0,1500,779,17493,"{""證券代號"":""3167"",""證券名稱"":""大量            "",""外陸資買進股數(不含外資自營商)"":""453,306"",""外陸資賣出股數(不含外資自營商)"":""295,422"",""外陸資買賣超股數(不含外資自營商)"":""157,884"",""外資自營商買進股數"":""0"",""外資自營商賣出股數"":""0"",""外資自營商買賣超股數"":""0"",""投信買進股數"":""0"",""投信賣出股數"":""0"",""投信買賣超股數"":""0"",""自營商買賣超股數"":""17,493"",""自營商買進股數(自行買賣)"":""19,127"",""自營商賣出股數(自行買賣)"":""2,355"",""自營商買賣超股數(自行買賣)"":""16,772"",""自營商買進股數(避險)"":""1,500"",""自營商賣出股數(避險)"":""779"",""自營商買賣超股數(避險)"":""721"",""三大法人買賣超股數"":""175,377""}"
2026-10-07,TWSE,00648R,元大S&P500反1   ,0,0,0,0,0,0,180000,4900,175100,"{""證券代號"":""00648R"",""證券名稱"":""元大S&P500反1   "",""外陸資買進股數(不含外資自營商)"":""0"",""外陸資賣出股數(不含外資自營商)"":""0"",""外陸資買賣超股數(不含外資自營商)"":""0"",""外資自營商買進股數"":""0"",""外資自營商賣出股數"":""0"",""外資自營商買賣超股數"":""0"",""投信買進股數"":""0"",""投信賣出股數"":""0"",""投信買賣超股數"":""0"",""自營商買賣超股數"":""175,100"",""自營商買進股數(自行買賣)"":""0"",""自營商賣出股數(自行買賣)"":""0"",""自營商買賣超股數(自行買賣)"":""0"",""自營商買進股數(避險)"":""180,000"",""自營商賣出股數(避險)"":""4,900"",""自營商買賣超股數(避險)"":""175,100"",""三大法人買賣超股數"":""175,100""}"
2026-10-07,TWSE,1201,味全            ,383000,143000,240000,0,0,0,0,0,-65000,"{""證券代號"":""1201"",""證券名稱"":""味全            "",""外陸資買進股數(不含外資自營商)"":""383,000"",""外陸資賣出股數(不含外資自營商)"":""143,000"",""外陸資買賣超股數(不含外資自營商)"":""240,000"",""外資自營商買進股數"":""0"",""外資自營商賣出股數"":""0"",""外資自營商買賣超股數"":""0"",""投信買進股數"":""0"",""投信賣出股數"":""0"",""投信買賣超股數"":""0"",""自營商買賣超股數"":""-65,000"",""自營商買進股數(自行買賣)"":""0"",""自營商賣出股數(自行買賣)"":""65,000"",""自營商買賣超股數(自行買賣)"":""-65,000"",""自營商買進股數(避險)"":""0"",""自營商賣出股數(避險)"":""0"",""自營商買賣超股數(避險)"":""0"",""三大法人買賣超股數"":""175,000""}"
2026-10-07,TWSE,4526,東台            ,447105,262000,185105,0,0,0,0,12464,-12464,"{""證券代號"":""4526"",""證券名稱"":""東台            "",""外陸資買進股數(不含外資自營商)"":""447,105"",""外陸資賣出股數(不含外資自營商)"":""262,000"",""外陸資買賣超股數(不含外資自營商)"":""185,105"",""外資自營商買進股數"":""0"",""外資自營商賣出股數"":""0"",""外資自營商買賣超股數"":""0"",""投信買進股數"":""0"",""投信賣出股數"":""0"",""投信買賣超股數"":""0"",""自營商買賣超股數"":""-12,464"",""自營商買進股數(自行買賣)"":""0"",""自營商賣出股數(自行買賣)"":""0"",""自營商買賣超股數(自行買賣)"":""0"",""自營商買進股數(避險)"":""0"",""自營商賣出股數(避險)"":""12,464"",""自營商買賣超股數(避險)"":""-12,464"",""三大法人買賣超股數"":""172,641""}"
2026-10-07,TWSE,1618,合機            ,204120,33582,170538,0,0,0,0,0,0,"{""證券代號"":""1618"",""證券名稱"":""合機            "",""外陸資買進股數(不含外資自營商)"":""204,120"",""外陸資賣出股數(不含外資自營商)"":""33,582"",""外陸資買賣超股數(不含外資自營商)"":""170,538"",""外資自營商買進股數"":""0"",""外資自營商賣出股數"":""0"",""外資自營商買賣超股數"":""0"",""投信買進股數"":""0"",""投信賣出股數"":""0"",""投信買賣超股數"":""0"",""自營商買賣超股數"":""0"",""自營商買進股數(自行買賣)"":""0"",""自營商賣出股數(自行買賣)"":""0"",""自營商買賣超股數(自行買賣)"":""0"",""自營商買進股數(避險)"":""0"",""自營商賣出股數(避險)"":""0"",""自營商買賣超股數(避險)"":""0"",""三大法人買賣超股數"":""170,538""}"
2026-10-07,TWSE,8105,凌巨            ,445000,285000,160000,0,0,0,9000,0,9000,"{""證券代號"":""8105"",""證券名稱"":""凌巨            "",""外陸資買進股數(不含外資自營商)"":""445,000"",""外陸資賣出股數(不含外資自營商)"":""285,000"",""外陸資買賣超股數(不含外資自營商)"":""160,000"",""外資自營商買進股數"":""0"",""外資自營商賣出股數"":""0"",""外資自營商買賣超股數"":""0"",""投信買進股數"":""0"",""投信賣出股數"":""0"",""投信買賣超股數"":""0"",""自營商買賣超股數"":""9,000"",""自營商買進股數(自行買賣)"":""0"",""自營商賣出股數(自行買賣)"":""0"",""自營商買賣超股數(自行買賣)"":""0"",""自營商買進股數(避險)"":""9,000"",""自營商賣出股數(避險)"":""0"",""自營商買賣超股數(避險)"":""9,000"",""三大法人買賣超股數"":""169,000""}"
2026-10-07,TWSE,3058,立德            ,182000,13000,169000,0,0,0,0,0,0,"{""證券代號"":""3058"",""證券名稱"":""立德            "",""外陸資買進股數(不含外資自營商)"":""182,000"",""外陸資賣出股數(不含外資自營商)"":""13,000"",""外陸資買賣超股數(不含外資自營商)"":""169,000"",""外資自營商買進股數"":""0"",""外資自營商賣出股數"":""0"",""外資自營商買賣超股數"":""0"",""投信買進股數"":""0"",""投信賣出股數"":""0"",""投信買賣超股數"":""0"",""自營商買賣超股數"":""0"",""自營商買進股數(自行買賣)"":""0"",""自營商賣出股數(自行買賣)"":""0"",""自營商買賣超股數(自行買賣)"":""0"",""自營商買進股數(避險)"":""0"",""自營商賣出股數(避險)"":""0"",""自營商買賣超股數(避險)"":""0"",""三大法人買賣超股數"":""169,000""}"
2026-10-07,TWSE,7855,和運租車        ,140586,14000,126586,0,0,0,0,0,41000,"{""證券代號"":""7855"",""證券名稱"":""和運租車        "",""外陸資買進股數(不含外資自營商)"":""140,586"",""外陸資賣出股數(不含外資自營商)"":""14,000"",""外陸資買賣超股數(不含外資自營商)"":""126,586"",""外資自營商買進股數"":""0"",""外資自營商賣出股數"":""0"",""外資自營商買賣超股數"":""0"",""投信買進股數"":""0"",""投信賣出股數"":""0"",""投信買賣超股數"":""0"",""自營商買賣超股數"":""41,000"",""自營商買進股數(自行買賣)"":""41,000"",""自營商賣出股數(自行買賣)"":""0"",""自營商買賣超股數(自行買賣)"":""41,000"",""自營商買進股數(避險)"":""0"",""自營商賣出股數(避險)"":""0"",""自營商買賣超股數(避險)"":""0"",""三大法人買賣超股數"":""167,586""}"
2026-10-07,TWSE,6177,達麗            ,394217,220000,174217,0,6895,-6895,0,0,-441,"{""證券代號"":""6177"",""證券名稱"":""達麗            "",""外陸資買進股數(不含外資自營商)"":""394,217"",""外陸資賣出股數(不含外資自營商)"":""220,000"",""外陸資買賣超股數(不含外資自營商)"":""174,217"",""外資自營商買進股數"":""0"",""外資自營商賣出股數"":""0"",""外資自營商買賣超股數"":""0"",""投信買進股數"":""0"",""投信賣出股數"":""6,895"",""投信買賣超股數"":""-6,895"",""自營商買賣超股數"":""-441"",""自營商買進股數(自行買賣)"":""559"",""自營商賣出股數(自行買賣)"":""1,000"",""自營商買賣超股數(自行買賣)"":""-441"",""自營商買進股數(避險)"":""0"",""自營商賣出股數(避險)"":""0"",""自營商買賣超股數(避險)"":""0"",""三大法人買賣超股數"":""166,881""}"
2026-10-07,TWSE,1227,佳格            ,374257,208000,166257,0,0,0,0,0,0,"{""證券代號"":""1227"",""證券名稱"":""佳格            "",""外陸資買進股數(不含外資自營商)"":""374,257"",""外陸資賣出股數(不含外資自營商)"":""208,000"",""外陸資買賣超股數(不含外資自營商)"":""166,257"",""外資自營商買進股數"":""0"",""外資自營商賣出股數"":""0"",""外資自營商買賣超股數"":""0"",""投信買進股數"":""0"",""投信賣出股數"":""0"",""投信買賣超股數"":""0"",""自營商買賣超股數"":""0"",""自營商買進股數(自行買賣)"":""0"",""自營商賣出股數(自行買賣)"":""0"",""自營商買賣超股數(自行買賣)"":""0"",""自營商買進股數(避險)"":""0"",""自營商賣出股數(避險)"":""0"",""自營商買賣超股數(避險)"":""0"",""三大法人買賣超股數"":""166,257""}"
2026-10-07,TWSE,1560,中砂            ,612371,340303,272068,61000,161234,-100234,11213,17054,-6441,"{""證券代號"":""1560"",""證券名稱"":""中砂            "",""外陸資買進股數(不含外資自營商)"":""612,371"",""外陸資賣出股數(不含外資自營商)"":""340,303"",""外陸資買賣超股數(不含外資自營商)"":""272,068"",""外資自營商買進股數"":""0"",""外資自營商賣出股數"":""0"",""外資自營商買賣超股數"":""0"",""投信買進股數"":""61,000"",""投信賣出股數"":""161,234"",""投信買賣超股數"":""-100,234"",""自營商買賣超股數"":""-6,441"",""自營商買進股數(自行買賣)"":""6,000"",""自營商賣出股數(自行買賣)"":""6,600"",""自營商買賣超股數(自行買賣)"":""-600"",""自營商買進股數(避險)"":""11,213"",""自營商賣出股數(避險)"":""17,054"",""自營商買賣超股數(避險)"":""-5,841"",""三大法人買賣超股數"":""165,393""}"
2026-10-07,TWSE,2723,美食-KY         ,190314,25000,165314,0,0,0,0,0,0,"{""證券代號"":""2723"",""證券名稱"":""美食-KY         "",""外陸資買進股數(不含外資自營商)"":""190,314"",""外陸資賣出股數(不含外資自營商)"":""25,000"",""外陸資買賣超股數(不含外資自營商)"":""165,314"",""外資自營商買進股數"":""0"",""外資自營商賣出股數"":""0"",""外資自營商買賣超股數"":""0"",""投信買進股數"":""0"",""投信賣出股數"":""0"",""投信買賣超股數"":""0"",""自營商買賣超股數"":""0"",""自營商買進股數(自行買賣)"":""0"",""自營商賣出股數(自行買賣)"":""0"",""自營商買賣超股數(自行買賣)"":""0"",""自營商買進股數(避險)"":""0"",""自營商賣出股數(避險)"":""0"",""自營商買賣超股數(避險)"":""0"",""三大法人買賣超股數"":""165,314""}"
2026-10-07,TWSE,1909,榮成            ,808000,635000,173000,0,0,0,0,0,-10000,"{""證券代號"":""1909"",""證券名稱"":""榮成            "",""外陸資買進股數(不含外資自營商)"":""808,000"",""外陸資賣出股數(不含外資自營商)"":""635,000"",""外陸資買賣超股數(不含外資自營商)"":""173,000"",""外資自營商買進股數"":""0"",""外資自營商賣出股數"":""0"",""外資自營商買賣超股數"":""0"",""投信買進股數"":""0"",""投信賣出股數"":""0"",""投信買賣超股數"":""0"",""自營商買賣超股數"":""-10,000"",""自營商買進股數(自行買賣)"":""0"",""自營商賣出股數(自行買賣)"":""10,000"",""自營商買賣超股數(自行買賣)"":""-10,000"",""自營商買進股數(避險)"":""0"",""自營商賣出股數(避險)"":""0"",""自營商買賣超股數(避險)"":""0"",""三大法人買賣超股數"":""163,000""}"
2026-10-07,TWSE,00670L,富邦NASDAQ正2   ,1000,11000,-10000,0,0,0,196479,25193,171286,"{""證券代號"":""00670L"",""證券名稱"":""富邦NASDAQ正2   "",""外陸資買進股數(不含外資自營商)"":""1,000"",""外陸資賣出股數(不含外資自營商)"":""11,000"",""外陸資買賣超股數(不含外資自營商)"":""-10,000"",""外資自營商買進股數"":""0"",""外資自營商賣出股數"":""0"",""外資自營商買賣超股數"":""0"",""投信買進股數"":""0"",""投信賣出股數"":""0"",""投信買賣超股數"":""0"",""自營商買賣超股數"":""171,286"",""自營商買進股數(自行買賣)"":""0"",""自營商賣出股數(自行買賣)"":""0"",""自營商買賣超股數(自行買賣)"":""0"",""自營商買進股數(避險)"":""196,479"",""自營商賣出股數(避險)"":""25,193"",""自營商買賣超股數(避險)"":""171,286"",""三大法人買賣超股數"":""161,286""}"
2026-10-07,TWSE,7610,聯友金屬-創     ,382719,254000,128719,0,0,0,55901,27878,28006,"{""證券代號"":""7610"",""證券名稱"":""聯友金屬-創     "",""外陸資買進股數(不含外資自營商)"":""382,719"",""外陸資賣出股數(不含外資自營商)"":""254,000"",""外陸資買賣超股數(不含外資自營商)"":""128,719"",""外資自營商買進股數"":""0"",""外資自營商賣出股數"":""0"",""外資自營商買賣超股數"":""0"",""投信買進股數"":""0"",""投信賣出股數"":""0"",""投信買賣超股數"":""0"",""自營商買賣超股數"":""28,006"",""自營商買進股數(自行買賣)"":""0"",""自營商賣出股數(自行買賣)"":""17"",""自營商買賣超股數(自行買賣)"":""-17"",""自營商買進股數(避險)"":""55,901"",""自營商賣出股數(避險)"":""27,878"",""自營商買賣超股數(避險)"":""28,023"",""三大法人買賣超股數"":""156,725""}"
2026-10-07,TWSE,3041,揚智            ,264427,110000,154427,0,0,0,0,0,-1648,"{""證券代號"":""3041"",""證券名稱"":""揚智            "",""外陸資買進股數(不含外資自營商)"":""264,427"",""外陸資賣出股數(不含外資自營商)"":""110,000"",""外陸資買賣超股數(不含外資自營商)"":""154,427"",""外資自營商買進股數"":""0"",""外資自營商賣出股數"":""0"",""外資自營商買賣超股數"":""0"",""投信買進股數"":""0"",""投信賣出股數"":""0"",""投信買賣超股數"":""0"",""自營商買賣超股數"":""-1,648"",""自營商買進股數(自行買賣)"":""352"",""自營商賣出股數(自行買賣)"":""2,000"",""自營商買賣超股數(自行買賣)"":""-1,648"",""自營商買進股數(避險)"":""0"",""自營商賣出股數(避險)"":""0"",""自營商買賣超股數(避險)"":""0"",""三大法人買賣超股數"":""152,779""}"
2026-10-07,TWSE,8028,昇陽半導體      ,1583388,1560040,23348,0,0,0,143021,60343,128678,"{""證券代號"":""8028"",""證券名稱"":""昇陽半導體      "",""外陸資買進股數(不含外資自營商)"":""1,583,388"",""外陸資賣出股數(不含外資自營商)"":""1,560,040"",""外陸資買賣超股數(不含外資自營商)"":""23,348"",""外資自營商買進股數"":""0"",""外資自營商賣出股數"":""0"",""外資自營商買賣超股數"":""0"",""投信買進股數"":""0"",""投信賣出股數"":""0"",""投信買賣超股數"":""0"",""自營商買賣超股數"":""128,678"",""自營商買進股數(自行買賣)"":""85,000"",""自營商賣出股數(自行買賣)"":""39,000"",""自營商買賣超股數(自行買賣)"":""46,000"",""自營商買進股數(避險)"":""143,021"",""自營商賣出股數(避險)"":""60,343"",""自營商買賣超股數(避險)"":""82,678"",""三大法人買賣超股數"":""152,026""}"
2026-10-07,TWSE,6491,晶碩            ,495411,382000,113411,38000,0,38000,1000,400,615,"{""證券代號"":""6491"",""證券名稱"":""晶碩            "",""外陸資買進股數(不含外資自營商)"":""495,411"",""外陸資賣出股數(不含外資自營商)"":""382,000"",""外陸資買賣超股數(不含外資自營商)"":""113,411"",""外資自營商買進股數"":""0"",""外資自營商賣出股數"":""0"",""外資自營商買賣超股數"":""0"",""投信買進股數"":""38,000"",""投信賣出股數"":""0"",""投信買賣超股數"":""38,000"",""自營商買賣超股數"":""615"",""自營商買進股數(自行買賣)"":""15"",""自營商賣出股數(自行買賣)"":""0"",""自營商買賣超股數(自行買賣)"":""15"",""自營商買進股數(避險)"":""1,000"",""自營商賣出股數(避險)"":""400"",""自營商買賣超股數(避險)"":""600"",""三大法人買賣超股數"":""152,026""}"
2026-10-07,TWSE,2388,威盛            ,651174,510000,141174,0,0,0,4000,3334,10666,"{""證券代號"":""2388"",""證券名稱"":""威盛            "",""外陸資買進股數(不含外資自營商)"":""651,174"",""外陸資賣出股數(不含外資自營商)"":""510,000"",""外陸資買賣超股數(不含外資自營商)"":""141,174"",""外資自營商買進股數"":""0"",""外資自營商賣出股數"":""0"",""外資自營商買賣超股數"":""0"",""投信買進股數"":""0"",""投信賣出股數"":""0"",""投信買賣超股數"":""0"",""自營商買賣超股數"":""10,666"",""自營商買進股數(自行買賣)"":""12,000"",""自營商賣出股數(自行買賣)"":""2,000"",""自營商買賣超股數(自行買賣)"":""10,000"",""自營商買進股數(避險)"":""4,000"",""自營商賣出股數(避險)"":""3,334"",""自營商買賣超股數(避險)"":""666"",""三大法人買賣超股數"":""151,840""}"
2026-10-07,TWSE,2530,華建            ,242000,83000,159000,0,8152,-8152,0,0,0,"{""證券代號"":""2530"",""證券名稱"":""華建            "",""外陸資買進股數(不含外資自營商)"":""242,000"",""外陸資賣出股數(不含外資自營商)"":""83,000"",""外陸資買賣超股數(不含外資自營商)"":""159,000"",""外資自營商買進股數"":""0"",""外資自營商賣出股數"":""0"",""外資自營商買賣超股數"":""0"",""投信買進股數"":""0"",""投信賣出股數"":""8,152"",""投信買賣超股數"":""-8,152"",""自營商買賣超股數"":""0"",""自營商買進股數(自行買賣)"":""0"",""自營商賣出股數(自行買賣)"":""0"",""自營商買賣超股數(自行買賣)"":""0"",""自營商買進股數(避險)"":""0"",""自營商賣出股數(避險)"":""0"",""自營商買賣超股數(避險)"":""0"",""三大法人買賣超股數"":""150,848""}"
2026-10-07,TWSE,3437,榮創            ,411802,261000,150802,0,0,0,0,0,0,"{""證券代號"":""3437"",""證券名稱"":""榮創            "",""外陸資買進股數(不含外資自營商)"":""411,802"",""外陸資賣出股數(不含外資自營商)"":""261,000"",""外陸資買賣超股數(不含外資自營商)"":""150,802"",""外資自營商買進股數"":""0"",""外資自營商賣出股數"":""0"",""外資自營商買賣超股數"":""0"",""投信買進股數"":""0"",""投信賣出股數"":""0"",""投信買賣超股數"":""0"",""自營商買賣超股數"":""0"",""自營商買進股數(自行買賣)"":""0"",""自營商賣出股數(自行買賣)"":""0"",""自營商買賣超股數(自行買賣)"":""0"",""自營商買進股數(避險)"":""0"",""自營商賣出股數(避險)"":""0"",""自營商買賣超股數(避險)"":""0"",""三大法人買賣超股數"":""150,802""}"
2026-10-07,TWSE,6166,凌華            ,447061,297873,149188,0,0,0,13568,13586,982,"{""證券代號"":""6166"",""證券名稱"":""凌華            "",""外陸資買進股數(不含外資自營商)"":""447,061"",""外陸資賣出股數(不含外資自營商)"":""297,873"",""外陸資買賣超股數(不含外資自營商)"":""149,188"",""外資自營商買進股數"":""0"",""外資自營商賣出股數"":""0"",""外資自營商買賣超股數"":""0"",""投信買進股數"":""0"",""投信賣出股數"":""0"",""投信買賣超股數"":""0"",""自營商買賣超股數"":""982"",""自營商買進股數(自行買賣)"":""1,000"",""自營商賣出股數(自行買賣)"":""0"",""自營商買賣超股數(自行買賣)"":""1,000"",""自營商買進股數(避險)"":""13,568"",""自營商賣出股數(避險)"":""13,586"",""自營商買賣超股數(避險)"":""-18"",""三大法人買賣超股數"":""150,170""}"
2026-10-07,TWSE,2645,長榮航太        ,332982,182152,150830,0,6000,-6000,10792,6944,3848,"{""證券代號"":""2645"",""證券名稱"":""長榮航太        "",""外陸資買進股數(不含外資自營商)"":""332,982"",""外陸資賣出股數(不含外資自營商)"":""182,152"",""外陸資買賣超股數(不含外資自營商)"":""150,830"",""外資自營商買進股數"":""0"",""外資自營商賣出股數"":""0"",""外資自營商買賣超股數"":""0"",""投信買進股數"":""0"",""投信賣出股數"":""6,000"",""投信買賣超股數"":""-6,000"",""自營商買賣超股數"":""3,848"",""自營商買進股數(自行買賣)"":""0"",""自營商賣出股數(自行買賣)"":""0"",""自營商買賣超股數(自行買賣)"":""0"",""自營商買進股數(避險)"":""10,792"",""自營商賣出股數(避險)"":""6,944"",""自營商買賣超股數(避險)"":""3,848"",""三大法人買賣超股數"":""148,678""}"
2026-10-07,TWSE,6862,三集瑞-KY       ,152000,26000,126000,0,0,0,5000,0,17098,"{""證券代號"":""6862"",""證券名稱"":""三集瑞-KY       "",""外陸資買進股數(不含外資自營商)"":""152,000"",""外陸資賣出股數(不含外資自營商)"":""26,000"",""外陸資買賣超股數(不含外資自營商)"":""126,000"",""外資自營商買進股數"":""0"",""外資自營商賣出股數"":""0"",""外資自營商買賣超股數"":""0"",""投信買進股數"":""0"",""投信賣出股數"":""0"",""投信買賣超股數"":""0"",""自營商買賣超股數"":""17,098"",""自營商買進股數(自行買賣)"":""12,098"",""自營商賣出股數(自行買賣)"":""0"",""自營商買賣超股數(自行買賣)"":""12,098"",""自營商買進股數(避險)"":""5,000"",""自營商賣出股數(避險)"":""0"",""自營商買賣超股數(避險)"":""5,000"",""三大法人買賣超股數"":""143,098""}"
2026-10-07,TWSE,2207,和泰車          ,296129,162338,133791,12000,3000,9000,0,0,0,"{""證券代號"":""2207"",""證券名稱"":""和泰車          "",""外陸資買進股數(不含外資自營商)"":""296,129"",""外陸資賣出股數(不含外資自營商)"":""162,338"",""外陸資買賣超股數(不含外資自營商)"":""133,791"",""外資自營商買進股數"":""0"",""外資自營商賣出股數"":""0"",""外資自營商買賣超股數"":""0"",""投信買進股數"":""12,000"",""投信賣出股數"":""3,000"",""投信買賣超股數"":""9,000"",""自營商買賣超股數"":""0"",""自營商買進股數(自行買賣)"":""0"",""自營商賣出股數(自行買賣)"":""0"",""自營商買賣超股數(自行買賣)"":""0"",""自營商買進股數(避險)"":""0"",""自營商賣出股數(避險)"":""0"",""自營商買賣超股數(避險)"":""0"",""三大法人買賣超股數"":""142,791""}"
2026-10-07,TWSE,6691,洋基工程        ,302271,194000,108271,49000,0,49000,5488,17642,-16154,"{""證券代號"":""6691"",""證券名稱"":""洋基工程        "",""外陸資買進股數(不含外資自營商)"":""302,271"",""外陸資賣出股數(不含外資自營商)"":""194,000"",""外陸資買賣超股數(不含外資自營商)"":""108,271"",""外資自營商買進股數"":""0"",""外資自營商賣出股數"":""0"",""外資自營商買賣超股數"":""0"",""投信買進股數"":""49,000"",""投信賣出股數"":""0"",""投信買賣超股數"":""49,000"",""自營商買賣超股數"":""-16,154"",""自營商買進股數(自行買賣)"":""3,000"",""自營商賣出股數(自行買賣)"":""7,000"",""自營商買賣超股數(自行買賣)"":""-4,000"",""自營商買進股數(避險)"":""5,488"",""自營商賣出股數(避險)"":""17,642"",""自營商買賣超股數(避險)"":""-12,154"",""三大法人買賣超股數"":""141,117""}"
2026-10-07,TWSE,4976,佳凌            ,366351,225400,140951,0,0,0,0,0,0,"{""證券代號"":""4976"",""證券名稱"":""佳凌            "",""外陸資買進股數(不含外資自營商)"":""366,351"",""外陸資賣出股數(不含外資自營商)"":""225,400"",""外陸資買賣超股數(不含外資自營商)"":""140,951"",""外資自營商買進股數"":""0"",""外資自營商賣出股數"":""0"",""外資自營商買賣超股數"":""0"",""投信買進股數"":""0"",""投信賣出股數"":""0"",""投信買賣超股數"":""0"",""自營商買賣超股數"":""0"",""自營商買進股數(自行買賣)"":""0"",""自營商賣出股數(自行買賣)"":""0"",""自營商買賣超股數(自行買賣)"":""0"",""自營商買進股數(避險)"":""0"",""自營商賣出股數(避險)"":""0"",""自營商買賣超股數(避險)"":""0"",""三大法人買賣超股數"":""140,951""}"
2026-10-07,TWSE,6789,采鈺            ,313763,178313,135450,1000,0,1000,13955,11731,2224,"{""證券代號"":""6789"",""證券名稱"":""采鈺            "",""外陸資買進股數(不含外資自營商)"":""313,763"",""外陸資賣出股數(不含外資自營商)"":""178,313"",""外陸資買賣超股數(不含外資自營商)"":""135,450"",""外資自營商買進股數"":""0"",""外資自營商賣出股數"":""0"",""外資自營商買賣超股數"":""0"",""投信買進股數"":""1,000"",""投信賣出股數"":""0"",""投信買賣超股數"":""1,000"",""自營商買賣超股數"":""2,224"",""自營商買進股數(自行買賣)"":""0"",""自營商賣出股數(自行買賣)"":""0"",""自營商買賣超股數(自行買賣)"":""0"",""自營商買進股數(避險)"":""13,955"",""自營商賣出股數(避險)"":""11,731"",""自營商買賣超股數(避險)"":""2,224"",""三大法人買賣超股數"":""138,674""}"
2026-10-07,TWSE,1563,巧新            ,199508,70396,129112,0,0,0,8359,0,9359,"{""證券代號"":""1563"",""證券名稱"":""巧新            "",""外陸資買進股數(不含外資自營商)"":""199,508"",""外陸資賣出股數(不含外資自營商)"":""70,396"",""外陸資買賣超股數(不含外資自營商)"":""129,112"",""外資自營商買進股數"":""0"",""外資自營商賣出股數"":""0"",""外資自營商買賣超股數"":""0"",""投信買進股數"":""0"",""投信賣出股數"":""0"",""投信買賣超股數"":""0"",""自營商買賣超股數"":""9,359"",""自營商買進股數(自行買賣)"":""1,000"",""自營商賣出股數(自行買賣)"":""0"",""自營商買賣超股數(自行買賣)"":""1,000"",""自營商買進股數(避險)"":""8,359"",""自營商賣出股數(避險)"":""0"",""自營商買賣超股數(避險)"":""8,359"",""三大法人買賣超股數"":""138,471""}"
2026-10-07,TWSE,2405,輔信            ,247802,109592,138210,0,0,0,0,0,-1,"{""證券代號"":""2405"",""證券名稱"":""輔信            "",""外陸資買進股數(不含外資自營商)"":""247,802"",""外陸資賣出股數(不含外資自營商)"":""109,592"",""外陸資買賣超股數(不含外資自營商)"":""138,210"",""外資自營商買進股數"":""0"",""外資自營商賣出股數"":""0"",""外資自營商買賣超股數"":""0"",""投信買進股數"":""0"",""投信賣出股數"":""0"",""投信買賣超股數"":""0"",""自營商買賣超股數"":""-1"",""自營商買進股數(自行買賣)"":""0"",""自營商賣出股數(自行買賣)"":""1"",""自營商買賣超股數(自行買賣)"":""-1"",""自營商買進股數(避險)"":""0"",""自營商賣出股數(避險)"":""0"",""自營商買賣超股數(避險)"":""0"",""三大法人買賣超股數"":""138,209""}"
2026-10-07,TWSE,4766,南寶            ,152351,16000,136351,0,0,0,0,1000,0,"{""證券代號"":""4766"",""證券名稱"":""南寶            "",""外陸資買進股數(不含外資自營商)"":""152,351"",""外陸資賣出股數(不含外資自營商)"":""16,000"",""外陸資買賣超股數(不含外資自營商)"":""136,351"",""外資自營商買進股數"":""0"",""外資自營商賣出股數"":""0"",""外資自營商買賣超股數"":""0"",""投信買進股數"":""0"",""投信賣出股數"":""0"",""投信買賣超股數"":""0"",""自營商買賣超股數"":""0"",""自營商買進股數(自行買賣)"":""1,000"",""自營商賣出股數(自行買賣)"":""0"",""自營商買賣超股數(自行買賣)"":""1,000"",""自營商買進股數(避險)"":""0"",""自營商賣出股數(避險)"":""1,000"",""自營商買賣超股數(避險)"":""-1,000"",""三大法人買賣超股數"":""136,351""}"
2026-10-07,TWSE,2015,豐興            ,137195,8000,129195,0,1000,-1000,0,0,8000,"{""證券代號"":""2015"",""證券名稱"":""豐興            "",""外陸資買進股數(不含外資自營商)"":""137,195"",""外陸資賣出股數(不含外資自營商)"":""8,000"",""外陸資買賣超股數(不含外資自營商)"":""129,195"",""外資自營商買進股數"":""0"",""外資自營商賣出股數"":""0"",""外資自營商買賣超股數"":""0"",""投信買進股數"":""0"",""投信賣出股數"":""1,000"",""投信買賣超股數"":""-1,000"",""自營商買賣超股數"":""8,000"",""自營商買進股數(自行買賣)"":""8,000"",""自營商賣出股數(自行買賣)"":""0"",""自營商買賣超股數(自行買賣)"":""8,000"",""自營商買進股數(避險)"":""0"",""自營商賣出股數(避險)"":""0"",""自營商買賣超股數(避險)"":""0"",""三大法人買賣超股數"":""136,195""}"
2026-10-07,TWSE,3021,鴻名            ,866000,733000,133000,0,0,0,0,0,0,"{""證券代號"":""3021"",""證券名稱"":""鴻名            "",""外陸資買進股數(不含外資自營商)"":""866,000"",""外陸資賣出股數(不含外資自營商)"":""733,000"",""外陸資買賣超股數(不含外資自營商)"":""133,000"",""外資自營商買進股數"":""0"",""外資自營商賣出股數"":""0"",""外資自營商買賣超股數"":""0"",""投信買進股數"":""0"",""投信賣出股數"":""0"",""投信買賣超股數"":""0"",""自營商買賣超股數"":""0"",""自營商買進股數(自行買賣)"":""0"",""自營商賣出股數(自行買賣)"":""0"",""自營商買賣超股數(自行買賣)"":""0"",""自營商買進股數(避險)"":""0"",""自營商賣出股數(避險)"":""0"",""自營商買賣超股數(避險)"":""0"",""三大法人買賣超股數"":""133,000""}"
2026-10-07,TWSE,2069,運錩            ,356865,227199,129666,0,0,0,0,0,3000,"{""證券代號"":""2069"",""證券名稱"":""運錩            "",""外陸資買進股數(不含外資自營商)"":""356,865"",""外陸資賣出股數(不含外資自營商)"":""227,199"",""外陸資買賣超股數(不含外資自營商)"":""129,666"",""外資自營商買進股數"":""0"",""外資自營商賣出股數"":""0"",""外資自營商買賣超股數"":""0"",""投信買進股數"":""0"",""投信賣出股數"":""0"",""投信買賣超股數"":""0"",""自營商買賣超股數"":""3,000"",""自營商買進股數(自行買賣)"":""3,000"",""自營商賣出股數(自行買賣)"":""0"",""自營商買賣超股數(自行買賣)"":""3,000"",""自營商買進股數(避險)"":""0"",""自營商賣出股數(避險)"":""0"",""自營商買賣超股數(避險)"":""0"",""三大法人買賣超股數"":""132,666""}"
2026-10-07,TWSE,3504,揚明光          ,433091,302150,130941,0,0,0,1004,800,1204,"{""證券代號"":""3504"",""證券名稱"":""揚明光          "",""外陸資買進股數(不含外資自營商)"":""433,091"",""外陸資賣出股數(不含外資自營商)"":""302,150"",""外陸資買賣超股數(不含外資自營商)"":""130,941"",""外資自營商買進股數"":""0"",""外資自營商賣出股數"":""0"",""外資自營商買賣超股數"":""0"",""投信買進股數"":""0"",""投信賣出股數"":""0"",""投信買賣超股數"":""0"",""自營商買賣超股數"":""1,204"",""自營商買進股數(自行買賣)"":""1,000"",""自營商賣出股數(自行買賣)"":""0"",""自營商買賣超股數(自行買賣)"":""1,000"",""自營商買進股數(避險)"":""1,004"",""自營商賣出股數(避險)"":""800"",""自營商買賣超股數(避險)"":""204"",""三大法人買賣超股數"":""132,145""}"
2026-10-07,TWSE,3004,豐達科          ,196000,66582,129418,0,0,0,0,389,2611,"{""證券代號"":""3004"",""證券名稱"":""豐達科          "",""外陸資買進股數(不含外資自營商)"":""196,000"",""外陸資賣出股數(不含外資自營商)"":""66,582"",""外陸資買賣超股數(不含外資自營商)"":""129,418"",""外資自營商買進股數"":""0"",""外資自營商賣出股數"":""0"",""外資自營商買賣超股數"":""0"",""投信買進股數"":""0"",""投信賣出股數"":""0"",""投信買賣超股數"":""0"",""自營商買賣超股數"":""2,611"",""自營商買進股數(自行買賣)"":""4,000"",""自營商賣出股數(自行買賣)"":""1,000"",""自營商買賣超股數(自行買賣)"":""3,000"",""自營商買進股數(避險)"":""0"",""自營商賣出股數(避險)"":""389"",""自營商買賣超股數(避險)"":""-389"",""三大法人買賣超股數"":""132,029""}"
2026-10-07,TWSE,2032,新鋼            ,381533,249813,131720,0,0,0,0,0,0,"{""證券代號"":""2032"",""證券名稱"":""新鋼            "",""外陸資買進股數(不含外資自營商)"":""381,533"",""外陸資賣出股數(不含外資自營商)"":""249,813"",""外陸資買賣超股數(不含外資自營商)"":""131,720"",""外資自營商買進股數"":""0"",""外資自營商賣出股數"":""0"",""外資自營商買賣超股數"":""0"",""投信買進股數"":""0"",""投信賣出股數"":""0"",""投信買賣超股數"":""0"",""自營商買賣超股數"":""0"",""自營商買進股數(自行買賣)"":""0"",""自營商賣出股數(自行買賣)"":""0"",""自營商買賣超股數(自行買賣)"":""0"",""自營商買進股數(避險)"":""0"",""自營商賣出股數(避險)"":""0"",""自營商買賣超股數(避險)"":""0"",""三大法人買賣超股數"":""131,720""}"
2026-10-07,TWSE,1217,愛之味          ,154000,56000,98000,0,0,0,0,0,33000,"{""證券代號"":""1217"",""證券名稱"":""愛之味          "",""外陸資買進股數(不含外資自營商)"":""154,000"",""外陸資賣出股數(不含外資自營商)"":""56,000"",""外陸資買賣超股數(不含外資自營商)"":""98,000"",""外資自營商買進股數"":""0"",""外資自營商賣出股數"":""0"",""外資自營商買賣超股數"":""0"",""投信買進股數"":""0"",""投信賣出股數"":""0"",""投信買賣超股數"":""0"",""自營商買賣超股數"":""33,000"",""自營商買進股數(自行買賣)"":""33,000"",""自營商賣出股數(自行買賣)"":""0"",""自營商買賣超股數(自行買賣)"":""33,000"",""自營商買進股數(避險)"":""0"",""自營商賣出股數(避險)"":""0"",""自營商買賣超股數(避險)"":""0"",""三大法人買賣超股數"":""131,000""}"
2026-10-07,TWSE,9934,成霖            ,209000,79130,129870,0,0,0,0,0,0,"{""證券代號"":""9934"",""證券名稱"":""成霖            "",""外陸資買進股數(不含外資自營商)"":""209,000"",""外陸資賣出股數(不含外資自營商)"":""79,130"",""外陸資買賣超股數(不含外資自營商)"":""129,870"",""外資自營商買進股數"":""0"",""外資自營商賣出股數"":""0"",""外資自營商買賣超股數"":""0"",""投信買進股數"":""0"",""投信賣出股數"":""0"",""投信買賣超股數"":""0"",""自營商買賣超股數"":""0"",""自營商買進股數(自行買賣)"":""0"",""自營商賣出股數(自行買賣)"":""0"",""自營商買賣超股數(自行買賣)"":""0"",""自營商買進股數(避險)"":""0"",""自營商賣出股數(避險)"":""0"",""自營商買賣超股數(避險)"":""0"",""三大法人買賣超股數"":""129,870""}"
2026-10-07,TWSE,6451,訊芯-KY         ,638543,518166,120377,0,0,0,22594,14215,8983,"{""證券代號"":""6451"",""證券名稱"":""訊芯-KY         "",""外陸資買進股數(不含外資自營商)"":""638,543"",""外陸資賣出股數(不含外資自營商)"":""518,166"",""外陸資買賣超股數(不含外資自營商)"":""120,377"",""外資自營商買進股數"":""0"",""外資自營商賣出股數"":""0"",""外資自營商買賣超股數"":""0"",""投信買進股數"":""0"",""投信賣出股數"":""0"",""投信買賣超股數"":""0"",""自營商買賣超股數"":""8,983"",""自營商買進股數(自行買賣)"":""1,000"",""自營商賣出股數(自行買賣)"":""396"",""自營商買賣超股數(自行買賣)"":""604"",""自營商買進股數(避險)"":""22,594"",""自營商賣出股數(避險)"":""14,215"",""自營商買賣超股數(避險)"":""8,379"",""三大法人買賣超股數"":""129,360""}"
2026-10-07,TWSE,2897,王道銀行        ,425000,327285,97715,0,0,0,0,0,31000,"{""證券代號"":""2897"",""證券名稱"":""王道銀行        "",""外陸資買進股數(不含外資自營商)"":""425,000"",""外陸資賣出股數(不含外資自營商)"":""327,285"",""外陸資買賣超股數(不含外資自營商)"":""97,715"",""外資自營商買進股數"":""0"",""外資自營商賣出股數"":""0"",""外資自營商買賣超股數"":""0"",""投信買進股數"":""0"",""投信賣出股數"":""0"",""投信買賣超股數"":""0"",""自營商買賣超股數"":""31,000"",""自營商買進股數(自行買賣)"":""31,000"",""自營商賣出股數(自行買賣)"":""0"",""自營商買賣超股數(自行買賣)"":""31,000"",""自營商買進股數(避險)"":""0"",""自營商賣出股數(避險)"":""0"",""自營商買賣超股數(避險)"":""0"",""三大法人買賣超股數"":""128,715""}"
2026-10-07,TWSE,3406,玉晶光          ,1606369,2182466,-576097,724000,0,724000,72674,38499,-19825,"{""證券代號"":""3406"",""證券名稱"":""玉晶光          "",""外陸資買進股數(不含外資自營商)"":""1,606,369"",""外陸資賣出股數(不含外資自營商)"":""2,182,466"",""外陸資買賣超股數(不含外資自營商)"":""-576,097"",""外資自營商買進股數"":""0"",""外資自營商賣出股數"":""0"",""外資自營商買賣超股數"":""0"",""投信買進股數"":""724,000"",""投信賣出股數"":""0"",""投信買賣超股數"":""724,000"",""自營商買賣超股數"":""-19,825"",""自營商買進股數(自行買賣)"":""106,200"",""自營商賣出股數(自行買賣)"":""160,200"",""自營商買賣超股數(自行買賣)"":""-54,000"",""自營商買進股數(避險)"":""72,674"",""自營商賣出股數(避險)"":""38,499"",""自營商買賣超股數(避險)"":""34,175"",""三大法人買賣超股數"":""128,078""}"
2026-10-07,TWSE,1104,環泥            ,180886,62000,118886,0,0,0,0,0,9000,"{""證券代號"":""1104"",""證券名稱"":""環泥            "",""外陸資買進股數(不含外資自營商)"":""180,886"",""外陸資賣出股數(不含外資自營商)"":""62,000"",""外陸資買賣超股數(不含外資自營商)"":""118,886"",""外資自營商買進股數"":""0"",""外資自營商賣出股數"":""0"",""外資自營商買賣超股數"":""0"",""投信買進股數"":""0"",""投信賣出股數"":""0"",""投信買賣超股數"":""0"",""自營商買賣超股數"":""9,000"",""自營商買進股數(自行買賣)"":""9,000"",""自營商賣出股數(自行買賣)"":""0"",""自營商買賣超股數(自行買賣)"":""9,000"",""自營商買進股數(避險)"":""0"",""自營商賣出股數(避險)"":""0"",""自營商買賣超股數(避險)"":""0"",""三大法人買賣超股數"":""127,886""}"
2026-10-07,TWSE,6525,捷敏-KY         ,558217,443472,114745,0,1888,-1888,15000,1201,14799,"{""證券代號"":""6525"",""證券名稱"":""捷敏-KY         "",""外陸資買進股數(不含外資自營商)"":""558,217"",""外陸資賣出股數(不含外資自營商)"":""443,472"",""外陸資買賣超股數(不含外資自營商)"":""114,745"",""外資自營商買進股數"":""0"",""外資自營商賣出股數"":""0"",""外資自營商買賣超股數"":""0"",""投信買進股數"":""0"",""投信賣出股數"":""1,888"",""投信買賣超股數"":""-1,888"",""自營商買賣超股數"":""14,799"",""自營商買進股數(自行買賣)"":""1,000"",""自營商賣出股數(自行買賣)"":""0"",""自營商買賣超股數(自行買賣)"":""1,000"",""自營商買進股數(避險)"":""15,000"",""自營商賣出股數(避險)"":""1,201"",""自營商買賣超股數(避險)"":""13,799"",""三大法人買賣超股數"":""127,656""}"
2026-10-07,TWSE,1712,興農            ,202073,94000,108073,0,6492,-6492,0,0,21000,"{""證券代號"":""1712"",""證券名稱"":""興農            "",""外陸資買進股數(不含外資自營商)"":""202,073"",""外陸資賣出股數(不含外資自營商)"":""94,000"",""外陸資買賣超股數(不含外資自營商)"":""108,073"",""外資自營商買進股數"":""0"",""外資自營商賣出股數"":""0"",""外資自營商買賣超股數"":""0"",""投信買進股數"":""0"",""投信賣出股數"":""6,492"",""投信買賣超股數"":""-6,492"",""自營商買賣超股數"":""21,000"",""自營商買進股數(自行買賣)"":""21,000"",""自營商賣出股數(自行買賣)"":""0"",""自營商買賣超股數(自行買賣)"":""21,000"",""自營商買進股數(避險)"":""0"",""自營商賣出股數(避險)"":""0"",""自營商買賣超股數(避險)"":""0"",""三大法人買賣超股數"":""122,581""}"
2026-10-07,TWSE,2444,兆勁            ,310000,190000,120000,0,0,0,0,0,0,"{""證券代號"":""2444"",""證券名稱"":""兆勁            "",""外陸資買進股數(不含外資自營商)"":""310,000"",""外陸資賣出股數(不含外資自營商)"":""190,000"",""外陸資買賣超股數(不含外資自營商)"":""120,000"",""外資自營商買進股數"":""0"",""外資自營商賣出股數"":""0"",""外資自營商買賣超股數"":""0"",""投信買進股數"":""0"",""投信賣出股數"":""0"",""投信買賣超股數"":""0"",""自營商買賣超股數"":""0"",""自營商買進股數(自行買賣)"":""0"",""自營商賣出股數(自行買賣)"":""0"",""自營商買賣超股數(自行買賣)"":""0"",""自營商買進股數(避險)"":""0"",""自營商賣出股數(避險)"":""0"",""自營商買賣超股數(避險)"":""0"",""三大法人買賣超股數"":""120,000""}"
2026-10-07,TWSE,9938,百和            ,376000,249000,127000,0,9827,-9827,0,0,2672,"{""證券代號"":""9938"",""證券名稱"":""百和            "",""外陸資買進股數(不含外資自營商)"":""376,000"",""外陸資賣出股數(不含外資自營商)"":""249,000"",""外陸資買賣超股數(不含外資自營商)"":""127,000"",""外資自營商買進股數"":""0"",""外資自營商賣出股數"":""0"",""外資自營商買賣超股數"":""0"",""投信買進股數"":""0"",""投信賣出股數"":""9,827"",""投信買賣超股數"":""-9,827"",""自營商買賣超股數"":""2,672"",""自營商買進股數(自行買賣)"":""3,672"",""自營商賣出股數(自行買賣)"":""1,000"",""自營商買賣超股數(自行買賣)"":""2,672"",""自營商買進股數(避險)"":""0"",""自營商賣出股數(避險)"":""0"",""自營商買賣超股數(避險)"":""0"",""三大法人買賣超股數"":""119,845""}"
2026-10-07,TWSE,00706L,期元大S&P日圓正2,0,0,0,0,0,0,186000,68223,117777,"{""證券代號"":""00706L"",""證券名稱"":""期元大S&P日圓正2"",""外陸資買進股數(不含外資自營商)"":""0"",""外陸資賣出股數(不含外資自營商)"":""0"",""外陸資買賣超股數(不含外資自營商)"":""0"",""外資自營商買進股數"":""0"",""外資自營商賣出股數"":""0"",""外資自營商買賣超股數"":""0"",""投信買進股數"":""0"",""投信賣出股數"":""0"",""投信買賣超股數"":""0"",""自營商買賣超股數"":""117,777"",""自營商買進股數(自行買賣)"":""0"",""自營商賣出股數(自行買賣)"":""0"",""自營商買賣超股數(自行買賣)"":""0"",""自營商買進股數(避險)"":""186,000"",""自營商賣出股數(避險)"":""68,223"",""自營商買賣超股數(避險)"":""117,777"",""三大法人買賣超股數"":""117,777""}"
2026-10-07,TWSE,5531,鄉林            ,290479,174000,116479,0,0,0,0,0,0,"{""證券代號"":""5531"",""證券名稱"":""鄉林            "",""外陸資買進股數(不含外資自營商)"":""290,479"",""外陸資賣出股數(不含外資自營商)"":""174,000"",""外陸資買賣超股數(不含外資自營商)"":""116,479"",""外資自營商買進股數"":""0"",""外資自營商賣出股數"":""0"",""外資自營商買賣超股數"":""0"",""投信買進股數"":""0"",""投信賣出股數"":""0"",""投信買賣超股數"":""0"",""自營商買賣超股數"":""0"",""自營商買進股數(自行買賣)"":""0"",""自營商賣出股數(自行買賣)"":""0"",""自營商買賣超股數(自行買賣)"":""0"",""自營商買進股數(避險)"":""0"",""自營商賣出股數(避險)"":""0"",""自營商買賣超股數(避險)"":""0"",""三大法人買賣超股數"":""116,479""}"
2026-10-07,TWSE,6830,汎銓            ,269006,157315,111691,0,0,0,13842,10060,3782,"{""證券代號"":""6830"",""證券名稱"":""汎銓            "",""外陸資買進股數(不含外資自營商)"":""269,006"",""外陸資賣出股數(不含外資自營商)"":""157,315"",""外陸資買賣超股數(不含外資自營商)"":""111,691"",""外資自營商買進股數"":""0"",""外資自營商賣出股數"":""0"",""外資自營商買賣超股數"":""0"",""投信買進股數"":""0"",""投信賣出股數"":""0"",""投信買賣超股數"":""0"",""自營商買賣超股數"":""3,782"",""自營商買進股數(自行買賣)"":""0"",""自營商賣出股數(自行買賣)"":""0"",""自營商買賣超股數(自行買賣)"":""0"",""自營商買進股數(避險)"":""13,842"",""自營商賣出股數(避險)"":""10,060"",""自營商買賣超股數(避險)"":""3,782"",""三大法人買賣超股數"":""115,473""}"
2026-10-07,TWSE,8438,昶昕            ,162890,51500,111390,0,0,0,0,267,2733,"{""證券代號"":""8438"",""證券名稱"":""昶昕            "",""外陸資買進股數(不含外資自營商)"":""162,890"",""外陸資賣出股數(不含外資自營商)"":""51,500"",""外陸資買賣超股數(不含外資自營商)"":""111,390"",""外資自營商買進股數"":""0"",""外資自營商賣出股數"":""0"",""外資自營商買賣超股數"":""0"",""投信買進股數"":""0"",""投信賣出股數"":""0"",""投信買賣超股數"":""0"",""自營商買賣超股數"":""2,733"",""自營商買進股數(自行買賣)"":""3,000"",""自營商賣出股數(自行買賣)"":""0"",""自營商買賣超股數(自行買賣)"":""3,000"",""自營商買進股數(避險)"":""0"",""自營商賣出股數(避險)"":""267"",""自營商買賣超股數(避險)"":""-267"",""三大法人買賣超股數"":""114,123""}"
2026-10-07,TWSE,2365,昆盈            ,250000,133000,117000,0,0,0,0,0,-3000,"{""證券代號"":""2365"",""證券名稱"":""昆盈            "",""外陸資買進股數(不含外資自營商)"":""250,000"",""外陸資賣出股數(不含外資自營商)"":""133,000"",""外陸資買賣超股數(不含外資自營商)"":""117,000"",""外資自營商買進股數"":""0"",""外資自營商賣出股數"":""0"",""外資自營商買賣超股數"":""0"",""投信買進股數"":""0"",""投信賣出股數"":""0"",""投信買賣超股數"":""0"",""自營商買賣超股數"":""-3,000"",""自營商買進股數(自行買賣)"":""0"",""自營商賣出股數(自行買賣)"":""3,000"",""自營商買賣超股數(自行買賣)"":""-3,000"",""自營商買進股數(避險)"":""0"",""自營商賣出股數(避險)"":""0"",""自營商買賣超股數(避險)"":""0"",""三大法人買賣超股數"":""114,000""}"
2026-10-07,TWSE,7711,永擎            ,338971,249000,89971,0,0,0,26605,1841,23371,"{""證券代號"":""7711"",""證券名稱"":""永擎            "",""外陸資買進股數(不含外資自營商)"":""338,971"",""外陸資賣出股數(不含外資自營商)"":""249,000"",""外陸資買賣超股數(不含外資自營商)"":""89,971"",""外資自營商買進股數"":""0"",""外資自營商賣出股數"":""0"",""外資自營商買賣超股數"":""0"",""投信買進股數"":""0"",""投信賣出股數"":""0"",""投信買賣超股數"":""0"",""自營商買賣超股數"":""23,371"",""自營商買進股數(自行買賣)"":""1,000"",""自營商賣出股數(自行買賣)"":""2,393"",""自營商買賣超股數(自行買賣)"":""-1,393"",""自營商買進股數(避險)"":""26,605"",""自營商賣出股數(避險)"":""1,841"",""自營商買賣超股數(避險)"":""24,764"",""三大法人買賣超股數"":""113,342""}"
2026-10-07,TWSE,3346,麗清            ,138110,36000,102110,0,0,0,0,0,7000,"{""證券代號"":""3346"",""證券名稱"":""麗清            "",""外陸資買進股數(不含外資自營商)"":""138,110"",""外陸資賣出股數(不含外資自營商)"":""36,000"",""外陸資買賣超股數(不含外資自營商)"":""102,110"",""外資自營商買進股數"":""0"",""外資自營商賣出股數"":""0"",""外資自營商買賣超股數"":""0"",""投信買進股數"":""0"",""投信賣出股數"":""0"",""投信買賣超股數"":""0"",""自營商買賣超股數"":""7,000"",""自營商買進股數(自行買賣)"":""7,000"",""自營商賣出股數(自行買賣)"":""0"",""自營商買賣超股數(自行買賣)"":""7,000"",""自營商買進股數(避險)"":""0"",""自營商賣出股數(避險)"":""0"",""自營商買賣超股數(避險)"":""0"",""三大法人買賣超股數"":""109,110""}"
2026-10-07,TWSE,3652,精聯            ,136000,30000,106000,0,0,0,0,0,3000,"{""證券代號"":""3652"",""證券名稱"":""精聯            "",""外陸資買進股數(不含外資自營商)"":""136,000"",""外陸資賣出股數(不含外資自營商)"":""30,000"",""外陸資買賣超股數(不含外資自營商)"":""106,000"",""外資自營商買進股數"":""0"",""外資自營商賣出股數"":""0"",""外資自營商買賣超股數"":""0"",""投信買進股數"":""0"",""投信賣出股數"":""0"",""投信買賣超股數"":""0"",""自營商買賣超股數"":""3,000"",""自營商買進股數(自行買賣)"":""3,000"",""自營商賣出股數(自行買賣)"":""0"",""自營商買賣超股數(自行買賣)"":""3,000"",""自營商買進股數(避險)"":""0"",""自營商賣出股數(避險)"":""0"",""自營商買賣超股數(避險)"":""0"",""三大法人買賣超股數"":""109,000""}"
2026-10-07,TWSE,2348,海悅            ,150400,39000,111400,0,0,0,0,321,-4321,"{""證券代號"":""2348"",""證券名稱"":""海悅            "",""外陸資買進股數(不含外資自營商)"":""150,400"",""外陸資賣出股數(不含外資自營商)"":""39,000"",""外陸資買賣超股數(不含外資自營商)"":""111,400"",""外資自營商買進股數"":""0"",""外資自營商賣出股數"":""0"",""外資自營商買賣超股數"":""0"",""投信買進股數"":""0"",""投信賣出股數"":""0"",""投信買賣超股數"":""0"",""自營商買賣超股數"":""-4,321"",""自營商買進股數(自行買賣)"":""0"",""自營商賣出股數(自行買賣)"":""4,000"",""自營商買賣超股數(自行買賣)"":""-4,000"",""自營商買進股數(避險)"":""0"",""自營商賣出股數(避險)"":""321"",""自營商買賣超股數(避險)"":""-321"",""三大法人買賣超股數"":""107,079""}"
2026-10-07,TWSE,3515,華擎            ,143010,37000,106010,0,0,0,0,1000,0,"{""證券代號"":""3515"",""證券名稱"":""華擎            "",""外陸資買進股數(不含外資自營商)"":""143,010"",""外陸資賣出股數(不含外資自營商)"":""37,000"",""外陸資買賣超股數(不含外資自營商)"":""106,010"",""外資自營商買進股數"":""0"",""外資自營商賣出股數"":""0"",""外資自營商買賣超股數"":""0"",""投信買進股數"":""0"",""投信賣出股數"":""0"",""投信買賣超股數"":""0"",""自營商買賣超股數"":""0"",""自營商買進股數(自行買賣)"":""1,000"",""自營商賣出股數(自行買賣)"":""0"",""自營商買賣超股數(自行買賣)"":""1,000"",""自營商買進股數(避險)"":""0"",""自營商賣出股數(避險)"":""1,000"",""自營商買賣超股數(避險)"":""-1,000"",""三大法人買賣超股數"":""106,010""}"
2026-10-07,TWSE,00693U,期街口S&P黃豆   ,19000,6000,13000,0,0,0,222668,130000,92668,"{""證券代號"":""00693U"",""證券名稱"":""期街口S&P黃豆   "",""外陸資買進股數(不含外資自營商)"":""19,000"",""外陸資賣出股數(不含外資自營商)"":""6,000"",""外陸資買賣超股數(不含外資自營商)"":""13,000"",""外資自營商買進股數"":""0"",""外資自營商賣出股數"":""0"",""外資自營商買賣超股數"":""0"",""投信買進股數"":""0"",""投信賣出股數"":""0"",""投信買賣超股數"":""0"",""自營商買賣超股數"":""92,668"",""自營商買進股數(自行買賣)"":""0"",""自營商賣出股數(自行買賣)"":""0"",""自營商買賣超股數(自行買賣)"":""0"",""自營商買進股數(避險)"":""222,668"",""自營商賣出股數(避險)"":""130,000"",""自營商買賣超股數(避險)"":""92,668"",""三大法人買賣超股數"":""105,668""}"
2026-10-07,TWSE,6605,帝寶            ,140884,38000,102884,0,0,0,0,0,1149,"{""證券代號"":""6605"",""證券名稱"":""帝寶            "",""外陸資買進股數(不含外資自營商)"":""140,884"",""外陸資賣出股數(不含外資自營商)"":""38,000"",""外陸資買賣超股數(不含外資自營商)"":""102,884"",""外資自營商買進股數"":""0"",""外資自營商賣出股數"":""0"",""外資自營商買賣超股數"":""0"",""投信買進股數"":""0"",""投信賣出股數"":""0"",""投信買賣超股數"":""0"",""自營商買賣超股數"":""1,149"",""自營商買進股數(自行買賣)"":""1,151"",""自營商賣出股數(自行買賣)"":""2"",""自營商買賣超股數(自行買賣)"":""1,149"",""自營商買進股數(避險)"":""0"",""自營商賣出股數(避險)"":""0"",""自營商買賣超股數(避險)"":""0"",""三大法人買賣超股數"":""104,033""}"
2026-10-07,TWSE,5471,松翰            ,184409,74851,109558,0,0,0,0,7996,-6301,"{""證券代號"":""5471"",""證券名稱"":""松翰            "",""外陸資買進股數(不含外資自營商)"":""184,409"",""外陸資賣出股數(不含外資自營商)"":""74,851"",""外陸資買賣超股數(不含外資自營商)"":""109,558"",""外資自營商買進股數"":""0"",""外資自營商賣出股數"":""0"",""外資自營商買賣超股數"":""0"",""投信買進股數"":""0"",""投信賣出股數"":""0"",""投信買賣超股數"":""0"",""自營商買賣超股數"":""-6,301"",""自營商買進股數(自行買賣)"":""1,715"",""自營商賣出股數(自行買賣)"":""20"",""自營商買賣超股數(自行買賣)"":""1,695"",""自營商買進股數(避險)"":""0"",""自營商賣出股數(避險)"":""7,996"",""自營商買賣超股數(避險)"":""-7,996"",""三大法人買賣超股數"":""103,257""}"
2026-10-07,TWSE,1789,神隆            ,172519,69000,103519,0,0,0,0,1000,-1000,"{""證券代號"":""1789"",""證券名稱"":""神隆            "",""外陸資買進股數(不含外資自營商)"":""172,519"",""外陸資賣出股數(不含外資自營商)"":""69,000"",""外陸資買賣超股數(不含外資自營商)"":""103,519"",""外資自營商買進股數"":""0"",""外資自營商賣出股數"":""0"",""外資自營商買賣超股數"":""0"",""投信買進股數"":""0"",""投信賣出股數"":""0"",""投信買賣超股數"":""0"",""自營商買賣超股數"":""-1,000"",""自營商買進股數(自行買賣)"":""0"",""自營商賣出股數(自行買賣)"":""0"",""自營商買賣超股數(自行買賣)"":""0"",""自營商買進股數(避險)"":""0"",""自營商賣出股數(避險)"":""1,000"",""自營商買賣超股數(避險)"":""-1,000"",""三大法人買賣超股數"":""102,519""}"
2026-10-07,TWSE,2258,鴻華先進-創     ,127000,37000,90000,0,0,0,4000,3810,12190,"{""證券代號"":""2258"",""證券名稱"":""鴻華先進-創     "",""外陸資買進股數(不含外資自營商)"":""127,000"",""外陸資賣出股數(不含外資自營商)"":""37,000"",""外陸資買賣超股數(不含外資自營商)"":""90,000"",""外資自營商買進股數"":""0"",""外資自營商賣出股數"":""0"",""外資自營商買賣超股數"":""0"",""投信買進股數"":""0"",""投信賣出股數"":""0"",""投信買賣超股數"":""0"",""自營商買賣超股數"":""12,190"",""自營商買進股數(自行買賣)"":""12,000"",""自營商賣出股數(自行買賣)"":""0"",""自營商買賣超股數(自行買賣)"":""12,000"",""自營商買進股數(避險)"":""4,000"",""自營商賣出股數(避險)"":""3,810"",""自營商買賣超股數(避險)"":""190"",""三大法人買賣超股數"":""102,190""}"
2026-10-07,TWSE,3229,晟鈦            ,221100,122000,99100,0,0,0,0,0,1000,"{""證券代號"":""3229"",""證券名稱"":""晟鈦            "",""外陸資買進股數(不含外資自營商)"":""221,100"",""外陸資賣出股數(不含外資自營商)"":""122,000"",""外陸資買賣超股數(不含外資自營商)"":""99,100"",""外資自營商買進股數"":""0"",""外資自營商賣出股數"":""0"",""外資自營商買賣超股數"":""0"",""投信買進股數"":""0"",""投信賣出股數"":""0"",""投信買賣超股數"":""0"",""自營商買賣超股數"":""1,000"",""自營商買進股數(自行買賣)"":""1,000"",""自營商賣出股數(自行買賣)"":""0"",""自營商買賣超股數(自行買賣)"":""1,000"",""自營商買進股數(避險)"":""0"",""自營商賣出股數(避險)"":""0"",""自營商買賣超股數(避險)"":""0"",""三大法人買賣超股數"":""100,100""}"
2026-10-07,TWSE,2428,興勤            ,547208,461050,86158,0,0,0,4686,7112,13313,"{""證券代號"":""2428"",""證券名稱"":""興勤            "",""外陸資買進股數(不含外資自營商)"":""547,208"",""外陸資賣出股數(不含外資自營商)"":""461,050"",""外陸資買賣超股數(不含外資自營商)"":""86,158"",""外資自營商買進股數"":""0"",""外資自營商賣出股數"":""0"",""外資自營商買賣超股數"":""0"",""投信買進股數"":""0"",""投信賣出股數"":""0"",""投信買賣超股數"":""0"",""自營商買賣超股數"":""13,313"",""自營商買進股數(自行買賣)"":""16,095"",""自營商賣出股數(自行買賣)"":""356"",""自營商買賣超股數(自行買賣)"":""15,739"",""自營商買進股數(避險)"":""4,686"",""自營商賣出股數(避險)"":""7,112"",""自營商買賣超股數(避險)"":""-2,426"",""三大法人買賣超股數"":""99,471""}"
2026-10-07,TWSE,2206,三陽工業        ,421072,321000,100072,0,0,0,0,0,-1000,"{""證券代號"":""2206"",""證券名稱"":""三陽工業        "",""外陸資買進股數(不含外資自營商)"":""421,072"",""外陸資賣出股數(不含外資自營商)"":""321,000"",""外陸資買賣超股數(不含外資自營商)"":""100,072"",""外資自營商買進股數"":""0"",""外資自營商賣出股數"":""0"",""外資自營商買賣超股數"":""0"",""投信買進股數"":""0"",""投信賣出股數"":""0"",""投信買賣超股數"":""0"",""自營商買賣超股數"":""-1,000"",""自營商買進股數(自行買賣)"":""0"",""自營商賣出股數(自行買賣)"":""1,000"",""自營商買賣超股數(自行買賣)"":""-1,000"",""自營商買進股數(避險)"":""0"",""自營商賣出股數(避險)"":""0"",""自營商買賣超股數(避險)"":""0"",""三大法人買賣超股數"":""99,072""}"
2026-10-07,TWSE,1466,聚隆            ,112068,10000,102068,0,0,0,0,0,-3003,"{""證券代號"":""1466"",""證券名稱"":""聚隆            "",""外陸資買進股數(不含外資自營商)"":""112,068"",""外陸資賣出股數(不含外資自營商)"":""10,000"",""外陸資買賣超股數(不含外資自營商)"":""102,068"",""外資自營商買進股數"":""0"",""外資自營商賣出股數"":""0"",""外資自營商買賣超股數"":""0"",""投信買進股數"":""0"",""投信賣出股數"":""0"",""投信買賣超股數"":""0"",""自營商買賣超股數"":""-3,003"",""自營商買進股數(自行買賣)"":""0"",""自營商賣出股數(自行買賣)"":""3,003"",""自營商買賣超股數(自行買賣)"":""-3,003"",""自營商買進股數(避險)"":""0"",""自營商賣出股數(避險)"":""0"",""自營商買賣超股數(避險)"":""0"",""三大法人買賣超股數"":""99,065""}"
2026-10-07,TWSE,2597,潤弘            ,157000,57000,100000,0,1000,-1000,0,0,0,"{""證券代號"":""2597"",""證券名稱"":""潤弘            "",""外陸資買進股數(不含外資自營商)"":""157,000"",""外陸資賣出股數(不含外資自營商)"":""57,000"",""外陸資買賣超股數(不含外資自營商)"":""100,000"",""外資自營商買進股數"":""0"",""外資自營商賣出股數"":""0"",""外資自營商買賣超股數"":""0"",""投信買進股數"":""0"",""投信賣出股數"":""1,000"",""投信買賣超股數"":""-1,000"",""自營商買賣超股數"":""0"",""自營商買進股數(自行買賣)"":""0"",""自營商賣出股數(自行買賣)"":""0"",""自營商買賣超股數(自行買賣)"":""0"",""自營商買進股數(避險)"":""0"",""自營商賣出股數(避險)"":""0"",""自營商買賣超股數(避險)"":""0"",""三大法人買賣超股數"":""99,000""}"
2026-10-07,TWSE,2613,中櫃            ,126219,28000,98219,0,0,0,0,0,0,"{""證券代號"":""2613"",""證券名稱"":""中櫃            "",""外陸資買進股數(不含外資自營商)"":""126,219"",""外陸資賣出股數(不含外資自營商)"":""28,000"",""外陸資買賣超股數(不含外資自營商)"":""98,219"",""外資自營商買進股數"":""0"",""外資自營商賣出股數"":""0"",""外資自營商買賣超股數"":""0"",""投信買進股數"":""0"",""投信賣出股數"":""0"",""投信買賣超股數"":""0"",""自營商買賣超股數"":""0"",""自營商買進股數(自行買賣)"":""0"",""自營商賣出股數(自行買賣)"":""0"",""自營商買賣超股數(自行買賣)"":""0"",""自營商買進股數(避險)"":""0"",""自營商賣出股數(避險)"":""0"",""自營商買賣超股數(避險)"":""0"",""三大法人買賣超股數"":""98,219""}"
2026-10-07,TWSE,00983A,主動中信ARK創新 ,116000,161000,-45000,0,0,0,267000,125051,141949,"{""證券代號"":""00983A"",""證券名稱"":""主動中信ARK創新 "",""外陸資買進股數(不含外資自營商)"":""116,000"",""外陸資賣出股數(不含外資自營商)"":""161,000"",""外陸資買賣超股數(不含外資自營商)"":""-45,000"",""外資自營商買進股數"":""0"",""外資自營商賣出股數"":""0"",""外資自營商買賣超股數"":""0"",""投信買進股數"":""0"",""投信賣出股數"":""0"",""投信買賣超股數"":""0"",""自營商買賣超股數"":""141,949"",""自營商買進股數(自行買賣)"":""0"",""自營商賣出股數(自行買賣)"":""0"",""自營商買賣超股數(自行買賣)"":""0"",""自營商買進股數(避險)"":""267,000"",""自營商賣出股數(避險)"":""125,051"",""自營商買賣超股數(避險)"":""141,949"",""三大法人買賣超股數"":""96,949""}"
2026-10-07,TWSE,6216,居易            ,277000,180702,96298,0,0,0,0,0,-255,"{""證券代號"":""6216"",""證券名稱"":""居易            "",""外陸資買進股數(不含外資自營商)"":""277,000"",""外陸資賣出股數(不含外資自營商)"":""180,702"",""外陸資買賣超股數(不含外資自營商)"":""96,298"",""外資自營商買進股數"":""0"",""外資自營商賣出股數"":""0"",""外資自營商買賣超股數"":""0"",""投信買進股數"":""0"",""投信賣出股數"":""0"",""投信買賣超股數"":""0"",""自營商買賣超股數"":""-255"",""自營商買進股數(自行買賣)"":""1,745"",""自營商賣出股數(自行買賣)"":""2,000"",""自營商買賣超股數(自行買賣)"":""-255"",""自營商買進股數(避險)"":""0"",""自營商賣出股數(避險)"":""0"",""自營商買賣超股數(避險)"":""0"",""三大法人買賣超股數"":""96,043""}"
2026-10-07,TWSE,2427,三商電          ,141597,45000,96597,0,0,0,0,0,-2000,"{""證券代號"":""2427"",""證券名稱"":""三商電          "",""外陸資買進股數(不含外資自營商)"":""141,597"",""外陸資賣出股數(不含外資自營商)"":""45,000"",""外陸資買賣超股數(不含外資自營商)"":""96,597"",""外資自營商買進股數"":""0"",""外資自營商賣出股數"":""0"",""外資自營商買賣超股數"":""0"",""投信買進股數"":""0"",""投信賣出股數"":""0"",""投信買賣超股數"":""0"",""自營商買賣超股數"":""-2,000"",""自營商買進股數(自行買賣)"":""0"",""自營商賣出股數(自行買賣)"":""2,000"",""自營商買賣超股數(自行買賣)"":""-2,000"",""自營商買進股數(避險)"":""0"",""自營商賣出股數(避險)"":""0"",""自營商買賣超股數(避險)"":""0"",""三大法人買賣超股數"":""94,597""}"
2026-10-07,TWSE,3705,永信            ,105000,14000,91000,0,0,0,0,0,2000,"{""證券代號"":""3705"",""證券名稱"":""永信            "",""外陸資買進股數(不含外資自營商)"":""105,000"",""外陸資賣出股數(不含外資自營商)"":""14,000"",""外陸資買賣超股數(不含外資自營商)"":""91,000"",""外資自營商買進股數"":""0"",""外資自營商賣出股數"":""0"",""外資自營商買賣超股數"":""0"",""投信買進股數"":""0"",""投信賣出股數"":""0"",""投信買賣超股數"":""0"",""自營商買賣超股數"":""2,000"",""自營商買進股數(自行買賣)"":""2,000"",""自營商賣出股數(自行買賣)"":""0"",""自營商買賣超股數(自行買賣)"":""2,000"",""自營商買進股數(避險)"":""0"",""自營商賣出股數(避險)"":""0"",""自營商買賣超股數(避險)"":""0"",""三大法人買賣超股數"":""93,000""}"
2026-10-07,TWSE,1459,聯發            ,568679,398178,170501,0,0,0,0,0,-78210,"{""證券代號"":""1459"",""證券名稱"":""聯發            "",""外陸資買進股數(不含外資自營商)"":""568,679"",""外陸資賣出股數(不含外資自營商)"":""398,178"",""外陸資買賣超股數(不含外資自營商)"":""170,501"",""外資自營商買進股數"":""0"",""外資自營商賣出股數"":""0"",""外資自營商買賣超股數"":""0"",""投信買進股數"":""0"",""投信賣出股數"":""0"",""投信買賣超股數"":""0"",""自營商買賣超股數"":""-78,210"",""自營商買進股數(自行買賣)"":""4,000"",""自營商賣出股數(自行買賣)"":""82,210"",""自營商買賣超股數(自行買賣)"":""-78,210"",""自營商買進股數(避險)"":""0"",""自營商賣出股數(避險)"":""0"",""自營商買賣超股數(避險)"":""0"",""三大法人買賣超股數"":""92,291""}"
2026-10-07,TWSE,2537,聯上發          ,115059,24000,91059,0,0,0,0,0,0,"{""證券代號"":""2537"",""證券名稱"":""聯上發          "",""外陸資買進股數(不含外資自營商)"":""115,059"",""外陸資賣出股數(不含外資自營商)"":""24,000"",""外陸資買賣超股數(不含外資自營商)"":""91,059"",""外資自營商買進股數"":""0"",""外資自營商賣出股數"":""0"",""外資自營商買賣超股數"":""0"",""投信買進股數"":""0"",""投信賣出股數"":""0"",""投信買賣超股數"":""0"",""自營商買賣超股數"":""0"",""自營商買進股數(自行買賣)"":""0"",""自營商賣出股數(自行買賣)"":""0"",""自營商買賣超股數(自行買賣)"":""0"",""自營商買進股數(避險)"":""0"",""自營商賣出股數(避險)"":""0"",""自營商買賣超股數(避險)"":""0"",""三大法人買賣超股數"":""91,059""}"
2026-10-07,TWSE,2911,麗嬰房          ,98000,7000,91000,0,0,0,0,0,0,"{""證券代號"":""2911"",""證券名稱"":""麗嬰房          "",""外陸資買進股數(不含外資自營商)"":""98,000"",""外陸資賣出股數(不含外資自營商)"":""7,000"",""外陸資買賣超股數(不含外資自營商)"":""91,000"",""外資自營商買進股數"":""0"",""外資自營商賣出股數"":""0"",""外資自營商買賣超股數"":""0"",""投信買進股數"":""0"",""投信賣出股數"":""0"",""投信買賣超股數"":""0"",""自營商買賣超股數"":""0"",""自營商買進股數(自行買賣)"":""0"",""自營商賣出股數(自行買賣)"":""0"",""自營商買賣超股數(自行買賣)"":""0"",""自營商買進股數(避險)"":""0"",""自營商賣出股數(避險)"":""0"",""自營商買賣超股數(避險)"":""0"",""三大法人買賣超股數"":""91,000""}"
2026-10-07,TWSE,1517,利奇            ,122000,33000,89000,0,0,0,0,0,0,"{""證券代號"":""1517"",""證券名稱"":""利奇            "",""外陸資買進股數(不含外資自營商)"":""122,000"",""外陸資賣出股數(不含外資自營商)"":""33,000"",""外陸資買賣超股數(不含外資自營商)"":""89,000"",""外資自營商買進股數"":""0"",""外資自營商賣出股數"":""0"",""外資自營商買賣超股數"":""0"",""投信買進股數"":""0"",""投信賣出股數"":""0"",""投信買賣超股數"":""0"",""自營商買賣超股數"":""0"",""自營商買進股數(自行買賣)"":""0"",""自營商賣出股數(自行買賣)"":""0"",""自營商買賣超股數(自行買賣)"":""0"",""自營商買進股數(避險)"":""0"",""自營商賣出股數(避險)"":""0"",""自營商買賣超股數(避險)"":""0"",""三大法人買賣超股數"":""89,000""}"
2026-10-07,TWSE,1215,卜蜂            ,165899,77000,88899,0,0,0,0,0,0,"{""證券代號"":""1215"",""證券名稱"":""卜蜂            "",""外陸資買進股數(不含外資自營商)"":""165,899"",""外陸資賣出股數(不含外資自營商)"":""77,000"",""外陸資買賣超股數(不含外資自營商)"":""88,899"",""外資自營商買進股數"":""0"",""外資自營商賣出股數"":""0"",""外資自營商買賣超股數"":""0"",""投信買進股數"":""0"",""投信賣出股數"":""0"",""投信買賣超股數"":""0"",""自營商買賣超股數"":""0"",""自營商買進股數(自行買賣)"":""0"",""自營商賣出股數(自行買賣)"":""0"",""自營商買賣超股數(自行買賣)"":""0"",""自營商買進股數(避險)"":""0"",""自營商賣出股數(避險)"":""0"",""自營商買賣超股數(避險)"":""0"",""三大法人買賣超股數"":""88,899""}"
2026-10-07,TWSE,3051,力特            ,189000,98145,90855,0,0,0,0,0,-2900,"{""證券代號"":""3051"",""證券名稱"":""力特            "",""外陸資買進股數(不含外資自營商)"":""189,000"",""外陸資賣出股數(不含外資自營商)"":""98,145"",""外陸資買賣超股數(不含外資自營商)"":""90,855"",""外資自營商買進股數"":""0"",""外資自營商賣出股數"":""0"",""外資自營商買賣超股數"":""0"",""投信買進股數"":""0"",""投信賣出股數"":""0"",""投信買賣超股數"":""0"",""自營商買賣超股數"":""-2,900"",""自營商買進股數(自行買賣)"":""1,100"",""自營商賣出股數(自行買賣)"":""4,000"",""自營商買賣超股數(自行買賣)"":""-2,900"",""自營商買進股數(避險)"":""0"",""自營商賣出股數(避險)"":""0"",""自營商買賣超股數(避險)"":""0"",""三大法人買賣超股數"":""87,955""}"
2026-10-07,TWSE,1533,車王電          ,94000,7000,87000,0,0,0,0,0,0,"{""證券代號"":""1533"",""證券名稱"":""車王電          "",""外陸資買進股數(不含外資自營商)"":""94,000"",""外陸資賣出股數(不含外資自營商)"":""7,000"",""外陸資買賣超股數(不含外資自營商)"":""87,000"",""外資自營商買進股數"":""0"",""外資自營商賣出股數"":""0"",""外資自營商買賣超股數"":""0"",""投信買進股數"":""0"",""投信賣出股數"":""0"",""投信買賣超股數"":""0"",""自營商買賣超股數"":""0"",""自營商買進股數(自行買賣)"":""0"",""自營商賣出股數(自行買賣)"":""0"",""自營商買賣超股數(自行買賣)"":""0"",""自營商買進股數(避險)"":""0"",""自營商賣出股數(避險)"":""0"",""自營商買賣超股數(避險)"":""0"",""三大法人買賣超股數"":""87,000""}"
2026-10-07,TWSE,2425,承啟            ,106000,18000,88000,0,0,0,0,0,-1000,"{""證券代號"":""2425"",""證券名稱"":""承啟            "",""外陸資買進股數(不含外資自營商)"":""106,000"",""外陸資賣出股數(不含外資自營商)"":""18,000"",""外陸資買賣超股數(不含外資自營商)"":""88,000"",""外資自營商買進股數"":""0"",""外資自營商賣出股數"":""0"",""外資自營商買賣超股數"":""0"",""投信買進股數"":""0"",""投信賣出股數"":""0"",""投信買賣超股數"":""0"",""自營商買賣超股數"":""-1,000"",""自營商買進股數(自行買賣)"":""0"",""自營商賣出股數(自行買賣)"":""1,000"",""自營商買賣超股數(自行買賣)"":""-1,000"",""自營商買進股數(避險)"":""0"",""自營商賣出股數(避險)"":""0"",""自營商買賣超股數(避險)"":""0"",""三大法人買賣超股數"":""87,000""}"
2026-10-07,TWSE,4977,眾達-KY         ,1407291,1387010,20281,0,0,0,91134,26905,64229,"{""證券代號"":""4977"",""證券名稱"":""眾達-KY         "",""外陸資買進股數(不含外資自營商)"":""1,407,291"",""外陸資賣出股數(不含外資自營商)"":""1,387,010"",""外陸資買賣超股數(不含外資自營商)"":""20,281"",""外資自營商買進股數"":""0"",""外資自營商賣出股數"":""0"",""外資自營商買賣超股數"":""0"",""投信買進股數"":""0"",""投信賣出股數"":""0"",""投信買賣超股數"":""0"",""自營商買賣超股數"":""64,229"",""自營商買進股數(自行買賣)"":""0"",""自營商賣出股數(自行買賣)"":""0"",""自營商買賣超股數(自行買賣)"":""0"",""自營商買進股數(避險)"":""91,134"",""自營商賣出股數(避險)"":""26,905"",""自營商買賣超股數(避險)"":""64,229"",""三大法人買賣超股數"":""84,510""}"
2026-10-07,TWSE,6873,泓德能源        ,122000,40000,82000,0,0,0,1000,0,1000,"{""證券代號"":""6873"",""證券名稱"":""泓德能源        "",""外陸資買進股數(不含外資自營商)"":""122,000"",""外陸資賣出股數(不含外資自營商)"":""40,000"",""外陸資買賣超股數(不含外資自營商)"":""82,000"",""外資自營商買進股數"":""0"",""外資自營商賣出股數"":""0"",""外資自營商買賣超股數"":""0"",""投信買進股數"":""0"",""投信賣出股數"":""0"",""投信買賣超股數"":""0"",""自營商買賣超股數"":""1,000"",""自營商買進股數(自行買賣)"":""0"",""自營商賣出股數(自行買賣)"":""0"",""自營商買賣超股數(自行買賣)"":""0"",""自營商買進股數(避險)"":""1,000"",""自營商賣出股數(避險)"":""0"",""自營商買賣超股數(避險)"":""1,000"",""三大法人買賣超股數"":""83,000""}"
2026-10-07,TWSE,3312,弘憶股          ,181272,100000,81272,0,0,0,0,46,-46,"{""證券代號"":""3312"",""證券名稱"":""弘憶股          "",""外陸資買進股數(不含外資自營商)"":""181,272"",""外陸資賣出股數(不含外資自營商)"":""100,000"",""外陸資買賣超股數(不含外資自營商)"":""81,272"",""外資自營商買進股數"":""0"",""外資自營商賣出股數"":""0"",""外資自營商買賣超股數"":""0"",""投信買進股數"":""0"",""投信賣出股數"":""0"",""投信買賣超股數"":""0"",""自營商買賣超股數"":""-46"",""自營商買進股數(自行買賣)"":""0"",""自營商賣出股數(自行買賣)"":""0"",""自營商買賣超股數(自行買賣)"":""0"",""自營商買進股數(避險)"":""0"",""自營商賣出股數(避險)"":""46"",""自營商買賣超股數(避險)"":""-46"",""三大法人買賣超股數"":""81,226""}"
2026-10-07,TWSE,3443,創意            ,600885,607030,-6145,230000,101507,128493,21847,31460,-41213,"{""證券代號"":""3443"",""證券名稱"":""創意            "",""外陸資買進股數(不含外資自營商)"":""600,885"",""外陸資賣出股數(不含外資自營商)"":""607,030"",""外陸資買賣超股數(不含外資自營商)"":""-6,145"",""外資自營商買進股數"":""0"",""外資自營商賣出股數"":""0"",""外資自營商買賣超股數"":""0"",""投信買進股數"":""230,000"",""投信賣出股數"":""101,507"",""投信買賣超股數"":""128,493"",""自營商買賣超股數"":""-41,213"",""自營商買進股數(自行買賣)"":""37,317"",""自營商賣出股數(自行買賣)"":""68,917"",""自營商買賣超股數(自行買賣)"":""-31,600"",""自營商買進股數(避險)"":""21,847"",""自營商賣出股數(避險)"":""31,460"",""自營商買賣超股數(避險)"":""-9,613"",""三大法人買賣超股數"":""81,135""}"
2026-10-07,TWSE,1210,大成            ,562000,480671,81329,0,0,0,0,0,-260,"{""證券代號"":""1210"",""證券名稱"":""大成            "",""外陸資買進股數(不含外資自營商)"":""562,000"",""外陸資賣出股數(不含外資自營商)"":""480,671"",""外陸資買賣超股數(不含外資自營商)"":""81,329"",""外資自營商買進股數"":""0"",""外資自營商賣出股數"":""0"",""外資自營商買賣超股數"":""0"",""投信買進股數"":""0"",""投信賣出股數"":""0"",""投信買賣超股數"":""0"",""自營商買賣超股數"":""-260"",""自營商買進股數(自行買賣)"":""1,000"",""自營商賣出股數(自行買賣)"":""1,260"",""自營商買賣超股數(自行買賣)"":""-260"",""自營商買進股數(避險)"":""0"",""自營商賣出股數(避險)"":""0"",""自營商買賣超股數(避險)"":""0"",""三大法人買賣超股數"":""81,069""}"
2026-10-07,TWSE,9939,宏全            ,307000,227000,80000,0,1449,-1449,6515,0,2489,"{""證券代號"":""9939"",""證券名稱"":""宏全            "",""外陸資買進股數(不含外資自營商)"":""307,000"",""外陸資賣出股數(不含外資自營商)"":""227,000"",""外陸資買賣超股數(不含外資自營商)"":""80,000"",""外資自營商買進股數"":""0"",""外資自營商賣出股數"":""0"",""外資自營商買賣超股數"":""0"",""投信買進股數"":""0"",""投信賣出股數"":""1,449"",""投信買賣超股數"":""-1,449"",""自營商買賣超股數"":""2,489"",""自營商買進股數(自行買賣)"":""0"",""自營商賣出股數(自行買賣)"":""4,026"",""自營商買賣超股數(自行買賣)"":""-4,026"",""自營商買進股數(避險)"":""6,515"",""自營商賣出股數(避險)"":""0"",""自營商買賣超股數(避險)"":""6,515"",""三大法人買賣超股數"":""81,040""}"
2026-10-07,TWSE,00989A,主動摩根美國科技,237000,80000,157000,0,0,0,134001,210164,-76163,"{""證券代號"":""00989A"",""證券名稱"":""主動摩根美國科技"",""外陸資買進股數(不含外資自營商)"":""237,000"",""外陸資賣出股數(不含外資自營商)"":""80,000"",""外陸資買賣超股數(不含外資自營商)"":""157,000"",""外資自營商買進股數"":""0"",""外資自營商賣出股數"":""0"",""外資自營商買賣超股數"":""0"",""投信買進股數"":""0"",""投信賣出股數"":""0"",""投信買賣超股數"":""0"",""自營商買賣超股數"":""-76,163"",""自營商買進股數(自行買賣)"":""0"",""自營商賣出股數(自行買賣)"":""0"",""自營商買賣超股數(自行買賣)"":""0"",""自營商買進股數(避險)"":""134,001"",""自營商賣出股數(避險)"":""210,164"",""自營商買賣超股數(避險)"":""-76,163"",""三大法人買賣超股數"":""80,837""}"
2026-10-07,TWSE,1702,南僑            ,90667,10000,80667,0,0,0,0,0,0,"{""證券代號"":""1702"",""證券名稱"":""南僑            "",""外陸資買進股數(不含外資自營商)"":""90,667"",""外陸資賣出股數(不含外資自營商)"":""10,000"",""外陸資買賣超股數(不含外資自營商)"":""80,667"",""外資自營商買進股數"":""0"",""外資自營商賣出股數"":""0"",""外資自營商買賣超股數"":""0"",""投信買進股數"":""0"",""投信賣出股數"":""0"",""投信買賣超股數"":""0"",""自營商買賣超股數"":""0"",""自營商買進股數(自行買賣)"":""0"",""自營商賣出股數(自行買賣)"":""0"",""自營商買賣超股數(自行買賣)"":""0"",""自營商買進股數(避險)"":""0"",""自營商賣出股數(避險)"":""0"",""自營商買賣超股數(避險)"":""0"",""三大法人買賣超股數"":""80,667""}"
2026-10-07,TWSE,2392,正崴            ,457000,362000,95000,0,0,0,0,12095,-14334,"{""證券代號"":""2392"",""證券名稱"":""正崴            "",""外陸資買進股數(不含外資自營商)"":""457,000"",""外陸資賣出股數(不含外資自營商)"":""362,000"",""外陸資買賣超股數(不含外資自營商)"":""95,000"",""外資自營商買進股數"":""0"",""外資自營商賣出股數"":""0"",""外資自營商買賣超股數"":""0"",""投信買進股數"":""0"",""投信賣出股數"":""0"",""投信買賣超股數"":""0"",""自營商買賣超股數"":""-14,334"",""自營商買進股數(自行買賣)"":""3,000"",""自營商賣出股數(自行買賣)"":""5,239"",""自營商買賣超股數(自行買賣)"":""-2,239"",""自營商買進股數(避險)"":""0"",""自營商賣出股數(避險)"":""12,095"",""自營商買賣超股數(避險)"":""-12,095"",""三大法人買賣超股數"":""80,666""}"
2026-10-07,TWSE,4564,元翎            ,157000,76000,81000,0,0,0,204,1000,-796,"{""證券代號"":""4564"",""證券名稱"":""元翎            "",""外陸資買進股數(不含外資自營商)"":""157,000"",""外陸資賣出股數(不含外資自營商)"":""76,000"",""外陸資買賣超股數(不含外資自營商)"":""81,000"",""外資自營商買進股數"":""0"",""外資自營商賣出股數"":""0"",""外資自營商買賣超股數"":""0"",""投信買進股數"":""0"",""投信賣出股數"":""0"",""投信買賣超股數"":""0"",""自營商買賣超股數"":""-796"",""自營商買進股數(自行買賣)"":""0"",""自營商賣出股數(自行買賣)"":""0"",""自營商買賣超股數(自行買賣)"":""0"",""自營商買進股數(避險)"":""204"",""自營商賣出股數(避險)"":""1,000"",""自營商買賣超股數(避險)"":""-796"",""三大法人買賣超股數"":""80,204""}"
2026-10-07,TWSE,2038,海光            ,116062,38000,78062,0,0,0,0,0,2000,"{""證券代號"":""2038"",""證券名稱"":""海光            "",""外陸資買進股數(不含外資自營商)"":""116,062"",""外陸資賣出股數(不含外資自營商)"":""38,000"",""外陸資買賣超股數(不含外資自營商)"":""78,062"",""外資自營商買進股數"":""0"",""外資自營商賣出股數"":""0"",""外資自營商買賣超股數"":""0"",""投信買進股數"":""0"",""投信賣出股數"":""0"",""投信買賣超股數"":""0"",""自營商買賣超股數"":""2,000"",""自營商買進股數(自行買賣)"":""2,000"",""自營商賣出股數(自行買賣)"":""0"",""自營商買賣超股數(自行買賣)"":""2,000"",""自營商買進股數(避險)"":""0"",""自營商賣出股數(避險)"":""0"",""自營商買賣超股數(避險)"":""0"",""三大法人買賣超股數"":""80,062""}"
2026-10-07,TWSE,2546,根基            ,100330,22400,77930,0,0,0,0,0,2000,"{""證券代號"":""2546"",""證券名稱"":""根基            "",""外陸資買進股數(不含外資自營商)"":""100,330"",""外陸資賣出股數(不含外資自營商)"":""22,400"",""外陸資買賣超股數(不含外資自營商)"":""77,930"",""外資自營商買進股數"":""0"",""外資自營商賣出股數"":""0"",""外資自營商買賣超股數"":""0"",""投信買進股數"":""0"",""投信賣出股數"":""0"",""投信買賣超股數"":""0"",""自營商買賣超股數"":""2,000"",""自營商買進股數(自行買賣)"":""2,000"",""自營商賣出股數(自行買賣)"":""0"",""自營商買賣超股數(自行買賣)"":""2,000"",""自營商買進股數(避險)"":""0"",""自營商賣出股數(避險)"":""0"",""自營商買賣超股數(避險)"":""0"",""三大法人買賣超股數"":""79,930""}"
2026-10-07,TWSE,2023,燁輝            ,187400,108000,79400,0,0,0,0,0,0,"{""證券代號"":""2023"",""證券名稱"":""燁輝            "",""外陸資買進股數(不含外資自營商)"":""187,400"",""外陸資賣出股數(不含外資自營商)"":""108,000"",""外陸資買賣超股數(不含外資自營商)"":""79,400"",""外資自營商買進股數"":""0"",""外資自營商賣出股數"":""0"",""外資自營商買賣超股數"":""0"",""投信買進股數"":""0"",""投信賣出股數"":""0"",""投信買賣超股數"":""0"",""自營商買賣超股數"":""0"",""自營商買進股數(自行買賣)"":""0"",""自營商賣出股數(自行買賣)"":""0"",""自營商買賣超股數(自行買賣)"":""0"",""自營商買進股數(避險)"":""0"",""自營商賣出股數(避險)"":""0"",""自營商買賣超股數(避險)"":""0"",""三大法人買賣超股數"":""79,400""}"
2026-10-07,TWSE,1723,中碳            ,171000,79000,92000,0,16000,-16000,509,0,1509,"{""證券代號"":""1723"",""證券名稱"":""中碳            "",""外陸資買進股數(不含外資自營商)"":""171,000"",""外陸資賣出股數(不含外資自營商)"":""79,000"",""外陸資買賣超股數(不含外資自營商)"":""92,000"",""外資自營商買進股數"":""0"",""外資自營商賣出股數"":""0"",""外資自營商買賣超股數"":""0"",""投信買進股數"":""0"",""投信賣出股數"":""16,000"",""投信買賣超股數"":""-16,000"",""自營商買賣超股數"":""1,509"",""自營商買進股數(自行買賣)"":""1,000"",""自營商賣出股數(自行買賣)"":""0"",""自營商買賣超股數(自行買賣)"":""1,000"",""自營商買進股數(避險)"":""509"",""自營商賣出股數(避險)"":""0"",""自營商買賣超股數(避險)"":""509"",""三大法人買賣超股數"":""77,509""}"
2026-10-07,TWSE,6550,北極星藥業-KY   ,220307,146000,74307,0,0,0,0,0,2000,"{""證券代號"":""6550"",""證券名稱"":""北極星藥業-KY   "",""外陸資買進股數(不含外資自營商)"":""220,307"",""外陸資賣出股數(不含外資自營商)"":""146,000"",""外陸資買賣超股數(不含外資自營商)"":""74,307"",""外資自營商買進股數"":""0"",""外資自營商賣出股數"":""0"",""外資自營商買賣超股數"":""0"",""投信買進股數"":""0"",""投信賣出股數"":""0"",""投信買賣超股數"":""0"",""自營商買賣超股數"":""2,000"",""自營商買進股數(自行買賣)"":""4,000"",""自營商賣出股數(自行買賣)"":""2,000"",""自營商買賣超股數(自行買賣)"":""2,000"",""自營商買進股數(避險)"":""0"",""自營商賣出股數(避險)"":""0"",""自營商買賣超股數(避險)"":""0"",""三大法人買賣超股數"":""76,307""}"
2026-10-07,TWSE,6869,雲豹能源        ,127810,50000,77810,0,0,0,0,0,-2000,"{""證券代號"":""6869"",""證券名稱"":""雲豹能源        "",""外陸資買進股數(不含外資自營商)"":""127,810"",""外陸資賣出股數(不含外資自營商)"":""50,000"",""外陸資買賣超股數(不含外資自營商)"":""77,810"",""外資自營商買進股數"":""0"",""外資自營商賣出股數"":""0"",""外資自營商買賣超股數"":""0"",""投信買進股數"":""0"",""投信賣出股數"":""0"",""投信買賣超股數"":""0"",""自營商買賣超股數"":""-2,000"",""自營商買進股數(自行買賣)"":""0"",""自營商賣出股數(自行買賣)"":""2,000"",""自營商買賣超股數(自行買賣)"":""-2,000"",""自營商買進股數(避險)"":""0"",""自營商賣出股數(避險)"":""0"",""自營商買賣超股數(避險)"":""0"",""三大法人買賣超股數"":""75,810""}"
2026-10-07,TWSE,6768,志強-KY         ,412269,336000,76269,0,1983,-1983,923,73,850,"{""證券代號"":""6768"",""證券名稱"":""志強-KY         "",""外陸資買進股數(不含外資自營商)"":""412,269"",""外陸資賣出股數(不含外資自營商)"":""336,000"",""外陸資買賣超股數(不含外資自營商)"":""76,269"",""外資自營商買進股數"":""0"",""外資自營商賣出股數"":""0"",""外資自營商買賣超股數"":""0"",""投信買進股數"":""0"",""投信賣出股數"":""1,983"",""投信買賣超股數"":""-1,983"",""自營商買賣超股數"":""850"",""自營商買進股數(自行買賣)"":""0"",""自營商賣出股數(自行買賣)"":""0"",""自營商買賣超股數(自行買賣)"":""0"",""自營商買進股數(避險)"":""923"",""自營商賣出股數(避險)"":""73"",""自營商買賣超股數(避險)"":""850"",""三大法人買賣超股數"":""75,136""}"
2026-10-07,TWSE,00634R,富邦上証反1     ,0,0,0,0,0,0,77000,2000,75000,"{""證券代號"":""00634R"",""證券名稱"":""富邦上証反1     "",""外陸資買進股數(不含外資自營商)"":""0"",""外陸資賣出股數(不含外資自營商)"":""0"",""外陸資買賣超股數(不含外資自營商)"":""0"",""外資自營商買進股數"":""0"",""外資自營商賣出股數"":""0"",""外資自營商買賣超股數"":""0"",""投信買進股數"":""0"",""投信賣出股數"":""0"",""投信買賣超股數"":""0"",""自營商買賣超股數"":""75,000"",""自營商買進股數(自行買賣)"":""0"",""自營商賣出股數(自行買賣)"":""0"",""自營商買賣超股數(自行買賣)"":""0"",""自營商買進股數(避險)"":""77,000"",""自營商賣出股數(避險)"":""2,000"",""自營商買賣超股數(避險)"":""75,000"",""三大法人買賣超股數"":""75,000""}"
2026-10-07,TWSE,2072,世紀風電        ,84379,10051,74328,0,0,0,0,0,0,"{""證券代號"":""2072"",""證券名稱"":""世紀風電        "",""外陸資買進股數(不含外資自營商)"":""84,379"",""外陸資賣出股數(不含外資自營商)"":""10,051"",""外陸資買賣超股數(不含外資自營商)"":""74,328"",""外資自營商買進股數"":""0"",""外資自營商賣出股數"":""0"",""外資自營商買賣超股數"":""0"",""投信買進股數"":""0"",""投信賣出股數"":""0"",""投信買賣超股數"":""0"",""自營商買賣超股數"":""0"",""自營商買進股數(自行買賣)"":""0"",""自營商賣出股數(自行買賣)"":""0"",""自營商買賣超股數(自行買賣)"":""0"",""自營商買進股數(避險)"":""0"",""自營商賣出股數(避險)"":""0"",""自營商買賣超股數(避險)"":""0"",""三大法人買賣超股數"":""74,328""}"
2026-10-07,TWSE,1515,力山            ,140000,65000,75000,0,0,0,0,946,-946,"{""證券代號"":""1515"",""證券名稱"":""力山            "",""外陸資買進股數(不含外資自營商)"":""140,000"",""外陸資賣出股數(不含外資自營商)"":""65,000"",""外陸資買賣超股數(不含外資自營商)"":""75,000"",""外資自營商買進股數"":""0"",""外資自營商賣出股數"":""0"",""外資自營商買賣超股數"":""0"",""投信買進股數"":""0"",""投信賣出股數"":""0"",""投信買賣超股數"":""0"",""自營商買賣超股數"":""-946"",""自營商買進股數(自行買賣)"":""0"",""自營商賣出股數(自行買賣)"":""0"",""自營商買賣超股數(自行買賣)"":""0"",""自營商買進股數(避險)"":""0"",""自營商賣出股數(避險)"":""946"",""自營商買賣超股數(避險)"":""-946"",""三大法人買賣超股數"":""74,054""}"
2026-10-07,TWSE,5306,桂盟            ,80000,9000,71000,0,0,0,0,0,3000,"{""證券代號"":""5306"",""證券名稱"":""桂盟            "",""外陸資買進股數(不含外資自營商)"":""80,000"",""外陸資賣出股數(不含外資自營商)"":""9,000"",""外陸資買賣超股數(不含外資自營商)"":""71,000"",""外資自營商買進股數"":""0"",""外資自營商賣出股數"":""0"",""外資自營商買賣超股數"":""0"",""投信買進股數"":""0"",""投信賣出股數"":""0"",""投信買賣超股數"":""0"",""自營商買賣超股數"":""3,000"",""自營商買進股數(自行買賣)"":""3,000"",""自營商賣出股數(自行買賣)"":""0"",""自營商買賣超股數(自行買賣)"":""3,000"",""自營商買進股數(避險)"":""0"",""自營商賣出股數(避險)"":""0"",""自營商買賣超股數(避險)"":""0"",""三大法人買賣超股數"":""74,000""}"
2026-10-07,TWSE,6933,AMAX-KY         ,246209,170000,76209,0,0,0,0,2579,-2579,"{""證券代號"":""6933"",""證券名稱"":""AMAX-KY         "",""外陸資買進股數(不含外資自營商)"":""246,209"",""外陸資賣出股數(不含外資自營商)"":""170,000"",""外陸資買賣超股數(不含外資自營商)"":""76,209"",""外資自營商買進股數"":""0"",""外資自營商賣出股數"":""0"",""外資自營商買賣超股數"":""0"",""投信買進股數"":""0"",""投信賣出股數"":""0"",""投信買賣超股數"":""0"",""自營商買賣超股數"":""-2,579"",""自營商買進股數(自行買賣)"":""0"",""自營商賣出股數(自行買賣)"":""0"",""自營商買賣超股數(自行買賣)"":""0"",""自營商買進股數(避險)"":""0"",""自營商賣出股數(避險)"":""2,579"",""自營商買賣超股數(避險)"":""-2,579"",""三大法人買賣超股數"":""73,630""}"
2026-10-07,TWSE,3138,耀登            ,213329,139049,74280,0,0,0,2001,2744,-743,"{""證券代號"":""3138"",""證券名稱"":""耀登            "",""外陸資買進股數(不含外資自營商)"":""213,329"",""外陸資賣出股數(不含外資自營商)"":""139,049"",""外陸資買賣超股數(不含外資自營商)"":""74,280"",""外資自營商買進股數"":""0"",""外資自營商賣出股數"":""0"",""外資自營商買賣超股數"":""0"",""投信買進股數"":""0"",""投信賣出股數"":""0"",""投信買賣超股數"":""0"",""自營商買賣超股數"":""-743"",""自營商買進股數(自行買賣)"":""0"",""自營商賣出股數(自行買賣)"":""0"",""自營商買賣超股數(自行買賣)"":""0"",""自營商買進股數(避險)"":""2,001"",""自營商賣出股數(避險)"":""2,744"",""自營商買賣超股數(避險)"":""-743"",""三大法人買賣超股數"":""73,537""}"
2026-10-07,TWSE,4736,泰博            ,111036,46000,65036,5000,0,5000,0,0,3000,"{""證券代號"":""4736"",""證券名稱"":""泰博            "",""外陸資買進股數(不含外資自營商)"":""111,036"",""外陸資賣出股數(不含外資自營商)"":""46,000"",""外陸資買賣超股數(不含外資自營商)"":""65,036"",""外資自營商買進股數"":""0"",""外資自營商賣出股數"":""0"",""外資自營商買賣超股數"":""0"",""投信買進股數"":""5,000"",""投信賣出股數"":""0"",""投信買賣超股數"":""5,000"",""自營商買賣超股數"":""3,000"",""自營商買進股數(自行買賣)"":""3,000"",""自營商賣出股數(自行買賣)"":""0"",""自營商買賣超股數(自行買賣)"":""3,000"",""自營商買進股數(避險)"":""0"",""自營商賣出股數(避險)"":""0"",""自營商買賣超股數(避險)"":""0"",""三大法人買賣超股數"":""73,036""}"
2026-10-07,TWSE,1414,東和            ,78000,9000,69000,0,0,0,0,0,3000,"{""證券代號"":""1414"",""證券名稱"":""東和            "",""外陸資買進股數(不含外資自營商)"":""78,000"",""外陸資賣出股數(不含外資自營商)"":""9,000"",""外陸資買賣超股數(不含外資自營商)"":""69,000"",""外資自營商買進股數"":""0"",""外資自營商賣出股數"":""0"",""外資自營商買賣超股數"":""0"",""投信買進股數"":""0"",""投信賣出股數"":""0"",""投信買賣超股數"":""0"",""自營商買賣超股數"":""3,000"",""自營商買進股數(自行買賣)"":""5,000"",""自營商賣出股數(自行買賣)"":""2,000"",""自營商買賣超股數(自行買賣)"":""3,000"",""自營商買進股數(避險)"":""0"",""自營商賣出股數(避險)"":""0"",""自營商買賣超股數(避險)"":""0"",""三大法人買賣超股數"":""72,000""}"
2026-10-07,TWSE,2385,群光            ,2179035,2089643,89392,1100,45287,-44187,25355,0,25910,"{""證券代號"":""2385"",""證券名稱"":""群光            "",""外陸資買進股數(不含外資自營商)"":""2,179,035"",""外陸資賣出股數(不含外資自營商)"":""2,089,643"",""外陸資買賣超股數(不含外資自營商)"":""89,392"",""外資自營商買進股數"":""0"",""外資自營商賣出股數"":""0"",""外資自營商買賣超股數"":""0"",""投信買進股數"":""1,100"",""投信賣出股數"":""45,287"",""投信買賣超股數"":""-44,187"",""自營商買賣超股數"":""25,910"",""自營商買進股數(自行買賣)"":""9,000"",""自營商賣出股數(自行買賣)"":""8,445"",""自營商買賣超股數(自行買賣)"":""555"",""自營商買進股數(避險)"":""25,355"",""自營商賣出股數(避險)"":""0"",""自營商買賣超股數(避險)"":""25,355"",""三大法人買賣超股數"":""71,115""}"
2026-10-07,TWSE,8464,億豐            ,250107,197000,53107,9000,0,9000,1000,0,9000,"{""證券代號"":""8464"",""證券名稱"":""億豐            "",""外陸資買進股數(不含外資自營商)"":""250,107"",""外陸資賣出股數(不含外資自營商)"":""197,000"",""外陸資買賣超股數(不含外資自營商)"":""53,107"",""外資自營商買進股數"":""0"",""外資自營商賣出股數"":""0"",""外資自營商買賣超股數"":""0"",""投信買進股數"":""9,000"",""投信賣出股數"":""0"",""投信買賣超股數"":""9,000"",""自營商買賣超股數"":""9,000"",""自營商買進股數(自行買賣)"":""8,000"",""自營商賣出股數(自行買賣)"":""0"",""自營商買賣超股數(自行買賣)"":""8,000"",""自營商買進股數(避險)"":""1,000"",""自營商賣出股數(避險)"":""0"",""自營商買賣超股數(避險)"":""1,000"",""三大法人買賣超股數"":""71,107""}"
2026-10-07,TWSE,7795,長廣            ,302628,238734,63894,0,0,0,0,3968,7032,"{""證券代號"":""7795"",""證券名稱"":""長廣            "",""外陸資買進股數(不含外資自營商)"":""302,628"",""外陸資賣出股數(不含外資自營商)"":""238,734"",""外陸資買賣超股數(不含外資自營商)"":""63,894"",""外資自營商買進股數"":""0"",""外資自營商賣出股數"":""0"",""外資自營商買賣超股數"":""0"",""投信買進股數"":""0"",""投信賣出股數"":""0"",""投信買賣超股數"":""0"",""自營商買賣超股數"":""7,032"",""自營商買進股數(自行買賣)"":""13,000"",""自營商賣出股數(自行買賣)"":""2,000"",""自營商買賣超股數(自行買賣)"":""11,000"",""自營商買進股數(避險)"":""0"",""自營商賣出股數(避險)"":""3,968"",""自營商買賣超股數(避險)"":""-3,968"",""三大法人買賣超股數"":""70,926""}"
2026-10-07,TWSE,2753,八方雲集        ,79170,8000,71170,0,1927,-1927,155,0,140,"{""證券代號"":""2753"",""證券名稱"":""八方雲集        "",""外陸資買進股數(不含外資自營商)"":""79,170"",""外陸資賣出股數(不含外資自營商)"":""8,000"",""外陸資買賣超股數(不含外資自營商)"":""71,170"",""外資自營商買進股數"":""0"",""外資自營商賣出股數"":""0"",""外資自營商買賣超股數"":""0"",""投信買進股數"":""0"",""投信賣出股數"":""1,927"",""投信買賣超股數"":""-1,927"",""自營商買賣超股數"":""140"",""自營商買進股數(自行買賣)"":""0"",""自營商賣出股數(自行買賣)"":""15"",""自營商買賣超股數(自行買賣)"":""-15"",""自營商買進股數(避險)"":""155"",""自營商賣出股數(避險)"":""0"",""自營商買賣超股數(避險)"":""155"",""三大法人買賣超股數"":""69,383""}"
2026-10-07,TWSE,2545,皇翔            ,101119,34000,67119,0,0,0,0,0,2101,"{""證券代號"":""2545"",""證券名稱"":""皇翔            "",""外陸資買進股數(不含外資自營商)"":""101,119"",""外陸資賣出股數(不含外資自營商)"":""34,000"",""外陸資買賣超股數(不含外資自營商)"":""67,119"",""外資自營商買進股數"":""0"",""外資自營商賣出股數"":""0"",""外資自營商買賣超股數"":""0"",""投信買進股數"":""0"",""投信賣出股數"":""0"",""投信買賣超股數"":""0"",""自營商買賣超股數"":""2,101"",""自營商買進股數(自行買賣)"":""2,101"",""自營商賣出股數(自行買賣)"":""0"",""自營商買賣超股數(自行買賣)"":""2,101"",""自營商買進股數(避險)"":""0"",""自營商賣出股數(避險)"":""0"",""自營商買賣超股數(避險)"":""0"",""三大法人買賣超股數"":""69,220""}"
2026-10-07,TWSE,2390,云辰            ,149000,80000,69000,0,0,0,0,0,0,"{""證券代號"":""2390"",""證券名稱"":""云辰            "",""外陸資買進股數(不含外資自營商)"":""149,000"",""外陸資賣出股數(不含外資自營商)"":""80,000"",""外陸資買賣超股數(不含外資自營商)"":""69,000"",""外資自營商買進股數"":""0"",""外資自營商賣出股數"":""0"",""外資自營商買賣超股數"":""0"",""投信買進股數"":""0"",""投信賣出股數"":""0"",""投信買賣超股數"":""0"",""自營商買賣超股數"":""0"",""自營商買進股數(自行買賣)"":""0"",""自營商賣出股數(自行買賣)"":""0"",""自營商買賣超股數(自行買賣)"":""0"",""自營商買進股數(避險)"":""0"",""自營商賣出股數(避險)"":""0"",""自營商買賣超股數(避險)"":""0"",""三大法人買賣超股數"":""69,000""}"
2026-10-07,TWSE,2852,第一保          ,92000,23330,68670,0,0,0,0,0,0,"{""證券代號"":""2852"",""證券名稱"":""第一保          "",""外陸資買進股數(不含外資自營商)"":""92,000"",""外陸資賣出股數(不含外資自營商)"":""23,330"",""外陸資買賣超股數(不含外資自營商)"":""68,670"",""外資自營商買進股數"":""0"",""外資自營商賣出股數"":""0"",""外資自營商買賣超股數"":""0"",""投信買進股數"":""0"",""投信賣出股數"":""0"",""投信買賣超股數"":""0"",""自營商買賣超股數"":""0"",""自營商買進股數(自行買賣)"":""0"",""自營商賣出股數(自行買賣)"":""0"",""自營商買賣超股數(自行買賣)"":""0"",""自營商買進股數(避險)"":""0"",""自營商賣出股數(避險)"":""0"",""自營商買賣超股數(避險)"":""0"",""三大法人買賣超股數"":""68,670""}"
2026-10-07,TWSE,1231,聯華食          ,105728,43526,62202,0,0,0,0,0,4982,"{""證券代號"":""1231"",""證券名稱"":""聯華食          "",""外陸資買進股數(不含外資自營商)"":""105,728"",""外陸資賣出股數(不含外資自營商)"":""43,526"",""外陸資買賣超股數(不含外資自營商)"":""62,202"",""外資自營商買進股數"":""0"",""外資自營商賣出股數"":""0"",""外資自營商買賣超股數"":""0"",""投信買進股數"":""0"",""投信賣出股數"":""0"",""投信買賣超股數"":""0"",""自營商買賣超股數"":""4,982"",""自營商買進股數(自行買賣)"":""6,000"",""自營商賣出股數(自行買賣)"":""1,018"",""自營商買賣超股數(自行買賣)"":""4,982"",""自營商買進股數(避險)"":""0"",""自營商賣出股數(避險)"":""0"",""自營商買賣超股數(避險)"":""0"",""三大法人買賣超股數"":""67,184""}"
2026-10-07,TWSE,2359,所羅門          ,260477,184000,76477,0,0,0,9000,19829,-9829,"{""證券代號"":""2359"",""證券名稱"":""所羅門          "",""外陸資買進股數(不含外資自營商)"":""260,477"",""外陸資賣出股數(不含外資自營商)"":""184,000"",""外陸資買賣超股數(不含外資自營商)"":""76,477"",""外資自營商買進股數"":""0"",""外資自營商賣出股數"":""0"",""外資自營商買賣超股數"":""0"",""投信買進股數"":""0"",""投信賣出股數"":""0"",""投信買賣超股數"":""0"",""自營商買賣超股數"":""-9,829"",""自營商買進股數(自行買賣)"":""1,000"",""自營商賣出股數(自行買賣)"":""0"",""自營商買賣超股數(自行買賣)"":""1,000"",""自營商買進股數(避險)"":""9,000"",""自營商賣出股數(避險)"":""19,829"",""自營商買賣超股數(避險)"":""-10,829"",""三大法人買賣超股數"":""66,648""}"
2026-10-07,TWSE,2010,春源            ,193350,126000,67350,0,1000,-1000,0,0,-97,"{""證券代號"":""2010"",""證券名稱"":""春源            "",""外陸資買進股數(不含外資自營商)"":""193,350"",""外陸資賣出股數(不含外資自營商)"":""126,000"",""外陸資買賣超股數(不含外資自營商)"":""67,350"",""外資自營商買進股數"":""0"",""外資自營商賣出股數"":""0"",""外資自營商買賣超股數"":""0"",""投信買進股數"":""0"",""投信賣出股數"":""1,000"",""投信買賣超股數"":""-1,000"",""自營商買賣超股數"":""-97"",""自營商買進股數(自行買賣)"":""0"",""自營商賣出股數(自行買賣)"":""97"",""自營商買賣超股數(自行買賣)"":""-97"",""自營商買進股數(避險)"":""0"",""自營商賣出股數(避險)"":""0"",""自營商買賣超股數(避險)"":""0"",""三大法人買賣超股數"":""66,253""}"
2026-10-07,TWSE,6136,富爾特          ,85000,16110,68890,0,0,0,0,0,-3000,"{""證券代號"":""6136"",""證券名稱"":""富爾特          "",""外陸資買進股數(不含外資自營商)"":""85,000"",""外陸資賣出股數(不含外資自營商)"":""16,110"",""外陸資買賣超股數(不含外資自營商)"":""68,890"",""外資自營商買進股數"":""0"",""外資自營商賣出股數"":""0"",""外資自營商買賣超股數"":""0"",""投信買進股數"":""0"",""投信賣出股數"":""0"",""投信買賣超股數"":""0"",""自營商買賣超股數"":""-3,000"",""自營商買進股數(自行買賣)"":""1,000"",""自營商賣出股數(自行買賣)"":""4,000"",""自營商買賣超股數(自行買賣)"":""-3,000"",""自營商買進股數(避險)"":""0"",""自營商賣出股數(避險)"":""0"",""自營商買賣超股數(避險)"":""0"",""三大法人買賣超股數"":""65,890""}"
2026-10-07,TWSE,6757,台灣虎航        ,127000,61061,65939,0,0,0,0,0,-1000,"{""證券代號"":""6757"",""證券名稱"":""台灣虎航        "",""外陸資買進股數(不含外資自營商)"":""127,000"",""外陸資賣出股數(不含外資自營商)"":""61,061"",""外陸資買賣超股數(不含外資自營商)"":""65,939"",""外資自營商買進股數"":""0"",""外資自營商賣出股數"":""0"",""外資自營商買賣超股數"":""0"",""投信買進股數"":""0"",""投信賣出股數"":""0"",""投信買賣超股數"":""0"",""自營商買賣超股數"":""-1,000"",""自營商買進股數(自行買賣)"":""0"",""自營商賣出股數(自行買賣)"":""1,000"",""自營商買賣超股數(自行買賣)"":""-1,000"",""自營商買進股數(避險)"":""0"",""自營商賣出股數(避險)"":""0"",""自營商買賣超股數(避險)"":""0"",""三大法人買賣超股數"":""64,939""}"
2026-10-07,TWSE,2031,新光鋼          ,145000,76445,68555,0,3899,-3899,0,0,0,"{""證券代號"":""2031"",""證券名稱"":""新光鋼          "",""外陸資買進股數(不含外資自營商)"":""145,000"",""外陸資賣出股數(不含外資自營商)"":""76,445"",""外陸資買賣超股數(不含外資自營商)"":""68,555"",""外資自營商買進股數"":""0"",""外資自營商賣出股數"":""0"",""外資自營商買賣超股數"":""0"",""投信買進股數"":""0"",""投信賣出股數"":""3,899"",""投信買賣超股數"":""-3,899"",""自營商買賣超股數"":""0"",""自營商買進股數(自行買賣)"":""0"",""自營商賣出股數(自行買賣)"":""0"",""自營商買賣超股數(自行買賣)"":""0"",""自營商買進股數(避險)"":""0"",""自營商賣出股數(避險)"":""0"",""自營商買賣超股數(避險)"":""0"",""三大法人買賣超股數"":""64,656""}"
2026-10-07,TWSE,009810,玉山全球藍籌100 ,0,2000,-2000,0,0,0,215015,149001,66014,"{""證券代號"":""009810"",""證券名稱"":""玉山全球藍籌100 "",""外陸資買進股數(不含外資自營商)"":""0"",""外陸資賣出股數(不含外資自營商)"":""2,000"",""外陸資買賣超股數(不含外資自營商)"":""-2,000"",""外資自營商買進股數"":""0"",""外資自營商賣出股數"":""0"",""外資自營商買賣超股數"":""0"",""投信買進股數"":""0"",""投信賣出股數"":""0"",""投信買賣超股數"":""0"",""自營商買賣超股數"":""66,014"",""自營商買進股數(自行買賣)"":""0"",""自營商賣出股數(自行買賣)"":""0"",""自營商買賣超股數(自行買賣)"":""0"",""自營商買進股數(避險)"":""215,015"",""自營商賣出股數(避險)"":""149,001"",""自營商買賣超股數(避險)"":""66,014"",""三大法人買賣超股數"":""64,014""}"
2026-10-07,TWSE,1110,東泥            ,89000,25000,64000,0,0,0,0,0,0,"{""證券代號"":""1110"",""證券名稱"":""東泥            "",""外陸資買進股數(不含外資自營商)"":""89,000"",""外陸資賣出股數(不含外資自營商)"":""25,000"",""外陸資買賣超股數(不含外資自營商)"":""64,000"",""外資自營商買進股數"":""0"",""外資自營商賣出股數"":""0"",""外資自營商買賣超股數"":""0"",""投信買進股數"":""0"",""投信賣出股數"":""0"",""投信買賣超股數"":""0"",""自營商買賣超股數"":""0"",""自營商買進股數(自行買賣)"":""0"",""自營商賣出股數(自行買賣)"":""0"",""自營商買賣超股數(自行買賣)"":""0"",""自營商買進股數(避險)"":""0"",""自營商賣出股數(避險)"":""0"",""自營商買賣超股數(避險)"":""0"",""三大法人買賣超股數"":""64,000""}"
2026-10-07,TWSE,1471,首利            ,68000,4000,64000,0,0,0,0,0,0,"{""證券代號"":""1471"",""證券名稱"":""首利            "",""外陸資買進股數(不含外資自營商)"":""68,000"",""外陸資賣出股數(不含外資自營商)"":""4,000"",""外陸資買賣超股數(不含外資自營商)"":""64,000"",""外資自營商買進股數"":""0"",""外資自營商賣出股數"":""0"",""外資自營商買賣超股數"":""0"",""投信買進股數"":""0"",""投信賣出股數"":""0"",""投信買賣超股數"":""0"",""自營商買賣超股數"":""0"",""自營商買進股數(自行買賣)"":""0"",""自營商賣出股數(自行買賣)"":""0"",""自營商買賣超股數(自行買賣)"":""0"",""自營商買進股數(避險)"":""0"",""自營商賣出股數(避險)"":""0"",""自營商買賣超股數(避險)"":""0"",""三大法人買賣超股數"":""64,000""}"
2026-10-07,TWSE,2453,凌群            ,71000,7000,64000,0,0,0,0,0,0,"{""證券代號"":""2453"",""證券名稱"":""凌群            "",""外陸資買進股數(不含外資自營商)"":""71,000"",""外陸資賣出股數(不含外資自營商)"":""7,000"",""外陸資買賣超股數(不含外資自營商)"":""64,000"",""外資自營商買進股數"":""0"",""外資自營商賣出股數"":""0"",""外資自營商買賣超股數"":""0"",""投信買進股數"":""0"",""投信賣出股數"":""0"",""投信買賣超股數"":""0"",""自營商買賣超股數"":""0"",""自營商買進股數(自行買賣)"":""0"",""自營商賣出股數(自行買賣)"":""0"",""自營商買賣超股數(自行買賣)"":""0"",""自營商買進股數(避險)"":""0"",""自營商賣出股數(避險)"":""0"",""自營商買賣超股數(避險)"":""0"",""三大法人買賣超股數"":""64,000""}"
2026-10-07,TWSE,6164,華興            ,236894,173100,63794,0,0,0,0,0,-790,"{""證券代號"":""6164"",""證券名稱"":""華興            "",""外陸資買進股數(不含外資自營商)"":""236,894"",""外陸資賣出股數(不含外資自營商)"":""173,100"",""外陸資買賣超股數(不含外資自營商)"":""63,794"",""外資自營商買進股數"":""0"",""外資自營商賣出股數"":""0"",""外資自營商買賣超股數"":""0"",""投信買進股數"":""0"",""投信賣出股數"":""0"",""投信買賣超股數"":""0"",""自營商買賣超股數"":""-790"",""自營商買進股數(自行買賣)"":""0"",""自營商賣出股數(自行買賣)"":""790"",""自營商買賣超股數(自行買賣)"":""-790"",""自營商買進股數(避險)"":""0"",""自營商賣出股數(避險)"":""0"",""自營商買賣超股數(避險)"":""0"",""三大法人買賣超股數"":""63,004""}"
2026-10-07,TWSE,5607,遠雄港          ,120458,57715,62743,0,0,0,0,0,0,"{""證券代號"":""5607"",""證券名稱"":""遠雄港          "",""外陸資買進股數(不含外資自營商)"":""120,458"",""外陸資賣出股數(不含外資自營商)"":""57,715"",""外陸資買賣超股數(不含外資自營商)"":""62,743"",""外資自營商買進股數"":""0"",""外資自營商賣出股數"":""0"",""外資自營商買賣超股數"":""0"",""投信買進股數"":""0"",""投信賣出股數"":""0"",""投信買賣超股數"":""0"",""自營商買賣超股數"":""0"",""自營商買進股數(自行買賣)"":""0"",""自營商賣出股數(自行買賣)"":""0"",""自營商買賣超股數(自行買賣)"":""0"",""自營商買進股數(避險)"":""0"",""自營商賣出股數(避險)"":""0"",""自營商買賣超股數(避險)"":""0"",""三大法人買賣超股數"":""62,743""}"
2026-10-07,TWSE,3028,增你強          ,160000,93020,66980,2500,0,2500,0,0,-7040,"{""證券代號"":""3028"",""證券名稱"":""增你強          "",""外陸資買進股數(不含外資自營商)"":""160,000"",""外陸資賣出股數(不含外資自營商)"":""93,020"",""外陸資買賣超股數(不含外資自營商)"":""66,980"",""外資自營商買進股數"":""0"",""外資自營商賣出股數"":""0"",""外資自營商買賣超股數"":""0"",""投信買進股數"":""2,500"",""投信賣出股數"":""0"",""投信買賣超股數"":""2,500"",""自營商買賣超股數"":""-7,040"",""自營商買進股數(自行買賣)"":""5,000"",""自營商賣出股數(自行買賣)"":""12,040"",""自營商買賣超股數(自行買賣)"":""-7,040"",""自營商買進股數(避險)"":""0"",""自營商賣出股數(避險)"":""0"",""自營商買賣超股數(避險)"":""0"",""三大法人買賣超股數"":""62,440""}"
2026-10-07,TWSE,4306,炎洲            ,204902,173000,31902,0,0,0,0,0,30000,"{""證券代號"":""4306"",""證券名稱"":""炎洲            "",""外陸資買進股數(不含外資自營商)"":""204,902"",""外陸資賣出股數(不含外資自營商)"":""173,000"",""外陸資買賣超股數(不含外資自營商)"":""31,902"",""外資自營商買進股數"":""0"",""外資自營商賣出股數"":""0"",""外資自營商買賣超股數"":""0"",""投信買進股數"":""0"",""投信賣出股數"":""0"",""投信買賣超股數"":""0"",""自營商買賣超股數"":""30,000"",""自營商買進股數(自行買賣)"":""30,000"",""自營商賣出股數(自行買賣)"":""0"",""自營商買賣超股數(自行買賣)"":""30,000"",""自營商買進股數(避險)"":""0"",""自營商賣出股數(避險)"":""0"",""自營商買賣超股數(避險)"":""0"",""三大法人買賣超股數"":""61,902""}"
2026-10-07,TWSE,6689,伊雲谷          ,78190,18000,60190,0,0,0,0,0,-56,"{""證券代號"":""6689"",""證券名稱"":""伊雲谷          "",""外陸資買進股數(不含外資自營商)"":""78,190"",""外陸資賣出股數(不含外資自營商)"":""18,000"",""外陸資買賣超股數(不含外資自營商)"":""60,190"",""外資自營商買進股數"":""0"",""外資自營商賣出股數"":""0"",""外資自營商買賣超股數"":""0"",""投信買進股數"":""0"",""投信賣出股數"":""0"",""投信買賣超股數"":""0"",""自營商買賣超股數"":""-56"",""自營商買進股數(自行買賣)"":""0"",""自營商賣出股數(自行買賣)"":""56"",""自營商買賣超股數(自行買賣)"":""-56"",""自營商買進股數(避險)"":""0"",""自營商賣出股數(避險)"":""0"",""自營商買賣超股數(避險)"":""0"",""三大法人買賣超股數"":""60,134""}"
2026-10-07,TWSE,2516,新建            ,78000,19000,59000,0,0,0,0,0,-4,"{""證券代號"":""2516"",""證券名稱"":""新建            "",""外陸資買進股數(不含外資自營商)"":""78,000"",""外陸資賣出股數(不含外資自營商)"":""19,000"",""外陸資買賣超股數(不含外資自營商)"":""59,000"",""外資自營商買進股數"":""0"",""外資自營商賣出股數"":""0"",""外資自營商買賣超股數"":""0"",""投信買進股數"":""0"",""投信賣出股數"":""0"",""投信買賣超股數"":""0"",""自營商買賣超股數"":""-4"",""自營商買進股數(自行買賣)"":""0"",""自營商賣出股數(自行買賣)"":""4"",""自營商買賣超股數(自行買賣)"":""-4"",""自營商買進股數(避險)"":""0"",""自營商賣出股數(避險)"":""0"",""自營商買賣超股數(避險)"":""0"",""三大法人買賣超股數"":""58,996""}"
2026-10-07,TWSE,2413,環科            ,2515949,2461000,54949,0,0,0,15487,15445,3042,"{""證券代號"":""2413"",""證券名稱"":""環科            "",""外陸資買進股數(不含外資自營商)"":""2,515,949"",""外陸資賣出股數(不含外資自營商)"":""2,461,000"",""外陸資買賣超股數(不含外資自營商)"":""54,949"",""外資自營商買進股數"":""0"",""外資自營商賣出股數"":""0"",""外資自營商買賣超股數"":""0"",""投信買進股數"":""0"",""投信賣出股數"":""0"",""投信買賣超股數"":""0"",""自營商買賣超股數"":""3,042"",""自營商買進股數(自行買賣)"":""3,000"",""自營商賣出股數(自行買賣)"":""0"",""自營商買賣超股數(自行買賣)"":""3,000"",""自營商買進股數(避險)"":""15,487"",""自營商賣出股數(避險)"":""15,445"",""自營商買賣超股數(避險)"":""42"",""三大法人買賣超股數"":""57,991""}"
2026-10-07,TWSE,1307,三芳            ,161197,99000,62197,0,5003,-5003,0,0,0,"{""證券代號"":""1307"",""證券名稱"":""三芳            "",""外陸資買進股數(不含外資自營商)"":""161,197"",""外陸資賣出股數(不含外資自營商)"":""99,000"",""外陸資買賣超股數(不含外資自營商)"":""62,197"",""外資自營商買進股數"":""0"",""外資自營商賣出股數"":""0"",""外資自營商買賣超股數"":""0"",""投信買進股數"":""0"",""投信賣出股數"":""5,003"",""投信買賣超股數"":""-5,003"",""自營商買賣超股數"":""0"",""自營商買進股數(自行買賣)"":""0"",""自營商賣出股數(自行買賣)"":""0"",""自營商買賣超股數(自行買賣)"":""0"",""自營商買進股數(避險)"":""0"",""自營商賣出股數(避險)"":""0"",""自營商買賣超股數(避險)"":""0"",""三大法人買賣超股數"":""57,194""}"
2026-10-07,TWSE,009818,華南永昌NASDAQxT,0,1000,-1000,0,0,0,58016,100,57916,"{""證券代號"":""009818"",""證券名稱"":""華南永昌NASDAQxT"",""外陸資買進股數(不含外資自營商)"":""0"",""外陸資賣出股數(不含外資自營商)"":""1,000"",""外陸資買賣超股數(不含外資自營商)"":""-1,000"",""外資自營商買進股數"":""0"",""外資自營商賣出股數"":""0"",""外資自營商買賣超股數"":""0"",""投信買進股數"":""0"",""投信賣出股數"":""0"",""投信買賣超股數"":""0"",""自營商買賣超股數"":""57,916"",""自營商買進股數(自行買賣)"":""0"",""自營商賣出股數(自行買賣)"":""0"",""自營商買賣超股數(自行買賣)"":""0"",""自營商買進股數(避險)"":""58,016"",""自營商賣出股數(避險)"":""100"",""自營商買賣超股數(避險)"":""57,916"",""三大法人買賣超股數"":""56,916""}"
2026-10-07,TWSE,2243,宏旭-KY         ,284891,228200,56691,0,0,0,0,0,0,"{""證券代號"":""2243"",""證券名稱"":""宏旭-KY         "",""外陸資買進股數(不含外資自營商)"":""284,891"",""外陸資賣出股數(不含外資自營商)"":""228,200"",""外陸資買賣超股數(不含外資自營商)"":""56,691"",""外資自營商買進股數"":""0"",""外資自營商賣出股數"":""0"",""外資自營商買賣超股數"":""0"",""投信買進股數"":""0"",""投信賣出股數"":""0"",""投信買賣超股數"":""0"",""自營商買賣超股數"":""0"",""自營商買進股數(自行買賣)"":""0"",""自營商賣出股數(自行買賣)"":""0"",""自營商買賣超股數(自行買賣)"":""0"",""自營商買進股數(避險)"":""0"",""自營商賣出股數(避險)"":""0"",""自營商買賣超股數(避險)"":""0"",""三大法人買賣超股數"":""56,691""}"
2026-10-07,TWSE,2401,凌陽            ,776407,704001,72406,0,0,0,898,22062,-16164,"{""證券代號"":""2401"",""證券名稱"":""凌陽            "",""外陸資買進股數(不含外資自營商)"":""776,407"",""外陸資賣出股數(不含外資自營商)"":""704,001"",""外陸資買賣超股數(不含外資自營商)"":""72,406"",""外資自營商買進股數"":""0"",""外資自營商賣出股數"":""0"",""外資自營商買賣超股數"":""0"",""投信買進股數"":""0"",""投信賣出股數"":""0"",""投信買賣超股數"":""0"",""自營商買賣超股數"":""-16,164"",""自營商買進股數(自行買賣)"":""9,000"",""自營商賣出股數(自行買賣)"":""4,000"",""自營商買賣超股數(自行買賣)"":""5,000"",""自營商買進股數(避險)"":""898"",""自營商賣出股數(避險)"":""22,062"",""自營商買賣超股數(避險)"":""-21,164"",""三大法人買賣超股數"":""56,242""}"
2026-10-07,TWSE,2929,淘帝-KY         ,60000,4000,56000,0,0,0,0,0,-6,"{""證券代號"":""2929"",""證券名稱"":""淘帝-KY         "",""外陸資買進股數(不含外資自營商)"":""60,000"",""外陸資賣出股數(不含外資自營商)"":""4,000"",""外陸資買賣超股數(不含外資自營商)"":""56,000"",""外資自營商買進股數"":""0"",""外資自營商賣出股數"":""0"",""外資自營商買賣超股數"":""0"",""投信買進股數"":""0"",""投信賣出股數"":""0"",""投信買賣超股數"":""0"",""自營商買賣超股數"":""-6"",""自營商買進股數(自行買賣)"":""0"",""自營商賣出股數(自行買賣)"":""6"",""自營商買賣超股數(自行買賣)"":""-6"",""自營商買進股數(避險)"":""0"",""自營商賣出股數(避險)"":""0"",""自營商買賣超股數(避險)"":""0"",""三大法人買賣超股數"":""55,994""}"
2026-10-07,TWSE,8081,致新            ,151321,124000,27321,28600,0,28600,0,0,-20,"{""證券代號"":""8081"",""證券名稱"":""致新            "",""外陸資買進股數(不含外資自營商)"":""151,321"",""外陸資賣出股數(不含外資自營商)"":""124,000"",""外陸資買賣超股數(不含外資自營商)"":""27,321"",""外資自營商買進股數"":""0"",""外資自營商賣出股數"":""0"",""外資自營商買賣超股數"":""0"",""投信買進股數"":""28,600"",""投信賣出股數"":""0"",""投信買賣超股數"":""28,600"",""自營商買賣超股數"":""-20"",""自營商買進股數(自行買賣)"":""0"",""自營商賣出股數(自行買賣)"":""20"",""自營商買賣超股數(自行買賣)"":""-20"",""自營商買進股數(避險)"":""0"",""自營商賣出股數(避險)"":""0"",""自營商買賣超股數(避險)"":""0"",""三大法人買賣超股數"":""55,901""}"
2026-10-07,TWSE,2460,建通            ,82820,20000,62820,0,0,0,0,0,-7000,"{""證券代號"":""2460"",""證券名稱"":""建通            "",""外陸資買進股數(不含外資自營商)"":""82,820"",""外陸資賣出股數(不含外資自營商)"":""20,000"",""外陸資買賣超股數(不含外資自營商)"":""62,820"",""外資自營商買進股數"":""0"",""外資自營商賣出股數"":""0"",""外資自營商買賣超股數"":""0"",""投信買進股數"":""0"",""投信賣出股數"":""0"",""投信買賣超股數"":""0"",""自營商買賣超股數"":""-7,000"",""自營商買進股數(自行買賣)"":""1,000"",""自營商賣出股數(自行買賣)"":""8,000"",""自營商買賣超股數(自行買賣)"":""-7,000"",""自營商買進股數(避險)"":""0"",""自營商賣出股數(避險)"":""0"",""自營商買賣超股數(避險)"":""0"",""三大法人買賣超股數"":""55,820""}"
2026-10-07,TWSE,8454,富邦媒          ,124411,71750,52661,0,1000,-1000,6530,1378,4152,"{""證券代號"":""8454"",""證券名稱"":""富邦媒          "",""外陸資買進股數(不含外資自營商)"":""124,411"",""外陸資賣出股數(不含外資自營商)"":""71,750"",""外陸資買賣超股數(不含外資自營商)"":""52,661"",""外資自營商買進股數"":""0"",""外資自營商賣出股數"":""0"",""外資自營商買賣超股數"":""0"",""投信買進股數"":""0"",""投信賣出股數"":""1,000"",""投信買賣超股數"":""-1,000"",""自營商買賣超股數"":""4,152"",""自營商買進股數(自行買賣)"":""0"",""自營商賣出股數(自行買賣)"":""1,000"",""自營商買賣超股數(自行買賣)"":""-1,000"",""自營商買進股數(避險)"":""6,530"",""自營商賣出股數(避險)"":""1,378"",""自營商買賣超股數(避險)"":""5,152"",""三大法人買賣超股數"":""55,813""}"
2026-10-07,TWSE,6861,睿生光電        ,327260,270341,56919,0,0,0,19049,33540,-1491,"{""證券代號"":""6861"",""證券名稱"":""睿生光電        "",""外陸資買進股數(不含外資自營商)"":""327,260"",""外陸資賣出股數(不含外資自營商)"":""270,341"",""外陸資買賣超股數(不含外資自營商)"":""56,919"",""外資自營商買進股數"":""0"",""外資自營商賣出股數"":""0"",""外資自營商買賣超股數"":""0"",""投信買進股數"":""0"",""投信賣出股數"":""0"",""投信買賣超股數"":""0"",""自營商買賣超股數"":""-1,491"",""自營商買進股數(自行買賣)"":""15,000"",""自營商賣出股數(自行買賣)"":""2,000"",""自營商買賣超股數(自行買賣)"":""13,000"",""自營商買進股數(避險)"":""19,049"",""自營商賣出股數(避險)"":""33,540"",""自營商買賣超股數(避險)"":""-14,491"",""三大法人買賣超股數"":""55,428""}"
2026-10-07,TWSE,2362,藍天            ,177000,125000,52000,0,0,0,1,0,3001,"{""證券代號"":""2362"",""證券名稱"":""藍天            "",""外陸資買進股數(不含外資自營商)"":""177,000"",""外陸資賣出股數(不含外資自營商)"":""125,000"",""外陸資買賣超股數(不含外資自營商)"":""52,000"",""外資自營商買進股數"":""0"",""外資自營商賣出股數"":""0"",""外資自營商買賣超股數"":""0"",""投信買進股數"":""0"",""投信賣出股數"":""0"",""投信買賣超股數"":""0"",""自營商買賣超股數"":""3,001"",""自營商買進股數(自行買賣)"":""3,000"",""自營商賣出股數(自行買賣)"":""0"",""自營商買賣超股數(自行買賣)"":""3,000"",""自營商買進股數(避險)"":""1"",""自營商賣出股數(避險)"":""0"",""自營商買賣超股數(避險)"":""1"",""三大法人買賣超股數"":""55,001""}"
2026-10-07,TWSE,6504,南六            ,62000,8000,54000,0,0,0,0,0,0,"{""證券代號"":""6504"",""證券名稱"":""南六            "",""外陸資買進股數(不含外資自營商)"":""62,000"",""外陸資賣出股數(不含外資自營商)"":""8,000"",""外陸資買賣超股數(不含外資自營商)"":""54,000"",""外資自營商買進股數"":""0"",""外資自營商賣出股數"":""0"",""外資自營商買賣超股數"":""0"",""投信買進股數"":""0"",""投信賣出股數"":""0"",""投信買賣超股數"":""0"",""自營商買賣超股數"":""0"",""自營商買進股數(自行買賣)"":""0"",""自營商賣出股數(自行買賣)"":""0"",""自營商買賣超股數(自行買賣)"":""0"",""自營商買進股數(避險)"":""0"",""自營商賣出股數(避險)"":""0"",""自營商買賣超股數(避險)"":""0"",""三大法人買賣超股數"":""54,000""}"
2026-10-07,TWSE,2636,台驊控股        ,66080,18000,48080,0,0,0,0,0,5447,"{""證券代號"":""2636"",""證券名稱"":""台驊控股        "",""外陸資買進股數(不含外資自營商)"":""66,080"",""外陸資賣出股數(不含外資自營商)"":""18,000"",""外陸資買賣超股數(不含外資自營商)"":""48,080"",""外資自營商買進股數"":""0"",""外資自營商賣出股數"":""0"",""外資自營商買賣超股數"":""0"",""投信買進股數"":""0"",""投信賣出股數"":""0"",""投信買賣超股數"":""0"",""自營商買賣超股數"":""5,447"",""自營商買進股數(自行買賣)"":""5,447"",""自營商賣出股數(自行買賣)"":""0"",""自營商買賣超股數(自行買賣)"":""5,447"",""自營商買進股數(避險)"":""0"",""自營商賣出股數(避險)"":""0"",""自營商買賣超股數(避險)"":""0"",""三大法人買賣超股數"":""53,527""}"
2026-10-07,TWSE,2369,菱生            ,3518174,3614397,-96223,0,0,0,186534,37998,149536,"{""證券代號"":""2369"",""證券名稱"":""菱生            "",""外陸資買進股數(不含外資自營商)"":""3,518,174"",""外陸資賣出股數(不含外資自營商)"":""3,614,397"",""外陸資買賣超股數(不含外資自營商)"":""-96,223"",""外資自營商買進股數"":""0"",""外資自營商賣出股數"":""0"",""外資自營商買賣超股數"":""0"",""投信買進股數"":""0"",""投信賣出股數"":""0"",""投信買賣超股數"":""0"",""自營商買賣超股數"":""149,536"",""自營商買進股數(自行買賣)"":""8,000"",""自營商賣出股數(自行買賣)"":""7,000"",""自營商買賣超股數(自行買賣)"":""1,000"",""自營商買進股數(避險)"":""186,534"",""自營商賣出股數(避險)"":""37,998"",""自營商買賣超股數(避險)"":""148,536"",""三大法人買賣超股數"":""53,313""}"
2026-10-07,TWSE,2115,六暉-KY         ,79000,24000,55000,0,0,0,0,0,-2000,"{""證券代號"":""2115"",""證券名稱"":""六暉-KY         "",""外陸資買進股數(不含外資自營商)"":""79,000"",""外陸資賣出股數(不含外資自營商)"":""24,000"",""外陸資買賣超股數(不含外資自營商)"":""55,000"",""外資自營商買進股數"":""0"",""外資自營商賣出股數"":""0"",""外資自營商買賣超股數"":""0"",""投信買進股數"":""0"",""投信賣出股數"":""0"",""投信買賣超股數"":""0"",""自營商買賣超股數"":""-2,000"",""自營商買進股數(自行買賣)"":""0"",""自營商賣出股數(自行買賣)"":""2,000"",""自營商買賣超股數(自行買賣)"":""-2,000"",""自營商買進股數(避險)"":""0"",""自營商賣出股數(避險)"":""0"",""自營商買賣超股數(避險)"":""0"",""三大法人買賣超股數"":""53,000""}"
2026-10-07,TWSE,2536,宏普            ,165000,112000,53000,0,0,0,0,0,0,"{""證券代號"":""2536"",""證券名稱"":""宏普            "",""外陸資買進股數(不含外資自營商)"":""165,000"",""外陸資賣出股數(不含外資自營商)"":""112,000"",""外陸資買賣超股數(不含外資自營商)"":""53,000"",""外資自營商買進股數"":""0"",""外資自營商賣出股數"":""0"",""外資自營商買賣超股數"":""0"",""投信買進股數"":""0"",""投信賣出股數"":""0"",""投信買賣超股數"":""0"",""自營商買賣超股數"":""0"",""自營商買進股數(自行買賣)"":""0"",""自營商賣出股數(自行買賣)"":""0"",""自營商買賣超股數(自行買賣)"":""0"",""自營商買進股數(避險)"":""0"",""自營商賣出股數(避險)"":""0"",""自營商買賣超股數(避險)"":""0"",""三大法人買賣超股數"":""53,000""}"
2026-10-07,TWSE,6142,友勁            ,167002,114161,52841,0,0,0,0,0,0,"{""證券代號"":""6142"",""證券名稱"":""友勁            "",""外陸資買進股數(不含外資自營商)"":""167,002"",""外陸資賣出股數(不含外資自營商)"":""114,161"",""外陸資買賣超股數(不含外資自營商)"":""52,841"",""外資自營商買進股數"":""0"",""外資自營商賣出股數"":""0"",""外資自營商買賣超股數"":""0"",""投信買進股數"":""0"",""投信賣出股數"":""0"",""投信買賣超股數"":""0"",""自營商買賣超股數"":""0"",""自營商買進股數(自行買賣)"":""0"",""自營商賣出股數(自行買賣)"":""0"",""自營商買賣超股數(自行買賣)"":""0"",""自營商買進股數(避險)"":""0"",""自營商賣出股數(避險)"":""0"",""自營商買賣超股數(避險)"":""0"",""三大法人買賣超股數"":""52,841""}"
2026-10-07,TWSE,9917,中保科          ,58280,6000,52280,0,0,0,0,0,0,"{""證券代號"":""9917"",""證券名稱"":""中保科          "",""外陸資買進股數(不含外資自營商)"":""58,280"",""外陸資賣出股數(不含外資自營商)"":""6,000"",""外陸資買賣超股數(不含外資自營商)"":""52,280"",""外資自營商買進股數"":""0"",""外資自營商賣出股數"":""0"",""外資自營商買賣超股數"":""0"",""投信買進股數"":""0"",""投信賣出股數"":""0"",""投信買賣超股數"":""0"",""自營商買賣超股數"":""0"",""自營商買進股數(自行買賣)"":""0"",""自營商賣出股數(自行買賣)"":""0"",""自營商買賣超股數(自行買賣)"":""0"",""自營商買進股數(避險)"":""0"",""自營商賣出股數(避險)"":""0"",""自營商買賣超股數(避險)"":""0"",""三大法人買賣超股數"":""52,280""}"
2026-10-07,TWSE,5515,建國            ,131950,83680,48270,0,0,0,0,0,3000,"{""證券代號"":""5515"",""證券名稱"":""建國            "",""外陸資買進股數(不含外資自營商)"":""131,950"",""外陸資賣出股數(不含外資自營商)"":""83,680"",""外陸資買賣超股數(不含外資自營商)"":""48,270"",""外資自營商買進股數"":""0"",""外資自營商賣出股數"":""0"",""外資自營商買賣超股數"":""0"",""投信買進股數"":""0"",""投信賣出股數"":""0"",""投信買賣超股數"":""0"",""自營商買賣超股數"":""3,000"",""自營商買進股數(自行買賣)"":""3,000"",""自營商賣出股數(自行買賣)"":""0"",""自營商買賣超股數(自行買賣)"":""3,000"",""自營商買進股數(避險)"":""0"",""自營商賣出股數(避險)"":""0"",""自營商買賣超股數(避險)"":""0"",""三大法人買賣超股數"":""51,270""}"
2026-10-07,TWSE,1707,葡萄王          ,93000,42000,51000,0,0,0,0,38,-38,"{""證券代號"":""1707"",""證券名稱"":""葡萄王          "",""外陸資買進股數(不含外資自營商)"":""93,000"",""外陸資賣出股數(不含外資自營商)"":""42,000"",""外陸資買賣超股數(不含外資自營商)"":""51,000"",""外資自營商買進股數"":""0"",""外資自營商賣出股數"":""0"",""外資自營商買賣超股數"":""0"",""投信買進股數"":""0"",""投信賣出股數"":""0"",""投信買賣超股數"":""0"",""自營商買賣超股數"":""-38"",""自營商買進股數(自行買賣)"":""0"",""自營商賣出股數(自行買賣)"":""0"",""自營商買賣超股數(自行買賣)"":""0"",""自營商買進股數(避險)"":""0"",""自營商賣出股數(避險)"":""38"",""自營商買賣超股數(避險)"":""-38"",""三大法人買賣超股數"":""50,962""}"
2026-10-07,TWSE,00986A,主動台新龍頭成長,3000,1000,2000,0,0,0,49084,328,48756,"{""證券代號"":""00986A"",""證券名稱"":""主動台新龍頭成長"",""外陸資買進股數(不含外資自營商)"":""3,000"",""外陸資賣出股數(不含外資自營商)"":""1,000"",""外陸資買賣超股數(不含外資自營商)"":""2,000"",""外資自營商買進股數"":""0"",""外資自營商賣出股數"":""0"",""外資自營商買賣超股數"":""0"",""投信買進股數"":""0"",""投信賣出股數"":""0"",""投信買賣超股數"":""0"",""自營商買賣超股數"":""48,756"",""自營商買進股數(自行買賣)"":""0"",""自營商賣出股數(自行買賣)"":""0"",""自營商買賣超股數(自行買賣)"":""0"",""自營商買進股數(避險)"":""49,084"",""自營商賣出股數(避險)"":""328"",""自營商買賣超股數(避險)"":""48,756"",""三大法人買賣超股數"":""50,756""}"
2026-10-07,TWSE,2482,連宇            ,55000,3000,52000,0,0,0,0,0,-1594,"{""證券代號"":""2482"",""證券名稱"":""連宇            "",""外陸資買進股數(不含外資自營商)"":""55,000"",""外陸資賣出股數(不含外資自營商)"":""3,000"",""外陸資買賣超股數(不含外資自營商)"":""52,000"",""外資自營商買進股數"":""0"",""外資自營商賣出股數"":""0"",""外資自營商買賣超股數"":""0"",""投信買進股數"":""0"",""投信賣出股數"":""0"",""投信買賣超股數"":""0"",""自營商買賣超股數"":""-1,594"",""自營商買進股數(自行買賣)"":""1,406"",""自營商賣出股數(自行買賣)"":""3,000"",""自營商買賣超股數(自行買賣)"":""-1,594"",""自營商買進股數(避險)"":""0"",""自營商賣出股數(避險)"":""0"",""自營商買賣超股數(避險)"":""0"",""三大法人買賣超股數"":""50,406""}"
2026-10-07,TWSE,3535,晶彩科          ,172000,116000,56000,0,0,0,8000,13904,-5904,"{""證券代號"":""3535"",""證券名稱"":""晶彩科          "",""外陸資買進股數(不含外資自營商)"":""172,000"",""外陸資賣出股數(不含外資自營商)"":""116,000"",""外陸資買賣超股數(不含外資自營商)"":""56,000"",""外資自營商買進股數"":""0"",""外資自營商賣出股數"":""0"",""外資自營商買賣超股數"":""0"",""投信買進股數"":""0"",""投信賣出股數"":""0"",""投信買賣超股數"":""0"",""自營商買賣超股數"":""-5,904"",""自營商買進股數(自行買賣)"":""0"",""自營商賣出股數(自行買賣)"":""0"",""自營商買賣超股數(自行買賣)"":""0"",""自營商買進股數(避險)"":""8,000"",""自營商賣出股數(避險)"":""13,904"",""自營商買賣超股數(避險)"":""-5,904"",""三大法人買賣超股數"":""50,096""}"
2026-10-07,TWSE,2727,王品            ,171529,121000,50529,0,1000,-1000,0,0,0,"{""證券代號"":""2727"",""證券名稱"":""王品            "",""外陸資買進股數(不含外資自營商)"":""171,529"",""外陸資賣出股數(不含外資自營商)"":""121,000"",""外陸資買賣超股數(不含外資自營商)"":""50,529"",""外資自營商買進股數"":""0"",""外資自營商賣出股數"":""0"",""外資自營商買賣超股數"":""0"",""投信買進股數"":""0"",""投信賣出股數"":""1,000"",""投信買賣超股數"":""-1,000"",""自營商買賣超股數"":""0"",""自營商買進股數(自行買賣)"":""0"",""自營商賣出股數(自行買賣)"":""0"",""自營商買賣超股數(自行買賣)"":""0"",""自營商買進股數(避險)"":""0"",""自營商賣出股數(避險)"":""0"",""自營商買賣超股數(避險)"":""0"",""三大法人買賣超股數"":""49,529""}"
2026-10-07,TWSE,009800,中信NASDAQ      ,18000,52000,-34000,0,0,0,386003,303421,82582,"{""證券代號"":""009800"",""證券名稱"":""中信NASDAQ      "",""外陸資買進股數(不含外資自營商)"":""18,000"",""外陸資賣出股數(不含外資自營商)"":""52,000"",""外陸資買賣超股數(不含外資自營商)"":""-34,000"",""外資自營商買進股數"":""0"",""外資自營商賣出股數"":""0"",""外資自營商買賣超股數"":""0"",""投信買進股數"":""0"",""投信賣出股數"":""0"",""投信買賣超股數"":""0"",""自營商買賣超股數"":""82,582"",""自營商買進股數(自行買賣)"":""0"",""自營商賣出股數(自行買賣)"":""0"",""自營商買賣超股數(自行買賣)"":""0"",""自營商買進股數(避險)"":""386,003"",""自營商賣出股數(避險)"":""303,421"",""自營商買賣超股數(避險)"":""82,582"",""三大法人買賣超股數"":""48,582""}"
2026-10-07,TWSE,4807,日成-KY         ,77190,29120,48070,0,0,0,0,0,0,"{""證券代號"":""4807"",""證券名稱"":""日成-KY         "",""外陸資買進股數(不含外資自營商)"":""77,190"",""外陸資賣出股數(不含外資自營商)"":""29,120"",""外陸資買賣超股數(不含外資自營商)"":""48,070"",""外資自營商買進股數"":""0"",""外資自營商賣出股數"":""0"",""外資自營商買賣超股數"":""0"",""投信買進股數"":""0"",""投信賣出股數"":""0"",""投信買賣超股數"":""0"",""自營商買賣超股數"":""0"",""自營商買進股數(自行買賣)"":""1,000"",""自營商賣出股數(自行買賣)"":""1,000"",""自營商買賣超股數(自行買賣)"":""0"",""自營商買進股數(避險)"":""0"",""自營商賣出股數(避險)"":""0"",""自營商買賣超股數(避險)"":""0"",""三大法人買賣超股數"":""48,070""}"
2026-10-07,TWSE,5519,隆大            ,58000,10000,48000,0,0,0,0,0,0,"{""證券代號"":""5519"",""證券名稱"":""隆大            "",""外陸資買進股數(不含外資自營商)"":""58,000"",""外陸資賣出股數(不含外資自營商)"":""10,000"",""外陸資買賣超股數(不含外資自營商)"":""48,000"",""外資自營商買進股數"":""0"",""外資自營商賣出股數"":""0"",""外資自營商買賣超股數"":""0"",""投信買進股數"":""0"",""投信賣出股數"":""0"",""投信買賣超股數"":""0"",""自營商買賣超股數"":""0"",""自營商買進股數(自行買賣)"":""0"",""自營商賣出股數(自行買賣)"":""0"",""自營商買賣超股數(自行買賣)"":""0"",""自營商買進股數(避險)"":""0"",""自營商賣出股數(避險)"":""0"",""自營商買賣超股數(避險)"":""0"",""三大法人買賣超股數"":""48,000""}"
2026-10-07,TWSE,1733,五鼎            ,60000,12000,48000,0,0,0,0,0,0,"{""證券代號"":""1733"",""證券名稱"":""五鼎            "",""外陸資買進股數(不含外資自營商)"":""60,000"",""外陸資賣出股數(不含外資自營商)"":""12,000"",""外陸資買賣超股數(不含外資自營商)"":""48,000"",""外資自營商買進股數"":""0"",""外資自營商賣出股數"":""0"",""外資自營商買賣超股數"":""0"",""投信買進股數"":""0"",""投信賣出股數"":""0"",""投信買賣超股數"":""0"",""自營商買賣超股數"":""0"",""自營商買進股數(自行買賣)"":""0"",""自營商賣出股數(自行買賣)"":""0"",""自營商買賣超股數(自行買賣)"":""0"",""自營商買進股數(避險)"":""0"",""自營商賣出股數(避險)"":""0"",""自營商買賣超股數(避險)"":""0"",""三大法人買賣超股數"":""48,000""}"
2026-10-07,TWSE,5288,豐祥-KY         ,52961,6000,46961,0,0,0,0,0,1000,"{""證券代號"":""5288"",""證券名稱"":""豐祥-KY         "",""外陸資買進股數(不含外資自營商)"":""52,961"",""外陸資賣出股數(不含外資自營商)"":""6,000"",""外陸資買賣超股數(不含外資自營商)"":""46,961"",""外資自營商買進股數"":""0"",""外資自營商賣出股數"":""0"",""外資自營商買賣超股數"":""0"",""投信買進股數"":""0"",""投信賣出股數"":""0"",""投信買賣超股數"":""0"",""自營商買賣超股數"":""1,000"",""自營商買進股數(自行買賣)"":""1,000"",""自營商賣出股數(自行買賣)"":""0"",""自營商買賣超股數(自行買賣)"":""1,000"",""自營商買進股數(避險)"":""0"",""自營商賣出股數(避險)"":""0"",""自營商買賣超股數(避險)"":""0"",""三大法人買賣超股數"":""47,961""}"
2026-10-07,TWSE,009817,國泰日本不動產  ,8000,0,8000,0,0,0,600000,560356,39644,"{""證券代號"":""009817"",""證券名稱"":""國泰日本不動產  "",""外陸資買進股數(不含外資自營商)"":""8,000"",""外陸資賣出股數(不含外資自營商)"":""0"",""外陸資買賣超股數(不含外資自營商)"":""8,000"",""外資自營商買進股數"":""0"",""外資自營商賣出股數"":""0"",""外資自營商買賣超股數"":""0"",""投信買進股數"":""0"",""投信賣出股數"":""0"",""投信買賣超股數"":""0"",""自營商買賣超股數"":""39,644"",""自營商買進股數(自行買賣)"":""0"",""自營商賣出股數(自行買賣)"":""0"",""自營商買賣超股數(自行買賣)"":""0"",""自營商買進股數(避險)"":""600,000"",""自營商賣出股數(避險)"":""560,356"",""自營商買賣超股數(避險)"":""39,644"",""三大法人買賣超股數"":""47,644""}"
2026-10-07,TWSE,8404,百和興業-KY     ,71960,25000,46960,0,0,0,0,0,0,"{""證券代號"":""8404"",""證券名稱"":""百和興業-KY     "",""外陸資買進股數(不含外資自營商)"":""71,960"",""外陸資賣出股數(不含外資自營商)"":""25,000"",""外陸資買賣超股數(不含外資自營商)"":""46,960"",""外資自營商買進股數"":""0"",""外資自營商賣出股數"":""0"",""外資自營商買賣超股數"":""0"",""投信買進股數"":""0"",""投信賣出股數"":""0"",""投信買賣超股數"":""0"",""自營商買賣超股數"":""0"",""自營商買進股數(自行買賣)"":""0"",""自營商賣出股數(自行買賣)"":""0"",""自營商買賣超股數(自行買賣)"":""0"",""自營商買進股數(避險)"":""0"",""自營商賣出股數(避險)"":""0"",""自營商買賣超股數(避險)"":""0"",""三大法人買賣超股數"":""46,960""}"
2026-10-07,TWSE,1786,科妍            ,68000,22000,46000,0,0,0,0,0,98,"{""證券代號"":""1786"",""證券名稱"":""科妍            "",""外陸資買進股數(不含外資自營商)"":""68,000"",""外陸資賣出股數(不含外資自營商)"":""22,000"",""外陸資買賣超股數(不含外資自營商)"":""46,000"",""外資自營商買進股數"":""0"",""外資自營商賣出股數"":""0"",""外資自營商買賣超股數"":""0"",""投信買進股數"":""0"",""投信賣出股數"":""0"",""投信買賣超股數"":""0"",""自營商買賣超股數"":""98"",""自營商買進股數(自行買賣)"":""98"",""自營商賣出股數(自行買賣)"":""0"",""自營商買賣超股數(自行買賣)"":""98"",""自營商買進股數(避險)"":""0"",""自營商賣出股數(避險)"":""0"",""自營商買賣超股數(避險)"":""0"",""三大法人買賣超股數"":""46,098""}"
2026-10-07,TWSE,2419,仲琦            ,280023,209000,71023,0,0,0,0,6000,-25000,"{""證券代號"":""2419"",""證券名稱"":""仲琦            "",""外陸資買進股數(不含外資自營商)"":""280,023"",""外陸資賣出股數(不含外資自營商)"":""209,000"",""外陸資買賣超股數(不含外資自營商)"":""71,023"",""外資自營商買進股數"":""0"",""外資自營商賣出股數"":""0"",""外資自營商買賣超股數"":""0"",""投信買進股數"":""0"",""投信賣出股數"":""0"",""投信買賣超股數"":""0"",""自營商買賣超股數"":""-25,000"",""自營商買進股數(自行買賣)"":""1,000"",""自營商賣出股數(自行買賣)"":""20,000"",""自營商買賣超股數(自行買賣)"":""-19,000"",""自營商買進股數(避險)"":""0"",""自營商賣出股數(避險)"":""6,000"",""自營商買賣超股數(避險)"":""-6,000"",""三大法人買賣超股數"":""46,023""}"
2026-10-07,TWSE,7812,稜研科技*-創    ,44000,1000,43000,0,0,0,3000,0,3000,"{""證券代號"":""7812"",""證券名稱"":""稜研科技*-創    "",""外陸資買進股數(不含外資自營商)"":""44,000"",""外陸資賣出股數(不含外資自營商)"":""1,000"",""外陸資買賣超股數(不含外資自營商)"":""43,000"",""外資自營商買進股數"":""0"",""外資自營商賣出股數"":""0"",""外資自營商買賣超股數"":""0"",""投信買進股數"":""0"",""投信賣出股數"":""0"",""投信買賣超股數"":""0"",""自營商買賣超股數"":""3,000"",""自營商買進股數(自行買賣)"":""0"",""自營商賣出股數(自行買賣)"":""0"",""自營商買賣超股數(自行買賣)"":""0"",""自營商買進股數(避險)"":""3,000"",""自營商賣出股數(避險)"":""0"",""自營商買賣超股數(避險)"":""3,000"",""三大法人買賣超股數"":""46,000""}"
2026-10-07,TWSE,5225,東科-KY         ,82000,36000,46000,0,0,0,0,0,0,"{""證券代號"":""5225"",""證券名稱"":""東科-KY         "",""外陸資買進股數(不含外資自營商)"":""82,000"",""外陸資賣出股數(不含外資自營商)"":""36,000"",""外陸資買賣超股數(不含外資自營商)"":""46,000"",""外資自營商買進股數"":""0"",""外資自營商賣出股數"":""0"",""外資自營商買賣超股數"":""0"",""投信買進股數"":""0"",""投信賣出股數"":""0"",""投信買賣超股數"":""0"",""自營商買賣超股數"":""0"",""自營商買進股數(自行買賣)"":""0"",""自營商賣出股數(自行買賣)"":""0"",""自營商買賣超股數(自行買賣)"":""0"",""自營商買進股數(避險)"":""0"",""自營商賣出股數(避險)"":""0"",""自營商買賣超股數(避險)"":""0"",""三大法人買賣超股數"":""46,000""}"
2026-10-07,TWSE,2059,川湖            ,90380,39127,51253,28000,336,27664,1752,35527,-33262,"{""證券代號"":""2059"",""證券名稱"":""川湖            "",""外陸資買進股數(不含外資自營商)"":""90,380"",""外陸資賣出股數(不含外資自營商)"":""39,127"",""外陸資買賣超股數(不含外資自營商)"":""51,253"",""外資自營商買進股數"":""0"",""外資自營商賣出股數"":""0"",""外資自營商買賣超股數"":""0"",""投信買進股數"":""28,000"",""投信賣出股數"":""336"",""投信買賣超股數"":""27,664"",""自營商買賣超股數"":""-33,262"",""自營商買進股數(自行買賣)"":""2,646"",""自營商賣出股數(自行買賣)"":""2,133"",""自營商買賣超股數(自行買賣)"":""513"",""自營商買進股數(避險)"":""1,752"",""自營商賣出股數(避險)"":""35,527"",""自營商買賣超股數(避險)"":""-33,775"",""三大法人買賣超股數"":""45,655""}"
2026-10-07,TWSE,4119,旭富            ,54000,9000,45000,0,0,0,1,0,1,"{""證券代號"":""4119"",""證券名稱"":""旭富            "",""外陸資買進股數(不含外資自營商)"":""54,000"",""外陸資賣出股數(不含外資自營商)"":""9,000"",""外陸資買賣超股數(不含外資自營商)"":""45,000"",""外資自營商買進股數"":""0"",""外資自營商賣出股數"":""0"",""外資自營商買賣超股數"":""0"",""投信買進股數"":""0"",""投信賣出股數"":""0"",""投信買賣超股數"":""0"",""自營商買賣超股數"":""1"",""自營商買進股數(自行買賣)"":""0"",""自營商賣出股數(自行買賣)"":""0"",""自營商買賣超股數(自行買賣)"":""0"",""自營商買進股數(避險)"":""1"",""自營商賣出股數(避險)"":""0"",""自營商買賣超股數(避險)"":""1"",""三大法人買賣超股數"":""45,001""}"
2026-10-07,TWSE,1417,嘉裕            ,50000,5000,45000,0,0,0,0,0,0,"{""證券代號"":""1417"",""證券名稱"":""嘉裕            "",""外陸資買進股數(不含外資自營商)"":""50,000"",""外陸資賣出股數(不含外資自營商)"":""5,000"",""外陸資買賣超股數(不含外資自營商)"":""45,000"",""外資自營商買進股數"":""0"",""外資自營商賣出股數"":""0"",""外資自營商買賣超股數"":""0"",""投信買進股數"":""0"",""投信賣出股數"":""0"",""投信買賣超股數"":""0"",""自營商買賣超股數"":""0"",""自營商買進股數(自行買賣)"":""0"",""自營商賣出股數(自行買賣)"":""0"",""自營商買賣超股數(自行買賣)"":""0"",""自營商買進股數(避險)"":""0"",""自營商賣出股數(避險)"":""0"",""自營商買賣超股數(避險)"":""0"",""三大法人買賣超股數"":""45,000""}"
2026-10-07,TWSE,1340,勝悅-KY         ,49000,4000,45000,0,0,0,0,0,0,"{""證券代號"":""1340"",""證券名稱"":""勝悅-KY         "",""外陸資買進股數(不含外資自營商)"":""49,000"",""外陸資賣出股數(不含外資自營商)"":""4,000"",""外陸資買賣超股數(不含外資自營商)"":""45,000"",""外資自營商買進股數"":""0"",""外資自營商賣出股數"":""0"",""外資自營商買賣超股數"":""0"",""投信買進股數"":""0"",""投信賣出股數"":""0"",""投信買賣超股數"":""0"",""自營商買賣超股數"":""0"",""自營商買進股數(自行買賣)"":""0"",""自營商賣出股數(自行買賣)"":""0"",""自營商買賣超股數(自行買賣)"":""0"",""自營商買進股數(避險)"":""0"",""自營商賣出股數(避險)"":""0"",""自營商買賣超股數(避險)"":""0"",""三大法人買賣超股數"":""45,000""}"
2026-10-07,TWSE,4106,雃博            ,49000,4000,45000,0,0,0,0,0,0,"{""證券代號"":""4106"",""證券名稱"":""雃博            "",""外陸資買進股數(不含外資自營商)"":""49,000"",""外陸資賣出股數(不含外資自營商)"":""4,000"",""外陸資買賣超股數(不含外資自營商)"":""45,000"",""外資自營商買進股數"":""0"",""外資自營商賣出股數"":""0"",""外資自營商買賣超股數"":""0"",""投信買進股數"":""0"",""投信賣出股數"":""0"",""投信買賣超股數"":""0"",""自營商買賣超股數"":""0"",""自營商買進股數(自行買賣)"":""0"",""自營商賣出股數(自行買賣)"":""0"",""自營商買賣超股數(自行買賣)"":""0"",""自營商買進股數(避險)"":""0"",""自營商賣出股數(避險)"":""0"",""自營商買賣超股數(避險)"":""0"",""三大法人買賣超股數"":""45,000""}"
2026-10-07,TWSE,1582,信錦            ,125358,79000,46358,0,0,0,0,1765,-1765,"{""證券代號"":""1582"",""證券名稱"":""信錦            "",""外陸資買進股數(不含外資自營商)"":""125,358"",""外陸資賣出股數(不含外資自營商)"":""79,000"",""外陸資買賣超股數(不含外資自營商)"":""46,358"",""外資自營商買進股數"":""0"",""外資自營商賣出股數"":""0"",""外資自營商買賣超股數"":""0"",""投信買進股數"":""0"",""投信賣出股數"":""0"",""投信買賣超股數"":""0"",""自營商買賣超股數"":""-1,765"",""自營商買進股數(自行買賣)"":""0"",""自營商賣出股數(自行買賣)"":""0"",""自營商買賣超股數(自行買賣)"":""0"",""自營商買進股數(避險)"":""0"",""自營商賣出股數(避險)"":""1,765"",""自營商買賣超股數(避險)"":""-1,765"",""三大法人買賣超股數"":""44,593""}"
2026-10-07,TWSE,6962,奕力-KY         ,274035,228000,46035,0,0,0,0,1466,-1466,"{""證券代號"":""6962"",""證券名稱"":""奕力-KY         "",""外陸資買進股數(不含外資自營商)"":""274,035"",""外陸資賣出股數(不含外資自營商)"":""228,000"",""外陸資買賣超股數(不含外資自營商)"":""46,035"",""外資自營商買進股數"":""0"",""外資自營商賣出股數"":""0"",""外資自營商買賣超股數"":""0"",""投信買進股數"":""0"",""投信賣出股數"":""0"",""投信買賣超股數"":""0"",""自營商買賣超股數"":""-1,466"",""自營商買進股數(自行買賣)"":""0"",""自營商賣出股數(自行買賣)"":""0"",""自營商買賣超股數(自行買賣)"":""0"",""自營商買進股數(避險)"":""0"",""自營商賣出股數(避險)"":""1,466"",""自營商買賣超股數(避險)"":""-1,466"",""三大法人買賣超股數"":""44,569""}"
2026-10-07,TWSE,4169,泰宗            ,49449,5000,44449,0,0,0,0,0,0,"{""證券代號"":""4169"",""證券名稱"":""泰宗            "",""外陸資買進股數(不含外資自營商)"":""49,449"",""外陸資賣出股數(不含外資自營商)"":""5,000"",""外陸資買賣超股數(不含外資自營商)"":""44,449"",""外資自營商買進股數"":""0"",""外資自營商賣出股數"":""0"",""外資自營商買賣超股數"":""0"",""投信買進股數"":""0"",""投信賣出股數"":""0"",""投信買賣超股數"":""0"",""自營商買賣超股數"":""0"",""自營商買進股數(自行買賣)"":""0"",""自營商賣出股數(自行買賣)"":""0"",""自營商買賣超股數(自行買賣)"":""0"",""自營商買進股數(避險)"":""0"",""自營商賣出股數(避險)"":""0"",""自營商買賣超股數(避險)"":""0"",""三大法人買賣超股數"":""44,449""}"
2026-10-07,TWSE,2406,國碩            ,463858,440000,23858,0,0,0,20115,180,18935,"{""證券代號"":""2406"",""證券名稱"":""國碩            "",""外陸資買進股數(不含外資自營商)"":""463,858"",""外陸資賣出股數(不含外資自營商)"":""440,000"",""外陸資買賣超股數(不含外資自營商)"":""23,858"",""外資自營商買進股數"":""0"",""外資自營商賣出股數"":""0"",""外資自營商買賣超股數"":""0"",""投信買進股數"":""0"",""投信賣出股數"":""0"",""投信買賣超股數"":""0"",""自營商買賣超股數"":""18,935"",""自營商買進股數(自行買賣)"":""0"",""自營商賣出股數(自行買賣)"":""1,000"",""自營商買賣超股數(自行買賣)"":""-1,000"",""自營商買進股數(避險)"":""20,115"",""自營商賣出股數(避險)"":""180"",""自營商買賣超股數(避險)"":""19,935"",""三大法人買賣超股數"":""42,793""}"
2026-10-07,TWSE,6743,安普新          ,234757,193108,41649,0,1815,-1815,0,0,2000,"{""證券代號"":""6743"",""證券名稱"":""安普新          "",""外陸資買進股數(不含外資自營商)"":""234,757"",""外陸資賣出股數(不含外資自營商)"":""193,108"",""外陸資買賣超股數(不含外資自營商)"":""41,649"",""外資自營商買進股數"":""0"",""外資自營商賣出股數"":""0"",""外資自營商買賣超股數"":""0"",""投信買進股數"":""0"",""投信賣出股數"":""1,815"",""投信買賣超股數"":""-1,815"",""自營商買賣超股數"":""2,000"",""自營商買進股數(自行買賣)"":""2,000"",""自營商賣出股數(自行買賣)"":""0"",""自營商買賣超股數(自行買賣)"":""2,000"",""自營商買進股數(避險)"":""0"",""自營商賣出股數(避險)"":""0"",""自營商買賣超股數(避險)"":""0"",""三大法人買賣超股數"":""41,834""}"
2026-10-07,TWSE,3050,鈺德            ,94780,53000,41780,0,0,0,0,0,0,"{""證券代號"":""3050"",""證券名稱"":""鈺德            "",""外陸資買進股數(不含外資自營商)"":""94,780"",""外陸資賣出股數(不含外資自營商)"":""53,000"",""外陸資買賣超股數(不含外資自營商)"":""41,780"",""外資自營商買進股數"":""0"",""外資自營商賣出股數"":""0"",""外資自營商買賣超股數"":""0"",""投信買進股數"":""0"",""投信賣出股數"":""0"",""投信買賣超股數"":""0"",""自營商買賣超股數"":""0"",""自營商買進股數(自行買賣)"":""0"",""自營商賣出股數(自行買賣)"":""0"",""自營商買賣超股數(自行買賣)"":""0"",""自營商買進股數(避險)"":""0"",""自營商賣出股數(避險)"":""0"",""自營商買賣超股數(避險)"":""0"",""三大法人買賣超股數"":""41,780""}"
2026-10-07,TWSE,1568,倉佑            ,116060,73000,43060,0,0,0,302,5000,-1698,"{""證券代號"":""1568"",""證券名稱"":""倉佑            "",""外陸資買進股數(不含外資自營商)"":""116,060"",""外陸資賣出股數(不含外資自營商)"":""73,000"",""外陸資買賣超股數(不含外資自營商)"":""43,060"",""外資自營商買進股數"":""0"",""外資自營商賣出股數"":""0"",""外資自營商買賣超股數"":""0"",""投信買進股數"":""0"",""投信賣出股數"":""0"",""投信買賣超股數"":""0"",""自營商買賣超股數"":""-1,698"",""自營商買進股數(自行買賣)"":""3,000"",""自營商賣出股數(自行買賣)"":""0"",""自營商買賣超股數(自行買賣)"":""3,000"",""自營商買進股數(避險)"":""302"",""自營商賣出股數(避險)"":""5,000"",""自營商買賣超股數(避險)"":""-4,698"",""三大法人買賣超股數"":""41,362""}"
2026-10-07,TWSE,2630,亞航            ,115021,69000,46021,0,0,0,0,5828,-5828,"{""證券代號"":""2630"",""證券名稱"":""亞航            "",""外陸資買進股數(不含外資自營商)"":""115,021"",""外陸資賣出股數(不含外資自營商)"":""69,000"",""外陸資買賣超股數(不含外資自營商)"":""46,021"",""外資自營商買進股數"":""0"",""外資自營商賣出股數"":""0"",""外資自營商買賣超股數"":""0"",""投信買進股數"":""0"",""投信賣出股數"":""0"",""投信買賣超股數"":""0"",""自營商買賣超股數"":""-5,828"",""自營商買進股數(自行買賣)"":""0"",""自營商賣出股數(自行買賣)"":""0"",""自營商買賣超股數(自行買賣)"":""0"",""自營商買進股數(避險)"":""0"",""自營商賣出股數(避險)"":""5,828"",""自營商買賣超股數(避險)"":""-5,828"",""三大法人買賣超股數"":""40,193""}"
2026-10-07,TWSE,8249,菱光            ,81120,41000,40120,0,0,0,0,0,0,"{""證券代號"":""8249"",""證券名稱"":""菱光            "",""外陸資買進股數(不含外資自營商)"":""81,120"",""外陸資賣出股數(不含外資自營商)"":""41,000"",""外陸資買賣超股數(不含外資自營商)"":""40,120"",""外資自營商買進股數"":""0"",""外資自營商賣出股數"":""0"",""外資自營商買賣超股數"":""0"",""投信買進股數"":""0"",""投信賣出股數"":""0"",""投信買賣超股數"":""0"",""自營商買賣超股數"":""0"",""自營商買進股數(自行買賣)"":""0"",""自營商賣出股數(自行買賣)"":""0"",""自營商買賣超股數(自行買賣)"":""0"",""自營商買進股數(避險)"":""0"",""自營商賣出股數(避險)"":""0"",""自營商買賣超股數(避險)"":""0"",""三大法人買賣超股數"":""40,120""}"
2026-10-07,TWSE,4545,銘鈺            ,45060,4000,41060,0,0,0,0,0,-1000,"{""證券代號"":""4545"",""證券名稱"":""銘鈺            "",""外陸資買進股數(不含外資自營商)"":""45,060"",""外陸資賣出股數(不含外資自營商)"":""4,000"",""外陸資買賣超股數(不含外資自營商)"":""41,060"",""外資自營商買進股數"":""0"",""外資自營商賣出股數"":""0"",""外資自營商買賣超股數"":""0"",""投信買進股數"":""0"",""投信賣出股數"":""0"",""投信買賣超股數"":""0"",""自營商買賣超股數"":""-1,000"",""自營商買進股數(自行買賣)"":""2,000"",""自營商賣出股數(自行買賣)"":""3,000"",""自營商買賣超股數(自行買賣)"":""-1,000"",""自營商買進股數(避險)"":""0"",""自營商賣出股數(避險)"":""0"",""自營商買賣超股數(避險)"":""0"",""三大法人買賣超股數"":""40,060""}"
2026-10-07,TWSE,2538,基泰            ,145000,105000,40000,0,0,0,0,0,0,"{""證券代號"":""2538"",""證券名稱"":""基泰            "",""外陸資買進股數(不含外資自營商)"":""145,000"",""外陸資賣出股數(不含外資自營商)"":""105,000"",""外陸資買賣超股數(不含外資自營商)"":""40,000"",""外資自營商買進股數"":""0"",""外資自營商賣出股數"":""0"",""外資自營商買賣超股數"":""0"",""投信買進股數"":""0"",""投信賣出股數"":""0"",""投信買賣超股數"":""0"",""自營商買賣超股數"":""0"",""自營商買進股數(自行買賣)"":""0"",""自營商賣出股數(自行買賣)"":""0"",""自營商買賣超股數(自行買賣)"":""0"",""自營商買進股數(避險)"":""0"",""自營商賣出股數(避險)"":""0"",""自營商買賣超股數(避險)"":""0"",""三大法人買賣超股數"":""40,000""}"
2026-10-07,TWSE,2488,漢平            ,50000,12000,38000,0,0,0,0,0,11,"{""證券代號"":""2488"",""證券名稱"":""漢平            "",""外陸資買進股數(不含外資自營商)"":""50,000"",""外陸資賣出股數(不含外資自營商)"":""12,000"",""外陸資買賣超股數(不含外資自營商)"":""38,000"",""外資自營商買進股數"":""0"",""外資自營商賣出股數"":""0"",""外資自營商買賣超股數"":""0"",""投信買進股數"":""0"",""投信賣出股數"":""0"",""投信買賣超股數"":""0"",""自營商買賣超股數"":""11"",""自營商買進股數(自行買賣)"":""1,011"",""自營商賣出股數(自行買賣)"":""1,000"",""自營商買賣超股數(自行買賣)"":""11"",""自營商買進股數(避險)"":""0"",""自營商賣出股數(避險)"":""0"",""自營商買賣超股數(避險)"":""0"",""三大法人買賣超股數"":""38,011""}"
2026-10-07,TWSE,1232,大統益          ,46170,10000,36170,0,0,0,0,0,1000,"{""證券代號"":""1232"",""證券名稱"":""大統益          "",""外陸資買進股數(不含外資自營商)"":""46,170"",""外陸資賣出股數(不含外資自營商)"":""10,000"",""外陸資買賣超股數(不含外資自營商)"":""36,170"",""外資自營商買進股數"":""0"",""外資自營商賣出股數"":""0"",""外資自營商買賣超股數"":""0"",""投信買進股數"":""0"",""投信賣出股數"":""0"",""投信買賣超股數"":""0"",""自營商買賣超股數"":""1,000"",""自營商買進股數(自行買賣)"":""1,000"",""自營商賣出股數(自行買賣)"":""0"",""自營商買賣超股數(自行買賣)"":""1,000"",""自營商買進股數(避險)"":""0"",""自營商賣出股數(避險)"":""0"",""自營商買賣超股數(避險)"":""0"",""三大法人買賣超股數"":""37,170""}"
2026-10-07,TWSE,6272,驊陞            ,48000,11000,37000,0,0,0,0,0,0,"{""證券代號"":""6272"",""證券名稱"":""驊陞            "",""外陸資買進股數(不含外資自營商)"":""48,000"",""外陸資賣出股數(不含外資自營商)"":""11,000"",""外陸資買賣超股數(不含外資自營商)"":""37,000"",""外資自營商買進股數"":""0"",""外資自營商賣出股數"":""0"",""外資自營商買賣超股數"":""0"",""投信買進股數"":""0"",""投信賣出股數"":""0"",""投信買賣超股數"":""0"",""自營商買賣超股數"":""0"",""自營商買進股數(自行買賣)"":""0"",""自營商賣出股數(自行買賣)"":""0"",""自營商買賣超股數(自行買賣)"":""0"",""自營商買進股數(避險)"":""0"",""自營商賣出股數(避險)"":""0"",""自營商買賣超股數(避險)"":""0"",""三大法人買賣超股數"":""37,000""}"
2026-10-07,TWSE,9911,櫻花            ,94000,59000,35000,0,0,0,0,0,2000,"{""證券代號"":""9911"",""證券名稱"":""櫻花            "",""外陸資買進股數(不含外資自營商)"":""94,000"",""外陸資賣出股數(不含外資自營商)"":""59,000"",""外陸資買賣超股數(不含外資自營商)"":""35,000"",""外資自營商買進股數"":""0"",""外資自營商賣出股數"":""0"",""外資自營商買賣超股數"":""0"",""投信買進股數"":""0"",""投信賣出股數"":""0"",""投信買賣超股數"":""0"",""自營商買賣超股數"":""2,000"",""自營商買進股數(自行買賣)"":""2,000"",""自營商賣出股數(自行買賣)"":""0"",""自營商買賣超股數(自行買賣)"":""2,000"",""自營商買進股數(避險)"":""0"",""自營商賣出股數(避險)"":""0"",""自營商買賣超股數(避險)"":""0"",""三大法人買賣超股數"":""37,000""}"
2026-10-07,TWSE,7799,禾榮科          ,164604,131000,33604,0,0,0,0,0,2000,"{""證券代號"":""7799"",""證券名稱"":""禾榮科          "",""外陸資買進股數(不含外資自營商)"":""164,604"",""外陸資賣出股數(不含外資自營商)"":""131,000"",""外陸資買賣超股數(不含外資自營商)"":""33,604"",""外資自營商買進股數"":""0"",""外資自營商賣出股數"":""0"",""外資自營商買賣超股數"":""0"",""投信買進股數"":""0"",""投信賣出股數"":""0"",""投信買賣超股數"":""0"",""自營商買賣超股數"":""2,000"",""自營商買進股數(自行買賣)"":""2,000"",""自營商賣出股數(自行買賣)"":""0"",""自營商買賣超股數(自行買賣)"":""2,000"",""自營商買進股數(避險)"":""0"",""自營商賣出股數(避險)"":""0"",""自營商買賣超股數(避險)"":""0"",""三大法人買賣超股數"":""35,604""}"
2026-10-07,TWSE,3024,憶聲            ,87181,52000,35181,0,0,0,0,0,0,"{""證券代號"":""3024"",""證券名稱"":""憶聲            "",""外陸資買進股數(不含外資自營商)"":""87,181"",""外陸資賣出股數(不含外資自營商)"":""52,000"",""外陸資買賣超股數(不含外資自營商)"":""35,181"",""外資自營商買進股數"":""0"",""外資自營商賣出股數"":""0"",""外資自營商買賣超股數"":""0"",""投信買進股數"":""0"",""投信賣出股數"":""0"",""投信買賣超股數"":""0"",""自營商買賣超股數"":""0"",""自營商買進股數(自行買賣)"":""0"",""自營商賣出股數(自行買賣)"":""0"",""自營商買賣超股數(自行買賣)"":""0"",""自營商買進股數(避險)"":""0"",""自營商賣出股數(避險)"":""0"",""自營商買賣超股數(避險)"":""0"",""三大法人買賣超股數"":""35,181""}"
2026-10-07,TWSE,7803,雲象科技-創     ,34000,3000,31000,0,0,0,7863,4000,3863,"{""證券代號"":""7803"",""證券名稱"":""雲象科技-創     "",""外陸資買進股數(不含外資自營商)"":""34,000"",""外陸資賣出股數(不含外資自營商)"":""3,000"",""外陸資買賣超股數(不含外資自營商)"":""31,000"",""外資自營商買進股數"":""0"",""外資自營商賣出股數"":""0"",""外資自營商買賣超股數"":""0"",""投信買進股數"":""0"",""投信賣出股數"":""0"",""投信買賣超股數"":""0"",""自營商買賣超股數"":""3,863"",""自營商買進股數(自行買賣)"":""0"",""自營商賣出股數(自行買賣)"":""0"",""自營商買賣超股數(自行買賣)"":""0"",""自營商買進股數(避險)"":""7,863"",""自營商賣出股數(避險)"":""4,000"",""自營商買賣超股數(避險)"":""3,863"",""三大法人買賣超股數"":""34,863""}"
2026-10-07,TWSE,6670,復盛應用        ,59420,23000,36420,0,1610,-1610,0,0,0,"{""證券代號"":""6670"",""證券名稱"":""復盛應用        "",""外陸資買進股數(不含外資自營商)"":""59,420"",""外陸資賣出股數(不含外資自營商)"":""23,000"",""外陸資買賣超股數(不含外資自營商)"":""36,420"",""外資自營商買進股數"":""0"",""外資自營商賣出股數"":""0"",""外資自營商買賣超股數"":""0"",""投信買進股數"":""0"",""投信賣出股數"":""1,610"",""投信買賣超股數"":""-1,610"",""自營商買賣超股數"":""0"",""自營商買進股數(自行買賣)"":""0"",""自營商賣出股數(自行買賣)"":""0"",""自營商買賣超股數(自行買賣)"":""0"",""自營商買進股數(避險)"":""0"",""自營商賣出股數(避險)"":""0"",""自營商買賣超股數(避險)"":""0"",""三大法人買賣超股數"":""34,810""}"
2026-10-07,TWSE,1531,高林股          ,42518,7000,35518,0,0,0,0,0,-1000,"{""證券代號"":""1531"",""證券名稱"":""高林股          "",""外陸資買進股數(不含外資自營商)"":""42,518"",""外陸資賣出股數(不含外資自營商)"":""7,000"",""外陸資買賣超股數(不含外資自營商)"":""35,518"",""外資自營商買進股數"":""0"",""外資自營商賣出股數"":""0"",""外資自營商買賣超股數"":""0"",""投信買進股數"":""0"",""投信賣出股數"":""0"",""投信買賣超股數"":""0"",""自營商買賣超股數"":""-1,000"",""自營商買進股數(自行買賣)"":""0"",""自營商賣出股數(自行買賣)"":""1,000"",""自營商買賣超股數(自行買賣)"":""-1,000"",""自營商買進股數(避險)"":""0"",""自營商賣出股數(避險)"":""0"",""自營商買賣超股數(避險)"":""0"",""三大法人買賣超股數"":""34,518""}"
2026-10-07,TWSE,3708,上緯投控        ,71283,28000,43283,0,11000,-11000,2000,0,2000,"{""證券代號"":""3708"",""證券名稱"":""上緯投控        "",""外陸資買進股數(不含外資自營商)"":""71,283"",""外陸資賣出股數(不含外資自營商)"":""28,000"",""外陸資買賣超股數(不含外資自營商)"":""43,283"",""外資自營商買進股數"":""0"",""外資自營商賣出股數"":""0"",""外資自營商買賣超股數"":""0"",""投信買進股數"":""0"",""投信賣出股數"":""11,000"",""投信買賣超股數"":""-11,000"",""自營商買賣超股數"":""2,000"",""自營商買進股數(自行買賣)"":""0"",""自營商賣出股數(自行買賣)"":""0"",""自營商買賣超股數(自行買賣)"":""0"",""自營商買進股數(避險)"":""2,000"",""自營商賣出股數(避險)"":""0"",""自營商買賣超股數(避險)"":""2,000"",""三大法人買賣超股數"":""34,283""}"
2026-10-07,TWSE,6928,攸泰科技        ,39000,5000,34000,0,0,0,0,0,0,"{""證券代號"":""6928"",""證券名稱"":""攸泰科技        "",""外陸資買進股數(不含外資自營商)"":""39,000"",""外陸資賣出股數(不含外資自營商)"":""5,000"",""外陸資買賣超股數(不含外資自營商)"":""34,000"",""外資自營商買進股數"":""0"",""外資自營商賣出股數"":""0"",""外資自營商買賣超股數"":""0"",""投信買進股數"":""0"",""投信賣出股數"":""0"",""投信買賣超股數"":""0"",""自營商買賣超股數"":""0"",""自營商買進股數(自行買賣)"":""0"",""自營商賣出股數(自行買賣)"":""0"",""自營商買賣超股數(自行買賣)"":""0"",""自營商買進股數(避險)"":""0"",""自營商賣出股數(避險)"":""0"",""自營商買賣超股數(避險)"":""0"",""三大法人買賣超股數"":""34,000""}"
2026-10-07,TWSE,6112,邁達特          ,148481,117000,31481,0,0,0,1000,943,2057,"{""證券代號"":""6112"",""證券名稱"":""邁達特          "",""外陸資買進股數(不含外資自營商)"":""148,481"",""外陸資賣出股數(不含外資自營商)"":""117,000"",""外陸資買賣超股數(不含外資自營商)"":""31,481"",""外資自營商買進股數"":""0"",""外資自營商賣出股數"":""0"",""外資自營商買賣超股數"":""0"",""投信買進股數"":""0"",""投信賣出股數"":""0"",""投信買賣超股數"":""0"",""自營商買賣超股數"":""2,057"",""自營商買進股數(自行買賣)"":""2,000"",""自營商賣出股數(自行買賣)"":""0"",""自營商買賣超股數(自行買賣)"":""2,000"",""自營商買進股數(避險)"":""1,000"",""自營商賣出股數(避險)"":""943"",""自營商買賣超股數(避險)"":""57"",""三大法人買賣超股數"":""33,538""}"
2026-10-07,TWSE,5871,中租-KY         ,2315760,2159043,156717,0,136491,-136491,31990,19547,12443,"{""證券代號"":""5871"",""證券名稱"":""中租-KY         "",""外陸資買進股數(不含外資自營商)"":""2,315,760"",""外陸資賣出股數(不含外資自營商)"":""2,159,043"",""外陸資買賣超股數(不含外資自營商)"":""156,717"",""外資自營商買進股數"":""0"",""外資自營商賣出股數"":""0"",""外資自營商買賣超股數"":""0"",""投信買進股數"":""0"",""投信賣出股數"":""136,491"",""投信買賣超股數"":""-136,491"",""自營商買賣超股數"":""12,443"",""自營商買進股數(自行買賣)"":""0"",""自營商賣出股數(自行買賣)"":""0"",""自營商買賣超股數(自行買賣)"":""0"",""自營商買進股數(避險)"":""31,990"",""自營商賣出股數(避險)"":""19,547"",""自營商買賣超股數(避險)"":""12,443"",""三大法人買賣超股數"":""32,669""}"
2026-10-07,TWSE,4956,光鋐            ,911040,878001,33039,0,0,0,420,1000,-580,"{""證券代號"":""4956"",""證券名稱"":""光鋐            "",""外陸資買進股數(不含外資自營商)"":""911,040"",""外陸資賣出股數(不含外資自營商)"":""878,001"",""外陸資買賣超股數(不含外資自營商)"":""33,039"",""外資自營商買進股數"":""0"",""外資自營商賣出股數"":""0"",""外資自營商買賣超股數"":""0"",""投信買進股數"":""0"",""投信賣出股數"":""0"",""投信買賣超股數"":""0"",""自營商買賣超股數"":""-580"",""自營商買進股數(自行買賣)"":""0"",""自營商賣出股數(自行買賣)"":""0"",""自營商買賣超股數(自行買賣)"":""0"",""自營商買進股數(避險)"":""420"",""自營商賣出股數(避險)"":""1,000"",""自營商買賣超股數(避險)"":""-580"",""三大法人買賣超股數"":""32,459""}"
2026-10-07,TWSE,6909,創控            ,68087,36000,32087,0,0,0,0,0,0,"{""證券代號"":""6909"",""證券名稱"":""創控            "",""外陸資買進股數(不含外資自營商)"":""68,087"",""外陸資賣出股數(不含外資自營商)"":""36,000"",""外陸資買賣超股數(不含外資自營商)"":""32,087"",""外資自營商買進股數"":""0"",""外資自營商賣出股數"":""0"",""外資自營商買賣超股數"":""0"",""投信買進股數"":""0"",""投信賣出股數"":""0"",""投信買賣超股數"":""0"",""自營商買賣超股數"":""0"",""自營商買進股數(自行買賣)"":""0"",""自營商賣出股數(自行買賣)"":""0"",""自營商買賣超股數(自行買賣)"":""0"",""自營商買進股數(避險)"":""0"",""自營商賣出股數(避險)"":""0"",""自營商買賣超股數(避險)"":""0"",""三大法人買賣超股數"":""32,087""}"
2026-10-07,TWSE,1529,樂事綠能        ,94384,62329,32055,0,0,0,0,0,0,"{""證券代號"":""1529"",""證券名稱"":""樂事綠能        "",""外陸資買進股數(不含外資自營商)"":""94,384"",""外陸資賣出股數(不含外資自營商)"":""62,329"",""外陸資買賣超股數(不含外資自營商)"":""32,055"",""外資自營商買進股數"":""0"",""外資自營商賣出股數"":""0"",""外資自營商買賣超股數"":""0"",""投信買進股數"":""0"",""投信賣出股數"":""0"",""投信買賣超股數"":""0"",""自營商買賣超股數"":""0"",""自營商買進股數(自行買賣)"":""0"",""自營商賣出股數(自行買賣)"":""0"",""自營商買賣超股數(自行買賣)"":""0"",""自營商買進股數(避險)"":""0"",""自營商賣出股數(避險)"":""0"",""自營商買賣超股數(避險)"":""0"",""三大法人買賣超股數"":""32,055""}"
2026-10-07,TWSE,2908,特力            ,49000,17000,32000,0,0,0,0,0,0,"{""證券代號"":""2908"",""證券名稱"":""特力            "",""外陸資買進股數(不含外資自營商)"":""49,000"",""外陸資賣出股數(不含外資自營商)"":""17,000"",""外陸資買賣超股數(不含外資自營商)"":""32,000"",""外資自營商買進股數"":""0"",""外資自營商賣出股數"":""0"",""外資自營商買賣超股數"":""0"",""投信買進股數"":""0"",""投信賣出股數"":""0"",""投信買賣超股數"":""0"",""自營商買賣超股數"":""0"",""自營商買進股數(自行買賣)"":""0"",""自營商賣出股數(自行買賣)"":""0"",""自營商買賣超股數(自行買賣)"":""0"",""自營商買進股數(避險)"":""0"",""自營商賣出股數(避險)"":""0"",""自營商買賣超股數(避險)"":""0"",""三大法人買賣超股數"":""32,000""}"
2026-10-07,TWSE,009808,華南永昌優選50  ,4000,1000,3000,0,0,0,33000,4285,28715,"{""證券代號"":""009808"",""證券名稱"":""華南永昌優選50  "",""外陸資買進股數(不含外資自營商)"":""4,000"",""外陸資賣出股數(不含外資自營商)"":""1,000"",""外陸資買賣超股數(不含外資自營商)"":""3,000"",""外資自營商買進股數"":""0"",""外資自營商賣出股數"":""0"",""外資自營商買賣超股數"":""0"",""投信買進股數"":""0"",""投信賣出股數"":""0"",""投信買賣超股數"":""0"",""自營商買賣超股數"":""28,715"",""自營商買進股數(自行買賣)"":""0"",""自營商賣出股數(自行買賣)"":""0"",""自營商買賣超股數(自行買賣)"":""0"",""自營商買進股數(避險)"":""33,000"",""自營商賣出股數(避險)"":""4,285"",""自營商買賣超股數(避險)"":""28,715"",""三大法人買賣超股數"":""31,715""}"
2026-10-07,TWSE,8473,山林水          ,77550,46000,31550,0,0,0,0,0,0,"{""證券代號"":""8473"",""證券名稱"":""山林水          "",""外陸資買進股數(不含外資自營商)"":""77,550"",""外陸資賣出股數(不含外資自營商)"":""46,000"",""外陸資買賣超股數(不含外資自營商)"":""31,550"",""外資自營商買進股數"":""0"",""外資自營商賣出股數"":""0"",""外資自營商買賣超股數"":""0"",""投信買進股數"":""0"",""投信賣出股數"":""0"",""投信買賣超股數"":""0"",""自營商買賣超股數"":""0"",""自營商買進股數(自行買賣)"":""0"",""自營商賣出股數(自行買賣)"":""0"",""自營商買賣超股數(自行買賣)"":""0"",""自營商買進股數(避險)"":""0"",""自營商賣出股數(避險)"":""0"",""自營商買賣超股數(避險)"":""0"",""三大法人買賣超股數"":""31,550""}"
2026-10-07,TWSE,1616,億泰            ,100875,70000,30875,0,0,0,0,0,188,"{""證券代號"":""1616"",""證券名稱"":""億泰            "",""外陸資買進股數(不含外資自營商)"":""100,875"",""外陸資賣出股數(不含外資自營商)"":""70,000"",""外陸資買賣超股數(不含外資自營商)"":""30,875"",""外資自營商買進股數"":""0"",""外資自營商賣出股數"":""0"",""外資自營商買賣超股數"":""0"",""投信買進股數"":""0"",""投信賣出股數"":""0"",""投信買賣超股數"":""0"",""自營商買賣超股數"":""188"",""自營商買進股數(自行買賣)"":""188"",""自營商賣出股數(自行買賣)"":""0"",""自營商買賣超股數(自行買賣)"":""188"",""自營商買進股數(避險)"":""0"",""自營商賣出股數(避險)"":""0"",""自營商買賣超股數(避險)"":""0"",""三大法人買賣超股數"":""31,063""}"
2026-10-07,TWSE,00982T,平衡兆豐台美動能,0,0,0,0,0,0,46019,15372,30647,"{""證券代號"":""00982T"",""證券名稱"":""平衡兆豐台美動能"",""外陸資買進股數(不含外資自營商)"":""0"",""外陸資賣出股數(不含外資自營商)"":""0"",""外陸資買賣超股數(不含外資自營商)"":""0"",""外資自營商買進股數"":""0"",""外資自營商賣出股數"":""0"",""外資自營商買賣超股數"":""0"",""投信買進股數"":""0"",""投信賣出股數"":""0"",""投信買賣超股數"":""0"",""自營商買賣超股數"":""30,647"",""自營商買進股數(自行買賣)"":""0"",""自營商賣出股數(自行買賣)"":""0"",""自營商買賣超股數(自行買賣)"":""0"",""自營商買進股數(避險)"":""46,019"",""自營商賣出股數(避險)"":""15,372"",""自營商買賣超股數(避險)"":""30,647"",""三大法人買賣超股數"":""30,647""}"
2026-10-07,TWSE,8215,明基材          ,389215,309000,80215,0,47000,-47000,0,3206,-3206,"{""證券代號"":""8215"",""證券名稱"":""明基材          "",""外陸資買進股數(不含外資自營商)"":""389,215"",""外陸資賣出股數(不含外資自營商)"":""309,000"",""外陸資買賣超股數(不含外資自營商)"":""80,215"",""外資自營商買進股數"":""0"",""外資自營商賣出股數"":""0"",""外資自營商買賣超股數"":""0"",""投信買進股數"":""0"",""投信賣出股數"":""47,000"",""投信買賣超股數"":""-47,000"",""自營商買賣超股數"":""-3,206"",""自營商買進股數(自行買賣)"":""0"",""自營商賣出股數(自行買賣)"":""0"",""自營商買賣超股數(自行買賣)"":""0"",""自營商買進股數(避險)"":""0"",""自營商賣出股數(避險)"":""3,206"",""自營商買賣超股數(避險)"":""-3,206"",""三大法人買賣超股數"":""30,009""}"
2026-10-07,TWSE,2431,聯昌            ,32000,2000,30000,0,0,0,0,0,0,"{""證券代號"":""2431"",""證券名稱"":""聯昌            "",""外陸資買進股數(不含外資自營商)"":""32,000"",""外陸資賣出股數(不含外資自營商)"":""2,000"",""外陸資買賣超股數(不含外資自營商)"":""30,000"",""外資自營商買進股數"":""0"",""外資自營商賣出股數"":""0"",""外資自營商買賣超股數"":""0"",""投信買進股數"":""0"",""投信賣出股數"":""0"",""投信買賣超股數"":""0"",""自營商買賣超股數"":""0"",""自營商買進股數(自行買賣)"":""0"",""自營商賣出股數(自行買賣)"":""0"",""自營商買賣超股數(自行買賣)"":""0"",""自營商買進股數(避險)"":""0"",""自營商賣出股數(避險)"":""0"",""自營商買賣超股數(避險)"":""0"",""三大法人買賣超股數"":""30,000""}"
2026-10-07,TWSE,4178,永笙-KY         ,41000,14000,27000,0,0,0,0,0,3000,"{""證券代號"":""4178"",""證券名稱"":""永笙-KY         "",""外陸資買進股數(不含外資自營商)"":""41,000"",""外陸資賣出股數(不含外資自營商)"":""14,000"",""外陸資買賣超股數(不含外資自營商)"":""27,000"",""外資自營商買進股數"":""0"",""外資自營商賣出股數"":""0"",""外資自營商買賣超股數"":""0"",""投信買進股數"":""0"",""投信賣出股數"":""0"",""投信買賣超股數"":""0"",""自營商買賣超股數"":""3,000"",""自營商買進股數(自行買賣)"":""4,000"",""自營商賣出股數(自行買賣)"":""1,000"",""自營商買賣超股數(自行買賣)"":""3,000"",""自營商買進股數(避險)"":""0"",""自營商賣出股數(避險)"":""0"",""自營商買賣超股數(避險)"":""0"",""三大法人買賣超股數"":""30,000""}"
2026-10-07,TWSE,4536,拓凱            ,47000,17000,30000,0,0,0,0,0,-324,"{""證券代號"":""4536"",""證券名稱"":""拓凱            "",""外陸資買進股數(不含外資自營商)"":""47,000"",""外陸資賣出股數(不含外資自營商)"":""17,000"",""外陸資買賣超股數(不含外資自營商)"":""30,000"",""外資自營商買進股數"":""0"",""外資自營商賣出股數"":""0"",""外資自營商買賣超股數"":""0"",""投信買進股數"":""0"",""投信賣出股數"":""0"",""投信買賣超股數"":""0"",""自營商買賣超股數"":""-324"",""自營商買進股數(自行買賣)"":""1,000"",""自營商賣出股數(自行買賣)"":""1,324"",""自營商買賣超股數(自行買賣)"":""-324"",""自營商買進股數(避險)"":""0"",""自營商賣出股數(避險)"":""0"",""自營商買賣超股數(避險)"":""0"",""三大法人買賣超股數"":""29,676""}"
2026-10-07,TWSE,6658,聯策            ,202265,174612,27653,0,0,0,2644,2113,1531,"{""證券代號"":""6658"",""證券名稱"":""聯策            "",""外陸資買進股數(不含外資自營商)"":""202,265"",""外陸資賣出股數(不含外資自營商)"":""174,612"",""外陸資買賣超股數(不含外資自營商)"":""27,653"",""外資自營商買進股數"":""0"",""外資自營商賣出股數"":""0"",""外資自營商買賣超股數"":""0"",""投信買進股數"":""0"",""投信賣出股數"":""0"",""投信買賣超股數"":""0"",""自營商買賣超股數"":""1,531"",""自營商買進股數(自行買賣)"":""1,000"",""自營商賣出股數(自行買賣)"":""0"",""自營商買賣超股數(自行買賣)"":""1,000"",""自營商買進股數(避險)"":""2,644"",""自營商賣出股數(避險)"":""2,113"",""自營商買賣超股數(避險)"":""531"",""三大法人買賣超股數"":""29,184""}"
2026-10-07,TWSE,7765,中華資安        ,37046,7000,30046,0,0,0,0,0,-1000,"{""證券代號"":""7765"",""證券名稱"":""中華資安        "",""外陸資買進股數(不含外資自營商)"":""37,046"",""外陸資賣出股數(不含外資自營商)"":""7,000"",""外陸資買賣超股數(不含外資自營商)"":""30,046"",""外資自營商買進股數"":""0"",""外資自營商賣出股數"":""0"",""外資自營商買賣超股數"":""0"",""投信買進股數"":""0"",""投信賣出股數"":""0"",""投信買賣超股數"":""0"",""自營商買賣超股數"":""-1,000"",""自營商買進股數(自行買賣)"":""2,000"",""自營商賣出股數(自行買賣)"":""3,000"",""自營商買賣超股數(自行買賣)"":""-1,000"",""自營商買進股數(避險)"":""0"",""自營商賣出股數(避險)"":""0"",""自營商買賣超股數(避險)"":""0"",""三大法人買賣超股數"":""29,046""}"
2026-10-07,TWSE,6965,中傑-KY         ,39000,8000,31000,0,0,0,0,0,-2000,"{""證券代號"":""6965"",""證券名稱"":""中傑-KY         "",""外陸資買進股數(不含外資自營商)"":""39,000"",""外陸資賣出股數(不含外資自營商)"":""8,000"",""外陸資買賣超股數(不含外資自營商)"":""31,000"",""外資自營商買進股數"":""0"",""外資自營商賣出股數"":""0"",""外資自營商買賣超股數"":""0"",""投信買進股數"":""0"",""投信賣出股數"":""0"",""投信買賣超股數"":""0"",""自營商買賣超股數"":""-2,000"",""自營商買進股數(自行買賣)"":""1,000"",""自營商賣出股數(自行買賣)"":""3,000"",""自營商買賣超股數(自行買賣)"":""-2,000"",""自營商買進股數(避險)"":""0"",""自營商賣出股數(避險)"":""0"",""自營商買賣超股數(避險)"":""0"",""三大法人買賣超股數"":""29,000""}"
2026-10-07,TWSE,4104,佳醫            ,33000,4000,29000,0,0,0,0,0,0,"{""證券代號"":""4104"",""證券名稱"":""佳醫            "",""外陸資買進股數(不含外資自營商)"":""33,000"",""外陸資賣出股數(不含外資自營商)"":""4,000"",""外陸資買賣超股數(不含外資自營商)"":""29,000"",""外資自營商買進股數"":""0"",""外資自營商賣出股數"":""0"",""外資自營商買賣超股數"":""0"",""投信買進股數"":""0"",""投信賣出股數"":""0"",""投信買賣超股數"":""0"",""自營商買賣超股數"":""0"",""自營商買進股數(自行買賣)"":""0"",""自營商賣出股數(自行買賣)"":""0"",""自營商買賣超股數(自行買賣)"":""0"",""自營商買進股數(避險)"":""0"",""自營商賣出股數(避險)"":""0"",""自營商買賣超股數(避險)"":""0"",""三大法人買賣超股數"":""29,000""}"
2026-10-07,TWSE,3022,威強電          ,193859,164000,29859,0,0,0,1000,3411,-1621,"{""證券代號"":""3022"",""證券名稱"":""威強電          "",""外陸資買進股數(不含外資自營商)"":""193,859"",""外陸資賣出股數(不含外資自營商)"":""164,000"",""外陸資買賣超股數(不含外資自營商)"":""29,859"",""外資自營商買進股數"":""0"",""外資自營商賣出股數"":""0"",""外資自營商買賣超股數"":""0"",""投信買進股數"":""0"",""投信賣出股數"":""0"",""投信買賣超股數"":""0"",""自營商買賣超股數"":""-1,621"",""自營商買進股數(自行買賣)"":""1,000"",""自營商賣出股數(自行買賣)"":""210"",""自營商買賣超股數(自行買賣)"":""790"",""自營商買進股數(避險)"":""1,000"",""自營商賣出股數(避險)"":""3,411"",""自營商買賣超股數(避險)"":""-2,411"",""三大法人買賣超股數"":""28,238""}"
2026-10-07,TWSE,2527,宏璟            ,236000,215000,21000,0,0,0,5171,0,6171,"{""證券代號"":""2527"",""證券名稱"":""宏璟            "",""外陸資買進股數(不含外資自營商)"":""236,000"",""外陸資賣出股數(不含外資自營商)"":""215,000"",""外陸資買賣超股數(不含外資自營商)"":""21,000"",""外資自營商買進股數"":""0"",""外資自營商賣出股數"":""0"",""外資自營商買賣超股數"":""0"",""投信買進股數"":""0"",""投信賣出股數"":""0"",""投信買賣超股數"":""0"",""自營商買賣超股數"":""6,171"",""自營商買進股數(自行買賣)"":""1,000"",""自營商賣出股數(自行買賣)"":""0"",""自營商買賣超股數(自行買賣)"":""1,000"",""自營商買進股數(避險)"":""5,171"",""自營商賣出股數(避險)"":""0"",""自營商買賣超股數(避險)"":""5,171"",""三大法人買賣超股數"":""27,171""}"
2026-10-07,TWSE,4426,利勤            ,34000,7000,27000,0,0,0,0,0,0,"{""證券代號"":""4426"",""證券名稱"":""利勤            "",""外陸資買進股數(不含外資自營商)"":""34,000"",""外陸資賣出股數(不含外資自營商)"":""7,000"",""外陸資買賣超股數(不含外資自營商)"":""27,000"",""外資自營商買進股數"":""0"",""外資自營商賣出股數"":""0"",""外資自營商買賣超股數"":""0"",""投信買進股數"":""0"",""投信賣出股數"":""0"",""投信買賣超股數"":""0"",""自營商買賣超股數"":""0"",""自營商買進股數(自行買賣)"":""0"",""自營商賣出股數(自行買賣)"":""0"",""自營商買賣超股數(自行買賣)"":""0"",""自營商買進股數(避險)"":""0"",""自營商賣出股數(避險)"":""0"",""自營商買賣超股數(避險)"":""0"",""三大法人買賣超股數"":""27,000""}"
2026-10-07,TWSE,4414,如興            ,29000,4055,24945,0,0,0,0,0,2000,"{""證券代號"":""4414"",""證券名稱"":""如興            "",""外陸資買進股數(不含外資自營商)"":""29,000"",""外陸資賣出股數(不含外資自營商)"":""4,055"",""外陸資買賣超股數(不含外資自營商)"":""24,945"",""外資自營商買進股數"":""0"",""外資自營商賣出股數"":""0"",""外資自營商買賣超股數"":""0"",""投信買進股數"":""0"",""投信賣出股數"":""0"",""投信買賣超股數"":""0"",""自營商買賣超股數"":""2,000"",""自營商買進股數(自行買賣)"":""2,000"",""自營商賣出股數(自行買賣)"":""0"",""自營商買賣超股數(自行買賣)"":""2,000"",""自營商買進股數(避險)"":""0"",""自營商賣出股數(避險)"":""0"",""自營商買賣超股數(避險)"":""0"",""三大法人買賣超股數"":""26,945""}"
2026-10-07,TWSE,1225,福懋油          ,35000,7000,28000,0,0,0,0,0,-2000,"{""證券代號"":""1225"",""證券名稱"":""福懋油          "",""外陸資買進股數(不含外資自營商)"":""35,000"",""外陸資賣出股數(不含外資自營商)"":""7,000"",""外陸資買賣超股數(不含外資自營商)"":""28,000"",""外資自營商買進股數"":""0"",""外資自營商賣出股數"":""0"",""外資自營商買賣超股數"":""0"",""投信買進股數"":""0"",""投信賣出股數"":""0"",""投信買賣超股數"":""0"",""自營商買賣超股數"":""-2,000"",""自營商買進股數(自行買賣)"":""0"",""自營商賣出股數(自行買賣)"":""2,000"",""自營商買賣超股數(自行買賣)"":""-2,000"",""自營商買進股數(避險)"":""0"",""自營商賣出股數(避險)"":""0"",""自營商買賣超股數(避險)"":""0"",""三大法人買賣超股數"":""26,000""}"
2026-10-07,TWSE,3296,勝德            ,29000,4000,25000,0,0,0,0,0,1000,"{""證券代號"":""3296"",""證券名稱"":""勝德            "",""外陸資買進股數(不含外資自營商)"":""29,000"",""外陸資賣出股數(不含外資自營商)"":""4,000"",""外陸資買賣超股數(不含外資自營商)"":""25,000"",""外資自營商買進股數"":""0"",""外資自營商賣出股數"":""0"",""外資自營商買賣超股數"":""0"",""投信買進股數"":""0"",""投信賣出股數"":""0"",""投信買賣超股數"":""0"",""自營商買賣超股數"":""1,000"",""自營商買進股數(自行買賣)"":""1,000"",""自營商賣出股數(自行買賣)"":""0"",""自營商買賣超股數(自行買賣)"":""1,000"",""自營商買進股數(避險)"":""0"",""自營商賣出股數(避險)"":""0"",""自營商買賣超股數(避險)"":""0"",""三大法人買賣超股數"":""26,000""}"
2026-10-07,TWSE,2417,圓剛            ,139000,113000,26000,0,0,0,0,0,0,"{""證券代號"":""2417"",""證券名稱"":""圓剛            "",""外陸資買進股數(不含外資自營商)"":""139,000"",""外陸資賣出股數(不含外資自營商)"":""113,000"",""外陸資買賣超股數(不含外資自營商)"":""26,000"",""外資自營商買進股數"":""0"",""外資自營商賣出股數"":""0"",""外資自營商買賣超股數"":""0"",""投信買進股數"":""0"",""投信賣出股數"":""0"",""投信買賣超股數"":""0"",""自營商買賣超股數"":""0"",""自營商買進股數(自行買賣)"":""0"",""自營商賣出股數(自行買賣)"":""0"",""自營商買賣超股數(自行買賣)"":""0"",""自營商買進股數(避險)"":""0"",""自營商賣出股數(避險)"":""0"",""自營商買賣超股數(避險)"":""0"",""三大法人買賣超股數"":""26,000""}"
2026-10-07,TWSE,9924,福興            ,40000,14000,26000,0,0,0,0,0,0,"{""證券代號"":""9924"",""證券名稱"":""福興            "",""外陸資買進股數(不含外資自營商)"":""40,000"",""外陸資賣出股數(不含外資自營商)"":""14,000"",""外陸資買賣超股數(不含外資自營商)"":""26,000"",""外資自營商買進股數"":""0"",""外資自營商賣出股數"":""0"",""外資自營商買賣超股數"":""0"",""投信買進股數"":""0"",""投信賣出股數"":""0"",""投信買賣超股數"":""0"",""自營商買賣超股數"":""0"",""自營商買進股數(自行買賣)"":""0"",""自營商賣出股數(自行買賣)"":""0"",""自營商買賣超股數(自行買賣)"":""0"",""自營商買進股數(避險)"":""0"",""自營商賣出股數(避險)"":""0"",""自營商買賣超股數(避險)"":""0"",""三大法人買賣超股數"":""26,000""}"
2026-10-07,TWSE,2497,怡利電          ,100332,74000,26332,0,0,0,186,1000,-814,"{""證券代號"":""2497"",""證券名稱"":""怡利電          "",""外陸資買進股數(不含外資自營商)"":""100,332"",""外陸資賣出股數(不含外資自營商)"":""74,000"",""外陸資買賣超股數(不含外資自營商)"":""26,332"",""外資自營商買進股數"":""0"",""外資自營商賣出股數"":""0"",""外資自營商買賣超股數"":""0"",""投信買進股數"":""0"",""投信賣出股數"":""0"",""投信買賣超股數"":""0"",""自營商買賣超股數"":""-814"",""自營商買進股數(自行買賣)"":""0"",""自營商賣出股數(自行買賣)"":""0"",""自營商買賣超股數(自行買賣)"":""0"",""自營商買進股數(避險)"":""186"",""自營商賣出股數(避險)"":""1,000"",""自營商買賣超股數(避險)"":""-814"",""三大法人買賣超股數"":""25,518""}"
2026-10-07,TWSE,7749,意騰-KY         ,39020,14000,25020,0,0,0,25,40,-15,"{""證券代號"":""7749"",""證券名稱"":""意騰-KY         "",""外陸資買進股數(不含外資自營商)"":""39,020"",""外陸資賣出股數(不含外資自營商)"":""14,000"",""外陸資買賣超股數(不含外資自營商)"":""25,020"",""外資自營商買進股數"":""0"",""外資自營商賣出股數"":""0"",""外資自營商買賣超股數"":""0"",""投信買進股數"":""0"",""投信賣出股數"":""0"",""投信買賣超股數"":""0"",""自營商買賣超股數"":""-15"",""自營商買進股數(自行買賣)"":""0"",""自營商賣出股數(自行買賣)"":""0"",""自營商買賣超股數(自行買賣)"":""0"",""自營商買進股數(避險)"":""25"",""自營商賣出股數(避險)"":""40"",""自營商買賣超股數(避險)"":""-15"",""三大法人買賣超股數"":""25,005""}"
2026-10-07,TWSE,6756,威鋒電子        ,40000,13000,27000,0,0,0,0,0,-2041,"{""證券代號"":""6756"",""證券名稱"":""威鋒電子        "",""外陸資買進股數(不含外資自營商)"":""40,000"",""外陸資賣出股數(不含外資自營商)"":""13,000"",""外陸資買賣超股數(不含外資自營商)"":""27,000"",""外資自營商買進股數"":""0"",""外資自營商賣出股數"":""0"",""外資自營商買賣超股數"":""0"",""投信買進股數"":""0"",""投信賣出股數"":""0"",""投信買賣超股數"":""0"",""自營商買賣超股數"":""-2,041"",""自營商買進股數(自行買賣)"":""0"",""自營商賣出股數(自行買賣)"":""2,041"",""自營商買賣超股數(自行買賣)"":""-2,041"",""自營商買進股數(避險)"":""0"",""自營商賣出股數(避險)"":""0"",""自營商買賣超股數(避險)"":""0"",""三大法人買賣超股數"":""24,959""}"
2026-10-07,TWSE,2017,官田鋼          ,67845,43000,24845,0,0,0,0,0,0,"{""證券代號"":""2017"",""證券名稱"":""官田鋼          "",""外陸資買進股數(不含外資自營商)"":""67,845"",""外陸資賣出股數(不含外資自營商)"":""43,000"",""外陸資買賣超股數(不含外資自營商)"":""24,845"",""外資自營商買進股數"":""0"",""外資自營商賣出股數"":""0"",""外資自營商買賣超股數"":""0"",""投信買進股數"":""0"",""投信賣出股數"":""0"",""投信買賣超股數"":""0"",""自營商買賣超股數"":""0"",""自營商買進股數(自行買賣)"":""0"",""自營商賣出股數(自行買賣)"":""0"",""自營商買賣超股數(自行買賣)"":""0"",""自營商買進股數(避險)"":""0"",""自營商賣出股數(避險)"":""0"",""自營商買賣超股數(避險)"":""0"",""三大法人買賣超股數"":""24,845""}"
2026-10-07,TWSE,2102,泰豐            ,83823,59000,24823,0,0,0,0,0,0,"{""證券代號"":""2102"",""證券名稱"":""泰豐            "",""外陸資買進股數(不含外資自營商)"":""83,823"",""外陸資賣出股數(不含外資自營商)"":""59,000"",""外陸資買賣超股數(不含外資自營商)"":""24,823"",""外資自營商買進股數"":""0"",""外資自營商賣出股數"":""0"",""外資自營商買賣超股數"":""0"",""投信買進股數"":""0"",""投信賣出股數"":""0"",""投信買賣超股數"":""0"",""自營商買賣超股數"":""0"",""自營商買進股數(自行買賣)"":""0"",""自營商賣出股數(自行買賣)"":""0"",""自營商買賣超股數(自行買賣)"":""0"",""自營商買進股數(避險)"":""0"",""自營商賣出股數(避險)"":""0"",""自營商買賣超股數(避險)"":""0"",""三大法人買賣超股數"":""24,823""}"
2026-10-07,TWSE,1603,華電            ,45590,21000,24590,0,0,0,0,0,0,"{""證券代號"":""1603"",""證券名稱"":""華電            "",""外陸資買進股數(不含外資自營商)"":""45,590"",""外陸資賣出股數(不含外資自營商)"":""21,000"",""外陸資買賣超股數(不含外資自營商)"":""24,590"",""外資自營商買進股數"":""0"",""外資自營商賣出股數"":""0"",""外資自營商買賣超股數"":""0"",""投信買進股數"":""0"",""投信賣出股數"":""0"",""投信買賣超股數"":""0"",""自營商買賣超股數"":""0"",""自營商買進股數(自行買賣)"":""0"",""自營商賣出股數(自行買賣)"":""0"",""自營商買賣超股數(自行買賣)"":""0"",""自營商買進股數(避險)"":""0"",""自營商賣出股數(避險)"":""0"",""自營商買賣超股數(避險)"":""0"",""三大法人買賣超股數"":""24,590""}"
2026-10-07,TWSE,4441,振大環球        ,24536,1000,23536,0,0,0,0,0,1000,"{""證券代號"":""4441"",""證券名稱"":""振大環球        "",""外陸資買進股數(不含外資自營商)"":""24,536"",""外陸資賣出股數(不含外資自營商)"":""1,000"",""外陸資買賣超股數(不含外資自營商)"":""23,536"",""外資自營商買進股數"":""0"",""外資自營商賣出股數"":""0"",""外資自營商買賣超股數"":""0"",""投信買進股數"":""0"",""投信賣出股數"":""0"",""投信買賣超股數"":""0"",""自營商買賣超股數"":""1,000"",""自營商買進股數(自行買賣)"":""1,000"",""自營商賣出股數(自行買賣)"":""0"",""自營商買賣超股數(自行買賣)"":""1,000"",""自營商買進股數(避險)"":""0"",""自營商賣出股數(避險)"":""0"",""自營商買賣超股數(避險)"":""0"",""三大法人買賣超股數"":""24,536""}"
2026-10-07,TWSE,6591,動力-KY         ,35000,11000,24000,0,0,0,0,0,0,"{""證券代號"":""6591"",""證券名稱"":""動力-KY         "",""外陸資買進股數(不含外資自營商)"":""35,000"",""外陸資賣出股數(不含外資自營商)"":""11,000"",""外陸資買賣超股數(不含外資自營商)"":""24,000"",""外資自營商買進股數"":""0"",""外資自營商賣出股數"":""0"",""外資自營商買賣超股數"":""0"",""投信買進股數"":""0"",""投信賣出股數"":""0"",""投信買賣超股數"":""0"",""自營商買賣超股數"":""0"",""自營商買進股數(自行買賣)"":""0"",""自營商賣出股數(自行買賣)"":""0"",""自營商買賣超股數(自行買賣)"":""0"",""自營商買進股數(避險)"":""0"",""自營商賣出股數(避險)"":""0"",""自營商買賣超股數(避險)"":""0"",""三大法人買賣超股數"":""24,000""}"
2026-10-07,TWSE,6931,青松健康        ,32000,8000,24000,0,0,0,0,0,0,"{""證券代號"":""6931"",""證券名稱"":""青松健康        "",""外陸資買進股數(不含外資自營商)"":""32,000"",""外陸資賣出股數(不含外資自營商)"":""8,000"",""外陸資買賣超股數(不含外資自營商)"":""24,000"",""外資自營商買進股數"":""0"",""外資自營商賣出股數"":""0"",""外資自營商買賣超股數"":""0"",""投信買進股數"":""0"",""投信賣出股數"":""0"",""投信買賣超股數"":""0"",""自營商買賣超股數"":""0"",""自營商買進股數(自行買賣)"":""0"",""自營商賣出股數(自行買賣)"":""0"",""自營商買賣超股數(自行買賣)"":""0"",""自營商買進股數(避險)"":""0"",""自營商賣出股數(避險)"":""0"",""自營商買賣超股數(避險)"":""0"",""三大法人買賣超股數"":""24,000""}"
2026-10-07,TWSE,1219,福壽            ,29756,6000,23756,0,0,0,0,0,0,"{""證券代號"":""1219"",""證券名稱"":""福壽            "",""外陸資買進股數(不含外資自營商)"":""29,756"",""外陸資賣出股數(不含外資自營商)"":""6,000"",""外陸資買賣超股數(不含外資自營商)"":""23,756"",""外資自營商買進股數"":""0"",""外資自營商賣出股數"":""0"",""外資自營商買賣超股數"":""0"",""投信買進股數"":""0"",""投信賣出股數"":""0"",""投信買賣超股數"":""0"",""自營商買賣超股數"":""0"",""自營商買進股數(自行買賣)"":""0"",""自營商賣出股數(自行買賣)"":""0"",""自營商買賣超股數(自行買賣)"":""0"",""自營商買進股數(避險)"":""0"",""自營商賣出股數(避險)"":""0"",""自營商買賣超股數(避險)"":""0"",""三大法人買賣超股數"":""23,756""}"
2026-10-07,TWSE,1720,生達            ,45082,22000,23082,0,0,0,0,0,308,"{""證券代號"":""1720"",""證券名稱"":""生達            "",""外陸資買進股數(不含外資自營商)"":""45,082"",""外陸資賣出股數(不含外資自營商)"":""22,000"",""外陸資買賣超股數(不含外資自營商)"":""23,082"",""外資自營商買進股數"":""0"",""外資自營商賣出股數"":""0"",""外資自營商買賣超股數"":""0"",""投信買進股數"":""0"",""投信賣出股數"":""0"",""投信買賣超股數"":""0"",""自營商買賣超股數"":""308"",""自營商買進股數(自行買賣)"":""308"",""自營商賣出股數(自行買賣)"":""0"",""自營商買賣超股數(自行買賣)"":""308"",""自營商買進股數(避險)"":""0"",""自營商賣出股數(避險)"":""0"",""自營商買賣超股數(避險)"":""0"",""三大法人買賣超股數"":""23,390""}"
2026-10-07,TWSE,5434,崇越            ,377694,331013,46681,1000,0,1000,13486,24681,-24340,"{""證券代號"":""5434"",""證券名稱"":""崇越            "",""外陸資買進股數(不含外資自營商)"":""377,694"",""外陸資賣出股數(不含外資自營商)"":""331,013"",""外陸資買賣超股數(不含外資自營商)"":""46,681"",""外資自營商買進股數"":""0"",""外資自營商賣出股數"":""0"",""外資自營商買賣超股數"":""0"",""投信買進股數"":""1,000"",""投信賣出股數"":""0"",""投信買賣超股數"":""1,000"",""自營商買賣超股數"":""-24,340"",""自營商買進股數(自行買賣)"":""1,010"",""自營商賣出股數(自行買賣)"":""14,155"",""自營商買賣超股數(自行買賣)"":""-13,145"",""自營商買進股數(避險)"":""13,486"",""自營商賣出股數(避險)"":""24,681"",""自營商買賣超股數(避險)"":""-11,195"",""三大法人買賣超股數"":""23,341""}"
2026-10-07,TWSE,6719,力智            ,77140,49103,28037,0,0,0,2055,7056,-5001,"{""證券代號"":""6719"",""證券名稱"":""力智            "",""外陸資買進股數(不含外資自營商)"":""77,140"",""外陸資賣出股數(不含外資自營商)"":""49,103"",""外陸資買賣超股數(不含外資自營商)"":""28,037"",""外資自營商買進股數"":""0"",""外資自營商賣出股數"":""0"",""外資自營商買賣超股數"":""0"",""投信買進股數"":""0"",""投信賣出股數"":""0"",""投信買賣超股數"":""0"",""自營商買賣超股數"":""-5,001"",""自營商買進股數(自行買賣)"":""1,000"",""自營商賣出股數(自行買賣)"":""1,000"",""自營商買賣超股數(自行買賣)"":""0"",""自營商買進股數(避險)"":""2,055"",""自營商賣出股數(避險)"":""7,056"",""自營商買賣超股數(避險)"":""-5,001"",""三大法人買賣超股數"":""23,036""}"
2026-10-07,TWSE,2237,華德動能-創     ,27000,7000,20000,0,0,0,3000,0,3000,"{""證券代號"":""2237"",""證券名稱"":""華德動能-創     "",""外陸資買進股數(不含外資自營商)"":""27,000"",""外陸資賣出股數(不含外資自營商)"":""7,000"",""外陸資買賣超股數(不含外資自營商)"":""20,000"",""外資自營商買進股數"":""0"",""外資自營商賣出股數"":""0"",""外資自營商買賣超股數"":""0"",""投信買進股數"":""0"",""投信賣出股數"":""0"",""投信買賣超股數"":""0"",""自營商買賣超股數"":""3,000"",""自營商買進股數(自行買賣)"":""0"",""自營商賣出股數(自行買賣)"":""0"",""自營商買賣超股數(自行買賣)"":""0"",""自營商買進股數(避險)"":""3,000"",""自營商賣出股數(避險)"":""0"",""自營商買賣超股數(避險)"":""3,000"",""三大法人買賣超股數"":""23,000""}"
2026-10-07,TWSE,6552,易華電          ,25000,2000,23000,0,0,0,0,0,0,"{""證券代號"":""6552"",""證券名稱"":""易華電          "",""外陸資買進股數(不含外資自營商)"":""25,000"",""外陸資賣出股數(不含外資自營商)"":""2,000"",""外陸資買賣超股數(不含外資自營商)"":""23,000"",""外資自營商買進股數"":""0"",""外資自營商賣出股數"":""0"",""外資自營商買賣超股數"":""0"",""投信買進股數"":""0"",""投信賣出股數"":""0"",""投信買賣超股數"":""0"",""自營商買賣超股數"":""0"",""自營商買進股數(自行買賣)"":""0"",""自營商賣出股數(自行買賣)"":""0"",""自營商買賣超股數(自行買賣)"":""0"",""自營商買進股數(避險)"":""0"",""自營商賣出股數(避險)"":""0"",""自營商買賣超股數(避險)"":""0"",""三大法人買賣超股數"":""23,000""}"
2026-10-07,TWSE,4133,亞諾法          ,149000,126000,23000,0,0,0,0,0,0,"{""證券代號"":""4133"",""證券名稱"":""亞諾法          "",""外陸資買進股數(不含外資自營商)"":""149,000"",""外陸資賣出股數(不含外資自營商)"":""126,000"",""外陸資買賣超股數(不含外資自營商)"":""23,000"",""外資自營商買進股數"":""0"",""外資自營商賣出股數"":""0"",""外資自營商買賣超股數"":""0"",""投信買進股數"":""0"",""投信賣出股數"":""0"",""投信買賣超股數"":""0"",""自營商買賣超股數"":""0"",""自營商買進股數(自行買賣)"":""2,000"",""自營商賣出股數(自行買賣)"":""2,000"",""自營商買賣超股數(自行買賣)"":""0"",""自營商買進股數(避險)"":""0"",""自營商賣出股數(避險)"":""0"",""自營商買賣超股數(避險)"":""0"",""三大法人買賣超股數"":""23,000""}"
2026-10-07,TWSE,0057,富邦摩台        ,0,0,0,0,0,0,62799,40000,22799,"{""證券代號"":""0057"",""證券名稱"":""富邦摩台        "",""外陸資買進股數(不含外資自營商)"":""0"",""外陸資賣出股數(不含外資自營商)"":""0"",""外陸資買賣超股數(不含外資自營商)"":""0"",""外資自營商買進股數"":""0"",""外資自營商賣出股數"":""0"",""外資自營商買賣超股數"":""0"",""投信買進股數"":""0"",""投信賣出股數"":""0"",""投信買賣超股數"":""0"",""自營商買賣超股數"":""22,799"",""自營商買進股數(自行買賣)"":""0"",""自營商賣出股數(自行買賣)"":""0"",""自營商買賣超股數(自行買賣)"":""0"",""自營商買進股數(避險)"":""62,799"",""自營商賣出股數(避險)"":""40,000"",""自營商買賣超股數(避險)"":""22,799"",""三大法人買賣超股數"":""22,799""}"
2026-10-07,TWSE,2025,千興            ,228000,205763,22237,0,0,0,0,0,0,"{""證券代號"":""2025"",""證券名稱"":""千興            "",""外陸資買進股數(不含外資自營商)"":""228,000"",""外陸資賣出股數(不含外資自營商)"":""205,763"",""外陸資買賣超股數(不含外資自營商)"":""22,237"",""外資自營商買進股數"":""0"",""外資自營商賣出股數"":""0"",""外資自營商買賣超股數"":""0"",""投信買進股數"":""0"",""投信賣出股數"":""0"",""投信買賣超股數"":""0"",""自營商買賣超股數"":""0"",""自營商買進股數(自行買賣)"":""0"",""自營商賣出股數(自行買賣)"":""0"",""自營商買賣超股數(自行買賣)"":""0"",""自營商買進股數(避險)"":""0"",""自營商賣出股數(避險)"":""0"",""自營商買賣超股數(避險)"":""0"",""三大法人買賣超股數"":""22,237""}"
2026-10-07,TWSE,4562,穎漢            ,45010,23000,22010,0,0,0,0,0,102,"{""證券代號"":""4562"",""證券名稱"":""穎漢            "",""外陸資買進股數(不含外資自營商)"":""45,010"",""外陸資賣出股數(不含外資自營商)"":""23,000"",""外陸資買賣超股數(不含外資自營商)"":""22,010"",""外資自營商買進股數"":""0"",""外資自營商賣出股數"":""0"",""外資自營商買賣超股數"":""0"",""投信買進股數"":""0"",""投信賣出股數"":""0"",""投信買賣超股數"":""0"",""自營商買賣超股數"":""102"",""自營商買進股數(自行買賣)"":""102"",""自營商賣出股數(自行買賣)"":""0"",""自營商買賣超股數(自行買賣)"":""102"",""自營商買進股數(避險)"":""0"",""自營商賣出股數(避險)"":""0"",""自營商買賣超股數(避險)"":""0"",""三大法人買賣超股數"":""22,112""}"
2026-10-07,TWSE,1810,和成            ,251231,223000,28231,0,0,0,3000,3168,-6168,"{""證券代號"":""1810"",""證券名稱"":""和成            "",""外陸資買進股數(不含外資自營商)"":""251,231"",""外陸資賣出股數(不含外資自營商)"":""223,000"",""外陸資買賣超股數(不含外資自營商)"":""28,231"",""外資自營商買進股數"":""0"",""外資自營商賣出股數"":""0"",""外資自營商買賣超股數"":""0"",""投信買進股數"":""0"",""投信賣出股數"":""0"",""投信買賣超股數"":""0"",""自營商買賣超股數"":""-6,168"",""自營商買進股數(自行買賣)"":""0"",""自營商賣出股數(自行買賣)"":""6,000"",""自營商買賣超股數(自行買賣)"":""-6,000"",""自營商買進股數(避險)"":""3,000"",""自營商賣出股數(避險)"":""3,168"",""自營商買賣超股數(避險)"":""-168"",""三大法人買賣超股數"":""22,063""}"
2026-10-07,TWSE,7722,LINEPAY         ,48979,25249,23730,0,0,0,179,0,-1821,"{""證券代號"":""7722"",""證券名稱"":""LINEPAY         "",""外陸資買進股數(不含外資自營商)"":""48,979"",""外陸資賣出股數(不含外資自營商)"":""25,249"",""外陸資買賣超股數(不含外資自營商)"":""23,730"",""外資自營商買進股數"":""0"",""外資自營商賣出股數"":""0"",""外資自營商買賣超股數"":""0"",""投信買進股數"":""0"",""投信賣出股數"":""0"",""投信買賣超股數"":""0"",""自營商買賣超股數"":""-1,821"",""自營商買進股數(自行買賣)"":""0"",""自營商賣出股數(自行買賣)"":""2,000"",""自營商買賣超股數(自行買賣)"":""-2,000"",""自營商買進股數(避險)"":""179"",""自營商賣出股數(避險)"":""0"",""自營商買賣超股數(避險)"":""179"",""三大法人買賣超股數"":""21,909""}"
2026-10-07,TWSE,7821,神數            ,24000,2250,21750,0,0,0,0,0,0,"{""證券代號"":""7821"",""證券名稱"":""神數            "",""外陸資買進股數(不含外資自營商)"":""24,000"",""外陸資賣出股數(不含外資自營商)"":""2,250"",""外陸資買賣超股數(不含外資自營商)"":""21,750"",""外資自營商買進股數"":""0"",""外資自營商賣出股數"":""0"",""外資自營商買賣超股數"":""0"",""投信買進股數"":""0"",""投信賣出股數"":""0"",""投信買賣超股數"":""0"",""自營商買賣超股數"":""0"",""自營商買進股數(自行買賣)"":""0"",""自營商賣出股數(自行買賣)"":""0"",""自營商買賣超股數(自行買賣)"":""0"",""自營商買進股數(避險)"":""0"",""自營商賣出股數(避險)"":""0"",""自營商買賣超股數(避險)"":""0"",""三大法人買賣超股數"":""21,750""}"
2026-10-07,TWSE,4720,德淵            ,2545726,2487917,57809,0,0,0,48000,84636,-36636,"{""證券代號"":""4720"",""證券名稱"":""德淵            "",""外陸資買進股數(不含外資自營商)"":""2,545,726"",""外陸資賣出股數(不含外資自營商)"":""2,487,917"",""外陸資買賣超股數(不含外資自營商)"":""57,809"",""外資自營商買進股數"":""0"",""外資自營商賣出股數"":""0"",""外資自營商買賣超股數"":""0"",""投信買進股數"":""0"",""投信賣出股數"":""0"",""投信買賣超股數"":""0"",""自營商買賣超股數"":""-36,636"",""自營商買進股數(自行買賣)"":""0"",""自營商賣出股數(自行買賣)"":""0"",""自營商買賣超股數(自行買賣)"":""0"",""自營商買進股數(避險)"":""48,000"",""自營商賣出股數(避險)"":""84,636"",""自營商買賣超股數(避險)"":""-36,636"",""三大法人買賣超股數"":""21,173""}"
2026-10-07,TWSE,5907,大洋-KY         ,39000,18000,21000,0,0,0,0,0,0,"{""證券代號"":""5907"",""證券名稱"":""大洋-KY         "",""外陸資買進股數(不含外資自營商)"":""39,000"",""外陸資賣出股數(不含外資自營商)"":""18,000"",""外陸資買賣超股數(不含外資自營商)"":""21,000"",""外資自營商買進股數"":""0"",""外資自營商賣出股數"":""0"",""外資自營商買賣超股數"":""0"",""投信買進股數"":""0"",""投信賣出股數"":""0"",""投信買賣超股數"":""0"",""自營商買賣超股數"":""0"",""自營商買進股數(自行買賣)"":""0"",""自營商賣出股數(自行買賣)"":""0"",""自營商買賣超股數(自行買賣)"":""0"",""自營商買進股數(避險)"":""0"",""自營商賣出股數(避險)"":""0"",""自營商買賣超股數(避險)"":""0"",""三大法人買賣超股數"":""21,000""}"
2026-10-07,TWSE,00683L,期元大美元指正2 ,16000,0,16000,0,0,0,105000,100000,5000,"{""證券代號"":""00683L"",""證券名稱"":""期元大美元指正2 "",""外陸資買進股數(不含外資自營商)"":""16,000"",""外陸資賣出股數(不含外資自營商)"":""0"",""外陸資買賣超股數(不含外資自營商)"":""16,000"",""外資自營商買進股數"":""0"",""外資自營商賣出股數"":""0"",""外資自營商買賣超股數"":""0"",""投信買進股數"":""0"",""投信賣出股數"":""0"",""投信買賣超股數"":""0"",""自營商買賣超股數"":""5,000"",""自營商買進股數(自行買賣)"":""0"",""自營商賣出股數(自行買賣)"":""0"",""自營商買賣超股數(自行買賣)"":""0"",""自營商買進股數(避險)"":""105,000"",""自營商賣出股數(避險)"":""100,000"",""自營商買賣超股數(避險)"":""5,000"",""三大法人買賣超股數"":""21,000""}"
2026-10-07,TWSE,3607,谷崧            ,84000,58769,25231,0,0,0,0,0,-5000,"{""證券代號"":""3607"",""證券名稱"":""谷崧            "",""外陸資買進股數(不含外資自營商)"":""84,000"",""外陸資賣出股數(不含外資自營商)"":""58,769"",""外陸資買賣超股數(不含外資自營商)"":""25,231"",""外資自營商買進股數"":""0"",""外資自營商賣出股數"":""0"",""外資自營商買賣超股數"":""0"",""投信買進股數"":""0"",""投信賣出股數"":""0"",""投信買賣超股數"":""0"",""自營商買賣超股數"":""-5,000"",""自營商買進股數(自行買賣)"":""2,000"",""自營商賣出股數(自行買賣)"":""7,000"",""自營商買賣超股數(自行買賣)"":""-5,000"",""自營商買進股數(避險)"":""0"",""自營商賣出股數(避險)"":""0"",""自營商買賣超股數(避險)"":""0"",""三大法人買賣超股數"":""20,231""}"
2026-10-07,TWSE,4137,麗豐-KY         ,38070,17045,21025,0,1015,-1015,0,0,-1000,"{""證券代號"":""4137"",""證券名稱"":""麗豐-KY         "",""外陸資買進股數(不含外資自營商)"":""38,070"",""外陸資賣出股數(不含外資自營商)"":""17,045"",""外陸資買賣超股數(不含外資自營商)"":""21,025"",""外資自營商買進股數"":""0"",""外資自營商賣出股數"":""0"",""外資自營商買賣超股數"":""0"",""投信買進股數"":""0"",""投信賣出股數"":""1,015"",""投信買賣超股數"":""-1,015"",""自營商買賣超股數"":""-1,000"",""自營商買進股數(自行買賣)"":""0"",""自營商賣出股數(自行買賣)"":""1,000"",""自營商買賣超股數(自行買賣)"":""-1,000"",""自營商買進股數(避險)"":""0"",""自營商賣出股數(避險)"":""0"",""自營商買賣超股數(避險)"":""0"",""三大法人買賣超股數"":""19,010""}"
2026-10-07,TWSE,4590,富田-創         ,37000,22000,15000,0,0,0,15001,11000,4001,"{""證券代號"":""4590"",""證券名稱"":""富田-創         "",""外陸資買進股數(不含外資自營商)"":""37,000"",""外陸資賣出股數(不含外資自營商)"":""22,000"",""外陸資買賣超股數(不含外資自營商)"":""15,000"",""外資自營商買進股數"":""0"",""外資自營商賣出股數"":""0"",""外資自營商買賣超股數"":""0"",""投信買進股數"":""0"",""投信賣出股數"":""0"",""投信買賣超股數"":""0"",""自營商買賣超股數"":""4,001"",""自營商買進股數(自行買賣)"":""0"",""自營商賣出股數(自行買賣)"":""0"",""自營商買賣超股數(自行買賣)"":""0"",""自營商買進股數(避險)"":""15,001"",""自營商賣出股數(避險)"":""11,000"",""自營商買賣超股數(避險)"":""4,001"",""三大法人買賣超股數"":""19,001""}"
2026-10-07,TWSE,8429,金麗-KY         ,25000,6000,19000,0,0,0,0,0,0,"{""證券代號"":""8429"",""證券名稱"":""金麗-KY         "",""外陸資買進股數(不含外資自營商)"":""25,000"",""外陸資賣出股數(不含外資自營商)"":""6,000"",""外陸資買賣超股數(不含外資自營商)"":""19,000"",""外資自營商買進股數"":""0"",""外資自營商賣出股數"":""0"",""外資自營商買賣超股數"":""0"",""投信買進股數"":""0"",""投信賣出股數"":""0"",""投信買賣超股數"":""0"",""自營商買賣超股數"":""0"",""自營商買進股數(自行買賣)"":""0"",""自營商賣出股數(自行買賣)"":""0"",""自營商買賣超股數(自行買賣)"":""0"",""自營商買進股數(避險)"":""0"",""自營商賣出股數(避險)"":""0"",""自營商買賣超股數(避險)"":""0"",""三大法人買賣超股數"":""19,000""}"
2026-10-07,TWSE,1342,八貫            ,24830,6010,18820,0,0,0,0,0,0,"{""證券代號"":""1342"",""證券名稱"":""八貫            "",""外陸資買進股數(不含外資自營商)"":""24,830"",""外陸資賣出股數(不含外資自營商)"":""6,010"",""外陸資買賣超股數(不含外資自營商)"":""18,820"",""外資自營商買進股數"":""0"",""外資自營商賣出股數"":""0"",""外資自營商買賣超股數"":""0"",""投信買進股數"":""0"",""投信賣出股數"":""0"",""投信買賣超股數"":""0"",""自營商買賣超股數"":""0"",""自營商買進股數(自行買賣)"":""0"",""自營商賣出股數(自行買賣)"":""0"",""自營商買賣超股數(自行買賣)"":""0"",""自營商買進股數(避險)"":""0"",""自營商賣出股數(避險)"":""0"",""自營商買賣超股數(避險)"":""0"",""三大法人買賣超股數"":""18,820""}"
2026-10-07,TWSE,3047,訊舟            ,98466,77000,21466,0,0,0,0,0,-3000,"{""證券代號"":""3047"",""證券名稱"":""訊舟            "",""外陸資買進股數(不含外資自營商)"":""98,466"",""外陸資賣出股數(不含外資自營商)"":""77,000"",""外陸資買賣超股數(不含外資自營商)"":""21,466"",""外資自營商買進股數"":""0"",""外資自營商賣出股數"":""0"",""外資自營商買賣超股數"":""0"",""投信買進股數"":""0"",""投信賣出股數"":""0"",""投信買賣超股數"":""0"",""自營商買賣超股數"":""-3,000"",""自營商買進股數(自行買賣)"":""0"",""自營商賣出股數(自行買賣)"":""3,000"",""自營商買賣超股數(自行買賣)"":""-3,000"",""自營商買進股數(避險)"":""0"",""自營商賣出股數(避險)"":""0"",""自營商買賣超股數(避險)"":""0"",""三大法人買賣超股數"":""18,466""}"
2026-10-07,TWSE,4588,玖鼎電力        ,21000,3000,18000,0,0,0,0,0,173,"{""證券代號"":""4588"",""證券名稱"":""玖鼎電力        "",""外陸資買進股數(不含外資自營商)"":""21,000"",""外陸資賣出股數(不含外資自營商)"":""3,000"",""外陸資買賣超股數(不含外資自營商)"":""18,000"",""外資自營商買進股數"":""0"",""外資自營商賣出股數"":""0"",""外資自營商買賣超股數"":""0"",""投信買進股數"":""0"",""投信賣出股數"":""0"",""投信買賣超股數"":""0"",""自營商買賣超股數"":""173"",""自營商買進股數(自行買賣)"":""173"",""自營商賣出股數(自行買賣)"":""0"",""自營商買賣超股數(自行買賣)"":""173"",""自營商買進股數(避險)"":""0"",""自營商賣出股數(避險)"":""0"",""自營商買賣超股數(避險)"":""0"",""三大法人買賣超股數"":""18,173""}"
2026-10-07,TWSE,3002,歐格            ,23089,5000,18089,0,0,0,0,0,0,"{""證券代號"":""3002"",""證券名稱"":""歐格            "",""外陸資買進股數(不含外資自營商)"":""23,089"",""外陸資賣出股數(不含外資自營商)"":""5,000"",""外陸資買賣超股數(不含外資自營商)"":""18,089"",""外資自營商買進股數"":""0"",""外資自營商賣出股數"":""0"",""外資自營商買賣超股數"":""0"",""投信買進股數"":""0"",""投信賣出股數"":""0"",""投信買賣超股數"":""0"",""自營商買賣超股數"":""0"",""自營商買進股數(自行買賣)"":""0"",""自營商賣出股數(自行買賣)"":""0"",""自營商買賣超股數(自行買賣)"":""0"",""自營商買進股數(避險)"":""0"",""自營商賣出股數(避險)"":""0"",""自營商買賣超股數(避險)"":""0"",""三大法人買賣超股數"":""18,089""}"
2026-10-07,TWSE,0051,元大中型100     ,20,0,20,0,0,0,17000,0,18000,"{""證券代號"":""0051"",""證券名稱"":""元大中型100     "",""外陸資買進股數(不含外資自營商)"":""20"",""外陸資賣出股數(不含外資自營商)"":""0"",""外陸資買賣超股數(不含外資自營商)"":""20"",""外資自營商買進股數"":""0"",""外資自營商賣出股數"":""0"",""外資自營商買賣超股數"":""0"",""投信買進股數"":""0"",""投信賣出股數"":""0"",""投信買賣超股數"":""0"",""自營商買賣超股數"":""18,000"",""自營商買進股數(自行買賣)"":""1,000"",""自營商賣出股數(自行買賣)"":""0"",""自營商買賣超股數(自行買賣)"":""1,000"",""自營商買進股數(避險)"":""17,000"",""自營商賣出股數(避險)"":""0"",""自營商買賣超股數(避險)"":""17,000"",""三大法人買賣超股數"":""18,020""}"
2026-10-07,TWSE,2440,太空梭          ,45000,27000,18000,0,0,0,0,0,0,"{""證券代號"":""2440"",""證券名稱"":""太空梭          "",""外陸資買進股數(不含外資自營商)"":""45,000"",""外陸資賣出股數(不含外資自營商)"":""27,000"",""外陸資買賣超股數(不含外資自營商)"":""18,000"",""外資自營商買進股數"":""0"",""外資自營商賣出股數"":""0"",""外資自營商買賣超股數"":""0"",""投信買進股數"":""0"",""投信賣出股數"":""0"",""投信買賣超股數"":""0"",""自營商買賣超股數"":""0"",""自營商買進股數(自行買賣)"":""0"",""自營商賣出股數(自行買賣)"":""0"",""自營商買賣超股數(自行買賣)"":""0"",""自營商買進股數(避險)"":""0"",""自營商賣出股數(避險)"":""0"",""自營商買賣超股數(避險)"":""0"",""三大法人買賣超股數"":""18,000""}"
2026-10-07,TWSE,6606,建德工業        ,42000,25000,17000,0,0,0,0,0,1000,"{""證券代號"":""6606"",""證券名稱"":""建德工業        "",""外陸資買進股數(不含外資自營商)"":""42,000"",""外陸資賣出股數(不含外資自營商)"":""25,000"",""外陸資買賣超股數(不含外資自營商)"":""17,000"",""外資自營商買進股數"":""0"",""外資自營商賣出股數"":""0"",""外資自營商買賣超股數"":""0"",""投信買進股數"":""0"",""投信賣出股數"":""0"",""投信買賣超股數"":""0"",""自營商買賣超股數"":""1,000"",""自營商買進股數(自行買賣)"":""4,000"",""自營商賣出股數(自行買賣)"":""3,000"",""自營商買賣超股數(自行買賣)"":""1,000"",""自營商買進股數(避險)"":""0"",""自營商賣出股數(避險)"":""0"",""自營商買賣超股數(避險)"":""0"",""三大法人買賣超股數"":""18,000""}"
2026-10-07,TWSE,2414,精技            ,47598,30006,17592,0,0,0,0,0,0,"{""證券代號"":""2414"",""證券名稱"":""精技            "",""外陸資買進股數(不含外資自營商)"":""47,598"",""外陸資賣出股數(不含外資自營商)"":""30,006"",""外陸資買賣超股數(不含外資自營商)"":""17,592"",""外資自營商買進股數"":""0"",""外資自營商賣出股數"":""0"",""外資自營商買賣超股數"":""0"",""投信買進股數"":""0"",""投信賣出股數"":""0"",""投信買賣超股數"":""0"",""自營商買賣超股數"":""0"",""自營商買進股數(自行買賣)"":""0"",""自營商賣出股數(自行買賣)"":""0"",""自營商買賣超股數(自行買賣)"":""0"",""自營商買進股數(避險)"":""0"",""自營商賣出股數(避險)"":""0"",""自營商買賣超股數(避險)"":""0"",""三大法人買賣超股數"":""17,592""}"
2026-10-07,TWSE,6438,迅得            ,127575,94005,33570,0,0,0,0,17000,-16000,"{""證券代號"":""6438"",""證券名稱"":""迅得            "",""外陸資買進股數(不含外資自營商)"":""127,575"",""外陸資賣出股數(不含外資自營商)"":""94,005"",""外陸資買賣超股數(不含外資自營商)"":""33,570"",""外資自營商買進股數"":""0"",""外資自營商賣出股數"":""0"",""外資自營商買賣超股數"":""0"",""投信買進股數"":""0"",""投信賣出股數"":""0"",""投信買賣超股數"":""0"",""自營商買賣超股數"":""-16,000"",""自營商買進股數(自行買賣)"":""1,000"",""自營商賣出股數(自行買賣)"":""0"",""自營商買賣超股數(自行買賣)"":""1,000"",""自營商買進股數(避險)"":""0"",""自營商賣出股數(避險)"":""17,000"",""自營商買賣超股數(避險)"":""-17,000"",""三大法人買賣超股數"":""17,570""}"
2026-10-07,TWSE,006205,富邦上証        ,1000,255000,-254000,0,0,0,374000,102933,271067,"{""證券代號"":""006205"",""證券名稱"":""富邦上証        "",""外陸資買進股數(不含外資自營商)"":""1,000"",""外陸資賣出股數(不含外資自營商)"":""255,000"",""外陸資買賣超股數(不含外資自營商)"":""-254,000"",""外資自營商買進股數"":""0"",""外資自營商賣出股數"":""0"",""外資自營商買賣超股數"":""0"",""投信買進股數"":""0"",""投信賣出股數"":""0"",""投信買賣超股數"":""0"",""自營商買賣超股數"":""271,067"",""自營商買進股數(自行買賣)"":""0"",""自營商賣出股數(自行買賣)"":""0"",""自營商買賣超股數(自行買賣)"":""0"",""自營商買進股數(避險)"":""374,000"",""自營商賣出股數(避險)"":""102,933"",""自營商買賣超股數(避險)"":""271,067"",""三大法人買賣超股數"":""17,067""}"
2026-10-07,TWSE,7818,溢泰實業        ,16000,6000,10000,0,0,0,0,0,7000,"{""證券代號"":""7818"",""證券名稱"":""溢泰實業        "",""外陸資買進股數(不含外資自營商)"":""16,000"",""外陸資賣出股數(不含外資自營商)"":""6,000"",""外陸資買賣超股數(不含外資自營商)"":""10,000"",""外資自營商買進股數"":""0"",""外資自營商賣出股數"":""0"",""外資自營商買賣超股數"":""0"",""投信買進股數"":""0"",""投信賣出股數"":""0"",""投信買賣超股數"":""0"",""自營商買賣超股數"":""7,000"",""自營商買進股數(自行買賣)"":""7,000"",""自營商賣出股數(自行買賣)"":""0"",""自營商買賣超股數(自行買賣)"":""7,000"",""自營商買進股數(避險)"":""0"",""自營商賣出股數(避險)"":""0"",""自營商買賣超股數(避險)"":""0"",""三大法人買賣超股數"":""17,000""}"
2026-10-07,TWSE,6916,華凌            ,23000,6000,17000,0,0,0,0,0,0,"{""證券代號"":""6916"",""證券名稱"":""華凌            "",""外陸資買進股數(不含外資自營商)"":""23,000"",""外陸資賣出股數(不含外資自營商)"":""6,000"",""外陸資買賣超股數(不含外資自營商)"":""17,000"",""外資自營商買進股數"":""0"",""外資自營商賣出股數"":""0"",""外資自營商買賣超股數"":""0"",""投信買進股數"":""0"",""投信賣出股數"":""0"",""投信買賣超股數"":""0"",""自營商買賣超股數"":""0"",""自營商買進股數(自行買賣)"":""0"",""自營商賣出股數(自行買賣)"":""0"",""自營商買賣超股數(自行買賣)"":""0"",""自營商買進股數(避險)"":""0"",""自營商賣出股數(避險)"":""0"",""自營商買賣超股數(避險)"":""0"",""三大法人買賣超股數"":""17,000""}"
2026-10-07,TWSE,1445,大宇            ,43000,25000,18000,0,0,0,0,0,-1000,"{""證券代號"":""1445"",""證券名稱"":""大宇            "",""外陸資買進股數(不含外資自營商)"":""43,000"",""外陸資賣出股數(不含外資自營商)"":""25,000"",""外陸資買賣超股數(不含外資自營商)"":""18,000"",""外資自營商買進股數"":""0"",""外資自營商賣出股數"":""0"",""外資自營商買賣超股數"":""0"",""投信買進股數"":""0"",""投信賣出股數"":""0"",""投信買賣超股數"":""0"",""自營商買賣超股數"":""-1,000"",""自營商買進股數(自行買賣)"":""2,000"",""自營商賣出股數(自行買賣)"":""3,000"",""自營商買賣超股數(自行買賣)"":""-1,000"",""自營商買進股數(避險)"":""0"",""自營商賣出股數(避險)"":""0"",""自營商買賣超股數(避險)"":""0"",""三大法人買賣超股數"":""17,000""}"
2026-10-07,TWSE,4557,永新-KY         ,17000,0,17000,0,0,0,0,0,0,"{""證券代號"":""4557"",""證券名稱"":""永新-KY         "",""外陸資買進股數(不含外資自營商)"":""17,000"",""外陸資賣出股數(不含外資自營商)"":""0"",""外陸資買賣超股數(不含外資自營商)"":""17,000"",""外資自營商買進股數"":""0"",""外資自營商賣出股數"":""0"",""外資自營商買賣超股數"":""0"",""投信買進股數"":""0"",""投信賣出股數"":""0"",""投信買賣超股數"":""0"",""自營商買賣超股數"":""0"",""自營商買進股數(自行買賣)"":""0"",""自營商賣出股數(自行買賣)"":""0"",""自營商買賣超股數(自行買賣)"":""0"",""自營商買進股數(避險)"":""0"",""自營商賣出股數(避險)"":""0"",""自營商買賣超股數(避險)"":""0"",""三大法人買賣超股數"":""17,000""}"
2026-10-07,TWSE,3416,融程電          ,53012,38000,15012,0,0,0,1500,534,1966,"{""證券代號"":""3416"",""證券名稱"":""融程電          "",""外陸資買進股數(不含外資自營商)"":""53,012"",""外陸資賣出股數(不含外資自營商)"":""38,000"",""外陸資買賣超股數(不含外資自營商)"":""15,012"",""外資自營商買進股數"":""0"",""外資自營商賣出股數"":""0"",""外資自營商買賣超股數"":""0"",""投信買進股數"":""0"",""投信賣出股數"":""0"",""投信買賣超股數"":""0"",""自營商買賣超股數"":""1,966"",""自營商買進股數(自行買賣)"":""1,000"",""自營商賣出股數(自行買賣)"":""0"",""自營商買賣超股數(自行買賣)"":""1,000"",""自營商買進股數(避險)"":""1,500"",""自營商賣出股數(避險)"":""534"",""自營商買賣超股數(避險)"":""966"",""三大法人買賣超股數"":""16,978""}"
2026-10-07,TWSE,6189,豐藝            ,57000,46000,11000,0,3437,-3437,228,0,9228,"{""證券代號"":""6189"",""證券名稱"":""豐藝            "",""外陸資買進股數(不含外資自營商)"":""57,000"",""外陸資賣出股數(不含外資自營商)"":""46,000"",""外陸資買賣超股數(不含外資自營商)"":""11,000"",""外資自營商買進股數"":""0"",""外資自營商賣出股數"":""0"",""外資自營商買賣超股數"":""0"",""投信買進股數"":""0"",""投信賣出股數"":""3,437"",""投信買賣超股數"":""-3,437"",""自營商買賣超股數"":""9,228"",""自營商買進股數(自行買賣)"":""9,000"",""自營商賣出股數(自行買賣)"":""0"",""自營商買賣超股數(自行買賣)"":""9,000"",""自營商買進股數(避險)"":""228"",""自營商賣出股數(避險)"":""0"",""自營商買賣超股數(避險)"":""228"",""三大法人買賣超股數"":""16,791""}"
2026-10-07,TWSE,6405,悅城            ,255083,238070,17013,0,0,0,3000,3659,-659,"{""證券代號"":""6405"",""證券名稱"":""悅城            "",""外陸資買進股數(不含外資自營商)"":""255,083"",""外陸資賣出股數(不含外資自營商)"":""238,070"",""外陸資買賣超股數(不含外資自營商)"":""17,013"",""外資自營商買進股數"":""0"",""外資自營商賣出股數"":""0"",""外資自營商買賣超股數"":""0"",""投信買進股數"":""0"",""投信賣出股數"":""0"",""投信買賣超股數"":""0"",""自營商買賣超股數"":""-659"",""自營商買進股數(自行買賣)"":""0"",""自營商賣出股數(自行買賣)"":""0"",""自營商買賣超股數(自行買賣)"":""0"",""自營商買進股數(避險)"":""3,000"",""自營商賣出股數(避險)"":""3,659"",""自營商買賣超股數(避險)"":""-659"",""三大法人買賣超股數"":""16,354""}"
2026-10-07,TWSE,9940,信義            ,64870,48000,16870,0,0,0,399,1018,-619,"{""證券代號"":""9940"",""證券名稱"":""信義            "",""外陸資買進股數(不含外資自營商)"":""64,870"",""外陸資賣出股數(不含外資自營商)"":""48,000"",""外陸資買賣超股數(不含外資自營商)"":""16,870"",""外資自營商買進股數"":""0"",""外資自營商賣出股數"":""0"",""外資自營商買賣超股數"":""0"",""投信買進股數"":""0"",""投信賣出股數"":""0"",""投信買賣超股數"":""0"",""自營商買賣超股數"":""-619"",""自營商買進股數(自行買賣)"":""0"",""自營商賣出股數(自行買賣)"":""0"",""自營商買賣超股數(自行買賣)"":""0"",""自營商買進股數(避險)"":""399"",""自營商賣出股數(避險)"":""1,018"",""自營商買賣超股數(避險)"":""-619"",""三大法人買賣超股數"":""16,251""}"
2026-10-07,TWSE,00674R,期元大S&P黃金反1,0,0,0,0,0,0,42320,26304,16016,"{""證券代號"":""00674R"",""證券名稱"":""期元大S&P黃金反1"",""外陸資買進股數(不含外資自營商)"":""0"",""外陸資賣出股數(不含外資自營商)"":""0"",""外陸資買賣超股數(不含外資自營商)"":""0"",""外資自營商買進股數"":""0"",""外資自營商賣出股數"":""0"",""外資自營商買賣超股數"":""0"",""投信買進股數"":""0"",""投信賣出股數"":""0"",""投信買賣超股數"":""0"",""自營商買賣超股數"":""16,016"",""自營商買進股數(自行買賣)"":""0"",""自營商賣出股數(自行買賣)"":""0"",""自營商買賣超股數(自行買賣)"":""0"",""自營商買進股數(避險)"":""42,320"",""自營商賣出股數(避險)"":""26,304"",""自營商買賣超股數(避險)"":""16,016"",""三大法人買賣超股數"":""16,016""}"
2026-10-07,TWSE,1540,喬福            ,26000,10000,16000,0,0,0,0,0,0,"{""證券代號"":""1540"",""證券名稱"":""喬福            "",""外陸資買進股數(不含外資自營商)"":""26,000"",""外陸資賣出股數(不含外資自營商)"":""10,000"",""外陸資買賣超股數(不含外資自營商)"":""16,000"",""外資自營商買進股數"":""0"",""外資自營商賣出股數"":""0"",""外資自營商買賣超股數"":""0"",""投信買進股數"":""0"",""投信賣出股數"":""0"",""投信買賣超股數"":""0"",""自營商買賣超股數"":""0"",""自營商買進股數(自行買賣)"":""0"",""自營商賣出股數(自行買賣)"":""0"",""自營商買賣超股數(自行買賣)"":""0"",""自營商買進股數(避險)"":""0"",""自營商賣出股數(避險)"":""0"",""自營商買賣超股數(避險)"":""0"",""三大法人買賣超股數"":""16,000""}"
2026-10-07,TWSE,8478,東哥遊艇        ,31000,15000,16000,0,0,0,0,0,-25,"{""證券代號"":""8478"",""證券名稱"":""東哥遊艇        "",""外陸資買進股數(不含外資自營商)"":""31,000"",""外陸資賣出股數(不含外資自營商)"":""15,000"",""外陸資買賣超股數(不含外資自營商)"":""16,000"",""外資自營商買進股數"":""0"",""外資自營商賣出股數"":""0"",""外資自營商買賣超股數"":""0"",""投信買進股數"":""0"",""投信賣出股數"":""0"",""投信買賣超股數"":""0"",""自營商買賣超股數"":""-25"",""自營商買進股數(自行買賣)"":""0"",""自營商賣出股數(自行買賣)"":""25"",""自營商買賣超股數(自行買賣)"":""-25"",""自營商買進股數(避險)"":""0"",""自營商賣出股數(避險)"":""0"",""自營商買賣超股數(避險)"":""0"",""三大法人買賣超股數"":""15,975""}"
2026-10-07,TWSE,2228,劍麟            ,21000,6000,15000,0,0,0,0,0,295,"{""證券代號"":""2228"",""證券名稱"":""劍麟            "",""外陸資買進股數(不含外資自營商)"":""21,000"",""外陸資賣出股數(不含外資自營商)"":""6,000"",""外陸資買賣超股數(不含外資自營商)"":""15,000"",""外資自營商買進股數"":""0"",""外資自營商賣出股數"":""0"",""外資自營商買賣超股數"":""0"",""投信買進股數"":""0"",""投信賣出股數"":""0"",""投信買賣超股數"":""0"",""自營商買賣超股數"":""295"",""自營商買進股數(自行買賣)"":""295"",""自營商賣出股數(自行買賣)"":""0"",""自營商買賣超股數(自行買賣)"":""295"",""自營商買進股數(避險)"":""0"",""自營商賣出股數(避險)"":""0"",""自營商買賣超股數(避險)"":""0"",""三大法人買賣超股數"":""15,295""}"
2026-10-07,TWSE,6863,永道-KY         ,17000,4000,13000,0,0,0,0,0,2279,"{""證券代號"":""6863"",""證券名稱"":""永道-KY         "",""外陸資買進股數(不含外資自營商)"":""17,000"",""外陸資賣出股數(不含外資自營商)"":""4,000"",""外陸資買賣超股數(不含外資自營商)"":""13,000"",""外資自營商買進股數"":""0"",""外資自營商賣出股數"":""0"",""外資自營商買賣超股數"":""0"",""投信買進股數"":""0"",""投信賣出股數"":""0"",""投信買賣超股數"":""0"",""自營商買賣超股數"":""2,279"",""自營商買進股數(自行買賣)"":""2,279"",""自營商賣出股數(自行買賣)"":""0"",""自營商買賣超股數(自行買賣)"":""2,279"",""自營商買進股數(避險)"":""0"",""自營商賣出股數(避險)"":""0"",""自營商買賣超股數(避險)"":""0"",""三大法人買賣超股數"":""15,279""}"
2026-10-07,TWSE,1734,杏輝            ,54227,39000,15227,0,0,0,0,0,0,"{""證券代號"":""1734"",""證券名稱"":""杏輝            "",""外陸資買進股數(不含外資自營商)"":""54,227"",""外陸資賣出股數(不含外資自營商)"":""39,000"",""外陸資買賣超股數(不含外資自營商)"":""15,227"",""外資自營商買進股數"":""0"",""外資自營商賣出股數"":""0"",""外資自營商買賣超股數"":""0"",""投信買進股數"":""0"",""投信賣出股數"":""0"",""投信買賣超股數"":""0"",""自營商買賣超股數"":""0"",""自營商買進股數(自行買賣)"":""0"",""自營商賣出股數(自行買賣)"":""0"",""自營商買賣超股數(自行買賣)"":""0"",""自營商買進股數(避險)"":""0"",""自營商賣出股數(避險)"":""0"",""自營商買賣超股數(避險)"":""0"",""三大法人買賣超股數"":""15,227""}"
2026-10-07,TWSE,6277,宏正            ,38110,30000,8110,0,0,0,0,86,6914,"{""證券代號"":""6277"",""證券名稱"":""宏正            "",""外陸資買進股數(不含外資自營商)"":""38,110"",""外陸資賣出股數(不含外資自營商)"":""30,000"",""外陸資買賣超股數(不含外資自營商)"":""8,110"",""外資自營商買進股數"":""0"",""外資自營商賣出股數"":""0"",""外資自營商買賣超股數"":""0"",""投信買進股數"":""0"",""投信賣出股數"":""0"",""投信買賣超股數"":""0"",""自營商買賣超股數"":""6,914"",""自營商買進股數(自行買賣)"":""7,000"",""自營商賣出股數(自行買賣)"":""0"",""自營商買賣超股數(自行買賣)"":""7,000"",""自營商買進股數(避險)"":""0"",""自營商賣出股數(避險)"":""86"",""自營商買賣超股數(避險)"":""-86"",""三大法人買賣超股數"":""15,024""}"
2026-10-07,TWSE,1315,達新            ,64000,49000,15000,0,0,0,0,0,0,"{""證券代號"":""1315"",""證券名稱"":""達新            "",""外陸資買進股數(不含外資自營商)"":""64,000"",""外陸資賣出股數(不含外資自營商)"":""49,000"",""外陸資買賣超股數(不含外資自營商)"":""15,000"",""外資自營商買進股數"":""0"",""外資自營商賣出股數"":""0"",""外資自營商買賣超股數"":""0"",""投信買進股數"":""0"",""投信賣出股數"":""0"",""投信買賣超股數"":""0"",""自營商買賣超股數"":""0"",""自營商買進股數(自行買賣)"":""0"",""自營商賣出股數(自行買賣)"":""0"",""自營商買賣超股數(自行買賣)"":""0"",""自營商買進股數(避險)"":""0"",""自營商賣出股數(避險)"":""0"",""自營商買賣超股數(避險)"":""0"",""三大法人買賣超股數"":""15,000""}"
2026-10-07,TWSE,3703,欣陸            ,152000,134000,18000,0,0,0,0,0,-3000,"{""證券代號"":""3703"",""證券名稱"":""欣陸            "",""外陸資買進股數(不含外資自營商)"":""152,000"",""外陸資賣出股數(不含外資自營商)"":""134,000"",""外陸資買賣超股數(不含外資自營商)"":""18,000"",""外資自營商買進股數"":""0"",""外資自營商賣出股數"":""0"",""外資自營商買賣超股數"":""0"",""投信買進股數"":""0"",""投信賣出股數"":""0"",""投信買賣超股數"":""0"",""自營商買賣超股數"":""-3,000"",""自營商買進股數(自行買賣)"":""0"",""自營商賣出股數(自行買賣)"":""3,000"",""自營商買賣超股數(自行買賣)"":""-3,000"",""自營商買進股數(避險)"":""0"",""自營商賣出股數(避險)"":""0"",""自營商買賣超股數(避險)"":""0"",""三大法人買賣超股數"":""15,000""}"
2026-10-07,TWSE,2461,光群雷          ,132000,122056,9944,0,0,0,0,0,5000,"{""證券代號"":""2461"",""證券名稱"":""光群雷          "",""外陸資買進股數(不含外資自營商)"":""132,000"",""外陸資賣出股數(不含外資自營商)"":""122,056"",""外陸資買賣超股數(不含外資自營商)"":""9,944"",""外資自營商買進股數"":""0"",""外資自營商賣出股數"":""0"",""外資自營商買賣超股數"":""0"",""投信買進股數"":""0"",""投信賣出股數"":""0"",""投信買賣超股數"":""0"",""自營商買賣超股數"":""5,000"",""自營商買進股數(自行買賣)"":""5,000"",""自營商賣出股數(自行買賣)"":""0"",""自營商買賣超股數(自行買賣)"":""5,000"",""自營商買進股數(避險)"":""0"",""自營商賣出股數(避險)"":""0"",""自營商買賣超股數(避險)"":""0"",""三大法人買賣超股數"":""14,944""}"
2026-10-07,TWSE,8374,羅昇            ,44000,13000,31000,0,0,0,0,324,-16324,"{""證券代號"":""8374"",""證券名稱"":""羅昇            "",""外陸資買進股數(不含外資自營商)"":""44,000"",""外陸資賣出股數(不含外資自營商)"":""13,000"",""外陸資買賣超股數(不含外資自營商)"":""31,000"",""外資自營商買進股數"":""0"",""外資自營商賣出股數"":""0"",""外資自營商買賣超股數"":""0"",""投信買進股數"":""0"",""投信賣出股數"":""0"",""投信買賣超股數"":""0"",""自營商買賣超股數"":""-16,324"",""自營商買進股數(自行買賣)"":""0"",""自營商賣出股數(自行買賣)"":""16,000"",""自營商買賣超股數(自行買賣)"":""-16,000"",""自營商買進股數(避險)"":""0"",""自營商賣出股數(避險)"":""324"",""自營商買賣超股數(避險)"":""-324"",""三大法人買賣超股數"":""14,676""}"
2026-10-07,TWSE,1436,華友聯          ,78060,64000,14060,0,0,0,0,0,0,"{""證券代號"":""1436"",""證券名稱"":""華友聯          "",""外陸資買進股數(不含外資自營商)"":""78,060"",""外陸資賣出股數(不含外資自營商)"":""64,000"",""外陸資買賣超股數(不含外資自營商)"":""14,060"",""外資自營商買進股數"":""0"",""外資自營商賣出股數"":""0"",""外資自營商買賣超股數"":""0"",""投信買進股數"":""0"",""投信賣出股數"":""0"",""投信買賣超股數"":""0"",""自營商買賣超股數"":""0"",""自營商買進股數(自行買賣)"":""0"",""自營商賣出股數(自行買賣)"":""0"",""自營商買賣超股數(自行買賣)"":""0"",""自營商買進股數(避險)"":""0"",""自營商賣出股數(避險)"":""0"",""自營商買賣超股數(避險)"":""0"",""三大法人買賣超股數"":""14,060""}"
2026-10-07,TWSE,2450,神腦            ,20000,6000,14000,0,0,0,0,0,0,"{""證券代號"":""2450"",""證券名稱"":""神腦            "",""外陸資買進股數(不含外資自營商)"":""20,000"",""外陸資賣出股數(不含外資自營商)"":""6,000"",""外陸資買賣超股數(不含外資自營商)"":""14,000"",""外資自營商買進股數"":""0"",""外資自營商賣出股數"":""0"",""外資自營商買賣超股數"":""0"",""投信買進股數"":""0"",""投信賣出股數"":""0"",""投信買賣超股數"":""0"",""自營商買賣超股數"":""0"",""自營商買進股數(自行買賣)"":""0"",""自營商賣出股數(自行買賣)"":""0"",""自營商買賣超股數(自行買賣)"":""0"",""自營商買進股數(避險)"":""0"",""自營商賣出股數(避險)"":""0"",""自營商買賣超股數(避險)"":""0"",""三大法人買賣超股數"":""14,000""}"
2026-10-07,TWSE,1732,毛寶            ,97000,83000,14000,0,0,0,0,0,-4,"{""證券代號"":""1732"",""證券名稱"":""毛寶            "",""外陸資買進股數(不含外資自營商)"":""97,000"",""外陸資賣出股數(不含外資自營商)"":""83,000"",""外陸資買賣超股數(不含外資自營商)"":""14,000"",""外資自營商買進股數"":""0"",""外資自營商賣出股數"":""0"",""外資自營商買賣超股數"":""0"",""投信買進股數"":""0"",""投信賣出股數"":""0"",""投信買賣超股數"":""0"",""自營商買賣超股數"":""-4"",""自營商買進股數(自行買賣)"":""0"",""自營商賣出股數(自行買賣)"":""4"",""自營商買賣超股數(自行買賣)"":""-4"",""自營商買進股數(避險)"":""0"",""自營商賣出股數(避險)"":""0"",""自營商買賣超股數(避險)"":""0"",""三大法人買賣超股數"":""13,996""}"
2026-10-07,TWSE,6192,巨路            ,23210,12780,10430,0,0,0,0,0,3000,"{""證券代號"":""6192"",""證券名稱"":""巨路            "",""外陸資買進股數(不含外資自營商)"":""23,210"",""外陸資賣出股數(不含外資自營商)"":""12,780"",""外陸資買賣超股數(不含外資自營商)"":""10,430"",""外資自營商買進股數"":""0"",""外資自營商賣出股數"":""0"",""外資自營商買賣超股數"":""0"",""投信買進股數"":""0"",""投信賣出股數"":""0"",""投信買賣超股數"":""0"",""自營商買賣超股數"":""3,000"",""自營商買進股數(自行買賣)"":""3,000"",""自營商賣出股數(自行買賣)"":""0"",""自營商買賣超股數(自行買賣)"":""3,000"",""自營商買進股數(避險)"":""0"",""自營商賣出股數(避險)"":""0"",""自營商買賣超股數(避險)"":""0"",""三大法人買賣超股數"":""13,430""}"
2026-10-07,TWSE,2480,敦陽科          ,48416,34015,14401,0,1161,-1161,0,8,70,"{""證券代號"":""2480"",""證券名稱"":""敦陽科          "",""外陸資買進股數(不含外資自營商)"":""48,416"",""外陸資賣出股數(不含外資自營商)"":""34,015"",""外陸資買賣超股數(不含外資自營商)"":""14,401"",""外資自營商買進股數"":""0"",""外資自營商賣出股數"":""0"",""外資自營商買賣超股數"":""0"",""投信買進股數"":""0"",""投信賣出股數"":""1,161"",""投信買賣超股數"":""-1,161"",""自營商買賣超股數"":""70"",""自營商買進股數(自行買賣)"":""1,000"",""自營商賣出股數(自行買賣)"":""922"",""自營商買賣超股數(自行買賣)"":""78"",""自營商買進股數(避險)"":""0"",""自營商賣出股數(避險)"":""8"",""自營商買賣超股數(避險)"":""-8"",""三大法人買賣超股數"":""13,310""}"
2026-10-07,TWSE,1325,恆大            ,479018,465720,13298,0,0,0,0,0,0,"{""證券代號"":""1325"",""證券名稱"":""恆大            "",""外陸資買進股數(不含外資自營商)"":""479,018"",""外陸資賣出股數(不含外資自營商)"":""465,720"",""外陸資買賣超股數(不含外資自營商)"":""13,298"",""外資自營商買進股數"":""0"",""外資自營商賣出股數"":""0"",""外資自營商買賣超股數"":""0"",""投信買進股數"":""0"",""投信賣出股數"":""0"",""投信買賣超股數"":""0"",""自營商買賣超股數"":""0"",""自營商買進股數(自行買賣)"":""0"",""自營商賣出股數(自行買賣)"":""0"",""自營商買賣超股數(自行買賣)"":""0"",""自營商買進股數(避險)"":""0"",""自營商賣出股數(避險)"":""0"",""自營商買賣超股數(避險)"":""0"",""三大法人買賣超股數"":""13,298""}"
2026-10-07,TWSE,7750,新代            ,67056,54000,13056,0,0,0,2462,1492,183,"{""證券代號"":""7750"",""證券名稱"":""新代            "",""外陸資買進股數(不含外資自營商)"":""67,056"",""外陸資賣出股數(不含外資自營商)"":""54,000"",""外陸資買賣超股數(不含外資自營商)"":""13,056"",""外資自營商買進股數"":""0"",""外資自營商賣出股數"":""0"",""外資自營商買賣超股數"":""0"",""投信買進股數"":""0"",""投信賣出股數"":""0"",""投信買賣超股數"":""0"",""自營商買賣超股數"":""183"",""自營商買進股數(自行買賣)"":""1,276"",""自營商賣出股數(自行買賣)"":""2,063"",""自營商買賣超股數(自行買賣)"":""-787"",""自營商買進股數(避險)"":""2,462"",""自營商賣出股數(避險)"":""1,492"",""自營商買賣超股數(避險)"":""970"",""三大法人買賣超股數"":""13,239""}"
2026-10-07,TWSE,2107,厚生            ,247184,234057,13127,0,0,0,0,0,0,"{""證券代號"":""2107"",""證券名稱"":""厚生            "",""外陸資買進股數(不含外資自營商)"":""247,184"",""外陸資賣出股數(不含外資自營商)"":""234,057"",""外陸資買賣超股數(不含外資自營商)"":""13,127"",""外資自營商買進股數"":""0"",""外資自營商賣出股數"":""0"",""外資自營商買賣超股數"":""0"",""投信買進股數"":""0"",""投信賣出股數"":""0"",""投信買賣超股數"":""0"",""自營商買賣超股數"":""0"",""自營商買進股數(自行買賣)"":""0"",""自營商賣出股數(自行買賣)"":""0"",""自營商買賣超股數(自行買賣)"":""0"",""自營商買進股數(避險)"":""0"",""自營商賣出股數(避險)"":""0"",""自營商買賣超股數(避險)"":""0"",""三大法人買賣超股數"":""13,127""}"
2026-10-07,TWSE,1474,弘裕            ,24000,10000,14000,0,0,0,0,0,-1000,"{""證券代號"":""1474"",""證券名稱"":""弘裕            "",""外陸資買進股數(不含外資自營商)"":""24,000"",""外陸資賣出股數(不含外資自營商)"":""10,000"",""外陸資買賣超股數(不含外資自營商)"":""14,000"",""外資自營商買進股數"":""0"",""外資自營商賣出股數"":""0"",""外資自營商買賣超股數"":""0"",""投信買進股數"":""0"",""投信賣出股數"":""0"",""投信買賣超股數"":""0"",""自營商買賣超股數"":""-1,000"",""自營商買進股數(自行買賣)"":""0"",""自營商賣出股數(自行買賣)"":""1,000"",""自營商買賣超股數(自行買賣)"":""-1,000"",""自營商買進股數(避險)"":""0"",""自營商賣出股數(避險)"":""0"",""自營商買賣超股數(避險)"":""0"",""三大法人買賣超股數"":""13,000""}"
2026-10-07,TWSE,6225,天瀚            ,52000,39000,13000,0,0,0,0,0,0,"{""證券代號"":""6225"",""證券名稱"":""天瀚            "",""外陸資買進股數(不含外資自營商)"":""52,000"",""外陸資賣出股數(不含外資自營商)"":""39,000"",""外陸資買賣超股數(不含外資自營商)"":""13,000"",""外資自營商買進股數"":""0"",""外資自營商賣出股數"":""0"",""外資自營商買賣超股數"":""0"",""投信買進股數"":""0"",""投信賣出股數"":""0"",""投信買賣超股數"":""0"",""自營商買賣超股數"":""0"",""自營商買進股數(自行買賣)"":""0"",""自營商賣出股數(自行買賣)"":""0"",""自營商買賣超股數(自行買賣)"":""0"",""自營商買進股數(避險)"":""0"",""自營商賣出股數(避險)"":""0"",""自營商買賣超股數(避險)"":""0"",""三大法人買賣超股數"":""13,000""}"
2026-10-07,TWSE,4560,強信-KY         ,111000,98000,13000,0,0,0,0,0,0,"{""證券代號"":""4560"",""證券名稱"":""強信-KY         "",""外陸資買進股數(不含外資自營商)"":""111,000"",""外陸資賣出股數(不含外資自營商)"":""98,000"",""外陸資買賣超股數(不含外資自營商)"":""13,000"",""外資自營商買進股數"":""0"",""外資自營商賣出股數"":""0"",""外資自營商買賣超股數"":""0"",""投信買進股數"":""0"",""投信賣出股數"":""0"",""投信買賣超股數"":""0"",""自營商買賣超股數"":""0"",""自營商買進股數(自行買賣)"":""0"",""自營商賣出股數(自行買賣)"":""0"",""自營商買賣超股數(自行買賣)"":""0"",""自營商買進股數(避險)"":""0"",""自營商賣出股數(避險)"":""0"",""自營商買賣超股數(避險)"":""0"",""三大法人買賣超股數"":""13,000""}"
2026-10-07,TWSE,4571,鈞興-KY         ,23000,10000,13000,0,0,0,0,0,0,"{""證券代號"":""4571"",""證券名稱"":""鈞興-KY         "",""外陸資買進股數(不含外資自營商)"":""23,000"",""外陸資賣出股數(不含外資自營商)"":""10,000"",""外陸資買賣超股數(不含外資自營商)"":""13,000"",""外資自營商買進股數"":""0"",""外資自營商賣出股數"":""0"",""外資自營商買賣超股數"":""0"",""投信買進股數"":""0"",""投信賣出股數"":""0"",""投信買賣超股數"":""0"",""自營商買賣超股數"":""0"",""自營商買進股數(自行買賣)"":""0"",""自營商賣出股數(自行買賣)"":""0"",""自營商買賣超股數(自行買賣)"":""0"",""自營商買進股數(避險)"":""0"",""自營商賣出股數(避險)"":""0"",""自營商買賣超股數(避險)"":""0"",""三大法人買賣超股數"":""13,000""}"
2026-10-07,TWSE,9930,中聯資源        ,23000,16000,7000,0,0,0,0,7,5993,"{""證券代號"":""9930"",""證券名稱"":""中聯資源        "",""外陸資買進股數(不含外資自營商)"":""23,000"",""外陸資賣出股數(不含外資自營商)"":""16,000"",""外陸資買賣超股數(不含外資自營商)"":""7,000"",""外資自營商買進股數"":""0"",""外資自營商賣出股數"":""0"",""外資自營商買賣超股數"":""0"",""投信買進股數"":""0"",""投信賣出股數"":""0"",""投信買賣超股數"":""0"",""自營商買賣超股數"":""5,993"",""自營商買進股數(自行買賣)"":""6,000"",""自營商賣出股數(自行買賣)"":""0"",""自營商買賣超股數(自行買賣)"":""6,000"",""自營商買進股數(避險)"":""0"",""自營商賣出股數(避險)"":""7"",""自營商買賣超股數(避險)"":""-7"",""三大法人買賣超股數"":""12,993""}"
2026-10-07,TWSE,4968,立積            ,73000,60000,13000,0,0,0,701,1199,-498,"{""證券代號"":""4968"",""證券名稱"":""立積            "",""外陸資買進股數(不含外資自營商)"":""73,000"",""外陸資賣出股數(不含外資自營商)"":""60,000"",""外陸資買賣超股數(不含外資自營商)"":""13,000"",""外資自營商買進股數"":""0"",""外資自營商賣出股數"":""0"",""外資自營商買賣超股數"":""0"",""投信買進股數"":""0"",""投信賣出股數"":""0"",""投信買賣超股數"":""0"",""自營商買賣超股數"":""-498"",""自營商買進股數(自行買賣)"":""0"",""自營商賣出股數(自行買賣)"":""0"",""自營商買賣超股數(自行買賣)"":""0"",""自營商買進股數(避險)"":""701"",""自營商賣出股數(避險)"":""1,199"",""自營商買賣超股數(避險)"":""-498"",""三大法人買賣超股數"":""12,502""}"
2026-10-07,TWSE,1760,寶齡富錦        ,30320,18000,12320,0,0,0,0,0,0,"{""證券代號"":""1760"",""證券名稱"":""寶齡富錦        "",""外陸資買進股數(不含外資自營商)"":""30,320"",""外陸資賣出股數(不含外資自營商)"":""18,000"",""外陸資買賣超股數(不含外資自營商)"":""12,320"",""外資自營商買進股數"":""0"",""外資自營商賣出股數"":""0"",""外資自營商買賣超股數"":""0"",""投信買進股數"":""0"",""投信賣出股數"":""0"",""投信買賣超股數"":""0"",""自營商買賣超股數"":""0"",""自營商買進股數(自行買賣)"":""0"",""自營商賣出股數(自行買賣)"":""0"",""自營商買賣超股數(自行買賣)"":""0"",""自營商買進股數(避險)"":""0"",""自營商賣出股數(避險)"":""0"",""自營商買賣超股數(避險)"":""0"",""三大法人買賣超股數"":""12,320""}"
2026-10-07,TWSE,3596,智易            ,263457,258000,5457,0,0,0,0,5000,6775,"{""證券代號"":""3596"",""證券名稱"":""智易            "",""外陸資買進股數(不含外資自營商)"":""263,457"",""外陸資賣出股數(不含外資自營商)"":""258,000"",""外陸資買賣超股數(不含外資自營商)"":""5,457"",""外資自營商買進股數"":""0"",""外資自營商賣出股數"":""0"",""外資自營商買賣超股數"":""0"",""投信買進股數"":""0"",""投信賣出股數"":""0"",""投信買賣超股數"":""0"",""自營商買賣超股數"":""6,775"",""自營商買進股數(自行買賣)"":""19,000"",""自營商賣出股數(自行買賣)"":""7,225"",""自營商買賣超股數(自行買賣)"":""11,775"",""自營商買進股數(避險)"":""0"",""自營商賣出股數(避險)"":""5,000"",""自營商買賣超股數(避險)"":""-5,000"",""三大法人買賣超股數"":""12,232""}"
2026-10-07,TWSE,00647L,元大S&P500正2   ,0,0,0,0,0,0,13199,1000,12199,"{""證券代號"":""00647L"",""證券名稱"":""元大S&P500正2   "",""外陸資買進股數(不含外資自營商)"":""0"",""外陸資賣出股數(不含外資自營商)"":""0"",""外陸資買賣超股數(不含外資自營商)"":""0"",""外資自營商買進股數"":""0"",""外資自營商賣出股數"":""0"",""外資自營商買賣超股數"":""0"",""投信買進股數"":""0"",""投信賣出股數"":""0"",""投信買賣超股數"":""0"",""自營商買賣超股數"":""12,199"",""自營商買進股數(自行買賣)"":""0"",""自營商賣出股數(自行買賣)"":""0"",""自營商買賣超股數(自行買賣)"":""0"",""自營商買進股數(避險)"":""13,199"",""自營商賣出股數(避險)"":""1,000"",""自營商買賣超股數(避險)"":""12,199"",""三大法人買賣超股數"":""12,199""}"
2026-10-07,TWSE,2233,宇隆            ,64150,52000,12150,0,0,0,6000,6000,0,"{""證券代號"":""2233"",""證券名稱"":""宇隆            "",""外陸資買進股數(不含外資自營商)"":""64,150"",""外陸資賣出股數(不含外資自營商)"":""52,000"",""外陸資買賣超股數(不含外資自營商)"":""12,150"",""外資自營商買進股數"":""0"",""外資自營商賣出股數"":""0"",""外資自營商買賣超股數"":""0"",""投信買進股數"":""0"",""投信賣出股數"":""0"",""投信買賣超股數"":""0"",""自營商買賣超股數"":""0"",""自營商買進股數(自行買賣)"":""0"",""自營商賣出股數(自行買賣)"":""0"",""自營商買賣超股數(自行買賣)"":""0"",""自營商買進股數(避險)"":""6,000"",""自營商賣出股數(避險)"":""6,000"",""自營商買賣超股數(避險)"":""0"",""三大法人買賣超股數"":""12,150""}"
2026-10-07,TWSE,2007,燁興            ,19000,7000,12000,0,0,0,0,0,0,"{""證券代號"":""2007"",""證券名稱"":""燁興            "",""外陸資買進股數(不含外資自營商)"":""19,000"",""外陸資賣出股數(不含外資自營商)"":""7,000"",""外陸資買賣超股數(不含外資自營商)"":""12,000"",""外資自營商買進股數"":""0"",""外資自營商賣出股數"":""0"",""外資自營商買賣超股數"":""0"",""投信買進股數"":""0"",""投信賣出股數"":""0"",""投信買賣超股數"":""0"",""自營商買賣超股數"":""0"",""自營商買進股數(自行買賣)"":""0"",""自營商賣出股數(自行買賣)"":""0"",""自營商買賣超股數(自行買賣)"":""0"",""自營商買進股數(避險)"":""0"",""自營商賣出股數(避險)"":""0"",""自營商買賣超股數(避險)"":""0"",""三大法人買賣超股數"":""12,000""}"
2026-10-07,TWSE,2501,國建            ,652727,639100,13627,0,2000,-2000,284,2,282,"{""證券代號"":""2501"",""證券名稱"":""國建            "",""外陸資買進股數(不含外資自營商)"":""652,727"",""外陸資賣出股數(不含外資自營商)"":""639,100"",""外陸資買賣超股數(不含外資自營商)"":""13,627"",""外資自營商買進股數"":""0"",""外資自營商賣出股數"":""0"",""外資自營商買賣超股數"":""0"",""投信買進股數"":""0"",""投信賣出股數"":""2,000"",""投信買賣超股數"":""-2,000"",""自營商買賣超股數"":""282"",""自營商買進股數(自行買賣)"":""0"",""自營商賣出股數(自行買賣)"":""0"",""自營商買賣超股數(自行買賣)"":""0"",""自營商買進股數(避險)"":""284"",""自營商賣出股數(避險)"":""2"",""自營商買賣超股數(避險)"":""282"",""三大法人買賣超股數"":""11,909""}"
2026-10-07,TWSE,1735,日勝化          ,76000,69000,7000,0,0,0,8000,7139,4861,"{""證券代號"":""1735"",""證券名稱"":""日勝化          "",""外陸資買進股數(不含外資自營商)"":""76,000"",""外陸資賣出股數(不含外資自營商)"":""69,000"",""外陸資買賣超股數(不含外資自營商)"":""7,000"",""外資自營商買進股數"":""0"",""外資自營商賣出股數"":""0"",""外資自營商買賣超股數"":""0"",""投信買進股數"":""0"",""投信賣出股數"":""0"",""投信買賣超股數"":""0"",""自營商買賣超股數"":""4,861"",""自營商買進股數(自行買賣)"":""4,000"",""自營商賣出股數(自行買賣)"":""0"",""自營商買賣超股數(自行買賣)"":""4,000"",""自營商買進股數(避險)"":""8,000"",""自營商賣出股數(避險)"":""7,139"",""自營商買賣超股數(避險)"":""861"",""三大法人買賣超股數"":""11,861""}"
2026-10-07,TWSE,2534,宏盛            ,90000,79000,11000,0,0,0,0,0,0,"{""證券代號"":""2534"",""證券名稱"":""宏盛            "",""外陸資買進股數(不含外資自營商)"":""90,000"",""外陸資賣出股數(不含外資自營商)"":""79,000"",""外陸資買賣超股數(不含外資自營商)"":""11,000"",""外資自營商買進股數"":""0"",""外資自營商賣出股數"":""0"",""外資自營商買賣超股數"":""0"",""投信買進股數"":""0"",""投信賣出股數"":""0"",""投信買賣超股數"":""0"",""自營商買賣超股數"":""0"",""自營商買進股數(自行買賣)"":""0"",""自營商賣出股數(自行買賣)"":""0"",""自營商買賣超股數(自行買賣)"":""0"",""自營商買進股數(避險)"":""0"",""自營商賣出股數(避險)"":""0"",""自營商買賣超股數(避險)"":""0"",""三大法人買賣超股數"":""11,000""}"
2026-10-07,TWSE,8222,寶一            ,66000,55000,11000,0,0,0,0,0,0,"{""證券代號"":""8222"",""證券名稱"":""寶一            "",""外陸資買進股數(不含外資自營商)"":""66,000"",""外陸資賣出股數(不含外資自營商)"":""55,000"",""外陸資買賣超股數(不含外資自營商)"":""11,000"",""外資自營商買進股數"":""0"",""外資自營商賣出股數"":""0"",""外資自營商買賣超股數"":""0"",""投信買進股數"":""0"",""投信賣出股數"":""0"",""投信買賣超股數"":""0"",""自營商買賣超股數"":""0"",""自營商買進股數(自行買賣)"":""1,000"",""自營商賣出股數(自行買賣)"":""1,000"",""自營商買賣超股數(自行買賣)"":""0"",""自營商買進股數(避險)"":""0"",""自營商賣出股數(避險)"":""0"",""自營商買賣超股數(避險)"":""0"",""三大法人買賣超股數"":""11,000""}"
2026-10-07,TWSE,4583,台灣精銳        ,25000,14000,11000,0,0,0,0,0,0,"{""證券代號"":""4583"",""證券名稱"":""台灣精銳        "",""外陸資買進股數(不含外資自營商)"":""25,000"",""外陸資賣出股數(不含外資自營商)"":""14,000"",""外陸資買賣超股數(不含外資自營商)"":""11,000"",""外資自營商買進股數"":""0"",""外資自營商賣出股數"":""0"",""外資自營商買賣超股數"":""0"",""投信買進股數"":""0"",""投信賣出股數"":""0"",""投信買賣超股數"":""0"",""自營商買賣超股數"":""0"",""自營商買進股數(自行買賣)"":""0"",""自營商賣出股數(自行買賣)"":""0"",""自營商買賣超股數(自行買賣)"":""0"",""自營商買進股數(避險)"":""0"",""自營商賣出股數(避險)"":""0"",""自營商買賣超股數(避險)"":""0"",""三大法人買賣超股數"":""11,000""}"
2026-10-07,TWSE,1321,大洋            ,16000,8000,8000,0,0,0,0,0,3000,"{""證券代號"":""1321"",""證券名稱"":""大洋            "",""外陸資買進股數(不含外資自營商)"":""16,000"",""外陸資賣出股數(不含外資自營商)"":""8,000"",""外陸資買賣超股數(不含外資自營商)"":""8,000"",""外資自營商買進股數"":""0"",""外資自營商賣出股數"":""0"",""外資自營商買賣超股數"":""0"",""投信買進股數"":""0"",""投信賣出股數"":""0"",""投信買賣超股數"":""0"",""自營商買賣超股數"":""3,000"",""自營商買進股數(自行買賣)"":""3,000"",""自營商賣出股數(自行買賣)"":""0"",""自營商買賣超股數(自行買賣)"":""3,000"",""自營商買進股數(避險)"":""0"",""自營商賣出股數(避險)"":""0"",""自營商買賣超股數(避險)"":""0"",""三大法人買賣超股數"":""11,000""}"
2026-10-07,TWSE,6573,虹揚-KY         ,36000,23000,13000,0,0,0,0,0,-2000,"{""證券代號"":""6573"",""證券名稱"":""虹揚-KY         "",""外陸資買進股數(不含外資自營商)"":""36,000"",""外陸資賣出股數(不含外資自營商)"":""23,000"",""外陸資買賣超股數(不含外資自營商)"":""13,000"",""外資自營商買進股數"":""0"",""外資自營商賣出股數"":""0"",""外資自營商買賣超股數"":""0"",""投信買進股數"":""0"",""投信賣出股數"":""0"",""投信買賣超股數"":""0"",""自營商買賣超股數"":""-2,000"",""自營商買進股數(自行買賣)"":""0"",""自營商賣出股數(自行買賣)"":""2,000"",""自營商買賣超股數(自行買賣)"":""-2,000"",""自營商買進股數(避險)"":""0"",""自營商賣出股數(避險)"":""0"",""自營商買賣超股數(避險)"":""0"",""三大法人買賣超股數"":""11,000""}"
2026-10-07,TWSE,3679,新至陞          ,16097,2000,14097,0,474,-474,0,0,-3000,"{""證券代號"":""3679"",""證券名稱"":""新至陞          "",""外陸資買進股數(不含外資自營商)"":""16,097"",""外陸資賣出股數(不含外資自營商)"":""2,000"",""外陸資買賣超股數(不含外資自營商)"":""14,097"",""外資自營商買進股數"":""0"",""外資自營商賣出股數"":""0"",""外資自營商買賣超股數"":""0"",""投信買進股數"":""0"",""投信賣出股數"":""474"",""投信買賣超股數"":""-474"",""自營商買賣超股數"":""-3,000"",""自營商買進股數(自行買賣)"":""0"",""自營商賣出股數(自行買賣)"":""3,000"",""自營商買賣超股數(自行買賣)"":""-3,000"",""自營商買進股數(避險)"":""0"",""自營商賣出股數(避險)"":""0"",""自營商買賣超股數(避險)"":""0"",""三大法人買賣超股數"":""10,623""}"
2026-10-07,TWSE,00983D,主動富邦複合收益,277000,0,277000,0,0,0,142170,408724,-266554,"{""證券代號"":""00983D"",""證券名稱"":""主動富邦複合收益"",""外陸資買進股數(不含外資自營商)"":""277,000"",""外陸資賣出股數(不含外資自營商)"":""0"",""外陸資買賣超股數(不含外資自營商)"":""277,000"",""外資自營商買進股數"":""0"",""外資自營商賣出股數"":""0"",""外資自營商買賣超股數"":""0"",""投信買進股數"":""0"",""投信賣出股數"":""0"",""投信買賣超股數"":""0"",""自營商買賣超股數"":""-266,554"",""自營商買進股數(自行買賣)"":""0"",""自營商賣出股數(自行買賣)"":""0"",""自營商買賣超股數(自行買賣)"":""0"",""自營商買進股數(避險)"":""142,170"",""自營商賣出股數(避險)"":""408,724"",""自營商買賣超股數(避險)"":""-266,554"",""三大法人買賣超股數"":""10,446""}"
2026-10-07,TWSE,1339,昭輝            ,19000,8000,11000,0,0,0,0,0,-624,"{""證券代號"":""1339"",""證券名稱"":""昭輝            "",""外陸資買進股數(不含外資自營商)"":""19,000"",""外陸資賣出股數(不含外資自營商)"":""8,000"",""外陸資買賣超股數(不含外資自營商)"":""11,000"",""外資自營商買進股數"":""0"",""外資自營商賣出股數"":""0"",""外資自營商買賣超股數"":""0"",""投信買進股數"":""0"",""投信賣出股數"":""0"",""投信買賣超股數"":""0"",""自營商買賣超股數"":""-624"",""自營商買進股數(自行買賣)"":""376"",""自營商賣出股數(自行買賣)"":""1,000"",""自營商買賣超股數(自行買賣)"":""-624"",""自營商買進股數(避險)"":""0"",""自營商賣出股數(避險)"":""0"",""自營商買賣超股數(避險)"":""0"",""三大法人買賣超股數"":""10,376""}"
2026-10-07,TWSE,6782,視陽            ,65000,39050,25950,0,15000,-15000,0,685,-685,"{""證券代號"":""6782"",""證券名稱"":""視陽            "",""外陸資買進股數(不含外資自營商)"":""65,000"",""外陸資賣出股數(不含外資自營商)"":""39,050"",""外陸資買賣超股數(不含外資自營商)"":""25,950"",""外資自營商買進股數"":""0"",""外資自營商賣出股數"":""0"",""外資自營商買賣超股數"":""0"",""投信買進股數"":""0"",""投信賣出股數"":""15,000"",""投信買賣超股數"":""-15,000"",""自營商買賣超股數"":""-685"",""自營商買進股數(自行買賣)"":""0"",""自營商賣出股數(自行買賣)"":""0"",""自營商買賣超股數(自行買賣)"":""0"",""自營商買進股數(避險)"":""0"",""自營商賣出股數(避險)"":""685"",""自營商買賣超股數(避險)"":""-685"",""三大法人買賣超股數"":""10,265""}"
2026-10-07,TWSE,1587,吉茂            ,20000,9000,11000,0,0,0,0,0,-848,"{""證券代號"":""1587"",""證券名稱"":""吉茂            "",""外陸資買進股數(不含外資自營商)"":""20,000"",""外陸資賣出股數(不含外資自營商)"":""9,000"",""外陸資買賣超股數(不含外資自營商)"":""11,000"",""外資自營商買進股數"":""0"",""外資自營商賣出股數"":""0"",""外資自營商買賣超股數"":""0"",""投信買進股數"":""0"",""投信賣出股數"":""0"",""投信買賣超股數"":""0"",""自營商買賣超股數"":""-848"",""自營商買進股數(自行買賣)"":""152"",""自營商賣出股數(自行買賣)"":""1,000"",""自營商買賣超股數(自行買賣)"":""-848"",""自營商買進股數(避險)"":""0"",""自營商賣出股數(避險)"":""0"",""自營商買賣超股數(避險)"":""0"",""三大法人買賣超股數"":""10,152""}"
2026-10-07,TWSE,2231,為升            ,33000,10000,23000,0,0,0,1149,4093,-12944,"{""證券代號"":""2231"",""證券名稱"":""為升            "",""外陸資買進股數(不含外資自營商)"":""33,000"",""外陸資賣出股數(不含外資自營商)"":""10,000"",""外陸資買賣超股數(不含外資自營商)"":""23,000"",""外資自營商買進股數"":""0"",""外資自營商賣出股數"":""0"",""外資自營商買賣超股數"":""0"",""投信買進股數"":""0"",""投信賣出股數"":""0"",""投信買賣超股數"":""0"",""自營商買賣超股數"":""-12,944"",""自營商買進股數(自行買賣)"":""0"",""自營商賣出股數(自行買賣)"":""10,000"",""自營商買賣超股數(自行買賣)"":""-10,000"",""自營商買進股數(避險)"":""1,149"",""自營商賣出股數(避險)"":""4,093"",""自營商買賣超股數(避險)"":""-2,944"",""三大法人買賣超股數"":""10,056""}"
2026-10-07,TWSE,1456,怡華            ,16000,9000,7000,0,0,0,0,0,3000,"{""證券代號"":""1456"",""證券名稱"":""怡華            "",""外陸資買進股數(不含外資自營商)"":""16,000"",""外陸資賣出股數(不含外資自營商)"":""9,000"",""外陸資買賣超股數(不含外資自營商)"":""7,000"",""外資自營商買進股數"":""0"",""外資自營商賣出股數"":""0"",""外資自營商買賣超股數"":""0"",""投信買進股數"":""0"",""投信賣出股數"":""0"",""投信買賣超股數"":""0"",""自營商買賣超股數"":""3,000"",""自營商買進股數(自行買賣)"":""3,000"",""自營商賣出股數(自行買賣)"":""0"",""自營商買賣超股數(自行買賣)"":""3,000"",""自營商買進股數(避險)"":""0"",""自營商賣出股數(避險)"":""0"",""自營商買賣超股數(避險)"":""0"",""三大法人買賣超股數"":""10,000""}"
2026-10-07,TWSE,6558,興能高          ,33000,23000,10000,0,0,0,0,0,0,"{""證券代號"":""6558"",""證券名稱"":""興能高          "",""外陸資買進股數(不含外資自營商)"":""33,000"",""外陸資賣出股數(不含外資自營商)"":""23,000"",""外陸資買賣超股數(不含外資自營商)"":""10,000"",""外資自營商買進股數"":""0"",""外資自營商賣出股數"":""0"",""外資自營商買賣超股數"":""0"",""投信買進股數"":""0"",""投信賣出股數"":""0"",""投信買賣超股數"":""0"",""自營商買賣超股數"":""0"",""自營商買進股數(自行買賣)"":""0"",""自營商賣出股數(自行買賣)"":""0"",""自營商買賣超股數(自行買賣)"":""0"",""自營商買進股數(避險)"":""0"",""自營商賣出股數(避險)"":""0"",""自營商買賣超股數(避險)"":""0"",""三大法人買賣超股數"":""10,000""}"
2026-10-07,TWSE,4935,茂林-KY         ,22000,6000,16000,0,0,0,0,0,-6000,"{""證券代號"":""4935"",""證券名稱"":""茂林-KY         "",""外陸資買進股數(不含外資自營商)"":""22,000"",""外陸資賣出股數(不含外資自營商)"":""6,000"",""外陸資買賣超股數(不含外資自營商)"":""16,000"",""外資自營商買進股數"":""0"",""外資自營商賣出股數"":""0"",""外資自營商買賣超股數"":""0"",""投信買進股數"":""0"",""投信賣出股數"":""0"",""投信買賣超股數"":""0"",""自營商買賣超股數"":""-6,000"",""自營商買進股數(自行買賣)"":""0"",""自營商賣出股數(自行買賣)"":""6,000"",""自營商買賣超股數(自行買賣)"":""-6,000"",""自營商買進股數(避險)"":""0"",""自營商賣出股數(避險)"":""0"",""自營商買賣超股數(避險)"":""0"",""三大法人買賣超股數"":""10,000""}"
2026-10-07,TWSE,4108,懷特            ,61000,51000,10000,0,0,0,0,0,0,"{""證券代號"":""4108"",""證券名稱"":""懷特            "",""外陸資買進股數(不含外資自營商)"":""61,000"",""外陸資賣出股數(不含外資自營商)"":""51,000"",""外陸資買賣超股數(不含外資自營商)"":""10,000"",""外資自營商買進股數"":""0"",""外資自營商賣出股數"":""0"",""外資自營商買賣超股數"":""0"",""投信買進股數"":""0"",""投信賣出股數"":""0"",""投信買賣超股數"":""0"",""自營商買賣超股數"":""0"",""自營商買進股數(自行買賣)"":""0"",""自營商賣出股數(自行買賣)"":""0"",""自營商買賣超股數(自行買賣)"":""0"",""自營商買進股數(避險)"":""0"",""自營商賣出股數(避險)"":""0"",""自營商買賣超股數(避險)"":""0"",""三大法人買賣超股數"":""10,000""}"
2026-10-07,TWSE,00684R,期元大美元指反1 ,0,0,0,0,0,0,130000,120000,10000,"{""證券代號"":""00684R"",""證券名稱"":""期元大美元指反1 "",""外陸資買進股數(不含外資自營商)"":""0"",""外陸資賣出股數(不含外資自營商)"":""0"",""外陸資買賣超股數(不含外資自營商)"":""0"",""外資自營商買進股數"":""0"",""外資自營商賣出股數"":""0"",""外資自營商買賣超股數"":""0"",""投信買進股數"":""0"",""投信賣出股數"":""0"",""投信買賣超股數"":""0"",""自營商買賣超股數"":""10,000"",""自營商買進股數(自行買賣)"":""0"",""自營商賣出股數(自行買賣)"":""0"",""自營商買賣超股數(自行買賣)"":""0"",""自營商買進股數(避險)"":""130,000"",""自營商賣出股數(避險)"":""120,000"",""自營商買賣超股數(避險)"":""10,000"",""三大法人買賣超股數"":""10,000""}"
2026-10-07,TWSE,1460,宏遠            ,42000,32000,10000,0,0,0,0,0,0,"{""證券代號"":""1460"",""證券名稱"":""宏遠            "",""外陸資買進股數(不含外資自營商)"":""42,000"",""外陸資賣出股數(不含外資自營商)"":""32,000"",""外陸資買賣超股數(不含外資自營商)"":""10,000"",""外資自營商買進股數"":""0"",""外資自營商賣出股數"":""0"",""外資自營商買賣超股數"":""0"",""投信買進股數"":""0"",""投信賣出股數"":""0"",""投信買賣超股數"":""0"",""自營商買賣超股數"":""0"",""自營商買進股數(自行買賣)"":""0"",""自營商賣出股數(自行買賣)"":""0"",""自營商買賣超股數(自行買賣)"":""0"",""自營商買進股數(避險)"":""0"",""自營商賣出股數(避險)"":""0"",""自營商買賣超股數(避險)"":""0"",""三大法人買賣超股數"":""10,000""}"
2026-10-07,TWSE,4532,瑞智            ,144000,122000,22000,0,12180,-12180,0,0,0,"{""證券代號"":""4532"",""證券名稱"":""瑞智            "",""外陸資買進股數(不含外資自營商)"":""144,000"",""外陸資賣出股數(不含外資自營商)"":""122,000"",""外陸資買賣超股數(不含外資自營商)"":""22,000"",""外資自營商買進股數"":""0"",""外資自營商賣出股數"":""0"",""外資自營商買賣超股數"":""0"",""投信買進股數"":""0"",""投信賣出股數"":""12,180"",""投信買賣超股數"":""-12,180"",""自營商買賣超股數"":""0"",""自營商買進股數(自行買賣)"":""0"",""自營商賣出股數(自行買賣)"":""0"",""自營商買賣超股數(自行買賣)"":""0"",""自營商買進股數(避險)"":""0"",""自營商賣出股數(避險)"":""0"",""自營商買賣超股數(避險)"":""0"",""三大法人買賣超股數"":""9,820""}"
2026-10-07,TWSE,2022,聚亨            ,13971,4533,9438,0,0,0,0,0,0,"{""證券代號"":""2022"",""證券名稱"":""聚亨            "",""外陸資買進股數(不含外資自營商)"":""13,971"",""外陸資賣出股數(不含外資自營商)"":""4,533"",""外陸資買賣超股數(不含外資自營商)"":""9,438"",""外資自營商買進股數"":""0"",""外資自營商賣出股數"":""0"",""外資自營商買賣超股數"":""0"",""投信買進股數"":""0"",""投信賣出股數"":""0"",""投信買賣超股數"":""0"",""自營商買賣超股數"":""0"",""自營商買進股數(自行買賣)"":""0"",""自營商賣出股數(自行買賣)"":""0"",""自營商買賣超股數(自行買賣)"":""0"",""自營商買進股數(避險)"":""0"",""自營商賣出股數(避險)"":""0"",""自營商買賣超股數(避險)"":""0"",""三大法人買賣超股數"":""9,438""}"
2026-10-07,TWSE,2471,資通            ,17219,10000,7219,0,0,0,0,0,2000,"{""證券代號"":""2471"",""證券名稱"":""資通            "",""外陸資買進股數(不含外資自營商)"":""17,219"",""外陸資賣出股數(不含外資自營商)"":""10,000"",""外陸資買賣超股數(不含外資自營商)"":""7,219"",""外資自營商買進股數"":""0"",""外資自營商賣出股數"":""0"",""外資自營商買賣超股數"":""0"",""投信買進股數"":""0"",""投信賣出股數"":""0"",""投信買賣超股數"":""0"",""自營商買賣超股數"":""2,000"",""自營商買進股數(自行買賣)"":""2,000"",""自營商賣出股數(自行買賣)"":""0"",""自營商買賣超股數(自行買賣)"":""2,000"",""自營商買進股數(避險)"":""0"",""自營商賣出股數(避險)"":""0"",""自營商買賣超股數(避險)"":""0"",""三大法人買賣超股數"":""9,219""}"
2026-10-07,TWSE,1446,宏和            ,11000,2000,9000,0,0,0,0,0,0,"{""證券代號"":""1446"",""證券名稱"":""宏和            "",""外陸資買進股數(不含外資自營商)"":""11,000"",""外陸資賣出股數(不含外資自營商)"":""2,000"",""外陸資買賣超股數(不含外資自營商)"":""9,000"",""外資自營商買進股數"":""0"",""外資自營商賣出股數"":""0"",""外資自營商買賣超股數"":""0"",""投信買進股數"":""0"",""投信賣出股數"":""0"",""投信買賣超股數"":""0"",""自營商買賣超股數"":""0"",""自營商買進股數(自行買賣)"":""0"",""自營商賣出股數(自行買賣)"":""0"",""自營商買賣超股數(自行買賣)"":""0"",""自營商買進股數(避險)"":""0"",""自營商賣出股數(避險)"":""0"",""自營商買賣超股數(避險)"":""0"",""三大法人買賣超股數"":""9,000""}"
2026-10-07,TWSE,6776,展碁國際        ,16000,9000,7000,0,0,0,0,0,2000,"{""證券代號"":""6776"",""證券名稱"":""展碁國際        "",""外陸資買進股數(不含外資自營商)"":""16,000"",""外陸資賣出股數(不含外資自營商)"":""9,000"",""外陸資買賣超股數(不含外資自營商)"":""7,000"",""外資自營商買進股數"":""0"",""外資自營商賣出股數"":""0"",""外資自營商買賣超股數"":""0"",""投信買進股數"":""0"",""投信賣出股數"":""0"",""投信買賣超股數"":""0"",""自營商買賣超股數"":""2,000"",""自營商買進股數(自行買賣)"":""2,000"",""自營商賣出股數(自行買賣)"":""0"",""自營商買賣超股數(自行買賣)"":""2,000"",""自營商買進股數(避險)"":""0"",""自營商賣出股數(避險)"":""0"",""自營商買賣超股數(避險)"":""0"",""三大法人買賣超股數"":""9,000""}"
2026-10-07,TWSE,1805,寶徠            ,17000,8000,9000,0,0,0,0,0,0,"{""證券代號"":""1805"",""證券名稱"":""寶徠            "",""外陸資買進股數(不含外資自營商)"":""17,000"",""外陸資賣出股數(不含外資自營商)"":""8,000"",""外陸資買賣超股數(不含外資自營商)"":""9,000"",""外資自營商買進股數"":""0"",""外資自營商賣出股數"":""0"",""外資自營商買賣超股數"":""0"",""投信買進股數"":""0"",""投信賣出股數"":""0"",""投信買賣超股數"":""0"",""自營商買賣超股數"":""0"",""自營商買進股數(自行買賣)"":""0"",""自營商賣出股數(自行買賣)"":""0"",""自營商買賣超股數(自行買賣)"":""0"",""自營商買進股數(避險)"":""0"",""自營商賣出股數(避險)"":""0"",""自營商買賣超股數(避險)"":""0"",""三大法人買賣超股數"":""9,000""}"
2026-10-07,TWSE,2430,燦坤            ,9000,0,9000,0,0,0,0,0,0,"{""證券代號"":""2430"",""證券名稱"":""燦坤            "",""外陸資買進股數(不含外資自營商)"":""9,000"",""外陸資賣出股數(不含外資自營商)"":""0"",""外陸資買賣超股數(不含外資自營商)"":""9,000"",""外資自營商買進股數"":""0"",""外資自營商賣出股數"":""0"",""外資自營商買賣超股數"":""0"",""投信買進股數"":""0"",""投信賣出股數"":""0"",""投信買賣超股數"":""0"",""自營商買賣超股數"":""0"",""自營商買進股數(自行買賣)"":""0"",""自營商賣出股數(自行買賣)"":""0"",""自營商買賣超股數(自行買賣)"":""0"",""自營商買進股數(避險)"":""0"",""自營商賣出股數(避險)"":""0"",""自營商買賣超股數(避險)"":""0"",""三大法人買賣超股數"":""9,000""}"
2026-10-07,TWSE,00666R,富邦恒生國企反1 ,0,0,0,0,0,0,17000,8000,9000,"{""證券代號"":""00666R"",""證券名稱"":""富邦恒生國企反1 "",""外陸資買進股數(不含外資自營商)"":""0"",""外陸資賣出股數(不含外資自營商)"":""0"",""外陸資買賣超股數(不含外資自營商)"":""0"",""外資自營商買進股數"":""0"",""外資自營商賣出股數"":""0"",""外資自營商買賣超股數"":""0"",""投信買進股數"":""0"",""投信賣出股數"":""0"",""投信買賣超股數"":""0"",""自營商買賣超股數"":""9,000"",""自營商買進股數(自行買賣)"":""0"",""自營商賣出股數(自行買賣)"":""0"",""自營商買賣超股數(自行買賣)"":""0"",""自營商買進股數(避險)"":""17,000"",""自營商賣出股數(避險)"":""8,000"",""自營商買賣超股數(避險)"":""9,000"",""三大法人買賣超股數"":""9,000""}"
2026-10-07,TWSE,3057,喬鼎            ,23000,14000,9000,0,0,0,0,0,0,"{""證券代號"":""3057"",""證券名稱"":""喬鼎            "",""外陸資買進股數(不含外資自營商)"":""23,000"",""外陸資賣出股數(不含外資自營商)"":""14,000"",""外陸資買賣超股數(不含外資自營商)"":""9,000"",""外資自營商買進股數"":""0"",""外資自營商賣出股數"":""0"",""外資自營商買賣超股數"":""0"",""投信買進股數"":""0"",""投信賣出股數"":""0"",""投信買賣超股數"":""0"",""自營商買賣超股數"":""0"",""自營商買進股數(自行買賣)"":""0"",""自營商賣出股數(自行買賣)"":""0"",""自營商買賣超股數(自行買賣)"":""0"",""自營商買進股數(避險)"":""0"",""自營商賣出股數(避險)"":""0"",""自營商買賣超股數(避險)"":""0"",""三大法人買賣超股數"":""9,000""}"
2026-10-07,TWSE,006206,元大上證50      ,0,0,0,0,0,0,10000,1010,8990,"{""證券代號"":""006206"",""證券名稱"":""元大上證50      "",""外陸資買進股數(不含外資自營商)"":""0"",""外陸資賣出股數(不含外資自營商)"":""0"",""外陸資買賣超股數(不含外資自營商)"":""0"",""外資自營商買進股數"":""0"",""外資自營商賣出股數"":""0"",""外資自營商買賣超股數"":""0"",""投信買進股數"":""0"",""投信賣出股數"":""0"",""投信買賣超股數"":""0"",""自營商買賣超股數"":""8,990"",""自營商買進股數(自行買賣)"":""0"",""自營商賣出股數(自行買賣)"":""0"",""自營商買賣超股數(自行買賣)"":""0"",""自營商買進股數(避險)"":""10,000"",""自營商賣出股數(避險)"":""1,010"",""自營商買賣超股數(避險)"":""8,990"",""三大法人買賣超股數"":""8,990""}"
2026-10-07,TWSE,3135,凌航            ,44669,36000,8669,0,0,0,0,31,-31,"{""證券代號"":""3135"",""證券名稱"":""凌航            "",""外陸資買進股數(不含外資自營商)"":""44,669"",""外陸資賣出股數(不含外資自營商)"":""36,000"",""外陸資買賣超股數(不含外資自營商)"":""8,669"",""外資自營商買進股數"":""0"",""外資自營商賣出股數"":""0"",""外資自營商買賣超股數"":""0"",""投信買進股數"":""0"",""投信賣出股數"":""0"",""投信買賣超股數"":""0"",""自營商買賣超股數"":""-31"",""自營商買進股數(自行買賣)"":""0"",""自營商賣出股數(自行買賣)"":""0"",""自營商買賣超股數(自行買賣)"":""0"",""自營商買進股數(避險)"":""0"",""自營商賣出股數(避險)"":""31"",""自營商買賣超股數(避險)"":""-31"",""三大法人買賣超股數"":""8,638""}"
2026-10-07,TWSE,2211,長榮鋼          ,165000,155000,10000,0,1613,-1613,0,0,-23,"{""證券代號"":""2211"",""證券名稱"":""長榮鋼          "",""外陸資買進股數(不含外資自營商)"":""165,000"",""外陸資賣出股數(不含外資自營商)"":""155,000"",""外陸資買賣超股數(不含外資自營商)"":""10,000"",""外資自營商買進股數"":""0"",""外資自營商賣出股數"":""0"",""外資自營商買賣超股數"":""0"",""投信買進股數"":""0"",""投信賣出股數"":""1,613"",""投信買賣超股數"":""-1,613"",""自營商買賣超股數"":""-23"",""自營商買進股數(自行買賣)"":""0"",""自營商賣出股數(自行買賣)"":""23"",""自營商買賣超股數(自行買賣)"":""-23"",""自營商買進股數(避險)"":""0"",""自營商賣出股數(避險)"":""0"",""自營商買賣超股數(避險)"":""0"",""三大法人買賣超股數"":""8,364""}"
2026-10-07,TWSE,5258,虹堡            ,79050,71000,8050,0,0,0,0,0,0,"{""證券代號"":""5258"",""證券名稱"":""虹堡            "",""外陸資買進股數(不含外資自營商)"":""79,050"",""外陸資賣出股數(不含外資自營商)"":""71,000"",""外陸資買賣超股數(不含外資自營商)"":""8,050"",""外資自營商買進股數"":""0"",""外資自營商賣出股數"":""0"",""外資自營商買賣超股數"":""0"",""投信買進股數"":""0"",""投信賣出股數"":""0"",""投信買賣超股數"":""0"",""自營商買賣超股數"":""0"",""自營商買進股數(自行買賣)"":""0"",""自營商賣出股數(自行買賣)"":""0"",""自營商買賣超股數(自行買賣)"":""0"",""自營商買進股數(避險)"":""0"",""自營商賣出股數(避險)"":""0"",""自營商買賣超股數(避險)"":""0"",""三大法人買賣超股數"":""8,050""}"
2026-10-07,TWSE,2033,佳大            ,57000,49000,8000,0,0,0,0,0,0,"{""證券代號"":""2033"",""證券名稱"":""佳大            "",""外陸資買進股數(不含外資自營商)"":""57,000"",""外陸資賣出股數(不含外資自營商)"":""49,000"",""外陸資買賣超股數(不含外資自營商)"":""8,000"",""外資自營商買進股數"":""0"",""外資自營商賣出股數"":""0"",""外資自營商買賣超股數"":""0"",""投信買進股數"":""0"",""投信賣出股數"":""0"",""投信買賣超股數"":""0"",""自營商買賣超股數"":""0"",""自營商買進股數(自行買賣)"":""0"",""自營商賣出股數(自行買賣)"":""0"",""自營商買賣超股數(自行買賣)"":""0"",""自營商買進股數(避險)"":""0"",""自營商賣出股數(避險)"":""0"",""自營商買賣超股數(避險)"":""0"",""三大法人買賣超股數"":""8,000""}"
2026-10-07,TWSE,6625,必應            ,11000,4000,7000,0,0,0,0,0,1000,"{""證券代號"":""6625"",""證券名稱"":""必應            "",""外陸資買進股數(不含外資自營商)"":""11,000"",""外陸資賣出股數(不含外資自營商)"":""4,000"",""外陸資買賣超股數(不含外資自營商)"":""7,000"",""外資自營商買進股數"":""0"",""外資自營商賣出股數"":""0"",""外資自營商買賣超股數"":""0"",""投信買進股數"":""0"",""投信賣出股數"":""0"",""投信買賣超股數"":""0"",""自營商買賣超股數"":""1,000"",""自營商買進股數(自行買賣)"":""1,000"",""自營商賣出股數(自行買賣)"":""0"",""自營商買賣超股數(自行買賣)"":""1,000"",""自營商買進股數(避險)"":""0"",""自營商賣出股數(避險)"":""0"",""自營商買賣超股數(避險)"":""0"",""三大法人買賣超股數"":""8,000""}"
2026-10-07,TWSE,6581,鋼聯            ,13000,5000,8000,0,0,0,2000,2000,0,"{""證券代號"":""6581"",""證券名稱"":""鋼聯            "",""外陸資買進股數(不含外資自營商)"":""13,000"",""外陸資賣出股數(不含外資自營商)"":""5,000"",""外陸資買賣超股數(不含外資自營商)"":""8,000"",""外資自營商買進股數"":""0"",""外資自營商賣出股數"":""0"",""外資自營商買賣超股數"":""0"",""投信買進股數"":""0"",""投信賣出股數"":""0"",""投信買賣超股數"":""0"",""自營商買賣超股數"":""0"",""自營商買進股數(自行買賣)"":""0"",""自營商賣出股數(自行買賣)"":""0"",""自營商買賣超股數(自行買賣)"":""0"",""自營商買進股數(避險)"":""2,000"",""自營商賣出股數(避險)"":""2,000"",""自營商買賣超股數(避險)"":""0"",""三大法人買賣超股數"":""8,000""}"
2026-10-07,TWSE,3557,嘉威            ,9051,2000,7051,0,0,0,0,0,0,"{""證券代號"":""3557"",""證券名稱"":""嘉威            "",""外陸資買進股數(不含外資自營商)"":""9,051"",""外陸資賣出股數(不含外資自營商)"":""2,000"",""外陸資買賣超股數(不含外資自營商)"":""7,051"",""外資自營商買進股數"":""0"",""外資自營商賣出股數"":""0"",""外資自營商買賣超股數"":""0"",""投信買進股數"":""0"",""投信賣出股數"":""0"",""投信買賣超股數"":""0"",""自營商買賣超股數"":""0"",""自營商買進股數(自行買賣)"":""0"",""自營商賣出股數(自行買賣)"":""0"",""自營商買賣超股數(自行買賣)"":""0"",""自營商買進股數(避險)"":""0"",""自營商賣出股數(避險)"":""0"",""自營商買賣超股數(避險)"":""0"",""三大法人買賣超股數"":""7,051""}"
2026-10-07,TWSE,1475,業旺            ,10000,3000,7000,0,0,0,0,0,0,"{""證券代號"":""1475"",""證券名稱"":""業旺            "",""外陸資買進股數(不含外資自營商)"":""10,000"",""外陸資賣出股數(不含外資自營商)"":""3,000"",""外陸資買賣超股數(不含外資自營商)"":""7,000"",""外資自營商買進股數"":""0"",""外資自營商賣出股數"":""0"",""外資自營商買賣超股數"":""0"",""投信買進股數"":""0"",""投信賣出股數"":""0"",""投信買賣超股數"":""0"",""自營商買賣超股數"":""0"",""自營商買進股數(自行買賣)"":""0"",""自營商賣出股數(自行買賣)"":""0"",""自營商買賣超股數(自行買賣)"":""0"",""自營商買進股數(避險)"":""0"",""自營商賣出股數(避險)"":""0"",""自營商買賣超股數(避險)"":""0"",""三大法人買賣超股數"":""7,000""}"
2026-10-07,TWSE,1472,三洋實業        ,22000,4000,18000,0,0,0,0,0,-11000,"{""證券代號"":""1472"",""證券名稱"":""三洋實業        "",""外陸資買進股數(不含外資自營商)"":""22,000"",""外陸資賣出股數(不含外資自營商)"":""4,000"",""外陸資買賣超股數(不含外資自營商)"":""18,000"",""外資自營商買進股數"":""0"",""外資自營商賣出股數"":""0"",""外資自營商買賣超股數"":""0"",""投信買進股數"":""0"",""投信賣出股數"":""0"",""投信買賣超股數"":""0"",""自營商買賣超股數"":""-11,000"",""自營商買進股數(自行買賣)"":""0"",""自營商賣出股數(自行買賣)"":""11,000"",""自營商買賣超股數(自行買賣)"":""-11,000"",""自營商買進股數(避險)"":""0"",""自營商賣出股數(避險)"":""0"",""自營商買賣超股數(避險)"":""0"",""三大法人買賣超股數"":""7,000""}"
2026-10-07,TWSE,8488,吉源-KY         ,17000,10000,7000,0,0,0,0,0,0,"{""證券代號"":""8488"",""證券名稱"":""吉源-KY         "",""外陸資買進股數(不含外資自營商)"":""17,000"",""外陸資賣出股數(不含外資自營商)"":""10,000"",""外陸資買賣超股數(不含外資自營商)"":""7,000"",""外資自營商買進股數"":""0"",""外資自營商賣出股數"":""0"",""外資自營商買賣超股數"":""0"",""投信買進股數"":""0"",""投信賣出股數"":""0"",""投信買賣超股數"":""0"",""自營商買賣超股數"":""0"",""自營商買進股數(自行買賣)"":""0"",""自營商賣出股數(自行買賣)"":""0"",""自營商買賣超股數(自行買賣)"":""0"",""自營商買進股數(避險)"":""0"",""自營商賣出股數(避險)"":""0"",""自營商買賣超股數(避險)"":""0"",""三大法人買賣超股數"":""7,000""}"
2026-10-07,TWSE,7791,皇家可口        ,10000,3000,7000,0,0,0,0,0,0,"{""證券代號"":""7791"",""證券名稱"":""皇家可口        "",""外陸資買進股數(不含外資自營商)"":""10,000"",""外陸資賣出股數(不含外資自營商)"":""3,000"",""外陸資買賣超股數(不含外資自營商)"":""7,000"",""外資自營商買進股數"":""0"",""外資自營商賣出股數"":""0"",""外資自營商買賣超股數"":""0"",""投信買進股數"":""0"",""投信賣出股數"":""0"",""投信買賣超股數"":""0"",""自營商買賣超股數"":""0"",""自營商買進股數(自行買賣)"":""0"",""自營商賣出股數(自行買賣)"":""0"",""自營商買賣超股數(自行買賣)"":""0"",""自營商買進股數(避險)"":""0"",""自營商賣出股數(避險)"":""0"",""自營商買賣超股數(避險)"":""0"",""三大法人買賣超股數"":""7,000""}"
2026-10-07,TWSE,7760,享溫馨          ,8000,1000,7000,0,0,0,0,0,0,"{""證券代號"":""7760"",""證券名稱"":""享溫馨          "",""外陸資買進股數(不含外資自營商)"":""8,000"",""外陸資賣出股數(不含外資自營商)"":""1,000"",""外陸資買賣超股數(不含外資自營商)"":""7,000"",""外資自營商買進股數"":""0"",""外資自營商賣出股數"":""0"",""外資自營商買賣超股數"":""0"",""投信買進股數"":""0"",""投信賣出股數"":""0"",""投信買賣超股數"":""0"",""自營商買賣超股數"":""0"",""自營商買進股數(自行買賣)"":""0"",""自營商賣出股數(自行買賣)"":""0"",""自營商買賣超股數(自行買賣)"":""0"",""自營商買進股數(避險)"":""0"",""自營商賣出股數(避險)"":""0"",""自營商買賣超股數(避險)"":""0"",""三大法人買賣超股數"":""7,000""}"
2026-10-07,TWSE,3043,科風            ,13000,6000,7000,0,0,0,0,0,0,"{""證券代號"":""3043"",""證券名稱"":""科風            "",""外陸資買進股數(不含外資自營商)"":""13,000"",""外陸資賣出股數(不含外資自營商)"":""6,000"",""外陸資買賣超股數(不含外資自營商)"":""7,000"",""外資自營商買進股數"":""0"",""外資自營商賣出股數"":""0"",""外資自營商買賣超股數"":""0"",""投信買進股數"":""0"",""投信賣出股數"":""0"",""投信買賣超股數"":""0"",""自營商買賣超股數"":""0"",""自營商買進股數(自行買賣)"":""0"",""自營商賣出股數(自行買賣)"":""0"",""自營商買賣超股數(自行買賣)"":""0"",""自營商買進股數(避險)"":""0"",""自營商賣出股數(避險)"":""0"",""自營商買賣超股數(避險)"":""0"",""三大法人買賣超股數"":""7,000""}"
2026-10-07,TWSE,3338,泰碩            ,116009,109021,6988,0,0,0,0,0,0,"{""證券代號"":""3338"",""證券名稱"":""泰碩            "",""外陸資買進股數(不含外資自營商)"":""116,009"",""外陸資賣出股數(不含外資自營商)"":""109,021"",""外陸資買賣超股數(不含外資自營商)"":""6,988"",""外資自營商買進股數"":""0"",""外資自營商賣出股數"":""0"",""外資自營商買賣超股數"":""0"",""投信買進股數"":""0"",""投信賣出股數"":""0"",""投信買賣超股數"":""0"",""自營商買賣超股數"":""0"",""自營商買進股數(自行買賣)"":""0"",""自營商賣出股數(自行買賣)"":""0"",""自營商買賣超股數(自行買賣)"":""0"",""自營商買進股數(避險)"":""0"",""自營商賣出股數(避險)"":""0"",""自營商買賣超股數(避險)"":""0"",""三大法人買賣超股數"":""6,988""}"
2026-10-07,TWSE,2423,固緯            ,19000,14022,4978,0,0,0,0,0,2000,"{""證券代號"":""2423"",""證券名稱"":""固緯            "",""外陸資買進股數(不含外資自營商)"":""19,000"",""外陸資賣出股數(不含外資自營商)"":""14,022"",""外陸資買賣超股數(不含外資自營商)"":""4,978"",""外資自營商買進股數"":""0"",""外資自營商賣出股數"":""0"",""外資自營商買賣超股數"":""0"",""投信買進股數"":""0"",""投信賣出股數"":""0"",""投信買賣超股數"":""0"",""自營商買賣超股數"":""2,000"",""自營商買進股數(自行買賣)"":""3,000"",""自營商賣出股數(自行買賣)"":""1,000"",""自營商買賣超股數(自行買賣)"":""2,000"",""自營商買進股數(避險)"":""0"",""自營商賣出股數(避險)"":""0"",""自營商買賣超股數(避險)"":""0"",""三大法人買賣超股數"":""6,978""}"
2026-10-07,TWSE,8162,微矽電子-創     ,41000,38000,3000,0,0,0,14000,10499,3501,"{""證券代號"":""8162"",""證券名稱"":""微矽電子-創     "",""外陸資買進股數(不含外資自營商)"":""41,000"",""外陸資賣出股數(不含外資自營商)"":""38,000"",""外陸資買賣超股數(不含外資自營商)"":""3,000"",""外資自營商買進股數"":""0"",""外資自營商賣出股數"":""0"",""外資自營商買賣超股數"":""0"",""投信買進股數"":""0"",""投信賣出股數"":""0"",""投信買賣超股數"":""0"",""自營商買賣超股數"":""3,501"",""自營商買進股數(自行買賣)"":""0"",""自營商賣出股數(自行買賣)"":""0"",""自營商買賣超股數(自行買賣)"":""0"",""自營商買進股數(避險)"":""14,000"",""自營商賣出股數(避險)"":""10,499"",""自營商買賣超股數(避險)"":""3,501"",""三大法人買賣超股數"":""6,501""}"
2026-10-07,TWSE,5706,鳳凰            ,14000,8000,6000,0,0,0,0,0,0,"{""證券代號"":""5706"",""證券名稱"":""鳳凰            "",""外陸資買進股數(不含外資自營商)"":""14,000"",""外陸資賣出股數(不含外資自營商)"":""8,000"",""外陸資買賣超股數(不含外資自營商)"":""6,000"",""外資自營商買進股數"":""0"",""外資自營商賣出股數"":""0"",""外資自營商買賣超股數"":""0"",""投信買進股數"":""0"",""投信賣出股數"":""0"",""投信買賣超股數"":""0"",""自營商買賣超股數"":""0"",""自營商買進股數(自行買賣)"":""0"",""自營商賣出股數(自行買賣)"":""0"",""自營商買賣超股數(自行買賣)"":""0"",""自營商買進股數(避險)"":""0"",""自營商賣出股數(避險)"":""0"",""自營商買賣超股數(避險)"":""0"",""三大法人買賣超股數"":""6,000""}"
2026-10-07,TWSE,9908,大台北          ,34000,28000,6000,0,0,0,0,0,0,"{""證券代號"":""9908"",""證券名稱"":""大台北          "",""外陸資買進股數(不含外資自營商)"":""34,000"",""外陸資賣出股數(不含外資自營商)"":""28,000"",""外陸資買賣超股數(不含外資自營商)"":""6,000"",""外資自營商買進股數"":""0"",""外資自營商賣出股數"":""0"",""外資自營商買賣超股數"":""0"",""投信買進股數"":""0"",""投信賣出股數"":""0"",""投信買賣超股數"":""0"",""自營商買賣超股數"":""0"",""自營商買進股數(自行買賣)"":""0"",""自營商賣出股數(自行買賣)"":""0"",""自營商買賣超股數(自行買賣)"":""0"",""自營商買進股數(避險)"":""0"",""自營商賣出股數(避險)"":""0"",""自營商買賣超股數(避險)"":""0"",""三大法人買賣超股數"":""6,000""}"
2026-10-07,TWSE,1731,美吾華          ,16000,10000,6000,0,0,0,0,0,0,"{""證券代號"":""1731"",""證券名稱"":""美吾華          "",""外陸資買進股數(不含外資自營商)"":""16,000"",""外陸資賣出股數(不含外資自營商)"":""10,000"",""外陸資買賣超股數(不含外資自營商)"":""6,000"",""外資自營商買進股數"":""0"",""外資自營商賣出股數"":""0"",""外資自營商買賣超股數"":""0"",""投信買進股數"":""0"",""投信賣出股數"":""0"",""投信買賣超股數"":""0"",""自營商買賣超股數"":""0"",""自營商買進股數(自行買賣)"":""0"",""自營商賣出股數(自行買賣)"":""0"",""自營商買賣超股數(自行買賣)"":""0"",""自營商買進股數(避險)"":""0"",""自營商賣出股數(避險)"":""0"",""自營商買賣超股數(避險)"":""0"",""三大法人買賣超股數"":""6,000""}"
2026-10-07,TWSE,2462,良得電          ,43000,37000,6000,0,0,0,0,0,0,"{""證券代號"":""2462"",""證券名稱"":""良得電          "",""外陸資買進股數(不含外資自營商)"":""43,000"",""外陸資賣出股數(不含外資自營商)"":""37,000"",""外陸資買賣超股數(不含外資自營商)"":""6,000"",""外資自營商買進股數"":""0"",""外資自營商賣出股數"":""0"",""外資自營商買賣超股數"":""0"",""投信買進股數"":""0"",""投信賣出股數"":""0"",""投信買賣超股數"":""0"",""自營商買賣超股數"":""0"",""自營商買進股數(自行買賣)"":""0"",""自營商賣出股數(自行買賣)"":""0"",""自營商買賣超股數(自行買賣)"":""0"",""自營商買進股數(避險)"":""0"",""自營商賣出股數(避險)"":""0"",""自營商買賣超股數(避險)"":""0"",""三大法人買賣超股數"":""6,000""}"
2026-10-07,TWSE,3130,一零四          ,7000,1000,6000,0,0,0,0,0,0,"{""證券代號"":""3130"",""證券名稱"":""一零四          "",""外陸資買進股數(不含外資自營商)"":""7,000"",""外陸資賣出股數(不含外資自營商)"":""1,000"",""外陸資買賣超股數(不含外資自營商)"":""6,000"",""外資自營商買進股數"":""0"",""外資自營商賣出股數"":""0"",""外資自營商買賣超股數"":""0"",""投信買進股數"":""0"",""投信賣出股數"":""0"",""投信買賣超股數"":""0"",""自營商買賣超股數"":""0"",""自營商買進股數(自行買賣)"":""0"",""自營商賣出股數(自行買賣)"":""0"",""自營商買賣超股數(自行買賣)"":""0"",""自營商買進股數(避險)"":""0"",""自營商賣出股數(避險)"":""0"",""自營商買賣超股數(避險)"":""0"",""三大法人買賣超股數"":""6,000""}"
2026-10-07,TWSE,2707,晶華            ,20000,17000,3000,0,0,0,0,0,3000,"{""證券代號"":""2707"",""證券名稱"":""晶華            "",""外陸資買進股數(不含外資自營商)"":""20,000"",""外陸資賣出股數(不含外資自營商)"":""17,000"",""外陸資買賣超股數(不含外資自營商)"":""3,000"",""外資自營商買進股數"":""0"",""外資自營商賣出股數"":""0"",""外資自營商買賣超股數"":""0"",""投信買進股數"":""0"",""投信賣出股數"":""0"",""投信買賣超股數"":""0"",""自營商買賣超股數"":""3,000"",""自營商買進股數(自行買賣)"":""3,000"",""自營商賣出股數(自行買賣)"":""0"",""自營商買賣超股數(自行買賣)"":""3,000"",""自營商買進股數(避險)"":""0"",""自營商賣出股數(避險)"":""0"",""自營商買賣超股數(避險)"":""0"",""三大法人買賣超股數"":""6,000""}"
2026-10-07,TWSE,2832,台產            ,49000,37000,12000,0,2186,-2186,4000,4000,-4000,"{""證券代號"":""2832"",""證券名稱"":""台產            "",""外陸資買進股數(不含外資自營商)"":""49,000"",""外陸資賣出股數(不含外資自營商)"":""37,000"",""外陸資買賣超股數(不含外資自營商)"":""12,000"",""外資自營商買進股數"":""0"",""外資自營商賣出股數"":""0"",""外資自營商買賣超股數"":""0"",""投信買進股數"":""0"",""投信賣出股數"":""2,186"",""投信買賣超股數"":""-2,186"",""自營商買賣超股數"":""-4,000"",""自營商買進股數(自行買賣)"":""2,000"",""自營商賣出股數(自行買賣)"":""6,000"",""自營商買賣超股數(自行買賣)"":""-4,000"",""自營商買進股數(避險)"":""4,000"",""自營商賣出股數(避險)"":""4,000"",""自營商買賣超股數(避險)"":""0"",""三大法人買賣超股數"":""5,814""}"
2026-10-07,TWSE,00640L,富邦日本正2     ,3000,2000,1000,0,0,0,10987,6234,4753,"{""證券代號"":""00640L"",""證券名稱"":""富邦日本正2     "",""外陸資買進股數(不含外資自營商)"":""3,000"",""外陸資賣出股數(不含外資自營商)"":""2,000"",""外陸資買賣超股數(不含外資自營商)"":""1,000"",""外資自營商買進股數"":""0"",""外資自營商賣出股數"":""0"",""外資自營商買賣超股數"":""0"",""投信買進股數"":""0"",""投信賣出股數"":""0"",""投信買賣超股數"":""0"",""自營商買賣超股數"":""4,753"",""自營商買進股數(自行買賣)"":""0"",""自營商賣出股數(自行買賣)"":""0"",""自營商買賣超股數(自行買賣)"":""0"",""自營商買進股數(避險)"":""10,987"",""自營商賣出股數(避險)"":""6,234"",""自營商買賣超股數(避險)"":""4,753"",""三大法人買賣超股數"":""5,753""}"
2026-10-07,TWSE,1590,亞德客-KY       ,441521,436041,5480,2000,2609,-609,13088,11474,614,"{""證券代號"":""1590"",""證券名稱"":""亞德客-KY       "",""外陸資買進股數(不含外資自營商)"":""441,521"",""外陸資賣出股數(不含外資自營商)"":""436,041"",""外陸資買賣超股數(不含外資自營商)"":""5,480"",""外資自營商買進股數"":""0"",""外資自營商賣出股數"":""0"",""外資自營商買賣超股數"":""0"",""投信買進股數"":""2,000"",""投信賣出股數"":""2,609"",""投信買賣超股數"":""-609"",""自營商買賣超股數"":""614"",""自營商買進股數(自行買賣)"":""3,000"",""自營商賣出股數(自行買賣)"":""4,000"",""自營商買賣超股數(自行買賣)"":""-1,000"",""自營商買進股數(避險)"":""13,088"",""自營商賣出股數(避險)"":""11,474"",""自營商買賣超股數(避險)"":""1,614"",""三大法人買賣超股數"":""5,485""}"
2026-10-07,TWSE,3092,鴻碩            ,75405,70000,5405,0,0,0,0,0,0,"{""證券代號"":""3092"",""證券名稱"":""鴻碩            "",""外陸資買進股數(不含外資自營商)"":""75,405"",""外陸資賣出股數(不含外資自營商)"":""70,000"",""外陸資買賣超股數(不含外資自營商)"":""5,405"",""外資自營商買進股數"":""0"",""外資自營商賣出股數"":""0"",""外資自營商買賣超股數"":""0"",""投信買進股數"":""0"",""投信賣出股數"":""0"",""投信買賣超股數"":""0"",""自營商買賣超股數"":""0"",""自營商買進股數(自行買賣)"":""0"",""自營商賣出股數(自行買賣)"":""0"",""自營商買賣超股數(自行買賣)"":""0"",""自營商買進股數(避險)"":""0"",""自營商賣出股數(避險)"":""0"",""自營商買賣超股數(避險)"":""0"",""三大法人買賣超股數"":""5,405""}"
2026-10-07,TWSE,6645,金萬林-創       ,6000,5000,1000,0,0,0,21000,17673,4327,"{""證券代號"":""6645"",""證券名稱"":""金萬林-創       "",""外陸資買進股數(不含外資自營商)"":""6,000"",""外陸資賣出股數(不含外資自營商)"":""5,000"",""外陸資買賣超股數(不含外資自營商)"":""1,000"",""外資自營商買進股數"":""0"",""外資自營商賣出股數"":""0"",""外資自營商買賣超股數"":""0"",""投信買進股數"":""0"",""投信賣出股數"":""0"",""投信買賣超股數"":""0"",""自營商買賣超股數"":""4,327"",""自營商買進股數(自行買賣)"":""2,000"",""自營商賣出股數(自行買賣)"":""1,000"",""自營商買賣超股數(自行買賣)"":""1,000"",""自營商買進股數(避險)"":""21,000"",""自營商賣出股數(避險)"":""17,673"",""自營商買賣超股數(避險)"":""3,327"",""三大法人買賣超股數"":""5,327""}"
2026-10-07,TWSE,6230,尼得科超眾      ,21000,16000,5000,0,0,0,0,0,145,"{""證券代號"":""6230"",""證券名稱"":""尼得科超眾      "",""外陸資買進股數(不含外資自營商)"":""21,000"",""外陸資賣出股數(不含外資自營商)"":""16,000"",""外陸資買賣超股數(不含外資自營商)"":""5,000"",""外資自營商買進股數"":""0"",""外資自營商賣出股數"":""0"",""外資自營商買賣超股數"":""0"",""投信買進股數"":""0"",""投信賣出股數"":""0"",""投信買賣超股數"":""0"",""自營商買賣超股數"":""145"",""自營商買進股數(自行買賣)"":""180"",""自營商賣出股數(自行買賣)"":""35"",""自營商買賣超股數(自行買賣)"":""145"",""自營商買進股數(避險)"":""0"",""自營商賣出股數(避險)"":""0"",""自營商買賣超股數(避險)"":""0"",""三大法人買賣超股數"":""5,145""}"
2026-10-07,TWSE,1337,再生-KY         ,11104,6000,5104,0,0,0,0,0,0,"{""證券代號"":""1337"",""證券名稱"":""再生-KY         "",""外陸資買進股數(不含外資自營商)"":""11,104"",""外陸資賣出股數(不含外資自營商)"":""6,000"",""外陸資買賣超股數(不含外資自營商)"":""5,104"",""外資自營商買進股數"":""0"",""外資自營商賣出股數"":""0"",""外資自營商買賣超股數"":""0"",""投信買進股數"":""0"",""投信賣出股數"":""0"",""投信買賣超股數"":""0"",""自營商買賣超股數"":""0"",""自營商買進股數(自行買賣)"":""0"",""自營商賣出股數(自行買賣)"":""0"",""自營商買賣超股數(自行買賣)"":""0"",""自營商買進股數(避險)"":""0"",""自營商賣出股數(避險)"":""0"",""自營商買賣超股數(避險)"":""0"",""三大法人買賣超股數"":""5,104""}"
2026-10-07,TWSE,3308,聯德            ,10000,5000,5000,0,0,0,0,0,0,"{""證券代號"":""3308"",""證券名稱"":""聯德            "",""外陸資買進股數(不含外資自營商)"":""10,000"",""外陸資賣出股數(不含外資自營商)"":""5,000"",""外陸資買賣超股數(不含外資自營商)"":""5,000"",""外資自營商買進股數"":""0"",""外資自營商賣出股數"":""0"",""外資自營商買賣超股數"":""0"",""投信買進股數"":""0"",""投信賣出股數"":""0"",""投信買賣超股數"":""0"",""自營商買賣超股數"":""0"",""自營商買進股數(自行買賣)"":""1,000"",""自營商賣出股數(自行買賣)"":""1,000"",""自營商買賣超股數(自行買賣)"":""0"",""自營商買進股數(避險)"":""0"",""自營商賣出股數(避險)"":""0"",""自營商買賣超股數(避險)"":""0"",""三大法人買賣超股數"":""5,000""}"
2026-10-07,TWSE,4440,宜新實業        ,29000,14000,15000,0,0,0,0,0,-10000,"{""證券代號"":""4440"",""證券名稱"":""宜新實業        "",""外陸資買進股數(不含外資自營商)"":""29,000"",""外陸資賣出股數(不含外資自營商)"":""14,000"",""外陸資買賣超股數(不含外資自營商)"":""15,000"",""外資自營商買進股數"":""0"",""外資自營商賣出股數"":""0"",""外資自營商買賣超股數"":""0"",""投信買進股數"":""0"",""投信賣出股數"":""0"",""投信買賣超股數"":""0"",""自營商買賣超股數"":""-10,000"",""自營商買進股數(自行買賣)"":""0"",""自營商賣出股數(自行買賣)"":""10,000"",""自營商買賣超股數(自行買賣)"":""-10,000"",""自營商買進股數(避險)"":""0"",""自營商賣出股數(避險)"":""0"",""自營商買賣超股數(避險)"":""0"",""三大法人買賣超股數"":""5,000""}"
2026-10-07,TWSE,1108,幸福            ,11000,6000,5000,0,0,0,0,0,0,"{""證券代號"":""1108"",""證券名稱"":""幸福            "",""外陸資買進股數(不含外資自營商)"":""11,000"",""外陸資賣出股數(不含外資自營商)"":""6,000"",""外陸資買賣超股數(不含外資自營商)"":""5,000"",""外資自營商買進股數"":""0"",""外資自營商賣出股數"":""0"",""外資自營商買賣超股數"":""0"",""投信買進股數"":""0"",""投信賣出股數"":""0"",""投信買賣超股數"":""0"",""自營商買賣超股數"":""0"",""自營商買進股數(自行買賣)"":""0"",""自營商賣出股數(自行買賣)"":""0"",""自營商買賣超股數(自行買賣)"":""0"",""自營商買進股數(避險)"":""0"",""自營商賣出股數(避險)"":""0"",""自營商買賣超股數(避險)"":""0"",""三大法人買賣超股數"":""5,000""}"
2026-10-07,TWSE,1521,大億            ,4000,1000,3000,0,0,0,0,0,2000,"{""證券代號"":""1521"",""證券名稱"":""大億            "",""外陸資買進股數(不含外資自營商)"":""4,000"",""外陸資賣出股數(不含外資自營商)"":""1,000"",""外陸資買賣超股數(不含外資自營商)"":""3,000"",""外資自營商買進股數"":""0"",""外資自營商賣出股數"":""0"",""外資自營商買賣超股數"":""0"",""投信買進股數"":""0"",""投信賣出股數"":""0"",""投信買賣超股數"":""0"",""自營商買賣超股數"":""2,000"",""自營商買進股數(自行買賣)"":""2,000"",""自營商賣出股數(自行買賣)"":""0"",""自營商買賣超股數(自行買賣)"":""2,000"",""自營商買進股數(避險)"":""0"",""自營商賣出股數(避險)"":""0"",""自營商買賣超股數(避險)"":""0"",""三大法人買賣超股數"":""5,000""}"
2026-10-07,TWSE,6906,現觀科          ,11000,6000,5000,0,0,0,0,0,0,"{""證券代號"":""6906"",""證券名稱"":""現觀科          "",""外陸資買進股數(不含外資自營商)"":""11,000"",""外陸資賣出股數(不含外資自營商)"":""6,000"",""外陸資買賣超股數(不含外資自營商)"":""5,000"",""外資自營商買進股數"":""0"",""外資自營商賣出股數"":""0"",""外資自營商買賣超股數"":""0"",""投信買進股數"":""0"",""投信賣出股數"":""0"",""投信買賣超股數"":""0"",""自營商買賣超股數"":""0"",""自營商買進股數(自行買賣)"":""0"",""自營商賣出股數(自行買賣)"":""0"",""自營商買賣超股數(自行買賣)"":""0"",""自營商買進股數(避險)"":""0"",""自營商賣出股數(避險)"":""0"",""自營商買賣超股數(避險)"":""0"",""三大法人買賣超股數"":""5,000""}"
2026-10-07,TWSE,6936,永鴻生技        ,9000,4000,5000,0,0,0,0,0,0,"{""證券代號"":""6936"",""證券名稱"":""永鴻生技        "",""外陸資買進股數(不含外資自營商)"":""9,000"",""外陸資賣出股數(不含外資自營商)"":""4,000"",""外陸資買賣超股數(不含外資自營商)"":""5,000"",""外資自營商買進股數"":""0"",""外資自營商賣出股數"":""0"",""外資自營商買賣超股數"":""0"",""投信買進股數"":""0"",""投信賣出股數"":""0"",""投信買賣超股數"":""0"",""自營商買賣超股數"":""0"",""自營商買進股數(自行買賣)"":""0"",""自營商賣出股數(自行買賣)"":""0"",""自營商買賣超股數(自行買賣)"":""0"",""自營商買進股數(避險)"":""0"",""自營商賣出股數(避險)"":""0"",""自營商買賣超股數(避險)"":""0"",""三大法人買賣超股數"":""5,000""}"
2026-10-07,TWSE,6794,向榮生技        ,13000,8000,5000,0,0,0,0,0,0,"{""證券代號"":""6794"",""證券名稱"":""向榮生技        "",""外陸資買進股數(不含外資自營商)"":""13,000"",""外陸資賣出股數(不含外資自營商)"":""8,000"",""外陸資買賣超股數(不含外資自營商)"":""5,000"",""外資自營商買進股數"":""0"",""外資自營商賣出股數"":""0"",""外資自營商買賣超股數"":""0"",""投信買進股數"":""0"",""投信賣出股數"":""0"",""投信買賣超股數"":""0"",""自營商買賣超股數"":""0"",""自營商買進股數(自行買賣)"":""0"",""自營商賣出股數(自行買賣)"":""0"",""自營商買賣超股數(自行買賣)"":""0"",""自營商買進股數(避險)"":""0"",""自營商賣出股數(避險)"":""0"",""自營商買賣超股數(避險)"":""0"",""三大法人買賣超股數"":""5,000""}"
2026-10-07,TWSE,3052,夆典            ,7000,5000,2000,0,0,0,0,0,3000,"{""證券代號"":""3052"",""證券名稱"":""夆典            "",""外陸資買進股數(不含外資自營商)"":""7,000"",""外陸資賣出股數(不含外資自營商)"":""5,000"",""外陸資買賣超股數(不含外資自營商)"":""2,000"",""外資自營商買進股數"":""0"",""外資自營商賣出股數"":""0"",""外資自營商買賣超股數"":""0"",""投信買進股數"":""0"",""投信賣出股數"":""0"",""投信買賣超股數"":""0"",""自營商買賣超股數"":""3,000"",""自營商買進股數(自行買賣)"":""3,000"",""自營商賣出股數(自行買賣)"":""0"",""自營商買賣超股數(自行買賣)"":""3,000"",""自營商買進股數(避險)"":""0"",""自營商賣出股數(避險)"":""0"",""自營商買賣超股數(避險)"":""0"",""三大法人買賣超股數"":""5,000""}"
2026-10-07,TWSE,2250,IKKA-KY         ,8000,3000,5000,0,0,0,0,0,0,"{""證券代號"":""2250"",""證券名稱"":""IKKA-KY         "",""外陸資買進股數(不含外資自營商)"":""8,000"",""外陸資賣出股數(不含外資自營商)"":""3,000"",""外陸資買賣超股數(不含外資自營商)"":""5,000"",""外資自營商買進股數"":""0"",""外資自營商賣出股數"":""0"",""外資自營商買賣超股數"":""0"",""投信買進股數"":""0"",""投信賣出股數"":""0"",""投信買賣超股數"":""0"",""自營商買賣超股數"":""0"",""自營商買進股數(自行買賣)"":""0"",""自營商賣出股數(自行買賣)"":""0"",""自營商買賣超股數(自行買賣)"":""0"",""自營商買進股數(避險)"":""0"",""自營商賣出股數(避險)"":""0"",""自營商買賣超股數(避險)"":""0"",""三大法人買賣超股數"":""5,000""}"
2026-10-07,TWSE,3356,奇偶            ,55159,48221,6938,0,0,0,0,0,-2000,"{""證券代號"":""3356"",""證券名稱"":""奇偶            "",""外陸資買進股數(不含外資自營商)"":""55,159"",""外陸資賣出股數(不含外資自營商)"":""48,221"",""外陸資買賣超股數(不含外資自營商)"":""6,938"",""外資自營商買進股數"":""0"",""外資自營商賣出股數"":""0"",""外資自營商買賣超股數"":""0"",""投信買進股數"":""0"",""投信賣出股數"":""0"",""投信買賣超股數"":""0"",""自營商買賣超股數"":""-2,000"",""自營商買進股數(自行買賣)"":""0"",""自營商賣出股數(自行買賣)"":""2,000"",""自營商買賣超股數(自行買賣)"":""-2,000"",""自營商買進股數(避險)"":""0"",""自營商賣出股數(避險)"":""0"",""自營商買賣超股數(避險)"":""0"",""三大法人買賣超股數"":""4,938""}"
2026-10-07,TWSE,6908,宏碁遊戲-創     ,1000,2000,-1000,0,0,0,6289,1000,5289,"{""證券代號"":""6908"",""證券名稱"":""宏碁遊戲-創     "",""外陸資買進股數(不含外資自營商)"":""1,000"",""外陸資賣出股數(不含外資自營商)"":""2,000"",""外陸資買賣超股數(不含外資自營商)"":""-1,000"",""外資自營商買進股數"":""0"",""外資自營商賣出股數"":""0"",""外資自營商買賣超股數"":""0"",""投信買進股數"":""0"",""投信賣出股數"":""0"",""投信買賣超股數"":""0"",""自營商買賣超股數"":""5,289"",""自營商買進股數(自行買賣)"":""0"",""自營商賣出股數(自行買賣)"":""0"",""自營商買賣超股數(自行買賣)"":""0"",""自營商買進股數(避險)"":""6,289"",""自營商賣出股數(避險)"":""1,000"",""自營商買賣超股數(避險)"":""5,289"",""三大法人買賣超股數"":""4,289""}"
2026-10-07,TWSE,2731,雄獅            ,68175,65000,3175,0,0,0,1000,0,1000,"{""證券代號"":""2731"",""證券名稱"":""雄獅            "",""外陸資買進股數(不含外資自營商)"":""68,175"",""外陸資賣出股數(不含外資自營商)"":""65,000"",""外陸資買賣超股數(不含外資自營商)"":""3,175"",""外資自營商買進股數"":""0"",""外資自營商賣出股數"":""0"",""外資自營商買賣超股數"":""0"",""投信買進股數"":""0"",""投信賣出股數"":""0"",""投信買賣超股數"":""0"",""自營商買賣超股數"":""1,000"",""自營商買進股數(自行買賣)"":""0"",""自營商賣出股數(自行買賣)"":""0"",""自營商買賣超股數(自行買賣)"":""0"",""自營商買進股數(避險)"":""1,000"",""自營商賣出股數(避險)"":""0"",""自營商買賣超股數(避險)"":""1,000"",""三大法人買賣超股數"":""4,175""}"
2026-10-07,TWSE,6854,錼創科技-KY創   ,47000,46000,1000,0,0,0,7000,3907,3093,"{""證券代號"":""6854"",""證券名稱"":""錼創科技-KY創   "",""外陸資買進股數(不含外資自營商)"":""47,000"",""外陸資賣出股數(不含外資自營商)"":""46,000"",""外陸資買賣超股數(不含外資自營商)"":""1,000"",""外資自營商買進股數"":""0"",""外資自營商賣出股數"":""0"",""外資自營商買賣超股數"":""0"",""投信買進股數"":""0"",""投信賣出股數"":""0"",""投信買賣超股數"":""0"",""自營商買賣超股數"":""3,093"",""自營商買進股數(自行買賣)"":""0"",""自營商賣出股數(自行買賣)"":""0"",""自營商買賣超股數(自行買賣)"":""0"",""自營商買進股數(避險)"":""7,000"",""自營商賣出股數(避險)"":""3,907"",""自營商買賣超股數(避險)"":""3,093"",""三大法人買賣超股數"":""4,093""}"
2026-10-07,TWSE,7705,三商餐飲        ,8000,4000,4000,0,0,0,0,0,0,"{""證券代號"":""7705"",""證券名稱"":""三商餐飲        "",""外陸資買進股數(不含外資自營商)"":""8,000"",""外陸資賣出股數(不含外資自營商)"":""4,000"",""外陸資買賣超股數(不含外資自營商)"":""4,000"",""外資自營商買進股數"":""0"",""外資自營商賣出股數"":""0"",""外資自營商買賣超股數"":""0"",""投信買進股數"":""0"",""投信賣出股數"":""0"",""投信買賣超股數"":""0"",""自營商買賣超股數"":""0"",""自營商買進股數(自行買賣)"":""0"",""自營商賣出股數(自行買賣)"":""0"",""自營商買賣超股數(自行買賣)"":""0"",""自營商買進股數(避險)"":""0"",""自營商賣出股數(避險)"":""0"",""自營商買賣超股數(避險)"":""0"",""三大法人買賣超股數"":""4,000""}"
2026-10-07,TWSE,8104,錸寶            ,44000,40000,4000,0,0,0,0,0,0,"{""證券代號"":""8104"",""證券名稱"":""錸寶            "",""外陸資買進股數(不含外資自營商)"":""44,000"",""外陸資賣出股數(不含外資自營商)"":""40,000"",""外陸資買賣超股數(不含外資自營商)"":""4,000"",""外資自營商買進股數"":""0"",""外資自營商賣出股數"":""0"",""外資自營商買賣超股數"":""0"",""投信買進股數"":""0"",""投信賣出股數"":""0"",""投信買賣超股數"":""0"",""自營商買賣超股數"":""0"",""自營商買進股數(自行買賣)"":""0"",""自營商賣出股數(自行買賣)"":""0"",""自營商買賣超股數(自行買賣)"":""0"",""自營商買進股數(避險)"":""0"",""自營商賣出股數(避險)"":""0"",""自營商買賣超股數(避險)"":""0"",""三大法人買賣超股數"":""4,000""}"
2026-10-07,TWSE,9912,偉聯            ,6000,6000,0,0,0,0,0,0,4000,"{""證券代號"":""9912"",""證券名稱"":""偉聯            "",""外陸資買進股數(不含外資自營商)"":""6,000"",""外陸資賣出股數(不含外資自營商)"":""6,000"",""外陸資買賣超股數(不含外資自營商)"":""0"",""外資自營商買進股數"":""0"",""外資自營商賣出股數"":""0"",""外資自營商買賣超股數"":""0"",""投信買進股數"":""0"",""投信賣出股數"":""0"",""投信買賣超股數"":""0"",""自營商買賣超股數"":""4,000"",""自營商買進股數(自行買賣)"":""4,000"",""自營商賣出股數(自行買賣)"":""0"",""自營商買賣超股數(自行買賣)"":""4,000"",""自營商買進股數(避險)"":""0"",""自營商賣出股數(避險)"":""0"",""自營商買賣超股數(避險)"":""0"",""三大法人買賣超股數"":""4,000""}"
2026-10-07,TWSE,2248,華勝-KY         ,5000,1000,4000,0,0,0,0,0,0,"{""證券代號"":""2248"",""證券名稱"":""華勝-KY         "",""外陸資買進股數(不含外資自營商)"":""5,000"",""外陸資賣出股數(不含外資自營商)"":""1,000"",""外陸資買賣超股數(不含外資自營商)"":""4,000"",""外資自營商買進股數"":""0"",""外資自營商賣出股數"":""0"",""外資自營商買賣超股數"":""0"",""投信買進股數"":""0"",""投信賣出股數"":""0"",""投信買賣超股數"":""0"",""自營商買賣超股數"":""0"",""自營商買進股數(自行買賣)"":""0"",""自營商賣出股數(自行買賣)"":""0"",""自營商買賣超股數(自行買賣)"":""0"",""自營商買進股數(避險)"":""0"",""自營商賣出股數(避險)"":""0"",""自營商買賣超股數(避險)"":""0"",""三大法人買賣超股數"":""4,000""}"
2026-10-07,TWSE,6641,基士德-KY       ,4000,2000,2000,0,0,0,0,0,2000,"{""證券代號"":""6641"",""證券名稱"":""基士德-KY       "",""外陸資買進股數(不含外資自營商)"":""4,000"",""外陸資賣出股數(不含外資自營商)"":""2,000"",""外陸資買賣超股數(不含外資自營商)"":""2,000"",""外資自營商買進股數"":""0"",""外資自營商賣出股數"":""0"",""外資自營商買賣超股數"":""0"",""投信買進股數"":""0"",""投信賣出股數"":""0"",""投信買賣超股數"":""0"",""自營商買賣超股數"":""2,000"",""自營商買進股數(自行買賣)"":""2,000"",""自營商賣出股數(自行買賣)"":""0"",""自營商買賣超股數(自行買賣)"":""2,000"",""自營商買進股數(避險)"":""0"",""自營商賣出股數(避險)"":""0"",""自營商買賣超股數(避險)"":""0"",""三大法人買賣超股數"":""4,000""}"
2026-10-07,TWSE,1416,廣豐            ,7000,3000,4000,0,0,0,0,0,0,"{""證券代號"":""1416"",""證券名稱"":""廣豐            "",""外陸資買進股數(不含外資自營商)"":""7,000"",""外陸資賣出股數(不含外資自營商)"":""3,000"",""外陸資買賣超股數(不含外資自營商)"":""4,000"",""外資自營商買進股數"":""0"",""外資自營商賣出股數"":""0"",""外資自營商買賣超股數"":""0"",""投信買進股數"":""0"",""投信賣出股數"":""0"",""投信買賣超股數"":""0"",""自營商買賣超股數"":""0"",""自營商買進股數(自行買賣)"":""0"",""自營商賣出股數(自行買賣)"":""0"",""自營商買賣超股數(自行買賣)"":""0"",""自營商買進股數(避險)"":""0"",""自營商賣出股數(避險)"":""0"",""自營商買賣超股數(避險)"":""0"",""三大法人買賣超股數"":""4,000""}"
2026-10-07,TWSE,6534,正瀚-創         ,7000,3000,4000,0,0,0,0,0,0,"{""證券代號"":""6534"",""證券名稱"":""正瀚-創         "",""外陸資買進股數(不含外資自營商)"":""7,000"",""外陸資賣出股數(不含外資自營商)"":""3,000"",""外陸資買賣超股數(不含外資自營商)"":""4,000"",""外資自營商買進股數"":""0"",""外資自營商賣出股數"":""0"",""外資自營商買賣超股數"":""0"",""投信買進股數"":""0"",""投信賣出股數"":""0"",""投信買賣超股數"":""0"",""自營商買賣超股數"":""0"",""自營商買進股數(自行買賣)"":""0"",""自營商賣出股數(自行買賣)"":""0"",""自營商買賣超股數(自行買賣)"":""0"",""自營商買進股數(避險)"":""0"",""自營商賣出股數(避險)"":""0"",""自營商買賣超股數(避險)"":""0"",""三大法人買賣超股數"":""4,000""}"
2026-10-07,TWSE,2380,虹光            ,17000,15000,2000,0,0,0,0,0,2000,"{""證券代號"":""2380"",""證券名稱"":""虹光            "",""外陸資買進股數(不含外資自營商)"":""17,000"",""外陸資賣出股數(不含外資自營商)"":""15,000"",""外陸資買賣超股數(不含外資自營商)"":""2,000"",""外資自營商買進股數"":""0"",""外資自營商賣出股數"":""0"",""外資自營商買賣超股數"":""0"",""投信買進股數"":""0"",""投信賣出股數"":""0"",""投信買賣超股數"":""0"",""自營商買賣超股數"":""2,000"",""自營商買進股數(自行買賣)"":""2,000"",""自營商賣出股數(自行買賣)"":""0"",""自營商買賣超股數(自行買賣)"":""2,000"",""自營商買進股數(避險)"":""0"",""自營商賣出股數(避險)"":""0"",""自營商買賣超股數(避險)"":""0"",""三大法人買賣超股數"":""4,000""}"
2026-10-07,TWSE,1323,永裕            ,5000,1000,4000,0,0,0,0,0,0,"{""證券代號"":""1323"",""證券名稱"":""永裕            "",""外陸資買進股數(不含外資自營商)"":""5,000"",""外陸資賣出股數(不含外資自營商)"":""1,000"",""外陸資買賣超股數(不含外資自營商)"":""4,000"",""外資自營商買進股數"":""0"",""外資自營商賣出股數"":""0"",""外資自營商買賣超股數"":""0"",""投信買進股數"":""0"",""投信賣出股數"":""0"",""投信買賣超股數"":""0"",""自營商買賣超股數"":""0"",""自營商買進股數(自行買賣)"":""0"",""自營商賣出股數(自行買賣)"":""0"",""自營商買賣超股數(自行買賣)"":""0"",""自營商買進股數(避險)"":""0"",""自營商賣出股數(避險)"":""0"",""自營商買賣超股數(避險)"":""0"",""三大法人買賣超股數"":""4,000""}"
2026-10-07,TWSE,6283,淳安            ,8000,4000,4000,0,0,0,0,0,-1,"{""證券代號"":""6283"",""證券名稱"":""淳安            "",""外陸資買進股數(不含外資自營商)"":""8,000"",""外陸資賣出股數(不含外資自營商)"":""4,000"",""外陸資買賣超股數(不含外資自營商)"":""4,000"",""外資自營商買進股數"":""0"",""外資自營商賣出股數"":""0"",""外資自營商買賣超股數"":""0"",""投信買進股數"":""0"",""投信賣出股數"":""0"",""投信買賣超股數"":""0"",""自營商買賣超股數"":""-1"",""自營商買進股數(自行買賣)"":""0"",""自營商賣出股數(自行買賣)"":""1"",""自營商買賣超股數(自行買賣)"":""-1"",""自營商買進股數(避險)"":""0"",""自營商賣出股數(避險)"":""0"",""自營商買賣超股數(避險)"":""0"",""三大法人買賣超股數"":""3,999""}"
2026-10-07,TWSE,00775B,台新投等債15+   ,0,0,0,0,0,0,83053,80000,3053,"{""證券代號"":""00775B"",""證券名稱"":""台新投等債15+   "",""外陸資買進股數(不含外資自營商)"":""0"",""外陸資賣出股數(不含外資自營商)"":""0"",""外陸資買賣超股數(不含外資自營商)"":""0"",""外資自營商買進股數"":""0"",""外資自營商賣出股數"":""0"",""外資自營商買賣超股數"":""0"",""投信買進股數"":""0"",""投信賣出股數"":""0"",""投信買賣超股數"":""0"",""自營商買賣超股數"":""3,053"",""自營商買進股數(自行買賣)"":""0"",""自營商賣出股數(自行買賣)"":""0"",""自營商買賣超股數(自行買賣)"":""0"",""自營商買進股數(避險)"":""83,053"",""自營商賣出股數(避險)"":""80,000"",""自營商買賣超股數(避險)"":""3,053"",""三大法人買賣超股數"":""3,053""}"
2026-10-07,TWSE,6698,旭暉應材        ,91001,88000,3001,0,0,0,0,0,0,"{""證券代號"":""6698"",""證券名稱"":""旭暉應材        "",""外陸資買進股數(不含外資自營商)"":""91,001"",""外陸資賣出股數(不含外資自營商)"":""88,000"",""外陸資買賣超股數(不含外資自營商)"":""3,001"",""外資自營商買進股數"":""0"",""外資自營商賣出股數"":""0"",""外資自營商買賣超股數"":""0"",""投信買進股數"":""0"",""投信賣出股數"":""0"",""投信買賣超股數"":""0"",""自營商買賣超股數"":""0"",""自營商買進股數(自行買賣)"":""0"",""自營商賣出股數(自行買賣)"":""0"",""自營商買賣超股數(自行買賣)"":""0"",""自營商買進股數(避險)"":""0"",""自營商賣出股數(避險)"":""0"",""自營商買賣超股數(避險)"":""0"",""三大法人買賣超股數"":""3,001""}"
2026-10-07,TWSE,6918,愛派司          ,7000,4000,3000,0,0,0,0,0,0,"{""證券代號"":""6918"",""證券名稱"":""愛派司          "",""外陸資買進股數(不含外資自營商)"":""7,000"",""外陸資賣出股數(不含外資自營商)"":""4,000"",""外陸資買賣超股數(不含外資自營商)"":""3,000"",""外資自營商買進股數"":""0"",""外資自營商賣出股數"":""0"",""外資自營商買賣超股數"":""0"",""投信買進股數"":""0"",""投信賣出股數"":""0"",""投信買賣超股數"":""0"",""自營商買賣超股數"":""0"",""自營商買進股數(自行買賣)"":""0"",""自營商賣出股數(自行買賣)"":""0"",""自營商買賣超股數(自行買賣)"":""0"",""自營商買進股數(避險)"":""0"",""自營商賣出股數(避險)"":""0"",""自營商買賣超股數(避險)"":""0"",""三大法人買賣超股數"":""3,000""}"
2026-10-07,TWSE,8467,波力-KY         ,4000,1000,3000,0,0,0,0,0,0,"{""證券代號"":""8467"",""證券名稱"":""波力-KY         "",""外陸資買進股數(不含外資自營商)"":""4,000"",""外陸資賣出股數(不含外資自營商)"":""1,000"",""外陸資買賣超股數(不含外資自營商)"":""3,000"",""外資自營商買進股數"":""0"",""外資自營商賣出股數"":""0"",""外資自營商買賣超股數"":""0"",""投信買進股數"":""0"",""投信賣出股數"":""0"",""投信買賣超股數"":""0"",""自營商買賣超股數"":""0"",""自營商買進股數(自行買賣)"":""0"",""自營商賣出股數(自行買賣)"":""0"",""自營商買賣超股數(自行買賣)"":""0"",""自營商買進股數(避險)"":""0"",""自營商賣出股數(避險)"":""0"",""自營商買賣超股數(避險)"":""0"",""三大法人買賣超股數"":""3,000""}"
2026-10-07,TWSE,1526,日馳            ,6000,3000,3000,0,0,0,0,0,0,"{""證券代號"":""1526"",""證券名稱"":""日馳            "",""外陸資買進股數(不含外資自營商)"":""6,000"",""外陸資賣出股數(不含外資自營商)"":""3,000"",""外陸資買賣超股數(不含外資自營商)"":""3,000"",""外資自營商買進股數"":""0"",""外資自營商賣出股數"":""0"",""外資自營商買賣超股數"":""0"",""投信買進股數"":""0"",""投信賣出股數"":""0"",""投信買賣超股數"":""0"",""自營商買賣超股數"":""0"",""自營商買進股數(自行買賣)"":""0"",""自營商賣出股數(自行買賣)"":""0"",""自營商買賣超股數(自行買賣)"":""0"",""自營商買進股數(避險)"":""0"",""自營商賣出股數(避險)"":""0"",""自營商買賣超股數(避險)"":""0"",""三大法人買賣超股數"":""3,000""}"
2026-10-07,TWSE,1776,展宇            ,2000,5000,-3000,0,0,0,0,0,6000,"{""證券代號"":""1776"",""證券名稱"":""展宇            "",""外陸資買進股數(不含外資自營商)"":""2,000"",""外陸資賣出股數(不含外資自營商)"":""5,000"",""外陸資買賣超股數(不含外資自營商)"":""-3,000"",""外資自營商買進股數"":""0"",""外資自營商賣出股數"":""0"",""外資自營商買賣超股數"":""0"",""投信買進股數"":""0"",""投信賣出股數"":""0"",""投信買賣超股數"":""0"",""自營商買賣超股數"":""6,000"",""自營商買進股數(自行買賣)"":""6,000"",""自營商賣出股數(自行買賣)"":""0"",""自營商買賣超股數(自行買賣)"":""6,000"",""自營商買進股數(避險)"":""0"",""自營商賣出股數(避險)"":""0"",""自營商買賣超股數(避險)"":""0"",""三大法人買賣超股數"":""3,000""}"
2026-10-07,TWSE,1737,臺鹽            ,40000,33000,7000,0,0,0,0,0,-4000,"{""證券代號"":""1737"",""證券名稱"":""臺鹽            "",""外陸資買進股數(不含外資自營商)"":""40,000"",""外陸資賣出股數(不含外資自營商)"":""33,000"",""外陸資買賣超股數(不含外資自營商)"":""7,000"",""外資自營商買進股數"":""0"",""外資自營商賣出股數"":""0"",""外資自營商買賣超股數"":""0"",""投信買進股數"":""0"",""投信賣出股數"":""0"",""投信買賣超股數"":""0"",""自營商買賣超股數"":""-4,000"",""自營商買進股數(自行買賣)"":""0"",""自營商賣出股數(自行買賣)"":""4,000"",""自營商買賣超股數(自行買賣)"":""-4,000"",""自營商買進股數(避險)"":""0"",""自營商賣出股數(避險)"":""0"",""自營商買賣超股數(避險)"":""0"",""三大法人買賣超股數"":""3,000""}"
2026-10-07,TWSE,1233,天仁            ,1000,1000,0,0,0,0,0,0,3000,"{""證券代號"":""1233"",""證券名稱"":""天仁            "",""外陸資買進股數(不含外資自營商)"":""1,000"",""外陸資賣出股數(不含外資自營商)"":""1,000"",""外陸資買賣超股數(不含外資自營商)"":""0"",""外資自營商買進股數"":""0"",""外資自營商賣出股數"":""0"",""外資自營商買賣超股數"":""0"",""投信買進股數"":""0"",""投信賣出股數"":""0"",""投信買賣超股數"":""0"",""自營商買賣超股數"":""3,000"",""自營商買進股數(自行買賣)"":""3,000"",""自營商賣出股數(自行買賣)"":""0"",""自營商買賣超股數(自行買賣)"":""3,000"",""自營商買進股數(避險)"":""0"",""自營商賣出股數(避險)"":""0"",""自營商買賣超股數(避險)"":""0"",""三大法人買賣超股數"":""3,000""}"
2026-10-07,TWSE,1432,大魯閣          ,7000,4000,3000,0,0,0,0,0,0,"{""證券代號"":""1432"",""證券名稱"":""大魯閣          "",""外陸資買進股數(不含外資自營商)"":""7,000"",""外陸資賣出股數(不含外資自營商)"":""4,000"",""外陸資買賣超股數(不含外資自營商)"":""3,000"",""外資自營商買進股數"":""0"",""外資自營商賣出股數"":""0"",""外資自營商買賣超股數"":""0"",""投信買進股數"":""0"",""投信賣出股數"":""0"",""投信買賣超股數"":""0"",""自營商買賣超股數"":""0"",""自營商買進股數(自行買賣)"":""0"",""自營商賣出股數(自行買賣)"":""0"",""自營商買賣超股數(自行買賣)"":""0"",""自營商買進股數(避險)"":""0"",""自營商賣出股數(避險)"":""0"",""自營商買賣超股數(避險)"":""0"",""三大法人買賣超股數"":""3,000""}"
2026-10-07,TWSE,4737,華廣            ,9000,6000,3000,0,0,0,0,0,0,"{""證券代號"":""4737"",""證券名稱"":""華廣            "",""外陸資買進股數(不含外資自營商)"":""9,000"",""外陸資賣出股數(不含外資自營商)"":""6,000"",""外陸資買賣超股數(不含外資自營商)"":""3,000"",""外資自營商買進股數"":""0"",""外資自營商賣出股數"":""0"",""外資自營商買賣超股數"":""0"",""投信買進股數"":""0"",""投信賣出股數"":""0"",""投信買賣超股數"":""0"",""自營商買賣超股數"":""0"",""自營商買進股數(自行買賣)"":""0"",""自營商賣出股數(自行買賣)"":""0"",""自營商買賣超股數(自行買賣)"":""0"",""自營商買進股數(避險)"":""0"",""自營商賣出股數(避險)"":""0"",""自營商買賣超股數(避險)"":""0"",""三大法人買賣超股數"":""3,000""}"
2026-10-07,TWSE,1525,江申            ,1000,2000,-1000,0,0,0,4000,0,3953,"{""證券代號"":""1525"",""證券名稱"":""江申            "",""外陸資買進股數(不含外資自營商)"":""1,000"",""外陸資賣出股數(不含外資自營商)"":""2,000"",""外陸資買賣超股數(不含外資自營商)"":""-1,000"",""外資自營商買進股數"":""0"",""外資自營商賣出股數"":""0"",""外資自營商買賣超股數"":""0"",""投信買進股數"":""0"",""投信賣出股數"":""0"",""投信買賣超股數"":""0"",""自營商買賣超股數"":""3,953"",""自營商買進股數(自行買賣)"":""0"",""自營商賣出股數(自行買賣)"":""47"",""自營商買賣超股數(自行買賣)"":""-47"",""自營商買進股數(避險)"":""4,000"",""自營商賣出股數(避險)"":""0"",""自營商買賣超股數(避險)"":""4,000"",""三大法人買賣超股數"":""2,953""}"
2026-10-07,TWSE,00711B,復華彭博新興債  ,7000,0,7000,0,0,0,101527,105638,-4111,"{""證券代號"":""00711B"",""證券名稱"":""復華彭博新興債  "",""外陸資買進股數(不含外資自營商)"":""7,000"",""外陸資賣出股數(不含外資自營商)"":""0"",""外陸資買賣超股數(不含外資自營商)"":""7,000"",""外資自營商買進股數"":""0"",""外資自營商賣出股數"":""0"",""外資自營商買賣超股數"":""0"",""投信買進股數"":""0"",""投信賣出股數"":""0"",""投信買賣超股數"":""0"",""自營商買賣超股數"":""-4,111"",""自營商買進股數(自行買賣)"":""0"",""自營商賣出股數(自行買賣)"":""0"",""自營商買賣超股數(自行買賣)"":""0"",""自營商買進股數(避險)"":""101,527"",""自營商賣出股數(避險)"":""105,638"",""自營商買賣超股數(避險)"":""-4,111"",""三大法人買賣超股數"":""2,889""}"
2026-10-07,TWSE,1558,伸興            ,14100,14042,58,0,0,0,4000,2000,2000,"{""證券代號"":""1558"",""證券名稱"":""伸興            "",""外陸資買進股數(不含外資自營商)"":""14,100"",""外陸資賣出股數(不含外資自營商)"":""14,042"",""外陸資買賣超股數(不含外資自營商)"":""58"",""外資自營商買進股數"":""0"",""外資自營商賣出股數"":""0"",""外資自營商買賣超股數"":""0"",""投信買進股數"":""0"",""投信賣出股數"":""0"",""投信買賣超股數"":""0"",""自營商買賣超股數"":""2,000"",""自營商買進股數(自行買賣)"":""0"",""自營商賣出股數(自行買賣)"":""0"",""自營商買賣超股數(自行買賣)"":""0"",""自營商買進股數(避險)"":""4,000"",""自營商賣出股數(避險)"":""2,000"",""自營商買賣超股數(避險)"":""2,000"",""三大法人買賣超股數"":""2,058""}"
2026-10-07,TWSE,1454,台富            ,4000,2000,2000,0,0,0,0,0,0,"{""證券代號"":""1454"",""證券名稱"":""台富            "",""外陸資買進股數(不含外資自營商)"":""4,000"",""外陸資賣出股數(不含外資自營商)"":""2,000"",""外陸資買賣超股數(不含外資自營商)"":""2,000"",""外資自營商買進股數"":""0"",""外資自營商賣出股數"":""0"",""外資自營商買賣超股數"":""0"",""投信買進股數"":""0"",""投信賣出股數"":""0"",""投信買賣超股數"":""0"",""自營商買賣超股數"":""0"",""自營商買進股數(自行買賣)"":""0"",""自營商賣出股數(自行買賣)"":""0"",""自營商買賣超股數(自行買賣)"":""0"",""自營商買進股數(避險)"":""0"",""自營商賣出股數(避險)"":""0"",""自營商買賣超股數(避險)"":""0"",""三大法人買賣超股數"":""2,000""}"
2026-10-07,TWSE,1726,永記            ,6000,7000,-1000,0,0,0,0,0,3000,"{""證券代號"":""1726"",""證券名稱"":""永記            "",""外陸資買進股數(不含外資自營商)"":""6,000"",""外陸資賣出股數(不含外資自營商)"":""7,000"",""外陸資買賣超股數(不含外資自營商)"":""-1,000"",""外資自營商買進股數"":""0"",""外資自營商賣出股數"":""0"",""外資自營商買賣超股數"":""0"",""投信買進股數"":""0"",""投信賣出股數"":""0"",""投信買賣超股數"":""0"",""自營商買賣超股數"":""3,000"",""自營商買進股數(自行買賣)"":""3,000"",""自營商賣出股數(自行買賣)"":""0"",""自營商買賣超股數(自行買賣)"":""3,000"",""自營商買進股數(避險)"":""0"",""自營商賣出股數(避險)"":""0"",""自營商買賣超股數(避險)"":""0"",""三大法人買賣超股數"":""2,000""}"
2026-10-07,TWSE,6835,圓裕            ,4000,2000,2000,0,0,0,0,0,0,"{""證券代號"":""6835"",""證券名稱"":""圓裕            "",""外陸資買進股數(不含外資自營商)"":""4,000"",""外陸資賣出股數(不含外資自營商)"":""2,000"",""外陸資買賣超股數(不含外資自營商)"":""2,000"",""外資自營商買進股數"":""0"",""外資自營商賣出股數"":""0"",""外資自營商買賣超股數"":""0"",""投信買進股數"":""0"",""投信賣出股數"":""0"",""投信買賣超股數"":""0"",""自營商買賣超股數"":""0"",""自營商買進股數(自行買賣)"":""0"",""自營商賣出股數(自行買賣)"":""0"",""自營商買賣超股數(自行買賣)"":""0"",""自營商買進股數(避險)"":""0"",""自營商賣出股數(避險)"":""0"",""自營商買賣超股數(避險)"":""0"",""三大法人買賣超股數"":""2,000""}"
2026-10-07,TWSE,6792,詠業            ,3000,4000,-1000,0,0,0,0,0,3000,"{""證券代號"":""6792"",""證券名稱"":""詠業            "",""外陸資買進股數(不含外資自營商)"":""3,000"",""外陸資賣出股數(不含外資自營商)"":""4,000"",""外陸資買賣超股數(不含外資自營商)"":""-1,000"",""外資自營商買進股數"":""0"",""外資自營商賣出股數"":""0"",""外資自營商買賣超股數"":""0"",""投信買進股數"":""0"",""投信賣出股數"":""0"",""投信買賣超股數"":""0"",""自營商買賣超股數"":""3,000"",""自營商買進股數(自行買賣)"":""3,000"",""自營商賣出股數(自行買賣)"":""0"",""自營商買賣超股數(自行買賣)"":""3,000"",""自營商買進股數(避險)"":""0"",""自營商賣出股數(避險)"":""0"",""自營商買賣超股數(避險)"":""0"",""三大法人買賣超股數"":""2,000""}"
2026-10-07,TWSE,4439,冠星-KY         ,2000,0,2000,0,0,0,0,0,0,"{""證券代號"":""4439"",""證券名稱"":""冠星-KY         "",""外陸資買進股數(不含外資自營商)"":""2,000"",""外陸資賣出股數(不含外資自營商)"":""0"",""外陸資買賣超股數(不含外資自營商)"":""2,000"",""外資自營商買進股數"":""0"",""外資自營商賣出股數"":""0"",""外資自營商買賣超股數"":""0"",""投信買進股數"":""0"",""投信賣出股數"":""0"",""投信買賣超股數"":""0"",""自營商買賣超股數"":""0"",""自營商買進股數(自行買賣)"":""0"",""自營商賣出股數(自行買賣)"":""0"",""自營商買賣超股數(自行買賣)"":""0"",""自營商買進股數(避險)"":""0"",""自營商賣出股數(避險)"":""0"",""自營商買賣超股數(避險)"":""0"",""三大法人買賣超股數"":""2,000""}"
2026-10-07,TWSE,1419,新紡            ,7000,4000,3000,0,1000,-1000,0,0,0,"{""證券代號"":""1419"",""證券名稱"":""新紡            "",""外陸資買進股數(不含外資自營商)"":""7,000"",""外陸資賣出股數(不含外資自營商)"":""4,000"",""外陸資買賣超股數(不含外資自營商)"":""3,000"",""外資自營商買進股數"":""0"",""外資自營商賣出股數"":""0"",""外資自營商買賣超股數"":""0"",""投信買進股數"":""0"",""投信賣出股數"":""1,000"",""投信買賣超股數"":""-1,000"",""自營商買賣超股數"":""0"",""自營商買進股數(自行買賣)"":""0"",""自營商賣出股數(自行買賣)"":""0"",""自營商買賣超股數(自行買賣)"":""0"",""自營商買進股數(避險)"":""0"",""自營商賣出股數(避險)"":""0"",""自營商買賣超股數(避險)"":""0"",""三大法人買賣超股數"":""2,000""}"
2026-10-07,TWSE,6431,光麗-KY         ,8000,3000,5000,0,0,0,0,0,-3000,"{""證券代號"":""6431"",""證券名稱"":""光麗-KY         "",""外陸資買進股數(不含外資自營商)"":""8,000"",""外陸資賣出股數(不含外資自營商)"":""3,000"",""外陸資買賣超股數(不含外資自營商)"":""5,000"",""外資自營商買進股數"":""0"",""外資自營商賣出股數"":""0"",""外資自營商買賣超股數"":""0"",""投信買進股數"":""0"",""投信賣出股數"":""0"",""投信買賣超股數"":""0"",""自營商買賣超股數"":""-3,000"",""自營商買進股數(自行買賣)"":""0"",""自營商賣出股數(自行買賣)"":""3,000"",""自營商買賣超股數(自行買賣)"":""-3,000"",""自營商買進股數(避險)"":""0"",""自營商賣出股數(避險)"":""0"",""自營商買賣超股數(避險)"":""0"",""三大法人買賣超股數"":""2,000""}"
2026-10-07,TWSE,3150,鈺寶-創         ,3000,8000,-5000,0,0,0,14953,9033,6920,"{""證券代號"":""3150"",""證券名稱"":""鈺寶-創         "",""外陸資買進股數(不含外資自營商)"":""3,000"",""外陸資賣出股數(不含外資自營商)"":""8,000"",""外陸資買賣超股數(不含外資自營商)"":""-5,000"",""外資自營商買進股數"":""0"",""外資自營商賣出股數"":""0"",""外資自營商買賣超股數"":""0"",""投信買進股數"":""0"",""投信賣出股數"":""0"",""投信買賣超股數"":""0"",""自營商買賣超股數"":""6,920"",""自營商買進股數(自行買賣)"":""3,000"",""自營商賣出股數(自行買賣)"":""2,000"",""自營商買賣超股數(自行買賣)"":""1,000"",""自營商買進股數(避險)"":""14,953"",""自營商賣出股數(避險)"":""9,033"",""自營商買賣超股數(避險)"":""5,920"",""三大法人買賣超股數"":""1,920""}"
2026-10-07,TWSE,7823,奧義賽博-KY創   ,0,1000,-1000,0,0,0,3000,167,2833,"{""證券代號"":""7823"",""證券名稱"":""奧義賽博-KY創   "",""外陸資買進股數(不含外資自營商)"":""0"",""外陸資賣出股數(不含外資自營商)"":""1,000"",""外陸資買賣超股數(不含外資自營商)"":""-1,000"",""外資自營商買進股數"":""0"",""外資自營商賣出股數"":""0"",""外資自營商買賣超股數"":""0"",""投信買進股數"":""0"",""投信賣出股數"":""0"",""投信買賣超股數"":""0"",""自營商買賣超股數"":""2,833"",""自營商買進股數(自行買賣)"":""0"",""自營商賣出股數(自行買賣)"":""0"",""自營商買賣超股數(自行買賣)"":""0"",""自營商買進股數(避險)"":""3,000"",""自營商賣出股數(避險)"":""167"",""自營商買賣超股數(避險)"":""2,833"",""三大法人買賣超股數"":""1,833""}"
2026-10-07,TWSE,3048,益登            ,380767,405000,-24233,0,0,0,21000,1,25999,"{""證券代號"":""3048"",""證券名稱"":""益登            "",""外陸資買進股數(不含外資自營商)"":""380,767"",""外陸資賣出股數(不含外資自營商)"":""405,000"",""外陸資買賣超股數(不含外資自營商)"":""-24,233"",""外資自營商買進股數"":""0"",""外資自營商賣出股數"":""0"",""外資自營商買賣超股數"":""0"",""投信買進股數"":""0"",""投信賣出股數"":""0"",""投信買賣超股數"":""0"",""自營商買賣超股數"":""25,999"",""自營商買進股數(自行買賣)"":""5,000"",""自營商賣出股數(自行買賣)"":""0"",""自營商買賣超股數(自行買賣)"":""5,000"",""自營商買進股數(避險)"":""21,000"",""自營商賣出股數(避險)"":""1"",""自營商買賣超股數(避險)"":""20,999"",""三大法人買賣超股數"":""1,766""}"
2026-10-07,TWSE,7631,聚賢研發-創     ,6000,5000,1000,0,0,0,1219,497,722,"{""證券代號"":""7631"",""證券名稱"":""聚賢研發-創     "",""外陸資買進股數(不含外資自營商)"":""6,000"",""外陸資賣出股數(不含外資自營商)"":""5,000"",""外陸資買賣超股數(不含外資自營商)"":""1,000"",""外資自營商買進股數"":""0"",""外資自營商賣出股數"":""0"",""外資自營商買賣超股數"":""0"",""投信買進股數"":""0"",""投信賣出股數"":""0"",""投信買賣超股數"":""0"",""自營商買賣超股數"":""722"",""自營商買進股數(自行買賣)"":""0"",""自營商賣出股數(自行買賣)"":""0"",""自營商買賣超股數(自行買賣)"":""0"",""自營商買進股數(避險)"":""1,219"",""自營商賣出股數(避險)"":""497"",""自營商買賣超股數(避險)"":""722"",""三大法人買賣超股數"":""1,722""}"
2026-10-07,TWSE,2906,高林            ,6000,5000,1000,0,0,0,5000,4420,580,"{""證券代號"":""2906"",""證券名稱"":""高林            "",""外陸資買進股數(不含外資自營商)"":""6,000"",""外陸資賣出股數(不含外資自營商)"":""5,000"",""外陸資買賣超股數(不含外資自營商)"":""1,000"",""外資自營商買進股數"":""0"",""外資自營商賣出股數"":""0"",""外資自營商買賣超股數"":""0"",""投信買進股數"":""0"",""投信賣出股數"":""0"",""投信買賣超股數"":""0"",""自營商買賣超股數"":""580"",""自營商買進股數(自行買賣)"":""0"",""自營商賣出股數(自行買賣)"":""0"",""自營商買賣超股數(自行買賣)"":""0"",""自營商買進股數(避險)"":""5,000"",""自營商賣出股數(避險)"":""4,420"",""自營商買賣超股數(避險)"":""580"",""三大法人買賣超股數"":""1,580""}"
2026-10-07,TWSE,8442,威宏-KY         ,6000,2000,4000,0,591,-591,0,0,-2000,"{""證券代號"":""8442"",""證券名稱"":""威宏-KY         "",""外陸資買進股數(不含外資自營商)"":""6,000"",""外陸資賣出股數(不含外資自營商)"":""2,000"",""外陸資買賣超股數(不含外資自營商)"":""4,000"",""外資自營商買進股數"":""0"",""外資自營商賣出股數"":""0"",""外資自營商買賣超股數"":""0"",""投信買進股數"":""0"",""投信賣出股數"":""591"",""投信買賣超股數"":""-591"",""自營商買賣超股數"":""-2,000"",""自營商買進股數(自行買賣)"":""1,000"",""自營商賣出股數(自行買賣)"":""3,000"",""自營商買賣超股數(自行買賣)"":""-2,000"",""自營商買進股數(避險)"":""0"",""自營商賣出股數(避險)"":""0"",""自營商買賣超股數(避險)"":""0"",""三大法人買賣超股數"":""1,409""}"
2026-10-07,TWSE,009809,富邦淨零ESG50   ,0,1000,-1000,0,0,0,14250,12002,2248,"{""證券代號"":""009809"",""證券名稱"":""富邦淨零ESG50   "",""外陸資買進股數(不含外資自營商)"":""0"",""外陸資賣出股數(不含外資自營商)"":""1,000"",""外陸資買賣超股數(不含外資自營商)"":""-1,000"",""外資自營商買進股數"":""0"",""外資自營商賣出股數"":""0"",""外資自營商買賣超股數"":""0"",""投信買進股數"":""0"",""投信賣出股數"":""0"",""投信買賣超股數"":""0"",""自營商買賣超股數"":""2,248"",""自營商買進股數(自行買賣)"":""0"",""自營商賣出股數(自行買賣)"":""0"",""自營商買賣超股數(自行買賣)"":""0"",""自營商買進股數(避險)"":""14,250"",""自營商賣出股數(避險)"":""12,002"",""自營商買賣超股數(避險)"":""2,248"",""三大法人買賣超股數"":""1,248""}"
2026-10-07,TWSE,6924,榮惠-KY創       ,1000,5000,-4000,0,0,0,9401,4162,5239,"{""證券代號"":""6924"",""證券名稱"":""榮惠-KY創       "",""外陸資買進股數(不含外資自營商)"":""1,000"",""外陸資賣出股數(不含外資自營商)"":""5,000"",""外陸資買賣超股數(不含外資自營商)"":""-4,000"",""外資自營商買進股數"":""0"",""外資自營商賣出股數"":""0"",""外資自營商買賣超股數"":""0"",""投信買進股數"":""0"",""投信賣出股數"":""0"",""投信買賣超股數"":""0"",""自營商買賣超股數"":""5,239"",""自營商買進股數(自行買賣)"":""0"",""自營商賣出股數(自行買賣)"":""0"",""自營商買賣超股數(自行買賣)"":""0"",""自營商買進股數(避險)"":""9,401"",""自營商賣出股數(避險)"":""4,162"",""自營商買賣超股數(避險)"":""5,239"",""三大法人買賣超股數"":""1,239""}"
2026-10-07,TWSE,3447,展達            ,3000,2000,1000,0,0,0,0,0,0,"{""證券代號"":""3447"",""證券名稱"":""展達            "",""外陸資買進股數(不含外資自營商)"":""3,000"",""外陸資賣出股數(不含外資自營商)"":""2,000"",""外陸資買賣超股數(不含外資自營商)"":""1,000"",""外資自營商買進股數"":""0"",""外資自營商賣出股數"":""0"",""外資自營商買賣超股數"":""0"",""投信買進股數"":""0"",""投信賣出股數"":""0"",""投信買賣超股數"":""0"",""自營商買賣超股數"":""0"",""自營商買進股數(自行買賣)"":""0"",""自營商賣出股數(自行買賣)"":""0"",""自營商買賣超股數(自行買賣)"":""0"",""自營商買進股數(避險)"":""0"",""自營商賣出股數(避險)"":""0"",""自營商買賣超股數(避險)"":""0"",""三大法人買賣超股數"":""1,000""}"
2026-10-07,TWSE,3494,誠研            ,2000,1000,1000,0,0,0,0,0,0,"{""證券代號"":""3494"",""證券名稱"":""誠研            "",""外陸資買進股數(不含外資自營商)"":""2,000"",""外陸資賣出股數(不含外資自營商)"":""1,000"",""外陸資買賣超股數(不含外資自營商)"":""1,000"",""外資自營商買進股數"":""0"",""外資自營商賣出股數"":""0"",""外資自營商買賣超股數"":""0"",""投信買進股數"":""0"",""投信賣出股數"":""0"",""投信買賣超股數"":""0"",""自營商買賣超股數"":""0"",""自營商買進股數(自行買賣)"":""0"",""自營商賣出股數(自行買賣)"":""0"",""自營商買賣超股數(自行買賣)"":""0"",""自營商買進股數(避險)"":""0"",""自營商賣出股數(避險)"":""0"",""自營商買賣超股數(避險)"":""0"",""三大法人買賣超股數"":""1,000""}"
2026-10-07,TWSE,3432,台端            ,2000,1000,1000,0,0,0,0,0,0,"{""證券代號"":""3432"",""證券名稱"":""台端            "",""外陸資買進股數(不含外資自營商)"":""2,000"",""外陸資賣出股數(不含外資自營商)"":""1,000"",""外陸資買賣超股數(不含外資自營商)"":""1,000"",""外資自營商買進股數"":""0"",""外資自營商賣出股數"":""0"",""外資自營商買賣超股數"":""0"",""投信買進股數"":""0"",""投信賣出股數"":""0"",""投信買賣超股數"":""0"",""自營商買賣超股數"":""0"",""自營商買進股數(自行買賣)"":""0"",""自營商賣出股數(自行買賣)"":""0"",""自營商買賣超股數(自行買賣)"":""0"",""自營商買進股數(避險)"":""0"",""自營商賣出股數(避險)"":""0"",""自營商買賣超股數(避險)"":""0"",""三大法人買賣超股數"":""1,000""}"
2026-10-07,TWSE,1410,南染            ,4000,3000,1000,0,0,0,0,0,0,"{""證券代號"":""1410"",""證券名稱"":""南染            "",""外陸資買進股數(不含外資自營商)"":""4,000"",""外陸資賣出股數(不含外資自營商)"":""3,000"",""外陸資買賣超股數(不含外資自營商)"":""1,000"",""外資自營商買進股數"":""0"",""外資自營商賣出股數"":""0"",""外資自營商買賣超股數"":""0"",""投信買進股數"":""0"",""投信賣出股數"":""0"",""投信買賣超股數"":""0"",""自營商買賣超股數"":""0"",""自營商買進股數(自行買賣)"":""0"",""自營商賣出股數(自行買賣)"":""0"",""自營商買賣超股數(自行買賣)"":""0"",""自營商買進股數(避險)"":""0"",""自營商賣出股數(避險)"":""0"",""自營商買賣超股數(避險)"":""0"",""三大法人買賣超股數"":""1,000""}"
2026-10-07,TWSE,6201,亞弘電          ,2000,3000,-1000,0,0,0,0,0,2000,"{""證券代號"":""6201"",""證券名稱"":""亞弘電          "",""外陸資買進股數(不含外資自營商)"":""2,000"",""外陸資賣出股數(不含外資自營商)"":""3,000"",""外陸資買賣超股數(不含外資自營商)"":""-1,000"",""外資自營商買進股數"":""0"",""外資自營商賣出股數"":""0"",""外資自營商買賣超股數"":""0"",""投信買進股數"":""0"",""投信賣出股數"":""0"",""投信買賣超股數"":""0"",""自營商買賣超股數"":""2,000"",""自營商買進股數(自行買賣)"":""2,000"",""自營商賣出股數(自行買賣)"":""0"",""自營商買賣超股數(自行買賣)"":""2,000"",""自營商買進股數(避險)"":""0"",""自營商賣出股數(避險)"":""0"",""自營商買賣超股數(避險)"":""0"",""三大法人買賣超股數"":""1,000""}"
2026-10-07,TWSE,2748,雲品            ,1000,0,1000,0,0,0,0,0,0,"{""證券代號"":""2748"",""證券名稱"":""雲品            "",""外陸資買進股數(不含外資自營商)"":""1,000"",""外陸資賣出股數(不含外資自營商)"":""0"",""外陸資買賣超股數(不含外資自營商)"":""1,000"",""外資自營商買進股數"":""0"",""外資自營商賣出股數"":""0"",""外資自營商買賣超股數"":""0"",""投信買進股數"":""0"",""投信賣出股數"":""0"",""投信買賣超股數"":""0"",""自營商買賣超股數"":""0"",""自營商買進股數(自行買賣)"":""0"",""自營商賣出股數(自行買賣)"":""0"",""自營商買賣超股數(自行買賣)"":""0"",""自營商買進股數(避險)"":""0"",""自營商賣出股數(避險)"":""0"",""自營商買賣超股數(避險)"":""0"",""三大法人買賣超股數"":""1,000""}"
2026-10-07,TWSE,6671,三能-KY         ,1000,0,1000,0,0,0,0,0,0,"{""證券代號"":""6671"",""證券名稱"":""三能-KY         "",""外陸資買進股數(不含外資自營商)"":""1,000"",""外陸資賣出股數(不含外資自營商)"":""0"",""外陸資買賣超股數(不含外資自營商)"":""1,000"",""外資自營商買進股數"":""0"",""外資自營商賣出股數"":""0"",""外資自營商買賣超股數"":""0"",""投信買進股數"":""0"",""投信賣出股數"":""0"",""投信買賣超股數"":""0"",""自營商買賣超股數"":""0"",""自營商買進股數(自行買賣)"":""0"",""自營商賣出股數(自行買賣)"":""0"",""自營商買賣超股數(自行買賣)"":""0"",""自營商買進股數(避險)"":""0"",""自營商賣出股數(避險)"":""0"",""自營商買賣超股數(避險)"":""0"",""三大法人買賣超股數"":""1,000""}"
2026-10-07,TWSE,8463,潤泰材          ,3000,2000,1000,0,0,0,0,0,0,"{""證券代號"":""8463"",""證券名稱"":""潤泰材          "",""外陸資買進股數(不含外資自營商)"":""3,000"",""外陸資賣出股數(不含外資自營商)"":""2,000"",""外陸資買賣超股數(不含外資自營商)"":""1,000"",""外資自營商買進股數"":""0"",""外資自營商賣出股數"":""0"",""外資自營商買賣超股數"":""0"",""投信買進股數"":""0"",""投信賣出股數"":""0"",""投信買賣超股數"":""0"",""自營商買賣超股數"":""0"",""自營商買進股數(自行買賣)"":""0"",""自營商賣出股數(自行買賣)"":""0"",""自營商買賣超股數(自行買賣)"":""0"",""自營商買進股數(避險)"":""0"",""自營商賣出股數(避險)"":""0"",""自營商買賣超股數(避險)"":""0"",""三大法人買賣超股數"":""1,000""}"
2026-10-07,TWSE,8481,政伸            ,1000,0,1000,0,0,0,0,0,0,"{""證券代號"":""8481"",""證券名稱"":""政伸            "",""外陸資買進股數(不含外資自營商)"":""1,000"",""外陸資賣出股數(不含外資自營商)"":""0"",""外陸資買賣超股數(不含外資自營商)"":""1,000"",""外資自營商買進股數"":""0"",""外資自營商賣出股數"":""0"",""外資自營商買賣超股數"":""0"",""投信買進股數"":""0"",""投信賣出股數"":""0"",""投信買賣超股數"":""0"",""自營商買賣超股數"":""0"",""自營商買進股數(自行買賣)"":""0"",""自營商賣出股數(自行買賣)"":""0"",""自營商買賣超股數(自行買賣)"":""0"",""自營商買進股數(避險)"":""0"",""自營商賣出股數(避險)"":""0"",""自營商買賣超股數(避險)"":""0"",""三大法人買賣超股數"":""1,000""}"
2026-10-07,TWSE,9937,全國            ,4000,3000,1000,0,0,0,0,0,0,"{""證券代號"":""9937"",""證券名稱"":""全國            "",""外陸資買進股數(不含外資自營商)"":""4,000"",""外陸資賣出股數(不含外資自營商)"":""3,000"",""外陸資買賣超股數(不含外資自營商)"":""1,000"",""外資自營商買進股數"":""0"",""外資自營商賣出股數"":""0"",""外資自營商買賣超股數"":""0"",""投信買進股數"":""0"",""投信賣出股數"":""0"",""投信買賣超股數"":""0"",""自營商買賣超股數"":""0"",""自營商買進股數(自行買賣)"":""0"",""自營商賣出股數(自行買賣)"":""0"",""自營商買賣超股數(自行買賣)"":""0"",""自營商買進股數(避險)"":""0"",""自營商賣出股數(避險)"":""0"",""自營商買賣超股數(避險)"":""0"",""三大法人買賣超股數"":""1,000""}"
2026-10-07,TWSE,1470,大統新創        ,1000,0,1000,0,0,0,0,0,0,"{""證券代號"":""1470"",""證券名稱"":""大統新創        "",""外陸資買進股數(不含外資自營商)"":""1,000"",""外陸資賣出股數(不含外資自營商)"":""0"",""外陸資買賣超股數(不含外資自營商)"":""1,000"",""外資自營商買進股數"":""0"",""外資自營商賣出股數"":""0"",""外資自營商買賣超股數"":""0"",""投信買進股數"":""0"",""投信賣出股數"":""0"",""投信買賣超股數"":""0"",""自營商買賣超股數"":""0"",""自營商買進股數(自行買賣)"":""0"",""自營商賣出股數(自行買賣)"":""0"",""自營商買賣超股數(自行買賣)"":""0"",""自營商買進股數(避險)"":""0"",""自營商賣出股數(避險)"":""0"",""自營商買賣超股數(避險)"":""0"",""三大法人買賣超股數"":""1,000""}"
2026-10-07,TWSE,1468,昶和            ,2000,5000,-3000,0,0,0,0,0,4000,"{""證券代號"":""1468"",""證券名稱"":""昶和            "",""外陸資買進股數(不含外資自營商)"":""2,000"",""外陸資賣出股數(不含外資自營商)"":""5,000"",""外陸資買賣超股數(不含外資自營商)"":""-3,000"",""外資自營商買進股數"":""0"",""外資自營商賣出股數"":""0"",""外資自營商買賣超股數"":""0"",""投信買進股數"":""0"",""投信賣出股數"":""0"",""投信買賣超股數"":""0"",""自營商買賣超股數"":""4,000"",""自營商買進股數(自行買賣)"":""4,000"",""自營商賣出股數(自行買賣)"":""0"",""自營商買賣超股數(自行買賣)"":""4,000"",""自營商買進股數(避險)"":""0"",""自營商賣出股數(避險)"":""0"",""自營商買賣超股數(避險)"":""0"",""三大法人買賣超股數"":""1,000""}"
2026-10-07,TWSE,1626,艾美特-KY       ,3000,5000,-2000,0,0,0,0,0,3000,"{""證券代號"":""1626"",""證券名稱"":""艾美特-KY       "",""外陸資買進股數(不含外資自營商)"":""3,000"",""外陸資賣出股數(不含外資自營商)"":""5,000"",""外陸資買賣超股數(不含外資自營商)"":""-2,000"",""外資自營商買進股數"":""0"",""外資自營商賣出股數"":""0"",""外資自營商買賣超股數"":""0"",""投信買進股數"":""0"",""投信賣出股數"":""0"",""投信買賣超股數"":""0"",""自營商買賣超股數"":""3,000"",""自營商買進股數(自行買賣)"":""3,000"",""自營商賣出股數(自行買賣)"":""0"",""自營商買賣超股數(自行買賣)"":""3,000"",""自營商買進股數(避險)"":""0"",""自營商賣出股數(避險)"":""0"",""自營商買賣超股數(避險)"":""0"",""三大法人買賣超股數"":""1,000""}"
2026-10-07,TWSE,4994,傳奇            ,2000,1000,1000,0,0,0,0,0,-12,"{""證券代號"":""4994"",""證券名稱"":""傳奇            "",""外陸資買進股數(不含外資自營商)"":""2,000"",""外陸資賣出股數(不含外資自營商)"":""1,000"",""外陸資買賣超股數(不含外資自營商)"":""1,000"",""外資自營商買進股數"":""0"",""外資自營商賣出股數"":""0"",""外資自營商買賣超股數"":""0"",""投信買進股數"":""0"",""投信賣出股數"":""0"",""投信買賣超股數"":""0"",""自營商買賣超股數"":""-12"",""自營商買進股數(自行買賣)"":""0"",""自營商賣出股數(自行買賣)"":""12"",""自營商買賣超股數(自行買賣)"":""-12"",""自營商買進股數(避險)"":""0"",""自營商賣出股數(避險)"":""0"",""自營商買賣超股數(避險)"":""0"",""三大法人買賣超股數"":""988""}"
2026-10-07,TWSE,3413,京鼎            ,222250,205846,16404,0,0,0,7000,22433,-15433,"{""證券代號"":""3413"",""證券名稱"":""京鼎            "",""外陸資買進股數(不含外資自營商)"":""222,250"",""外陸資賣出股數(不含外資自營商)"":""205,846"",""外陸資買賣超股數(不含外資自營商)"":""16,404"",""外資自營商買進股數"":""0"",""外資自營商賣出股數"":""0"",""外資自營商買賣超股數"":""0"",""投信買進股數"":""0"",""投信賣出股數"":""0"",""投信買賣超股數"":""0"",""自營商買賣超股數"":""-15,433"",""自營商買進股數(自行買賣)"":""0"",""自營商賣出股數(自行買賣)"":""0"",""自營商買賣超股數(自行買賣)"":""0"",""自營商買進股數(避險)"":""7,000"",""自營商賣出股數(避險)"":""22,433"",""自營商買賣超股數(避險)"":""-15,433"",""三大法人買賣超股數"":""971""}"
2026-10-07,TWSE,1256,鮮活果汁-KY     ,6920,7000,-80,0,0,0,0,0,1000,"{""證券代號"":""1256"",""證券名稱"":""鮮活果汁-KY     "",""外陸資買進股數(不含外資自營商)"":""6,920"",""外陸資賣出股數(不含外資自營商)"":""7,000"",""外陸資買賣超股數(不含外資自營商)"":""-80"",""外資自營商買進股數"":""0"",""外資自營商賣出股數"":""0"",""外資自營商買賣超股數"":""0"",""投信買進股數"":""0"",""投信賣出股數"":""0"",""投信買賣超股數"":""0"",""自營商買賣超股數"":""1,000"",""自營商買進股數(自行買賣)"":""1,000"",""自營商賣出股數(自行買賣)"":""0"",""自營商買賣超股數(自行買賣)"":""1,000"",""自營商買進股數(避險)"":""0"",""自營商賣出股數(避險)"":""0"",""自營商買賣超股數(避險)"":""0"",""三大法人買賣超股數"":""920""}"
2026-10-07,TWSE,1467,南緯            ,86687,71000,15687,0,0,0,0,0,-15008,"{""證券代號"":""1467"",""證券名稱"":""南緯            "",""外陸資買進股數(不含外資自營商)"":""86,687"",""外陸資賣出股數(不含外資自營商)"":""71,000"",""外陸資買賣超股數(不含外資自營商)"":""15,687"",""外資自營商買進股數"":""0"",""外資自營商賣出股數"":""0"",""外資自營商買賣超股數"":""0"",""投信買進股數"":""0"",""投信賣出股數"":""0"",""投信買賣超股數"":""0"",""自營商買賣超股數"":""-15,008"",""自營商買進股數(自行買賣)"":""6,000"",""自營商賣出股數(自行買賣)"":""21,008"",""自營商買賣超股數(自行買賣)"":""-15,008"",""自營商買進股數(避險)"":""0"",""自營商賣出股數(避險)"":""0"",""自營商買賣超股數(避險)"":""0"",""三大法人買賣超股數"":""679""}"
2026-10-07,TWSE,8487,愛爾達-創       ,0,0,0,0,0,0,1000,602,398,"{""證券代號"":""8487"",""證券名稱"":""愛爾達-創       "",""外陸資買進股數(不含外資自營商)"":""0"",""外陸資賣出股數(不含外資自營商)"":""0"",""外陸資買賣超股數(不含外資自營商)"":""0"",""外資自營商買進股數"":""0"",""外資自營商賣出股數"":""0"",""外資自營商買賣超股數"":""0"",""投信買進股數"":""0"",""投信賣出股數"":""0"",""投信買賣超股數"":""0"",""自營商買賣超股數"":""398"",""自營商買進股數(自行買賣)"":""0"",""自營商賣出股數(自行買賣)"":""0"",""自營商買賣超股數(自行買賣)"":""0"",""自營商買進股數(避險)"":""1,000"",""自營商賣出股數(避險)"":""602"",""自營商買賣超股數(避險)"":""398"",""三大法人買賣超股數"":""398""}"
2026-10-07,TWSE,6988,威力暘-創       ,0,6000,-6000,0,0,0,34037,27000,6037,"{""證券代號"":""6988"",""證券名稱"":""威力暘-創       "",""外陸資買進股數(不含外資自營商)"":""0"",""外陸資賣出股數(不含外資自營商)"":""6,000"",""外陸資買賣超股數(不含外資自營商)"":""-6,000"",""外資自營商買進股數"":""0"",""外資自營商賣出股數"":""0"",""外資自營商買賣超股數"":""0"",""投信買進股數"":""0"",""投信賣出股數"":""0"",""投信買賣超股數"":""0"",""自營商買賣超股數"":""6,037"",""自營商買進股數(自行買賣)"":""0"",""自營商賣出股數(自行買賣)"":""1,000"",""自營商買賣超股數(自行買賣)"":""-1,000"",""自營商買進股數(避險)"":""34,037"",""自營商賣出股數(避險)"":""27,000"",""自營商買賣超股數(避險)"":""7,037"",""三大法人買賣超股數"":""37""}"
2026-10-07,TWSE,6887,寶綠特-KY       ,1000,1000,0,0,0,0,0,0,0,"{""證券代號"":""6887"",""證券名稱"":""寶綠特-KY       "",""外陸資買進股數(不含外資自營商)"":""1,000"",""外陸資賣出股數(不含外資自營商)"":""1,000"",""外陸資買賣超股數(不含外資自營商)"":""0"",""外資自營商買進股數"":""0"",""外資自營商賣出股數"":""0"",""外資自營商買賣超股數"":""0"",""投信買進股數"":""0"",""投信賣出股數"":""0"",""投信買賣超股數"":""0"",""自營商買賣超股數"":""0"",""自營商買進股數(自行買賣)"":""0"",""自營商賣出股數(自行買賣)"":""0"",""自營商買賣超股數(自行買賣)"":""0"",""自營商買進股數(避險)"":""0"",""自營商賣出股數(避險)"":""0"",""自營商買賣超股數(避險)"":""0"",""三大法人買賣超股數"":""0""}"
2026-10-07,TWSE,7732,金興精密        ,1000,1000,0,0,0,0,0,0,0,"{""證券代號"":""7732"",""證券名稱"":""金興精密        "",""外陸資買進股數(不含外資自營商)"":""1,000"",""外陸資賣出股數(不含外資自營商)"":""1,000"",""外陸資買賣超股數(不含外資自營商)"":""0"",""外資自營商買進股數"":""0"",""外資自營商賣出股數"":""0"",""外資自營商買賣超股數"":""0"",""投信買進股數"":""0"",""投信賣出股數"":""0"",""投信買賣超股數"":""0"",""自營商買賣超股數"":""0"",""自營商買進股數(自行買賣)"":""0"",""自營商賣出股數(自行買賣)"":""0"",""自營商買賣超股數(自行買賣)"":""0"",""自營商買進股數(避險)"":""0"",""自營商賣出股數(避險)"":""0"",""自營商買賣超股數(避險)"":""0"",""三大法人買賣超股數"":""0""}"
2026-10-07,TWSE,6666,羅麗芬-KY       ,2000,2000,0,0,0,0,0,0,0,"{""證券代號"":""6666"",""證券名稱"":""羅麗芬-KY       "",""外陸資買進股數(不含外資自營商)"":""2,000"",""外陸資賣出股數(不含外資自營商)"":""2,000"",""外陸資買賣超股數(不含外資自營商)"":""0"",""外資自營商買進股數"":""0"",""外資自營商賣出股數"":""0"",""外資自營商買賣超股數"":""0"",""投信買進股數"":""0"",""投信賣出股數"":""0"",""投信買賣超股數"":""0"",""自營商買賣超股數"":""0"",""自營商買進股數(自行買賣)"":""0"",""自營商賣出股數(自行買賣)"":""0"",""自營商買賣超股數(自行買賣)"":""0"",""自營商買進股數(避險)"":""0"",""自營商賣出股數(避險)"":""0"",""自營商買賣超股數(避險)"":""0"",""三大法人買賣超股數"":""0""}"
2026-10-07,TWSE,6754,匯僑設計        ,3000,3000,0,0,0,0,0,0,0,"{""證券代號"":""6754"",""證券名稱"":""匯僑設計        "",""外陸資買進股數(不含外資自營商)"":""3,000"",""外陸資賣出股數(不含外資自營商)"":""3,000"",""外陸資買賣超股數(不含外資自營商)"":""0"",""外資自營商買進股數"":""0"",""外資自營商賣出股數"":""0"",""外資自營商買賣超股數"":""0"",""投信買進股數"":""0"",""投信賣出股數"":""0"",""投信買賣超股數"":""0"",""自營商買賣超股數"":""0"",""自營商買進股數(自行買賣)"":""0"",""自營商賣出股數(自行買賣)"":""0"",""自營商買賣超股數(自行買賣)"":""0"",""自營商買進股數(避險)"":""0"",""自營商賣出股數(避險)"":""0"",""自營商買賣超股數(避險)"":""0"",""三大法人買賣超股數"":""0""}"
2026-10-07,TWSE,8482,商億-KY         ,1000,2000,-1000,0,0,0,0,0,1000,"{""證券代號"":""8482"",""證券名稱"":""商億-KY         "",""外陸資買進股數(不含外資自營商)"":""1,000"",""外陸資賣出股數(不含外資自營商)"":""2,000"",""外陸資買賣超股數(不含外資自營商)"":""-1,000"",""外資自營商買進股數"":""0"",""外資自營商賣出股數"":""0"",""外資自營商買賣超股數"":""0"",""投信買進股數"":""0"",""投信賣出股數"":""0"",""投信買賣超股數"":""0"",""自營商買賣超股數"":""1,000"",""自營商買進股數(自行買賣)"":""1,000"",""自營商賣出股數(自行買賣)"":""0"",""自營商買賣超股數(自行買賣)"":""1,000"",""自營商買進股數(避險)"":""0"",""自營商賣出股數(避險)"":""0"",""自營商買賣超股數(避險)"":""0"",""三大法人買賣超股數"":""0""}"
2026-10-07,TWSE,8367,建新國際        ,1000,1000,0,0,0,0,0,0,0,"{""證券代號"":""8367"",""證券名稱"":""建新國際        "",""外陸資買進股數(不含外資自營商)"":""1,000"",""外陸資賣出股數(不含外資自營商)"":""1,000"",""外陸資買賣超股數(不含外資自營商)"":""0"",""外資自營商買進股數"":""0"",""外資自營商賣出股數"":""0"",""外資自營商買賣超股數"":""0"",""投信買進股數"":""0"",""投信賣出股數"":""0"",""投信買賣超股數"":""0"",""自營商買賣超股數"":""0"",""自營商買進股數(自行買賣)"":""0"",""自營商賣出股數(自行買賣)"":""0"",""自營商買賣超股數(自行買賣)"":""0"",""自營商買進股數(避險)"":""0"",""自營商賣出股數(避險)"":""0"",""自營商買賣超股數(避險)"":""0"",""三大法人買賣超股數"":""0""}"
2026-10-07,TWSE,9926,新海            ,2000,2000,0,0,0,0,0,0,0,"{""證券代號"":""9926"",""證券名稱"":""新海            "",""外陸資買進股數(不含外資自營商)"":""2,000"",""外陸資賣出股數(不含外資自營商)"":""2,000"",""外陸資買賣超股數(不含外資自營商)"":""0"",""外資自營商買進股數"":""0"",""外資自營商賣出股數"":""0"",""外資自營商買賣超股數"":""0"",""投信買進股數"":""0"",""投信賣出股數"":""0"",""投信買賣超股數"":""0"",""自營商買賣超股數"":""0"",""自營商買進股數(自行買賣)"":""0"",""自營商賣出股數(自行買賣)"":""0"",""自營商買賣超股數(自行買賣)"":""0"",""自營商買進股數(避險)"":""0"",""自營商賣出股數(避險)"":""0"",""自營商買賣超股數(避險)"":""0"",""三大法人買賣超股數"":""0""}"
2026-10-07,TWSE,00636K,國泰中國A50+U   ,0,0,0,0,0,0,200,200,0,"{""證券代號"":""00636K"",""證券名稱"":""國泰中國A50+U   "",""外陸資買進股數(不含外資自營商)"":""0"",""外陸資賣出股數(不含外資自營商)"":""0"",""外陸資買賣超股數(不含外資自營商)"":""0"",""外資自營商買進股數"":""0"",""外資自營商賣出股數"":""0"",""外資自營商買賣超股數"":""0"",""投信買進股數"":""0"",""投信賣出股數"":""0"",""投信買賣超股數"":""0"",""自營商買賣超股數"":""0"",""自營商買進股數(自行買賣)"":""0"",""自營商賣出股數(自行買賣)"":""0"",""自營商買賣超股數(自行買賣)"":""0"",""自營商買進股數(避險)"":""200"",""自營商賣出股數(避險)"":""200"",""自營商買賣超股數(避險)"":""0"",""三大法人買賣超股數"":""0""}"
2026-10-07,TWSE,00657K,國泰日經225+U   ,0,0,0,0,0,0,200,200,0,"{""證券代號"":""00657K"",""證券名稱"":""國泰日經225+U   "",""外陸資買進股數(不含外資自營商)"":""0"",""外陸資賣出股數(不含外資自營商)"":""0"",""外陸資買賣超股數(不含外資自營商)"":""0"",""外資自營商買進股數"":""0"",""外資自營商賣出股數"":""0"",""外資自營商買賣超股數"":""0"",""投信買進股數"":""0"",""投信賣出股數"":""0"",""投信買賣超股數"":""0"",""自營商買賣超股數"":""0"",""自營商買進股數(自行買賣)"":""0"",""自營商賣出股數(自行買賣)"":""0"",""自營商買賣超股數(自行買賣)"":""0"",""自營商買進股數(避險)"":""200"",""自營商賣出股數(避險)"":""200"",""自營商買賣超股數(避險)"":""0"",""三大法人買賣超股數"":""0""}"
2026-10-07,TWSE,1465,偉全            ,1000,1000,0,0,0,0,0,0,0,"{""證券代號"":""1465"",""證券名稱"":""偉全            "",""外陸資買進股數(不含外資自營商)"":""1,000"",""外陸資賣出股數(不含外資自營商)"":""1,000"",""外陸資買賣超股數(不含外資自營商)"":""0"",""外資自營商買進股數"":""0"",""外資自營商賣出股數"":""0"",""外資自營商買賣超股數"":""0"",""投信買進股數"":""0"",""投信賣出股數"":""0"",""投信買賣超股數"":""0"",""自營商買賣超股數"":""0"",""自營商買進股數(自行買賣)"":""0"",""自營商賣出股數(自行買賣)"":""0"",""自營商買賣超股數(自行買賣)"":""0"",""自營商買進股數(避險)"":""0"",""自營商賣出股數(避險)"":""0"",""自營商買賣超股數(避險)"":""0"",""三大法人買賣超股數"":""0""}"
2026-10-07,TWSE,1537,廣隆            ,11000,10000,1000,0,1000,-1000,0,0,0,"{""證券代號"":""1537"",""證券名稱"":""廣隆            "",""外陸資買進股數(不含外資自營商)"":""11,000"",""外陸資賣出股數(不含外資自營商)"":""10,000"",""外陸資買賣超股數(不含外資自營商)"":""1,000"",""外資自營商買進股數"":""0"",""外資自營商賣出股數"":""0"",""外資自營商買賣超股數"":""0"",""投信買進股數"":""0"",""投信賣出股數"":""1,000"",""投信買賣超股數"":""-1,000"",""自營商買賣超股數"":""0"",""自營商買進股數(自行買賣)"":""0"",""自營商賣出股數(自行買賣)"":""0"",""自營商買賣超股數(自行買賣)"":""0"",""自營商買進股數(避險)"":""0"",""自營商賣出股數(避險)"":""0"",""自營商買賣超股數(避險)"":""0"",""三大法人買賣超股數"":""0""}"
2026-10-07,TWSE,1762,中化生          ,8000,4000,4000,0,0,0,0,0,-4000,"{""證券代號"":""1762"",""證券名稱"":""中化生          "",""外陸資買進股數(不含外資自營商)"":""8,000"",""外陸資賣出股數(不含外資自營商)"":""4,000"",""外陸資買賣超股數(不含外資自營商)"":""4,000"",""外資自營商買進股數"":""0"",""外資自營商賣出股數"":""0"",""外資自營商買賣超股數"":""0"",""投信買進股數"":""0"",""投信賣出股數"":""0"",""投信買賣超股數"":""0"",""自營商買賣超股數"":""-4,000"",""自營商買進股數(自行買賣)"":""0"",""自營商賣出股數(自行買賣)"":""4,000"",""自營商買賣超股數(自行買賣)"":""-4,000"",""自營商買進股數(避險)"":""0"",""自營商賣出股數(避險)"":""0"",""自營商買賣超股數(避險)"":""0"",""三大法人買賣超股數"":""0""}"
2026-10-07,TWSE,1903,士紙            ,6000,6000,0,0,0,0,0,0,0,"{""證券代號"":""1903"",""證券名稱"":""士紙            "",""外陸資買進股數(不含外資自營商)"":""6,000"",""外陸資賣出股數(不含外資自營商)"":""6,000"",""外陸資買賣超股數(不含外資自營商)"":""0"",""外資自營商買進股數"":""0"",""外資自營商賣出股數"":""0"",""外資自營商買賣超股數"":""0"",""投信買進股數"":""0"",""投信賣出股數"":""0"",""投信買賣超股數"":""0"",""自營商買賣超股數"":""0"",""自營商買進股數(自行買賣)"":""0"",""自營商賣出股數(自行買賣)"":""0"",""自營商買賣超股數(自行買賣)"":""0"",""自營商買進股數(避險)"":""0"",""自營商賣出股數(避險)"":""0"",""自營商買賣超股數(避險)"":""0"",""三大法人買賣超股數"":""0""}"
2026-10-07,TWSE,2012,春雨            ,3000,3000,0,0,0,0,0,0,0,"{""證券代號"":""2012"",""證券名稱"":""春雨            "",""外陸資買進股數(不含外資自營商)"":""3,000"",""外陸資賣出股數(不含外資自營商)"":""3,000"",""外陸資買賣超股數(不含外資自營商)"":""0"",""外資自營商買進股數"":""0"",""外資自營商賣出股數"":""0"",""外資自營商買賣超股數"":""0"",""投信買進股數"":""0"",""投信賣出股數"":""0"",""投信買賣超股數"":""0"",""自營商買賣超股數"":""0"",""自營商買進股數(自行買賣)"":""0"",""自營商賣出股數(自行買賣)"":""0"",""自營商買賣超股數(自行買賣)"":""0"",""自營商買進股數(避險)"":""0"",""自營商賣出股數(避險)"":""0"",""自營商買賣超股數(避險)"":""0"",""三大法人買賣超股數"":""0""}"
2026-10-07,TWSE,2433,互盛電          ,6000,6000,0,0,0,0,0,0,0,"{""證券代號"":""2433"",""證券名稱"":""互盛電          "",""外陸資買進股數(不含外資自營商)"":""6,000"",""外陸資賣出股數(不含外資自營商)"":""6,000"",""外陸資買賣超股數(不含外資自營商)"":""0"",""外資自營商買進股數"":""0"",""外資自營商賣出股數"":""0"",""外資自營商買賣超股數"":""0"",""投信買進股數"":""0"",""投信賣出股數"":""0"",""投信買賣超股數"":""0"",""自營商買賣超股數"":""0"",""自營商買進股數(自行買賣)"":""0"",""自營商賣出股數(自行買賣)"":""0"",""自營商買賣超股數(自行買賣)"":""0"",""自營商買進股數(避險)"":""0"",""自營商賣出股數(避險)"":""0"",""自營商買賣超股數(避險)"":""0"",""三大法人買賣超股數"":""0""}"
2026-10-07,TWSE,2496,卓越            ,0,1000,-1000,0,0,0,0,0,1000,"{""證券代號"":""2496"",""證券名稱"":""卓越            "",""外陸資買進股數(不含外資自營商)"":""0"",""外陸資賣出股數(不含外資自營商)"":""1,000"",""外陸資買賣超股數(不含外資自營商)"":""-1,000"",""外資自營商買進股數"":""0"",""外資自營商賣出股數"":""0"",""外資自營商買賣超股數"":""0"",""投信買進股數"":""0"",""投信賣出股數"":""0"",""投信買賣超股數"":""0"",""自營商買賣超股數"":""1,000"",""自營商買進股數(自行買賣)"":""1,000"",""自營商賣出股數(自行買賣)"":""0"",""自營商買賣超股數(自行買賣)"":""1,000"",""自營商買進股數(避險)"":""0"",""自營商賣出股數(避險)"":""0"",""自營商買賣超股數(避險)"":""0"",""三大法人買賣超股數"":""0""}"
2026-10-07,TWSE,00689R,國泰20年美債反1 ,0,0,0,0,0,0,100000,100000,0,"{""證券代號"":""00689R"",""證券名稱"":""國泰20年美債反1 "",""外陸資買進股數(不含外資自營商)"":""0"",""外陸資賣出股數(不含外資自營商)"":""0"",""外陸資買賣超股數(不含外資自營商)"":""0"",""外資自營商買進股數"":""0"",""外資自營商賣出股數"":""0"",""外資自營商買賣超股數"":""0"",""投信買進股數"":""0"",""投信賣出股數"":""0"",""投信買賣超股數"":""0"",""自營商買賣超股數"":""0"",""自營商買進股數(自行買賣)"":""0"",""自營商賣出股數(自行買賣)"":""0"",""自營商買賣超股數(自行買賣)"":""0"",""自營商買進股數(避險)"":""100,000"",""自營商賣出股數(避險)"":""100,000"",""自營商買賣超股數(避險)"":""0"",""三大法人買賣超股數"":""0""}"
2026-10-07,TWSE,00668K,國泰美國道瓊+U  ,0,0,0,0,0,0,200,200,0,"{""證券代號"":""00668K"",""證券名稱"":""國泰美國道瓊+U  "",""外陸資買進股數(不含外資自營商)"":""0"",""外陸資賣出股數(不含外資自營商)"":""0"",""外陸資買賣超股數(不含外資自營商)"":""0"",""外資自營商買進股數"":""0"",""外資自營商賣出股數"":""0"",""外資自營商買賣超股數"":""0"",""投信買進股數"":""0"",""投信賣出股數"":""0"",""投信買賣超股數"":""0"",""自營商買賣超股數"":""0"",""自營商買進股數(自行買賣)"":""0"",""自營商賣出股數(自行買賣)"":""0"",""自營商買賣超股數(自行買賣)"":""0"",""自營商買進股數(避險)"":""200"",""自營商賣出股數(避險)"":""200"",""自營商買賣超股數(避險)"":""0"",""三大法人買賣超股數"":""0""}"
2026-10-07,TWSE,2945,三商家購        ,0,1000,-1000,0,0,0,0,0,1000,"{""證券代號"":""2945"",""證券名稱"":""三商家購        "",""外陸資買進股數(不含外資自營商)"":""0"",""外陸資賣出股數(不含外資自營商)"":""1,000"",""外陸資買賣超股數(不含外資自營商)"":""-1,000"",""外資自營商買進股數"":""0"",""外資自營商賣出股數"":""0"",""外資自營商買賣超股數"":""0"",""投信買進股數"":""0"",""投信賣出股數"":""0"",""投信買賣超股數"":""0"",""自營商買賣超股數"":""1,000"",""自營商買進股數(自行買賣)"":""1,000"",""自營商賣出股數(自行買賣)"":""0"",""自營商買賣超股數(自行買賣)"":""1,000"",""自營商買進股數(避險)"":""0"",""自營商賣出股數(避險)"":""0"",""自營商買賣超股數(避險)"":""0"",""三大法人買賣超股數"":""0""}"
2026-10-07,TWSE,4148,全宇生技-KY     ,1000,1000,0,0,0,0,0,0,0,"{""證券代號"":""4148"",""證券名稱"":""全宇生技-KY     "",""外陸資買進股數(不含外資自營商)"":""1,000"",""外陸資賣出股數(不含外資自營商)"":""1,000"",""外陸資買賣超股數(不含外資自營商)"":""0"",""外資自營商買進股數"":""0"",""外資自營商賣出股數"":""0"",""外資自營商買賣超股數"":""0"",""投信買進股數"":""0"",""投信賣出股數"":""0"",""投信買賣超股數"":""0"",""自營商買賣超股數"":""0"",""自營商買進股數(自行買賣)"":""0"",""自營商賣出股數(自行買賣)"":""0"",""自營商買賣超股數(自行買賣)"":""0"",""自營商買進股數(避險)"":""0"",""自營商賣出股數(避險)"":""0"",""自營商買賣超股數(避險)"":""0"",""三大法人買賣超股數"":""0""}"
2026-10-07,TWSE,4581,光隆精密-KY     ,2000,2000,0,0,0,0,0,0,0,"{""證券代號"":""4581"",""證券名稱"":""光隆精密-KY     "",""外陸資買進股數(不含外資自營商)"":""2,000"",""外陸資賣出股數(不含外資自營商)"":""2,000"",""外陸資買賣超股數(不含外資自營商)"":""0"",""外資自營商買進股數"":""0"",""外資自營商賣出股數"":""0"",""外資自營商買賣超股數"":""0"",""投信買進股數"":""0"",""投信賣出股數"":""0"",""投信買賣超股數"":""0"",""自營商買賣超股數"":""0"",""自營商買進股數(自行買賣)"":""0"",""自營商賣出股數(自行買賣)"":""0"",""自營商買賣超股數(自行買賣)"":""0"",""自營商買進股數(避險)"":""0"",""自營商賣出股數(避險)"":""0"",""自營商買賣超股數(避險)"":""0"",""三大法人買賣超股數"":""0""}"
2026-10-07,TWSE,5546,永固-KY         ,2000,2000,0,0,0,0,0,0,0,"{""證券代號"":""5546"",""證券名稱"":""永固-KY         "",""外陸資買進股數(不含外資自營商)"":""2,000"",""外陸資賣出股數(不含外資自營商)"":""2,000"",""外陸資買賣超股數(不含外資自營商)"":""0"",""外資自營商買進股數"":""0"",""外資自營商賣出股數"":""0"",""外資自營商買賣超股數"":""0"",""投信買進股數"":""0"",""投信賣出股數"":""0"",""投信買賣超股數"":""0"",""自營商買賣超股數"":""0"",""自營商買進股數(自行買賣)"":""0"",""自營商賣出股數(自行買賣)"":""0"",""自營商買賣超股數(自行買賣)"":""0"",""自營商買進股數(避險)"":""0"",""自營商賣出股數(避險)"":""0"",""自營商買賣超股數(避險)"":""0"",""三大法人買賣超股數"":""0""}"
2026-10-07,TWSE,1435,中福            ,2000,2000,0,0,0,0,0,0,0,"{""證券代號"":""1435"",""證券名稱"":""中福            "",""外陸資買進股數(不含外資自營商)"":""2,000"",""外陸資賣出股數(不含外資自營商)"":""2,000"",""外陸資買賣超股數(不含外資自營商)"":""0"",""外資自營商買進股數"":""0"",""外資自營商賣出股數"":""0"",""外資自營商買賣超股數"":""0"",""投信買進股數"":""0"",""投信賣出股數"":""0"",""投信買賣超股數"":""0"",""自營商買賣超股數"":""0"",""自營商買進股數(自行買賣)"":""0"",""自營商賣出股數(自行買賣)"":""0"",""自營商買賣超股數(自行買賣)"":""0"",""自營商買進股數(避險)"":""0"",""自營商賣出股數(避險)"":""0"",""自營商買賣超股數(避險)"":""0"",""三大法人買賣超股數"":""0""}"
2026-10-07,TWSE,1338,廣華-KY         ,3000,3000,0,0,0,0,0,0,0,"{""證券代號"":""1338"",""證券名稱"":""廣華-KY         "",""外陸資買進股數(不含外資自營商)"":""3,000"",""外陸資賣出股數(不含外資自營商)"":""3,000"",""外陸資買賣超股數(不含外資自營商)"":""0"",""外資自營商買進股數"":""0"",""外資自營商賣出股數"":""0"",""外資自營商買賣超股數"":""0"",""投信買進股數"":""0"",""投信賣出股數"":""0"",""投信買賣超股數"":""0"",""自營商買賣超股數"":""0"",""自營商買進股數(自行買賣)"":""0"",""自營商賣出股數(自行買賣)"":""0"",""自營商買賣超股數(自行買賣)"":""0"",""自營商買進股數(避險)"":""0"",""自營商賣出股數(避險)"":""0"",""自營商買賣超股數(避險)"":""0"",""三大法人買賣超股數"":""0""}"
2026-10-07,TWSE,1443,立益物流        ,2000,2000,0,0,0,0,0,0,0,"{""證券代號"":""1443"",""證券名稱"":""立益物流        "",""外陸資買進股數(不含外資自營商)"":""2,000"",""外陸資賣出股數(不含外資自營商)"":""2,000"",""外陸資買賣超股數(不含外資自營商)"":""0"",""外資自營商買進股數"":""0"",""外資自營商賣出股數"":""0"",""外資自營商買賣超股數"":""0"",""投信買進股數"":""0"",""投信賣出股數"":""0"",""投信買賣超股數"":""0"",""自營商買賣超股數"":""0"",""自營商買進股數(自行買賣)"":""0"",""自營商賣出股數(自行買賣)"":""0"",""自營商買賣超股數(自行買賣)"":""0"",""自營商買進股數(避險)"":""0"",""自營商賣出股數(避險)"":""0"",""自營商買賣超股數(避險)"":""0"",""三大法人買賣超股數"":""0""}"
2026-10-07,TWSE,6951,青新-創         ,1000,1000,0,0,0,0,0,0,0,"{""證券代號"":""6951"",""證券名稱"":""青新-創         "",""外陸資買進股數(不含外資自營商)"":""1,000"",""外陸資賣出股數(不含外資自營商)"":""1,000"",""外陸資買賣超股數(不含外資自營商)"":""0"",""外資自營商買進股數"":""0"",""外資自營商賣出股數"":""0"",""外資自營商買賣超股數"":""0"",""投信買進股數"":""0"",""投信賣出股數"":""0"",""投信買賣超股數"":""0"",""自營商買賣超股數"":""0"",""自營商買進股數(自行買賣)"":""0"",""自營商賣出股數(自行買賣)"":""0"",""自營商買賣超股數(自行買賣)"":""0"",""自營商買進股數(避險)"":""0"",""自營商賣出股數(避險)"":""0"",""自營商買賣超股數(避險)"":""0"",""三大法人買賣超股數"":""0""}"
2026-10-07,TWSE,5538,東明-KY         ,7000,8000,-1000,0,0,0,0,0,998,"{""證券代號"":""5538"",""證券名稱"":""東明-KY         "",""外陸資買進股數(不含外資自營商)"":""7,000"",""外陸資賣出股數(不含外資自營商)"":""8,000"",""外陸資買賣超股數(不含外資自營商)"":""-1,000"",""外資自營商買進股數"":""0"",""外資自營商賣出股數"":""0"",""外資自營商買賣超股數"":""0"",""投信買進股數"":""0"",""投信賣出股數"":""0"",""投信買賣超股數"":""0"",""自營商買賣超股數"":""998"",""自營商買進股數(自行買賣)"":""1,000"",""自營商賣出股數(自行買賣)"":""2"",""自營商買賣超股數(自行買賣)"":""998"",""自營商買進股數(避險)"":""0"",""自營商賣出股數(避險)"":""0"",""自營商買賣超股數(避險)"":""0"",""三大法人買賣超股數"":""-2""}"
2026-10-07,TWSE,1604,聲寶            ,21000,21002,-2,0,0,0,0,0,0,"{""證券代號"":""1604"",""證券名稱"":""聲寶            "",""外陸資買進股數(不含外資自營商)"":""21,000"",""外陸資賣出股數(不含外資自營商)"":""21,002"",""外陸資買賣超股數(不含外資自營商)"":""-2"",""外資自營商買進股數"":""0"",""外資自營商賣出股數"":""0"",""外資自營商買賣超股數"":""0"",""投信買進股數"":""0"",""投信賣出股數"":""0"",""投信買賣超股數"":""0"",""自營商買賣超股數"":""0"",""自營商買進股數(自行買賣)"":""0"",""自營商賣出股數(自行買賣)"":""0"",""自營商買賣超股數(自行買賣)"":""0"",""自營商買進股數(避險)"":""0"",""自營商賣出股數(避險)"":""0"",""自營商買賣超股數(避險)"":""0"",""三大法人買賣超股數"":""-2""}"
2026-10-07,TWSE,1439,雋揚            ,0,0,0,0,0,0,0,0,-2,"{""證券代號"":""1439"",""證券名稱"":""雋揚            "",""外陸資買進股數(不含外資自營商)"":""0"",""外陸資賣出股數(不含外資自營商)"":""0"",""外陸資買賣超股數(不含外資自營商)"":""0"",""外資自營商買進股數"":""0"",""外資自營商賣出股數"":""0"",""外資自營商買賣超股數"":""0"",""投信買進股數"":""0"",""投信賣出股數"":""0"",""投信買賣超股數"":""0"",""自營商買賣超股數"":""-2"",""自營商買進股數(自行買賣)"":""0"",""自營商賣出股數(自行買賣)"":""2"",""自營商買賣超股數(自行買賣)"":""-2"",""自營商買進股數(避險)"":""0"",""自營商賣出股數(避險)"":""0"",""自營商買賣超股數(避險)"":""0"",""三大法人買賣超股數"":""-2""}"
2026-10-07,TWSE,1817,凱撒衛          ,4000,4000,0,0,0,0,5000,5010,-10,"{""證券代號"":""1817"",""證券名稱"":""凱撒衛          "",""外陸資買進股數(不含外資自營商)"":""4,000"",""外陸資賣出股數(不含外資自營商)"":""4,000"",""外陸資買賣超股數(不含外資自營商)"":""0"",""外資自營商買進股數"":""0"",""外資自營商賣出股數"":""0"",""外資自營商買賣超股數"":""0"",""投信買進股數"":""0"",""投信賣出股數"":""0"",""投信買賣超股數"":""0"",""自營商買賣超股數"":""-10"",""自營商買進股數(自行買賣)"":""0"",""自營商賣出股數(自行買賣)"":""0"",""自營商買賣超股數(自行買賣)"":""0"",""自營商買進股數(避險)"":""5,000"",""自營商賣出股數(避險)"":""5,010"",""自營商買賣超股數(避險)"":""-10"",""三大法人買賣超股數"":""-10""}"
2026-10-07,TWSE,7768,頌勝科技        ,11544,11558,-14,0,0,0,0,0,0,"{""證券代號"":""7768"",""證券名稱"":""頌勝科技        "",""外陸資買進股數(不含外資自營商)"":""11,544"",""外陸資賣出股數(不含外資自營商)"":""11,558"",""外陸資買賣超股數(不含外資自營商)"":""-14"",""外資自營商買進股數"":""0"",""外資自營商賣出股數"":""0"",""外資自營商買賣超股數"":""0"",""投信買進股數"":""0"",""投信賣出股數"":""0"",""投信買賣超股數"":""0"",""自營商買賣超股數"":""0"",""自營商買進股數(自行買賣)"":""0"",""自營商賣出股數(自行買賣)"":""0"",""自營商買賣超股數(自行買賣)"":""0"",""自營商買進股數(避險)"":""0"",""自營商賣出股數(避險)"":""0"",""自營商買賣超股數(避險)"":""0"",""三大法人買賣超股數"":""-14""}"
2026-10-07,TWSE,2227,裕日車          ,4000,4190,-190,0,0,0,0,0,0,"{""證券代號"":""2227"",""證券名稱"":""裕日車          "",""外陸資買進股數(不含外資自營商)"":""4,000"",""外陸資賣出股數(不含外資自營商)"":""4,190"",""外陸資買賣超股數(不含外資自營商)"":""-190"",""外資自營商買進股數"":""0"",""外資自營商賣出股數"":""0"",""外資自營商買賣超股數"":""0"",""投信買進股數"":""0"",""投信賣出股數"":""0"",""投信買賣超股數"":""0"",""自營商買賣超股數"":""0"",""自營商買進股數(自行買賣)"":""0"",""自營商賣出股數(自行買賣)"":""0"",""自營商買賣超股數(自行買賣)"":""0"",""自營商買進股數(避險)"":""0"",""自營商賣出股數(避險)"":""0"",""自營商買賣超股數(避險)"":""0"",""三大法人買賣超股數"":""-190""}"
2026-10-07,TWSE,2247,汎德永業        ,4000,5000,-1000,0,486,-486,0,0,1000,"{""證券代號"":""2247"",""證券名稱"":""汎德永業        "",""外陸資買進股數(不含外資自營商)"":""4,000"",""外陸資賣出股數(不含外資自營商)"":""5,000"",""外陸資買賣超股數(不含外資自營商)"":""-1,000"",""外資自營商買進股數"":""0"",""外資自營商賣出股數"":""0"",""外資自營商買賣超股數"":""0"",""投信買進股數"":""0"",""投信賣出股數"":""486"",""投信買賣超股數"":""-486"",""自營商買賣超股數"":""1,000"",""自營商買進股數(自行買賣)"":""1,000"",""自營商賣出股數(自行買賣)"":""0"",""自營商買賣超股數(自行買賣)"":""1,000"",""自營商買進股數(避險)"":""0"",""自營商賣出股數(避險)"":""0"",""自營商買賣超股數(避險)"":""0"",""三大法人買賣超股數"":""-486""}"
2026-10-07,TWSE,2421,建準            ,592662,488561,104101,12000,0,12000,23790,111398,-116608,"{""證券代號"":""2421"",""證券名稱"":""建準            "",""外陸資買進股數(不含外資自營商)"":""592,662"",""外陸資賣出股數(不含外資自營商)"":""488,561"",""外陸資買賣超股數(不含外資自營商)"":""104,101"",""外資自營商買進股數"":""0"",""外資自營商賣出股數"":""0"",""外資自營商買賣超股數"":""0"",""投信買進股數"":""12,000"",""投信賣出股數"":""0"",""投信買賣超股數"":""12,000"",""自營商買賣超股數"":""-116,608"",""自營商買進股數(自行買賣)"":""5,000"",""自營商賣出股數(自行買賣)"":""34,000"",""自營商買賣超股數(自行買賣)"":""-29,000"",""自營商買進股數(避險)"":""23,790"",""自營商賣出股數(避險)"":""111,398"",""自營商買賣超股數(避險)"":""-87,608"",""三大法人買賣超股數"":""-507""}"
2026-10-07,TWSE,00654R,富邦印度反1     ,0,0,0,0,0,0,5120,6000,-880,"{""證券代號"":""00654R"",""證券名稱"":""富邦印度反1     "",""外陸資買進股數(不含外資自營商)"":""0"",""外陸資賣出股數(不含外資自營商)"":""0"",""外陸資買賣超股數(不含外資自營商)"":""0"",""外資自營商買進股數"":""0"",""外資自營商賣出股數"":""0"",""外資自營商買賣超股數"":""0"",""投信買進股數"":""0"",""投信賣出股數"":""0"",""投信買賣超股數"":""0"",""自營商買賣超股數"":""-880"",""自營商買進股數(自行買賣)"":""0"",""自營商賣出股數(自行買賣)"":""0"",""自營商買賣超股數(自行買賣)"":""0"",""自營商買進股數(避險)"":""5,120"",""自營商賣出股數(避險)"":""6,000"",""自營商買賣超股數(避險)"":""-880"",""三大法人買賣超股數"":""-880""}"
2026-10-07,TWSE,006204,永豐臺灣加權    ,0,0,0,0,0,0,88,1000,-912,"{""證券代號"":""006204"",""證券名稱"":""永豐臺灣加權    "",""外陸資買進股數(不含外資自營商)"":""0"",""外陸資賣出股數(不含外資自營商)"":""0"",""外陸資買賣超股數(不含外資自營商)"":""0"",""外資自營商買進股數"":""0"",""外資自營商賣出股數"":""0"",""外資自營商買賣超股數"":""0"",""投信買進股數"":""0"",""投信賣出股數"":""0"",""投信買賣超股數"":""0"",""自營商買賣超股數"":""-912"",""自營商買進股數(自行買賣)"":""0"",""自營商賣出股數(自行買賣)"":""0"",""自營商買賣超股數(自行買賣)"":""0"",""自營商買進股數(避險)"":""88"",""自營商賣出股數(避險)"":""1,000"",""自營商買賣超股數(避險)"":""-912"",""三大法人買賣超股數"":""-912""}"
2026-10-07,TWSE,6955,邦睿生技-創     ,0,1000,-1000,0,0,0,34,0,34,"{""證券代號"":""6955"",""證券名稱"":""邦睿生技-創     "",""外陸資買進股數(不含外資自營商)"":""0"",""外陸資賣出股數(不含外資自營商)"":""1,000"",""外陸資買賣超股數(不含外資自營商)"":""-1,000"",""外資自營商買進股數"":""0"",""外資自營商賣出股數"":""0"",""外資自營商買賣超股數"":""0"",""投信買進股數"":""0"",""投信賣出股數"":""0"",""投信買賣超股數"":""0"",""自營商買賣超股數"":""34"",""自營商買進股數(自行買賣)"":""0"",""自營商賣出股數(自行買賣)"":""0"",""自營商買賣超股數(自行買賣)"":""0"",""自營商買進股數(避險)"":""34"",""自營商賣出股數(避險)"":""0"",""自營商買賣超股數(避險)"":""34"",""三大法人買賣超股數"":""-966""}"
2026-10-07,TWSE,6934,心誠鎂          ,3000,4000,-1000,0,0,0,0,0,0,"{""證券代號"":""6934"",""證券名稱"":""心誠鎂          "",""外陸資買進股數(不含外資自營商)"":""3,000"",""外陸資賣出股數(不含外資自營商)"":""4,000"",""外陸資買賣超股數(不含外資自營商)"":""-1,000"",""外資自營商買進股數"":""0"",""外資自營商賣出股數"":""0"",""外資自營商買賣超股數"":""0"",""投信買進股數"":""0"",""投信賣出股數"":""0"",""投信買賣超股數"":""0"",""自營商買賣超股數"":""0"",""自營商買進股數(自行買賣)"":""0"",""自營商賣出股數(自行買賣)"":""0"",""自營商買賣超股數(自行買賣)"":""0"",""自營商買進股數(避險)"":""0"",""自營商賣出股數(避險)"":""0"",""自營商買賣超股數(避險)"":""0"",""三大法人買賣超股數"":""-1,000""}"
2026-10-07,TWSE,8201,無敵            ,0,1000,-1000,0,0,0,0,0,0,"{""證券代號"":""8201"",""證券名稱"":""無敵            "",""外陸資買進股數(不含外資自營商)"":""0"",""外陸資賣出股數(不含外資自營商)"":""1,000"",""外陸資買賣超股數(不含外資自營商)"":""-1,000"",""外資自營商買進股數"":""0"",""外資自營商賣出股數"":""0"",""外資自營商買賣超股數"":""0"",""投信買進股數"":""0"",""投信賣出股數"":""0"",""投信買賣超股數"":""0"",""自營商買賣超股數"":""0"",""自營商買進股數(自行買賣)"":""0"",""自營商賣出股數(自行買賣)"":""0"",""自營商買賣超股數(自行買賣)"":""0"",""自營商買進股數(避險)"":""0"",""自營商賣出股數(避險)"":""0"",""自營商買賣超股數(避險)"":""0"",""三大法人買賣超股數"":""-1,000""}"
2026-10-07,TWSE,6655,科定            ,0,1000,-1000,0,0,0,0,0,0,"{""證券代號"":""6655"",""證券名稱"":""科定            "",""外陸資買進股數(不含外資自營商)"":""0"",""外陸資賣出股數(不含外資自營商)"":""1,000"",""外陸資買賣超股數(不含外資自營商)"":""-1,000"",""外資自營商買進股數"":""0"",""外資自營商賣出股數"":""0"",""外資自營商買賣超股數"":""0"",""投信買進股數"":""0"",""投信賣出股數"":""0"",""投信買賣超股數"":""0"",""自營商買賣超股數"":""0"",""自營商買進股數(自行買賣)"":""0"",""自營商賣出股數(自行買賣)"":""0"",""自營商買賣超股數(自行買賣)"":""0"",""自營商買進股數(避險)"":""0"",""自營商賣出股數(避險)"":""0"",""自營商買賣超股數(避險)"":""0"",""三大法人買賣超股數"":""-1,000""}"
2026-10-07,TWSE,6674,鋐寶科技        ,0,1000,-1000,0,0,0,0,0,0,"{""證券代號"":""6674"",""證券名稱"":""鋐寶科技        "",""外陸資買進股數(不含外資自營商)"":""0"",""外陸資賣出股數(不含外資自營商)"":""1,000"",""外陸資買賣超股數(不含外資自營商)"":""-1,000"",""外資自營商買進股數"":""0"",""外資自營商賣出股數"":""0"",""外資自營商買賣超股數"":""0"",""投信買進股數"":""0"",""投信賣出股數"":""0"",""投信買賣超股數"":""0"",""自營商買賣超股數"":""0"",""自營商買進股數(自行買賣)"":""0"",""自營商賣出股數(自行買賣)"":""0"",""自營商買賣超股數(自行買賣)"":""0"",""自營商買進股數(避險)"":""0"",""自營商賣出股數(避險)"":""0"",""自營商買賣超股數(避險)"":""0"",""三大法人買賣超股數"":""-1,000""}"
2026-10-07,TWSE,2642,宅配通          ,2000,3000,-1000,0,0,0,0,0,0,"{""證券代號"":""2642"",""證券名稱"":""宅配通          "",""外陸資買進股數(不含外資自營商)"":""2,000"",""外陸資賣出股數(不含外資自營商)"":""3,000"",""外陸資買賣超股數(不含外資自營商)"":""-1,000"",""外資自營商買進股數"":""0"",""外資自營商賣出股數"":""0"",""外資自營商買賣超股數"":""0"",""投信買進股數"":""0"",""投信賣出股數"":""0"",""投信買賣超股數"":""0"",""自營商買賣超股數"":""0"",""自營商買進股數(自行買賣)"":""0"",""自營商賣出股數(自行買賣)"":""0"",""自營商買賣超股數(自行買賣)"":""0"",""自營商買進股數(避險)"":""0"",""自營商賣出股數(避險)"":""0"",""自營商買賣超股數(避險)"":""0"",""三大法人買賣超股數"":""-1,000""}"
2026-10-07,TWSE,8443,阿瘦            ,0,1000,-1000,0,0,0,0,0,0,"{""證券代號"":""8443"",""證券名稱"":""阿瘦            "",""外陸資買進股數(不含外資自營商)"":""0"",""外陸資賣出股數(不含外資自營商)"":""1,000"",""外陸資買賣超股數(不含外資自營商)"":""-1,000"",""外資自營商買進股數"":""0"",""外資自營商賣出股數"":""0"",""外資自營商買賣超股數"":""0"",""投信買進股數"":""0"",""投信賣出股數"":""0"",""投信買賣超股數"":""0"",""自營商買賣超股數"":""0"",""自營商買進股數(自行買賣)"":""0"",""自營商賣出股數(自行買賣)"":""0"",""自營商買賣超股數(自行買賣)"":""0"",""自營商買進股數(避險)"":""0"",""自營商賣出股數(避險)"":""0"",""自營商買賣超股數(避險)"":""0"",""三大法人買賣超股數"":""-1,000""}"
2026-10-07,TWSE,2524,京城            ,3000,4000,-1000,0,0,0,0,0,0,"{""證券代號"":""2524"",""證券名稱"":""京城            "",""外陸資買進股數(不含外資自營商)"":""3,000"",""外陸資賣出股數(不含外資自營商)"":""4,000"",""外陸資買賣超股數(不含外資自營商)"":""-1,000"",""外資自營商買進股數"":""0"",""外資自營商賣出股數"":""0"",""外資自營商買賣超股數"":""0"",""投信買進股數"":""0"",""投信賣出股數"":""0"",""投信買賣超股數"":""0"",""自營商買賣超股數"":""0"",""自營商買進股數(自行買賣)"":""0"",""自營商賣出股數(自行買賣)"":""0"",""自營商買賣超股數(自行買賣)"":""0"",""自營商買進股數(避險)"":""0"",""自營商賣出股數(避險)"":""0"",""自營商買賣超股數(避險)"":""0"",""三大法人買賣超股數"":""-1,000""}"
2026-10-07,TWSE,2024,志聯            ,0,1000,-1000,0,0,0,0,0,0,"{""證券代號"":""2024"",""證券名稱"":""志聯            "",""外陸資買進股數(不含外資自營商)"":""0"",""外陸資賣出股數(不含外資自營商)"":""1,000"",""外陸資買賣超股數(不含外資自營商)"":""-1,000"",""外資自營商買進股數"":""0"",""外資自營商賣出股數"":""0"",""外資自營商買賣超股數"":""0"",""投信買進股數"":""0"",""投信賣出股數"":""0"",""投信買賣超股數"":""0"",""自營商買賣超股數"":""0"",""自營商買進股數(自行買賣)"":""0"",""自營商賣出股數(自行買賣)"":""0"",""自營商買賣超股數(自行買賣)"":""0"",""自營商買進股數(避險)"":""0"",""自營商賣出股數(避險)"":""0"",""自營商買賣超股數(避險)"":""0"",""三大法人買賣超股數"":""-1,000""}"
2026-10-07,TWSE,2114,鑫永銓          ,2000,3000,-1000,0,0,0,0,0,0,"{""證券代號"":""2114"",""證券名稱"":""鑫永銓          "",""外陸資買進股數(不含外資自營商)"":""2,000"",""外陸資賣出股數(不含外資自營商)"":""3,000"",""外陸資買賣超股數(不含外資自營商)"":""-1,000"",""外資自營商買進股數"":""0"",""外資自營商賣出股數"":""0"",""外資自營商買賣超股數"":""0"",""投信買進股數"":""0"",""投信賣出股數"":""0"",""投信買賣超股數"":""0"",""自營商買賣超股數"":""0"",""自營商買進股數(自行買賣)"":""0"",""自營商賣出股數(自行買賣)"":""0"",""自營商買賣超股數(自行買賣)"":""0"",""自營商買進股數(避險)"":""0"",""自營商賣出股數(避險)"":""0"",""自營商買賣超股數(避險)"":""0"",""三大法人買賣超股數"":""-1,000""}"
2026-10-07,TWSE,5007,三星            ,0,3000,-3000,0,0,0,0,0,2000,"{""證券代號"":""5007"",""證券名稱"":""三星            "",""外陸資買進股數(不含外資自營商)"":""0"",""外陸資賣出股數(不含外資自營商)"":""3,000"",""外陸資買賣超股數(不含外資自營商)"":""-3,000"",""外資自營商買進股數"":""0"",""外資自營商賣出股數"":""0"",""外資自營商買賣超股數"":""0"",""投信買進股數"":""0"",""投信賣出股數"":""0"",""投信買賣超股數"":""0"",""自營商買賣超股數"":""2,000"",""自營商買進股數(自行買賣)"":""2,000"",""自營商賣出股數(自行買賣)"":""0"",""自營商買賣超股數(自行買賣)"":""2,000"",""自營商買進股數(避險)"":""0"",""自營商賣出股數(避險)"":""0"",""自營商買賣超股數(避險)"":""0"",""三大法人買賣超股數"":""-1,000""}"
2026-10-07,TWSE,5533,皇鼎            ,15000,28000,-13000,0,0,0,0,0,12000,"{""證券代號"":""5533"",""證券名稱"":""皇鼎            "",""外陸資買進股數(不含外資自營商)"":""15,000"",""外陸資賣出股數(不含外資自營商)"":""28,000"",""外陸資買賣超股數(不含外資自營商)"":""-13,000"",""外資自營商買進股數"":""0"",""外資自營商賣出股數"":""0"",""外資自營商買賣超股數"":""0"",""投信買進股數"":""0"",""投信賣出股數"":""0"",""投信買賣超股數"":""0"",""自營商買賣超股數"":""12,000"",""自營商買進股數(自行買賣)"":""12,000"",""自營商賣出股數(自行買賣)"":""0"",""自營商買賣超股數(自行買賣)"":""12,000"",""自營商買進股數(避險)"":""0"",""自營商賣出股數(避險)"":""0"",""自營商買賣超股數(避險)"":""0"",""三大法人買賣超股數"":""-1,000""}"
2026-10-07,TWSE,6281,全國電          ,1000,2000,-1000,0,0,0,0,0,0,"{""證券代號"":""6281"",""證券名稱"":""全國電          "",""外陸資買進股數(不含外資自營商)"":""1,000"",""外陸資賣出股數(不含外資自營商)"":""2,000"",""外陸資買賣超股數(不含外資自營商)"":""-1,000"",""外資自營商買進股數"":""0"",""外資自營商賣出股數"":""0"",""外資自營商買賣超股數"":""0"",""投信買進股數"":""0"",""投信賣出股數"":""0"",""投信買賣超股數"":""0"",""自營商買賣超股數"":""0"",""自營商買進股數(自行買賣)"":""0"",""自營商賣出股數(自行買賣)"":""0"",""自營商買賣超股數(自行買賣)"":""0"",""自營商買進股數(避險)"":""0"",""自營商賣出股數(避險)"":""0"",""自營商買賣超股數(避險)"":""0"",""三大法人買賣超股數"":""-1,000""}"
2026-10-07,TWSE,4438,廣越            ,8000,9000,-1000,0,0,0,0,0,0,"{""證券代號"":""4438"",""證券名稱"":""廣越            "",""外陸資買進股數(不含外資自營商)"":""8,000"",""外陸資賣出股數(不含外資自營商)"":""9,000"",""外陸資買賣超股數(不含外資自營商)"":""-1,000"",""外資自營商買進股數"":""0"",""外資自營商賣出股數"":""0"",""外資自營商買賣超股數"":""0"",""投信買進股數"":""0"",""投信賣出股數"":""0"",""投信買賣超股數"":""0"",""自營商買賣超股數"":""0"",""自營商買進股數(自行買賣)"":""0"",""自營商賣出股數(自行買賣)"":""0"",""自營商買賣超股數(自行買賣)"":""0"",""自營商買進股數(避險)"":""0"",""自營商賣出股數(避險)"":""0"",""自營商買賣超股數(避險)"":""0"",""三大法人買賣超股數"":""-1,000""}"
2026-10-07,TWSE,3593,力銘            ,0,1000,-1000,0,0,0,0,0,0,"{""證券代號"":""3593"",""證券名稱"":""力銘            "",""外陸資買進股數(不含外資自營商)"":""0"",""外陸資賣出股數(不含外資自營商)"":""1,000"",""外陸資買賣超股數(不含外資自營商)"":""-1,000"",""外資自營商買進股數"":""0"",""外資自營商賣出股數"":""0"",""外資自營商買賣超股數"":""0"",""投信買進股數"":""0"",""投信賣出股數"":""0"",""投信買賣超股數"":""0"",""自營商買賣超股數"":""0"",""自營商買進股數(自行買賣)"":""0"",""自營商賣出股數(自行買賣)"":""0"",""自營商買賣超股數(自行買賣)"":""0"",""自營商買進股數(避險)"":""0"",""自營商賣出股數(避險)"":""0"",""自營商買賣超股數(避險)"":""0"",""三大法人買賣超股數"":""-1,000""}"
2026-10-07,TWSE,3164,景岳            ,2000,3000,-1000,0,0,0,0,0,0,"{""證券代號"":""3164"",""證券名稱"":""景岳            "",""外陸資買進股數(不含外資自營商)"":""2,000"",""外陸資賣出股數(不含外資自營商)"":""3,000"",""外陸資買賣超股數(不含外資自營商)"":""-1,000"",""外資自營商買進股數"":""0"",""外資自營商賣出股數"":""0"",""外資自營商買賣超股數"":""0"",""投信買進股數"":""0"",""投信賣出股數"":""0"",""投信買賣超股數"":""0"",""自營商買賣超股數"":""0"",""自營商買進股數(自行買賣)"":""0"",""自營商賣出股數(自行買賣)"":""0"",""自營商買賣超股數(自行買賣)"":""0"",""自營商買進股數(避險)"":""0"",""自營商賣出股數(避險)"":""0"",""自營商買賣超股數(避險)"":""0"",""三大法人買賣超股數"":""-1,000""}"
2026-10-07,TWSE,1413,宏洲            ,0,1000,-1000,0,0,0,0,0,0,"{""證券代號"":""1413"",""證券名稱"":""宏洲            "",""外陸資買進股數(不含外資自營商)"":""0"",""外陸資賣出股數(不含外資自營商)"":""1,000"",""外陸資買賣超股數(不含外資自營商)"":""-1,000"",""外資自營商買進股數"":""0"",""外資自營商賣出股數"":""0"",""外資自營商買賣超股數"":""0"",""投信買進股數"":""0"",""投信賣出股數"":""0"",""投信買賣超股數"":""0"",""自營商買賣超股數"":""0"",""自營商買進股數(自行買賣)"":""0"",""自營商賣出股數(自行買賣)"":""0"",""自營商買賣超股數(自行買賣)"":""0"",""自營商買進股數(避險)"":""0"",""自營商賣出股數(避險)"":""0"",""自營商買賣超股數(避險)"":""0"",""三大法人買賣超股數"":""-1,000""}"
2026-10-07,TWSE,1516,川飛            ,0,0,0,0,0,0,0,0,-1000,"{""證券代號"":""1516"",""證券名稱"":""川飛            "",""外陸資買進股數(不含外資自營商)"":""0"",""外陸資賣出股數(不含外資自營商)"":""0"",""外陸資買賣超股數(不含外資自營商)"":""0"",""外資自營商買進股數"":""0"",""外資自營商賣出股數"":""0"",""外資自營商買賣超股數"":""0"",""投信買進股數"":""0"",""投信賣出股數"":""0"",""投信買賣超股數"":""0"",""自營商買賣超股數"":""-1,000"",""自營商買進股數(自行買賣)"":""0"",""自營商賣出股數(自行買賣)"":""1,000"",""自營商買賣超股數(自行買賣)"":""-1,000"",""自營商買進股數(避險)"":""0"",""自營商賣出股數(避險)"":""0"",""自營商買賣超股數(避險)"":""0"",""三大法人買賣超股數"":""-1,000""}"
2026-10-07,TWSE,6771,平和環保-創     ,0,2000,-2000,0,0,0,0,0,1000,"{""證券代號"":""6771"",""證券名稱"":""平和環保-創     "",""外陸資買進股數(不含外資自營商)"":""0"",""外陸資賣出股數(不含外資自營商)"":""2,000"",""外陸資買賣超股數(不含外資自營商)"":""-2,000"",""外資自營商買進股數"":""0"",""外資自營商賣出股數"":""0"",""外資自營商買賣超股數"":""0"",""投信買進股數"":""0"",""投信賣出股數"":""0"",""投信買賣超股數"":""0"",""自營商買賣超股數"":""1,000"",""自營商買進股數(自行買賣)"":""1,000"",""自營商賣出股數(自行買賣)"":""0"",""自營商買賣超股數(自行買賣)"":""1,000"",""自營商買進股數(避險)"":""0"",""自營商賣出股數(避險)"":""0"",""自營商買賣超股數(避險)"":""0"",""三大法人買賣超股數"":""-1,000""}"
2026-10-07,TWSE,3018,隆銘綠能        ,4000,5000,-1000,0,0,0,0,0,0,"{""證券代號"":""3018"",""證券名稱"":""隆銘綠能        "",""外陸資買進股數(不含外資自營商)"":""4,000"",""外陸資賣出股數(不含外資自營商)"":""5,000"",""外陸資買賣超股數(不含外資自營商)"":""-1,000"",""外資自營商買進股數"":""0"",""外資自營商賣出股數"":""0"",""外資自營商買賣超股數"":""0"",""投信買進股數"":""0"",""投信賣出股數"":""0"",""投信買賣超股數"":""0"",""自營商買賣超股數"":""0"",""自營商買進股數(自行買賣)"":""0"",""自營商賣出股數(自行買賣)"":""0"",""自營商買賣超股數(自行買賣)"":""0"",""自營商買進股數(避險)"":""0"",""自營商賣出股數(避險)"":""0"",""自營商買賣超股數(避險)"":""0"",""三大法人買賣超股數"":""-1,000""}"
2026-10-07,TWSE,4930,燦星網          ,1000,2000,-1000,0,0,0,0,0,0,"{""證券代號"":""4930"",""證券名稱"":""燦星網          "",""外陸資買進股數(不含外資自營商)"":""1,000"",""外陸資賣出股數(不含外資自營商)"":""2,000"",""外陸資買賣超股數(不含外資自營商)"":""-1,000"",""外資自營商買進股數"":""0"",""外資自營商賣出股數"":""0"",""外資自營商買賣超股數"":""0"",""投信買進股數"":""0"",""投信賣出股數"":""0"",""投信買賣超股數"":""0"",""自營商買賣超股數"":""0"",""自營商買進股數(自行買賣)"":""0"",""自營商賣出股數(自行買賣)"":""0"",""自營商買賣超股數(自行買賣)"":""0"",""自營商買進股數(避險)"":""0"",""自營商賣出股數(避險)"":""0"",""自營商買賣超股數(避險)"":""0"",""三大法人買賣超股數"":""-1,000""}"
2026-10-07,TWSE,1541,錩泰            ,0,1000,-1000,0,0,0,0,0,-2,"{""證券代號"":""1541"",""證券名稱"":""錩泰            "",""外陸資買進股數(不含外資自營商)"":""0"",""外陸資賣出股數(不含外資自營商)"":""1,000"",""外陸資買賣超股數(不含外資自營商)"":""-1,000"",""外資自營商買進股數"":""0"",""外資自營商賣出股數"":""0"",""外資自營商買賣超股數"":""0"",""投信買進股數"":""0"",""投信賣出股數"":""0"",""投信買賣超股數"":""0"",""自營商買賣超股數"":""-2"",""自營商買進股數(自行買賣)"":""0"",""自營商賣出股數(自行買賣)"":""2"",""自營商買賣超股數(自行買賣)"":""-2"",""自營商買進股數(避險)"":""0"",""自營商賣出股數(避險)"":""0"",""自營商買賣超股數(避險)"":""0"",""三大法人買賣超股數"":""-1,002""}"
2026-10-07,TWSE,2910,統領            ,2000,3000,-1000,0,0,0,0,0,-3,"{""證券代號"":""2910"",""證券名稱"":""統領            "",""外陸資買進股數(不含外資自營商)"":""2,000"",""外陸資賣出股數(不含外資自營商)"":""3,000"",""外陸資買賣超股數(不含外資自營商)"":""-1,000"",""外資自營商買進股數"":""0"",""外資自營商賣出股數"":""0"",""外資自營商買賣超股數"":""0"",""投信買進股數"":""0"",""投信賣出股數"":""0"",""投信買賣超股數"":""0"",""自營商買賣超股數"":""-3"",""自營商買進股數(自行買賣)"":""0"",""自營商賣出股數(自行買賣)"":""3"",""自營商買賣超股數(自行買賣)"":""-3"",""自營商買進股數(避險)"":""0"",""自營商賣出股數(避險)"":""0"",""自營商買賣超股數(避險)"":""0"",""三大法人買賣超股數"":""-1,003""}"
2026-10-07,TWSE,1730,花仙子          ,0,1000,-1000,0,0,0,0,0,-12,"{""證券代號"":""1730"",""證券名稱"":""花仙子          "",""外陸資買進股數(不含外資自營商)"":""0"",""外陸資賣出股數(不含外資自營商)"":""1,000"",""外陸資買賣超股數(不含外資自營商)"":""-1,000"",""外資自營商買進股數"":""0"",""外資自營商賣出股數"":""0"",""外資自營商買賣超股數"":""0"",""投信買進股數"":""0"",""投信賣出股數"":""0"",""投信買賣超股數"":""0"",""自營商買賣超股數"":""-12"",""自營商買進股數(自行買賣)"":""0"",""自營商賣出股數(自行買賣)"":""12"",""自營商買賣超股數(自行買賣)"":""-12"",""自營商買進股數(避險)"":""0"",""自營商賣出股數(避險)"":""0"",""自營商買賣超股數(避險)"":""0"",""三大法人買賣超股數"":""-1,012""}"
2026-10-07,TWSE,2013,中鋼構          ,3000,4000,-1000,0,0,0,0,53,-53,"{""證券代號"":""2013"",""證券名稱"":""中鋼構          "",""外陸資買進股數(不含外資自營商)"":""3,000"",""外陸資賣出股數(不含外資自營商)"":""4,000"",""外陸資買賣超股數(不含外資自營商)"":""-1,000"",""外資自營商買進股數"":""0"",""外資自營商賣出股數"":""0"",""外資自營商買賣超股數"":""0"",""投信買進股數"":""0"",""投信賣出股數"":""0"",""投信買賣超股數"":""0"",""自營商買賣超股數"":""-53"",""自營商買進股數(自行買賣)"":""0"",""自營商賣出股數(自行買賣)"":""0"",""自營商買賣超股數(自行買賣)"":""0"",""自營商買進股數(避險)"":""0"",""自營商賣出股數(避險)"":""53"",""自營商買賣超股數(避險)"":""-53"",""三大法人買賣超股數"":""-1,053""}"
2026-10-07,TWSE,1457,宜進            ,27858,29000,-1142,0,0,0,0,0,0,"{""證券代號"":""1457"",""證券名稱"":""宜進            "",""外陸資買進股數(不含外資自營商)"":""27,858"",""外陸資賣出股數(不含外資自營商)"":""29,000"",""外陸資買賣超股數(不含外資自營商)"":""-1,142"",""外資自營商買進股數"":""0"",""外資自營商賣出股數"":""0"",""外資自營商買賣超股數"":""0"",""投信買進股數"":""0"",""投信賣出股數"":""0"",""投信買賣超股數"":""0"",""自營商買賣超股數"":""0"",""自營商買進股數(自行買賣)"":""0"",""自營商賣出股數(自行買賣)"":""0"",""自營商買賣超股數(自行買賣)"":""0"",""自營商買進股數(避險)"":""0"",""自營商賣出股數(避險)"":""0"",""自營商買賣超股數(避險)"":""0"",""三大法人買賣超股數"":""-1,142""}"
2026-10-07,TWSE,3716,中化控股        ,34100,35500,-1400,0,0,0,0,0,0,"{""證券代號"":""3716"",""證券名稱"":""中化控股        "",""外陸資買進股數(不含外資自營商)"":""34,100"",""外陸資賣出股數(不含外資自營商)"":""35,500"",""外陸資買賣超股數(不含外資自營商)"":""-1,400"",""外資自營商買進股數"":""0"",""外資自營商賣出股數"":""0"",""外資自營商買賣超股數"":""0"",""投信買進股數"":""0"",""投信賣出股數"":""0"",""投信買賣超股數"":""0"",""自營商買賣超股數"":""0"",""自營商買進股數(自行買賣)"":""0"",""自營商賣出股數(自行買賣)"":""0"",""自營商買賣超股數(自行買賣)"":""0"",""自營商買進股數(避險)"":""0"",""自營商賣出股數(避險)"":""0"",""自營商買賣超股數(避險)"":""0"",""三大法人買賣超股數"":""-1,400""}"
2026-10-07,TWSE,4582,聚恆-創         ,1000,0,1000,0,0,0,11,3000,-2989,"{""證券代號"":""4582"",""證券名稱"":""聚恆-創         "",""外陸資買進股數(不含外資自營商)"":""1,000"",""外陸資賣出股數(不含外資自營商)"":""0"",""外陸資買賣超股數(不含外資自營商)"":""1,000"",""外資自營商買進股數"":""0"",""外資自營商賣出股數"":""0"",""外資自營商買賣超股數"":""0"",""投信買進股數"":""0"",""投信賣出股數"":""0"",""投信買賣超股數"":""0"",""自營商買賣超股數"":""-2,989"",""自營商買進股數(自行買賣)"":""0"",""自營商賣出股數(自行買賣)"":""0"",""自營商買賣超股數(自行買賣)"":""0"",""自營商買進股數(避險)"":""11"",""自營商賣出股數(避險)"":""3,000"",""自營商買賣超股數(避險)"":""-2,989"",""三大法人買賣超股數"":""-1,989""}"
2026-10-07,TWSE,006203,元大MSCI台灣    ,0,0,0,0,0,0,3006,5000,-1994,"{""證券代號"":""006203"",""證券名稱"":""元大MSCI台灣    "",""外陸資買進股數(不含外資自營商)"":""0"",""外陸資賣出股數(不含外資自營商)"":""0"",""外陸資買賣超股數(不含外資自營商)"":""0"",""外資自營商買進股數"":""0"",""外資自營商賣出股數"":""0"",""外資自營商買賣超股數"":""0"",""投信買進股數"":""0"",""投信賣出股數"":""0"",""投信買賣超股數"":""0"",""自營商買賣超股數"":""-1,994"",""自營商買進股數(自行買賣)"":""0"",""自營商賣出股數(自行買賣)"":""0"",""自營商買賣超股數(自行買賣)"":""0"",""自營商買進股數(避險)"":""3,006"",""自營商賣出股數(避險)"":""5,000"",""自營商買賣超股數(避險)"":""-1,994"",""三大法人買賣超股數"":""-1,994""}"
2026-10-07,TWSE,9944,新麗            ,0,2000,-2000,0,0,0,0,0,0,"{""證券代號"":""9944"",""證券名稱"":""新麗            "",""外陸資買進股數(不含外資自營商)"":""0"",""外陸資賣出股數(不含外資自營商)"":""2,000"",""外陸資買賣超股數(不含外資自營商)"":""-2,000"",""外資自營商買進股數"":""0"",""外資自營商賣出股數"":""0"",""外資自營商買賣超股數"":""0"",""投信買進股數"":""0"",""投信賣出股數"":""0"",""投信買賣超股數"":""0"",""自營商買賣超股數"":""0"",""自營商買進股數(自行買賣)"":""0"",""自營商賣出股數(自行買賣)"":""0"",""自營商買賣超股數(自行買賣)"":""0"",""自營商買進股數(避險)"":""0"",""自營商賣出股數(避險)"":""0"",""自營商買賣超股數(避險)"":""0"",""三大法人買賣超股數"":""-2,000""}"
2026-10-07,TWSE,1418,東華            ,2000,4000,-2000,0,0,0,0,0,0,"{""證券代號"":""1418"",""證券名稱"":""東華            "",""外陸資買進股數(不含外資自營商)"":""2,000"",""外陸資賣出股數(不含外資自營商)"":""4,000"",""外陸資買賣超股數(不含外資自營商)"":""-2,000"",""外資自營商買進股數"":""0"",""外資自營商賣出股數"":""0"",""外資自營商買賣超股數"":""0"",""投信買進股數"":""0"",""投信賣出股數"":""0"",""投信買賣超股數"":""0"",""自營商買賣超股數"":""0"",""自營商買進股數(自行買賣)"":""0"",""自營商賣出股數(自行買賣)"":""0"",""自營商買賣超股數(自行買賣)"":""0"",""自營商買進股數(避險)"":""0"",""自營商賣出股數(避險)"":""0"",""自營商買賣超股數(避險)"":""0"",""三大法人買賣超股數"":""-2,000""}"
2026-10-07,TWSE,7736,虎山            ,4000,6000,-2000,0,0,0,0,0,0,"{""證券代號"":""7736"",""證券名稱"":""虎山            "",""外陸資買進股數(不含外資自營商)"":""4,000"",""外陸資賣出股數(不含外資自營商)"":""6,000"",""外陸資買賣超股數(不含外資自營商)"":""-2,000"",""外資自營商買進股數"":""0"",""外資自營商賣出股數"":""0"",""外資自營商買賣超股數"":""0"",""投信買進股數"":""0"",""投信賣出股數"":""0"",""投信買賣超股數"":""0"",""自營商買賣超股數"":""0"",""自營商買進股數(自行買賣)"":""0"",""自營商賣出股數(自行買賣)"":""0"",""自營商買賣超股數(自行買賣)"":""0"",""自營商買進股數(避險)"":""0"",""自營商賣出股數(避險)"":""0"",""自營商買賣超股數(避險)"":""0"",""三大法人買賣超股數"":""-2,000""}"
2026-10-07,TWSE,6923,中台            ,3000,5000,-2000,0,0,0,0,0,0,"{""證券代號"":""6923"",""證券名稱"":""中台            "",""外陸資買進股數(不含外資自營商)"":""3,000"",""外陸資賣出股數(不含外資自營商)"":""5,000"",""外陸資買賣超股數(不含外資自營商)"":""-2,000"",""外資自營商買進股數"":""0"",""外資自營商賣出股數"":""0"",""外資自營商買賣超股數"":""0"",""投信買進股數"":""0"",""投信賣出股數"":""0"",""投信買賣超股數"":""0"",""自營商買賣超股數"":""0"",""自營商買進股數(自行買賣)"":""0"",""自營商賣出股數(自行買賣)"":""0"",""自營商買賣超股數(自行買賣)"":""0"",""自營商買進股數(避險)"":""0"",""自營商賣出股數(避險)"":""0"",""自營商買賣超股數(避險)"":""0"",""三大法人買賣超股數"":""-2,000""}"
2026-10-07,TWSE,1438,三地開發        ,2000,1000,1000,0,0,0,0,0,-3000,"{""證券代號"":""1438"",""證券名稱"":""三地開發        "",""外陸資買進股數(不含外資自營商)"":""2,000"",""外陸資賣出股數(不含外資自營商)"":""1,000"",""外陸資買賣超股數(不含外資自營商)"":""1,000"",""外資自營商買進股數"":""0"",""外資自營商賣出股數"":""0"",""外資自營商買賣超股數"":""0"",""投信買進股數"":""0"",""投信賣出股數"":""0"",""投信買賣超股數"":""0"",""自營商買賣超股數"":""-3,000"",""自營商買進股數(自行買賣)"":""0"",""自營商賣出股數(自行買賣)"":""3,000"",""自營商買賣超股數(自行買賣)"":""-3,000"",""自營商買進股數(避險)"":""0"",""自營商賣出股數(避險)"":""0"",""自營商買賣超股數(避險)"":""0"",""三大法人買賣超股數"":""-2,000""}"
2026-10-07,TWSE,2239,英利-KY         ,2000,4000,-2000,0,0,0,0,0,0,"{""證券代號"":""2239"",""證券名稱"":""英利-KY         "",""外陸資買進股數(不含外資自營商)"":""2,000"",""外陸資賣出股數(不含外資自營商)"":""4,000"",""外陸資買賣超股數(不含外資自營商)"":""-2,000"",""外資自營商買進股數"":""0"",""外資自營商賣出股數"":""0"",""外資自營商買賣超股數"":""0"",""投信買進股數"":""0"",""投信賣出股數"":""0"",""投信買賣超股數"":""0"",""自營商買賣超股數"":""0"",""自營商買進股數(自行買賣)"":""0"",""自營商賣出股數(自行買賣)"":""0"",""自營商買賣超股數(自行買賣)"":""0"",""自營商買進股數(避險)"":""0"",""自營商賣出股數(避險)"":""0"",""自營商買賣超股數(避險)"":""0"",""三大法人買賣超股數"":""-2,000""}"
2026-10-07,TWSE,3168,眾福科          ,1000,3000,-2000,0,0,0,0,0,0,"{""證券代號"":""3168"",""證券名稱"":""眾福科          "",""外陸資買進股數(不含外資自營商)"":""1,000"",""外陸資賣出股數(不含外資自營商)"":""3,000"",""外陸資買賣超股數(不含外資自營商)"":""-2,000"",""外資自營商買進股數"":""0"",""外資自營商賣出股數"":""0"",""外資自營商買賣超股數"":""0"",""投信買進股數"":""0"",""投信賣出股數"":""0"",""投信買賣超股數"":""0"",""自營商買賣超股數"":""0"",""自營商買進股數(自行買賣)"":""0"",""自營商賣出股數(自行買賣)"":""0"",""自營商買賣超股數(自行買賣)"":""0"",""自營商買進股數(避險)"":""0"",""自營商賣出股數(避險)"":""0"",""自營商買賣超股數(避險)"":""0"",""三大法人買賣超股數"":""-2,000""}"
2026-10-07,TWSE,6614,資拓宏宇        ,1000,3000,-2000,0,0,0,0,0,0,"{""證券代號"":""6614"",""證券名稱"":""資拓宏宇        "",""外陸資買進股數(不含外資自營商)"":""1,000"",""外陸資賣出股數(不含外資自營商)"":""3,000"",""外陸資買賣超股數(不含外資自營商)"":""-2,000"",""外資自營商買進股數"":""0"",""外資自營商賣出股數"":""0"",""外資自營商買賣超股數"":""0"",""投信買進股數"":""0"",""投信賣出股數"":""0"",""投信買賣超股數"":""0"",""自營商買賣超股數"":""0"",""自營商買進股數(自行買賣)"":""0"",""自營商賣出股數(自行買賣)"":""0"",""自營商買賣超股數(自行買賣)"":""0"",""自營商買進股數(避險)"":""0"",""自營商賣出股數(避險)"":""0"",""自營商買賣超股數(避險)"":""0"",""三大法人買賣超股數"":""-2,000""}"
2026-10-07,TWSE,2904,匯僑            ,0,2000,-2000,0,0,0,0,0,0,"{""證券代號"":""2904"",""證券名稱"":""匯僑            "",""外陸資買進股數(不含外資自營商)"":""0"",""外陸資賣出股數(不含外資自營商)"":""2,000"",""外陸資買賣超股數(不含外資自營商)"":""-2,000"",""外資自營商買進股數"":""0"",""外資自營商賣出股數"":""0"",""外資自營商買賣超股數"":""0"",""投信買進股數"":""0"",""投信賣出股數"":""0"",""投信買賣超股數"":""0"",""自營商買賣超股數"":""0"",""自營商買進股數(自行買賣)"":""0"",""自營商賣出股數(自行買賣)"":""0"",""自營商買賣超股數(自行買賣)"":""0"",""自營商買進股數(避險)"":""0"",""自營商賣出股數(避險)"":""0"",""自營商買賣超股數(避險)"":""0"",""三大法人買賣超股數"":""-2,000""}"
2026-10-07,TWSE,1235,興泰            ,3000,5000,-2000,0,0,0,0,0,0,"{""證券代號"":""1235"",""證券名稱"":""興泰            "",""外陸資買進股數(不含外資自營商)"":""3,000"",""外陸資賣出股數(不含外資自營商)"":""5,000"",""外陸資買賣超股數(不含外資自營商)"":""-2,000"",""外資自營商買進股數"":""0"",""外資自營商賣出股數"":""0"",""外資自營商買賣超股數"":""0"",""投信買進股數"":""0"",""投信賣出股數"":""0"",""投信買賣超股數"":""0"",""自營商買賣超股數"":""0"",""自營商買進股數(自行買賣)"":""0"",""自營商賣出股數(自行買賣)"":""0"",""自營商買賣超股數(自行買賣)"":""0"",""自營商買進股數(避險)"":""0"",""自營商賣出股數(避險)"":""0"",""自營商買賣超股數(避險)"":""0"",""三大法人買賣超股數"":""-2,000""}"
2026-10-07,TWSE,1236,宏亞            ,2000,4000,-2000,0,0,0,0,0,0,"{""證券代號"":""1236"",""證券名稱"":""宏亞            "",""外陸資買進股數(不含外資自營商)"":""2,000"",""外陸資賣出股數(不含外資自營商)"":""4,000"",""外陸資買賣超股數(不含外資自營商)"":""-2,000"",""外資自營商買進股數"":""0"",""外資自營商賣出股數"":""0"",""外資自營商買賣超股數"":""0"",""投信買進股數"":""0"",""投信賣出股數"":""0"",""投信買賣超股數"":""0"",""自營商買賣超股數"":""0"",""自營商買進股數(自行買賣)"":""0"",""自營商賣出股數(自行買賣)"":""0"",""自營商買賣超股數(自行買賣)"":""0"",""自營商買進股數(避險)"":""0"",""自營商賣出股數(避險)"":""0"",""自營商買賣超股數(避險)"":""0"",""三大法人買賣超股數"":""-2,000""}"
2026-10-07,TWSE,1203,味王            ,2000,4000,-2000,0,0,0,0,0,0,"{""證券代號"":""1203"",""證券名稱"":""味王            "",""外陸資買進股數(不含外資自營商)"":""2,000"",""外陸資賣出股數(不含外資自營商)"":""4,000"",""外陸資買賣超股數(不含外資自營商)"":""-2,000"",""外資自營商買進股數"":""0"",""外資自營商賣出股數"":""0"",""外資自營商買賣超股數"":""0"",""投信買進股數"":""0"",""投信賣出股數"":""0"",""投信買賣超股數"":""0"",""自營商買賣超股數"":""0"",""自營商買進股數(自行買賣)"":""0"",""自營商賣出股數(自行買賣)"":""0"",""自營商買賣超股數(自行買賣)"":""0"",""自營商買進股數(避險)"":""0"",""自營商賣出股數(避險)"":""0"",""自營商買賣超股數(避險)"":""0"",""三大法人買賣超股數"":""-2,000""}"
2026-10-07,TWSE,1614,三洋電          ,4000,6000,-2000,0,0,0,0,0,0,"{""證券代號"":""1614"",""證券名稱"":""三洋電          "",""外陸資買進股數(不含外資自營商)"":""4,000"",""外陸資賣出股數(不含外資自營商)"":""6,000"",""外陸資買賣超股數(不含外資自營商)"":""-2,000"",""外資自營商買進股數"":""0"",""外資自營商賣出股數"":""0"",""外資自營商買賣超股數"":""0"",""投信買進股數"":""0"",""投信賣出股數"":""0"",""投信買賣超股數"":""0"",""自營商買賣超股數"":""0"",""自營商買進股數(自行買賣)"":""0"",""自營商賣出股數(自行買賣)"":""0"",""自營商買賣超股數(自行買賣)"":""0"",""自營商買進股數(避險)"":""0"",""自營商賣出股數(避險)"":""0"",""自營商買賣超股數(避險)"":""0"",""三大法人買賣超股數"":""-2,000""}"
2026-10-07,TWSE,9943,好樂迪          ,1000,3000,-2000,0,0,0,0,0,0,"{""證券代號"":""9943"",""證券名稱"":""好樂迪          "",""外陸資買進股數(不含外資自營商)"":""1,000"",""外陸資賣出股數(不含外資自營商)"":""3,000"",""外陸資買賣超股數(不含外資自營商)"":""-2,000"",""外資自營商買進股數"":""0"",""外資自營商賣出股數"":""0"",""外資自營商買賣超股數"":""0"",""投信買進股數"":""0"",""投信賣出股數"":""0"",""投信買賣超股數"":""0"",""自營商買賣超股數"":""0"",""自營商買進股數(自行買賣)"":""0"",""自營商賣出股數(自行買賣)"":""0"",""自營商買賣超股數(自行買賣)"":""0"",""自營商買進股數(避險)"":""0"",""自營商賣出股數(避險)"":""0"",""自營商買賣超股數(避險)"":""0"",""三大法人買賣超股數"":""-2,000""}"
2026-10-07,TWSE,3266,昇陽            ,1000,3000,-2000,0,0,0,0,0,0,"{""證券代號"":""3266"",""證券名稱"":""昇陽            "",""外陸資買進股數(不含外資自營商)"":""1,000"",""外陸資賣出股數(不含外資自營商)"":""3,000"",""外陸資買賣超股數(不含外資自營商)"":""-2,000"",""外資自營商買進股數"":""0"",""外資自營商賣出股數"":""0"",""外資自營商買賣超股數"":""0"",""投信買進股數"":""0"",""投信賣出股數"":""0"",""投信買賣超股數"":""0"",""自營商買賣超股數"":""0"",""自營商買進股數(自行買賣)"":""0"",""自營商賣出股數(自行買賣)"":""0"",""自營商買賣超股數(自行買賣)"":""0"",""自營商買進股數(避險)"":""0"",""自營商賣出股數(避險)"":""0"",""自營商買賣超股數(避險)"":""0"",""三大法人買賣超股數"":""-2,000""}"
2026-10-07,TWSE,2438,翔耀            ,4000,6000,-2000,0,0,0,0,0,-2,"{""證券代號"":""2438"",""證券名稱"":""翔耀            "",""外陸資買進股數(不含外資自營商)"":""4,000"",""外陸資賣出股數(不含外資自營商)"":""6,000"",""外陸資買賣超股數(不含外資自營商)"":""-2,000"",""外資自營商買進股數"":""0"",""外資自營商賣出股數"":""0"",""外資自營商買賣超股數"":""0"",""投信買進股數"":""0"",""投信賣出股數"":""0"",""投信買賣超股數"":""0"",""自營商買賣超股數"":""-2"",""自營商買進股數(自行買賣)"":""0"",""自營商賣出股數(自行買賣)"":""2"",""自營商買賣超股數(自行買賣)"":""-2"",""自營商買進股數(避險)"":""0"",""自營商賣出股數(避險)"":""0"",""自營商買賣超股數(避險)"":""0"",""三大法人買賣超股數"":""-2,002""}"
2026-10-07,TWSE,6464,台數科          ,1000,4000,-3000,0,0,0,0,0,921,"{""證券代號"":""6464"",""證券名稱"":""台數科          "",""外陸資買進股數(不含外資自營商)"":""1,000"",""外陸資賣出股數(不含外資自營商)"":""4,000"",""外陸資買賣超股數(不含外資自營商)"":""-3,000"",""外資自營商買進股數"":""0"",""外資自營商賣出股數"":""0"",""外資自營商買賣超股數"":""0"",""投信買進股數"":""0"",""投信賣出股數"":""0"",""投信買賣超股數"":""0"",""自營商買賣超股數"":""921"",""自營商買進股數(自行買賣)"":""1,000"",""自營商賣出股數(自行買賣)"":""79"",""自營商買賣超股數(自行買賣)"":""921"",""自營商買進股數(避險)"":""0"",""自營商賣出股數(避險)"":""0"",""自營商買賣超股數(避險)"":""0"",""三大法人買賣超股數"":""-2,079""}"
2026-10-07,TWSE,5283,禾聯碩          ,6000,13165,-7165,0,0,0,0,0,5000,"{""證券代號"":""5283"",""證券名稱"":""禾聯碩          "",""外陸資買進股數(不含外資自營商)"":""6,000"",""外陸資賣出股數(不含外資自營商)"":""13,165"",""外陸資買賣超股數(不含外資自營商)"":""-7,165"",""外資自營商買進股數"":""0"",""外資自營商賣出股數"":""0"",""外資自營商買賣超股數"":""0"",""投信買進股數"":""0"",""投信賣出股數"":""0"",""投信買賣超股數"":""0"",""自營商買賣超股數"":""5,000"",""自營商買進股數(自行買賣)"":""5,000"",""自營商賣出股數(自行買賣)"":""0"",""自營商買賣超股數(自行買賣)"":""5,000"",""自營商買進股數(避險)"":""0"",""自營商賣出股數(避險)"":""0"",""自營商買賣超股數(避險)"":""0"",""三大法人買賣超股數"":""-2,165""}"
2026-10-07,TWSE,00681R,元大美債20反1   ,0,203000,-203000,0,0,0,200350,18,200332,"{""證券代號"":""00681R"",""證券名稱"":""元大美債20反1   "",""外陸資買進股數(不含外資自營商)"":""0"",""外陸資賣出股數(不含外資自營商)"":""203,000"",""外陸資買賣超股數(不含外資自營商)"":""-203,000"",""外資自營商買進股數"":""0"",""外資自營商賣出股數"":""0"",""外資自營商買賣超股數"":""0"",""投信買進股數"":""0"",""投信賣出股數"":""0"",""投信買賣超股數"":""0"",""自營商買賣超股數"":""200,332"",""自營商買進股數(自行買賣)"":""0"",""自營商賣出股數(自行買賣)"":""0"",""自營商買賣超股數(自行買賣)"":""0"",""自營商買進股數(避險)"":""200,350"",""自營商賣出股數(避險)"":""18"",""自營商買賣超股數(避險)"":""200,332"",""三大法人買賣超股數"":""-2,668""}"
2026-10-07,TWSE,7769,鴻勁            ,236573,239791,-3218,10000,7100,2900,15755,19101,-2380,"{""證券代號"":""7769"",""證券名稱"":""鴻勁            "",""外陸資買進股數(不含外資自營商)"":""236,573"",""外陸資賣出股數(不含外資自營商)"":""239,791"",""外陸資買賣超股數(不含外資自營商)"":""-3,218"",""外資自營商買進股數"":""0"",""外資自營商賣出股數"":""0"",""外資自營商買賣超股數"":""0"",""投信買進股數"":""10,000"",""投信賣出股數"":""7,100"",""投信買賣超股數"":""2,900"",""自營商買賣超股數"":""-2,380"",""自營商買進股數(自行買賣)"":""2,000"",""自營商賣出股數(自行買賣)"":""1,034"",""自營商買賣超股數(自行買賣)"":""966"",""自營商買進股數(避險)"":""15,755"",""自營商賣出股數(避險)"":""19,101"",""自營商買賣超股數(避險)"":""-3,346"",""三大法人買賣超股數"":""-2,698""}"
2026-10-07,TWSE,7689,大鵬科CLMX      ,4000,7000,-3000,0,0,0,0,0,0,"{""證券代號"":""7689"",""證券名稱"":""大鵬科CLMX      "",""外陸資買進股數(不含外資自營商)"":""4,000"",""外陸資賣出股數(不含外資自營商)"":""7,000"",""外陸資買賣超股數(不含外資自營商)"":""-3,000"",""外資自營商買進股數"":""0"",""外資自營商賣出股數"":""0"",""外資自營商買賣超股數"":""0"",""投信買進股數"":""0"",""投信賣出股數"":""0"",""投信買賣超股數"":""0"",""自營商買賣超股數"":""0"",""自營商買進股數(自行買賣)"":""0"",""自營商賣出股數(自行買賣)"":""0"",""自營商買賣超股數(自行買賣)"":""0"",""自營商買進股數(避險)"":""0"",""自營商賣出股數(避險)"":""0"",""自營商買賣超股數(避險)"":""0"",""三大法人買賣超股數"":""-3,000""}"
2026-10-07,TWSE,2712,遠雄來          ,0,3000,-3000,0,0,0,0,0,0,"{""證券代號"":""2712"",""證券名稱"":""遠雄來          "",""外陸資買進股數(不含外資自營商)"":""0"",""外陸資賣出股數(不含外資自營商)"":""3,000"",""外陸資買賣超股數(不含外資自營商)"":""-3,000"",""外資自營商買進股數"":""0"",""外資自營商賣出股數"":""0"",""外資自營商買賣超股數"":""0"",""投信買進股數"":""0"",""投信賣出股數"":""0"",""投信買賣超股數"":""0"",""自營商買賣超股數"":""0"",""自營商買進股數(自行買賣)"":""0"",""自營商賣出股數(自行買賣)"":""0"",""自營商買賣超股數(自行買賣)"":""0"",""自營商買進股數(避險)"":""0"",""自營商賣出股數(避險)"":""0"",""自營商買賣超股數(避險)"":""0"",""三大法人買賣超股數"":""-3,000""}"
2026-10-07,TWSE,9918,欣天然          ,2000,5000,-3000,0,0,0,0,0,0,"{""證券代號"":""9918"",""證券名稱"":""欣天然          "",""外陸資買進股數(不含外資自營商)"":""2,000"",""外陸資賣出股數(不含外資自營商)"":""5,000"",""外陸資買賣超股數(不含外資自營商)"":""-3,000"",""外資自營商買進股數"":""0"",""外資自營商賣出股數"":""0"",""外資自營商買賣超股數"":""0"",""投信買進股數"":""0"",""投信賣出股數"":""0"",""投信買賣超股數"":""0"",""自營商買賣超股數"":""0"",""自營商買進股數(自行買賣)"":""0"",""自營商賣出股數(自行買賣)"":""0"",""自營商買賣超股數(自行買賣)"":""0"",""自營商買進股數(避險)"":""0"",""自營商賣出股數(避險)"":""0"",""自營商買賣超股數(避險)"":""0"",""三大法人買賣超股數"":""-3,000""}"
2026-10-07,TWSE,9931,欣高            ,1000,4000,-3000,0,0,0,0,0,0,"{""證券代號"":""9931"",""證券名稱"":""欣高            "",""外陸資買進股數(不含外資自營商)"":""1,000"",""外陸資賣出股數(不含外資自營商)"":""4,000"",""外陸資買賣超股數(不含外資自營商)"":""-3,000"",""外資自營商買進股數"":""0"",""外資自營商賣出股數"":""0"",""外資自營商買賣超股數"":""0"",""投信買進股數"":""0"",""投信賣出股數"":""0"",""投信買賣超股數"":""0"",""自營商買賣超股數"":""0"",""自營商買進股數(自行買賣)"":""0"",""自營商賣出股數(自行買賣)"":""0"",""自營商買賣超股數(自行買賣)"":""0"",""自營商買進股數(避險)"":""0"",""自營商賣出股數(避險)"":""0"",""自營商買賣超股數(避險)"":""0"",""三大法人買賣超股數"":""-3,000""}"
2026-10-07,TWSE,8940,新天地          ,4000,7000,-3000,0,0,0,0,0,0,"{""證券代號"":""8940"",""證券名稱"":""新天地          "",""外陸資買進股數(不含外資自營商)"":""4,000"",""外陸資賣出股數(不含外資自營商)"":""7,000"",""外陸資買賣超股數(不含外資自營商)"":""-3,000"",""外資自營商買進股數"":""0"",""外資自營商賣出股數"":""0"",""外資自營商買賣超股數"":""0"",""投信買進股數"":""0"",""投信賣出股數"":""0"",""投信買賣超股數"":""0"",""自營商買賣超股數"":""0"",""自營商買進股數(自行買賣)"":""0"",""自營商賣出股數(自行買賣)"":""0"",""自營商買賣超股數(自行買賣)"":""0"",""自營商買進股數(避險)"":""0"",""自營商賣出股數(避險)"":""0"",""自營商買賣超股數(避險)"":""0"",""三大法人買賣超股數"":""-3,000""}"
2026-10-07,TWSE,1441,大東            ,0,1000,-1000,0,0,0,0,0,-2000,"{""證券代號"":""1441"",""證券名稱"":""大東            "",""外陸資買進股數(不含外資自營商)"":""0"",""外陸資賣出股數(不含外資自營商)"":""1,000"",""外陸資買賣超股數(不含外資自營商)"":""-1,000"",""外資自營商買進股數"":""0"",""外資自營商賣出股數"":""0"",""外資自營商買賣超股數"":""0"",""投信買進股數"":""0"",""投信賣出股數"":""0"",""投信買賣超股數"":""0"",""自營商買賣超股數"":""-2,000"",""自營商買進股數(自行買賣)"":""0"",""自營商賣出股數(自行買賣)"":""2,000"",""自營商買賣超股數(自行買賣)"":""-2,000"",""自營商買進股數(避險)"":""0"",""自營商賣出股數(避險)"":""0"",""自營商買賣超股數(避險)"":""0"",""三大法人買賣超股數"":""-3,000""}"
2026-10-07,TWSE,1535,中宇            ,0,7000,-7000,0,0,0,5000,0,4000,"{""證券代號"":""1535"",""證券名稱"":""中宇            "",""外陸資買進股數(不含外資自營商)"":""0"",""外陸資賣出股數(不含外資自營商)"":""7,000"",""外陸資買賣超股數(不含外資自營商)"":""-7,000"",""外資自營商買進股數"":""0"",""外資自營商賣出股數"":""0"",""外資自營商買賣超股數"":""0"",""投信買進股數"":""0"",""投信賣出股數"":""0"",""投信買賣超股數"":""0"",""自營商買賣超股數"":""4,000"",""自營商買進股數(自行買賣)"":""0"",""自營商賣出股數(自行買賣)"":""1,000"",""自營商買賣超股數(自行買賣)"":""-1,000"",""自營商買進股數(避險)"":""5,000"",""自營商賣出股數(避險)"":""0"",""自營商買賣超股數(避險)"":""5,000"",""三大法人買賣超股數"":""-3,000""}"
2026-10-07,TWSE,1538,正峰            ,0,3000,-3000,0,0,0,0,0,0,"{""證券代號"":""1538"",""證券名稱"":""正峰            "",""外陸資買進股數(不含外資自營商)"":""0"",""外陸資賣出股數(不含外資自營商)"":""3,000"",""外陸資買賣超股數(不含外資自營商)"":""-3,000"",""外資自營商買進股數"":""0"",""外資自營商賣出股數"":""0"",""外資自營商買賣超股數"":""0"",""投信買進股數"":""0"",""投信賣出股數"":""0"",""投信買賣超股數"":""0"",""自營商買賣超股數"":""0"",""自營商買進股數(自行買賣)"":""0"",""自營商賣出股數(自行買賣)"":""0"",""自營商買賣超股數(自行買賣)"":""0"",""自營商買進股數(避險)"":""0"",""自營商賣出股數(避險)"":""0"",""自營商買賣超股數(避險)"":""0"",""三大法人買賣超股數"":""-3,000""}"
2026-10-07,TWSE,2008,高興昌          ,1000,4000,-3000,0,0,0,0,0,0,"{""證券代號"":""2008"",""證券名稱"":""高興昌          "",""外陸資買進股數(不含外資自營商)"":""1,000"",""外陸資賣出股數(不含外資自營商)"":""4,000"",""外陸資買賣超股數(不含外資自營商)"":""-3,000"",""外資自營商買進股數"":""0"",""外資自營商賣出股數"":""0"",""外資自營商買賣超股數"":""0"",""投信買進股數"":""0"",""投信賣出股數"":""0"",""投信買賣超股數"":""0"",""自營商買賣超股數"":""0"",""自營商買進股數(自行買賣)"":""0"",""自營商賣出股數(自行買賣)"":""0"",""自營商買賣超股數(自行買賣)"":""0"",""自營商買進股數(避險)"":""0"",""自營商賣出股數(避險)"":""0"",""自營商買賣超股數(避險)"":""0"",""三大法人買賣超股數"":""-3,000""}"
2026-10-07,TWSE,1725,元禎            ,7000,10000,-3000,0,0,0,0,0,0,"{""證券代號"":""1725"",""證券名稱"":""元禎            "",""外陸資買進股數(不含外資自營商)"":""7,000"",""外陸資賣出股數(不含外資自營商)"":""10,000"",""外陸資買賣超股數(不含外資自營商)"":""-3,000"",""外資自營商買進股數"":""0"",""外資自營商賣出股數"":""0"",""外資自營商買賣超股數"":""0"",""投信買進股數"":""0"",""投信賣出股數"":""0"",""投信買賣超股數"":""0"",""自營商買賣超股數"":""0"",""自營商買進股數(自行買賣)"":""0"",""自營商賣出股數(自行買賣)"":""0"",""自營商買賣超股數(自行買賣)"":""0"",""自營商買進股數(避險)"":""0"",""自營商賣出股數(避險)"":""0"",""自營商買賣超股數(避險)"":""0"",""三大法人買賣超股數"":""-3,000""}"
2026-10-07,TWSE,1423,利華            ,0,3000,-3000,0,0,0,0,0,0,"{""證券代號"":""1423"",""證券名稱"":""利華            "",""外陸資買進股數(不含外資自營商)"":""0"",""外陸資賣出股數(不含外資自營商)"":""3,000"",""外陸資買賣超股數(不含外資自營商)"":""-3,000"",""外資自營商買進股數"":""0"",""外資自營商賣出股數"":""0"",""外資自營商買賣超股數"":""0"",""投信買進股數"":""0"",""投信賣出股數"":""0"",""投信買賣超股數"":""0"",""自營商買賣超股數"":""0"",""自營商買進股數(自行買賣)"":""0"",""自營商賣出股數(自行買賣)"":""0"",""自營商買賣超股數(自行買賣)"":""0"",""自營商買進股數(避險)"":""0"",""自營商賣出股數(避險)"":""0"",""自營商買賣超股數(避險)"":""0"",""三大法人買賣超股數"":""-3,000""}"
2026-10-07,TWSE,3501,維熹            ,9000,12000,-3000,0,0,0,0,0,0,"{""證券代號"":""3501"",""證券名稱"":""維熹            "",""外陸資買進股數(不含外資自營商)"":""9,000"",""外陸資賣出股數(不含外資自營商)"":""12,000"",""外陸資買賣超股數(不含外資自營商)"":""-3,000"",""外資自營商買進股數"":""0"",""外資自營商賣出股數"":""0"",""外資自營商買賣超股數"":""0"",""投信買進股數"":""0"",""投信賣出股數"":""0"",""投信買賣超股數"":""0"",""自營商買賣超股數"":""0"",""自營商買進股數(自行買賣)"":""0"",""自營商賣出股數(自行買賣)"":""0"",""自營商買賣超股數(自行買賣)"":""0"",""自營商買進股數(避險)"":""0"",""自營商賣出股數(避險)"":""0"",""自營商買賣超股數(避險)"":""0"",""三大法人買賣超股數"":""-3,000""}"
2026-10-07,TWSE,4572,駐龍            ,1000,4000,-3000,0,0,0,0,0,0,"{""證券代號"":""4572"",""證券名稱"":""駐龍            "",""外陸資買進股數(不含外資自營商)"":""1,000"",""外陸資賣出股數(不含外資自營商)"":""4,000"",""外陸資買賣超股數(不含外資自營商)"":""-3,000"",""外資自營商買進股數"":""0"",""外資自營商賣出股數"":""0"",""外資自營商買賣超股數"":""0"",""投信買進股數"":""0"",""投信賣出股數"":""0"",""投信買賣超股數"":""0"",""自營商買賣超股數"":""0"",""自營商買進股數(自行買賣)"":""0"",""自營商賣出股數(自行買賣)"":""0"",""自營商買賣超股數(自行買賣)"":""0"",""自營商買進股數(避險)"":""0"",""自營商賣出股數(避險)"":""0"",""自營商買賣超股數(避險)"":""0"",""三大法人買賣超股數"":""-3,000""}"
2026-10-07,TWSE,1506,正道            ,1000,4002,-3002,0,0,0,0,0,0,"{""證券代號"":""1506"",""證券名稱"":""正道            "",""外陸資買進股數(不含外資自營商)"":""1,000"",""外陸資賣出股數(不含外資自營商)"":""4,002"",""外陸資買賣超股數(不含外資自營商)"":""-3,002"",""外資自營商買進股數"":""0"",""外資自營商賣出股數"":""0"",""外資自營商買賣超股數"":""0"",""投信買進股數"":""0"",""投信賣出股數"":""0"",""投信買賣超股數"":""0"",""自營商買賣超股數"":""0"",""自營商買進股數(自行買賣)"":""0"",""自營商賣出股數(自行買賣)"":""0"",""自營商買賣超股數(自行買賣)"":""0"",""自營商買進股數(避險)"":""0"",""自營商賣出股數(避險)"":""0"",""自營商買賣超股數(避險)"":""0"",""三大法人買賣超股數"":""-3,002""}"
2026-10-07,TWSE,2722,夏都            ,4000,7000,-3000,0,0,0,0,0,-2,"{""證券代號"":""2722"",""證券名稱"":""夏都            "",""外陸資買進股數(不含外資自營商)"":""4,000"",""外陸資賣出股數(不含外資自營商)"":""7,000"",""外陸資買賣超股數(不含外資自營商)"":""-3,000"",""外資自營商買進股數"":""0"",""外資自營商賣出股數"":""0"",""外資自營商買賣超股數"":""0"",""投信買進股數"":""0"",""投信賣出股數"":""0"",""投信買賣超股數"":""0"",""自營商買賣超股數"":""-2"",""自營商買進股數(自行買賣)"":""0"",""自營商賣出股數(自行買賣)"":""2"",""自營商買賣超股數(自行買賣)"":""-2"",""自營商買進股數(避險)"":""0"",""自營商賣出股數(避險)"":""0"",""自營商買賣超股數(避險)"":""0"",""三大法人買賣超股數"":""-3,002""}"
2026-10-07,TWSE,006207,復華滬深        ,1000,0,1000,0,0,0,100599,104783,-4184,"{""證券代號"":""006207"",""證券名稱"":""復華滬深        "",""外陸資買進股數(不含外資自營商)"":""1,000"",""外陸資賣出股數(不含外資自營商)"":""0"",""外陸資買賣超股數(不含外資自營商)"":""1,000"",""外資自營商買進股數"":""0"",""外資自營商賣出股數"":""0"",""外資自營商買賣超股數"":""0"",""投信買進股數"":""0"",""投信賣出股數"":""0"",""投信買賣超股數"":""0"",""自營商買賣超股數"":""-4,184"",""自營商買進股數(自行買賣)"":""0"",""自營商賣出股數(自行買賣)"":""0"",""自營商買賣超股數(自行買賣)"":""0"",""自營商買進股數(避險)"":""100,599"",""自營商賣出股數(避險)"":""104,783"",""自營商買賣超股數(避險)"":""-4,184"",""三大法人買賣超股數"":""-3,184""}"
2026-10-07,TWSE,7721,微程式          ,4000,8000,-4000,0,0,0,0,0,0,"{""證券代號"":""7721"",""證券名稱"":""微程式          "",""外陸資買進股數(不含外資自營商)"":""4,000"",""外陸資賣出股數(不含外資自營商)"":""8,000"",""外陸資買賣超股數(不含外資自營商)"":""-4,000"",""外資自營商買進股數"":""0"",""外資自營商賣出股數"":""0"",""外資自營商買賣超股數"":""0"",""投信買進股數"":""0"",""投信賣出股數"":""0"",""投信買賣超股數"":""0"",""自營商買賣超股數"":""0"",""自營商買進股數(自行買賣)"":""0"",""自營商賣出股數(自行買賣)"":""0"",""自營商買賣超股數(自行買賣)"":""0"",""自營商買進股數(避險)"":""0"",""自營商賣出股數(避險)"":""0"",""自營商買賣超股數(避險)"":""0"",""三大法人買賣超股數"":""-4,000""}"
2026-10-07,TWSE,1453,大將            ,2000,9000,-7000,0,0,0,0,0,3000,"{""證券代號"":""1453"",""證券名稱"":""大將            "",""外陸資買進股數(不含外資自營商)"":""2,000"",""外陸資賣出股數(不含外資自營商)"":""9,000"",""外陸資買賣超股數(不含外資自營商)"":""-7,000"",""外資自營商買進股數"":""0"",""外資自營商賣出股數"":""0"",""外資自營商買賣超股數"":""0"",""投信買進股數"":""0"",""投信賣出股數"":""0"",""投信買賣超股數"":""0"",""自營商買賣超股數"":""3,000"",""自營商買進股數(自行買賣)"":""3,000"",""自營商賣出股數(自行買賣)"":""0"",""自營商買賣超股數(自行買賣)"":""3,000"",""自營商買進股數(避險)"":""0"",""自營商賣出股數(避險)"":""0"",""自營商買賣超股數(避險)"":""0"",""三大法人買賣超股數"":""-4,000""}"
2026-10-07,TWSE,2849,安泰銀          ,38000,42000,-4000,0,0,0,0,0,0,"{""證券代號"":""2849"",""證券名稱"":""安泰銀          "",""外陸資買進股數(不含外資自營商)"":""38,000"",""外陸資賣出股數(不含外資自營商)"":""42,000"",""外陸資買賣超股數(不含外資自營商)"":""-4,000"",""外資自營商買進股數"":""0"",""外資自營商賣出股數"":""0"",""外資自營商買賣超股數"":""0"",""投信買進股數"":""0"",""投信賣出股數"":""0"",""投信買賣超股數"":""0"",""自營商買賣超股數"":""0"",""自營商買進股數(自行買賣)"":""0"",""自營商賣出股數(自行買賣)"":""0"",""自營商買賣超股數(自行買賣)"":""0"",""自營商買進股數(避險)"":""0"",""自營商賣出股數(避險)"":""0"",""自營商買賣超股數(避險)"":""0"",""三大法人買賣超股數"":""-4,000""}"
2026-10-07,TWSE,2364,倫飛            ,17000,23000,-6000,0,0,0,0,0,1924,"{""證券代號"":""2364"",""證券名稱"":""倫飛            "",""外陸資買進股數(不含外資自營商)"":""17,000"",""外陸資賣出股數(不含外資自營商)"":""23,000"",""外陸資買賣超股數(不含外資自營商)"":""-6,000"",""外資自營商買進股數"":""0"",""外資自營商賣出股數"":""0"",""外資自營商買賣超股數"":""0"",""投信買進股數"":""0"",""投信賣出股數"":""0"",""投信買賣超股數"":""0"",""自營商買賣超股數"":""1,924"",""自營商買進股數(自行買賣)"":""2,000"",""自營商賣出股數(自行買賣)"":""76"",""自營商買賣超股數(自行買賣)"":""1,924"",""自營商買進股數(避險)"":""0"",""自營商賣出股數(避險)"":""0"",""自營商買賣超股數(避險)"":""0"",""三大法人買賣超股數"":""-4,076""}"
2026-10-07,TWSE,2062,橋椿            ,7000,12000,-5000,0,0,0,0,0,0,"{""證券代號"":""2062"",""證券名稱"":""橋椿            "",""外陸資買進股數(不含外資自營商)"":""7,000"",""外陸資賣出股數(不含外資自營商)"":""12,000"",""外陸資買賣超股數(不含外資自營商)"":""-5,000"",""外資自營商買進股數"":""0"",""外資自營商賣出股數"":""0"",""外資自營商買賣超股數"":""0"",""投信買進股數"":""0"",""投信賣出股數"":""0"",""投信買賣超股數"":""0"",""自營商買賣超股數"":""0"",""自營商買進股數(自行買賣)"":""0"",""自營商賣出股數(自行買賣)"":""0"",""自營商買賣超股數(自行買賣)"":""0"",""自營商買進股數(避險)"":""0"",""自營商賣出股數(避險)"":""0"",""自營商買賣超股數(避險)"":""0"",""三大法人買賣超股數"":""-5,000""}"
2026-10-07,TWSE,9942,茂順            ,5000,10000,-5000,0,0,0,0,0,0,"{""證券代號"":""9942"",""證券名稱"":""茂順            "",""外陸資買進股數(不含外資自營商)"":""5,000"",""外陸資賣出股數(不含外資自營商)"":""10,000"",""外陸資買賣超股數(不含外資自營商)"":""-5,000"",""外資自營商買進股數"":""0"",""外資自營商賣出股數"":""0"",""外資自營商買賣超股數"":""0"",""投信買進股數"":""0"",""投信賣出股數"":""0"",""投信買賣超股數"":""0"",""自營商買賣超股數"":""0"",""自營商買進股數(自行買賣)"":""0"",""自營商賣出股數(自行買賣)"":""0"",""自營商買賣超股數(自行買賣)"":""0"",""自營商買進股數(避險)"":""0"",""自營商賣出股數(避險)"":""0"",""自營商買賣超股數(避險)"":""0"",""三大法人買賣超股數"":""-5,000""}"
2026-10-07,TWSE,9905,大華            ,4000,9000,-5000,0,0,0,0,0,0,"{""證券代號"":""9905"",""證券名稱"":""大華            "",""外陸資買進股數(不含外資自營商)"":""4,000"",""外陸資賣出股數(不含外資自營商)"":""9,000"",""外陸資買賣超股數(不含外資自營商)"":""-5,000"",""外資自營商買進股數"":""0"",""外資自營商賣出股數"":""0"",""外資自營商買賣超股數"":""0"",""投信買進股數"":""0"",""投信賣出股數"":""0"",""投信買賣超股數"":""0"",""自營商買賣超股數"":""0"",""自營商買進股數(自行買賣)"":""0"",""自營商賣出股數(自行買賣)"":""0"",""自營商買賣超股數(自行買賣)"":""0"",""自營商買進股數(避險)"":""0"",""自營商賣出股數(避險)"":""0"",""自營商買賣超股數(避險)"":""0"",""三大法人買賣超股數"":""-5,000""}"
2026-10-07,TWSE,6952,大武山          ,0,5000,-5000,0,0,0,0,0,0,"{""證券代號"":""6952"",""證券名稱"":""大武山          "",""外陸資買進股數(不含外資自營商)"":""0"",""外陸資賣出股數(不含外資自營商)"":""5,000"",""外陸資買賣超股數(不含外資自營商)"":""-5,000"",""外資自營商買進股數"":""0"",""外資自營商賣出股數"":""0"",""外資自營商買賣超股數"":""0"",""投信買進股數"":""0"",""投信賣出股數"":""0"",""投信買賣超股數"":""0"",""自營商買賣超股數"":""0"",""自營商買進股數(自行買賣)"":""0"",""自營商賣出股數(自行買賣)"":""0"",""自營商買賣超股數(自行買賣)"":""0"",""自營商買進股數(避險)"":""0"",""自營商賣出股數(避險)"":""0"",""自營商買賣超股數(避險)"":""0"",""三大法人買賣超股數"":""-5,000""}"
2026-10-07,TWSE,2702,華園            ,1000,6000,-5000,0,0,0,0,0,0,"{""證券代號"":""2702"",""證券名稱"":""華園            "",""外陸資買進股數(不含外資自營商)"":""1,000"",""外陸資賣出股數(不含外資自營商)"":""6,000"",""外陸資買賣超股數(不含外資自營商)"":""-5,000"",""外資自營商買進股數"":""0"",""外資自營商賣出股數"":""0"",""外資自營商買賣超股數"":""0"",""投信買進股數"":""0"",""投信賣出股數"":""0"",""投信買賣超股數"":""0"",""自營商買賣超股數"":""0"",""自營商買進股數(自行買賣)"":""0"",""自營商賣出股數(自行買賣)"":""0"",""自營商買賣超股數(自行買賣)"":""0"",""自營商買進股數(避險)"":""0"",""自營商賣出股數(避險)"":""0"",""自營商買賣超股數(避險)"":""0"",""三大法人買賣超股數"":""-5,000""}"
2026-10-07,TWSE,1539,巨庭            ,0,5000,-5000,0,0,0,0,0,-1,"{""證券代號"":""1539"",""證券名稱"":""巨庭            "",""外陸資買進股數(不含外資自營商)"":""0"",""外陸資賣出股數(不含外資自營商)"":""5,000"",""外陸資買賣超股數(不含外資自營商)"":""-5,000"",""外資自營商買進股數"":""0"",""外資自營商賣出股數"":""0"",""外資自營商買賣超股數"":""0"",""投信買進股數"":""0"",""投信賣出股數"":""0"",""投信買賣超股數"":""0"",""自營商買賣超股數"":""-1"",""自營商買進股數(自行買賣)"":""0"",""自營商賣出股數(自行買賣)"":""1"",""自營商買賣超股數(自行買賣)"":""-1"",""自營商買進股數(避險)"":""0"",""自營商賣出股數(避險)"":""0"",""自營商買賣超股數(避險)"":""0"",""三大法人買賣超股數"":""-5,001""}"
2026-10-07,TWSE,9929,秋雨            ,0,5000,-5000,0,0,0,0,0,-40,"{""證券代號"":""9929"",""證券名稱"":""秋雨            "",""外陸資買進股數(不含外資自營商)"":""0"",""外陸資賣出股數(不含外資自營商)"":""5,000"",""外陸資買賣超股數(不含外資自營商)"":""-5,000"",""外資自營商買進股數"":""0"",""外資自營商賣出股數"":""0"",""外資自營商買賣超股數"":""0"",""投信買進股數"":""0"",""投信賣出股數"":""0"",""投信買賣超股數"":""0"",""自營商買賣超股數"":""-40"",""自營商買進股數(自行買賣)"":""0"",""自營商賣出股數(自行買賣)"":""40"",""自營商買賣超股數(自行買賣)"":""-40"",""自營商買進股數(避險)"":""0"",""自營商賣出股數(避險)"":""0"",""自營商買賣超股數(避險)"":""0"",""三大法人買賣超股數"":""-5,040""}"
2026-10-07,TWSE,4999,鑫禾            ,8000,9000,-1000,0,0,0,0,0,-4083,"{""證券代號"":""4999"",""證券名稱"":""鑫禾            "",""外陸資買進股數(不含外資自營商)"":""8,000"",""外陸資賣出股數(不含外資自營商)"":""9,000"",""外陸資買賣超股數(不含外資自營商)"":""-1,000"",""外資自營商買進股數"":""0"",""外資自營商賣出股數"":""0"",""外資自營商買賣超股數"":""0"",""投信買進股數"":""0"",""投信賣出股數"":""0"",""投信買賣超股數"":""0"",""自營商買賣超股數"":""-4,083"",""自營商買進股數(自行買賣)"":""0"",""自營商賣出股數(自行買賣)"":""4,083"",""自營商買賣超股數(自行買賣)"":""-4,083"",""自營商買進股數(避險)"":""0"",""自營商賣出股數(避險)"":""0"",""自營商買賣超股數(避險)"":""0"",""三大法人買賣超股數"":""-5,083""}"
2026-10-07,TWSE,8499,鼎炫-KY         ,1000,6000,-5000,0,0,0,0,467,-467,"{""證券代號"":""8499"",""證券名稱"":""鼎炫-KY         "",""外陸資買進股數(不含外資自營商)"":""1,000"",""外陸資賣出股數(不含外資自營商)"":""6,000"",""外陸資買賣超股數(不含外資自營商)"":""-5,000"",""外資自營商買進股數"":""0"",""外資自營商賣出股數"":""0"",""外資自營商買賣超股數"":""0"",""投信買進股數"":""0"",""投信賣出股數"":""0"",""投信買賣超股數"":""0"",""自營商買賣超股數"":""-467"",""自營商買進股數(自行買賣)"":""0"",""自營商賣出股數(自行買賣)"":""0"",""自營商買賣超股數(自行買賣)"":""0"",""自營商買進股數(避險)"":""0"",""自營商賣出股數(避險)"":""467"",""自營商買賣超股數(避險)"":""-467"",""三大法人買賣超股數"":""-5,467""}"
2026-10-07,TWSE,6969,成信實業*-創    ,4000,10000,-6000,0,0,0,3000,2677,323,"{""證券代號"":""6969"",""證券名稱"":""成信實業*-創    "",""外陸資買進股數(不含外資自營商)"":""4,000"",""外陸資賣出股數(不含外資自營商)"":""10,000"",""外陸資買賣超股數(不含外資自營商)"":""-6,000"",""外資自營商買進股數"":""0"",""外資自營商賣出股數"":""0"",""外資自營商買賣超股數"":""0"",""投信買進股數"":""0"",""投信賣出股數"":""0"",""投信買賣超股數"":""0"",""自營商買賣超股數"":""323"",""自營商買進股數(自行買賣)"":""0"",""自營商賣出股數(自行買賣)"":""0"",""自營商買賣超股數(自行買賣)"":""0"",""自營商買進股數(避險)"":""3,000"",""自營商賣出股數(避險)"":""2,677"",""自營商買賣超股數(避險)"":""323"",""三大法人買賣超股數"":""-5,677""}"
2026-10-07,TWSE,5215,科嘉-KY         ,0,4000,-4000,0,0,0,0,0,-1700,"{""證券代號"":""5215"",""證券名稱"":""科嘉-KY         "",""外陸資買進股數(不含外資自營商)"":""0"",""外陸資賣出股數(不含外資自營商)"":""4,000"",""外陸資買賣超股數(不含外資自營商)"":""-4,000"",""外資自營商買進股數"":""0"",""外資自營商賣出股數"":""0"",""外資自營商買賣超股數"":""0"",""投信買進股數"":""0"",""投信賣出股數"":""0"",""投信買賣超股數"":""0"",""自營商買賣超股數"":""-1,700"",""自營商買進股數(自行買賣)"":""300"",""自營商賣出股數(自行買賣)"":""2,000"",""自營商買賣超股數(自行買賣)"":""-1,700"",""自營商買進股數(避險)"":""0"",""自營商賣出股數(避險)"":""0"",""自營商買賣超股數(避險)"":""0"",""三大法人買賣超股數"":""-5,700""}"
2026-10-07,TWSE,2905,三商            ,66082,73008,-6926,0,0,0,0,0,1000,"{""證券代號"":""2905"",""證券名稱"":""三商            "",""外陸資買進股數(不含外資自營商)"":""66,082"",""外陸資賣出股數(不含外資自營商)"":""73,008"",""外陸資買賣超股數(不含外資自營商)"":""-6,926"",""外資自營商買進股數"":""0"",""外資自營商賣出股數"":""0"",""外資自營商買賣超股數"":""0"",""投信買進股數"":""0"",""投信賣出股數"":""0"",""投信買賣超股數"":""0"",""自營商買賣超股數"":""1,000"",""自營商買進股數(自行買賣)"":""1,000"",""自營商賣出股數(自行買賣)"":""0"",""自營商買賣超股數(自行買賣)"":""1,000"",""自營商買進股數(避險)"":""0"",""自營商賣出股數(避險)"":""0"",""自營商買賣超股數(避險)"":""0"",""三大法人買賣超股數"":""-5,926""}"
2026-10-07,TWSE,1109,信大            ,3000,9000,-6000,0,0,0,0,0,0,"{""證券代號"":""1109"",""證券名稱"":""信大            "",""外陸資買進股數(不含外資自營商)"":""3,000"",""外陸資賣出股數(不含外資自營商)"":""9,000"",""外陸資買賣超股數(不含外資自營商)"":""-6,000"",""外資自營商買進股數"":""0"",""外資自營商賣出股數"":""0"",""外資自營商買賣超股數"":""0"",""投信買進股數"":""0"",""投信賣出股數"":""0"",""投信買賣超股數"":""0"",""自營商買賣超股數"":""0"",""自營商買進股數(自行買賣)"":""0"",""自營商賣出股數(自行買賣)"":""0"",""自營商買賣超股數(自行買賣)"":""0"",""自營商買進股數(避險)"":""0"",""自營商賣出股數(避險)"":""0"",""自營商買賣超股數(避險)"":""0"",""三大法人買賣超股數"":""-6,000""}"
2026-10-07,TWSE,6128,上福            ,2000,8000,-6000,0,0,0,0,0,0,"{""證券代號"":""6128"",""證券名稱"":""上福            "",""外陸資買進股數(不含外資自營商)"":""2,000"",""外陸資賣出股數(不含外資自營商)"":""8,000"",""外陸資買賣超股數(不含外資自營商)"":""-6,000"",""外資自營商買進股數"":""0"",""外資自營商賣出股數"":""0"",""外資自營商買賣超股數"":""0"",""投信買進股數"":""0"",""投信賣出股數"":""0"",""投信買賣超股數"":""0"",""自營商買賣超股數"":""0"",""自營商買進股數(自行買賣)"":""0"",""自營商賣出股數(自行買賣)"":""0"",""自營商買賣超股數(自行買賣)"":""0"",""自營商買進股數(避險)"":""0"",""自營商賣出股數(避險)"":""0"",""自營商買賣超股數(避險)"":""0"",""三大法人買賣超股數"":""-6,000""}"
2026-10-07,TWSE,6115,鎰勝            ,12000,18000,-6000,0,0,0,0,0,0,"{""證券代號"":""6115"",""證券名稱"":""鎰勝            "",""外陸資買進股數(不含外資自營商)"":""12,000"",""外陸資賣出股數(不含外資自營商)"":""18,000"",""外陸資買賣超股數(不含外資自營商)"":""-6,000"",""外資自營商買進股數"":""0"",""外資自營商賣出股數"":""0"",""外資自營商買賣超股數"":""0"",""投信買進股數"":""0"",""投信賣出股數"":""0"",""投信買賣超股數"":""0"",""自營商買賣超股數"":""0"",""自營商買進股數(自行買賣)"":""8,000"",""自營商賣出股數(自行買賣)"":""8,000"",""自營商買賣超股數(自行買賣)"":""0"",""自營商買進股數(避險)"":""0"",""自營商賣出股數(避險)"":""0"",""自營商買賣超股數(避險)"":""0"",""三大法人買賣超股數"":""-6,000""}"
2026-10-07,TWSE,4190,佐登-KY         ,0,6000,-6000,0,0,0,0,0,0,"{""證券代號"":""4190"",""證券名稱"":""佐登-KY         "",""外陸資買進股數(不含外資自營商)"":""0"",""外陸資賣出股數(不含外資自營商)"":""6,000"",""外陸資買賣超股數(不含外資自營商)"":""-6,000"",""外資自營商買進股數"":""0"",""外資自營商賣出股數"":""0"",""外資自營商買賣超股數"":""0"",""投信買進股數"":""0"",""投信賣出股數"":""0"",""投信買賣超股數"":""0"",""自營商買賣超股數"":""0"",""自營商買進股數(自行買賣)"":""0"",""自營商賣出股數(自行買賣)"":""0"",""自營商買賣超股數(自行買賣)"":""0"",""自營商買進股數(避險)"":""0"",""自營商賣出股數(避險)"":""0"",""自營商買賣超股數(避險)"":""0"",""三大法人買賣超股數"":""-6,000""}"
2026-10-07,TWSE,7835,永悅健康-創     ,1000,12000,-11000,0,0,0,8000,3000,5000,"{""證券代號"":""7835"",""證券名稱"":""永悅健康-創     "",""外陸資買進股數(不含外資自營商)"":""1,000"",""外陸資賣出股數(不含外資自營商)"":""12,000"",""外陸資買賣超股數(不含外資自營商)"":""-11,000"",""外資自營商買進股數"":""0"",""外資自營商賣出股數"":""0"",""外資自營商買賣超股數"":""0"",""投信買進股數"":""0"",""投信賣出股數"":""0"",""投信買賣超股數"":""0"",""自營商買賣超股數"":""5,000"",""自營商買進股數(自行買賣)"":""0"",""自營商賣出股數(自行買賣)"":""0"",""自營商買賣超股數(自行買賣)"":""0"",""自營商買進股數(避險)"":""8,000"",""自營商賣出股數(避險)"":""3,000"",""自營商買賣超股數(避險)"":""5,000"",""三大法人買賣超股數"":""-6,000""}"
2026-10-07,TWSE,2704,國賓            ,17000,23000,-6000,0,0,0,0,0,0,"{""證券代號"":""2704"",""證券名稱"":""國賓            "",""外陸資買進股數(不含外資自營商)"":""17,000"",""外陸資賣出股數(不含外資自營商)"":""23,000"",""外陸資買賣超股數(不含外資自營商)"":""-6,000"",""外資自營商買進股數"":""0"",""外資自營商賣出股數"":""0"",""外資自營商買賣超股數"":""0"",""投信買進股數"":""0"",""投信賣出股數"":""0"",""投信買賣超股數"":""0"",""自營商買賣超股數"":""0"",""自營商買進股數(自行買賣)"":""0"",""自營商賣出股數(自行買賣)"":""0"",""自營商買賣超股數(自行買賣)"":""0"",""自營商買進股數(避險)"":""0"",""自營商賣出股數(避險)"":""0"",""自營商買賣超股數(避險)"":""0"",""三大法人買賣超股數"":""-6,000""}"
2026-10-07,TWSE,2616,山隆            ,3000,9000,-6000,0,0,0,0,0,0,"{""證券代號"":""2616"",""證券名稱"":""山隆            "",""外陸資買進股數(不含外資自營商)"":""3,000"",""外陸資賣出股數(不含外資自營商)"":""9,000"",""外陸資買賣超股數(不含外資自營商)"":""-6,000"",""外資自營商買進股數"":""0"",""外資自營商賣出股數"":""0"",""外資自營商買賣超股數"":""0"",""投信買進股數"":""0"",""投信賣出股數"":""0"",""投信買賣超股數"":""0"",""自營商買賣超股數"":""0"",""自營商買進股數(自行買賣)"":""0"",""自營商賣出股數(自行買賣)"":""0"",""自營商買賣超股數(自行買賣)"":""0"",""自營商買進股數(避險)"":""0"",""自營商賣出股數(避險)"":""0"",""自營商買賣超股數(避險)"":""0"",""三大法人買賣超股數"":""-6,000""}"
2026-10-07,TWSE,6722,輝創            ,1000,7000,-6000,0,0,0,0,0,0,"{""證券代號"":""6722"",""證券名稱"":""輝創            "",""外陸資買進股數(不含外資自營商)"":""1,000"",""外陸資賣出股數(不含外資自營商)"":""7,000"",""外陸資買賣超股數(不含外資自營商)"":""-6,000"",""外資自營商買進股數"":""0"",""外資自營商賣出股數"":""0"",""外資自營商買賣超股數"":""0"",""投信買進股數"":""0"",""投信賣出股數"":""0"",""投信買賣超股數"":""0"",""自營商買賣超股數"":""0"",""自營商買進股數(自行買賣)"":""0"",""自營商賣出股數(自行買賣)"":""0"",""自營商買賣超股數(自行買賣)"":""0"",""自營商買進股數(避險)"":""0"",""自營商賣出股數(避險)"":""0"",""自營商買賣超股數(避險)"":""0"",""三大法人買賣超股數"":""-6,000""}"
2026-10-07,TWSE,2424,隴華            ,0,6000,-6000,0,0,0,0,0,0,"{""證券代號"":""2424"",""證券名稱"":""隴華            "",""外陸資買進股數(不含外資自營商)"":""0"",""外陸資賣出股數(不含外資自營商)"":""6,000"",""外陸資買賣超股數(不含外資自營商)"":""-6,000"",""外資自營商買進股數"":""0"",""外資自營商賣出股數"":""0"",""外資自營商買賣超股數"":""0"",""投信買進股數"":""0"",""投信賣出股數"":""0"",""投信買賣超股數"":""0"",""自營商買賣超股數"":""0"",""自營商買進股數(自行買賣)"":""0"",""自營商賣出股數(自行買賣)"":""0"",""自營商買賣超股數(自行買賣)"":""0"",""自營商買進股數(避險)"":""0"",""自營商賣出股數(避險)"":""0"",""自營商買賣超股數(避險)"":""0"",""三大法人買賣超股數"":""-6,000""}"
2026-10-07,TWSE,8045,達運光電        ,29000,35000,-6000,0,0,0,0,0,0,"{""證券代號"":""8045"",""證券名稱"":""達運光電        "",""外陸資買進股數(不含外資自營商)"":""29,000"",""外陸資賣出股數(不含外資自營商)"":""35,000"",""外陸資買賣超股數(不含外資自營商)"":""-6,000"",""外資自營商買進股數"":""0"",""外資自營商賣出股數"":""0"",""外資自營商買賣超股數"":""0"",""投信買進股數"":""0"",""投信賣出股數"":""0"",""投信買賣超股數"":""0"",""自營商買賣超股數"":""0"",""自營商買進股數(自行買賣)"":""0"",""自營商賣出股數(自行買賣)"":""0"",""自營商買賣超股數(自行買賣)"":""0"",""自營商買進股數(避險)"":""0"",""自營商賣出股數(避險)"":""0"",""自營商買賣超股數(避險)"":""0"",""三大法人買賣超股數"":""-6,000""}"
2026-10-07,TWSE,1623,大東電          ,18000,24034,-6034,0,0,0,0,0,0,"{""證券代號"":""1623"",""證券名稱"":""大東電          "",""外陸資買進股數(不含外資自營商)"":""18,000"",""外陸資賣出股數(不含外資自營商)"":""24,034"",""外陸資買賣超股數(不含外資自營商)"":""-6,034"",""外資自營商買進股數"":""0"",""外資自營商賣出股數"":""0"",""外資自營商買賣超股數"":""0"",""投信買進股數"":""0"",""投信賣出股數"":""0"",""投信買賣超股數"":""0"",""自營商買賣超股數"":""0"",""自營商買進股數(自行買賣)"":""0"",""自營商賣出股數(自行買賣)"":""0"",""自營商買賣超股數(自行買賣)"":""0"",""自營商買進股數(避險)"":""0"",""自營商賣出股數(避險)"":""0"",""自營商買賣超股數(避險)"":""0"",""三大法人買賣超股數"":""-6,034""}"
2026-10-07,TWSE,6947,台鎔科技        ,8000,14210,-6210,0,0,0,0,0,0,"{""證券代號"":""6947"",""證券名稱"":""台鎔科技        "",""外陸資買進股數(不含外資自營商)"":""8,000"",""外陸資賣出股數(不含外資自營商)"":""14,210"",""外陸資買賣超股數(不含外資自營商)"":""-6,210"",""外資自營商買進股數"":""0"",""外資自營商賣出股數"":""0"",""外資自營商買賣超股數"":""0"",""投信買進股數"":""0"",""投信賣出股數"":""0"",""投信買賣超股數"":""0"",""自營商買賣超股數"":""0"",""自營商買進股數(自行買賣)"":""0"",""自營商賣出股數(自行買賣)"":""0"",""自營商買賣超股數(自行買賣)"":""0"",""自營商買進股數(避險)"":""0"",""自營商賣出股數(避險)"":""0"",""自營商買賣超股數(避險)"":""0"",""三大法人買賣超股數"":""-6,210""}"
2026-10-07,TWSE,3257,虹冠電          ,29000,32878,-3878,0,0,0,0,0,-3000,"{""證券代號"":""3257"",""證券名稱"":""虹冠電          "",""外陸資買進股數(不含外資自營商)"":""29,000"",""外陸資賣出股數(不含外資自營商)"":""32,878"",""外陸資買賣超股數(不含外資自營商)"":""-3,878"",""外資自營商買進股數"":""0"",""外資自營商賣出股數"":""0"",""外資自營商買賣超股數"":""0"",""投信買進股數"":""0"",""投信賣出股數"":""0"",""投信買賣超股數"":""0"",""自營商買賣超股數"":""-3,000"",""自營商買進股數(自行買賣)"":""0"",""自營商賣出股數(自行買賣)"":""3,000"",""自營商買賣超股數(自行買賣)"":""-3,000"",""自營商買進股數(避險)"":""0"",""自營商賣出股數(避險)"":""0"",""自營商買賣超股數(避險)"":""0"",""三大法人買賣超股數"":""-6,878""}"
2026-10-07,TWSE,2701,萬企            ,1000,8000,-7000,0,0,0,0,0,0,"{""證券代號"":""2701"",""證券名稱"":""萬企            "",""外陸資買進股數(不含外資自營商)"":""1,000"",""外陸資賣出股數(不含外資自營商)"":""8,000"",""外陸資買賣超股數(不含外資自營商)"":""-7,000"",""外資自營商買進股數"":""0"",""外資自營商賣出股數"":""0"",""外資自營商買賣超股數"":""0"",""投信買進股數"":""0"",""投信賣出股數"":""0"",""投信買賣超股數"":""0"",""自營商買賣超股數"":""0"",""自營商買進股數(自行買賣)"":""0"",""自營商賣出股數(自行買賣)"":""0"",""自營商買賣超股數(自行買賣)"":""0"",""自營商買進股數(避險)"":""0"",""自營商賣出股數(避險)"":""0"",""自營商買賣超股數(避險)"":""0"",""三大法人買賣超股數"":""-7,000""}"
2026-10-07,TWSE,8466,美吉吉-KY       ,0,7000,-7000,0,0,0,0,0,0,"{""證券代號"":""8466"",""證券名稱"":""美吉吉-KY       "",""外陸資買進股數(不含外資自營商)"":""0"",""外陸資賣出股數(不含外資自營商)"":""7,000"",""外陸資買賣超股數(不含外資自營商)"":""-7,000"",""外資自營商買進股數"":""0"",""外資自營商賣出股數"":""0"",""外資自營商買賣超股數"":""0"",""投信買進股數"":""0"",""投信賣出股數"":""0"",""投信買賣超股數"":""0"",""自營商買賣超股數"":""0"",""自營商買進股數(自行買賣)"":""0"",""自營商賣出股數(自行買賣)"":""0"",""自營商買賣超股數(自行買賣)"":""0"",""自營商買進股數(避險)"":""0"",""自營商賣出股數(避險)"":""0"",""自營商買賣超股數(避險)"":""0"",""三大法人買賣超股數"":""-7,000""}"
2026-10-07,TWSE,9927,泰銘            ,8000,15000,-7000,0,0,0,0,0,0,"{""證券代號"":""9927"",""證券名稱"":""泰銘            "",""外陸資買進股數(不含外資自營商)"":""8,000"",""外陸資賣出股數(不含外資自營商)"":""15,000"",""外陸資買賣超股數(不含外資自營商)"":""-7,000"",""外資自營商買進股數"":""0"",""外資自營商賣出股數"":""0"",""外資自營商買賣超股數"":""0"",""投信買進股數"":""0"",""投信賣出股數"":""0"",""投信買賣超股數"":""0"",""自營商買賣超股數"":""0"",""自營商買進股數(自行買賣)"":""0"",""自營商賣出股數(自行買賣)"":""0"",""自營商買賣超股數(自行買賣)"":""0"",""自營商買進股數(避險)"":""0"",""自營商賣出股數(避險)"":""0"",""自營商買賣超股數(避險)"":""0"",""三大法人買賣超股數"":""-7,000""}"
2026-10-07,TWSE,1906,寶隆            ,2000,9000,-7000,0,0,0,0,0,0,"{""證券代號"":""1906"",""證券名稱"":""寶隆            "",""外陸資買進股數(不含外資自營商)"":""2,000"",""外陸資賣出股數(不含外資自營商)"":""9,000"",""外陸資買賣超股數(不含外資自營商)"":""-7,000"",""外資自營商買進股數"":""0"",""外資自營商賣出股數"":""0"",""外資自營商買賣超股數"":""0"",""投信買進股數"":""0"",""投信賣出股數"":""0"",""投信買賣超股數"":""0"",""自營商買賣超股數"":""0"",""自營商買進股數(自行買賣)"":""0"",""自營商賣出股數(自行買賣)"":""0"",""自營商買賣超股數(自行買賣)"":""0"",""自營商買進股數(避險)"":""0"",""自營商賣出股數(避險)"":""0"",""自營商買賣超股數(避險)"":""0"",""三大法人買賣超股數"":""-7,000""}"
2026-10-07,TWSE,5525,順天            ,0,7000,-7000,0,0,0,0,0,0,"{""證券代號"":""5525"",""證券名稱"":""順天            "",""外陸資買進股數(不含外資自營商)"":""0"",""外陸資賣出股數(不含外資自營商)"":""7,000"",""外陸資買賣超股數(不含外資自營商)"":""-7,000"",""外資自營商買進股數"":""0"",""外資自營商賣出股數"":""0"",""外資自營商買賣超股數"":""0"",""投信買進股數"":""0"",""投信賣出股數"":""0"",""投信買賣超股數"":""0"",""自營商買賣超股數"":""0"",""自營商買進股數(自行買賣)"":""0"",""自營商賣出股數(自行買賣)"":""0"",""自營商買賣超股數(自行買賣)"":""0"",""自營商買進股數(避險)"":""0"",""自營商賣出股數(避險)"":""0"",""自營商買賣超股數(避險)"":""0"",""三大法人買賣超股數"":""-7,000""}"
2026-10-07,TWSE,1220,台榮            ,3000,10000,-7000,0,0,0,0,0,0,"{""證券代號"":""1220"",""證券名稱"":""台榮            "",""外陸資買進股數(不含外資自營商)"":""3,000"",""外陸資賣出股數(不含外資自營商)"":""10,000"",""外陸資買賣超股數(不含外資自營商)"":""-7,000"",""外資自營商買進股數"":""0"",""外資自營商賣出股數"":""0"",""外資自營商買賣超股數"":""0"",""投信買進股數"":""0"",""投信賣出股數"":""0"",""投信買賣超股數"":""0"",""自營商買賣超股數"":""0"",""自營商買進股數(自行買賣)"":""0"",""自營商賣出股數(自行買賣)"":""0"",""自營商買賣超股數(自行買賣)"":""0"",""自營商買進股數(避險)"":""0"",""自營商賣出股數(避險)"":""0"",""自營商買賣超股數(避險)"":""0"",""三大法人買賣超股數"":""-7,000""}"
2026-10-07,TWSE,2901,欣欣            ,4000,14000,-10000,0,0,0,0,0,3000,"{""證券代號"":""2901"",""證券名稱"":""欣欣            "",""外陸資買進股數(不含外資自營商)"":""4,000"",""外陸資賣出股數(不含外資自營商)"":""14,000"",""外陸資買賣超股數(不含外資自營商)"":""-10,000"",""外資自營商買進股數"":""0"",""外資自營商賣出股數"":""0"",""外資自營商買賣超股數"":""0"",""投信買進股數"":""0"",""投信賣出股數"":""0"",""投信買賣超股數"":""0"",""自營商買賣超股數"":""3,000"",""自營商買進股數(自行買賣)"":""4,000"",""自營商賣出股數(自行買賣)"":""1,000"",""自營商買賣超股數(自行買賣)"":""3,000"",""自營商買進股數(避險)"":""0"",""自營商賣出股數(避險)"":""0"",""自營商買賣超股數(避險)"":""0"",""三大法人買賣超股數"":""-7,000""}"
2026-10-07,TWSE,6414,樺漢            ,183055,197571,-14516,8000,0,8000,1000,2703,-703,"{""證券代號"":""6414"",""證券名稱"":""樺漢            "",""外陸資買進股數(不含外資自營商)"":""183,055"",""外陸資賣出股數(不含外資自營商)"":""197,571"",""外陸資買賣超股數(不含外資自營商)"":""-14,516"",""外資自營商買進股數"":""0"",""外資自營商賣出股數"":""0"",""外資自營商買賣超股數"":""0"",""投信買進股數"":""8,000"",""投信賣出股數"":""0"",""投信買賣超股數"":""8,000"",""自營商買賣超股數"":""-703"",""自營商買進股數(自行買賣)"":""1,000"",""自營商賣出股數(自行買賣)"":""0"",""自營商買賣超股數(自行買賣)"":""1,000"",""自營商買進股數(避險)"":""1,000"",""自營商賣出股數(避險)"":""2,703"",""自營商買賣超股數(避險)"":""-1,703"",""三大法人買賣超股數"":""-7,219""}"
2026-10-07,TWSE,5284,jpp-KY          ,74010,54000,20010,0,16402,-16402,5000,16488,-11488,"{""證券代號"":""5284"",""證券名稱"":""jpp-KY          "",""外陸資買進股數(不含外資自營商)"":""74,010"",""外陸資賣出股數(不含外資自營商)"":""54,000"",""外陸資買賣超股數(不含外資自營商)"":""20,010"",""外資自營商買進股數"":""0"",""外資自營商賣出股數"":""0"",""外資自營商買賣超股數"":""0"",""投信買進股數"":""0"",""投信賣出股數"":""16,402"",""投信買賣超股數"":""-16,402"",""自營商買賣超股數"":""-11,488"",""自營商買進股數(自行買賣)"":""0"",""自營商賣出股數(自行買賣)"":""0"",""自營商買賣超股數(自行買賣)"":""0"",""自營商買進股數(避險)"":""5,000"",""自營商賣出股數(避險)"":""16,488"",""自營商買賣超股數(避險)"":""-11,488"",""三大法人買賣超股數"":""-7,880""}"
2026-10-07,TWSE,4585,達明            ,6046,14000,-7954,0,0,0,0,0,0,"{""證券代號"":""4585"",""證券名稱"":""達明            "",""外陸資買進股數(不含外資自營商)"":""6,046"",""外陸資賣出股數(不含外資自營商)"":""14,000"",""外陸資買賣超股數(不含外資自營商)"":""-7,954"",""外資自營商買進股數"":""0"",""外資自營商賣出股數"":""0"",""外資自營商買賣超股數"":""0"",""投信買進股數"":""0"",""投信賣出股數"":""0"",""投信買賣超股數"":""0"",""自營商買賣超股數"":""0"",""自營商買進股數(自行買賣)"":""0"",""自營商賣出股數(自行買賣)"":""0"",""自營商買賣超股數(自行買賣)"":""0"",""自營商買進股數(避險)"":""0"",""自營商賣出股數(避險)"":""0"",""自營商買賣超股數(避險)"":""0"",""三大法人買賣超股數"":""-7,954""}"
2026-10-07,TWSE,2923,鼎固-KY         ,20000,15000,5000,0,0,0,0,0,-13000,"{""證券代號"":""2923"",""證券名稱"":""鼎固-KY         "",""外陸資買進股數(不含外資自營商)"":""20,000"",""外陸資賣出股數(不含外資自營商)"":""15,000"",""外陸資買賣超股數(不含外資自營商)"":""5,000"",""外資自營商買進股數"":""0"",""外資自營商賣出股數"":""0"",""外資自營商買賣超股數"":""0"",""投信買進股數"":""0"",""投信賣出股數"":""0"",""投信買賣超股數"":""0"",""自營商買賣超股數"":""-13,000"",""自營商買進股數(自行買賣)"":""0"",""自營商賣出股數(自行買賣)"":""13,000"",""自營商買賣超股數(自行買賣)"":""-13,000"",""自營商買進股數(避險)"":""0"",""自營商賣出股數(避險)"":""0"",""自營商買賣超股數(避險)"":""0"",""三大法人買賣超股數"":""-8,000""}"
2026-10-07,TWSE,2028,威致            ,15000,23000,-8000,0,0,0,0,0,0,"{""證券代號"":""2028"",""證券名稱"":""威致            "",""外陸資買進股數(不含外資自營商)"":""15,000"",""外陸資賣出股數(不含外資自營商)"":""23,000"",""外陸資買賣超股數(不含外資自營商)"":""-8,000"",""外資自營商買進股數"":""0"",""外資自營商賣出股數"":""0"",""外資自營商買賣超股數"":""0"",""投信買進股數"":""0"",""投信賣出股數"":""0"",""投信買賣超股數"":""0"",""自營商買賣超股數"":""0"",""自營商買進股數(自行買賣)"":""0"",""自營商賣出股數(自行買賣)"":""0"",""自營商買賣超股數(自行買賣)"":""0"",""自營商買進股數(避險)"":""0"",""自營商賣出股數(避險)"":""0"",""自營商買賣超股數(避險)"":""0"",""三大法人買賣超股數"":""-8,000""}"
2026-10-07,TWSE,1752,南光            ,4000,12000,-8000,0,0,0,0,0,0,"{""證券代號"":""1752"",""證券名稱"":""南光            "",""外陸資買進股數(不含外資自營商)"":""4,000"",""外陸資賣出股數(不含外資自營商)"":""12,000"",""外陸資買賣超股數(不含外資自營商)"":""-8,000"",""外資自營商買進股數"":""0"",""外資自營商賣出股數"":""0"",""外資自營商買賣超股數"":""0"",""投信買進股數"":""0"",""投信賣出股數"":""0"",""投信買賣超股數"":""0"",""自營商買賣超股數"":""0"",""自營商買進股數(自行買賣)"":""0"",""自營商賣出股數(自行買賣)"":""0"",""自營商買賣超股數(自行買賣)"":""0"",""自營商買進股數(避險)"":""0"",""自營商賣出股數(避險)"":""0"",""自營商買賣超股數(避險)"":""0"",""三大法人買賣超股數"":""-8,000""}"
2026-10-07,TWSE,1530,亞崴            ,2000,10000,-8000,0,0,0,0,0,0,"{""證券代號"":""1530"",""證券名稱"":""亞崴            "",""外陸資買進股數(不含外資自營商)"":""2,000"",""外陸資賣出股數(不含外資自營商)"":""10,000"",""外陸資買賣超股數(不含外資自營商)"":""-8,000"",""外資自營商買進股數"":""0"",""外資自營商賣出股數"":""0"",""外資自營商買賣超股數"":""0"",""投信買進股數"":""0"",""投信賣出股數"":""0"",""投信買賣超股數"":""0"",""自營商買賣超股數"":""0"",""自營商買進股數(自行買賣)"":""0"",""自營商賣出股數(自行買賣)"":""0"",""自營商買賣超股數(自行買賣)"":""0"",""自營商買進股數(避險)"":""0"",""自營商賣出股數(避險)"":""0"",""自營商買賣超股數(避險)"":""0"",""三大法人買賣超股數"":""-8,000""}"
2026-10-07,TWSE,1512,瑞利            ,4000,12000,-8000,0,0,0,0,0,0,"{""證券代號"":""1512"",""證券名稱"":""瑞利            "",""外陸資買進股數(不含外資自營商)"":""4,000"",""外陸資賣出股數(不含外資自營商)"":""12,000"",""外陸資買賣超股數(不含外資自營商)"":""-8,000"",""外資自營商買進股數"":""0"",""外資自營商賣出股數"":""0"",""外資自營商買賣超股數"":""0"",""投信買進股數"":""0"",""投信賣出股數"":""0"",""投信買賣超股數"":""0"",""自營商買賣超股數"":""0"",""自營商買進股數(自行買賣)"":""0"",""自營商賣出股數(自行買賣)"":""0"",""自營商買賣超股數(自行買賣)"":""0"",""自營商買進股數(避險)"":""0"",""自營商賣出股數(避險)"":""0"",""自營商買賣超股數(避險)"":""0"",""三大法人買賣超股數"":""-8,000""}"
2026-10-07,TWSE,2506,太設            ,3000,11000,-8000,0,0,0,0,0,0,"{""證券代號"":""2506"",""證券名稱"":""太設            "",""外陸資買進股數(不含外資自營商)"":""3,000"",""外陸資賣出股數(不含外資自營商)"":""11,000"",""外陸資買賣超股數(不含外資自營商)"":""-8,000"",""外資自營商買進股數"":""0"",""外資自營商賣出股數"":""0"",""外資自營商買賣超股數"":""0"",""投信買進股數"":""0"",""投信賣出股數"":""0"",""投信買賣超股數"":""0"",""自營商買賣超股數"":""0"",""自營商買進股數(自行買賣)"":""0"",""自營商賣出股數(自行買賣)"":""0"",""自營商買賣超股數(自行買賣)"":""0"",""自營商買進股數(避險)"":""0"",""自營商賣出股數(避險)"":""0"",""自營商買賣超股數(避險)"":""0"",""三大法人買賣超股數"":""-8,000""}"
2026-10-07,TWSE,1583,程泰            ,6000,14000,-8000,0,0,0,0,0,-3,"{""證券代號"":""1583"",""證券名稱"":""程泰            "",""外陸資買進股數(不含外資自營商)"":""6,000"",""外陸資賣出股數(不含外資自營商)"":""14,000"",""外陸資買賣超股數(不含外資自營商)"":""-8,000"",""外資自營商買進股數"":""0"",""外資自營商賣出股數"":""0"",""外資自營商買賣超股數"":""0"",""投信買進股數"":""0"",""投信賣出股數"":""0"",""投信買賣超股數"":""0"",""自營商買賣超股數"":""-3"",""自營商買進股數(自行買賣)"":""0"",""自營商賣出股數(自行買賣)"":""3"",""自營商買賣超股數(自行買賣)"":""-3"",""自營商買進股數(避險)"":""0"",""自營商賣出股數(避險)"":""0"",""自營商買賣超股數(避險)"":""0"",""三大法人買賣超股數"":""-8,003""}"
2026-10-07,TWSE,8462,柏文            ,6000,14252,-8252,0,0,0,0,0,0,"{""證券代號"":""8462"",""證券名稱"":""柏文            "",""外陸資買進股數(不含外資自營商)"":""6,000"",""外陸資賣出股數(不含外資自營商)"":""14,252"",""外陸資買賣超股數(不含外資自營商)"":""-8,252"",""外資自營商買進股數"":""0"",""外資自營商賣出股數"":""0"",""外資自營商買賣超股數"":""0"",""投信買進股數"":""0"",""投信賣出股數"":""0"",""投信買賣超股數"":""0"",""自營商買賣超股數"":""0"",""自營商買進股數(自行買賣)"":""0"",""自營商賣出股數(自行買賣)"":""0"",""自營商買賣超股數(自行買賣)"":""0"",""自營商買進股數(避險)"":""0"",""自營商賣出股數(避險)"":""0"",""自營商買賣超股數(避險)"":""0"",""三大法人買賣超股數"":""-8,252""}"
2026-10-07,TWSE,2762,世界健身-KY     ,0,9000,-9000,0,0,0,0,0,0,"{""證券代號"":""2762"",""證券名稱"":""世界健身-KY     "",""外陸資買進股數(不含外資自營商)"":""0"",""外陸資賣出股數(不含外資自營商)"":""9,000"",""外陸資買賣超股數(不含外資自營商)"":""-9,000"",""外資自營商買進股數"":""0"",""外資自營商賣出股數"":""0"",""外資自營商買賣超股數"":""0"",""投信買進股數"":""0"",""投信賣出股數"":""0"",""投信買賣超股數"":""0"",""自營商買賣超股數"":""0"",""自營商買進股數(自行買賣)"":""0"",""自營商賣出股數(自行買賣)"":""0"",""自營商買賣超股數(自行買賣)"":""0"",""自營商買進股數(避險)"":""0"",""自營商賣出股數(避險)"":""0"",""自營商買賣超股數(避險)"":""0"",""三大法人買賣超股數"":""-9,000""}"
2026-10-07,TWSE,6183,關貿            ,2000,11000,-9000,0,0,0,0,0,0,"{""證券代號"":""6183"",""證券名稱"":""關貿            "",""外陸資買進股數(不含外資自營商)"":""2,000"",""外陸資賣出股數(不含外資自營商)"":""11,000"",""外陸資買賣超股數(不含外資自營商)"":""-9,000"",""外資自營商買進股數"":""0"",""外資自營商賣出股數"":""0"",""外資自營商買賣超股數"":""0"",""投信買進股數"":""0"",""投信賣出股數"":""0"",""投信買賣超股數"":""0"",""自營商買賣超股數"":""0"",""自營商買進股數(自行買賣)"":""0"",""自營商賣出股數(自行買賣)"":""0"",""自營商買賣超股數(自行買賣)"":""0"",""自營商買進股數(避險)"":""0"",""自營商賣出股數(避險)"":""0"",""自營商買賣超股數(避險)"":""0"",""三大法人買賣超股數"":""-9,000""}"
2026-10-07,TWSE,00656R,國泰中國A50反1  ,0,0,0,0,0,0,2000,11000,-9000,"{""證券代號"":""00656R"",""證券名稱"":""國泰中國A50反1  "",""外陸資買進股數(不含外資自營商)"":""0"",""外陸資賣出股數(不含外資自營商)"":""0"",""外陸資買賣超股數(不含外資自營商)"":""0"",""外資自營商買進股數"":""0"",""外資自營商賣出股數"":""0"",""外資自營商買賣超股數"":""0"",""投信買進股數"":""0"",""投信賣出股數"":""0"",""投信買賣超股數"":""0"",""自營商買賣超股數"":""-9,000"",""自營商買進股數(自行買賣)"":""0"",""自營商賣出股數(自行買賣)"":""0"",""自營商買賣超股數(自行買賣)"":""0"",""自營商買進股數(避險)"":""2,000"",""自營商賣出股數(避險)"":""11,000"",""自營商買賣超股數(避險)"":""-9,000"",""三大法人買賣超股數"":""-9,000""}"
2026-10-07,TWSE,2373,震旦行          ,0,9000,-9000,0,0,0,0,0,0,"{""證券代號"":""2373"",""證券名稱"":""震旦行          "",""外陸資買進股數(不含外資自營商)"":""0"",""外陸資賣出股數(不含外資自營商)"":""9,000"",""外陸資買賣超股數(不含外資自營商)"":""-9,000"",""外資自營商買進股數"":""0"",""外資自營商賣出股數"":""0"",""外資自營商買賣超股數"":""0"",""投信買進股數"":""0"",""投信賣出股數"":""0"",""投信買賣超股數"":""0"",""自營商買賣超股數"":""0"",""自營商買進股數(自行買賣)"":""0"",""自營商賣出股數(自行買賣)"":""0"",""自營商買賣超股數(自行買賣)"":""0"",""自營商買進股數(避險)"":""0"",""自營商賣出股數(避險)"":""0"",""自營商買賣超股數(避險)"":""0"",""三大法人買賣超股數"":""-9,000""}"
2026-10-07,TWSE,6958,日盛台駿        ,1000,10000,-9000,0,0,0,0,0,0,"{""證券代號"":""6958"",""證券名稱"":""日盛台駿        "",""外陸資買進股數(不含外資自營商)"":""1,000"",""外陸資賣出股數(不含外資自營商)"":""10,000"",""外陸資買賣超股數(不含外資自營商)"":""-9,000"",""外資自營商買進股數"":""0"",""外資自營商賣出股數"":""0"",""外資自營商買賣超股數"":""0"",""投信買進股數"":""0"",""投信賣出股數"":""0"",""投信買賣超股數"":""0"",""自營商買賣超股數"":""0"",""自營商買進股數(自行買賣)"":""0"",""自營商賣出股數(自行買賣)"":""0"",""自營商買賣超股數(自行買賣)"":""0"",""自營商買進股數(避險)"":""0"",""自營商賣出股數(避險)"":""0"",""自營商買賣超股數(避險)"":""0"",""三大法人買賣超股數"":""-9,000""}"
2026-10-07,TWSE,1463,強盛新          ,0,9000,-9000,0,0,0,0,0,0,"{""證券代號"":""1463"",""證券名稱"":""強盛新          "",""外陸資買進股數(不含外資自營商)"":""0"",""外陸資賣出股數(不含外資自營商)"":""9,000"",""外陸資買賣超股數(不含外資自營商)"":""-9,000"",""外資自營商買進股數"":""0"",""外資自營商賣出股數"":""0"",""外資自營商買賣超股數"":""0"",""投信買進股數"":""0"",""投信賣出股數"":""0"",""投信買賣超股數"":""0"",""自營商買賣超股數"":""0"",""自營商買進股數(自行買賣)"":""0"",""自營商賣出股數(自行買賣)"":""0"",""自營商買賣超股數(自行買賣)"":""0"",""自營商買進股數(避險)"":""0"",""自營商賣出股數(避險)"":""0"",""自營商買賣超股數(避險)"":""0"",""三大法人買賣超股數"":""-9,000""}"
2026-10-07,TWSE,1234,黑松            ,6000,16000,-10000,0,0,0,2000,1552,448,"{""證券代號"":""1234"",""證券名稱"":""黑松            "",""外陸資買進股數(不含外資自營商)"":""6,000"",""外陸資賣出股數(不含外資自營商)"":""16,000"",""外陸資買賣超股數(不含外資自營商)"":""-10,000"",""外資自營商買進股數"":""0"",""外資自營商賣出股數"":""0"",""外資自營商買賣超股數"":""0"",""投信買進股數"":""0"",""投信賣出股數"":""0"",""投信買賣超股數"":""0"",""自營商買賣超股數"":""448"",""自營商買進股數(自行買賣)"":""0"",""自營商賣出股數(自行買賣)"":""0"",""自營商買賣超股數(自行買賣)"":""0"",""自營商買進股數(避險)"":""2,000"",""自營商賣出股數(避險)"":""1,552"",""自營商買賣超股數(避險)"":""448"",""三大法人買賣超股數"":""-9,552""}"
2026-10-07,TWSE,1783,和康生          ,3000,17000,-14000,0,0,0,0,0,4000,"{""證券代號"":""1783"",""證券名稱"":""和康生          "",""外陸資買進股數(不含外資自營商)"":""3,000"",""外陸資賣出股數(不含外資自營商)"":""17,000"",""外陸資買賣超股數(不含外資自營商)"":""-14,000"",""外資自營商買進股數"":""0"",""外資自營商賣出股數"":""0"",""外資自營商買賣超股數"":""0"",""投信買進股數"":""0"",""投信賣出股數"":""0"",""投信買賣超股數"":""0"",""自營商買賣超股數"":""4,000"",""自營商買進股數(自行買賣)"":""4,000"",""自營商賣出股數(自行買賣)"":""0"",""自營商買賣超股數(自行買賣)"":""4,000"",""自營商買進股數(避險)"":""0"",""自營商賣出股數(避險)"":""0"",""自營商買賣超股數(避險)"":""0"",""三大法人買賣超股數"":""-10,000""}"
2026-10-07,TWSE,2739,寒舍            ,3000,13000,-10000,0,0,0,0,0,0,"{""證券代號"":""2739"",""證券名稱"":""寒舍            "",""外陸資買進股數(不含外資自營商)"":""3,000"",""外陸資賣出股數(不含外資自營商)"":""13,000"",""外陸資買賣超股數(不含外資自營商)"":""-10,000"",""外資自營商買進股數"":""0"",""外資自營商賣出股數"":""0"",""外資自營商買賣超股數"":""0"",""投信買進股數"":""0"",""投信賣出股數"":""0"",""投信買賣超股數"":""0"",""自營商買賣超股數"":""0"",""自營商買進股數(自行買賣)"":""0"",""自營商賣出股數(自行買賣)"":""0"",""自營商買賣超股數(自行買賣)"":""0"",""自營商買進股數(避險)"":""0"",""自營商賣出股數(避險)"":""0"",""自營商買賣超股數(避險)"":""0"",""三大法人買賣超股數"":""-10,000""}"
2026-10-07,TWSE,3038,全台            ,40331,43817,-3486,0,0,0,0,0,-7000,"{""證券代號"":""3038"",""證券名稱"":""全台            "",""外陸資買進股數(不含外資自營商)"":""40,331"",""外陸資賣出股數(不含外資自營商)"":""43,817"",""外陸資買賣超股數(不含外資自營商)"":""-3,486"",""外資自營商買進股數"":""0"",""外資自營商賣出股數"":""0"",""外資自營商買賣超股數"":""0"",""投信買進股數"":""0"",""投信賣出股數"":""0"",""投信買賣超股數"":""0"",""自營商買賣超股數"":""-7,000"",""自營商買進股數(自行買賣)"":""0"",""自營商賣出股數(自行買賣)"":""7,000"",""自營商買賣超股數(自行買賣)"":""-7,000"",""自營商買進股數(避險)"":""0"",""自營商賣出股數(避險)"":""0"",""自營商買賣超股數(避險)"":""0"",""三大法人買賣超股數"":""-10,486""}"
2026-10-07,TWSE,6914,阜爾運通        ,4135,16080,-11945,0,0,0,0,0,1000,"{""證券代號"":""6914"",""證券名稱"":""阜爾運通        "",""外陸資買進股數(不含外資自營商)"":""4,135"",""外陸資賣出股數(不含外資自營商)"":""16,080"",""外陸資買賣超股數(不含外資自營商)"":""-11,945"",""外資自營商買進股數"":""0"",""外資自營商賣出股數"":""0"",""外資自營商買賣超股數"":""0"",""投信買進股數"":""0"",""投信賣出股數"":""0"",""投信買賣超股數"":""0"",""自營商買賣超股數"":""1,000"",""自營商買進股數(自行買賣)"":""1,000"",""自營商賣出股數(自行買賣)"":""0"",""自營商買賣超股數(自行買賣)"":""1,000"",""自營商買進股數(避險)"":""0"",""自營商賣出股數(避險)"":""0"",""自營商買賣超股數(避險)"":""0"",""三大法人買賣超股數"":""-10,945""}"
2026-10-07,TWSE,9136,巨騰-DR         ,1000,12000,-11000,0,0,0,0,0,0,"{""證券代號"":""9136"",""證券名稱"":""巨騰-DR         "",""外陸資買進股數(不含外資自營商)"":""1,000"",""外陸資賣出股數(不含外資自營商)"":""12,000"",""外陸資買賣超股數(不含外資自營商)"":""-11,000"",""外資自營商買進股數"":""0"",""外資自營商賣出股數"":""0"",""外資自營商買賣超股數"":""0"",""投信買進股數"":""0"",""投信賣出股數"":""0"",""投信買賣超股數"":""0"",""自營商買賣超股數"":""0"",""自營商買進股數(自行買賣)"":""0"",""自營商賣出股數(自行買賣)"":""0"",""自營商買賣超股數(自行買賣)"":""0"",""自營商買進股數(避險)"":""0"",""自營商賣出股數(避險)"":""0"",""自營商買賣超股數(避險)"":""0"",""三大法人買賣超股數"":""-11,000""}"
2026-10-07,TWSE,6790,永豐實          ,11000,22000,-11000,0,0,0,0,237,-237,"{""證券代號"":""6790"",""證券名稱"":""永豐實          "",""外陸資買進股數(不含外資自營商)"":""11,000"",""外陸資賣出股數(不含外資自營商)"":""22,000"",""外陸資買賣超股數(不含外資自營商)"":""-11,000"",""外資自營商買進股數"":""0"",""外資自營商賣出股數"":""0"",""外資自營商買賣超股數"":""0"",""投信買進股數"":""0"",""投信賣出股數"":""0"",""投信買賣超股數"":""0"",""自營商買賣超股數"":""-237"",""自營商買進股數(自行買賣)"":""0"",""自營商賣出股數(自行買賣)"":""0"",""自營商買賣超股數(自行買賣)"":""0"",""自營商買進股數(避險)"":""0"",""自營商賣出股數(避險)"":""237"",""自營商買賣超股數(避險)"":""-237"",""三大法人買賣超股數"":""-11,237""}"
2026-10-07,TWSE,4770,上品            ,112000,98004,13996,0,0,0,17650,42920,-25270,"{""證券代號"":""4770"",""證券名稱"":""上品            "",""外陸資買進股數(不含外資自營商)"":""112,000"",""外陸資賣出股數(不含外資自營商)"":""98,004"",""外陸資買賣超股數(不含外資自營商)"":""13,996"",""外資自營商買進股數"":""0"",""外資自營商賣出股數"":""0"",""外資自營商買賣超股數"":""0"",""投信買進股數"":""0"",""投信賣出股數"":""0"",""投信買賣超股數"":""0"",""自營商買賣超股數"":""-25,270"",""自營商買進股數(自行買賣)"":""0"",""自營商賣出股數(自行買賣)"":""0"",""自營商買賣超股數(自行買賣)"":""0"",""自營商買進股數(避險)"":""17,650"",""自營商賣出股數(避險)"":""42,920"",""自營商買賣超股數(避險)"":""-25,270"",""三大法人買賣超股數"":""-11,274""}"
2026-10-07,TWSE,1324,地球            ,1000,13000,-12000,0,0,0,0,0,0,"{""證券代號"":""1324"",""證券名稱"":""地球            "",""外陸資買進股數(不含外資自營商)"":""1,000"",""外陸資賣出股數(不含外資自營商)"":""13,000"",""外陸資買賣超股數(不含外資自營商)"":""-12,000"",""外資自營商買進股數"":""0"",""外資自營商賣出股數"":""0"",""外資自營商買賣超股數"":""0"",""投信買進股數"":""0"",""投信賣出股數"":""0"",""投信買賣超股數"":""0"",""自營商買賣超股數"":""0"",""自營商買進股數(自行買賣)"":""0"",""自營商賣出股數(自行買賣)"":""0"",""自營商買賣超股數(自行買賣)"":""0"",""自營商買進股數(避險)"":""0"",""自營商賣出股數(避險)"":""0"",""自營商買賣超股數(避險)"":""0"",""三大法人買賣超股數"":""-12,000""}"
2026-10-07,TWSE,6184,大豐電          ,10000,22000,-12000,0,0,0,0,0,0,"{""證券代號"":""6184"",""證券名稱"":""大豐電          "",""外陸資買進股數(不含外資自營商)"":""10,000"",""外陸資賣出股數(不含外資自營商)"":""22,000"",""外陸資買賣超股數(不含外資自營商)"":""-12,000"",""外資自營商買進股數"":""0"",""外資自營商賣出股數"":""0"",""外資自營商買賣超股數"":""0"",""投信買進股數"":""0"",""投信賣出股數"":""0"",""投信買賣超股數"":""0"",""自營商買賣超股數"":""0"",""自營商買進股數(自行買賣)"":""0"",""自營商賣出股數(自行買賣)"":""0"",""自營商買賣超股數(自行買賣)"":""0"",""自營商買進股數(避險)"":""0"",""自營商賣出股數(避險)"":""0"",""自營商買賣超股數(避險)"":""0"",""三大法人買賣超股數"":""-12,000""}"
2026-10-07,TWSE,2939,永邑-KY         ,6000,19000,-13000,0,0,0,0,0,0,"{""證券代號"":""2939"",""證券名稱"":""永邑-KY         "",""外陸資買進股數(不含外資自營商)"":""6,000"",""外陸資賣出股數(不含外資自營商)"":""19,000"",""外陸資買賣超股數(不含外資自營商)"":""-13,000"",""外資自營商買進股數"":""0"",""外資自營商賣出股數"":""0"",""外資自營商買賣超股數"":""0"",""投信買進股數"":""0"",""投信賣出股數"":""0"",""投信買賣超股數"":""0"",""自營商買賣超股數"":""0"",""自營商買進股數(自行買賣)"":""0"",""自營商賣出股數(自行買賣)"":""0"",""自營商買賣超股數(自行買賣)"":""0"",""自營商買進股數(避險)"":""0"",""自營商賣出股數(避險)"":""0"",""自營商買賣超股數(避險)"":""0"",""三大法人買賣超股數"":""-13,000""}"
2026-10-07,TWSE,6796,晉弘            ,4000,17000,-13000,0,0,0,0,0,0,"{""證券代號"":""6796"",""證券名稱"":""晉弘            "",""外陸資買進股數(不含外資自營商)"":""4,000"",""外陸資賣出股數(不含外資自營商)"":""17,000"",""外陸資買賣超股數(不含外資自營商)"":""-13,000"",""外資自營商買進股數"":""0"",""外資自營商賣出股數"":""0"",""外資自營商買賣超股數"":""0"",""投信買進股數"":""0"",""投信賣出股數"":""0"",""投信買賣超股數"":""0"",""自營商買賣超股數"":""0"",""自營商買進股數(自行買賣)"":""0"",""自營商賣出股數(自行買賣)"":""0"",""自營商買賣超股數(自行買賣)"":""0"",""自營商買進股數(避險)"":""0"",""自營商賣出股數(避險)"":""0"",""自營商買賣超股數(避險)"":""0"",""三大法人買賣超股數"":""-13,000""}"
2026-10-07,TWSE,2705,六福            ,2000,15000,-13000,0,0,0,0,0,0,"{""證券代號"":""2705"",""證券名稱"":""六福            "",""外陸資買進股數(不含外資自營商)"":""2,000"",""外陸資賣出股數(不含外資自營商)"":""15,000"",""外陸資買賣超股數(不含外資自營商)"":""-13,000"",""外資自營商買進股數"":""0"",""外資自營商賣出股數"":""0"",""外資自營商買賣超股數"":""0"",""投信買進股數"":""0"",""投信賣出股數"":""0"",""投信買賣超股數"":""0"",""自營商買賣超股數"":""0"",""自營商買進股數(自行買賣)"":""0"",""自營商賣出股數(自行買賣)"":""0"",""自營商買賣超股數(自行買賣)"":""0"",""自營商買進股數(避險)"":""0"",""自營商賣出股數(避險)"":""0"",""自營商買賣超股數(避險)"":""0"",""三大法人買賣超股數"":""-13,000""}"
2026-10-07,TWSE,3380,明泰            ,626664,661000,-34336,0,0,0,0,1176,20824,"{""證券代號"":""3380"",""證券名稱"":""明泰            "",""外陸資買進股數(不含外資自營商)"":""626,664"",""外陸資賣出股數(不含外資自營商)"":""661,000"",""外陸資買賣超股數(不含外資自營商)"":""-34,336"",""外資自營商買進股數"":""0"",""外資自營商賣出股數"":""0"",""外資自營商買賣超股數"":""0"",""投信買進股數"":""0"",""投信賣出股數"":""0"",""投信買賣超股數"":""0"",""自營商買賣超股數"":""20,824"",""自營商買進股數(自行買賣)"":""28,000"",""自營商賣出股數(自行買賣)"":""6,000"",""自營商買賣超股數(自行買賣)"":""22,000"",""自營商買進股數(避險)"":""0"",""自營商賣出股數(避險)"":""1,176"",""自營商買賣超股數(避險)"":""-1,176"",""三大法人買賣超股數"":""-13,512""}"
2026-10-07,TWSE,3419,譁裕            ,0,14000,-14000,0,0,0,0,0,0,"{""證券代號"":""3419"",""證券名稱"":""譁裕            "",""外陸資買進股數(不含外資自營商)"":""0"",""外陸資賣出股數(不含外資自營商)"":""14,000"",""外陸資買賣超股數(不含外資自營商)"":""-14,000"",""外資自營商買進股數"":""0"",""外資自營商賣出股數"":""0"",""外資自營商買賣超股數"":""0"",""投信買進股數"":""0"",""投信賣出股數"":""0"",""投信買賣超股數"":""0"",""自營商買賣超股數"":""0"",""自營商買進股數(自行買賣)"":""0"",""自營商賣出股數(自行買賣)"":""0"",""自營商買賣超股數(自行買賣)"":""0"",""自營商買進股數(避險)"":""0"",""自營商賣出股數(避險)"":""0"",""自營商買賣超股數(避險)"":""0"",""三大法人買賣超股數"":""-14,000""}"
2026-10-07,TWSE,2434,統懋            ,29000,43000,-14000,0,0,0,0,0,0,"{""證券代號"":""2434"",""證券名稱"":""統懋            "",""外陸資買進股數(不含外資自營商)"":""29,000"",""外陸資賣出股數(不含外資自營商)"":""43,000"",""外陸資買賣超股數(不含外資自營商)"":""-14,000"",""外資自營商買進股數"":""0"",""外資自營商賣出股數"":""0"",""外資自營商買賣超股數"":""0"",""投信買進股數"":""0"",""投信賣出股數"":""0"",""投信買賣超股數"":""0"",""自營商買賣超股數"":""0"",""自營商買進股數(自行買賣)"":""0"",""自營商賣出股數(自行買賣)"":""0"",""自營商買賣超股數(自行買賣)"":""0"",""自營商買進股數(避險)"":""0"",""自營商賣出股數(避險)"":""0"",""自營商買賣超股數(避險)"":""0"",""三大法人買賣超股數"":""-14,000""}"
2026-10-07,TWSE,9946,三發地產        ,24000,38000,-14000,0,0,0,0,0,0,"{""證券代號"":""9946"",""證券名稱"":""三發地產        "",""外陸資買進股數(不含外資自營商)"":""24,000"",""外陸資賣出股數(不含外資自營商)"":""38,000"",""外陸資買賣超股數(不含外資自營商)"":""-14,000"",""外資自營商買進股數"":""0"",""外資自營商賣出股數"":""0"",""外資自營商買賣超股數"":""0"",""投信買進股數"":""0"",""投信賣出股數"":""0"",""投信買賣超股數"":""0"",""自營商買賣超股數"":""0"",""自營商買進股數(自行買賣)"":""0"",""自營商賣出股數(自行買賣)"":""0"",""自營商買賣超股數(自行買賣)"":""0"",""自營商買進股數(避險)"":""0"",""自營商賣出股數(避險)"":""0"",""自營商買賣超股數(避險)"":""0"",""三大法人買賣超股數"":""-14,000""}"
2026-10-07,TWSE,3588,通嘉            ,59000,73288,-14288,0,0,0,1000,771,229,"{""證券代號"":""3588"",""證券名稱"":""通嘉            "",""外陸資買進股數(不含外資自營商)"":""59,000"",""外陸資賣出股數(不含外資自營商)"":""73,288"",""外陸資買賣超股數(不含外資自營商)"":""-14,288"",""外資自營商買進股數"":""0"",""外資自營商賣出股數"":""0"",""外資自營商買賣超股數"":""0"",""投信買進股數"":""0"",""投信賣出股數"":""0"",""投信買賣超股數"":""0"",""自營商買賣超股數"":""229"",""自營商買進股數(自行買賣)"":""1,000"",""自營商賣出股數(自行買賣)"":""1,000"",""自營商買賣超股數(自行買賣)"":""0"",""自營商買進股數(避險)"":""1,000"",""自營商賣出股數(避險)"":""771"",""自營商買賣超股數(避險)"":""229"",""三大法人買賣超股數"":""-14,059""}"
2026-10-07,TWSE,0061,元大寶滬深      ,5000,4000,1000,0,0,0,0,15571,-15571,"{""證券代號"":""0061"",""證券名稱"":""元大寶滬深      "",""外陸資買進股數(不含外資自營商)"":""5,000"",""外陸資賣出股數(不含外資自營商)"":""4,000"",""外陸資買賣超股數(不含外資自營商)"":""1,000"",""外資自營商買進股數"":""0"",""外資自營商賣出股數"":""0"",""外資自營商買賣超股數"":""0"",""投信買進股數"":""0"",""投信賣出股數"":""0"",""投信買賣超股數"":""0"",""自營商買賣超股數"":""-15,571"",""自營商買進股數(自行買賣)"":""0"",""自營商賣出股數(自行買賣)"":""0"",""自營商買賣超股數(自行買賣)"":""0"",""自營商買進股數(避險)"":""0"",""自營商賣出股數(避險)"":""15,571"",""自營商買賣超股數(避險)"":""-15,571"",""三大法人買賣超股數"":""-14,571""}"
2026-10-07,TWSE,2109,華豐            ,6000,21002,-15002,0,0,0,0,0,0,"{""證券代號"":""2109"",""證券名稱"":""華豐            "",""外陸資買進股數(不含外資自營商)"":""6,000"",""外陸資賣出股數(不含外資自營商)"":""21,002"",""外陸資買賣超股數(不含外資自營商)"":""-15,002"",""外資自營商買進股數"":""0"",""外資自營商賣出股數"":""0"",""外資自營商買賣超股數"":""0"",""投信買進股數"":""0"",""投信賣出股數"":""0"",""投信買賣超股數"":""0"",""自營商買賣超股數"":""0"",""自營商買進股數(自行買賣)"":""0"",""自營商賣出股數(自行買賣)"":""0"",""自營商買賣超股數(自行買賣)"":""0"",""自營商買進股數(避險)"":""0"",""自營商賣出股數(避險)"":""0"",""自營商買賣超股數(避險)"":""0"",""三大法人買賣超股數"":""-15,002""}"
2026-10-07,TWSE,1452,宏益            ,0,15244,-15244,0,0,0,0,0,0,"{""證券代號"":""1452"",""證券名稱"":""宏益            "",""外陸資買進股數(不含外資自營商)"":""0"",""外陸資賣出股數(不含外資自營商)"":""15,244"",""外陸資買賣超股數(不含外資自營商)"":""-15,244"",""外資自營商買進股數"":""0"",""外資自營商賣出股數"":""0"",""外資自營商買賣超股數"":""0"",""投信買進股數"":""0"",""投信賣出股數"":""0"",""投信買賣超股數"":""0"",""自營商買賣超股數"":""0"",""自營商買進股數(自行買賣)"":""0"",""自營商賣出股數(自行買賣)"":""0"",""自營商買賣超股數(自行買賣)"":""0"",""自營商買進股數(避險)"":""0"",""自營商賣出股數(避險)"":""0"",""自營商買賣超股數(避險)"":""0"",""三大法人買賣超股數"":""-15,244""}"
2026-10-07,TWSE,00675L,富邦臺灣加權正2 ,157000,85000,72000,0,0,0,111300,430129,-87829,"{""證券代號"":""00675L"",""證券名稱"":""富邦臺灣加權正2 "",""外陸資買進股數(不含外資自營商)"":""157,000"",""外陸資賣出股數(不含外資自營商)"":""85,000"",""外陸資買賣超股數(不含外資自營商)"":""72,000"",""外資自營商買進股數"":""0"",""外資自營商賣出股數"":""0"",""外資自營商買賣超股數"":""0"",""投信買進股數"":""0"",""投信賣出股數"":""0"",""投信買賣超股數"":""0"",""自營商買賣超股數"":""-87,829"",""自營商買進股數(自行買賣)"":""231,000"",""自營商賣出股數(自行買賣)"":""0"",""自營商買賣超股數(自行買賣)"":""231,000"",""自營商買進股數(避險)"":""111,300"",""自營商賣出股數(避險)"":""430,129"",""自營商買賣超股數(避險)"":""-318,829"",""三大法人買賣超股數"":""-15,829""}"
2026-10-07,TWSE,4552,力達-KY         ,4000,20000,-16000,0,0,0,0,0,0,"{""證券代號"":""4552"",""證券名稱"":""力達-KY         "",""外陸資買進股數(不含外資自營商)"":""4,000"",""外陸資賣出股數(不含外資自營商)"":""20,000"",""外陸資買賣超股數(不含外資自營商)"":""-16,000"",""外資自營商買進股數"":""0"",""外資自營商賣出股數"":""0"",""外資自營商買賣超股數"":""0"",""投信買進股數"":""0"",""投信賣出股數"":""0"",""投信買賣超股數"":""0"",""自營商買賣超股數"":""0"",""自營商買進股數(自行買賣)"":""0"",""自營商賣出股數(自行買賣)"":""0"",""自營商買賣超股數(自行買賣)"":""0"",""自營商買進股數(避險)"":""0"",""自營商賣出股數(避險)"":""0"",""自營商買賣超股數(避險)"":""0"",""三大法人買賣超股數"":""-16,000""}"
2026-10-07,TWSE,5484,慧友            ,7000,23000,-16000,0,0,0,0,0,0,"{""證券代號"":""5484"",""證券名稱"":""慧友            "",""外陸資買進股數(不含外資自營商)"":""7,000"",""外陸資賣出股數(不含外資自營商)"":""23,000"",""外陸資買賣超股數(不含外資自營商)"":""-16,000"",""外資自營商買進股數"":""0"",""外資自營商賣出股數"":""0"",""外資自營商買賣超股數"":""0"",""投信買進股數"":""0"",""投信賣出股數"":""0"",""投信買賣超股數"":""0"",""自營商買賣超股數"":""0"",""自營商買進股數(自行買賣)"":""0"",""自營商賣出股數(自行買賣)"":""0"",""自營商買賣超股數(自行買賣)"":""0"",""自營商買進股數(避險)"":""0"",""自營商賣出股數(避險)"":""0"",""自營商買賣超股數(避險)"":""0"",""三大法人買賣超股數"":""-16,000""}"
2026-10-07,TWSE,6902,GOGOLOOK        ,115000,133000,-18000,0,0,0,0,0,2000,"{""證券代號"":""6902"",""證券名稱"":""GOGOLOOK        "",""外陸資買進股數(不含外資自營商)"":""115,000"",""外陸資賣出股數(不含外資自營商)"":""133,000"",""外陸資買賣超股數(不含外資自營商)"":""-18,000"",""外資自營商買進股數"":""0"",""外資自營商賣出股數"":""0"",""外資自營商買賣超股數"":""0"",""投信買進股數"":""0"",""投信賣出股數"":""0"",""投信買賣超股數"":""0"",""自營商買賣超股數"":""2,000"",""自營商買進股數(自行買賣)"":""2,000"",""自營商賣出股數(自行買賣)"":""0"",""自營商買賣超股數(自行買賣)"":""2,000"",""自營商買進股數(避險)"":""0"",""自營商賣出股數(避險)"":""0"",""自營商買賣超股數(避險)"":""0"",""三大法人買賣超股數"":""-16,000""}"
2026-10-07,TWSE,8341,日友            ,11000,26000,-15000,0,1000,-1000,0,50,-60,"{""證券代號"":""8341"",""證券名稱"":""日友            "",""外陸資買進股數(不含外資自營商)"":""11,000"",""外陸資賣出股數(不含外資自營商)"":""26,000"",""外陸資買賣超股數(不含外資自營商)"":""-15,000"",""外資自營商買進股數"":""0"",""外資自營商賣出股數"":""0"",""外資自營商買賣超股數"":""0"",""投信買進股數"":""0"",""投信賣出股數"":""1,000"",""投信買賣超股數"":""-1,000"",""自營商買賣超股數"":""-60"",""自營商買進股數(自行買賣)"":""0"",""自營商賣出股數(自行買賣)"":""10"",""自營商買賣超股數(自行買賣)"":""-10"",""自營商買進股數(避險)"":""0"",""自營商賣出股數(避險)"":""50"",""自營商買賣超股數(避險)"":""-50"",""三大法人買賣超股數"":""-16,060""}"
2026-10-07,TWSE,3617,碩天            ,61035,75000,-13965,0,0,0,101,2176,-3075,"{""證券代號"":""3617"",""證券名稱"":""碩天            "",""外陸資買進股數(不含外資自營商)"":""61,035"",""外陸資賣出股數(不含外資自營商)"":""75,000"",""外陸資買賣超股數(不含外資自營商)"":""-13,965"",""外資自營商買進股數"":""0"",""外資自營商賣出股數"":""0"",""外資自營商買賣超股數"":""0"",""投信買進股數"":""0"",""投信賣出股數"":""0"",""投信買賣超股數"":""0"",""自營商買賣超股數"":""-3,075"",""自營商買進股數(自行買賣)"":""0"",""自營商賣出股數(自行買賣)"":""1,000"",""自營商買賣超股數(自行買賣)"":""-1,000"",""自營商買進股數(避險)"":""101"",""自營商賣出股數(避險)"":""2,176"",""自營商買賣超股數(避險)"":""-2,075"",""三大法人買賣超股數"":""-17,040""}"
2026-10-07,TWSE,3528,安馳            ,12631,40000,-27369,0,0,0,0,0,10000,"{""證券代號"":""3528"",""證券名稱"":""安馳            "",""外陸資買進股數(不含外資自營商)"":""12,631"",""外陸資賣出股數(不含外資自營商)"":""40,000"",""外陸資買賣超股數(不含外資自營商)"":""-27,369"",""外資自營商買進股數"":""0"",""外資自營商賣出股數"":""0"",""外資自營商買賣超股數"":""0"",""投信買進股數"":""0"",""投信賣出股數"":""0"",""投信買賣超股數"":""0"",""自營商買賣超股數"":""10,000"",""自營商買進股數(自行買賣)"":""10,000"",""自營商賣出股數(自行買賣)"":""0"",""自營商買賣超股數(自行買賣)"":""10,000"",""自營商買進股數(避險)"":""0"",""自營商賣出股數(避險)"":""0"",""自營商買賣超股數(避險)"":""0"",""三大法人買賣超股數"":""-17,369""}"
2026-10-07,TWSE,3669,圓展            ,36000,54000,-18000,0,0,0,0,0,0,"{""證券代號"":""3669"",""證券名稱"":""圓展            "",""外陸資買進股數(不含外資自營商)"":""36,000"",""外陸資賣出股數(不含外資自營商)"":""54,000"",""外陸資買賣超股數(不含外資自營商)"":""-18,000"",""外資自營商買進股數"":""0"",""外資自營商賣出股數"":""0"",""外資自營商買賣超股數"":""0"",""投信買進股數"":""0"",""投信賣出股數"":""0"",""投信買賣超股數"":""0"",""自營商買賣超股數"":""0"",""自營商買進股數(自行買賣)"":""0"",""自營商賣出股數(自行買賣)"":""0"",""自營商買賣超股數(自行買賣)"":""0"",""自營商買進股數(避險)"":""0"",""自營商賣出股數(避險)"":""0"",""自營商買賣超股數(避險)"":""0"",""三大法人買賣超股數"":""-18,000""}"
2026-10-07,TWSE,3027,盛達            ,136000,154000,-18000,0,0,0,0,0,0,"{""證券代號"":""3027"",""證券名稱"":""盛達            "",""外陸資買進股數(不含外資自營商)"":""136,000"",""外陸資賣出股數(不含外資自營商)"":""154,000"",""外陸資買賣超股數(不含外資自營商)"":""-18,000"",""外資自營商買進股數"":""0"",""外資自營商賣出股數"":""0"",""外資自營商買賣超股數"":""0"",""投信買進股數"":""0"",""投信賣出股數"":""0"",""投信買賣超股數"":""0"",""自營商買賣超股數"":""0"",""自營商買進股數(自行買賣)"":""0"",""自營商賣出股數(自行買賣)"":""0"",""自營商買賣超股數(自行買賣)"":""0"",""自營商買進股數(避險)"":""0"",""自營商賣出股數(避險)"":""0"",""自營商買賣超股數(避險)"":""0"",""三大法人買賣超股數"":""-18,000""}"
2026-10-07,TWSE,9902,台火            ,13000,31000,-18000,0,0,0,0,0,0,"{""證券代號"":""9902"",""證券名稱"":""台火            "",""外陸資買進股數(不含外資自營商)"":""13,000"",""外陸資賣出股數(不含外資自營商)"":""31,000"",""外陸資買賣超股數(不含外資自營商)"":""-18,000"",""外資自營商買進股數"":""0"",""外資自營商賣出股數"":""0"",""外資自營商買賣超股數"":""0"",""投信買進股數"":""0"",""投信賣出股數"":""0"",""投信買賣超股數"":""0"",""自營商買賣超股數"":""0"",""自營商買進股數(自行買賣)"":""0"",""自營商賣出股數(自行買賣)"":""0"",""自營商買賣超股數(自行買賣)"":""0"",""自營商買進股數(避險)"":""0"",""自營商賣出股數(避險)"":""0"",""自營商買賣超股數(避險)"":""0"",""三大法人買賣超股數"":""-18,000""}"
2026-10-07,TWSE,00638R,元大滬深300反1  ,0,0,0,0,0,0,2000,20000,-18000,"{""證券代號"":""00638R"",""證券名稱"":""元大滬深300反1  "",""外陸資買進股數(不含外資自營商)"":""0"",""外陸資賣出股數(不含外資自營商)"":""0"",""外陸資買賣超股數(不含外資自營商)"":""0"",""外資自營商買進股數"":""0"",""外資自營商賣出股數"":""0"",""外資自營商買賣超股數"":""0"",""投信買進股數"":""0"",""投信賣出股數"":""0"",""投信買賣超股數"":""0"",""自營商買賣超股數"":""-18,000"",""自營商買進股數(自行買賣)"":""0"",""自營商賣出股數(自行買賣)"":""0"",""自營商買賣超股數(自行買賣)"":""0"",""自營商買進股數(避險)"":""2,000"",""自營商賣出股數(避險)"":""20,000"",""自營商買賣超股數(避險)"":""-18,000"",""三大法人買賣超股數"":""-18,000""}"
2026-10-07,TWSE,6838,台新藥          ,6000,24000,-18000,0,0,0,0,0,0,"{""證券代號"":""6838"",""證券名稱"":""台新藥          "",""外陸資買進股數(不含外資自營商)"":""6,000"",""外陸資賣出股數(不含外資自營商)"":""24,000"",""外陸資買賣超股數(不含外資自營商)"":""-18,000"",""外資自營商買進股數"":""0"",""外資自營商賣出股數"":""0"",""外資自營商買賣超股數"":""0"",""投信買進股數"":""0"",""投信賣出股數"":""0"",""投信買賣超股數"":""0"",""自營商買賣超股數"":""0"",""自營商買進股數(自行買賣)"":""0"",""自營商賣出股數(自行買賣)"":""0"",""自營商買賣超股數(自行買賣)"":""0"",""自營商買進股數(避險)"":""0"",""自營商賣出股數(避險)"":""0"",""自營商買賣超股數(避險)"":""0"",""三大法人買賣超股數"":""-18,000""}"
2026-10-07,TWSE,2014,中鴻            ,101000,119130,-18130,0,0,0,0,0,0,"{""證券代號"":""2014"",""證券名稱"":""中鴻            "",""外陸資買進股數(不含外資自營商)"":""101,000"",""外陸資賣出股數(不含外資自營商)"":""119,130"",""外陸資買賣超股數(不含外資自營商)"":""-18,130"",""外資自營商買進股數"":""0"",""外資自營商賣出股數"":""0"",""外資自營商買賣超股數"":""0"",""投信買進股數"":""0"",""投信賣出股數"":""0"",""投信買賣超股數"":""0"",""自營商買賣超股數"":""0"",""自營商買進股數(自行買賣)"":""0"",""自營商賣出股數(自行買賣)"":""0"",""自營商買賣超股數(自行買賣)"":""0"",""自營商買進股數(避險)"":""0"",""自營商賣出股數(避險)"":""0"",""自營商買賣超股數(避險)"":""0"",""三大法人買賣超股數"":""-18,130""}"
2026-10-07,TWSE,00710B,復華彭博非投等債,88000,0,88000,0,0,0,113646,219787,-106141,"{""證券代號"":""00710B"",""證券名稱"":""復華彭博非投等債"",""外陸資買進股數(不含外資自營商)"":""88,000"",""外陸資賣出股數(不含外資自營商)"":""0"",""外陸資買賣超股數(不含外資自營商)"":""88,000"",""外資自營商買進股數"":""0"",""外資自營商賣出股數"":""0"",""外資自營商買賣超股數"":""0"",""投信買進股數"":""0"",""投信賣出股數"":""0"",""投信買賣超股數"":""0"",""自營商買賣超股數"":""-106,141"",""自營商買進股數(自行買賣)"":""0"",""自營商賣出股數(自行買賣)"":""0"",""自營商買賣超股數(自行買賣)"":""0"",""自營商買進股數(避險)"":""113,646"",""自營商賣出股數(避險)"":""219,787"",""自營商買賣超股數(避險)"":""-106,141"",""三大法人買賣超股數"":""-18,141""}"
2026-10-07,TWSE,6243,迅杰            ,78124,97000,-18876,0,0,0,0,0,0,"{""證券代號"":""6243"",""證券名稱"":""迅杰            "",""外陸資買進股數(不含外資自營商)"":""78,124"",""外陸資賣出股數(不含外資自營商)"":""97,000"",""外陸資買賣超股數(不含外資自營商)"":""-18,876"",""外資自營商買進股數"":""0"",""外資自營商賣出股數"":""0"",""外資自營商買賣超股數"":""0"",""投信買進股數"":""0"",""投信賣出股數"":""0"",""投信買賣超股數"":""0"",""自營商買賣超股數"":""0"",""自營商買進股數(自行買賣)"":""0"",""自營商賣出股數(自行買賣)"":""0"",""自營商買賣超股數(自行買賣)"":""0"",""自營商買進股數(避險)"":""0"",""自營商賣出股數(避險)"":""0"",""自營商買賣超股數(避險)"":""0"",""三大法人買賣超股數"":""-18,876""}"
2026-10-07,TWSE,7730,暉盛-創         ,63342,85000,-21658,0,0,0,5000,2343,2657,"{""證券代號"":""7730"",""證券名稱"":""暉盛-創         "",""外陸資買進股數(不含外資自營商)"":""63,342"",""外陸資賣出股數(不含外資自營商)"":""85,000"",""外陸資買賣超股數(不含外資自營商)"":""-21,658"",""外資自營商買進股數"":""0"",""外資自營商賣出股數"":""0"",""外資自營商買賣超股數"":""0"",""投信買進股數"":""0"",""投信賣出股數"":""0"",""投信買賣超股數"":""0"",""自營商買賣超股數"":""2,657"",""自營商買進股數(自行買賣)"":""0"",""自營商賣出股數(自行買賣)"":""0"",""自營商買賣超股數(自行買賣)"":""0"",""自營商買進股數(避險)"":""5,000"",""自營商賣出股數(避險)"":""2,343"",""自營商買賣超股數(避險)"":""2,657"",""三大法人買賣超股數"":""-19,001""}"
2026-10-07,TWSE,7786,東方風能        ,7000,27000,-20000,0,0,0,0,0,0,"{""證券代號"":""7786"",""證券名稱"":""東方風能        "",""外陸資買進股數(不含外資自營商)"":""7,000"",""外陸資賣出股數(不含外資自營商)"":""27,000"",""外陸資買賣超股數(不含外資自營商)"":""-20,000"",""外資自營商買進股數"":""0"",""外資自營商賣出股數"":""0"",""外資自營商買賣超股數"":""0"",""投信買進股數"":""0"",""投信賣出股數"":""0"",""投信買賣超股數"":""0"",""自營商買賣超股數"":""0"",""自營商買進股數(自行買賣)"":""0"",""自營商賣出股數(自行買賣)"":""0"",""自營商買賣超股數(自行買賣)"":""0"",""自營商買進股數(避險)"":""0"",""自營商賣出股數(避險)"":""0"",""自營商買賣超股數(避險)"":""0"",""三大法人買賣超股數"":""-20,000""}"
2026-10-07,TWSE,3321,同泰            ,41000,62000,-21000,0,0,0,0,0,1000,"{""證券代號"":""3321"",""證券名稱"":""同泰            "",""外陸資買進股數(不含外資自營商)"":""41,000"",""外陸資賣出股數(不含外資自營商)"":""62,000"",""外陸資買賣超股數(不含外資自營商)"":""-21,000"",""外資自營商買進股數"":""0"",""外資自營商賣出股數"":""0"",""外資自營商買賣超股數"":""0"",""投信買進股數"":""0"",""投信賣出股數"":""0"",""投信買賣超股數"":""0"",""自營商買賣超股數"":""1,000"",""自營商買進股數(自行買賣)"":""3,000"",""自營商賣出股數(自行買賣)"":""2,000"",""自營商買賣超股數(自行買賣)"":""1,000"",""自營商買進股數(避險)"":""0"",""自營商賣出股數(避險)"":""0"",""自營商買賣超股數(避險)"":""0"",""三大法人買賣超股數"":""-20,000""}"
2026-10-07,TWSE,6753,龍德造船        ,30000,39000,-9000,0,0,0,2000,11156,-11156,"{""證券代號"":""6753"",""證券名稱"":""龍德造船        "",""外陸資買進股數(不含外資自營商)"":""30,000"",""外陸資賣出股數(不含外資自營商)"":""39,000"",""外陸資買賣超股數(不含外資自營商)"":""-9,000"",""外資自營商買進股數"":""0"",""外資自營商賣出股數"":""0"",""外資自營商買賣超股數"":""0"",""投信買進股數"":""0"",""投信賣出股數"":""0"",""投信買賣超股數"":""0"",""自營商買賣超股數"":""-11,156"",""自營商買進股數(自行買賣)"":""0"",""自營商賣出股數(自行買賣)"":""2,000"",""自營商買賣超股數(自行買賣)"":""-2,000"",""自營商買進股數(避險)"":""2,000"",""自營商賣出股數(避險)"":""11,156"",""自營商買賣超股數(避險)"":""-9,156"",""三大法人買賣超股數"":""-20,156""}"
2026-10-07,TWSE,2477,美隆電          ,14000,26000,-12000,0,1698,-1698,0,0,-7000,"{""證券代號"":""2477"",""證券名稱"":""美隆電          "",""外陸資買進股數(不含外資自營商)"":""14,000"",""外陸資賣出股數(不含外資自營商)"":""26,000"",""外陸資買賣超股數(不含外資自營商)"":""-12,000"",""外資自營商買進股數"":""0"",""外資自營商賣出股數"":""0"",""外資自營商買賣超股數"":""0"",""投信買進股數"":""0"",""投信賣出股數"":""1,698"",""投信買賣超股數"":""-1,698"",""自營商買賣超股數"":""-7,000"",""自營商買進股數(自行買賣)"":""0"",""自營商賣出股數(自行買賣)"":""7,000"",""自營商買賣超股數(自行買賣)"":""-7,000"",""自營商買進股數(避險)"":""0"",""自營商賣出股數(避險)"":""0"",""自營商買賣超股數(避險)"":""0"",""三大法人買賣超股數"":""-20,698""}"
2026-10-07,TWSE,00991B,貝萊德A級公司債 ,1010000,0,1010000,0,0,0,123000,1153844,-1030844,"{""證券代號"":""00991B"",""證券名稱"":""貝萊德A級公司債 "",""外陸資買進股數(不含外資自營商)"":""1,010,000"",""外陸資賣出股數(不含外資自營商)"":""0"",""外陸資買賣超股數(不含外資自營商)"":""1,010,000"",""外資自營商買進股數"":""0"",""外資自營商賣出股數"":""0"",""外資自營商買賣超股數"":""0"",""投信買進股數"":""0"",""投信賣出股數"":""0"",""投信買賣超股數"":""0"",""自營商買賣超股數"":""-1,030,844"",""自營商買進股數(自行買賣)"":""0"",""自營商賣出股數(自行買賣)"":""0"",""自營商買賣超股數(自行買賣)"":""0"",""自營商買進股數(避險)"":""123,000"",""自營商賣出股數(避險)"":""1,153,844"",""自營商買賣超股數(避險)"":""-1,030,844"",""三大法人買賣超股數"":""-20,844""}"
2026-10-07,TWSE,2429,銘旺科          ,37000,58000,-21000,0,0,0,0,0,0,"{""證券代號"":""2429"",""證券名稱"":""銘旺科          "",""外陸資買進股數(不含外資自營商)"":""37,000"",""外陸資賣出股數(不含外資自營商)"":""58,000"",""外陸資買賣超股數(不含外資自營商)"":""-21,000"",""外資自營商買進股數"":""0"",""外資自營商賣出股數"":""0"",""外資自營商買賣超股數"":""0"",""投信買進股數"":""0"",""投信賣出股數"":""0"",""投信買賣超股數"":""0"",""自營商買賣超股數"":""0"",""自營商買進股數(自行買賣)"":""0"",""自營商賣出股數(自行買賣)"":""0"",""自營商買賣超股數(自行買賣)"":""0"",""自營商買進股數(避險)"":""0"",""自營商賣出股數(避險)"":""0"",""自營商買賣超股數(避險)"":""0"",""三大法人買賣超股數"":""-21,000""}"
2026-10-07,TWSE,2509,全坤建          ,6000,27000,-21000,0,0,0,0,0,0,"{""證券代號"":""2509"",""證券名稱"":""全坤建          "",""外陸資買進股數(不含外資自營商)"":""6,000"",""外陸資賣出股數(不含外資自營商)"":""27,000"",""外陸資買賣超股數(不含外資自營商)"":""-21,000"",""外資自營商買進股數"":""0"",""外資自營商賣出股數"":""0"",""外資自營商買賣超股數"":""0"",""投信買進股數"":""0"",""投信賣出股數"":""0"",""投信買賣超股數"":""0"",""自營商買賣超股數"":""0"",""自營商買進股數(自行買賣)"":""0"",""自營商賣出股數(自行買賣)"":""0"",""自營商買賣超股數(自行買賣)"":""0"",""自營商買進股數(避險)"":""0"",""自營商賣出股數(避險)"":""0"",""自營商買賣超股數(避險)"":""0"",""三大法人買賣超股數"":""-21,000""}"
2026-10-07,TWSE,3003,健和興          ,80020,97333,-17313,0,0,0,0,424,-4016,"{""證券代號"":""3003"",""證券名稱"":""健和興          "",""外陸資買進股數(不含外資自營商)"":""80,020"",""外陸資賣出股數(不含外資自營商)"":""97,333"",""外陸資買賣超股數(不含外資自營商)"":""-17,313"",""外資自營商買進股數"":""0"",""外資自營商賣出股數"":""0"",""外資自營商買賣超股數"":""0"",""投信買進股數"":""0"",""投信賣出股數"":""0"",""投信買賣超股數"":""0"",""自營商買賣超股數"":""-4,016"",""自營商買進股數(自行買賣)"":""5,000"",""自營商賣出股數(自行買賣)"":""8,592"",""自營商買賣超股數(自行買賣)"":""-3,592"",""自營商買進股數(避險)"":""0"",""自營商賣出股數(避險)"":""424"",""自營商買賣超股數(避險)"":""-424"",""三大法人買賣超股數"":""-21,329""}"
2026-10-07,TWSE,9906,欣巴巴          ,23000,45000,-22000,0,0,0,0,0,0,"{""證券代號"":""9906"",""證券名稱"":""欣巴巴          "",""外陸資買進股數(不含外資自營商)"":""23,000"",""外陸資賣出股數(不含外資自營商)"":""45,000"",""外陸資買賣超股數(不含外資自營商)"":""-22,000"",""外資自營商買進股數"":""0"",""外資自營商賣出股數"":""0"",""外資自營商買賣超股數"":""0"",""投信買進股數"":""0"",""投信賣出股數"":""0"",""投信買賣超股數"":""0"",""自營商買賣超股數"":""0"",""自營商買進股數(自行買賣)"":""0"",""自營商賣出股數(自行買賣)"":""0"",""自營商買賣超股數(自行買賣)"":""0"",""自營商買進股數(避險)"":""0"",""自營商賣出股數(避險)"":""0"",""自營商買賣超股數(避險)"":""0"",""三大法人買賣超股數"":""-22,000""}"
2026-10-07,TWSE,6582,申豐            ,2000,24000,-22000,0,0,0,0,0,-4,"{""證券代號"":""6582"",""證券名稱"":""申豐            "",""外陸資買進股數(不含外資自營商)"":""2,000"",""外陸資賣出股數(不含外資自營商)"":""24,000"",""外陸資買賣超股數(不含外資自營商)"":""-22,000"",""外資自營商買進股數"":""0"",""外資自營商賣出股數"":""0"",""外資自營商買賣超股數"":""0"",""投信買進股數"":""0"",""投信賣出股數"":""0"",""投信買賣超股數"":""0"",""自營商買賣超股數"":""-4"",""自營商買進股數(自行買賣)"":""0"",""自營商賣出股數(自行買賣)"":""4"",""自營商買賣超股數(自行買賣)"":""-4"",""自營商買進股數(避險)"":""0"",""自營商賣出股數(避險)"":""0"",""自營商買賣超股數(避險)"":""0"",""三大法人買賣超股數"":""-22,004""}"
2026-10-07,TWSE,8072,陞泰            ,3000,26000,-23000,0,0,0,0,0,0,"{""證券代號"":""8072"",""證券名稱"":""陞泰            "",""外陸資買進股數(不含外資自營商)"":""3,000"",""外陸資賣出股數(不含外資自營商)"":""26,000"",""外陸資買賣超股數(不含外資自營商)"":""-23,000"",""外資自營商買進股數"":""0"",""外資自營商賣出股數"":""0"",""外資自營商買賣超股數"":""0"",""投信買進股數"":""0"",""投信賣出股數"":""0"",""投信買賣超股數"":""0"",""自營商買賣超股數"":""0"",""自營商買進股數(自行買賣)"":""0"",""自營商賣出股數(自行買賣)"":""0"",""自營商買賣超股數(自行買賣)"":""0"",""自營商買進股數(避險)"":""0"",""自營商賣出股數(避險)"":""0"",""自營商買賣超股數(避險)"":""0"",""三大法人買賣超股數"":""-23,000""}"
2026-10-07,TWSE,1615,大山            ,4000,27000,-23000,0,1000,-1000,0,0,0,"{""證券代號"":""1615"",""證券名稱"":""大山            "",""外陸資買進股數(不含外資自營商)"":""4,000"",""外陸資賣出股數(不含外資自營商)"":""27,000"",""外陸資買賣超股數(不含外資自營商)"":""-23,000"",""外資自營商買進股數"":""0"",""外資自營商賣出股數"":""0"",""外資自營商買賣超股數"":""0"",""投信買進股數"":""0"",""投信賣出股數"":""1,000"",""投信買賣超股數"":""-1,000"",""自營商買賣超股數"":""0"",""自營商買進股數(自行買賣)"":""0"",""自營商賣出股數(自行買賣)"":""0"",""自營商買賣超股數(自行買賣)"":""0"",""自營商買進股數(避險)"":""0"",""自營商賣出股數(避險)"":""0"",""自營商買賣超股數(避險)"":""0"",""三大法人買賣超股數"":""-24,000""}"
2026-10-07,TWSE,2420,新巨            ,53122,74100,-20978,0,0,0,153,76,-3923,"{""證券代號"":""2420"",""證券名稱"":""新巨            "",""外陸資買進股數(不含外資自營商)"":""53,122"",""外陸資賣出股數(不含外資自營商)"":""74,100"",""外陸資買賣超股數(不含外資自營商)"":""-20,978"",""外資自營商買進股數"":""0"",""外資自營商賣出股數"":""0"",""外資自營商買賣超股數"":""0"",""投信買進股數"":""0"",""投信賣出股數"":""0"",""投信買賣超股數"":""0"",""自營商買賣超股數"":""-3,923"",""自營商買進股數(自行買賣)"":""3,000"",""自營商賣出股數(自行買賣)"":""7,000"",""自營商買賣超股數(自行買賣)"":""-4,000"",""自營商買進股數(避險)"":""153"",""自營商賣出股數(避險)"":""76"",""自營商買賣超股數(避險)"":""77"",""三大法人買賣超股數"":""-24,901""}"
2026-10-07,TWSE,6477,安集            ,37000,62000,-25000,0,0,0,0,0,33,"{""證券代號"":""6477"",""證券名稱"":""安集            "",""外陸資買進股數(不含外資自營商)"":""37,000"",""外陸資賣出股數(不含外資自營商)"":""62,000"",""外陸資買賣超股數(不含外資自營商)"":""-25,000"",""外資自營商買進股數"":""0"",""外資自營商賣出股數"":""0"",""外資自營商買賣超股數"":""0"",""投信買進股數"":""0"",""投信賣出股數"":""0"",""投信買賣超股數"":""0"",""自營商買賣超股數"":""33"",""自營商買進股數(自行買賣)"":""33"",""自營商賣出股數(自行買賣)"":""0"",""自營商買賣超股數(自行買賣)"":""33"",""自營商買進股數(避險)"":""0"",""自營商賣出股數(避險)"":""0"",""自營商買賣超股數(避險)"":""0"",""三大法人買賣超股數"":""-24,967""}"
2026-10-07,TWSE,6657,華安            ,56000,82000,-26000,0,0,0,0,0,0,"{""證券代號"":""6657"",""證券名稱"":""華安            "",""外陸資買進股數(不含外資自營商)"":""56,000"",""外陸資賣出股數(不含外資自營商)"":""82,000"",""外陸資買賣超股數(不含外資自營商)"":""-26,000"",""外資自營商買進股數"":""0"",""外資自營商賣出股數"":""0"",""外資自營商買賣超股數"":""0"",""投信買進股數"":""0"",""投信賣出股數"":""0"",""投信買賣超股數"":""0"",""自營商買賣超股數"":""0"",""自營商買進股數(自行買賣)"":""0"",""自營商賣出股數(自行買賣)"":""0"",""自營商買賣超股數(自行買賣)"":""0"",""自營商買進股數(避險)"":""0"",""自營商賣出股數(避險)"":""0"",""自營商買賣超股數(避險)"":""0"",""三大法人買賣超股數"":""-26,000""}"
2026-10-07,TWSE,1514,亞力            ,448609,461546,-12937,0,0,0,3281,16381,-13100,"{""證券代號"":""1514"",""證券名稱"":""亞力            "",""外陸資買進股數(不含外資自營商)"":""448,609"",""外陸資賣出股數(不含外資自營商)"":""461,546"",""外陸資買賣超股數(不含外資自營商)"":""-12,937"",""外資自營商買進股數"":""0"",""外資自營商賣出股數"":""0"",""外資自營商買賣超股數"":""0"",""投信買進股數"":""0"",""投信賣出股數"":""0"",""投信買賣超股數"":""0"",""自營商買賣超股數"":""-13,100"",""自營商買進股數(自行買賣)"":""0"",""自營商賣出股數(自行買賣)"":""0"",""自營商買賣超股數(自行買賣)"":""0"",""自營商買進股數(避險)"":""3,281"",""自營商賣出股數(避險)"":""16,381"",""自營商買賣超股數(避險)"":""-13,100"",""三大法人買賣超股數"":""-26,037""}"
2026-10-07,TWSE,00852L,國泰美國道瓊正2 ,0,0,0,0,0,0,37000,63893,-26893,"{""證券代號"":""00852L"",""證券名稱"":""國泰美國道瓊正2 "",""外陸資買進股數(不含外資自營商)"":""0"",""外陸資賣出股數(不含外資自營商)"":""0"",""外陸資買賣超股數(不含外資自營商)"":""0"",""外資自營商買進股數"":""0"",""外資自營商賣出股數"":""0"",""外資自營商買賣超股數"":""0"",""投信買進股數"":""0"",""投信賣出股數"":""0"",""投信買賣超股數"":""0"",""自營商買賣超股數"":""-26,893"",""自營商買進股數(自行買賣)"":""0"",""自營商賣出股數(自行買賣)"":""0"",""自營商買賣超股數(自行買賣)"":""0"",""自營商買進股數(避險)"":""37,000"",""自營商賣出股數(避險)"":""63,893"",""自營商買賣超股數(避險)"":""-26,893"",""三大法人買賣超股數"":""-26,893""}"
2026-10-07,TWSE,3686,達能            ,1000,27000,-26000,0,0,0,0,0,-1000,"{""證券代號"":""3686"",""證券名稱"":""達能            "",""外陸資買進股數(不含外資自營商)"":""1,000"",""外陸資賣出股數(不含外資自營商)"":""27,000"",""外陸資買賣超股數(不含外資自營商)"":""-26,000"",""外資自營商買進股數"":""0"",""外資自營商賣出股數"":""0"",""外資自營商買賣超股數"":""0"",""投信買進股數"":""0"",""投信賣出股數"":""0"",""投信買賣超股數"":""0"",""自營商買賣超股數"":""-1,000"",""自營商買進股數(自行買賣)"":""0"",""自營商賣出股數(自行買賣)"":""1,000"",""自營商買賣超股數(自行買賣)"":""-1,000"",""自營商買進股數(避險)"":""0"",""自營商賣出股數(避險)"":""0"",""自營商買賣超股數(避險)"":""0"",""三大法人買賣超股數"":""-27,000""}"
2026-10-07,TWSE,1713,國化            ,30000,71000,-41000,0,0,0,0,0,14000,"{""證券代號"":""1713"",""證券名稱"":""國化            "",""外陸資買進股數(不含外資自營商)"":""30,000"",""外陸資賣出股數(不含外資自營商)"":""71,000"",""外陸資買賣超股數(不含外資自營商)"":""-41,000"",""外資自營商買進股數"":""0"",""外資自營商賣出股數"":""0"",""外資自營商買賣超股數"":""0"",""投信買進股數"":""0"",""投信賣出股數"":""0"",""投信買賣超股數"":""0"",""自營商買賣超股數"":""14,000"",""自營商買進股數(自行買賣)"":""14,000"",""自營商賣出股數(自行買賣)"":""0"",""自營商買賣超股數(自行買賣)"":""14,000"",""自營商買進股數(避險)"":""0"",""自營商賣出股數(避險)"":""0"",""自營商買賣超股數(避險)"":""0"",""三大法人買賣超股數"":""-27,000""}"
2026-10-07,TWSE,2514,龍邦            ,6000,33000,-27000,0,0,0,0,0,0,"{""證券代號"":""2514"",""證券名稱"":""龍邦            "",""外陸資買進股數(不含外資自營商)"":""6,000"",""外陸資賣出股數(不含外資自營商)"":""33,000"",""外陸資買賣超股數(不含外資自營商)"":""-27,000"",""外資自營商買進股數"":""0"",""外資自營商賣出股數"":""0"",""外資自營商買賣超股數"":""0"",""投信買進股數"":""0"",""投信賣出股數"":""0"",""投信買賣超股數"":""0"",""自營商買賣超股數"":""0"",""自營商買進股數(自行買賣)"":""0"",""自營商賣出股數(自行買賣)"":""0"",""自營商買賣超股數(自行買賣)"":""0"",""自營商買進股數(避險)"":""0"",""自營商賣出股數(避險)"":""0"",""自營商買賣超股數(避險)"":""0"",""三大法人買賣超股數"":""-27,000""}"
2026-10-07,TWSE,5269,祥碩            ,34810,72980,-38170,10000,1224,8776,5810,3404,2306,"{""證券代號"":""5269"",""證券名稱"":""祥碩            "",""外陸資買進股數(不含外資自營商)"":""34,810"",""外陸資賣出股數(不含外資自營商)"":""72,980"",""外陸資買賣超股數(不含外資自營商)"":""-38,170"",""外資自營商買進股數"":""0"",""外資自營商賣出股數"":""0"",""外資自營商買賣超股數"":""0"",""投信買進股數"":""10,000"",""投信賣出股數"":""1,224"",""投信買賣超股數"":""8,776"",""自營商買賣超股數"":""2,306"",""自營商買進股數(自行買賣)"":""0"",""自營商賣出股數(自行買賣)"":""100"",""自營商買賣超股數(自行買賣)"":""-100"",""自營商買進股數(避險)"":""5,810"",""自營商賣出股數(避險)"":""3,404"",""自營商買賣超股數(避險)"":""2,406"",""三大法人買賣超股數"":""-27,088""}"
2026-10-07,TWSE,2432,倚天酷碁-創     ,1000,30000,-29000,0,0,0,29000,27236,1764,"{""證券代號"":""2432"",""證券名稱"":""倚天酷碁-創     "",""外陸資買進股數(不含外資自營商)"":""1,000"",""外陸資賣出股數(不含外資自營商)"":""30,000"",""外陸資買賣超股數(不含外資自營商)"":""-29,000"",""外資自營商買進股數"":""0"",""外資自營商賣出股數"":""0"",""外資自營商買賣超股數"":""0"",""投信買進股數"":""0"",""投信賣出股數"":""0"",""投信買賣超股數"":""0"",""自營商買賣超股數"":""1,764"",""自營商買進股數(自行買賣)"":""0"",""自營商賣出股數(自行買賣)"":""0"",""自營商買賣超股數(自行買賣)"":""0"",""自營商買進股數(避險)"":""29,000"",""自營商賣出股數(避險)"":""27,236"",""自營商買賣超股數(避險)"":""1,764"",""三大法人買賣超股數"":""-27,236""}"
2026-10-07,TWSE,2611,志信            ,106532,130000,-23468,0,0,0,0,0,-4000,"{""證券代號"":""2611"",""證券名稱"":""志信            "",""外陸資買進股數(不含外資自營商)"":""106,532"",""外陸資賣出股數(不含外資自營商)"":""130,000"",""外陸資買賣超股數(不含外資自營商)"":""-23,468"",""外資自營商買進股數"":""0"",""外資自營商賣出股數"":""0"",""外資自營商買賣超股數"":""0"",""投信買進股數"":""0"",""投信賣出股數"":""0"",""投信買賣超股數"":""0"",""自營商買賣超股數"":""-4,000"",""自營商買進股數(自行買賣)"":""0"",""自營商賣出股數(自行買賣)"":""4,000"",""自營商買賣超股數(自行買賣)"":""-4,000"",""自營商買進股數(避險)"":""0"",""自營商賣出股數(避險)"":""0"",""自營商買賣超股數(避險)"":""0"",""三大法人買賣超股數"":""-27,468""}"
2026-10-07,TWSE,3533,嘉澤            ,507332,530628,-23296,2000,373,1627,4744,17411,-6467,"{""證券代號"":""3533"",""證券名稱"":""嘉澤            "",""外陸資買進股數(不含外資自營商)"":""507,332"",""外陸資賣出股數(不含外資自營商)"":""530,628"",""外陸資買賣超股數(不含外資自營商)"":""-23,296"",""外資自營商買進股數"":""0"",""外資自營商賣出股數"":""0"",""外資自營商買賣超股數"":""0"",""投信買進股數"":""2,000"",""投信賣出股數"":""373"",""投信買賣超股數"":""1,627"",""自營商買賣超股數"":""-6,467"",""自營商買進股數(自行買賣)"":""8,400"",""自營商賣出股數(自行買賣)"":""2,200"",""自營商買賣超股數(自行買賣)"":""6,200"",""自營商買進股數(避險)"":""4,744"",""自營商賣出股數(避險)"":""17,411"",""自營商買賣超股數(避險)"":""-12,667"",""三大法人買賣超股數"":""-28,136""}"
2026-10-07,TWSE,2387,精元            ,47000,69000,-22000,0,3893,-3893,0,0,-2542,"{""證券代號"":""2387"",""證券名稱"":""精元            "",""外陸資買進股數(不含外資自營商)"":""47,000"",""外陸資賣出股數(不含外資自營商)"":""69,000"",""外陸資買賣超股數(不含外資自營商)"":""-22,000"",""外資自營商買進股數"":""0"",""外資自營商賣出股數"":""0"",""外資自營商買賣超股數"":""0"",""投信買進股數"":""0"",""投信賣出股數"":""3,893"",""投信買賣超股數"":""-3,893"",""自營商買賣超股數"":""-2,542"",""自營商買進股數(自行買賣)"":""458"",""自營商賣出股數(自行買賣)"":""3,000"",""自營商買賣超股數(自行買賣)"":""-2,542"",""自營商買進股數(避險)"":""0"",""自營商賣出股數(避險)"":""0"",""自營商買賣超股數(避險)"":""0"",""三大法人買賣超股數"":""-28,435""}"
2026-10-07,TWSE,2397,友通            ,28208,57000,-28792,0,0,0,0,0,0,"{""證券代號"":""2397"",""證券名稱"":""友通            "",""外陸資買進股數(不含外資自營商)"":""28,208"",""外陸資賣出股數(不含外資自營商)"":""57,000"",""外陸資買賣超股數(不含外資自營商)"":""-28,792"",""外資自營商買進股數"":""0"",""外資自營商賣出股數"":""0"",""外資自營商買賣超股數"":""0"",""投信買進股數"":""0"",""投信賣出股數"":""0"",""投信買賣超股數"":""0"",""自營商買賣超股數"":""0"",""自營商買進股數(自行買賣)"":""0"",""自營商賣出股數(自行買賣)"":""0"",""自營商買賣超股數(自行買賣)"":""0"",""自營商買進股數(避險)"":""0"",""自營商賣出股數(避險)"":""0"",""自營商買賣超股數(避險)"":""0"",""三大法人買賣超股數"":""-28,792""}"
2026-10-07,TWSE,00651R,復華香港反1     ,0,0,0,0,0,0,1998,31050,-29052,"{""證券代號"":""00651R"",""證券名稱"":""復華香港反1     "",""外陸資買進股數(不含外資自營商)"":""0"",""外陸資賣出股數(不含外資自營商)"":""0"",""外陸資買賣超股數(不含外資自營商)"":""0"",""外資自營商買進股數"":""0"",""外資自營商賣出股數"":""0"",""外資自營商買賣超股數"":""0"",""投信買進股數"":""0"",""投信賣出股數"":""0"",""投信買賣超股數"":""0"",""自營商買賣超股數"":""-29,052"",""自營商買進股數(自行買賣)"":""0"",""自營商賣出股數(自行買賣)"":""0"",""自營商買賣超股數(自行買賣)"":""0"",""自營商買進股數(避險)"":""1,998"",""自營商賣出股數(避險)"":""31,050"",""自營商買賣超股數(避險)"":""-29,052"",""三大法人買賣超股數"":""-29,052""}"
2026-10-07,TWSE,6409,旭隼            ,161751,188378,-26627,4000,4000,0,6354,8785,-2431,"{""證券代號"":""6409"",""證券名稱"":""旭隼            "",""外陸資買進股數(不含外資自營商)"":""161,751"",""外陸資賣出股數(不含外資自營商)"":""188,378"",""外陸資買賣超股數(不含外資自營商)"":""-26,627"",""外資自營商買進股數"":""0"",""外資自營商賣出股數"":""0"",""外資自營商買賣超股數"":""0"",""投信買進股數"":""4,000"",""投信賣出股數"":""4,000"",""投信買賣超股數"":""0"",""自營商買賣超股數"":""-2,431"",""自營商買進股數(自行買賣)"":""0"",""自營商賣出股數(自行買賣)"":""0"",""自營商買賣超股數(自行買賣)"":""0"",""自營商買進股數(避險)"":""6,354"",""自營商賣出股數(避險)"":""8,785"",""自營商買賣超股數(避險)"":""-2,431"",""三大法人買賣超股數"":""-29,058""}"
2026-10-07,TWSE,4771,望隼            ,34000,62100,-28100,0,0,0,0,1008,-1008,"{""證券代號"":""4771"",""證券名稱"":""望隼            "",""外陸資買進股數(不含外資自營商)"":""34,000"",""外陸資賣出股數(不含外資自營商)"":""62,100"",""外陸資買賣超股數(不含外資自營商)"":""-28,100"",""外資自營商買進股數"":""0"",""外資自營商賣出股數"":""0"",""外資自營商買賣超股數"":""0"",""投信買進股數"":""0"",""投信賣出股數"":""0"",""投信買賣超股數"":""0"",""自營商買賣超股數"":""-1,008"",""自營商買進股數(自行買賣)"":""0"",""自營商賣出股數(自行買賣)"":""0"",""自營商買賣超股數(自行買賣)"":""0"",""自營商買進股數(避險)"":""0"",""自營商賣出股數(避險)"":""1,008"",""自營商買賣超股數(避險)"":""-1,008"",""三大法人買賣超股數"":""-29,108""}"
2026-10-07,TWSE,6799,來頡            ,28000,58016,-30016,0,0,0,0,0,0,"{""證券代號"":""6799"",""證券名稱"":""來頡            "",""外陸資買進股數(不含外資自營商)"":""28,000"",""外陸資賣出股數(不含外資自營商)"":""58,016"",""外陸資買賣超股數(不含外資自營商)"":""-30,016"",""外資自營商買進股數"":""0"",""外資自營商賣出股數"":""0"",""外資自營商買賣超股數"":""0"",""投信買進股數"":""0"",""投信賣出股數"":""0"",""投信買賣超股數"":""0"",""自營商買賣超股數"":""0"",""自營商買進股數(自行買賣)"":""0"",""自營商賣出股數(自行買賣)"":""0"",""自營商買賣超股數(自行買賣)"":""0"",""自營商買進股數(避險)"":""0"",""自營商賣出股數(避險)"":""0"",""自營商買賣超股數(避險)"":""0"",""三大法人買賣超股數"":""-30,016""}"
2026-10-07,TWSE,3032,偉訓            ,78502,109000,-30498,0,0,0,0,0,0,"{""證券代號"":""3032"",""證券名稱"":""偉訓            "",""外陸資買進股數(不含外資自營商)"":""78,502"",""外陸資賣出股數(不含外資自營商)"":""109,000"",""外陸資買賣超股數(不含外資自營商)"":""-30,498"",""外資自營商買進股數"":""0"",""外資自營商賣出股數"":""0"",""外資自營商買賣超股數"":""0"",""投信買進股數"":""0"",""投信賣出股數"":""0"",""投信買賣超股數"":""0"",""自營商買賣超股數"":""0"",""自營商買進股數(自行買賣)"":""0"",""自營商賣出股數(自行買賣)"":""0"",""自營商買賣超股數(自行買賣)"":""0"",""自營商買進股數(避險)"":""0"",""自營商賣出股數(避險)"":""0"",""自營商買賣超股數(避險)"":""0"",""三大法人買賣超股數"":""-30,498""}"
2026-10-07,TWSE,00653L,富邦印度正2     ,0,1000,-1000,0,0,0,21323,50928,-29605,"{""證券代號"":""00653L"",""證券名稱"":""富邦印度正2     "",""外陸資買進股數(不含外資自營商)"":""0"",""外陸資賣出股數(不含外資自營商)"":""1,000"",""外陸資買賣超股數(不含外資自營商)"":""-1,000"",""外資自營商買進股數"":""0"",""外資自營商賣出股數"":""0"",""外資自營商買賣超股數"":""0"",""投信買進股數"":""0"",""投信賣出股數"":""0"",""投信買賣超股數"":""0"",""自營商買賣超股數"":""-29,605"",""自營商買進股數(自行買賣)"":""0"",""自營商賣出股數(自行買賣)"":""0"",""自營商買賣超股數(自行買賣)"":""0"",""自營商買進股數(避險)"":""21,323"",""自營商賣出股數(避險)"":""50,928"",""自營商買賣超股數(避險)"":""-29,605"",""三大法人買賣超股數"":""-30,605""}"
2026-10-07,TWSE,006208,富邦台50        ,95361,353410,-258049,0,0,0,475022,261710,227312,"{""證券代號"":""006208"",""證券名稱"":""富邦台50        "",""外陸資買進股數(不含外資自營商)"":""95,361"",""外陸資賣出股數(不含外資自營商)"":""353,410"",""外陸資買賣超股數(不含外資自營商)"":""-258,049"",""外資自營商買進股數"":""0"",""外資自營商賣出股數"":""0"",""外資自營商買賣超股數"":""0"",""投信買進股數"":""0"",""投信賣出股數"":""0"",""投信買賣超股數"":""0"",""自營商買賣超股數"":""227,312"",""自營商買進股數(自行買賣)"":""14,000"",""自營商賣出股數(自行買賣)"":""0"",""自營商買賣超股數(自行買賣)"":""14,000"",""自營商買進股數(避險)"":""475,022"",""自營商賣出股數(避險)"":""261,710"",""自營商買賣超股數(避險)"":""213,312"",""三大法人買賣超股數"":""-30,737""}"
2026-10-07,TWSE,3040,遠見            ,94200,125000,-30800,0,0,0,0,0,0,"{""證券代號"":""3040"",""證券名稱"":""遠見            "",""外陸資買進股數(不含外資自營商)"":""94,200"",""外陸資賣出股數(不含外資自營商)"":""125,000"",""外陸資買賣超股數(不含外資自營商)"":""-30,800"",""外資自營商買進股數"":""0"",""外資自營商賣出股數"":""0"",""外資自營商買賣超股數"":""0"",""投信買進股數"":""0"",""投信賣出股數"":""0"",""投信買賣超股數"":""0"",""自營商買賣超股數"":""0"",""自營商買進股數(自行買賣)"":""0"",""自營商賣出股數(自行買賣)"":""0"",""自營商買賣超股數(自行買賣)"":""0"",""自營商買進股數(避險)"":""0"",""自營商賣出股數(避險)"":""0"",""自營商買賣超股數(避險)"":""0"",""三大法人買賣超股數"":""-30,800""}"
2026-10-07,TWSE,4555,氣立            ,31485,65000,-33515,0,0,0,0,0,1038,"{""證券代號"":""4555"",""證券名稱"":""氣立            "",""外陸資買進股數(不含外資自營商)"":""31,485"",""外陸資賣出股數(不含外資自營商)"":""65,000"",""外陸資買賣超股數(不含外資自營商)"":""-33,515"",""外資自營商買進股數"":""0"",""外資自營商賣出股數"":""0"",""外資自營商買賣超股數"":""0"",""投信買進股數"":""0"",""投信賣出股數"":""0"",""投信買賣超股數"":""0"",""自營商買賣超股數"":""1,038"",""自營商買進股數(自行買賣)"":""2,038"",""自營商賣出股數(自行買賣)"":""1,000"",""自營商買賣超股數(自行買賣)"":""1,038"",""自營商買進股數(避險)"":""0"",""自營商賣出股數(避險)"":""0"",""自營商買賣超股數(避險)"":""0"",""三大法人買賣超股數"":""-32,477""}"
2026-10-07,TWSE,4746,台耀            ,144000,177000,-33000,0,0,0,0,0,0,"{""證券代號"":""4746"",""證券名稱"":""台耀            "",""外陸資買進股數(不含外資自營商)"":""144,000"",""外陸資賣出股數(不含外資自營商)"":""177,000"",""外陸資買賣超股數(不含外資自營商)"":""-33,000"",""外資自營商買進股數"":""0"",""外資自營商賣出股數"":""0"",""外資自營商買賣超股數"":""0"",""投信買進股數"":""0"",""投信賣出股數"":""0"",""投信買賣超股數"":""0"",""自營商買賣超股數"":""0"",""自營商買進股數(自行買賣)"":""0"",""自營商賣出股數(自行買賣)"":""0"",""自營商買賣超股數(自行買賣)"":""0"",""自營商買進股數(避險)"":""0"",""自營商賣出股數(避險)"":""0"",""自營商買賣超股數(避險)"":""0"",""三大法人買賣超股數"":""-33,000""}"
2026-10-07,TWSE,3665,貿聯-KY         ,2058338,1128570,929768,47000,1046130,-999130,50347,29202,36050,"{""證券代號"":""3665"",""證券名稱"":""貿聯-KY         "",""外陸資買進股數(不含外資自營商)"":""2,058,338"",""外陸資賣出股數(不含外資自營商)"":""1,128,570"",""外陸資買賣超股數(不含外資自營商)"":""929,768"",""外資自營商買進股數"":""0"",""外資自營商賣出股數"":""0"",""外資自營商買賣超股數"":""0"",""投信買進股數"":""47,000"",""投信賣出股數"":""1,046,130"",""投信買賣超股數"":""-999,130"",""自營商買賣超股數"":""36,050"",""自營商買進股數(自行買賣)"":""30,005"",""自營商賣出股數(自行買賣)"":""15,100"",""自營商買賣超股數(自行買賣)"":""14,905"",""自營商買進股數(避險)"":""50,347"",""自營商賣出股數(避險)"":""29,202"",""自營商買賣超股數(避險)"":""21,145"",""三大法人買賣超股數"":""-33,312""}"
2026-10-07,TWSE,4569,六方科-KY       ,24000,58000,-34000,0,0,0,0,0,0,"{""證券代號"":""4569"",""證券名稱"":""六方科-KY       "",""外陸資買進股數(不含外資自營商)"":""24,000"",""外陸資賣出股數(不含外資自營商)"":""58,000"",""外陸資買賣超股數(不含外資自營商)"":""-34,000"",""外資自營商買進股數"":""0"",""外資自營商賣出股數"":""0"",""外資自營商買賣超股數"":""0"",""投信買進股數"":""0"",""投信賣出股數"":""0"",""投信買賣超股數"":""0"",""自營商買賣超股數"":""0"",""自營商買進股數(自行買賣)"":""0"",""自營商賣出股數(自行買賣)"":""0"",""自營商買賣超股數(自行買賣)"":""0"",""自營商買進股數(避險)"":""0"",""自營商賣出股數(避險)"":""0"",""自營商買賣超股數(避險)"":""0"",""三大法人買賣超股數"":""-34,000""}"
2026-10-07,TWSE,2459,敦吉            ,8000,42000,-34000,0,0,0,0,0,0,"{""證券代號"":""2459"",""證券名稱"":""敦吉            "",""外陸資買進股數(不含外資自營商)"":""8,000"",""外陸資賣出股數(不含外資自營商)"":""42,000"",""外陸資買賣超股數(不含外資自營商)"":""-34,000"",""外資自營商買進股數"":""0"",""外資自營商賣出股數"":""0"",""外資自營商買賣超股數"":""0"",""投信買進股數"":""0"",""投信賣出股數"":""0"",""投信買賣超股數"":""0"",""自營商買賣超股數"":""0"",""自營商買進股數(自行買賣)"":""0"",""自營商賣出股數(自行買賣)"":""0"",""自營商買賣超股數(自行買賣)"":""0"",""自營商買進股數(避險)"":""0"",""自營商賣出股數(避險)"":""0"",""自營商買賣超股數(避險)"":""0"",""三大法人買賣超股數"":""-34,000""}"
2026-10-07,TWSE,1527,鑽全            ,10000,44000,-34000,0,0,0,0,0,0,"{""證券代號"":""1527"",""證券名稱"":""鑽全            "",""外陸資買進股數(不含外資自營商)"":""10,000"",""外陸資賣出股數(不含外資自營商)"":""44,000"",""外陸資買賣超股數(不含外資自營商)"":""-34,000"",""外資自營商買進股數"":""0"",""外資自營商賣出股數"":""0"",""外資自營商買賣超股數"":""0"",""投信買進股數"":""0"",""投信賣出股數"":""0"",""投信買賣超股數"":""0"",""自營商買賣超股數"":""0"",""自營商買進股數(自行買賣)"":""0"",""自營商賣出股數(自行買賣)"":""0"",""自營商買賣超股數(自行買賣)"":""0"",""自營商買進股數(避險)"":""0"",""自營商賣出股數(避險)"":""0"",""自營商買賣超股數(避險)"":""0"",""三大法人買賣超股數"":""-34,000""}"
2026-10-07,TWSE,1451,年興            ,2000,38000,-36000,0,0,0,0,0,0,"{""證券代號"":""1451"",""證券名稱"":""年興            "",""外陸資買進股數(不含外資自營商)"":""2,000"",""外陸資賣出股數(不含外資自營商)"":""38,000"",""外陸資買賣超股數(不含外資自營商)"":""-36,000"",""外資自營商買進股數"":""0"",""外資自營商賣出股數"":""0"",""外資自營商買賣超股數"":""0"",""投信買進股數"":""0"",""投信賣出股數"":""0"",""投信買賣超股數"":""0"",""自營商買賣超股數"":""0"",""自營商買進股數(自行買賣)"":""0"",""自營商賣出股數(自行買賣)"":""0"",""自營商買賣超股數(自行買賣)"":""0"",""自營商買進股數(避險)"":""0"",""自營商賣出股數(避險)"":""0"",""自營商買賣超股數(避險)"":""0"",""三大法人買賣超股數"":""-36,000""}"
2026-10-07,TWSE,6598,ABC-KY          ,37000,74000,-37000,0,0,0,0,0,1000,"{""證券代號"":""6598"",""證券名稱"":""ABC-KY          "",""外陸資買進股數(不含外資自營商)"":""37,000"",""外陸資賣出股數(不含外資自營商)"":""74,000"",""外陸資買賣超股數(不含外資自營商)"":""-37,000"",""外資自營商買進股數"":""0"",""外資自營商賣出股數"":""0"",""外資自營商買賣超股數"":""0"",""投信買進股數"":""0"",""投信賣出股數"":""0"",""投信買賣超股數"":""0"",""自營商買賣超股數"":""1,000"",""自營商買進股數(自行買賣)"":""1,000"",""自營商賣出股數(自行買賣)"":""0"",""自營商買賣超股數(自行買賣)"":""1,000"",""自營商買進股數(避險)"":""0"",""自營商賣出股數(避險)"":""0"",""自營商買賣超股數(避險)"":""0"",""三大法人買賣超股數"":""-36,000""}"
2026-10-07,TWSE,6592,和潤企業        ,86000,122000,-36000,0,0,0,0,0,-159,"{""證券代號"":""6592"",""證券名稱"":""和潤企業        "",""外陸資買進股數(不含外資自營商)"":""86,000"",""外陸資賣出股數(不含外資自營商)"":""122,000"",""外陸資買賣超股數(不含外資自營商)"":""-36,000"",""外資自營商買進股數"":""0"",""外資自營商賣出股數"":""0"",""外資自營商買賣超股數"":""0"",""投信買進股數"":""0"",""投信賣出股數"":""0"",""投信買賣超股數"":""0"",""自營商買賣超股數"":""-159"",""自營商買進股數(自行買賣)"":""0"",""自營商賣出股數(自行買賣)"":""159"",""自營商買賣超股數(自行買賣)"":""-159"",""自營商買進股數(避險)"":""0"",""自營商賣出股數(避險)"":""0"",""自營商買賣超股數(避險)"":""0"",""三大法人買賣超股數"":""-36,159""}"
2026-10-07,TWSE,2029,盛餘            ,38109,75000,-36891,0,0,0,0,0,0,"{""證券代號"":""2029"",""證券名稱"":""盛餘            "",""外陸資買進股數(不含外資自營商)"":""38,109"",""外陸資賣出股數(不含外資自營商)"":""75,000"",""外陸資買賣超股數(不含外資自營商)"":""-36,891"",""外資自營商買進股數"":""0"",""外資自營商賣出股數"":""0"",""外資自營商買賣超股數"":""0"",""投信買進股數"":""0"",""投信賣出股數"":""0"",""投信買賣超股數"":""0"",""自營商買賣超股數"":""0"",""自營商買進股數(自行買賣)"":""0"",""自營商賣出股數(自行買賣)"":""0"",""自營商買賣超股數(自行買賣)"":""0"",""自營商買進股數(避險)"":""0"",""自營商賣出股數(避險)"":""0"",""自營商買賣超股數(避險)"":""0"",""三大法人買賣超股數"":""-36,891""}"
2026-10-07,TWSE,1437,勤益控          ,3000,40000,-37000,0,0,0,0,0,0,"{""證券代號"":""1437"",""證券名稱"":""勤益控          "",""外陸資買進股數(不含外資自營商)"":""3,000"",""外陸資賣出股數(不含外資自營商)"":""40,000"",""外陸資買賣超股數(不含外資自營商)"":""-37,000"",""外資自營商買進股數"":""0"",""外資自營商賣出股數"":""0"",""外資自營商買賣超股數"":""0"",""投信買進股數"":""0"",""投信賣出股數"":""0"",""投信買賣超股數"":""0"",""自營商買賣超股數"":""0"",""自營商買進股數(自行買賣)"":""0"",""自營商賣出股數(自行買賣)"":""0"",""自營商買賣超股數(自行買賣)"":""0"",""自營商買進股數(避險)"":""0"",""自營商賣出股數(避險)"":""0"",""自營商買賣超股數(避險)"":""0"",""三大法人買賣超股數"":""-37,000""}"
2026-10-07,TWSE,9935,慶豐富          ,27000,62000,-35000,0,2089,-2089,0,0,0,"{""證券代號"":""9935"",""證券名稱"":""慶豐富          "",""外陸資買進股數(不含外資自營商)"":""27,000"",""外陸資賣出股數(不含外資自營商)"":""62,000"",""外陸資買賣超股數(不含外資自營商)"":""-35,000"",""外資自營商買進股數"":""0"",""外資自營商賣出股數"":""0"",""外資自營商買賣超股數"":""0"",""投信買進股數"":""0"",""投信賣出股數"":""2,089"",""投信買賣超股數"":""-2,089"",""自營商買賣超股數"":""0"",""自營商買進股數(自行買賣)"":""0"",""自營商賣出股數(自行買賣)"":""0"",""自營商買賣超股數(自行買賣)"":""0"",""自營商買進股數(避險)"":""0"",""自營商賣出股數(避險)"":""0"",""自營商買賣超股數(避險)"":""0"",""三大法人買賣超股數"":""-37,089""}"
2026-10-07,TWSE,2457,飛宏            ,210200,206485,3715,0,0,0,1000,2001,-41200,"{""證券代號"":""2457"",""證券名稱"":""飛宏            "",""外陸資買進股數(不含外資自營商)"":""210,200"",""外陸資賣出股數(不含外資自營商)"":""206,485"",""外陸資買賣超股數(不含外資自營商)"":""3,715"",""外資自營商買進股數"":""0"",""外資自營商賣出股數"":""0"",""外資自營商買賣超股數"":""0"",""投信買進股數"":""0"",""投信賣出股數"":""0"",""投信買賣超股數"":""0"",""自營商買賣超股數"":""-41,200"",""自營商買進股數(自行買賣)"":""0"",""自營商賣出股數(自行買賣)"":""40,199"",""自營商買賣超股數(自行買賣)"":""-40,199"",""自營商買進股數(避險)"":""1,000"",""自營商賣出股數(避險)"":""2,001"",""自營商買賣超股數(避險)"":""-1,001"",""三大法人買賣超股數"":""-37,485""}"
2026-10-07,TWSE,6024,群益期          ,13000,49715,-36715,0,1000,-1000,0,0,0,"{""證券代號"":""6024"",""證券名稱"":""群益期          "",""外陸資買進股數(不含外資自營商)"":""13,000"",""外陸資賣出股數(不含外資自營商)"":""49,715"",""外陸資買賣超股數(不含外資自營商)"":""-36,715"",""外資自營商買進股數"":""0"",""外資自營商賣出股數"":""0"",""外資自營商買賣超股數"":""0"",""投信買進股數"":""0"",""投信賣出股數"":""1,000"",""投信買賣超股數"":""-1,000"",""自營商買賣超股數"":""0"",""自營商買進股數(自行買賣)"":""0"",""自營商賣出股數(自行買賣)"":""0"",""自營商買賣超股數(自行買賣)"":""0"",""自營商買進股數(避險)"":""0"",""自營商賣出股數(避險)"":""0"",""自營商買賣超股數(避險)"":""0"",""三大法人買賣超股數"":""-37,715""}"
2026-10-07,TWSE,4942,嘉彰            ,2000,40000,-38000,0,0,0,0,0,0,"{""證券代號"":""4942"",""證券名稱"":""嘉彰            "",""外陸資買進股數(不含外資自營商)"":""2,000"",""外陸資賣出股數(不含外資自營商)"":""40,000"",""外陸資買賣超股數(不含外資自營商)"":""-38,000"",""外資自營商買進股數"":""0"",""外資自營商賣出股數"":""0"",""外資自營商買賣超股數"":""0"",""投信買進股數"":""0"",""投信賣出股數"":""0"",""投信買賣超股數"":""0"",""自營商買賣超股數"":""0"",""自營商買進股數(自行買賣)"":""0"",""自營商賣出股數(自行買賣)"":""0"",""自營商買賣超股數(自行買賣)"":""0"",""自營商買進股數(避險)"":""0"",""自營商賣出股數(避險)"":""0"",""自營商買賣超股數(避險)"":""0"",""三大法人買賣超股數"":""-38,000""}"
2026-10-07,TWSE,3025,星通            ,340412,380000,-39588,0,0,0,0,0,0,"{""證券代號"":""3025"",""證券名稱"":""星通            "",""外陸資買進股數(不含外資自營商)"":""340,412"",""外陸資賣出股數(不含外資自營商)"":""380,000"",""外陸資買賣超股數(不含外資自營商)"":""-39,588"",""外資自營商買進股數"":""0"",""外資自營商賣出股數"":""0"",""外資自營商買賣超股數"":""0"",""投信買進股數"":""0"",""投信賣出股數"":""0"",""投信買賣超股數"":""0"",""自營商買賣超股數"":""0"",""自營商買進股數(自行買賣)"":""0"",""自營商賣出股數(自行買賣)"":""0"",""自營商買賣超股數(自行買賣)"":""0"",""自營商買進股數(避險)"":""0"",""自營商賣出股數(避險)"":""0"",""自營商買賣超股數(避險)"":""0"",""三大法人買賣超股數"":""-39,588""}"
2026-10-07,TWSE,1464,得力            ,9002,59000,-49998,0,0,0,0,0,10000,"{""證券代號"":""1464"",""證券名稱"":""得力            "",""外陸資買進股數(不含外資自營商)"":""9,002"",""外陸資賣出股數(不含外資自營商)"":""59,000"",""外陸資買賣超股數(不含外資自營商)"":""-49,998"",""外資自營商買進股數"":""0"",""外資自營商賣出股數"":""0"",""外資自營商買賣超股數"":""0"",""投信買進股數"":""0"",""投信賣出股數"":""0"",""投信買賣超股數"":""0"",""自營商買賣超股數"":""10,000"",""自營商買進股數(自行買賣)"":""10,000"",""自營商賣出股數(自行買賣)"":""0"",""自營商買賣超股數(自行買賣)"":""10,000"",""自營商買進股數(避險)"":""0"",""自營商賣出股數(避險)"":""0"",""自營商買賣超股數(避險)"":""0"",""三大法人買賣超股數"":""-39,998""}"
2026-10-07,TWSE,00738U,期元大道瓊白銀  ,51000,21000,30000,0,0,0,499719,571012,-71293,"{""證券代號"":""00738U"",""證券名稱"":""期元大道瓊白銀  "",""外陸資買進股數(不含外資自營商)"":""51,000"",""外陸資賣出股數(不含外資自營商)"":""21,000"",""外陸資買賣超股數(不含外資自營商)"":""30,000"",""外資自營商買進股數"":""0"",""外資自營商賣出股數"":""0"",""外資自營商買賣超股數"":""0"",""投信買進股數"":""0"",""投信賣出股數"":""0"",""投信買賣超股數"":""0"",""自營商買賣超股數"":""-71,293"",""自營商買進股數(自行買賣)"":""0"",""自營商賣出股數(自行買賣)"":""0"",""自營商買賣超股數(自行買賣)"":""0"",""自營商買進股數(避險)"":""499,719"",""自營商賣出股數(避險)"":""571,012"",""自營商買賣超股數(避險)"":""-71,293"",""三大法人買賣超股數"":""-41,293""}"
2026-10-07,TWSE,0053,元大電子        ,1000,6000,-5000,0,0,0,101000,139838,-38838,"{""證券代號"":""0053"",""證券名稱"":""元大電子        "",""外陸資買進股數(不含外資自營商)"":""1,000"",""外陸資賣出股數(不含外資自營商)"":""6,000"",""外陸資買賣超股數(不含外資自營商)"":""-5,000"",""外資自營商買進股數"":""0"",""外資自營商賣出股數"":""0"",""外資自營商買賣超股數"":""0"",""投信買進股數"":""0"",""投信賣出股數"":""0"",""投信買賣超股數"":""0"",""自營商買賣超股數"":""-38,838"",""自營商買進股數(自行買賣)"":""0"",""自營商賣出股數(自行買賣)"":""0"",""自營商買賣超股數(自行買賣)"":""0"",""自營商買進股數(避險)"":""101,000"",""自營商賣出股數(避險)"":""139,838"",""自營商買賣超股數(避險)"":""-38,838"",""三大法人買賣超股數"":""-43,838""}"
2026-10-07,TWSE,6215,和椿            ,93000,137000,-44000,0,0,0,0,77,-77,"{""證券代號"":""6215"",""證券名稱"":""和椿            "",""外陸資買進股數(不含外資自營商)"":""93,000"",""外陸資賣出股數(不含外資自營商)"":""137,000"",""外陸資買賣超股數(不含外資自營商)"":""-44,000"",""外資自營商買進股數"":""0"",""外資自營商賣出股數"":""0"",""外資自營商買賣超股數"":""0"",""投信買進股數"":""0"",""投信賣出股數"":""0"",""投信買賣超股數"":""0"",""自營商買賣超股數"":""-77"",""自營商買進股數(自行買賣)"":""0"",""自營商賣出股數(自行買賣)"":""0"",""自營商買賣超股數(自行買賣)"":""0"",""自營商買進股數(避險)"":""0"",""自營商賣出股數(避險)"":""77"",""自營商買賣超股數(避險)"":""-77"",""三大法人買賣超股數"":""-44,077""}"
2026-10-07,TWSE,6781,AES-KY          ,38472,83020,-44548,0,148,-148,5939,10477,-4538,"{""證券代號"":""6781"",""證券名稱"":""AES-KY          "",""外陸資買進股數(不含外資自營商)"":""38,472"",""外陸資賣出股數(不含外資自營商)"":""83,020"",""外陸資買賣超股數(不含外資自營商)"":""-44,548"",""外資自營商買進股數"":""0"",""外資自營商賣出股數"":""0"",""外資自營商買賣超股數"":""0"",""投信買進股數"":""0"",""投信賣出股數"":""148"",""投信買賣超股數"":""-148"",""自營商買賣超股數"":""-4,538"",""自營商買進股數(自行買賣)"":""0"",""自營商賣出股數(自行買賣)"":""0"",""自營商買賣超股數(自行買賣)"":""0"",""自營商買進股數(避險)"":""5,939"",""自營商賣出股數(避險)"":""10,477"",""自營商買賣超股數(避險)"":""-4,538"",""三大法人買賣超股數"":""-49,234""}"
2026-10-07,TWSE,1806,冠軍            ,41109,91000,-49891,0,0,0,0,0,0,"{""證券代號"":""1806"",""證券名稱"":""冠軍            "",""外陸資買進股數(不含外資自營商)"":""41,109"",""外陸資賣出股數(不含外資自營商)"":""91,000"",""外陸資買賣超股數(不含外資自營商)"":""-49,891"",""外資自營商買進股數"":""0"",""外資自營商賣出股數"":""0"",""外資自營商買賣超股數"":""0"",""投信買進股數"":""0"",""投信賣出股數"":""0"",""投信買賣超股數"":""0"",""自營商買賣超股數"":""0"",""自營商買進股數(自行買賣)"":""0"",""自營商賣出股數(自行買賣)"":""0"",""自營商買賣超股數(自行買賣)"":""0"",""自營商買進股數(避險)"":""0"",""自營商賣出股數(避險)"":""0"",""自營商買賣超股數(避險)"":""0"",""三大法人買賣超股數"":""-49,891""}"
2026-10-07,TWSE,1611,中電            ,121662,115380,6282,0,0,0,0,0,-57000,"{""證券代號"":""1611"",""證券名稱"":""中電            "",""外陸資買進股數(不含外資自營商)"":""121,662"",""外陸資賣出股數(不含外資自營商)"":""115,380"",""外陸資買賣超股數(不含外資自營商)"":""6,282"",""外資自營商買進股數"":""0"",""外資自營商賣出股數"":""0"",""外資自營商買賣超股數"":""0"",""投信買進股數"":""0"",""投信賣出股數"":""0"",""投信買賣超股數"":""0"",""自營商買賣超股數"":""-57,000"",""自營商買進股數(自行買賣)"":""0"",""自營商賣出股數(自行買賣)"":""57,000"",""自營商買賣超股數(自行買賣)"":""-57,000"",""自營商買進股數(避險)"":""0"",""自營商賣出股數(避險)"":""0"",""自營商買賣超股數(避險)"":""0"",""三大法人買賣超股數"":""-50,718""}"
2026-10-07,TWSE,6937,天虹            ,70920,121000,-50080,0,0,0,6010,7976,-1966,"{""證券代號"":""6937"",""證券名稱"":""天虹            "",""外陸資買進股數(不含外資自營商)"":""70,920"",""外陸資賣出股數(不含外資自營商)"":""121,000"",""外陸資買賣超股數(不含外資自營商)"":""-50,080"",""外資自營商買進股數"":""0"",""外資自營商賣出股數"":""0"",""外資自營商買賣超股數"":""0"",""投信買進股數"":""0"",""投信賣出股數"":""0"",""投信買賣超股數"":""0"",""自營商買賣超股數"":""-1,966"",""自營商買進股數(自行買賣)"":""0"",""自營商賣出股數(自行買賣)"":""0"",""自營商買賣超股數(自行買賣)"":""0"",""自營商買進股數(避險)"":""6,010"",""自營商賣出股數(避險)"":""7,976"",""自營商買賣超股數(避險)"":""-1,966"",""三大法人買賣超股數"":""-52,046""}"
2026-10-07,TWSE,8033,雷虎            ,627376,680400,-53024,0,0,0,0,0,413,"{""證券代號"":""8033"",""證券名稱"":""雷虎            "",""外陸資買進股數(不含外資自營商)"":""627,376"",""外陸資賣出股數(不含外資自營商)"":""680,400"",""外陸資買賣超股數(不含外資自營商)"":""-53,024"",""外資自營商買進股數"":""0"",""外資自營商賣出股數"":""0"",""外資自營商買賣超股數"":""0"",""投信買進股數"":""0"",""投信賣出股數"":""0"",""投信買賣超股數"":""0"",""自營商買賣超股數"":""413"",""自營商買進股數(自行買賣)"":""12,999"",""自營商賣出股數(自行買賣)"":""12,586"",""自營商買賣超股數(自行買賣)"":""413"",""自營商買進股數(避險)"":""0"",""自營商賣出股數(避險)"":""0"",""自營商買賣超股數(避險)"":""0"",""三大法人買賣超股數"":""-52,611""}"
2026-10-07,TWSE,3530,晶相光          ,22000,75000,-53000,0,0,0,0,0,0,"{""證券代號"":""3530"",""證券名稱"":""晶相光          "",""外陸資買進股數(不含外資自營商)"":""22,000"",""外陸資賣出股數(不含外資自營商)"":""75,000"",""外陸資買賣超股數(不含外資自營商)"":""-53,000"",""外資自營商買進股數"":""0"",""外資自營商賣出股數"":""0"",""外資自營商買賣超股數"":""0"",""投信買進股數"":""0"",""投信賣出股數"":""0"",""投信買賣超股數"":""0"",""自營商買賣超股數"":""0"",""自營商買進股數(自行買賣)"":""0"",""自營商賣出股數(自行買賣)"":""0"",""自營商買賣超股數(自行買賣)"":""0"",""自營商買進股數(避險)"":""0"",""自營商賣出股數(避險)"":""0"",""自營商買賣超股數(避險)"":""0"",""三大法人買賣超股數"":""-53,000""}"
2026-10-07,TWSE,9925,新保            ,53000,109000,-56000,0,0,0,0,0,2000,"{""證券代號"":""9925"",""證券名稱"":""新保            "",""外陸資買進股數(不含外資自營商)"":""53,000"",""外陸資賣出股數(不含外資自營商)"":""109,000"",""外陸資買賣超股數(不含外資自營商)"":""-56,000"",""外資自營商買進股數"":""0"",""外資自營商賣出股數"":""0"",""外資自營商買賣超股數"":""0"",""投信買進股數"":""0"",""投信賣出股數"":""0"",""投信買賣超股數"":""0"",""自營商買賣超股數"":""2,000"",""自營商買進股數(自行買賣)"":""2,000"",""自營商賣出股數(自行買賣)"":""0"",""自營商買賣超股數(自行買賣)"":""2,000"",""自營商買進股數(避險)"":""0"",""自營商賣出股數(避險)"":""0"",""自營商買賣超股數(避險)"":""0"",""三大法人買賣超股數"":""-54,000""}"
2026-10-07,TWSE,8411,福貞-KY         ,2000,4000,-2000,0,0,0,0,0,-52000,"{""證券代號"":""8411"",""證券名稱"":""福貞-KY         "",""外陸資買進股數(不含外資自營商)"":""2,000"",""外陸資賣出股數(不含外資自營商)"":""4,000"",""外陸資買賣超股數(不含外資自營商)"":""-2,000"",""外資自營商買進股數"":""0"",""外資自營商賣出股數"":""0"",""外資自營商買賣超股數"":""0"",""投信買進股數"":""0"",""投信賣出股數"":""0"",""投信買賣超股數"":""0"",""自營商買賣超股數"":""-52,000"",""自營商買進股數(自行買賣)"":""0"",""自營商賣出股數(自行買賣)"":""52,000"",""自營商買賣超股數(自行買賣)"":""-52,000"",""自營商買進股數(避險)"":""0"",""自營商賣出股數(避險)"":""0"",""自營商買賣超股數(避險)"":""0"",""三大法人買賣超股數"":""-54,000""}"
2026-10-07,TWSE,2491,吉祥全          ,106000,164001,-58001,0,0,0,0,0,4000,"{""證券代號"":""2491"",""證券名稱"":""吉祥全          "",""外陸資買進股數(不含外資自營商)"":""106,000"",""外陸資賣出股數(不含外資自營商)"":""164,001"",""外陸資買賣超股數(不含外資自營商)"":""-58,001"",""外資自營商買進股數"":""0"",""外資自營商賣出股數"":""0"",""外資自營商買賣超股數"":""0"",""投信買進股數"":""0"",""投信賣出股數"":""0"",""投信買賣超股數"":""0"",""自營商買賣超股數"":""4,000"",""自營商買進股數(自行買賣)"":""4,000"",""自營商賣出股數(自行買賣)"":""0"",""自營商買賣超股數(自行買賣)"":""4,000"",""自營商買進股數(避險)"":""0"",""自營商賣出股數(避險)"":""0"",""自營商買賣超股數(避險)"":""0"",""三大法人買賣超股數"":""-54,001""}"
2026-10-07,TWSE,00763U,期街口道瓊銅    ,0,4000,-4000,0,0,0,36000,86049,-50049,"{""證券代號"":""00763U"",""證券名稱"":""期街口道瓊銅    "",""外陸資買進股數(不含外資自營商)"":""0"",""外陸資賣出股數(不含外資自營商)"":""4,000"",""外陸資買賣超股數(不含外資自營商)"":""-4,000"",""外資自營商買進股數"":""0"",""外資自營商賣出股數"":""0"",""外資自營商買賣超股數"":""0"",""投信買進股數"":""0"",""投信賣出股數"":""0"",""投信買賣超股數"":""0"",""自營商買賣超股數"":""-50,049"",""自營商買進股數(自行買賣)"":""0"",""自營商賣出股數(自行買賣)"":""0"",""自營商買賣超股數(自行買賣)"":""0"",""自營商買進股數(避險)"":""36,000"",""自營商賣出股數(避險)"":""86,049"",""自營商買賣超股數(避險)"":""-50,049"",""三大法人買賣超股數"":""-54,049""}"
2026-10-07,TWSE,1532,勤美            ,47042,131000,-83958,0,0,0,0,0,29001,"{""證券代號"":""1532"",""證券名稱"":""勤美            "",""外陸資買進股數(不含外資自營商)"":""47,042"",""外陸資賣出股數(不含外資自營商)"":""131,000"",""外陸資買賣超股數(不含外資自營商)"":""-83,958"",""外資自營商買進股數"":""0"",""外資自營商賣出股數"":""0"",""外資自營商買賣超股數"":""0"",""投信買進股數"":""0"",""投信賣出股數"":""0"",""投信買賣超股數"":""0"",""自營商買賣超股數"":""29,001"",""自營商買進股數(自行買賣)"":""29,001"",""自營商賣出股數(自行買賣)"":""0"",""自營商買賣超股數(自行買賣)"":""29,001"",""自營商買進股數(避險)"":""0"",""自營商賣出股數(避險)"":""0"",""自營商買賣超股數(避險)"":""0"",""三大法人買賣超股數"":""-54,957""}"
2026-10-07,TWSE,3712,永崴投控        ,44000,100000,-56000,0,0,0,0,0,0,"{""證券代號"":""3712"",""證券名稱"":""永崴投控        "",""外陸資買進股數(不含外資自營商)"":""44,000"",""外陸資賣出股數(不含外資自營商)"":""100,000"",""外陸資買賣超股數(不含外資自營商)"":""-56,000"",""外資自營商買進股數"":""0"",""外資自營商賣出股數"":""0"",""外資自營商買賣超股數"":""0"",""投信買進股數"":""0"",""投信賣出股數"":""0"",""投信買賣超股數"":""0"",""自營商買賣超股數"":""0"",""自營商買進股數(自行買賣)"":""0"",""自營商賣出股數(自行買賣)"":""0"",""自營商買賣超股數(自行買賣)"":""0"",""自營商買進股數(避險)"":""0"",""自營商賣出股數(避險)"":""0"",""自營商買賣超股數(避險)"":""0"",""三大法人買賣超股數"":""-56,000""}"
2026-10-07,TWSE,3376,新日興          ,431050,427750,3300,0,0,0,78000,73664,-60664,"{""證券代號"":""3376"",""證券名稱"":""新日興          "",""外陸資買進股數(不含外資自營商)"":""431,050"",""外陸資賣出股數(不含外資自營商)"":""427,750"",""外陸資買賣超股數(不含外資自營商)"":""3,300"",""外資自營商買進股數"":""0"",""外資自營商賣出股數"":""0"",""外資自營商買賣超股數"":""0"",""投信買進股數"":""0"",""投信賣出股數"":""0"",""投信買賣超股數"":""0"",""自營商買賣超股數"":""-60,664"",""自營商買進股數(自行買賣)"":""3,000"",""自營商賣出股數(自行買賣)"":""68,000"",""自營商買賣超股數(自行買賣)"":""-65,000"",""自營商買進股數(避險)"":""78,000"",""自營商賣出股數(避險)"":""73,664"",""自營商買賣超股數(避險)"":""4,336"",""三大法人買賣超股數"":""-57,364""}"
2026-10-07,TWSE,7740,熙特爾-創       ,114000,172000,-58000,0,0,0,10729,12058,-1369,"{""證券代號"":""7740"",""證券名稱"":""熙特爾-創       "",""外陸資買進股數(不含外資自營商)"":""114,000"",""外陸資賣出股數(不含外資自營商)"":""172,000"",""外陸資買賣超股數(不含外資自營商)"":""-58,000"",""外資自營商買進股數"":""0"",""外資自營商賣出股數"":""0"",""外資自營商買賣超股數"":""0"",""投信買進股數"":""0"",""投信賣出股數"":""0"",""投信買賣超股數"":""0"",""自營商買賣超股數"":""-1,369"",""自營商買進股數(自行買賣)"":""0"",""自營商賣出股數(自行買賣)"":""40"",""自營商買賣超股數(自行買賣)"":""-40"",""自營商買進股數(避險)"":""10,729"",""自營商賣出股數(避險)"":""12,058"",""自營商買賣超股數(避險)"":""-1,329"",""三大法人買賣超股數"":""-59,369""}"
2026-10-07,TWSE,1598,岱宇            ,14965,71000,-56035,0,0,0,0,0,-4000,"{""證券代號"":""1598"",""證券名稱"":""岱宇            "",""外陸資買進股數(不含外資自營商)"":""14,965"",""外陸資賣出股數(不含外資自營商)"":""71,000"",""外陸資買賣超股數(不含外資自營商)"":""-56,035"",""外資自營商買進股數"":""0"",""外資自營商賣出股數"":""0"",""外資自營商買賣超股數"":""0"",""投信買進股數"":""0"",""投信賣出股數"":""0"",""投信買賣超股數"":""0"",""自營商買賣超股數"":""-4,000"",""自營商買進股數(自行買賣)"":""0"",""自營商賣出股數(自行買賣)"":""4,000"",""自營商買賣超股數(自行買賣)"":""-4,000"",""自營商買進股數(避險)"":""0"",""自營商賣出股數(避險)"":""0"",""自營商買賣超股數(避險)"":""0"",""三大法人買賣超股數"":""-60,035""}"
2026-10-07,TWSE,1103,嘉泥            ,16880,77000,-60120,0,0,0,0,0,0,"{""證券代號"":""1103"",""證券名稱"":""嘉泥            "",""外陸資買進股數(不含外資自營商)"":""16,880"",""外陸資賣出股數(不含外資自營商)"":""77,000"",""外陸資買賣超股數(不含外資自營商)"":""-60,120"",""外資自營商買進股數"":""0"",""外資自營商賣出股數"":""0"",""外資自營商買賣超股數"":""0"",""投信買進股數"":""0"",""投信賣出股數"":""0"",""投信買賣超股數"":""0"",""自營商買賣超股數"":""0"",""自營商買進股數(自行買賣)"":""0"",""自營商賣出股數(自行買賣)"":""0"",""自營商買賣超股數(自行買賣)"":""0"",""自營商買進股數(避險)"":""0"",""自營商賣出股數(避險)"":""0"",""自營商買賣超股數(避險)"":""0"",""三大法人買賣超股數"":""-60,120""}"
2026-10-07,TWSE,7822,倍利科          ,50387,96007,-45620,0,0,0,0,14993,-14993,"{""證券代號"":""7822"",""證券名稱"":""倍利科          "",""外陸資買進股數(不含外資自營商)"":""50,387"",""外陸資賣出股數(不含外資自營商)"":""96,007"",""外陸資買賣超股數(不含外資自營商)"":""-45,620"",""外資自營商買進股數"":""0"",""外資自營商賣出股數"":""0"",""外資自營商買賣超股數"":""0"",""投信買進股數"":""0"",""投信賣出股數"":""0"",""投信買賣超股數"":""0"",""自營商買賣超股數"":""-14,993"",""自營商買進股數(自行買賣)"":""0"",""自營商賣出股數(自行買賣)"":""0"",""自營商買賣超股數(自行買賣)"":""0"",""自營商買進股數(避險)"":""0"",""自營商賣出股數(避險)"":""14,993"",""自營商買賣超股數(避險)"":""-14,993"",""三大法人買賣超股數"":""-60,613""}"
2026-10-07,TWSE,2706,第一店          ,0,61000,-61000,0,0,0,0,0,0,"{""證券代號"":""2706"",""證券名稱"":""第一店          "",""外陸資買進股數(不含外資自營商)"":""0"",""外陸資賣出股數(不含外資自營商)"":""61,000"",""外陸資買賣超股數(不含外資自營商)"":""-61,000"",""外資自營商買進股數"":""0"",""外資自營商賣出股數"":""0"",""外資自營商買賣超股數"":""0"",""投信買進股數"":""0"",""投信賣出股數"":""0"",""投信買賣超股數"":""0"",""自營商買賣超股數"":""0"",""自營商買進股數(自行買賣)"":""0"",""自營商賣出股數(自行買賣)"":""0"",""自營商買賣超股數(自行買賣)"":""0"",""自營商買進股數(避險)"":""0"",""自營商賣出股數(避險)"":""0"",""自營商買賣超股數(避險)"":""0"",""三大法人買賣超股數"":""-61,000""}"
2026-10-07,TWSE,5236,凌陽創新        ,6000,69000,-63000,0,0,0,0,0,0,"{""證券代號"":""5236"",""證券名稱"":""凌陽創新        "",""外陸資買進股數(不含外資自營商)"":""6,000"",""外陸資賣出股數(不含外資自營商)"":""69,000"",""外陸資買賣超股數(不含外資自營商)"":""-63,000"",""外資自營商買進股數"":""0"",""外資自營商賣出股數"":""0"",""外資自營商買賣超股數"":""0"",""投信買進股數"":""0"",""投信賣出股數"":""0"",""投信買賣超股數"":""0"",""自營商買賣超股數"":""0"",""自營商買進股數(自行買賣)"":""0"",""自營商賣出股數(自行買賣)"":""0"",""自營商買賣超股數(自行買賣)"":""0"",""自營商買進股數(避險)"":""0"",""自營商賣出股數(避險)"":""0"",""自營商買賣超股數(避險)"":""0"",""三大法人買賣超股數"":""-63,000""}"
2026-10-07,TWSE,3550,聯穎            ,143473,216537,-73064,0,0,0,0,0,9000,"{""證券代號"":""3550"",""證券名稱"":""聯穎            "",""外陸資買進股數(不含外資自營商)"":""143,473"",""外陸資賣出股數(不含外資自營商)"":""216,537"",""外陸資買賣超股數(不含外資自營商)"":""-73,064"",""外資自營商買進股數"":""0"",""外資自營商賣出股數"":""0"",""外資自營商買賣超股數"":""0"",""投信買進股數"":""0"",""投信賣出股數"":""0"",""投信買賣超股數"":""0"",""自營商買賣超股數"":""9,000"",""自營商買進股數(自行買賣)"":""9,000"",""自營商賣出股數(自行買賣)"":""0"",""自營商買賣超股數(自行買賣)"":""9,000"",""自營商買進股數(避險)"":""0"",""自營商賣出股數(避險)"":""0"",""自營商買賣超股數(避險)"":""0"",""三大法人買賣超股數"":""-64,064""}"
2026-10-07,TWSE,6589,台康生技        ,152232,218000,-65768,0,0,0,0,0,1000,"{""證券代號"":""6589"",""證券名稱"":""台康生技        "",""外陸資買進股數(不含外資自營商)"":""152,232"",""外陸資賣出股數(不含外資自營商)"":""218,000"",""外陸資買賣超股數(不含外資自營商)"":""-65,768"",""外資自營商買進股數"":""0"",""外資自營商賣出股數"":""0"",""外資自營商買賣超股數"":""0"",""投信買進股數"":""0"",""投信賣出股數"":""0"",""投信買賣超股數"":""0"",""自營商買賣超股數"":""1,000"",""自營商買進股數(自行買賣)"":""4,000"",""自營商賣出股數(自行買賣)"":""3,000"",""自營商買賣超股數(自行買賣)"":""1,000"",""自營商買進股數(避險)"":""0"",""自營商賣出股數(避險)"":""0"",""自營商買賣超股數(避險)"":""0"",""三大法人買賣超股數"":""-64,768""}"
2026-10-07,TWSE,009812,野村日本東證    ,0,8000,-8000,0,0,0,104000,161798,-57798,"{""證券代號"":""009812"",""證券名稱"":""野村日本東證    "",""外陸資買進股數(不含外資自營商)"":""0"",""外陸資賣出股數(不含外資自營商)"":""8,000"",""外陸資買賣超股數(不含外資自營商)"":""-8,000"",""外資自營商買進股數"":""0"",""外資自營商賣出股數"":""0"",""外資自營商買賣超股數"":""0"",""投信買進股數"":""0"",""投信賣出股數"":""0"",""投信買賣超股數"":""0"",""自營商買賣超股數"":""-57,798"",""自營商買進股數(自行買賣)"":""0"",""自營商賣出股數(自行買賣)"":""0"",""自營商買賣超股數(自行買賣)"":""0"",""自營商買進股數(避險)"":""104,000"",""自營商賣出股數(避險)"":""161,798"",""自營商買賣超股數(避險)"":""-57,798"",""三大法人買賣超股數"":""-65,798""}"
2026-10-07,TWSE,3592,瑞鼎            ,65000,159000,-94000,27000,699,26301,0,0,0,"{""證券代號"":""3592"",""證券名稱"":""瑞鼎            "",""外陸資買進股數(不含外資自營商)"":""65,000"",""外陸資賣出股數(不含外資自營商)"":""159,000"",""外陸資買賣超股數(不含外資自營商)"":""-94,000"",""外資自營商買進股數"":""0"",""外資自營商賣出股數"":""0"",""外資自營商買賣超股數"":""0"",""投信買進股數"":""27,000"",""投信賣出股數"":""699"",""投信買賣超股數"":""26,301"",""自營商買賣超股數"":""0"",""自營商買進股數(自行買賣)"":""0"",""自營商賣出股數(自行買賣)"":""0"",""自營商買賣超股數(自行買賣)"":""0"",""自營商買進股數(避險)"":""0"",""自營商賣出股數(避險)"":""0"",""自營商買賣超股數(避險)"":""0"",""三大法人買賣超股數"":""-67,699""}"
2026-10-07,TWSE,4195,基米-創         ,6000,38000,-32000,0,0,0,22800,20197,-37397,"{""證券代號"":""4195"",""證券名稱"":""基米-創         "",""外陸資買進股數(不含外資自營商)"":""6,000"",""外陸資賣出股數(不含外資自營商)"":""38,000"",""外陸資買賣超股數(不含外資自營商)"":""-32,000"",""外資自營商買進股數"":""0"",""外資自營商賣出股數"":""0"",""外資自營商買賣超股數"":""0"",""投信買進股數"":""0"",""投信賣出股數"":""0"",""投信買賣超股數"":""0"",""自營商買賣超股數"":""-37,397"",""自營商買進股數(自行買賣)"":""1,000"",""自營商賣出股數(自行買賣)"":""41,000"",""自營商買賣超股數(自行買賣)"":""-40,000"",""自營商買進股數(避險)"":""22,800"",""自營商賣出股數(避險)"":""20,197"",""自營商買賣超股數(避險)"":""2,603"",""三大法人買賣超股數"":""-69,397""}"
2026-10-07,TWSE,3046,建碁            ,25000,92194,-67194,0,0,0,0,0,-2503,"{""證券代號"":""3046"",""證券名稱"":""建碁            "",""外陸資買進股數(不含外資自營商)"":""25,000"",""外陸資賣出股數(不含外資自營商)"":""92,194"",""外陸資買賣超股數(不含外資自營商)"":""-67,194"",""外資自營商買進股數"":""0"",""外資自營商賣出股數"":""0"",""外資自營商買賣超股數"":""0"",""投信買進股數"":""0"",""投信賣出股數"":""0"",""投信買賣超股數"":""0"",""自營商買賣超股數"":""-2,503"",""自營商買進股數(自行買賣)"":""2,497"",""自營商賣出股數(自行買賣)"":""5,000"",""自營商買賣超股數(自行買賣)"":""-2,503"",""自營商買進股數(避險)"":""0"",""自營商賣出股數(避險)"":""0"",""自營商買賣超股數(避險)"":""0"",""三大法人買賣超股數"":""-69,697""}"
2026-10-07,TWSE,1473,台南            ,4000,74000,-70000,0,0,0,0,0,0,"{""證券代號"":""1473"",""證券名稱"":""台南            "",""外陸資買進股數(不含外資自營商)"":""4,000"",""外陸資賣出股數(不含外資自營商)"":""74,000"",""外陸資買賣超股數(不含外資自營商)"":""-70,000"",""外資自營商買進股數"":""0"",""外資自營商賣出股數"":""0"",""外資自營商買賣超股數"":""0"",""投信買進股數"":""0"",""投信賣出股數"":""0"",""投信買賣超股數"":""0"",""自營商買賣超股數"":""0"",""自營商買進股數(自行買賣)"":""0"",""自營商賣出股數(自行買賣)"":""0"",""自營商買賣超股數(自行買賣)"":""0"",""自營商買進股數(避險)"":""0"",""自營商賣出股數(避險)"":""0"",""自營商買賣超股數(避險)"":""0"",""三大法人買賣超股數"":""-70,000""}"
2026-10-07,TWSE,9958,世紀鋼          ,116033,174361,-58328,0,1000,-1000,0,11000,-12000,"{""證券代號"":""9958"",""證券名稱"":""世紀鋼          "",""外陸資買進股數(不含外資自營商)"":""116,033"",""外陸資賣出股數(不含外資自營商)"":""174,361"",""外陸資買賣超股數(不含外資自營商)"":""-58,328"",""外資自營商買進股數"":""0"",""外資自營商賣出股數"":""0"",""外資自營商買賣超股數"":""0"",""投信買進股數"":""0"",""投信賣出股數"":""1,000"",""投信買賣超股數"":""-1,000"",""自營商買賣超股數"":""-12,000"",""自營商買進股數(自行買賣)"":""0"",""自營商賣出股數(自行買賣)"":""1,000"",""自營商買賣超股數(自行買賣)"":""-1,000"",""自營商買進股數(避險)"":""0"",""自營商賣出股數(避險)"":""11,000"",""自營商買賣超股數(避險)"":""-11,000"",""三大法人買賣超股數"":""-71,328""}"
2026-10-07,TWSE,5203,訊連            ,60032,134000,-73968,0,0,0,0,0,2350,"{""證券代號"":""5203"",""證券名稱"":""訊連            "",""外陸資買進股數(不含外資自營商)"":""60,032"",""外陸資賣出股數(不含外資自營商)"":""134,000"",""外陸資買賣超股數(不含外資自營商)"":""-73,968"",""外資自營商買進股數"":""0"",""外資自營商賣出股數"":""0"",""外資自營商買賣超股數"":""0"",""投信買進股數"":""0"",""投信賣出股數"":""0"",""投信買賣超股數"":""0"",""自營商買賣超股數"":""2,350"",""自營商買進股數(自行買賣)"":""3,350"",""自營商賣出股數(自行買賣)"":""1,000"",""自營商買賣超股數(自行買賣)"":""2,350"",""自營商買進股數(避險)"":""0"",""自營商賣出股數(避險)"":""0"",""自營商買賣超股數(避險)"":""0"",""三大法人買賣超股數"":""-71,618""}"
2026-10-07,TWSE,3054,立萬利          ,15000,89000,-74000,0,0,0,0,0,0,"{""證券代號"":""3054"",""證券名稱"":""立萬利          "",""外陸資買進股數(不含外資自營商)"":""15,000"",""外陸資賣出股數(不含外資自營商)"":""89,000"",""外陸資買賣超股數(不含外資自營商)"":""-74,000"",""外資自營商買進股數"":""0"",""外資自營商賣出股數"":""0"",""外資自營商買賣超股數"":""0"",""投信買進股數"":""0"",""投信賣出股數"":""0"",""投信買賣超股數"":""0"",""自營商買賣超股數"":""0"",""自營商買進股數(自行買賣)"":""1,000"",""自營商賣出股數(自行買賣)"":""1,000"",""自營商買賣超股數(自行買賣)"":""0"",""自營商買進股數(避險)"":""0"",""自營商賣出股數(避險)"":""0"",""自營商買賣超股數(避險)"":""0"",""三大法人買賣超股數"":""-74,000""}"
2026-10-07,TWSE,9955,佳龍            ,19000,95000,-76000,0,0,0,0,0,0,"{""證券代號"":""9955"",""證券名稱"":""佳龍            "",""外陸資買進股數(不含外資自營商)"":""19,000"",""外陸資賣出股數(不含外資自營商)"":""95,000"",""外陸資買賣超股數(不含外資自營商)"":""-76,000"",""外資自營商買進股數"":""0"",""外資自營商賣出股數"":""0"",""外資自營商買賣超股數"":""0"",""投信買進股數"":""0"",""投信賣出股數"":""0"",""投信買賣超股數"":""0"",""自營商買賣超股數"":""0"",""自營商買進股數(自行買賣)"":""0"",""自營商賣出股數(自行買賣)"":""0"",""自營商買賣超股數(自行買賣)"":""0"",""自營商買進股數(避險)"":""0"",""自營商賣出股數(避險)"":""0"",""自營商買賣超股數(避險)"":""0"",""三大法人買賣超股數"":""-76,000""}"
2026-10-07,TWSE,00663L,國泰臺灣加權正2 ,227000,190000,37000,0,0,0,842029,955222,-113193,"{""證券代號"":""00663L"",""證券名稱"":""國泰臺灣加權正2 "",""外陸資買進股數(不含外資自營商)"":""227,000"",""外陸資賣出股數(不含外資自營商)"":""190,000"",""外陸資買賣超股數(不含外資自營商)"":""37,000"",""外資自營商買進股數"":""0"",""外資自營商賣出股數"":""0"",""外資自營商買賣超股數"":""0"",""投信買進股數"":""0"",""投信賣出股數"":""0"",""投信買賣超股數"":""0"",""自營商買賣超股數"":""-113,193"",""自營商買進股數(自行買賣)"":""0"",""自營商賣出股數(自行買賣)"":""0"",""自營商買賣超股數(自行買賣)"":""0"",""自營商買進股數(避險)"":""842,029"",""自營商賣出股數(避險)"":""955,222"",""自營商買賣超股數(避險)"":""-113,193"",""三大法人買賣超股數"":""-76,193""}"
2026-10-07,TWSE,5222,全訊            ,43020,120648,-77628,0,1000,-1000,14000,13920,80,"{""證券代號"":""5222"",""證券名稱"":""全訊            "",""外陸資買進股數(不含外資自營商)"":""43,020"",""外陸資賣出股數(不含外資自營商)"":""120,648"",""外陸資買賣超股數(不含外資自營商)"":""-77,628"",""外資自營商買進股數"":""0"",""外資自營商賣出股數"":""0"",""外資自營商買賣超股數"":""0"",""投信買進股數"":""0"",""投信賣出股數"":""1,000"",""投信買賣超股數"":""-1,000"",""自營商買賣超股數"":""80"",""自營商買進股數(自行買賣)"":""0"",""自營商賣出股數(自行買賣)"":""0"",""自營商買賣超股數(自行買賣)"":""0"",""自營商買進股數(避險)"":""14,000"",""自營商賣出股數(避險)"":""13,920"",""自營商買賣超股數(避險)"":""80"",""三大法人買賣超股數"":""-78,548""}"
2026-10-07,TWSE,3591,艾笛森          ,182057,259055,-76998,0,0,0,0,0,-3000,"{""證券代號"":""3591"",""證券名稱"":""艾笛森          "",""外陸資買進股數(不含外資自營商)"":""182,057"",""外陸資賣出股數(不含外資自營商)"":""259,055"",""外陸資買賣超股數(不含外資自營商)"":""-76,998"",""外資自營商買進股數"":""0"",""外資自營商賣出股數"":""0"",""外資自營商買賣超股數"":""0"",""投信買進股數"":""0"",""投信賣出股數"":""0"",""投信買賣超股數"":""0"",""自營商買賣超股數"":""-3,000"",""自營商買進股數(自行買賣)"":""0"",""自營商賣出股數(自行買賣)"":""3,000"",""自營商買賣超股數(自行買賣)"":""-3,000"",""自營商買進股數(避險)"":""0"",""自營商賣出股數(避險)"":""0"",""自營商買賣超股數(避險)"":""0"",""三大法人買賣超股數"":""-79,998""}"
2026-10-07,TWSE,2505,國揚            ,16000,30000,-14000,0,0,0,0,0,-66000,"{""證券代號"":""2505"",""證券名稱"":""國揚            "",""外陸資買進股數(不含外資自營商)"":""16,000"",""外陸資賣出股數(不含外資自營商)"":""30,000"",""外陸資買賣超股數(不含外資自營商)"":""-14,000"",""外資自營商買進股數"":""0"",""外資自營商賣出股數"":""0"",""外資自營商買賣超股數"":""0"",""投信買進股數"":""0"",""投信賣出股數"":""0"",""投信買賣超股數"":""0"",""自營商買賣超股數"":""-66,000"",""自營商買進股數(自行買賣)"":""0"",""自營商賣出股數(自行買賣)"":""66,000"",""自營商買賣超股數(自行買賣)"":""-66,000"",""自營商買進股數(避險)"":""0"",""自營商賣出股數(避險)"":""0"",""自營商買賣超股數(避險)"":""0"",""三大法人買賣超股數"":""-80,000""}"
2026-10-07,TWSE,2617,台航            ,389300,473000,-83700,0,0,0,0,1,2999,"{""證券代號"":""2617"",""證券名稱"":""台航            "",""外陸資買進股數(不含外資自營商)"":""389,300"",""外陸資賣出股數(不含外資自營商)"":""473,000"",""外陸資買賣超股數(不含外資自營商)"":""-83,700"",""外資自營商買進股數"":""0"",""外資自營商賣出股數"":""0"",""外資自營商買賣超股數"":""0"",""投信買進股數"":""0"",""投信賣出股數"":""0"",""投信買賣超股數"":""0"",""自營商買賣超股數"":""2,999"",""自營商買進股數(自行買賣)"":""3,000"",""自營商賣出股數(自行買賣)"":""0"",""自營商買賣超股數(自行買賣)"":""3,000"",""自營商買進股數(避險)"":""0"",""自營商賣出股數(避險)"":""1"",""自營商買賣超股數(避險)"":""-1"",""三大法人買賣超股數"":""-80,701""}"
2026-10-07,TWSE,3576,聯合再生        ,1753467,1851145,-97678,0,0,0,0,0,16000,"{""證券代號"":""3576"",""證券名稱"":""聯合再生        "",""外陸資買進股數(不含外資自營商)"":""1,753,467"",""外陸資賣出股數(不含外資自營商)"":""1,851,145"",""外陸資買賣超股數(不含外資自營商)"":""-97,678"",""外資自營商買進股數"":""0"",""外資自營商賣出股數"":""0"",""外資自營商買賣超股數"":""0"",""投信買進股數"":""0"",""投信賣出股數"":""0"",""投信買賣超股數"":""0"",""自營商買賣超股數"":""16,000"",""自營商買進股數(自行買賣)"":""16,000"",""自營商賣出股數(自行買賣)"":""0"",""自營商買賣超股數(自行買賣)"":""16,000"",""自營商買進股數(避險)"":""0"",""自營商賣出股數(避險)"":""0"",""自營商買賣超股數(避險)"":""0"",""三大法人買賣超股數"":""-81,678""}"
2026-10-07,TWSE,6715,嘉基            ,729949,1015316,-285367,200000,0,200000,47338,45988,1958,"{""證券代號"":""6715"",""證券名稱"":""嘉基            "",""外陸資買進股數(不含外資自營商)"":""729,949"",""外陸資賣出股數(不含外資自營商)"":""1,015,316"",""外陸資買賣超股數(不含外資自營商)"":""-285,367"",""外資自營商買進股數"":""0"",""外資自營商賣出股數"":""0"",""外資自營商買賣超股數"":""0"",""投信買進股數"":""200,000"",""投信賣出股數"":""0"",""投信買賣超股數"":""200,000"",""自營商買賣超股數"":""1,958"",""自營商買進股數(自行買賣)"":""10,000"",""自營商賣出股數(自行買賣)"":""9,392"",""自營商買賣超股數(自行買賣)"":""608"",""自營商買進股數(避險)"":""47,338"",""自營商賣出股數(避險)"":""45,988"",""自營商買賣超股數(避險)"":""1,350"",""三大法人買賣超股數"":""-83,409""}"
2026-10-07,TWSE,009804,聯邦台精彩50    ,29000,120000,-91000,0,0,0,66000,40485,7515,"{""證券代號"":""009804"",""證券名稱"":""聯邦台精彩50    "",""外陸資買進股數(不含外資自營商)"":""29,000"",""外陸資賣出股數(不含外資自營商)"":""120,000"",""外陸資買賣超股數(不含外資自營商)"":""-91,000"",""外資自營商買進股數"":""0"",""外資自營商賣出股數"":""0"",""外資自營商買賣超股數"":""0"",""投信買進股數"":""0"",""投信賣出股數"":""0"",""投信買賣超股數"":""0"",""自營商買賣超股數"":""7,515"",""自營商買進股數(自行買賣)"":""0"",""自營商賣出股數(自行買賣)"":""18,000"",""自營商買賣超股數(自行買賣)"":""-18,000"",""自營商買進股數(避險)"":""66,000"",""自營商賣出股數(避險)"":""40,485"",""自營商買賣超股數(避險)"":""25,515"",""三大法人買賣超股數"":""-83,485""}"
2026-10-07,TWSE,4952,凌通            ,50000,128000,-78000,0,0,0,0,0,-6000,"{""證券代號"":""4952"",""證券名稱"":""凌通            "",""外陸資買進股數(不含外資自營商)"":""50,000"",""外陸資賣出股數(不含外資自營商)"":""128,000"",""外陸資買賣超股數(不含外資自營商)"":""-78,000"",""外資自營商買進股數"":""0"",""外資自營商賣出股數"":""0"",""外資自營商買賣超股數"":""0"",""投信買進股數"":""0"",""投信賣出股數"":""0"",""投信買賣超股數"":""0"",""自營商買賣超股數"":""-6,000"",""自營商買進股數(自行買賣)"":""2,000"",""自營商賣出股數(自行買賣)"":""8,000"",""自營商買賣超股數(自行買賣)"":""-6,000"",""自營商買進股數(避險)"":""0"",""自營商賣出股數(避險)"":""0"",""自營商買賣超股數(避險)"":""0"",""三大法人買賣超股數"":""-84,000""}"
2026-10-07,TWSE,8114,振樺電          ,62186,149000,-86814,0,0,0,0,0,-101,"{""證券代號"":""8114"",""證券名稱"":""振樺電          "",""外陸資買進股數(不含外資自營商)"":""62,186"",""外陸資賣出股數(不含外資自營商)"":""149,000"",""外陸資買賣超股數(不含外資自營商)"":""-86,814"",""外資自營商買進股數"":""0"",""外資自營商賣出股數"":""0"",""外資自營商買賣超股數"":""0"",""投信買進股數"":""0"",""投信賣出股數"":""0"",""投信買賣超股數"":""0"",""自營商買賣超股數"":""-101"",""自營商買進股數(自行買賣)"":""0"",""自營商賣出股數(自行買賣)"":""101"",""自營商買賣超股數(自行買賣)"":""-101"",""自營商買進股數(避險)"":""0"",""自營商賣出股數(避險)"":""0"",""自營商買賣超股數(避險)"":""0"",""三大法人買賣超股數"":""-86,915""}"
2026-10-07,TWSE,2338,光罩            ,513860,604377,-90517,0,0,0,2907,842,2936,"{""證券代號"":""2338"",""證券名稱"":""光罩            "",""外陸資買進股數(不含外資自營商)"":""513,860"",""外陸資賣出股數(不含外資自營商)"":""604,377"",""外陸資買賣超股數(不含外資自營商)"":""-90,517"",""外資自營商買進股數"":""0"",""外資自營商賣出股數"":""0"",""外資自營商買賣超股數"":""0"",""投信買進股數"":""0"",""投信賣出股數"":""0"",""投信買賣超股數"":""0"",""自營商買賣超股數"":""2,936"",""自營商買進股數(自行買賣)"":""3,000"",""自營商賣出股數(自行買賣)"":""2,129"",""自營商買賣超股數(自行買賣)"":""871"",""自營商買進股數(避險)"":""2,907"",""自營商賣出股數(避險)"":""842"",""自營商買賣超股數(避險)"":""2,065"",""三大法人買賣超股數"":""-87,581""}"
2026-10-07,TWSE,3044,健鼎            ,1080178,1250464,-170286,109000,14000,95000,37238,46052,-12809,"{""證券代號"":""3044"",""證券名稱"":""健鼎            "",""外陸資買進股數(不含外資自營商)"":""1,080,178"",""外陸資賣出股數(不含外資自營商)"":""1,250,464"",""外陸資買賣超股數(不含外資自營商)"":""-170,286"",""外資自營商買進股數"":""0"",""外資自營商賣出股數"":""0"",""外資自營商買賣超股數"":""0"",""投信買進股數"":""109,000"",""投信賣出股數"":""14,000"",""投信買賣超股數"":""95,000"",""自營商買賣超股數"":""-12,809"",""自營商買進股數(自行買賣)"":""3,005"",""自營商賣出股數(自行買賣)"":""7,000"",""自營商買賣超股數(自行買賣)"":""-3,995"",""自營商買進股數(避險)"":""37,238"",""自營商賣出股數(避險)"":""46,052"",""自營商買賣超股數(避險)"":""-8,814"",""三大法人買賣超股數"":""-88,095""}"
2026-10-07,TWSE,6805,富世達          ,375713,483372,-107659,46000,36000,10000,15535,6043,9492,"{""證券代號"":""6805"",""證券名稱"":""富世達          "",""外陸資買進股數(不含外資自營商)"":""375,713"",""外陸資賣出股數(不含外資自營商)"":""483,372"",""外陸資買賣超股數(不含外資自營商)"":""-107,659"",""外資自營商買進股數"":""0"",""外資自營商賣出股數"":""0"",""外資自營商買賣超股數"":""0"",""投信買進股數"":""46,000"",""投信賣出股數"":""36,000"",""投信買賣超股數"":""10,000"",""自營商買賣超股數"":""9,492"",""自營商買進股數(自行買賣)"":""5,000"",""自營商賣出股數(自行買賣)"":""5,000"",""自營商買賣超股數(自行買賣)"":""0"",""自營商買進股數(避險)"":""15,535"",""自營商賣出股數(避險)"":""6,043"",""自營商買賣超股數(避險)"":""9,492"",""三大法人買賣超股數"":""-88,167""}"
2026-10-07,TWSE,3563,牧德            ,200804,262005,-61201,0,9000,-9000,28956,45547,-18576,"{""證券代號"":""3563"",""證券名稱"":""牧德            "",""外陸資買進股數(不含外資自營商)"":""200,804"",""外陸資賣出股數(不含外資自營商)"":""262,005"",""外陸資買賣超股數(不含外資自營商)"":""-61,201"",""外資自營商買進股數"":""0"",""外資自營商賣出股數"":""0"",""外資自營商買賣超股數"":""0"",""投信買進股數"":""0"",""投信賣出股數"":""9,000"",""投信買賣超股數"":""-9,000"",""自營商買賣超股數"":""-18,576"",""自營商買進股數(自行買賣)"":""14,015"",""自營商賣出股數(自行買賣)"":""16,000"",""自營商買賣超股數(自行買賣)"":""-1,985"",""自營商買進股數(避險)"":""28,956"",""自營商賣出股數(避險)"":""45,547"",""自營商買賣超股數(避險)"":""-16,591"",""三大法人買賣超股數"":""-88,777""}"
2026-10-07,TWSE,6585,鼎基            ,41036,133000,-91964,0,0,0,0,0,0,"{""證券代號"":""6585"",""證券名稱"":""鼎基            "",""外陸資買進股數(不含外資自營商)"":""41,036"",""外陸資賣出股數(不含外資自營商)"":""133,000"",""外陸資買賣超股數(不含外資自營商)"":""-91,964"",""外資自營商買進股數"":""0"",""外資自營商賣出股數"":""0"",""外資自營商買賣超股數"":""0"",""投信買進股數"":""0"",""投信賣出股數"":""0"",""投信買賣超股數"":""0"",""自營商買賣超股數"":""0"",""自營商買進股數(自行買賣)"":""0"",""自營商賣出股數(自行買賣)"":""0"",""自營商買賣超股數(自行買賣)"":""0"",""自營商買進股數(避險)"":""0"",""自營商賣出股數(避險)"":""0"",""自營商買賣超股數(避險)"":""0"",""三大法人買賣超股數"":""-91,964""}"
2026-10-07,TWSE,6890,來億-KY         ,133407,241000,-107593,0,0,0,9194,6359,14835,"{""證券代號"":""6890"",""證券名稱"":""來億-KY         "",""外陸資買進股數(不含外資自營商)"":""133,407"",""外陸資賣出股數(不含外資自營商)"":""241,000"",""外陸資買賣超股數(不含外資自營商)"":""-107,593"",""外資自營商買進股數"":""0"",""外資自營商賣出股數"":""0"",""外資自營商買賣超股數"":""0"",""投信買進股數"":""0"",""投信賣出股數"":""0"",""投信買賣超股數"":""0"",""自營商買賣超股數"":""14,835"",""自營商買進股數(自行買賣)"":""13,000"",""自營商賣出股數(自行買賣)"":""1,000"",""自營商買賣超股數(自行買賣)"":""12,000"",""自營商買進股數(避險)"":""9,194"",""自營商賣出股數(避險)"":""6,359"",""自營商買賣超股數(避險)"":""2,835"",""三大法人買賣超股數"":""-92,758""}"
2026-10-07,TWSE,2633,台灣高鐵        ,1170000,771007,398993,68000,558000,-490000,7000,9000,-2000,"{""證券代號"":""2633"",""證券名稱"":""台灣高鐵        "",""外陸資買進股數(不含外資自營商)"":""1,170,000"",""外陸資賣出股數(不含外資自營商)"":""771,007"",""外陸資買賣超股數(不含外資自營商)"":""398,993"",""外資自營商買進股數"":""0"",""外資自營商賣出股數"":""0"",""外資自營商買賣超股數"":""0"",""投信買進股數"":""68,000"",""投信賣出股數"":""558,000"",""投信買賣超股數"":""-490,000"",""自營商買賣超股數"":""-2,000"",""自營商買進股數(自行買賣)"":""0"",""自營商賣出股數(自行買賣)"":""0"",""自營商買賣超股數(自行買賣)"":""0"",""自營商買進股數(避險)"":""7,000"",""自營商賣出股數(避險)"":""9,000"",""自營商買賣超股數(避險)"":""-2,000"",""三大法人買賣超股數"":""-93,007""}"
2026-10-07,TWSE,8011,台通            ,238692,329000,-90308,0,0,0,0,0,-3000,"{""證券代號"":""8011"",""證券名稱"":""台通            "",""外陸資買進股數(不含外資自營商)"":""238,692"",""外陸資賣出股數(不含外資自營商)"":""329,000"",""外陸資買賣超股數(不含外資自營商)"":""-90,308"",""外資自營商買進股數"":""0"",""外資自營商賣出股數"":""0"",""外資自營商買賣超股數"":""0"",""投信買進股數"":""0"",""投信賣出股數"":""0"",""投信買賣超股數"":""0"",""自營商買賣超股數"":""-3,000"",""自營商買進股數(自行買賣)"":""0"",""自營商賣出股數(自行買賣)"":""3,000"",""自營商買賣超股數(自行買賣)"":""-3,000"",""自營商買進股數(避險)"":""0"",""自營商賣出股數(避險)"":""0"",""自營商買賣超股數(避險)"":""0"",""三大法人買賣超股數"":""-93,308""}"
2026-10-07,TWSE,3653,健策            ,463507,400711,62796,20000,179121,-159121,37934,38898,2756,"{""證券代號"":""3653"",""證券名稱"":""健策            "",""外陸資買進股數(不含外資自營商)"":""463,507"",""外陸資賣出股數(不含外資自營商)"":""400,711"",""外陸資買賣超股數(不含外資自營商)"":""62,796"",""外資自營商買進股數"":""0"",""外資自營商賣出股數"":""0"",""外資自營商買賣超股數"":""0"",""投信買進股數"":""20,000"",""投信賣出股數"":""179,121"",""投信買賣超股數"":""-159,121"",""自營商買賣超股數"":""2,756"",""自營商買進股數(自行買賣)"":""21,602"",""自營商賣出股數(自行買賣)"":""17,882"",""自營商買賣超股數(自行買賣)"":""3,720"",""自營商買進股數(避險)"":""37,934"",""自營商賣出股數(避險)"":""38,898"",""自營商買賣超股數(避險)"":""-964"",""三大法人買賣超股數"":""-93,569""}"
2026-10-07,TWSE,2511,太子            ,91000,189970,-98970,0,0,0,0,0,0,"{""證券代號"":""2511"",""證券名稱"":""太子            "",""外陸資買進股數(不含外資自營商)"":""91,000"",""外陸資賣出股數(不含外資自營商)"":""189,970"",""外陸資買賣超股數(不含外資自營商)"":""-98,970"",""外資自營商買進股數"":""0"",""外資自營商賣出股數"":""0"",""外資自營商買賣超股數"":""0"",""投信買進股數"":""0"",""投信賣出股數"":""0"",""投信買賣超股數"":""0"",""自營商買賣超股數"":""0"",""自營商買進股數(自行買賣)"":""0"",""自營商賣出股數(自行買賣)"":""0"",""自營商買賣超股數(自行買賣)"":""0"",""自營商買進股數(避險)"":""0"",""自營商賣出股數(避險)"":""0"",""自營商買賣超股數(避險)"":""0"",""三大法人買賣超股數"":""-98,970""}"
2026-10-07,TWSE,6994,富威電力        ,223000,322000,-99000,0,0,0,0,0,0,"{""證券代號"":""6994"",""證券名稱"":""富威電力        "",""外陸資買進股數(不含外資自營商)"":""223,000"",""外陸資賣出股數(不含外資自營商)"":""322,000"",""外陸資買賣超股數(不含外資自營商)"":""-99,000"",""外資自營商買進股數"":""0"",""外資自營商賣出股數"":""0"",""外資自營商買賣超股數"":""0"",""投信買進股數"":""0"",""投信賣出股數"":""0"",""投信買賣超股數"":""0"",""自營商買賣超股數"":""0"",""自營商買進股數(自行買賣)"":""0"",""自營商賣出股數(自行買賣)"":""0"",""自營商買賣超股數(自行買賣)"":""0"",""自營商買進股數(避險)"":""0"",""自營商賣出股數(避險)"":""0"",""自營商買賣超股數(避險)"":""0"",""三大法人買賣超股數"":""-99,000""}"
2026-10-07,TWSE,2415,錩新            ,279878,380777,-100899,0,0,0,0,0,-24,"{""證券代號"":""2415"",""證券名稱"":""錩新            "",""外陸資買進股數(不含外資自營商)"":""279,878"",""外陸資賣出股數(不含外資自營商)"":""380,777"",""外陸資買賣超股數(不含外資自營商)"":""-100,899"",""外資自營商買進股數"":""0"",""外資自營商賣出股數"":""0"",""外資自營商買賣超股數"":""0"",""投信買進股數"":""0"",""投信賣出股數"":""0"",""投信買賣超股數"":""0"",""自營商買賣超股數"":""-24"",""自營商買進股數(自行買賣)"":""195"",""自營商賣出股數(自行買賣)"":""219"",""自營商買賣超股數(自行買賣)"":""-24"",""自營商買進股數(避險)"":""0"",""自營商賣出股數(避險)"":""0"",""自營商買賣超股數(避險)"":""0"",""三大法人買賣超股數"":""-100,923""}"
2026-10-07,TWSE,6695,芯鼎            ,74586,178000,-103414,0,0,0,0,1,-1,"{""證券代號"":""6695"",""證券名稱"":""芯鼎            "",""外陸資買進股數(不含外資自營商)"":""74,586"",""外陸資賣出股數(不含外資自營商)"":""178,000"",""外陸資買賣超股數(不含外資自營商)"":""-103,414"",""外資自營商買進股數"":""0"",""外資自營商賣出股數"":""0"",""外資自營商買賣超股數"":""0"",""投信買進股數"":""0"",""投信賣出股數"":""0"",""投信買賣超股數"":""0"",""自營商買賣超股數"":""-1"",""自營商買進股數(自行買賣)"":""0"",""自營商賣出股數(自行買賣)"":""0"",""自營商買賣超股數(自行買賣)"":""0"",""自營商買進股數(避險)"":""0"",""自營商賣出股數(避險)"":""1"",""自營商買賣超股數(避險)"":""-1"",""三大法人買賣超股數"":""-103,415""}"
2026-10-07,TWSE,3033,威健            ,557636,662000,-104364,0,5689,-5689,1111,7476,4635,"{""證券代號"":""3033"",""證券名稱"":""威健            "",""外陸資買進股數(不含外資自營商)"":""557,636"",""外陸資賣出股數(不含外資自營商)"":""662,000"",""外陸資買賣超股數(不含外資自營商)"":""-104,364"",""外資自營商買進股數"":""0"",""外資自營商賣出股數"":""0"",""外資自營商買賣超股數"":""0"",""投信買進股數"":""0"",""投信賣出股數"":""5,689"",""投信買賣超股數"":""-5,689"",""自營商買賣超股數"":""4,635"",""自營商買進股數(自行買賣)"":""11,000"",""自營商賣出股數(自行買賣)"":""0"",""自營商買賣超股數(自行買賣)"":""11,000"",""自營商買進股數(避險)"":""1,111"",""自營商賣出股數(避險)"":""7,476"",""自營商買賣超股數(避險)"":""-6,365"",""三大法人買賣超股數"":""-105,418""}"
2026-10-07,TWSE,4540,全球傳動        ,111000,219000,-108000,0,0,0,0,0,587,"{""證券代號"":""4540"",""證券名稱"":""全球傳動        "",""外陸資買進股數(不含外資自營商)"":""111,000"",""外陸資賣出股數(不含外資自營商)"":""219,000"",""外陸資買賣超股數(不含外資自營商)"":""-108,000"",""外資自營商買進股數"":""0"",""外資自營商賣出股數"":""0"",""外資自營商買賣超股數"":""0"",""投信買進股數"":""0"",""投信賣出股數"":""0"",""投信買賣超股數"":""0"",""自營商買賣超股數"":""587"",""自營商買進股數(自行買賣)"":""5,000"",""自營商賣出股數(自行買賣)"":""4,413"",""自營商買賣超股數(自行買賣)"":""587"",""自營商買進股數(避險)"":""0"",""自營商賣出股數(避險)"":""0"",""自營商買賣超股數(避險)"":""0"",""三大法人買賣超股數"":""-107,413""}"
2026-10-07,TWSE,6416,瑞祺電通        ,152112,247000,-94888,0,0,0,0,0,-13533,"{""證券代號"":""6416"",""證券名稱"":""瑞祺電通        "",""外陸資買進股數(不含外資自營商)"":""152,112"",""外陸資賣出股數(不含外資自營商)"":""247,000"",""外陸資買賣超股數(不含外資自營商)"":""-94,888"",""外資自營商買進股數"":""0"",""外資自營商賣出股數"":""0"",""外資自營商買賣超股數"":""0"",""投信買進股數"":""0"",""投信賣出股數"":""0"",""投信買賣超股數"":""0"",""自營商買賣超股數"":""-13,533"",""自營商買進股數(自行買賣)"":""1,000"",""自營商賣出股數(自行買賣)"":""14,533"",""自營商買賣超股數(自行買賣)"":""-13,533"",""自營商買進股數(避險)"":""0"",""自營商賣出股數(避險)"":""0"",""自營商買賣超股數(避險)"":""0"",""三大法人買賣超股數"":""-108,421""}"
2026-10-07,TWSE,2528,皇普            ,43000,26000,17000,0,5129,-5129,0,0,-121000,"{""證券代號"":""2528"",""證券名稱"":""皇普            "",""外陸資買進股數(不含外資自營商)"":""43,000"",""外陸資賣出股數(不含外資自營商)"":""26,000"",""外陸資買賣超股數(不含外資自營商)"":""17,000"",""外資自營商買進股數"":""0"",""外資自營商賣出股數"":""0"",""外資自營商買賣超股數"":""0"",""投信買進股數"":""0"",""投信賣出股數"":""5,129"",""投信買賣超股數"":""-5,129"",""自營商買賣超股數"":""-121,000"",""自營商買進股數(自行買賣)"":""0"",""自營商賣出股數(自行買賣)"":""121,000"",""自營商買賣超股數(自行買賣)"":""-121,000"",""自營商買進股數(避險)"":""0"",""自營商賣出股數(避險)"":""0"",""自營商買賣超股數(避險)"":""0"",""三大法人買賣超股數"":""-109,129""}"
2026-10-07,TWSE,2351,順德            ,1004000,1035322,-31322,0,0,0,35490,25559,-79069,"{""證券代號"":""2351"",""證券名稱"":""順德            "",""外陸資買進股數(不含外資自營商)"":""1,004,000"",""外陸資賣出股數(不含外資自營商)"":""1,035,322"",""外陸資買賣超股數(不含外資自營商)"":""-31,322"",""外資自營商買進股數"":""0"",""外資自營商賣出股數"":""0"",""外資自營商買賣超股數"":""0"",""投信買進股數"":""0"",""投信賣出股數"":""0"",""投信買賣超股數"":""0"",""自營商買賣超股數"":""-79,069"",""自營商買進股數(自行買賣)"":""12,000"",""自營商賣出股數(自行買賣)"":""101,000"",""自營商買賣超股數(自行買賣)"":""-89,000"",""自營商買進股數(避險)"":""35,490"",""自營商賣出股數(避險)"":""25,559"",""自營商買賣超股數(避險)"":""9,931"",""三大法人買賣超股數"":""-110,391""}"
2026-10-07,TWSE,2612,中航            ,61020,170000,-108980,0,0,0,1,2,-2001,"{""證券代號"":""2612"",""證券名稱"":""中航            "",""外陸資買進股數(不含外資自營商)"":""61,020"",""外陸資賣出股數(不含外資自營商)"":""170,000"",""外陸資買賣超股數(不含外資自營商)"":""-108,980"",""外資自營商買進股數"":""0"",""外資自營商賣出股數"":""0"",""外資自營商買賣超股數"":""0"",""投信買進股數"":""0"",""投信賣出股數"":""0"",""投信買賣超股數"":""0"",""自營商買賣超股數"":""-2,001"",""自營商買進股數(自行買賣)"":""0"",""自營商賣出股數(自行買賣)"":""2,000"",""自營商買賣超股數(自行買賣)"":""-2,000"",""自營商買進股數(避險)"":""1"",""自營商賣出股數(避險)"":""2"",""自營商買賣超股數(避險)"":""-1"",""三大法人買賣超股數"":""-110,981""}"
2026-10-07,TWSE,7827,漢康-KY創       ,42213,160206,-117993,0,0,0,22256,20000,4256,"{""證券代號"":""7827"",""證券名稱"":""漢康-KY創       "",""外陸資買進股數(不含外資自營商)"":""42,213"",""外陸資賣出股數(不含外資自營商)"":""160,206"",""外陸資買賣超股數(不含外資自營商)"":""-117,993"",""外資自營商買進股數"":""0"",""外資自營商賣出股數"":""0"",""外資自營商買賣超股數"":""0"",""投信買進股數"":""0"",""投信賣出股數"":""0"",""投信買賣超股數"":""0"",""自營商買賣超股數"":""4,256"",""自營商買進股數(自行買賣)"":""2,000"",""自營商賣出股數(自行買賣)"":""0"",""自營商買賣超股數(自行買賣)"":""2,000"",""自營商買進股數(避險)"":""22,256"",""自營商賣出股數(避險)"":""20,000"",""自營商買賣超股數(避險)"":""2,256"",""三大法人買賣超股數"":""-113,737""}"
2026-10-07,TWSE,4164,承業醫          ,231210,338799,-107589,0,0,0,0,0,-7000,"{""證券代號"":""4164"",""證券名稱"":""承業醫          "",""外陸資買進股數(不含外資自營商)"":""231,210"",""外陸資賣出股數(不含外資自營商)"":""338,799"",""外陸資買賣超股數(不含外資自營商)"":""-107,589"",""外資自營商買進股數"":""0"",""外資自營商賣出股數"":""0"",""外資自營商買賣超股數"":""0"",""投信買進股數"":""0"",""投信賣出股數"":""0"",""投信買賣超股數"":""0"",""自營商買賣超股數"":""-7,000"",""自營商買進股數(自行買賣)"":""0"",""自營商賣出股數(自行買賣)"":""7,000"",""自營商買賣超股數(自行買賣)"":""-7,000"",""自營商買進股數(避險)"":""0"",""自營商賣出股數(避險)"":""0"",""自營商買賣超股數(避險)"":""0"",""三大法人買賣超股數"":""-114,589""}"
2026-10-07,TWSE,3518,柏騰            ,239000,371999,-132999,0,0,0,0,0,14722,"{""證券代號"":""3518"",""證券名稱"":""柏騰            "",""外陸資買進股數(不含外資自營商)"":""239,000"",""外陸資賣出股數(不含外資自營商)"":""371,999"",""外陸資買賣超股數(不含外資自營商)"":""-132,999"",""外資自營商買進股數"":""0"",""外資自營商賣出股數"":""0"",""外資自營商買賣超股數"":""0"",""投信買進股數"":""0"",""投信賣出股數"":""0"",""投信買賣超股數"":""0"",""自營商買賣超股數"":""14,722"",""自營商買進股數(自行買賣)"":""15,000"",""自營商賣出股數(自行買賣)"":""278"",""自營商買賣超股數(自行買賣)"":""14,722"",""自營商買進股數(避險)"":""0"",""自營商賣出股數(避險)"":""0"",""自營商買賣超股數(避險)"":""0"",""三大法人買賣超股數"":""-118,277""}"
2026-10-07,TWSE,2020,美亞            ,388740,504450,-115710,0,0,0,0,0,-6000,"{""證券代號"":""2020"",""證券名稱"":""美亞            "",""外陸資買進股數(不含外資自營商)"":""388,740"",""外陸資賣出股數(不含外資自營商)"":""504,450"",""外陸資買賣超股數(不含外資自營商)"":""-115,710"",""外資自營商買進股數"":""0"",""外資自營商賣出股數"":""0"",""外資自營商買賣超股數"":""0"",""投信買進股數"":""0"",""投信賣出股數"":""0"",""投信買賣超股數"":""0"",""自營商買賣超股數"":""-6,000"",""自營商買進股數(自行買賣)"":""0"",""自營商賣出股數(自行買賣)"":""6,000"",""自營商買賣超股數(自行買賣)"":""-6,000"",""自營商買進股數(避險)"":""0"",""自營商賣出股數(避險)"":""0"",""自營商買賣超股數(避險)"":""0"",""三大法人買賣超股數"":""-121,710""}"
2026-10-07,TWSE,00708L,期元大S&P黃金正2,44200,11000,33200,0,0,0,774439,929761,-155322,"{""證券代號"":""00708L"",""證券名稱"":""期元大S&P黃金正2"",""外陸資買進股數(不含外資自營商)"":""44,200"",""外陸資賣出股數(不含外資自營商)"":""11,000"",""外陸資買賣超股數(不含外資自營商)"":""33,200"",""外資自營商買進股數"":""0"",""外資自營商賣出股數"":""0"",""外資自營商買賣超股數"":""0"",""投信買進股數"":""0"",""投信賣出股數"":""0"",""投信買賣超股數"":""0"",""自營商買賣超股數"":""-155,322"",""自營商買進股數(自行買賣)"":""0"",""自營商賣出股數(自行買賣)"":""0"",""自營商買賣超股數(自行買賣)"":""0"",""自營商買進股數(避險)"":""774,439"",""自營商賣出股數(避險)"":""929,761"",""自營商買賣超股數(避險)"":""-155,322"",""三大法人買賣超股數"":""-122,122""}"
2026-10-07,TWSE,2476,鉅祥            ,244618,320000,-75382,0,0,0,14794,61159,-51365,"{""證券代號"":""2476"",""證券名稱"":""鉅祥            "",""外陸資買進股數(不含外資自營商)"":""244,618"",""外陸資賣出股數(不含外資自營商)"":""320,000"",""外陸資買賣超股數(不含外資自營商)"":""-75,382"",""外資自營商買進股數"":""0"",""外資自營商賣出股數"":""0"",""外資自營商買賣超股數"":""0"",""投信買進股數"":""0"",""投信賣出股數"":""0"",""投信買賣超股數"":""0"",""自營商買賣超股數"":""-51,365"",""自營商買進股數(自行買賣)"":""5,000"",""自營商賣出股數(自行買賣)"":""10,000"",""自營商買賣超股數(自行買賣)"":""-5,000"",""自營商買進股數(避險)"":""14,794"",""自營商賣出股數(避險)"":""61,159"",""自營商買賣超股數(避險)"":""-46,365"",""三大法人買賣超股數"":""-126,747""}"
2026-10-07,TWSE,3622,洋華            ,77337,204000,-126663,0,0,0,1622,702,-3080,"{""證券代號"":""3622"",""證券名稱"":""洋華            "",""外陸資買進股數(不含外資自營商)"":""77,337"",""外陸資賣出股數(不含外資自營商)"":""204,000"",""外陸資買賣超股數(不含外資自營商)"":""-126,663"",""外資自營商買進股數"":""0"",""外資自營商賣出股數"":""0"",""外資自營商買賣超股數"":""0"",""投信買進股數"":""0"",""投信賣出股數"":""0"",""投信買賣超股數"":""0"",""自營商買賣超股數"":""-3,080"",""自營商買進股數(自行買賣)"":""0"",""自營商賣出股數(自行買賣)"":""4,000"",""自營商買賣超股數(自行買賣)"":""-4,000"",""自營商買進股數(避險)"":""1,622"",""自營商賣出股數(避險)"":""702"",""自營商買賣超股數(避險)"":""920"",""三大法人買賣超股數"":""-129,743""}"
2026-10-07,TWSE,2466,冠西電          ,2644360,2783000,-138640,0,0,0,0,0,3171,"{""證券代號"":""2466"",""證券名稱"":""冠西電          "",""外陸資買進股數(不含外資自營商)"":""2,644,360"",""外陸資賣出股數(不含外資自營商)"":""2,783,000"",""外陸資買賣超股數(不含外資自營商)"":""-138,640"",""外資自營商買進股數"":""0"",""外資自營商賣出股數"":""0"",""外資自營商買賣超股數"":""0"",""投信買進股數"":""0"",""投信賣出股數"":""0"",""投信買賣超股數"":""0"",""自營商買賣超股數"":""3,171"",""自營商買進股數(自行買賣)"":""9,000"",""自營商賣出股數(自行買賣)"":""5,829"",""自營商買賣超股數(自行買賣)"":""3,171"",""自營商買進股數(避險)"":""0"",""自營商賣出股數(避險)"":""0"",""自營商買賣超股數(避險)"":""0"",""三大法人買賣超股數"":""-135,469""}"
2026-10-07,TWSE,5292,華懋            ,119000,256000,-137000,0,0,0,1759,1345,414,"{""證券代號"":""5292"",""證券名稱"":""華懋            "",""外陸資買進股數(不含外資自營商)"":""119,000"",""外陸資賣出股數(不含外資自營商)"":""256,000"",""外陸資買賣超股數(不含外資自營商)"":""-137,000"",""外資自營商買進股數"":""0"",""外資自營商賣出股數"":""0"",""外資自營商買賣超股數"":""0"",""投信買進股數"":""0"",""投信賣出股數"":""0"",""投信買賣超股數"":""0"",""自營商買賣超股數"":""414"",""自營商買進股數(自行買賣)"":""0"",""自營商賣出股數(自行買賣)"":""0"",""自營商買賣超股數(自行買賣)"":""0"",""自營商買進股數(避險)"":""1,759"",""自營商賣出股數(避險)"":""1,345"",""自營商買賣超股數(避險)"":""414"",""三大法人買賣超股數"":""-136,586""}"
2026-10-07,TWSE,2608,嘉里大榮        ,35000,81000,-46000,0,0,0,0,0,-91000,"{""證券代號"":""2608"",""證券名稱"":""嘉里大榮        "",""外陸資買進股數(不含外資自營商)"":""35,000"",""外陸資賣出股數(不含外資自營商)"":""81,000"",""外陸資買賣超股數(不含外資自營商)"":""-46,000"",""外資自營商買進股數"":""0"",""外資自營商賣出股數"":""0"",""外資自營商買賣超股數"":""0"",""投信買進股數"":""0"",""投信賣出股數"":""0"",""投信買賣超股數"":""0"",""自營商買賣超股數"":""-91,000"",""自營商買進股數(自行買賣)"":""0"",""自營商賣出股數(自行買賣)"":""91,000"",""自營商買賣超股數(自行買賣)"":""-91,000"",""自營商買進股數(避險)"":""0"",""自營商賣出股數(避險)"":""0"",""自營商買賣超股數(避險)"":""0"",""三大法人買賣超股數"":""-137,000""}"
2026-10-07,TWSE,6165,浪凡            ,171000,310114,-139114,0,0,0,0,0,0,"{""證券代號"":""6165"",""證券名稱"":""浪凡            "",""外陸資買進股數(不含外資自營商)"":""171,000"",""外陸資賣出股數(不含外資自營商)"":""310,114"",""外陸資買賣超股數(不含外資自營商)"":""-139,114"",""外資自營商買進股數"":""0"",""外資自營商賣出股數"":""0"",""外資自營商買賣超股數"":""0"",""投信買進股數"":""0"",""投信賣出股數"":""0"",""投信買賣超股數"":""0"",""自營商買賣超股數"":""0"",""自營商買進股數(自行買賣)"":""0"",""自營商賣出股數(自行買賣)"":""0"",""自營商買賣超股數(自行買賣)"":""0"",""自營商買進股數(避險)"":""0"",""自營商賣出股數(避險)"":""0"",""自營商買賣超股數(避險)"":""0"",""三大法人買賣超股數"":""-139,114""}"
2026-10-07,TWSE,4763,材料*-KY        ,1770000,866550,903450,91000,782000,-691000,17003,37935,-352932,"{""證券代號"":""4763"",""證券名稱"":""材料*-KY        "",""外陸資買進股數(不含外資自營商)"":""1,770,000"",""外陸資賣出股數(不含外資自營商)"":""866,550"",""外陸資買賣超股數(不含外資自營商)"":""903,450"",""外資自營商買進股數"":""0"",""外資自營商賣出股數"":""0"",""外資自營商買賣超股數"":""0"",""投信買進股數"":""91,000"",""投信賣出股數"":""782,000"",""投信買賣超股數"":""-691,000"",""自營商買賣超股數"":""-352,932"",""自營商買進股數(自行買賣)"":""5,000"",""自營商賣出股數(自行買賣)"":""337,000"",""自營商買賣超股數(自行買賣)"":""-332,000"",""自營商買進股數(避險)"":""17,003"",""自營商賣出股數(避險)"":""37,935"",""自營商買賣超股數(避險)"":""-20,932"",""三大法人買賣超股數"":""-140,482""}"
2026-10-07,TWSE,6533,晶心科          ,38000,180003,-142003,0,0,0,0,0,-1000,"{""證券代號"":""6533"",""證券名稱"":""晶心科          "",""外陸資買進股數(不含外資自營商)"":""38,000"",""外陸資賣出股數(不含外資自營商)"":""180,003"",""外陸資買賣超股數(不含外資自營商)"":""-142,003"",""外資自營商買進股數"":""0"",""外資自營商賣出股數"":""0"",""外資自營商買賣超股數"":""0"",""投信買進股數"":""0"",""投信賣出股數"":""0"",""投信買賣超股數"":""0"",""自營商買賣超股數"":""-1,000"",""自營商買進股數(自行買賣)"":""1,000"",""自營商賣出股數(自行買賣)"":""2,000"",""自營商買賣超股數(自行買賣)"":""-1,000"",""自營商買進股數(避險)"":""0"",""自營商賣出股數(避險)"":""0"",""自營商買賣超股數(避險)"":""0"",""三大法人買賣超股數"":""-143,003""}"
2026-10-07,TWSE,00982D,主動富邦動態入息,139000,2000,137000,0,0,0,265286,546000,-280714,"{""證券代號"":""00982D"",""證券名稱"":""主動富邦動態入息"",""外陸資買進股數(不含外資自營商)"":""139,000"",""外陸資賣出股數(不含外資自營商)"":""2,000"",""外陸資買賣超股數(不含外資自營商)"":""137,000"",""外資自營商買進股數"":""0"",""外資自營商賣出股數"":""0"",""外資自營商買賣超股數"":""0"",""投信買進股數"":""0"",""投信賣出股數"":""0"",""投信買賣超股數"":""0"",""自營商買賣超股數"":""-280,714"",""自營商買進股數(自行買賣)"":""0"",""自營商賣出股數(自行買賣)"":""0"",""自營商買賣超股數(自行買賣)"":""0"",""自營商買進股數(避險)"":""265,286"",""自營商賣出股數(避險)"":""546,000"",""自營商買賣超股數(避險)"":""-280,714"",""三大法人買賣超股數"":""-143,714""}"
2026-10-07,TWSE,6206,飛捷            ,121000,259000,-138000,0,1577,-1577,1000,6401,-4401,"{""證券代號"":""6206"",""證券名稱"":""飛捷            "",""外陸資買進股數(不含外資自營商)"":""121,000"",""外陸資賣出股數(不含外資自營商)"":""259,000"",""外陸資買賣超股數(不含外資自營商)"":""-138,000"",""外資自營商買進股數"":""0"",""外資自營商賣出股數"":""0"",""外資自營商買賣超股數"":""0"",""投信買進股數"":""0"",""投信賣出股數"":""1,577"",""投信買賣超股數"":""-1,577"",""自營商買賣超股數"":""-4,401"",""自營商買進股數(自行買賣)"":""1,000"",""自營商賣出股數(自行買賣)"":""0"",""自營商買賣超股數(自行買賣)"":""1,000"",""自營商買進股數(避險)"":""1,000"",""自營商賣出股數(避險)"":""6,401"",""自營商買賣超股數(避險)"":""-5,401"",""三大法人買賣超股數"":""-143,978""}"
2026-10-07,TWSE,00655L,國泰中國A50正2  ,11000,34000,-23000,0,0,0,863000,988713,-125713,"{""證券代號"":""00655L"",""證券名稱"":""國泰中國A50正2  "",""外陸資買進股數(不含外資自營商)"":""11,000"",""外陸資賣出股數(不含外資自營商)"":""34,000"",""外陸資買賣超股數(不含外資自營商)"":""-23,000"",""外資自營商買進股數"":""0"",""外資自營商賣出股數"":""0"",""外資自營商買賣超股數"":""0"",""投信買進股數"":""0"",""投信賣出股數"":""0"",""投信買賣超股數"":""0"",""自營商買賣超股數"":""-125,713"",""自營商買進股數(自行買賣)"":""0"",""自營商賣出股數(自行買賣)"":""0"",""自營商買賣超股數(自行買賣)"":""0"",""自營商買進股數(避險)"":""863,000"",""自營商賣出股數(避險)"":""988,713"",""自營商買賣超股數(避險)"":""-125,713"",""三大法人買賣超股數"":""-148,713""}"
2026-10-07,TWSE,4764,雙鍵            ,637137,816000,-178863,0,0,0,27010,22270,29744,"{""證券代號"":""4764"",""證券名稱"":""雙鍵            "",""外陸資買進股數(不含外資自營商)"":""637,137"",""外陸資賣出股數(不含外資自營商)"":""816,000"",""外陸資買賣超股數(不含外資自營商)"":""-178,863"",""外資自營商買進股數"":""0"",""外資自營商賣出股數"":""0"",""外資自營商買賣超股數"":""0"",""投信買進股數"":""0"",""投信賣出股數"":""0"",""投信買賣超股數"":""0"",""自營商買賣超股數"":""29,744"",""自營商買進股數(自行買賣)"":""59,004"",""自營商賣出股數(自行買賣)"":""34,000"",""自營商買賣超股數(自行買賣)"":""25,004"",""自營商買進股數(避險)"":""27,010"",""自營商賣出股數(避險)"":""22,270"",""自營商買賣超股數(避險)"":""4,740"",""三大法人買賣超股數"":""-149,119""}"
2026-10-07,TWSE,00671R,富邦NASDAQ反1   ,0,0,0,0,0,0,0,150000,-150000,"{""證券代號"":""00671R"",""證券名稱"":""富邦NASDAQ反1   "",""外陸資買進股數(不含外資自營商)"":""0"",""外陸資賣出股數(不含外資自營商)"":""0"",""外陸資買賣超股數(不含外資自營商)"":""0"",""外資自營商買進股數"":""0"",""外資自營商賣出股數"":""0"",""外資自營商買賣超股數"":""0"",""投信買進股數"":""0"",""投信賣出股數"":""0"",""投信買賣超股數"":""0"",""自營商買賣超股數"":""-150,000"",""自營商買進股數(自行買賣)"":""0"",""自營商賣出股數(自行買賣)"":""0"",""自營商買賣超股數(自行買賣)"":""0"",""自營商買進股數(避險)"":""0"",""自營商賣出股數(避險)"":""150,000"",""自營商買賣超股數(避險)"":""-150,000"",""三大法人買賣超股數"":""-150,000""}"
2026-10-07,TWSE,1519,華城            ,628882,823439,-194557,0,2140,-2140,19457,8198,43707,"{""證券代號"":""1519"",""證券名稱"":""華城            "",""外陸資買進股數(不含外資自營商)"":""628,882"",""外陸資賣出股數(不含外資自營商)"":""823,439"",""外陸資買賣超股數(不含外資自營商)"":""-194,557"",""外資自營商買進股數"":""0"",""外資自營商賣出股數"":""0"",""外資自營商買賣超股數"":""0"",""投信買進股數"":""0"",""投信賣出股數"":""2,140"",""投信買賣超股數"":""-2,140"",""自營商買賣超股數"":""43,707"",""自營商買進股數(自行買賣)"":""44,000"",""自營商賣出股數(自行買賣)"":""11,552"",""自營商買賣超股數(自行買賣)"":""32,448"",""自營商買進股數(避險)"":""19,457"",""自營商賣出股數(避險)"":""8,198"",""自營商買賣超股數(避險)"":""11,259"",""三大法人買賣超股數"":""-152,990""}"
2026-10-07,TWSE,00665L,富邦恒生國企正2 ,57000,30000,27000,0,0,0,1290000,1471424,-181424,"{""證券代號"":""00665L"",""證券名稱"":""富邦恒生國企正2 "",""外陸資買進股數(不含外資自營商)"":""57,000"",""外陸資賣出股數(不含外資自營商)"":""30,000"",""外陸資買賣超股數(不含外資自營商)"":""27,000"",""外資自營商買進股數"":""0"",""外資自營商賣出股數"":""0"",""外資自營商買賣超股數"":""0"",""投信買進股數"":""0"",""投信賣出股數"":""0"",""投信買賣超股數"":""0"",""自營商買賣超股數"":""-181,424"",""自營商買進股數(自行買賣)"":""0"",""自營商賣出股數(自行買賣)"":""0"",""自營商買賣超股數(自行買賣)"":""0"",""自營商買進股數(避險)"":""1,290,000"",""自營商賣出股數(避險)"":""1,471,424"",""自營商買賣超股數(避險)"":""-181,424"",""三大法人買賣超股數"":""-154,424""}"
2026-10-07,TWSE,6831,邁科            ,99709,258045,-158336,0,0,0,6000,7438,-1438,"{""證券代號"":""6831"",""證券名稱"":""邁科            "",""外陸資買進股數(不含外資自營商)"":""99,709"",""外陸資賣出股數(不含外資自營商)"":""258,045"",""外陸資買賣超股數(不含外資自營商)"":""-158,336"",""外資自營商買進股數"":""0"",""外資自營商賣出股數"":""0"",""外資自營商買賣超股數"":""0"",""投信買進股數"":""0"",""投信賣出股數"":""0"",""投信買賣超股數"":""0"",""自營商買賣超股數"":""-1,438"",""自營商買進股數(自行買賣)"":""0"",""自營商賣出股數(自行買賣)"":""0"",""自營商買賣超股數(自行買賣)"":""0"",""自營商買進股數(避險)"":""6,000"",""自營商賣出股數(避險)"":""7,438"",""自營商買賣超股數(避險)"":""-1,438"",""三大法人買賣超股數"":""-159,774""}"
2026-10-07,TWSE,4722,國精化          ,501694,715000,-213306,0,0,0,56529,13111,51418,"{""證券代號"":""4722"",""證券名稱"":""國精化          "",""外陸資買進股數(不含外資自營商)"":""501,694"",""外陸資賣出股數(不含外資自營商)"":""715,000"",""外陸資買賣超股數(不含外資自營商)"":""-213,306"",""外資自營商買進股數"":""0"",""外資自營商賣出股數"":""0"",""外資自營商買賣超股數"":""0"",""投信買進股數"":""0"",""投信賣出股數"":""0"",""投信買賣超股數"":""0"",""自營商買賣超股數"":""51,418"",""自營商買進股數(自行買賣)"":""22,000"",""自營商賣出股數(自行買賣)"":""14,000"",""自營商買賣超股數(自行買賣)"":""8,000"",""自營商買進股數(避險)"":""56,529"",""自營商賣出股數(避險)"":""13,111"",""自營商買賣超股數(避險)"":""43,418"",""三大法人買賣超股數"":""-161,888""}"
2026-10-07,TWSE,2486,一詮            ,1639324,1804050,-164726,80000,80000,0,47000,52402,598,"{""證券代號"":""2486"",""證券名稱"":""一詮            "",""外陸資買進股數(不含外資自營商)"":""1,639,324"",""外陸資賣出股數(不含外資自營商)"":""1,804,050"",""外陸資買賣超股數(不含外資自營商)"":""-164,726"",""外資自營商買進股數"":""0"",""外資自營商賣出股數"":""0"",""外資自營商買賣超股數"":""0"",""投信買進股數"":""80,000"",""投信賣出股數"":""80,000"",""投信買賣超股數"":""0"",""自營商買賣超股數"":""598"",""自營商買進股數(自行買賣)"":""13,000"",""自營商賣出股數(自行買賣)"":""7,000"",""自營商買賣超股數(自行買賣)"":""6,000"",""自營商買進股數(避險)"":""47,000"",""自營商賣出股數(避險)"":""52,402"",""自營商買賣超股數(避險)"":""-5,402"",""三大法人買賣超股數"":""-164,128""}"
2026-10-07,TWSE,2468,華經            ,559262,729589,-170327,0,0,0,0,0,0,"{""證券代號"":""2468"",""證券名稱"":""華經            "",""外陸資買進股數(不含外資自營商)"":""559,262"",""外陸資賣出股數(不含外資自營商)"":""729,589"",""外陸資買賣超股數(不含外資自營商)"":""-170,327"",""外資自營商買進股數"":""0"",""外資自營商賣出股數"":""0"",""外資自營商買賣超股數"":""0"",""投信買進股數"":""0"",""投信賣出股數"":""0"",""投信買賣超股數"":""0"",""自營商買賣超股數"":""0"",""自營商買進股數(自行買賣)"":""0"",""自營商賣出股數(自行買賣)"":""0"",""自營商買賣超股數(自行買賣)"":""0"",""自營商買進股數(避險)"":""0"",""自營商賣出股數(避險)"":""0"",""自營商買賣超股數(避險)"":""0"",""三大法人買賣超股數"":""-170,327""}"
2026-10-07,TWSE,5534,長虹            ,55000,227000,-172000,0,0,0,0,0,-1663,"{""證券代號"":""5534"",""證券名稱"":""長虹            "",""外陸資買進股數(不含外資自營商)"":""55,000"",""外陸資賣出股數(不含外資自營商)"":""227,000"",""外陸資買賣超股數(不含外資自營商)"":""-172,000"",""外資自營商買進股數"":""0"",""外資自營商賣出股數"":""0"",""外資自營商買賣超股數"":""0"",""投信買進股數"":""0"",""投信賣出股數"":""0"",""投信買賣超股數"":""0"",""自營商買賣超股數"":""-1,663"",""自營商買進股數(自行買賣)"":""1,000"",""自營商賣出股數(自行買賣)"":""2,663"",""自營商買賣超股數(自行買賣)"":""-1,663"",""自營商買進股數(避險)"":""0"",""自營商賣出股數(避險)"":""0"",""自營商買賣超股數(避險)"":""0"",""三大法人買賣超股數"":""-173,663""}"
2026-10-07,TWSE,2034,允強            ,1190570,1362463,-171893,0,0,0,1417,5001,-5584,"{""證券代號"":""2034"",""證券名稱"":""允強            "",""外陸資買進股數(不含外資自營商)"":""1,190,570"",""外陸資賣出股數(不含外資自營商)"":""1,362,463"",""外陸資買賣超股數(不含外資自營商)"":""-171,893"",""外資自營商買進股數"":""0"",""外資自營商賣出股數"":""0"",""外資自營商買賣超股數"":""0"",""投信買進股數"":""0"",""投信賣出股數"":""0"",""投信買賣超股數"":""0"",""自營商買賣超股數"":""-5,584"",""自營商買進股數(自行買賣)"":""0"",""自營商賣出股數(自行買賣)"":""2,000"",""自營商買賣超股數(自行買賣)"":""-2,000"",""自營商買進股數(避險)"":""1,417"",""自營商賣出股數(避險)"":""5,001"",""自營商買賣超股數(避險)"":""-3,584"",""三大法人買賣超股數"":""-177,477""}"
2026-10-07,TWSE,1597,直得            ,149103,323586,-174483,0,0,0,8553,15724,-7171,"{""證券代號"":""1597"",""證券名稱"":""直得            "",""外陸資買進股數(不含外資自營商)"":""149,103"",""外陸資賣出股數(不含外資自營商)"":""323,586"",""外陸資買賣超股數(不含外資自營商)"":""-174,483"",""外資自營商買進股數"":""0"",""外資自營商賣出股數"":""0"",""外資自營商買賣超股數"":""0"",""投信買進股數"":""0"",""投信賣出股數"":""0"",""投信買賣超股數"":""0"",""自營商買賣超股數"":""-7,171"",""自營商買進股數(自行買賣)"":""0"",""自營商賣出股數(自行買賣)"":""0"",""自營商買賣超股數(自行買賣)"":""0"",""自營商買進股數(避險)"":""8,553"",""自營商賣出股數(避險)"":""15,724"",""自營商買賣超股數(避險)"":""-7,171"",""三大法人買賣超股數"":""-181,654""}"
2026-10-07,TWSE,2006,東和鋼鐵        ,1191843,728484,463359,0,684259,-684259,0,2003,38997,"{""證券代號"":""2006"",""證券名稱"":""東和鋼鐵        "",""外陸資買進股數(不含外資自營商)"":""1,191,843"",""外陸資賣出股數(不含外資自營商)"":""728,484"",""外陸資買賣超股數(不含外資自營商)"":""463,359"",""外資自營商買進股數"":""0"",""外資自營商賣出股數"":""0"",""外資自營商買賣超股數"":""0"",""投信買進股數"":""0"",""投信賣出股數"":""684,259"",""投信買賣超股數"":""-684,259"",""自營商買賣超股數"":""38,997"",""自營商買進股數(自行買賣)"":""41,000"",""自營商賣出股數(自行買賣)"":""0"",""自營商買賣超股數(自行買賣)"":""41,000"",""自營商買進股數(避險)"":""0"",""自營商賣出股數(避險)"":""2,003"",""自營商買賣超股數(避險)"":""-2,003"",""三大法人買賣超股數"":""-181,903""}"
2026-10-07,TWSE,6541,泰福-KY         ,163753,346000,-182247,0,0,0,0,0,0,"{""證券代號"":""6541"",""證券名稱"":""泰福-KY         "",""外陸資買進股數(不含外資自營商)"":""163,753"",""外陸資賣出股數(不含外資自營商)"":""346,000"",""外陸資買賣超股數(不含外資自營商)"":""-182,247"",""外資自營商買進股數"":""0"",""外資自營商賣出股數"":""0"",""外資自營商買賣超股數"":""0"",""投信買進股數"":""0"",""投信賣出股數"":""0"",""投信買賣超股數"":""0"",""自營商買賣超股數"":""0"",""自營商買進股數(自行買賣)"":""0"",""自營商賣出股數(自行買賣)"":""0"",""自營商買賣超股數(自行買賣)"":""0"",""自營商買進股數(避險)"":""0"",""自營商賣出股數(避險)"":""0"",""自營商買賣超股數(避險)"":""0"",""三大法人買賣超股數"":""-182,247""}"
2026-10-07,TWSE,4739,康普            ,467330,679000,-211670,0,0,0,23476,14707,8769,"{""證券代號"":""4739"",""證券名稱"":""康普            "",""外陸資買進股數(不含外資自營商)"":""467,330"",""外陸資賣出股數(不含外資自營商)"":""679,000"",""外陸資買賣超股數(不含外資自營商)"":""-211,670"",""外資自營商買進股數"":""0"",""外資自營商賣出股數"":""0"",""外資自營商買賣超股數"":""0"",""投信買進股數"":""0"",""投信賣出股數"":""0"",""投信買賣超股數"":""0"",""自營商買賣超股數"":""8,769"",""自營商買進股數(自行買賣)"":""0"",""自營商賣出股數(自行買賣)"":""0"",""自營商買賣超股數(自行買賣)"":""0"",""自營商買進股數(避險)"":""23,476"",""自營商賣出股數(避險)"":""14,707"",""自營商買賣超股數(避險)"":""8,769"",""三大法人買賣超股數"":""-202,901""}"
2026-10-07,TWSE,6412,群電            ,97000,290000,-193000,0,0,0,1000,14513,-13513,"{""證券代號"":""6412"",""證券名稱"":""群電            "",""外陸資買進股數(不含外資自營商)"":""97,000"",""外陸資賣出股數(不含外資自營商)"":""290,000"",""外陸資買賣超股數(不含外資自營商)"":""-193,000"",""外資自營商買進股數"":""0"",""外資自營商賣出股數"":""0"",""外資自營商買賣超股數"":""0"",""投信買進股數"":""0"",""投信賣出股數"":""0"",""投信買賣超股數"":""0"",""自營商買賣超股數"":""-13,513"",""自營商買進股數(自行買賣)"":""0"",""自營商賣出股數(自行買賣)"":""0"",""自營商買賣超股數(自行買賣)"":""0"",""自營商買進股數(避險)"":""1,000"",""自營商賣出股數(避險)"":""14,513"",""自營商買賣超股數(避險)"":""-13,513"",""三大法人買賣超股數"":""-206,513""}"
2026-10-07,TWSE,2357,華碩            ,1529578,1704461,-174883,33300,98164,-64864,41427,14969,26418,"{""證券代號"":""2357"",""證券名稱"":""華碩            "",""外陸資買進股數(不含外資自營商)"":""1,529,578"",""外陸資賣出股數(不含外資自營商)"":""1,704,461"",""外陸資買賣超股數(不含外資自營商)"":""-174,883"",""外資自營商買進股數"":""0"",""外資自營商賣出股數"":""0"",""外資自營商買賣超股數"":""0"",""投信買進股數"":""33,300"",""投信賣出股數"":""98,164"",""投信買賣超股數"":""-64,864"",""自營商買賣超股數"":""26,418"",""自營商買進股數(自行買賣)"":""8,120"",""自營商賣出股數(自行買賣)"":""8,160"",""自營商買賣超股數(自行買賣)"":""-40"",""自營商買進股數(避險)"":""41,427"",""自營商賣出股數(避險)"":""14,969"",""自營商買賣超股數(避險)"":""26,458"",""三大法人買賣超股數"":""-213,329""}"
2026-10-07,TWSE,2208,台船            ,362000,579000,-217000,0,0,0,0,224,-224,"{""證券代號"":""2208"",""證券名稱"":""台船            "",""外陸資買進股數(不含外資自營商)"":""362,000"",""外陸資賣出股數(不含外資自營商)"":""579,000"",""外陸資買賣超股數(不含外資自營商)"":""-217,000"",""外資自營商買進股數"":""0"",""外資自營商賣出股數"":""0"",""外資自營商買賣超股數"":""0"",""投信買進股數"":""0"",""投信賣出股數"":""0"",""投信買賣超股數"":""0"",""自營商買賣超股數"":""-224"",""自營商買進股數(自行買賣)"":""0"",""自營商賣出股數(自行買賣)"":""0"",""自營商買賣超股數(自行買賣)"":""0"",""自營商買進股數(避險)"":""0"",""自營商賣出股數(避險)"":""224"",""自營商買賣超股數(避險)"":""-224"",""三大法人買賣超股數"":""-217,224""}"
2026-10-07,TWSE,2472,立隆電          ,2673178,3223462,-550284,100000,1000,99000,272195,81721,232474,"{""證券代號"":""2472"",""證券名稱"":""立隆電          "",""外陸資買進股數(不含外資自營商)"":""2,673,178"",""外陸資賣出股數(不含外資自營商)"":""3,223,462"",""外陸資買賣超股數(不含外資自營商)"":""-550,284"",""外資自營商買進股數"":""0"",""外資自營商賣出股數"":""0"",""外資自營商買賣超股數"":""0"",""投信買進股數"":""100,000"",""投信賣出股數"":""1,000"",""投信買賣超股數"":""99,000"",""自營商買賣超股數"":""232,474"",""自營商買進股數(自行買賣)"":""42,000"",""自營商賣出股數(自行買賣)"":""0"",""自營商買賣超股數(自行買賣)"":""42,000"",""自營商買進股數(避險)"":""272,195"",""自營商賣出股數(避險)"":""81,721"",""自營商買賣超股數(避險)"":""190,474"",""三大法人買賣超股數"":""-218,810""}"
2026-10-07,TWSE,3029,零壹            ,743053,968000,-224947,0,1662,-1662,8000,14572,6830,"{""證券代號"":""3029"",""證券名稱"":""零壹            "",""外陸資買進股數(不含外資自營商)"":""743,053"",""外陸資賣出股數(不含外資自營商)"":""968,000"",""外陸資買賣超股數(不含外資自營商)"":""-224,947"",""外資自營商買進股數"":""0"",""外資自營商賣出股數"":""0"",""外資自營商買賣超股數"":""0"",""投信買進股數"":""0"",""投信賣出股數"":""1,662"",""投信買賣超股數"":""-1,662"",""自營商買賣超股數"":""6,830"",""自營商買進股數(自行買賣)"":""30,000"",""自營商賣出股數(自行買賣)"":""16,598"",""自營商買賣超股數(自行買賣)"":""13,402"",""自營商買進股數(避險)"":""8,000"",""自營商賣出股數(避險)"":""14,572"",""自營商買賣超股數(避險)"":""-6,572"",""三大法人買賣超股數"":""-219,779""}"
2026-10-07,TWSE,8112,至上            ,737090,957448,-220358,0,0,0,5000,13105,-16542,"{""證券代號"":""8112"",""證券名稱"":""至上            "",""外陸資買進股數(不含外資自營商)"":""737,090"",""外陸資賣出股數(不含外資自營商)"":""957,448"",""外陸資買賣超股數(不含外資自營商)"":""-220,358"",""外資自營商買進股數"":""0"",""外資自營商賣出股數"":""0"",""外資自營商買賣超股數"":""0"",""投信買進股數"":""0"",""投信賣出股數"":""0"",""投信買賣超股數"":""0"",""自營商買賣超股數"":""-16,542"",""自營商買進股數(自行買賣)"":""2,000"",""自營商賣出股數(自行買賣)"":""10,437"",""自營商買賣超股數(自行買賣)"":""-8,437"",""自營商買進股數(避險)"":""5,000"",""自營商賣出股數(避險)"":""13,105"",""自營商買賣超股數(避險)"":""-8,105"",""三大法人買賣超股數"":""-236,900""}"
2026-10-07,TWSE,2483,百容            ,523127,769539,-246412,0,0,0,0,0,0,"{""證券代號"":""2483"",""證券名稱"":""百容            "",""外陸資買進股數(不含外資自營商)"":""523,127"",""外陸資賣出股數(不含外資自營商)"":""769,539"",""外陸資買賣超股數(不含外資自營商)"":""-246,412"",""外資自營商買進股數"":""0"",""外資自營商賣出股數"":""0"",""外資自營商買賣超股數"":""0"",""投信買進股數"":""0"",""投信賣出股數"":""0"",""投信買賣超股數"":""0"",""自營商買賣超股數"":""0"",""自營商買進股數(自行買賣)"":""0"",""自營商賣出股數(自行買賣)"":""0"",""自營商買賣超股數(自行買賣)"":""0"",""自營商買進股數(避險)"":""0"",""自營商賣出股數(避險)"":""0"",""自營商買賣超股數(避險)"":""0"",""三大法人買賣超股數"":""-246,412""}"
2026-10-07,TWSE,6235,華孚            ,62000,308000,-246000,0,0,0,0,6367,-6367,"{""證券代號"":""6235"",""證券名稱"":""華孚            "",""外陸資買進股數(不含外資自營商)"":""62,000"",""外陸資賣出股數(不含外資自營商)"":""308,000"",""外陸資買賣超股數(不含外資自營商)"":""-246,000"",""外資自營商買進股數"":""0"",""外資自營商賣出股數"":""0"",""外資自營商買賣超股數"":""0"",""投信買進股數"":""0"",""投信賣出股數"":""0"",""投信買賣超股數"":""0"",""自營商買賣超股數"":""-6,367"",""自營商買進股數(自行買賣)"":""0"",""自營商賣出股數(自行買賣)"":""0"",""自營商買賣超股數(自行買賣)"":""0"",""自營商買進股數(避險)"":""0"",""自營商賣出股數(避險)"":""6,367"",""自營商買賣超股數(避險)"":""-6,367"",""三大法人買賣超股數"":""-252,367""}"
2026-10-07,TWSE,3005,神基            ,168976,525000,-356024,61000,14403,46597,37344,6446,54811,"{""證券代號"":""3005"",""證券名稱"":""神基            "",""外陸資買進股數(不含外資自營商)"":""168,976"",""外陸資賣出股數(不含外資自營商)"":""525,000"",""外陸資買賣超股數(不含外資自營商)"":""-356,024"",""外資自營商買進股數"":""0"",""外資自營商賣出股數"":""0"",""外資自營商買賣超股數"":""0"",""投信買進股數"":""61,000"",""投信賣出股數"":""14,403"",""投信買賣超股數"":""46,597"",""自營商買賣超股數"":""54,811"",""自營商買進股數(自行買賣)"":""24,000"",""自營商賣出股數(自行買賣)"":""87"",""自營商買賣超股數(自行買賣)"":""23,913"",""自營商買進股數(避險)"":""37,344"",""自營商賣出股數(避險)"":""6,446"",""自營商買賣超股數(避險)"":""30,898"",""三大法人買賣超股數"":""-254,616""}"
2026-10-07,TWSE,3008,大立光          ,447938,840755,-392817,49000,19489,29511,68163,33398,106868,"{""證券代號"":""3008"",""證券名稱"":""大立光          "",""外陸資買進股數(不含外資自營商)"":""447,938"",""外陸資賣出股數(不含外資自營商)"":""840,755"",""外陸資買賣超股數(不含外資自營商)"":""-392,817"",""外資自營商買進股數"":""0"",""外資自營商賣出股數"":""0"",""外資自營商買賣超股數"":""0"",""投信買進股數"":""49,000"",""投信賣出股數"":""19,489"",""投信買賣超股數"":""29,511"",""自營商買賣超股數"":""106,868"",""自營商買進股數(自行買賣)"":""112,405"",""自營商賣出股數(自行買賣)"":""40,302"",""自營商買賣超股數(自行買賣)"":""72,103"",""自營商買進股數(避險)"":""68,163"",""自營商賣出股數(避險)"":""33,398"",""自營商買賣超股數(避險)"":""34,765"",""三大法人買賣超股數"":""-256,438""}"
2026-10-07,TWSE,1455,集盛            ,1958684,2214108,-255424,0,0,0,7706,7000,-3294,"{""證券代號"":""1455"",""證券名稱"":""集盛            "",""外陸資買進股數(不含外資自營商)"":""1,958,684"",""外陸資賣出股數(不含外資自營商)"":""2,214,108"",""外陸資買賣超股數(不含外資自營商)"":""-255,424"",""外資自營商買進股數"":""0"",""外資自營商賣出股數"":""0"",""外資自營商買賣超股數"":""0"",""投信買進股數"":""0"",""投信賣出股數"":""0"",""投信買賣超股數"":""0"",""自營商買賣超股數"":""-3,294"",""自營商買進股數(自行買賣)"":""3,000"",""自營商賣出股數(自行買賣)"":""7,000"",""自營商買賣超股數(自行買賣)"":""-4,000"",""自營商買進股數(避險)"":""7,706"",""自營商賣出股數(避險)"":""7,000"",""自營商買賣超股數(避險)"":""706"",""三大法人買賣超股數"":""-258,718""}"
2026-10-07,TWSE,6168,宏齊            ,3739627,4009000,-269373,0,0,0,26000,24503,4497,"{""證券代號"":""6168"",""證券名稱"":""宏齊            "",""外陸資買進股數(不含外資自營商)"":""3,739,627"",""外陸資賣出股數(不含外資自營商)"":""4,009,000"",""外陸資買賣超股數(不含外資自營商)"":""-269,373"",""外資自營商買進股數"":""0"",""外資自營商賣出股數"":""0"",""外資自營商買賣超股數"":""0"",""投信買進股數"":""0"",""投信賣出股數"":""0"",""投信買賣超股數"":""0"",""自營商買賣超股數"":""4,497"",""自營商買進股數(自行買賣)"":""6,000"",""自營商賣出股數(自行買賣)"":""3,000"",""自營商買賣超股數(自行買賣)"":""3,000"",""自營商買進股數(避險)"":""26,000"",""自營商賣出股數(避險)"":""24,503"",""自營商買賣超股數(避險)"":""1,497"",""三大法人買賣超股數"":""-264,876""}"
2026-10-07,TWSE,3015,全漢            ,40000,250200,-210200,0,55000,-55000,0,965,-278,"{""證券代號"":""3015"",""證券名稱"":""全漢            "",""外陸資買進股數(不含外資自營商)"":""40,000"",""外陸資賣出股數(不含外資自營商)"":""250,200"",""外陸資買賣超股數(不含外資自營商)"":""-210,200"",""外資自營商買進股數"":""0"",""外資自營商賣出股數"":""0"",""外資自營商買賣超股數"":""0"",""投信買進股數"":""0"",""投信賣出股數"":""55,000"",""投信買賣超股數"":""-55,000"",""自營商買賣超股數"":""-278"",""自營商買進股數(自行買賣)"":""1,000"",""自營商賣出股數(自行買賣)"":""313"",""自營商買賣超股數(自行買賣)"":""687"",""自營商買進股數(避險)"":""0"",""自營商賣出股數(避險)"":""965"",""自營商買賣超股數(避險)"":""-965"",""三大法人買賣超股數"":""-265,478""}"
2026-10-07,TWSE,00635U,期元大S&P黃金   ,2400,19000,-16600,0,0,0,199000,453252,-254252,"{""證券代號"":""00635U"",""證券名稱"":""期元大S&P黃金   "",""外陸資買進股數(不含外資自營商)"":""2,400"",""外陸資賣出股數(不含外資自營商)"":""19,000"",""外陸資買賣超股數(不含外資自營商)"":""-16,600"",""外資自營商買進股數"":""0"",""外資自營商賣出股數"":""0"",""外資自營商買賣超股數"":""0"",""投信買進股數"":""0"",""投信賣出股數"":""0"",""投信買賣超股數"":""0"",""自營商買賣超股數"":""-254,252"",""自營商買進股數(自行買賣)"":""0"",""自營商賣出股數(自行買賣)"":""0"",""自營商買賣超股數(自行買賣)"":""0"",""自營商買進股數(避險)"":""199,000"",""自營商賣出股數(避險)"":""453,252"",""自營商買賣超股數(避險)"":""-254,252"",""三大法人買賣超股數"":""-270,852""}"
2026-10-07,TWSE,9910,豐泰            ,123150,391868,-268718,59000,67000,-8000,0,0,-360,"{""證券代號"":""9910"",""證券名稱"":""豐泰            "",""外陸資買進股數(不含外資自營商)"":""123,150"",""外陸資賣出股數(不含外資自營商)"":""391,868"",""外陸資買賣超股數(不含外資自營商)"":""-268,718"",""外資自營商買進股數"":""0"",""外資自營商賣出股數"":""0"",""外資自營商買賣超股數"":""0"",""投信買進股數"":""59,000"",""投信賣出股數"":""67,000"",""投信買賣超股數"":""-8,000"",""自營商買賣超股數"":""-360"",""自營商買進股數(自行買賣)"":""4,000"",""自營商賣出股數(自行買賣)"":""4,360"",""自營商買賣超股數(自行買賣)"":""-360"",""自營商買進股數(避險)"":""0"",""自營商賣出股數(避險)"":""0"",""自營商買賣超股數(避險)"":""0"",""三大法人買賣超股數"":""-277,078""}"
2026-10-07,TWSE,6579,研揚            ,69000,302000,-233000,0,0,0,32000,77013,-45389,"{""證券代號"":""6579"",""證券名稱"":""研揚            "",""外陸資買進股數(不含外資自營商)"":""69,000"",""外陸資賣出股數(不含外資自營商)"":""302,000"",""外陸資買賣超股數(不含外資自營商)"":""-233,000"",""外資自營商買進股數"":""0"",""外資自營商賣出股數"":""0"",""外資自營商買賣超股數"":""0"",""投信買進股數"":""0"",""投信賣出股數"":""0"",""投信買賣超股數"":""0"",""自營商買賣超股數"":""-45,389"",""自營商買進股數(自行買賣)"":""1,000"",""自營商賣出股數(自行買賣)"":""1,376"",""自營商買賣超股數(自行買賣)"":""-376"",""自營商買進股數(避險)"":""32,000"",""自營商賣出股數(避險)"":""77,013"",""自營商買賣超股數(避險)"":""-45,013"",""三大法人買賣超股數"":""-278,389""}"
2026-10-07,TWSE,8016,矽創            ,229013,530000,-300987,22000,1798,20202,3000,4508,-538,"{""證券代號"":""8016"",""證券名稱"":""矽創            "",""外陸資買進股數(不含外資自營商)"":""229,013"",""外陸資賣出股數(不含外資自營商)"":""530,000"",""外陸資買賣超股數(不含外資自營商)"":""-300,987"",""外資自營商買進股數"":""0"",""外資自營商賣出股數"":""0"",""外資自營商買賣超股數"":""0"",""投信買進股數"":""22,000"",""投信賣出股數"":""1,798"",""投信買賣超股數"":""20,202"",""自營商買賣超股數"":""-538"",""自營商買進股數(自行買賣)"":""1,000"",""自營商賣出股數(自行買賣)"":""30"",""自營商買賣超股數(自行買賣)"":""970"",""自營商買進股數(避險)"":""3,000"",""自營商賣出股數(避險)"":""4,508"",""自營商買賣超股數(避險)"":""-1,508"",""三大法人買賣超股數"":""-281,323""}"
2026-10-07,TWSE,4576,大銀微系統      ,427000,705158,-278158,0,0,0,83270,79442,-6172,"{""證券代號"":""4576"",""證券名稱"":""大銀微系統      "",""外陸資買進股數(不含外資自營商)"":""427,000"",""外陸資賣出股數(不含外資自營商)"":""705,158"",""外陸資買賣超股數(不含外資自營商)"":""-278,158"",""外資自營商買進股數"":""0"",""外資自營商賣出股數"":""0"",""外資自營商買賣超股數"":""0"",""投信買進股數"":""0"",""投信賣出股數"":""0"",""投信買賣超股數"":""0"",""自營商買賣超股數"":""-6,172"",""自營商買進股數(自行買賣)"":""16,000"",""自營商賣出股數(自行買賣)"":""26,000"",""自營商買賣超股數(自行買賣)"":""-10,000"",""自營商買進股數(避險)"":""83,270"",""自營商賣出股數(避險)"":""79,442"",""自營商買賣超股數(避險)"":""3,828"",""三大法人買賣超股數"":""-284,330""}"
2026-10-07,TWSE,3545,敦泰            ,100000,382713,-282713,0,0,0,137,6085,-3948,"{""證券代號"":""3545"",""證券名稱"":""敦泰            "",""外陸資買進股數(不含外資自營商)"":""100,000"",""外陸資賣出股數(不含外資自營商)"":""382,713"",""外陸資買賣超股數(不含外資自營商)"":""-282,713"",""外資自營商買進股數"":""0"",""外資自營商賣出股數"":""0"",""外資自營商買賣超股數"":""0"",""投信買進股數"":""0"",""投信賣出股數"":""0"",""投信買賣超股數"":""0"",""自營商買賣超股數"":""-3,948"",""自營商買進股數(自行買賣)"":""2,000"",""自營商賣出股數(自行買賣)"":""0"",""自營商買賣超股數(自行買賣)"":""2,000"",""自營商買進股數(避險)"":""137"",""自營商賣出股數(避險)"":""6,085"",""自營商買賣超股數(避險)"":""-5,948"",""三大法人買賣超股數"":""-286,661""}"
2026-10-07,TWSE,8271,宇瞻            ,212000,503000,-291000,0,1000,-1000,3999,4156,-157,"{""證券代號"":""8271"",""證券名稱"":""宇瞻            "",""外陸資買進股數(不含外資自營商)"":""212,000"",""外陸資賣出股數(不含外資自營商)"":""503,000"",""外陸資買賣超股數(不含外資自營商)"":""-291,000"",""外資自營商買進股數"":""0"",""外資自營商賣出股數"":""0"",""外資自營商買賣超股數"":""0"",""投信買進股數"":""0"",""投信賣出股數"":""1,000"",""投信買賣超股數"":""-1,000"",""自營商買賣超股數"":""-157"",""自營商買進股數(自行買賣)"":""0"",""自營商賣出股數(自行買賣)"":""0"",""自營商買賣超股數(自行買賣)"":""0"",""自營商買進股數(避險)"":""3,999"",""自營商賣出股數(避險)"":""4,156"",""自營商買賣超股數(避險)"":""-157"",""三大法人買賣超股數"":""-292,157""}"
2026-10-07,TWSE,4755,三福化          ,231187,551000,-319813,0,0,0,5000,11053,16472,"{""證券代號"":""4755"",""證券名稱"":""三福化          "",""外陸資買進股數(不含外資自營商)"":""231,187"",""外陸資賣出股數(不含外資自營商)"":""551,000"",""外陸資買賣超股數(不含外資自營商)"":""-319,813"",""外資自營商買進股數"":""0"",""外資自營商賣出股數"":""0"",""外資自營商買賣超股數"":""0"",""投信買進股數"":""0"",""投信賣出股數"":""0"",""投信買賣超股數"":""0"",""自營商買賣超股數"":""16,472"",""自營商買進股數(自行買賣)"":""27,000"",""自營商賣出股數(自行買賣)"":""4,475"",""自營商買賣超股數(自行買賣)"":""22,525"",""自營商買進股數(避險)"":""5,000"",""自營商賣出股數(避險)"":""11,053"",""自營商買賣超股數(避險)"":""-6,053"",""三大法人買賣超股數"":""-303,341""}"
2026-10-07,TWSE,4961,天鈺            ,212020,512725,-300705,36000,0,36000,0,9963,-39963,"{""證券代號"":""4961"",""證券名稱"":""天鈺            "",""外陸資買進股數(不含外資自營商)"":""212,020"",""外陸資賣出股數(不含外資自營商)"":""512,725"",""外陸資買賣超股數(不含外資自營商)"":""-300,705"",""外資自營商買進股數"":""0"",""外資自營商賣出股數"":""0"",""外資自營商買賣超股數"":""0"",""投信買進股數"":""36,000"",""投信賣出股數"":""0"",""投信買賣超股數"":""36,000"",""自營商買賣超股數"":""-39,963"",""自營商買進股數(自行買賣)"":""0"",""自營商賣出股數(自行買賣)"":""30,000"",""自營商買賣超股數(自行買賣)"":""-30,000"",""自營商買進股數(避險)"":""0"",""自營商賣出股數(避險)"":""9,963"",""自營商買賣超股數(避險)"":""-9,963"",""三大法人買賣超股數"":""-304,668""}"
2026-10-07,TWSE,00633L,富邦上証正2     ,131000,131000,0,0,0,0,353000,658119,-305119,"{""證券代號"":""00633L"",""證券名稱"":""富邦上証正2     "",""外陸資買進股數(不含外資自營商)"":""131,000"",""外陸資賣出股數(不含外資自營商)"":""131,000"",""外陸資買賣超股數(不含外資自營商)"":""0"",""外資自營商買進股數"":""0"",""外資自營商賣出股數"":""0"",""外資自營商買賣超股數"":""0"",""投信買進股數"":""0"",""投信賣出股數"":""0"",""投信買賣超股數"":""0"",""自營商買賣超股數"":""-305,119"",""自營商買進股數(自行買賣)"":""0"",""自營商賣出股數(自行買賣)"":""0"",""自營商買賣超股數(自行買賣)"":""0"",""自營商買進股數(避險)"":""353,000"",""自營商賣出股數(避險)"":""658,119"",""自營商買賣超股數(避險)"":""-305,119"",""三大法人買賣超股數"":""-305,119""}"
2026-10-07,TWSE,2548,華固            ,366484,371584,-5100,1400,0,1400,0,303000,-303542,"{""證券代號"":""2548"",""證券名稱"":""華固            "",""外陸資買進股數(不含外資自營商)"":""366,484"",""外陸資賣出股數(不含外資自營商)"":""371,584"",""外陸資買賣超股數(不含外資自營商)"":""-5,100"",""外資自營商買進股數"":""0"",""外資自營商賣出股數"":""0"",""外資自營商買賣超股數"":""0"",""投信買進股數"":""1,400"",""投信賣出股數"":""0"",""投信買賣超股數"":""1,400"",""自營商買賣超股數"":""-303,542"",""自營商買進股數(自行買賣)"":""13,000"",""自營商賣出股數(自行買賣)"":""13,542"",""自營商買賣超股數(自行買賣)"":""-542"",""自營商買進股數(避險)"":""0"",""自營商賣出股數(避險)"":""303,000"",""自營商買賣超股數(避險)"":""-303,000"",""三大法人買賣超股數"":""-307,242""}"
2026-10-07,TWSE,6226,光鼎            ,2958000,3282000,-324000,0,0,0,0,0,5000,"{""證券代號"":""6226"",""證券名稱"":""光鼎            "",""外陸資買進股數(不含外資自營商)"":""2,958,000"",""外陸資賣出股數(不含外資自營商)"":""3,282,000"",""外陸資買賣超股數(不含外資自營商)"":""-324,000"",""外資自營商買進股數"":""0"",""外資自營商賣出股數"":""0"",""外資自營商買賣超股數"":""0"",""投信買進股數"":""0"",""投信賣出股數"":""0"",""投信買賣超股數"":""0"",""自營商買賣超股數"":""5,000"",""自營商買進股數(自行買賣)"":""7,000"",""自營商賣出股數(自行買賣)"":""2,000"",""自營商買賣超股數(自行買賣)"":""5,000"",""自營商買進股數(避險)"":""0"",""自營商賣出股數(避險)"":""0"",""自營商買賣超股數(避險)"":""0"",""三大法人買賣超股數"":""-319,000""}"
2026-10-07,TWSE,00999A,主動野村臺灣高息,684000,2136059,-1452059,0,0,0,2243000,1110965,1132035,"{""證券代號"":""00999A"",""證券名稱"":""主動野村臺灣高息"",""外陸資買進股數(不含外資自營商)"":""684,000"",""外陸資賣出股數(不含外資自營商)"":""2,136,059"",""外陸資買賣超股數(不含外資自營商)"":""-1,452,059"",""外資自營商買進股數"":""0"",""外資自營商賣出股數"":""0"",""外資自營商買賣超股數"":""0"",""投信買進股數"":""0"",""投信賣出股數"":""0"",""投信買賣超股數"":""0"",""自營商買賣超股數"":""1,132,035"",""自營商買進股數(自行買賣)"":""0"",""自營商賣出股數(自行買賣)"":""0"",""自營商買賣超股數(自行買賣)"":""0"",""自營商買進股數(避險)"":""2,243,000"",""自營商賣出股數(避險)"":""1,110,965"",""自營商買賣超股數(避險)"":""1,132,035"",""三大法人買賣超股數"":""-320,024""}"
2026-10-07,TWSE,2495,普安            ,315500,606597,-291097,0,0,0,4000,36072,-32072,"{""證券代號"":""2495"",""證券名稱"":""普安            "",""外陸資買進股數(不含外資自營商)"":""315,500"",""外陸資賣出股數(不含外資自營商)"":""606,597"",""外陸資買賣超股數(不含外資自營商)"":""-291,097"",""外資自營商買進股數"":""0"",""外資自營商賣出股數"":""0"",""外資自營商買賣超股數"":""0"",""投信買進股數"":""0"",""投信賣出股數"":""0"",""投信買賣超股數"":""0"",""自營商買賣超股數"":""-32,072"",""自營商買進股數(自行買賣)"":""0"",""自營商賣出股數(自行買賣)"":""0"",""自營商買賣超股數(自行買賣)"":""0"",""自營商買進股數(避險)"":""4,000"",""自營商賣出股數(避險)"":""36,072"",""自營商買賣超股數(避險)"":""-32,072"",""三大法人買賣超股數"":""-323,169""}"
2026-10-07,TWSE,6176,瑞儀            ,168938,501872,-332934,0,0,0,1000,2050,1809,"{""證券代號"":""6176"",""證券名稱"":""瑞儀            "",""外陸資買進股數(不含外資自營商)"":""168,938"",""外陸資賣出股數(不含外資自營商)"":""501,872"",""外陸資買賣超股數(不含外資自營商)"":""-332,934"",""外資自營商買進股數"":""0"",""外資自營商賣出股數"":""0"",""外資自營商買賣超股數"":""0"",""投信買進股數"":""0"",""投信賣出股數"":""0"",""投信買賣超股數"":""0"",""自營商買賣超股數"":""1,809"",""自營商買進股數(自行買賣)"":""3,000"",""自營商賣出股數(自行買賣)"":""141"",""自營商買賣超股數(自行買賣)"":""2,859"",""自營商買進股數(避險)"":""1,000"",""自營商賣出股數(避險)"":""2,050"",""自營商買賣超股數(避險)"":""-1,050"",""三大法人買賣超股數"":""-331,125""}"
2026-10-07,TWSE,2345,智邦            ,2255178,2470687,-215509,29000,102643,-73643,82995,111948,-53216,"{""證券代號"":""2345"",""證券名稱"":""智邦            "",""外陸資買進股數(不含外資自營商)"":""2,255,178"",""外陸資賣出股數(不含外資自營商)"":""2,470,687"",""外陸資買賣超股數(不含外資自營商)"":""-215,509"",""外資自營商買進股數"":""0"",""外資自營商賣出股數"":""0"",""外資自營商買賣超股數"":""0"",""投信買進股數"":""29,000"",""投信賣出股數"":""102,643"",""投信買賣超股數"":""-73,643"",""自營商買賣超股數"":""-53,216"",""自營商買進股數(自行買賣)"":""38,019"",""自營商賣出股數(自行買賣)"":""62,282"",""自營商買賣超股數(自行買賣)"":""-24,263"",""自營商買進股數(避險)"":""82,995"",""自營商賣出股數(避險)"":""111,948"",""自營商買賣超股數(避險)"":""-28,953"",""三大法人買賣超股數"":""-342,368""}"
2026-10-07,TWSE,5469,瀚宇博          ,651262,993000,-341738,0,0,0,4871,7000,-2129,"{""證券代號"":""5469"",""證券名稱"":""瀚宇博          "",""外陸資買進股數(不含外資自營商)"":""651,262"",""外陸資賣出股數(不含外資自營商)"":""993,000"",""外陸資買賣超股數(不含外資自營商)"":""-341,738"",""外資自營商買進股數"":""0"",""外資自營商賣出股數"":""0"",""外資自營商買賣超股數"":""0"",""投信買進股數"":""0"",""投信賣出股數"":""0"",""投信買賣超股數"":""0"",""自營商買賣超股數"":""-2,129"",""自營商買進股數(自行買賣)"":""3,000"",""自營商賣出股數(自行買賣)"":""3,000"",""自營商買賣超股數(自行買賣)"":""0"",""自營商買進股數(避險)"":""4,871"",""自營商賣出股數(避險)"":""7,000"",""自營商買賣超股數(避險)"":""-2,129"",""三大法人買賣超股數"":""-343,867""}"
2026-10-07,TWSE,2465,麗臺            ,124000,470412,-346412,0,0,0,0,0,0,"{""證券代號"":""2465"",""證券名稱"":""麗臺            "",""外陸資買進股數(不含外資自營商)"":""124,000"",""外陸資賣出股數(不含外資自營商)"":""470,412"",""外陸資買賣超股數(不含外資自營商)"":""-346,412"",""外資自營商買進股數"":""0"",""外資自營商賣出股數"":""0"",""外資自營商買賣超股數"":""0"",""投信買進股數"":""0"",""投信賣出股數"":""0"",""投信買賣超股數"":""0"",""自營商買賣超股數"":""0"",""自營商買進股數(自行買賣)"":""0"",""自營商賣出股數(自行買賣)"":""0"",""自營商買賣超股數(自行買賣)"":""0"",""自營商買進股數(避險)"":""0"",""自營商賣出股數(避險)"":""0"",""自營商買賣超股數(避險)"":""0"",""三大法人買賣超股數"":""-346,412""}"
2026-10-07,TWSE,2493,揚博            ,782042,1159000,-376958,0,0,0,58172,29563,28378,"{""證券代號"":""2493"",""證券名稱"":""揚博            "",""外陸資買進股數(不含外資自營商)"":""782,042"",""外陸資賣出股數(不含外資自營商)"":""1,159,000"",""外陸資買賣超股數(不含外資自營商)"":""-376,958"",""外資自營商買進股數"":""0"",""外資自營商賣出股數"":""0"",""外資自營商買賣超股數"":""0"",""投信買進股數"":""0"",""投信賣出股數"":""0"",""投信買賣超股數"":""0"",""自營商買賣超股數"":""28,378"",""自營商買進股數(自行買賣)"":""1,000"",""自營商賣出股數(自行買賣)"":""1,231"",""自營商買賣超股數(自行買賣)"":""-231"",""自營商買進股數(避險)"":""58,172"",""自營商賣出股數(避險)"":""29,563"",""自營商買賣超股數(避險)"":""28,609"",""三大法人買賣超股數"":""-348,580""}"
2026-10-07,TWSE,00408A,主動第一金優股息,15000,53000,-38000,0,0,0,446815,762224,-315409,"{""證券代號"":""00408A"",""證券名稱"":""主動第一金優股息"",""外陸資買進股數(不含外資自營商)"":""15,000"",""外陸資賣出股數(不含外資自營商)"":""53,000"",""外陸資買賣超股數(不含外資自營商)"":""-38,000"",""外資自營商買進股數"":""0"",""外資自營商賣出股數"":""0"",""外資自營商買賣超股數"":""0"",""投信買進股數"":""0"",""投信賣出股數"":""0"",""投信買賣超股數"":""0"",""自營商買賣超股數"":""-315,409"",""自營商買進股數(自行買賣)"":""0"",""自營商賣出股數(自行買賣)"":""0"",""自營商買賣超股數(自行買賣)"":""0"",""自營商買進股數(避險)"":""446,815"",""自營商賣出股數(避險)"":""762,224"",""自營商買賣超股數(避險)"":""-315,409"",""三大法人買賣超股數"":""-353,409""}"
2026-10-07,TWSE,0055,元大MSCI金融    ,84000,52000,32000,0,60000,-60000,154178,434397,-329219,"{""證券代號"":""0055"",""證券名稱"":""元大MSCI金融    "",""外陸資買進股數(不含外資自營商)"":""84,000"",""外陸資賣出股數(不含外資自營商)"":""52,000"",""外陸資買賣超股數(不含外資自營商)"":""32,000"",""外資自營商買進股數"":""0"",""外資自營商賣出股數"":""0"",""外資自營商買賣超股數"":""0"",""投信買進股數"":""0"",""投信賣出股數"":""60,000"",""投信買賣超股數"":""-60,000"",""自營商買賣超股數"":""-329,219"",""自營商買進股數(自行買賣)"":""0"",""自營商賣出股數(自行買賣)"":""49,000"",""自營商買賣超股數(自行買賣)"":""-49,000"",""自營商買進股數(避險)"":""154,178"",""自營商賣出股數(避險)"":""434,397"",""自營商買賣超股數(避險)"":""-280,219"",""三大法人買賣超股數"":""-357,219""}"
2026-10-07,TWSE,6449,鈺邦            ,1629500,2100883,-471383,0,0,0,167252,66225,111027,"{""證券代號"":""6449"",""證券名稱"":""鈺邦            "",""外陸資買進股數(不含外資自營商)"":""1,629,500"",""外陸資賣出股數(不含外資自營商)"":""2,100,883"",""外陸資買賣超股數(不含外資自營商)"":""-471,383"",""外資自營商買進股數"":""0"",""外資自營商賣出股數"":""0"",""外資自營商買賣超股數"":""0"",""投信買進股數"":""0"",""投信賣出股數"":""0"",""投信買賣超股數"":""0"",""自營商買賣超股數"":""111,027"",""自營商買進股數(自行買賣)"":""12,000"",""自營商賣出股數(自行買賣)"":""2,000"",""自營商買賣超股數(自行買賣)"":""10,000"",""自營商買進股數(避險)"":""167,252"",""自營商賣出股數(避險)"":""66,225"",""自營商買賣超股數(避險)"":""101,027"",""三大法人買賣超股數"":""-360,356""}"
2026-10-07,TWSE,2606,裕民            ,851040,1232187,-381147,63000,0,63000,7000,54219,-49219,"{""證券代號"":""2606"",""證券名稱"":""裕民            "",""外陸資買進股數(不含外資自營商)"":""851,040"",""外陸資賣出股數(不含外資自營商)"":""1,232,187"",""外陸資買賣超股數(不含外資自營商)"":""-381,147"",""外資自營商買進股數"":""0"",""外資自營商賣出股數"":""0"",""外資自營商買賣超股數"":""0"",""投信買進股數"":""63,000"",""投信賣出股數"":""0"",""投信買賣超股數"":""63,000"",""自營商買賣超股數"":""-49,219"",""自營商買進股數(自行買賣)"":""8,000"",""自營商賣出股數(自行買賣)"":""10,000"",""自營商買賣超股數(自行買賣)"":""-2,000"",""自營商買進股數(避險)"":""7,000"",""自營商賣出股數(避險)"":""54,219"",""自營商買賣超股數(避險)"":""-47,219"",""三大法人買賣超股數"":""-367,366""}"
2026-10-07,TWSE,6526,達發            ,623781,1036254,-412473,31000,1000,30000,85681,87970,11529,"{""證券代號"":""6526"",""證券名稱"":""達發            "",""外陸資買進股數(不含外資自營商)"":""623,781"",""外陸資賣出股數(不含外資自營商)"":""1,036,254"",""外陸資買賣超股數(不含外資自營商)"":""-412,473"",""外資自營商買進股數"":""0"",""外資自營商賣出股數"":""0"",""外資自營商買賣超股數"":""0"",""投信買進股數"":""31,000"",""投信賣出股數"":""1,000"",""投信買賣超股數"":""30,000"",""自營商買賣超股數"":""11,529"",""自營商買進股數(自行買賣)"":""41,000"",""自營商賣出股數(自行買賣)"":""27,182"",""自營商買賣超股數(自行買賣)"":""13,818"",""自營商買進股數(避險)"":""85,681"",""自營商賣出股數(避險)"":""87,970"",""自營商買賣超股數(避險)"":""-2,289"",""三大法人買賣超股數"":""-370,944""}"
2026-10-07,TWSE,6257,矽格            ,15751819,17081206,-1329387,580000,3000,577000,414205,453847,379215,"{""證券代號"":""6257"",""證券名稱"":""矽格            "",""外陸資買進股數(不含外資自營商)"":""15,751,819"",""外陸資賣出股數(不含外資自營商)"":""17,081,206"",""外陸資買賣超股數(不含外資自營商)"":""-1,329,387"",""外資自營商買進股數"":""0"",""外資自營商賣出股數"":""0"",""外資自營商買賣超股數"":""0"",""投信買進股數"":""580,000"",""投信賣出股數"":""3,000"",""投信買賣超股數"":""577,000"",""自營商買賣超股數"":""379,215"",""自營商買進股數(自行買賣)"":""811,000"",""自營商賣出股數(自行買賣)"":""392,143"",""自營商買賣超股數(自行買賣)"":""418,857"",""自營商買進股數(避險)"":""414,205"",""自營商賣出股數(避險)"":""453,847"",""自營商買賣超股數(避險)"":""-39,642"",""三大法人買賣超股數"":""-373,172""}"
2026-10-07,TWSE,6139,亞翔            ,479852,870168,-390316,0,2089,-2089,63590,61089,14001,"{""證券代號"":""6139"",""證券名稱"":""亞翔            "",""外陸資買進股數(不含外資自營商)"":""479,852"",""外陸資賣出股數(不含外資自營商)"":""870,168"",""外陸資買賣超股數(不含外資自營商)"":""-390,316"",""外資自營商買進股數"":""0"",""外資自營商賣出股數"":""0"",""外資自營商買賣超股數"":""0"",""投信買進股數"":""0"",""投信賣出股數"":""2,089"",""投信買賣超股數"":""-2,089"",""自營商買賣超股數"":""14,001"",""自營商買進股數(自行買賣)"":""14,000"",""自營商賣出股數(自行買賣)"":""2,500"",""自營商買賣超股數(自行買賣)"":""11,500"",""自營商買進股數(避險)"":""63,590"",""自營商賣出股數(避險)"":""61,089"",""自營商買賣超股數(避險)"":""2,501"",""三大法人買賣超股數"":""-378,404""}"
2026-10-07,TWSE,2104,國際中橡        ,807796,1248831,-441035,0,0,0,43000,14764,56236,"{""證券代號"":""2104"",""證券名稱"":""國際中橡        "",""外陸資買進股數(不含外資自營商)"":""807,796"",""外陸資賣出股數(不含外資自營商)"":""1,248,831"",""外陸資買賣超股數(不含外資自營商)"":""-441,035"",""外資自營商買進股數"":""0"",""外資自營商賣出股數"":""0"",""外資自營商買賣超股數"":""0"",""投信買進股數"":""0"",""投信賣出股數"":""0"",""投信買賣超股數"":""0"",""自營商買賣超股數"":""56,236"",""自營商買進股數(自行買賣)"":""33,000"",""自營商賣出股數(自行買賣)"":""5,000"",""自營商買賣超股數(自行買賣)"":""28,000"",""自營商買進股數(避險)"":""43,000"",""自營商賣出股數(避險)"":""14,764"",""自營商買賣超股數(避險)"":""28,236"",""三大法人買賣超股數"":""-384,799""}"
2026-10-07,TWSE,3013,晟銘電          ,821470,1265880,-444410,0,0,0,116808,49582,56226,"{""證券代號"":""3013"",""證券名稱"":""晟銘電          "",""外陸資買進股數(不含外資自營商)"":""821,470"",""外陸資賣出股數(不含外資自營商)"":""1,265,880"",""外陸資買賣超股數(不含外資自營商)"":""-444,410"",""外資自營商買進股數"":""0"",""外資自營商賣出股數"":""0"",""外資自營商買賣超股數"":""0"",""投信買進股數"":""0"",""投信賣出股數"":""0"",""投信買賣超股數"":""0"",""自營商買賣超股數"":""56,226"",""自營商買進股數(自行買賣)"":""2,000"",""自營商賣出股數(自行買賣)"":""13,000"",""自營商買賣超股數(自行買賣)"":""-11,000"",""自營商買進股數(避險)"":""116,808"",""自營商賣出股數(避險)"":""49,582"",""自營商買賣超股數(避險)"":""67,226"",""三大法人買賣超股數"":""-388,184""}"
2026-10-07,TWSE,6117,迎廣            ,349450,735130,-385680,0,0,0,0,0,-10781,"{""證券代號"":""6117"",""證券名稱"":""迎廣            "",""外陸資買進股數(不含外資自營商)"":""349,450"",""外陸資賣出股數(不含外資自營商)"":""735,130"",""外陸資買賣超股數(不含外資自營商)"":""-385,680"",""外資自營商買進股數"":""0"",""外資自營商賣出股數"":""0"",""外資自營商買賣超股數"":""0"",""投信買進股數"":""0"",""投信賣出股數"":""0"",""投信買賣超股數"":""0"",""自營商買賣超股數"":""-10,781"",""自營商買進股數(自行買賣)"":""2,000"",""自營商賣出股數(自行買賣)"":""12,781"",""自營商買賣超股數(自行買賣)"":""-10,781"",""自營商買進股數(避險)"":""0"",""自營商賣出股數(避險)"":""0"",""自營商買賣超股數(避險)"":""0"",""三大法人買賣超股數"":""-396,461""}"
2026-10-07,TWSE,2855,統一證          ,1289853,1751957,-462104,81900,21188,60712,0,0,0,"{""證券代號"":""2855"",""證券名稱"":""統一證          "",""外陸資買進股數(不含外資自營商)"":""1,289,853"",""外陸資賣出股數(不含外資自營商)"":""1,751,957"",""外陸資買賣超股數(不含外資自營商)"":""-462,104"",""外資自營商買進股數"":""0"",""外資自營商賣出股數"":""0"",""外資自營商買賣超股數"":""0"",""投信買進股數"":""81,900"",""投信賣出股數"":""21,188"",""投信買賣超股數"":""60,712"",""自營商買賣超股數"":""0"",""自營商買進股數(自行買賣)"":""0"",""自營商賣出股數(自行買賣)"":""0"",""自營商買賣超股數(自行買賣)"":""0"",""自營商買進股數(避險)"":""0"",""自營商賣出股數(避險)"":""0"",""自營商買賣超股數(避險)"":""0"",""三大法人買賣超股數"":""-401,392""}"
2026-10-07,TWSE,3583,辛耘            ,205808,492253,-286445,0,78000,-78000,18992,61284,-38897,"{""證券代號"":""3583"",""證券名稱"":""辛耘            "",""外陸資買進股數(不含外資自營商)"":""205,808"",""外陸資賣出股數(不含外資自營商)"":""492,253"",""外陸資買賣超股數(不含外資自營商)"":""-286,445"",""外資自營商買進股數"":""0"",""外資自營商賣出股數"":""0"",""外資自營商買賣超股數"":""0"",""投信買進股數"":""0"",""投信賣出股數"":""78,000"",""投信買賣超股數"":""-78,000"",""自營商買賣超股數"":""-38,897"",""自營商買進股數(自行買賣)"":""3,395"",""自營商賣出股數(自行買賣)"":""0"",""自營商買賣超股數(自行買賣)"":""3,395"",""自營商買進股數(避險)"":""18,992"",""自營商賣出股數(避險)"":""61,284"",""自營商買賣超股數(避險)"":""-42,292"",""三大法人買賣超股數"":""-403,342""}"
2026-10-07,TWSE,2395,研華            ,768185,1069451,-301266,122000,215335,-93335,25480,39108,-12628,"{""證券代號"":""2395"",""證券名稱"":""研華            "",""外陸資買進股數(不含外資自營商)"":""768,185"",""外陸資賣出股數(不含外資自營商)"":""1,069,451"",""外陸資買賣超股數(不含外資自營商)"":""-301,266"",""外資自營商買進股數"":""0"",""外資自營商賣出股數"":""0"",""外資自營商買賣超股數"":""0"",""投信買進股數"":""122,000"",""投信賣出股數"":""215,335"",""投信買賣超股數"":""-93,335"",""自營商買賣超股數"":""-12,628"",""自營商買進股數(自行買賣)"":""13,000"",""自營商賣出股數(自行買賣)"":""12,000"",""自營商買賣超股數(自行買賣)"":""1,000"",""自營商買進股數(避險)"":""25,480"",""自營商賣出股數(避險)"":""39,108"",""自營商買賣超股數(避險)"":""-13,628"",""三大法人買賣超股數"":""-407,229""}"
2026-10-07,TWSE,1773,勝一            ,317984,706422,-388438,0,1000,-1000,1115,8793,-18678,"{""證券代號"":""1773"",""證券名稱"":""勝一            "",""外陸資買進股數(不含外資自營商)"":""317,984"",""外陸資賣出股數(不含外資自營商)"":""706,422"",""外陸資買賣超股數(不含外資自營商)"":""-388,438"",""外資自營商買進股數"":""0"",""外資自營商賣出股數"":""0"",""外資自營商買賣超股數"":""0"",""投信買進股數"":""0"",""投信賣出股數"":""1,000"",""投信買賣超股數"":""-1,000"",""自營商買賣超股數"":""-18,678"",""自營商買進股數(自行買賣)"":""2,000"",""自營商賣出股數(自行買賣)"":""13,000"",""自營商買賣超股數(自行買賣)"":""-11,000"",""自營商買進股數(避險)"":""1,115"",""自營商賣出股數(避險)"":""8,793"",""自營商買賣超股數(避險)"":""-7,678"",""三大法人買賣超股數"":""-408,116""}"
2026-10-07,TWSE,4967,十銓            ,177153,602000,-424847,0,0,0,10000,23924,-13924,"{""證券代號"":""4967"",""證券名稱"":""十銓            "",""外陸資買進股數(不含外資自營商)"":""177,153"",""外陸資賣出股數(不含外資自營商)"":""602,000"",""外陸資買賣超股數(不含外資自營商)"":""-424,847"",""外資自營商買進股數"":""0"",""外資自營商賣出股數"":""0"",""外資自營商買賣超股數"":""0"",""投信買進股數"":""0"",""投信賣出股數"":""0"",""投信買賣超股數"":""0"",""自營商買賣超股數"":""-13,924"",""自營商買進股數(自行買賣)"":""0"",""自營商賣出股數(自行買賣)"":""0"",""自營商買賣超股數(自行買賣)"":""0"",""自營商買進股數(避險)"":""10,000"",""自營商賣出股數(避險)"":""23,924"",""自營商買賣超股數(避險)"":""-13,924"",""三大法人買賣超股數"":""-438,771""}"
2026-10-07,TWSE,2316,楠梓電          ,1980887,2498488,-517601,0,0,0,166726,94738,74988,"{""證券代號"":""2316"",""證券名稱"":""楠梓電          "",""外陸資買進股數(不含外資自營商)"":""1,980,887"",""外陸資賣出股數(不含外資自營商)"":""2,498,488"",""外陸資買賣超股數(不含外資自營商)"":""-517,601"",""外資自營商買進股數"":""0"",""外資自營商賣出股數"":""0"",""外資自營商買賣超股數"":""0"",""投信買進股數"":""0"",""投信賣出股數"":""0"",""投信買賣超股數"":""0"",""自營商買賣超股數"":""74,988"",""自營商買進股數(自行買賣)"":""3,000"",""自營商賣出股數(自行買賣)"":""0"",""自營商買賣超股數(自行買賣)"":""3,000"",""自營商買進股數(避險)"":""166,726"",""自營商賣出股數(避險)"":""94,738"",""自營商買賣超股數(避險)"":""71,988"",""三大法人買賣超股數"":""-442,613""}"
2026-10-07,TWSE,3311,閎暉            ,1510100,1913761,-403661,0,0,0,0,0,-46000,"{""證券代號"":""3311"",""證券名稱"":""閎暉            "",""外陸資買進股數(不含外資自營商)"":""1,510,100"",""外陸資賣出股數(不含外資自營商)"":""1,913,761"",""外陸資買賣超股數(不含外資自營商)"":""-403,661"",""外資自營商買進股數"":""0"",""外資自營商賣出股數"":""0"",""外資自營商買賣超股數"":""0"",""投信買進股數"":""0"",""投信賣出股數"":""0"",""投信買賣超股數"":""0"",""自營商買賣超股數"":""-46,000"",""自營商買進股數(自行買賣)"":""1,000"",""自營商賣出股數(自行買賣)"":""47,000"",""自營商買賣超股數(自行買賣)"":""-46,000"",""自營商買進股數(避險)"":""0"",""自營商賣出股數(避險)"":""0"",""自營商買賣超股數(避險)"":""0"",""三大法人買賣超股數"":""-449,661""}"
2026-10-07,TWSE,5388,中磊            ,1154000,1658000,-504000,0,0,0,56111,12495,53844,"{""證券代號"":""5388"",""證券名稱"":""中磊            "",""外陸資買進股數(不含外資自營商)"":""1,154,000"",""外陸資賣出股數(不含外資自營商)"":""1,658,000"",""外陸資買賣超股數(不含外資自營商)"":""-504,000"",""外資自營商買進股數"":""0"",""外資自營商賣出股數"":""0"",""外資自營商買賣超股數"":""0"",""投信買進股數"":""0"",""投信賣出股數"":""0"",""投信買賣超股數"":""0"",""自營商買賣超股數"":""53,844"",""自營商買進股數(自行買賣)"":""17,000"",""自營商賣出股數(自行買賣)"":""6,772"",""自營商買賣超股數(自行買賣)"":""10,228"",""自營商買進股數(避險)"":""56,111"",""自營商賣出股數(避險)"":""12,495"",""自營商買賣超股數(避險)"":""43,616"",""三大法人買賣超股數"":""-450,156""}"
2026-10-07,TWSE,00980A,主動野村臺灣優選,688042,961000,-272958,0,2372000,-2372000,2354107,301175,2193932,"{""證券代號"":""00980A"",""證券名稱"":""主動野村臺灣優選"",""外陸資買進股數(不含外資自營商)"":""688,042"",""外陸資賣出股數(不含外資自營商)"":""961,000"",""外陸資買賣超股數(不含外資自營商)"":""-272,958"",""外資自營商買進股數"":""0"",""外資自營商賣出股數"":""0"",""外資自營商買賣超股數"":""0"",""投信買進股數"":""0"",""投信賣出股數"":""2,372,000"",""投信買賣超股數"":""-2,372,000"",""自營商買賣超股數"":""2,193,932"",""自營商買進股數(自行買賣)"":""158,000"",""自營商賣出股數(自行買賣)"":""17,000"",""自營商買賣超股數(自行買賣)"":""141,000"",""自營商買進股數(避險)"":""2,354,107"",""自營商賣出股數(避險)"":""301,175"",""自營商買賣超股數(避險)"":""2,052,932"",""三大法人買賣超股數"":""-451,026""}"
2026-10-07,TWSE,5234,達興材料        ,262314,698749,-436435,0,4000,-4000,31535,39698,-11163,"{""證券代號"":""5234"",""證券名稱"":""達興材料        "",""外陸資買進股數(不含外資自營商)"":""262,314"",""外陸資賣出股數(不含外資自營商)"":""698,749"",""外陸資買賣超股數(不含外資自營商)"":""-436,435"",""外資自營商買進股數"":""0"",""外資自營商賣出股數"":""0"",""外資自營商買賣超股數"":""0"",""投信買進股數"":""0"",""投信賣出股數"":""4,000"",""投信買賣超股數"":""-4,000"",""自營商買賣超股數"":""-11,163"",""自營商買進股數(自行買賣)"":""0"",""自營商賣出股數(自行買賣)"":""3,000"",""自營商買賣超股數(自行買賣)"":""-3,000"",""自營商買進股數(避險)"":""31,535"",""自營商賣出股數(避險)"":""39,698"",""自營商買賣超股數(避險)"":""-8,163"",""三大法人買賣超股數"":""-451,598""}"
2026-10-07,TWSE,5608,四維航          ,286989,635000,-348011,0,0,0,0,0,-113000,"{""證券代號"":""5608"",""證券名稱"":""四維航          "",""外陸資買進股數(不含外資自營商)"":""286,989"",""外陸資賣出股數(不含外資自營商)"":""635,000"",""外陸資買賣超股數(不含外資自營商)"":""-348,011"",""外資自營商買進股數"":""0"",""外資自營商賣出股數"":""0"",""外資自營商買賣超股數"":""0"",""投信買進股數"":""0"",""投信賣出股數"":""0"",""投信買賣超股數"":""0"",""自營商買賣超股數"":""-113,000"",""自營商買進股數(自行買賣)"":""0"",""自營商賣出股數(自行買賣)"":""113,000"",""自營商買賣超股數(自行買賣)"":""-113,000"",""自營商買進股數(避險)"":""0"",""自營商賣出股數(避險)"":""0"",""自營商買賣超股數(避險)"":""0"",""三大法人買賣超股數"":""-461,011""}"
2026-10-07,TWSE,3704,合勤控          ,113000,574000,-461000,0,0,0,276,0,-5058,"{""證券代號"":""3704"",""證券名稱"":""合勤控          "",""外陸資買進股數(不含外資自營商)"":""113,000"",""外陸資賣出股數(不含外資自營商)"":""574,000"",""外陸資買賣超股數(不含外資自營商)"":""-461,000"",""外資自營商買進股數"":""0"",""外資自營商賣出股數"":""0"",""外資自營商買賣超股數"":""0"",""投信買進股數"":""0"",""投信賣出股數"":""0"",""投信買賣超股數"":""0"",""自營商買賣超股數"":""-5,058"",""自營商買進股數(自行買賣)"":""4,000"",""自營商賣出股數(自行買賣)"":""9,334"",""自營商買賣超股數(自行買賣)"":""-5,334"",""自營商買進股數(避險)"":""276"",""自營商賣出股數(避險)"":""0"",""自營商買賣超股數(避險)"":""276"",""三大法人買賣超股數"":""-466,058""}"
2026-10-07,TWSE,00995A,主動中信台灣卓越,318136,488000,-169864,0,0,0,1870736,2175323,-304587,"{""證券代號"":""00995A"",""證券名稱"":""主動中信台灣卓越"",""外陸資買進股數(不含外資自營商)"":""318,136"",""外陸資賣出股數(不含外資自營商)"":""488,000"",""外陸資買賣超股數(不含外資自營商)"":""-169,864"",""外資自營商買進股數"":""0"",""外資自營商賣出股數"":""0"",""外資自營商買賣超股數"":""0"",""投信買進股數"":""0"",""投信賣出股數"":""0"",""投信買賣超股數"":""0"",""自營商買賣超股數"":""-304,587"",""自營商買進股數(自行買賣)"":""0"",""自營商賣出股數(自行買賣)"":""0"",""自營商買賣超股數(自行買賣)"":""0"",""自營商買進股數(避險)"":""1,870,736"",""自營商賣出股數(避險)"":""2,175,323"",""自營商買賣超股數(避險)"":""-304,587"",""三大法人買賣超股數"":""-474,451""}"
2026-10-07,TWSE,6531,愛普*           ,1440011,1938323,-498312,14000,1060,12940,14865,26649,-14784,"{""證券代號"":""6531"",""證券名稱"":""愛普*           "",""外陸資買進股數(不含外資自營商)"":""1,440,011"",""外陸資賣出股數(不含外資自營商)"":""1,938,323"",""外陸資買賣超股數(不含外資自營商)"":""-498,312"",""外資自營商買進股數"":""0"",""外資自營商賣出股數"":""0"",""外資自營商買賣超股數"":""0"",""投信買進股數"":""14,000"",""投信賣出股數"":""1,060"",""投信買賣超股數"":""12,940"",""自營商買賣超股數"":""-14,784"",""自營商買進股數(自行買賣)"":""2,000"",""自營商賣出股數(自行買賣)"":""5,000"",""自營商買賣超股數(自行買賣)"":""-3,000"",""自營商買進股數(避險)"":""14,865"",""自營商賣出股數(避險)"":""26,649"",""自營商買賣超股數(避險)"":""-11,784"",""三大法人買賣超股數"":""-500,156""}"
2026-10-07,TWSE,2379,瑞昱            ,375638,972932,-597294,109000,23000,86000,65648,58563,5085,"{""證券代號"":""2379"",""證券名稱"":""瑞昱            "",""外陸資買進股數(不含外資自營商)"":""375,638"",""外陸資賣出股數(不含外資自營商)"":""972,932"",""外陸資買賣超股數(不含外資自營商)"":""-597,294"",""外資自營商買進股數"":""0"",""外資自營商賣出股數"":""0"",""外資自營商買賣超股數"":""0"",""投信買進股數"":""109,000"",""投信賣出股數"":""23,000"",""投信買賣超股數"":""86,000"",""自營商買賣超股數"":""5,085"",""自營商買進股數(自行買賣)"":""6,200"",""自營商賣出股數(自行買賣)"":""8,200"",""自營商買賣超股數(自行買賣)"":""-2,000"",""自營商買進股數(避險)"":""65,648"",""自營商賣出股數(避險)"":""58,563"",""自營商買賣超股數(避險)"":""7,085"",""三大法人買賣超股數"":""-506,209""}"
2026-10-07,TWSE,6919,康霈*           ,290039,810801,-520762,0,0,0,2000,6334,-4334,"{""證券代號"":""6919"",""證券名稱"":""康霈*           "",""外陸資買進股數(不含外資自營商)"":""290,039"",""外陸資賣出股數(不含外資自營商)"":""810,801"",""外陸資買賣超股數(不含外資自營商)"":""-520,762"",""外資自營商買進股數"":""0"",""外資自營商賣出股數"":""0"",""外資自營商買賣超股數"":""0"",""投信買進股數"":""0"",""投信賣出股數"":""0"",""投信買賣超股數"":""0"",""自營商買賣超股數"":""-4,334"",""自營商買進股數(自行買賣)"":""0"",""自營商賣出股數(自行買賣)"":""0"",""自營商買賣超股數(自行買賣)"":""0"",""自營商買進股數(避險)"":""2,000"",""自營商賣出股數(避險)"":""6,334"",""自營商買賣超股數(避險)"":""-4,334"",""三大法人買賣超股數"":""-525,096""}"
2026-10-07,TWSE,6669,緯穎            ,1695716,2179837,-484121,17020,34423,-17403,110502,144349,-29347,"{""證券代號"":""6669"",""證券名稱"":""緯穎            "",""外陸資買進股數(不含外資自營商)"":""1,695,716"",""外陸資賣出股數(不含外資自營商)"":""2,179,837"",""外陸資買賣超股數(不含外資自營商)"":""-484,121"",""外資自營商買進股數"":""0"",""外資自營商賣出股數"":""0"",""外資自營商買賣超股數"":""0"",""投信買進股數"":""17,020"",""投信賣出股數"":""34,423"",""投信買賣超股數"":""-17,403"",""自營商買賣超股數"":""-29,347"",""自營商買進股數(自行買賣)"":""19,000"",""自營商賣出股數(自行買賣)"":""14,500"",""自營商買賣超股數(自行買賣)"":""4,500"",""自營商買進股數(避險)"":""110,502"",""自營商賣出股數(避險)"":""144,349"",""自營商買賣超股數(避險)"":""-33,847"",""三大法人買賣超股數"":""-530,871""}"
2026-10-07,TWSE,1721,國慶科技        ,312825,856009,-543184,0,0,0,0,0,2000,"{""證券代號"":""1721"",""證券名稱"":""國慶科技        "",""外陸資買進股數(不含外資自營商)"":""312,825"",""外陸資賣出股數(不含外資自營商)"":""856,009"",""外陸資買賣超股數(不含外資自營商)"":""-543,184"",""外資自營商買進股數"":""0"",""外資自營商賣出股數"":""0"",""外資自營商買賣超股數"":""0"",""投信買進股數"":""0"",""投信賣出股數"":""0"",""投信買賣超股數"":""0"",""自營商買賣超股數"":""2,000"",""自營商買進股數(自行買賣)"":""2,000"",""自營商賣出股數(自行買賣)"":""0"",""自營商買賣超股數(自行買賣)"":""2,000"",""自營商買進股數(避險)"":""0"",""自營商賣出股數(避險)"":""0"",""自營商買賣超股數(避險)"":""0"",""三大法人買賣超股數"":""-541,184""}"
2026-10-07,TWSE,2485,兆赫            ,3296260,4127000,-830740,0,0,0,113287,29067,285220,"{""證券代號"":""2485"",""證券名稱"":""兆赫            "",""外陸資買進股數(不含外資自營商)"":""3,296,260"",""外陸資賣出股數(不含外資自營商)"":""4,127,000"",""外陸資買賣超股數(不含外資自營商)"":""-830,740"",""外資自營商買進股數"":""0"",""外資自營商賣出股數"":""0"",""外資自營商買賣超股數"":""0"",""投信買進股數"":""0"",""投信賣出股數"":""0"",""投信買賣超股數"":""0"",""自營商買賣超股數"":""285,220"",""自營商買進股數(自行買賣)"":""260,000"",""自營商賣出股數(自行買賣)"":""59,000"",""自營商買賣超股數(自行買賣)"":""201,000"",""自營商買進股數(避險)"":""113,287"",""自營商賣出股數(避險)"":""29,067"",""自營商買賣超股數(避險)"":""84,220"",""三大法人買賣超股數"":""-545,520""}"
2026-10-07,TWSE,6426,統新            ,341030,925000,-583970,0,0,0,40532,34264,7283,"{""證券代號"":""6426"",""證券名稱"":""統新            "",""外陸資買進股數(不含外資自營商)"":""341,030"",""外陸資賣出股數(不含外資自營商)"":""925,000"",""外陸資買賣超股數(不含外資自營商)"":""-583,970"",""外資自營商買進股數"":""0"",""外資自營商賣出股數"":""0"",""外資自營商買賣超股數"":""0"",""投信買進股數"":""0"",""投信賣出股數"":""0"",""投信買賣超股數"":""0"",""自營商買賣超股數"":""7,283"",""自營商買進股數(自行買賣)"":""6,015"",""自營商賣出股數(自行買賣)"":""5,000"",""自營商買賣超股數(自行買賣)"":""1,015"",""自營商買進股數(避險)"":""40,532"",""自營商賣出股數(避險)"":""34,264"",""自營商買賣超股數(避險)"":""6,268"",""三大法人買賣超股數"":""-576,687""}"
2026-10-07,TWSE,8210,勤誠            ,260390,772200,-511810,0,68000,-68000,25037,24348,689,"{""證券代號"":""8210"",""證券名稱"":""勤誠            "",""外陸資買進股數(不含外資自營商)"":""260,390"",""外陸資賣出股數(不含外資自營商)"":""772,200"",""外陸資買賣超股數(不含外資自營商)"":""-511,810"",""外資自營商買進股數"":""0"",""外資自營商賣出股數"":""0"",""外資自營商買賣超股數"":""0"",""投信買進股數"":""0"",""投信賣出股數"":""68,000"",""投信買賣超股數"":""-68,000"",""自營商買賣超股數"":""689"",""自營商買進股數(自行買賣)"":""57,000"",""自營商賣出股數(自行買賣)"":""57,000"",""自營商買賣超股數(自行買賣)"":""0"",""自營商買進股數(避險)"":""25,037"",""自營商賣出股數(避險)"":""24,348"",""自營商買賣超股數(避險)"":""689"",""三大法人買賣超股數"":""-579,121""}"
2026-10-07,TWSE,2892,第一金          ,7854095,8444771,-590676,127000,162136,-35136,50294,8139,42155,"{""證券代號"":""2892"",""證券名稱"":""第一金          "",""外陸資買進股數(不含外資自營商)"":""7,854,095"",""外陸資賣出股數(不含外資自營商)"":""8,444,771"",""外陸資買賣超股數(不含外資自營商)"":""-590,676"",""外資自營商買進股數"":""0"",""外資自營商賣出股數"":""0"",""外資自營商買賣超股數"":""0"",""投信買進股數"":""127,000"",""投信賣出股數"":""162,136"",""投信買賣超股數"":""-35,136"",""自營商買賣超股數"":""42,155"",""自營商買進股數(自行買賣)"":""20,000"",""自營商賣出股數(自行買賣)"":""20,000"",""自營商買賣超股數(自行買賣)"":""0"",""自營商買進股數(避險)"":""50,294"",""自營商賣出股數(避險)"":""8,139"",""自營商買賣超股數(避險)"":""42,155"",""三大法人買賣超股數"":""-583,657""}"
2026-10-07,TWSE,00715L,期街口布蘭特正2 ,34000,18000,16000,0,0,0,374581,976473,-601892,"{""證券代號"":""00715L"",""證券名稱"":""期街口布蘭特正2 "",""外陸資買進股數(不含外資自營商)"":""34,000"",""外陸資賣出股數(不含外資自營商)"":""18,000"",""外陸資買賣超股數(不含外資自營商)"":""16,000"",""外資自營商買進股數"":""0"",""外資自營商賣出股數"":""0"",""外資自營商買賣超股數"":""0"",""投信買進股數"":""0"",""投信賣出股數"":""0"",""投信買賣超股數"":""0"",""自營商買賣超股數"":""-601,892"",""自營商買進股數(自行買賣)"":""0"",""自營商賣出股數(自行買賣)"":""0"",""自營商買賣超股數(自行買賣)"":""0"",""自營商買進股數(避險)"":""374,581"",""自營商賣出股數(避險)"":""976,473"",""自營商買賣超股數(避險)"":""-601,892"",""三大法人買賣超股數"":""-585,892""}"
2026-10-07,TWSE,3014,聯陽            ,971410,1446000,-474590,56100,6237,49863,39018,44620,-163602,"{""證券代號"":""3014"",""證券名稱"":""聯陽            "",""外陸資買進股數(不含外資自營商)"":""971,410"",""外陸資賣出股數(不含外資自營商)"":""1,446,000"",""外陸資買賣超股數(不含外資自營商)"":""-474,590"",""外資自營商買進股數"":""0"",""外資自營商賣出股數"":""0"",""外資自營商買賣超股數"":""0"",""投信買進股數"":""56,100"",""投信賣出股數"":""6,237"",""投信買賣超股數"":""49,863"",""自營商買賣超股數"":""-163,602"",""自營商買進股數(自行買賣)"":""2,000"",""自營商賣出股數(自行買賣)"":""160,000"",""自營商買賣超股數(自行買賣)"":""-158,000"",""自營商買進股數(避險)"":""39,018"",""自營商賣出股數(避險)"":""44,620"",""自營商買賣超股數(避險)"":""-5,602"",""三大法人買賣超股數"":""-588,329""}"
2026-10-07,TWSE,6155,鈞寶            ,956143,1661366,-705223,0,0,0,114568,3433,113135,"{""證券代號"":""6155"",""證券名稱"":""鈞寶            "",""外陸資買進股數(不含外資自營商)"":""956,143"",""外陸資賣出股數(不含外資自營商)"":""1,661,366"",""外陸資買賣超股數(不含外資自營商)"":""-705,223"",""外資自營商買進股數"":""0"",""外資自營商賣出股數"":""0"",""外資自營商買賣超股數"":""0"",""投信買進股數"":""0"",""投信賣出股數"":""0"",""投信買賣超股數"":""0"",""自營商買賣超股數"":""113,135"",""自營商買進股數(自行買賣)"":""2,000"",""自營商賣出股數(自行買賣)"":""0"",""自營商買賣超股數(自行買賣)"":""2,000"",""自營商買進股數(避險)"":""114,568"",""自營商賣出股數(避險)"":""3,433"",""自營商買賣超股數(避險)"":""111,135"",""三大法人買賣超股數"":""-592,088""}"
2026-10-07,TWSE,6949,沛爾生醫*-創    ,512350,1028476,-516126,0,0,0,91109,95185,-84076,"{""證券代號"":""6949"",""證券名稱"":""沛爾生醫*-創    "",""外陸資買進股數(不含外資自營商)"":""512,350"",""外陸資賣出股數(不含外資自營商)"":""1,028,476"",""外陸資買賣超股數(不含外資自營商)"":""-516,126"",""外資自營商買進股數"":""0"",""外資自營商賣出股數"":""0"",""外資自營商買賣超股數"":""0"",""投信買進股數"":""0"",""投信賣出股數"":""0"",""投信買賣超股數"":""0"",""自營商買賣超股數"":""-84,076"",""自營商買進股數(自行買賣)"":""0"",""自營商賣出股數(自行買賣)"":""80,000"",""自營商買賣超股數(自行買賣)"":""-80,000"",""自營商買進股數(避險)"":""91,109"",""自營商賣出股數(避險)"":""95,185"",""自營商買賣超股數(避險)"":""-4,076"",""三大法人買賣超股數"":""-600,202""}"
2026-10-07,TWSE,00953B,群益優選非投等債,183500,0,183500,0,1060000,-1060000,1792500,1528469,264031,"{""證券代號"":""00953B"",""證券名稱"":""群益優選非投等債"",""外陸資買進股數(不含外資自營商)"":""183,500"",""外陸資賣出股數(不含外資自營商)"":""0"",""外陸資買賣超股數(不含外資自營商)"":""183,500"",""外資自營商買進股數"":""0"",""外資自營商賣出股數"":""0"",""外資自營商買賣超股數"":""0"",""投信買進股數"":""0"",""投信賣出股數"":""1,060,000"",""投信買賣超股數"":""-1,060,000"",""自營商買賣超股數"":""264,031"",""自營商買進股數(自行買賣)"":""0"",""自營商賣出股數(自行買賣)"":""0"",""自營商買賣超股數(自行買賣)"":""0"",""自營商買進股數(避險)"":""1,792,500"",""自營商賣出股數(避險)"":""1,528,469"",""自營商買賣超股數(避險)"":""264,031"",""三大法人買賣超股數"":""-612,469""}"
2026-10-07,TWSE,5243,乙盛-KY         ,215010,798000,-582990,0,0,0,32507,70693,-37186,"{""證券代號"":""5243"",""證券名稱"":""乙盛-KY         "",""外陸資買進股數(不含外資自營商)"":""215,010"",""外陸資賣出股數(不含外資自營商)"":""798,000"",""外陸資買賣超股數(不含外資自營商)"":""-582,990"",""外資自營商買進股數"":""0"",""外資自營商賣出股數"":""0"",""外資自營商買賣超股數"":""0"",""投信買進股數"":""0"",""投信賣出股數"":""0"",""投信買賣超股數"":""0"",""自營商買賣超股數"":""-37,186"",""自營商買進股數(自行買賣)"":""1,000"",""自營商賣出股數(自行買賣)"":""0"",""自營商買賣超股數(自行買賣)"":""1,000"",""自營商買進股數(避險)"":""32,507"",""自營商賣出股數(避險)"":""70,693"",""自營商買賣超股數(避險)"":""-38,186"",""三大法人買賣超股數"":""-620,176""}"
2026-10-07,TWSE,00405A,主動富邦台灣龍耀,4130150,9267000,-5136850,0,0,0,14130590,9643417,4515173,"{""證券代號"":""00405A"",""證券名稱"":""主動富邦台灣龍耀"",""外陸資買進股數(不含外資自營商)"":""4,130,150"",""外陸資賣出股數(不含外資自營商)"":""9,267,000"",""外陸資買賣超股數(不含外資自營商)"":""-5,136,850"",""外資自營商買進股數"":""0"",""外資自營商賣出股數"":""0"",""外資自營商買賣超股數"":""0"",""投信買進股數"":""0"",""投信賣出股數"":""0"",""投信買賣超股數"":""0"",""自營商買賣超股數"":""4,515,173"",""自營商買進股數(自行買賣)"":""28,000"",""自營商賣出股數(自行買賣)"":""0"",""自營商買賣超股數(自行買賣)"":""28,000"",""自營商買進股數(避險)"":""14,130,590"",""自營商賣出股數(避險)"":""9,643,417"",""自營商買賣超股數(避險)"":""4,487,173"",""三大法人買賣超股數"":""-621,677""}"
2026-10-07,TWSE,2603,長榮            ,3388547,4064770,-676223,351990,162593,189397,100262,121008,-148961,"{""證券代號"":""2603"",""證券名稱"":""長榮            "",""外陸資買進股數(不含外資自營商)"":""3,388,547"",""外陸資賣出股數(不含外資自營商)"":""4,064,770"",""外陸資買賣超股數(不含外資自營商)"":""-676,223"",""外資自營商買進股數"":""0"",""外資自營商賣出股數"":""0"",""外資自營商買賣超股數"":""0"",""投信買進股數"":""351,990"",""投信賣出股數"":""162,593"",""投信買賣超股數"":""189,397"",""自營商買賣超股數"":""-148,961"",""自營商買進股數(自行買賣)"":""17,000"",""自營商賣出股數(自行買賣)"":""145,215"",""自營商買賣超股數(自行買賣)"":""-128,215"",""自營商買進股數(避險)"":""100,262"",""自營商賣出股數(避險)"":""121,008"",""自營商買賣超股數(避險)"":""-20,746"",""三大法人買賣超股數"":""-635,787""}"
2026-10-07,TWSE,2399,映泰            ,2313653,2943000,-629347,0,0,0,21000,28831,-11831,"{""證券代號"":""2399"",""證券名稱"":""映泰            "",""外陸資買進股數(不含外資自營商)"":""2,313,653"",""外陸資賣出股數(不含外資自營商)"":""2,943,000"",""外陸資買賣超股數(不含外資自營商)"":""-629,347"",""外資自營商買進股數"":""0"",""外資自營商賣出股數"":""0"",""外資自營商買賣超股數"":""0"",""投信買進股數"":""0"",""投信賣出股數"":""0"",""投信買賣超股數"":""0"",""自營商買賣超股數"":""-11,831"",""自營商買進股數(自行買賣)"":""5,000"",""自營商賣出股數(自行買賣)"":""9,000"",""自營商買賣超股數(自行買賣)"":""-4,000"",""自營商買進股數(避險)"":""21,000"",""自營商賣出股數(避險)"":""28,831"",""自營商買賣超股數(避險)"":""-7,831"",""三大法人買賣超股數"":""-641,178""}"
2026-10-07,TWSE,2330,台積電          ,9935838,11099189,-1163351,297163,230237,66926,202142,4585,447067,"{""證券代號"":""2330"",""證券名稱"":""台積電          "",""外陸資買進股數(不含外資自營商)"":""9,935,838"",""外陸資賣出股數(不含外資自營商)"":""11,099,189"",""外陸資買賣超股數(不含外資自營商)"":""-1,163,351"",""外資自營商買進股數"":""0"",""外資自營商賣出股數"":""0"",""外資自營商買賣超股數"":""0"",""投信買進股數"":""297,163"",""投信賣出股數"":""230,237"",""投信買賣超股數"":""66,926"",""自營商買賣超股數"":""447,067"",""自營商買進股數(自行買賣)"":""273,320"",""自營商賣出股數(自行買賣)"":""23,810"",""自營商買賣超股數(自行買賣)"":""249,510"",""自營商買進股數(避險)"":""202,142"",""自營商賣出股數(避險)"":""4,585"",""自營商買賣超股數(避險)"":""197,557"",""三大法人買賣超股數"":""-649,358""}"
2026-10-07,TWSE,3209,全科            ,517000,1164262,-647262,0,0,0,0,32410,-32410,"{""證券代號"":""3209"",""證券名稱"":""全科            "",""外陸資買進股數(不含外資自營商)"":""517,000"",""外陸資賣出股數(不含外資自營商)"":""1,164,262"",""外陸資買賣超股數(不含外資自營商)"":""-647,262"",""外資自營商買進股數"":""0"",""外資自營商賣出股數"":""0"",""外資自營商買賣超股數"":""0"",""投信買進股數"":""0"",""投信賣出股數"":""0"",""投信買賣超股數"":""0"",""自營商買賣超股數"":""-32,410"",""自營商買進股數(自行買賣)"":""0"",""自營商賣出股數(自行買賣)"":""0"",""自營商買賣超股數(自行買賣)"":""0"",""自營商買進股數(避險)"":""0"",""自營商賣出股數(避險)"":""32,410"",""自營商買賣超股數(避險)"":""-32,410"",""三大法人買賣超股數"":""-679,672""}"
2026-10-07,TWSE,5521,工信            ,577068,1259000,-681932,0,0,0,0,0,0,"{""證券代號"":""5521"",""證券名稱"":""工信            "",""外陸資買進股數(不含外資自營商)"":""577,068"",""外陸資賣出股數(不含外資自營商)"":""1,259,000"",""外陸資買賣超股數(不含外資自營商)"":""-681,932"",""外資自營商買進股數"":""0"",""外資自營商賣出股數"":""0"",""外資自營商買賣超股數"":""0"",""投信買進股數"":""0"",""投信賣出股數"":""0"",""投信買賣超股數"":""0"",""自營商買賣超股數"":""0"",""自營商買進股數(自行買賣)"":""0"",""自營商賣出股數(自行買賣)"":""0"",""自營商買賣超股數(自行買賣)"":""0"",""自營商買進股數(避險)"":""0"",""自營商賣出股數(避險)"":""0"",""自營商買賣超股數(避險)"":""0"",""三大法人買賣超股數"":""-681,932""}"
2026-10-07,TWSE,2646,星宇航空        ,279000,887000,-608000,0,0,0,0,13000,-80000,"{""證券代號"":""2646"",""證券名稱"":""星宇航空        "",""外陸資買進股數(不含外資自營商)"":""279,000"",""外陸資賣出股數(不含外資自營商)"":""887,000"",""外陸資買賣超股數(不含外資自營商)"":""-608,000"",""外資自營商買進股數"":""0"",""外資自營商賣出股數"":""0"",""外資自營商買賣超股數"":""0"",""投信買進股數"":""0"",""投信賣出股數"":""0"",""投信買賣超股數"":""0"",""自營商買賣超股數"":""-80,000"",""自營商買進股數(自行買賣)"":""0"",""自營商賣出股數(自行買賣)"":""67,000"",""自營商買賣超股數(自行買賣)"":""-67,000"",""自營商買進股數(避險)"":""0"",""自營商賣出股數(避險)"":""13,000"",""自營商買賣超股數(避險)"":""-13,000"",""三大法人買賣超股數"":""-688,000""}"
2026-10-07,TWSE,00865B,國泰US短期公債  ,17010,19000,-1990,0,0,0,174000,865483,-691483,"{""證券代號"":""00865B"",""證券名稱"":""國泰US短期公債  "",""外陸資買進股數(不含外資自營商)"":""17,010"",""外陸資賣出股數(不含外資自營商)"":""19,000"",""外陸資買賣超股數(不含外資自營商)"":""-1,990"",""外資自營商買進股數"":""0"",""外資自營商賣出股數"":""0"",""外資自營商買賣超股數"":""0"",""投信買進股數"":""0"",""投信賣出股數"":""0"",""投信買賣超股數"":""0"",""自營商買賣超股數"":""-691,483"",""自營商買進股數(自行買賣)"":""0"",""自營商賣出股數(自行買賣)"":""0"",""自營商買賣超股數(自行買賣)"":""0"",""自營商買進股數(避險)"":""174,000"",""自營商賣出股數(避險)"":""865,483"",""自營商買賣超股數(避險)"":""-691,483"",""三大法人買賣超股數"":""-693,473""}"
2026-10-07,TWSE,4915,致伸            ,737100,674000,63100,0,765185,-765185,1000,9585,-5697,"{""證券代號"":""4915"",""證券名稱"":""致伸            "",""外陸資買進股數(不含外資自營商)"":""737,100"",""外陸資賣出股數(不含外資自營商)"":""674,000"",""外陸資買賣超股數(不含外資自營商)"":""63,100"",""外資自營商買進股數"":""0"",""外資自營商賣出股數"":""0"",""外資自營商買賣超股數"":""0"",""投信買進股數"":""0"",""投信賣出股數"":""765,185"",""投信買賣超股數"":""-765,185"",""自營商買賣超股數"":""-5,697"",""自營商買進股數(自行買賣)"":""7,000"",""自營商賣出股數(自行買賣)"":""4,112"",""自營商買賣超股數(自行買賣)"":""2,888"",""自營商買進股數(避險)"":""1,000"",""自營商賣出股數(避險)"":""9,585"",""自營商買賣超股數(避險)"":""-8,585"",""三大法人買賣超股數"":""-707,782""}"
2026-10-07,TWSE,8163,達方            ,156000,852000,-696000,0,0,0,1000,3933,-13643,"{""證券代號"":""8163"",""證券名稱"":""達方            "",""外陸資買進股數(不含外資自營商)"":""156,000"",""外陸資賣出股數(不含外資自營商)"":""852,000"",""外陸資買賣超股數(不含外資自營商)"":""-696,000"",""外資自營商買進股數"":""0"",""外資自營商賣出股數"":""0"",""外資自營商買賣超股數"":""0"",""投信買進股數"":""0"",""投信賣出股數"":""0"",""投信買賣超股數"":""0"",""自營商買賣超股數"":""-13,643"",""自營商買進股數(自行買賣)"":""3,000"",""自營商賣出股數(自行買賣)"":""13,710"",""自營商買賣超股數(自行買賣)"":""-10,710"",""自營商買進股數(避險)"":""1,000"",""自營商賣出股數(避險)"":""3,933"",""自營商買賣超股數(避險)"":""-2,933"",""三大法人買賣超股數"":""-709,643""}"
2026-10-07,TWSE,4938,和碩            ,1370733,2045425,-674692,21000,165217,-144217,80858,14271,66587,"{""證券代號"":""4938"",""證券名稱"":""和碩            "",""外陸資買進股數(不含外資自營商)"":""1,370,733"",""外陸資賣出股數(不含外資自營商)"":""2,045,425"",""外陸資買賣超股數(不含外資自營商)"":""-674,692"",""外資自營商買進股數"":""0"",""外資自營商賣出股數"":""0"",""外資自營商買賣超股數"":""0"",""投信買進股數"":""21,000"",""投信賣出股數"":""165,217"",""投信買賣超股數"":""-144,217"",""自營商買賣超股數"":""66,587"",""自營商買進股數(自行買賣)"":""0"",""自營商賣出股數(自行買賣)"":""0"",""自營商買賣超股數(自行買賣)"":""0"",""自營商買進股數(避險)"":""80,858"",""自營商賣出股數(避險)"":""14,271"",""自營商買賣超股數(避險)"":""66,587"",""三大法人買賣超股數"":""-752,322""}"
2026-10-07,TWSE,3034,聯詠            ,638457,1498477,-860020,158000,63408,94592,73112,66411,-5201,"{""證券代號"":""3034"",""證券名稱"":""聯詠            "",""外陸資買進股數(不含外資自營商)"":""638,457"",""外陸資賣出股數(不含外資自營商)"":""1,498,477"",""外陸資買賣超股數(不含外資自營商)"":""-860,020"",""外資自營商買進股數"":""0"",""外資自營商賣出股數"":""0"",""外資自營商買賣超股數"":""0"",""投信買進股數"":""158,000"",""投信賣出股數"":""63,408"",""投信買賣超股數"":""94,592"",""自營商買賣超股數"":""-5,201"",""自營商買進股數(自行買賣)"":""7,000"",""自營商賣出股數(自行買賣)"":""18,902"",""自營商買賣超股數(自行買賣)"":""-11,902"",""自營商買進股數(避險)"":""73,112"",""自營商賣出股數(避險)"":""66,411"",""自營商買賣超股數(避險)"":""6,701"",""三大法人買賣超股數"":""-770,629""}"
2026-10-07,TWSE,3036,文曄            ,2128334,4143026,-2014692,1347000,54000,1293000,56694,65259,-53565,"{""證券代號"":""3036"",""證券名稱"":""文曄            "",""外陸資買進股數(不含外資自營商)"":""2,128,334"",""外陸資賣出股數(不含外資自營商)"":""4,143,026"",""外陸資買賣超股數(不含外資自營商)"":""-2,014,692"",""外資自營商買進股數"":""0"",""外資自營商賣出股數"":""0"",""外資自營商買賣超股數"":""0"",""投信買進股數"":""1,347,000"",""投信賣出股數"":""54,000"",""投信買賣超股數"":""1,293,000"",""自營商買賣超股數"":""-53,565"",""自營商買進股數(自行買賣)"":""0"",""自營商賣出股數(自行買賣)"":""45,000"",""自營商買賣超股數(自行買賣)"":""-45,000"",""自營商買進股數(避險)"":""56,694"",""自營商賣出股數(避險)"":""65,259"",""自營商買賣超股數(避險)"":""-8,565"",""三大法人買賣超股數"":""-775,257""}"
2026-10-07,TWSE,7788,松川精密        ,1045580,1669934,-624354,0,0,0,7000,107992,-162077,"{""證券代號"":""7788"",""證券名稱"":""松川精密        "",""外陸資買進股數(不含外資自營商)"":""1,045,580"",""外陸資賣出股數(不含外資自營商)"":""1,669,934"",""外陸資買賣超股數(不含外資自營商)"":""-624,354"",""外資自營商買進股數"":""0"",""外資自營商賣出股數"":""0"",""外資自營商買賣超股數"":""0"",""投信買進股數"":""0"",""投信賣出股數"":""0"",""投信買賣超股數"":""0"",""自營商買賣超股數"":""-162,077"",""自營商買進股數(自行買賣)"":""2,000"",""自營商賣出股數(自行買賣)"":""63,085"",""自營商買賣超股數(自行買賣)"":""-61,085"",""自營商買進股數(避險)"":""7,000"",""自營商賣出股數(避險)"":""107,992"",""自營商買賣超股數(避險)"":""-100,992"",""三大法人買賣超股數"":""-786,431""}"
2026-10-07,TWSE,6213,聯茂            ,4840984,5200142,-359158,41000,117000,-76000,8606,25742,-356678,"{""證券代號"":""6213"",""證券名稱"":""聯茂            "",""外陸資買進股數(不含外資自營商)"":""4,840,984"",""外陸資賣出股數(不含外資自營商)"":""5,200,142"",""外陸資買賣超股數(不含外資自營商)"":""-359,158"",""外資自營商買進股數"":""0"",""外資自營商賣出股數"":""0"",""外資自營商買賣超股數"":""0"",""投信買進股數"":""41,000"",""投信賣出股數"":""117,000"",""投信買賣超股數"":""-76,000"",""自營商買賣超股數"":""-356,678"",""自營商買進股數(自行買賣)"":""212,163"",""自營商賣出股數(自行買賣)"":""551,705"",""自營商買賣超股數(自行買賣)"":""-339,542"",""自營商買進股數(避險)"":""8,606"",""自營商賣出股數(避險)"":""25,742"",""自營商買賣超股數(避險)"":""-17,136"",""三大法人買賣超股數"":""-791,836""}"
2026-10-07,TWSE,9933,中鼎            ,1463053,2397701,-934648,0,57400,-57400,0,0,146432,"{""證券代號"":""9933"",""證券名稱"":""中鼎            "",""外陸資買進股數(不含外資自營商)"":""1,463,053"",""外陸資賣出股數(不含外資自營商)"":""2,397,701"",""外陸資買賣超股數(不含外資自營商)"":""-934,648"",""外資自營商買進股數"":""0"",""外資自營商賣出股數"":""0"",""外資自營商買賣超股數"":""0"",""投信買進股數"":""0"",""投信賣出股數"":""57,400"",""投信買賣超股數"":""-57,400"",""自營商買賣超股數"":""146,432"",""自營商買進股數(自行買賣)"":""183,000"",""自營商賣出股數(自行買賣)"":""36,568"",""自營商買賣超股數(自行買賣)"":""146,432"",""自營商買進股數(避險)"":""0"",""自營商賣出股數(避險)"":""0"",""自營商買賣超股數(避險)"":""0"",""三大法人買賣超股數"":""-845,616""}"
2026-10-07,TWSE,8261,富鼎            ,996069,1825140,-829071,0,0,0,65451,95947,-17496,"{""證券代號"":""8261"",""證券名稱"":""富鼎            "",""外陸資買進股數(不含外資自營商)"":""996,069"",""外陸資賣出股數(不含外資自營商)"":""1,825,140"",""外陸資買賣超股數(不含外資自營商)"":""-829,071"",""外資自營商買進股數"":""0"",""外資自營商賣出股數"":""0"",""外資自營商買賣超股數"":""0"",""投信買進股數"":""0"",""投信賣出股數"":""0"",""投信買賣超股數"":""0"",""自營商買賣超股數"":""-17,496"",""自營商買進股數(自行買賣)"":""13,000"",""自營商賣出股數(自行買賣)"":""0"",""自營商買賣超股數(自行買賣)"":""13,000"",""自營商買進股數(避險)"":""65,451"",""自營商賣出股數(避險)"":""95,947"",""自營商買賣超股數(避險)"":""-30,496"",""三大法人買賣超股數"":""-846,567""}"
2026-10-07,TWSE,009821,野村稀土關鍵資源,490000,27000,463000,0,0,0,2063000,3383901,-1320901,"{""證券代號"":""009821"",""證券名稱"":""野村稀土關鍵資源"",""外陸資買進股數(不含外資自營商)"":""490,000"",""外陸資賣出股數(不含外資自營商)"":""27,000"",""外陸資買賣超股數(不含外資自營商)"":""463,000"",""外資自營商買進股數"":""0"",""外資自營商賣出股數"":""0"",""外資自營商買賣超股數"":""0"",""投信買進股數"":""0"",""投信賣出股數"":""0"",""投信買賣超股數"":""0"",""自營商買賣超股數"":""-1,320,901"",""自營商買進股數(自行買賣)"":""0"",""自營商賣出股數(自行買賣)"":""0"",""自營商買賣超股數(自行買賣)"":""0"",""自營商買進股數(避險)"":""2,063,000"",""自營商賣出股數(避險)"":""3,383,901"",""自營商買賣超股數(避險)"":""-1,320,901"",""三大法人買賣超股數"":""-857,901""}"
2026-10-07,TWSE,4927,泰鼎-KY         ,7590048,8657156,-1067108,0,0,0,0,0,200722,"{""證券代號"":""4927"",""證券名稱"":""泰鼎-KY         "",""外陸資買進股數(不含外資自營商)"":""7,590,048"",""外陸資賣出股數(不含外資自營商)"":""8,657,156"",""外陸資買賣超股數(不含外資自營商)"":""-1,067,108"",""外資自營商買進股數"":""0"",""外資自營商賣出股數"":""0"",""外資自營商買賣超股數"":""0"",""投信買進股數"":""0"",""投信賣出股數"":""0"",""投信買賣超股數"":""0"",""自營商買賣超股數"":""200,722"",""自營商買進股數(自行買賣)"":""203,000"",""自營商賣出股數(自行買賣)"":""2,278"",""自營商買賣超股數(自行買賣)"":""200,722"",""自營商買進股數(避險)"":""0"",""自營商賣出股數(避險)"":""0"",""自營商買賣超股數(避險)"":""0"",""三大法人買賣超股數"":""-866,386""}"
2026-10-07,TWSE,2605,新興            ,2599000,3658274,-1059274,0,1000,-1000,48095,78047,184048,"{""證券代號"":""2605"",""證券名稱"":""新興            "",""外陸資買進股數(不含外資自營商)"":""2,599,000"",""外陸資賣出股數(不含外資自營商)"":""3,658,274"",""外陸資買賣超股數(不含外資自營商)"":""-1,059,274"",""外資自營商買進股數"":""0"",""外資自營商賣出股數"":""0"",""外資自營商買賣超股數"":""0"",""投信買進股數"":""0"",""投信賣出股數"":""1,000"",""投信買賣超股數"":""-1,000"",""自營商買賣超股數"":""184,048"",""自營商買進股數(自行買賣)"":""226,000"",""自營商賣出股數(自行買賣)"":""12,000"",""自營商買賣超股數(自行買賣)"":""214,000"",""自營商買進股數(避險)"":""48,095"",""自營商賣出股數(避險)"":""78,047"",""自營商買賣超股數(避險)"":""-29,952"",""三大法人買賣超股數"":""-876,226""}"
2026-10-07,TWSE,2375,凱美            ,2774613,3725625,-951012,0,0,0,94908,72332,70828,"{""證券代號"":""2375"",""證券名稱"":""凱美            "",""外陸資買進股數(不含外資自營商)"":""2,774,613"",""外陸資賣出股數(不含外資自營商)"":""3,725,625"",""外陸資買賣超股數(不含外資自營商)"":""-951,012"",""外資自營商買進股數"":""0"",""外資自營商賣出股數"":""0"",""外資自營商買賣超股數"":""0"",""投信買進股數"":""0"",""投信賣出股數"":""0"",""投信買賣超股數"":""0"",""自營商買賣超股數"":""70,828"",""自營商買進股數(自行買賣)"":""55,297"",""自營商賣出股數(自行買賣)"":""7,045"",""自營商買賣超股數(自行買賣)"":""48,252"",""自營商買進股數(避險)"":""94,908"",""自營商賣出股數(避險)"":""72,332"",""自營商買賣超股數(避險)"":""22,576"",""三大法人買賣超股數"":""-880,184""}"
2026-10-07,TWSE,00410A,主動永豐科技趨勢,72000,1112000,-1040000,0,0,0,1139272,990746,148526,"{""證券代號"":""00410A"",""證券名稱"":""主動永豐科技趨勢"",""外陸資買進股數(不含外資自營商)"":""72,000"",""外陸資賣出股數(不含外資自營商)"":""1,112,000"",""外陸資買賣超股數(不含外資自營商)"":""-1,040,000"",""外資自營商買進股數"":""0"",""外資自營商賣出股數"":""0"",""外資自營商買賣超股數"":""0"",""投信買進股數"":""0"",""投信賣出股數"":""0"",""投信買賣超股數"":""0"",""自營商買賣超股數"":""148,526"",""自營商買進股數(自行買賣)"":""0"",""自營商賣出股數(自行買賣)"":""0"",""自營商買賣超股數(自行買賣)"":""0"",""自營商買進股數(避險)"":""1,139,272"",""自營商賣出股數(避險)"":""990,746"",""自營商買賣超股數(避險)"":""148,526"",""三大法人買賣超股數"":""-891,474""}"
2026-10-07,TWSE,2601,益航            ,181845,1050005,-868160,0,0,0,0,0,-28000,"{""證券代號"":""2601"",""證券名稱"":""益航            "",""外陸資買進股數(不含外資自營商)"":""181,845"",""外陸資賣出股數(不含外資自營商)"":""1,050,005"",""外陸資買賣超股數(不含外資自營商)"":""-868,160"",""外資自營商買進股數"":""0"",""外資自營商賣出股數"":""0"",""外資自營商買賣超股數"":""0"",""投信買進股數"":""0"",""投信賣出股數"":""0"",""投信買賣超股數"":""0"",""自營商買賣超股數"":""-28,000"",""自營商買進股數(自行買賣)"":""0"",""自營商賣出股數(自行買賣)"":""28,000"",""自營商買賣超股數(自行買賣)"":""-28,000"",""自營商買進股數(避險)"":""0"",""自營商賣出股數(避險)"":""0"",""自營商買賣超股數(避險)"":""0"",""三大法人買賣超股數"":""-896,160""}"
2026-10-07,TWSE,1727,中華化          ,1134378,2024559,-890181,0,0,0,57080,68987,-11907,"{""證券代號"":""1727"",""證券名稱"":""中華化          "",""外陸資買進股數(不含外資自營商)"":""1,134,378"",""外陸資賣出股數(不含外資自營商)"":""2,024,559"",""外陸資買賣超股數(不含外資自營商)"":""-890,181"",""外資自營商買進股數"":""0"",""外資自營商賣出股數"":""0"",""外資自營商買賣超股數"":""0"",""投信買進股數"":""0"",""投信賣出股數"":""0"",""投信買賣超股數"":""0"",""自營商買賣超股數"":""-11,907"",""自營商買進股數(自行買賣)"":""0"",""自營商賣出股數(自行買賣)"":""0"",""自營商買賣超股數(自行買賣)"":""0"",""自營商買進股數(避險)"":""57,080"",""自營商賣出股數(避險)"":""68,987"",""自營商買賣超股數(避險)"":""-11,907"",""三大法人買賣超股數"":""-902,088""}"
2026-10-07,TWSE,00641R,富邦日本反1     ,0,0,0,0,0,0,0,920000,-920000,"{""證券代號"":""00641R"",""證券名稱"":""富邦日本反1     "",""外陸資買進股數(不含外資自營商)"":""0"",""外陸資賣出股數(不含外資自營商)"":""0"",""外陸資買賣超股數(不含外資自營商)"":""0"",""外資自營商買進股數"":""0"",""外資自營商賣出股數"":""0"",""外資自營商買賣超股數"":""0"",""投信買進股數"":""0"",""投信賣出股數"":""0"",""投信買賣超股數"":""0"",""自營商買賣超股數"":""-920,000"",""自營商買進股數(自行買賣)"":""0"",""自營商賣出股數(自行買賣)"":""0"",""自營商買賣超股數(自行買賣)"":""0"",""自營商買進股數(避險)"":""0"",""自營商賣出股數(避險)"":""920,000"",""自營商買賣超股數(避險)"":""-920,000"",""三大法人買賣超股數"":""-920,000""}"
2026-10-07,TWSE,6120,達運            ,987385,1861480,-874095,0,0,0,0,0,-51000,"{""證券代號"":""6120"",""證券名稱"":""達運            "",""外陸資買進股數(不含外資自營商)"":""987,385"",""外陸資賣出股數(不含外資自營商)"":""1,861,480"",""外陸資買賣超股數(不含外資自營商)"":""-874,095"",""外資自營商買進股數"":""0"",""外資自營商賣出股數"":""0"",""外資自營商買賣超股數"":""0"",""投信買進股數"":""0"",""投信賣出股數"":""0"",""投信買賣超股數"":""0"",""自營商買賣超股數"":""-51,000"",""自營商買進股數(自行買賣)"":""0"",""自營商賣出股數(自行買賣)"":""51,000"",""自營商買賣超股數(自行買賣)"":""-51,000"",""自營商買進股數(避險)"":""0"",""自營商賣出股數(避險)"":""0"",""自營商買賣超股數(避險)"":""0"",""三大法人買賣超股數"":""-925,095""}"
2026-10-07,TWSE,2368,金像電          ,3176157,4992381,-1816224,1121000,18443,1102557,117865,220341,-219976,"{""證券代號"":""2368"",""證券名稱"":""金像電          "",""外陸資買進股數(不含外資自營商)"":""3,176,157"",""外陸資賣出股數(不含外資自營商)"":""4,992,381"",""外陸資買賣超股數(不含外資自營商)"":""-1,816,224"",""外資自營商買進股數"":""0"",""外資自營商賣出股數"":""0"",""外資自營商買賣超股數"":""0"",""投信買進股數"":""1,121,000"",""投信賣出股數"":""18,443"",""投信買賣超股數"":""1,102,557"",""自營商買賣超股數"":""-219,976"",""自營商買進股數(自行買賣)"":""58,400"",""自營商賣出股數(自行買賣)"":""175,900"",""自營商買賣超股數(自行買賣)"":""-117,500"",""自營商買進股數(避險)"":""117,865"",""自營商賣出股數(避險)"":""220,341"",""自營商買賣超股數(避險)"":""-102,476"",""三大法人買賣超股數"":""-933,643""}"
2026-10-07,TWSE,2634,漢翔            ,366090,1293000,-926910,0,14000,-14000,11000,52476,-3476,"{""證券代號"":""2634"",""證券名稱"":""漢翔            "",""外陸資買進股數(不含外資自營商)"":""366,090"",""外陸資賣出股數(不含外資自營商)"":""1,293,000"",""外陸資買賣超股數(不含外資自營商)"":""-926,910"",""外資自營商買進股數"":""0"",""外資自營商賣出股數"":""0"",""外資自營商買賣超股數"":""0"",""投信買進股數"":""0"",""投信賣出股數"":""14,000"",""投信買賣超股數"":""-14,000"",""自營商買賣超股數"":""-3,476"",""自營商買進股數(自行買賣)"":""48,000"",""自營商賣出股數(自行買賣)"":""10,000"",""自營商買賣超股數(自行買賣)"":""38,000"",""自營商買進股數(避險)"":""11,000"",""自營商賣出股數(避險)"":""52,476"",""自營商買賣超股數(避險)"":""-41,476"",""三大法人買賣超股數"":""-944,386""}"
2026-10-07,TWSE,2354,鴻準            ,1907838,2811003,-903165,0,0,0,29000,94017,-77097,"{""證券代號"":""2354"",""證券名稱"":""鴻準            "",""外陸資買進股數(不含外資自營商)"":""1,907,838"",""外陸資賣出股數(不含外資自營商)"":""2,811,003"",""外陸資買賣超股數(不含外資自營商)"":""-903,165"",""外資自營商買進股數"":""0"",""外資自營商賣出股數"":""0"",""外資自營商買賣超股數"":""0"",""投信買進股數"":""0"",""投信賣出股數"":""0"",""投信買賣超股數"":""0"",""自營商買賣超股數"":""-77,097"",""自營商買進股數(自行買賣)"":""3,000"",""自營商賣出股數(自行買賣)"":""15,080"",""自營商買賣超股數(自行買賣)"":""-12,080"",""自營商買進股數(避險)"":""29,000"",""自營商賣出股數(避險)"":""94,017"",""自營商買賣超股數(避險)"":""-65,017"",""三大法人買賣超股數"":""-980,262""}"
2026-10-07,TWSE,8021,尖點            ,1982594,3134660,-1152066,228000,0,228000,0,74000,-58868,"{""證券代號"":""8021"",""證券名稱"":""尖點            "",""外陸資買進股數(不含外資自營商)"":""1,982,594"",""外陸資賣出股數(不含外資自營商)"":""3,134,660"",""外陸資買賣超股數(不含外資自營商)"":""-1,152,066"",""外資自營商買進股數"":""0"",""外資自營商賣出股數"":""0"",""外資自營商買賣超股數"":""0"",""投信買進股數"":""228,000"",""投信賣出股數"":""0"",""投信買賣超股數"":""228,000"",""自營商買賣超股數"":""-58,868"",""自營商買進股數(自行買賣)"":""75,187"",""自營商賣出股數(自行買賣)"":""60,055"",""自營商買賣超股數(自行買賣)"":""15,132"",""自營商買進股數(避險)"":""0"",""自營商賣出股數(避險)"":""74,000"",""自營商買賣超股數(避險)"":""-74,000"",""三大法人買賣超股數"":""-982,934""}"
2026-10-07,TWSE,2436,偉詮電          ,1177358,1899988,-722630,0,0,0,0,356220,-353220,"{""證券代號"":""2436"",""證券名稱"":""偉詮電          "",""外陸資買進股數(不含外資自營商)"":""1,177,358"",""外陸資賣出股數(不含外資自營商)"":""1,899,988"",""外陸資買賣超股數(不含外資自營商)"":""-722,630"",""外資自營商買進股數"":""0"",""外資自營商賣出股數"":""0"",""外資自營商買賣超股數"":""0"",""投信買進股數"":""0"",""投信賣出股數"":""0"",""投信買賣超股數"":""0"",""自營商買賣超股數"":""-353,220"",""自營商買進股數(自行買賣)"":""3,000"",""自營商賣出股數(自行買賣)"":""0"",""自營商買賣超股數(自行買賣)"":""3,000"",""自營商買進股數(避險)"":""0"",""自營商賣出股數(避險)"":""356,220"",""自營商買賣超股數(避險)"":""-356,220"",""三大法人買賣超股數"":""-1,075,850""}"
2026-10-07,TWSE,3006,晶豪科          ,1177908,2241567,-1063659,0,0,0,163348,114923,-12276,"{""證券代號"":""3006"",""證券名稱"":""晶豪科          "",""外陸資買進股數(不含外資自營商)"":""1,177,908"",""外陸資賣出股數(不含外資自營商)"":""2,241,567"",""外陸資買賣超股數(不含外資自營商)"":""-1,063,659"",""外資自營商買進股數"":""0"",""外資自營商賣出股數"":""0"",""外資自營商買賣超股數"":""0"",""投信買進股數"":""0"",""投信賣出股數"":""0"",""投信買賣超股數"":""0"",""自營商買賣超股數"":""-12,276"",""自營商買進股數(自行買賣)"":""6,000"",""自營商賣出股數(自行買賣)"":""66,701"",""自營商買賣超股數(自行買賣)"":""-60,701"",""自營商買進股數(避險)"":""163,348"",""自營商賣出股數(避險)"":""114,923"",""自營商買賣超股數(避險)"":""48,425"",""三大法人買賣超股數"":""-1,075,935""}"
2026-10-07,TWSE,3017,奇鋐            ,1094381,2153103,-1058722,178000,123666,54334,52431,108245,-102172,"{""證券代號"":""3017"",""證券名稱"":""奇鋐            "",""外陸資買進股數(不含外資自營商)"":""1,094,381"",""外陸資賣出股數(不含外資自營商)"":""2,153,103"",""外陸資買賣超股數(不含外資自營商)"":""-1,058,722"",""外資自營商買進股數"":""0"",""外資自營商賣出股數"":""0"",""外資自營商買賣超股數"":""0"",""投信買進股數"":""178,000"",""投信賣出股數"":""123,666"",""投信買賣超股數"":""54,334"",""自營商買賣超股數"":""-102,172"",""自營商買進股數(自行買賣)"":""34,142"",""自營商賣出股數(自行買賣)"":""80,500"",""自營商買賣超股數(自行買賣)"":""-46,358"",""自營商買進股數(避險)"":""52,431"",""自營商賣出股數(避險)"":""108,245"",""自營商買賣超股數(避險)"":""-55,814"",""三大法人買賣超股數"":""-1,106,560""}"
2026-10-07,TWSE,00676R,富邦臺灣加權反1 ,23000,0,23000,0,0,0,257000,1203048,-1146048,"{""證券代號"":""00676R"",""證券名稱"":""富邦臺灣加權反1 "",""外陸資買進股數(不含外資自營商)"":""23,000"",""外陸資賣出股數(不含外資自營商)"":""0"",""外陸資買賣超股數(不含外資自營商)"":""23,000"",""外資自營商買進股數"":""0"",""外資自營商賣出股數"":""0"",""外資自營商買賣超股數"":""0"",""投信買進股數"":""0"",""投信賣出股數"":""0"",""投信買賣超股數"":""0"",""自營商買賣超股數"":""-1,146,048"",""自營商買進股數(自行買賣)"":""0"",""自營商賣出股數(自行買賣)"":""200,000"",""自營商買賣超股數(自行買賣)"":""-200,000"",""自營商買進股數(避險)"":""257,000"",""自營商賣出股數(避險)"":""1,203,048"",""自營商買賣超股數(避險)"":""-946,048"",""三大法人買賣超股數"":""-1,123,048""}"
2026-10-07,TWSE,2254,巨鎧精密-創     ,1544220,2706000,-1161780,0,0,0,48099,44054,4045,"{""證券代號"":""2254"",""證券名稱"":""巨鎧精密-創     "",""外陸資買進股數(不含外資自營商)"":""1,544,220"",""外陸資賣出股數(不含外資自營商)"":""2,706,000"",""外陸資買賣超股數(不含外資自營商)"":""-1,161,780"",""外資自營商買進股數"":""0"",""外資自營商賣出股數"":""0"",""外資自營商買賣超股數"":""0"",""投信買進股數"":""0"",""投信賣出股數"":""0"",""投信買賣超股數"":""0"",""自營商買賣超股數"":""4,045"",""自營商買進股數(自行買賣)"":""0"",""自營商賣出股數(自行買賣)"":""0"",""自營商買賣超股數(自行買賣)"":""0"",""自營商買進股數(避險)"":""48,099"",""自營商賣出股數(避險)"":""44,054"",""自營商買賣超股數(避險)"":""4,045"",""三大法人買賣超股數"":""-1,157,735""}"
2026-10-07,TWSE,00688L,國泰20年美債正2 ,0,80000,-80000,0,0,0,497000,1593179,-1096179,"{""證券代號"":""00688L"",""證券名稱"":""國泰20年美債正2 "",""外陸資買進股數(不含外資自營商)"":""0"",""外陸資賣出股數(不含外資自營商)"":""80,000"",""外陸資買賣超股數(不含外資自營商)"":""-80,000"",""外資自營商買進股數"":""0"",""外資自營商賣出股數"":""0"",""外資自營商買賣超股數"":""0"",""投信買進股數"":""0"",""投信賣出股數"":""0"",""投信買賣超股數"":""0"",""自營商買賣超股數"":""-1,096,179"",""自營商買進股數(自行買賣)"":""0"",""自營商賣出股數(自行買賣)"":""0"",""自營商買賣超股數(自行買賣)"":""0"",""自營商買進股數(避險)"":""497,000"",""自營商賣出股數(避險)"":""1,593,179"",""自營商買賣超股數(避險)"":""-1,096,179"",""三大法人買賣超股數"":""-1,176,179""}"
2026-10-07,TWSE,3031,佰鴻            ,307200,1488300,-1181100,0,0,0,0,0,-1000,"{""證券代號"":""3031"",""證券名稱"":""佰鴻            "",""外陸資買進股數(不含外資自營商)"":""307,200"",""外陸資賣出股數(不含外資自營商)"":""1,488,300"",""外陸資買賣超股數(不含外資自營商)"":""-1,181,100"",""外資自營商買進股數"":""0"",""外資自營商賣出股數"":""0"",""外資自營商買賣超股數"":""0"",""投信買進股數"":""0"",""投信賣出股數"":""0"",""投信買賣超股數"":""0"",""自營商買賣超股數"":""-1,000"",""自營商買進股數(自行買賣)"":""1,000"",""自營商賣出股數(自行買賣)"":""2,000"",""自營商買賣超股數(自行買賣)"":""-1,000"",""自營商買進股數(避險)"":""0"",""自營商賣出股數(避險)"":""0"",""自營商買賣超股數(避險)"":""0"",""三大法人買賣超股數"":""-1,182,100""}"
2026-10-07,TWSE,009805,台新美國電力基建,960000,335000,625000,0,0,0,937475,2512027,-1839552,"{""證券代號"":""009805"",""證券名稱"":""台新美國電力基建"",""外陸資買進股數(不含外資自營商)"":""960,000"",""外陸資賣出股數(不含外資自營商)"":""335,000"",""外陸資買賣超股數(不含外資自營商)"":""625,000"",""外資自營商買進股數"":""0"",""外資自營商賣出股數"":""0"",""外資自營商買賣超股數"":""0"",""投信買進股數"":""0"",""投信賣出股數"":""0"",""投信買賣超股數"":""0"",""自營商買賣超股數"":""-1,839,552"",""自營商買進股數(自行買賣)"":""35,000"",""自營商賣出股數(自行買賣)"":""300,000"",""自營商買賣超股數(自行買賣)"":""-265,000"",""自營商買進股數(避險)"":""937,475"",""自營商賣出股數(避險)"":""2,512,027"",""自營商買賣超股數(避險)"":""-1,574,552"",""三大法人買賣超股數"":""-1,214,552""}"
2026-10-07,TWSE,6515,穎崴            ,453834,1171563,-717729,0,537034,-537034,16410,12121,7530,"{""證券代號"":""6515"",""證券名稱"":""穎崴            "",""外陸資買進股數(不含外資自營商)"":""453,834"",""外陸資賣出股數(不含外資自營商)"":""1,171,563"",""外陸資買賣超股數(不含外資自營商)"":""-717,729"",""外資自營商買進股數"":""0"",""外資自營商賣出股數"":""0"",""外資自營商買賣超股數"":""0"",""投信買進股數"":""0"",""投信賣出股數"":""537,034"",""投信買賣超股數"":""-537,034"",""自營商買賣超股數"":""7,530"",""自營商買進股數(自行買賣)"":""55,000"",""自營商賣出股數(自行買賣)"":""51,759"",""自營商買賣超股數(自行買賣)"":""3,241"",""自營商買進股數(避險)"":""16,410"",""自營商賣出股數(避險)"":""12,121"",""自營商買賣超股數(避險)"":""4,289"",""三大法人買賣超股數"":""-1,247,233""}"
2026-10-07,TWSE,2637,慧洋-KY         ,745472,2021375,-1275903,19000,2281,16719,762,59568,-62747,"{""證券代號"":""2637"",""證券名稱"":""慧洋-KY         "",""外陸資買進股數(不含外資自營商)"":""745,472"",""外陸資賣出股數(不含外資自營商)"":""2,021,375"",""外陸資買賣超股數(不含外資自營商)"":""-1,275,903"",""外資自營商買進股數"":""0"",""外資自營商賣出股數"":""0"",""外資自營商買賣超股數"":""0"",""投信買進股數"":""19,000"",""投信賣出股數"":""2,281"",""投信買賣超股數"":""16,719"",""自營商買賣超股數"":""-62,747"",""自營商買進股數(自行買賣)"":""59"",""自營商賣出股數(自行買賣)"":""4,000"",""自營商買賣超股數(自行買賣)"":""-3,941"",""自營商買進股數(避險)"":""762"",""自營商賣出股數(避險)"":""59,568"",""自營商買賣超股數(避險)"":""-58,806"",""三大法人買賣超股數"":""-1,321,931""}"
2026-10-07,TWSE,3711,日月光投控      ,2989212,4399210,-1409998,456000,424203,31797,63572,51264,26468,"{""證券代號"":""3711"",""證券名稱"":""日月光投控      "",""外陸資買進股數(不含外資自營商)"":""2,989,212"",""外陸資賣出股數(不含外資自營商)"":""4,399,210"",""外陸資買賣超股數(不含外資自營商)"":""-1,409,998"",""外資自營商買進股數"":""0"",""外資自營商賣出股數"":""0"",""外資自營商買賣超股數"":""0"",""投信買進股數"":""456,000"",""投信賣出股數"":""424,203"",""投信買賣超股數"":""31,797"",""自營商買賣超股數"":""26,468"",""自營商買進股數(自行買賣)"":""41,460"",""自營商賣出股數(自行買賣)"":""27,300"",""自營商買賣超股數(自行買賣)"":""14,160"",""自營商買進股數(避險)"":""63,572"",""自營商賣出股數(避險)"":""51,264"",""自營商買賣超股數(避險)"":""12,308"",""三大法人買賣超股數"":""-1,351,733""}"
2026-10-07,TWSE,4916,事欣科          ,2193569,3656492,-1462923,0,0,0,54250,23446,30804,"{""證券代號"":""4916"",""證券名稱"":""事欣科          "",""外陸資買進股數(不含外資自營商)"":""2,193,569"",""外陸資賣出股數(不含外資自營商)"":""3,656,492"",""外陸資買賣超股數(不含外資自營商)"":""-1,462,923"",""外資自營商買進股數"":""0"",""外資自營商賣出股數"":""0"",""外資自營商買賣超股數"":""0"",""投信買進股數"":""0"",""投信賣出股數"":""0"",""投信買賣超股數"":""0"",""自營商買賣超股數"":""30,804"",""自營商買進股數(自行買賣)"":""0"",""自營商賣出股數(自行買賣)"":""0"",""自營商買賣超股數(自行買賣)"":""0"",""自營商買進股數(避險)"":""54,250"",""自營商賣出股數(避險)"":""23,446"",""自營商買賣超股數(避險)"":""30,804"",""三大法人買賣超股數"":""-1,432,119""}"
2026-10-07,TWSE,3450,聯鈞            ,2472083,3666652,-1194569,591000,926000,-335000,120314,141422,-25108,"{""證券代號"":""3450"",""證券名稱"":""聯鈞            "",""外陸資買進股數(不含外資自營商)"":""2,472,083"",""外陸資賣出股數(不含外資自營商)"":""3,666,652"",""外陸資買賣超股數(不含外資自營商)"":""-1,194,569"",""外資自營商買進股數"":""0"",""外資自營商賣出股數"":""0"",""外資自營商買賣超股數"":""0"",""投信買進股數"":""591,000"",""投信賣出股數"":""926,000"",""投信買賣超股數"":""-335,000"",""自營商買賣超股數"":""-25,108"",""自營商買進股數(自行買賣)"":""78,000"",""自營商賣出股數(自行買賣)"":""82,000"",""自營商買賣超股數(自行買賣)"":""-4,000"",""自營商買進股數(避險)"":""120,314"",""自營商賣出股數(避險)"":""141,422"",""自營商買賣超股數(避險)"":""-21,108"",""三大法人買賣超股數"":""-1,554,677""}"
2026-10-07,TWSE,00637L,元大滬深300正2  ,133000,157000,-24000,0,0,0,3081000,4618592,-1537592,"{""證券代號"":""00637L"",""證券名稱"":""元大滬深300正2  "",""外陸資買進股數(不含外資自營商)"":""133,000"",""外陸資賣出股數(不含外資自營商)"":""157,000"",""外陸資買賣超股數(不含外資自營商)"":""-24,000"",""外資自營商買進股數"":""0"",""外資自營商賣出股數"":""0"",""外資自營商買賣超股數"":""0"",""投信買進股數"":""0"",""投信賣出股數"":""0"",""投信買賣超股數"":""0"",""自營商買賣超股數"":""-1,537,592"",""自營商買進股數(自行買賣)"":""0"",""自營商賣出股數(自行買賣)"":""0"",""自營商買賣超股數(自行買賣)"":""0"",""自營商買進股數(避險)"":""3,081,000"",""自營商賣出股數(避險)"":""4,618,592"",""自營商買賣超股數(避險)"":""-1,537,592"",""三大法人買賣超股數"":""-1,561,592""}"
2026-10-07,TWSE,2367,燿華            ,4260204,5656130,-1395926,0,0,0,74494,137346,-177852,"{""證券代號"":""2367"",""證券名稱"":""燿華            "",""外陸資買進股數(不含外資自營商)"":""4,260,204"",""外陸資賣出股數(不含外資自營商)"":""5,656,130"",""外陸資買賣超股數(不含外資自營商)"":""-1,395,926"",""外資自營商買進股數"":""0"",""外資自營商賣出股數"":""0"",""外資自營商買賣超股數"":""0"",""投信買進股數"":""0"",""投信賣出股數"":""0"",""投信買賣超股數"":""0"",""自營商買賣超股數"":""-177,852"",""自營商買進股數(自行買賣)"":""106,000"",""自營商賣出股數(自行買賣)"":""221,000"",""自營商買賣超股數(自行買賣)"":""-115,000"",""自營商買進股數(避險)"":""74,494"",""自營商賣出股數(避險)"":""137,346"",""自營商買賣超股數(避險)"":""-62,852"",""三大法人買賣超股數"":""-1,573,778""}"
2026-10-07,TWSE,6005,群益證          ,1062000,2705813,-1643813,0,5000,-5000,0,0,0,"{""證券代號"":""6005"",""證券名稱"":""群益證          "",""外陸資買進股數(不含外資自營商)"":""1,062,000"",""外陸資賣出股數(不含外資自營商)"":""2,705,813"",""外陸資買賣超股數(不含外資自營商)"":""-1,643,813"",""外資自營商買進股數"":""0"",""外資自營商賣出股數"":""0"",""外資自營商買賣超股數"":""0"",""投信買進股數"":""0"",""投信賣出股數"":""5,000"",""投信買賣超股數"":""-5,000"",""自營商買賣超股數"":""0"",""自營商買進股數(自行買賣)"":""0"",""自營商賣出股數(自行買賣)"":""0"",""自營商買賣超股數(自行買賣)"":""0"",""自營商買進股數(避險)"":""0"",""自營商賣出股數(避險)"":""0"",""自營商買賣超股數(避險)"":""0"",""三大法人買賣超股數"":""-1,648,813""}"
2026-10-07,TWSE,2455,全新            ,5414277,3563564,1850713,0,3508000,-3508000,82777,253624,-32757,"{""證券代號"":""2455"",""證券名稱"":""全新            "",""外陸資買進股數(不含外資自營商)"":""5,414,277"",""外陸資賣出股數(不含外資自營商)"":""3,563,564"",""外陸資買賣超股數(不含外資自營商)"":""1,850,713"",""外資自營商買進股數"":""0"",""外資自營商賣出股數"":""0"",""外資自營商買賣超股數"":""0"",""投信買進股數"":""0"",""投信賣出股數"":""3,508,000"",""投信買賣超股數"":""-3,508,000"",""自營商買賣超股數"":""-32,757"",""自營商買進股數(自行買賣)"":""297,015"",""自營商賣出股數(自行買賣)"":""158,925"",""自營商買賣超股數(自行買賣)"":""138,090"",""自營商買進股數(避險)"":""82,777"",""自營商賣出股數(避險)"":""253,624"",""自營商買賣超股數(避險)"":""-170,847"",""三大法人買賣超股數"":""-1,690,044""}"
2026-10-07,TWSE,2614,東森            ,227642,1990000,-1762358,0,0,0,0,0,0,"{""證券代號"":""2614"",""證券名稱"":""東森            "",""外陸資買進股數(不含外資自營商)"":""227,642"",""外陸資賣出股數(不含外資自營商)"":""1,990,000"",""外陸資買賣超股數(不含外資自營商)"":""-1,762,358"",""外資自營商買進股數"":""0"",""外資自營商賣出股數"":""0"",""外資自營商買賣超股數"":""0"",""投信買進股數"":""0"",""投信賣出股數"":""0"",""投信買賣超股數"":""0"",""自營商買賣超股數"":""0"",""自營商買進股數(自行買賣)"":""0"",""自營商賣出股數(自行買賣)"":""0"",""自營商買賣超股數(自行買賣)"":""0"",""自營商買進股數(避險)"":""0"",""自營商賣出股數(避險)"":""0"",""自營商買賣超股數(避險)"":""0"",""三大法人買賣超股數"":""-1,762,358""}"
2026-10-07,TWSE,00985B,群益ESG投等債0-5,0,101000,-101000,0,0,0,1643000,3304696,-1661696,"{""證券代號"":""00985B"",""證券名稱"":""群益ESG投等債0-5"",""外陸資買進股數(不含外資自營商)"":""0"",""外陸資賣出股數(不含外資自營商)"":""101,000"",""外陸資買賣超股數(不含外資自營商)"":""-101,000"",""外資自營商買進股數"":""0"",""外資自營商賣出股數"":""0"",""外資自營商買賣超股數"":""0"",""投信買進股數"":""0"",""投信賣出股數"":""0"",""投信買賣超股數"":""0"",""自營商買賣超股數"":""-1,661,696"",""自營商買進股數(自行買賣)"":""0"",""自營商賣出股數(自行買賣)"":""0"",""自營商買賣超股數(自行買賣)"":""0"",""自營商買進股數(避險)"":""1,643,000"",""自營商賣出股數(避險)"":""3,304,696"",""自營商買賣超股數(避險)"":""-1,661,696"",""三大法人買賣超股數"":""-1,762,696""}"
2026-10-07,TWSE,3090,日電貿          ,2518012,4510500,-1992488,100000,0,100000,157830,93507,121323,"{""證券代號"":""3090"",""證券名稱"":""日電貿          "",""外陸資買進股數(不含外資自營商)"":""2,518,012"",""外陸資賣出股數(不含外資自營商)"":""4,510,500"",""外陸資買賣超股數(不含外資自營商)"":""-1,992,488"",""外資自營商買進股數"":""0"",""外資自營商賣出股數"":""0"",""外資自營商買賣超股數"":""0"",""投信買進股數"":""100,000"",""投信賣出股數"":""0"",""投信買賣超股數"":""100,000"",""自營商買賣超股數"":""121,323"",""自營商買進股數(自行買賣)"":""57,000"",""自營商賣出股數(自行買賣)"":""0"",""自營商買賣超股數(自行買賣)"":""57,000"",""自營商買進股數(避險)"":""157,830"",""自營商賣出股數(避險)"":""93,507"",""自營商買賣超股數(避險)"":""64,323"",""三大法人買賣超股數"":""-1,771,165""}"
2026-10-07,TWSE,2449,京元電子        ,6079625,7996224,-1916599,7000,73829,-66829,494625,298725,98753,"{""證券代號"":""2449"",""證券名稱"":""京元電子        "",""外陸資買進股數(不含外資自營商)"":""6,079,625"",""外陸資賣出股數(不含外資自營商)"":""7,996,224"",""外陸資買賣超股數(不含外資自營商)"":""-1,916,599"",""外資自營商買進股數"":""0"",""外資自營商賣出股數"":""0"",""外資自營商買賣超股數"":""0"",""投信買進股數"":""7,000"",""投信賣出股數"":""73,829"",""投信買賣超股數"":""-66,829"",""自營商買賣超股數"":""98,753"",""自營商買進股數(自行買賣)"":""230,553"",""自營商賣出股數(自行買賣)"":""327,700"",""自營商買賣超股數(自行買賣)"":""-97,147"",""自營商買進股數(避險)"":""494,625"",""自營商賣出股數(避險)"":""298,725"",""自營商買賣超股數(避險)"":""195,900"",""三大法人買賣超股數"":""-1,884,675""}"
2026-10-07,TWSE,00401A,主動摩根台灣鑫收,702000,988000,-286000,0,0,0,1056000,2707978,-1651978,"{""證券代號"":""00401A"",""證券名稱"":""主動摩根台灣鑫收"",""外陸資買進股數(不含外資自營商)"":""702,000"",""外陸資賣出股數(不含外資自營商)"":""988,000"",""外陸資買賣超股數(不含外資自營商)"":""-286,000"",""外資自營商買進股數"":""0"",""外資自營商賣出股數"":""0"",""外資自營商買賣超股數"":""0"",""投信買進股數"":""0"",""投信賣出股數"":""0"",""投信買賣超股數"":""0"",""自營商買賣超股數"":""-1,651,978"",""自營商買進股數(自行買賣)"":""0"",""自營商賣出股數(自行買賣)"":""0"",""自營商買賣超股數(自行買賣)"":""0"",""自營商買進股數(避險)"":""1,056,000"",""自營商賣出股數(避險)"":""2,707,978"",""自營商買賣超股數(避險)"":""-1,651,978"",""三大法人買賣超股數"":""-1,937,978""}"
2026-10-07,TWSE,2308,台達電          ,4423660,6491013,-2067353,436500,239667,196833,68370,110426,-109756,"{""證券代號"":""2308"",""證券名稱"":""台達電          "",""外陸資買進股數(不含外資自營商)"":""4,423,660"",""外陸資賣出股數(不含外資自營商)"":""6,491,013"",""外陸資買賣超股數(不含外資自營商)"":""-2,067,353"",""外資自營商買進股數"":""0"",""外資自營商賣出股數"":""0"",""外資自營商買賣超股數"":""0"",""投信買進股數"":""436,500"",""投信賣出股數"":""239,667"",""投信買賣超股數"":""196,833"",""自營商買賣超股數"":""-109,756"",""自營商買進股數(自行買賣)"":""21,700"",""自營商賣出股數(自行買賣)"":""89,400"",""自營商買賣超股數(自行買賣)"":""-67,700"",""自營商買進股數(避險)"":""68,370"",""自營商賣出股數(避險)"":""110,426"",""自營商買賣超股數(避險)"":""-42,056"",""三大法人買賣超股數"":""-1,980,276""}"
2026-10-07,TWSE,2474,可成            ,351976,2298000,-1946024,46000,64293,-18293,64824,99133,-42309,"{""證券代號"":""2474"",""證券名稱"":""可成            "",""外陸資買進股數(不含外資自營商)"":""351,976"",""外陸資賣出股數(不含外資自營商)"":""2,298,000"",""外陸資買賣超股數(不含外資自營商)"":""-1,946,024"",""外資自營商買進股數"":""0"",""外資自營商賣出股數"":""0"",""外資自營商買賣超股數"":""0"",""投信買進股數"":""46,000"",""投信賣出股數"":""64,293"",""投信買賣超股數"":""-18,293"",""自營商買賣超股數"":""-42,309"",""自營商買進股數(自行買賣)"":""4,000"",""自營商賣出股數(自行買賣)"":""12,000"",""自營商買賣超股數(自行買賣)"":""-8,000"",""自營商買進股數(避險)"":""64,824"",""自營商賣出股數(避險)"":""99,133"",""自營商買賣超股數(避險)"":""-34,309"",""三大法人買賣超股數"":""-2,006,626""}"
2026-10-07,TWSE,00680L,元大美債20正2   ,72000,5000,67000,0,0,0,893000,3228726,-2135726,"{""證券代號"":""00680L"",""證券名稱"":""元大美債20正2   "",""外陸資買進股數(不含外資自營商)"":""72,000"",""外陸資賣出股數(不含外資自營商)"":""5,000"",""外陸資買賣超股數(不含外資自營商)"":""67,000"",""外資自營商買進股數"":""0"",""外資自營商賣出股數"":""0"",""外資自營商買賣超股數"":""0"",""投信買進股數"":""0"",""投信賣出股數"":""0"",""投信買賣超股數"":""0"",""自營商買賣超股數"":""-2,135,726"",""自營商買進股數(自行買賣)"":""200,000"",""自營商賣出股數(自行買賣)"":""0"",""自營商買賣超股數(自行買賣)"":""200,000"",""自營商買進股數(避險)"":""893,000"",""自營商賣出股數(避險)"":""3,228,726"",""自營商買賣超股數(避險)"":""-2,335,726"",""三大法人買賣超股數"":""-2,068,726""}"
2026-10-07,TWSE,00981A,主動統一台股增長,24897303,22354370,2542933,0,0,0,18215736,25009536,-4663800,"{""證券代號"":""00981A"",""證券名稱"":""主動統一台股增長"",""外陸資買進股數(不含外資自營商)"":""24,897,303"",""外陸資賣出股數(不含外資自營商)"":""22,354,370"",""外陸資買賣超股數(不含外資自營商)"":""2,542,933"",""外資自營商買進股數"":""0"",""外資自營商賣出股數"":""0"",""外資自營商買賣超股數"":""0"",""投信買進股數"":""0"",""投信賣出股數"":""0"",""投信買賣超股數"":""0"",""自營商買賣超股數"":""-4,663,800"",""自營商買進股數(自行買賣)"":""2,630,000"",""自營商賣出股數(自行買賣)"":""500,000"",""自營商買賣超股數(自行買賣)"":""2,130,000"",""自營商買進股數(避險)"":""18,215,736"",""自營商賣出股數(避險)"":""25,009,536"",""自營商買賣超股數(避險)"":""-6,793,800"",""三大法人買賣超股數"":""-2,120,867""}"
2026-10-07,TWSE,009829,大華韓國KOSPI50 ,21012,984000,-962988,0,0,0,5341000,6530466,-1189466,"{""證券代號"":""009829"",""證券名稱"":""大華韓國KOSPI50 "",""外陸資買進股數(不含外資自營商)"":""21,012"",""外陸資賣出股數(不含外資自營商)"":""984,000"",""外陸資買賣超股數(不含外資自營商)"":""-962,988"",""外資自營商買進股數"":""0"",""外資自營商賣出股數"":""0"",""外資自營商買賣超股數"":""0"",""投信買進股數"":""0"",""投信賣出股數"":""0"",""投信買賣超股數"":""0"",""自營商買賣超股數"":""-1,189,466"",""自營商買進股數(自行買賣)"":""0"",""自營商賣出股數(自行買賣)"":""0"",""自營商買賣超股數(自行買賣)"":""0"",""自營商買進股數(避險)"":""5,341,000"",""自營商賣出股數(避險)"":""6,530,466"",""自營商買賣超股數(避險)"":""-1,189,466"",""三大法人買賣超股數"":""-2,152,454""}"
2026-10-07,TWSE,2478,大毅            ,2888715,5081377,-2192662,0,0,0,152713,114973,38740,"{""證券代號"":""2478"",""證券名稱"":""大毅            "",""外陸資買進股數(不含外資自營商)"":""2,888,715"",""外陸資賣出股數(不含外資自營商)"":""5,081,377"",""外陸資買賣超股數(不含外資自營商)"":""-2,192,662"",""外資自營商買進股數"":""0"",""外資自營商賣出股數"":""0"",""外資自營商買賣超股數"":""0"",""投信買進股數"":""0"",""投信賣出股數"":""0"",""投信買賣超股數"":""0"",""自營商買賣超股數"":""38,740"",""自營商買進股數(自行買賣)"":""1,000"",""自營商賣出股數(自行買賣)"":""0"",""自營商買賣超股數(自行買賣)"":""1,000"",""自營商買進股數(避險)"":""152,713"",""自營商賣出股數(避險)"":""114,973"",""自營商買賣超股數(避險)"":""37,740"",""三大法人買賣超股數"":""-2,153,922""}"
2026-10-07,TWSE,009827,玉山未來全球算力,93000,0,93000,0,0,0,474000,2813000,-2339000,"{""證券代號"":""009827"",""證券名稱"":""玉山未來全球算力"",""外陸資買進股數(不含外資自營商)"":""93,000"",""外陸資賣出股數(不含外資自營商)"":""0"",""外陸資買賣超股數(不含外資自營商)"":""93,000"",""外資自營商買進股數"":""0"",""外資自營商賣出股數"":""0"",""外資自營商買賣超股數"":""0"",""投信買進股數"":""0"",""投信賣出股數"":""0"",""投信買賣超股數"":""0"",""自營商買賣超股數"":""-2,339,000"",""自營商買進股數(自行買賣)"":""0"",""自營商賣出股數(自行買賣)"":""0"",""自營商買賣超股數(自行買賣)"":""0"",""自營商買進股數(避險)"":""474,000"",""自營商賣出股數(避險)"":""2,813,000"",""自營商買賣超股數(避險)"":""-2,339,000"",""三大法人買賣超股數"":""-2,246,000""}"
2026-10-07,TWSE,3605,宏致            ,8533571,10791957,-2258386,0,0,0,200754,296013,-85084,"{""證券代號"":""3605"",""證券名稱"":""宏致            "",""外陸資買進股數(不含外資自營商)"":""8,533,571"",""外陸資賣出股數(不含外資自營商)"":""10,791,957"",""外陸資買賣超股數(不含外資自營商)"":""-2,258,386"",""外資自營商買進股數"":""0"",""外資自營商賣出股數"":""0"",""外資自營商買賣超股數"":""0"",""投信買進股數"":""0"",""投信賣出股數"":""0"",""投信買賣超股數"":""0"",""自營商買賣超股數"":""-85,084"",""自營商買進股數(自行買賣)"":""59,000"",""自營商賣出股數(自行買賣)"":""48,825"",""自營商買賣超股數(自行買賣)"":""10,175"",""自營商買進股數(避險)"":""200,754"",""自營商賣出股數(避險)"":""296,013"",""自營商買賣超股數(避險)"":""-95,259"",""三大法人買賣超股數"":""-2,343,470""}"
2026-10-07,TWSE,8150,南茂            ,12130207,14299773,-2169566,40000,0,40000,136482,249074,-217592,"{""證券代號"":""8150"",""證券名稱"":""南茂            "",""外陸資買進股數(不含外資自營商)"":""12,130,207"",""外陸資賣出股數(不含外資自營商)"":""14,299,773"",""外陸資買賣超股數(不含外資自營商)"":""-2,169,566"",""外資自營商買進股數"":""0"",""外資自營商賣出股數"":""0"",""外資自營商買賣超股數"":""0"",""投信買進股數"":""40,000"",""投信賣出股數"":""0"",""投信買賣超股數"":""40,000"",""自營商買賣超股數"":""-217,592"",""自營商買進股數(自行買賣)"":""147,000"",""自營商賣出股數(自行買賣)"":""252,000"",""自營商買賣超股數(自行買賣)"":""-105,000"",""自營商買進股數(避險)"":""136,482"",""自營商賣出股數(避險)"":""249,074"",""自營商買賣超股數(避險)"":""-112,592"",""三大法人買賣超股數"":""-2,347,158""}"
2026-10-07,TWSE,6285,啟碁            ,2164305,4463981,-2299676,7000,15208,-8208,167777,152891,-242658,"{""證券代號"":""6285"",""證券名稱"":""啟碁            "",""外陸資買進股數(不含外資自營商)"":""2,164,305"",""外陸資賣出股數(不含外資自營商)"":""4,463,981"",""外陸資買賣超股數(不含外資自營商)"":""-2,299,676"",""外資自營商買進股數"":""0"",""外資自營商賣出股數"":""0"",""外資自營商買賣超股數"":""0"",""投信買進股數"":""7,000"",""投信賣出股數"":""15,208"",""投信買賣超股數"":""-8,208"",""自營商買賣超股數"":""-242,658"",""自營商買進股數(自行買賣)"":""12,000"",""自營商賣出股數(自行買賣)"":""269,544"",""自營商買賣超股數(自行買賣)"":""-257,544"",""自營商買進股數(避險)"":""167,777"",""自營商賣出股數(避險)"":""152,891"",""自營商買賣超股數(避險)"":""14,886"",""三大法人買賣超股數"":""-2,550,542""}"
2026-10-07,TWSE,2371,大同            ,3608504,6435004,-2826500,0,96000,-96000,195722,55146,203490,"{""證券代號"":""2371"",""證券名稱"":""大同            "",""外陸資買進股數(不含外資自營商)"":""3,608,504"",""外陸資賣出股數(不含外資自營商)"":""6,435,004"",""外陸資買賣超股數(不含外資自營商)"":""-2,826,500"",""外資自營商買進股數"":""0"",""外資自營商賣出股數"":""0"",""外資自營商買賣超股數"":""0"",""投信買進股數"":""0"",""投信賣出股數"":""96,000"",""投信買賣超股數"":""-96,000"",""自營商買賣超股數"":""203,490"",""自營商買進股數(自行買賣)"":""92,000"",""自營商賣出股數(自行買賣)"":""29,086"",""自營商買賣超股數(自行買賣)"":""62,914"",""自營商買進股數(避險)"":""195,722"",""自營商賣出股數(避險)"":""55,146"",""自營商買賣超股數(避險)"":""140,576"",""三大法人買賣超股數"":""-2,719,010""}"
2026-10-07,TWSE,1709,和益            ,10337409,13460007,-3122598,0,0,0,123323,123715,-18392,"{""證券代號"":""1709"",""證券名稱"":""和益            "",""外陸資買進股數(不含外資自營商)"":""10,337,409"",""外陸資賣出股數(不含外資自營商)"":""13,460,007"",""外陸資買賣超股數(不含外資自營商)"":""-3,122,598"",""外資自營商買進股數"":""0"",""外資自營商賣出股數"":""0"",""外資自營商買賣超股數"":""0"",""投信買進股數"":""0"",""投信賣出股數"":""0"",""投信買賣超股數"":""0"",""自營商買賣超股數"":""-18,392"",""自營商買進股數(自行買賣)"":""24,000"",""自營商賣出股數(自行買賣)"":""42,000"",""自營商買賣超股數(自行買賣)"":""-18,000"",""自營商買進股數(避險)"":""123,323"",""自營商賣出股數(避險)"":""123,715"",""自營商買賣超股數(避險)"":""-392"",""三大法人買賣超股數"":""-3,140,990""}"
2026-10-07,TWSE,2454,聯發科          ,1694518,4463798,-2769280,41000,326010,-285010,127246,106296,-130785,"{""證券代號"":""2454"",""證券名稱"":""聯發科          "",""外陸資買進股數(不含外資自營商)"":""1,694,518"",""外陸資賣出股數(不含外資自營商)"":""4,463,798"",""外陸資買賣超股數(不含外資自營商)"":""-2,769,280"",""外資自營商買進股數"":""0"",""外資自營商賣出股數"":""0"",""外資自營商買賣超股數"":""0"",""投信買進股數"":""41,000"",""投信賣出股數"":""326,010"",""投信買賣超股數"":""-285,010"",""自營商買賣超股數"":""-130,785"",""自營商買進股數(自行買賣)"":""91,850"",""自營商賣出股數(自行買賣)"":""243,585"",""自營商買賣超股數(自行買賣)"":""-151,735"",""自營商買進股數(避險)"":""127,246"",""自營商賣出股數(避險)"":""106,296"",""自營商買賣超股數(避險)"":""20,950"",""三大法人買賣超股數"":""-3,185,075""}"
2026-10-07,TWSE,009803,玉山市值動能50  ,126000,2184000,-2058000,0,0,0,228000,1811496,-1583496,"{""證券代號"":""009803"",""證券名稱"":""玉山市值動能50  "",""外陸資買進股數(不含外資自營商)"":""126,000"",""外陸資賣出股數(不含外資自營商)"":""2,184,000"",""外陸資買賣超股數(不含外資自營商)"":""-2,058,000"",""外資自營商買進股數"":""0"",""外資自營商賣出股數"":""0"",""外資自營商買賣超股數"":""0"",""投信買進股數"":""0"",""投信賣出股數"":""0"",""投信買賣超股數"":""0"",""自營商買賣超股數"":""-1,583,496"",""自營商買進股數(自行買賣)"":""0"",""自營商賣出股數(自行買賣)"":""0"",""自營商買賣超股數(自行買賣)"":""0"",""自營商買進股數(避險)"":""228,000"",""自營商賣出股數(避險)"":""1,811,496"",""自營商買賣超股數(避險)"":""-1,583,496"",""三大法人買賣超股數"":""-3,641,496""}"
2026-10-07,TWSE,2337,旺宏            ,8431205,12192848,-3761643,9000,9000,0,138868,146694,-99826,"{""證券代號"":""2337"",""證券名稱"":""旺宏            "",""外陸資買進股數(不含外資自營商)"":""8,431,205"",""外陸資賣出股數(不含外資自營商)"":""12,192,848"",""外陸資買賣超股數(不含外資自營商)"":""-3,761,643"",""外資自營商買進股數"":""0"",""外資自營商賣出股數"":""0"",""外資自營商買賣超股數"":""0"",""投信買進股數"":""9,000"",""投信賣出股數"":""9,000"",""投信買賣超股數"":""0"",""自營商買賣超股數"":""-99,826"",""自營商買進股數(自行買賣)"":""8,000"",""自營商賣出股數(自行買賣)"":""100,000"",""自營商買賣超股數(自行買賣)"":""-92,000"",""自營商買進股數(避險)"":""138,868"",""自營商賣出股數(避險)"":""146,694"",""自營商買賣超股數(避險)"":""-7,826"",""三大法人買賣超股數"":""-3,861,469""}"
2026-10-07,TWSE,2356,英業達          ,2564582,6525748,-3961166,1000,19000,-18000,173016,100298,48174,"{""證券代號"":""2356"",""證券名稱"":""英業達          "",""外陸資買進股數(不含外資自營商)"":""2,564,582"",""外陸資賣出股數(不含外資自營商)"":""6,525,748"",""外陸資買賣超股數(不含外資自營商)"":""-3,961,166"",""外資自營商買進股數"":""0"",""外資自營商賣出股數"":""0"",""外資自營商買賣超股數"":""0"",""投信買進股數"":""1,000"",""投信賣出股數"":""19,000"",""投信買賣超股數"":""-18,000"",""自營商買賣超股數"":""48,174"",""自營商買進股數(自行買賣)"":""14,000"",""自營商賣出股數(自行買賣)"":""38,544"",""自營商買賣超股數(自行買賣)"":""-24,544"",""自營商買進股數(避險)"":""173,016"",""自營商賣出股數(避險)"":""100,298"",""自營商買賣超股數(避險)"":""72,718"",""三大法人買賣超股數"":""-3,930,992""}"
2026-10-07,TWSE,6239,力成            ,2567624,6445264,-3877640,105000,3000,102000,91934,364391,-554622,"{""證券代號"":""6239"",""證券名稱"":""力成            "",""外陸資買進股數(不含外資自營商)"":""2,567,624"",""外陸資賣出股數(不含外資自營商)"":""6,445,264"",""外陸資買賣超股數(不含外資自營商)"":""-3,877,640"",""外資自營商買進股數"":""0"",""外資自營商賣出股數"":""0"",""外資自營商買賣超股數"":""0"",""投信買進股數"":""105,000"",""投信賣出股數"":""3,000"",""投信買賣超股數"":""102,000"",""自營商買賣超股數"":""-554,622"",""自營商買進股數(自行買賣)"":""23,200"",""自營商賣出股數(自行買賣)"":""305,365"",""自營商買賣超股數(自行買賣)"":""-282,165"",""自營商買進股數(避險)"":""91,934"",""自營商賣出股數(避險)"":""364,391"",""自營商買賣超股數(避險)"":""-272,457"",""三大法人買賣超股數"":""-4,330,262""}"
2026-10-07,TWSE,6116,彩晶            ,6194569,11297600,-5103031,0,0,0,83592,69314,715278,"{""證券代號"":""6116"",""證券名稱"":""彩晶            "",""外陸資買進股數(不含外資自營商)"":""6,194,569"",""外陸資賣出股數(不含外資自營商)"":""11,297,600"",""外陸資買賣超股數(不含外資自營商)"":""-5,103,031"",""外資自營商買進股數"":""0"",""外資自營商賣出股數"":""0"",""外資自營商買賣超股數"":""0"",""投信買進股數"":""0"",""投信賣出股數"":""0"",""投信買賣超股數"":""0"",""自營商買賣超股數"":""715,278"",""自營商買進股數(自行買賣)"":""831,000"",""自營商賣出股數(自行買賣)"":""130,000"",""自營商買賣超股數(自行買賣)"":""701,000"",""自營商買進股數(避險)"":""83,592"",""自營商賣出股數(避險)"":""69,314"",""自營商買賣超股數(避險)"":""14,278"",""三大法人買賣超股數"":""-4,387,753""}"
2026-10-07,TWSE,2002,中鋼            ,8392825,12596217,-4203392,0,283000,-283000,20000,33984,-3984,"{""證券代號"":""2002"",""證券名稱"":""中鋼            "",""外陸資買進股數(不含外資自營商)"":""8,392,825"",""外陸資賣出股數(不含外資自營商)"":""12,596,217"",""外陸資買賣超股數(不含外資自營商)"":""-4,203,392"",""外資自營商買進股數"":""0"",""外資自營商賣出股數"":""0"",""外資自營商買賣超股數"":""0"",""投信買進股數"":""0"",""投信賣出股數"":""283,000"",""投信買賣超股數"":""-283,000"",""自營商買賣超股數"":""-3,984"",""自營商買進股數(自行買賣)"":""10,000"",""自營商賣出股數(自行買賣)"":""0"",""自營商買賣超股數(自行買賣)"":""10,000"",""自營商買進股數(避險)"":""20,000"",""自營商賣出股數(避險)"":""33,984"",""自營商買賣超股數(避險)"":""-13,984"",""三大法人買賣超股數"":""-4,490,376""}"
2026-10-07,TWSE,1711,永光            ,11758842,16037000,-4278158,0,0,0,226629,487321,-245692,"{""證券代號"":""1711"",""證券名稱"":""永光            "",""外陸資買進股數(不含外資自營商)"":""11,758,842"",""外陸資賣出股數(不含外資自營商)"":""16,037,000"",""外陸資買賣超股數(不含外資自營商)"":""-4,278,158"",""外資自營商買進股數"":""0"",""外資自營商賣出股數"":""0"",""外資自營商買賣超股數"":""0"",""投信買進股數"":""0"",""投信賣出股數"":""0"",""投信買賣超股數"":""0"",""自營商買賣超股數"":""-245,692"",""自營商買進股數(自行買賣)"":""15,000"",""自營商賣出股數(自行買賣)"":""0"",""自營商買賣超股數(自行買賣)"":""15,000"",""自營商買進股數(避險)"":""226,629"",""自營商賣出股數(避險)"":""487,321"",""自營商買賣超股數(避險)"":""-260,692"",""三大法人買賣超股數"":""-4,523,850""}"
2026-10-07,TWSE,2324,仁寶            ,8880428,13459735,-4579307,2000,14000,-12000,186358,221649,-137768,"{""證券代號"":""2324"",""證券名稱"":""仁寶            "",""外陸資買進股數(不含外資自營商)"":""8,880,428"",""外陸資賣出股數(不含外資自營商)"":""13,459,735"",""外陸資買賣超股數(不含外資自營商)"":""-4,579,307"",""外資自營商買進股數"":""0"",""外資自營商賣出股數"":""0"",""外資自營商買賣超股數"":""0"",""投信買進股數"":""2,000"",""投信賣出股數"":""14,000"",""投信買賣超股數"":""-12,000"",""自營商買賣超股數"":""-137,768"",""自營商買進股數(自行買賣)"":""1,000"",""自營商賣出股數(自行買賣)"":""103,477"",""自營商買賣超股數(自行買賣)"":""-102,477"",""自營商買進股數(避險)"":""186,358"",""自營商賣出股數(避險)"":""221,649"",""自營商買賣超股數(避險)"":""-35,291"",""三大法人買賣超股數"":""-4,729,075""}"
2026-10-07,TWSE,4906,正文            ,1839527,6884000,-5044473,0,0,0,72806,262474,-188668,"{""證券代號"":""4906"",""證券名稱"":""正文            "",""外陸資買進股數(不含外資自營商)"":""1,839,527"",""外陸資賣出股數(不含外資自營商)"":""6,884,000"",""外陸資買賣超股數(不含外資自營商)"":""-5,044,473"",""外資自營商買進股數"":""0"",""外資自營商賣出股數"":""0"",""外資自營商買賣超股數"":""0"",""投信買進股數"":""0"",""投信賣出股數"":""0"",""投信買賣超股數"":""0"",""自營商買賣超股數"":""-188,668"",""自營商買進股數(自行買賣)"":""1,000"",""自營商賣出股數(自行買賣)"":""0"",""自營商買賣超股數(自行買賣)"":""1,000"",""自營商買進股數(避險)"":""72,806"",""自營商賣出股數(避險)"":""262,474"",""自營商買賣超股數(避險)"":""-189,668"",""三大法人買賣超股數"":""-5,233,141""}"
2026-10-07,TWSE,00753L,中信中國50正2   ,767000,537000,230000,0,0,0,391000,7344199,-6953199,"{""證券代號"":""00753L"",""證券名稱"":""中信中國50正2   "",""外陸資買進股數(不含外資自營商)"":""767,000"",""外陸資賣出股數(不含外資自營商)"":""537,000"",""外陸資買賣超股數(不含外資自營商)"":""230,000"",""外資自營商買進股數"":""0"",""外資自營商賣出股數"":""0"",""外資自營商買賣超股數"":""0"",""投信買進股數"":""0"",""投信賣出股數"":""0"",""投信買賣超股數"":""0"",""自營商買賣超股數"":""-6,953,199"",""自營商買進股數(自行買賣)"":""0"",""自營商賣出股數(自行買賣)"":""0"",""自營商買賣超股數(自行買賣)"":""0"",""自營商買進股數(避險)"":""391,000"",""自營商賣出股數(避險)"":""7,344,199"",""自營商買賣超股數(避險)"":""-6,953,199"",""三大法人買賣超股數"":""-6,723,199""}"
2026-10-07,TWSE,2376,技嘉            ,3288403,10036972,-6748569,51000,323000,-272000,134744,172135,-11840,"{""證券代號"":""2376"",""證券名稱"":""技嘉            "",""外陸資買進股數(不含外資自營商)"":""3,288,403"",""外陸資賣出股數(不含外資自營商)"":""10,036,972"",""外陸資買賣超股數(不含外資自營商)"":""-6,748,569"",""外資自營商買進股數"":""0"",""外資自營商賣出股數"":""0"",""外資自營商買賣超股數"":""0"",""投信買進股數"":""51,000"",""投信賣出股數"":""323,000"",""投信買賣超股數"":""-272,000"",""自營商買賣超股數"":""-11,840"",""自營商買進股數(自行買賣)"":""38,000"",""自營商賣出股數(自行買賣)"":""12,449"",""自營商買賣超股數(自行買賣)"":""25,551"",""自營商買進股數(避險)"":""134,744"",""自營商賣出股數(避險)"":""172,135"",""自營商買賣超股數(避險)"":""-37,391"",""三大法人買賣超股數"":""-7,032,409""}"
2026-10-07,TWSE,2313,華通            ,14572634,21528087,-6955453,1133000,1022000,111000,199237,494839,-588249,"{""證券代號"":""2313"",""證券名稱"":""華通            "",""外陸資買進股數(不含外資自營商)"":""14,572,634"",""外陸資賣出股數(不含外資自營商)"":""21,528,087"",""外陸資買賣超股數(不含外資自營商)"":""-6,955,453"",""外資自營商買進股數"":""0"",""外資自營商賣出股數"":""0"",""外資自營商買賣超股數"":""0"",""投信買進股數"":""1,133,000"",""投信賣出股數"":""1,022,000"",""投信買賣超股數"":""111,000"",""自營商買賣超股數"":""-588,249"",""自營商買進股數(自行買賣)"":""92,042"",""自營商賣出股數(自行買賣)"":""384,689"",""自營商買賣超股數(自行買賣)"":""-292,647"",""自營商買進股數(避險)"":""199,237"",""自營商賣出股數(避險)"":""494,839"",""自營商買賣超股數(避險)"":""-295,602"",""三大法人買賣超股數"":""-7,432,702""}"
2026-10-07,TWSE,00984A,主動安聯台灣高息,204000,2965000,-2761000,0,0,0,446000,5191406,-4805406,"{""證券代號"":""00984A"",""證券名稱"":""主動安聯台灣高息"",""外陸資買進股數(不含外資自營商)"":""204,000"",""外陸資賣出股數(不含外資自營商)"":""2,965,000"",""外陸資買賣超股數(不含外資自營商)"":""-2,761,000"",""外資自營商買進股數"":""0"",""外資自營商賣出股數"":""0"",""外資自營商買賣超股數"":""0"",""投信買進股數"":""0"",""投信賣出股數"":""0"",""投信買賣超股數"":""0"",""自營商買賣超股數"":""-4,805,406"",""自營商買進股數(自行買賣)"":""0"",""自營商賣出股數(自行買賣)"":""60,000"",""自營商買賣超股數(自行買賣)"":""-60,000"",""自營商買進股數(避險)"":""446,000"",""自營商賣出股數(避險)"":""5,191,406"",""自營商買賣超股數(避險)"":""-4,745,406"",""三大法人買賣超股數"":""-7,566,406""}"
2026-10-07,TWSE,00996A,主動兆豐台灣豐收,1556000,2591000,-1035000,0,0,0,831354,8178750,-7347396,"{""證券代號"":""00996A"",""證券名稱"":""主動兆豐台灣豐收"",""外陸資買進股數(不含外資自營商)"":""1,556,000"",""外陸資賣出股數(不含外資自營商)"":""2,591,000"",""外陸資買賣超股數(不含外資自營商)"":""-1,035,000"",""外資自營商買進股數"":""0"",""外資自營商賣出股數"":""0"",""外資自營商買賣超股數"":""0"",""投信買進股數"":""0"",""投信賣出股數"":""0"",""投信買賣超股數"":""0"",""自營商買賣超股數"":""-7,347,396"",""自營商買進股數(自行買賣)"":""0"",""自營商賣出股數(自行買賣)"":""0"",""自營商買賣超股數(自行買賣)"":""0"",""自營商買進股數(避險)"":""831,354"",""自營商賣出股數(避險)"":""8,178,750"",""自營商買賣超股數(避險)"":""-7,347,396"",""三大法人買賣超股數"":""-8,382,396""}"
2026-10-07,TWSE,2890,永豐金          ,5162586,16688500,-11525914,2214000,317515,1896485,478842,234408,208357,"{""證券代號"":""2890"",""證券名稱"":""永豐金          "",""外陸資買進股數(不含外資自營商)"":""5,162,586"",""外陸資賣出股數(不含外資自營商)"":""16,688,500"",""外陸資買賣超股數(不含外資自營商)"":""-11,525,914"",""外資自營商買進股數"":""0"",""外資自營商賣出股數"":""0"",""外資自營商買賣超股數"":""0"",""投信買進股數"":""2,214,000"",""投信賣出股數"":""317,515"",""投信買賣超股數"":""1,896,485"",""自營商買賣超股數"":""208,357"",""自營商買進股數(自行買賣)"":""48,000"",""自營商賣出股數(自行買賣)"":""84,077"",""自營商買賣超股數(自行買賣)"":""-36,077"",""自營商買進股數(避險)"":""478,842"",""自營商賣出股數(避險)"":""234,408"",""自營商買賣超股數(避險)"":""244,434"",""三大法人買賣超股數"":""-9,421,072""}"
2026-10-07,TWSE,2408,南亞科          ,9107723,16572264,-7464541,16000,1512739,-1496739,188929,241193,-651069,"{""證券代號"":""2408"",""證券名稱"":""南亞科          "",""外陸資買進股數(不含外資自營商)"":""9,107,723"",""外陸資賣出股數(不含外資自營商)"":""16,572,264"",""外陸資買賣超股數(不含外資自營商)"":""-7,464,541"",""外資自營商買進股數"":""0"",""外資自營商賣出股數"":""0"",""外資自營商買賣超股數"":""0"",""投信買進股數"":""16,000"",""投信賣出股數"":""1,512,739"",""投信買賣超股數"":""-1,496,739"",""自營商買賣超股數"":""-651,069"",""自營商買進股數(自行買賣)"":""372,005"",""自營商賣出股數(自行買賣)"":""970,810"",""自營商買賣超股數(自行買賣)"":""-598,805"",""自營商買進股數(避險)"":""188,929"",""自營商賣出股數(避險)"":""241,193"",""自營商買賣超股數(避險)"":""-52,264"",""三大法人買賣超股數"":""-9,612,349""}"
2026-10-07,TWSE,3231,緯創            ,5129947,14355636,-9225689,74000,1828924,-1754924,164635,150166,94469,"{""證券代號"":""3231"",""證券名稱"":""緯創            "",""外陸資買進股數(不含外資自營商)"":""5,129,947"",""外陸資賣出股數(不含外資自營商)"":""14,355,636"",""外陸資買賣超股數(不含外資自營商)"":""-9,225,689"",""外資自營商買進股數"":""0"",""外資自營商賣出股數"":""0"",""外資自營商買賣超股數"":""0"",""投信買進股數"":""74,000"",""投信賣出股數"":""1,828,924"",""投信買賣超股數"":""-1,754,924"",""自營商買賣超股數"":""94,469"",""自營商買進股數(自行買賣)"":""85,000"",""自營商賣出股數(自行買賣)"":""5,000"",""自營商買賣超股數(自行買賣)"":""80,000"",""自營商買進股數(避險)"":""164,635"",""自營商賣出股數(避險)"":""150,166"",""自營商買賣超股數(避險)"":""14,469"",""三大法人買賣超股數"":""-10,886,144""}"
2026-10-07,TWSE,0056,元大高股息      ,1683706,4424293,-2740587,0,0,0,87000,8760986,-8673986,"{""證券代號"":""0056"",""證券名稱"":""元大高股息      "",""外陸資買進股數(不含外資自營商)"":""1,683,706"",""外陸資賣出股數(不含外資自營商)"":""4,424,293"",""外陸資買賣超股數(不含外資自營商)"":""-2,740,587"",""外資自營商買進股數"":""0"",""外資自營商賣出股數"":""0"",""外資自營商買賣超股數"":""0"",""投信買進股數"":""0"",""投信賣出股數"":""0"",""投信買賣超股數"":""0"",""自營商買賣超股數"":""-8,673,986"",""自營商買進股數(自行買賣)"":""0"",""自營商賣出股數(自行買賣)"":""0"",""自營商買賣超股數(自行買賣)"":""0"",""自營商買進股數(避險)"":""87,000"",""自營商賣出股數(避險)"":""8,760,986"",""自營商買賣超股數(避險)"":""-8,673,986"",""三大法人買賣超股數"":""-11,414,573""}"
2026-10-07,TWSE,0052,富邦科技        ,300238,3400775,-3100537,0,0,0,1847000,9592654,-9336877,"{""證券代號"":""0052"",""證券名稱"":""富邦科技        "",""外陸資買進股數(不含外資自營商)"":""300,238"",""外陸資賣出股數(不含外資自營商)"":""3,400,775"",""外陸資買賣超股數(不含外資自營商)"":""-3,100,537"",""外資自營商買進股數"":""0"",""外資自營商賣出股數"":""0"",""外資自營商買賣超股數"":""0"",""投信買進股數"":""0"",""投信賣出股數"":""0"",""投信買賣超股數"":""0"",""自營商買賣超股數"":""-9,336,877"",""自營商買進股數(自行買賣)"":""673,000"",""自營商賣出股數(自行買賣)"":""2,264,223"",""自營商買賣超股數(自行買賣)"":""-1,591,223"",""自營商買進股數(避險)"":""1,847,000"",""自營商賣出股數(避險)"":""9,592,654"",""自營商買賣超股數(避險)"":""-7,745,654"",""三大法人買賣超股數"":""-12,437,414""}"
2026-10-07,TWSE,2317,鴻海            ,9874946,21617498,-11742552,169100,794872,-625772,238053,394715,-270662,"{""證券代號"":""2317"",""證券名稱"":""鴻海            "",""外陸資買進股數(不含外資自營商)"":""9,874,946"",""外陸資賣出股數(不含外資自營商)"":""21,617,498"",""外陸資買賣超股數(不含外資自營商)"":""-11,742,552"",""外資自營商買進股數"":""0"",""外資自營商賣出股數"":""0"",""外資自營商買賣超股數"":""0"",""投信買進股數"":""169,100"",""投信賣出股數"":""794,872"",""投信買賣超股數"":""-625,772"",""自營商買賣超股數"":""-270,662"",""自營商買進股數(自行買賣)"":""53,000"",""自營商賣出股數(自行買賣)"":""167,000"",""自營商買賣超股數(自行買賣)"":""-114,000"",""自營商買進股數(避險)"":""238,053"",""自營商賣出股數(避險)"":""394,715"",""自營商買賣超股數(避險)"":""-156,662"",""三大法人買賣超股數"":""-12,638,986""}"
2026-10-07,TWSE,00631L,元大台灣50正2   ,5533099,10756600,-5223501,0,0,0,13999484,26045014,-11944530,"{""證券代號"":""00631L"",""證券名稱"":""元大台灣50正2   "",""外陸資買進股數(不含外資自營商)"":""5,533,099"",""外陸資賣出股數(不含外資自營商)"":""10,756,600"",""外陸資買賣超股數(不含外資自營商)"":""-5,223,501"",""外資自營商買進股數"":""0"",""外資自營商賣出股數"":""0"",""外資自營商買賣超股數"":""0"",""投信買進股數"":""0"",""投信賣出股數"":""0"",""投信買賣超股數"":""0"",""自營商買賣超股數"":""-11,944,530"",""自營商買進股數(自行買賣)"":""101,000"",""自營商賣出股數(自行買賣)"":""0"",""自營商買賣超股數(自行買賣)"":""101,000"",""自營商買進股數(避險)"":""13,999,484"",""自營商賣出股數(避險)"":""26,045,014"",""自營商買賣超股數(避險)"":""-12,045,530"",""三大法人買賣超股數"":""-17,168,031""}"
2026-10-07,TWSE,00992A,主動群益科技創新,5907050,20752000,-14844950,0,0,0,4300499,22514198,-18647699,"{""證券代號"":""00992A"",""證券名稱"":""主動群益科技創新"",""外陸資買進股數(不含外資自營商)"":""5,907,050"",""外陸資賣出股數(不含外資自營商)"":""20,752,000"",""外陸資買賣超股數(不含外資自營商)"":""-14,844,950"",""外資自營商買進股數"":""0"",""外資自營商賣出股數"":""0"",""外資自營商買賣超股數"":""0"",""投信買進股數"":""0"",""投信賣出股數"":""0"",""投信買賣超股數"":""0"",""自營商買賣超股數"":""-18,647,699"",""自營商買進股數(自行買賣)"":""0"",""自營商賣出股數(自行買賣)"":""434,000"",""自營商買賣超股數(自行買賣)"":""-434,000"",""自營商買進股數(避險)"":""4,300,499"",""自營商賣出股數(避險)"":""22,514,198"",""自營商買賣超股數(避險)"":""-18,213,699"",""三大法人買賣超股數"":""-33,492,649""}"
2026-10-07,TWSE,0050,元大台灣50      ,4388498,28535548,-24147050,0,0,0,4674620,12830066,-9617109,"{""證券代號"":""0050"",""證券名稱"":""元大台灣50      "",""外陸資買進股數(不含外資自營商)"":""4,388,498"",""外陸資賣出股數(不含外資自營商)"":""28,535,548"",""外陸資買賣超股數(不含外資自營商)"":""-24,147,050"",""外資自營商買進股數"":""0"",""外資自營商賣出股數"":""0"",""外資自營商買賣超股數"":""0"",""投信買進股數"":""0"",""投信賣出股數"":""0"",""投信買賣超股數"":""0"",""自營商買賣超股數"":""-9,617,109"",""自營商買進股數(自行買賣)"":""503,000"",""自營商賣出股數(自行買賣)"":""1,964,663"",""自營商買賣超股數(自行買賣)"":""-1,461,663"",""自營商買進股數(避險)"":""4,674,620"",""自營商賣出股數(避險)"":""12,830,066"",""自營商買賣超股數(避險)"":""-8,155,446"",""三大法人買賣超股數"":""-33,764,159""}"
2026-10-07,TWSE,00685L,群益臺灣加權正2 ,5363208,4841000,522208,0,0,0,12096729,47500879,-35404150,"{""證券代號"":""00685L"",""證券名稱"":""群益臺灣加權正2 "",""外陸資買進股數(不含外資自營商)"":""5,363,208"",""外陸資賣出股數(不含外資自營商)"":""4,841,000"",""外陸資買賣超股數(不含外資自營商)"":""522,208"",""外資自營商買進股數"":""0"",""外資自營商賣出股數"":""0"",""外資自營商買賣超股數"":""0"",""投信買進股數"":""0"",""投信賣出股數"":""0"",""投信買賣超股數"":""0"",""自營商買賣超股數"":""-35,404,150"",""自營商買進股數(自行買賣)"":""0"",""自營商賣出股數(自行買賣)"":""0"",""自營商買賣超股數(自行買賣)"":""0"",""自營商買進股數(避險)"":""12,096,729"",""自營商賣出股數(避險)"":""47,500,879"",""自營商買賣超股數(避險)"":""-35,404,150"",""三大法人買賣超股數"":""-34,881,942""}"
2026-10-07,TWSE,2303,聯電            ,38998169,54332652,-15334483,1430000,21209101,-19779101,908007,603027,-351307,"{""證券代號"":""2303"",""證券名稱"":""聯電            "",""外陸資買進股數(不含外資自營商)"":""38,998,169"",""外陸資賣出股數(不含外資自營商)"":""54,332,652"",""外陸資買賣超股數(不含外資自營商)"":""-15,334,483"",""外資自營商買進股數"":""0"",""外資自營商賣出股數"":""0"",""外資自營商買賣超股數"":""0"",""投信買進股數"":""1,430,000"",""投信賣出股數"":""21,209,101"",""投信買賣超股數"":""-19,779,101"",""自營商買賣超股數"":""-351,307"",""自營商買進股數(自行買賣)"":""574,000"",""自營商賣出股數(自行買賣)"":""1,230,287"",""自營商買賣超股數(自行買賣)"":""-656,287"",""自營商買進股數(避險)"":""908,007"",""自營商賣出股數(避險)"":""603,027"",""自營商買賣超股數(避險)"":""304,980"",""三大法人買賣超股數"":""-35,464,891""}"
2026-10-07,TWSE,6770,力積電          ,13182494,49487980,-36305486,18000,153851,-135851,311774,1618340,-3218566,"{""證券代號"":""6770"",""證券名稱"":""力積電          "",""外陸資買進股數(不含外資自營商)"":""13,182,494"",""外陸資賣出股數(不含外資自營商)"":""49,487,980"",""外陸資買賣超股數(不含外資自營商)"":""-36,305,486"",""外資自營商買進股數"":""0"",""外資自營商賣出股數"":""0"",""外資自營商買賣超股數"":""0"",""投信買進股數"":""18,000"",""投信賣出股數"":""153,851"",""投信買賣超股數"":""-135,851"",""自營商買賣超股數"":""-3,218,566"",""自營商買進股數(自行買賣)"":""92,000"",""自營商賣出股數(自行買賣)"":""2,004,000"",""自營商買賣超股數(自行買賣)"":""-1,912,000"",""自營商買進股數(避險)"":""311,774"",""自營商賣出股數(避險)"":""1,618,340"",""自營商買賣超股數(避險)"":""-1,306,566"",""三大法人買賣超股數"":""-39,659,903""}"
2026-10-07,TWSE,00985A,主動野村台灣50  ,630500,1064000,-433500,0,0,0,2509619,44832577,-42418958,"{""證券代號"":""00985A"",""證券名稱"":""主動野村台灣50  "",""外陸資買進股數(不含外資自營商)"":""630,500"",""外陸資賣出股數(不含外資自營商)"":""1,064,000"",""外陸資買賣超股數(不含外資自營商)"":""-433,500"",""外資自營商買進股數"":""0"",""外資自營商賣出股數"":""0"",""外資自營商買賣超股數"":""0"",""投信買進股數"":""0"",""投信賣出股數"":""0"",""投信買賣超股數"":""0"",""自營商買賣超股數"":""-42,418,958"",""自營商買進股數(自行買賣)"":""0"",""自營商賣出股數(自行買賣)"":""96,000"",""自營商買賣超股數(自行買賣)"":""-96,000"",""自營商買進股數(避險)"":""2,509,619"",""自營商賣出股數(避險)"":""44,832,577"",""自營商買賣超股數(避險)"":""-42,322,958"",""三大法人買賣超股數"":""-42,852,458""}"
2026-10-07,TWSE,00400A,主動國泰動能高息,2529287,22174500,-19645213,0,0,0,6299239,31210319,-25261080,"{""證券代號"":""00400A"",""證券名稱"":""主動國泰動能高息"",""外陸資買進股數(不含外資自營商)"":""2,529,287"",""外陸資賣出股數(不含外資自營商)"":""22,174,500"",""外陸資買賣超股數(不含外資自營商)"":""-19,645,213"",""外資自營商買進股數"":""0"",""外資自營商賣出股數"":""0"",""外資自營商買賣超股數"":""0"",""投信買進股數"":""0"",""投信賣出股數"":""0"",""投信買賣超股數"":""0"",""自營商買賣超股數"":""-25,261,080"",""自營商買進股數(自行買賣)"":""0"",""自營商賣出股數(自行買賣)"":""350,000"",""自營商買賣超股數(自行買賣)"":""-350,000"",""自營商買進股數(避險)"":""6,299,239"",""自營商賣出股數(避險)"":""31,210,319"",""自營商買賣超股數(避險)"":""-24,911,080"",""三大法人買賣超股數"":""-44,906,293""}"
2026-10-07,TWSE,009828,中信台日韓PCB   ,3569000,29187000,-25618000,82000,0,82000,4312000,27445788,-23283788,"{""證券代號"":""009828"",""證券名稱"":""中信台日韓PCB   "",""外陸資買進股數(不含外資自營商)"":""3,569,000"",""外陸資賣出股數(不含外資自營商)"":""29,187,000"",""外陸資買賣超股數(不含外資自營商)"":""-25,618,000"",""外資自營商買進股數"":""0"",""外資自營商賣出股數"":""0"",""外資自營商買賣超股數"":""0"",""投信買進股數"":""82,000"",""投信賣出股數"":""0"",""投信買賣超股數"":""82,000"",""自營商買賣超股數"":""-23,283,788"",""自營商買進股數(自行買賣)"":""250,000"",""自營商賣出股數(自行買賣)"":""400,000"",""自營商買賣超股數(自行買賣)"":""-150,000"",""自營商買進股數(避險)"":""4,312,000"",""自營商賣出股數(避險)"":""27,445,788"",""自營商買賣超股數(避險)"":""-23,133,788"",""三大法人買賣超股數"":""-48,819,788""}"
2026-10-07,TWSE,009816,凱基台灣TOP50   ,2435270,9290500,-6855230,0,0,0,6062000,53924180,-51253180,"{""證券代號"":""009816"",""證券名稱"":""凱基台灣TOP50   "",""外陸資買進股數(不含外資自營商)"":""2,435,270"",""外陸資賣出股數(不含外資自營商)"":""9,290,500"",""外陸資買賣超股數(不含外資自營商)"":""-6,855,230"",""外資自營商買進股數"":""0"",""外資自營商賣出股數"":""0"",""外資自營商買賣超股數"":""0"",""投信買進股數"":""0"",""投信賣出股數"":""0"",""投信買賣超股數"":""0"",""自營商買賣超股數"":""-51,253,180"",""自營商買進股數(自行買賣)"":""0"",""自營商賣出股數(自行買賣)"":""3,391,000"",""自營商買賣超股數(自行買賣)"":""-3,391,000"",""自營商買進股數(避險)"":""6,062,000"",""自營商賣出股數(避險)"":""53,924,180"",""自營商買賣超股數(避險)"":""-47,862,180"",""三大法人買賣超股數"":""-58,108,410""}"
2026-10-07,TWSE,2409,友達            ,57277807,133470622,-76192815,4000,25934,-21934,546166,2218452,-3892286,"{""證券代號"":""2409"",""證券名稱"":""友達            "",""外陸資買進股數(不含外資自營商)"":""57,277,807"",""外陸資賣出股數(不含外資自營商)"":""133,470,622"",""外陸資買賣超股數(不含外資自營商)"":""-76,192,815"",""外資自營商買進股數"":""0"",""外資自營商賣出股數"":""0"",""外資自營商買賣超股數"":""0"",""投信買進股數"":""4,000"",""投信賣出股數"":""25,934"",""投信買賣超股數"":""-21,934"",""自營商買賣超股數"":""-3,892,286"",""自營商買進股數(自行買賣)"":""1,021,000"",""自營商賣出股數(自行買賣)"":""3,241,000"",""自營商買賣超股數(自行買賣)"":""-2,220,000"",""自營商買進股數(避險)"":""546,166"",""自營商賣出股數(避險)"":""2,218,452"",""自營商買賣超股數(避險)"":""-1,672,286"",""三大法人買賣超股數"":""-80,107,035""}"
2026-10-07,TWSE,00406A,主動中信台灣收益,4687865,86723000,-82035135,0,0,0,17400000,95835862,-78435862,"{""證券代號"":""00406A"",""證券名稱"":""主動中信台灣收益"",""外陸資買進股數(不含外資自營商)"":""4,687,865"",""外陸資賣出股數(不含外資自營商)"":""86,723,000"",""外陸資買賣超股數(不含外資自營商)"":""-82,035,135"",""外資自營商買進股數"":""0"",""外資自營商賣出股數"":""0"",""外資自營商買賣超股數"":""0"",""投信買進股數"":""0"",""投信賣出股數"":""0"",""投信買賣超股數"":""0"",""自營商買賣超股數"":""-78,435,862"",""自營商買進股數(自行買賣)"":""0"",""自營商賣出股數(自行買賣)"":""0"",""自營商買賣超股數(自行買賣)"":""0"",""自營商買進股數(避險)"":""17,400,000"",""自營商賣出股數(避險)"":""95,835,862"",""自營商買賣超股數(避險)"":""-78,435,862"",""三大法人買賣超股數"":""-160,470,997""}"
