trade_date,market,stock_id,name,foreign_buy,foreign_sell,foreign_net,trust_buy,trust_sell,trust_net,dealer_buy,dealer_sell,dealer_net,raw_json
2026-10-01,TWSE,00403A,主動統一升級50  ,88752991,14483500,74269491,0,0,0,82376388,2961532,79164856,"{""證券代號"":""00403A"",""證券名稱"":""主動統一升級50  "",""外陸資買進股數(不含外資自營商)"":""88,752,991"",""外陸資賣出股數(不含外資自營商)"":""14,483,500"",""外陸資買賣超股數(不含外資自營商)"":""74,269,491"",""外資自營商買進股數"":""0"",""外資自營商賣出股數"":""0"",""外資自營商買賣超股數"":""0"",""投信買進股數"":""0"",""投信賣出股數"":""0"",""投信買賣超股數"":""0"",""自營商買賣超股數"":""79,164,856"",""自營商買進股數(自行買賣)"":""0"",""自營商賣出股數(自行買賣)"":""250,000"",""自營商買賣超股數(自行買賣)"":""-250,000"",""自營商買進股數(避險)"":""82,376,388"",""自營商賣出股數(避險)"":""2,961,532"",""自營商買賣超股數(避險)"":""79,414,856"",""三大法人買賣超股數"":""153,434,347""}"
2026-10-01,TWSE,00981A,主動統一台股增長,38840521,9228746,29611775,0,0,0,31425004,7486256,24630198,"{""證券代號"":""00981A"",""證券名稱"":""主動統一台股增長"",""外陸資買進股數(不含外資自營商)"":""38,840,521"",""外陸資賣出股數(不含外資自營商)"":""9,228,746"",""外陸資買賣超股數(不含外資自營商)"":""29,611,775"",""外資自營商買進股數"":""0"",""外資自營商賣出股數"":""0"",""外資自營商買賣超股數"":""0"",""投信買進股數"":""0"",""投信賣出股數"":""0"",""投信買賣超股數"":""0"",""自營商買賣超股數"":""24,630,198"",""自營商買進股數(自行買賣)"":""1,221,450"",""自營商賣出股數(自行買賣)"":""530,000"",""自營商買賣超股數(自行買賣)"":""691,450"",""自營商買進股數(避險)"":""31,425,004"",""自營商賣出股數(避險)"":""7,486,256"",""自營商買賣超股數(避險)"":""23,938,748"",""三大法人買賣超股數"":""54,241,973""}"
2026-10-01,TWSE,00409A,主動復華全球50  ,25592098,78000,25514098,0,0,0,23148328,2920999,20227329,"{""證券代號"":""00409A"",""證券名稱"":""主動復華全球50  "",""外陸資買進股數(不含外資自營商)"":""25,592,098"",""外陸資賣出股數(不含外資自營商)"":""78,000"",""外陸資買賣超股數(不含外資自營商)"":""25,514,098"",""外資自營商買進股數"":""0"",""外資自營商賣出股數"":""0"",""外資自營商買賣超股數"":""0"",""投信買進股數"":""0"",""投信賣出股數"":""0"",""投信買賣超股數"":""0"",""自營商買賣超股數"":""20,227,329"",""自營商買進股數(自行買賣)"":""0"",""自營商賣出股數(自行買賣)"":""0"",""自營商買賣超股數(自行買賣)"":""0"",""自營商買進股數(避險)"":""23,148,328"",""自營商賣出股數(避險)"":""2,920,999"",""自營商買賣超股數(避險)"":""20,227,329"",""三大法人買賣超股數"":""45,741,427""}"
2026-10-01,TWSE,00991A,主動復華未來50  ,27955655,6410900,21544755,0,0,0,18049207,3619855,22404298,"{""證券代號"":""00991A"",""證券名稱"":""主動復華未來50  "",""外陸資買進股數(不含外資自營商)"":""27,955,655"",""外陸資賣出股數(不含外資自營商)"":""6,410,900"",""外陸資買賣超股數(不含外資自營商)"":""21,544,755"",""外資自營商買進股數"":""0"",""外資自營商賣出股數"":""0"",""外資自營商買賣超股數"":""0"",""投信買進股數"":""0"",""投信賣出股數"":""0"",""投信買賣超股數"":""0"",""自營商買賣超股數"":""22,404,298"",""自營商買進股數(自行買賣)"":""7,974,946"",""自營商賣出股數(自行買賣)"":""0"",""自營商買賣超股數(自行買賣)"":""7,974,946"",""自營商買進股數(避險)"":""18,049,207"",""自營商賣出股數(避險)"":""3,619,855"",""自營商買賣超股數(避險)"":""14,429,352"",""三大法人買賣超股數"":""43,949,053""}"
2026-10-01,TWSE,3231,緯創            ,43140971,13810597,29330374,555000,1000,554000,992784,187639,750145,"{""證券代號"":""3231"",""證券名稱"":""緯創            "",""外陸資買進股數(不含外資自營商)"":""43,140,971"",""外陸資賣出股數(不含外資自營商)"":""13,810,597"",""外陸資買賣超股數(不含外資自營商)"":""29,330,374"",""外資自營商買進股數"":""0"",""外資自營商賣出股數"":""0"",""外資自營商買賣超股數"":""0"",""投信買進股數"":""555,000"",""投信賣出股數"":""1,000"",""投信買賣超股數"":""554,000"",""自營商買賣超股數"":""750,145"",""自營商買進股數(自行買賣)"":""278,000"",""自營商賣出股數(自行買賣)"":""333,000"",""自營商買賣超股數(自行買賣)"":""-55,000"",""自營商買進股數(避險)"":""992,784"",""自營商賣出股數(避險)"":""187,639"",""自營商買賣超股數(避險)"":""805,145"",""三大法人買賣超股數"":""30,634,519""}"
2026-10-01,TWSE,2303,聯電            ,44203303,18742402,25460901,4029000,1534000,2495000,1368426,220735,1767691,"{""證券代號"":""2303"",""證券名稱"":""聯電            "",""外陸資買進股數(不含外資自營商)"":""44,203,303"",""外陸資賣出股數(不含外資自營商)"":""18,742,402"",""外陸資買賣超股數(不含外資自營商)"":""25,460,901"",""外資自營商買進股數"":""0"",""外資自營商賣出股數"":""0"",""外資自營商買賣超股數"":""0"",""投信買進股數"":""4,029,000"",""投信賣出股數"":""1,534,000"",""投信買賣超股數"":""2,495,000"",""自營商買賣超股數"":""1,767,691"",""自營商買進股數(自行買賣)"":""1,019,000"",""自營商賣出股數(自行買賣)"":""399,000"",""自營商買賣超股數(自行買賣)"":""620,000"",""自營商買進股數(避險)"":""1,368,426"",""自營商賣出股數(避險)"":""220,735"",""自營商買賣超股數(避險)"":""1,147,691"",""三大法人買賣超股數"":""29,723,592""}"
2026-10-01,TWSE,00402A,主動安聯美國科技,13220000,237000,12983000,0,0,0,15538114,1850000,13688114,"{""證券代號"":""00402A"",""證券名稱"":""主動安聯美國科技"",""外陸資買進股數(不含外資自營商)"":""13,220,000"",""外陸資賣出股數(不含外資自營商)"":""237,000"",""外陸資買賣超股數(不含外資自營商)"":""12,983,000"",""外資自營商買進股數"":""0"",""外資自營商賣出股數"":""0"",""外資自營商買賣超股數"":""0"",""投信買進股數"":""0"",""投信賣出股數"":""0"",""投信買賣超股數"":""0"",""自營商買賣超股數"":""13,688,114"",""自營商買進股數(自行買賣)"":""0"",""自營商賣出股數(自行買賣)"":""0"",""自營商買賣超股數(自行買賣)"":""0"",""自營商買進股數(避險)"":""15,538,114"",""自營商賣出股數(避險)"":""1,850,000"",""自營商買賣超股數(避險)"":""13,688,114"",""三大法人買賣超股數"":""26,671,114""}"
2026-10-01,TWSE,2327,國巨*           ,34600839,11207087,23393752,1400000,0,1400000,793883,69578,1524271,"{""證券代號"":""2327"",""證券名稱"":""國巨*           "",""外陸資買進股數(不含外資自營商)"":""34,600,839"",""外陸資賣出股數(不含外資自營商)"":""11,207,087"",""外陸資買賣超股數(不含外資自營商)"":""23,393,752"",""外資自營商買進股數"":""0"",""外資自營商賣出股數"":""0"",""外資自營商買賣超股數"":""0"",""投信買進股數"":""1,400,000"",""投信賣出股數"":""0"",""投信買賣超股數"":""1,400,000"",""自營商買賣超股數"":""1,524,271"",""自營商買進股數(自行買賣)"":""1,195,240"",""自營商賣出股數(自行買賣)"":""395,274"",""自營商買賣超股數(自行買賣)"":""799,966"",""自營商買進股數(避險)"":""793,883"",""自營商賣出股數(避險)"":""69,578"",""自營商買賣超股數(避險)"":""724,305"",""三大法人買賣超股數"":""26,318,023""}"
2026-10-01,TWSE,009820,元大納斯達克精選,5726000,237050,5488950,0,0,0,13451280,511000,12940280,"{""證券代號"":""009820"",""證券名稱"":""元大納斯達克精選"",""外陸資買進股數(不含外資自營商)"":""5,726,000"",""外陸資賣出股數(不含外資自營商)"":""237,050"",""外陸資買賣超股數(不含外資自營商)"":""5,488,950"",""外資自營商買進股數"":""0"",""外資自營商賣出股數"":""0"",""外資自營商買賣超股數"":""0"",""投信買進股數"":""0"",""投信賣出股數"":""0"",""投信買賣超股數"":""0"",""自營商買賣超股數"":""12,940,280"",""自營商買進股數(自行買賣)"":""0"",""自營商賣出股數(自行買賣)"":""0"",""自營商買賣超股數(自行買賣)"":""0"",""自營商買進股數(避險)"":""13,451,280"",""自營商賣出股數(避險)"":""511,000"",""自營商買賣超股數(避險)"":""12,940,280"",""三大法人買賣超股數"":""18,429,230""}"
2026-10-01,TWSE,2492,華新科          ,22672260,6180099,16492161,0,0,0,997100,230160,1279329,"{""證券代號"":""2492"",""證券名稱"":""華新科          "",""外陸資買進股數(不含外資自營商)"":""22,672,260"",""外陸資賣出股數(不含外資自營商)"":""6,180,099"",""外陸資買賣超股數(不含外資自營商)"":""16,492,161"",""外資自營商買進股數"":""0"",""外資自營商賣出股數"":""0"",""外資自營商買賣超股數"":""0"",""投信買進股數"":""0"",""投信賣出股數"":""0"",""投信買賣超股數"":""0"",""自營商買賣超股數"":""1,279,329"",""自營商買進股數(自行買賣)"":""589,389"",""自營商賣出股數(自行買賣)"":""77,000"",""自營商買賣超股數(自行買賣)"":""512,389"",""自營商買進股數(避險)"":""997,100"",""自營商賣出股數(避險)"":""230,160"",""自營商買賣超股數(避險)"":""766,940"",""三大法人買賣超股數"":""17,771,490""}"
2026-10-01,TWSE,2344,華邦電          ,32194987,15406100,16788887,77000,540000,-463000,493057,198965,1204299,"{""證券代號"":""2344"",""證券名稱"":""華邦電          "",""外陸資買進股數(不含外資自營商)"":""32,194,987"",""外陸資賣出股數(不含外資自營商)"":""15,406,100"",""外陸資買賣超股數(不含外資自營商)"":""16,788,887"",""外資自營商買進股數"":""0"",""外資自營商賣出股數"":""0"",""外資自營商買賣超股數"":""0"",""投信買進股數"":""77,000"",""投信賣出股數"":""540,000"",""投信買賣超股數"":""-463,000"",""自營商買賣超股數"":""1,204,299"",""自營商買進股數(自行買賣)"":""1,151,207"",""自營商賣出股數(自行買賣)"":""241,000"",""自營商買賣超股數(自行買賣)"":""910,207"",""自營商買進股數(避險)"":""493,057"",""自營商賣出股數(避險)"":""198,965"",""自營商買賣超股數(避險)"":""294,092"",""三大法人買賣超股數"":""17,530,186""}"
2026-10-01,TWSE,00632R,元大台灣50反1   ,562000,511000,51000,0,0,0,23485782,5669217,16216565,"{""證券代號"":""00632R"",""證券名稱"":""元大台灣50反1   "",""外陸資買進股數(不含外資自營商)"":""562,000"",""外陸資賣出股數(不含外資自營商)"":""511,000"",""外陸資買賣超股數(不含外資自營商)"":""51,000"",""外資自營商買進股數"":""0"",""外資自營商賣出股數"":""0"",""外資自營商買賣超股數"":""0"",""投信買進股數"":""0"",""投信賣出股數"":""0"",""投信買賣超股數"":""0"",""自營商買賣超股數"":""16,216,565"",""自營商買進股數(自行買賣)"":""0"",""自營商賣出股數(自行買賣)"":""1,600,000"",""自營商買賣超股數(自行買賣)"":""-1,600,000"",""自營商買進股數(避險)"":""23,485,782"",""自營商賣出股數(避險)"":""5,669,217"",""自營商買賣超股數(避險)"":""17,816,565"",""三大法人買賣超股數"":""16,267,565""}"
2026-10-01,TWSE,00407A,主動凱基台灣    ,2988496,3595500,-607004,0,0,0,16656669,1908583,14748086,"{""證券代號"":""00407A"",""證券名稱"":""主動凱基台灣    "",""外陸資買進股數(不含外資自營商)"":""2,988,496"",""外陸資賣出股數(不含外資自營商)"":""3,595,500"",""外陸資買賣超股數(不含外資自營商)"":""-607,004"",""外資自營商買進股數"":""0"",""外資自營商賣出股數"":""0"",""外資自營商買賣超股數"":""0"",""投信買進股數"":""0"",""投信賣出股數"":""0"",""投信買賣超股數"":""0"",""自營商買賣超股數"":""14,748,086"",""自營商買進股數(自行買賣)"":""0"",""自營商賣出股數(自行買賣)"":""0"",""自營商買賣超股數(自行買賣)"":""0"",""自營商買進股數(避險)"":""16,656,669"",""自營商賣出股數(避險)"":""1,908,583"",""自營商買賣超股數(避險)"":""14,748,086"",""三大法人買賣超股數"":""14,141,082""}"
2026-10-01,TWSE,2340,台亞            ,20792872,7459847,13333025,0,0,0,405207,125153,519211,"{""證券代號"":""2340"",""證券名稱"":""台亞            "",""外陸資買進股數(不含外資自營商)"":""20,792,872"",""外陸資賣出股數(不含外資自營商)"":""7,459,847"",""外陸資買賣超股數(不含外資自營商)"":""13,333,025"",""外資自營商買進股數"":""0"",""外資自營商賣出股數"":""0"",""外資自營商買賣超股數"":""0"",""投信買進股數"":""0"",""投信賣出股數"":""0"",""投信買賣超股數"":""0"",""自營商買賣超股數"":""519,211"",""自營商買進股數(自行買賣)"":""454,157"",""自營商賣出股數(自行買賣)"":""215,000"",""自營商買賣超股數(自行買賣)"":""239,157"",""自營商買進股數(避險)"":""405,207"",""自營商賣出股數(避險)"":""125,153"",""自營商買賣超股數(避險)"":""280,054"",""三大法人買賣超股數"":""13,852,236""}"
2026-10-01,TWSE,2886,兆豐金          ,19210508,4740613,14469895,4024000,5919000,-1895000,1115200,11873,1078907,"{""證券代號"":""2886"",""證券名稱"":""兆豐金          "",""外陸資買進股數(不含外資自營商)"":""19,210,508"",""外陸資賣出股數(不含外資自營商)"":""4,740,613"",""外陸資買賣超股數(不含外資自營商)"":""14,469,895"",""外資自營商買進股數"":""0"",""外資自營商賣出股數"":""0"",""外資自營商買賣超股數"":""0"",""投信買進股數"":""4,024,000"",""投信賣出股數"":""5,919,000"",""投信買賣超股數"":""-1,895,000"",""自營商買賣超股數"":""1,078,907"",""自營商買進股數(自行買賣)"":""98,000"",""自營商賣出股數(自行買賣)"":""122,420"",""自營商買賣超股數(自行買賣)"":""-24,420"",""自營商買進股數(避險)"":""1,115,200"",""自營商賣出股數(避險)"":""11,873"",""自營商買賣超股數(避險)"":""1,103,327"",""三大法人買賣超股數"":""13,653,802""}"
2026-10-01,TWSE,00988A,主動統一全球創新,6112912,995135,5117777,0,0,0,6242000,567000,5675000,"{""證券代號"":""00988A"",""證券名稱"":""主動統一全球創新"",""外陸資買進股數(不含外資自營商)"":""6,112,912"",""外陸資賣出股數(不含外資自營商)"":""995,135"",""外陸資買賣超股數(不含外資自營商)"":""5,117,777"",""外資自營商買進股數"":""0"",""外資自營商賣出股數"":""0"",""外資自營商買賣超股數"":""0"",""投信買進股數"":""0"",""投信賣出股數"":""0"",""投信買賣超股數"":""0"",""自營商買賣超股數"":""5,675,000"",""自營商買進股數(自行買賣)"":""0"",""自營商賣出股數(自行買賣)"":""0"",""自營商買賣超股數(自行買賣)"":""0"",""自營商買進股數(避險)"":""6,242,000"",""自營商賣出股數(避險)"":""567,000"",""自營商買賣超股數(避險)"":""5,675,000"",""三大法人買賣超股數"":""10,792,777""}"
2026-10-01,TWSE,2481,強茂            ,13321523,3778001,9543522,140000,67000,73000,221779,51744,672479,"{""證券代號"":""2481"",""證券名稱"":""強茂            "",""外陸資買進股數(不含外資自營商)"":""13,321,523"",""外陸資賣出股數(不含外資自營商)"":""3,778,001"",""外陸資買賣超股數(不含外資自營商)"":""9,543,522"",""外資自營商買進股數"":""0"",""外資自營商賣出股數"":""0"",""外資自營商買賣超股數"":""0"",""投信買進股數"":""140,000"",""投信賣出股數"":""67,000"",""投信買賣超股數"":""73,000"",""自營商買賣超股數"":""672,479"",""自營商買進股數(自行買賣)"":""543,444"",""自營商賣出股數(自行買賣)"":""41,000"",""自營商買賣超股數(自行買賣)"":""502,444"",""自營商買進股數(避險)"":""221,779"",""自營商賣出股數(避險)"":""51,744"",""自營商買賣超股數(避險)"":""170,035"",""三大法人買賣超股數"":""10,289,001""}"
2026-10-01,TWSE,00405A,主動富邦台灣龍耀,7003100,5479001,1524099,0,0,0,17923650,9626221,8297429,"{""證券代號"":""00405A"",""證券名稱"":""主動富邦台灣龍耀"",""外陸資買進股數(不含外資自營商)"":""7,003,100"",""外陸資賣出股數(不含外資自營商)"":""5,479,001"",""外陸資買賣超股數(不含外資自營商)"":""1,524,099"",""外資自營商買進股數"":""0"",""外資自營商賣出股數"":""0"",""外資自營商買賣超股數"":""0"",""投信買進股數"":""0"",""投信賣出股數"":""0"",""投信買賣超股數"":""0"",""自營商買賣超股數"":""8,297,429"",""自營商買進股數(自行買賣)"":""0"",""自營商賣出股數(自行買賣)"":""0"",""自營商買賣超股數(自行買賣)"":""0"",""自營商買進股數(避險)"":""17,923,650"",""自營商賣出股數(避險)"":""9,626,221"",""自營商買賣超股數(避險)"":""8,297,429"",""三大法人買賣超股數"":""9,821,528""}"
2026-10-01,TWSE,00990A,主動元大AI新經濟,783000,1046220,-263220,0,0,0,10040657,1046000,8994657,"{""證券代號"":""00990A"",""證券名稱"":""主動元大AI新經濟"",""外陸資買進股數(不含外資自營商)"":""783,000"",""外陸資賣出股數(不含外資自營商)"":""1,046,220"",""外陸資買賣超股數(不含外資自營商)"":""-263,220"",""外資自營商買進股數"":""0"",""外資自營商賣出股數"":""0"",""外資自營商買賣超股數"":""0"",""投信買進股數"":""0"",""投信賣出股數"":""0"",""投信買賣超股數"":""0"",""自營商買賣超股數"":""8,994,657"",""自營商買進股數(自行買賣)"":""0"",""自營商賣出股數(自行買賣)"":""0"",""自營商買賣超股數(自行買賣)"":""0"",""自營商買進股數(避險)"":""10,040,657"",""自營商賣出股數(避險)"":""1,046,000"",""自營商買賣超股數(避險)"":""8,994,657"",""三大法人買賣超股數"":""8,731,437""}"
2026-10-01,TWSE,0052,富邦科技        ,2093245,914000,1179245,0,0,0,9373113,2056854,7456899,"{""證券代號"":""0052"",""證券名稱"":""富邦科技        "",""外陸資買進股數(不含外資自營商)"":""2,093,245"",""外陸資賣出股數(不含外資自營商)"":""914,000"",""外陸資買賣超股數(不含外資自營商)"":""1,179,245"",""外資自營商買進股數"":""0"",""外資自營商賣出股數"":""0"",""外資自營商買賣超股數"":""0"",""投信買進股數"":""0"",""投信賣出股數"":""0"",""投信買賣超股數"":""0"",""自營商買賣超股數"":""7,456,899"",""自營商買進股數(自行買賣)"":""345,640"",""自營商賣出股數(自行買賣)"":""205,000"",""自營商買賣超股數(自行買賣)"":""140,640"",""自營商買進股數(避險)"":""9,373,113"",""自營商賣出股數(避險)"":""2,056,854"",""自營商買賣超股數(避險)"":""7,316,259"",""三大法人買賣超股數"":""8,636,144""}"
2026-10-01,TWSE,00997A,主動群益美國增長,4274000,156000,4118000,0,0,0,4759823,811500,3948323,"{""證券代號"":""00997A"",""證券名稱"":""主動群益美國增長"",""外陸資買進股數(不含外資自營商)"":""4,274,000"",""外陸資賣出股數(不含外資自營商)"":""156,000"",""外陸資買賣超股數(不含外資自營商)"":""4,118,000"",""外資自營商買進股數"":""0"",""外資自營商賣出股數"":""0"",""外資自營商買賣超股數"":""0"",""投信買進股數"":""0"",""投信賣出股數"":""0"",""投信買賣超股數"":""0"",""自營商買賣超股數"":""3,948,323"",""自營商買進股數(自行買賣)"":""0"",""自營商賣出股數(自行買賣)"":""0"",""自營商買賣超股數(自行買賣)"":""0"",""自營商買進股數(避險)"":""4,759,823"",""自營商賣出股數(避險)"":""811,500"",""自營商買賣超股數(避險)"":""3,948,323"",""三大法人買賣超股數"":""8,066,323""}"
2026-10-01,TWSE,3702,大聯大          ,6988356,2099693,4888663,544000,40000,504000,356906,18571,376335,"{""證券代號"":""3702"",""證券名稱"":""大聯大          "",""外陸資買進股數(不含外資自營商)"":""6,988,356"",""外陸資賣出股數(不含外資自營商)"":""2,099,693"",""外陸資買賣超股數(不含外資自營商)"":""4,888,663"",""外資自營商買進股數"":""0"",""外資自營商賣出股數"":""0"",""外資自營商買賣超股數"":""0"",""投信買進股數"":""544,000"",""投信賣出股數"":""40,000"",""投信買賣超股數"":""504,000"",""自營商買賣超股數"":""376,335"",""自營商買進股數(自行買賣)"":""56,000"",""自營商賣出股數(自行買賣)"":""18,000"",""自營商買賣超股數(自行買賣)"":""38,000"",""自營商買進股數(避險)"":""356,906"",""自營商賣出股數(避險)"":""18,571"",""自營商買賣超股數(避險)"":""338,335"",""三大法人買賣超股數"":""5,768,998""}"
2026-10-01,TWSE,2317,鴻海            ,20820991,15728856,5092135,209752,6000,203752,447744,71578,357166,"{""證券代號"":""2317"",""證券名稱"":""鴻海            "",""外陸資買進股數(不含外資自營商)"":""20,820,991"",""外陸資賣出股數(不含外資自營商)"":""15,728,856"",""外陸資買賣超股數(不含外資自營商)"":""5,092,135"",""外資自營商買進股數"":""0"",""外資自營商賣出股數"":""0"",""外資自營商買賣超股數"":""0"",""投信買進股數"":""209,752"",""投信賣出股數"":""6,000"",""投信買賣超股數"":""203,752"",""自營商買賣超股數"":""357,166"",""自營商買進股數(自行買賣)"":""46,000"",""自營商賣出股數(自行買賣)"":""65,000"",""自營商買賣超股數(自行買賣)"":""-19,000"",""自營商買進股數(避險)"":""447,744"",""自營商賣出股數(避險)"":""71,578"",""自營商買賣超股數(避險)"":""376,166"",""三大法人買賣超股數"":""5,653,053""}"
2026-10-01,TWSE,009824,群益美國科技巨頭,1401000,74000,1327000,0,0,0,4472934,152423,4320511,"{""證券代號"":""009824"",""證券名稱"":""群益美國科技巨頭"",""外陸資買進股數(不含外資自營商)"":""1,401,000"",""外陸資賣出股數(不含外資自營商)"":""74,000"",""外陸資買賣超股數(不含外資自營商)"":""1,327,000"",""外資自營商買進股數"":""0"",""外資自營商賣出股數"":""0"",""外資自營商買賣超股數"":""0"",""投信買進股數"":""0"",""投信賣出股數"":""0"",""投信買賣超股數"":""0"",""自營商買賣超股數"":""4,320,511"",""自營商買進股數(自行買賣)"":""0"",""自營商賣出股數(自行買賣)"":""0"",""自營商買賣超股數(自行買賣)"":""0"",""自營商買進股數(避險)"":""4,472,934"",""自營商賣出股數(避險)"":""152,423"",""自營商買賣超股數(避險)"":""4,320,511"",""三大法人買賣超股數"":""5,647,511""}"
2026-10-01,TWSE,1709,和益            ,6387948,1123352,5264596,0,0,0,214974,156800,155174,"{""證券代號"":""1709"",""證券名稱"":""和益            "",""外陸資買進股數(不含外資自營商)"":""6,387,948"",""外陸資賣出股數(不含外資自營商)"":""1,123,352"",""外陸資買賣超股數(不含外資自營商)"":""5,264,596"",""外資自營商買進股數"":""0"",""外資自營商賣出股數"":""0"",""外資自營商買賣超股數"":""0"",""投信買進股數"":""0"",""投信賣出股數"":""0"",""投信買賣超股數"":""0"",""自營商買賣超股數"":""155,174"",""自營商買進股數(自行買賣)"":""97,000"",""自營商賣出股數(自行買賣)"":""0"",""自營商買賣超股數(自行買賣)"":""97,000"",""自營商買進股數(避險)"":""214,974"",""自營商賣出股數(避險)"":""156,800"",""自營商買賣超股數(避險)"":""58,174"",""三大法人買賣超股數"":""5,419,770""}"
2026-10-01,TWSE,2884,玉山金          ,14339285,17969578,-3630293,8010000,5000,8005000,908081,141725,706629,"{""證券代號"":""2884"",""證券名稱"":""玉山金          "",""外陸資買進股數(不含外資自營商)"":""14,339,285"",""外陸資賣出股數(不含外資自營商)"":""17,969,578"",""外陸資買賣超股數(不含外資自營商)"":""-3,630,293"",""外資自營商買進股數"":""0"",""外資自營商賣出股數"":""0"",""外資自營商買賣超股數"":""0"",""投信買進股數"":""8,010,000"",""投信賣出股數"":""5,000"",""投信買賣超股數"":""8,005,000"",""自營商買賣超股數"":""706,629"",""自營商買進股數(自行買賣)"":""72,000"",""自營商賣出股數(自行買賣)"":""131,727"",""自營商買賣超股數(自行買賣)"":""-59,727"",""自營商買進股數(避險)"":""908,081"",""自營商賣出股數(避險)"":""141,725"",""自營商買賣超股數(避險)"":""766,356"",""三大法人買賣超股數"":""5,081,336""}"
2026-10-01,TWSE,3706,神達            ,7589294,3217242,4372052,50000,0,50000,705988,27307,601681,"{""證券代號"":""3706"",""證券名稱"":""神達            "",""外陸資買進股數(不含外資自營商)"":""7,589,294"",""外陸資賣出股數(不含外資自營商)"":""3,217,242"",""外陸資買賣超股數(不含外資自營商)"":""4,372,052"",""外資自營商買進股數"":""0"",""外資自營商賣出股數"":""0"",""外資自營商買賣超股數"":""0"",""投信買進股數"":""50,000"",""投信賣出股數"":""0"",""投信買賣超股數"":""50,000"",""自營商買賣超股數"":""601,681"",""自營商買進股數(自行買賣)"":""50,000"",""自營商賣出股數(自行買賣)"":""127,000"",""自營商買賣超股數(自行買賣)"":""-77,000"",""自營商買進股數(避險)"":""705,988"",""自營商賣出股數(避險)"":""27,307"",""自營商買賣超股數(避險)"":""678,681"",""三大法人買賣超股數"":""5,023,733""}"
2026-10-01,TWSE,2484,希華            ,12626990,7864100,4762890,0,0,0,252830,58186,254644,"{""證券代號"":""2484"",""證券名稱"":""希華            "",""外陸資買進股數(不含外資自營商)"":""12,626,990"",""外陸資賣出股數(不含外資自營商)"":""7,864,100"",""外陸資買賣超股數(不含外資自營商)"":""4,762,890"",""外資自營商買進股數"":""0"",""外資自營商賣出股數"":""0"",""外資自營商買賣超股數"":""0"",""投信買進股數"":""0"",""投信賣出股數"":""0"",""投信買賣超股數"":""0"",""自營商買賣超股數"":""254,644"",""自營商買進股數(自行買賣)"":""61,000"",""自營商賣出股數(自行買賣)"":""1,000"",""自營商買賣超股數(自行買賣)"":""60,000"",""自營商買進股數(避險)"":""252,830"",""自營商賣出股數(避險)"":""58,186"",""自營商買賣超股數(避險)"":""194,644"",""三大法人買賣超股數"":""5,017,534""}"
2026-10-01,TWSE,00631L,元大台灣50正2   ,4119000,9266000,-5147000,0,0,0,28553037,18527482,10025555,"{""證券代號"":""00631L"",""證券名稱"":""元大台灣50正2   "",""外陸資買進股數(不含外資自營商)"":""4,119,000"",""外陸資賣出股數(不含外資自營商)"":""9,266,000"",""外陸資買賣超股數(不含外資自營商)"":""-5,147,000"",""外資自營商買進股數"":""0"",""外資自營商賣出股數"":""0"",""外資自營商買賣超股數"":""0"",""投信買進股數"":""0"",""投信賣出股數"":""0"",""投信買賣超股數"":""0"",""自營商買賣超股數"":""10,025,555"",""自營商買進股數(自行買賣)"":""0"",""自營商賣出股數(自行買賣)"":""0"",""自營商買賣超股數(自行買賣)"":""0"",""自營商買進股數(避險)"":""28,553,037"",""自營商賣出股數(避險)"":""18,527,482"",""自營商買賣超股數(避險)"":""10,025,555"",""三大法人買賣超股數"":""4,878,555""}"
2026-10-01,TWSE,2330,台積電          ,14212490,11121760,3090730,644000,47550,596450,429322,75894,602528,"{""證券代號"":""2330"",""證券名稱"":""台積電          "",""外陸資買進股數(不含外資自營商)"":""14,212,490"",""外陸資賣出股數(不含外資自營商)"":""11,121,760"",""外陸資買賣超股數(不含外資自營商)"":""3,090,730"",""外資自營商買進股數"":""0"",""外資自營商賣出股數"":""0"",""外資自營商買賣超股數"":""0"",""投信買進股數"":""644,000"",""投信賣出股數"":""47,550"",""投信買賣超股數"":""596,450"",""自營商買賣超股數"":""602,528"",""自營商買進股數(自行買賣)"":""260,100"",""自營商賣出股數(自行買賣)"":""11,000"",""自營商買賣超股數(自行買賣)"":""249,100"",""自營商買進股數(避險)"":""429,322"",""自營商賣出股數(避險)"":""75,894"",""自營商買賣超股數(避險)"":""353,428"",""三大法人買賣超股數"":""4,289,708""}"
2026-10-01,TWSE,2801,彰銀            ,8633909,6627321,2006588,2218000,0,2218000,65000,61393,-10079,"{""證券代號"":""2801"",""證券名稱"":""彰銀            "",""外陸資買進股數(不含外資自營商)"":""8,633,909"",""外陸資賣出股數(不含外資自營商)"":""6,627,321"",""外陸資買賣超股數(不含外資自營商)"":""2,006,588"",""外資自營商買進股數"":""0"",""外資自營商賣出股數"":""0"",""外資自營商買賣超股數"":""0"",""投信買進股數"":""2,218,000"",""投信賣出股數"":""0"",""投信買賣超股數"":""2,218,000"",""自營商買賣超股數"":""-10,079"",""自營商買進股數(自行買賣)"":""0"",""自營商賣出股數(自行買賣)"":""13,686"",""自營商買賣超股數(自行買賣)"":""-13,686"",""自營商買進股數(避險)"":""65,000"",""自營商賣出股數(避險)"":""61,393"",""自營商買賣超股數(避險)"":""3,607"",""三大法人買賣超股數"":""4,214,509""}"
2026-10-01,TWSE,2347,聯強            ,4623389,1364000,3259389,802000,2000,800000,135897,11982,127915,"{""證券代號"":""2347"",""證券名稱"":""聯強            "",""外陸資買進股數(不含外資自營商)"":""4,623,389"",""外陸資賣出股數(不含外資自營商)"":""1,364,000"",""外陸資買賣超股數(不含外資自營商)"":""3,259,389"",""外資自營商買進股數"":""0"",""外資自營商賣出股數"":""0"",""外資自營商買賣超股數"":""0"",""投信買進股數"":""802,000"",""投信賣出股數"":""2,000"",""投信買賣超股數"":""800,000"",""自營商買賣超股數"":""127,915"",""自營商買進股數(自行買賣)"":""156,000"",""自營商賣出股數(自行買賣)"":""152,000"",""自營商買賣超股數(自行買賣)"":""4,000"",""自營商買進股數(避險)"":""135,897"",""自營商賣出股數(避險)"":""11,982"",""自營商買賣超股數(避險)"":""123,915"",""三大法人買賣超股數"":""4,187,304""}"
2026-10-01,TWSE,00994A,主動第一金台股優,1001100,208000,793100,0,0,0,3453400,171514,3281886,"{""證券代號"":""00994A"",""證券名稱"":""主動第一金台股優"",""外陸資買進股數(不含外資自營商)"":""1,001,100"",""外陸資賣出股數(不含外資自營商)"":""208,000"",""外陸資買賣超股數(不含外資自營商)"":""793,100"",""外資自營商買進股數"":""0"",""外資自營商賣出股數"":""0"",""外資自營商買賣超股數"":""0"",""投信買進股數"":""0"",""投信賣出股數"":""0"",""投信買賣超股數"":""0"",""自營商買賣超股數"":""3,281,886"",""自營商買進股數(自行買賣)"":""0"",""自營商賣出股數(自行買賣)"":""0"",""自營商買賣超股數(自行買賣)"":""0"",""自營商買進股數(避險)"":""3,453,400"",""自營商賣出股數(避險)"":""171,514"",""自營商買賣超股數(避險)"":""3,281,886"",""三大法人買賣超股數"":""4,074,986""}"
2026-10-01,TWSE,3042,晶技            ,10795016,9370725,1424291,1290000,0,1290000,1004825,212619,894290,"{""證券代號"":""3042"",""證券名稱"":""晶技            "",""外陸資買進股數(不含外資自營商)"":""10,795,016"",""外陸資賣出股數(不含外資自營商)"":""9,370,725"",""外陸資買賣超股數(不含外資自營商)"":""1,424,291"",""外資自營商買進股數"":""0"",""外資自營商賣出股數"":""0"",""外資自營商買賣超股數"":""0"",""投信買進股數"":""1,290,000"",""投信賣出股數"":""0"",""投信買賣超股數"":""1,290,000"",""自營商買賣超股數"":""894,290"",""自營商買進股數(自行買賣)"":""378,084"",""自營商賣出股數(自行買賣)"":""276,000"",""自營商買賣超股數(自行買賣)"":""102,084"",""自營商買進股數(避險)"":""1,004,825"",""自營商賣出股數(避險)"":""212,619"",""自營商買賣超股數(避險)"":""792,206"",""三大法人買賣超股數"":""3,608,581""}"
2026-10-01,TWSE,2412,中華電          ,6626087,3118264,3507823,422000,2000,420000,59000,431000,-361000,"{""證券代號"":""2412"",""證券名稱"":""中華電          "",""外陸資買進股數(不含外資自營商)"":""6,626,087"",""外陸資賣出股數(不含外資自營商)"":""3,118,264"",""外陸資買賣超股數(不含外資自營商)"":""3,507,823"",""外資自營商買進股數"":""0"",""外資自營商賣出股數"":""0"",""外資自營商買賣超股數"":""0"",""投信買進股數"":""422,000"",""投信賣出股數"":""2,000"",""投信買賣超股數"":""420,000"",""自營商買賣超股數"":""-361,000"",""自營商買進股數(自行買賣)"":""11,000"",""自營商賣出股數(自行買賣)"":""0"",""自營商買賣超股數(自行買賣)"":""11,000"",""自營商買進股數(避險)"":""59,000"",""自營商賣出股數(避險)"":""431,000"",""自營商買賣超股數(避險)"":""-372,000"",""三大法人買賣超股數"":""3,566,823""}"
2026-10-01,TWSE,2892,第一金          ,11817946,12204361,-386415,3970000,5000,3965000,64000,81600,-41303,"{""證券代號"":""2892"",""證券名稱"":""第一金          "",""外陸資買進股數(不含外資自營商)"":""11,817,946"",""外陸資賣出股數(不含外資自營商)"":""12,204,361"",""外陸資買賣超股數(不含外資自營商)"":""-386,415"",""外資自營商買進股數"":""0"",""外資自營商賣出股數"":""0"",""外資自營商買賣超股數"":""0"",""投信買進股數"":""3,970,000"",""投信賣出股數"":""5,000"",""投信買賣超股數"":""3,965,000"",""自營商買賣超股數"":""-41,303"",""自營商買進股數(自行買賣)"":""23,000"",""自營商賣出股數(自行買賣)"":""46,703"",""自營商買賣超股數(自行買賣)"":""-23,703"",""自營商買進股數(避險)"":""64,000"",""自營商賣出股數(避險)"":""81,600"",""自營商買賣超股數(避險)"":""-17,600"",""三大法人買賣超股數"":""3,537,282""}"
2026-10-01,TWSE,009828,中信台日韓PCB   ,8529200,2998000,5531200,0,0,0,7982000,7032838,-2004838,"{""證券代號"":""009828"",""證券名稱"":""中信台日韓PCB   "",""外陸資買進股數(不含外資自營商)"":""8,529,200"",""外陸資賣出股數(不含外資自營商)"":""2,998,000"",""外陸資買賣超股數(不含外資自營商)"":""5,531,200"",""外資自營商買進股數"":""0"",""外資自營商賣出股數"":""0"",""外資自營商買賣超股數"":""0"",""投信買進股數"":""0"",""投信賣出股數"":""0"",""投信買賣超股數"":""0"",""自營商買賣超股數"":""-2,004,838"",""自營商買進股數(自行買賣)"":""50,000"",""自營商賣出股數(自行買賣)"":""3,004,000"",""自營商買賣超股數(自行買賣)"":""-2,954,000"",""自營商買進股數(避險)"":""7,982,000"",""自營商賣出股數(避險)"":""7,032,838"",""自營商買賣超股數(避險)"":""949,162"",""三大法人買賣超股數"":""3,526,362""}"
2026-10-01,TWSE,00673R,期元大S&P原油反1,7000,236000,-229000,0,0,0,6166447,2442000,3724447,"{""證券代號"":""00673R"",""證券名稱"":""期元大S&P原油反1"",""外陸資買進股數(不含外資自營商)"":""7,000"",""外陸資賣出股數(不含外資自營商)"":""236,000"",""外陸資買賣超股數(不含外資自營商)"":""-229,000"",""外資自營商買進股數"":""0"",""外資自營商賣出股數"":""0"",""外資自營商買賣超股數"":""0"",""投信買進股數"":""0"",""投信賣出股數"":""0"",""投信買賣超股數"":""0"",""自營商買賣超股數"":""3,724,447"",""自營商買進股數(自行買賣)"":""0"",""自營商賣出股數(自行買賣)"":""0"",""自營商買賣超股數(自行買賣)"":""0"",""自營商買進股數(避險)"":""6,166,447"",""自營商賣出股數(避險)"":""2,442,000"",""自營商買賣超股數(避險)"":""3,724,447"",""三大法人買賣超股數"":""3,495,447""}"
2026-10-01,TWSE,8046,南電            ,8332134,6829077,1503057,1954000,42000,1912000,297053,432704,-64743,"{""證券代號"":""8046"",""證券名稱"":""南電            "",""外陸資買進股數(不含外資自營商)"":""8,332,134"",""外陸資賣出股數(不含外資自營商)"":""6,829,077"",""外陸資買賣超股數(不含外資自營商)"":""1,503,057"",""外資自營商買進股數"":""0"",""外資自營商賣出股數"":""0"",""外資自營商買賣超股數"":""0"",""投信買進股數"":""1,954,000"",""投信賣出股數"":""42,000"",""投信買賣超股數"":""1,912,000"",""自營商買賣超股數"":""-64,743"",""自營商買進股數(自行買賣)"":""223,619"",""自營商賣出股數(自行買賣)"":""152,711"",""自營商買賣超股數(自行買賣)"":""70,908"",""自營商買進股數(避險)"":""297,053"",""自營商賣出股數(避險)"":""432,704"",""自營商買賣超股數(避險)"":""-135,651"",""三大法人買賣超股數"":""3,350,314""}"
2026-10-01,TWSE,00993A,主動安聯台灣    ,1262000,284000,978000,0,0,0,2943920,598566,2345354,"{""證券代號"":""00993A"",""證券名稱"":""主動安聯台灣    "",""外陸資買進股數(不含外資自營商)"":""1,262,000"",""外陸資賣出股數(不含外資自營商)"":""284,000"",""外陸資買賣超股數(不含外資自營商)"":""978,000"",""外資自營商買進股數"":""0"",""外資自營商賣出股數"":""0"",""外資自營商買賣超股數"":""0"",""投信買進股數"":""0"",""投信賣出股數"":""0"",""投信買賣超股數"":""0"",""自營商買賣超股數"":""2,345,354"",""自營商買進股數(自行買賣)"":""0"",""自營商賣出股數(自行買賣)"":""0"",""自營商買賣超股數(自行買賣)"":""0"",""自營商買進股數(避險)"":""2,943,920"",""自營商賣出股數(避險)"":""598,566"",""自營商買賣超股數(避險)"":""2,345,354"",""三大法人買賣超股數"":""3,323,354""}"
2026-10-01,TWSE,6672,騰輝電子-KY     ,7362254,4093195,3269059,0,0,0,183324,219071,-15747,"{""證券代號"":""6672"",""證券名稱"":""騰輝電子-KY     "",""外陸資買進股數(不含外資自營商)"":""7,362,254"",""外陸資賣出股數(不含外資自營商)"":""4,093,195"",""外陸資買賣超股數(不含外資自營商)"":""3,269,059"",""外資自營商買進股數"":""0"",""外資自營商賣出股數"":""0"",""外資自營商買賣超股數"":""0"",""投信買進股數"":""0"",""投信賣出股數"":""0"",""投信買賣超股數"":""0"",""自營商買賣超股數"":""-15,747"",""自營商買進股數(自行買賣)"":""25,000"",""自營商賣出股數(自行買賣)"":""5,000"",""自營商買賣超股數(自行買賣)"":""20,000"",""自營商買進股數(避險)"":""183,324"",""自營商賣出股數(避險)"":""219,071"",""自營商買賣超股數(避險)"":""-35,747"",""三大法人買賣超股數"":""3,253,312""}"
2026-10-01,TWSE,00982A,主動群益台灣強棒,3426050,1874000,1552050,0,0,0,2668161,1001191,1666970,"{""證券代號"":""00982A"",""證券名稱"":""主動群益台灣強棒"",""外陸資買進股數(不含外資自營商)"":""3,426,050"",""外陸資賣出股數(不含外資自營商)"":""1,874,000"",""外陸資買賣超股數(不含外資自營商)"":""1,552,050"",""外資自營商買進股數"":""0"",""外資自營商賣出股數"":""0"",""外資自營商買賣超股數"":""0"",""投信買進股數"":""0"",""投信賣出股數"":""0"",""投信買賣超股數"":""0"",""自營商買賣超股數"":""1,666,970"",""自營商買進股數(自行買賣)"":""0"",""自營商賣出股數(自行買賣)"":""0"",""自營商買賣超股數(自行買賣)"":""0"",""自營商買進股數(避險)"":""2,668,161"",""自營商賣出股數(避險)"":""1,001,191"",""自營商買賣超股數(避險)"":""1,666,970"",""三大法人買賣超股數"":""3,219,020""}"
2026-10-01,TWSE,3189,景碩            ,11164267,9646433,1517834,1533000,14000,1519000,403630,339252,128379,"{""證券代號"":""3189"",""證券名稱"":""景碩            "",""外陸資買進股數(不含外資自營商)"":""11,164,267"",""外陸資賣出股數(不含外資自營商)"":""9,646,433"",""外陸資買賣超股數(不含外資自營商)"":""1,517,834"",""外資自營商買進股數"":""0"",""外資自營商賣出股數"":""0"",""外資自營商買賣超股數"":""0"",""投信買進股數"":""1,533,000"",""投信賣出股數"":""14,000"",""投信買賣超股數"":""1,519,000"",""自營商買賣超股數"":""128,379"",""自營商買進股數(自行買賣)"":""315,999"",""自營商賣出股數(自行買賣)"":""251,998"",""自營商買賣超股數(自行買賣)"":""64,001"",""自營商買進股數(避險)"":""403,630"",""自營商賣出股數(避險)"":""339,252"",""自營商買賣超股數(避險)"":""64,378"",""三大法人買賣超股數"":""3,165,213""}"
2026-10-01,TWSE,2353,宏碁            ,6650980,4423454,2227526,117000,6000,111000,263240,29000,260184,"{""證券代號"":""2353"",""證券名稱"":""宏碁            "",""外陸資買進股數(不含外資自營商)"":""6,650,980"",""外陸資賣出股數(不含外資自營商)"":""4,423,454"",""外陸資買賣超股數(不含外資自營商)"":""2,227,526"",""外資自營商買進股數"":""0"",""外資自營商賣出股數"":""0"",""外資自營商買賣超股數"":""0"",""投信買進股數"":""117,000"",""投信賣出股數"":""6,000"",""投信買賣超股數"":""111,000"",""自營商買賣超股數"":""260,184"",""自營商買進股數(自行買賣)"":""28,000"",""自營商賣出股數(自行買賣)"":""2,056"",""自營商買賣超股數(自行買賣)"":""25,944"",""自營商買進股數(避險)"":""263,240"",""自營商賣出股數(避險)"":""29,000"",""自營商買賣超股數(避險)"":""234,240"",""三大法人買賣超股數"":""2,598,710""}"
2026-10-01,TWSE,6533,晶心科          ,5918786,3431913,2486873,10000,0,10000,120661,137784,-1199,"{""證券代號"":""6533"",""證券名稱"":""晶心科          "",""外陸資買進股數(不含外資自營商)"":""5,918,786"",""外陸資賣出股數(不含外資自營商)"":""3,431,913"",""外陸資買賣超股數(不含外資自營商)"":""2,486,873"",""外資自營商買進股數"":""0"",""外資自營商賣出股數"":""0"",""外資自營商買賣超股數"":""0"",""投信買進股數"":""10,000"",""投信賣出股數"":""0"",""投信買賣超股數"":""10,000"",""自營商買賣超股數"":""-1,199"",""自營商買進股數(自行買賣)"":""23,589"",""自營商賣出股數(自行買賣)"":""7,665"",""自營商買賣超股數(自行買賣)"":""15,924"",""自營商買進股數(避險)"":""120,661"",""自營商賣出股數(避險)"":""137,784"",""自營商買賣超股數(避險)"":""-17,123"",""三大法人買賣超股數"":""2,495,674""}"
2026-10-01,TWSE,2030,彰源            ,18651038,16287053,2363985,0,0,0,0,0,34799,"{""證券代號"":""2030"",""證券名稱"":""彰源            "",""外陸資買進股數(不含外資自營商)"":""18,651,038"",""外陸資賣出股數(不含外資自營商)"":""16,287,053"",""外陸資買賣超股數(不含外資自營商)"":""2,363,985"",""外資自營商買進股數"":""0"",""外資自營商賣出股數"":""0"",""外資自營商買賣超股數"":""0"",""投信買進股數"":""0"",""投信賣出股數"":""0"",""投信買賣超股數"":""0"",""自營商買賣超股數"":""34,799"",""自營商買進股數(自行買賣)"":""76,985"",""自營商賣出股數(自行買賣)"":""42,186"",""自營商買賣超股數(自行買賣)"":""34,799"",""自營商買進股數(避險)"":""0"",""自營商賣出股數(避險)"":""0"",""自營商買賣超股數(避險)"":""0"",""三大法人買賣超股數"":""2,398,784""}"
2026-10-01,TWSE,00685L,群益臺灣加權正2 ,1063265,1415000,-351735,0,0,0,33018490,29319569,2698921,"{""證券代號"":""00685L"",""證券名稱"":""群益臺灣加權正2 "",""外陸資買進股數(不含外資自營商)"":""1,063,265"",""外陸資賣出股數(不含外資自營商)"":""1,415,000"",""外陸資買賣超股數(不含外資自營商)"":""-351,735"",""外資自營商買進股數"":""0"",""外資自營商賣出股數"":""0"",""外資自營商買賣超股數"":""0"",""投信買進股數"":""0"",""投信賣出股數"":""0"",""投信買賣超股數"":""0"",""自營商買賣超股數"":""2,698,921"",""自營商買進股數(自行買賣)"":""0"",""自營商賣出股數(自行買賣)"":""1,000,000"",""自營商買賣超股數(自行買賣)"":""-1,000,000"",""自營商買進股數(避險)"":""33,018,490"",""自營商賣出股數(避險)"":""29,319,569"",""自營商買賣超股數(避險)"":""3,698,921"",""三大法人買賣超股數"":""2,347,186""}"
2026-10-01,TWSE,3167,大量            ,3146974,1180537,1966437,118000,0,118000,6282,6025,20540,"{""證券代號"":""3167"",""證券名稱"":""大量            "",""外陸資買進股數(不含外資自營商)"":""3,146,974"",""外陸資賣出股數(不含外資自營商)"":""1,180,537"",""外陸資買賣超股數(不含外資自營商)"":""1,966,437"",""外資自營商買進股數"":""0"",""外資自營商賣出股數"":""0"",""外資自營商買賣超股數"":""0"",""投信買進股數"":""118,000"",""投信賣出股數"":""0"",""投信買賣超股數"":""118,000"",""自營商買賣超股數"":""20,540"",""自營商買進股數(自行買賣)"":""112,327"",""自營商賣出股數(自行買賣)"":""92,044"",""自營商買賣超股數(自行買賣)"":""20,283"",""自營商買進股數(避險)"":""6,282"",""自營商賣出股數(避險)"":""6,025"",""自營商買賣超股數(避險)"":""257"",""三大法人買賣超股數"":""2,104,977""}"
2026-10-01,TWSE,1727,中華化          ,5825699,4120074,1705625,0,0,0,328858,89939,247919,"{""證券代號"":""1727"",""證券名稱"":""中華化          "",""外陸資買進股數(不含外資自營商)"":""5,825,699"",""外陸資賣出股數(不含外資自營商)"":""4,120,074"",""外陸資買賣超股數(不含外資自營商)"":""1,705,625"",""外資自營商買進股數"":""0"",""外資自營商賣出股數"":""0"",""外資自營商買賣超股數"":""0"",""投信買進股數"":""0"",""投信賣出股數"":""0"",""投信買賣超股數"":""0"",""自營商買賣超股數"":""247,919"",""自營商買進股數(自行買賣)"":""42,000"",""自營商賣出股數(自行買賣)"":""33,000"",""自營商買賣超股數(自行買賣)"":""9,000"",""自營商買進股數(避險)"":""328,858"",""自營商賣出股數(避險)"":""89,939"",""自營商買賣超股數(避險)"":""238,919"",""三大法人買賣超股數"":""1,953,544""}"
2026-10-01,TWSE,3094,聯傑            ,7495000,5663039,1831961,0,0,0,0,0,81673,"{""證券代號"":""3094"",""證券名稱"":""聯傑            "",""外陸資買進股數(不含外資自營商)"":""7,495,000"",""外陸資賣出股數(不含外資自營商)"":""5,663,039"",""外陸資買賣超股數(不含外資自營商)"":""1,831,961"",""外資自營商買進股數"":""0"",""外資自營商賣出股數"":""0"",""外資自營商買賣超股數"":""0"",""投信買進股數"":""0"",""投信賣出股數"":""0"",""投信買賣超股數"":""0"",""自營商買賣超股數"":""81,673"",""自營商買進股數(自行買賣)"":""86,673"",""自營商賣出股數(自行買賣)"":""5,000"",""自營商買賣超股數(自行買賣)"":""81,673"",""自營商買進股數(避險)"":""0"",""自營商賣出股數(避險)"":""0"",""自營商買賣超股數(避險)"":""0"",""三大法人買賣超股數"":""1,913,634""}"
2026-10-01,TWSE,2302,麗正            ,2798678,902509,1896169,0,0,0,3468,4000,6468,"{""證券代號"":""2302"",""證券名稱"":""麗正            "",""外陸資買進股數(不含外資自營商)"":""2,798,678"",""外陸資賣出股數(不含外資自營商)"":""902,509"",""外陸資買賣超股數(不含外資自營商)"":""1,896,169"",""外資自營商買進股數"":""0"",""外資自營商賣出股數"":""0"",""外資自營商買賣超股數"":""0"",""投信買進股數"":""0"",""投信賣出股數"":""0"",""投信買賣超股數"":""0"",""自營商買賣超股數"":""6,468"",""自營商買進股數(自行買賣)"":""9,000"",""自營商賣出股數(自行買賣)"":""2,000"",""自營商買賣超股數(自行買賣)"":""7,000"",""自營商買進股數(避險)"":""3,468"",""自營商賣出股數(避險)"":""4,000"",""自營商買賣超股數(避險)"":""-532"",""三大法人買賣超股數"":""1,902,637""}"
2026-10-01,TWSE,8150,南茂            ,24495867,22303136,2192731,40000,0,40000,518725,772633,-356599,"{""證券代號"":""8150"",""證券名稱"":""南茂            "",""外陸資買進股數(不含外資自營商)"":""24,495,867"",""外陸資賣出股數(不含外資自營商)"":""22,303,136"",""外陸資買賣超股數(不含外資自營商)"":""2,192,731"",""外資自營商買進股數"":""0"",""外資自營商賣出股數"":""0"",""外資自營商買賣超股數"":""0"",""投信買進股數"":""40,000"",""投信賣出股數"":""0"",""投信買賣超股數"":""40,000"",""自營商買賣超股數"":""-356,599"",""自營商買進股數(自行買賣)"":""430,000"",""自營商賣出股數(自行買賣)"":""532,691"",""自營商買賣超股數(自行買賣)"":""-102,691"",""自營商買進股數(避險)"":""518,725"",""自營商賣出股數(避險)"":""772,633"",""自營商買賣超股數(避險)"":""-253,908"",""三大法人買賣超股數"":""1,876,132""}"
2026-10-01,TWSE,009827,玉山未來全球算力,4000,2000,2000,0,0,0,1939000,124000,1815000,"{""證券代號"":""009827"",""證券名稱"":""玉山未來全球算力"",""外陸資買進股數(不含外資自營商)"":""4,000"",""外陸資賣出股數(不含外資自營商)"":""2,000"",""外陸資買賣超股數(不含外資自營商)"":""2,000"",""外資自營商買進股數"":""0"",""外資自營商賣出股數"":""0"",""外資自營商買賣超股數"":""0"",""投信買進股數"":""0"",""投信賣出股數"":""0"",""投信買賣超股數"":""0"",""自營商買賣超股數"":""1,815,000"",""自營商買進股數(自行買賣)"":""0"",""自營商賣出股數(自行買賣)"":""0"",""自營商買賣超股數(自行買賣)"":""0"",""自營商買進股數(避險)"":""1,939,000"",""自營商賣出股數(避險)"":""124,000"",""自營商買賣超股數(避險)"":""1,815,000"",""三大法人買賣超股數"":""1,817,000""}"
2026-10-01,TWSE,3311,閎暉            ,2234544,454000,1780544,0,0,0,0,0,1000,"{""證券代號"":""3311"",""證券名稱"":""閎暉            "",""外陸資買進股數(不含外資自營商)"":""2,234,544"",""外陸資賣出股數(不含外資自營商)"":""454,000"",""外陸資買賣超股數(不含外資自營商)"":""1,780,544"",""外資自營商買進股數"":""0"",""外資自營商賣出股數"":""0"",""外資自營商買賣超股數"":""0"",""投信買進股數"":""0"",""投信賣出股數"":""0"",""投信買賣超股數"":""0"",""自營商買賣超股數"":""1,000"",""自營商買進股數(自行買賣)"":""3,000"",""自營商賣出股數(自行買賣)"":""2,000"",""自營商買賣超股數(自行買賣)"":""1,000"",""自營商買進股數(避險)"":""0"",""自營商賣出股數(避險)"":""0"",""自營商買賣超股數(避險)"":""0"",""三大法人買賣超股數"":""1,781,544""}"
2026-10-01,TWSE,3026,禾伸堂          ,5397802,3951943,1445859,197000,0,197000,161831,156402,49434,"{""證券代號"":""3026"",""證券名稱"":""禾伸堂          "",""外陸資買進股數(不含外資自營商)"":""5,397,802"",""外陸資賣出股數(不含外資自營商)"":""3,951,943"",""外陸資買賣超股數(不含外資自營商)"":""1,445,859"",""外資自營商買進股數"":""0"",""外資自營商賣出股數"":""0"",""外資自營商買賣超股數"":""0"",""投信買進股數"":""197,000"",""投信賣出股數"":""0"",""投信買賣超股數"":""197,000"",""自營商買賣超股數"":""49,434"",""自營商買進股數(自行買賣)"":""134,005"",""自營商賣出股數(自行買賣)"":""90,000"",""自營商買賣超股數(自行買賣)"":""44,005"",""自營商買進股數(避險)"":""161,831"",""自營商賣出股數(避險)"":""156,402"",""自營商買賣超股數(避險)"":""5,429"",""三大法人買賣超股數"":""1,692,293""}"
2026-10-01,TWSE,3045,台灣大          ,4527667,2267738,2259929,25000,877000,-852000,212480,0,201419,"{""證券代號"":""3045"",""證券名稱"":""台灣大          "",""外陸資買進股數(不含外資自營商)"":""4,527,667"",""外陸資賣出股數(不含外資自營商)"":""2,267,738"",""外陸資買賣超股數(不含外資自營商)"":""2,259,929"",""外資自營商買進股數"":""0"",""外資自營商賣出股數"":""0"",""外資自營商買賣超股數"":""0"",""投信買進股數"":""25,000"",""投信賣出股數"":""877,000"",""投信買賣超股數"":""-852,000"",""自營商買賣超股數"":""201,419"",""自營商買進股數(自行買賣)"":""1,000"",""自營商賣出股數(自行買賣)"":""12,061"",""自營商買賣超股數(自行買賣)"":""-11,061"",""自營商買進股數(避險)"":""212,480"",""自營商賣出股數(避險)"":""0"",""自營商買賣超股數(避險)"":""212,480"",""三大法人買賣超股數"":""1,609,348""}"
2026-10-01,TWSE,6213,聯茂            ,5194802,4068662,1126140,491000,118000,373000,18801,19769,35634,"{""證券代號"":""6213"",""證券名稱"":""聯茂            "",""外陸資買進股數(不含外資自營商)"":""5,194,802"",""外陸資賣出股數(不含外資自營商)"":""4,068,662"",""外陸資買賣超股數(不含外資自營商)"":""1,126,140"",""外資自營商買進股數"":""0"",""外資自營商賣出股數"":""0"",""外資自營商買賣超股數"":""0"",""投信買進股數"":""491,000"",""投信賣出股數"":""118,000"",""投信買賣超股數"":""373,000"",""自營商買賣超股數"":""35,634"",""自營商買進股數(自行買賣)"":""124,844"",""自營商賣出股數(自行買賣)"":""88,242"",""自營商買賣超股數(自行買賣)"":""36,602"",""自營商買進股數(避險)"":""18,801"",""自營商賣出股數(避險)"":""19,769"",""自營商買賣超股數(避險)"":""-968"",""三大法人買賣超股數"":""1,534,774""}"
2026-10-01,TWSE,6168,宏齊            ,1784385,269564,1514821,0,0,0,0,0,4000,"{""證券代號"":""6168"",""證券名稱"":""宏齊            "",""外陸資買進股數(不含外資自營商)"":""1,784,385"",""外陸資賣出股數(不含外資自營商)"":""269,564"",""外陸資買賣超股數(不含外資自營商)"":""1,514,821"",""外資自營商買進股數"":""0"",""外資自營商賣出股數"":""0"",""外資自營商買賣超股數"":""0"",""投信買進股數"":""0"",""投信賣出股數"":""0"",""投信買賣超股數"":""0"",""自營商買賣超股數"":""4,000"",""自營商買進股數(自行買賣)"":""4,000"",""自營商賣出股數(自行買賣)"":""0"",""自營商買賣超股數(自行買賣)"":""4,000"",""自營商買進股數(避險)"":""0"",""自營商賣出股數(避險)"":""0"",""自營商買賣超股數(避險)"":""0"",""三大法人買賣超股數"":""1,518,821""}"
2026-10-01,TWSE,3036,文曄            ,5102176,4314410,787766,0,38000,-38000,350537,5425,713112,"{""證券代號"":""3036"",""證券名稱"":""文曄            "",""外陸資買進股數(不含外資自營商)"":""5,102,176"",""外陸資賣出股數(不含外資自營商)"":""4,314,410"",""外陸資買賣超股數(不含外資自營商)"":""787,766"",""外資自營商買進股數"":""0"",""外資自營商賣出股數"":""0"",""外資自營商買賣超股數"":""0"",""投信買進股數"":""0"",""投信賣出股數"":""38,000"",""投信買賣超股數"":""-38,000"",""自營商買賣超股數"":""713,112"",""自營商買進股數(自行買賣)"":""383,000"",""自營商賣出股數(自行買賣)"":""15,000"",""自營商買賣超股數(自行買賣)"":""368,000"",""自營商買進股數(避險)"":""350,537"",""自營商賣出股數(避險)"":""5,425"",""自營商買賣超股數(避險)"":""345,112"",""三大法人買賣超股數"":""1,462,878""}"
2026-10-01,TWSE,00999A,主動野村臺灣高息,1152000,874160,277840,0,0,0,1244000,84208,1159792,"{""證券代號"":""00999A"",""證券名稱"":""主動野村臺灣高息"",""外陸資買進股數(不含外資自營商)"":""1,152,000"",""外陸資賣出股數(不含外資自營商)"":""874,160"",""外陸資買賣超股數(不含外資自營商)"":""277,840"",""外資自營商買進股數"":""0"",""外資自營商賣出股數"":""0"",""外資自營商買賣超股數"":""0"",""投信買進股數"":""0"",""投信賣出股數"":""0"",""投信買賣超股數"":""0"",""自營商買賣超股數"":""1,159,792"",""自營商買進股數(自行買賣)"":""0"",""自營商賣出股數(自行買賣)"":""0"",""自營商買賣超股數(自行買賣)"":""0"",""自營商買進股數(避險)"":""1,244,000"",""自營商賣出股數(避險)"":""84,208"",""自營商買賣超股數(避險)"":""1,159,792"",""三大法人買賣超股數"":""1,437,632""}"
2026-10-01,TWSE,3035,智原            ,2158204,803879,1354325,0,0,0,97324,62641,25683,"{""證券代號"":""3035"",""證券名稱"":""智原            "",""外陸資買進股數(不含外資自營商)"":""2,158,204"",""外陸資賣出股數(不含外資自營商)"":""803,879"",""外陸資買賣超股數(不含外資自營商)"":""1,354,325"",""外資自營商買進股數"":""0"",""外資自營商賣出股數"":""0"",""外資自營商買賣超股數"":""0"",""投信買進股數"":""0"",""投信賣出股數"":""0"",""投信買賣超股數"":""0"",""自營商買賣超股數"":""25,683"",""自營商買進股數(自行買賣)"":""3,000"",""自營商賣出股數(自行買賣)"":""12,000"",""自營商買賣超股數(自行買賣)"":""-9,000"",""自營商買進股數(避險)"":""97,324"",""自營商賣出股數(避險)"":""62,641"",""自營商買賣超股數(避險)"":""34,683"",""三大法人買賣超股數"":""1,380,008""}"
2026-10-01,TWSE,2363,矽統            ,2539098,1777708,761390,0,0,0,803672,206193,601479,"{""證券代號"":""2363"",""證券名稱"":""矽統            "",""外陸資買進股數(不含外資自營商)"":""2,539,098"",""外陸資賣出股數(不含外資自營商)"":""1,777,708"",""外陸資買賣超股數(不含外資自營商)"":""761,390"",""外資自營商買進股數"":""0"",""外資自營商賣出股數"":""0"",""外資自營商買賣超股數"":""0"",""投信買進股數"":""0"",""投信賣出股數"":""0"",""投信買賣超股數"":""0"",""自營商買賣超股數"":""601,479"",""自營商買進股數(自行買賣)"":""4,000"",""自營商賣出股數(自行買賣)"":""0"",""自營商買賣超股數(自行買賣)"":""4,000"",""自營商買進股數(避險)"":""803,672"",""自營商賣出股數(避險)"":""206,193"",""自營商買賣超股數(避險)"":""597,479"",""三大法人買賣超股數"":""1,362,869""}"
2026-10-01,TWSE,1617,榮星            ,3176410,1837406,1339004,0,0,0,0,0,-7782,"{""證券代號"":""1617"",""證券名稱"":""榮星            "",""外陸資買進股數(不含外資自營商)"":""3,176,410"",""外陸資賣出股數(不含外資自營商)"":""1,837,406"",""外陸資買賣超股數(不含外資自營商)"":""1,339,004"",""外資自營商買進股數"":""0"",""外資自營商賣出股數"":""0"",""外資自營商買賣超股數"":""0"",""投信買進股數"":""0"",""投信賣出股數"":""0"",""投信買賣超股數"":""0"",""自營商買賣超股數"":""-7,782"",""自營商買進股數(自行買賣)"":""524"",""自營商賣出股數(自行買賣)"":""8,306"",""自營商買賣超股數(自行買賣)"":""-7,782"",""自營商買進股數(避險)"":""0"",""自營商賣出股數(避險)"":""0"",""自營商買賣超股數(避險)"":""0"",""三大法人買賣超股數"":""1,331,222""}"
2026-10-01,TWSE,2634,漢翔            ,1705846,822028,883818,382000,14000,368000,25281,3027,-13746,"{""證券代號"":""2634"",""證券名稱"":""漢翔            "",""外陸資買進股數(不含外資自營商)"":""1,705,846"",""外陸資賣出股數(不含外資自營商)"":""822,028"",""外陸資買賣超股數(不含外資自營商)"":""883,818"",""外資自營商買進股數"":""0"",""外資自營商賣出股數"":""0"",""外資自營商買賣超股數"":""0"",""投信買進股數"":""382,000"",""投信賣出股數"":""14,000"",""投信買賣超股數"":""368,000"",""自營商買賣超股數"":""-13,746"",""自營商買進股數(自行買賣)"":""6,000"",""自營商賣出股數(自行買賣)"":""42,000"",""自營商買賣超股數(自行買賣)"":""-36,000"",""自營商買進股數(避險)"":""25,281"",""自營商賣出股數(避險)"":""3,027"",""自營商買賣超股數(避險)"":""22,254"",""三大法人買賣超股數"":""1,238,072""}"
2026-10-01,TWSE,2379,瑞昱            ,1748302,1008670,739632,696000,321000,375000,107078,9968,99238,"{""證券代號"":""2379"",""證券名稱"":""瑞昱            "",""外陸資買進股數(不含外資自營商)"":""1,748,302"",""外陸資賣出股數(不含外資自營商)"":""1,008,670"",""外陸資買賣超股數(不含外資自營商)"":""739,632"",""外資自營商買進股數"":""0"",""外資自營商賣出股數"":""0"",""外資自營商買賣超股數"":""0"",""投信買進股數"":""696,000"",""投信賣出股數"":""321,000"",""投信買賣超股數"":""375,000"",""自營商買賣超股數"":""99,238"",""自營商買進股數(自行買賣)"":""60,400"",""自營商賣出股數(自行買賣)"":""58,272"",""自營商買賣超股數(自行買賣)"":""2,128"",""自營商買進股數(避險)"":""107,078"",""自營商賣出股數(避險)"":""9,968"",""自營商買賣超股數(避險)"":""97,110"",""三大法人買賣超股數"":""1,213,870""}"
2026-10-01,TWSE,4956,光鋐            ,5709166,4497718,1211448,56,0,56,11000,10836,1164,"{""證券代號"":""4956"",""證券名稱"":""光鋐            "",""外陸資買進股數(不含外資自營商)"":""5,709,166"",""外陸資賣出股數(不含外資自營商)"":""4,497,718"",""外陸資買賣超股數(不含外資自營商)"":""1,211,448"",""外資自營商買進股數"":""0"",""外資自營商賣出股數"":""0"",""外資自營商買賣超股數"":""0"",""投信買進股數"":""56"",""投信賣出股數"":""0"",""投信買賣超股數"":""56"",""自營商買賣超股數"":""1,164"",""自營商買進股數(自行買賣)"":""1,000"",""自營商賣出股數(自行買賣)"":""0"",""自營商買賣超股數(自行買賣)"":""1,000"",""自營商買進股數(避險)"":""11,000"",""自營商賣出股數(避險)"":""10,836"",""自營商買賣超股數(避險)"":""164"",""三大法人買賣超股數"":""1,212,668""}"
2026-10-01,TWSE,2301,光寶科          ,4819566,3820519,999047,48000,217000,-169000,314691,24138,365713,"{""證券代號"":""2301"",""證券名稱"":""光寶科          "",""外陸資買進股數(不含外資自營商)"":""4,819,566"",""外陸資賣出股數(不含外資自營商)"":""3,820,519"",""外陸資買賣超股數(不含外資自營商)"":""999,047"",""外資自營商買進股數"":""0"",""外資自營商賣出股數"":""0"",""外資自營商買賣超股數"":""0"",""投信買進股數"":""48,000"",""投信賣出股數"":""217,000"",""投信買賣超股數"":""-169,000"",""自營商買賣超股數"":""365,713"",""自營商買進股數(自行買賣)"":""88,000"",""自營商賣出股數(自行買賣)"":""12,840"",""自營商買賣超股數(自行買賣)"":""75,160"",""自營商買進股數(避險)"":""314,691"",""自營商賣出股數(避險)"":""24,138"",""自營商買賣超股數(避險)"":""290,553"",""三大法人買賣超股數"":""1,195,760""}"
2026-10-01,TWSE,3016,嘉晶            ,1902680,620980,1281700,0,0,0,4523,64794,-101271,"{""證券代號"":""3016"",""證券名稱"":""嘉晶            "",""外陸資買進股數(不含外資自營商)"":""1,902,680"",""外陸資賣出股數(不含外資自營商)"":""620,980"",""外陸資買賣超股數(不含外資自營商)"":""1,281,700"",""外資自營商買進股數"":""0"",""外資自營商賣出股數"":""0"",""外資自營商買賣超股數"":""0"",""投信買進股數"":""0"",""投信賣出股數"":""0"",""投信買賣超股數"":""0"",""自營商買賣超股數"":""-101,271"",""自營商買進股數(自行買賣)"":""6,000"",""自營商賣出股數(自行買賣)"":""47,000"",""自營商買賣超股數(自行買賣)"":""-41,000"",""自營商買進股數(避險)"":""4,523"",""自營商賣出股數(避險)"":""64,794"",""自營商買賣超股數(避險)"":""-60,271"",""三大法人買賣超股數"":""1,180,429""}"
2026-10-01,TWSE,009813,貝萊德標普卓越50,2728248,1000,2727248,0,0,0,1998000,3557000,-1559000,"{""證券代號"":""009813"",""證券名稱"":""貝萊德標普卓越50"",""外陸資買進股數(不含外資自營商)"":""2,728,248"",""外陸資賣出股數(不含外資自營商)"":""1,000"",""外陸資買賣超股數(不含外資自營商)"":""2,727,248"",""外資自營商買進股數"":""0"",""外資自營商賣出股數"":""0"",""外資自營商買賣超股數"":""0"",""投信買進股數"":""0"",""投信賣出股數"":""0"",""投信買賣超股數"":""0"",""自營商買賣超股數"":""-1,559,000"",""自營商買進股數(自行買賣)"":""0"",""自營商賣出股數(自行買賣)"":""0"",""自營商買賣超股數(自行買賣)"":""0"",""自營商買進股數(避險)"":""1,998,000"",""自營商賣出股數(避險)"":""3,557,000"",""自營商買賣超股數(避險)"":""-1,559,000"",""三大法人買賣超股數"":""1,168,248""}"
2026-10-01,TWSE,2377,微星            ,1794765,892000,902765,139000,0,139000,118691,4000,104691,"{""證券代號"":""2377"",""證券名稱"":""微星            "",""外陸資買進股數(不含外資自營商)"":""1,794,765"",""外陸資賣出股數(不含外資自營商)"":""892,000"",""外陸資買賣超股數(不含外資自營商)"":""902,765"",""外資自營商買進股數"":""0"",""外資自營商賣出股數"":""0"",""外資自營商買賣超股數"":""0"",""投信買進股數"":""139,000"",""投信賣出股數"":""0"",""投信買賣超股數"":""139,000"",""自營商買賣超股數"":""104,691"",""自營商買進股數(自行買賣)"":""0"",""自營商賣出股數(自行買賣)"":""10,000"",""自營商買賣超股數(自行買賣)"":""-10,000"",""自營商買進股數(避險)"":""118,691"",""自營商賣出股數(避險)"":""4,000"",""自營商買賣超股數(避險)"":""114,691"",""三大法人買賣超股數"":""1,146,456""}"
2026-10-01,TWSE,2408,南亞科          ,9425142,8423763,1001379,29000,24000,5000,176485,96212,115702,"{""證券代號"":""2408"",""證券名稱"":""南亞科          "",""外陸資買進股數(不含外資自營商)"":""9,425,142"",""外陸資賣出股數(不含外資自營商)"":""8,423,763"",""外陸資買賣超股數(不含外資自營商)"":""1,001,379"",""外資自營商買進股數"":""0"",""外資自營商賣出股數"":""0"",""外資自營商買賣超股數"":""0"",""投信買進股數"":""29,000"",""投信賣出股數"":""24,000"",""投信買賣超股數"":""5,000"",""自營商買賣超股數"":""115,702"",""自營商買進股數(自行買賣)"":""217,429"",""自營商賣出股數(自行買賣)"":""182,000"",""自營商買賣超股數(自行買賣)"":""35,429"",""自營商買進股數(避險)"":""176,485"",""自營商賣出股數(避險)"":""96,212"",""自營商買賣超股數(避險)"":""80,273"",""三大法人買賣超股數"":""1,122,081""}"
2026-10-01,TWSE,5876,上海商銀        ,7643417,3054052,4589365,442000,4340000,-3898000,423600,0,415481,"{""證券代號"":""5876"",""證券名稱"":""上海商銀        "",""外陸資買進股數(不含外資自營商)"":""7,643,417"",""外陸資賣出股數(不含外資自營商)"":""3,054,052"",""外陸資買賣超股數(不含外資自營商)"":""4,589,365"",""外資自營商買進股數"":""0"",""外資自營商賣出股數"":""0"",""外資自營商買賣超股數"":""0"",""投信買進股數"":""442,000"",""投信賣出股數"":""4,340,000"",""投信買賣超股數"":""-3,898,000"",""自營商買賣超股數"":""415,481"",""自營商買進股數(自行買賣)"":""2,000"",""自營商賣出股數(自行買賣)"":""10,119"",""自營商買賣超股數(自行買賣)"":""-8,119"",""自營商買進股數(避險)"":""423,600"",""自營商賣出股數(避險)"":""0"",""自營商買賣超股數(避險)"":""423,600"",""三大法人買賣超股數"":""1,106,846""}"
2026-10-01,TWSE,6209,今國光          ,2546132,1435000,1111132,0,0,0,185502,166861,-9359,"{""證券代號"":""6209"",""證券名稱"":""今國光          "",""外陸資買進股數(不含外資自營商)"":""2,546,132"",""外陸資賣出股數(不含外資自營商)"":""1,435,000"",""外陸資買賣超股數(不含外資自營商)"":""1,111,132"",""外資自營商買進股數"":""0"",""外資自營商賣出股數"":""0"",""外資自營商買賣超股數"":""0"",""投信買進股數"":""0"",""投信賣出股數"":""0"",""投信買賣超股數"":""0"",""自營商買賣超股數"":""-9,359"",""自營商買進股數(自行買賣)"":""7,000"",""自營商賣出股數(自行買賣)"":""35,000"",""自營商買賣超股數(自行買賣)"":""-28,000"",""自營商買進股數(避險)"":""185,502"",""自營商賣出股數(避險)"":""166,861"",""自營商買賣超股數(避險)"":""18,641"",""三大法人買賣超股數"":""1,101,773""}"
2026-10-01,TWSE,00995A,主動中信台灣卓越,397000,176000,221000,0,0,0,1125939,263551,862388,"{""證券代號"":""00995A"",""證券名稱"":""主動中信台灣卓越"",""外陸資買進股數(不含外資自營商)"":""397,000"",""外陸資賣出股數(不含外資自營商)"":""176,000"",""外陸資買賣超股數(不含外資自營商)"":""221,000"",""外資自營商買進股數"":""0"",""外資自營商賣出股數"":""0"",""外資自營商買賣超股數"":""0"",""投信買進股數"":""0"",""投信賣出股數"":""0"",""投信買賣超股數"":""0"",""自營商買賣超股數"":""862,388"",""自營商買進股數(自行買賣)"":""0"",""自營商賣出股數(自行買賣)"":""0"",""自營商買賣超股數(自行買賣)"":""0"",""自營商買進股數(避險)"":""1,125,939"",""自營商賣出股數(避險)"":""263,551"",""自營商買賣超股數(避險)"":""862,388"",""三大法人買賣超股數"":""1,083,388""}"
2026-10-01,TWSE,009819,中信數據及電力  ,400000,19000,381000,0,0,0,1007000,324479,682521,"{""證券代號"":""009819"",""證券名稱"":""中信數據及電力  "",""外陸資買進股數(不含外資自營商)"":""400,000"",""外陸資賣出股數(不含外資自營商)"":""19,000"",""外陸資買賣超股數(不含外資自營商)"":""381,000"",""外資自營商買進股數"":""0"",""外資自營商賣出股數"":""0"",""外資自營商買賣超股數"":""0"",""投信買進股數"":""0"",""投信賣出股數"":""0"",""投信買賣超股數"":""0"",""自營商買賣超股數"":""682,521"",""自營商買進股數(自行買賣)"":""0"",""自營商賣出股數(自行買賣)"":""0"",""自營商買賣超股數(自行買賣)"":""0"",""自營商買進股數(避險)"":""1,007,000"",""自營商賣出股數(避險)"":""324,479"",""自營商買賣超股數(避險)"":""682,521"",""三大法人買賣超股數"":""1,063,521""}"
2026-10-01,TWSE,3037,欣興            ,6620321,6276138,344183,754000,127100,626900,203687,196051,69036,"{""證券代號"":""3037"",""證券名稱"":""欣興            "",""外陸資買進股數(不含外資自營商)"":""6,620,321"",""外陸資賣出股數(不含外資自營商)"":""6,276,138"",""外陸資買賣超股數(不含外資自營商)"":""344,183"",""外資自營商買進股數"":""0"",""外資自營商賣出股數"":""0"",""外資自營商買賣超股數"":""0"",""投信買進股數"":""754,000"",""投信賣出股數"":""127,100"",""投信買賣超股數"":""626,900"",""自營商買賣超股數"":""69,036"",""自營商買進股數(自行買賣)"":""168,400"",""自營商賣出股數(自行買賣)"":""107,000"",""自營商買賣超股數(自行買賣)"":""61,400"",""自營商買進股數(避險)"":""203,687"",""自營商賣出股數(避險)"":""196,051"",""自營商買賣超股數(避險)"":""7,636"",""三大法人買賣超股數"":""1,040,119""}"
2026-10-01,TWSE,00980A,主動野村臺灣優選,1775030,292000,1483030,0,6046000,-6046000,5944332,140410,5582922,"{""證券代號"":""00980A"",""證券名稱"":""主動野村臺灣優選"",""外陸資買進股數(不含外資自營商)"":""1,775,030"",""外陸資賣出股數(不含外資自營商)"":""292,000"",""外陸資買賣超股數(不含外資自營商)"":""1,483,030"",""外資自營商買進股數"":""0"",""外資自營商賣出股數"":""0"",""外資自營商買賣超股數"":""0"",""投信買進股數"":""0"",""投信賣出股數"":""6,046,000"",""投信買賣超股數"":""-6,046,000"",""自營商買賣超股數"":""5,582,922"",""自營商買進股數(自行買賣)"":""0"",""自營商賣出股數(自行買賣)"":""221,000"",""自營商買賣超股數(自行買賣)"":""-221,000"",""自營商買進股數(避險)"":""5,944,332"",""自營商賣出股數(避險)"":""140,410"",""自營商買賣超股數(避險)"":""5,803,922"",""三大法人買賣超股數"":""1,019,952""}"
2026-10-01,TWSE,4904,遠傳            ,1768781,1614001,154780,513000,2000,511000,318520,0,318520,"{""證券代號"":""4904"",""證券名稱"":""遠傳            "",""外陸資買進股數(不含外資自營商)"":""1,768,781"",""外陸資賣出股數(不含外資自營商)"":""1,614,001"",""外陸資買賣超股數(不含外資自營商)"":""154,780"",""外資自營商買進股數"":""0"",""外資自營商賣出股數"":""0"",""外資自營商買賣超股數"":""0"",""投信買進股數"":""513,000"",""投信賣出股數"":""2,000"",""投信買賣超股數"":""511,000"",""自營商買賣超股數"":""318,520"",""自營商買進股數(自行買賣)"":""0"",""自營商賣出股數(自行買賣)"":""0"",""自營商買賣超股數(自行買賣)"":""0"",""自營商買進股數(避險)"":""318,520"",""自營商賣出股數(避險)"":""0"",""自營商買賣超股數(避險)"":""318,520"",""三大法人買賣超股數"":""984,300""}"
2026-10-01,TWSE,2376,技嘉            ,2376100,1651323,724777,64000,4000,60000,106644,27465,181076,"{""證券代號"":""2376"",""證券名稱"":""技嘉            "",""外陸資買進股數(不含外資自營商)"":""2,376,100"",""外陸資賣出股數(不含外資自營商)"":""1,651,323"",""外陸資買賣超股數(不含外資自營商)"":""724,777"",""外資自營商買進股數"":""0"",""外資自營商賣出股數"":""0"",""外資自營商買賣超股數"":""0"",""投信買進股數"":""64,000"",""投信賣出股數"":""4,000"",""投信買賣超股數"":""60,000"",""自營商買賣超股數"":""181,076"",""自營商買進股數(自行買賣)"":""182,997"",""自營商賣出股數(自行買賣)"":""81,100"",""自營商買賣超股數(自行買賣)"":""101,897"",""自營商買進股數(避險)"":""106,644"",""自營商賣出股數(避險)"":""27,465"",""自營商買賣超股數(避險)"":""79,179"",""三大法人買賣超股數"":""965,853""}"
2026-10-01,TWSE,3090,日電貿          ,2609052,1793741,815311,0,0,0,125831,40092,120739,"{""證券代號"":""3090"",""證券名稱"":""日電貿          "",""外陸資買進股數(不含外資自營商)"":""2,609,052"",""外陸資賣出股數(不含外資自營商)"":""1,793,741"",""外陸資買賣超股數(不含外資自營商)"":""815,311"",""外資自營商買進股數"":""0"",""外資自營商賣出股數"":""0"",""外資自營商買賣超股數"":""0"",""投信買進股數"":""0"",""投信賣出股數"":""0"",""投信買賣超股數"":""0"",""自營商買賣超股數"":""120,739"",""自營商買進股數(自行買賣)"":""51,000"",""自營商賣出股數(自行買賣)"":""16,000"",""自營商買賣超股數(自行買賣)"":""35,000"",""自營商買進股數(避險)"":""125,831"",""自營商賣出股數(避險)"":""40,092"",""自營商買賣超股數(避險)"":""85,739"",""三大法人買賣超股數"":""936,050""}"
2026-10-01,TWSE,2385,群光            ,1373686,482217,891469,9000,33000,-24000,55760,0,55037,"{""證券代號"":""2385"",""證券名稱"":""群光            "",""外陸資買進股數(不含外資自營商)"":""1,373,686"",""外陸資賣出股數(不含外資自營商)"":""482,217"",""外陸資買賣超股數(不含外資自營商)"":""891,469"",""外資自營商買進股數"":""0"",""外資自營商賣出股數"":""0"",""外資自營商買賣超股數"":""0"",""投信買進股數"":""9,000"",""投信賣出股數"":""33,000"",""投信買賣超股數"":""-24,000"",""自營商買賣超股數"":""55,037"",""自營商買進股數(自行買賣)"":""86,000"",""自營商賣出股數(自行買賣)"":""86,723"",""自營商買賣超股數(自行買賣)"":""-723"",""自營商買進股數(避險)"":""55,760"",""自營商賣出股數(避險)"":""0"",""自營商買賣超股數(避險)"":""55,760"",""三大法人買賣超股數"":""922,506""}"
2026-10-01,TWSE,009803,玉山市值動能50  ,243000,146000,97000,0,0,0,1343790,490553,807237,"{""證券代號"":""009803"",""證券名稱"":""玉山市值動能50  "",""外陸資買進股數(不含外資自營商)"":""243,000"",""外陸資賣出股數(不含外資自營商)"":""146,000"",""外陸資買賣超股數(不含外資自營商)"":""97,000"",""外資自營商買進股數"":""0"",""外資自營商賣出股數"":""0"",""外資自營商買賣超股數"":""0"",""投信買進股數"":""0"",""投信賣出股數"":""0"",""投信買賣超股數"":""0"",""自營商買賣超股數"":""807,237"",""自營商買進股數(自行買賣)"":""0"",""自營商賣出股數(自行買賣)"":""46,000"",""自營商買賣超股數(自行買賣)"":""-46,000"",""自營商買進股數(避險)"":""1,343,790"",""自營商賣出股數(避險)"":""490,553"",""自營商買賣超股數(避險)"":""853,237"",""三大法人買賣超股數"":""904,237""}"
2026-10-01,TWSE,3518,柏騰            ,4903176,3991300,911876,24,0,24,0,0,-33286,"{""證券代號"":""3518"",""證券名稱"":""柏騰            "",""外陸資買進股數(不含外資自營商)"":""4,903,176"",""外陸資賣出股數(不含外資自營商)"":""3,991,300"",""外陸資買賣超股數(不含外資自營商)"":""911,876"",""外資自營商買進股數"":""0"",""外資自營商賣出股數"":""0"",""外資自營商買賣超股數"":""0"",""投信買進股數"":""24"",""投信賣出股數"":""0"",""投信買賣超股數"":""24"",""自營商買賣超股數"":""-33,286"",""自營商買進股數(自行買賣)"":""0"",""自營商賣出股數(自行買賣)"":""33,286"",""自營商買賣超股數(自行買賣)"":""-33,286"",""自營商買進股數(避險)"":""0"",""自營商賣出股數(避險)"":""0"",""自營商買賣超股數(避險)"":""0"",""三大法人買賣超股數"":""878,614""}"
2026-10-01,TWSE,00753L,中信中國50正2   ,2034000,235000,1799000,0,0,0,0,969188,-969188,"{""證券代號"":""00753L"",""證券名稱"":""中信中國50正2   "",""外陸資買進股數(不含外資自營商)"":""2,034,000"",""外陸資賣出股數(不含外資自營商)"":""235,000"",""外陸資買賣超股數(不含外資自營商)"":""1,799,000"",""外資自營商買進股數"":""0"",""外資自營商賣出股數"":""0"",""外資自營商買賣超股數"":""0"",""投信買進股數"":""0"",""投信賣出股數"":""0"",""投信買賣超股數"":""0"",""自營商買賣超股數"":""-969,188"",""自營商買進股數(自行買賣)"":""0"",""自營商賣出股數(自行買賣)"":""0"",""自營商買賣超股數(自行買賣)"":""0"",""自營商買進股數(避險)"":""0"",""自營商賣出股數(避險)"":""969,188"",""自營商買賣超股數(避險)"":""-969,188"",""三大法人買賣超股數"":""829,812""}"
2026-10-01,TWSE,6706,惠特            ,2545869,1702000,843869,0,0,0,184603,228339,-24736,"{""證券代號"":""6706"",""證券名稱"":""惠特            "",""外陸資買進股數(不含外資自營商)"":""2,545,869"",""外陸資賣出股數(不含外資自營商)"":""1,702,000"",""外陸資買賣超股數(不含外資自營商)"":""843,869"",""外資自營商買進股數"":""0"",""外資自營商賣出股數"":""0"",""外資自營商買賣超股數"":""0"",""投信買進股數"":""0"",""投信賣出股數"":""0"",""投信買賣超股數"":""0"",""自營商買賣超股數"":""-24,736"",""自營商買進股數(自行買賣)"":""19,000"",""自營商賣出股數(自行買賣)"":""0"",""自營商買賣超股數(自行買賣)"":""19,000"",""自營商買進股數(避險)"":""184,603"",""自營商賣出股數(避險)"":""228,339"",""自營商買賣超股數(避險)"":""-43,736"",""三大法人買賣超股數"":""819,133""}"
2026-10-01,TWSE,00410A,主動永豐科技趨勢,205000,201000,4000,0,0,0,936762,134469,802293,"{""證券代號"":""00410A"",""證券名稱"":""主動永豐科技趨勢"",""外陸資買進股數(不含外資自營商)"":""205,000"",""外陸資賣出股數(不含外資自營商)"":""201,000"",""外陸資買賣超股數(不含外資自營商)"":""4,000"",""外資自營商買進股數"":""0"",""外資自營商賣出股數"":""0"",""外資自營商買賣超股數"":""0"",""投信買進股數"":""0"",""投信賣出股數"":""0"",""投信買賣超股數"":""0"",""自營商買賣超股數"":""802,293"",""自營商買進股數(自行買賣)"":""0"",""自營商賣出股數(自行買賣)"":""0"",""自營商買賣超股數(自行買賣)"":""0"",""自營商買進股數(避險)"":""936,762"",""自營商賣出股數(避險)"":""134,469"",""自營商買賣超股數(避險)"":""802,293"",""三大法人買賣超股數"":""806,293""}"
2026-10-01,TWSE,3031,佰鴻            ,1209596,417100,792496,79,0,79,0,0,0,"{""證券代號"":""3031"",""證券名稱"":""佰鴻            "",""外陸資買進股數(不含外資自營商)"":""1,209,596"",""外陸資賣出股數(不含外資自營商)"":""417,100"",""外陸資買賣超股數(不含外資自營商)"":""792,496"",""外資自營商買進股數"":""0"",""外資自營商賣出股數"":""0"",""外資自營商買賣超股數"":""0"",""投信買進股數"":""79"",""投信賣出股數"":""0"",""投信買賣超股數"":""79"",""自營商買賣超股數"":""0"",""自營商買進股數(自行買賣)"":""1,000"",""自營商賣出股數(自行買賣)"":""1,000"",""自營商買賣超股數(自行買賣)"":""0"",""自營商買進股數(避險)"":""0"",""自營商賣出股數(避險)"":""0"",""自營商買賣超股數(避險)"":""0"",""三大法人買賣超股數"":""792,575""}"
2026-10-01,TWSE,00408A,主動第一金優股息,161000,76000,85000,0,0,0,786000,95078,690922,"{""證券代號"":""00408A"",""證券名稱"":""主動第一金優股息"",""外陸資買進股數(不含外資自營商)"":""161,000"",""外陸資賣出股數(不含外資自營商)"":""76,000"",""外陸資買賣超股數(不含外資自營商)"":""85,000"",""外資自營商買進股數"":""0"",""外資自營商賣出股數"":""0"",""外資自營商買賣超股數"":""0"",""投信買進股數"":""0"",""投信賣出股數"":""0"",""投信買賣超股數"":""0"",""自營商買賣超股數"":""690,922"",""自營商買進股數(自行買賣)"":""0"",""自營商賣出股數(自行買賣)"":""0"",""自營商買賣超股數(自行買賣)"":""0"",""自營商買進股數(避險)"":""786,000"",""自營商賣出股數(避險)"":""95,078"",""自營商買賣超股數(避險)"":""690,922"",""三大法人買賣超股數"":""775,922""}"
2026-10-01,TWSE,4566,時碩工業        ,1562000,800115,761885,0,0,0,4218,4403,815,"{""證券代號"":""4566"",""證券名稱"":""時碩工業        "",""外陸資買進股數(不含外資自營商)"":""1,562,000"",""外陸資賣出股數(不含外資自營商)"":""800,115"",""外陸資買賣超股數(不含外資自營商)"":""761,885"",""外資自營商買進股數"":""0"",""外資自營商賣出股數"":""0"",""外資自營商買賣超股數"":""0"",""投信買進股數"":""0"",""投信賣出股數"":""0"",""投信買賣超股數"":""0"",""自營商買賣超股數"":""815"",""自營商買進股數(自行買賣)"":""1,000"",""自營商賣出股數(自行買賣)"":""0"",""自營商買賣超股數(自行買賣)"":""1,000"",""自營商買進股數(避險)"":""4,218"",""自營商賣出股數(避險)"":""4,403"",""自營商買賣超股數(避險)"":""-185"",""三大法人買賣超股數"":""762,700""}"
2026-10-01,TWSE,4961,天鈺            ,1409233,675035,734198,0,0,0,16619,1257,16362,"{""證券代號"":""4961"",""證券名稱"":""天鈺            "",""外陸資買進股數(不含外資自營商)"":""1,409,233"",""外陸資賣出股數(不含外資自營商)"":""675,035"",""外陸資買賣超股數(不含外資自營商)"":""734,198"",""外資自營商買進股數"":""0"",""外資自營商賣出股數"":""0"",""外資自營商買賣超股數"":""0"",""投信買進股數"":""0"",""投信賣出股數"":""0"",""投信買賣超股數"":""0"",""自營商買賣超股數"":""16,362"",""自營商買進股數(自行買賣)"":""1,000"",""自營商賣出股數(自行買賣)"":""0"",""自營商買賣超股數(自行買賣)"":""1,000"",""自營商買進股數(避險)"":""16,619"",""自營商賣出股數(避險)"":""1,257"",""自營商買賣超股數(避險)"":""15,362"",""三大法人買賣超股數"":""750,560""}"
2026-10-01,TWSE,3711,日月光投控      ,5160274,4702602,457672,481400,254000,227400,120961,51143,56918,"{""證券代號"":""3711"",""證券名稱"":""日月光投控      "",""外陸資買進股數(不含外資自營商)"":""5,160,274"",""外陸資賣出股數(不含外資自營商)"":""4,702,602"",""外陸資買賣超股數(不含外資自營商)"":""457,672"",""外資自營商買進股數"":""0"",""外資自營商賣出股數"":""0"",""外資自營商買賣超股數"":""0"",""投信買進股數"":""481,400"",""投信賣出股數"":""254,000"",""投信買賣超股數"":""227,400"",""自營商買賣超股數"":""56,918"",""自營商買進股數(自行買賣)"":""52,900"",""自營商賣出股數(自行買賣)"":""65,800"",""自營商買賣超股數(自行買賣)"":""-12,900"",""自營商買進股數(避險)"":""120,961"",""自營商賣出股數(避險)"":""51,143"",""自營商買賣超股數(避險)"":""69,818"",""三大法人買賣超股數"":""741,990""}"
2026-10-01,TWSE,4938,和碩            ,3576241,4455693,-879452,1414000,2000,1412000,229400,34949,208350,"{""證券代號"":""4938"",""證券名稱"":""和碩            "",""外陸資買進股數(不含外資自營商)"":""3,576,241"",""外陸資賣出股數(不含外資自營商)"":""4,455,693"",""外陸資買賣超股數(不含外資自營商)"":""-879,452"",""外資自營商買進股數"":""0"",""外資自營商賣出股數"":""0"",""外資自營商買賣超股數"":""0"",""投信買進股數"":""1,414,000"",""投信賣出股數"":""2,000"",""投信買賣超股數"":""1,412,000"",""自營商買賣超股數"":""208,350"",""自營商買進股數(自行買賣)"":""344,000"",""自營商賣出股數(自行買賣)"":""330,101"",""自營商買賣超股數(自行買賣)"":""13,899"",""自營商買進股數(避險)"":""229,400"",""自營商賣出股數(避險)"":""34,949"",""自營商買賣超股數(避險)"":""194,451"",""三大法人買賣超股數"":""740,898""}"
2026-10-01,TWSE,8261,富鼎            ,1437358,785244,652114,0,0,0,85566,9699,73867,"{""證券代號"":""8261"",""證券名稱"":""富鼎            "",""外陸資買進股數(不含外資自營商)"":""1,437,358"",""外陸資賣出股數(不含外資自營商)"":""785,244"",""外陸資買賣超股數(不含外資自營商)"":""652,114"",""外資自營商買進股數"":""0"",""外資自營商賣出股數"":""0"",""外資自營商買賣超股數"":""0"",""投信買進股數"":""0"",""投信賣出股數"":""0"",""投信買賣超股數"":""0"",""自營商買賣超股數"":""73,867"",""自營商買進股數(自行買賣)"":""1,000"",""自營商賣出股數(自行買賣)"":""3,000"",""自營商買賣超股數(自行買賣)"":""-2,000"",""自營商買進股數(避險)"":""85,566"",""自營商賣出股數(避險)"":""9,699"",""自營商買賣超股數(避險)"":""75,867"",""三大法人買賣超股數"":""725,981""}"
2026-10-01,TWSE,00945B,凱基美國非投等債,456098,28000,428098,0,0,0,1067000,796532,270468,"{""證券代號"":""00945B"",""證券名稱"":""凱基美國非投等債"",""外陸資買進股數(不含外資自營商)"":""456,098"",""外陸資賣出股數(不含外資自營商)"":""28,000"",""外陸資買賣超股數(不含外資自營商)"":""428,098"",""外資自營商買進股數"":""0"",""外資自營商賣出股數"":""0"",""外資自營商買賣超股數"":""0"",""投信買進股數"":""0"",""投信賣出股數"":""0"",""投信買賣超股數"":""0"",""自營商買賣超股數"":""270,468"",""自營商買進股數(自行買賣)"":""0"",""自營商賣出股數(自行買賣)"":""0"",""自營商買賣超股數(自行買賣)"":""0"",""自營商買進股數(避險)"":""1,067,000"",""自營商賣出股數(避險)"":""796,532"",""自營商買賣超股數(避險)"":""270,468"",""三大法人買賣超股數"":""698,566""}"
2026-10-01,TWSE,2034,允強            ,2941971,2099899,842072,0,0,0,1458,8998,-146540,"{""證券代號"":""2034"",""證券名稱"":""允強            "",""外陸資買進股數(不含外資自營商)"":""2,941,971"",""外陸資賣出股數(不含外資自營商)"":""2,099,899"",""外陸資買賣超股數(不含外資自營商)"":""842,072"",""外資自營商買進股數"":""0"",""外資自營商賣出股數"":""0"",""外資自營商買賣超股數"":""0"",""投信買進股數"":""0"",""投信賣出股數"":""0"",""投信買賣超股數"":""0"",""自營商買賣超股數"":""-146,540"",""自營商買進股數(自行買賣)"":""36,000"",""自營商賣出股數(自行買賣)"":""175,000"",""自營商買賣超股數(自行買賣)"":""-139,000"",""自營商買進股數(避險)"":""1,458"",""自營商賣出股數(避險)"":""8,998"",""自營商買賣超股數(避險)"":""-7,540"",""三大法人買賣超股數"":""695,532""}"
2026-10-01,TWSE,6155,鈞寶            ,2111000,1414666,696334,0,0,0,16530,21159,-3604,"{""證券代號"":""6155"",""證券名稱"":""鈞寶            "",""外陸資買進股數(不含外資自營商)"":""2,111,000"",""外陸資賣出股數(不含外資自營商)"":""1,414,666"",""外陸資買賣超股數(不含外資自營商)"":""696,334"",""外資自營商買進股數"":""0"",""外資自營商賣出股數"":""0"",""外資自營商買賣超股數"":""0"",""投信買進股數"":""0"",""投信賣出股數"":""0"",""投信買賣超股數"":""0"",""自營商買賣超股數"":""-3,604"",""自營商買進股數(自行買賣)"":""26,025"",""自營商賣出股數(自行買賣)"":""25,000"",""自營商買賣超股數(自行買賣)"":""1,025"",""自營商買進股數(避險)"":""16,530"",""自營商賣出股數(避險)"":""21,159"",""自營商買賣超股數(避險)"":""-4,629"",""三大法人買賣超股數"":""692,730""}"
2026-10-01,TWSE,2464,盟立            ,2692071,1991438,700633,79000,0,79000,61583,155305,-105722,"{""證券代號"":""2464"",""證券名稱"":""盟立            "",""外陸資買進股數(不含外資自營商)"":""2,692,071"",""外陸資賣出股數(不含外資自營商)"":""1,991,438"",""外陸資買賣超股數(不含外資自營商)"":""700,633"",""外資自營商買進股數"":""0"",""外資自營商賣出股數"":""0"",""外資自營商買賣超股數"":""0"",""投信買進股數"":""79,000"",""投信賣出股數"":""0"",""投信買賣超股數"":""79,000"",""自營商買賣超股數"":""-105,722"",""自營商買進股數(自行買賣)"":""0"",""自營商賣出股數(自行買賣)"":""12,000"",""自營商買賣超股數(自行買賣)"":""-12,000"",""自營商買進股數(避險)"":""61,583"",""自營商賣出股數(避險)"":""155,305"",""自營商買賣超股數(避險)"":""-93,722"",""三大法人買賣超股數"":""673,911""}"
2026-10-01,TWSE,6271,同欣電          ,1466306,883142,583164,0,0,0,59332,20934,89398,"{""證券代號"":""6271"",""證券名稱"":""同欣電          "",""外陸資買進股數(不含外資自營商)"":""1,466,306"",""外陸資賣出股數(不含外資自營商)"":""883,142"",""外陸資買賣超股數(不含外資自營商)"":""583,164"",""外資自營商買進股數"":""0"",""外資自營商賣出股數"":""0"",""外資自營商買賣超股數"":""0"",""投信買進股數"":""0"",""投信賣出股數"":""0"",""投信買賣超股數"":""0"",""自營商買賣超股數"":""89,398"",""自營商買進股數(自行買賣)"":""51,000"",""自營商賣出股數(自行買賣)"":""0"",""自營商買賣超股數(自行買賣)"":""51,000"",""自營商買進股數(避險)"":""59,332"",""自營商賣出股數(避險)"":""20,934"",""自營商買賣超股數(避險)"":""38,398"",""三大法人買賣超股數"":""672,562""}"
2026-10-01,TWSE,009829,大華韓國KOSPI50 ,326030,180000,146030,0,0,0,9106015,8626825,499190,"{""證券代號"":""009829"",""證券名稱"":""大華韓國KOSPI50 "",""外陸資買進股數(不含外資自營商)"":""326,030"",""外陸資賣出股數(不含外資自營商)"":""180,000"",""外陸資買賣超股數(不含外資自營商)"":""146,030"",""外資自營商買進股數"":""0"",""外資自營商賣出股數"":""0"",""外資自營商買賣超股數"":""0"",""投信買進股數"":""0"",""投信賣出股數"":""0"",""投信買賣超股數"":""0"",""自營商買賣超股數"":""499,190"",""自營商買進股數(自行買賣)"":""20,000"",""自營商賣出股數(自行買賣)"":""0"",""自營商買賣超股數(自行買賣)"":""20,000"",""自營商買進股數(避險)"":""9,106,015"",""自營商賣出股數(避險)"":""8,626,825"",""自營商買賣超股數(避險)"":""479,190"",""三大法人買賣超股數"":""645,220""}"
2026-10-01,TWSE,4919,新唐            ,4887294,4513900,373394,0,0,0,259432,91028,269404,"{""證券代號"":""4919"",""證券名稱"":""新唐            "",""外陸資買進股數(不含外資自營商)"":""4,887,294"",""外陸資賣出股數(不含外資自營商)"":""4,513,900"",""外陸資買賣超股數(不含外資自營商)"":""373,394"",""外資自營商買進股數"":""0"",""外資自營商賣出股數"":""0"",""外資自營商買賣超股數"":""0"",""投信買進股數"":""0"",""投信賣出股數"":""0"",""投信買賣超股數"":""0"",""自營商買賣超股數"":""269,404"",""自營商買進股數(自行買賣)"":""263,000"",""自營商賣出股數(自行買賣)"":""162,000"",""自營商買賣超股數(自行買賣)"":""101,000"",""自營商買進股數(避險)"":""259,432"",""自營商賣出股數(避險)"":""91,028"",""自營商買賣超股數(避險)"":""168,404"",""三大法人買賣超股數"":""642,798""}"
2026-10-01,TWSE,3717,聯嘉投控        ,2280383,1632000,648383,0,0,0,58,1567,-7509,"{""證券代號"":""3717"",""證券名稱"":""聯嘉投控        "",""外陸資買進股數(不含外資自營商)"":""2,280,383"",""外陸資賣出股數(不含外資自營商)"":""1,632,000"",""外陸資買賣超股數(不含外資自營商)"":""648,383"",""外資自營商買進股數"":""0"",""外資自營商賣出股數"":""0"",""外資自營商買賣超股數"":""0"",""投信買進股數"":""0"",""投信賣出股數"":""0"",""投信買賣超股數"":""0"",""自營商買賣超股數"":""-7,509"",""自營商買進股數(自行買賣)"":""3,000"",""自營商賣出股數(自行買賣)"":""9,000"",""自營商買賣超股數(自行買賣)"":""-6,000"",""自營商買進股數(避險)"":""58"",""自營商賣出股數(避險)"":""1,567"",""自營商買賣超股數(避險)"":""-1,509"",""三大法人買賣超股數"":""640,874""}"
2026-10-01,TWSE,3701,大眾控          ,1929031,1313000,616031,0,0,0,11567,717,20174,"{""證券代號"":""3701"",""證券名稱"":""大眾控          "",""外陸資買進股數(不含外資自營商)"":""1,929,031"",""外陸資賣出股數(不含外資自營商)"":""1,313,000"",""外陸資買賣超股數(不含外資自營商)"":""616,031"",""外資自營商買進股數"":""0"",""外資自營商賣出股數"":""0"",""外資自營商買賣超股數"":""0"",""投信買進股數"":""0"",""投信賣出股數"":""0"",""投信買賣超股數"":""0"",""自營商買賣超股數"":""20,174"",""自營商買進股數(自行買賣)"":""26,324"",""自營商賣出股數(自行買賣)"":""17,000"",""自營商買賣超股數(自行買賣)"":""9,324"",""自營商買進股數(避險)"":""11,567"",""自營商賣出股數(避險)"":""717"",""自營商買賣超股數(避險)"":""10,850"",""三大法人買賣超股數"":""636,205""}"
2026-10-01,TWSE,1319,東陽            ,721109,324912,396197,220000,0,220000,14000,280,15720,"{""證券代號"":""1319"",""證券名稱"":""東陽            "",""外陸資買進股數(不含外資自營商)"":""721,109"",""外陸資賣出股數(不含外資自營商)"":""324,912"",""外陸資買賣超股數(不含外資自營商)"":""396,197"",""外資自營商買進股數"":""0"",""外資自營商賣出股數"":""0"",""外資自營商買賣超股數"":""0"",""投信買進股數"":""220,000"",""投信賣出股數"":""0"",""投信買賣超股數"":""220,000"",""自營商買賣超股數"":""15,720"",""自營商買進股數(自行買賣)"":""68,000"",""自營商賣出股數(自行買賣)"":""66,000"",""自營商買賣超股數(自行買賣)"":""2,000"",""自營商買進股數(避險)"":""14,000"",""自營商賣出股數(避險)"":""280"",""自營商買賣超股數(避險)"":""13,720"",""三大法人買賣超股數"":""631,917""}"
2026-10-01,TWSE,009811,統一美國50      ,20000,21000,-1000,0,0,0,2335595,1706181,629414,"{""證券代號"":""009811"",""證券名稱"":""統一美國50      "",""外陸資買進股數(不含外資自營商)"":""20,000"",""外陸資賣出股數(不含外資自營商)"":""21,000"",""外陸資買賣超股數(不含外資自營商)"":""-1,000"",""外資自營商買進股數"":""0"",""外資自營商賣出股數"":""0"",""外資自營商買賣超股數"":""0"",""投信買進股數"":""0"",""投信賣出股數"":""0"",""投信買賣超股數"":""0"",""自營商買賣超股數"":""629,414"",""自營商買進股數(自行買賣)"":""0"",""自營商賣出股數(自行買賣)"":""0"",""自營商買賣超股數(自行買賣)"":""0"",""自營商買進股數(避險)"":""2,335,595"",""自營商賣出股數(避險)"":""1,706,181"",""自營商買賣超股數(避險)"":""629,414"",""三大法人買賣超股數"":""628,414""}"
2026-10-01,TWSE,1710,東聯            ,1784235,1377127,407108,0,0,0,213139,4081,211058,"{""證券代號"":""1710"",""證券名稱"":""東聯            "",""外陸資買進股數(不含外資自營商)"":""1,784,235"",""外陸資賣出股數(不含外資自營商)"":""1,377,127"",""外陸資買賣超股數(不含外資自營商)"":""407,108"",""外資自營商買進股數"":""0"",""外資自營商賣出股數"":""0"",""外資自營商買賣超股數"":""0"",""投信買進股數"":""0"",""投信賣出股數"":""0"",""投信買賣超股數"":""0"",""自營商買賣超股數"":""211,058"",""自營商買進股數(自行買賣)"":""2,000"",""自營商賣出股數(自行買賣)"":""0"",""自營商買賣超股數(自行買賣)"":""2,000"",""自營商買進股數(避險)"":""213,139"",""自營商賣出股數(避險)"":""4,081"",""自營商買賣超股數(避險)"":""209,058"",""三大法人買賣超股數"":""618,166""}"
2026-10-01,TWSE,2357,華碩            ,999597,427117,572480,13000,22000,-9000,67757,18311,53666,"{""證券代號"":""2357"",""證券名稱"":""華碩            "",""外陸資買進股數(不含外資自營商)"":""999,597"",""外陸資賣出股數(不含外資自營商)"":""427,117"",""外陸資買賣超股數(不含外資自營商)"":""572,480"",""外資自營商買進股數"":""0"",""外資自營商賣出股數"":""0"",""外資自營商買賣超股數"":""0"",""投信買進股數"":""13,000"",""投信賣出股數"":""22,000"",""投信買賣超股數"":""-9,000"",""自營商買賣超股數"":""53,666"",""自營商買進股數(自行買賣)"":""94,520"",""自營商賣出股數(自行買賣)"":""90,300"",""自營商買賣超股數(自行買賣)"":""4,220"",""自營商買進股數(避險)"":""67,757"",""自營商賣出股數(避險)"":""18,311"",""自營商買賣超股數(避險)"":""49,446"",""三大法人買賣超股數"":""617,146""}"
2026-10-01,TWSE,3034,聯詠            ,1620637,1150492,470145,122000,4000,118000,96591,80176,15215,"{""證券代號"":""3034"",""證券名稱"":""聯詠            "",""外陸資買進股數(不含外資自營商)"":""1,620,637"",""外陸資賣出股數(不含外資自營商)"":""1,150,492"",""外陸資買賣超股數(不含外資自營商)"":""470,145"",""外資自營商買進股數"":""0"",""外資自營商賣出股數"":""0"",""外資自營商買賣超股數"":""0"",""投信買進股數"":""122,000"",""投信賣出股數"":""4,000"",""投信買賣超股數"":""118,000"",""自營商買賣超股數"":""15,215"",""自營商買進股數(自行買賣)"":""87,000"",""自營商賣出股數(自行買賣)"":""88,200"",""自營商買賣超股數(自行買賣)"":""-1,200"",""自營商買進股數(避險)"":""96,591"",""自營商賣出股數(避險)"":""80,176"",""自營商買賣超股數(避險)"":""16,415"",""三大法人買賣超股數"":""603,360""}"
2026-10-01,TWSE,6414,樺漢            ,1000999,506670,494329,58000,0,58000,40818,1675,34143,"{""證券代號"":""6414"",""證券名稱"":""樺漢            "",""外陸資買進股數(不含外資自營商)"":""1,000,999"",""外陸資賣出股數(不含外資自營商)"":""506,670"",""外陸資買賣超股數(不含外資自營商)"":""494,329"",""外資自營商買進股數"":""0"",""外資自營商賣出股數"":""0"",""外資自營商買賣超股數"":""0"",""投信買進股數"":""58,000"",""投信賣出股數"":""0"",""投信買賣超股數"":""58,000"",""自營商買賣超股數"":""34,143"",""自營商買進股數(自行買賣)"":""0"",""自營商賣出股數(自行買賣)"":""5,000"",""自營商買賣超股數(自行買賣)"":""-5,000"",""自營商買進股數(避險)"":""40,818"",""自營商賣出股數(避險)"":""1,675"",""自營商買賣超股數(避險)"":""39,143"",""三大法人買賣超股數"":""586,472""}"
2026-10-01,TWSE,2420,新巨            ,717718,154510,563208,0,0,0,0,1121,1879,"{""證券代號"":""2420"",""證券名稱"":""新巨            "",""外陸資買進股數(不含外資自營商)"":""717,718"",""外陸資賣出股數(不含外資自營商)"":""154,510"",""外陸資買賣超股數(不含外資自營商)"":""563,208"",""外資自營商買進股數"":""0"",""外資自營商賣出股數"":""0"",""外資自營商買賣超股數"":""0"",""投信買進股數"":""0"",""投信賣出股數"":""0"",""投信買賣超股數"":""0"",""自營商買賣超股數"":""1,879"",""自營商買進股數(自行買賣)"":""10,000"",""自營商賣出股數(自行買賣)"":""7,000"",""自營商買賣超股數(自行買賣)"":""3,000"",""自營商買進股數(避險)"":""0"",""自營商賣出股數(避險)"":""1,121"",""自營商買賣超股數(避險)"":""-1,121"",""三大法人買賣超股數"":""565,087""}"
2026-10-01,TWSE,6278,台表科          ,1246012,687339,558673,0,18000,-18000,49245,84548,-1303,"{""證券代號"":""6278"",""證券名稱"":""台表科          "",""外陸資買進股數(不含外資自營商)"":""1,246,012"",""外陸資賣出股數(不含外資自營商)"":""687,339"",""外陸資買賣超股數(不含外資自營商)"":""558,673"",""外資自營商買進股數"":""0"",""外資自營商賣出股數"":""0"",""外資自營商買賣超股數"":""0"",""投信買進股數"":""0"",""投信賣出股數"":""18,000"",""投信買賣超股數"":""-18,000"",""自營商買賣超股數"":""-1,303"",""自營商買進股數(自行買賣)"":""38,000"",""自營商賣出股數(自行買賣)"":""4,000"",""自營商買賣超股數(自行買賣)"":""34,000"",""自營商買進股數(避險)"":""49,245"",""自營商賣出股數(避險)"":""84,548"",""自營商買賣超股數(避險)"":""-35,303"",""三大法人買賣超股數"":""539,370""}"
2026-10-01,TWSE,6196,帆宣            ,953867,423649,530218,0,0,0,42023,42068,1480,"{""證券代號"":""6196"",""證券名稱"":""帆宣            "",""外陸資買進股數(不含外資自營商)"":""953,867"",""外陸資賣出股數(不含外資自營商)"":""423,649"",""外陸資買賣超股數(不含外資自營商)"":""530,218"",""外資自營商買進股數"":""0"",""外資自營商賣出股數"":""0"",""外資自營商買賣超股數"":""0"",""投信買進股數"":""0"",""投信賣出股數"":""0"",""投信買賣超股數"":""0"",""自營商買賣超股數"":""1,480"",""自營商買進股數(自行買賣)"":""16,525"",""自營商賣出股數(自行買賣)"":""15,000"",""自營商買賣超股數(自行買賣)"":""1,525"",""自營商買進股數(避險)"":""42,023"",""自營商賣出股數(避險)"":""42,068"",""自營商買賣超股數(避險)"":""-45"",""三大法人買賣超股數"":""531,698""}"
2026-10-01,TWSE,9933,中鼎            ,1972909,565922,1406987,0,835000,-835000,0,0,-41210,"{""證券代號"":""9933"",""證券名稱"":""中鼎            "",""外陸資買進股數(不含外資自營商)"":""1,972,909"",""外陸資賣出股數(不含外資自營商)"":""565,922"",""外陸資買賣超股數(不含外資自營商)"":""1,406,987"",""外資自營商買進股數"":""0"",""外資自營商賣出股數"":""0"",""外資自營商買賣超股數"":""0"",""投信買進股數"":""0"",""投信賣出股數"":""835,000"",""投信買賣超股數"":""-835,000"",""自營商買賣超股數"":""-41,210"",""自營商買進股數(自行買賣)"":""14,790"",""自營商賣出股數(自行買賣)"":""56,000"",""自營商買賣超股數(自行買賣)"":""-41,210"",""自營商買進股數(避險)"":""0"",""自營商賣出股數(避險)"":""0"",""自營商買賣超股數(避險)"":""0"",""三大法人買賣超股數"":""530,777""}"
2026-10-01,TWSE,2404,漢唐            ,684491,621814,62677,449000,7000,442000,108689,82900,14289,"{""證券代號"":""2404"",""證券名稱"":""漢唐            "",""外陸資買進股數(不含外資自營商)"":""684,491"",""外陸資賣出股數(不含外資自營商)"":""621,814"",""外陸資買賣超股數(不含外資自營商)"":""62,677"",""外資自營商買進股數"":""0"",""外資自營商賣出股數"":""0"",""外資自營商買賣超股數"":""0"",""投信買進股數"":""449,000"",""投信賣出股數"":""7,000"",""投信買賣超股數"":""442,000"",""自營商買賣超股數"":""14,289"",""自營商買進股數(自行買賣)"":""7,700"",""自營商賣出股數(自行買賣)"":""19,200"",""自營商買賣超股數(自行買賣)"":""-11,500"",""自營商買進股數(避險)"":""108,689"",""自營商賣出股數(避險)"":""82,900"",""自營商買賣超股數(避險)"":""25,789"",""三大法人買賣超股數"":""518,966""}"
2026-10-01,TWSE,9910,豐泰            ,469690,166125,303565,218000,6000,212000,0,375,1457,"{""證券代號"":""9910"",""證券名稱"":""豐泰            "",""外陸資買進股數(不含外資自營商)"":""469,690"",""外陸資賣出股數(不含外資自營商)"":""166,125"",""外陸資買賣超股數(不含外資自營商)"":""303,565"",""外資自營商買進股數"":""0"",""外資自營商賣出股數"":""0"",""外資自營商買賣超股數"":""0"",""投信買進股數"":""218,000"",""投信賣出股數"":""6,000"",""投信買賣超股數"":""212,000"",""自營商買賣超股數"":""1,457"",""自營商買進股數(自行買賣)"":""90,000"",""自營商賣出股數(自行買賣)"":""88,168"",""自營商買賣超股數(自行買賣)"":""1,832"",""自營商買進股數(避險)"":""0"",""自營商賣出股數(避險)"":""375"",""自營商買賣超股數(避險)"":""-375"",""三大法人買賣超股數"":""517,022""}"
2026-10-01,TWSE,8021,尖點            ,617169,78624,538545,0,0,0,25000,48000,-25995,"{""證券代號"":""8021"",""證券名稱"":""尖點            "",""外陸資買進股數(不含外資自營商)"":""617,169"",""外陸資賣出股數(不含外資自營商)"":""78,624"",""外陸資買賣超股數(不含外資自營商)"":""538,545"",""外資自營商買進股數"":""0"",""外資自營商賣出股數"":""0"",""外資自營商買賣超股數"":""0"",""投信買進股數"":""0"",""投信賣出股數"":""0"",""投信買賣超股數"":""0"",""自營商買賣超股數"":""-25,995"",""自營商買進股數(自行買賣)"":""13,003"",""自營商賣出股數(自行買賣)"":""15,998"",""自營商買賣超股數(自行買賣)"":""-2,995"",""自營商買進股數(避險)"":""25,000"",""自營商賣出股數(避險)"":""48,000"",""自營商買賣超股數(避險)"":""-23,000"",""三大法人買賣超股數"":""512,550""}"
2026-10-01,TWSE,00693U,期街口S&P黃豆   ,0,0,0,0,0,0,616000,109477,506523,"{""證券代號"":""00693U"",""證券名稱"":""期街口S&P黃豆   "",""外陸資買進股數(不含外資自營商)"":""0"",""外陸資賣出股數(不含外資自營商)"":""0"",""外陸資買賣超股數(不含外資自營商)"":""0"",""外資自營商買進股數"":""0"",""外資自營商賣出股數"":""0"",""外資自營商買賣超股數"":""0"",""投信買進股數"":""0"",""投信賣出股數"":""0"",""投信買賣超股數"":""0"",""自營商買賣超股數"":""506,523"",""自營商買進股數(自行買賣)"":""0"",""自營商賣出股數(自行買賣)"":""0"",""自營商買賣超股數(自行買賣)"":""0"",""自營商買進股數(避險)"":""616,000"",""自營商賣出股數(避險)"":""109,477"",""自營商買賣超股數(避險)"":""506,523"",""三大法人買賣超股數"":""506,523""}"
2026-10-01,TWSE,00653L,富邦印度正2     ,4000,0,4000,0,0,0,612514,110549,501965,"{""證券代號"":""00653L"",""證券名稱"":""富邦印度正2     "",""外陸資買進股數(不含外資自營商)"":""4,000"",""外陸資賣出股數(不含外資自營商)"":""0"",""外陸資買賣超股數(不含外資自營商)"":""4,000"",""外資自營商買進股數"":""0"",""外資自營商賣出股數"":""0"",""外資自營商買賣超股數"":""0"",""投信買進股數"":""0"",""投信賣出股數"":""0"",""投信買賣超股數"":""0"",""自營商買賣超股數"":""501,965"",""自營商買進股數(自行買賣)"":""0"",""自營商賣出股數(自行買賣)"":""0"",""自營商買賣超股數(自行買賣)"":""0"",""自營商買進股數(避險)"":""612,514"",""自營商賣出股數(避險)"":""110,549"",""自營商買賣超股數(避險)"":""501,965"",""三大法人買賣超股數"":""505,965""}"
2026-10-01,TWSE,2395,研華            ,1007354,655443,351911,171000,1000,170000,26485,40709,-31909,"{""證券代號"":""2395"",""證券名稱"":""研華            "",""外陸資買進股數(不含外資自營商)"":""1,007,354"",""外陸資賣出股數(不含外資自營商)"":""655,443"",""外陸資買賣超股數(不含外資自營商)"":""351,911"",""外資自營商買進股數"":""0"",""外資自營商賣出股數"":""0"",""外資自營商買賣超股數"":""0"",""投信買進股數"":""171,000"",""投信賣出股數"":""1,000"",""投信買賣超股數"":""170,000"",""自營商買賣超股數"":""-31,909"",""自營商買進股數(自行買賣)"":""1,315"",""自營商賣出股數(自行買賣)"":""19,000"",""自營商買賣超股數(自行買賣)"":""-17,685"",""自營商買進股數(避險)"":""26,485"",""自營商賣出股數(避險)"":""40,709"",""自營商買賣超股數(避險)"":""-14,224"",""三大法人買賣超股數"":""490,002""}"
2026-10-01,TWSE,6962,奕力-KY         ,1119705,634000,485705,0,0,0,287,0,287,"{""證券代號"":""6962"",""證券名稱"":""奕力-KY         "",""外陸資買進股數(不含外資自營商)"":""1,119,705"",""外陸資賣出股數(不含外資自營商)"":""634,000"",""外陸資買賣超股數(不含外資自營商)"":""485,705"",""外資自營商買進股數"":""0"",""外資自營商賣出股數"":""0"",""外資自營商買賣超股數"":""0"",""投信買進股數"":""0"",""投信賣出股數"":""0"",""投信買賣超股數"":""0"",""自營商買賣超股數"":""287"",""自營商買進股數(自行買賣)"":""0"",""自營商賣出股數(自行買賣)"":""0"",""自營商買賣超股數(自行買賣)"":""0"",""自營商買進股數(避險)"":""287"",""自營商賣出股數(避險)"":""0"",""自營商買賣超股數(避險)"":""287"",""三大法人買賣超股數"":""485,992""}"
2026-10-01,TWSE,2436,偉詮電          ,1961696,1367447,594249,0,0,0,21843,141057,-118214,"{""證券代號"":""2436"",""證券名稱"":""偉詮電          "",""外陸資買進股數(不含外資自營商)"":""1,961,696"",""外陸資賣出股數(不含外資自營商)"":""1,367,447"",""外陸資買賣超股數(不含外資自營商)"":""594,249"",""外資自營商買進股數"":""0"",""外資自營商賣出股數"":""0"",""外資自營商買賣超股數"":""0"",""投信買進股數"":""0"",""投信賣出股數"":""0"",""投信買賣超股數"":""0"",""自營商買賣超股數"":""-118,214"",""自營商買進股數(自行買賣)"":""1,000"",""自營商賣出股數(自行買賣)"":""0"",""自營商買賣超股數(自行買賣)"":""1,000"",""自營商買進股數(避險)"":""21,843"",""自營商賣出股數(避險)"":""141,057"",""自營商買賣超股數(避險)"":""-119,214"",""三大法人買賣超股數"":""476,035""}"
2026-10-01,TWSE,7795,長廣            ,771077,327312,443765,0,0,0,20764,10000,31838,"{""證券代號"":""7795"",""證券名稱"":""長廣            "",""外陸資買進股數(不含外資自營商)"":""771,077"",""外陸資賣出股數(不含外資自營商)"":""327,312"",""外陸資買賣超股數(不含外資自營商)"":""443,765"",""外資自營商買進股數"":""0"",""外資自營商賣出股數"":""0"",""外資自營商買賣超股數"":""0"",""投信買進股數"":""0"",""投信賣出股數"":""0"",""投信買賣超股數"":""0"",""自營商買賣超股數"":""31,838"",""自營商買進股數(自行買賣)"":""26,379"",""自營商賣出股數(自行買賣)"":""5,305"",""自營商買賣超股數(自行買賣)"":""21,074"",""自營商買進股數(避險)"":""20,764"",""自營商賣出股數(避險)"":""10,000"",""自營商買賣超股數(避險)"":""10,764"",""三大法人買賣超股數"":""475,603""}"
2026-10-01,TWSE,1102,亞泥            ,9600902,4694831,4906071,41000,4795000,-4754000,323760,10434,323235,"{""證券代號"":""1102"",""證券名稱"":""亞泥            "",""外陸資買進股數(不含外資自營商)"":""9,600,902"",""外陸資賣出股數(不含外資自營商)"":""4,694,831"",""外陸資買賣超股數(不含外資自營商)"":""4,906,071"",""外資自營商買進股數"":""0"",""外資自營商賣出股數"":""0"",""外資自營商買賣超股數"":""0"",""投信買進股數"":""41,000"",""投信賣出股數"":""4,795,000"",""投信買賣超股數"":""-4,754,000"",""自營商買賣超股數"":""323,235"",""自營商買進股數(自行買賣)"":""10,000"",""自營商賣出股數(自行買賣)"":""91"",""自營商買賣超股數(自行買賣)"":""9,909"",""自營商買進股數(避險)"":""323,760"",""自營商賣出股數(避險)"":""10,434"",""自營商買賣超股數(避險)"":""313,326"",""三大法人買賣超股數"":""475,306""}"
2026-10-01,TWSE,2421,建準            ,968324,516206,452118,0,10000,-10000,29036,1096,27940,"{""證券代號"":""2421"",""證券名稱"":""建準            "",""外陸資買進股數(不含外資自營商)"":""968,324"",""外陸資賣出股數(不含外資自營商)"":""516,206"",""外陸資買賣超股數(不含外資自營商)"":""452,118"",""外資自營商買進股數"":""0"",""外資自營商賣出股數"":""0"",""外資自營商買賣超股數"":""0"",""投信買進股數"":""0"",""投信賣出股數"":""10,000"",""投信買賣超股數"":""-10,000"",""自營商買賣超股數"":""27,940"",""自營商買進股數(自行買賣)"":""0"",""自營商賣出股數(自行買賣)"":""0"",""自營商買賣超股數(自行買賣)"":""0"",""自營商買進股數(避險)"":""29,036"",""自營商賣出股數(避險)"":""1,096"",""自營商買賣超股數(避險)"":""27,940"",""三大法人買賣超股數"":""470,058""}"
2026-10-01,TWSE,006208,富邦台50        ,232786,180025,52761,0,0,0,629965,50776,414189,"{""證券代號"":""006208"",""證券名稱"":""富邦台50        "",""外陸資買進股數(不含外資自營商)"":""232,786"",""外陸資賣出股數(不含外資自營商)"":""180,025"",""外陸資買賣超股數(不含外資自營商)"":""52,761"",""外資自營商買進股數"":""0"",""外資自營商賣出股數"":""0"",""外資自營商買賣超股數"":""0"",""投信買進股數"":""0"",""投信賣出股數"":""0"",""投信買賣超股數"":""0"",""自營商買賣超股數"":""414,189"",""自營商買進股數(自行買賣)"":""6,000"",""自營商賣出股數(自行買賣)"":""171,000"",""自營商買賣超股數(自行買賣)"":""-165,000"",""自營商買進股數(避險)"":""629,965"",""自營商賣出股數(避險)"":""50,776"",""自營商買賣超股數(避險)"":""579,189"",""三大法人買賣超股數"":""466,950""}"
2026-10-01,TWSE,3019,亞光            ,799284,342170,457114,0,0,0,5000,3779,2877,"{""證券代號"":""3019"",""證券名稱"":""亞光            "",""外陸資買進股數(不含外資自營商)"":""799,284"",""外陸資賣出股數(不含外資自營商)"":""342,170"",""外陸資買賣超股數(不含外資自營商)"":""457,114"",""外資自營商買進股數"":""0"",""外資自營商賣出股數"":""0"",""外資自營商買賣超股數"":""0"",""投信買進股數"":""0"",""投信賣出股數"":""0"",""投信買賣超股數"":""0"",""自營商買賣超股數"":""2,877"",""自營商買進股數(自行買賣)"":""6,000"",""自營商賣出股數(自行買賣)"":""4,344"",""自營商買賣超股數(自行買賣)"":""1,656"",""自營商買進股數(避險)"":""5,000"",""自營商賣出股數(避險)"":""3,779"",""自營商買賣超股數(避險)"":""1,221"",""三大法人買賣超股數"":""459,991""}"
2026-10-01,TWSE,00989A,主動摩根美國科技,208000,8000,200000,0,0,0,612000,367000,245000,"{""證券代號"":""00989A"",""證券名稱"":""主動摩根美國科技"",""外陸資買進股數(不含外資自營商)"":""208,000"",""外陸資賣出股數(不含外資自營商)"":""8,000"",""外陸資買賣超股數(不含外資自營商)"":""200,000"",""外資自營商買進股數"":""0"",""外資自營商賣出股數"":""0"",""外資自營商買賣超股數"":""0"",""投信買進股數"":""0"",""投信賣出股數"":""0"",""投信買賣超股數"":""0"",""自營商買賣超股數"":""245,000"",""自營商買進股數(自行買賣)"":""0"",""自營商賣出股數(自行買賣)"":""0"",""自營商買賣超股數(自行買賣)"":""0"",""自營商買進股數(避險)"":""612,000"",""自營商賣出股數(避險)"":""367,000"",""自營商買賣超股數(避險)"":""245,000"",""三大法人買賣超股數"":""445,000""}"
2026-10-01,TWSE,3014,聯陽            ,573962,164616,409346,3004,0,3004,800,1000,19800,"{""證券代號"":""3014"",""證券名稱"":""聯陽            "",""外陸資買進股數(不含外資自營商)"":""573,962"",""外陸資賣出股數(不含外資自營商)"":""164,616"",""外陸資買賣超股數(不含外資自營商)"":""409,346"",""外資自營商買進股數"":""0"",""外資自營商賣出股數"":""0"",""外資自營商買賣超股數"":""0"",""投信買進股數"":""3,004"",""投信賣出股數"":""0"",""投信買賣超股數"":""3,004"",""自營商買賣超股數"":""19,800"",""自營商買進股數(自行買賣)"":""20,000"",""自營商賣出股數(自行買賣)"":""0"",""自營商買賣超股數(自行買賣)"":""20,000"",""自營商買進股數(避險)"":""800"",""自營商賣出股數(避險)"":""1,000"",""自營商買賣超股數(避險)"":""-200"",""三大法人買賣超股數"":""432,150""}"
2026-10-01,TWSE,6743,安普新          ,530749,106000,424749,1134,0,1134,0,0,0,"{""證券代號"":""6743"",""證券名稱"":""安普新          "",""外陸資買進股數(不含外資自營商)"":""530,749"",""外陸資賣出股數(不含外資自營商)"":""106,000"",""外陸資買賣超股數(不含外資自營商)"":""424,749"",""外資自營商買進股數"":""0"",""外資自營商賣出股數"":""0"",""外資自營商買賣超股數"":""0"",""投信買進股數"":""1,134"",""投信賣出股數"":""0"",""投信買賣超股數"":""1,134"",""自營商買賣超股數"":""0"",""自營商買進股數(自行買賣)"":""0"",""自營商賣出股數(自行買賣)"":""0"",""自營商買賣超股數(自行買賣)"":""0"",""自營商買進股數(避險)"":""0"",""自營商賣出股數(避險)"":""0"",""自營商買賣超股數(避險)"":""0"",""三大法人買賣超股數"":""425,883""}"
2026-10-01,TWSE,2614,東森            ,635297,209000,426297,0,0,0,0,0,-580,"{""證券代號"":""2614"",""證券名稱"":""東森            "",""外陸資買進股數(不含外資自營商)"":""635,297"",""外陸資賣出股數(不含外資自營商)"":""209,000"",""外陸資買賣超股數(不含外資自營商)"":""426,297"",""外資自營商買進股數"":""0"",""外資自營商賣出股數"":""0"",""外資自營商買賣超股數"":""0"",""投信買進股數"":""0"",""投信賣出股數"":""0"",""投信買賣超股數"":""0"",""自營商買賣超股數"":""-580"",""自營商買進股數(自行買賣)"":""420"",""自營商賣出股數(自行買賣)"":""1,000"",""自營商買賣超股數(自行買賣)"":""-580"",""自營商買進股數(避險)"":""0"",""自營商賣出股數(避險)"":""0"",""自營商買賣超股數(避險)"":""0"",""三大法人買賣超股數"":""425,717""}"
2026-10-01,TWSE,009805,台新美國電力基建,1026000,5000,1021000,0,0,0,666000,1268645,-602645,"{""證券代號"":""009805"",""證券名稱"":""台新美國電力基建"",""外陸資買進股數(不含外資自營商)"":""1,026,000"",""外陸資賣出股數(不含外資自營商)"":""5,000"",""外陸資買賣超股數(不含外資自營商)"":""1,021,000"",""外資自營商買進股數"":""0"",""外資自營商賣出股數"":""0"",""外資自營商買賣超股數"":""0"",""投信買進股數"":""0"",""投信賣出股數"":""0"",""投信買賣超股數"":""0"",""自營商買賣超股數"":""-602,645"",""自營商買進股數(自行買賣)"":""0"",""自營商賣出股數(自行買賣)"":""0"",""自營商買賣超股數(自行買賣)"":""0"",""自營商買進股數(避險)"":""666,000"",""自營商賣出股數(避險)"":""1,268,645"",""自營商買賣超股數(避險)"":""-602,645"",""三大法人買賣超股數"":""418,355""}"
2026-10-01,TWSE,00981T,平衡凱基雙核收息,2000,2000,0,0,0,0,662000,244381,417619,"{""證券代號"":""00981T"",""證券名稱"":""平衡凱基雙核收息"",""外陸資買進股數(不含外資自營商)"":""2,000"",""外陸資賣出股數(不含外資自營商)"":""2,000"",""外陸資買賣超股數(不含外資自營商)"":""0"",""外資自營商買進股數"":""0"",""外資自營商賣出股數"":""0"",""外資自營商買賣超股數"":""0"",""投信買進股數"":""0"",""投信賣出股數"":""0"",""投信買賣超股數"":""0"",""自營商買賣超股數"":""417,619"",""自營商買進股數(自行買賣)"":""0"",""自營商賣出股數(自行買賣)"":""0"",""自營商買賣超股數(自行買賣)"":""0"",""自營商買進股數(避險)"":""662,000"",""自營商賣出股數(避險)"":""244,381"",""自營商買賣超股數(避險)"":""417,619"",""三大法人買賣超股數"":""417,619""}"
2026-10-01,TWSE,2023,燁輝            ,817579,416000,401579,0,0,0,0,0,927,"{""證券代號"":""2023"",""證券名稱"":""燁輝            "",""外陸資買進股數(不含外資自營商)"":""817,579"",""外陸資賣出股數(不含外資自營商)"":""416,000"",""外陸資買賣超股數(不含外資自營商)"":""401,579"",""外資自營商買進股數"":""0"",""外資自營商賣出股數"":""0"",""外資自營商買賣超股數"":""0"",""投信買進股數"":""0"",""投信賣出股數"":""0"",""投信買賣超股數"":""0"",""自營商買賣超股數"":""927"",""自營商買進股數(自行買賣)"":""927"",""自營商賣出股數(自行買賣)"":""0"",""自營商買賣超股數(自行買賣)"":""927"",""自營商買進股數(避險)"":""0"",""自營商賣出股數(避險)"":""0"",""自營商買賣超股數(避險)"":""0"",""三大法人買賣超股數"":""402,506""}"
2026-10-01,TWSE,009804,聯邦台精彩50    ,150000,42000,108000,0,0,0,300270,7435,292835,"{""證券代號"":""009804"",""證券名稱"":""聯邦台精彩50    "",""外陸資買進股數(不含外資自營商)"":""150,000"",""外陸資賣出股數(不含外資自營商)"":""42,000"",""外陸資買賣超股數(不含外資自營商)"":""108,000"",""外資自營商買進股數"":""0"",""外資自營商賣出股數"":""0"",""外資自營商買賣超股數"":""0"",""投信買進股數"":""0"",""投信賣出股數"":""0"",""投信買賣超股數"":""0"",""自營商買賣超股數"":""292,835"",""自營商買進股數(自行買賣)"":""0"",""自營商賣出股數(自行買賣)"":""0"",""自營商買賣超股數(自行買賣)"":""0"",""自營商買進股數(避險)"":""300,270"",""自營商賣出股數(避險)"":""7,435"",""自營商買賣超股數(避險)"":""292,835"",""三大法人買賣超股數"":""400,835""}"
2026-10-01,TWSE,6224,聚鼎            ,717994,323787,394207,0,0,0,0,0,1000,"{""證券代號"":""6224"",""證券名稱"":""聚鼎            "",""外陸資買進股數(不含外資自營商)"":""717,994"",""外陸資賣出股數(不含外資自營商)"":""323,787"",""外陸資買賣超股數(不含外資自營商)"":""394,207"",""外資自營商買進股數"":""0"",""外資自營商賣出股數"":""0"",""外資自營商買賣超股數"":""0"",""投信買進股數"":""0"",""投信賣出股數"":""0"",""投信買賣超股數"":""0"",""自營商買賣超股數"":""1,000"",""自營商買進股數(自行買賣)"":""2,000"",""自營商賣出股數(自行買賣)"":""1,000"",""自營商買賣超股數(自行買賣)"":""1,000"",""自營商買進股數(避險)"":""0"",""自營商賣出股數(避險)"":""0"",""自營商買賣超股數(避險)"":""0"",""三大法人買賣超股數"":""395,207""}"
2026-10-01,TWSE,00987A,主動台新優勢成長,250000,165000,85000,0,0,0,544498,236750,307748,"{""證券代號"":""00987A"",""證券名稱"":""主動台新優勢成長"",""外陸資買進股數(不含外資自營商)"":""250,000"",""外陸資賣出股數(不含外資自營商)"":""165,000"",""外陸資買賣超股數(不含外資自營商)"":""85,000"",""外資自營商買進股數"":""0"",""外資自營商賣出股數"":""0"",""外資自營商買賣超股數"":""0"",""投信買進股數"":""0"",""投信賣出股數"":""0"",""投信買賣超股數"":""0"",""自營商買賣超股數"":""307,748"",""自營商買進股數(自行買賣)"":""0"",""自營商賣出股數(自行買賣)"":""0"",""自營商買賣超股數(自行買賣)"":""0"",""自營商買進股數(避險)"":""544,498"",""自營商賣出股數(避險)"":""236,750"",""自營商買賣超股數(避險)"":""307,748"",""三大法人買賣超股數"":""392,748""}"
2026-10-01,TWSE,6191,精成科          ,555191,155941,399250,0,5000,-5000,4000,6220,-2220,"{""證券代號"":""6191"",""證券名稱"":""精成科          "",""外陸資買進股數(不含外資自營商)"":""555,191"",""外陸資賣出股數(不含外資自營商)"":""155,941"",""外陸資買賣超股數(不含外資自營商)"":""399,250"",""外資自營商買進股數"":""0"",""外資自營商賣出股數"":""0"",""外資自營商買賣超股數"":""0"",""投信買進股數"":""0"",""投信賣出股數"":""5,000"",""投信買賣超股數"":""-5,000"",""自營商買賣超股數"":""-2,220"",""自營商買進股數(自行買賣)"":""0"",""自營商賣出股數(自行買賣)"":""0"",""自營商買賣超股數(自行買賣)"":""0"",""自營商買進股數(避險)"":""4,000"",""自營商賣出股數(避險)"":""6,220"",""自營商買賣超股數(避險)"":""-2,220"",""三大法人買賣超股數"":""392,030""}"
2026-10-01,TWSE,6834,天二科技        ,1712844,1390495,322349,0,0,0,83656,19241,66415,"{""證券代號"":""6834"",""證券名稱"":""天二科技        "",""外陸資買進股數(不含外資自營商)"":""1,712,844"",""外陸資賣出股數(不含外資自營商)"":""1,390,495"",""外陸資買賣超股數(不含外資自營商)"":""322,349"",""外資自營商買進股數"":""0"",""外資自營商賣出股數"":""0"",""外資自營商買賣超股數"":""0"",""投信買進股數"":""0"",""投信賣出股數"":""0"",""投信買賣超股數"":""0"",""自營商買賣超股數"":""66,415"",""自營商買進股數(自行買賣)"":""2,000"",""自營商賣出股數(自行買賣)"":""0"",""自營商買賣超股數(自行買賣)"":""2,000"",""自營商買進股數(避險)"":""83,656"",""自營商賣出股數(避險)"":""19,241"",""自營商買賣超股數(避險)"":""64,415"",""三大法人買賣超股數"":""388,764""}"
2026-10-01,TWSE,2388,威盛            ,1350333,990000,360333,0,0,0,1632,17130,12502,"{""證券代號"":""2388"",""證券名稱"":""威盛            "",""外陸資買進股數(不含外資自營商)"":""1,350,333"",""外陸資賣出股數(不含外資自營商)"":""990,000"",""外陸資買賣超股數(不含外資自營商)"":""360,333"",""外資自營商買進股數"":""0"",""外資自營商賣出股數"":""0"",""外資自營商買賣超股數"":""0"",""投信買進股數"":""0"",""投信賣出股數"":""0"",""投信買賣超股數"":""0"",""自營商買賣超股數"":""12,502"",""自營商買進股數(自行買賣)"":""59,000"",""自營商賣出股數(自行買賣)"":""31,000"",""自營商買賣超股數(自行買賣)"":""28,000"",""自營商買進股數(避險)"":""1,632"",""自營商賣出股數(避險)"":""17,130"",""自營商買賣超股數(避險)"":""-15,498"",""三大法人買賣超股數"":""372,835""}"
2026-10-01,TWSE,00715L,期街口布蘭特正2 ,427000,244000,183000,0,0,0,808973,622548,186425,"{""證券代號"":""00715L"",""證券名稱"":""期街口布蘭特正2 "",""外陸資買進股數(不含外資自營商)"":""427,000"",""外陸資賣出股數(不含外資自營商)"":""244,000"",""外陸資買賣超股數(不含外資自營商)"":""183,000"",""外資自營商買進股數"":""0"",""外資自營商賣出股數"":""0"",""外資自營商買賣超股數"":""0"",""投信買進股數"":""0"",""投信賣出股數"":""0"",""投信買賣超股數"":""0"",""自營商買賣超股數"":""186,425"",""自營商買進股數(自行買賣)"":""0"",""自營商賣出股數(自行買賣)"":""0"",""自營商買賣超股數(自行買賣)"":""0"",""自營商買進股數(避險)"":""808,973"",""自營商賣出股數(避險)"":""622,548"",""自營商買賣超股數(避險)"":""186,425"",""三大法人買賣超股數"":""369,425""}"
2026-10-01,TWSE,009818,華南永昌NASDAQxT,0,3000,-3000,0,0,0,386473,20646,365827,"{""證券代號"":""009818"",""證券名稱"":""華南永昌NASDAQxT"",""外陸資買進股數(不含外資自營商)"":""0"",""外陸資賣出股數(不含外資自營商)"":""3,000"",""外陸資買賣超股數(不含外資自營商)"":""-3,000"",""外資自營商買進股數"":""0"",""外資自營商賣出股數"":""0"",""外資自營商買賣超股數"":""0"",""投信買進股數"":""0"",""投信賣出股數"":""0"",""投信買賣超股數"":""0"",""自營商買賣超股數"":""365,827"",""自營商買進股數(自行買賣)"":""0"",""自營商賣出股數(自行買賣)"":""0"",""自營商買賣超股數(自行買賣)"":""0"",""自營商買進股數(避險)"":""386,473"",""自營商賣出股數(避險)"":""20,646"",""自營商買賣超股數(避險)"":""365,827"",""三大法人買賣超股數"":""362,827""}"
2026-10-01,TWSE,00983A,主動中信ARK創新 ,34000,38000,-4000,0,0,0,623139,258792,364347,"{""證券代號"":""00983A"",""證券名稱"":""主動中信ARK創新 "",""外陸資買進股數(不含外資自營商)"":""34,000"",""外陸資賣出股數(不含外資自營商)"":""38,000"",""外陸資買賣超股數(不含外資自營商)"":""-4,000"",""外資自營商買進股數"":""0"",""外資自營商賣出股數"":""0"",""外資自營商買賣超股數"":""0"",""投信買進股數"":""0"",""投信賣出股數"":""0"",""投信買賣超股數"":""0"",""自營商買賣超股數"":""364,347"",""自營商買進股數(自行買賣)"":""0"",""自營商賣出股數(自行買賣)"":""0"",""自營商買賣超股數(自行買賣)"":""0"",""自營商買進股數(避險)"":""623,139"",""自營商賣出股數(避險)"":""258,792"",""自營商買賣超股數(避險)"":""364,347"",""三大法人買賣超股數"":""360,347""}"
2026-10-01,TWSE,1560,中砂            ,877154,642945,234209,70000,0,70000,46229,23610,49064,"{""證券代號"":""1560"",""證券名稱"":""中砂            "",""外陸資買進股數(不含外資自營商)"":""877,154"",""外陸資賣出股數(不含外資自營商)"":""642,945"",""外陸資買賣超股數(不含外資自營商)"":""234,209"",""外資自營商買進股數"":""0"",""外資自營商賣出股數"":""0"",""外資自營商買賣超股數"":""0"",""投信買進股數"":""70,000"",""投信賣出股數"":""0"",""投信買賣超股數"":""70,000"",""自營商買賣超股數"":""49,064"",""自營商買進股數(自行買賣)"":""30,445"",""自營商賣出股數(自行買賣)"":""4,000"",""自營商買賣超股數(自行買賣)"":""26,445"",""自營商買進股數(避險)"":""46,229"",""自營商賣出股數(避險)"":""23,610"",""自營商買賣超股數(避險)"":""22,619"",""三大法人買賣超股數"":""353,273""}"
2026-10-01,TWSE,00986A,主動台新龍頭成長,425000,4000,421000,0,0,0,228204,301220,-73016,"{""證券代號"":""00986A"",""證券名稱"":""主動台新龍頭成長"",""外陸資買進股數(不含外資自營商)"":""425,000"",""外陸資賣出股數(不含外資自營商)"":""4,000"",""外陸資買賣超股數(不含外資自營商)"":""421,000"",""外資自營商買進股數"":""0"",""外資自營商賣出股數"":""0"",""外資自營商買賣超股數"":""0"",""投信買進股數"":""0"",""投信賣出股數"":""0"",""投信買賣超股數"":""0"",""自營商買賣超股數"":""-73,016"",""自營商買進股數(自行買賣)"":""0"",""自營商賣出股數(自行買賣)"":""0"",""自營商買賣超股數(自行買賣)"":""0"",""自營商買進股數(避險)"":""228,204"",""自營商賣出股數(避險)"":""301,220"",""自營商買賣超股數(避險)"":""-73,016"",""三大法人買賣超股數"":""347,984""}"
2026-10-01,TWSE,1229,聯華            ,1469167,365486,1103681,0,771500,-771500,5000,5000,15000,"{""證券代號"":""1229"",""證券名稱"":""聯華            "",""外陸資買進股數(不含外資自營商)"":""1,469,167"",""外陸資賣出股數(不含外資自營商)"":""365,486"",""外陸資買賣超股數(不含外資自營商)"":""1,103,681"",""外資自營商買進股數"":""0"",""外資自營商賣出股數"":""0"",""外資自營商買賣超股數"":""0"",""投信買進股數"":""0"",""投信賣出股數"":""771,500"",""投信買賣超股數"":""-771,500"",""自營商買賣超股數"":""15,000"",""自營商買進股數(自行買賣)"":""15,000"",""自營商賣出股數(自行買賣)"":""0"",""自營商買賣超股數(自行買賣)"":""15,000"",""自營商買進股數(避險)"":""5,000"",""自營商賣出股數(避險)"":""5,000"",""自營商買賣超股數(避險)"":""0"",""三大法人買賣超股數"":""347,181""}"
2026-10-01,TWSE,3605,宏致            ,4096036,4101922,-5886,309000,0,309000,162371,120281,39915,"{""證券代號"":""3605"",""證券名稱"":""宏致            "",""外陸資買進股數(不含外資自營商)"":""4,096,036"",""外陸資賣出股數(不含外資自營商)"":""4,101,922"",""外陸資買賣超股數(不含外資自營商)"":""-5,886"",""外資自營商買進股數"":""0"",""外資自營商賣出股數"":""0"",""外資自營商買賣超股數"":""0"",""投信買進股數"":""309,000"",""投信賣出股數"":""0"",""投信買賣超股數"":""309,000"",""自營商買賣超股數"":""39,915"",""自營商買進股數(自行買賣)"":""6,825"",""自營商賣出股數(自行買賣)"":""9,000"",""自營商買賣超股數(自行買賣)"":""-2,175"",""自營商買進股數(避險)"":""162,371"",""自營商賣出股數(避險)"":""120,281"",""自營商買賣超股數(避險)"":""42,090"",""三大法人買賣超股數"":""343,029""}"
2026-10-01,TWSE,2342,茂矽            ,1968342,1623000,345342,0,0,0,2048,6237,-3577,"{""證券代號"":""2342"",""證券名稱"":""茂矽            "",""外陸資買進股數(不含外資自營商)"":""1,968,342"",""外陸資賣出股數(不含外資自營商)"":""1,623,000"",""外陸資買賣超股數(不含外資自營商)"":""345,342"",""外資自營商買進股數"":""0"",""外資自營商賣出股數"":""0"",""外資自營商買賣超股數"":""0"",""投信買進股數"":""0"",""投信賣出股數"":""0"",""投信買賣超股數"":""0"",""自營商買賣超股數"":""-3,577"",""自營商買進股數(自行買賣)"":""2,000"",""自營商賣出股數(自行買賣)"":""1,388"",""自營商買賣超股數(自行買賣)"":""612"",""自營商買進股數(避險)"":""2,048"",""自營商賣出股數(避險)"":""6,237"",""自營商買賣超股數(避險)"":""-4,189"",""三大法人買賣超股數"":""341,765""}"
2026-10-01,TWSE,00664R,國泰臺灣加權反1 ,0,0,0,0,0,0,1408000,1076000,332000,"{""證券代號"":""00664R"",""證券名稱"":""國泰臺灣加權反1 "",""外陸資買進股數(不含外資自營商)"":""0"",""外陸資賣出股數(不含外資自營商)"":""0"",""外陸資買賣超股數(不含外資自營商)"":""0"",""外資自營商買進股數"":""0"",""外資自營商賣出股數"":""0"",""外資自營商買賣超股數"":""0"",""投信買進股數"":""0"",""投信賣出股數"":""0"",""投信買賣超股數"":""0"",""自營商買賣超股數"":""332,000"",""自營商買進股數(自行買賣)"":""0"",""自營商賣出股數(自行買賣)"":""0"",""自營商買賣超股數(自行買賣)"":""0"",""自營商買進股數(避險)"":""1,408,000"",""自營商賣出股數(避險)"":""1,076,000"",""自營商買賣超股數(避險)"":""332,000"",""三大法人買賣超股數"":""332,000""}"
2026-10-01,TWSE,3013,晟銘電          ,1418400,1292000,126400,0,0,0,257862,60197,203665,"{""證券代號"":""3013"",""證券名稱"":""晟銘電          "",""外陸資買進股數(不含外資自營商)"":""1,418,400"",""外陸資賣出股數(不含外資自營商)"":""1,292,000"",""外陸資買賣超股數(不含外資自營商)"":""126,400"",""外資自營商買進股數"":""0"",""外資自營商賣出股數"":""0"",""外資自營商買賣超股數"":""0"",""投信買進股數"":""0"",""投信賣出股數"":""0"",""投信買賣超股數"":""0"",""自營商買賣超股數"":""203,665"",""自營商買進股數(自行買賣)"":""27,000"",""自營商賣出股數(自行買賣)"":""21,000"",""自營商買賣超股數(自行買賣)"":""6,000"",""自營商買進股數(避險)"":""257,862"",""自營商賣出股數(避險)"":""60,197"",""自營商買賣超股數(避險)"":""197,665"",""三大法人買賣超股數"":""330,065""}"
2026-10-01,TWSE,6214,精誠            ,458054,136000,322054,0,0,0,566,1000,66,"{""證券代號"":""6214"",""證券名稱"":""精誠            "",""外陸資買進股數(不含外資自營商)"":""458,054"",""外陸資賣出股數(不含外資自營商)"":""136,000"",""外陸資買賣超股數(不含外資自營商)"":""322,054"",""外資自營商買進股數"":""0"",""外資自營商賣出股數"":""0"",""外資自營商買賣超股數"":""0"",""投信買進股數"":""0"",""投信賣出股數"":""0"",""投信買賣超股數"":""0"",""自營商買賣超股數"":""66"",""自營商買進股數(自行買賣)"":""500"",""自營商賣出股數(自行買賣)"":""0"",""自營商買賣超股數(自行買賣)"":""500"",""自營商買進股數(避險)"":""566"",""自營商賣出股數(避險)"":""1,000"",""自營商買賣超股數(避險)"":""-434"",""三大法人買賣超股數"":""322,120""}"
2026-10-01,TWSE,3437,榮創            ,585540,266000,319540,0,0,0,0,0,0,"{""證券代號"":""3437"",""證券名稱"":""榮創            "",""外陸資買進股數(不含外資自營商)"":""585,540"",""外陸資賣出股數(不含外資自營商)"":""266,000"",""外陸資買賣超股數(不含外資自營商)"":""319,540"",""外資自營商買進股數"":""0"",""外資自營商賣出股數"":""0"",""外資自營商買賣超股數"":""0"",""投信買進股數"":""0"",""投信賣出股數"":""0"",""投信買賣超股數"":""0"",""自營商買賣超股數"":""0"",""自營商買進股數(自行買賣)"":""0"",""自營商賣出股數(自行買賣)"":""0"",""自營商買賣超股數(自行買賣)"":""0"",""自營商買進股數(避險)"":""0"",""自營商賣出股數(避險)"":""0"",""自營商買賣超股數(避險)"":""0"",""三大法人買賣超股數"":""319,540""}"
2026-10-01,TWSE,00670L,富邦NASDAQ正2   ,44000,16000,28000,0,0,0,344048,54117,289931,"{""證券代號"":""00670L"",""證券名稱"":""富邦NASDAQ正2   "",""外陸資買進股數(不含外資自營商)"":""44,000"",""外陸資賣出股數(不含外資自營商)"":""16,000"",""外陸資買賣超股數(不含外資自營商)"":""28,000"",""外資自營商買進股數"":""0"",""外資自營商賣出股數"":""0"",""外資自營商買賣超股數"":""0"",""投信買進股數"":""0"",""投信賣出股數"":""0"",""投信買賣超股數"":""0"",""自營商買賣超股數"":""289,931"",""自營商買進股數(自行買賣)"":""0"",""自營商賣出股數(自行買賣)"":""0"",""自營商買賣超股數(自行買賣)"":""0"",""自營商買進股數(避險)"":""344,048"",""自營商賣出股數(避險)"":""54,117"",""自營商買賣超股數(避險)"":""289,931"",""三大法人買賣超股數"":""317,931""}"
2026-10-01,TWSE,3005,神基            ,526740,268827,257913,7239,6000,1239,52565,7000,58565,"{""證券代號"":""3005"",""證券名稱"":""神基            "",""外陸資買進股數(不含外資自營商)"":""526,740"",""外陸資賣出股數(不含外資自營商)"":""268,827"",""外陸資買賣超股數(不含外資自營商)"":""257,913"",""外資自營商買進股數"":""0"",""外資自營商賣出股數"":""0"",""外資自營商買賣超股數"":""0"",""投信買進股數"":""7,239"",""投信賣出股數"":""6,000"",""投信買賣超股數"":""1,239"",""自營商買賣超股數"":""58,565"",""自營商買進股數(自行買賣)"":""13,000"",""自營商賣出股數(自行買賣)"":""0"",""自營商買賣超股數(自行買賣)"":""13,000"",""自營商買進股數(避險)"":""52,565"",""自營商賣出股數(避險)"":""7,000"",""自營商買賣超股數(避險)"":""45,565"",""三大法人買賣超股數"":""317,717""}"
2026-10-01,TWSE,1313,聯成            ,2005299,1679766,325533,0,0,0,517,29456,-8939,"{""證券代號"":""1313"",""證券名稱"":""聯成            "",""外陸資買進股數(不含外資自營商)"":""2,005,299"",""外陸資賣出股數(不含外資自營商)"":""1,679,766"",""外陸資買賣超股數(不含外資自營商)"":""325,533"",""外資自營商買進股數"":""0"",""外資自營商賣出股數"":""0"",""外資自營商買賣超股數"":""0"",""投信買進股數"":""0"",""投信賣出股數"":""0"",""投信買賣超股數"":""0"",""自營商買賣超股數"":""-8,939"",""自營商買進股數(自行買賣)"":""20,000"",""自營商賣出股數(自行買賣)"":""0"",""自營商買賣超股數(自行買賣)"":""20,000"",""自營商買進股數(避險)"":""517"",""自營商賣出股數(避險)"":""29,456"",""自營商買賣超股數(避險)"":""-28,939"",""三大法人買賣超股數"":""316,594""}"
2026-10-01,TWSE,6141,柏承            ,538181,222000,316181,0,0,0,0,0,0,"{""證券代號"":""6141"",""證券名稱"":""柏承            "",""外陸資買進股數(不含外資自營商)"":""538,181"",""外陸資賣出股數(不含外資自營商)"":""222,000"",""外陸資買賣超股數(不含外資自營商)"":""316,181"",""外資自營商買進股數"":""0"",""外資自營商賣出股數"":""0"",""外資自營商買賣超股數"":""0"",""投信買進股數"":""0"",""投信賣出股數"":""0"",""投信買賣超股數"":""0"",""自營商買賣超股數"":""0"",""自營商買進股數(自行買賣)"":""0"",""自營商賣出股數(自行買賣)"":""0"",""自營商買賣超股數(自行買賣)"":""0"",""自營商買進股數(避險)"":""0"",""自營商賣出股數(避險)"":""0"",""自營商買賣超股數(避險)"":""0"",""三大法人買賣超股數"":""316,181""}"
2026-10-01,TWSE,4912,聯德控股-KY     ,566280,254100,312180,0,0,0,0,0,34,"{""證券代號"":""4912"",""證券名稱"":""聯德控股-KY     "",""外陸資買進股數(不含外資自營商)"":""566,280"",""外陸資賣出股數(不含外資自營商)"":""254,100"",""外陸資買賣超股數(不含外資自營商)"":""312,180"",""外資自營商買進股數"":""0"",""外資自營商賣出股數"":""0"",""外資自營商買賣超股數"":""0"",""投信買進股數"":""0"",""投信賣出股數"":""0"",""投信買賣超股數"":""0"",""自營商買賣超股數"":""34"",""自營商買進股數(自行買賣)"":""34"",""自營商賣出股數(自行買賣)"":""0"",""自營商買賣超股數(自行買賣)"":""34"",""自營商買進股數(避險)"":""0"",""自營商賣出股數(避險)"":""0"",""自營商買賣超股數(避險)"":""0"",""三大法人買賣超股數"":""312,214""}"
2026-10-01,TWSE,00663L,國泰臺灣加權正2 ,14000,45000,-31000,0,0,0,1309377,968931,340446,"{""證券代號"":""00663L"",""證券名稱"":""國泰臺灣加權正2 "",""外陸資買進股數(不含外資自營商)"":""14,000"",""外陸資賣出股數(不含外資自營商)"":""45,000"",""外陸資買賣超股數(不含外資自營商)"":""-31,000"",""外資自營商買進股數"":""0"",""外資自營商賣出股數"":""0"",""外資自營商買賣超股數"":""0"",""投信買進股數"":""0"",""投信賣出股數"":""0"",""投信買賣超股數"":""0"",""自營商買賣超股數"":""340,446"",""自營商買進股數(自行買賣)"":""0"",""自營商賣出股數(自行買賣)"":""0"",""自營商買賣超股數(自行買賣)"":""0"",""自營商買進股數(避險)"":""1,309,377"",""自營商賣出股數(避險)"":""968,931"",""自營商買賣超股數(避險)"":""340,446"",""三大法人買賣超股數"":""309,446""}"
2026-10-01,TWSE,2458,義隆            ,478372,438213,40159,250000,0,250000,14000,9783,18217,"{""證券代號"":""2458"",""證券名稱"":""義隆            "",""外陸資買進股數(不含外資自營商)"":""478,372"",""外陸資賣出股數(不含外資自營商)"":""438,213"",""外陸資買賣超股數(不含外資自營商)"":""40,159"",""外資自營商買進股數"":""0"",""外資自營商賣出股數"":""0"",""外資自營商買賣超股數"":""0"",""投信買進股數"":""250,000"",""投信賣出股數"":""0"",""投信買賣超股數"":""250,000"",""自營商買賣超股數"":""18,217"",""自營商買進股數(自行買賣)"":""55,000"",""自營商賣出股數(自行買賣)"":""41,000"",""自營商買賣超股數(自行買賣)"":""14,000"",""自營商買進股數(避險)"":""14,000"",""自營商賣出股數(避險)"":""9,783"",""自營商買賣超股數(避險)"":""4,217"",""三大法人買賣超股數"":""308,376""}"
2026-10-01,TWSE,3022,威強電          ,439999,140000,299999,0,0,0,1362,2000,6362,"{""證券代號"":""3022"",""證券名稱"":""威強電          "",""外陸資買進股數(不含外資自營商)"":""439,999"",""外陸資賣出股數(不含外資自營商)"":""140,000"",""外陸資買賣超股數(不含外資自營商)"":""299,999"",""外資自營商買進股數"":""0"",""外資自營商賣出股數"":""0"",""外資自營商買賣超股數"":""0"",""投信買進股數"":""0"",""投信賣出股數"":""0"",""投信買賣超股數"":""0"",""自營商買賣超股數"":""6,362"",""自營商買進股數(自行買賣)"":""7,000"",""自營商賣出股數(自行買賣)"":""0"",""自營商買賣超股數(自行買賣)"":""7,000"",""自營商買進股數(避險)"":""1,362"",""自營商賣出股數(避險)"":""2,000"",""自營商買賣超股數(避險)"":""-638"",""三大法人買賣超股數"":""306,361""}"
2026-10-01,TWSE,2753,八方雲集        ,321640,17000,304640,617,0,617,520,0,520,"{""證券代號"":""2753"",""證券名稱"":""八方雲集        "",""外陸資買進股數(不含外資自營商)"":""321,640"",""外陸資賣出股數(不含外資自營商)"":""17,000"",""外陸資買賣超股數(不含外資自營商)"":""304,640"",""外資自營商買進股數"":""0"",""外資自營商賣出股數"":""0"",""外資自營商買賣超股數"":""0"",""投信買進股數"":""617"",""投信賣出股數"":""0"",""投信買賣超股數"":""617"",""自營商買賣超股數"":""520"",""自營商買進股數(自行買賣)"":""0"",""自營商賣出股數(自行買賣)"":""0"",""自營商買賣超股數(自行買賣)"":""0"",""自營商買進股數(避險)"":""520"",""自營商賣出股數(避險)"":""0"",""自營商買賣超股數(避險)"":""520"",""三大法人買賣超股數"":""305,777""}"
2026-10-01,TWSE,3591,艾笛森          ,580385,297649,282736,5,0,5,0,0,15000,"{""證券代號"":""3591"",""證券名稱"":""艾笛森          "",""外陸資買進股數(不含外資自營商)"":""580,385"",""外陸資賣出股數(不含外資自營商)"":""297,649"",""外陸資買賣超股數(不含外資自營商)"":""282,736"",""外資自營商買進股數"":""0"",""外資自營商賣出股數"":""0"",""外資自營商買賣超股數"":""0"",""投信買進股數"":""5"",""投信賣出股數"":""0"",""投信買賣超股數"":""5"",""自營商買賣超股數"":""15,000"",""自營商買進股數(自行買賣)"":""15,000"",""自營商賣出股數(自行買賣)"":""0"",""自營商買賣超股數(自行買賣)"":""15,000"",""自營商買進股數(避險)"":""0"",""自營商賣出股數(避險)"":""0"",""自營商買賣超股數(避險)"":""0"",""三大法人買賣超股數"":""297,741""}"
2026-10-01,TWSE,6695,芯鼎            ,381294,85000,296294,0,0,0,0,0,0,"{""證券代號"":""6695"",""證券名稱"":""芯鼎            "",""外陸資買進股數(不含外資自營商)"":""381,294"",""外陸資賣出股數(不含外資自營商)"":""85,000"",""外陸資買賣超股數(不含外資自營商)"":""296,294"",""外資自營商買進股數"":""0"",""外資自營商賣出股數"":""0"",""外資自營商買賣超股數"":""0"",""投信買進股數"":""0"",""投信賣出股數"":""0"",""投信買賣超股數"":""0"",""自營商買賣超股數"":""0"",""自營商買進股數(自行買賣)"":""0"",""自營商賣出股數(自行買賣)"":""0"",""自營商買賣超股數(自行買賣)"":""0"",""自營商買進股數(避險)"":""0"",""自營商賣出股數(避險)"":""0"",""自營商買賣超股數(避險)"":""0"",""三大法人買賣超股數"":""296,294""}"
2026-10-01,TWSE,1597,直得            ,1172677,909624,263053,0,0,0,70774,57749,33025,"{""證券代號"":""1597"",""證券名稱"":""直得            "",""外陸資買進股數(不含外資自營商)"":""1,172,677"",""外陸資賣出股數(不含外資自營商)"":""909,624"",""外陸資買賣超股數(不含外資自營商)"":""263,053"",""外資自營商買進股數"":""0"",""外資自營商賣出股數"":""0"",""外資自營商買賣超股數"":""0"",""投信買進股數"":""0"",""投信賣出股數"":""0"",""投信買賣超股數"":""0"",""自營商買賣超股數"":""33,025"",""自營商買進股數(自行買賣)"":""20,000"",""自營商賣出股數(自行買賣)"":""0"",""自營商買賣超股數(自行買賣)"":""20,000"",""自營商買進股數(避險)"":""70,774"",""自營商賣出股數(避險)"":""57,749"",""自營商買賣超股數(避險)"":""13,025"",""三大法人買賣超股數"":""296,078""}"
2026-10-01,TWSE,6994,富威電力        ,439000,156597,282403,0,0,0,0,137,1872,"{""證券代號"":""6994"",""證券名稱"":""富威電力        "",""外陸資買進股數(不含外資自營商)"":""439,000"",""外陸資賣出股數(不含外資自營商)"":""156,597"",""外陸資買賣超股數(不含外資自營商)"":""282,403"",""外資自營商買進股數"":""0"",""外資自營商賣出股數"":""0"",""外資自營商買賣超股數"":""0"",""投信買進股數"":""0"",""投信賣出股數"":""0"",""投信買賣超股數"":""0"",""自營商買賣超股數"":""1,872"",""自營商買進股數(自行買賣)"":""2,009"",""自營商賣出股數(自行買賣)"":""0"",""自營商買賣超股數(自行買賣)"":""2,009"",""自營商買進股數(避險)"":""0"",""自營商賣出股數(避險)"":""137"",""自營商買賣超股數(避險)"":""-137"",""三大法人買賣超股數"":""284,275""}"
2026-10-01,TWSE,2912,統一超          ,1169697,890082,279615,142000,151000,-9000,1000,0,1000,"{""證券代號"":""2912"",""證券名稱"":""統一超          "",""外陸資買進股數(不含外資自營商)"":""1,169,697"",""外陸資賣出股數(不含外資自營商)"":""890,082"",""外陸資買賣超股數(不含外資自營商)"":""279,615"",""外資自營商買進股數"":""0"",""外資自營商賣出股數"":""0"",""外資自營商買賣超股數"":""0"",""投信買進股數"":""142,000"",""投信賣出股數"":""151,000"",""投信買賣超股數"":""-9,000"",""自營商買賣超股數"":""1,000"",""自營商買進股數(自行買賣)"":""0"",""自營商賣出股數(自行買賣)"":""0"",""自營商買賣超股數(自行買賣)"":""0"",""自營商買進股數(避險)"":""1,000"",""自營商賣出股數(避險)"":""0"",""自營商買賣超股數(避險)"":""1,000"",""三大法人買賣超股數"":""271,615""}"
2026-10-01,TWSE,6691,洋基工程        ,751159,549465,201694,68000,0,68000,33863,45284,-10071,"{""證券代號"":""6691"",""證券名稱"":""洋基工程        "",""外陸資買進股數(不含外資自營商)"":""751,159"",""外陸資賣出股數(不含外資自營商)"":""549,465"",""外陸資買賣超股數(不含外資自營商)"":""201,694"",""外資自營商買進股數"":""0"",""外資自營商賣出股數"":""0"",""外資自營商買賣超股數"":""0"",""投信買進股數"":""68,000"",""投信賣出股數"":""0"",""投信買賣超股數"":""68,000"",""自營商買賣超股數"":""-10,071"",""自營商買進股數(自行買賣)"":""7,350"",""自營商賣出股數(自行買賣)"":""6,000"",""自營商買賣超股數(自行買賣)"":""1,350"",""自營商買進股數(避險)"":""33,863"",""自營商賣出股數(避險)"":""45,284"",""自營商買賣超股數(避險)"":""-11,421"",""三大法人買賣超股數"":""259,623""}"
2026-10-01,TWSE,00983D,主動富邦複合收益,52000,0,52000,0,0,0,381292,188642,192650,"{""證券代號"":""00983D"",""證券名稱"":""主動富邦複合收益"",""外陸資買進股數(不含外資自營商)"":""52,000"",""外陸資賣出股數(不含外資自營商)"":""0"",""外陸資買賣超股數(不含外資自營商)"":""52,000"",""外資自營商買進股數"":""0"",""外資自營商賣出股數"":""0"",""外資自營商買賣超股數"":""0"",""投信買進股數"":""0"",""投信賣出股數"":""0"",""投信買賣超股數"":""0"",""自營商買賣超股數"":""192,650"",""自營商買進股數(自行買賣)"":""0"",""自營商賣出股數(自行買賣)"":""0"",""自營商買賣超股數(自行買賣)"":""0"",""自營商買進股數(避險)"":""381,292"",""自營商賣出股數(避險)"":""188,642"",""自營商買賣超股數(避險)"":""192,650"",""三大法人買賣超股數"":""244,650""}"
2026-10-01,TWSE,5285,界霖            ,476000,240560,235440,0,0,0,8278,6748,1530,"{""證券代號"":""5285"",""證券名稱"":""界霖            "",""外陸資買進股數(不含外資自營商)"":""476,000"",""外陸資賣出股數(不含外資自營商)"":""240,560"",""外陸資買賣超股數(不含外資自營商)"":""235,440"",""外資自營商買進股數"":""0"",""外資自營商賣出股數"":""0"",""外資自營商買賣超股數"":""0"",""投信買進股數"":""0"",""投信賣出股數"":""0"",""投信買賣超股數"":""0"",""自營商買賣超股數"":""1,530"",""自營商買進股數(自行買賣)"":""0"",""自營商賣出股數(自行買賣)"":""0"",""自營商買賣超股數(自行買賣)"":""0"",""自營商買進股數(避險)"":""8,278"",""自營商賣出股數(避險)"":""6,748"",""自營商買賣超股數(避險)"":""1,530"",""三大法人買賣超股數"":""236,970""}"
2026-10-01,TWSE,2258,鴻華先進-創     ,283035,48000,235035,0,0,0,9010,3000,10,"{""證券代號"":""2258"",""證券名稱"":""鴻華先進-創     "",""外陸資買進股數(不含外資自營商)"":""283,035"",""外陸資賣出股數(不含外資自營商)"":""48,000"",""外陸資買賣超股數(不含外資自營商)"":""235,035"",""外資自營商買進股數"":""0"",""外資自營商賣出股數"":""0"",""外資自營商買賣超股數"":""0"",""投信買進股數"":""0"",""投信賣出股數"":""0"",""投信買賣超股數"":""0"",""自營商買賣超股數"":""10"",""自營商買進股數(自行買賣)"":""0"",""自營商賣出股數(自行買賣)"":""6,000"",""自營商買賣超股數(自行買賣)"":""-6,000"",""自營商買進股數(避險)"":""9,010"",""自營商賣出股數(避險)"":""3,000"",""自營商買賣超股數(避險)"":""6,010"",""三大法人買賣超股數"":""235,045""}"
2026-10-01,TWSE,3030,德律            ,569286,464040,105246,0,0,0,140725,17661,123065,"{""證券代號"":""3030"",""證券名稱"":""德律            "",""外陸資買進股數(不含外資自營商)"":""569,286"",""外陸資賣出股數(不含外資自營商)"":""464,040"",""外陸資買賣超股數(不含外資自營商)"":""105,246"",""外資自營商買進股數"":""0"",""外資自營商賣出股數"":""0"",""外資自營商買賣超股數"":""0"",""投信買進股數"":""0"",""投信賣出股數"":""0"",""投信買賣超股數"":""0"",""自營商買賣超股數"":""123,065"",""自營商買進股數(自行買賣)"":""1"",""自營商賣出股數(自行買賣)"":""0"",""自營商買賣超股數(自行買賣)"":""1"",""自營商買進股數(避險)"":""140,725"",""自營商賣出股數(避險)"":""17,661"",""自營商買賣超股數(避險)"":""123,064"",""三大法人買賣超股數"":""228,311""}"
2026-10-01,TWSE,4915,致伸            ,731319,1076990,-345671,605000,0,605000,22205,5621,-32212,"{""證券代號"":""4915"",""證券名稱"":""致伸            "",""外陸資買進股數(不含外資自營商)"":""731,319"",""外陸資賣出股數(不含外資自營商)"":""1,076,990"",""外陸資買賣超股數(不含外資自營商)"":""-345,671"",""外資自營商買進股數"":""0"",""外資自營商賣出股數"":""0"",""外資自營商買賣超股數"":""0"",""投信買進股數"":""605,000"",""投信賣出股數"":""0"",""投信買賣超股數"":""605,000"",""自營商買賣超股數"":""-32,212"",""自營商買進股數(自行買賣)"":""72,000"",""自營商賣出股數(自行買賣)"":""120,796"",""自營商買賣超股數(自行買賣)"":""-48,796"",""自營商買進股數(避險)"":""22,205"",""自營商賣出股數(避險)"":""5,621"",""自營商買賣超股數(避險)"":""16,584"",""三大法人買賣超股數"":""227,117""}"
2026-10-01,TWSE,2615,萬海            ,1968335,1721870,246465,189000,0,189000,18624,153633,-208423,"{""證券代號"":""2615"",""證券名稱"":""萬海            "",""外陸資買進股數(不含外資自營商)"":""1,968,335"",""外陸資賣出股數(不含外資自營商)"":""1,721,870"",""外陸資買賣超股數(不含外資自營商)"":""246,465"",""外資自營商買進股數"":""0"",""外資自營商賣出股數"":""0"",""外資自營商買賣超股數"":""0"",""投信買進股數"":""189,000"",""投信賣出股數"":""0"",""投信買賣超股數"":""189,000"",""自營商買賣超股數"":""-208,423"",""自營商買進股數(自行買賣)"":""32,586"",""自營商賣出股數(自行買賣)"":""106,000"",""自營商買賣超股數(自行買賣)"":""-73,414"",""自營商買進股數(避險)"":""18,624"",""自營商賣出股數(避險)"":""153,633"",""自營商買賣超股數(避險)"":""-135,009"",""三大法人買賣超股數"":""227,042""}"
2026-10-01,TWSE,3023,信邦            ,428284,196869,231415,1000,27000,-26000,22720,784,20242,"{""證券代號"":""3023"",""證券名稱"":""信邦            "",""外陸資買進股數(不含外資自營商)"":""428,284"",""外陸資賣出股數(不含外資自營商)"":""196,869"",""外陸資買賣超股數(不含外資自營商)"":""231,415"",""外資自營商買進股數"":""0"",""外資自營商賣出股數"":""0"",""外資自營商買賣超股數"":""0"",""投信買進股數"":""1,000"",""投信賣出股數"":""27,000"",""投信買賣超股數"":""-26,000"",""自營商買賣超股數"":""20,242"",""自營商買進股數(自行買賣)"":""2,000"",""自營商賣出股數(自行買賣)"":""3,694"",""自營商買賣超股數(自行買賣)"":""-1,694"",""自營商買進股數(避險)"":""22,720"",""自營商賣出股數(避險)"":""784"",""自營商買賣超股數(避險)"":""21,936"",""三大法人買賣超股數"":""225,657""}"
2026-10-01,TWSE,2331,精英            ,353000,149993,203007,0,0,0,0,3000,21000,"{""證券代號"":""2331"",""證券名稱"":""精英            "",""外陸資買進股數(不含外資自營商)"":""353,000"",""外陸資賣出股數(不含外資自營商)"":""149,993"",""外陸資買賣超股數(不含外資自營商)"":""203,007"",""外資自營商買進股數"":""0"",""外資自營商賣出股數"":""0"",""外資自營商買賣超股數"":""0"",""投信買進股數"":""0"",""投信賣出股數"":""0"",""投信買賣超股數"":""0"",""自營商買賣超股數"":""21,000"",""自營商買進股數(自行買賣)"":""24,000"",""自營商賣出股數(自行買賣)"":""0"",""自營商買賣超股數(自行買賣)"":""24,000"",""自營商買進股數(避險)"":""0"",""自營商賣出股數(避險)"":""3,000"",""自營商買賣超股數(避險)"":""-3,000"",""三大法人買賣超股數"":""224,007""}"
2026-10-01,TWSE,00404A,主動聯博動能50  ,446000,1447000,-1001000,0,0,0,2300000,1075655,1224345,"{""證券代號"":""00404A"",""證券名稱"":""主動聯博動能50  "",""外陸資買進股數(不含外資自營商)"":""446,000"",""外陸資賣出股數(不含外資自營商)"":""1,447,000"",""外陸資買賣超股數(不含外資自營商)"":""-1,001,000"",""外資自營商買進股數"":""0"",""外資自營商賣出股數"":""0"",""外資自營商買賣超股數"":""0"",""投信買進股數"":""0"",""投信賣出股數"":""0"",""投信買賣超股數"":""0"",""自營商買賣超股數"":""1,224,345"",""自營商買進股數(自行買賣)"":""0"",""自營商賣出股數(自行買賣)"":""0"",""自營商買賣超股數(自行買賣)"":""0"",""自營商買進股數(避險)"":""2,300,000"",""自營商賣出股數(避險)"":""1,075,655"",""自營商買賣超股數(避險)"":""1,224,345"",""三大法人買賣超股數"":""223,345""}"
2026-10-01,TWSE,6944,兆聯實業        ,299514,98010,201504,0,0,0,39347,20099,18348,"{""證券代號"":""6944"",""證券名稱"":""兆聯實業        "",""外陸資買進股數(不含外資自營商)"":""299,514"",""外陸資賣出股數(不含外資自營商)"":""98,010"",""外陸資買賣超股數(不含外資自營商)"":""201,504"",""外資自營商買進股數"":""0"",""外資自營商賣出股數"":""0"",""外資自營商買賣超股數"":""0"",""投信買進股數"":""0"",""投信賣出股數"":""0"",""投信買賣超股數"":""0"",""自營商買賣超股數"":""18,348"",""自營商買進股數(自行買賣)"":""0"",""自營商賣出股數(自行買賣)"":""900"",""自營商買賣超股數(自行買賣)"":""-900"",""自營商買進股數(避險)"":""39,347"",""自營商賣出股數(避險)"":""20,099"",""自營商買賣超股數(避險)"":""19,248"",""三大法人買賣超股數"":""219,852""}"
2026-10-01,TWSE,2428,興勤            ,565755,366300,199455,0,0,0,20116,0,19981,"{""證券代號"":""2428"",""證券名稱"":""興勤            "",""外陸資買進股數(不含外資自營商)"":""565,755"",""外陸資賣出股數(不含外資自營商)"":""366,300"",""外陸資買賣超股數(不含外資自營商)"":""199,455"",""外資自營商買進股數"":""0"",""外資自營商賣出股數"":""0"",""外資自營商買賣超股數"":""0"",""投信買進股數"":""0"",""投信賣出股數"":""0"",""投信買賣超股數"":""0"",""自營商買賣超股數"":""19,981"",""自營商買進股數(自行買賣)"":""0"",""自營商賣出股數(自行買賣)"":""135"",""自營商買賣超股數(自行買賣)"":""-135"",""自營商買進股數(避險)"":""20,116"",""自營商賣出股數(避險)"":""0"",""自營商買賣超股數(避險)"":""20,116"",""三大法人買賣超股數"":""219,436""}"
2026-10-01,TWSE,00633L,富邦上証正2     ,9000,42000,-33000,0,0,0,415968,170942,245026,"{""證券代號"":""00633L"",""證券名稱"":""富邦上証正2     "",""外陸資買進股數(不含外資自營商)"":""9,000"",""外陸資賣出股數(不含外資自營商)"":""42,000"",""外陸資買賣超股數(不含外資自營商)"":""-33,000"",""外資自營商買進股數"":""0"",""外資自營商賣出股數"":""0"",""外資自營商買賣超股數"":""0"",""投信買進股數"":""0"",""投信賣出股數"":""0"",""投信買賣超股數"":""0"",""自營商買賣超股數"":""245,026"",""自營商買進股數(自行買賣)"":""0"",""自營商賣出股數(自行買賣)"":""0"",""自營商買賣超股數(自行買賣)"":""0"",""自營商買進股數(避險)"":""415,968"",""自營商賣出股數(避險)"":""170,942"",""自營商買賣超股數(避險)"":""245,026"",""三大法人買賣超股數"":""212,026""}"
2026-10-01,TWSE,6205,詮欣            ,447203,236000,211203,0,0,0,1000,1195,805,"{""證券代號"":""6205"",""證券名稱"":""詮欣            "",""外陸資買進股數(不含外資自營商)"":""447,203"",""外陸資賣出股數(不含外資自營商)"":""236,000"",""外陸資買賣超股數(不含外資自營商)"":""211,203"",""外資自營商買進股數"":""0"",""外資自營商賣出股數"":""0"",""外資自營商買賣超股數"":""0"",""投信買進股數"":""0"",""投信賣出股數"":""0"",""投信買賣超股數"":""0"",""自營商買賣超股數"":""805"",""自營商買進股數(自行買賣)"":""1,000"",""自營商賣出股數(自行買賣)"":""0"",""自營商買賣超股數(自行買賣)"":""1,000"",""自營商買進股數(避險)"":""1,000"",""自營商賣出股數(避險)"":""1,195"",""自營商買賣超股數(避險)"":""-195"",""三大法人買賣超股數"":""212,008""}"
2026-10-01,TWSE,2476,鉅祥            ,174561,197917,-23356,0,0,0,265000,30199,234801,"{""證券代號"":""2476"",""證券名稱"":""鉅祥            "",""外陸資買進股數(不含外資自營商)"":""174,561"",""外陸資賣出股數(不含外資自營商)"":""197,917"",""外陸資買賣超股數(不含外資自營商)"":""-23,356"",""外資自營商買進股數"":""0"",""外資自營商賣出股數"":""0"",""外資自營商買賣超股數"":""0"",""投信買進股數"":""0"",""投信賣出股數"":""0"",""投信買賣超股數"":""0"",""自營商買賣超股數"":""234,801"",""自營商買進股數(自行買賣)"":""2,000"",""自營商賣出股數(自行買賣)"":""2,000"",""自營商買賣超股數(自行買賣)"":""0"",""自營商買進股數(避險)"":""265,000"",""自營商賣出股數(避險)"":""30,199"",""自營商買賣超股數(避險)"":""234,801"",""三大法人買賣超股數"":""211,445""}"
2026-10-01,TWSE,8215,明基材          ,740371,527000,213371,0,0,0,80,2302,-2222,"{""證券代號"":""8215"",""證券名稱"":""明基材          "",""外陸資買進股數(不含外資自營商)"":""740,371"",""外陸資賣出股數(不含外資自營商)"":""527,000"",""外陸資買賣超股數(不含外資自營商)"":""213,371"",""外資自營商買進股數"":""0"",""外資自營商賣出股數"":""0"",""外資自營商買賣超股數"":""0"",""投信買進股數"":""0"",""投信賣出股數"":""0"",""投信買賣超股數"":""0"",""自營商買賣超股數"":""-2,222"",""自營商買進股數(自行買賣)"":""0"",""自營商賣出股數(自行買賣)"":""0"",""自營商買賣超股數(自行買賣)"":""0"",""自營商買進股數(避險)"":""80"",""自營商賣出股數(避險)"":""2,302"",""自營商買賣超股數(避險)"":""-2,222"",""三大法人買賣超股數"":""211,149""}"
2026-10-01,TWSE,6152,百一            ,319075,114080,204995,12,0,12,0,0,2000,"{""證券代號"":""6152"",""證券名稱"":""百一            "",""外陸資買進股數(不含外資自營商)"":""319,075"",""外陸資賣出股數(不含外資自營商)"":""114,080"",""外陸資買賣超股數(不含外資自營商)"":""204,995"",""外資自營商買進股數"":""0"",""外資自營商賣出股數"":""0"",""外資自營商買賣超股數"":""0"",""投信買進股數"":""12"",""投信賣出股數"":""0"",""投信買賣超股數"":""12"",""自營商買賣超股數"":""2,000"",""自營商買進股數(自行買賣)"":""2,000"",""自營商賣出股數(自行買賣)"":""0"",""自營商買賣超股數(自行買賣)"":""2,000"",""自營商買進股數(避險)"":""0"",""自營商賣出股數(避險)"":""0"",""自營商買賣超股數(避險)"":""0"",""三大法人買賣超股數"":""207,007""}"
2026-10-01,TWSE,3543,州巧            ,801821,665000,136821,0,0,0,70000,0,70000,"{""證券代號"":""3543"",""證券名稱"":""州巧            "",""外陸資買進股數(不含外資自營商)"":""801,821"",""外陸資賣出股數(不含外資自營商)"":""665,000"",""外陸資買賣超股數(不含外資自營商)"":""136,821"",""外資自營商買進股數"":""0"",""外資自營商賣出股數"":""0"",""外資自營商買賣超股數"":""0"",""投信買進股數"":""0"",""投信賣出股數"":""0"",""投信買賣超股數"":""0"",""自營商買賣超股數"":""70,000"",""自營商買進股數(自行買賣)"":""0"",""自營商賣出股數(自行買賣)"":""0"",""自營商買賣超股數(自行買賣)"":""0"",""自營商買進股數(避險)"":""70,000"",""自營商賣出股數(避險)"":""0"",""自營商買賣超股數(避險)"":""70,000"",""三大法人買賣超股數"":""206,821""}"
2026-10-01,TWSE,3029,零壹            ,449865,266000,183865,0,0,0,0,6000,15958,"{""證券代號"":""3029"",""證券名稱"":""零壹            "",""外陸資買進股數(不含外資自營商)"":""449,865"",""外陸資賣出股數(不含外資自營商)"":""266,000"",""外陸資買賣超股數(不含外資自營商)"":""183,865"",""外資自營商買進股數"":""0"",""外資自營商賣出股數"":""0"",""外資自營商買賣超股數"":""0"",""投信買進股數"":""0"",""投信賣出股數"":""0"",""投信買賣超股數"":""0"",""自營商買賣超股數"":""15,958"",""自營商買進股數(自行買賣)"":""23,000"",""自營商賣出股數(自行買賣)"":""1,042"",""自營商買賣超股數(自行買賣)"":""21,958"",""自營商買進股數(避險)"":""0"",""自營商賣出股數(避險)"":""6,000"",""自營商買賣超股數(避險)"":""-6,000"",""三大法人買賣超股數"":""199,823""}"
2026-10-01,TWSE,2474,可成            ,527635,302047,225588,9000,26000,-17000,36600,4100,-11500,"{""證券代號"":""2474"",""證券名稱"":""可成            "",""外陸資買進股數(不含外資自營商)"":""527,635"",""外陸資賣出股數(不含外資自營商)"":""302,047"",""外陸資買賣超股數(不含外資自營商)"":""225,588"",""外資自營商買進股數"":""0"",""外資自營商賣出股數"":""0"",""外資自營商買賣超股數"":""0"",""投信買進股數"":""9,000"",""投信賣出股數"":""26,000"",""投信買賣超股數"":""-17,000"",""自營商買賣超股數"":""-11,500"",""自營商買進股數(自行買賣)"":""61,000"",""自營商賣出股數(自行買賣)"":""105,000"",""自營商買賣超股數(自行買賣)"":""-44,000"",""自營商買進股數(避險)"":""36,600"",""自營商賣出股數(避險)"":""4,100"",""自營商買賣超股數(避險)"":""32,500"",""三大法人買賣超股數"":""197,088""}"
2026-10-01,TWSE,2328,廣宇            ,499742,288568,211174,0,0,0,3111,1000,-15889,"{""證券代號"":""2328"",""證券名稱"":""廣宇            "",""外陸資買進股數(不含外資自營商)"":""499,742"",""外陸資賣出股數(不含外資自營商)"":""288,568"",""外陸資買賣超股數(不含外資自營商)"":""211,174"",""外資自營商買進股數"":""0"",""外資自營商賣出股數"":""0"",""外資自營商買賣超股數"":""0"",""投信買進股數"":""0"",""投信賣出股數"":""0"",""投信買賣超股數"":""0"",""自營商買賣超股數"":""-15,889"",""自營商買進股數(自行買賣)"":""19,000"",""自營商賣出股數(自行買賣)"":""37,000"",""自營商買賣超股數(自行買賣)"":""-18,000"",""自營商買進股數(避險)"":""3,111"",""自營商賣出股數(避險)"":""1,000"",""自營商買賣超股數(避險)"":""2,111"",""三大法人買賣超股數"":""195,285""}"
2026-10-01,TWSE,2206,三陽工業        ,257346,68963,188383,0,0,0,0,0,4001,"{""證券代號"":""2206"",""證券名稱"":""三陽工業        "",""外陸資買進股數(不含外資自營商)"":""257,346"",""外陸資賣出股數(不含外資自營商)"":""68,963"",""外陸資買賣超股數(不含外資自營商)"":""188,383"",""外資自營商買進股數"":""0"",""外資自營商賣出股數"":""0"",""外資自營商買賣超股數"":""0"",""投信買進股數"":""0"",""投信賣出股數"":""0"",""投信買賣超股數"":""0"",""自營商買賣超股數"":""4,001"",""自營商買進股數(自行買賣)"":""4,001"",""自營商賣出股數(自行買賣)"":""0"",""自營商買賣超股數(自行買賣)"":""4,001"",""自營商買進股數(避險)"":""0"",""自營商賣出股數(避險)"":""0"",""自營商買賣超股數(避險)"":""0"",""三大法人買賣超股數"":""192,384""}"
2026-10-01,TWSE,1504,東元            ,888504,748000,140504,10000,0,10000,37000,9000,41000,"{""證券代號"":""1504"",""證券名稱"":""東元            "",""外陸資買進股數(不含外資自營商)"":""888,504"",""外陸資賣出股數(不含外資自營商)"":""748,000"",""外陸資買賣超股數(不含外資自營商)"":""140,504"",""外資自營商買進股數"":""0"",""外資自營商賣出股數"":""0"",""外資自營商買賣超股數"":""0"",""投信買進股數"":""10,000"",""投信賣出股數"":""0"",""投信買賣超股數"":""10,000"",""自營商買賣超股數"":""41,000"",""自營商買進股數(自行買賣)"":""13,000"",""自營商賣出股數(自行買賣)"":""0"",""自營商買賣超股數(自行買賣)"":""13,000"",""自營商買進股數(避險)"":""37,000"",""自營商賣出股數(避險)"":""9,000"",""自營商買賣超股數(避險)"":""28,000"",""三大法人買賣超股數"":""191,504""}"
2026-10-01,TWSE,5608,四維航          ,544826,445001,99825,0,0,0,0,0,88000,"{""證券代號"":""5608"",""證券名稱"":""四維航          "",""外陸資買進股數(不含外資自營商)"":""544,826"",""外陸資賣出股數(不含外資自營商)"":""445,001"",""外陸資買賣超股數(不含外資自營商)"":""99,825"",""外資自營商買進股數"":""0"",""外資自營商賣出股數"":""0"",""外資自營商買賣超股數"":""0"",""投信買進股數"":""0"",""投信賣出股數"":""0"",""投信買賣超股數"":""0"",""自營商買賣超股數"":""88,000"",""自營商買進股數(自行買賣)"":""88,000"",""自營商賣出股數(自行買賣)"":""0"",""自營商買賣超股數(自行買賣)"":""88,000"",""自營商買進股數(避險)"":""0"",""自營商賣出股數(避險)"":""0"",""自營商買賣超股數(避險)"":""0"",""三大法人買賣超股數"":""187,825""}"
2026-10-01,TWSE,6197,佳必琪          ,449881,406753,43128,151000,0,151000,33297,28179,-6632,"{""證券代號"":""6197"",""證券名稱"":""佳必琪          "",""外陸資買進股數(不含外資自營商)"":""449,881"",""外陸資賣出股數(不含外資自營商)"":""406,753"",""外陸資買賣超股數(不含外資自營商)"":""43,128"",""外資自營商買進股數"":""0"",""外資自營商賣出股數"":""0"",""外資自營商買賣超股數"":""0"",""投信買進股數"":""151,000"",""投信賣出股數"":""0"",""投信買賣超股數"":""151,000"",""自營商買賣超股數"":""-6,632"",""自營商買進股數(自行買賣)"":""4,250"",""自營商賣出股數(自行買賣)"":""16,000"",""自營商買賣超股數(自行買賣)"":""-11,750"",""自營商買進股數(避險)"":""33,297"",""自營商賣出股數(避險)"":""28,179"",""自營商買賣超股數(避險)"":""5,118"",""三大法人買賣超股數"":""187,496""}"
2026-10-01,TWSE,2915,潤泰全          ,463000,286958,176042,0,0,0,0,0,9135,"{""證券代號"":""2915"",""證券名稱"":""潤泰全          "",""外陸資買進股數(不含外資自營商)"":""463,000"",""外陸資賣出股數(不含外資自營商)"":""286,958"",""外陸資買賣超股數(不含外資自營商)"":""176,042"",""外資自營商買進股數"":""0"",""外資自營商賣出股數"":""0"",""外資自營商買賣超股數"":""0"",""投信買進股數"":""0"",""投信賣出股數"":""0"",""投信買賣超股數"":""0"",""自營商買賣超股數"":""9,135"",""自營商買進股數(自行買賣)"":""9,135"",""自營商賣出股數(自行買賣)"":""0"",""自營商買賣超股數(自行買賣)"":""9,135"",""自營商買進股數(避險)"":""0"",""自營商賣出股數(避險)"":""0"",""自營商買賣超股數(避險)"":""0"",""三大法人買賣超股數"":""185,177""}"
2026-10-01,TWSE,8081,致新            ,287308,74000,213308,0,30000,-30000,0,8,-8,"{""證券代號"":""8081"",""證券名稱"":""致新            "",""外陸資買進股數(不含外資自營商)"":""287,308"",""外陸資賣出股數(不含外資自營商)"":""74,000"",""外陸資買賣超股數(不含外資自營商)"":""213,308"",""外資自營商買進股數"":""0"",""外資自營商賣出股數"":""0"",""外資自營商買賣超股數"":""0"",""投信買進股數"":""0"",""投信賣出股數"":""30,000"",""投信買賣超股數"":""-30,000"",""自營商買賣超股數"":""-8"",""自營商買進股數(自行買賣)"":""0"",""自營商賣出股數(自行買賣)"":""0"",""自營商買賣超股數(自行買賣)"":""0"",""自營商買進股數(避險)"":""0"",""自營商賣出股數(避險)"":""8"",""自營商買賣超股數(避險)"":""-8"",""三大法人買賣超股數"":""183,300""}"
2026-10-01,TWSE,00671R,富邦NASDAQ反1   ,0,0,0,0,0,0,258000,76903,181097,"{""證券代號"":""00671R"",""證券名稱"":""富邦NASDAQ反1   "",""外陸資買進股數(不含外資自營商)"":""0"",""外陸資賣出股數(不含外資自營商)"":""0"",""外陸資買賣超股數(不含外資自營商)"":""0"",""外資自營商買進股數"":""0"",""外資自營商賣出股數"":""0"",""外資自營商買賣超股數"":""0"",""投信買進股數"":""0"",""投信賣出股數"":""0"",""投信買賣超股數"":""0"",""自營商買賣超股數"":""181,097"",""自營商買進股數(自行買賣)"":""0"",""自營商賣出股數(自行買賣)"":""0"",""自營商買賣超股數(自行買賣)"":""0"",""自營商買進股數(避險)"":""258,000"",""自營商賣出股數(避險)"":""76,903"",""自營商買賣超股數(避險)"":""181,097"",""三大法人買賣超股數"":""181,097""}"
2026-10-01,TWSE,5288,豐祥-KY         ,222780,25000,197780,10000,20000,-10000,120,10000,-7830,"{""證券代號"":""5288"",""證券名稱"":""豐祥-KY         "",""外陸資買進股數(不含外資自營商)"":""222,780"",""外陸資賣出股數(不含外資自營商)"":""25,000"",""外陸資買賣超股數(不含外資自營商)"":""197,780"",""外資自營商買進股數"":""0"",""外資自營商賣出股數"":""0"",""外資自營商買賣超股數"":""0"",""投信買進股數"":""10,000"",""投信賣出股數"":""20,000"",""投信買賣超股數"":""-10,000"",""自營商買賣超股數"":""-7,830"",""自營商買進股數(自行買賣)"":""2,050"",""自營商賣出股數(自行買賣)"":""0"",""自營商買賣超股數(自行買賣)"":""2,050"",""自營商買進股數(避險)"":""120"",""自營商賣出股數(避險)"":""10,000"",""自營商買賣超股數(避險)"":""-9,880"",""三大法人買賣超股數"":""179,950""}"
2026-10-01,TWSE,5434,崇越            ,429866,304990,124876,43000,0,43000,3508,1000,12031,"{""證券代號"":""5434"",""證券名稱"":""崇越            "",""外陸資買進股數(不含外資自營商)"":""429,866"",""外陸資賣出股數(不含外資自營商)"":""304,990"",""外陸資買賣超股數(不含外資自營商)"":""124,876"",""外資自營商買進股數"":""0"",""外資自營商賣出股數"":""0"",""外資自營商買賣超股數"":""0"",""投信買進股數"":""43,000"",""投信賣出股數"":""0"",""投信買賣超股數"":""43,000"",""自營商買賣超股數"":""12,031"",""自營商買進股數(自行買賣)"":""10,000"",""自營商賣出股數(自行買賣)"":""477"",""自營商買賣超股數(自行買賣)"":""9,523"",""自營商買進股數(避險)"":""3,508"",""自營商賣出股數(避險)"":""1,000"",""自營商買賣超股數(避險)"":""2,508"",""三大法人買賣超股數"":""179,907""}"
2026-10-01,TWSE,00651R,復華香港反1     ,4000,0,4000,0,0,0,177298,1998,175300,"{""證券代號"":""00651R"",""證券名稱"":""復華香港反1     "",""外陸資買進股數(不含外資自營商)"":""4,000"",""外陸資賣出股數(不含外資自營商)"":""0"",""外陸資買賣超股數(不含外資自營商)"":""4,000"",""外資自營商買進股數"":""0"",""外資自營商賣出股數"":""0"",""外資自營商買賣超股數"":""0"",""投信買進股數"":""0"",""投信賣出股數"":""0"",""投信買賣超股數"":""0"",""自營商買賣超股數"":""175,300"",""自營商買進股數(自行買賣)"":""0"",""自營商賣出股數(自行買賣)"":""0"",""自營商買賣超股數(自行買賣)"":""0"",""自營商買進股數(避險)"":""177,298"",""自營商賣出股數(避險)"":""1,998"",""自營商買賣超股數(避險)"":""175,300"",""三大法人買賣超股數"":""179,300""}"
2026-10-01,TWSE,2393,億光            ,844055,645367,198688,7080,30000,-22920,0,1000,2000,"{""證券代號"":""2393"",""證券名稱"":""億光            "",""外陸資買進股數(不含外資自營商)"":""844,055"",""外陸資賣出股數(不含外資自營商)"":""645,367"",""外陸資買賣超股數(不含外資自營商)"":""198,688"",""外資自營商買進股數"":""0"",""外資自營商賣出股數"":""0"",""外資自營商買賣超股數"":""0"",""投信買進股數"":""7,080"",""投信賣出股數"":""30,000"",""投信買賣超股數"":""-22,920"",""自營商買賣超股數"":""2,000"",""自營商買進股數(自行買賣)"":""13,000"",""自營商賣出股數(自行買賣)"":""10,000"",""自營商買賣超股數(自行買賣)"":""3,000"",""自營商買進股數(避險)"":""0"",""自營商賣出股數(避險)"":""1,000"",""自營商買賣超股數(避險)"":""-1,000"",""三大法人買賣超股數"":""177,768""}"
2026-10-01,TWSE,4977,眾達-KY         ,370020,170197,199823,0,0,0,10764,34345,-23581,"{""證券代號"":""4977"",""證券名稱"":""眾達-KY         "",""外陸資買進股數(不含外資自營商)"":""370,020"",""外陸資賣出股數(不含外資自營商)"":""170,197"",""外陸資買賣超股數(不含外資自營商)"":""199,823"",""外資自營商買進股數"":""0"",""外資自營商賣出股數"":""0"",""外資自營商買賣超股數"":""0"",""投信買進股數"":""0"",""投信賣出股數"":""0"",""投信買賣超股數"":""0"",""自營商買賣超股數"":""-23,581"",""自營商買進股數(自行買賣)"":""0"",""自營商賣出股數(自行買賣)"":""0"",""自營商買賣超股數(自行買賣)"":""0"",""自營商買進股數(避險)"":""10,764"",""自營商賣出股數(避險)"":""34,345"",""自營商買賣超股數(避險)"":""-23,581"",""三大法人買賣超股數"":""176,242""}"
2026-10-01,TWSE,3715,定穎投控        ,1754641,1568735,185906,0,0,0,22526,44559,-13033,"{""證券代號"":""3715"",""證券名稱"":""定穎投控        "",""外陸資買進股數(不含外資自營商)"":""1,754,641"",""外陸資賣出股數(不含外資自營商)"":""1,568,735"",""外陸資買賣超股數(不含外資自營商)"":""185,906"",""外資自營商買進股數"":""0"",""外資自營商賣出股數"":""0"",""外資自營商買賣超股數"":""0"",""投信買進股數"":""0"",""投信賣出股數"":""0"",""投信買賣超股數"":""0"",""自營商買賣超股數"":""-13,033"",""自營商買進股數(自行買賣)"":""10,000"",""自營商賣出股數(自行買賣)"":""1,000"",""自營商買賣超股數(自行買賣)"":""9,000"",""自營商買進股數(避險)"":""22,526"",""自營商賣出股數(避險)"":""44,559"",""自營商買賣超股數(避險)"":""-22,033"",""三大法人買賣超股數"":""172,873""}"
2026-10-01,TWSE,8016,矽創            ,319616,180808,138808,38000,14000,24000,3607,2222,8385,"{""證券代號"":""8016"",""證券名稱"":""矽創            "",""外陸資買進股數(不含外資自營商)"":""319,616"",""外陸資賣出股數(不含外資自營商)"":""180,808"",""外陸資買賣超股數(不含外資自營商)"":""138,808"",""外資自營商買進股數"":""0"",""外資自營商賣出股數"":""0"",""外資自營商買賣超股數"":""0"",""投信買進股數"":""38,000"",""投信賣出股數"":""14,000"",""投信買賣超股數"":""24,000"",""自營商買賣超股數"":""8,385"",""自營商買進股數(自行買賣)"":""8,000"",""自營商賣出股數(自行買賣)"":""1,000"",""自營商買賣超股數(自行買賣)"":""7,000"",""自營商買進股數(避險)"":""3,607"",""自營商賣出股數(避險)"":""2,222"",""自營商買賣超股數(避險)"":""1,385"",""三大法人買賣超股數"":""171,193""}"
2026-10-01,TWSE,3550,聯穎            ,634448,466155,168293,38,0,38,0,0,-23,"{""證券代號"":""3550"",""證券名稱"":""聯穎            "",""外陸資買進股數(不含外資自營商)"":""634,448"",""外陸資賣出股數(不含外資自營商)"":""466,155"",""外陸資買賣超股數(不含外資自營商)"":""168,293"",""外資自營商買進股數"":""0"",""外資自營商賣出股數"":""0"",""外資自營商買賣超股數"":""0"",""投信買進股數"":""38"",""投信賣出股數"":""0"",""投信買賣超股數"":""38"",""自營商買賣超股數"":""-23"",""自營商買進股數(自行買賣)"":""0"",""自營商賣出股數(自行買賣)"":""23"",""自營商買賣超股數(自行買賣)"":""-23"",""自營商買進股數(避險)"":""0"",""自營商賣出股數(避險)"":""0"",""自營商買賣超股數(避險)"":""0"",""三大法人買賣超股數"":""168,308""}"
2026-10-01,TWSE,3515,華擎            ,205385,41000,164385,0,0,0,2605,277,2328,"{""證券代號"":""3515"",""證券名稱"":""華擎            "",""外陸資買進股數(不含外資自營商)"":""205,385"",""外陸資賣出股數(不含外資自營商)"":""41,000"",""外陸資買賣超股數(不含外資自營商)"":""164,385"",""外資自營商買進股數"":""0"",""外資自營商賣出股數"":""0"",""外資自營商買賣超股數"":""0"",""投信買進股數"":""0"",""投信賣出股數"":""0"",""投信買賣超股數"":""0"",""自營商買賣超股數"":""2,328"",""自營商買進股數(自行買賣)"":""0"",""自營商賣出股數(自行買賣)"":""0"",""自營商買賣超股數(自行買賣)"":""0"",""自營商買進股數(避險)"":""2,605"",""自營商賣出股數(避險)"":""277"",""自營商買賣超股數(避險)"":""2,328"",""三大法人買賣超股數"":""166,713""}"
2026-10-01,TWSE,9938,百和            ,323394,162042,161352,3850,0,3850,0,55,95,"{""證券代號"":""9938"",""證券名稱"":""百和            "",""外陸資買進股數(不含外資自營商)"":""323,394"",""外陸資賣出股數(不含外資自營商)"":""162,042"",""外陸資買賣超股數(不含外資自營商)"":""161,352"",""外資自營商買進股數"":""0"",""外資自營商賣出股數"":""0"",""外資自營商買賣超股數"":""0"",""投信買進股數"":""3,850"",""投信賣出股數"":""0"",""投信買賣超股數"":""3,850"",""自營商買賣超股數"":""95"",""自營商買進股數(自行買賣)"":""150"",""自營商賣出股數(自行買賣)"":""0"",""自營商買賣超股數(自行買賣)"":""150"",""自營商買進股數(避險)"":""0"",""自營商賣出股數(避險)"":""55"",""自營商買賣超股數(避險)"":""-55"",""三大法人買賣超股數"":""165,297""}"
2026-10-01,TWSE,8070,長華*           ,362000,283000,79000,0,0,0,0,0,84000,"{""證券代號"":""8070"",""證券名稱"":""長華*           "",""外陸資買進股數(不含外資自營商)"":""362,000"",""外陸資賣出股數(不含外資自營商)"":""283,000"",""外陸資買賣超股數(不含外資自營商)"":""79,000"",""外資自營商買進股數"":""0"",""外資自營商賣出股數"":""0"",""外資自營商買賣超股數"":""0"",""投信買進股數"":""0"",""投信賣出股數"":""0"",""投信買賣超股數"":""0"",""自營商買賣超股數"":""84,000"",""自營商買進股數(自行買賣)"":""84,000"",""自營商賣出股數(自行買賣)"":""0"",""自營商買賣超股數(自行買賣)"":""84,000"",""自營商買進股數(避險)"":""0"",""自營商賣出股數(避險)"":""0"",""自營商買賣超股數(避險)"":""0"",""三大法人買賣超股數"":""163,000""}"
2026-10-01,TWSE,3533,嘉澤            ,1291246,1177434,113812,1000,1000,0,80118,64557,45861,"{""證券代號"":""3533"",""證券名稱"":""嘉澤            "",""外陸資買進股數(不含外資自營商)"":""1,291,246"",""外陸資賣出股數(不含外資自營商)"":""1,177,434"",""外陸資買賣超股數(不含外資自營商)"":""113,812"",""外資自營商買進股數"":""0"",""外資自營商賣出股數"":""0"",""外資自營商買賣超股數"":""0"",""投信買進股數"":""1,000"",""投信賣出股數"":""1,000"",""投信買賣超股數"":""0"",""自營商買賣超股數"":""45,861"",""自營商買進股數(自行買賣)"":""45,400"",""自營商賣出股數(自行買賣)"":""15,100"",""自營商買賣超股數(自行買賣)"":""30,300"",""自營商買進股數(避險)"":""80,118"",""自營商賣出股數(避險)"":""64,557"",""自營商買賣超股數(避險)"":""15,561"",""三大法人買賣超股數"":""159,673""}"
2026-10-01,TWSE,00637L,元大滬深300正2  ,92000,137000,-45000,0,0,0,1547000,1343783,203217,"{""證券代號"":""00637L"",""證券名稱"":""元大滬深300正2  "",""外陸資買進股數(不含外資自營商)"":""92,000"",""外陸資賣出股數(不含外資自營商)"":""137,000"",""外陸資買賣超股數(不含外資自營商)"":""-45,000"",""外資自營商買進股數"":""0"",""外資自營商賣出股數"":""0"",""外資自營商買賣超股數"":""0"",""投信買進股數"":""0"",""投信賣出股數"":""0"",""投信買賣超股數"":""0"",""自營商買賣超股數"":""203,217"",""自營商買進股數(自行買賣)"":""0"",""自營商賣出股數(自行買賣)"":""0"",""自營商買賣超股數(自行買賣)"":""0"",""自營商買進股數(避險)"":""1,547,000"",""自營商賣出股數(避險)"":""1,343,783"",""自營商買賣超股數(避險)"":""203,217"",""三大法人買賣超股數"":""158,217""}"
2026-10-01,TWSE,9945,潤泰新          ,1461000,2046725,-585725,700000,7000,693000,32000,5146,47437,"{""證券代號"":""9945"",""證券名稱"":""潤泰新          "",""外陸資買進股數(不含外資自營商)"":""1,461,000"",""外陸資賣出股數(不含外資自營商)"":""2,046,725"",""外陸資買賣超股數(不含外資自營商)"":""-585,725"",""外資自營商買進股數"":""0"",""外資自營商賣出股數"":""0"",""外資自營商買賣超股數"":""0"",""投信買進股數"":""700,000"",""投信賣出股數"":""7,000"",""投信買賣超股數"":""693,000"",""自營商買賣超股數"":""47,437"",""自營商買進股數(自行買賣)"":""20,863"",""自營商賣出股數(自行買賣)"":""280"",""自營商買賣超股數(自行買賣)"":""20,583"",""自營商買進股數(避險)"":""32,000"",""自營商賣出股數(避險)"":""5,146"",""自營商買賣超股數(避險)"":""26,854"",""三大法人買賣超股數"":""154,712""}"
2026-10-01,TWSE,6449,鈺邦            ,656611,559335,97276,0,0,0,66059,10401,55658,"{""證券代號"":""6449"",""證券名稱"":""鈺邦            "",""外陸資買進股數(不含外資自營商)"":""656,611"",""外陸資賣出股數(不含外資自營商)"":""559,335"",""外陸資買賣超股數(不含外資自營商)"":""97,276"",""外資自營商買進股數"":""0"",""外資自營商賣出股數"":""0"",""外資自營商買賣超股數"":""0"",""投信買進股數"":""0"",""投信賣出股數"":""0"",""投信買賣超股數"":""0"",""自營商買賣超股數"":""55,658"",""自營商買進股數(自行買賣)"":""0"",""自營商賣出股數(自行買賣)"":""0"",""自營商買賣超股數(自行買賣)"":""0"",""自營商買進股數(避險)"":""66,059"",""自營商賣出股數(避險)"":""10,401"",""自營商買賣超股數(避險)"":""55,658"",""三大法人買賣超股數"":""152,934""}"
2026-10-01,TWSE,2254,巨鎧精密-創     ,425000,274000,151000,0,0,0,0,4,-4,"{""證券代號"":""2254"",""證券名稱"":""巨鎧精密-創     "",""外陸資買進股數(不含外資自營商)"":""425,000"",""外陸資賣出股數(不含外資自營商)"":""274,000"",""外陸資買賣超股數(不含外資自營商)"":""151,000"",""外資自營商買進股數"":""0"",""外資自營商賣出股數"":""0"",""外資自營商買賣超股數"":""0"",""投信買進股數"":""0"",""投信賣出股數"":""0"",""投信買賣超股數"":""0"",""自營商買賣超股數"":""-4"",""自營商買進股數(自行買賣)"":""0"",""自營商賣出股數(自行買賣)"":""0"",""自營商買賣超股數(自行買賣)"":""0"",""自營商買進股數(避險)"":""0"",""自營商賣出股數(避險)"":""4"",""自營商買賣超股數(避險)"":""-4"",""三大法人買賣超股數"":""150,996""}"
2026-10-01,TWSE,6438,迅得            ,280089,110646,169443,0,0,0,25241,50590,-25349,"{""證券代號"":""6438"",""證券名稱"":""迅得            "",""外陸資買進股數(不含外資自營商)"":""280,089"",""外陸資賣出股數(不含外資自營商)"":""110,646"",""外陸資買賣超股數(不含外資自營商)"":""169,443"",""外資自營商買進股數"":""0"",""外資自營商賣出股數"":""0"",""外資自營商買賣超股數"":""0"",""投信買進股數"":""0"",""投信賣出股數"":""0"",""投信買賣超股數"":""0"",""自營商買賣超股數"":""-25,349"",""自營商買進股數(自行買賣)"":""0"",""自營商賣出股數(自行買賣)"":""0"",""自營商買賣超股數(自行買賣)"":""0"",""自營商買進股數(避險)"":""25,241"",""自營商賣出股數(避險)"":""50,590"",""自營商買賣超股數(避險)"":""-25,349"",""三大法人買賣超股數"":""144,094""}"
2026-10-01,TWSE,8033,雷虎            ,537533,406132,131401,0,0,0,0,0,876,"{""證券代號"":""8033"",""證券名稱"":""雷虎            "",""外陸資買進股數(不含外資自營商)"":""537,533"",""外陸資賣出股數(不含外資自營商)"":""406,132"",""外陸資買賣超股數(不含外資自營商)"":""131,401"",""外資自營商買進股數"":""0"",""外資自營商賣出股數"":""0"",""外資自營商買賣超股數"":""0"",""投信買進股數"":""0"",""投信賣出股數"":""0"",""投信買賣超股數"":""0"",""自營商買賣超股數"":""876"",""自營商買進股數(自行買賣)"":""3,150"",""自營商賣出股數(自行買賣)"":""2,274"",""自營商買賣超股數(自行買賣)"":""876"",""自營商買進股數(避險)"":""0"",""自營商賣出股數(避險)"":""0"",""自營商買賣超股數(避險)"":""0"",""三大法人買賣超股數"":""132,277""}"
2026-10-01,TWSE,2520,冠德            ,819799,205000,614799,0,488000,-488000,2959,2000,4959,"{""證券代號"":""2520"",""證券名稱"":""冠德            "",""外陸資買進股數(不含外資自營商)"":""819,799"",""外陸資賣出股數(不含外資自營商)"":""205,000"",""外陸資買賣超股數(不含外資自營商)"":""614,799"",""外資自營商買進股數"":""0"",""外資自營商賣出股數"":""0"",""外資自營商買賣超股數"":""0"",""投信買進股數"":""0"",""投信賣出股數"":""488,000"",""投信買賣超股數"":""-488,000"",""自營商買賣超股數"":""4,959"",""自營商買進股數(自行買賣)"":""4,000"",""自營商賣出股數(自行買賣)"":""0"",""自營商買賣超股數(自行買賣)"":""4,000"",""自營商買進股數(避險)"":""2,959"",""自營商賣出股數(避險)"":""2,000"",""自營商買賣超股數(避險)"":""959"",""三大法人買賣超股數"":""131,758""}"
2026-10-01,TWSE,6491,晶碩            ,331662,210000,121662,0,0,0,1497,4,2493,"{""證券代號"":""6491"",""證券名稱"":""晶碩            "",""外陸資買進股數(不含外資自營商)"":""331,662"",""外陸資賣出股數(不含外資自營商)"":""210,000"",""外陸資買賣超股數(不含外資自營商)"":""121,662"",""外資自營商買進股數"":""0"",""外資自營商賣出股數"":""0"",""外資自營商買賣超股數"":""0"",""投信買進股數"":""0"",""投信賣出股數"":""0"",""投信買賣超股數"":""0"",""自營商買賣超股數"":""2,493"",""自營商買進股數(自行買賣)"":""1,000"",""自營商賣出股數(自行買賣)"":""0"",""自營商買賣超股數(自行買賣)"":""1,000"",""自營商買進股數(避險)"":""1,497"",""自營商賣出股數(避險)"":""4"",""自營商買賣超股數(避險)"":""1,493"",""三大法人買賣超股數"":""124,155""}"
2026-10-01,TWSE,6112,邁達特          ,218030,97000,121030,0,0,0,416,2888,2528,"{""證券代號"":""6112"",""證券名稱"":""邁達特          "",""外陸資買進股數(不含外資自營商)"":""218,030"",""外陸資賣出股數(不含外資自營商)"":""97,000"",""外陸資買賣超股數(不含外資自營商)"":""121,030"",""外資自營商買進股數"":""0"",""外資自營商賣出股數"":""0"",""外資自營商買賣超股數"":""0"",""投信買進股數"":""0"",""投信賣出股數"":""0"",""投信買賣超股數"":""0"",""自營商買賣超股數"":""2,528"",""自營商買進股數(自行買賣)"":""5,000"",""自營商賣出股數(自行買賣)"":""0"",""自營商買賣超股數(自行買賣)"":""5,000"",""自營商買進股數(避險)"":""416"",""自營商賣出股數(避險)"":""2,888"",""自營商買賣超股數(避險)"":""-2,472"",""三大法人買賣超股數"":""123,558""}"
2026-10-01,TWSE,009801,中信美國創新科技,868000,11000,857000,0,0,0,237112,974332,-737220,"{""證券代號"":""009801"",""證券名稱"":""中信美國創新科技"",""外陸資買進股數(不含外資自營商)"":""868,000"",""外陸資賣出股數(不含外資自營商)"":""11,000"",""外陸資買賣超股數(不含外資自營商)"":""857,000"",""外資自營商買進股數"":""0"",""外資自營商賣出股數"":""0"",""外資自營商買賣超股數"":""0"",""投信買進股數"":""0"",""投信賣出股數"":""0"",""投信買賣超股數"":""0"",""自營商買賣超股數"":""-737,220"",""自營商買進股數(自行買賣)"":""0"",""自營商賣出股數(自行買賣)"":""0"",""自營商買賣超股數(自行買賣)"":""0"",""自營商買進股數(避險)"":""237,112"",""自營商賣出股數(避險)"":""974,332"",""自營商買賣超股數(避險)"":""-737,220"",""三大法人買賣超股數"":""119,780""}"
2026-10-01,TWSE,2025,千興            ,1160462,1048533,111929,0,0,0,0,0,3845,"{""證券代號"":""2025"",""證券名稱"":""千興            "",""外陸資買進股數(不含外資自營商)"":""1,160,462"",""外陸資賣出股數(不含外資自營商)"":""1,048,533"",""外陸資買賣超股數(不含外資自營商)"":""111,929"",""外資自營商買進股數"":""0"",""外資自營商賣出股數"":""0"",""外資自營商買賣超股數"":""0"",""投信買進股數"":""0"",""投信賣出股數"":""0"",""投信買賣超股數"":""0"",""自營商買賣超股數"":""3,845"",""自營商買進股數(自行買賣)"":""9,000"",""自營商賣出股數(自行買賣)"":""5,155"",""自營商買賣超股數(自行買賣)"":""3,845"",""自營商買進股數(避險)"":""0"",""自營商賣出股數(避險)"":""0"",""自營商買賣超股數(避險)"":""0"",""三大法人買賣超股數"":""115,774""}"
2026-10-01,TWSE,6799,來頡            ,150107,35110,114997,10,0,10,0,0,-34,"{""證券代號"":""6799"",""證券名稱"":""來頡            "",""外陸資買進股數(不含外資自營商)"":""150,107"",""外陸資賣出股數(不含外資自營商)"":""35,110"",""外陸資買賣超股數(不含外資自營商)"":""114,997"",""外資自營商買進股數"":""0"",""外資自營商賣出股數"":""0"",""外資自營商買賣超股數"":""0"",""投信買進股數"":""10"",""投信賣出股數"":""0"",""投信買賣超股數"":""10"",""自營商買賣超股數"":""-34"",""自營商買進股數(自行買賣)"":""966"",""自營商賣出股數(自行買賣)"":""1,000"",""自營商買賣超股數(自行買賣)"":""-34"",""自營商買進股數(避險)"":""0"",""自營商賣出股數(避險)"":""0"",""自營商買賣超股數(避險)"":""0"",""三大法人買賣超股數"":""114,973""}"
2026-10-01,TWSE,009812,野村日本東證    ,19000,4000,15000,0,0,0,353000,255452,97548,"{""證券代號"":""009812"",""證券名稱"":""野村日本東證    "",""外陸資買進股數(不含外資自營商)"":""19,000"",""外陸資賣出股數(不含外資自營商)"":""4,000"",""外陸資買賣超股數(不含外資自營商)"":""15,000"",""外資自營商買進股數"":""0"",""外資自營商賣出股數"":""0"",""外資自營商買賣超股數"":""0"",""投信買進股數"":""0"",""投信賣出股數"":""0"",""投信買賣超股數"":""0"",""自營商買賣超股數"":""97,548"",""自營商買進股數(自行買賣)"":""0"",""自營商賣出股數(自行買賣)"":""0"",""自營商買賣超股數(自行買賣)"":""0"",""自營商買進股數(避險)"":""353,000"",""自營商賣出股數(避險)"":""255,452"",""自營商買賣超股數(避險)"":""97,548"",""三大法人買賣超股數"":""112,548""}"
2026-10-01,TWSE,3032,偉訓            ,153128,43000,110128,0,0,0,0,0,0,"{""證券代號"":""3032"",""證券名稱"":""偉訓            "",""外陸資買進股數(不含外資自營商)"":""153,128"",""外陸資賣出股數(不含外資自營商)"":""43,000"",""外陸資買賣超股數(不含外資自營商)"":""110,128"",""外資自營商買進股數"":""0"",""外資自營商賣出股數"":""0"",""外資自營商買賣超股數"":""0"",""投信買進股數"":""0"",""投信賣出股數"":""0"",""投信買賣超股數"":""0"",""自營商買賣超股數"":""0"",""自營商買進股數(自行買賣)"":""0"",""自營商賣出股數(自行買賣)"":""0"",""自營商買賣超股數(自行買賣)"":""0"",""自營商買進股數(避險)"":""0"",""自營商賣出股數(避險)"":""0"",""自營商買賣超股數(避險)"":""0"",""三大法人買賣超股數"":""110,128""}"
2026-10-01,TWSE,2645,長榮航太        ,344421,268322,76099,0,6000,-6000,31930,2534,38396,"{""證券代號"":""2645"",""證券名稱"":""長榮航太        "",""外陸資買進股數(不含外資自營商)"":""344,421"",""外陸資賣出股數(不含外資自營商)"":""268,322"",""外陸資買賣超股數(不含外資自營商)"":""76,099"",""外資自營商買進股數"":""0"",""外資自營商賣出股數"":""0"",""外資自營商買賣超股數"":""0"",""投信買進股數"":""0"",""投信賣出股數"":""6,000"",""投信買賣超股數"":""-6,000"",""自營商買賣超股數"":""38,396"",""自營商買進股數(自行買賣)"":""9,000"",""自營商賣出股數(自行買賣)"":""0"",""自營商買賣超股數(自行買賣)"":""9,000"",""自營商買進股數(避險)"":""31,930"",""自營商賣出股數(避險)"":""2,534"",""自營商買賣超股數(避險)"":""29,396"",""三大法人買賣超股數"":""108,495""}"
2026-10-01,TWSE,7812,稜研科技*-創    ,116000,8000,108000,0,0,0,0,0,0,"{""證券代號"":""7812"",""證券名稱"":""稜研科技*-創    "",""外陸資買進股數(不含外資自營商)"":""116,000"",""外陸資賣出股數(不含外資自營商)"":""8,000"",""外陸資買賣超股數(不含外資自營商)"":""108,000"",""外資自營商買進股數"":""0"",""外資自營商賣出股數"":""0"",""外資自營商買賣超股數"":""0"",""投信買進股數"":""0"",""投信賣出股數"":""0"",""投信買賣超股數"":""0"",""自營商買賣超股數"":""0"",""自營商買進股數(自行買賣)"":""0"",""自營商賣出股數(自行買賣)"":""0"",""自營商買賣超股數(自行買賣)"":""0"",""自營商買進股數(避險)"":""0"",""自營商賣出股數(避險)"":""0"",""自營商買賣超股數(避險)"":""0"",""三大法人買賣超股數"":""108,000""}"
2026-10-01,TWSE,3504,揚明光          ,437000,330000,107000,0,0,0,4000,4931,-931,"{""證券代號"":""3504"",""證券名稱"":""揚明光          "",""外陸資買進股數(不含外資自營商)"":""437,000"",""外陸資賣出股數(不含外資自營商)"":""330,000"",""外陸資買賣超股數(不含外資自營商)"":""107,000"",""外資自營商買進股數"":""0"",""外資自營商賣出股數"":""0"",""外資自營商買賣超股數"":""0"",""投信買進股數"":""0"",""投信賣出股數"":""0"",""投信買賣超股數"":""0"",""自營商買賣超股數"":""-931"",""自營商買進股數(自行買賣)"":""0"",""自營商賣出股數(自行買賣)"":""0"",""自營商買賣超股數(自行買賣)"":""0"",""自營商買進股數(避險)"":""4,000"",""自營商賣出股數(避險)"":""4,931"",""自營商買賣超股數(避險)"":""-931"",""三大法人買賣超股數"":""106,069""}"
2026-10-01,TWSE,1104,環泥            ,258631,156127,102504,0,0,0,0,0,0,"{""證券代號"":""1104"",""證券名稱"":""環泥            "",""外陸資買進股數(不含外資自營商)"":""258,631"",""外陸資賣出股數(不含外資自營商)"":""156,127"",""外陸資買賣超股數(不含外資自營商)"":""102,504"",""外資自營商買進股數"":""0"",""外資自營商賣出股數"":""0"",""外資自營商買賣超股數"":""0"",""投信買進股數"":""0"",""投信賣出股數"":""0"",""投信買賣超股數"":""0"",""自營商買賣超股數"":""0"",""自營商買進股數(自行買賣)"":""0"",""自營商賣出股數(自行買賣)"":""0"",""自營商買賣超股數(自行買賣)"":""0"",""自營商買進股數(避險)"":""0"",""自營商賣出股數(避險)"":""0"",""自營商買賣超股數(避險)"":""0"",""三大法人買賣超股數"":""102,504""}"
2026-10-01,TWSE,2102,泰豐            ,221421,99592,121829,0,0,0,0,0,-20000,"{""證券代號"":""2102"",""證券名稱"":""泰豐            "",""外陸資買進股數(不含外資自營商)"":""221,421"",""外陸資賣出股數(不含外資自營商)"":""99,592"",""外陸資買賣超股數(不含外資自營商)"":""121,829"",""外資自營商買進股數"":""0"",""外資自營商賣出股數"":""0"",""外資自營商買賣超股數"":""0"",""投信買進股數"":""0"",""投信賣出股數"":""0"",""投信買賣超股數"":""0"",""自營商買賣超股數"":""-20,000"",""自營商買進股數(自行買賣)"":""0"",""自營商賣出股數(自行買賣)"":""20,000"",""自營商買賣超股數(自行買賣)"":""-20,000"",""自營商買進股數(避險)"":""0"",""自營商賣出股數(避險)"":""0"",""自營商買賣超股數(避險)"":""0"",""三大法人買賣超股數"":""101,829""}"
2026-10-01,TWSE,6235,華孚            ,118200,19000,99200,0,0,0,0,857,-857,"{""證券代號"":""6235"",""證券名稱"":""華孚            "",""外陸資買進股數(不含外資自營商)"":""118,200"",""外陸資賣出股數(不含外資自營商)"":""19,000"",""外陸資買賣超股數(不含外資自營商)"":""99,200"",""外資自營商買進股數"":""0"",""外資自營商賣出股數"":""0"",""外資自營商買賣超股數"":""0"",""投信買進股數"":""0"",""投信賣出股數"":""0"",""投信買賣超股數"":""0"",""自營商買賣超股數"":""-857"",""自營商買進股數(自行買賣)"":""0"",""自營商賣出股數(自行買賣)"":""0"",""自營商買賣超股數(自行買賣)"":""0"",""自營商買進股數(避險)"":""0"",""自營商賣出股數(避險)"":""857"",""自營商買賣超股數(避險)"":""-857"",""三大法人買賣超股數"":""98,343""}"
2026-10-01,TWSE,1464,得力            ,121000,23000,98000,0,0,0,0,0,0,"{""證券代號"":""1464"",""證券名稱"":""得力            "",""外陸資買進股數(不含外資自營商)"":""121,000"",""外陸資賣出股數(不含外資自營商)"":""23,000"",""外陸資買賣超股數(不含外資自營商)"":""98,000"",""外資自營商買進股數"":""0"",""外資自營商賣出股數"":""0"",""外資自營商買賣超股數"":""0"",""投信買進股數"":""0"",""投信賣出股數"":""0"",""投信買賣超股數"":""0"",""自營商買賣超股數"":""0"",""自營商買進股數(自行買賣)"":""0"",""自營商賣出股數(自行買賣)"":""0"",""自營商買賣超股數(自行買賣)"":""0"",""自營商買進股數(避險)"":""0"",""自營商賣出股數(避險)"":""0"",""自營商買賣超股數(避險)"":""0"",""三大法人買賣超股數"":""98,000""}"
2026-10-01,TWSE,3015,全漢            ,162126,68310,93816,0,0,0,0,0,4000,"{""證券代號"":""3015"",""證券名稱"":""全漢            "",""外陸資買進股數(不含外資自營商)"":""162,126"",""外陸資賣出股數(不含外資自營商)"":""68,310"",""外陸資買賣超股數(不含外資自營商)"":""93,816"",""外資自營商買進股數"":""0"",""外資自營商賣出股數"":""0"",""外資自營商買賣超股數"":""0"",""投信買進股數"":""0"",""投信賣出股數"":""0"",""投信買賣超股數"":""0"",""自營商買賣超股數"":""4,000"",""自營商買進股數(自行買賣)"":""4,000"",""自營商賣出股數(自行買賣)"":""0"",""自營商買賣超股數(自行買賣)"":""4,000"",""自營商買進股數(避險)"":""0"",""自營商賣出股數(避險)"":""0"",""自營商買賣超股數(避險)"":""0"",""三大法人買賣超股數"":""97,816""}"
2026-10-01,TWSE,3025,星通            ,147000,53210,93790,0,0,0,0,0,0,"{""證券代號"":""3025"",""證券名稱"":""星通            "",""外陸資買進股數(不含外資自營商)"":""147,000"",""外陸資賣出股數(不含外資自營商)"":""53,210"",""外陸資買賣超股數(不含外資自營商)"":""93,790"",""外資自營商買進股數"":""0"",""外資自營商賣出股數"":""0"",""外資自營商買賣超股數"":""0"",""投信買進股數"":""0"",""投信賣出股數"":""0"",""投信買賣超股數"":""0"",""自營商買賣超股數"":""0"",""自營商買進股數(自行買賣)"":""0"",""自營商賣出股數(自行買賣)"":""0"",""自營商買賣超股數(自行買賣)"":""0"",""自營商買進股數(避險)"":""0"",""自營商賣出股數(避險)"":""0"",""自營商買賣超股數(避險)"":""0"",""三大法人買賣超股數"":""93,790""}"
2026-10-01,TWSE,4532,瑞智            ,247690,158000,89690,3453,0,3453,0,0,45,"{""證券代號"":""4532"",""證券名稱"":""瑞智            "",""外陸資買進股數(不含外資自營商)"":""247,690"",""外陸資賣出股數(不含外資自營商)"":""158,000"",""外陸資買賣超股數(不含外資自營商)"":""89,690"",""外資自營商買進股數"":""0"",""外資自營商賣出股數"":""0"",""外資自營商買賣超股數"":""0"",""投信買進股數"":""3,453"",""投信賣出股數"":""0"",""投信買賣超股數"":""3,453"",""自營商買賣超股數"":""45"",""自營商買進股數(自行買賣)"":""45"",""自營商賣出股數(自行買賣)"":""0"",""自營商買賣超股數(自行買賣)"":""45"",""自營商買進股數(避險)"":""0"",""自營商賣出股數(避險)"":""0"",""自營商買賣超股數(避險)"":""0"",""三大法人買賣超股數"":""93,188""}"
2026-10-01,TWSE,6715,嘉基            ,138000,50250,87750,0,0,0,12983,7744,4845,"{""證券代號"":""6715"",""證券名稱"":""嘉基            "",""外陸資買進股數(不含外資自營商)"":""138,000"",""外陸資賣出股數(不含外資自營商)"":""50,250"",""外陸資買賣超股數(不含外資自營商)"":""87,750"",""外資自營商買進股數"":""0"",""外資自營商賣出股數"":""0"",""外資自營商買賣超股數"":""0"",""投信買進股數"":""0"",""投信賣出股數"":""0"",""投信買賣超股數"":""0"",""自營商買賣超股數"":""4,845"",""自營商買進股數(自行買賣)"":""11,000"",""自營商賣出股數(自行買賣)"":""11,394"",""自營商買賣超股數(自行買賣)"":""-394"",""自營商買進股數(避險)"":""12,983"",""自營商賣出股數(避險)"":""7,744"",""自營商買賣超股數(避險)"":""5,239"",""三大法人買賣超股數"":""92,595""}"
2026-10-01,TWSE,1231,聯華食          ,118150,28090,90060,0,0,0,0,0,2000,"{""證券代號"":""1231"",""證券名稱"":""聯華食          "",""外陸資買進股數(不含外資自營商)"":""118,150"",""外陸資賣出股數(不含外資自營商)"":""28,090"",""外陸資買賣超股數(不含外資自營商)"":""90,060"",""外資自營商買進股數"":""0"",""外資自營商賣出股數"":""0"",""外資自營商買賣超股數"":""0"",""投信買進股數"":""0"",""投信賣出股數"":""0"",""投信買賣超股數"":""0"",""自營商買賣超股數"":""2,000"",""自營商買進股數(自行買賣)"":""2,000"",""自營商賣出股數(自行買賣)"":""0"",""自營商買賣超股數(自行買賣)"":""2,000"",""自營商買進股數(避險)"":""0"",""自營商賣出股數(避險)"":""0"",""自營商買賣超股數(避險)"":""0"",""三大法人買賣超股數"":""92,060""}"
2026-10-01,TWSE,2460,建通            ,102000,14150,87850,0,0,0,0,0,3000,"{""證券代號"":""2460"",""證券名稱"":""建通            "",""外陸資買進股數(不含外資自營商)"":""102,000"",""外陸資賣出股數(不含外資自營商)"":""14,150"",""外陸資買賣超股數(不含外資自營商)"":""87,850"",""外資自營商買進股數"":""0"",""外資自營商賣出股數"":""0"",""外資自營商買賣超股數"":""0"",""投信買進股數"":""0"",""投信賣出股數"":""0"",""投信買賣超股數"":""0"",""自營商買賣超股數"":""3,000"",""自營商買進股數(自行買賣)"":""3,000"",""自營商賣出股數(自行買賣)"":""0"",""自營商買賣超股數(自行買賣)"":""3,000"",""自營商買進股數(避險)"":""0"",""自營商賣出股數(避險)"":""0"",""自營商買賣超股數(避險)"":""0"",""三大法人買賣超股數"":""90,850""}"
2026-10-01,TWSE,2338,光罩            ,720079,624310,95769,0,0,0,401,4895,-6494,"{""證券代號"":""2338"",""證券名稱"":""光罩            "",""外陸資買進股數(不含外資自營商)"":""720,079"",""外陸資賣出股數(不含外資自營商)"":""624,310"",""外陸資買賣超股數(不含外資自營商)"":""95,769"",""外資自營商買進股數"":""0"",""外資自營商賣出股數"":""0"",""外資自營商買賣超股數"":""0"",""投信買進股數"":""0"",""投信賣出股數"":""0"",""投信買賣超股數"":""0"",""自營商買賣超股數"":""-6,494"",""自營商買進股數(自行買賣)"":""2,000"",""自營商賣出股數(自行買賣)"":""4,000"",""自營商買賣超股數(自行買賣)"":""-2,000"",""自營商買進股數(避險)"":""401"",""自營商賣出股數(避險)"":""4,895"",""自營商買賣超股數(避險)"":""-4,494"",""三大法人買賣超股數"":""89,275""}"
2026-10-01,TWSE,8045,達運光電        ,103000,18000,85000,12,0,12,0,0,401,"{""證券代號"":""8045"",""證券名稱"":""達運光電        "",""外陸資買進股數(不含外資自營商)"":""103,000"",""外陸資賣出股數(不含外資自營商)"":""18,000"",""外陸資買賣超股數(不含外資自營商)"":""85,000"",""外資自營商買進股數"":""0"",""外資自營商賣出股數"":""0"",""外資自營商買賣超股數"":""0"",""投信買進股數"":""12"",""投信賣出股數"":""0"",""投信買賣超股數"":""12"",""自營商買賣超股數"":""401"",""自營商買進股數(自行買賣)"":""401"",""自營商賣出股數(自行買賣)"":""0"",""自營商買賣超股數(自行買賣)"":""401"",""自營商買進股數(避險)"":""0"",""自營商賣出股數(避險)"":""0"",""自營商買賣超股數(避險)"":""0"",""三大法人買賣超股數"":""85,413""}"
2026-10-01,TWSE,2425,承啟            ,195114,110000,85114,10,0,10,0,0,0,"{""證券代號"":""2425"",""證券名稱"":""承啟            "",""外陸資買進股數(不含外資自營商)"":""195,114"",""外陸資賣出股數(不含外資自營商)"":""110,000"",""外陸資買賣超股數(不含外資自營商)"":""85,114"",""外資自營商買進股數"":""0"",""外資自營商賣出股數"":""0"",""外資自營商買賣超股數"":""0"",""投信買進股數"":""10"",""投信賣出股數"":""0"",""投信買賣超股數"":""10"",""自營商買賣超股數"":""0"",""自營商買進股數(自行買賣)"":""0"",""自營商賣出股數(自行買賣)"":""0"",""自營商買賣超股數(自行買賣)"":""0"",""自營商買進股數(避險)"":""0"",""自營商賣出股數(避險)"":""0"",""自營商買賣超股數(避險)"":""0"",""三大法人買賣超股數"":""85,124""}"
2026-10-01,TWSE,2365,昆盈            ,234000,149000,85000,0,0,0,0,0,0,"{""證券代號"":""2365"",""證券名稱"":""昆盈            "",""外陸資買進股數(不含外資自營商)"":""234,000"",""外陸資賣出股數(不含外資自營商)"":""149,000"",""外陸資買賣超股數(不含外資自營商)"":""85,000"",""外資自營商買進股數"":""0"",""外資自營商賣出股數"":""0"",""外資自營商買賣超股數"":""0"",""投信買進股數"":""0"",""投信賣出股數"":""0"",""投信買賣超股數"":""0"",""自營商買賣超股數"":""0"",""自營商買進股數(自行買賣)"":""0"",""自營商賣出股數(自行買賣)"":""0"",""自營商買賣超股數(自行買賣)"":""0"",""自營商買進股數(避險)"":""0"",""自營商賣出股數(避險)"":""0"",""自營商買賣超股數(避險)"":""0"",""三大法人買賣超股數"":""85,000""}"
2026-10-01,TWSE,6605,帝寶            ,181985,97000,84985,0,0,0,0,0,-124,"{""證券代號"":""6605"",""證券名稱"":""帝寶            "",""外陸資買進股數(不含外資自營商)"":""181,985"",""外陸資賣出股數(不含外資自營商)"":""97,000"",""外陸資買賣超股數(不含外資自營商)"":""84,985"",""外資自營商買進股數"":""0"",""外資自營商賣出股數"":""0"",""外資自營商買賣超股數"":""0"",""投信買進股數"":""0"",""投信賣出股數"":""0"",""投信買賣超股數"":""0"",""自營商買賣超股數"":""-124"",""自營商買進股數(自行買賣)"":""82"",""自營商賣出股數(自行買賣)"":""206"",""自營商買賣超股數(自行買賣)"":""-124"",""自營商買進股數(避險)"":""0"",""自營商賣出股數(避險)"":""0"",""自營商買賣超股數(避險)"":""0"",""三大法人買賣超股數"":""84,861""}"
2026-10-01,TWSE,2748,雲品            ,84000,0,84000,0,0,0,0,0,0,"{""證券代號"":""2748"",""證券名稱"":""雲品            "",""外陸資買進股數(不含外資自營商)"":""84,000"",""外陸資賣出股數(不含外資自營商)"":""0"",""外陸資買賣超股數(不含外資自營商)"":""84,000"",""外資自營商買進股數"":""0"",""外資自營商賣出股數"":""0"",""外資自營商買賣超股數"":""0"",""投信買進股數"":""0"",""投信賣出股數"":""0"",""投信買賣超股數"":""0"",""自營商買賣超股數"":""0"",""自營商買進股數(自行買賣)"":""0"",""自營商賣出股數(自行買賣)"":""0"",""自營商買賣超股數(自行買賣)"":""0"",""自營商買進股數(避險)"":""0"",""自營商賣出股數(避險)"":""0"",""自營商買賣超股數(避險)"":""0"",""三大法人買賣超股數"":""84,000""}"
2026-10-01,TWSE,3257,虹冠電          ,98000,15000,83000,14,0,14,0,0,0,"{""證券代號"":""3257"",""證券名稱"":""虹冠電          "",""外陸資買進股數(不含外資自營商)"":""98,000"",""外陸資賣出股數(不含外資自營商)"":""15,000"",""外陸資買賣超股數(不含外資自營商)"":""83,000"",""外資自營商買進股數"":""0"",""外資自營商賣出股數"":""0"",""外資自營商買賣超股數"":""0"",""投信買進股數"":""14"",""投信賣出股數"":""0"",""投信買賣超股數"":""14"",""自營商買賣超股數"":""0"",""自營商買進股數(自行買賣)"":""0"",""自營商賣出股數(自行買賣)"":""0"",""自營商買賣超股數(自行買賣)"":""0"",""自營商買進股數(避險)"":""0"",""自營商賣出股數(避險)"":""0"",""自營商買賣超股數(避險)"":""0"",""三大法人買賣超股數"":""83,014""}"
2026-10-01,TWSE,3052,夆典            ,83000,0,83000,0,0,0,0,0,0,"{""證券代號"":""3052"",""證券名稱"":""夆典            "",""外陸資買進股數(不含外資自營商)"":""83,000"",""外陸資賣出股數(不含外資自營商)"":""0"",""外陸資買賣超股數(不含外資自營商)"":""83,000"",""外資自營商買進股數"":""0"",""外資自營商賣出股數"":""0"",""外資自營商買賣超股數"":""0"",""投信買進股數"":""0"",""投信賣出股數"":""0"",""投信買賣超股數"":""0"",""自營商買賣超股數"":""0"",""自營商買進股數(自行買賣)"":""0"",""自營商賣出股數(自行買賣)"":""0"",""自營商買賣超股數(自行買賣)"":""0"",""自營商買進股數(避險)"":""0"",""自營商賣出股數(避險)"":""0"",""自營商買賣超股數(避險)"":""0"",""三大法人買賣超股數"":""83,000""}"
2026-10-01,TWSE,8404,百和興業-KY     ,126350,46055,80295,0,0,0,0,0,1000,"{""證券代號"":""8404"",""證券名稱"":""百和興業-KY     "",""外陸資買進股數(不含外資自營商)"":""126,350"",""外陸資賣出股數(不含外資自營商)"":""46,055"",""外陸資買賣超股數(不含外資自營商)"":""80,295"",""外資自營商買進股數"":""0"",""外資自營商賣出股數"":""0"",""外資自營商買賣超股數"":""0"",""投信買進股數"":""0"",""投信賣出股數"":""0"",""投信買賣超股數"":""0"",""自營商買賣超股數"":""1,000"",""自營商買進股數(自行買賣)"":""1,000"",""自營商賣出股數(自行買賣)"":""0"",""自營商買賣超股數(自行買賣)"":""1,000"",""自營商買進股數(避險)"":""0"",""自營商賣出股數(避險)"":""0"",""自營商買賣超股數(避險)"":""0"",""三大法人買賣超股數"":""81,295""}"
2026-10-01,TWSE,4178,永笙-KY         ,130000,51000,79000,0,0,0,0,0,2000,"{""證券代號"":""4178"",""證券名稱"":""永笙-KY         "",""外陸資買進股數(不含外資自營商)"":""130,000"",""外陸資賣出股數(不含外資自營商)"":""51,000"",""外陸資買賣超股數(不含外資自營商)"":""79,000"",""外資自營商買進股數"":""0"",""外資自營商賣出股數"":""0"",""外資自營商買賣超股數"":""0"",""投信買進股數"":""0"",""投信賣出股數"":""0"",""投信買賣超股數"":""0"",""自營商買賣超股數"":""2,000"",""自營商買進股數(自行買賣)"":""4,000"",""自營商賣出股數(自行買賣)"":""2,000"",""自營商買賣超股數(自行買賣)"":""2,000"",""自營商買進股數(避險)"":""0"",""自營商賣出股數(避險)"":""0"",""自營商買賣超股數(避險)"":""0"",""三大法人買賣超股數"":""81,000""}"
2026-10-01,TWSE,00710B,復華彭博非投等債,8000,5000,3000,0,0,0,203786,126177,77609,"{""證券代號"":""00710B"",""證券名稱"":""復華彭博非投等債"",""外陸資買進股數(不含外資自營商)"":""8,000"",""外陸資賣出股數(不含外資自營商)"":""5,000"",""外陸資買賣超股數(不含外資自營商)"":""3,000"",""外資自營商買進股數"":""0"",""外資自營商賣出股數"":""0"",""外資自營商買賣超股數"":""0"",""投信買進股數"":""0"",""投信賣出股數"":""0"",""投信買賣超股數"":""0"",""自營商買賣超股數"":""77,609"",""自營商買進股數(自行買賣)"":""0"",""自營商賣出股數(自行買賣)"":""0"",""自營商買賣超股數(自行買賣)"":""0"",""自營商買進股數(避險)"":""203,786"",""自營商賣出股數(避險)"":""126,177"",""自營商買賣超股數(避險)"":""77,609"",""三大法人買賣超股數"":""80,609""}"
2026-10-01,TWSE,6225,天瀚            ,20000,0,20000,0,0,0,0,0,59000,"{""證券代號"":""6225"",""證券名稱"":""天瀚            "",""外陸資買進股數(不含外資自營商)"":""20,000"",""外陸資賣出股數(不含外資自營商)"":""0"",""外陸資買賣超股數(不含外資自營商)"":""20,000"",""外資自營商買進股數"":""0"",""外資自營商賣出股數"":""0"",""外資自營商買賣超股數"":""0"",""投信買進股數"":""0"",""投信賣出股數"":""0"",""投信買賣超股數"":""0"",""自營商買賣超股數"":""59,000"",""自營商買進股數(自行買賣)"":""59,000"",""自營商賣出股數(自行買賣)"":""0"",""自營商買賣超股數(自行買賣)"":""59,000"",""自營商買進股數(避險)"":""0"",""自營商賣出股數(避險)"":""0"",""自營商買賣超股數(避險)"":""0"",""三大法人買賣超股數"":""79,000""}"
2026-10-01,TWSE,00669R,國泰美國道瓊反1 ,0,0,0,0,0,0,798281,720000,78281,"{""證券代號"":""00669R"",""證券名稱"":""國泰美國道瓊反1 "",""外陸資買進股數(不含外資自營商)"":""0"",""外陸資賣出股數(不含外資自營商)"":""0"",""外陸資買賣超股數(不含外資自營商)"":""0"",""外資自營商買進股數"":""0"",""外資自營商賣出股數"":""0"",""外資自營商買賣超股數"":""0"",""投信買進股數"":""0"",""投信賣出股數"":""0"",""投信買賣超股數"":""0"",""自營商買賣超股數"":""78,281"",""自營商買進股數(自行買賣)"":""0"",""自營商賣出股數(自行買賣)"":""0"",""自營商買賣超股數(自行買賣)"":""0"",""自營商買進股數(避險)"":""798,281"",""自營商賣出股數(避險)"":""720,000"",""自營商買賣超股數(避險)"":""78,281"",""三大法人買賣超股數"":""78,281""}"
2026-10-01,TWSE,2468,華經            ,90000,12000,78000,17,0,17,0,0,0,"{""證券代號"":""2468"",""證券名稱"":""華經            "",""外陸資買進股數(不含外資自營商)"":""90,000"",""外陸資賣出股數(不含外資自營商)"":""12,000"",""外陸資買賣超股數(不含外資自營商)"":""78,000"",""外資自營商買進股數"":""0"",""外資自營商賣出股數"":""0"",""外資自營商買賣超股數"":""0"",""投信買進股數"":""17"",""投信賣出股數"":""0"",""投信買賣超股數"":""17"",""自營商買賣超股數"":""0"",""自營商買進股數(自行買賣)"":""0"",""自營商賣出股數(自行買賣)"":""0"",""自營商買賣超股數(自行買賣)"":""0"",""自營商買進股數(避險)"":""0"",""自營商賣出股數(避險)"":""0"",""自營商買賣超股數(避險)"":""0"",""三大法人買賣超股數"":""78,017""}"
2026-10-01,TWSE,6108,競國            ,721782,646000,75782,27,0,27,0,0,2000,"{""證券代號"":""6108"",""證券名稱"":""競國            "",""外陸資買進股數(不含外資自營商)"":""721,782"",""外陸資賣出股數(不含外資自營商)"":""646,000"",""外陸資買賣超股數(不含外資自營商)"":""75,782"",""外資自營商買進股數"":""0"",""外資自營商賣出股數"":""0"",""外資自營商買賣超股數"":""0"",""投信買進股數"":""27"",""投信賣出股數"":""0"",""投信買賣超股數"":""27"",""自營商買賣超股數"":""2,000"",""自營商買進股數(自行買賣)"":""6,000"",""自營商賣出股數(自行買賣)"":""4,000"",""自營商買賣超股數(自行買賣)"":""2,000"",""自營商買進股數(避險)"":""0"",""自營商賣出股數(避險)"":""0"",""自營商買賣超股數(避險)"":""0"",""三大法人買賣超股數"":""77,809""}"
2026-10-01,TWSE,00665L,富邦恒生國企正2 ,92000,81000,11000,0,0,0,66000,0,66000,"{""證券代號"":""00665L"",""證券名稱"":""富邦恒生國企正2 "",""外陸資買進股數(不含外資自營商)"":""92,000"",""外陸資賣出股數(不含外資自營商)"":""81,000"",""外陸資買賣超股數(不含外資自營商)"":""11,000"",""外資自營商買進股數"":""0"",""外資自營商賣出股數"":""0"",""外資自營商買賣超股數"":""0"",""投信買進股數"":""0"",""投信賣出股數"":""0"",""投信買賣超股數"":""0"",""自營商買賣超股數"":""66,000"",""自營商買進股數(自行買賣)"":""0"",""自營商賣出股數(自行買賣)"":""0"",""自營商買賣超股數(自行買賣)"":""0"",""自營商買進股數(避險)"":""66,000"",""自營商賣出股數(避險)"":""0"",""自營商買賣超股數(避險)"":""66,000"",""三大法人買賣超股數"":""77,000""}"
2026-10-01,TWSE,1477,聚陽            ,110189,341581,-231392,311379,0,311379,0,6004,-5291,"{""證券代號"":""1477"",""證券名稱"":""聚陽            "",""外陸資買進股數(不含外資自營商)"":""110,189"",""外陸資賣出股數(不含外資自營商)"":""341,581"",""外陸資買賣超股數(不含外資自營商)"":""-231,392"",""外資自營商買進股數"":""0"",""外資自營商賣出股數"":""0"",""外資自營商買賣超股數"":""0"",""投信買進股數"":""311,379"",""投信賣出股數"":""0"",""投信買賣超股數"":""311,379"",""自營商買賣超股數"":""-5,291"",""自營商買進股數(自行買賣)"":""35,000"",""自營商賣出股數(自行買賣)"":""34,287"",""自營商買賣超股數(自行買賣)"":""713"",""自營商買進股數(避險)"":""0"",""自營商賣出股數(避險)"":""6,004"",""自營商買賣超股數(避險)"":""-6,004"",""三大法人買賣超股數"":""74,696""}"
2026-10-01,TWSE,6550,北極星藥業-KY   ,208288,133765,74523,0,0,0,0,0,0,"{""證券代號"":""6550"",""證券名稱"":""北極星藥業-KY   "",""外陸資買進股數(不含外資自營商)"":""208,288"",""外陸資賣出股數(不含外資自營商)"":""133,765"",""外陸資買賣超股數(不含外資自營商)"":""74,523"",""外資自營商買進股數"":""0"",""外資自營商賣出股數"":""0"",""外資自營商買賣超股數"":""0"",""投信買進股數"":""0"",""投信賣出股數"":""0"",""投信買賣超股數"":""0"",""自營商買賣超股數"":""0"",""自營商買進股數(自行買賣)"":""0"",""自營商賣出股數(自行買賣)"":""0"",""自營商買賣超股數(自行買賣)"":""0"",""自營商買進股數(避險)"":""0"",""自營商賣出股數(避險)"":""0"",""自營商買賣超股數(避險)"":""0"",""三大法人買賣超股數"":""74,523""}"
2026-10-01,TWSE,4770,上品            ,300591,203000,97591,0,0,0,5945,14775,-23830,"{""證券代號"":""4770"",""證券名稱"":""上品            "",""外陸資買進股數(不含外資自營商)"":""300,591"",""外陸資賣出股數(不含外資自營商)"":""203,000"",""外陸資買賣超股數(不含外資自營商)"":""97,591"",""外資自營商買進股數"":""0"",""外資自營商賣出股數"":""0"",""外資自營商買賣超股數"":""0"",""投信買進股數"":""0"",""投信賣出股數"":""0"",""投信買賣超股數"":""0"",""自營商買賣超股數"":""-23,830"",""自營商買進股數(自行買賣)"":""1,000"",""自營商賣出股數(自行買賣)"":""16,000"",""自營商買賣超股數(自行買賣)"":""-15,000"",""自營商買進股數(避險)"":""5,945"",""自營商賣出股數(避險)"":""14,775"",""自營商買賣超股數(避險)"":""-8,830"",""三大法人買賣超股數"":""73,761""}"
2026-10-01,TWSE,3010,華立            ,217610,154530,63080,0,0,0,12388,0,10388,"{""證券代號"":""3010"",""證券名稱"":""華立            "",""外陸資買進股數(不含外資自營商)"":""217,610"",""外陸資賣出股數(不含外資自營商)"":""154,530"",""外陸資買賣超股數(不含外資自營商)"":""63,080"",""外資自營商買進股數"":""0"",""外資自營商賣出股數"":""0"",""外資自營商買賣超股數"":""0"",""投信買進股數"":""0"",""投信賣出股數"":""0"",""投信買賣超股數"":""0"",""自營商買賣超股數"":""10,388"",""自營商買進股數(自行買賣)"":""2,000"",""自營商賣出股數(自行買賣)"":""4,000"",""自營商買賣超股數(自行買賣)"":""-2,000"",""自營商買進股數(避險)"":""12,388"",""自營商賣出股數(避險)"":""0"",""自營商買賣超股數(避險)"":""12,388"",""三大法人買賣超股數"":""73,468""}"
2026-10-01,TWSE,00634R,富邦上証反1     ,0,0,0,0,0,0,73000,0,73000,"{""證券代號"":""00634R"",""證券名稱"":""富邦上証反1     "",""外陸資買進股數(不含外資自營商)"":""0"",""外陸資賣出股數(不含外資自營商)"":""0"",""外陸資買賣超股數(不含外資自營商)"":""0"",""外資自營商買進股數"":""0"",""外資自營商賣出股數"":""0"",""外資自營商買賣超股數"":""0"",""投信買進股數"":""0"",""投信賣出股數"":""0"",""投信買賣超股數"":""0"",""自營商買賣超股數"":""73,000"",""自營商買進股數(自行買賣)"":""0"",""自營商賣出股數(自行買賣)"":""0"",""自營商買賣超股數(自行買賣)"":""0"",""自營商買進股數(避險)"":""73,000"",""自營商賣出股數(避險)"":""0"",""自營商買賣超股數(避險)"":""73,000"",""三大法人買賣超股數"":""73,000""}"
2026-10-01,TWSE,4952,凌通            ,173030,107000,66030,0,0,0,149,0,4149,"{""證券代號"":""4952"",""證券名稱"":""凌通            "",""外陸資買進股數(不含外資自營商)"":""173,030"",""外陸資賣出股數(不含外資自營商)"":""107,000"",""外陸資買賣超股數(不含外資自營商)"":""66,030"",""外資自營商買進股數"":""0"",""外資自營商賣出股數"":""0"",""外資自營商買賣超股數"":""0"",""投信買進股數"":""0"",""投信賣出股數"":""0"",""投信買賣超股數"":""0"",""自營商買賣超股數"":""4,149"",""自營商買進股數(自行買賣)"":""4,000"",""自營商賣出股數(自行買賣)"":""0"",""自營商買賣超股數(自行買賣)"":""4,000"",""自營商買進股數(避險)"":""149"",""自營商賣出股數(避險)"":""0"",""自營商買賣超股數(避險)"":""149"",""三大法人買賣超股數"":""70,179""}"
2026-10-01,TWSE,3058,立德            ,72000,4000,68000,0,0,0,0,0,0,"{""證券代號"":""3058"",""證券名稱"":""立德            "",""外陸資買進股數(不含外資自營商)"":""72,000"",""外陸資賣出股數(不含外資自營商)"":""4,000"",""外陸資買賣超股數(不含外資自營商)"":""68,000"",""外資自營商買進股數"":""0"",""外資自營商賣出股數"":""0"",""外資自營商買賣超股數"":""0"",""投信買進股數"":""0"",""投信賣出股數"":""0"",""投信買賣超股數"":""0"",""自營商買賣超股數"":""0"",""自營商買進股數(自行買賣)"":""0"",""自營商賣出股數(自行買賣)"":""0"",""自營商買賣超股數(自行買賣)"":""0"",""自營商買進股數(避險)"":""0"",""自營商賣出股數(避險)"":""0"",""自營商買賣超股數(避險)"":""0"",""三大法人買賣超股數"":""68,000""}"
2026-10-01,TWSE,2607,榮運            ,94677,33500,61177,0,0,0,1636,1000,5636,"{""證券代號"":""2607"",""證券名稱"":""榮運            "",""外陸資買進股數(不含外資自營商)"":""94,677"",""外陸資賣出股數(不含外資自營商)"":""33,500"",""外陸資買賣超股數(不含外資自營商)"":""61,177"",""外資自營商買進股數"":""0"",""外資自營商賣出股數"":""0"",""外資自營商買賣超股數"":""0"",""投信買進股數"":""0"",""投信賣出股數"":""0"",""投信買賣超股數"":""0"",""自營商買賣超股數"":""5,636"",""自營商買進股數(自行買賣)"":""5,000"",""自營商賣出股數(自行買賣)"":""0"",""自營商買賣超股數(自行買賣)"":""5,000"",""自營商買進股數(避險)"":""1,636"",""自營商賣出股數(避險)"":""1,000"",""自營商買賣超股數(避險)"":""636"",""三大法人買賣超股數"":""66,813""}"
2026-10-01,TWSE,2534,宏盛            ,88788,22000,66788,0,0,0,0,0,0,"{""證券代號"":""2534"",""證券名稱"":""宏盛            "",""外陸資買進股數(不含外資自營商)"":""88,788"",""外陸資賣出股數(不含外資自營商)"":""22,000"",""外陸資買賣超股數(不含外資自營商)"":""66,788"",""外資自營商買進股數"":""0"",""外資自營商賣出股數"":""0"",""外資自營商買賣超股數"":""0"",""投信買進股數"":""0"",""投信賣出股數"":""0"",""投信買賣超股數"":""0"",""自營商買賣超股數"":""0"",""自營商買進股數(自行買賣)"":""0"",""自營商賣出股數(自行買賣)"":""0"",""自營商買賣超股數(自行買賣)"":""0"",""自營商買進股數(避險)"":""0"",""自營商賣出股數(避險)"":""0"",""自營商買賣超股數(避險)"":""0"",""三大法人買賣超股數"":""66,788""}"
2026-10-01,TWSE,5469,瀚宇博          ,668536,609192,59344,0,0,0,7027,0,7039,"{""證券代號"":""5469"",""證券名稱"":""瀚宇博          "",""外陸資買進股數(不含外資自營商)"":""668,536"",""外陸資賣出股數(不含外資自營商)"":""609,192"",""外陸資買賣超股數(不含外資自營商)"":""59,344"",""外資自營商買進股數"":""0"",""外資自營商賣出股數"":""0"",""外資自營商買賣超股數"":""0"",""投信買進股數"":""0"",""投信賣出股數"":""0"",""投信買賣超股數"":""0"",""自營商買賣超股數"":""7,039"",""自營商買進股數(自行買賣)"":""12"",""自營商賣出股數(自行買賣)"":""0"",""自營商買賣超股數(自行買賣)"":""12"",""自營商買進股數(避險)"":""7,027"",""自營商賣出股數(避險)"":""0"",""自營商買賣超股數(避險)"":""7,027"",""三大法人買賣超股數"":""66,383""}"
2026-10-01,TWSE,3338,泰碩            ,144000,82002,61998,0,0,0,0,0,3589,"{""證券代號"":""3338"",""證券名稱"":""泰碩            "",""外陸資買進股數(不含外資自營商)"":""144,000"",""外陸資賣出股數(不含外資自營商)"":""82,002"",""外陸資買賣超股數(不含外資自營商)"":""61,998"",""外資自營商買進股數"":""0"",""外資自營商賣出股數"":""0"",""外資自營商買賣超股數"":""0"",""投信買進股數"":""0"",""投信賣出股數"":""0"",""投信買賣超股數"":""0"",""自營商買賣超股數"":""3,589"",""自營商買進股數(自行買賣)"":""4,000"",""自營商賣出股數(自行買賣)"":""411"",""自營商買賣超股數(自行買賣)"":""3,589"",""自營商買進股數(避險)"":""0"",""自營商賣出股數(避險)"":""0"",""自營商買賣超股數(避險)"":""0"",""三大法人買賣超股數"":""65,587""}"
2026-10-01,TWSE,3060,銘異            ,409700,349158,60542,24,0,24,887,1000,2887,"{""證券代號"":""3060"",""證券名稱"":""銘異            "",""外陸資買進股數(不含外資自營商)"":""409,700"",""外陸資賣出股數(不含外資自營商)"":""349,158"",""外陸資買賣超股數(不含外資自營商)"":""60,542"",""外資自營商買進股數"":""0"",""外資自營商賣出股數"":""0"",""外資自營商買賣超股數"":""0"",""投信買進股數"":""24"",""投信賣出股數"":""0"",""投信買賣超股數"":""24"",""自營商買賣超股數"":""2,887"",""自營商買進股數(自行買賣)"":""3,000"",""自營商賣出股數(自行買賣)"":""0"",""自營商買賣超股數(自行買賣)"":""3,000"",""自營商買進股數(避險)"":""887"",""自營商賣出股數(避險)"":""1,000"",""自營商買賣超股數(避險)"":""-113"",""三大法人買賣超股數"":""63,453""}"
2026-10-01,TWSE,1108,幸福            ,71000,3000,68000,0,0,0,0,0,-5000,"{""證券代號"":""1108"",""證券名稱"":""幸福            "",""外陸資買進股數(不含外資自營商)"":""71,000"",""外陸資賣出股數(不含外資自營商)"":""3,000"",""外陸資買賣超股數(不含外資自營商)"":""68,000"",""外資自營商買進股數"":""0"",""外資自營商賣出股數"":""0"",""外資自營商買賣超股數"":""0"",""投信買進股數"":""0"",""投信賣出股數"":""0"",""投信買賣超股數"":""0"",""自營商買賣超股數"":""-5,000"",""自營商買進股數(自行買賣)"":""0"",""自營商賣出股數(自行買賣)"":""5,000"",""自營商買賣超股數(自行買賣)"":""-5,000"",""自營商買進股數(避險)"":""0"",""自營商賣出股數(避險)"":""0"",""自營商買賣超股數(避險)"":""0"",""三大法人買賣超股數"":""63,000""}"
2026-10-01,TWSE,5243,乙盛-KY         ,380713,380000,713,0,0,0,60035,2805,62230,"{""證券代號"":""5243"",""證券名稱"":""乙盛-KY         "",""外陸資買進股數(不含外資自營商)"":""380,713"",""外陸資賣出股數(不含外資自營商)"":""380,000"",""外陸資買賣超股數(不含外資自營商)"":""713"",""外資自營商買進股數"":""0"",""外資自營商賣出股數"":""0"",""外資自營商買賣超股數"":""0"",""投信買進股數"":""0"",""投信賣出股數"":""0"",""投信買賣超股數"":""0"",""自營商買賣超股數"":""62,230"",""自營商買進股數(自行買賣)"":""5,000"",""自營商賣出股數(自行買賣)"":""0"",""自營商買賣超股數(自行買賣)"":""5,000"",""自營商買進股數(避險)"":""60,035"",""自營商賣出股數(避險)"":""2,805"",""自營商買賣超股數(避險)"":""57,230"",""三大法人買賣超股數"":""62,943""}"
2026-10-01,TWSE,3712,永崴投控        ,161459,99000,62459,0,0,0,0,0,0,"{""證券代號"":""3712"",""證券名稱"":""永崴投控        "",""外陸資買進股數(不含外資自營商)"":""161,459"",""外陸資賣出股數(不含外資自營商)"":""99,000"",""外陸資買賣超股數(不含外資自營商)"":""62,459"",""外資自營商買進股數"":""0"",""外資自營商賣出股數"":""0"",""外資自營商買賣超股數"":""0"",""投信買進股數"":""0"",""投信賣出股數"":""0"",""投信買賣超股數"":""0"",""自營商買賣超股數"":""0"",""自營商買進股數(自行買賣)"":""0"",""自營商賣出股數(自行買賣)"":""0"",""自營商買賣超股數(自行買賣)"":""0"",""自營商買進股數(避險)"":""0"",""自營商賣出股數(避險)"":""0"",""自營商買賣超股數(避險)"":""0"",""三大法人買賣超股數"":""62,459""}"
2026-10-01,TWSE,1789,神隆            ,142273,80112,62161,0,0,0,0,0,0,"{""證券代號"":""1789"",""證券名稱"":""神隆            "",""外陸資買進股數(不含外資自營商)"":""142,273"",""外陸資賣出股數(不含外資自營商)"":""80,112"",""外陸資買賣超股數(不含外資自營商)"":""62,161"",""外資自營商買進股數"":""0"",""外資自營商賣出股數"":""0"",""外資自營商買賣超股數"":""0"",""投信買進股數"":""0"",""投信賣出股數"":""0"",""投信買賣超股數"":""0"",""自營商買賣超股數"":""0"",""自營商買進股數(自行買賣)"":""0"",""自營商賣出股數(自行買賣)"":""0"",""自營商買賣超股數(自行買賣)"":""0"",""自營商買進股數(避險)"":""0"",""自營商賣出股數(避險)"":""0"",""自營商買賣超股數(避險)"":""0"",""三大法人買賣超股數"":""62,161""}"
2026-10-01,TWSE,6558,興能高          ,84000,22000,62000,0,0,0,0,0,0,"{""證券代號"":""6558"",""證券名稱"":""興能高          "",""外陸資買進股數(不含外資自營商)"":""84,000"",""外陸資賣出股數(不含外資自營商)"":""22,000"",""外陸資買賣超股數(不含外資自營商)"":""62,000"",""外資自營商買進股數"":""0"",""外資自營商賣出股數"":""0"",""外資自營商買賣超股數"":""0"",""投信買進股數"":""0"",""投信賣出股數"":""0"",""投信買賣超股數"":""0"",""自營商買賣超股數"":""0"",""自營商買進股數(自行買賣)"":""0"",""自營商賣出股數(自行買賣)"":""0"",""自營商買賣超股數(自行買賣)"":""0"",""自營商買進股數(避險)"":""0"",""自營商賣出股數(避險)"":""0"",""自營商買賣超股數(避險)"":""0"",""三大法人買賣超股數"":""62,000""}"
2026-10-01,TWSE,2539,櫻花建          ,385068,326238,58830,0,0,0,0,0,1000,"{""證券代號"":""2539"",""證券名稱"":""櫻花建          "",""外陸資買進股數(不含外資自營商)"":""385,068"",""外陸資賣出股數(不含外資自營商)"":""326,238"",""外陸資買賣超股數(不含外資自營商)"":""58,830"",""外資自營商買進股數"":""0"",""外資自營商賣出股數"":""0"",""外資自營商買賣超股數"":""0"",""投信買進股數"":""0"",""投信賣出股數"":""0"",""投信買賣超股數"":""0"",""自營商買賣超股數"":""1,000"",""自營商買進股數(自行買賣)"":""1,000"",""自營商賣出股數(自行買賣)"":""0"",""自營商買賣超股數(自行買賣)"":""1,000"",""自營商買進股數(避險)"":""0"",""自營商賣出股數(避險)"":""0"",""自營商買賣超股數(避險)"":""0"",""三大法人買賣超股數"":""59,830""}"
2026-10-01,TWSE,6189,豐藝            ,109071,53590,55481,0,0,0,0,40,3960,"{""證券代號"":""6189"",""證券名稱"":""豐藝            "",""外陸資買進股數(不含外資自營商)"":""109,071"",""外陸資賣出股數(不含外資自營商)"":""53,590"",""外陸資買賣超股數(不含外資自營商)"":""55,481"",""外資自營商買進股數"":""0"",""外資自營商賣出股數"":""0"",""外資自營商買賣超股數"":""0"",""投信買進股數"":""0"",""投信賣出股數"":""0"",""投信買賣超股數"":""0"",""自營商買賣超股數"":""3,960"",""自營商買進股數(自行買賣)"":""5,000"",""自營商賣出股數(自行買賣)"":""1,000"",""自營商買賣超股數(自行買賣)"":""4,000"",""自營商買進股數(避險)"":""0"",""自營商賣出股數(避險)"":""40"",""自營商買賣超股數(避險)"":""-40"",""三大法人買賣超股數"":""59,441""}"
2026-10-01,TWSE,6142,友勁            ,94000,40000,54000,0,0,0,0,0,4000,"{""證券代號"":""6142"",""證券名稱"":""友勁            "",""外陸資買進股數(不含外資自營商)"":""94,000"",""外陸資賣出股數(不含外資自營商)"":""40,000"",""外陸資買賣超股數(不含外資自營商)"":""54,000"",""外資自營商買進股數"":""0"",""外資自營商賣出股數"":""0"",""外資自營商買賣超股數"":""0"",""投信買進股數"":""0"",""投信賣出股數"":""0"",""投信買賣超股數"":""0"",""自營商買賣超股數"":""4,000"",""自營商買進股數(自行買賣)"":""4,000"",""自營商賣出股數(自行買賣)"":""0"",""自營商買賣超股數(自行買賣)"":""4,000"",""自營商買進股數(避險)"":""0"",""自營商賣出股數(避險)"":""0"",""自營商買賣超股數(避險)"":""0"",""三大法人買賣超股數"":""58,000""}"
2026-10-01,TWSE,1806,冠軍            ,62000,5000,57000,0,0,0,0,0,0,"{""證券代號"":""1806"",""證券名稱"":""冠軍            "",""外陸資買進股數(不含外資自營商)"":""62,000"",""外陸資賣出股數(不含外資自營商)"":""5,000"",""外陸資買賣超股數(不含外資自營商)"":""57,000"",""外資自營商買進股數"":""0"",""外資自營商賣出股數"":""0"",""外資自營商買賣超股數"":""0"",""投信買進股數"":""0"",""投信賣出股數"":""0"",""投信買賣超股數"":""0"",""自營商買賣超股數"":""0"",""自營商買進股數(自行買賣)"":""0"",""自營商賣出股數(自行買賣)"":""0"",""自營商買賣超股數(自行買賣)"":""0"",""自營商買進股數(避險)"":""0"",""自營商賣出股數(避險)"":""0"",""自營商買賣超股數(避險)"":""0"",""三大法人買賣超股數"":""57,000""}"
2026-10-01,TWSE,2913,農林            ,142000,86000,56000,0,0,0,0,0,490,"{""證券代號"":""2913"",""證券名稱"":""農林            "",""外陸資買進股數(不含外資自營商)"":""142,000"",""外陸資賣出股數(不含外資自營商)"":""86,000"",""外陸資買賣超股數(不含外資自營商)"":""56,000"",""外資自營商買進股數"":""0"",""外資自營商賣出股數"":""0"",""外資自營商買賣超股數"":""0"",""投信買進股數"":""0"",""投信賣出股數"":""0"",""投信買賣超股數"":""0"",""自營商買賣超股數"":""490"",""自營商買進股數(自行買賣)"":""490"",""自營商賣出股數(自行買賣)"":""0"",""自營商買賣超股數(自行買賣)"":""490"",""自營商買進股數(避險)"":""0"",""自營商賣出股數(避險)"":""0"",""自營商買賣超股數(避險)"":""0"",""三大法人買賣超股數"":""56,490""}"
2026-10-01,TWSE,6243,迅杰            ,278000,221000,57000,0,0,0,335,1000,-665,"{""證券代號"":""6243"",""證券名稱"":""迅杰            "",""外陸資買進股數(不含外資自營商)"":""278,000"",""外陸資賣出股數(不含外資自營商)"":""221,000"",""外陸資買賣超股數(不含外資自營商)"":""57,000"",""外資自營商買進股數"":""0"",""外資自營商賣出股數"":""0"",""外資自營商買賣超股數"":""0"",""投信買進股數"":""0"",""投信賣出股數"":""0"",""投信買賣超股數"":""0"",""自營商買賣超股數"":""-665"",""自營商買進股數(自行買賣)"":""0"",""自營商賣出股數(自行買賣)"":""0"",""自營商買賣超股數(自行買賣)"":""0"",""自營商買進股數(避險)"":""335"",""自營商賣出股數(避險)"":""1,000"",""自營商買賣超股數(避險)"":""-665"",""三大法人買賣超股數"":""56,335""}"
2026-10-01,TWSE,8996,高力            ,1623108,1698933,-75825,126000,25000,101000,2000,0,30167,"{""證券代號"":""8996"",""證券名稱"":""高力            "",""外陸資買進股數(不含外資自營商)"":""1,623,108"",""外陸資賣出股數(不含外資自營商)"":""1,698,933"",""外陸資買賣超股數(不含外資自營商)"":""-75,825"",""外資自營商買進股數"":""0"",""外資自營商賣出股數"":""0"",""外資自營商買賣超股數"":""0"",""投信買進股數"":""126,000"",""投信賣出股數"":""25,000"",""投信買賣超股數"":""101,000"",""自營商買賣超股數"":""30,167"",""自營商買進股數(自行買賣)"":""72,877"",""自營商賣出股數(自行買賣)"":""44,710"",""自營商買賣超股數(自行買賣)"":""28,167"",""自營商買進股數(避險)"":""2,000"",""自營商賣出股數(避險)"":""0"",""自營商買賣超股數(避險)"":""2,000"",""三大法人買賣超股數"":""55,342""}"
2026-10-01,TWSE,3055,蔚華科          ,96000,48000,48000,0,0,0,16055,15000,7055,"{""證券代號"":""3055"",""證券名稱"":""蔚華科          "",""外陸資買進股數(不含外資自營商)"":""96,000"",""外陸資賣出股數(不含外資自營商)"":""48,000"",""外陸資買賣超股數(不含外資自營商)"":""48,000"",""外資自營商買進股數"":""0"",""外資自營商賣出股數"":""0"",""外資自營商買賣超股數"":""0"",""投信買進股數"":""0"",""投信賣出股數"":""0"",""投信買賣超股數"":""0"",""自營商買賣超股數"":""7,055"",""自營商買進股數(自行買賣)"":""6,000"",""自營商賣出股數(自行買賣)"":""0"",""自營商買賣超股數(自行買賣)"":""6,000"",""自營商買進股數(避險)"":""16,055"",""自營商賣出股數(避險)"":""15,000"",""自營商買賣超股數(避險)"":""1,055"",""三大法人買賣超股數"":""55,055""}"
2026-10-01,TWSE,6526,達發            ,156346,90600,65746,19000,0,19000,11000,23329,-30029,"{""證券代號"":""6526"",""證券名稱"":""達發            "",""外陸資買進股數(不含外資自營商)"":""156,346"",""外陸資賣出股數(不含外資自營商)"":""90,600"",""外陸資買賣超股數(不含外資自營商)"":""65,746"",""外資自營商買進股數"":""0"",""外資自營商賣出股數"":""0"",""外資自營商買賣超股數"":""0"",""投信買進股數"":""19,000"",""投信賣出股數"":""0"",""投信買賣超股數"":""19,000"",""自營商買賣超股數"":""-30,029"",""自營商買進股數(自行買賣)"":""4,300"",""自營商賣出股數(自行買賣)"":""22,000"",""自營商買賣超股數(自行買賣)"":""-17,700"",""自營商買進股數(避險)"":""11,000"",""自營商賣出股數(避險)"":""23,329"",""自營商買賣超股數(避險)"":""-12,329"",""三大法人買賣超股數"":""54,717""}"
2026-10-01,TWSE,1702,南僑            ,123200,74001,49199,0,0,0,0,0,2968,"{""證券代號"":""1702"",""證券名稱"":""南僑            "",""外陸資買進股數(不含外資自營商)"":""123,200"",""外陸資賣出股數(不含外資自營商)"":""74,001"",""外陸資買賣超股數(不含外資自營商)"":""49,199"",""外資自營商買進股數"":""0"",""外資自營商賣出股數"":""0"",""外資自營商買賣超股數"":""0"",""投信買進股數"":""0"",""投信賣出股數"":""0"",""投信買賣超股數"":""0"",""自營商買賣超股數"":""2,968"",""自營商買進股數(自行買賣)"":""5,968"",""自營商賣出股數(自行買賣)"":""3,000"",""自營商買賣超股數(自行買賣)"":""2,968"",""自營商買進股數(避險)"":""0"",""自營商賣出股數(避險)"":""0"",""自營商買賣超股數(避險)"":""0"",""三大法人買賣超股數"":""52,167""}"
2026-10-01,TWSE,2007,燁興            ,53000,1000,52000,0,0,0,0,0,0,"{""證券代號"":""2007"",""證券名稱"":""燁興            "",""外陸資買進股數(不含外資自營商)"":""53,000"",""外陸資賣出股數(不含外資自營商)"":""1,000"",""外陸資買賣超股數(不含外資自營商)"":""52,000"",""外資自營商買進股數"":""0"",""外資自營商賣出股數"":""0"",""外資自營商買賣超股數"":""0"",""投信買進股數"":""0"",""投信賣出股數"":""0"",""投信買賣超股數"":""0"",""自營商買賣超股數"":""0"",""自營商買進股數(自行買賣)"":""0"",""自營商賣出股數(自行買賣)"":""0"",""自營商買賣超股數(自行買賣)"":""0"",""自營商買進股數(避險)"":""0"",""自營商賣出股數(避險)"":""0"",""自營商買賣超股數(避險)"":""0"",""三大法人買賣超股數"":""52,000""}"
2026-10-01,TWSE,009810,玉山全球藍籌100 ,0,0,0,0,0,0,50000,324,49676,"{""證券代號"":""009810"",""證券名稱"":""玉山全球藍籌100 "",""外陸資買進股數(不含外資自營商)"":""0"",""外陸資賣出股數(不含外資自營商)"":""0"",""外陸資買賣超股數(不含外資自營商)"":""0"",""外資自營商買進股數"":""0"",""外資自營商賣出股數"":""0"",""外資自營商買賣超股數"":""0"",""投信買進股數"":""0"",""投信賣出股數"":""0"",""投信買賣超股數"":""0"",""自營商買賣超股數"":""49,676"",""自營商買進股數(自行買賣)"":""0"",""自營商賣出股數(自行買賣)"":""0"",""自營商買賣超股數(自行買賣)"":""0"",""自營商買進股數(避險)"":""50,000"",""自營商賣出股數(避險)"":""324"",""自營商買賣超股數(避險)"":""49,676"",""三大法人買賣超股數"":""49,676""}"
2026-10-01,TWSE,2049,上銀            ,648344,580244,68100,0,0,0,3000,21848,-18748,"{""證券代號"":""2049"",""證券名稱"":""上銀            "",""外陸資買進股數(不含外資自營商)"":""648,344"",""外陸資賣出股數(不含外資自營商)"":""580,244"",""外陸資買賣超股數(不含外資自營商)"":""68,100"",""外資自營商買進股數"":""0"",""外資自營商賣出股數"":""0"",""外資自營商買賣超股數"":""0"",""投信買進股數"":""0"",""投信賣出股數"":""0"",""投信買賣超股數"":""0"",""自營商買賣超股數"":""-18,748"",""自營商買進股數(自行買賣)"":""100"",""自營商賣出股數(自行買賣)"":""0"",""自營商買賣超股數(自行買賣)"":""100"",""自營商買進股數(避險)"":""3,000"",""自營商賣出股數(避險)"":""21,848"",""自營商買賣超股數(避險)"":""-18,848"",""三大法人買賣超股數"":""49,352""}"
2026-10-01,TWSE,2540,愛山林          ,119073,70000,49073,0,0,0,0,0,0,"{""證券代號"":""2540"",""證券名稱"":""愛山林          "",""外陸資買進股數(不含外資自營商)"":""119,073"",""外陸資賣出股數(不含外資自營商)"":""70,000"",""外陸資買賣超股數(不含外資自營商)"":""49,073"",""外資自營商買進股數"":""0"",""外資自營商賣出股數"":""0"",""外資自營商買賣超股數"":""0"",""投信買進股數"":""0"",""投信賣出股數"":""0"",""投信買賣超股數"":""0"",""自營商買賣超股數"":""0"",""自營商買進股數(自行買賣)"":""0"",""自營商賣出股數(自行買賣)"":""0"",""自營商買賣超股數(自行買賣)"":""0"",""自營商買進股數(避險)"":""0"",""自營商賣出股數(避險)"":""0"",""自營商買賣超股數(避險)"":""0"",""三大法人買賣超股數"":""49,073""}"
2026-10-01,TWSE,9136,巨騰-DR         ,53000,5000,48000,0,0,0,700,0,700,"{""證券代號"":""9136"",""證券名稱"":""巨騰-DR         "",""外陸資買進股數(不含外資自營商)"":""53,000"",""外陸資賣出股數(不含外資自營商)"":""5,000"",""外陸資買賣超股數(不含外資自營商)"":""48,000"",""外資自營商買進股數"":""0"",""外資自營商賣出股數"":""0"",""外資自營商買賣超股數"":""0"",""投信買進股數"":""0"",""投信賣出股數"":""0"",""投信買賣超股數"":""0"",""自營商買賣超股數"":""700"",""自營商買進股數(自行買賣)"":""0"",""自營商賣出股數(自行買賣)"":""0"",""自營商買賣超股數(自行買賣)"":""0"",""自營商買進股數(避險)"":""700"",""自營商賣出股數(避險)"":""0"",""自營商買賣超股數(避險)"":""700"",""三大法人買賣超股數"":""48,700""}"
2026-10-01,TWSE,6768,志強-KY         ,64173,17000,47173,0,0,0,0,0,0,"{""證券代號"":""6768"",""證券名稱"":""志強-KY         "",""外陸資買進股數(不含外資自營商)"":""64,173"",""外陸資賣出股數(不含外資自營商)"":""17,000"",""外陸資買賣超股數(不含外資自營商)"":""47,173"",""外資自營商買進股數"":""0"",""外資自營商賣出股數"":""0"",""外資自營商買賣超股數"":""0"",""投信買進股數"":""0"",""投信賣出股數"":""0"",""投信買賣超股數"":""0"",""自營商買賣超股數"":""0"",""自營商買進股數(自行買賣)"":""0"",""自營商賣出股數(自行買賣)"":""0"",""自營商買賣超股數(自行買賣)"":""0"",""自營商買進股數(避險)"":""0"",""自營商賣出股數(避險)"":""0"",""自營商買賣超股數(避險)"":""0"",""三大法人買賣超股數"":""47,173""}"
2026-10-01,TWSE,009808,華南永昌優選50  ,0,0,0,0,0,0,57268,10315,46953,"{""證券代號"":""009808"",""證券名稱"":""華南永昌優選50  "",""外陸資買進股數(不含外資自營商)"":""0"",""外陸資賣出股數(不含外資自營商)"":""0"",""外陸資買賣超股數(不含外資自營商)"":""0"",""外資自營商買進股數"":""0"",""外資自營商賣出股數"":""0"",""外資自營商買賣超股數"":""0"",""投信買進股數"":""0"",""投信賣出股數"":""0"",""投信買賣超股數"":""0"",""自營商買賣超股數"":""46,953"",""自營商買進股數(自行買賣)"":""0"",""自營商賣出股數(自行買賣)"":""0"",""自營商買賣超股數(自行買賣)"":""0"",""自營商買進股數(避險)"":""57,268"",""自營商賣出股數(避險)"":""10,315"",""自營商買賣超股數(避險)"":""46,953"",""三大法人買賣超股數"":""46,953""}"
2026-10-01,TWSE,1558,伸興            ,177723,132523,45200,0,0,0,26000,26000,1157,"{""證券代號"":""1558"",""證券名稱"":""伸興            "",""外陸資買進股數(不含外資自營商)"":""177,723"",""外陸資賣出股數(不含外資自營商)"":""132,523"",""外陸資買賣超股數(不含外資自營商)"":""45,200"",""外資自營商買進股數"":""0"",""外資自營商賣出股數"":""0"",""外資自營商買賣超股數"":""0"",""投信買進股數"":""0"",""投信賣出股數"":""0"",""投信買賣超股數"":""0"",""自營商買賣超股數"":""1,157"",""自營商買進股數(自行買賣)"":""1,157"",""自營商賣出股數(自行買賣)"":""0"",""自營商買賣超股數(自行買賣)"":""1,157"",""自營商買進股數(避險)"":""26,000"",""自營商賣出股數(避險)"":""26,000"",""自營商買賣超股數(避險)"":""0"",""三大法人買賣超股數"":""46,357""}"
2026-10-01,TWSE,1218,泰山            ,130914,84728,46186,0,0,0,0,0,0,"{""證券代號"":""1218"",""證券名稱"":""泰山            "",""外陸資買進股數(不含外資自營商)"":""130,914"",""外陸資賣出股數(不含外資自營商)"":""84,728"",""外陸資買賣超股數(不含外資自營商)"":""46,186"",""外資自營商買進股數"":""0"",""外資自營商賣出股數"":""0"",""外資自營商買賣超股數"":""0"",""投信買進股數"":""0"",""投信賣出股數"":""0"",""投信買賣超股數"":""0"",""自營商買賣超股數"":""0"",""自營商買進股數(自行買賣)"":""0"",""自營商賣出股數(自行買賣)"":""0"",""自營商買賣超股數(自行買賣)"":""0"",""自營商買進股數(避險)"":""0"",""自營商賣出股數(避險)"":""0"",""自營商買賣超股數(避險)"":""0"",""三大法人買賣超股數"":""46,186""}"
2026-10-01,TWSE,4562,穎漢            ,76000,31000,45000,0,0,0,0,0,300,"{""證券代號"":""4562"",""證券名稱"":""穎漢            "",""外陸資買進股數(不含外資自營商)"":""76,000"",""外陸資賣出股數(不含外資自營商)"":""31,000"",""外陸資買賣超股數(不含外資自營商)"":""45,000"",""外資自營商買進股數"":""0"",""外資自營商賣出股數"":""0"",""外資自營商買賣超股數"":""0"",""投信買進股數"":""0"",""投信賣出股數"":""0"",""投信買賣超股數"":""0"",""自營商買賣超股數"":""300"",""自營商買進股數(自行買賣)"":""300"",""自營商賣出股數(自行買賣)"":""0"",""自營商買賣超股數(自行買賣)"":""300"",""自營商買進股數(避險)"":""0"",""自營商賣出股數(避險)"":""0"",""自營商買賣超股數(避險)"":""0"",""三大法人買賣超股數"":""45,300""}"
2026-10-01,TWSE,6869,雲豹能源        ,266475,219000,47475,0,0,0,0,3185,-3185,"{""證券代號"":""6869"",""證券名稱"":""雲豹能源        "",""外陸資買進股數(不含外資自營商)"":""266,475"",""外陸資賣出股數(不含外資自營商)"":""219,000"",""外陸資買賣超股數(不含外資自營商)"":""47,475"",""外資自營商買進股數"":""0"",""外資自營商賣出股數"":""0"",""外資自營商買賣超股數"":""0"",""投信買進股數"":""0"",""投信賣出股數"":""0"",""投信買賣超股數"":""0"",""自營商買賣超股數"":""-3,185"",""自營商買進股數(自行買賣)"":""0"",""自營商賣出股數(自行買賣)"":""0"",""自營商買賣超股數(自行買賣)"":""0"",""自營商買進股數(避險)"":""0"",""自營商賣出股數(避險)"":""3,185"",""自營商買賣超股數(避險)"":""-3,185"",""三大法人買賣超股數"":""44,290""}"
2026-10-01,TWSE,4755,三福化          ,72315,41000,31315,0,0,0,0,0,12000,"{""證券代號"":""4755"",""證券名稱"":""三福化          "",""外陸資買進股數(不含外資自營商)"":""72,315"",""外陸資賣出股數(不含外資自營商)"":""41,000"",""外陸資買賣超股數(不含外資自營商)"":""31,315"",""外資自營商買進股數"":""0"",""外資自營商賣出股數"":""0"",""外資自營商買賣超股數"":""0"",""投信買進股數"":""0"",""投信賣出股數"":""0"",""投信買賣超股數"":""0"",""自營商買賣超股數"":""12,000"",""自營商買進股數(自行買賣)"":""12,000"",""自營商賣出股數(自行買賣)"":""0"",""自營商買賣超股數(自行買賣)"":""12,000"",""自營商買進股數(避險)"":""0"",""自營商賣出股數(避險)"":""0"",""自營商買賣超股數(避險)"":""0"",""三大法人買賣超股數"":""43,315""}"
2026-10-01,TWSE,2516,新建            ,39050,3000,36050,0,0,0,0,0,7002,"{""證券代號"":""2516"",""證券名稱"":""新建            "",""外陸資買進股數(不含外資自營商)"":""39,050"",""外陸資賣出股數(不含外資自營商)"":""3,000"",""外陸資買賣超股數(不含外資自營商)"":""36,050"",""外資自營商買進股數"":""0"",""外資自營商賣出股數"":""0"",""外資自營商買賣超股數"":""0"",""投信買進股數"":""0"",""投信賣出股數"":""0"",""投信買賣超股數"":""0"",""自營商買賣超股數"":""7,002"",""自營商買進股數(自行買賣)"":""7,002"",""自營商賣出股數(自行買賣)"":""0"",""自營商買賣超股數(自行買賣)"":""7,002"",""自營商買進股數(避險)"":""0"",""自營商賣出股數(避險)"":""0"",""自營商買賣超股數(避險)"":""0"",""三大法人買賣超股數"":""43,052""}"
2026-10-01,TWSE,6277,宏正            ,86150,43220,42930,0,0,0,2000,2000,0,"{""證券代號"":""6277"",""證券名稱"":""宏正            "",""外陸資買進股數(不含外資自營商)"":""86,150"",""外陸資賣出股數(不含外資自營商)"":""43,220"",""外陸資買賣超股數(不含外資自營商)"":""42,930"",""外資自營商買進股數"":""0"",""外資自營商賣出股數"":""0"",""外資自營商買賣超股數"":""0"",""投信買進股數"":""0"",""投信賣出股數"":""0"",""投信買賣超股數"":""0"",""自營商買賣超股數"":""0"",""自營商買進股數(自行買賣)"":""0"",""自營商賣出股數(自行買賣)"":""0"",""自營商買賣超股數(自行買賣)"":""0"",""自營商買進股數(避險)"":""2,000"",""自營商賣出股數(避險)"":""2,000"",""自營商買賣超股數(避險)"":""0"",""三大法人買賣超股數"":""42,930""}"
2026-10-01,TWSE,5269,祥碩            ,94404,69117,25287,0,0,0,16369,1389,17580,"{""證券代號"":""5269"",""證券名稱"":""祥碩            "",""外陸資買進股數(不含外資自營商)"":""94,404"",""外陸資賣出股數(不含外資自營商)"":""69,117"",""外陸資買賣超股數(不含外資自營商)"":""25,287"",""外資自營商買進股數"":""0"",""外資自營商賣出股數"":""0"",""外資自營商買賣超股數"":""0"",""投信買進股數"":""0"",""投信賣出股數"":""0"",""投信買賣超股數"":""0"",""自營商買賣超股數"":""17,580"",""自營商買進股數(自行買賣)"":""2,600"",""自營商賣出股數(自行買賣)"":""0"",""自營商買賣超股數(自行買賣)"":""2,600"",""自營商買進股數(避險)"":""16,369"",""自營商賣出股數(避險)"":""1,389"",""自營商買賣超股數(避險)"":""14,980"",""三大法人買賣超股數"":""42,867""}"
2026-10-01,TWSE,00640L,富邦日本正2     ,1000,1000,0,0,0,0,48308,6300,42008,"{""證券代號"":""00640L"",""證券名稱"":""富邦日本正2     "",""外陸資買進股數(不含外資自營商)"":""1,000"",""外陸資賣出股數(不含外資自營商)"":""1,000"",""外陸資買賣超股數(不含外資自營商)"":""0"",""外資自營商買進股數"":""0"",""外資自營商賣出股數"":""0"",""外資自營商買賣超股數"":""0"",""投信買進股數"":""0"",""投信賣出股數"":""0"",""投信買賣超股數"":""0"",""自營商買賣超股數"":""42,008"",""自營商買進股數(自行買賣)"":""0"",""自營商賣出股數(自行買賣)"":""0"",""自營商買賣超股數(自行買賣)"":""0"",""自營商買進股數(避險)"":""48,308"",""自營商賣出股數(避險)"":""6,300"",""自營商買賣超股數(避險)"":""42,008"",""三大法人買賣超股數"":""42,008""}"
2026-10-01,TWSE,9917,中保科          ,82869,46995,35874,0,0,0,0,0,6000,"{""證券代號"":""9917"",""證券名稱"":""中保科          "",""外陸資買進股數(不含外資自營商)"":""82,869"",""外陸資賣出股數(不含外資自營商)"":""46,995"",""外陸資買賣超股數(不含外資自營商)"":""35,874"",""外資自營商買進股數"":""0"",""外資自營商賣出股數"":""0"",""外資自營商買賣超股數"":""0"",""投信買進股數"":""0"",""投信賣出股數"":""0"",""投信買賣超股數"":""0"",""自營商買賣超股數"":""6,000"",""自營商買進股數(自行買賣)"":""6,000"",""自營商賣出股數(自行買賣)"":""0"",""自營商買賣超股數(自行買賣)"":""6,000"",""自營商買進股數(避險)"":""0"",""自營商賣出股數(避險)"":""0"",""自營商買賣超股數(避險)"":""0"",""三大法人買賣超股數"":""41,874""}"
2026-10-01,TWSE,2345,智邦            ,2535702,2048977,486725,314000,802000,-488000,110883,67544,42839,"{""證券代號"":""2345"",""證券名稱"":""智邦            "",""外陸資買進股數(不含外資自營商)"":""2,535,702"",""外陸資賣出股數(不含外資自營商)"":""2,048,977"",""外陸資買賣超股數(不含外資自營商)"":""486,725"",""外資自營商買進股數"":""0"",""外資自營商賣出股數"":""0"",""外資自營商買賣超股數"":""0"",""投信買進股數"":""314,000"",""投信賣出股數"":""802,000"",""投信買賣超股數"":""-488,000"",""自營商買賣超股數"":""42,839"",""自營商買進股數(自行買賣)"":""23,100"",""自營商賣出股數(自行買賣)"":""23,600"",""自營商買賣超股數(自行買賣)"":""-500"",""自營商買進股數(避險)"":""110,883"",""自營商賣出股數(避險)"":""67,544"",""自營商買賣超股數(避險)"":""43,339"",""三大法人買賣超股數"":""41,564""}"
2026-10-01,TWSE,5222,全訊            ,54109,12000,42109,0,1000,-1000,0,0,0,"{""證券代號"":""5222"",""證券名稱"":""全訊            "",""外陸資買進股數(不含外資自營商)"":""54,109"",""外陸資賣出股數(不含外資自營商)"":""12,000"",""外陸資買賣超股數(不含外資自營商)"":""42,109"",""外資自營商買進股數"":""0"",""外資自營商賣出股數"":""0"",""外資自營商買賣超股數"":""0"",""投信買進股數"":""0"",""投信賣出股數"":""1,000"",""投信買賣超股數"":""-1,000"",""自營商買賣超股數"":""0"",""自營商買進股數(自行買賣)"":""0"",""自營商賣出股數(自行買賣)"":""0"",""自營商買賣超股數(自行買賣)"":""0"",""自營商買進股數(避險)"":""0"",""自營商賣出股數(避險)"":""0"",""自營商買賣超股數(避險)"":""0"",""三大法人買賣超股數"":""41,109""}"
2026-10-01,TWSE,6136,富爾特          ,73000,32000,41000,10,0,10,0,0,2,"{""證券代號"":""6136"",""證券名稱"":""富爾特          "",""外陸資買進股數(不含外資自營商)"":""73,000"",""外陸資賣出股數(不含外資自營商)"":""32,000"",""外陸資買賣超股數(不含外資自營商)"":""41,000"",""外資自營商買進股數"":""0"",""外資自營商賣出股數"":""0"",""外資自營商買賣超股數"":""0"",""投信買進股數"":""10"",""投信賣出股數"":""0"",""投信買賣超股數"":""10"",""自營商買賣超股數"":""2"",""自營商買進股數(自行買賣)"":""2"",""自營商賣出股數(自行買賣)"":""0"",""自營商買賣超股數(自行買賣)"":""2"",""自營商買進股數(避險)"":""0"",""自營商賣出股數(避險)"":""0"",""自營商買賣超股數(避險)"":""0"",""三大法人買賣超股數"":""41,012""}"
2026-10-01,TWSE,3002,歐格            ,86000,46000,40000,42,0,42,802,1000,-198,"{""證券代號"":""3002"",""證券名稱"":""歐格            "",""外陸資買進股數(不含外資自營商)"":""86,000"",""外陸資賣出股數(不含外資自營商)"":""46,000"",""外陸資買賣超股數(不含外資自營商)"":""40,000"",""外資自營商買進股數"":""0"",""外資自營商賣出股數"":""0"",""外資自營商買賣超股數"":""0"",""投信買進股數"":""42"",""投信賣出股數"":""0"",""投信買賣超股數"":""42"",""自營商買賣超股數"":""-198"",""自營商買進股數(自行買賣)"":""0"",""自營商賣出股數(自行買賣)"":""0"",""自營商買賣超股數(自行買賣)"":""0"",""自營商買進股數(避險)"":""802"",""自營商賣出股數(避險)"":""1,000"",""自營商買賣超股數(避險)"":""-198"",""三大法人買賣超股數"":""39,844""}"
2026-10-01,TWSE,2491,吉祥全          ,167200,129000,38200,5,0,5,0,0,1000,"{""證券代號"":""2491"",""證券名稱"":""吉祥全          "",""外陸資買進股數(不含外資自營商)"":""167,200"",""外陸資賣出股數(不含外資自營商)"":""129,000"",""外陸資買賣超股數(不含外資自營商)"":""38,200"",""外資自營商買進股數"":""0"",""外資自營商賣出股數"":""0"",""外資自營商買賣超股數"":""0"",""投信買進股數"":""5"",""投信賣出股數"":""0"",""投信買賣超股數"":""5"",""自營商買賣超股數"":""1,000"",""自營商買進股數(自行買賣)"":""1,000"",""自營商賣出股數(自行買賣)"":""0"",""自營商買賣超股數(自行買賣)"":""1,000"",""自營商買進股數(避險)"":""0"",""自營商賣出股數(避險)"":""0"",""自營商買賣超股數(避險)"":""0"",""三大法人買賣超股數"":""39,205""}"
2026-10-01,TWSE,2908,特力            ,58240,20000,38240,0,0,0,0,0,0,"{""證券代號"":""2908"",""證券名稱"":""特力            "",""外陸資買進股數(不含外資自營商)"":""58,240"",""外陸資賣出股數(不含外資自營商)"":""20,000"",""外陸資買賣超股數(不含外資自營商)"":""38,240"",""外資自營商買進股數"":""0"",""外資自營商賣出股數"":""0"",""外資自營商買賣超股數"":""0"",""投信買進股數"":""0"",""投信賣出股數"":""0"",""投信買賣超股數"":""0"",""自營商買賣超股數"":""0"",""自營商買進股數(自行買賣)"":""0"",""自營商賣出股數(自行買賣)"":""0"",""自營商買賣超股數(自行買賣)"":""0"",""自營商買進股數(避險)"":""0"",""自營商賣出股數(避險)"":""0"",""自營商買賣超股數(避險)"":""0"",""三大法人買賣超股數"":""38,240""}"
2026-10-01,TWSE,00675L,富邦臺灣加權正2 ,12050,20000,-7950,0,0,0,195302,149780,45522,"{""證券代號"":""00675L"",""證券名稱"":""富邦臺灣加權正2 "",""外陸資買進股數(不含外資自營商)"":""12,050"",""外陸資賣出股數(不含外資自營商)"":""20,000"",""外陸資買賣超股數(不含外資自營商)"":""-7,950"",""外資自營商買進股數"":""0"",""外資自營商賣出股數"":""0"",""外資自營商買賣超股數"":""0"",""投信買進股數"":""0"",""投信賣出股數"":""0"",""投信買賣超股數"":""0"",""自營商買賣超股數"":""45,522"",""自營商買進股數(自行買賣)"":""0"",""自營商賣出股數(自行買賣)"":""0"",""自營商買賣超股數(自行買賣)"":""0"",""自營商買進股數(避險)"":""195,302"",""自營商賣出股數(避險)"":""149,780"",""自營商買賣超股數(避險)"":""45,522"",""三大法人買賣超股數"":""37,572""}"
2026-10-01,TWSE,1219,福壽            ,51006,14000,37006,0,0,0,0,0,0,"{""證券代號"":""1219"",""證券名稱"":""福壽            "",""外陸資買進股數(不含外資自營商)"":""51,006"",""外陸資賣出股數(不含外資自營商)"":""14,000"",""外陸資買賣超股數(不含外資自營商)"":""37,006"",""外資自營商買進股數"":""0"",""外資自營商賣出股數"":""0"",""外資自營商買賣超股數"":""0"",""投信買進股數"":""0"",""投信賣出股數"":""0"",""投信買賣超股數"":""0"",""自營商買賣超股數"":""0"",""自營商買進股數(自行買賣)"":""0"",""自營商賣出股數(自行買賣)"":""0"",""自營商買賣超股數(自行買賣)"":""0"",""自營商買進股數(避險)"":""0"",""自營商賣出股數(避險)"":""0"",""自營商買賣超股數(避險)"":""0"",""三大法人買賣超股數"":""37,006""}"
2026-10-01,TWSE,3040,遠見            ,60000,23000,37000,0,0,0,0,0,0,"{""證券代號"":""3040"",""證券名稱"":""遠見            "",""外陸資買進股數(不含外資自營商)"":""60,000"",""外陸資賣出股數(不含外資自營商)"":""23,000"",""外陸資買賣超股數(不含外資自營商)"":""37,000"",""外資自營商買進股數"":""0"",""外資自營商賣出股數"":""0"",""外資自營商買賣超股數"":""0"",""投信買進股數"":""0"",""投信賣出股數"":""0"",""投信買賣超股數"":""0"",""自營商買賣超股數"":""0"",""自營商買進股數(自行買賣)"":""0"",""自營商賣出股數(自行買賣)"":""0"",""自營商買賣超股數(自行買賣)"":""0"",""自營商買進股數(避險)"":""0"",""自營商賣出股數(避險)"":""0"",""自營商買賣超股數(避險)"":""0"",""三大法人買賣超股數"":""37,000""}"
2026-10-01,TWSE,4536,拓凱            ,61102,24724,36378,0,0,0,0,0,597,"{""證券代號"":""4536"",""證券名稱"":""拓凱            "",""外陸資買進股數(不含外資自營商)"":""61,102"",""外陸資賣出股數(不含外資自營商)"":""24,724"",""外陸資買賣超股數(不含外資自營商)"":""36,378"",""外資自營商買進股數"":""0"",""外資自營商賣出股數"":""0"",""外資自營商買賣超股數"":""0"",""投信買進股數"":""0"",""投信賣出股數"":""0"",""投信買賣超股數"":""0"",""自營商買賣超股數"":""597"",""自營商買進股數(自行買賣)"":""983"",""自營商賣出股數(自行買賣)"":""386"",""自營商買賣超股數(自行買賣)"":""597"",""自營商買進股數(避險)"":""0"",""自營商賣出股數(避險)"":""0"",""自營商買賣超股數(避險)"":""0"",""三大法人買賣超股數"":""36,975""}"
2026-10-01,TWSE,3346,麗清            ,115100,83000,32100,0,0,0,0,0,4001,"{""證券代號"":""3346"",""證券名稱"":""麗清            "",""外陸資買進股數(不含外資自營商)"":""115,100"",""外陸資賣出股數(不含外資自營商)"":""83,000"",""外陸資買賣超股數(不含外資自營商)"":""32,100"",""外資自營商買進股數"":""0"",""外資自營商賣出股數"":""0"",""外資自營商買賣超股數"":""0"",""投信買進股數"":""0"",""投信賣出股數"":""0"",""投信買賣超股數"":""0"",""自營商買賣超股數"":""4,001"",""自營商買進股數(自行買賣)"":""4,001"",""自營商賣出股數(自行買賣)"":""0"",""自營商買賣超股數(自行買賣)"":""4,001"",""自營商買進股數(避險)"":""0"",""自營商賣出股數(避險)"":""0"",""自營商買賣超股數(避險)"":""0"",""三大法人買賣超股數"":""36,101""}"
2026-10-01,TWSE,6573,虹揚-KY         ,39000,3000,36000,0,0,0,0,0,0,"{""證券代號"":""6573"",""證券名稱"":""虹揚-KY         "",""外陸資買進股數(不含外資自營商)"":""39,000"",""外陸資賣出股數(不含外資自營商)"":""3,000"",""外陸資買賣超股數(不含外資自營商)"":""36,000"",""外資自營商買進股數"":""0"",""外資自營商賣出股數"":""0"",""外資自營商買賣超股數"":""0"",""投信買進股數"":""0"",""投信賣出股數"":""0"",""投信買賣超股數"":""0"",""自營商買賣超股數"":""0"",""自營商買進股數(自行買賣)"":""0"",""自營商賣出股數(自行買賣)"":""0"",""自營商買賣超股數(自行買賣)"":""0"",""自營商買進股數(避險)"":""0"",""自營商賣出股數(避險)"":""0"",""自營商買賣超股數(避險)"":""0"",""三大法人買賣超股數"":""36,000""}"
2026-10-01,TWSE,3588,通嘉            ,135000,101450,33550,0,0,0,1233,1000,1233,"{""證券代號"":""3588"",""證券名稱"":""通嘉            "",""外陸資買進股數(不含外資自營商)"":""135,000"",""外陸資賣出股數(不含外資自營商)"":""101,450"",""外陸資買賣超股數(不含外資自營商)"":""33,550"",""外資自營商買進股數"":""0"",""外資自營商賣出股數"":""0"",""外資自營商買賣超股數"":""0"",""投信買進股數"":""0"",""投信賣出股數"":""0"",""投信買賣超股數"":""0"",""自營商買賣超股數"":""1,233"",""自營商買進股數(自行買賣)"":""1,000"",""自營商賣出股數(自行買賣)"":""0"",""自營商買賣超股數(自行買賣)"":""1,000"",""自營商買進股數(避險)"":""1,233"",""自營商賣出股數(避險)"":""1,000"",""自營商買賣超股數(避險)"":""233"",""三大法人買賣超股數"":""34,783""}"
2026-10-01,TWSE,3008,大立光          ,813148,696650,116498,4000,143000,-139000,154587,113434,56591,"{""證券代號"":""3008"",""證券名稱"":""大立光          "",""外陸資買進股數(不含外資自營商)"":""813,148"",""外陸資賣出股數(不含外資自營商)"":""696,650"",""外陸資買賣超股數(不含外資自營商)"":""116,498"",""外資自營商買進股數"":""0"",""外資自營商賣出股數"":""0"",""外資自營商買賣超股數"":""0"",""投信買進股數"":""4,000"",""投信賣出股數"":""143,000"",""投信買賣超股數"":""-139,000"",""自營商買賣超股數"":""56,591"",""自營商買進股數(自行買賣)"":""64,100"",""自營商賣出股數(自行買賣)"":""48,662"",""自營商買賣超股數(自行買賣)"":""15,438"",""自營商買進股數(避險)"":""154,587"",""自營商賣出股數(避險)"":""113,434"",""自營商買賣超股數(避險)"":""41,153"",""三大法人買賣超股數"":""34,089""}"
2026-10-01,TWSE,00982D,主動富邦動態入息,0,0,0,0,0,0,449039,415000,34039,"{""證券代號"":""00982D"",""證券名稱"":""主動富邦動態入息"",""外陸資買進股數(不含外資自營商)"":""0"",""外陸資賣出股數(不含外資自營商)"":""0"",""外陸資買賣超股數(不含外資自營商)"":""0"",""外資自營商買進股數"":""0"",""外資自營商賣出股數"":""0"",""外資自營商買賣超股數"":""0"",""投信買進股數"":""0"",""投信賣出股數"":""0"",""投信買賣超股數"":""0"",""自營商買賣超股數"":""34,039"",""自營商買進股數(自行買賣)"":""0"",""自營商賣出股數(自行買賣)"":""0"",""自營商買賣超股數(自行買賣)"":""0"",""自營商買進股數(避險)"":""449,039"",""自營商賣出股數(避險)"":""415,000"",""自營商買賣超股數(避險)"":""34,039"",""三大法人買賣超股數"":""34,039""}"
2026-10-01,TWSE,4564,元翎            ,137000,103000,34000,0,0,0,0,0,0,"{""證券代號"":""4564"",""證券名稱"":""元翎            "",""外陸資買進股數(不含外資自營商)"":""137,000"",""外陸資賣出股數(不含外資自營商)"":""103,000"",""外陸資買賣超股數(不含外資自營商)"":""34,000"",""外資自營商買進股數"":""0"",""外資自營商賣出股數"":""0"",""外資自營商買賣超股數"":""0"",""投信買進股數"":""0"",""投信賣出股數"":""0"",""投信買賣超股數"":""0"",""自營商買賣超股數"":""0"",""自營商買進股數(自行買賣)"":""0"",""自營商賣出股數(自行買賣)"":""0"",""自營商買賣超股數(自行買賣)"":""0"",""自營商買進股數(避險)"":""0"",""自營商賣出股數(避險)"":""0"",""自營商買賣超股數(避險)"":""0"",""三大法人買賣超股數"":""34,000""}"
2026-10-01,TWSE,7827,漢康-KY創       ,126081,93150,32931,0,0,0,4218,4000,218,"{""證券代號"":""7827"",""證券名稱"":""漢康-KY創       "",""外陸資買進股數(不含外資自營商)"":""126,081"",""外陸資賣出股數(不含外資自營商)"":""93,150"",""外陸資買賣超股數(不含外資自營商)"":""32,931"",""外資自營商買進股數"":""0"",""外資自營商賣出股數"":""0"",""外資自營商買賣超股數"":""0"",""投信買進股數"":""0"",""投信賣出股數"":""0"",""投信買賣超股數"":""0"",""自營商買賣超股數"":""218"",""自營商買進股數(自行買賣)"":""0"",""自營商賣出股數(自行買賣)"":""0"",""自營商買賣超股數(自行買賣)"":""0"",""自營商買進股數(避險)"":""4,218"",""自營商賣出股數(避險)"":""4,000"",""自營商買賣超股數(避險)"":""218"",""三大法人買賣超股數"":""33,149""}"
2026-10-01,TWSE,7786,東方風能        ,43000,10000,33000,0,0,0,0,0,0,"{""證券代號"":""7786"",""證券名稱"":""東方風能        "",""外陸資買進股數(不含外資自營商)"":""43,000"",""外陸資賣出股數(不含外資自營商)"":""10,000"",""外陸資買賣超股數(不含外資自營商)"":""33,000"",""外資自營商買進股數"":""0"",""外資自營商賣出股數"":""0"",""外資自營商買賣超股數"":""0"",""投信買進股數"":""0"",""投信賣出股數"":""0"",""投信買賣超股數"":""0"",""自營商買賣超股數"":""0"",""自營商買進股數(自行買賣)"":""0"",""自營商賣出股數(自行買賣)"":""0"",""自營商買賣超股數(自行買賣)"":""0"",""自營商買進股數(避險)"":""0"",""自營商賣出股數(避險)"":""0"",""自營商買賣超股數(避險)"":""0"",""三大法人買賣超股數"":""33,000""}"
2026-10-01,TWSE,3652,精聯            ,40000,9000,31000,6,0,6,0,0,1499,"{""證券代號"":""3652"",""證券名稱"":""精聯            "",""外陸資買進股數(不含外資自營商)"":""40,000"",""外陸資賣出股數(不含外資自營商)"":""9,000"",""外陸資買賣超股數(不含外資自營商)"":""31,000"",""外資自營商買進股數"":""0"",""外資自營商賣出股數"":""0"",""外資自營商買賣超股數"":""0"",""投信買進股數"":""6"",""投信賣出股數"":""0"",""投信買賣超股數"":""6"",""自營商買賣超股數"":""1,499"",""自營商買進股數(自行買賣)"":""2,000"",""自營商賣出股數(自行買賣)"":""501"",""自營商買賣超股數(自行買賣)"":""1,499"",""自營商買進股數(避險)"":""0"",""自營商賣出股數(避險)"":""0"",""自營商買賣超股數(避險)"":""0"",""三大法人買賣超股數"":""32,505""}"
2026-10-01,TWSE,1210,大成            ,291659,464996,-173337,200000,0,200000,0,0,5194,"{""證券代號"":""1210"",""證券名稱"":""大成            "",""外陸資買進股數(不含外資自營商)"":""291,659"",""外陸資賣出股數(不含外資自營商)"":""464,996"",""外陸資買賣超股數(不含外資自營商)"":""-173,337"",""外資自營商買進股數"":""0"",""外資自營商賣出股數"":""0"",""外資自營商買賣超股數"":""0"",""投信買進股數"":""200,000"",""投信賣出股數"":""0"",""投信買賣超股數"":""200,000"",""自營商買賣超股數"":""5,194"",""自營商買進股數(自行買賣)"":""113,000"",""自營商賣出股數(自行買賣)"":""107,806"",""自營商買賣超股數(自行買賣)"":""5,194"",""自營商買進股數(避險)"":""0"",""自營商賣出股數(避險)"":""0"",""自營商買賣超股數(避險)"":""0"",""三大法人買賣超股數"":""31,857""}"
2026-10-01,TWSE,1503,士電            ,93920,106708,-12788,10000,0,10000,42000,7532,34468,"{""證券代號"":""1503"",""證券名稱"":""士電            "",""外陸資買進股數(不含外資自營商)"":""93,920"",""外陸資賣出股數(不含外資自營商)"":""106,708"",""外陸資買賣超股數(不含外資自營商)"":""-12,788"",""外資自營商買進股數"":""0"",""外資自營商賣出股數"":""0"",""外資自營商買賣超股數"":""0"",""投信買進股數"":""10,000"",""投信賣出股數"":""0"",""投信買賣超股數"":""10,000"",""自營商買賣超股數"":""34,468"",""自營商買進股數(自行買賣)"":""0"",""自營商賣出股數(自行買賣)"":""0"",""自營商買賣超股數(自行買賣)"":""0"",""自營商買進股數(避險)"":""42,000"",""自營商賣出股數(避險)"":""7,532"",""自營商買賣超股數(避險)"":""34,468"",""三大法人買賣超股數"":""31,680""}"
2026-10-01,TWSE,3027,盛達            ,53000,22000,31000,0,0,0,0,0,4,"{""證券代號"":""3027"",""證券名稱"":""盛達            "",""外陸資買進股數(不含外資自營商)"":""53,000"",""外陸資賣出股數(不含外資自營商)"":""22,000"",""外陸資買賣超股數(不含外資自營商)"":""31,000"",""外資自營商買進股數"":""0"",""外資自營商賣出股數"":""0"",""外資自營商買賣超股數"":""0"",""投信買進股數"":""0"",""投信賣出股數"":""0"",""投信買賣超股數"":""0"",""自營商買賣超股數"":""4"",""自營商買進股數(自行買賣)"":""4"",""自營商賣出股數(自行買賣)"":""0"",""自營商買賣超股數(自行買賣)"":""4"",""自營商買進股數(避險)"":""0"",""自營商賣出股數(避險)"":""0"",""自營商買賣超股數(避險)"":""0"",""三大法人買賣超股數"":""31,004""}"
2026-10-01,TWSE,9914,美利達          ,461014,438000,23014,0,0,0,2000,6172,7828,"{""證券代號"":""9914"",""證券名稱"":""美利達          "",""外陸資買進股數(不含外資自營商)"":""461,014"",""外陸資賣出股數(不含外資自營商)"":""438,000"",""外陸資買賣超股數(不含外資自營商)"":""23,014"",""外資自營商買進股數"":""0"",""外資自營商賣出股數"":""0"",""外資自營商買賣超股數"":""0"",""投信買進股數"":""0"",""投信賣出股數"":""0"",""投信買賣超股數"":""0"",""自營商買賣超股數"":""7,828"",""自營商買進股數(自行買賣)"":""28,000"",""自營商賣出股數(自行買賣)"":""16,000"",""自營商買賣超股數(自行買賣)"":""12,000"",""自營商買進股數(避險)"":""2,000"",""自營商賣出股數(避險)"":""6,172"",""自營商買賣超股數(避險)"":""-4,172"",""三大法人買賣超股數"":""30,842""}"
2026-10-01,TWSE,8011,台通            ,41000,11000,30000,29,0,29,0,0,0,"{""證券代號"":""8011"",""證券名稱"":""台通            "",""外陸資買進股數(不含外資自營商)"":""41,000"",""外陸資賣出股數(不含外資自營商)"":""11,000"",""外陸資買賣超股數(不含外資自營商)"":""30,000"",""外資自營商買進股數"":""0"",""外資自營商賣出股數"":""0"",""外資自營商買賣超股數"":""0"",""投信買進股數"":""29"",""投信賣出股數"":""0"",""投信買賣超股數"":""29"",""自營商買賣超股數"":""0"",""自營商買進股數(自行買賣)"":""0"",""自營商賣出股數(自行買賣)"":""0"",""自營商買賣超股數(自行買賣)"":""0"",""自營商買進股數(避險)"":""0"",""自營商賣出股數(避險)"":""0"",""自營商買賣超股數(避險)"":""0"",""三大法人買賣超股數"":""30,029""}"
2026-10-01,TWSE,2228,劍麟            ,50182,21000,29182,0,0,0,0,0,509,"{""證券代號"":""2228"",""證券名稱"":""劍麟            "",""外陸資買進股數(不含外資自營商)"":""50,182"",""外陸資賣出股數(不含外資自營商)"":""21,000"",""外陸資買賣超股數(不含外資自營商)"":""29,182"",""外資自營商買進股數"":""0"",""外資自營商賣出股數"":""0"",""外資自營商買賣超股數"":""0"",""投信買進股數"":""0"",""投信賣出股數"":""0"",""投信買賣超股數"":""0"",""自營商買賣超股數"":""509"",""自營商買進股數(自行買賣)"":""509"",""自營商賣出股數(自行買賣)"":""0"",""自營商買賣超股數(自行買賣)"":""509"",""自營商買進股數(避險)"":""0"",""自營商賣出股數(避險)"":""0"",""自營商買賣超股數(避險)"":""0"",""三大法人買賣超股數"":""29,691""}"
2026-10-01,TWSE,6658,聯策            ,54658,25339,29319,0,0,0,120,7,113,"{""證券代號"":""6658"",""證券名稱"":""聯策            "",""外陸資買進股數(不含外資自營商)"":""54,658"",""外陸資賣出股數(不含外資自營商)"":""25,339"",""外陸資買賣超股數(不含外資自營商)"":""29,319"",""外資自營商買進股數"":""0"",""外資自營商賣出股數"":""0"",""外資自營商買賣超股數"":""0"",""投信買進股數"":""0"",""投信賣出股數"":""0"",""投信買賣超股數"":""0"",""自營商買賣超股數"":""113"",""自營商買進股數(自行買賣)"":""0"",""自營商賣出股數(自行買賣)"":""0"",""自營商買賣超股數(自行買賣)"":""0"",""自營商買進股數(避險)"":""120"",""自營商賣出股數(避險)"":""7"",""自營商買賣超股數(避險)"":""113"",""三大法人買賣超股數"":""29,432""}"
2026-10-01,TWSE,3044,健鼎            ,1125815,907593,218222,0,250000,-250000,49693,4628,61065,"{""證券代號"":""3044"",""證券名稱"":""健鼎            "",""外陸資買進股數(不含外資自營商)"":""1,125,815"",""外陸資賣出股數(不含外資自營商)"":""907,593"",""外陸資買賣超股數(不含外資自營商)"":""218,222"",""外資自營商買進股數"":""0"",""外資自營商賣出股數"":""0"",""外資自營商買賣超股數"":""0"",""投信買進股數"":""0"",""投信賣出股數"":""250,000"",""投信買賣超股數"":""-250,000"",""自營商買賣超股數"":""61,065"",""自營商買進股數(自行買賣)"":""16,000"",""自營商賣出股數(自行買賣)"":""0"",""自營商買賣超股數(自行買賣)"":""16,000"",""自營商買進股數(避險)"":""49,693"",""自營商賣出股數(避險)"":""4,628"",""自營商買賣超股數(避險)"":""45,065"",""三大法人買賣超股數"":""29,287""}"
2026-10-01,TWSE,7768,頌勝科技        ,39175,10455,28720,0,0,0,0,0,0,"{""證券代號"":""7768"",""證券名稱"":""頌勝科技        "",""外陸資買進股數(不含外資自營商)"":""39,175"",""外陸資賣出股數(不含外資自營商)"":""10,455"",""外陸資買賣超股數(不含外資自營商)"":""28,720"",""外資自營商買進股數"":""0"",""外資自營商賣出股數"":""0"",""外資自營商買賣超股數"":""0"",""投信買進股數"":""0"",""投信賣出股數"":""0"",""投信買賣超股數"":""0"",""自營商買賣超股數"":""0"",""自營商買進股數(自行買賣)"":""0"",""自營商賣出股數(自行買賣)"":""0"",""自營商買賣超股數(自行買賣)"":""0"",""自營商買進股數(避險)"":""0"",""自營商賣出股數(避險)"":""0"",""自營商買賣超股數(避險)"":""0"",""三大法人買賣超股數"":""28,720""}"
2026-10-01,TWSE,009809,富邦淨零ESG50   ,0,1000,-1000,0,0,0,44213,14632,29581,"{""證券代號"":""009809"",""證券名稱"":""富邦淨零ESG50   "",""外陸資買進股數(不含外資自營商)"":""0"",""外陸資賣出股數(不含外資自營商)"":""1,000"",""外陸資買賣超股數(不含外資自營商)"":""-1,000"",""外資自營商買進股數"":""0"",""外資自營商賣出股數"":""0"",""外資自營商買賣超股數"":""0"",""投信買進股數"":""0"",""投信賣出股數"":""0"",""投信買賣超股數"":""0"",""自營商買賣超股數"":""29,581"",""自營商買進股數(自行買賣)"":""0"",""自營商賣出股數(自行買賣)"":""0"",""自營商買賣超股數(自行買賣)"":""0"",""自營商買進股數(避險)"":""44,213"",""自營商賣出股數(避險)"":""14,632"",""自營商買賣超股數(避險)"":""29,581"",""三大法人買賣超股數"":""28,581""}"
2026-10-01,TWSE,4155,訊映            ,55000,33001,21999,0,0,0,0,0,6000,"{""證券代號"":""4155"",""證券名稱"":""訊映            "",""外陸資買進股數(不含外資自營商)"":""55,000"",""外陸資賣出股數(不含外資自營商)"":""33,001"",""外陸資買賣超股數(不含外資自營商)"":""21,999"",""外資自營商買進股數"":""0"",""外資自營商賣出股數"":""0"",""外資自營商買賣超股數"":""0"",""投信買進股數"":""0"",""投信賣出股數"":""0"",""投信買賣超股數"":""0"",""自營商買賣超股數"":""6,000"",""自營商買進股數(自行買賣)"":""6,000"",""自營商賣出股數(自行買賣)"":""0"",""自營商買賣超股數(自行買賣)"":""6,000"",""自營商買進股數(避險)"":""0"",""自營商賣出股數(避險)"":""0"",""自營商買賣超股數(避險)"":""0"",""三大法人買賣超股數"":""27,999""}"
2026-10-01,TWSE,6805,富世達          ,1209859,631048,578811,0,552000,-552000,35462,38817,-355,"{""證券代號"":""6805"",""證券名稱"":""富世達          "",""外陸資買進股數(不含外資自營商)"":""1,209,859"",""外陸資賣出股數(不含外資自營商)"":""631,048"",""外陸資買賣超股數(不含外資自營商)"":""578,811"",""外資自營商買進股數"":""0"",""外資自營商賣出股數"":""0"",""外資自營商買賣超股數"":""0"",""投信買進股數"":""0"",""投信賣出股數"":""552,000"",""投信買賣超股數"":""-552,000"",""自營商買賣超股數"":""-355"",""自營商買進股數(自行買賣)"":""5,000"",""自營商賣出股數(自行買賣)"":""2,000"",""自營商買賣超股數(自行買賣)"":""3,000"",""自營商買進股數(避險)"":""35,462"",""自營商賣出股數(避險)"":""38,817"",""自營商買賣超股數(避險)"":""-3,355"",""三大法人買賣超股數"":""26,456""}"
2026-10-01,TWSE,7689,大鵬科CLMX      ,32360,6010,26350,0,0,0,0,0,0,"{""證券代號"":""7689"",""證券名稱"":""大鵬科CLMX      "",""外陸資買進股數(不含外資自營商)"":""32,360"",""外陸資賣出股數(不含外資自營商)"":""6,010"",""外陸資買賣超股數(不含外資自營商)"":""26,350"",""外資自營商買進股數"":""0"",""外資自營商賣出股數"":""0"",""外資自營商買賣超股數"":""0"",""投信買進股數"":""0"",""投信賣出股數"":""0"",""投信買賣超股數"":""0"",""自營商買賣超股數"":""0"",""自營商買進股數(自行買賣)"":""0"",""自營商賣出股數(自行買賣)"":""0"",""自營商買賣超股數(自行買賣)"":""0"",""自營商買進股數(避險)"":""0"",""自營商賣出股數(避險)"":""0"",""自營商買賣超股數(避險)"":""0"",""三大法人買賣超股數"":""26,350""}"
2026-10-01,TWSE,3705,永信            ,27200,14000,13200,0,0,0,0,0,13000,"{""證券代號"":""3705"",""證券名稱"":""永信            "",""外陸資買進股數(不含外資自營商)"":""27,200"",""外陸資賣出股數(不含外資自營商)"":""14,000"",""外陸資買賣超股數(不含外資自營商)"":""13,200"",""外資自營商買進股數"":""0"",""外資自營商賣出股數"":""0"",""外資自營商買賣超股數"":""0"",""投信買進股數"":""0"",""投信賣出股數"":""0"",""投信買賣超股數"":""0"",""自營商買賣超股數"":""13,000"",""自營商買進股數(自行買賣)"":""13,000"",""自營商賣出股數(自行買賣)"":""0"",""自營商買賣超股數(自行買賣)"":""13,000"",""自營商買進股數(避險)"":""0"",""自營商賣出股數(避險)"":""0"",""自營商買賣超股數(避險)"":""0"",""三大法人買賣超股數"":""26,200""}"
2026-10-01,TWSE,4720,德淵            ,96160,70070,26090,0,0,0,0,0,0,"{""證券代號"":""4720"",""證券名稱"":""德淵            "",""外陸資買進股數(不含外資自營商)"":""96,160"",""外陸資賣出股數(不含外資自營商)"":""70,070"",""外陸資買賣超股數(不含外資自營商)"":""26,090"",""外資自營商買進股數"":""0"",""外資自營商賣出股數"":""0"",""外資自營商買賣超股數"":""0"",""投信買進股數"":""0"",""投信賣出股數"":""0"",""投信買賣超股數"":""0"",""自營商買賣超股數"":""0"",""自營商買進股數(自行買賣)"":""0"",""自營商賣出股數(自行買賣)"":""0"",""自營商買賣超股數(自行買賣)"":""0"",""自營商買進股數(避險)"":""0"",""自營商賣出股數(避險)"":""0"",""自營商買賣超股數(避險)"":""0"",""三大法人買賣超股數"":""26,090""}"
2026-10-01,TWSE,4585,達明            ,38070,13197,24873,0,0,0,809,0,809,"{""證券代號"":""4585"",""證券名稱"":""達明            "",""外陸資買進股數(不含外資自營商)"":""38,070"",""外陸資賣出股數(不含外資自營商)"":""13,197"",""外陸資買賣超股數(不含外資自營商)"":""24,873"",""外資自營商買進股數"":""0"",""外資自營商賣出股數"":""0"",""外資自營商買賣超股數"":""0"",""投信買進股數"":""0"",""投信賣出股數"":""0"",""投信買賣超股數"":""0"",""自營商買賣超股數"":""809"",""自營商買進股數(自行買賣)"":""0"",""自營商賣出股數(自行買賣)"":""0"",""自營商買賣超股數(自行買賣)"":""0"",""自營商買進股數(避險)"":""809"",""自營商賣出股數(避險)"":""0"",""自營商買賣超股數(避險)"":""809"",""三大法人買賣超股數"":""25,682""}"
2026-10-01,TWSE,2207,和泰車          ,164223,164934,-711,27000,1000,26000,0,0,-159,"{""證券代號"":""2207"",""證券名稱"":""和泰車          "",""外陸資買進股數(不含外資自營商)"":""164,223"",""外陸資賣出股數(不含外資自營商)"":""164,934"",""外陸資買賣超股數(不含外資自營商)"":""-711"",""外資自營商買進股數"":""0"",""外資自營商賣出股數"":""0"",""外資自營商買賣超股數"":""0"",""投信買進股數"":""27,000"",""投信賣出股數"":""1,000"",""投信買賣超股數"":""26,000"",""自營商買賣超股數"":""-159"",""自營商買進股數(自行買賣)"":""2,000"",""自營商賣出股數(自行買賣)"":""2,159"",""自營商買賣超股數(自行買賣)"":""-159"",""自營商買進股數(避險)"":""0"",""自營商賣出股數(避險)"":""0"",""自營商買賣超股數(避險)"":""0"",""三大法人買賣超股數"":""25,130""}"
2026-10-01,TWSE,6405,悅城            ,66000,40000,26000,17,0,17,0,1000,-1000,"{""證券代號"":""6405"",""證券名稱"":""悅城            "",""外陸資買進股數(不含外資自營商)"":""66,000"",""外陸資賣出股數(不含外資自營商)"":""40,000"",""外陸資買賣超股數(不含外資自營商)"":""26,000"",""外資自營商買進股數"":""0"",""外資自營商賣出股數"":""0"",""外資自營商買賣超股數"":""0"",""投信買進股數"":""17"",""投信賣出股數"":""0"",""投信買賣超股數"":""17"",""自營商買賣超股數"":""-1,000"",""自營商買進股數(自行買賣)"":""0"",""自營商賣出股數(自行買賣)"":""0"",""自營商買賣超股數(自行買賣)"":""0"",""自營商買進股數(避險)"":""0"",""自營商賣出股數(避險)"":""1,000"",""自營商買賣超股數(避險)"":""-1,000"",""三大法人買賣超股數"":""25,017""}"
2026-10-01,TWSE,3051,力特            ,119000,100050,18950,50,0,50,0,0,6016,"{""證券代號"":""3051"",""證券名稱"":""力特            "",""外陸資買進股數(不含外資自營商)"":""119,000"",""外陸資賣出股數(不含外資自營商)"":""100,050"",""外陸資買賣超股數(不含外資自營商)"":""18,950"",""外資自營商買進股數"":""0"",""外資自營商賣出股數"":""0"",""外資自營商買賣超股數"":""0"",""投信買進股數"":""50"",""投信賣出股數"":""0"",""投信買賣超股數"":""50"",""自營商買賣超股數"":""6,016"",""自營商買進股數(自行買賣)"":""6,016"",""自營商賣出股數(自行買賣)"":""0"",""自營商買賣超股數(自行買賣)"":""6,016"",""自營商買進股數(避險)"":""0"",""自營商賣出股數(避險)"":""0"",""自營商買賣超股數(避險)"":""0"",""三大法人買賣超股數"":""25,016""}"
2026-10-01,TWSE,00638R,元大滬深300反1  ,0,0,0,0,0,0,25000,0,25000,"{""證券代號"":""00638R"",""證券名稱"":""元大滬深300反1  "",""外陸資買進股數(不含外資自營商)"":""0"",""外陸資賣出股數(不含外資自營商)"":""0"",""外陸資買賣超股數(不含外資自營商)"":""0"",""外資自營商買進股數"":""0"",""外資自營商賣出股數"":""0"",""外資自營商買賣超股數"":""0"",""投信買進股數"":""0"",""投信賣出股數"":""0"",""投信買賣超股數"":""0"",""自營商買賣超股數"":""25,000"",""自營商買進股數(自行買賣)"":""0"",""自營商賣出股數(自行買賣)"":""0"",""自營商買賣超股數(自行買賣)"":""0"",""自營商買進股數(避險)"":""25,000"",""自營商賣出股數(避險)"":""0"",""自營商買賣超股數(避險)"":""25,000"",""三大法人買賣超股數"":""25,000""}"
2026-10-01,TWSE,2493,揚博            ,325718,290176,35542,0,0,0,0,11560,-10550,"{""證券代號"":""2493"",""證券名稱"":""揚博            "",""外陸資買進股數(不含外資自營商)"":""325,718"",""外陸資賣出股數(不含外資自營商)"":""290,176"",""外陸資買賣超股數(不含外資自營商)"":""35,542"",""外資自營商買進股數"":""0"",""外資自營商賣出股數"":""0"",""外資自營商買賣超股數"":""0"",""投信買進股數"":""0"",""投信賣出股數"":""0"",""投信買賣超股數"":""0"",""自營商買賣超股數"":""-10,550"",""自營商買進股數(自行買賣)"":""1,010"",""自營商賣出股數(自行買賣)"":""0"",""自營商買賣超股數(自行買賣)"":""1,010"",""自營商買進股數(避險)"":""0"",""自營商賣出股數(避險)"":""11,560"",""自營商買賣超股數(避險)"":""-11,560"",""三大法人買賣超股數"":""24,992""}"
2026-10-01,TWSE,6906,現觀科          ,25000,1000,24000,0,0,0,0,0,423,"{""證券代號"":""6906"",""證券名稱"":""現觀科          "",""外陸資買進股數(不含外資自營商)"":""25,000"",""外陸資賣出股數(不含外資自營商)"":""1,000"",""外陸資買賣超股數(不含外資自營商)"":""24,000"",""外資自營商買進股數"":""0"",""外資自營商賣出股數"":""0"",""外資自營商買賣超股數"":""0"",""投信買進股數"":""0"",""投信賣出股數"":""0"",""投信買賣超股數"":""0"",""自營商買賣超股數"":""423"",""自營商買進股數(自行買賣)"":""423"",""自營商賣出股數(自行買賣)"":""0"",""自營商買賣超股數(自行買賣)"":""423"",""自營商買進股數(避險)"":""0"",""自營商賣出股數(避險)"":""0"",""自營商買賣超股數(避險)"":""0"",""三大法人買賣超股數"":""24,423""}"
2026-10-01,TWSE,4766,南寶            ,45076,22000,23076,0,0,0,0,0,1000,"{""證券代號"":""4766"",""證券名稱"":""南寶            "",""外陸資買進股數(不含外資自營商)"":""45,076"",""外陸資賣出股數(不含外資自營商)"":""22,000"",""外陸資買賣超股數(不含外資自營商)"":""23,076"",""外資自營商買進股數"":""0"",""外資自營商賣出股數"":""0"",""外資自營商買賣超股數"":""0"",""投信買進股數"":""0"",""投信賣出股數"":""0"",""投信買賣超股數"":""0"",""自營商買賣超股數"":""1,000"",""自營商買進股數(自行買賣)"":""1,000"",""自營商賣出股數(自行買賣)"":""0"",""自營商買賣超股數(自行買賣)"":""1,000"",""自營商買進股數(避險)"":""0"",""自營商賣出股數(避險)"":""0"",""自營商買賣超股數(避險)"":""0"",""三大法人買賣超股數"":""24,076""}"
2026-10-01,TWSE,8478,東哥遊艇        ,29065,5000,24065,0,0,0,0,0,0,"{""證券代號"":""8478"",""證券名稱"":""東哥遊艇        "",""外陸資買進股數(不含外資自營商)"":""29,065"",""外陸資賣出股數(不含外資自營商)"":""5,000"",""外陸資買賣超股數(不含外資自營商)"":""24,065"",""外資自營商買進股數"":""0"",""外資自營商賣出股數"":""0"",""外資自營商買賣超股數"":""0"",""投信買進股數"":""0"",""投信賣出股數"":""0"",""投信買賣超股數"":""0"",""自營商買賣超股數"":""0"",""自營商買進股數(自行買賣)"":""0"",""自營商賣出股數(自行買賣)"":""0"",""自營商買賣超股數(自行買賣)"":""0"",""自營商買進股數(避險)"":""0"",""自營商賣出股數(避險)"":""0"",""自營商買賣超股數(避險)"":""0"",""三大法人買賣超股數"":""24,065""}"
2026-10-01,TWSE,3305,昇貿            ,206901,169000,37901,0,0,0,2000,18188,-14188,"{""證券代號"":""3305"",""證券名稱"":""昇貿            "",""外陸資買進股數(不含外資自營商)"":""206,901"",""外陸資賣出股數(不含外資自營商)"":""169,000"",""外陸資買賣超股數(不含外資自營商)"":""37,901"",""外資自營商買進股數"":""0"",""外資自營商賣出股數"":""0"",""外資自營商買賣超股數"":""0"",""投信買進股數"":""0"",""投信賣出股數"":""0"",""投信買賣超股數"":""0"",""自營商買賣超股數"":""-14,188"",""自營商買進股數(自行買賣)"":""2,000"",""自營商賣出股數(自行買賣)"":""0"",""自營商買賣超股數(自行買賣)"":""2,000"",""自營商買進股數(避險)"":""2,000"",""自營商賣出股數(避險)"":""18,188"",""自營商買賣超股數(避險)"":""-16,188"",""三大法人買賣超股數"":""23,713""}"
2026-10-01,TWSE,7818,溢泰實業        ,25000,2000,23000,0,0,0,0,0,0,"{""證券代號"":""7818"",""證券名稱"":""溢泰實業        "",""外陸資買進股數(不含外資自營商)"":""25,000"",""外陸資賣出股數(不含外資自營商)"":""2,000"",""外陸資買賣超股數(不含外資自營商)"":""23,000"",""外資自營商買進股數"":""0"",""外資自營商賣出股數"":""0"",""外資自營商買賣超股數"":""0"",""投信買進股數"":""0"",""投信賣出股數"":""0"",""投信買賣超股數"":""0"",""自營商買賣超股數"":""0"",""自營商買進股數(自行買賣)"":""0"",""自營商賣出股數(自行買賣)"":""0"",""自營商買賣超股數(自行買賣)"":""0"",""自營商買進股數(避險)"":""0"",""自營商賣出股數(避險)"":""0"",""自營商買賣超股數(避險)"":""0"",""三大法人買賣超股數"":""23,000""}"
2026-10-01,TWSE,4195,基米-創         ,36000,12000,24000,0,0,0,3000,3342,-1342,"{""證券代號"":""4195"",""證券名稱"":""基米-創         "",""外陸資買進股數(不含外資自營商)"":""36,000"",""外陸資賣出股數(不含外資自營商)"":""12,000"",""外陸資買賣超股數(不含外資自營商)"":""24,000"",""外資自營商買進股數"":""0"",""外資自營商賣出股數"":""0"",""外資自營商買賣超股數"":""0"",""投信買進股數"":""0"",""投信賣出股數"":""0"",""投信買賣超股數"":""0"",""自營商買賣超股數"":""-1,342"",""自營商買進股數(自行買賣)"":""0"",""自營商賣出股數(自行買賣)"":""1,000"",""自營商買賣超股數(自行買賣)"":""-1,000"",""自營商買進股數(避險)"":""3,000"",""自營商賣出股數(避險)"":""3,342"",""自營商買賣超股數(避險)"":""-342"",""三大法人買賣超股數"":""22,658""}"
2026-10-01,TWSE,00650L,復華香港正2     ,8000,11000,-3000,0,0,0,26000,571,25429,"{""證券代號"":""00650L"",""證券名稱"":""復華香港正2     "",""外陸資買進股數(不含外資自營商)"":""8,000"",""外陸資賣出股數(不含外資自營商)"":""11,000"",""外陸資買賣超股數(不含外資自營商)"":""-3,000"",""外資自營商買進股數"":""0"",""外資自營商賣出股數"":""0"",""外資自營商買賣超股數"":""0"",""投信買進股數"":""0"",""投信賣出股數"":""0"",""投信買賣超股數"":""0"",""自營商買賣超股數"":""25,429"",""自營商買進股數(自行買賣)"":""0"",""自營商賣出股數(自行買賣)"":""0"",""自營商買賣超股數(自行買賣)"":""0"",""自營商買進股數(避險)"":""26,000"",""自營商賣出股數(避險)"":""571"",""自營商買賣超股數(避險)"":""25,429"",""三大法人買賣超股數"":""22,429""}"
2026-10-01,TWSE,2415,錩新            ,33333,11000,22333,5,0,5,0,0,0,"{""證券代號"":""2415"",""證券名稱"":""錩新            "",""外陸資買進股數(不含外資自營商)"":""33,333"",""外陸資賣出股數(不含外資自營商)"":""11,000"",""外陸資買賣超股數(不含外資自營商)"":""22,333"",""外資自營商買進股數"":""0"",""外資自營商賣出股數"":""0"",""外資自營商買賣超股數"":""0"",""投信買進股數"":""5"",""投信賣出股數"":""0"",""投信買賣超股數"":""5"",""自營商買賣超股數"":""0"",""自營商買進股數(自行買賣)"":""0"",""自營商賣出股數(自行買賣)"":""0"",""自營商買賣超股數(自行買賣)"":""0"",""自營商買進股數(避險)"":""0"",""自營商賣出股數(避險)"":""0"",""自營商買賣超股數(避險)"":""0"",""三大法人買賣超股數"":""22,338""}"
2026-10-01,TWSE,6909,創控            ,53000,31000,22000,5,0,5,0,0,0,"{""證券代號"":""6909"",""證券名稱"":""創控            "",""外陸資買進股數(不含外資自營商)"":""53,000"",""外陸資賣出股數(不含外資自營商)"":""31,000"",""外陸資買賣超股數(不含外資自營商)"":""22,000"",""外資自營商買進股數"":""0"",""外資自營商賣出股數"":""0"",""外資自營商買賣超股數"":""0"",""投信買進股數"":""5"",""投信賣出股數"":""0"",""投信買賣超股數"":""5"",""自營商買賣超股數"":""0"",""自營商買進股數(自行買賣)"":""0"",""自營商賣出股數(自行買賣)"":""0"",""自營商買賣超股數(自行買賣)"":""0"",""自營商買進股數(避險)"":""0"",""自營商賣出股數(避險)"":""0"",""自營商買賣超股數(避險)"":""0"",""三大法人買賣超股數"":""22,005""}"
2026-10-01,TWSE,6854,錼創科技-KY創   ,106000,83000,23000,0,0,0,5045,6051,-1006,"{""證券代號"":""6854"",""證券名稱"":""錼創科技-KY創   "",""外陸資買進股數(不含外資自營商)"":""106,000"",""外陸資賣出股數(不含外資自營商)"":""83,000"",""外陸資買賣超股數(不含外資自營商)"":""23,000"",""外資自營商買進股數"":""0"",""外資自營商賣出股數"":""0"",""外資自營商買賣超股數"":""0"",""投信買進股數"":""0"",""投信賣出股數"":""0"",""投信買賣超股數"":""0"",""自營商買賣超股數"":""-1,006"",""自營商買進股數(自行買賣)"":""0"",""自營商賣出股數(自行買賣)"":""0"",""自營商買賣超股數(自行買賣)"":""0"",""自營商買進股數(避險)"":""5,045"",""自營商賣出股數(避險)"":""6,051"",""自營商買賣超股數(避險)"":""-1,006"",""三大法人買賣超股數"":""21,994""}"
2026-10-01,TWSE,6579,研揚            ,46378,41000,5378,0,0,0,22153,7065,16088,"{""證券代號"":""6579"",""證券名稱"":""研揚            "",""外陸資買進股數(不含外資自營商)"":""46,378"",""外陸資賣出股數(不含外資自營商)"":""41,000"",""外陸資買賣超股數(不含外資自營商)"":""5,378"",""外資自營商買進股數"":""0"",""外資自營商賣出股數"":""0"",""外資自營商買賣超股數"":""0"",""投信買進股數"":""0"",""投信賣出股數"":""0"",""投信買賣超股數"":""0"",""自營商買賣超股數"":""16,088"",""自營商買進股數(自行買賣)"":""2,000"",""自營商賣出股數(自行買賣)"":""1,000"",""自營商買賣超股數(自行買賣)"":""1,000"",""自營商買進股數(避險)"":""22,153"",""自營商賣出股數(避險)"":""7,065"",""自營商買賣超股數(避險)"":""15,088"",""三大法人買賣超股數"":""21,466""}"
2026-10-01,TWSE,6164,華興            ,58516,37211,21305,33,0,33,0,0,0,"{""證券代號"":""6164"",""證券名稱"":""華興            "",""外陸資買進股數(不含外資自營商)"":""58,516"",""外陸資賣出股數(不含外資自營商)"":""37,211"",""外陸資買賣超股數(不含外資自營商)"":""21,305"",""外資自營商買進股數"":""0"",""外資自營商賣出股數"":""0"",""外資自營商買賣超股數"":""0"",""投信買進股數"":""33"",""投信賣出股數"":""0"",""投信買賣超股數"":""33"",""自營商買賣超股數"":""0"",""自營商買進股數(自行買賣)"":""0"",""自營商賣出股數(自行買賣)"":""0"",""自營商買賣超股數(自行買賣)"":""0"",""自營商買進股數(避險)"":""0"",""自營商賣出股數(避險)"":""0"",""自營商買賣超股數(避險)"":""0"",""三大法人買賣超股數"":""21,338""}"
2026-10-01,TWSE,1783,和康生          ,23000,2000,21000,0,0,0,0,0,88,"{""證券代號"":""1783"",""證券名稱"":""和康生          "",""外陸資買進股數(不含外資自營商)"":""23,000"",""外陸資賣出股數(不含外資自營商)"":""2,000"",""外陸資買賣超股數(不含外資自營商)"":""21,000"",""外資自營商買進股數"":""0"",""外資自營商賣出股數"":""0"",""外資自營商買賣超股數"":""0"",""投信買進股數"":""0"",""投信賣出股數"":""0"",""投信買賣超股數"":""0"",""自營商買賣超股數"":""88"",""自營商買進股數(自行買賣)"":""88"",""自營商賣出股數(自行買賣)"":""0"",""自營商買賣超股數(自行買賣)"":""88"",""自營商買進股數(避險)"":""0"",""自營商賣出股數(避險)"":""0"",""自營商買賣超股數(避險)"":""0"",""三大法人買賣超股數"":""21,088""}"
2026-10-01,TWSE,7610,聯友金屬-創     ,154871,127672,27199,0,0,0,19214,19190,-6126,"{""證券代號"":""7610"",""證券名稱"":""聯友金屬-創     "",""外陸資買進股數(不含外資自營商)"":""154,871"",""外陸資賣出股數(不含外資自營商)"":""127,672"",""外陸資買賣超股數(不含外資自營商)"":""27,199"",""外資自營商買進股數"":""0"",""外資自營商賣出股數"":""0"",""外資自營商買賣超股數"":""0"",""投信買進股數"":""0"",""投信賣出股數"":""0"",""投信買賣超股數"":""0"",""自營商買賣超股數"":""-6,126"",""自營商買進股數(自行買賣)"":""50"",""自營商賣出股數(自行買賣)"":""6,200"",""自營商買賣超股數(自行買賣)"":""-6,150"",""自營商買進股數(避險)"":""19,214"",""自營商賣出股數(避險)"":""19,190"",""自營商買賣超股數(避險)"":""24"",""三大法人買賣超股數"":""21,073""}"
2026-10-01,TWSE,2462,良得電          ,25000,4000,21000,26,0,26,0,0,0,"{""證券代號"":""2462"",""證券名稱"":""良得電          "",""外陸資買進股數(不含外資自營商)"":""25,000"",""外陸資賣出股數(不含外資自營商)"":""4,000"",""外陸資買賣超股數(不含外資自營商)"":""21,000"",""外資自營商買進股數"":""0"",""外資自營商賣出股數"":""0"",""外資自營商買賣超股數"":""0"",""投信買進股數"":""26"",""投信賣出股數"":""0"",""投信買賣超股數"":""26"",""自營商買賣超股數"":""0"",""自營商買進股數(自行買賣)"":""0"",""自營商賣出股數(自行買賣)"":""0"",""自營商買賣超股數(自行買賣)"":""0"",""自營商買進股數(避險)"":""0"",""自營商賣出股數(避險)"":""0"",""自營商買賣超股數(避險)"":""0"",""三大法人買賣超股數"":""21,026""}"
2026-10-01,TWSE,4545,銘鈺            ,162000,228020,-66020,13,0,13,0,0,86482,"{""證券代號"":""4545"",""證券名稱"":""銘鈺            "",""外陸資買進股數(不含外資自營商)"":""162,000"",""外陸資賣出股數(不含外資自營商)"":""228,020"",""外陸資買賣超股數(不含外資自營商)"":""-66,020"",""外資自營商買進股數"":""0"",""外資自營商賣出股數"":""0"",""外資自營商買賣超股數"":""0"",""投信買進股數"":""13"",""投信賣出股數"":""0"",""投信買賣超股數"":""13"",""自營商買賣超股數"":""86,482"",""自營商買進股數(自行買賣)"":""92,000"",""自營商賣出股數(自行買賣)"":""5,518"",""自營商買賣超股數(自行買賣)"":""86,482"",""自營商買進股數(避險)"":""0"",""自營商賣出股數(避險)"":""0"",""自營商買賣超股數(避險)"":""0"",""三大法人買賣超股數"":""20,475""}"
2026-10-01,TWSE,2606,裕民            ,1046381,1028960,17421,0,3000,-3000,7000,12233,5767,"{""證券代號"":""2606"",""證券名稱"":""裕民            "",""外陸資買進股數(不含外資自營商)"":""1,046,381"",""外陸資賣出股數(不含外資自營商)"":""1,028,960"",""外陸資買賣超股數(不含外資自營商)"":""17,421"",""外資自營商買進股數"":""0"",""外資自營商賣出股數"":""0"",""外資自營商買賣超股數"":""0"",""投信買進股數"":""0"",""投信賣出股數"":""3,000"",""投信買賣超股數"":""-3,000"",""自營商買賣超股數"":""5,767"",""自營商買進股數(自行買賣)"":""109,000"",""自營商賣出股數(自行買賣)"":""98,000"",""自營商買賣超股數(自行買賣)"":""11,000"",""自營商買進股數(避險)"":""7,000"",""自營商賣出股數(避險)"":""12,233"",""自營商買賣超股數(避險)"":""-5,233"",""三大法人買賣超股數"":""20,188""}"
2026-10-01,TWSE,1533,車王電          ,26000,6000,20000,0,0,0,0,0,0,"{""證券代號"":""1533"",""證券名稱"":""車王電          "",""外陸資買進股數(不含外資自營商)"":""26,000"",""外陸資賣出股數(不含外資自營商)"":""6,000"",""外陸資買賣超股數(不含外資自營商)"":""20,000"",""外資自營商買進股數"":""0"",""外資自營商賣出股數"":""0"",""外資自營商買賣超股數"":""0"",""投信買進股數"":""0"",""投信賣出股數"":""0"",""投信買賣超股數"":""0"",""自營商買賣超股數"":""0"",""自營商買進股數(自行買賣)"":""0"",""自營商賣出股數(自行買賣)"":""0"",""自營商買賣超股數(自行買賣)"":""0"",""自營商買進股數(避險)"":""0"",""自營商賣出股數(避險)"":""0"",""自營商買賣超股數(避險)"":""0"",""三大法人買賣超股數"":""20,000""}"
2026-10-01,TWSE,3653,健策            ,251931,276957,-25026,44000,2000,42000,9048,5889,2685,"{""證券代號"":""3653"",""證券名稱"":""健策            "",""外陸資買進股數(不含外資自營商)"":""251,931"",""外陸資賣出股數(不含外資自營商)"":""276,957"",""外陸資買賣超股數(不含外資自營商)"":""-25,026"",""外資自營商買進股數"":""0"",""外資自營商賣出股數"":""0"",""外資自營商買賣超股數"":""0"",""投信買進股數"":""44,000"",""投信賣出股數"":""2,000"",""投信買賣超股數"":""42,000"",""自營商買賣超股數"":""2,685"",""自營商買進股數(自行買賣)"":""11,553"",""自營商賣出股數(自行買賣)"":""12,027"",""自營商買賣超股數(自行買賣)"":""-474"",""自營商買進股數(避險)"":""9,048"",""自營商賣出股數(避險)"":""5,889"",""自營商買賣超股數(避險)"":""3,159"",""三大法人買賣超股數"":""19,659""}"
2026-10-01,TWSE,3545,敦泰            ,217545,182076,35469,0,0,0,154,18069,-15915,"{""證券代號"":""3545"",""證券名稱"":""敦泰            "",""外陸資買進股數(不含外資自營商)"":""217,545"",""外陸資賣出股數(不含外資自營商)"":""182,076"",""外陸資買賣超股數(不含外資自營商)"":""35,469"",""外資自營商買進股數"":""0"",""外資自營商賣出股數"":""0"",""外資自營商買賣超股數"":""0"",""投信買進股數"":""0"",""投信賣出股數"":""0"",""投信買賣超股數"":""0"",""自營商買賣超股數"":""-15,915"",""自營商買進股數(自行買賣)"":""2,000"",""自營商賣出股數(自行買賣)"":""0"",""自營商買賣超股數(自行買賣)"":""2,000"",""自營商買進股數(避險)"":""154"",""自營商賣出股數(避險)"":""18,069"",""自營商買賣超股數(避險)"":""-17,915"",""三大法人買賣超股數"":""19,554""}"
2026-10-01,TWSE,4949,有成精密        ,64422,45000,19422,0,0,0,0,0,0,"{""證券代號"":""4949"",""證券名稱"":""有成精密        "",""外陸資買進股數(不含外資自營商)"":""64,422"",""外陸資賣出股數(不含外資自營商)"":""45,000"",""外陸資買賣超股數(不含外資自營商)"":""19,422"",""外資自營商買進股數"":""0"",""外資自營商賣出股數"":""0"",""外資自營商買賣超股數"":""0"",""投信買進股數"":""0"",""投信賣出股數"":""0"",""投信買賣超股數"":""0"",""自營商買賣超股數"":""0"",""自營商買進股數(自行買賣)"":""0"",""自營商賣出股數(自行買賣)"":""0"",""自營商買賣超股數(自行買賣)"":""0"",""自營商買進股數(避險)"":""0"",""自營商賣出股數(避險)"":""0"",""自營商買賣超股數(避險)"":""0"",""三大法人買賣超股數"":""19,422""}"
2026-10-01,TWSE,3296,勝德            ,30484,17000,13484,17,0,17,0,0,5690,"{""證券代號"":""3296"",""證券名稱"":""勝德            "",""外陸資買進股數(不含外資自營商)"":""30,484"",""外陸資賣出股數(不含外資自營商)"":""17,000"",""外陸資買賣超股數(不含外資自營商)"":""13,484"",""外資自營商買進股數"":""0"",""外資自營商賣出股數"":""0"",""外資自營商買賣超股數"":""0"",""投信買進股數"":""17"",""投信賣出股數"":""0"",""投信買賣超股數"":""17"",""自營商買賣超股數"":""5,690"",""自營商買進股數(自行買賣)"":""6,000"",""自營商賣出股數(自行買賣)"":""310"",""自營商買賣超股數(自行買賣)"":""5,690"",""自營商買進股數(避險)"":""0"",""自營商賣出股數(避險)"":""0"",""自營商買賣超股數(避險)"":""0"",""三大法人買賣超股數"":""19,191""}"
2026-10-01,TWSE,1603,華電            ,52363,45000,7363,0,0,0,0,0,11000,"{""證券代號"":""1603"",""證券名稱"":""華電            "",""外陸資買進股數(不含外資自營商)"":""52,363"",""外陸資賣出股數(不含外資自營商)"":""45,000"",""外陸資買賣超股數(不含外資自營商)"":""7,363"",""外資自營商買進股數"":""0"",""外資自營商賣出股數"":""0"",""外資自營商買賣超股數"":""0"",""投信買進股數"":""0"",""投信賣出股數"":""0"",""投信買賣超股數"":""0"",""自營商買賣超股數"":""11,000"",""自營商買進股數(自行買賣)"":""11,000"",""自營商賣出股數(自行買賣)"":""0"",""自營商買賣超股數(自行買賣)"":""11,000"",""自營商買進股數(避險)"":""0"",""自營商賣出股數(避險)"":""0"",""自營商買賣超股數(避險)"":""0"",""三大法人買賣超股數"":""18,363""}"
2026-10-01,TWSE,4968,立積            ,637275,659100,-21825,0,0,0,54351,17178,40081,"{""證券代號"":""4968"",""證券名稱"":""立積            "",""外陸資買進股數(不含外資自營商)"":""637,275"",""外陸資賣出股數(不含外資自營商)"":""659,100"",""外陸資買賣超股數(不含外資自營商)"":""-21,825"",""外資自營商買進股數"":""0"",""外資自營商賣出股數"":""0"",""外資自營商買賣超股數"":""0"",""投信買進股數"":""0"",""投信賣出股數"":""0"",""投信買賣超股數"":""0"",""自營商買賣超股數"":""40,081"",""自營商買進股數(自行買賣)"":""6,000"",""自營商賣出股數(自行買賣)"":""3,092"",""自營商買賣超股數(自行買賣)"":""2,908"",""自營商買進股數(避險)"":""54,351"",""自營商賣出股數(避險)"":""17,178"",""自營商買賣超股數(避險)"":""37,173"",""三大法人買賣超股數"":""18,256""}"
2026-10-01,TWSE,6908,宏碁遊戲-創     ,16000,0,16000,0,0,0,3000,1000,2000,"{""證券代號"":""6908"",""證券名稱"":""宏碁遊戲-創     "",""外陸資買進股數(不含外資自營商)"":""16,000"",""外陸資賣出股數(不含外資自營商)"":""0"",""外陸資買賣超股數(不含外資自營商)"":""16,000"",""外資自營商買進股數"":""0"",""外資自營商賣出股數"":""0"",""外資自營商買賣超股數"":""0"",""投信買進股數"":""0"",""投信賣出股數"":""0"",""投信買賣超股數"":""0"",""自營商買賣超股數"":""2,000"",""自營商買進股數(自行買賣)"":""0"",""自營商賣出股數(自行買賣)"":""0"",""自營商買賣超股數(自行買賣)"":""0"",""自營商買進股數(避險)"":""3,000"",""自營商賣出股數(避險)"":""1,000"",""自營商買賣超股數(避險)"":""2,000"",""三大法人買賣超股數"":""18,000""}"
2026-10-01,TWSE,1340,勝悅-KY         ,20000,2000,18000,0,0,0,0,0,0,"{""證券代號"":""1340"",""證券名稱"":""勝悅-KY         "",""外陸資買進股數(不含外資自營商)"":""20,000"",""外陸資賣出股數(不含外資自營商)"":""2,000"",""外陸資買賣超股數(不含外資自營商)"":""18,000"",""外資自營商買進股數"":""0"",""外資自營商賣出股數"":""0"",""外資自營商買賣超股數"":""0"",""投信買進股數"":""0"",""投信賣出股數"":""0"",""投信買賣超股數"":""0"",""自營商買賣超股數"":""0"",""自營商買進股數(自行買賣)"":""0"",""自營商賣出股數(自行買賣)"":""0"",""自營商買賣超股數(自行買賣)"":""0"",""自營商買進股數(避險)"":""0"",""自營商賣出股數(避險)"":""0"",""自營商買賣超股數(避險)"":""0"",""三大法人買賣超股數"":""18,000""}"
2026-10-01,TWSE,9925,新保            ,117000,116000,1000,0,0,0,1000,560,16644,"{""證券代號"":""9925"",""證券名稱"":""新保            "",""外陸資買進股數(不含外資自營商)"":""117,000"",""外陸資賣出股數(不含外資自營商)"":""116,000"",""外陸資買賣超股數(不含外資自營商)"":""1,000"",""外資自營商買進股數"":""0"",""外資自營商賣出股數"":""0"",""外資自營商買賣超股數"":""0"",""投信買進股數"":""0"",""投信賣出股數"":""0"",""投信買賣超股數"":""0"",""自營商買賣超股數"":""16,644"",""自營商買進股數(自行買賣)"":""17,000"",""自營商賣出股數(自行買賣)"":""796"",""自營商買賣超股數(自行買賣)"":""16,204"",""自營商買進股數(避險)"":""1,000"",""自營商賣出股數(避險)"":""560"",""自營商買賣超股數(避險)"":""440"",""三大法人買賣超股數"":""17,644""}"
2026-10-01,TWSE,00682U,期元大美元指數  ,0,0,0,0,0,0,43000,26000,17000,"{""證券代號"":""00682U"",""證券名稱"":""期元大美元指數  "",""外陸資買進股數(不含外資自營商)"":""0"",""外陸資賣出股數(不含外資自營商)"":""0"",""外陸資買賣超股數(不含外資自營商)"":""0"",""外資自營商買進股數"":""0"",""外資自營商賣出股數"":""0"",""外資自營商買賣超股數"":""0"",""投信買進股數"":""0"",""投信賣出股數"":""0"",""投信買賣超股數"":""0"",""自營商買賣超股數"":""17,000"",""自營商買進股數(自行買賣)"":""0"",""自營商賣出股數(自行買賣)"":""0"",""自營商買賣超股數(自行買賣)"":""0"",""自營商買進股數(避險)"":""43,000"",""自營商賣出股數(避險)"":""26,000"",""自營商買賣超股數(避險)"":""17,000"",""三大法人買賣超股數"":""17,000""}"
2026-10-01,TWSE,2465,麗臺            ,440434,424034,16400,0,0,0,0,0,0,"{""證券代號"":""2465"",""證券名稱"":""麗臺            "",""外陸資買進股數(不含外資自營商)"":""440,434"",""外陸資賣出股數(不含外資自營商)"":""424,034"",""外陸資買賣超股數(不含外資自營商)"":""16,400"",""外資自營商買進股數"":""0"",""外資自營商賣出股數"":""0"",""外資自營商買賣超股數"":""0"",""投信買進股數"":""0"",""投信賣出股數"":""0"",""投信買賣超股數"":""0"",""自營商買賣超股數"":""0"",""自營商買進股數(自行買賣)"":""1,000"",""自營商賣出股數(自行買賣)"":""1,000"",""自營商買賣超股數(自行買賣)"":""0"",""自營商買進股數(避險)"":""0"",""自營商賣出股數(避險)"":""0"",""自營商買賣超股數(避險)"":""0"",""三大法人買賣超股數"":""16,400""}"
2026-10-01,TWSE,4414,如興            ,20000,4000,16000,0,0,0,0,0,0,"{""證券代號"":""4414"",""證券名稱"":""如興            "",""外陸資買進股數(不含外資自營商)"":""20,000"",""外陸資賣出股數(不含外資自營商)"":""4,000"",""外陸資買賣超股數(不含外資自營商)"":""16,000"",""外資自營商買進股數"":""0"",""外資自營商賣出股數"":""0"",""外資自營商買賣超股數"":""0"",""投信買進股數"":""0"",""投信賣出股數"":""0"",""投信買賣超股數"":""0"",""自營商買賣超股數"":""0"",""自營商買進股數(自行買賣)"":""0"",""自營商賣出股數(自行買賣)"":""0"",""自營商買賣超股數(自行買賣)"":""0"",""自營商買進股數(避險)"":""0"",""自營商賣出股數(避險)"":""0"",""自營商買賣超股數(避險)"":""0"",""三大法人買賣超股數"":""16,000""}"
2026-10-01,TWSE,1598,岱宇            ,25000,9000,16000,0,0,0,0,0,0,"{""證券代號"":""1598"",""證券名稱"":""岱宇            "",""外陸資買進股數(不含外資自營商)"":""25,000"",""外陸資賣出股數(不含外資自營商)"":""9,000"",""外陸資買賣超股數(不含外資自營商)"":""16,000"",""外資自營商買進股數"":""0"",""外資自營商賣出股數"":""0"",""外資自營商買賣超股數"":""0"",""投信買進股數"":""0"",""投信賣出股數"":""0"",""投信買賣超股數"":""0"",""自營商買賣超股數"":""0"",""自營商買進股數(自行買賣)"":""0"",""自營商賣出股數(自行買賣)"":""0"",""自營商買賣超股數(自行買賣)"":""0"",""自營商買進股數(避險)"":""0"",""自營商賣出股數(避險)"":""0"",""自營商買賣超股數(避險)"":""0"",""三大法人買賣超股數"":""16,000""}"
2026-10-01,TWSE,4108,懷特            ,19000,3000,16000,0,0,0,0,0,0,"{""證券代號"":""4108"",""證券名稱"":""懷特            "",""外陸資買進股數(不含外資自營商)"":""19,000"",""外陸資賣出股數(不含外資自營商)"":""3,000"",""外陸資買賣超股數(不含外資自營商)"":""16,000"",""外資自營商買進股數"":""0"",""外資自營商賣出股數"":""0"",""外資自營商買賣超股數"":""0"",""投信買進股數"":""0"",""投信賣出股數"":""0"",""投信買賣超股數"":""0"",""自營商買賣超股數"":""0"",""自營商買進股數(自行買賣)"":""0"",""自營商賣出股數(自行買賣)"":""0"",""自營商買賣超股數(自行買賣)"":""0"",""自營商買進股數(避險)"":""0"",""自營商賣出股數(避險)"":""0"",""自營商買賣超股數(避險)"":""0"",""三大法人買賣超股數"":""16,000""}"
2026-10-01,TWSE,6689,伊雲谷          ,38480,26000,12480,0,0,0,0,0,3014,"{""證券代號"":""6689"",""證券名稱"":""伊雲谷          "",""外陸資買進股數(不含外資自營商)"":""38,480"",""外陸資賣出股數(不含外資自營商)"":""26,000"",""外陸資買賣超股數(不含外資自營商)"":""12,480"",""外資自營商買進股數"":""0"",""外資自營商賣出股數"":""0"",""外資自營商買賣超股數"":""0"",""投信買進股數"":""0"",""投信賣出股數"":""0"",""投信買賣超股數"":""0"",""自營商買賣超股數"":""3,014"",""自營商買進股數(自行買賣)"":""3,014"",""自營商賣出股數(自行買賣)"":""0"",""自營商買賣超股數(自行買賣)"":""3,014"",""自營商買進股數(避險)"":""0"",""自營商賣出股數(避險)"":""0"",""自營商買賣超股數(避險)"":""0"",""三大法人買賣超股數"":""15,494""}"
2026-10-01,TWSE,4736,泰博            ,51366,40000,11366,0,0,0,0,0,4000,"{""證券代號"":""4736"",""證券名稱"":""泰博            "",""外陸資買進股數(不含外資自營商)"":""51,366"",""外陸資賣出股數(不含外資自營商)"":""40,000"",""外陸資買賣超股數(不含外資自營商)"":""11,366"",""外資自營商買進股數"":""0"",""外資自營商賣出股數"":""0"",""外資自營商買賣超股數"":""0"",""投信買進股數"":""0"",""投信賣出股數"":""0"",""投信買賣超股數"":""0"",""自營商買賣超股數"":""4,000"",""自營商買進股數(自行買賣)"":""4,000"",""自營商賣出股數(自行買賣)"":""0"",""自營商買賣超股數(自行買賣)"":""4,000"",""自營商買進股數(避險)"":""0"",""自營商賣出股數(避險)"":""0"",""自營商買賣超股數(避險)"":""0"",""三大法人買賣超股數"":""15,366""}"
2026-10-01,TWSE,9921,巨大            ,612170,596727,15443,0,0,0,2000,2453,-226,"{""證券代號"":""9921"",""證券名稱"":""巨大            "",""外陸資買進股數(不含外資自營商)"":""612,170"",""外陸資賣出股數(不含外資自營商)"":""596,727"",""外陸資買賣超股數(不含外資自營商)"":""15,443"",""外資自營商買進股數"":""0"",""外資自營商賣出股數"":""0"",""外資自營商買賣超股數"":""0"",""投信買進股數"":""0"",""投信賣出股數"":""0"",""投信買賣超股數"":""0"",""自營商買賣超股數"":""-226"",""自營商買進股數(自行買賣)"":""3,000"",""自營商賣出股數(自行買賣)"":""2,773"",""自營商買賣超股數(自行買賣)"":""227"",""自營商買進股數(避險)"":""2,000"",""自營商賣出股數(避險)"":""2,453"",""自營商買賣超股數(避險)"":""-453"",""三大法人買賣超股數"":""15,217""}"
2026-10-01,TWSE,9907,統一實          ,336279,331100,5179,9923,0,9923,0,0,0,"{""證券代號"":""9907"",""證券名稱"":""統一實          "",""外陸資買進股數(不含外資自營商)"":""336,279"",""外陸資賣出股數(不含外資自營商)"":""331,100"",""外陸資買賣超股數(不含外資自營商)"":""5,179"",""外資自營商買進股數"":""0"",""外資自營商賣出股數"":""0"",""外資自營商買賣超股數"":""0"",""投信買進股數"":""9,923"",""投信賣出股數"":""0"",""投信買賣超股數"":""9,923"",""自營商買賣超股數"":""0"",""自營商買進股數(自行買賣)"":""0"",""自營商賣出股數(自行買賣)"":""0"",""自營商買賣超股數(自行買賣)"":""0"",""自營商買進股數(避險)"":""0"",""自營商賣出股數(避險)"":""0"",""自營商買賣超股數(避險)"":""0"",""三大法人買賣超股數"":""15,102""}"
2026-10-01,TWSE,3528,安馳            ,119049,106020,13029,0,0,0,0,0,2000,"{""證券代號"":""3528"",""證券名稱"":""安馳            "",""外陸資買進股數(不含外資自營商)"":""119,049"",""外陸資賣出股數(不含外資自營商)"":""106,020"",""外陸資買賣超股數(不含外資自營商)"":""13,029"",""外資自營商買進股數"":""0"",""外資自營商賣出股數"":""0"",""外資自營商買賣超股數"":""0"",""投信買進股數"":""0"",""投信賣出股數"":""0"",""投信買賣超股數"":""0"",""自營商買賣超股數"":""2,000"",""自營商買進股數(自行買賣)"":""3,000"",""自營商賣出股數(自行買賣)"":""1,000"",""自營商買賣超股數(自行買賣)"":""2,000"",""自營商買進股數(避險)"":""0"",""自營商賣出股數(避險)"":""0"",""自營商買賣超股數(避險)"":""0"",""三大法人買賣超股數"":""15,029""}"
2026-10-01,TWSE,3557,嘉威            ,17000,2000,15000,0,0,0,0,0,0,"{""證券代號"":""3557"",""證券名稱"":""嘉威            "",""外陸資買進股數(不含外資自營商)"":""17,000"",""外陸資賣出股數(不含外資自營商)"":""2,000"",""外陸資買賣超股數(不含外資自營商)"":""15,000"",""外資自營商買進股數"":""0"",""外資自營商賣出股數"":""0"",""外資自營商買賣超股數"":""0"",""投信買進股數"":""0"",""投信賣出股數"":""0"",""投信買賣超股數"":""0"",""自營商買賣超股數"":""0"",""自營商買進股數(自行買賣)"":""0"",""自營商賣出股數(自行買賣)"":""0"",""自營商買賣超股數(自行買賣)"":""0"",""自營商買進股數(避險)"":""0"",""自營商賣出股數(避險)"":""0"",""自營商買賣超股數(避險)"":""0"",""三大法人買賣超股數"":""15,000""}"
2026-10-01,TWSE,1467,南緯            ,97000,87000,10000,0,0,0,0,0,5000,"{""證券代號"":""1467"",""證券名稱"":""南緯            "",""外陸資買進股數(不含外資自營商)"":""97,000"",""外陸資賣出股數(不含外資自營商)"":""87,000"",""外陸資買賣超股數(不含外資自營商)"":""10,000"",""外資自營商買進股數"":""0"",""外資自營商賣出股數"":""0"",""外資自營商買賣超股數"":""0"",""投信買進股數"":""0"",""投信賣出股數"":""0"",""投信買賣超股數"":""0"",""自營商買賣超股數"":""5,000"",""自營商買進股數(自行買賣)"":""5,000"",""自營商賣出股數(自行買賣)"":""0"",""自營商買賣超股數(自行買賣)"":""5,000"",""自營商買進股數(避險)"":""0"",""自營商賣出股數(避險)"":""0"",""自營商買賣超股數(避險)"":""0"",""三大法人買賣超股數"":""15,000""}"
2026-10-01,TWSE,7765,中華資安        ,27000,9000,18000,0,0,0,0,0,-3000,"{""證券代號"":""7765"",""證券名稱"":""中華資安        "",""外陸資買進股數(不含外資自營商)"":""27,000"",""外陸資賣出股數(不含外資自營商)"":""9,000"",""外陸資買賣超股數(不含外資自營商)"":""18,000"",""外資自營商買進股數"":""0"",""外資自營商賣出股數"":""0"",""外資自營商買賣超股數"":""0"",""投信買進股數"":""0"",""投信賣出股數"":""0"",""投信買賣超股數"":""0"",""自營商買賣超股數"":""-3,000"",""自營商買進股數(自行買賣)"":""0"",""自營商賣出股數(自行買賣)"":""3,000"",""自營商買賣超股數(自行買賣)"":""-3,000"",""自營商買進股數(避險)"":""0"",""自營商賣出股數(避險)"":""0"",""自營商買賣超股數(避險)"":""0"",""三大法人買賣超股數"":""15,000""}"
2026-10-01,TWSE,6947,台鎔科技        ,36100,22000,14100,0,0,0,0,0,0,"{""證券代號"":""6947"",""證券名稱"":""台鎔科技        "",""外陸資買進股數(不含外資自營商)"":""36,100"",""外陸資賣出股數(不含外資自營商)"":""22,000"",""外陸資買賣超股數(不含外資自營商)"":""14,100"",""外資自營商買進股數"":""0"",""外資自營商賣出股數"":""0"",""外資自營商買賣超股數"":""0"",""投信買進股數"":""0"",""投信賣出股數"":""0"",""投信買賣超股數"":""0"",""自營商買賣超股數"":""0"",""自營商買進股數(自行買賣)"":""0"",""自營商賣出股數(自行買賣)"":""0"",""自營商買賣超股數(自行買賣)"":""0"",""自營商買進股數(避險)"":""0"",""自營商賣出股數(避險)"":""0"",""自營商買賣超股數(避險)"":""0"",""三大法人買賣超股數"":""14,100""}"
2026-10-01,TWSE,6965,中傑-KY         ,26000,12000,14000,0,0,0,0,0,0,"{""證券代號"":""6965"",""證券名稱"":""中傑-KY         "",""外陸資買進股數(不含外資自營商)"":""26,000"",""外陸資賣出股數(不含外資自營商)"":""12,000"",""外陸資買賣超股數(不含外資自營商)"":""14,000"",""外資自營商買進股數"":""0"",""外資自營商賣出股數"":""0"",""外資自營商買賣超股數"":""0"",""投信買進股數"":""0"",""投信賣出股數"":""0"",""投信買賣超股數"":""0"",""自營商買賣超股數"":""0"",""自營商買進股數(自行買賣)"":""0"",""自營商賣出股數(自行買賣)"":""0"",""自營商買賣超股數(自行買賣)"":""0"",""自營商買進股數(避險)"":""0"",""自營商賣出股數(避險)"":""0"",""自營商買賣超股數(避險)"":""0"",""三大法人買賣超股數"":""14,000""}"
2026-10-01,TWSE,1235,興泰            ,20000,10000,10000,0,0,0,0,0,4000,"{""證券代號"":""1235"",""證券名稱"":""興泰            "",""外陸資買進股數(不含外資自營商)"":""20,000"",""外陸資賣出股數(不含外資自營商)"":""10,000"",""外陸資買賣超股數(不含外資自營商)"":""10,000"",""外資自營商買進股數"":""0"",""外資自營商賣出股數"":""0"",""外資自營商買賣超股數"":""0"",""投信買進股數"":""0"",""投信賣出股數"":""0"",""投信買賣超股數"":""0"",""自營商買賣超股數"":""4,000"",""自營商買進股數(自行買賣)"":""4,000"",""自營商賣出股數(自行買賣)"":""0"",""自營商買賣超股數(自行買賣)"":""4,000"",""自營商買進股數(避險)"":""0"",""自營商賣出股數(避險)"":""0"",""自營商買賣超股數(避險)"":""0"",""三大法人買賣超股數"":""14,000""}"
2026-10-01,TWSE,9919,康那香          ,43000,28000,15000,0,0,0,0,0,-1000,"{""證券代號"":""9919"",""證券名稱"":""康那香          "",""外陸資買進股數(不含外資自營商)"":""43,000"",""外陸資賣出股數(不含外資自營商)"":""28,000"",""外陸資買賣超股數(不含外資自營商)"":""15,000"",""外資自營商買進股數"":""0"",""外資自營商賣出股數"":""0"",""外資自營商買賣超股數"":""0"",""投信買進股數"":""0"",""投信賣出股數"":""0"",""投信買賣超股數"":""0"",""自營商買賣超股數"":""-1,000"",""自營商買進股數(自行買賣)"":""0"",""自營商賣出股數(自行買賣)"":""1,000"",""自營商買賣超股數(自行買賣)"":""-1,000"",""自營商買進股數(避險)"":""0"",""自營商賣出股數(避險)"":""0"",""自營商買賣超股數(避險)"":""0"",""三大法人買賣超股數"":""14,000""}"
2026-10-01,TWSE,1321,大洋            ,11000,3000,8000,0,0,0,0,0,6000,"{""證券代號"":""1321"",""證券名稱"":""大洋            "",""外陸資買進股數(不含外資自營商)"":""11,000"",""外陸資賣出股數(不含外資自營商)"":""3,000"",""外陸資買賣超股數(不含外資自營商)"":""8,000"",""外資自營商買進股數"":""0"",""外資自營商賣出股數"":""0"",""外資自營商買賣超股數"":""0"",""投信買進股數"":""0"",""投信賣出股數"":""0"",""投信買賣超股數"":""0"",""自營商買賣超股數"":""6,000"",""自營商買進股數(自行買賣)"":""6,000"",""自營商賣出股數(自行買賣)"":""0"",""自營商買賣超股數(自行買賣)"":""6,000"",""自營商買進股數(避險)"":""0"",""自營商賣出股數(避險)"":""0"",""自營商買賣超股數(避險)"":""0"",""三大法人買賣超股數"":""14,000""}"
2026-10-01,TWSE,2911,麗嬰房          ,20000,6680,13320,0,0,0,0,0,0,"{""證券代號"":""2911"",""證券名稱"":""麗嬰房          "",""外陸資買進股數(不含外資自營商)"":""20,000"",""外陸資賣出股數(不含外資自營商)"":""6,680"",""外陸資買賣超股數(不含外資自營商)"":""13,320"",""外資自營商買進股數"":""0"",""外資自營商賣出股數"":""0"",""外資自營商買賣超股數"":""0"",""投信買進股數"":""0"",""投信賣出股數"":""0"",""投信買賣超股數"":""0"",""自營商買賣超股數"":""0"",""自營商買進股數(自行買賣)"":""0"",""自營商賣出股數(自行買賣)"":""0"",""自營商買賣超股數(自行買賣)"":""0"",""自營商買進股數(避險)"":""0"",""自營商賣出股數(避險)"":""0"",""自營商買賣超股數(避險)"":""0"",""三大法人買賣超股數"":""13,320""}"
2026-10-01,TWSE,4104,佳醫            ,20207,13000,7207,0,0,0,0,0,6000,"{""證券代號"":""4104"",""證券名稱"":""佳醫            "",""外陸資買進股數(不含外資自營商)"":""20,207"",""外陸資賣出股數(不含外資自營商)"":""13,000"",""外陸資買賣超股數(不含外資自營商)"":""7,207"",""外資自營商買進股數"":""0"",""外資自營商賣出股數"":""0"",""外資自營商買賣超股數"":""0"",""投信買進股數"":""0"",""投信賣出股數"":""0"",""投信買賣超股數"":""0"",""自營商買賣超股數"":""6,000"",""自營商買進股數(自行買賣)"":""6,000"",""自營商賣出股數(自行買賣)"":""0"",""自營商買賣超股數(自行買賣)"":""6,000"",""自營商買進股數(避險)"":""0"",""自營商賣出股數(避險)"":""0"",""自營商買賣超股數(避險)"":""0"",""三大法人買賣超股數"":""13,207""}"
2026-10-01,TWSE,2707,晶華            ,19131,6000,13131,0,0,0,0,0,0,"{""證券代號"":""2707"",""證券名稱"":""晶華            "",""外陸資買進股數(不含外資自營商)"":""19,131"",""外陸資賣出股數(不含外資自營商)"":""6,000"",""外陸資買賣超股數(不含外資自營商)"":""13,131"",""外資自營商買進股數"":""0"",""外資自營商賣出股數"":""0"",""外資自營商買賣超股數"":""0"",""投信買進股數"":""0"",""投信賣出股數"":""0"",""投信買賣超股數"":""0"",""自營商買賣超股數"":""0"",""自營商買進股數(自行買賣)"":""0"",""自營商賣出股數(自行買賣)"":""0"",""自營商買賣超股數(自行買賣)"":""0"",""自營商買進股數(避險)"":""0"",""自營商賣出股數(避險)"":""0"",""自營商買賣超股數(避險)"":""0"",""三大法人買賣超股數"":""13,131""}"
2026-10-01,TWSE,00683L,期元大美元指正2 ,15000,0,15000,0,0,0,73002,75000,-1998,"{""證券代號"":""00683L"",""證券名稱"":""期元大美元指正2 "",""外陸資買進股數(不含外資自營商)"":""15,000"",""外陸資賣出股數(不含外資自營商)"":""0"",""外陸資買賣超股數(不含外資自營商)"":""15,000"",""外資自營商買進股數"":""0"",""外資自營商賣出股數"":""0"",""外資自營商買賣超股數"":""0"",""投信買進股數"":""0"",""投信賣出股數"":""0"",""投信買賣超股數"":""0"",""自營商買賣超股數"":""-1,998"",""自營商買進股數(自行買賣)"":""0"",""自營商賣出股數(自行買賣)"":""0"",""自營商買賣超股數(自行買賣)"":""0"",""自營商買進股數(避險)"":""73,002"",""自營商賣出股數(避險)"":""75,000"",""自營商買賣超股數(避險)"":""-1,998"",""三大法人買賣超股數"":""13,002""}"
2026-10-01,TWSE,7835,永悅健康-創     ,15000,0,15000,0,0,0,14000,17000,-2000,"{""證券代號"":""7835"",""證券名稱"":""永悅健康-創     "",""外陸資買進股數(不含外資自營商)"":""15,000"",""外陸資賣出股數(不含外資自營商)"":""0"",""外陸資買賣超股數(不含外資自營商)"":""15,000"",""外資自營商買進股數"":""0"",""外資自營商賣出股數"":""0"",""外資自營商買賣超股數"":""0"",""投信買進股數"":""0"",""投信賣出股數"":""0"",""投信買賣超股數"":""0"",""自營商買賣超股數"":""-2,000"",""自營商買進股數(自行買賣)"":""1,000"",""自營商賣出股數(自行買賣)"":""0"",""自營商買賣超股數(自行買賣)"":""1,000"",""自營商買進股數(避險)"":""14,000"",""自營商賣出股數(避險)"":""17,000"",""自營商買賣超股數(避險)"":""-3,000"",""三大法人買賣超股數"":""13,000""}"
2026-10-01,TWSE,6928,攸泰科技        ,24000,11000,13000,0,0,0,0,0,0,"{""證券代號"":""6928"",""證券名稱"":""攸泰科技        "",""外陸資買進股數(不含外資自營商)"":""24,000"",""外陸資賣出股數(不含外資自營商)"":""11,000"",""外陸資買賣超股數(不含外資自營商)"":""13,000"",""外資自營商買進股數"":""0"",""外資自營商賣出股數"":""0"",""外資自營商買賣超股數"":""0"",""投信買進股數"":""0"",""投信賣出股數"":""0"",""投信買賣超股數"":""0"",""自營商買賣超股數"":""0"",""自營商買進股數(自行買賣)"":""0"",""自營商賣出股數(自行買賣)"":""0"",""自營商買賣超股數(自行買賣)"":""0"",""自營商買進股數(避險)"":""0"",""自營商賣出股數(避險)"":""0"",""自營商買賣超股數(避險)"":""0"",""三大法人買賣超股數"":""13,000""}"
2026-10-01,TWSE,6115,鎰勝            ,21000,13000,8000,0,0,0,0,0,5000,"{""證券代號"":""6115"",""證券名稱"":""鎰勝            "",""外陸資買進股數(不含外資自營商)"":""21,000"",""外陸資賣出股數(不含外資自營商)"":""13,000"",""外陸資買賣超股數(不含外資自營商)"":""8,000"",""外資自營商買進股數"":""0"",""外資自營商賣出股數"":""0"",""外資自營商買賣超股數"":""0"",""投信買進股數"":""0"",""投信賣出股數"":""0"",""投信買賣超股數"":""0"",""自營商買賣超股數"":""5,000"",""自營商買進股數(自行買賣)"":""5,000"",""自營商賣出股數(自行買賣)"":""0"",""自營商買賣超股數(自行買賣)"":""5,000"",""自營商買進股數(避險)"":""0"",""自營商賣出股數(避險)"":""0"",""自營商買賣超股數(避險)"":""0"",""三大法人買賣超股數"":""13,000""}"
2026-10-01,TWSE,00647L,元大S&P500正2   ,0,1000,-1000,0,0,0,15946,2129,13817,"{""證券代號"":""00647L"",""證券名稱"":""元大S&P500正2   "",""外陸資買進股數(不含外資自營商)"":""0"",""外陸資賣出股數(不含外資自營商)"":""1,000"",""外陸資買賣超股數(不含外資自營商)"":""-1,000"",""外資自營商買進股數"":""0"",""外資自營商賣出股數"":""0"",""外資自營商買賣超股數"":""0"",""投信買進股數"":""0"",""投信賣出股數"":""0"",""投信買賣超股數"":""0"",""自營商買賣超股數"":""13,817"",""自營商買進股數(自行買賣)"":""0"",""自營商賣出股數(自行買賣)"":""0"",""自營商買賣超股數(自行買賣)"":""0"",""自營商買進股數(避險)"":""15,946"",""自營商賣出股數(避險)"":""2,129"",""自營商買賣超股數(避險)"":""13,817"",""三大法人買賣超股數"":""12,817""}"
2026-10-01,TWSE,5225,東科-KY         ,35160,22789,12371,14,0,14,0,0,346,"{""證券代號"":""5225"",""證券名稱"":""東科-KY         "",""外陸資買進股數(不含外資自營商)"":""35,160"",""外陸資賣出股數(不含外資自營商)"":""22,789"",""外陸資買賣超股數(不含外資自營商)"":""12,371"",""外資自營商買進股數"":""0"",""外資自營商賣出股數"":""0"",""外資自營商買賣超股數"":""0"",""投信買進股數"":""14"",""投信賣出股數"":""0"",""投信買賣超股數"":""14"",""自營商買賣超股數"":""346"",""自營商買進股數(自行買賣)"":""346"",""自營商賣出股數(自行買賣)"":""0"",""自營商買賣超股數(自行買賣)"":""346"",""自營商買進股數(避險)"":""0"",""自營商賣出股數(避險)"":""0"",""自營商買賣超股數(避險)"":""0"",""三大法人買賣超股數"":""12,731""}"
2026-10-01,TWSE,2072,世紀風電        ,57774,50836,6938,0,0,0,5706,0,5706,"{""證券代號"":""2072"",""證券名稱"":""世紀風電        "",""外陸資買進股數(不含外資自營商)"":""57,774"",""外陸資賣出股數(不含外資自營商)"":""50,836"",""外陸資買賣超股數(不含外資自營商)"":""6,938"",""外資自營商買進股數"":""0"",""外資自營商賣出股數"":""0"",""外資自營商買賣超股數"":""0"",""投信買進股數"":""0"",""投信賣出股數"":""0"",""投信買賣超股數"":""0"",""自營商買賣超股數"":""5,706"",""自營商買進股數(自行買賣)"":""0"",""自營商賣出股數(自行買賣)"":""0"",""自營商買賣超股數(自行買賣)"":""0"",""自營商買進股數(避險)"":""5,706"",""自營商賣出股數(避險)"":""0"",""自營商買賣超股數(避險)"":""5,706"",""三大法人買賣超股數"":""12,644""}"
2026-10-01,TWSE,6957,裕慶-KY         ,649000,599250,49750,0,0,0,0,0,-37401,"{""證券代號"":""6957"",""證券名稱"":""裕慶-KY         "",""外陸資買進股數(不含外資自營商)"":""649,000"",""外陸資賣出股數(不含外資自營商)"":""599,250"",""外陸資買賣超股數(不含外資自營商)"":""49,750"",""外資自營商買進股數"":""0"",""外資自營商賣出股數"":""0"",""外資自營商買賣超股數"":""0"",""投信買進股數"":""0"",""投信賣出股數"":""0"",""投信買賣超股數"":""0"",""自營商買賣超股數"":""-37,401"",""自營商買進股數(自行買賣)"":""3,000"",""自營商賣出股數(自行買賣)"":""40,401"",""自營商買賣超股數(自行買賣)"":""-37,401"",""自營商買進股數(避險)"":""0"",""自營商賣出股數(避險)"":""0"",""自營商買賣超股數(避險)"":""0"",""三大法人買賣超股數"":""12,349""}"
2026-10-01,TWSE,8249,菱光            ,54110,42000,12110,0,0,0,0,0,0,"{""證券代號"":""8249"",""證券名稱"":""菱光            "",""外陸資買進股數(不含外資自營商)"":""54,110"",""外陸資賣出股數(不含外資自營商)"":""42,000"",""外陸資買賣超股數(不含外資自營商)"":""12,110"",""外資自營商買進股數"":""0"",""外資自營商賣出股數"":""0"",""外資自營商買賣超股數"":""0"",""投信買進股數"":""0"",""投信賣出股數"":""0"",""投信買賣超股數"":""0"",""自營商買賣超股數"":""0"",""自營商買進股數(自行買賣)"":""0"",""自營商賣出股數(自行買賣)"":""0"",""自營商買賣超股數(自行買賣)"":""0"",""自營商買進股數(避險)"":""0"",""自營商賣出股數(避險)"":""0"",""自營商買賣超股數(避險)"":""0"",""三大法人買賣超股數"":""12,110""}"
2026-10-01,TWSE,3530,晶相光          ,21000,9000,12000,13,0,13,0,0,0,"{""證券代號"":""3530"",""證券名稱"":""晶相光          "",""外陸資買進股數(不含外資自營商)"":""21,000"",""外陸資賣出股數(不含外資自營商)"":""9,000"",""外陸資買賣超股數(不含外資自營商)"":""12,000"",""外資自營商買進股數"":""0"",""外資自營商賣出股數"":""0"",""外資自營商買賣超股數"":""0"",""投信買進股數"":""13"",""投信賣出股數"":""0"",""投信買賣超股數"":""13"",""自營商買賣超股數"":""0"",""自營商買進股數(自行買賣)"":""0"",""自營商賣出股數(自行買賣)"":""0"",""自營商買賣超股數(自行買賣)"":""0"",""自營商買進股數(避險)"":""0"",""自營商賣出股數(避險)"":""0"",""自營商買賣超股數(避險)"":""0"",""三大法人買賣超股數"":""12,013""}"
2026-10-01,TWSE,6776,展碁國際        ,24000,10000,14000,6,0,6,0,0,-2000,"{""證券代號"":""6776"",""證券名稱"":""展碁國際        "",""外陸資買進股數(不含外資自營商)"":""24,000"",""外陸資賣出股數(不含外資自營商)"":""10,000"",""外陸資買賣超股數(不含外資自營商)"":""14,000"",""外資自營商買進股數"":""0"",""外資自營商賣出股數"":""0"",""外資自營商買賣超股數"":""0"",""投信買進股數"":""6"",""投信賣出股數"":""0"",""投信買賣超股數"":""6"",""自營商買賣超股數"":""-2,000"",""自營商買進股數(自行買賣)"":""0"",""自營商賣出股數(自行買賣)"":""2,000"",""自營商買賣超股數(自行買賣)"":""-2,000"",""自營商買進股數(避險)"":""0"",""自營商賣出股數(避險)"":""0"",""自營商買賣超股數(避險)"":""0"",""三大法人買賣超股數"":""12,006""}"
2026-10-01,TWSE,4807,日成-KY         ,22000,10000,12000,0,0,0,0,0,0,"{""證券代號"":""4807"",""證券名稱"":""日成-KY         "",""外陸資買進股數(不含外資自營商)"":""22,000"",""外陸資賣出股數(不含外資自營商)"":""10,000"",""外陸資買賣超股數(不含外資自營商)"":""12,000"",""外資自營商買進股數"":""0"",""外資自營商賣出股數"":""0"",""外資自營商買賣超股數"":""0"",""投信買進股數"":""0"",""投信賣出股數"":""0"",""投信買賣超股數"":""0"",""自營商買賣超股數"":""0"",""自營商買進股數(自行買賣)"":""0"",""自營商賣出股數(自行買賣)"":""0"",""自營商買賣超股數(自行買賣)"":""0"",""自營商買進股數(避險)"":""0"",""自營商賣出股數(避險)"":""0"",""自營商買賣超股數(避險)"":""0"",""三大法人買賣超股數"":""12,000""}"
2026-10-01,TWSE,1416,廣豐            ,65944,53000,12944,0,0,0,0,0,-1000,"{""證券代號"":""1416"",""證券名稱"":""廣豐            "",""外陸資買進股數(不含外資自營商)"":""65,944"",""外陸資賣出股數(不含外資自營商)"":""53,000"",""外陸資買賣超股數(不含外資自營商)"":""12,944"",""外資自營商買進股數"":""0"",""外資自營商賣出股數"":""0"",""外資自營商買賣超股數"":""0"",""投信買進股數"":""0"",""投信賣出股數"":""0"",""投信買賣超股數"":""0"",""自營商買賣超股數"":""-1,000"",""自營商買進股數(自行買賣)"":""0"",""自營商賣出股數(自行買賣)"":""1,000"",""自營商買賣超股數(自行買賣)"":""-1,000"",""自營商買進股數(避險)"":""0"",""自營商賣出股數(避險)"":""0"",""自營商買賣超股數(避險)"":""0"",""三大法人買賣超股數"":""11,944""}"
2026-10-01,TWSE,2612,中航            ,53860,44001,9859,0,0,0,0,152,1848,"{""證券代號"":""2612"",""證券名稱"":""中航            "",""外陸資買進股數(不含外資自營商)"":""53,860"",""外陸資賣出股數(不含外資自營商)"":""44,001"",""外陸資買賣超股數(不含外資自營商)"":""9,859"",""外資自營商買進股數"":""0"",""外資自營商賣出股數"":""0"",""外資自營商買賣超股數"":""0"",""投信買進股數"":""0"",""投信賣出股數"":""0"",""投信買賣超股數"":""0"",""自營商買賣超股數"":""1,848"",""自營商買進股數(自行買賣)"":""2,000"",""自營商賣出股數(自行買賣)"":""0"",""自營商買賣超股數(自行買賣)"":""2,000"",""自營商買進股數(避險)"":""0"",""自營商賣出股數(避險)"":""152"",""自營商買賣超股數(避險)"":""-152"",""三大法人買賣超股數"":""11,707""}"
2026-10-01,TWSE,3413,京鼎            ,207746,194859,12887,0,0,0,0,1249,-1249,"{""證券代號"":""3413"",""證券名稱"":""京鼎            "",""外陸資買進股數(不含外資自營商)"":""207,746"",""外陸資賣出股數(不含外資自營商)"":""194,859"",""外陸資買賣超股數(不含外資自營商)"":""12,887"",""外資自營商買進股數"":""0"",""外資自營商賣出股數"":""0"",""外資自營商買賣超股數"":""0"",""投信買進股數"":""0"",""投信賣出股數"":""0"",""投信買賣超股數"":""0"",""自營商買賣超股數"":""-1,249"",""自營商買進股數(自行買賣)"":""0"",""自營商賣出股數(自行買賣)"":""0"",""自營商買賣超股數(自行買賣)"":""0"",""自營商買進股數(避險)"":""0"",""自營商賣出股數(避險)"":""1,249"",""自營商買賣超股數(避險)"":""-1,249"",""三大法人買賣超股數"":""11,638""}"
2026-10-01,TWSE,2427,三商電          ,80598,72000,8598,5,0,5,0,0,3000,"{""證券代號"":""2427"",""證券名稱"":""三商電          "",""外陸資買進股數(不含外資自營商)"":""80,598"",""外陸資賣出股數(不含外資自營商)"":""72,000"",""外陸資買賣超股數(不含外資自營商)"":""8,598"",""外資自營商買進股數"":""0"",""外資自營商賣出股數"":""0"",""外資自營商買賣超股數"":""0"",""投信買進股數"":""5"",""投信賣出股數"":""0"",""投信買賣超股數"":""5"",""自營商買賣超股數"":""3,000"",""自營商買進股數(自行買賣)"":""3,000"",""自營商賣出股數(自行買賣)"":""0"",""自營商買賣超股數(自行買賣)"":""3,000"",""自營商買進股數(避險)"":""0"",""自營商賣出股數(避險)"":""0"",""自營商買賣超股數(避險)"":""0"",""三大法人買賣超股數"":""11,603""}"
2026-10-01,TWSE,006206,元大上證50      ,0,0,0,0,0,0,11525,0,11525,"{""證券代號"":""006206"",""證券名稱"":""元大上證50      "",""外陸資買進股數(不含外資自營商)"":""0"",""外陸資賣出股數(不含外資自營商)"":""0"",""外陸資買賣超股數(不含外資自營商)"":""0"",""外資自營商買進股數"":""0"",""外資自營商賣出股數"":""0"",""外資自營商買賣超股數"":""0"",""投信買進股數"":""0"",""投信賣出股數"":""0"",""投信買賣超股數"":""0"",""自營商買賣超股數"":""11,525"",""自營商買進股數(自行買賣)"":""0"",""自營商賣出股數(自行買賣)"":""0"",""自營商買賣超股數(自行買賣)"":""0"",""自營商買進股數(避險)"":""11,525"",""自營商賣出股數(避險)"":""0"",""自營商買賣超股數(避險)"":""11,525"",""三大法人買賣超股數"":""11,525""}"
2026-10-01,TWSE,2364,倫飛            ,18049,12000,6049,10,0,10,0,0,5039,"{""證券代號"":""2364"",""證券名稱"":""倫飛            "",""外陸資買進股數(不含外資自營商)"":""18,049"",""外陸資賣出股數(不含外資自營商)"":""12,000"",""外陸資買賣超股數(不含外資自營商)"":""6,049"",""外資自營商買進股數"":""0"",""外資自營商賣出股數"":""0"",""外資自營商買賣超股數"":""0"",""投信買進股數"":""10"",""投信賣出股數"":""0"",""投信買賣超股數"":""10"",""自營商買賣超股數"":""5,039"",""自營商買進股數(自行買賣)"":""5,039"",""自營商賣出股數(自行買賣)"":""0"",""自營商買賣超股數(自行買賣)"":""5,039"",""自營商買進股數(避險)"":""0"",""自營商賣出股數(避險)"":""0"",""自營商買賣超股數(避險)"":""0"",""三大法人買賣超股數"":""11,098""}"
2026-10-01,TWSE,1225,福懋油          ,16000,4000,12000,0,0,0,0,0,-1000,"{""證券代號"":""1225"",""證券名稱"":""福懋油          "",""外陸資買進股數(不含外資自營商)"":""16,000"",""外陸資賣出股數(不含外資自營商)"":""4,000"",""外陸資買賣超股數(不含外資自營商)"":""12,000"",""外資自營商買進股數"":""0"",""外資自營商賣出股數"":""0"",""外資自營商買賣超股數"":""0"",""投信買進股數"":""0"",""投信賣出股數"":""0"",""投信買賣超股數"":""0"",""自營商買賣超股數"":""-1,000"",""自營商買進股數(自行買賣)"":""0"",""自營商賣出股數(自行買賣)"":""1,000"",""自營商買賣超股數(自行買賣)"":""-1,000"",""自營商買進股數(避險)"":""0"",""自營商賣出股數(避險)"":""0"",""自營商買賣超股數(避險)"":""0"",""三大法人買賣超股數"":""11,000""}"
2026-10-01,TWSE,006205,富邦上証        ,0,0,0,0,0,0,33409,23000,10409,"{""證券代號"":""006205"",""證券名稱"":""富邦上証        "",""外陸資買進股數(不含外資自營商)"":""0"",""外陸資賣出股數(不含外資自營商)"":""0"",""外陸資買賣超股數(不含外資自營商)"":""0"",""外資自營商買進股數"":""0"",""外資自營商賣出股數"":""0"",""外資自營商買賣超股數"":""0"",""投信買進股數"":""0"",""投信賣出股數"":""0"",""投信買賣超股數"":""0"",""自營商買賣超股數"":""10,409"",""自營商買進股數(自行買賣)"":""0"",""自營商賣出股數(自行買賣)"":""0"",""自營商買賣超股數(自行買賣)"":""0"",""自營商買進股數(避險)"":""33,409"",""自營商賣出股數(避險)"":""23,000"",""自營商買賣超股數(避險)"":""10,409"",""三大法人買賣超股數"":""10,409""}"
2026-10-01,TWSE,6862,三集瑞-KY       ,91109,81000,10109,0,0,0,280,219,61,"{""證券代號"":""6862"",""證券名稱"":""三集瑞-KY       "",""外陸資買進股數(不含外資自營商)"":""91,109"",""外陸資賣出股數(不含外資自營商)"":""81,000"",""外陸資買賣超股數(不含外資自營商)"":""10,109"",""外資自營商買進股數"":""0"",""外資自營商賣出股數"":""0"",""外資自營商買賣超股數"":""0"",""投信買進股數"":""0"",""投信賣出股數"":""0"",""投信買賣超股數"":""0"",""自營商買賣超股數"":""61"",""自營商買進股數(自行買賣)"":""0"",""自營商賣出股數(自行買賣)"":""0"",""自營商買賣超股數(自行買賣)"":""0"",""自營商買進股數(避險)"":""280"",""自營商賣出股數(避險)"":""219"",""自營商買賣超股數(避險)"":""61"",""三大法人買賣超股數"":""10,170""}"
2026-10-01,TWSE,1220,台榮            ,10000,717,9283,0,0,0,3000,2247,753,"{""證券代號"":""1220"",""證券名稱"":""台榮            "",""外陸資買進股數(不含外資自營商)"":""10,000"",""外陸資賣出股數(不含外資自營商)"":""717"",""外陸資買賣超股數(不含外資自營商)"":""9,283"",""外資自營商買進股數"":""0"",""外資自營商賣出股數"":""0"",""外資自營商買賣超股數"":""0"",""投信買進股數"":""0"",""投信賣出股數"":""0"",""投信買賣超股數"":""0"",""自營商買賣超股數"":""753"",""自營商買進股數(自行買賣)"":""0"",""自營商賣出股數(自行買賣)"":""0"",""自營商買賣超股數(自行買賣)"":""0"",""自營商買進股數(避險)"":""3,000"",""自營商賣出股數(避險)"":""2,247"",""自營商買賣超股數(避險)"":""753"",""三大法人買賣超股數"":""10,036""}"
2026-10-01,TWSE,3054,立萬利          ,31000,21000,10000,14,0,14,0,0,0,"{""證券代號"":""3054"",""證券名稱"":""立萬利          "",""外陸資買進股數(不含外資自營商)"":""31,000"",""外陸資賣出股數(不含外資自營商)"":""21,000"",""外陸資買賣超股數(不含外資自營商)"":""10,000"",""外資自營商買進股數"":""0"",""外資自營商賣出股數"":""0"",""外資自營商買賣超股數"":""0"",""投信買進股數"":""14"",""投信賣出股數"":""0"",""投信買賣超股數"":""14"",""自營商買賣超股數"":""0"",""自營商買進股數(自行買賣)"":""0"",""自營商賣出股數(自行買賣)"":""0"",""自營商買賣超股數(自行買賣)"":""0"",""自營商買進股數(避險)"":""0"",""自營商賣出股數(避險)"":""0"",""自營商買賣超股數(避險)"":""0"",""三大法人買賣超股數"":""10,014""}"
2026-10-01,TWSE,2739,寒舍            ,22000,12000,10000,0,0,0,0,0,0,"{""證券代號"":""2739"",""證券名稱"":""寒舍            "",""外陸資買進股數(不含外資自營商)"":""22,000"",""外陸資賣出股數(不含外資自營商)"":""12,000"",""外陸資買賣超股數(不含外資自營商)"":""10,000"",""外資自營商買進股數"":""0"",""外資自營商賣出股數"":""0"",""外資自營商買賣超股數"":""0"",""投信買進股數"":""0"",""投信賣出股數"":""0"",""投信買賣超股數"":""0"",""自營商買賣超股數"":""0"",""自營商買進股數(自行買賣)"":""0"",""自營商賣出股數(自行買賣)"":""0"",""自營商買賣超股數(自行買賣)"":""0"",""自營商買進股數(避險)"":""0"",""自營商賣出股數(避險)"":""0"",""自營商買賣超股數(避險)"":""0"",""三大法人買賣超股數"":""10,000""}"
2026-10-01,TWSE,5706,鳳凰            ,12000,2000,10000,0,0,0,0,0,0,"{""證券代號"":""5706"",""證券名稱"":""鳳凰            "",""外陸資買進股數(不含外資自營商)"":""12,000"",""外陸資賣出股數(不含外資自營商)"":""2,000"",""外陸資買賣超股數(不含外資自營商)"":""10,000"",""外資自營商買進股數"":""0"",""外資自營商賣出股數"":""0"",""外資自營商買賣超股數"":""0"",""投信買進股數"":""0"",""投信賣出股數"":""0"",""投信買賣超股數"":""0"",""自營商買賣超股數"":""0"",""自營商買進股數(自行買賣)"":""0"",""自營商賣出股數(自行買賣)"":""0"",""自營商買賣超股數(自行買賣)"":""0"",""自營商買進股數(避險)"":""0"",""自營商賣出股數(避險)"":""0"",""自營商買賣超股數(避險)"":""0"",""三大法人買賣超股數"":""10,000""}"
2026-10-01,TWSE,8454,富邦媒          ,141612,132231,9381,0,0,0,3000,2496,504,"{""證券代號"":""8454"",""證券名稱"":""富邦媒          "",""外陸資買進股數(不含外資自營商)"":""141,612"",""外陸資賣出股數(不含外資自營商)"":""132,231"",""外陸資買賣超股數(不含外資自營商)"":""9,381"",""外資自營商買進股數"":""0"",""外資自營商賣出股數"":""0"",""外資自營商買賣超股數"":""0"",""投信買進股數"":""0"",""投信賣出股數"":""0"",""投信買賣超股數"":""0"",""自營商買賣超股數"":""504"",""自營商買進股數(自行買賣)"":""29,000"",""自營商賣出股數(自行買賣)"":""29,000"",""自營商買賣超股數(自行買賣)"":""0"",""自營商買進股數(避險)"":""3,000"",""自營商賣出股數(避險)"":""2,496"",""自營商買賣超股數(避險)"":""504"",""三大法人買賣超股數"":""9,885""}"
2026-10-01,TWSE,2397,友通            ,25882,17000,8882,0,0,0,0,0,1000,"{""證券代號"":""2397"",""證券名稱"":""友通            "",""外陸資買進股數(不含外資自營商)"":""25,882"",""外陸資賣出股數(不含外資自營商)"":""17,000"",""外陸資買賣超股數(不含外資自營商)"":""8,882"",""外資自營商買進股數"":""0"",""外資自營商賣出股數"":""0"",""外資自營商買賣超股數"":""0"",""投信買進股數"":""0"",""投信賣出股數"":""0"",""投信買賣超股數"":""0"",""自營商買賣超股數"":""1,000"",""自營商買進股數(自行買賣)"":""1,000"",""自營商賣出股數(自行買賣)"":""0"",""自營商買賣超股數(自行買賣)"":""1,000"",""自營商買進股數(避險)"":""0"",""自營商賣出股數(避險)"":""0"",""自營商買賣超股數(避險)"":""0"",""三大法人買賣超股數"":""9,882""}"
2026-10-01,TWSE,9924,福興            ,23000,13200,9800,0,0,0,0,0,0,"{""證券代號"":""9924"",""證券名稱"":""福興            "",""外陸資買進股數(不含外資自營商)"":""23,000"",""外陸資賣出股數(不含外資自營商)"":""13,200"",""外陸資買賣超股數(不含外資自營商)"":""9,800"",""外資自營商買進股數"":""0"",""外資自營商賣出股數"":""0"",""外資自營商買賣超股數"":""0"",""投信買進股數"":""0"",""投信賣出股數"":""0"",""投信買賣超股數"":""0"",""自營商買賣超股數"":""0"",""自營商買進股數(自行買賣)"":""0"",""自營商賣出股數(自行買賣)"":""0"",""自營商買賣超股數(自行買賣)"":""0"",""自營商買進股數(避險)"":""0"",""自營商賣出股數(避險)"":""0"",""自營商買賣超股數(避險)"":""0"",""三大法人買賣超股數"":""9,800""}"
2026-10-01,TWSE,6890,來億-KY         ,32574,64000,-31426,40000,0,40000,349,255,1094,"{""證券代號"":""6890"",""證券名稱"":""來億-KY         "",""外陸資買進股數(不含外資自營商)"":""32,574"",""外陸資賣出股數(不含外資自營商)"":""64,000"",""外陸資買賣超股數(不含外資自營商)"":""-31,426"",""外資自營商買進股數"":""0"",""外資自營商賣出股數"":""0"",""外資自營商買賣超股數"":""0"",""投信買進股數"":""40,000"",""投信賣出股數"":""0"",""投信買賣超股數"":""40,000"",""自營商買賣超股數"":""1,094"",""自營商買進股數(自行買賣)"":""33,000"",""自營商賣出股數(自行買賣)"":""32,000"",""自營商買賣超股數(自行買賣)"":""1,000"",""自營商買進股數(避險)"":""349"",""自營商賣出股數(避險)"":""255"",""自營商買賣超股數(避險)"":""94"",""三大法人買賣超股數"":""9,668""}"
2026-10-01,TWSE,9937,全國            ,6000,0,6000,0,0,0,0,0,3100,"{""證券代號"":""9937"",""證券名稱"":""全國            "",""外陸資買進股數(不含外資自營商)"":""6,000"",""外陸資賣出股數(不含外資自營商)"":""0"",""外陸資買賣超股數(不含外資自營商)"":""6,000"",""外資自營商買進股數"":""0"",""外資自營商賣出股數"":""0"",""外資自營商買賣超股數"":""0"",""投信買進股數"":""0"",""投信賣出股數"":""0"",""投信買賣超股數"":""0"",""自營商買賣超股數"":""3,100"",""自營商買進股數(自行買賣)"":""3,100"",""自營商賣出股數(自行買賣)"":""0"",""自營商買賣超股數(自行買賣)"":""3,100"",""自營商買進股數(避險)"":""0"",""自營商賣出股數(避險)"":""0"",""自營商買賣超股數(避險)"":""0"",""三大法人買賣超股數"":""9,100""}"
2026-10-01,TWSE,8072,陞泰            ,14000,5000,9000,5,0,5,0,0,0,"{""證券代號"":""8072"",""證券名稱"":""陞泰            "",""外陸資買進股數(不含外資自營商)"":""14,000"",""外陸資賣出股數(不含外資自營商)"":""5,000"",""外陸資買賣超股數(不含外資自營商)"":""9,000"",""外資自營商買進股數"":""0"",""外資自營商賣出股數"":""0"",""外資自營商買賣超股數"":""0"",""投信買進股數"":""5"",""投信賣出股數"":""0"",""投信買賣超股數"":""5"",""自營商買賣超股數"":""0"",""自營商買進股數(自行買賣)"":""0"",""自營商賣出股數(自行買賣)"":""0"",""自營商買賣超股數(自行買賣)"":""0"",""自營商買進股數(避險)"":""0"",""自營商賣出股數(避險)"":""0"",""自營商買賣超股數(避險)"":""0"",""三大法人買賣超股數"":""9,005""}"
2026-10-01,TWSE,7760,享溫馨          ,9000,0,9000,0,0,0,0,0,0,"{""證券代號"":""7760"",""證券名稱"":""享溫馨          "",""外陸資買進股數(不含外資自營商)"":""9,000"",""外陸資賣出股數(不含外資自營商)"":""0"",""外陸資買賣超股數(不含外資自營商)"":""9,000"",""外資自營商買進股數"":""0"",""外資自營商賣出股數"":""0"",""外資自營商買賣超股數"":""0"",""投信買進股數"":""0"",""投信賣出股數"":""0"",""投信買賣超股數"":""0"",""自營商買賣超股數"":""0"",""自營商買進股數(自行買賣)"":""0"",""自營商賣出股數(自行買賣)"":""0"",""自營商買賣超股數(自行買賣)"":""0"",""自營商買進股數(避險)"":""0"",""自營商賣出股數(避險)"":""0"",""自營商買賣超股數(避險)"":""0"",""三大法人買賣超股數"":""9,000""}"
2026-10-01,TWSE,1459,聯發            ,35000,26000,9000,0,0,0,0,0,0,"{""證券代號"":""1459"",""證券名稱"":""聯發            "",""外陸資買進股數(不含外資自營商)"":""35,000"",""外陸資賣出股數(不含外資自營商)"":""26,000"",""外陸資買賣超股數(不含外資自營商)"":""9,000"",""外資自營商買進股數"":""0"",""外資自營商賣出股數"":""0"",""外資自營商買賣超股數"":""0"",""投信買進股數"":""0"",""投信賣出股數"":""0"",""投信買賣超股數"":""0"",""自營商買賣超股數"":""0"",""自營商買進股數(自行買賣)"":""0"",""自營商賣出股數(自行買賣)"":""0"",""自營商買賣超股數(自行買賣)"":""0"",""自營商買進股數(避險)"":""0"",""自營商賣出股數(避險)"":""0"",""自營商買賣超股數(避險)"":""0"",""三大法人買賣超股數"":""9,000""}"
2026-10-01,TWSE,2477,美隆電          ,26000,19000,7000,1071,0,1071,0,0,0,"{""證券代號"":""2477"",""證券名稱"":""美隆電          "",""外陸資買進股數(不含外資自營商)"":""26,000"",""外陸資賣出股數(不含外資自營商)"":""19,000"",""外陸資買賣超股數(不含外資自營商)"":""7,000"",""外資自營商買進股數"":""0"",""外資自營商賣出股數"":""0"",""外資自營商買賣超股數"":""0"",""投信買進股數"":""1,071"",""投信賣出股數"":""0"",""投信買賣超股數"":""1,071"",""自營商買賣超股數"":""0"",""自營商買進股數(自行買賣)"":""0"",""自營商賣出股數(自行買賣)"":""0"",""自營商買賣超股數(自行買賣)"":""0"",""自營商買進股數(避險)"":""0"",""自營商賣出股數(避險)"":""0"",""自營商買賣超股數(避險)"":""0"",""三大法人買賣超股數"":""8,071""}"
2026-10-01,TWSE,00654R,富邦印度反1     ,0,0,0,0,0,0,8000,0,8000,"{""證券代號"":""00654R"",""證券名稱"":""富邦印度反1     "",""外陸資買進股數(不含外資自營商)"":""0"",""外陸資賣出股數(不含外資自營商)"":""0"",""外陸資買賣超股數(不含外資自營商)"":""0"",""外資自營商買進股數"":""0"",""外資自營商賣出股數"":""0"",""外資自營商買賣超股數"":""0"",""投信買進股數"":""0"",""投信賣出股數"":""0"",""投信買賣超股數"":""0"",""自營商買賣超股數"":""8,000"",""自營商買進股數(自行買賣)"":""0"",""自營商賣出股數(自行買賣)"":""0"",""自營商買賣超股數(自行買賣)"":""0"",""自營商買進股數(避險)"":""8,000"",""自營商賣出股數(避險)"":""0"",""自營商買賣超股數(避險)"":""8,000"",""三大法人買賣超股數"":""8,000""}"
2026-10-01,TWSE,1217,愛之味          ,49000,65000,-16000,0,0,0,0,0,24000,"{""證券代號"":""1217"",""證券名稱"":""愛之味          "",""外陸資買進股數(不含外資自營商)"":""49,000"",""外陸資賣出股數(不含外資自營商)"":""65,000"",""外陸資買賣超股數(不含外資自營商)"":""-16,000"",""外資自營商買進股數"":""0"",""外資自營商賣出股數"":""0"",""外資自營商買賣超股數"":""0"",""投信買進股數"":""0"",""投信賣出股數"":""0"",""投信買賣超股數"":""0"",""自營商買賣超股數"":""24,000"",""自營商買進股數(自行買賣)"":""24,000"",""自營商賣出股數(自行買賣)"":""0"",""自營商買賣超股數(自行買賣)"":""24,000"",""自營商買進股數(避險)"":""0"",""自營商賣出股數(避險)"":""0"",""自營商買賣超股數(避險)"":""0"",""三大法人買賣超股數"":""8,000""}"
2026-10-01,TWSE,1527,鑽全            ,43000,35000,8000,0,0,0,0,0,0,"{""證券代號"":""1527"",""證券名稱"":""鑽全            "",""外陸資買進股數(不含外資自營商)"":""43,000"",""外陸資賣出股數(不含外資自營商)"":""35,000"",""外陸資買賣超股數(不含外資自營商)"":""8,000"",""外資自營商買進股數"":""0"",""外資自營商賣出股數"":""0"",""外資自營商買賣超股數"":""0"",""投信買進股數"":""0"",""投信賣出股數"":""0"",""投信買賣超股數"":""0"",""自營商買賣超股數"":""0"",""自營商買進股數(自行買賣)"":""0"",""自營商賣出股數(自行買賣)"":""0"",""自營商買賣超股數(自行買賣)"":""0"",""自營商買進股數(避險)"":""0"",""自營商賣出股數(避險)"":""0"",""自營商買賣超股數(避險)"":""0"",""三大法人買賣超股數"":""8,000""}"
2026-10-01,TWSE,2237,華德動能-創     ,13000,5000,8000,0,0,0,0,0,0,"{""證券代號"":""2237"",""證券名稱"":""華德動能-創     "",""外陸資買進股數(不含外資自營商)"":""13,000"",""外陸資賣出股數(不含外資自營商)"":""5,000"",""外陸資買賣超股數(不含外資自營商)"":""8,000"",""外資自營商買進股數"":""0"",""外資自營商賣出股數"":""0"",""外資自營商買賣超股數"":""0"",""投信買進股數"":""0"",""投信賣出股數"":""0"",""投信買賣超股數"":""0"",""自營商買賣超股數"":""0"",""自營商買進股數(自行買賣)"":""0"",""自營商賣出股數(自行買賣)"":""0"",""自營商買賣超股數(自行買賣)"":""0"",""自營商買進股數(避險)"":""0"",""自營商賣出股數(避險)"":""0"",""自營商買賣超股數(避險)"":""0"",""三大法人買賣超股數"":""8,000""}"
2026-10-01,TWSE,1903,士紙            ,13000,5000,8000,0,0,0,0,0,0,"{""證券代號"":""1903"",""證券名稱"":""士紙            "",""外陸資買進股數(不含外資自營商)"":""13,000"",""外陸資賣出股數(不含外資自營商)"":""5,000"",""外陸資買賣超股數(不含外資自營商)"":""8,000"",""外資自營商買進股數"":""0"",""外資自營商賣出股數"":""0"",""外資自營商買賣超股數"":""0"",""投信買進股數"":""0"",""投信賣出股數"":""0"",""投信買賣超股數"":""0"",""自營商買賣超股數"":""0"",""自營商買進股數(自行買賣)"":""0"",""自營商賣出股數(自行買賣)"":""0"",""自營商買賣超股數(自行買賣)"":""0"",""自營商買進股數(避險)"":""0"",""自營商賣出股數(避險)"":""0"",""自營商買賣超股數(避險)"":""0"",""三大法人買賣超股數"":""8,000""}"
2026-10-01,TWSE,2929,淘帝-KY         ,13000,5000,8000,0,0,0,0,0,0,"{""證券代號"":""2929"",""證券名稱"":""淘帝-KY         "",""外陸資買進股數(不含外資自營商)"":""13,000"",""外陸資賣出股數(不含外資自營商)"":""5,000"",""外陸資買賣超股數(不含外資自營商)"":""8,000"",""外資自營商買進股數"":""0"",""外資自營商賣出股數"":""0"",""外資自營商買賣超股數"":""0"",""投信買進股數"":""0"",""投信賣出股數"":""0"",""投信買賣超股數"":""0"",""自營商買賣超股數"":""0"",""自營商買進股數(自行買賣)"":""0"",""自營商賣出股數(自行買賣)"":""0"",""自營商買賣超股數(自行買賣)"":""0"",""自營商買進股數(避險)"":""0"",""自營商賣出股數(避險)"":""0"",""自營商買賣超股數(避險)"":""0"",""三大法人買賣超股數"":""8,000""}"
2026-10-01,TWSE,2015,豐興            ,41451,42000,-549,0,0,0,0,0,8000,"{""證券代號"":""2015"",""證券名稱"":""豐興            "",""外陸資買進股數(不含外資自營商)"":""41,451"",""外陸資賣出股數(不含外資自營商)"":""42,000"",""外陸資買賣超股數(不含外資自營商)"":""-549"",""外資自營商買進股數"":""0"",""外資自營商賣出股數"":""0"",""外資自營商買賣超股數"":""0"",""投信買進股數"":""0"",""投信賣出股數"":""0"",""投信買賣超股數"":""0"",""自營商買賣超股數"":""8,000"",""自營商買進股數(自行買賣)"":""8,000"",""自營商賣出股數(自行買賣)"":""0"",""自營商買賣超股數(自行買賣)"":""8,000"",""自營商買進股數(避險)"":""0"",""自營商賣出股數(避險)"":""0"",""自營商買賣超股數(避險)"":""0"",""三大法人買賣超股數"":""7,451""}"
2026-10-01,TWSE,1103,嘉泥            ,28000,21000,7000,0,0,0,0,0,0,"{""證券代號"":""1103"",""證券名稱"":""嘉泥            "",""外陸資買進股數(不含外資自營商)"":""28,000"",""外陸資賣出股數(不含外資自營商)"":""21,000"",""外陸資買賣超股數(不含外資自營商)"":""7,000"",""外資自營商買進股數"":""0"",""外資自營商賣出股數"":""0"",""外資自營商買賣超股數"":""0"",""投信買進股數"":""0"",""投信賣出股數"":""0"",""投信買賣超股數"":""0"",""自營商買賣超股數"":""0"",""自營商買進股數(自行買賣)"":""0"",""自營商賣出股數(自行買賣)"":""0"",""自營商買賣超股數(自行買賣)"":""0"",""自營商買進股數(避險)"":""0"",""自營商賣出股數(避險)"":""0"",""自營商買賣超股數(避險)"":""0"",""三大法人買賣超股數"":""7,000""}"
2026-10-01,TWSE,1438,三地開發        ,9000,8000,1000,0,0,0,0,0,6000,"{""證券代號"":""1438"",""證券名稱"":""三地開發        "",""外陸資買進股數(不含外資自營商)"":""9,000"",""外陸資賣出股數(不含外資自營商)"":""8,000"",""外陸資買賣超股數(不含外資自營商)"":""1,000"",""外資自營商買進股數"":""0"",""外資自營商賣出股數"":""0"",""外資自營商買賣超股數"":""0"",""投信買進股數"":""0"",""投信賣出股數"":""0"",""投信買賣超股數"":""0"",""自營商買賣超股數"":""6,000"",""自營商買進股數(自行買賣)"":""7,000"",""自營商賣出股數(自行買賣)"":""1,000"",""自營商買賣超股數(自行買賣)"":""6,000"",""自營商買進股數(避險)"":""0"",""自營商賣出股數(避險)"":""0"",""自營商買賣超股數(避險)"":""0"",""三大法人買賣超股數"":""7,000""}"
2026-10-01,TWSE,2923,鼎固-KY         ,35000,17000,18000,0,0,0,0,0,-11000,"{""證券代號"":""2923"",""證券名稱"":""鼎固-KY         "",""外陸資買進股數(不含外資自營商)"":""35,000"",""外陸資賣出股數(不含外資自營商)"":""17,000"",""外陸資買賣超股數(不含外資自營商)"":""18,000"",""外資自營商買進股數"":""0"",""外資自營商賣出股數"":""0"",""外資自營商買賣超股數"":""0"",""投信買進股數"":""0"",""投信賣出股數"":""0"",""投信買賣超股數"":""0"",""自營商買賣超股數"":""-11,000"",""自營商買進股數(自行買賣)"":""0"",""自營商賣出股數(自行買賣)"":""11,000"",""自營商買賣超股數(自行買賣)"":""-11,000"",""自營商買進股數(避險)"":""0"",""自營商賣出股數(避險)"":""0"",""自營商買賣超股數(避險)"":""0"",""三大法人買賣超股數"":""7,000""}"
2026-10-01,TWSE,2616,山隆            ,8000,1000,7000,0,0,0,0,0,0,"{""證券代號"":""2616"",""證券名稱"":""山隆            "",""外陸資買進股數(不含外資自營商)"":""8,000"",""外陸資賣出股數(不含外資自營商)"":""1,000"",""外陸資買賣超股數(不含外資自營商)"":""7,000"",""外資自營商買進股數"":""0"",""外資自營商賣出股數"":""0"",""外資自營商買賣超股數"":""0"",""投信買進股數"":""0"",""投信賣出股數"":""0"",""投信買賣超股數"":""0"",""自營商買賣超股數"":""0"",""自營商買進股數(自行買賣)"":""0"",""自營商賣出股數(自行買賣)"":""0"",""自營商買賣超股數(自行買賣)"":""0"",""自營商買進股數(避險)"":""0"",""自營商賣出股數(避險)"":""0"",""自營商買賣超股數(避險)"":""0"",""三大法人買賣超股數"":""7,000""}"
2026-10-01,TWSE,8463,潤泰材          ,7000,2000,5000,0,0,0,0,0,2000,"{""證券代號"":""8463"",""證券名稱"":""潤泰材          "",""外陸資買進股數(不含外資自營商)"":""7,000"",""外陸資賣出股數(不含外資自營商)"":""2,000"",""外陸資買賣超股數(不含外資自營商)"":""5,000"",""外資自營商買進股數"":""0"",""外資自營商賣出股數"":""0"",""外資自營商買賣超股數"":""0"",""投信買進股數"":""0"",""投信賣出股數"":""0"",""投信買賣超股數"":""0"",""自營商買賣超股數"":""2,000"",""自營商買進股數(自行買賣)"":""2,000"",""自營商賣出股數(自行買賣)"":""0"",""自營商買賣超股數(自行買賣)"":""2,000"",""自營商買進股數(避險)"":""0"",""自營商賣出股數(避險)"":""0"",""自營商買賣超股數(避險)"":""0"",""三大法人買賣超股數"":""7,000""}"
2026-10-01,TWSE,7721,微程式          ,8000,1000,7000,0,0,0,0,0,0,"{""證券代號"":""7721"",""證券名稱"":""微程式          "",""外陸資買進股數(不含外資自營商)"":""8,000"",""外陸資賣出股數(不含外資自營商)"":""1,000"",""外陸資買賣超股數(不含外資自營商)"":""7,000"",""外資自營商買進股數"":""0"",""外資自營商賣出股數"":""0"",""外資自營商買賣超股數"":""0"",""投信買進股數"":""0"",""投信賣出股數"":""0"",""投信買賣超股數"":""0"",""自營商買賣超股數"":""0"",""自營商買進股數(自行買賣)"":""0"",""自營商賣出股數(自行買賣)"":""0"",""自營商買賣超股數(自行買賣)"":""0"",""自營商買進股數(避險)"":""0"",""自營商賣出股數(避險)"":""0"",""自營商買賣超股數(避險)"":""0"",""三大法人買賣超股數"":""7,000""}"
2026-10-01,TWSE,6230,尼得科超眾      ,7000,0,7000,0,0,0,0,0,0,"{""證券代號"":""6230"",""證券名稱"":""尼得科超眾      "",""外陸資買進股數(不含外資自營商)"":""7,000"",""外陸資賣出股數(不含外資自營商)"":""0"",""外陸資買賣超股數(不含外資自營商)"":""7,000"",""外資自營商買進股數"":""0"",""外資自營商賣出股數"":""0"",""外資自營商買賣超股數"":""0"",""投信買進股數"":""0"",""投信賣出股數"":""0"",""投信買賣超股數"":""0"",""自營商買賣超股數"":""0"",""自營商買進股數(自行買賣)"":""0"",""自營商賣出股數(自行買賣)"":""0"",""自營商買賣超股數(自行買賣)"":""0"",""自營商買進股數(避險)"":""0"",""自營商賣出股數(避險)"":""0"",""自營商買賣超股數(避險)"":""0"",""三大法人買賣超股數"":""7,000""}"
2026-10-01,TWSE,4426,利勤            ,12000,5000,7000,0,0,0,0,0,0,"{""證券代號"":""4426"",""證券名稱"":""利勤            "",""外陸資買進股數(不含外資自營商)"":""12,000"",""外陸資賣出股數(不含外資自營商)"":""5,000"",""外陸資買賣超股數(不含外資自營商)"":""7,000"",""外資自營商買進股數"":""0"",""外資自營商賣出股數"":""0"",""外資自營商買賣超股數"":""0"",""投信買進股數"":""0"",""投信賣出股數"":""0"",""投信買賣超股數"":""0"",""自營商買賣超股數"":""0"",""自營商買進股數(自行買賣)"":""3,000"",""自營商賣出股數(自行買賣)"":""3,000"",""自營商買賣超股數(自行買賣)"":""0"",""自營商買進股數(避險)"":""0"",""自營商賣出股數(避險)"":""0"",""自營商買賣超股數(避險)"":""0"",""三大法人買賣超股數"":""7,000""}"
2026-10-01,TWSE,2702,華園            ,7000,0,7000,0,0,0,0,0,0,"{""證券代號"":""2702"",""證券名稱"":""華園            "",""外陸資買進股數(不含外資自營商)"":""7,000"",""外陸資賣出股數(不含外資自營商)"":""0"",""外陸資買賣超股數(不含外資自營商)"":""7,000"",""外資自營商買進股數"":""0"",""外資自營商賣出股數"":""0"",""外資自營商買賣超股數"":""0"",""投信買進股數"":""0"",""投信賣出股數"":""0"",""投信買賣超股數"":""0"",""自營商買賣超股數"":""0"",""自營商買進股數(自行買賣)"":""0"",""自營商賣出股數(自行買賣)"":""0"",""自營商買賣超股數(自行買賣)"":""0"",""自營商買進股數(避險)"":""0"",""自營商賣出股數(避險)"":""0"",""自營商買賣超股數(避險)"":""0"",""三大法人買賣超股數"":""7,000""}"
2026-10-01,TWSE,2482,連宇            ,12000,5000,7000,0,0,0,0,0,0,"{""證券代號"":""2482"",""證券名稱"":""連宇            "",""外陸資買進股數(不含外資自營商)"":""12,000"",""外陸資賣出股數(不含外資自營商)"":""5,000"",""外陸資買賣超股數(不含外資自營商)"":""7,000"",""外資自營商買進股數"":""0"",""外資自營商賣出股數"":""0"",""外資自營商買賣超股數"":""0"",""投信買進股數"":""0"",""投信賣出股數"":""0"",""投信買賣超股數"":""0"",""自營商買賣超股數"":""0"",""自營商買進股數(自行買賣)"":""0"",""自營商賣出股數(自行買賣)"":""0"",""自營商買賣超股數(自行買賣)"":""0"",""自營商買進股數(避險)"":""0"",""自營商賣出股數(避險)"":""0"",""自營商買賣超股數(避險)"":""0"",""三大法人買賣超股數"":""7,000""}"
2026-10-01,TWSE,6958,日盛台駿        ,8000,1000,7000,0,0,0,0,0,0,"{""證券代號"":""6958"",""證券名稱"":""日盛台駿        "",""外陸資買進股數(不含外資自營商)"":""8,000"",""外陸資賣出股數(不含外資自營商)"":""1,000"",""外陸資買賣超股數(不含外資自營商)"":""7,000"",""外資自營商買進股數"":""0"",""外資自營商賣出股數"":""0"",""外資自營商買賣超股數"":""0"",""投信買進股數"":""0"",""投信賣出股數"":""0"",""投信買賣超股數"":""0"",""自營商買賣超股數"":""0"",""自營商買進股數(自行買賣)"":""0"",""自營商賣出股數(自行買賣)"":""0"",""自營商買賣超股數(自行買賣)"":""0"",""自營商買進股數(避險)"":""0"",""自營商賣出股數(避險)"":""0"",""自營商買賣超股數(避險)"":""0"",""三大法人買賣超股數"":""7,000""}"
2026-10-01,TWSE,3308,聯德            ,32000,25000,7000,0,0,0,0,0,-450,"{""證券代號"":""3308"",""證券名稱"":""聯德            "",""外陸資買進股數(不含外資自營商)"":""32,000"",""外陸資賣出股數(不含外資自營商)"":""25,000"",""外陸資買賣超股數(不含外資自營商)"":""7,000"",""外資自營商買進股數"":""0"",""外資自營商賣出股數"":""0"",""外資自營商買賣超股數"":""0"",""投信買進股數"":""0"",""投信賣出股數"":""0"",""投信買賣超股數"":""0"",""自營商買賣超股數"":""-450"",""自營商買進股數(自行買賣)"":""550"",""自營商賣出股數(自行買賣)"":""1,000"",""自營商買賣超股數(自行買賣)"":""-450"",""自營商買進股數(避險)"":""0"",""自營商賣出股數(避險)"":""0"",""自營商買賣超股數(避險)"":""0"",""三大法人買賣超股數"":""6,550""}"
2026-10-01,TWSE,6525,捷敏-KY         ,233241,228127,5114,0,0,0,9728,11404,1324,"{""證券代號"":""6525"",""證券名稱"":""捷敏-KY         "",""外陸資買進股數(不含外資自營商)"":""233,241"",""外陸資賣出股數(不含外資自營商)"":""228,127"",""外陸資買賣超股數(不含外資自營商)"":""5,114"",""外資自營商買進股數"":""0"",""外資自營商賣出股數"":""0"",""外資自營商買賣超股數"":""0"",""投信買進股數"":""0"",""投信賣出股數"":""0"",""投信買賣超股數"":""0"",""自營商買賣超股數"":""1,324"",""自營商買進股數(自行買賣)"":""4,000"",""自營商賣出股數(自行買賣)"":""1,000"",""自營商買賣超股數(自行買賣)"":""3,000"",""自營商買進股數(避險)"":""9,728"",""自營商賣出股數(避險)"":""11,404"",""自營商買賣超股數(避險)"":""-1,676"",""三大法人買賣超股數"":""6,438""}"
2026-10-01,TWSE,1731,美吾華          ,9200,3000,6200,0,0,0,0,0,0,"{""證券代號"":""1731"",""證券名稱"":""美吾華          "",""外陸資買進股數(不含外資自營商)"":""9,200"",""外陸資賣出股數(不含外資自營商)"":""3,000"",""外陸資買賣超股數(不含外資自營商)"":""6,200"",""外資自營商買進股數"":""0"",""外資自營商賣出股數"":""0"",""外資自營商買賣超股數"":""0"",""投信買進股數"":""0"",""投信賣出股數"":""0"",""投信買賣超股數"":""0"",""自營商買賣超股數"":""0"",""自營商買進股數(自行買賣)"":""0"",""自營商賣出股數(自行買賣)"":""0"",""自營商買賣超股數(自行買賣)"":""0"",""自營商買進股數(避險)"":""0"",""自營商賣出股數(避險)"":""0"",""自營商買賣超股數(避險)"":""0"",""三大法人買賣超股數"":""6,200""}"
2026-10-01,TWSE,9946,三發地產        ,36000,30000,6000,0,0,0,0,0,0,"{""證券代號"":""9946"",""證券名稱"":""三發地產        "",""外陸資買進股數(不含外資自營商)"":""36,000"",""外陸資賣出股數(不含外資自營商)"":""30,000"",""外陸資買賣超股數(不含外資自營商)"":""6,000"",""外資自營商買進股數"":""0"",""外資自營商賣出股數"":""0"",""外資自營商買賣超股數"":""0"",""投信買進股數"":""0"",""投信賣出股數"":""0"",""投信買賣超股數"":""0"",""自營商買賣超股數"":""0"",""自營商買進股數(自行買賣)"":""0"",""自營商賣出股數(自行買賣)"":""0"",""自營商買賣超股數(自行買賣)"":""0"",""自營商買進股數(避險)"":""0"",""自營商賣出股數(避險)"":""0"",""自營商買賣超股數(避險)"":""0"",""三大法人買賣超股數"":""6,000""}"
2026-10-01,TWSE,5907,大洋-KY         ,19000,13000,6000,0,0,0,0,0,0,"{""證券代號"":""5907"",""證券名稱"":""大洋-KY         "",""外陸資買進股數(不含外資自營商)"":""19,000"",""外陸資賣出股數(不含外資自營商)"":""13,000"",""外陸資買賣超股數(不含外資自營商)"":""6,000"",""外資自營商買進股數"":""0"",""外資自營商賣出股數"":""0"",""外資自營商買賣超股數"":""0"",""投信買進股數"":""0"",""投信賣出股數"":""0"",""投信買賣超股數"":""0"",""自營商買賣超股數"":""0"",""自營商買進股數(自行買賣)"":""0"",""自營商賣出股數(自行買賣)"":""0"",""自營商買賣超股數(自行買賣)"":""0"",""自營商買進股數(避險)"":""0"",""自營商賣出股數(避險)"":""0"",""自營商買賣超股數(避險)"":""0"",""三大法人買賣超股數"":""6,000""}"
2026-10-01,TWSE,2901,欣欣            ,10000,4000,6000,0,0,0,0,0,0,"{""證券代號"":""2901"",""證券名稱"":""欣欣            "",""外陸資買進股數(不含外資自營商)"":""10,000"",""外陸資賣出股數(不含外資自營商)"":""4,000"",""外陸資買賣超股數(不含外資自營商)"":""6,000"",""外資自營商買進股數"":""0"",""外資自營商賣出股數"":""0"",""外資自營商買賣超股數"":""0"",""投信買進股數"":""0"",""投信賣出股數"":""0"",""投信買賣超股數"":""0"",""自營商買賣超股數"":""0"",""自營商買進股數(自行買賣)"":""1,000"",""自營商賣出股數(自行買賣)"":""1,000"",""自營商買賣超股數(自行買賣)"":""0"",""自營商買進股數(避險)"":""0"",""自營商賣出股數(避險)"":""0"",""自營商買賣超股數(避險)"":""0"",""三大法人買賣超股數"":""6,000""}"
2026-10-01,TWSE,2642,宅配通          ,8000,2000,6000,0,0,0,0,0,0,"{""證券代號"":""2642"",""證券名稱"":""宅配通          "",""外陸資買進股數(不含外資自營商)"":""8,000"",""外陸資賣出股數(不含外資自營商)"":""2,000"",""外陸資買賣超股數(不含外資自營商)"":""6,000"",""外資自營商買進股數"":""0"",""外資自營商賣出股數"":""0"",""外資自營商買賣超股數"":""0"",""投信買進股數"":""0"",""投信賣出股數"":""0"",""投信買賣超股數"":""0"",""自營商買賣超股數"":""0"",""自營商買進股數(自行買賣)"":""0"",""自營商賣出股數(自行買賣)"":""0"",""自營商買賣超股數(自行買賣)"":""0"",""自營商買進股數(避險)"":""0"",""自營商賣出股數(避險)"":""0"",""自營商買賣超股數(避險)"":""0"",""三大法人買賣超股數"":""6,000""}"
2026-10-01,TWSE,1468,昶和            ,4000,1000,3000,0,0,0,0,0,3000,"{""證券代號"":""1468"",""證券名稱"":""昶和            "",""外陸資買進股數(不含外資自營商)"":""4,000"",""外陸資賣出股數(不含外資自營商)"":""1,000"",""外陸資買賣超股數(不含外資自營商)"":""3,000"",""外資自營商買進股數"":""0"",""外資自營商賣出股數"":""0"",""外資自營商買賣超股數"":""0"",""投信買進股數"":""0"",""投信賣出股數"":""0"",""投信買賣超股數"":""0"",""自營商買賣超股數"":""3,000"",""自營商買進股數(自行買賣)"":""3,000"",""自營商賣出股數(自行買賣)"":""0"",""自營商買賣超股數(自行買賣)"":""3,000"",""自營商買進股數(避險)"":""0"",""自營商賣出股數(避險)"":""0"",""自營商買賣超股數(避險)"":""0"",""三大法人買賣超股數"":""6,000""}"
2026-10-01,TWSE,2012,春雨            ,7000,1000,6000,0,0,0,0,0,0,"{""證券代號"":""2012"",""證券名稱"":""春雨            "",""外陸資買進股數(不含外資自營商)"":""7,000"",""外陸資賣出股數(不含外資自營商)"":""1,000"",""外陸資買賣超股數(不含外資自營商)"":""6,000"",""外資自營商買進股數"":""0"",""外資自營商賣出股數"":""0"",""外資自營商買賣超股數"":""0"",""投信買進股數"":""0"",""投信賣出股數"":""0"",""投信買賣超股數"":""0"",""自營商買賣超股數"":""0"",""自營商買進股數(自行買賣)"":""0"",""自營商賣出股數(自行買賣)"":""0"",""自營商買賣超股數(自行買賣)"":""0"",""自營商買進股數(避險)"":""0"",""自營商賣出股數(避險)"":""0"",""自營商買賣超股數(避險)"":""0"",""三大法人買賣超股數"":""6,000""}"
2026-10-01,TWSE,00711B,復華彭博新興債  ,0,0,0,0,0,0,221018,215108,5910,"{""證券代號"":""00711B"",""證券名稱"":""復華彭博新興債  "",""外陸資買進股數(不含外資自營商)"":""0"",""外陸資賣出股數(不含外資自營商)"":""0"",""外陸資買賣超股數(不含外資自營商)"":""0"",""外資自營商買進股數"":""0"",""外資自營商賣出股數"":""0"",""外資自營商買賣超股數"":""0"",""投信買進股數"":""0"",""投信賣出股數"":""0"",""投信買賣超股數"":""0"",""自營商買賣超股數"":""5,910"",""自營商買進股數(自行買賣)"":""0"",""自營商賣出股數(自行買賣)"":""0"",""自營商買賣超股數(自行買賣)"":""0"",""自營商買進股數(避險)"":""221,018"",""自營商賣出股數(避險)"":""215,108"",""自營商買賣超股數(避險)"":""5,910"",""三大法人買賣超股數"":""5,910""}"
2026-10-01,TWSE,1736,喬山            ,56093,52000,4093,0,0,0,0,234,1766,"{""證券代號"":""1736"",""證券名稱"":""喬山            "",""外陸資買進股數(不含外資自營商)"":""56,093"",""外陸資賣出股數(不含外資自營商)"":""52,000"",""外陸資買賣超股數(不含外資自營商)"":""4,093"",""外資自營商買進股數"":""0"",""外資自營商賣出股數"":""0"",""外資自營商買賣超股數"":""0"",""投信買進股數"":""0"",""投信賣出股數"":""0"",""投信買賣超股數"":""0"",""自營商買賣超股數"":""1,766"",""自營商買進股數(自行買賣)"":""2,000"",""自營商賣出股數(自行買賣)"":""0"",""自營商買賣超股數(自行買賣)"":""2,000"",""自營商買進股數(避險)"":""0"",""自營商賣出股數(避險)"":""234"",""自營商買賣超股數(避險)"":""-234"",""三大法人買賣超股數"":""5,859""}"
2026-10-01,TWSE,1735,日勝化          ,8000,3000,5000,0,0,0,2000,2000,0,"{""證券代號"":""1735"",""證券名稱"":""日勝化          "",""外陸資買進股數(不含外資自營商)"":""8,000"",""外陸資賣出股數(不含外資自營商)"":""3,000"",""外陸資買賣超股數(不含外資自營商)"":""5,000"",""外資自營商買進股數"":""0"",""外資自營商賣出股數"":""0"",""外資自營商買賣超股數"":""0"",""投信買進股數"":""0"",""投信賣出股數"":""0"",""投信買賣超股數"":""0"",""自營商買賣超股數"":""0"",""自營商買進股數(自行買賣)"":""0"",""自營商賣出股數(自行買賣)"":""0"",""自營商買賣超股數(自行買賣)"":""0"",""自營商買進股數(避險)"":""2,000"",""自營商賣出股數(避險)"":""2,000"",""自營商買賣超股數(避險)"":""0"",""三大法人買賣超股數"":""5,000""}"
2026-10-01,TWSE,1339,昭輝            ,7000,10000,-3000,0,0,0,0,0,8000,"{""證券代號"":""1339"",""證券名稱"":""昭輝            "",""外陸資買進股數(不含外資自營商)"":""7,000"",""外陸資賣出股數(不含外資自營商)"":""10,000"",""外陸資買賣超股數(不含外資自營商)"":""-3,000"",""外資自營商買進股數"":""0"",""外資自營商賣出股數"":""0"",""外資自營商買賣超股數"":""0"",""投信買進股數"":""0"",""投信賣出股數"":""0"",""投信買賣超股數"":""0"",""自營商買賣超股數"":""8,000"",""自營商買進股數(自行買賣)"":""8,000"",""自營商賣出股數(自行買賣)"":""0"",""自營商買賣超股數(自行買賣)"":""8,000"",""自營商買進股數(避險)"":""0"",""自營商賣出股數(避險)"":""0"",""自營商買賣超股數(避險)"":""0"",""三大法人買賣超股數"":""5,000""}"
2026-10-01,TWSE,1906,寶隆            ,9000,5000,4000,0,0,0,0,0,1000,"{""證券代號"":""1906"",""證券名稱"":""寶隆            "",""外陸資買進股數(不含外資自營商)"":""9,000"",""外陸資賣出股數(不含外資自營商)"":""5,000"",""外陸資買賣超股數(不含外資自營商)"":""4,000"",""外資自營商買進股數"":""0"",""外資自營商賣出股數"":""0"",""外資自營商買賣超股數"":""0"",""投信買進股數"":""0"",""投信賣出股數"":""0"",""投信買賣超股數"":""0"",""自營商買賣超股數"":""1,000"",""自營商買進股數(自行買賣)"":""1,000"",""自營商賣出股數(自行買賣)"":""0"",""自營商買賣超股數(自行買賣)"":""1,000"",""自營商買進股數(避險)"":""0"",""自營商賣出股數(避險)"":""0"",""自營商買賣超股數(避險)"":""0"",""三大法人買賣超股數"":""5,000""}"
2026-10-01,TWSE,2509,全坤建          ,16000,11000,5000,0,0,0,0,0,0,"{""證券代號"":""2509"",""證券名稱"":""全坤建          "",""外陸資買進股數(不含外資自營商)"":""16,000"",""外陸資賣出股數(不含外資自營商)"":""11,000"",""外陸資買賣超股數(不含外資自營商)"":""5,000"",""外資自營商買進股數"":""0"",""外資自營商賣出股數"":""0"",""外資自營商買賣超股數"":""0"",""投信買進股數"":""0"",""投信賣出股數"":""0"",""投信買賣超股數"":""0"",""自營商買賣超股數"":""0"",""自營商買進股數(自行買賣)"":""0"",""自營商賣出股數(自行買賣)"":""0"",""自營商買賣超股數(自行買賣)"":""0"",""自營商買進股數(避險)"":""0"",""自營商賣出股數(避險)"":""0"",""自營商買賣超股數(避險)"":""0"",""三大法人買賣超股數"":""5,000""}"
2026-10-01,TWSE,2706,第一店          ,6000,1000,5000,0,0,0,0,0,0,"{""證券代號"":""2706"",""證券名稱"":""第一店          "",""外陸資買進股數(不含外資自營商)"":""6,000"",""外陸資賣出股數(不含外資自營商)"":""1,000"",""外陸資買賣超股數(不含外資自營商)"":""5,000"",""外資自營商買進股數"":""0"",""外資自營商賣出股數"":""0"",""外資自營商買賣超股數"":""0"",""投信買進股數"":""0"",""投信賣出股數"":""0"",""投信買賣超股數"":""0"",""自營商買賣超股數"":""0"",""自營商買進股數(自行買賣)"":""0"",""自營商賣出股數(自行買賣)"":""0"",""自營商買賣超股數(自行買賣)"":""0"",""自營商買進股數(避險)"":""0"",""自營商賣出股數(避險)"":""0"",""自營商買賣超股數(避險)"":""0"",""三大法人買賣超股數"":""5,000""}"
2026-10-01,TWSE,3164,景岳            ,7000,2000,5000,0,0,0,0,0,0,"{""證券代號"":""3164"",""證券名稱"":""景岳            "",""外陸資買進股數(不含外資自營商)"":""7,000"",""外陸資賣出股數(不含外資自營商)"":""2,000"",""外陸資買賣超股數(不含外資自營商)"":""5,000"",""外資自營商買進股數"":""0"",""外資自營商賣出股數"":""0"",""外資自營商買賣超股數"":""0"",""投信買進股數"":""0"",""投信賣出股數"":""0"",""投信買賣超股數"":""0"",""自營商買賣超股數"":""0"",""自營商買進股數(自行買賣)"":""0"",""自營商賣出股數(自行買賣)"":""0"",""自營商買賣超股數(自行買賣)"":""0"",""自營商買進股數(避險)"":""0"",""自營商賣出股數(避險)"":""0"",""自營商買賣超股數(避險)"":""0"",""三大法人買賣超股數"":""5,000""}"
2026-10-01,TWSE,8466,美吉吉-KY       ,7000,3000,4000,0,0,0,0,0,1000,"{""證券代號"":""8466"",""證券名稱"":""美吉吉-KY       "",""外陸資買進股數(不含外資自營商)"":""7,000"",""外陸資賣出股數(不含外資自營商)"":""3,000"",""外陸資買賣超股數(不含外資自營商)"":""4,000"",""外資自營商買進股數"":""0"",""外資自營商賣出股數"":""0"",""外資自營商買賣超股數"":""0"",""投信買進股數"":""0"",""投信賣出股數"":""0"",""投信買賣超股數"":""0"",""自營商買賣超股數"":""1,000"",""自營商買進股數(自行買賣)"":""1,000"",""自營商賣出股數(自行買賣)"":""0"",""自營商買賣超股數(自行買賣)"":""1,000"",""自營商買進股數(避險)"":""0"",""自營商賣出股數(避險)"":""0"",""自營商買賣超股數(避險)"":""0"",""三大法人買賣超股數"":""5,000""}"
2026-10-01,TWSE,5007,三星            ,5000,1000,4000,0,0,0,0,0,1000,"{""證券代號"":""5007"",""證券名稱"":""三星            "",""外陸資買進股數(不含外資自營商)"":""5,000"",""外陸資賣出股數(不含外資自營商)"":""1,000"",""外陸資買賣超股數(不含外資自營商)"":""4,000"",""外資自營商買進股數"":""0"",""外資自營商賣出股數"":""0"",""外資自營商買賣超股數"":""0"",""投信買進股數"":""0"",""投信賣出股數"":""0"",""投信買賣超股數"":""0"",""自營商買賣超股數"":""1,000"",""自營商買進股數(自行買賣)"":""1,000"",""自營商賣出股數(自行買賣)"":""0"",""自營商買賣超股數(自行買賣)"":""1,000"",""自營商買進股數(避險)"":""0"",""自營商賣出股數(避險)"":""0"",""自營商買賣超股數(避險)"":""0"",""三大法人買賣超股數"":""5,000""}"
2026-10-01,TWSE,6955,邦睿生技-創     ,0,0,0,0,0,0,6000,1000,5000,"{""證券代號"":""6955"",""證券名稱"":""邦睿生技-創     "",""外陸資買進股數(不含外資自營商)"":""0"",""外陸資賣出股數(不含外資自營商)"":""0"",""外陸資買賣超股數(不含外資自營商)"":""0"",""外資自營商買進股數"":""0"",""外資自營商賣出股數"":""0"",""外資自營商買賣超股數"":""0"",""投信買進股數"":""0"",""投信賣出股數"":""0"",""投信買賣超股數"":""0"",""自營商買賣超股數"":""5,000"",""自營商買進股數(自行買賣)"":""0"",""自營商賣出股數(自行買賣)"":""0"",""自營商買賣超股數(自行買賣)"":""0"",""自營商買進股數(避險)"":""6,000"",""自營商賣出股數(避險)"":""1,000"",""自營商買賣超股數(避險)"":""5,000"",""三大法人買賣超股數"":""5,000""}"
2026-10-01,TWSE,6934,心誠鎂          ,12000,7000,5000,0,0,0,0,0,0,"{""證券代號"":""6934"",""證券名稱"":""心誠鎂          "",""外陸資買進股數(不含外資自營商)"":""12,000"",""外陸資賣出股數(不含外資自營商)"":""7,000"",""外陸資買賣超股數(不含外資自營商)"":""5,000"",""外資自營商買進股數"":""0"",""外資自營商賣出股數"":""0"",""外資自營商買賣超股數"":""0"",""投信買進股數"":""0"",""投信賣出股數"":""0"",""投信買賣超股數"":""0"",""自營商買賣超股數"":""0"",""自營商買進股數(自行買賣)"":""0"",""自營商賣出股數(自行買賣)"":""0"",""自營商買賣超股數(自行買賣)"":""0"",""自營商買進股數(避險)"":""0"",""自營商賣出股數(避險)"":""0"",""自營商買賣超股數(避險)"":""0"",""三大法人買賣超股數"":""5,000""}"
2026-10-01,TWSE,2380,虹光            ,13000,8000,5000,0,0,0,0,0,0,"{""證券代號"":""2380"",""證券名稱"":""虹光            "",""外陸資買進股數(不含外資自營商)"":""13,000"",""外陸資賣出股數(不含外資自營商)"":""8,000"",""外陸資買賣超股數(不含外資自營商)"":""5,000"",""外資自營商買進股數"":""0"",""外資自營商賣出股數"":""0"",""外資自營商買賣超股數"":""0"",""投信買進股數"":""0"",""投信賣出股數"":""0"",""投信買賣超股數"":""0"",""自營商買賣超股數"":""0"",""自營商買進股數(自行買賣)"":""0"",""自營商賣出股數(自行買賣)"":""0"",""自營商買賣超股數(自行買賣)"":""0"",""自營商買進股數(避險)"":""0"",""自營商賣出股數(避險)"":""0"",""自營商買賣超股數(避險)"":""0"",""三大法人買賣超股數"":""5,000""}"
2026-10-01,TWSE,1413,宏洲            ,5000,0,5000,0,0,0,0,0,0,"{""證券代號"":""1413"",""證券名稱"":""宏洲            "",""外陸資買進股數(不含外資自營商)"":""5,000"",""外陸資賣出股數(不含外資自營商)"":""0"",""外陸資買賣超股數(不含外資自營商)"":""5,000"",""外資自營商買進股數"":""0"",""外資自營商賣出股數"":""0"",""外資自營商買賣超股數"":""0"",""投信買進股數"":""0"",""投信賣出股數"":""0"",""投信買賣超股數"":""0"",""自營商買賣超股數"":""0"",""自營商買進股數(自行買賣)"":""0"",""自營商賣出股數(自行買賣)"":""0"",""自營商買賣超股數(自行買賣)"":""0"",""自營商買進股數(避險)"":""0"",""自營商賣出股數(避險)"":""0"",""自營商買賣超股數(避險)"":""0"",""三大法人買賣超股數"":""5,000""}"
2026-10-01,TWSE,3266,昇陽            ,8000,3000,5000,0,0,0,0,0,0,"{""證券代號"":""3266"",""證券名稱"":""昇陽            "",""外陸資買進股數(不含外資自營商)"":""8,000"",""外陸資賣出股數(不含外資自營商)"":""3,000"",""外陸資買賣超股數(不含外資自營商)"":""5,000"",""外資自營商買進股數"":""0"",""外資自營商賣出股數"":""0"",""外資自營商買賣超股數"":""0"",""投信買進股數"":""0"",""投信賣出股數"":""0"",""投信買賣超股數"":""0"",""自營商買賣超股數"":""0"",""自營商買進股數(自行買賣)"":""0"",""自營商賣出股數(自行買賣)"":""0"",""自營商買賣超股數(自行買賣)"":""0"",""自營商買進股數(避險)"":""0"",""自營商賣出股數(避險)"":""0"",""自營商買賣超股數(避險)"":""0"",""三大法人買賣超股數"":""5,000""}"
2026-10-01,TWSE,2438,翔耀            ,17000,13000,4000,0,0,0,0,0,1,"{""證券代號"":""2438"",""證券名稱"":""翔耀            "",""外陸資買進股數(不含外資自營商)"":""17,000"",""外陸資賣出股數(不含外資自營商)"":""13,000"",""外陸資買賣超股數(不含外資自營商)"":""4,000"",""外資自營商買進股數"":""0"",""外資自營商賣出股數"":""0"",""外資自營商買賣超股數"":""0"",""投信買進股數"":""0"",""投信賣出股數"":""0"",""投信買賣超股數"":""0"",""自營商買賣超股數"":""1"",""自營商買進股數(自行買賣)"":""1"",""自營商賣出股數(自行買賣)"":""0"",""自營商買賣超股數(自行買賣)"":""1"",""自營商買進股數(避險)"":""0"",""自營商賣出股數(避險)"":""0"",""自營商買賣超股數(避險)"":""0"",""三大法人買賣超股數"":""4,001""}"
2026-10-01,TWSE,7823,奧義賽博-KY創   ,11000,4000,7000,0,0,0,5000,8000,-3000,"{""證券代號"":""7823"",""證券名稱"":""奧義賽博-KY創   "",""外陸資買進股數(不含外資自營商)"":""11,000"",""外陸資賣出股數(不含外資自營商)"":""4,000"",""外陸資買賣超股數(不含外資自營商)"":""7,000"",""外資自營商買進股數"":""0"",""外資自營商賣出股數"":""0"",""外資自營商買賣超股數"":""0"",""投信買進股數"":""0"",""投信賣出股數"":""0"",""投信買賣超股數"":""0"",""自營商買賣超股數"":""-3,000"",""自營商買進股數(自行買賣)"":""0"",""自營商賣出股數(自行買賣)"":""0"",""自營商買賣超股數(自行買賣)"":""0"",""自營商買進股數(避險)"":""5,000"",""自營商賣出股數(避險)"":""8,000"",""自營商買賣超股數(避險)"":""-3,000"",""三大法人買賣超股數"":""4,000""}"
2026-10-01,TWSE,1418,東華            ,8000,4000,4000,0,0,0,0,0,0,"{""證券代號"":""1418"",""證券名稱"":""東華            "",""外陸資買進股數(不含外資自營商)"":""8,000"",""外陸資賣出股數(不含外資自營商)"":""4,000"",""外陸資買賣超股數(不含外資自營商)"":""4,000"",""外資自營商買進股數"":""0"",""外資自營商賣出股數"":""0"",""外資自營商買賣超股數"":""0"",""投信買進股數"":""0"",""投信賣出股數"":""0"",""投信買賣超股數"":""0"",""自營商買賣超股數"":""0"",""自營商買進股數(自行買賣)"":""0"",""自營商賣出股數(自行買賣)"":""0"",""自營商買賣超股數(自行買賣)"":""0"",""自營商買進股數(避險)"":""0"",""自營商賣出股數(避險)"":""0"",""自營商買賣超股數(避險)"":""0"",""三大法人買賣超股數"":""4,000""}"
2026-10-01,TWSE,6863,永道-KY         ,28000,24000,4000,0,0,0,0,0,0,"{""證券代號"":""6863"",""證券名稱"":""永道-KY         "",""外陸資買進股數(不含外資自營商)"":""28,000"",""外陸資賣出股數(不含外資自營商)"":""24,000"",""外陸資買賣超股數(不含外資自營商)"":""4,000"",""外資自營商買進股數"":""0"",""外資自營商賣出股數"":""0"",""外資自營商買賣超股數"":""0"",""投信買進股數"":""0"",""投信賣出股數"":""0"",""投信買賣超股數"":""0"",""自營商買賣超股數"":""0"",""自營商買進股數(自行買賣)"":""0"",""自營商賣出股數(自行買賣)"":""0"",""自營商買賣超股數(自行買賣)"":""0"",""自營商買進股數(避險)"":""0"",""自營商賣出股數(避險)"":""0"",""自營商買賣超股數(避險)"":""0"",""三大法人買賣超股數"":""4,000""}"
2026-10-01,TWSE,5244,弘凱            ,20000,16000,4000,0,0,0,0,0,0,"{""證券代號"":""5244"",""證券名稱"":""弘凱            "",""外陸資買進股數(不含外資自營商)"":""20,000"",""外陸資賣出股數(不含外資自營商)"":""16,000"",""外陸資買賣超股數(不含外資自營商)"":""4,000"",""外資自營商買進股數"":""0"",""外資自營商賣出股數"":""0"",""外資自營商買賣超股數"":""0"",""投信買進股數"":""0"",""投信賣出股數"":""0"",""投信買賣超股數"":""0"",""自營商買賣超股數"":""0"",""自營商買進股數(自行買賣)"":""0"",""自營商賣出股數(自行買賣)"":""0"",""自營商買賣超股數(自行買賣)"":""0"",""自營商買進股數(避險)"":""0"",""自營商賣出股數(避險)"":""0"",""自營商買賣超股數(避險)"":""0"",""三大法人買賣超股數"":""4,000""}"
2026-10-01,TWSE,8499,鼎炫-KY         ,5000,1000,4000,0,0,0,0,0,0,"{""證券代號"":""8499"",""證券名稱"":""鼎炫-KY         "",""外陸資買進股數(不含外資自營商)"":""5,000"",""外陸資賣出股數(不含外資自營商)"":""1,000"",""外陸資買賣超股數(不含外資自營商)"":""4,000"",""外資自營商買進股數"":""0"",""外資自營商賣出股數"":""0"",""外資自營商買賣超股數"":""0"",""投信買進股數"":""0"",""投信賣出股數"":""0"",""投信買賣超股數"":""0"",""自營商買賣超股數"":""0"",""自營商買進股數(自行買賣)"":""0"",""自營商賣出股數(自行買賣)"":""0"",""自營商買賣超股數(自行買賣)"":""0"",""自營商買進股數(避險)"":""0"",""自營商賣出股數(避險)"":""0"",""自營商買賣超股數(避險)"":""0"",""三大法人買賣超股數"":""4,000""}"
2026-10-01,TWSE,9902,台火            ,3000,0,3000,0,0,0,0,0,1000,"{""證券代號"":""9902"",""證券名稱"":""台火            "",""外陸資買進股數(不含外資自營商)"":""3,000"",""外陸資賣出股數(不含外資自營商)"":""0"",""外陸資買賣超股數(不含外資自營商)"":""3,000"",""外資自營商買進股數"":""0"",""外資自營商賣出股數"":""0"",""外資自營商買賣超股數"":""0"",""投信買進股數"":""0"",""投信賣出股數"":""0"",""投信買賣超股數"":""0"",""自營商買賣超股數"":""1,000"",""自營商買進股數(自行買賣)"":""1,000"",""自營商賣出股數(自行買賣)"":""0"",""自營商買賣超股數(自行買賣)"":""1,000"",""自營商買進股數(避險)"":""0"",""自營商賣出股數(避險)"":""0"",""自營商買賣超股數(避險)"":""0"",""三大法人買賣超股數"":""4,000""}"
2026-10-01,TWSE,2701,萬企            ,7000,3000,4000,0,0,0,0,0,0,"{""證券代號"":""2701"",""證券名稱"":""萬企            "",""外陸資買進股數(不含外資自營商)"":""7,000"",""外陸資賣出股數(不含外資自營商)"":""3,000"",""外陸資買賣超股數(不含外資自營商)"":""4,000"",""外資自營商買進股數"":""0"",""外資自營商賣出股數"":""0"",""外資自營商買賣超股數"":""0"",""投信買進股數"":""0"",""投信賣出股數"":""0"",""投信買賣超股數"":""0"",""自營商買賣超股數"":""0"",""自營商買進股數(自行買賣)"":""0"",""自營商賣出股數(自行買賣)"":""0"",""自營商買賣超股數(自行買賣)"":""0"",""自營商買進股數(避險)"":""0"",""自營商賣出股數(避險)"":""0"",""自營商買賣超股數(避險)"":""0"",""三大法人買賣超股數"":""4,000""}"
2026-10-01,TWSE,2450,神腦            ,9000,5000,4000,0,0,0,0,0,0,"{""證券代號"":""2450"",""證券名稱"":""神腦            "",""外陸資買進股數(不含外資自營商)"":""9,000"",""外陸資賣出股數(不含外資自營商)"":""5,000"",""外陸資買賣超股數(不含外資自營商)"":""4,000"",""外資自營商買進股數"":""0"",""外資自營商賣出股數"":""0"",""外資自營商買賣超股數"":""0"",""投信買進股數"":""0"",""投信賣出股數"":""0"",""投信買賣超股數"":""0"",""自營商買賣超股數"":""0"",""自營商買進股數(自行買賣)"":""0"",""自營商賣出股數(自行買賣)"":""0"",""自營商買賣超股數(自行買賣)"":""0"",""自營商買進股數(避險)"":""0"",""自營商賣出股數(避險)"":""0"",""自營商買賣超股數(避險)"":""0"",""三大法人買賣超股數"":""4,000""}"
2026-10-01,TWSE,2373,震旦行          ,4000,2000,2000,0,0,0,0,0,2000,"{""證券代號"":""2373"",""證券名稱"":""震旦行          "",""外陸資買進股數(不含外資自營商)"":""4,000"",""外陸資賣出股數(不含外資自營商)"":""2,000"",""外陸資買賣超股數(不含外資自營商)"":""2,000"",""外資自營商買進股數"":""0"",""外資自營商賣出股數"":""0"",""外資自營商買賣超股數"":""0"",""投信買進股數"":""0"",""投信賣出股數"":""0"",""投信買賣超股數"":""0"",""自營商買賣超股數"":""2,000"",""自營商買進股數(自行買賣)"":""2,000"",""自營商賣出股數(自行買賣)"":""0"",""自營商買賣超股數(自行買賣)"":""2,000"",""自營商買進股數(避險)"":""0"",""自營商賣出股數(避險)"":""0"",""自營商買賣超股數(避險)"":""0"",""三大法人買賣超股數"":""4,000""}"
2026-10-01,TWSE,2440,太空梭          ,30000,26000,4000,0,0,0,0,0,0,"{""證券代號"":""2440"",""證券名稱"":""太空梭          "",""外陸資買進股數(不含外資自營商)"":""30,000"",""外陸資賣出股數(不含外資自營商)"":""26,000"",""外陸資買賣超股數(不含外資自營商)"":""4,000"",""外資自營商買進股數"":""0"",""外資自營商賣出股數"":""0"",""外資自營商買賣超股數"":""0"",""投信買進股數"":""0"",""投信賣出股數"":""0"",""投信買賣超股數"":""0"",""自營商買賣超股數"":""0"",""自營商買進股數(自行買賣)"":""0"",""自營商賣出股數(自行買賣)"":""0"",""自營商買賣超股數(自行買賣)"":""0"",""自營商買進股數(避險)"":""0"",""自營商賣出股數(避險)"":""0"",""自營商買賣超股數(避險)"":""0"",""三大法人買賣超股數"":""4,000""}"
2026-10-01,TWSE,1417,嘉裕            ,11000,7000,4000,0,0,0,0,0,0,"{""證券代號"":""1417"",""證券名稱"":""嘉裕            "",""外陸資買進股數(不含外資自營商)"":""11,000"",""外陸資賣出股數(不含外資自營商)"":""7,000"",""外陸資買賣超股數(不含外資自營商)"":""4,000"",""外資自營商買進股數"":""0"",""外資自營商賣出股數"":""0"",""外資自營商買賣超股數"":""0"",""投信買進股數"":""0"",""投信賣出股數"":""0"",""投信買賣超股數"":""0"",""自營商買賣超股數"":""0"",""自營商買進股數(自行買賣)"":""0"",""自營商賣出股數(自行買賣)"":""0"",""自營商買賣超股數(自行買賣)"":""0"",""自營商買進股數(避險)"":""0"",""自營商賣出股數(避險)"":""0"",""自營商買賣超股數(避險)"":""0"",""三大法人買賣超股數"":""4,000""}"
2026-10-01,TWSE,1626,艾美特-KY       ,5000,1000,4000,0,0,0,0,0,0,"{""證券代號"":""1626"",""證券名稱"":""艾美特-KY       "",""外陸資買進股數(不含外資自營商)"":""5,000"",""外陸資賣出股數(不含外資自營商)"":""1,000"",""外陸資買賣超股數(不含外資自營商)"":""4,000"",""外資自營商買進股數"":""0"",""外資自營商賣出股數"":""0"",""外資自營商買賣超股數"":""0"",""投信買進股數"":""0"",""投信賣出股數"":""0"",""投信買賣超股數"":""0"",""自營商買賣超股數"":""0"",""自營商買進股數(自行買賣)"":""0"",""自營商賣出股數(自行買賣)"":""0"",""自營商買賣超股數(自行買賣)"":""0"",""自營商買進股數(避險)"":""0"",""自營商賣出股數(避險)"":""0"",""自營商買賣超股數(避險)"":""0"",""三大法人買賣超股數"":""4,000""}"
2026-10-01,TWSE,8487,愛爾達-創       ,1000,1000,0,0,0,0,5000,1215,3785,"{""證券代號"":""8487"",""證券名稱"":""愛爾達-創       "",""外陸資買進股數(不含外資自營商)"":""1,000"",""外陸資賣出股數(不含外資自營商)"":""1,000"",""外陸資買賣超股數(不含外資自營商)"":""0"",""外資自營商買進股數"":""0"",""外資自營商賣出股數"":""0"",""外資自營商買賣超股數"":""0"",""投信買進股數"":""0"",""投信賣出股數"":""0"",""投信買賣超股數"":""0"",""自營商買賣超股數"":""3,785"",""自營商買進股數(自行買賣)"":""0"",""自營商賣出股數(自行買賣)"":""0"",""自營商買賣超股數(自行買賣)"":""0"",""自營商買進股數(避險)"":""5,000"",""自營商賣出股數(避險)"":""1,215"",""自營商買賣超股數(避險)"":""3,785"",""三大法人買賣超股數"":""3,785""}"
2026-10-01,TWSE,9940,信義            ,32000,56000,-24000,0,0,0,2000,1418,27582,"{""證券代號"":""9940"",""證券名稱"":""信義            "",""外陸資買進股數(不含外資自營商)"":""32,000"",""外陸資賣出股數(不含外資自營商)"":""56,000"",""外陸資買賣超股數(不含外資自營商)"":""-24,000"",""外資自營商買進股數"":""0"",""外資自營商賣出股數"":""0"",""外資自營商買賣超股數"":""0"",""投信買進股數"":""0"",""投信賣出股數"":""0"",""投信買賣超股數"":""0"",""自營商買賣超股數"":""27,582"",""自營商買進股數(自行買賣)"":""27,000"",""自營商賣出股數(自行買賣)"":""0"",""自營商買賣超股數(自行買賣)"":""27,000"",""自營商買進股數(避險)"":""2,000"",""自營商賣出股數(避險)"":""1,418"",""自營商買賣超股數(避險)"":""582"",""三大法人買賣超股數"":""3,582""}"
2026-10-01,TWSE,5471,松翰            ,295304,295000,304,0,0,0,0,0,3000,"{""證券代號"":""5471"",""證券名稱"":""松翰            "",""外陸資買進股數(不含外資自營商)"":""295,304"",""外陸資賣出股數(不含外資自營商)"":""295,000"",""外陸資買賣超股數(不含外資自營商)"":""304"",""外資自營商買進股數"":""0"",""外資自營商賣出股數"":""0"",""外資自營商買賣超股數"":""0"",""投信買進股數"":""0"",""投信賣出股數"":""0"",""投信買賣超股數"":""0"",""自營商買賣超股數"":""3,000"",""自營商買進股數(自行買賣)"":""3,000"",""自營商賣出股數(自行買賣)"":""0"",""自營商買賣超股數(自行買賣)"":""3,000"",""自營商買進股數(避險)"":""0"",""自營商賣出股數(避險)"":""0"",""自營商買賣超股數(避險)"":""0"",""三大法人買賣超股數"":""3,304""}"
2026-10-01,TWSE,2392,正崴            ,285167,275096,10071,0,0,0,0,16930,-6930,"{""證券代號"":""2392"",""證券名稱"":""正崴            "",""外陸資買進股數(不含外資自營商)"":""285,167"",""外陸資賣出股數(不含外資自營商)"":""275,096"",""外陸資買賣超股數(不含外資自營商)"":""10,071"",""外資自營商買進股數"":""0"",""外資自營商賣出股數"":""0"",""外資自營商買賣超股數"":""0"",""投信買進股數"":""0"",""投信賣出股數"":""0"",""投信買賣超股數"":""0"",""自營商買賣超股數"":""-6,930"",""自營商買進股數(自行買賣)"":""11,000"",""自營商賣出股數(自行買賣)"":""1,000"",""自營商買賣超股數(自行買賣)"":""10,000"",""自營商買進股數(避險)"":""0"",""自營商賣出股數(避險)"":""16,930"",""自營商買賣超股數(避險)"":""-16,930"",""三大法人買賣超股數"":""3,141""}"
2026-10-01,TWSE,6582,申豐            ,3010,0,3010,0,0,0,0,0,0,"{""證券代號"":""6582"",""證券名稱"":""申豐            "",""外陸資買進股數(不含外資自營商)"":""3,010"",""外陸資賣出股數(不含外資自營商)"":""0"",""外陸資買賣超股數(不含外資自營商)"":""3,010"",""外資自營商買進股數"":""0"",""外資自營商賣出股數"":""0"",""外資自營商買賣超股數"":""0"",""投信買進股數"":""0"",""投信賣出股數"":""0"",""投信買賣超股數"":""0"",""自營商買賣超股數"":""0"",""自營商買進股數(自行買賣)"":""0"",""自營商賣出股數(自行買賣)"":""0"",""自營商買賣超股數(自行買賣)"":""0"",""自營商買進股數(避險)"":""0"",""自營商賣出股數(避險)"":""0"",""自營商買賣超股數(避險)"":""0"",""三大法人買賣超股數"":""3,010""}"
2026-10-01,TWSE,4582,聚恆-創         ,0,0,0,0,0,0,3000,0,3000,"{""證券代號"":""4582"",""證券名稱"":""聚恆-創         "",""外陸資買進股數(不含外資自營商)"":""0"",""外陸資賣出股數(不含外資自營商)"":""0"",""外陸資買賣超股數(不含外資自營商)"":""0"",""外資自營商買進股數"":""0"",""外資自營商賣出股數"":""0"",""外資自營商買賣超股數"":""0"",""投信買進股數"":""0"",""投信賣出股數"":""0"",""投信買賣超股數"":""0"",""自營商買賣超股數"":""3,000"",""自營商買進股數(自行買賣)"":""0"",""自營商賣出股數(自行買賣)"":""0"",""自營商買賣超股數(自行買賣)"":""0"",""自營商買進股數(避險)"":""3,000"",""自營商賣出股數(避險)"":""0"",""自營商買賣超股數(避險)"":""3,000"",""三大法人買賣超股數"":""3,000""}"
2026-10-01,TWSE,1443,立益物流        ,3000,0,3000,0,0,0,0,0,0,"{""證券代號"":""1443"",""證券名稱"":""立益物流        "",""外陸資買進股數(不含外資自營商)"":""3,000"",""外陸資賣出股數(不含外資自營商)"":""0"",""外陸資買賣超股數(不含外資自營商)"":""3,000"",""外資自營商買進股數"":""0"",""外資自營商賣出股數"":""0"",""外資自營商買賣超股數"":""0"",""投信買進股數"":""0"",""投信賣出股數"":""0"",""投信買賣超股數"":""0"",""自營商買賣超股數"":""0"",""自營商買進股數(自行買賣)"":""0"",""自營商賣出股數(自行買賣)"":""0"",""自營商買賣超股數(自行買賣)"":""0"",""自營商買進股數(避險)"":""0"",""自營商賣出股數(避險)"":""0"",""自營商買賣超股數(避險)"":""0"",""三大法人買賣超股數"":""3,000""}"
2026-10-01,TWSE,6581,鋼聯            ,4000,1000,3000,0,0,0,0,0,0,"{""證券代號"":""6581"",""證券名稱"":""鋼聯            "",""外陸資買進股數(不含外資自營商)"":""4,000"",""外陸資賣出股數(不含外資自營商)"":""1,000"",""外陸資買賣超股數(不含外資自營商)"":""3,000"",""外資自營商買進股數"":""0"",""外資自營商賣出股數"":""0"",""外資自營商買賣超股數"":""0"",""投信買進股數"":""0"",""投信賣出股數"":""0"",""投信買賣超股數"":""0"",""自營商買賣超股數"":""0"",""自營商買進股數(自行買賣)"":""0"",""自營商賣出股數(自行買賣)"":""0"",""自營商買賣超股數(自行買賣)"":""0"",""自營商買進股數(避險)"":""0"",""自營商賣出股數(避險)"":""0"",""自營商買賣超股數(避險)"":""0"",""三大法人買賣超股數"":""3,000""}"
2026-10-01,TWSE,1463,強盛新          ,4000,1000,3000,0,0,0,0,0,0,"{""證券代號"":""1463"",""證券名稱"":""強盛新          "",""外陸資買進股數(不含外資自營商)"":""4,000"",""外陸資賣出股數(不含外資自營商)"":""1,000"",""外陸資買賣超股數(不含外資自營商)"":""3,000"",""外資自營商買進股數"":""0"",""外資自營商賣出股數"":""0"",""外資自營商買賣超股數"":""0"",""投信買進股數"":""0"",""投信賣出股數"":""0"",""投信買賣超股數"":""0"",""自營商買賣超股數"":""0"",""自營商買進股數(自行買賣)"":""0"",""自營商賣出股數(自行買賣)"":""0"",""自營商買賣超股數(自行買賣)"":""0"",""自營商買進股數(避險)"":""0"",""自營商賣出股數(避險)"":""0"",""自營商買賣超股數(避險)"":""0"",""三大法人買賣超股數"":""3,000""}"
2026-10-01,TWSE,1474,弘裕            ,3000,0,3000,0,0,0,0,0,0,"{""證券代號"":""1474"",""證券名稱"":""弘裕            "",""外陸資買進股數(不含外資自營商)"":""3,000"",""外陸資賣出股數(不含外資自營商)"":""0"",""外陸資買賣超股數(不含外資自營商)"":""3,000"",""外資自營商買進股數"":""0"",""外資自營商賣出股數"":""0"",""外資自營商買賣超股數"":""0"",""投信買進股數"":""0"",""投信賣出股數"":""0"",""投信買賣超股數"":""0"",""自營商買賣超股數"":""0"",""自營商買進股數(自行買賣)"":""0"",""自營商賣出股數(自行買賣)"":""0"",""自營商買賣超股數(自行買賣)"":""0"",""自營商買進股數(避險)"":""0"",""自營商賣出股數(避險)"":""0"",""自營商買賣超股數(避險)"":""0"",""三大法人買賣超股數"":""3,000""}"
2026-10-01,TWSE,6835,圓裕            ,3000,0,3000,0,0,0,0,0,0,"{""證券代號"":""6835"",""證券名稱"":""圓裕            "",""外陸資買進股數(不含外資自營商)"":""3,000"",""外陸資賣出股數(不含外資自營商)"":""0"",""外陸資買賣超股數(不含外資自營商)"":""3,000"",""外資自營商買進股數"":""0"",""外資自營商賣出股數"":""0"",""外資自營商買賣超股數"":""0"",""投信買進股數"":""0"",""投信賣出股數"":""0"",""投信買賣超股數"":""0"",""自營商買賣超股數"":""0"",""自營商買進股數(自行買賣)"":""0"",""自營商賣出股數(自行買賣)"":""0"",""自營商買賣超股數(自行買賣)"":""0"",""自營商買進股數(避險)"":""0"",""自營商賣出股數(避險)"":""0"",""自營商買賣超股數(避險)"":""0"",""三大法人買賣超股數"":""3,000""}"
2026-10-01,TWSE,6921,嘉雨思-創       ,1000,1000,0,0,0,0,3000,0,3000,"{""證券代號"":""6921"",""證券名稱"":""嘉雨思-創       "",""外陸資買進股數(不含外資自營商)"":""1,000"",""外陸資賣出股數(不含外資自營商)"":""1,000"",""外陸資買賣超股數(不含外資自營商)"":""0"",""外資自營商買進股數"":""0"",""外資自營商賣出股數"":""0"",""外資自營商買賣超股數"":""0"",""投信買進股數"":""0"",""投信賣出股數"":""0"",""投信買賣超股數"":""0"",""自營商買賣超股數"":""3,000"",""自營商買進股數(自行買賣)"":""0"",""自營商賣出股數(自行買賣)"":""0"",""自營商買賣超股數(自行買賣)"":""0"",""自營商買進股數(避險)"":""3,000"",""自營商賣出股數(避險)"":""0"",""自營商買賣超股數(避險)"":""3,000"",""三大法人買賣超股數"":""3,000""}"
2026-10-01,TWSE,6924,榮惠-KY創       ,6000,0,6000,0,0,0,6000,9000,-3000,"{""證券代號"":""6924"",""證券名稱"":""榮惠-KY創       "",""外陸資買進股數(不含外資自營商)"":""6,000"",""外陸資賣出股數(不含外資自營商)"":""0"",""外陸資買賣超股數(不含外資自營商)"":""6,000"",""外資自營商買進股數"":""0"",""外資自營商賣出股數"":""0"",""外資自營商買賣超股數"":""0"",""投信買進股數"":""0"",""投信賣出股數"":""0"",""投信買賣超股數"":""0"",""自營商買賣超股數"":""-3,000"",""自營商買進股數(自行買賣)"":""0"",""自營商賣出股數(自行買賣)"":""0"",""自營商買賣超股數(自行買賣)"":""0"",""自營商買進股數(避險)"":""6,000"",""自營商賣出股數(避險)"":""9,000"",""自營商買賣超股數(避險)"":""-3,000"",""三大法人買賣超股數"":""3,000""}"
2026-10-01,TWSE,9926,新海            ,3000,0,3000,0,0,0,0,0,0,"{""證券代號"":""9926"",""證券名稱"":""新海            "",""外陸資買進股數(不含外資自營商)"":""3,000"",""外陸資賣出股數(不含外資自營商)"":""0"",""外陸資買賣超股數(不含外資自營商)"":""3,000"",""外資自營商買進股數"":""0"",""外資自營商賣出股數"":""0"",""外資自營商買賣超股數"":""0"",""投信買進股數"":""0"",""投信賣出股數"":""0"",""投信買賣超股數"":""0"",""自營商買賣超股數"":""0"",""自營商買進股數(自行買賣)"":""0"",""自營商賣出股數(自行買賣)"":""0"",""自營商買賣超股數(自行買賣)"":""0"",""自營商買進股數(避險)"":""0"",""自營商賣出股數(避險)"":""0"",""自營商買賣超股數(避險)"":""0"",""三大法人買賣超股數"":""3,000""}"
2026-10-01,TWSE,2227,裕日車          ,5000,2030,2970,0,0,0,0,0,0,"{""證券代號"":""2227"",""證券名稱"":""裕日車          "",""外陸資買進股數(不含外資自營商)"":""5,000"",""外陸資賣出股數(不含外資自營商)"":""2,030"",""外陸資買賣超股數(不含外資自營商)"":""2,970"",""外資自營商買進股數"":""0"",""外資自營商賣出股數"":""0"",""外資自營商買賣超股數"":""0"",""投信買進股數"":""0"",""投信賣出股數"":""0"",""投信買賣超股數"":""0"",""自營商買賣超股數"":""0"",""自營商買進股數(自行買賣)"":""0"",""自營商賣出股數(自行買賣)"":""0"",""自營商買賣超股數(自行買賣)"":""0"",""自營商買進股數(避險)"":""0"",""自營商賣出股數(避險)"":""0"",""自營商買賣超股數(避險)"":""0"",""三大法人買賣超股數"":""2,970""}"
2026-10-01,TWSE,00655L,國泰中國A50正2  ,3000,4000,-1000,0,0,0,91000,87166,3834,"{""證券代號"":""00655L"",""證券名稱"":""國泰中國A50正2  "",""外陸資買進股數(不含外資自營商)"":""3,000"",""外陸資賣出股數(不含外資自營商)"":""4,000"",""外陸資買賣超股數(不含外資自營商)"":""-1,000"",""外資自營商買進股數"":""0"",""外資自營商賣出股數"":""0"",""外資自營商買賣超股數"":""0"",""投信買進股數"":""0"",""投信賣出股數"":""0"",""投信買賣超股數"":""0"",""自營商買賣超股數"":""3,834"",""自營商買進股數(自行買賣)"":""0"",""自營商賣出股數(自行買賣)"":""0"",""自營商買賣超股數(自行買賣)"":""0"",""自營商買進股數(避險)"":""91,000"",""自營商賣出股數(避險)"":""87,166"",""自營商買賣超股數(避險)"":""3,834"",""三大法人買賣超股數"":""2,834""}"
2026-10-01,TWSE,1805,寶徠            ,4858,2700,2158,0,0,0,0,0,0,"{""證券代號"":""1805"",""證券名稱"":""寶徠            "",""外陸資買進股數(不含外資自營商)"":""4,858"",""外陸資賣出股數(不含外資自營商)"":""2,700"",""外陸資買賣超股數(不含外資自營商)"":""2,158"",""外資自營商買進股數"":""0"",""外資自營商賣出股數"":""0"",""外資自營商買賣超股數"":""0"",""投信買進股數"":""0"",""投信賣出股數"":""0"",""投信買賣超股數"":""0"",""自營商買賣超股數"":""0"",""自營商買進股數(自行買賣)"":""0"",""自營商賣出股數(自行買賣)"":""0"",""自營商買賣超股數(自行買賣)"":""0"",""自營商買進股數(避險)"":""0"",""自營商賣出股數(避險)"":""0"",""自營商買賣超股數(避險)"":""0"",""三大法人買賣超股數"":""2,158""}"
2026-10-01,TWSE,1325,恆大            ,27140,25000,2140,0,0,0,0,0,0,"{""證券代號"":""1325"",""證券名稱"":""恆大            "",""外陸資買進股數(不含外資自營商)"":""27,140"",""外陸資賣出股數(不含外資自營商)"":""25,000"",""外陸資買賣超股數(不含外資自營商)"":""2,140"",""外資自營商買進股數"":""0"",""外資自營商賣出股數"":""0"",""外資自營商買賣超股數"":""0"",""投信買進股數"":""0"",""投信賣出股數"":""0"",""投信買賣超股數"":""0"",""自營商買賣超股數"":""0"",""自營商買進股數(自行買賣)"":""0"",""自營商賣出股數(自行買賣)"":""0"",""自營商買賣超股數(自行買賣)"":""0"",""自營商買進股數(避險)"":""0"",""自營商賣出股數(避險)"":""0"",""自營商買賣超股數(避險)"":""0"",""三大法人買賣超股數"":""2,140""}"
2026-10-01,TWSE,1786,科妍            ,30137,28000,2137,0,0,0,0,0,0,"{""證券代號"":""1786"",""證券名稱"":""科妍            "",""外陸資買進股數(不含外資自營商)"":""30,137"",""外陸資賣出股數(不含外資自營商)"":""28,000"",""外陸資買賣超股數(不含外資自營商)"":""2,137"",""外資自營商買進股數"":""0"",""外資自營商賣出股數"":""0"",""外資自營商買賣超股數"":""0"",""投信買進股數"":""0"",""投信賣出股數"":""0"",""投信買賣超股數"":""0"",""自營商買賣超股數"":""0"",""自營商買進股數(自行買賣)"":""0"",""自營商賣出股數(自行買賣)"":""0"",""自營商買賣超股數(自行買賣)"":""0"",""自營商買進股數(避險)"":""0"",""自營商賣出股數(避險)"":""0"",""自營商買賣超股數(避險)"":""0"",""三大法人買賣超股數"":""2,137""}"
2026-10-01,TWSE,8462,柏文            ,21099,22000,-901,0,0,0,0,0,3000,"{""證券代號"":""8462"",""證券名稱"":""柏文            "",""外陸資買進股數(不含外資自營商)"":""21,099"",""外陸資賣出股數(不含外資自營商)"":""22,000"",""外陸資買賣超股數(不含外資自營商)"":""-901"",""外資自營商買進股數"":""0"",""外資自營商賣出股數"":""0"",""外資自營商買賣超股數"":""0"",""投信買進股數"":""0"",""投信賣出股數"":""0"",""投信買賣超股數"":""0"",""自營商買賣超股數"":""3,000"",""自營商買進股數(自行買賣)"":""3,000"",""自營商賣出股數(自行買賣)"":""0"",""自營商買賣超股數(自行買賣)"":""3,000"",""自營商買進股數(避險)"":""0"",""自營商賣出股數(避險)"":""0"",""自營商買賣超股數(避險)"":""0"",""三大法人買賣超股數"":""2,099""}"
2026-10-01,TWSE,7821,神數            ,6085,4000,2085,0,0,0,0,0,0,"{""證券代號"":""7821"",""證券名稱"":""神數            "",""外陸資買進股數(不含外資自營商)"":""6,085"",""外陸資賣出股數(不含外資自營商)"":""4,000"",""外陸資買賣超股數(不含外資自營商)"":""2,085"",""外資自營商買進股數"":""0"",""外資自營商賣出股數"":""0"",""外資自營商買賣超股數"":""0"",""投信買進股數"":""0"",""投信賣出股數"":""0"",""投信買賣超股數"":""0"",""自營商買賣超股數"":""0"",""自營商買進股數(自行買賣)"":""0"",""自營商賣出股數(自行買賣)"":""0"",""自營商買賣超股數(自行買賣)"":""0"",""自營商買進股數(避險)"":""0"",""自營商賣出股數(避險)"":""0"",""自營商買賣超股數(避險)"":""0"",""三大法人買賣超股數"":""2,085""}"
2026-10-01,TWSE,006203,元大MSCI台灣    ,0,0,0,0,0,0,3082,1000,2082,"{""證券代號"":""006203"",""證券名稱"":""元大MSCI台灣    "",""外陸資買進股數(不含外資自營商)"":""0"",""外陸資賣出股數(不含外資自營商)"":""0"",""外陸資買賣超股數(不含外資自營商)"":""0"",""外資自營商買進股數"":""0"",""外資自營商賣出股數"":""0"",""外資自營商買賣超股數"":""0"",""投信買進股數"":""0"",""投信賣出股數"":""0"",""投信買賣超股數"":""0"",""自營商買賣超股數"":""2,082"",""自營商買進股數(自行買賣)"":""0"",""自營商賣出股數(自行買賣)"":""0"",""自營商買賣超股數(自行買賣)"":""0"",""自營商買進股數(避險)"":""3,082"",""自營商賣出股數(避險)"":""1,000"",""自營商買賣超股數(避險)"":""2,082"",""三大法人買賣超股數"":""2,082""}"
2026-10-01,TWSE,8442,威宏-KY         ,6000,5353,647,364,0,364,0,0,1000,"{""證券代號"":""8442"",""證券名稱"":""威宏-KY         "",""外陸資買進股數(不含外資自營商)"":""6,000"",""外陸資賣出股數(不含外資自營商)"":""5,353"",""外陸資買賣超股數(不含外資自營商)"":""647"",""外資自營商買進股數"":""0"",""外資自營商賣出股數"":""0"",""外資自營商買賣超股數"":""0"",""投信買進股數"":""364"",""投信賣出股數"":""0"",""投信買賣超股數"":""364"",""自營商買賣超股數"":""1,000"",""自營商買進股數(自行買賣)"":""1,000"",""自營商賣出股數(自行買賣)"":""0"",""自營商買賣超股數(自行買賣)"":""1,000"",""自營商買進股數(避險)"":""0"",""自營商賣出股數(避險)"":""0"",""自營商買賣超股數(避險)"":""0"",""三大法人買賣超股數"":""2,011""}"
2026-10-01,TWSE,2488,漢平            ,9000,7000,2000,9,0,9,0,0,0,"{""證券代號"":""2488"",""證券名稱"":""漢平            "",""外陸資買進股數(不含外資自營商)"":""9,000"",""外陸資賣出股數(不含外資自營商)"":""7,000"",""外陸資買賣超股數(不含外資自營商)"":""2,000"",""外資自營商買進股數"":""0"",""外資自營商賣出股數"":""0"",""外資自營商買賣超股數"":""0"",""投信買進股數"":""9"",""投信賣出股數"":""0"",""投信買賣超股數"":""9"",""自營商買賣超股數"":""0"",""自營商買進股數(自行買賣)"":""0"",""自營商賣出股數(自行買賣)"":""0"",""自營商買賣超股數(自行買賣)"":""0"",""自營商買進股數(避險)"":""0"",""自營商賣出股數(避險)"":""0"",""自營商買賣超股數(避險)"":""0"",""三大法人買賣超股數"":""2,009""}"
2026-10-01,TWSE,1457,宜進            ,6000,4000,2000,0,0,0,0,0,0,"{""證券代號"":""1457"",""證券名稱"":""宜進            "",""外陸資買進股數(不含外資自營商)"":""6,000"",""外陸資賣出股數(不含外資自營商)"":""4,000"",""外陸資買賣超股數(不含外資自營商)"":""2,000"",""外資自營商買進股數"":""0"",""外資自營商賣出股數"":""0"",""外資自營商買賣超股數"":""0"",""投信買進股數"":""0"",""投信賣出股數"":""0"",""投信買賣超股數"":""0"",""自營商買賣超股數"":""0"",""自營商買進股數(自行買賣)"":""0"",""自營商賣出股數(自行買賣)"":""0"",""自營商買賣超股數(自行買賣)"":""0"",""自營商買進股數(避險)"":""0"",""自營商賣出股數(避險)"":""0"",""自營商買賣超股數(避險)"":""0"",""三大法人買賣超股數"":""2,000""}"
2026-10-01,TWSE,6771,平和環保-創     ,1000,2000,-1000,0,0,0,0,0,3000,"{""證券代號"":""6771"",""證券名稱"":""平和環保-創     "",""外陸資買進股數(不含外資自營商)"":""1,000"",""外陸資賣出股數(不含外資自營商)"":""2,000"",""外陸資買賣超股數(不含外資自營商)"":""-1,000"",""外資自營商買進股數"":""0"",""外資自營商賣出股數"":""0"",""外資自營商買賣超股數"":""0"",""投信買進股數"":""0"",""投信賣出股數"":""0"",""投信買賣超股數"":""0"",""自營商買賣超股數"":""3,000"",""自營商買進股數(自行買賣)"":""3,000"",""自營商賣出股數(自行買賣)"":""0"",""自營商買賣超股數(自行買賣)"":""3,000"",""自營商買進股數(避險)"":""0"",""自營商賣出股數(避險)"":""0"",""自營商買賣超股數(避險)"":""0"",""三大法人買賣超股數"":""2,000""}"
2026-10-01,TWSE,8367,建新國際        ,2000,0,2000,0,0,0,0,0,0,"{""證券代號"":""8367"",""證券名稱"":""建新國際        "",""外陸資買進股數(不含外資自營商)"":""2,000"",""外陸資賣出股數(不含外資自營商)"":""0"",""外陸資買賣超股數(不含外資自營商)"":""2,000"",""外資自營商買進股數"":""0"",""外資自營商賣出股數"":""0"",""外資自營商買賣超股數"":""0"",""投信買進股數"":""0"",""投信賣出股數"":""0"",""投信買賣超股數"":""0"",""自營商買賣超股數"":""0"",""自營商買進股數(自行買賣)"":""0"",""自營商賣出股數(自行買賣)"":""0"",""自營商買賣超股數(自行買賣)"":""0"",""自營商買進股數(避險)"":""0"",""自營商賣出股數(避險)"":""0"",""自營商買賣超股數(避險)"":""0"",""三大法人買賣超股數"":""2,000""}"
2026-10-01,TWSE,8467,波力-KY         ,2000,0,2000,0,0,0,0,0,0,"{""證券代號"":""8467"",""證券名稱"":""波力-KY         "",""外陸資買進股數(不含外資自營商)"":""2,000"",""外陸資賣出股數(不含外資自營商)"":""0"",""外陸資買賣超股數(不含外資自營商)"":""2,000"",""外資自營商買進股數"":""0"",""外資自營商賣出股數"":""0"",""外資自營商買賣超股數"":""0"",""投信買進股數"":""0"",""投信賣出股數"":""0"",""投信買賣超股數"":""0"",""自營商買賣超股數"":""0"",""自營商買進股數(自行買賣)"":""0"",""自營商賣出股數(自行買賣)"":""0"",""自營商買賣超股數(自行買賣)"":""0"",""自營商買進股數(避險)"":""0"",""自營商賣出股數(避險)"":""0"",""自營商買賣超股數(避險)"":""0"",""三大法人買賣超股數"":""2,000""}"
2026-10-01,TWSE,9931,欣高            ,3000,1000,2000,0,0,0,0,0,0,"{""證券代號"":""9931"",""證券名稱"":""欣高            "",""外陸資買進股數(不含外資自營商)"":""3,000"",""外陸資賣出股數(不含外資自營商)"":""1,000"",""外陸資買賣超股數(不含外資自營商)"":""2,000"",""外資自營商買進股數"":""0"",""外資自營商賣出股數"":""0"",""外資自營商買賣超股數"":""0"",""投信買進股數"":""0"",""投信賣出股數"":""0"",""投信買賣超股數"":""0"",""自營商買賣超股數"":""0"",""自營商買進股數(自行買賣)"":""0"",""自營商賣出股數(自行買賣)"":""0"",""自營商買賣超股數(自行買賣)"":""0"",""自營商買進股數(避險)"":""0"",""自營商賣出股數(避險)"":""0"",""自營商買賣超股數(避險)"":""0"",""三大法人買賣超股數"":""2,000""}"
2026-10-01,TWSE,0051,元大中型100     ,0,0,0,0,0,0,0,24000,2000,"{""證券代號"":""0051"",""證券名稱"":""元大中型100     "",""外陸資買進股數(不含外資自營商)"":""0"",""外陸資賣出股數(不含外資自營商)"":""0"",""外陸資買賣超股數(不含外資自營商)"":""0"",""外資自營商買進股數"":""0"",""外資自營商賣出股數"":""0"",""外資自營商買賣超股數"":""0"",""投信買進股數"":""0"",""投信賣出股數"":""0"",""投信買賣超股數"":""0"",""自營商買賣超股數"":""2,000"",""自營商買進股數(自行買賣)"":""26,000"",""自營商賣出股數(自行買賣)"":""0"",""自營商買賣超股數(自行買賣)"":""26,000"",""自營商買進股數(避險)"":""0"",""自營商賣出股數(避險)"":""24,000"",""自營商買賣超股數(避險)"":""-24,000"",""三大法人買賣超股數"":""2,000""}"
2026-10-01,TWSE,7791,皇家可口        ,7000,5000,2000,0,0,0,0,0,0,"{""證券代號"":""7791"",""證券名稱"":""皇家可口        "",""外陸資買進股數(不含外資自營商)"":""7,000"",""外陸資賣出股數(不含外資自營商)"":""5,000"",""外陸資買賣超股數(不含外資自營商)"":""2,000"",""外資自營商買進股數"":""0"",""外資自營商賣出股數"":""0"",""外資自營商買賣超股數"":""0"",""投信買進股數"":""0"",""投信賣出股數"":""0"",""投信買賣超股數"":""0"",""自營商買賣超股數"":""0"",""自營商買進股數(自行買賣)"":""0"",""自營商賣出股數(自行買賣)"":""0"",""自營商買賣超股數(自行買賣)"":""0"",""自營商買進股數(避險)"":""0"",""自營商賣出股數(避險)"":""0"",""自營商買賣超股數(避險)"":""0"",""三大法人買賣超股數"":""2,000""}"
2026-10-01,TWSE,6887,寶綠特-KY       ,3000,2000,1000,0,0,0,0,0,1000,"{""證券代號"":""6887"",""證券名稱"":""寶綠特-KY       "",""外陸資買進股數(不含外資自營商)"":""3,000"",""外陸資賣出股數(不含外資自營商)"":""2,000"",""外陸資買賣超股數(不含外資自營商)"":""1,000"",""外資自營商買進股數"":""0"",""外資自營商賣出股數"":""0"",""外資自營商買賣超股數"":""0"",""投信買進股數"":""0"",""投信賣出股數"":""0"",""投信買賣超股數"":""0"",""自營商買賣超股數"":""1,000"",""自營商買進股數(自行買賣)"":""1,000"",""自營商賣出股數(自行買賣)"":""0"",""自營商買賣超股數(自行買賣)"":""1,000"",""自營商買進股數(避險)"":""0"",""自營商賣出股數(避險)"":""0"",""自營商買賣超股數(避險)"":""0"",""三大法人買賣超股數"":""2,000""}"
2026-10-01,TWSE,6794,向榮生技        ,3000,1000,2000,0,0,0,0,0,0,"{""證券代號"":""6794"",""證券名稱"":""向榮生技        "",""外陸資買進股數(不含外資自營商)"":""3,000"",""外陸資賣出股數(不含外資自營商)"":""1,000"",""外陸資買賣超股數(不含外資自營商)"":""2,000"",""外資自營商買進股數"":""0"",""外資自營商賣出股數"":""0"",""外資自營商買賣超股數"":""0"",""投信買進股數"":""0"",""投信賣出股數"":""0"",""投信買賣超股數"":""0"",""自營商買賣超股數"":""0"",""自營商買進股數(自行買賣)"":""0"",""自營商賣出股數(自行買賣)"":""0"",""自營商買賣超股數(自行買賣)"":""0"",""自營商買進股數(避險)"":""0"",""自營商賣出股數(避險)"":""0"",""自營商買賣超股數(避險)"":""0"",""三大法人買賣超股數"":""2,000""}"
2026-10-01,TWSE,6464,台數科          ,5000,3000,2000,0,0,0,0,0,0,"{""證券代號"":""6464"",""證券名稱"":""台數科          "",""外陸資買進股數(不含外資自營商)"":""5,000"",""外陸資賣出股數(不含外資自營商)"":""3,000"",""外陸資買賣超股數(不含外資自營商)"":""2,000"",""外資自營商買進股數"":""0"",""外資自營商賣出股數"":""0"",""外資自營商買賣超股數"":""0"",""投信買進股數"":""0"",""投信賣出股數"":""0"",""投信買賣超股數"":""0"",""自營商買賣超股數"":""0"",""自營商買進股數(自行買賣)"":""0"",""自營商賣出股數(自行買賣)"":""0"",""自營商買賣超股數(自行買賣)"":""0"",""自營商買進股數(避險)"":""0"",""自營商賣出股數(避險)"":""0"",""自營商買賣超股數(避險)"":""0"",""三大法人買賣超股數"":""2,000""}"
2026-10-01,TWSE,6552,易華電          ,6000,4000,2000,0,0,0,0,0,0,"{""證券代號"":""6552"",""證券名稱"":""易華電          "",""外陸資買進股數(不含外資自營商)"":""6,000"",""外陸資賣出股數(不含外資自營商)"":""4,000"",""外陸資買賣超股數(不含外資自營商)"":""2,000"",""外資自營商買進股數"":""0"",""外資自營商賣出股數"":""0"",""外資自營商買賣超股數"":""0"",""投信買進股數"":""0"",""投信賣出股數"":""0"",""投信買賣超股數"":""0"",""自營商買賣超股數"":""0"",""自營商買進股數(自行買賣)"":""0"",""自營商賣出股數(自行買賣)"":""0"",""自營商買賣超股數(自行買賣)"":""0"",""自營商買進股數(避險)"":""0"",""自營商賣出股數(避險)"":""0"",""自營商買賣超股數(避險)"":""0"",""三大法人買賣超股數"":""2,000""}"
2026-10-01,TWSE,6183,關貿            ,2000,2000,0,0,0,0,0,0,2000,"{""證券代號"":""6183"",""證券名稱"":""關貿            "",""外陸資買進股數(不含外資自營商)"":""2,000"",""外陸資賣出股數(不含外資自營商)"":""2,000"",""外陸資買賣超股數(不含外資自營商)"":""0"",""外資自營商買進股數"":""0"",""外資自營商賣出股數"":""0"",""外資自營商買賣超股數"":""0"",""投信買進股數"":""0"",""投信賣出股數"":""0"",""投信買賣超股數"":""0"",""自營商買賣超股數"":""2,000"",""自營商買進股數(自行買賣)"":""2,000"",""自營商賣出股數(自行買賣)"":""0"",""自營商買賣超股數(自行買賣)"":""2,000"",""自營商買進股數(避險)"":""0"",""自營商賣出股數(避險)"":""0"",""自營商買賣超股數(避險)"":""0"",""三大法人買賣超股數"":""2,000""}"
2026-10-01,TWSE,4438,廣越            ,12000,10000,2000,0,0,0,0,0,0,"{""證券代號"":""4438"",""證券名稱"":""廣越            "",""外陸資買進股數(不含外資自營商)"":""12,000"",""外陸資賣出股數(不含外資自營商)"":""10,000"",""外陸資買賣超股數(不含外資自營商)"":""2,000"",""外資自營商買進股數"":""0"",""外資自營商賣出股數"":""0"",""外資自營商買賣超股數"":""0"",""投信買進股數"":""0"",""投信賣出股數"":""0"",""投信買賣超股數"":""0"",""自營商買賣超股數"":""0"",""自營商買進股數(自行買賣)"":""0"",""自營商賣出股數(自行買賣)"":""0"",""自營商買賣超股數(自行買賣)"":""0"",""自營商買進股數(避險)"":""0"",""自營商賣出股數(避險)"":""0"",""自營商買賣超股數(避險)"":""0"",""三大法人買賣超股數"":""2,000""}"
2026-10-01,TWSE,2008,高興昌          ,3000,1000,2000,0,0,0,0,0,0,"{""證券代號"":""2008"",""證券名稱"":""高興昌          "",""外陸資買進股數(不含外資自營商)"":""3,000"",""外陸資賣出股數(不含外資自營商)"":""1,000"",""外陸資買賣超股數(不含外資自營商)"":""2,000"",""外資自營商買進股數"":""0"",""外資自營商賣出股數"":""0"",""外資自營商買賣超股數"":""0"",""投信買進股數"":""0"",""投信賣出股數"":""0"",""投信買賣超股數"":""0"",""自營商買賣超股數"":""0"",""自營商買進股數(自行買賣)"":""0"",""自營商賣出股數(自行買賣)"":""0"",""自營商買賣超股數(自行買賣)"":""0"",""自營商買進股數(避險)"":""0"",""自營商賣出股數(避險)"":""0"",""自營商買賣超股數(避險)"":""0"",""三大法人買賣超股數"":""2,000""}"
2026-10-01,TWSE,2239,英利-KY         ,6000,4000,2000,0,0,0,0,0,0,"{""證券代號"":""2239"",""證券名稱"":""英利-KY         "",""外陸資買進股數(不含外資自營商)"":""6,000"",""外陸資賣出股數(不含外資自營商)"":""4,000"",""外陸資買賣超股數(不含外資自營商)"":""2,000"",""外資自營商買進股數"":""0"",""外資自營商賣出股數"":""0"",""外資自營商買賣超股數"":""0"",""投信買進股數"":""0"",""投信賣出股數"":""0"",""投信買賣超股數"":""0"",""自營商買賣超股數"":""0"",""自營商買進股數(自行買賣)"":""0"",""自營商賣出股數(自行買賣)"":""0"",""自營商買賣超股數(自行買賣)"":""0"",""自營商買進股數(避險)"":""0"",""自營商賣出股數(避險)"":""0"",""自營商買賣超股數(避險)"":""0"",""三大法人買賣超股數"":""2,000""}"
2026-10-01,TWSE,1454,台富            ,3000,1000,2000,0,0,0,0,0,0,"{""證券代號"":""1454"",""證券名稱"":""台富            "",""外陸資買進股數(不含外資自營商)"":""3,000"",""外陸資賣出股數(不含外資自營商)"":""1,000"",""外陸資買賣超股數(不含外資自營商)"":""2,000"",""外資自營商買進股數"":""0"",""外資自營商賣出股數"":""0"",""外資自營商買賣超股數"":""0"",""投信買進股數"":""0"",""投信賣出股數"":""0"",""投信買賣超股數"":""0"",""自營商買賣超股數"":""0"",""自營商買進股數(自行買賣)"":""0"",""自營商賣出股數(自行買賣)"":""0"",""自營商買賣超股數(自行買賣)"":""0"",""自營商買進股數(避險)"":""0"",""自營商賣出股數(避險)"":""0"",""自營商買賣超股數(避險)"":""0"",""三大法人買賣超股數"":""2,000""}"
2026-10-01,TWSE,1466,聚隆            ,16000,20000,-4000,0,0,0,0,0,6000,"{""證券代號"":""1466"",""證券名稱"":""聚隆            "",""外陸資買進股數(不含外資自營商)"":""16,000"",""外陸資賣出股數(不含外資自營商)"":""20,000"",""外陸資買賣超股數(不含外資自營商)"":""-4,000"",""外資自營商買進股數"":""0"",""外資自營商賣出股數"":""0"",""外資自營商買賣超股數"":""0"",""投信買進股數"":""0"",""投信賣出股數"":""0"",""投信買賣超股數"":""0"",""自營商買賣超股數"":""6,000"",""自營商買進股數(自行買賣)"":""6,000"",""自營商賣出股數(自行買賣)"":""0"",""自營商買賣超股數(自行買賣)"":""6,000"",""自營商買進股數(避險)"":""0"",""自營商賣出股數(避險)"":""0"",""自營商買賣超股數(避險)"":""0"",""三大法人買賣超股數"":""2,000""}"
2026-10-01,TWSE,1512,瑞利            ,2000,0,2000,0,0,0,0,0,0,"{""證券代號"":""1512"",""證券名稱"":""瑞利            "",""外陸資買進股數(不含外資自營商)"":""2,000"",""外陸資賣出股數(不含外資自營商)"":""0"",""外陸資買賣超股數(不含外資自營商)"":""2,000"",""外資自營商買進股數"":""0"",""外資自營商賣出股數"":""0"",""外資自營商買賣超股數"":""0"",""投信買進股數"":""0"",""投信賣出股數"":""0"",""投信買賣超股數"":""0"",""自營商買賣超股數"":""0"",""自營商買進股數(自行買賣)"":""0"",""自營商賣出股數(自行買賣)"":""0"",""自營商買賣超股數(自行買賣)"":""0"",""自營商買進股數(避險)"":""0"",""自營商賣出股數(避險)"":""0"",""自營商買賣超股數(避險)"":""0"",""三大法人買賣超股數"":""2,000""}"
2026-10-01,TWSE,1535,中宇            ,9000,5000,4000,0,0,0,0,0,-2000,"{""證券代號"":""1535"",""證券名稱"":""中宇            "",""外陸資買進股數(不含外資自營商)"":""9,000"",""外陸資賣出股數(不含外資自營商)"":""5,000"",""外陸資買賣超股數(不含外資自營商)"":""4,000"",""外資自營商買進股數"":""0"",""外資自營商賣出股數"":""0"",""外資自營商買賣超股數"":""0"",""投信買進股數"":""0"",""投信賣出股數"":""0"",""投信買賣超股數"":""0"",""自營商買賣超股數"":""-2,000"",""自營商買進股數(自行買賣)"":""0"",""自營商賣出股數(自行買賣)"":""2,000"",""自營商買賣超股數(自行買賣)"":""-2,000"",""自營商買進股數(避險)"":""0"",""自營商賣出股數(避險)"":""0"",""自營商買賣超股數(避險)"":""0"",""三大法人買賣超股數"":""2,000""}"
2026-10-01,TWSE,2722,夏都            ,5000,3000,2000,0,0,0,0,0,0,"{""證券代號"":""2722"",""證券名稱"":""夏都            "",""外陸資買進股數(不含外資自營商)"":""5,000"",""外陸資賣出股數(不含外資自營商)"":""3,000"",""外陸資買賣超股數(不含外資自營商)"":""2,000"",""外資自營商買進股數"":""0"",""外資自營商賣出股數"":""0"",""外資自營商買賣超股數"":""0"",""投信買進股數"":""0"",""投信賣出股數"":""0"",""投信買賣超股數"":""0"",""自營商買賣超股數"":""0"",""自營商買進股數(自行買賣)"":""0"",""自營商賣出股數(自行買賣)"":""0"",""自營商買賣超股數(自行買賣)"":""0"",""自營商買進股數(避險)"":""0"",""自營商賣出股數(避險)"":""0"",""自營商買賣超股數(避險)"":""0"",""三大法人買賣超股數"":""2,000""}"
2026-10-01,TWSE,3494,誠研            ,3000,1000,2000,0,0,0,0,0,0,"{""證券代號"":""3494"",""證券名稱"":""誠研            "",""外陸資買進股數(不含外資自營商)"":""3,000"",""外陸資賣出股數(不含外資自營商)"":""1,000"",""外陸資買賣超股數(不含外資自營商)"":""2,000"",""外資自營商買進股數"":""0"",""外資自營商賣出股數"":""0"",""外資自營商買賣超股數"":""0"",""投信買進股數"":""0"",""投信賣出股數"":""0"",""投信買賣超股數"":""0"",""自營商買賣超股數"":""0"",""自營商買進股數(自行買賣)"":""0"",""自營商賣出股數(自行買賣)"":""0"",""自營商買賣超股數(自行買賣)"":""0"",""自營商買進股數(避險)"":""0"",""自營商賣出股數(避險)"":""0"",""自營商買賣超股數(避險)"":""0"",""三大法人買賣超股數"":""2,000""}"
2026-10-01,TWSE,1583,程泰            ,3000,1090,1910,0,0,0,0,0,0,"{""證券代號"":""1583"",""證券名稱"":""程泰            "",""外陸資買進股數(不含外資自營商)"":""3,000"",""外陸資賣出股數(不含外資自營商)"":""1,090"",""外陸資買賣超股數(不含外資自營商)"":""1,910"",""外資自營商買進股數"":""0"",""外資自營商賣出股數"":""0"",""外資自營商買賣超股數"":""0"",""投信買進股數"":""0"",""投信賣出股數"":""0"",""投信買賣超股數"":""0"",""自營商買賣超股數"":""0"",""自營商買進股數(自行買賣)"":""0"",""自營商賣出股數(自行買賣)"":""0"",""自營商買賣超股數(自行買賣)"":""0"",""自營商買進股數(避險)"":""0"",""自營商賣出股數(避險)"":""0"",""自營商買賣超股數(避險)"":""0"",""三大法人買賣超股數"":""1,910""}"
2026-10-01,TWSE,3056,富華新          ,90016,87000,3016,0,0,0,0,1245,-1245,"{""證券代號"":""3056"",""證券名稱"":""富華新          "",""外陸資買進股數(不含外資自營商)"":""90,016"",""外陸資賣出股數(不含外資自營商)"":""87,000"",""外陸資買賣超股數(不含外資自營商)"":""3,016"",""外資自營商買進股數"":""0"",""外資自營商賣出股數"":""0"",""外資自營商買賣超股數"":""0"",""投信買進股數"":""0"",""投信賣出股數"":""0"",""投信買賣超股數"":""0"",""自營商買賣超股數"":""-1,245"",""自營商買進股數(自行買賣)"":""0"",""自營商賣出股數(自行買賣)"":""0"",""自營商買賣超股數(自行買賣)"":""0"",""自營商買進股數(避險)"":""0"",""自營商賣出股數(避險)"":""1,245"",""自營商買賣超股數(避險)"":""-1,245"",""三大法人買賣超股數"":""1,771""}"
2026-10-01,TWSE,4571,鈞興-KY         ,9432,8000,1432,0,0,0,0,0,0,"{""證券代號"":""4571"",""證券名稱"":""鈞興-KY         "",""外陸資買進股數(不含外資自營商)"":""9,432"",""外陸資賣出股數(不含外資自營商)"":""8,000"",""外陸資買賣超股數(不含外資自營商)"":""1,432"",""外資自營商買進股數"":""0"",""外資自營商賣出股數"":""0"",""外資自營商買賣超股數"":""0"",""投信買進股數"":""0"",""投信賣出股數"":""0"",""投信買賣超股數"":""0"",""自營商買賣超股數"":""0"",""自營商買進股數(自行買賣)"":""0"",""自營商賣出股數(自行買賣)"":""0"",""自營商買賣超股數(自行買賣)"":""0"",""自營商買進股數(避險)"":""0"",""自營商賣出股數(避險)"":""0"",""自營商買賣超股數(避險)"":""0"",""三大法人買賣超股數"":""1,432""}"
2026-10-01,TWSE,6722,輝創            ,1000,0,1000,8,0,8,0,0,0,"{""證券代號"":""6722"",""證券名稱"":""輝創            "",""外陸資買進股數(不含外資自營商)"":""1,000"",""外陸資賣出股數(不含外資自營商)"":""0"",""外陸資買賣超股數(不含外資自營商)"":""1,000"",""外資自營商買進股數"":""0"",""外資自營商賣出股數"":""0"",""外資自營商買賣超股數"":""0"",""投信買進股數"":""8"",""投信賣出股數"":""0"",""投信買賣超股數"":""8"",""自營商買賣超股數"":""0"",""自營商買進股數(自行買賣)"":""0"",""自營商賣出股數(自行買賣)"":""0"",""自營商買賣超股數(自行買賣)"":""0"",""自營商買進股數(避險)"":""0"",""自營商賣出股數(避險)"":""0"",""自營商買賣超股數(避險)"":""0"",""三大法人買賣超股數"":""1,008""}"
2026-10-01,TWSE,3168,眾福科          ,1000,0,1000,5,0,5,0,0,0,"{""證券代號"":""3168"",""證券名稱"":""眾福科          "",""外陸資買進股數(不含外資自營商)"":""1,000"",""外陸資賣出股數(不含外資自營商)"":""0"",""外陸資買賣超股數(不含外資自營商)"":""1,000"",""外資自營商買進股數"":""0"",""外資自營商賣出股數"":""0"",""外資自營商買賣超股數"":""0"",""投信買進股數"":""5"",""投信賣出股數"":""0"",""投信買賣超股數"":""5"",""自營商買賣超股數"":""0"",""自營商買進股數(自行買賣)"":""0"",""自營商賣出股數(自行買賣)"":""0"",""自營商買賣超股數(自行買賣)"":""0"",""自營商買進股數(避險)"":""0"",""自營商賣出股數(避險)"":""0"",""自營商買賣超股數(避險)"":""0"",""三大法人買賣超股數"":""1,005""}"
2026-10-01,TWSE,2471,資通            ,21000,31000,-10000,5,0,5,0,0,11000,"{""證券代號"":""2471"",""證券名稱"":""資通            "",""外陸資買進股數(不含外資自營商)"":""21,000"",""外陸資賣出股數(不含外資自營商)"":""31,000"",""外陸資買賣超股數(不含外資自營商)"":""-10,000"",""外資自營商買進股數"":""0"",""外資自營商賣出股數"":""0"",""外資自營商買賣超股數"":""0"",""投信買進股數"":""5"",""投信賣出股數"":""0"",""投信買賣超股數"":""5"",""自營商買賣超股數"":""11,000"",""自營商買進股數(自行買賣)"":""11,000"",""自營商賣出股數(自行買賣)"":""0"",""自營商買賣超股數(自行買賣)"":""11,000"",""自營商買進股數(避險)"":""0"",""自營商賣出股數(避險)"":""0"",""自營商買賣超股數(避險)"":""0"",""三大法人買賣超股數"":""1,005""}"
2026-10-01,TWSE,1315,達新            ,2000,1000,1000,0,0,0,0,0,0,"{""證券代號"":""1315"",""證券名稱"":""達新            "",""外陸資買進股數(不含外資自營商)"":""2,000"",""外陸資賣出股數(不含外資自營商)"":""1,000"",""外陸資買賣超股數(不含外資自營商)"":""1,000"",""外資自營商買進股數"":""0"",""外資自營商賣出股數"":""0"",""外資自營商買賣超股數"":""0"",""投信買進股數"":""0"",""投信賣出股數"":""0"",""投信買賣超股數"":""0"",""自營商買賣超股數"":""0"",""自營商買進股數(自行買賣)"":""0"",""自營商賣出股數(自行買賣)"":""0"",""自營商買賣超股數(自行買賣)"":""0"",""自營商買進股數(避險)"":""0"",""自營商賣出股數(避險)"":""0"",""自營商買賣超股數(避險)"":""0"",""三大法人買賣超股數"":""1,000""}"
2026-10-01,TWSE,4588,玖鼎電力        ,4000,3000,1000,0,0,0,0,0,0,"{""證券代號"":""4588"",""證券名稱"":""玖鼎電力        "",""外陸資買進股數(不含外資自營商)"":""4,000"",""外陸資賣出股數(不含外資自營商)"":""3,000"",""外陸資買賣超股數(不含外資自營商)"":""1,000"",""外資自營商買進股數"":""0"",""外資自營商賣出股數"":""0"",""外資自營商買賣超股數"":""0"",""投信買進股數"":""0"",""投信賣出股數"":""0"",""投信買賣超股數"":""0"",""自營商買賣超股數"":""0"",""自營商買進股數(自行買賣)"":""0"",""自營商賣出股數(自行買賣)"":""0"",""自營商買賣超股數(自行買賣)"":""0"",""自營商買進股數(避險)"":""0"",""自營商賣出股數(避險)"":""0"",""自營商買賣超股數(避險)"":""0"",""三大法人買賣超股數"":""1,000""}"
2026-10-01,TWSE,9929,秋雨            ,2000,1000,1000,0,0,0,0,0,0,"{""證券代號"":""9929"",""證券名稱"":""秋雨            "",""外陸資買進股數(不含外資自營商)"":""2,000"",""外陸資賣出股數(不含外資自營商)"":""1,000"",""外陸資買賣超股數(不含外資自營商)"":""1,000"",""外資自營商買進股數"":""0"",""外資自營商賣出股數"":""0"",""外資自營商買賣超股數"":""0"",""投信買進股數"":""0"",""投信賣出股數"":""0"",""投信買賣超股數"":""0"",""自營商買賣超股數"":""0"",""自營商買進股數(自行買賣)"":""0"",""自營商賣出股數(自行買賣)"":""0"",""自營商買賣超股數(自行買賣)"":""0"",""自營商買進股數(避險)"":""0"",""自營商賣出股數(避險)"":""0"",""自營商買賣超股數(避險)"":""0"",""三大法人買賣超股數"":""1,000""}"
2026-10-01,TWSE,4930,燦星網          ,1000,0,1000,0,0,0,0,0,0,"{""證券代號"":""4930"",""證券名稱"":""燦星網          "",""外陸資買進股數(不含外資自營商)"":""1,000"",""外陸資賣出股數(不含外資自營商)"":""0"",""外陸資買賣超股數(不含外資自營商)"":""1,000"",""外資自營商買進股數"":""0"",""外資自營商賣出股數"":""0"",""外資自營商買賣超股數"":""0"",""投信買進股數"":""0"",""投信賣出股數"":""0"",""投信買賣超股數"":""0"",""自營商買賣超股數"":""0"",""自營商買進股數(自行買賣)"":""0"",""自營商賣出股數(自行買賣)"":""0"",""自營商買賣超股數(自行買賣)"":""0"",""自營商買進股數(避險)"":""0"",""自營商賣出股數(避險)"":""0"",""自營商買賣超股數(避險)"":""0"",""三大法人買賣超股數"":""1,000""}"
2026-10-01,TWSE,3321,同泰            ,45000,44000,1000,0,0,0,0,0,0,"{""證券代號"":""3321"",""證券名稱"":""同泰            "",""外陸資買進股數(不含外資自營商)"":""45,000"",""外陸資賣出股數(不含外資自營商)"":""44,000"",""外陸資買賣超股數(不含外資自營商)"":""1,000"",""外資自營商買進股數"":""0"",""外資自營商賣出股數"":""0"",""外資自營商買賣超股數"":""0"",""投信買進股數"":""0"",""投信賣出股數"":""0"",""投信買賣超股數"":""0"",""自營商買賣超股數"":""0"",""自營商買進股數(自行買賣)"":""2,000"",""自營商賣出股數(自行買賣)"":""2,000"",""自營商買賣超股數(自行買賣)"":""0"",""自營商買進股數(避險)"":""0"",""自營商賣出股數(避險)"":""0"",""自營商買賣超股數(避險)"":""0"",""三大法人買賣超股數"":""1,000""}"
2026-10-01,TWSE,2910,統領            ,1000,0,1000,0,0,0,0,0,0,"{""證券代號"":""2910"",""證券名稱"":""統領            "",""外陸資買進股數(不含外資自營商)"":""1,000"",""外陸資賣出股數(不含外資自營商)"":""0"",""外陸資買賣超股數(不含外資自營商)"":""1,000"",""外資自營商買進股數"":""0"",""外資自營商賣出股數"":""0"",""外資自營商買賣超股數"":""0"",""投信買進股數"":""0"",""投信賣出股數"":""0"",""投信買賣超股數"":""0"",""自營商買賣超股數"":""0"",""自營商買進股數(自行買賣)"":""0"",""自營商賣出股數(自行買賣)"":""0"",""自營商買賣超股數(自行買賣)"":""0"",""自營商買進股數(避險)"":""0"",""自營商賣出股數(避險)"":""0"",""自營商買賣超股數(避險)"":""0"",""三大法人買賣超股數"":""1,000""}"
2026-10-01,TWSE,2939,永邑-KY         ,6000,5000,1000,0,0,0,0,0,0,"{""證券代號"":""2939"",""證券名稱"":""永邑-KY         "",""外陸資買進股數(不含外資自營商)"":""6,000"",""外陸資賣出股數(不含外資自營商)"":""5,000"",""外陸資買賣超股數(不含外資自營商)"":""1,000"",""外資自營商買進股數"":""0"",""外資自營商賣出股數"":""0"",""外資自營商買賣超股數"":""0"",""投信買進股數"":""0"",""投信賣出股數"":""0"",""投信買賣超股數"":""0"",""自營商買賣超股數"":""0"",""自營商買進股數(自行買賣)"":""1,000"",""自營商賣出股數(自行買賣)"":""1,000"",""自營商買賣超股數(自行買賣)"":""0"",""自營商買進股數(避險)"":""0"",""自營商賣出股數(避險)"":""0"",""自營商買賣超股數(避險)"":""0"",""三大法人買賣超股數"":""1,000""}"
2026-10-01,TWSE,2712,遠雄來          ,1000,0,1000,0,0,0,0,0,0,"{""證券代號"":""2712"",""證券名稱"":""遠雄來          "",""外陸資買進股數(不含外資自營商)"":""1,000"",""外陸資賣出股數(不含外資自營商)"":""0"",""外陸資買賣超股數(不含外資自營商)"":""1,000"",""外資自營商買進股數"":""0"",""外資自營商賣出股數"":""0"",""外資自營商買賣超股數"":""0"",""投信買進股數"":""0"",""投信賣出股數"":""0"",""投信買賣超股數"":""0"",""自營商買賣超股數"":""0"",""自營商買進股數(自行買賣)"":""0"",""自營商賣出股數(自行買賣)"":""0"",""自營商買賣超股數(自行買賣)"":""0"",""自營商買進股數(避險)"":""0"",""自營商賣出股數(避險)"":""0"",""自營商買賣超股數(避險)"":""0"",""三大法人買賣超股數"":""1,000""}"
2026-10-01,TWSE,2524,京城            ,8000,7000,1000,0,0,0,0,0,0,"{""證券代號"":""2524"",""證券名稱"":""京城            "",""外陸資買進股數(不含外資自營商)"":""8,000"",""外陸資賣出股數(不含外資自營商)"":""7,000"",""外陸資買賣超股數(不含外資自營商)"":""1,000"",""外資自營商買進股數"":""0"",""外資自營商賣出股數"":""0"",""外資自營商買賣超股數"":""0"",""投信買進股數"":""0"",""投信賣出股數"":""0"",""投信買賣超股數"":""0"",""自營商買賣超股數"":""0"",""自營商買進股數(自行買賣)"":""0"",""自營商賣出股數(自行買賣)"":""0"",""自營商買賣超股數(自行買賣)"":""0"",""自營商買進股數(避險)"":""0"",""自營商賣出股數(避險)"":""0"",""自營商買賣超股數(避險)"":""0"",""三大法人買賣超股數"":""1,000""}"
2026-10-01,TWSE,1521,大億            ,3000,2000,1000,0,0,0,0,0,0,"{""證券代號"":""1521"",""證券名稱"":""大億            "",""外陸資買進股數(不含外資自營商)"":""3,000"",""外陸資賣出股數(不含外資自營商)"":""2,000"",""外陸資買賣超股數(不含外資自營商)"":""1,000"",""外資自營商買進股數"":""0"",""外資自營商賣出股數"":""0"",""外資自營商買賣超股數"":""0"",""投信買進股數"":""0"",""投信賣出股數"":""0"",""投信買賣超股數"":""0"",""自營商買賣超股數"":""0"",""自營商買進股數(自行買賣)"":""0"",""自營商賣出股數(自行買賣)"":""0"",""自營商買賣超股數(自行買賣)"":""0"",""自營商買進股數(避險)"":""0"",""自營商賣出股數(避險)"":""0"",""自營商買賣超股數(避險)"":""0"",""三大法人買賣超股數"":""1,000""}"
2026-10-01,TWSE,1445,大宇            ,4000,3000,1000,0,0,0,0,0,0,"{""證券代號"":""1445"",""證券名稱"":""大宇            "",""外陸資買進股數(不含外資自營商)"":""4,000"",""外陸資賣出股數(不含外資自營商)"":""3,000"",""外陸資買賣超股數(不含外資自營商)"":""1,000"",""外資自營商買進股數"":""0"",""外資自營商賣出股數"":""0"",""外資自營商買賣超股數"":""0"",""投信買進股數"":""0"",""投信賣出股數"":""0"",""投信買賣超股數"":""0"",""自營商買賣超股數"":""0"",""自營商買進股數(自行買賣)"":""0"",""自營商賣出股數(自行買賣)"":""0"",""自營商買賣超股數(自行買賣)"":""0"",""自營商買進股數(避險)"":""0"",""自營商賣出股數(避險)"":""0"",""自營商買賣超股數(避險)"":""0"",""三大法人買賣超股數"":""1,000""}"
2026-10-01,TWSE,1453,大將            ,3000,2000,1000,0,0,0,0,0,0,"{""證券代號"":""1453"",""證券名稱"":""大將            "",""外陸資買進股數(不含外資自營商)"":""3,000"",""外陸資賣出股數(不含外資自營商)"":""2,000"",""外陸資買賣超股數(不含外資自營商)"":""1,000"",""外資自營商買進股數"":""0"",""外資自營商賣出股數"":""0"",""外資自營商買賣超股數"":""0"",""投信買進股數"":""0"",""投信賣出股數"":""0"",""投信買賣超股數"":""0"",""自營商買賣超股數"":""0"",""自營商買進股數(自行買賣)"":""0"",""自營商賣出股數(自行買賣)"":""0"",""自營商買賣超股數(自行買賣)"":""0"",""自營商買進股數(避險)"":""0"",""自營商賣出股數(避險)"":""0"",""自營商買賣超股數(避險)"":""0"",""三大法人買賣超股數"":""1,000""}"
2026-10-01,TWSE,1410,南染            ,3000,2000,1000,0,0,0,0,0,0,"{""證券代號"":""1410"",""證券名稱"":""南染            "",""外陸資買進股數(不含外資自營商)"":""3,000"",""外陸資賣出股數(不含外資自營商)"":""2,000"",""外陸資買賣超股數(不含外資自營商)"":""1,000"",""外資自營商買進股數"":""0"",""外資自營商賣出股數"":""0"",""外資自營商買賣超股數"":""0"",""投信買進股數"":""0"",""投信賣出股數"":""0"",""投信買賣超股數"":""0"",""自營商買賣超股數"":""0"",""自營商買進股數(自行買賣)"":""0"",""自營商賣出股數(自行買賣)"":""0"",""自營商買賣超股數(自行買賣)"":""0"",""自營商買進股數(避險)"":""0"",""自營商賣出股數(避險)"":""0"",""自營商買賣超股數(避險)"":""0"",""三大法人買賣超股數"":""1,000""}"
2026-10-01,TWSE,1419,新紡            ,10000,12000,-2000,0,0,0,0,0,3000,"{""證券代號"":""1419"",""證券名稱"":""新紡            "",""外陸資買進股數(不含外資自營商)"":""10,000"",""外陸資賣出股數(不含外資自營商)"":""12,000"",""外陸資買賣超股數(不含外資自營商)"":""-2,000"",""外資自營商買進股數"":""0"",""外資自營商賣出股數"":""0"",""外資自營商買賣超股數"":""0"",""投信買進股數"":""0"",""投信賣出股數"":""0"",""投信買賣超股數"":""0"",""自營商買賣超股數"":""3,000"",""自營商買進股數(自行買賣)"":""3,000"",""自營商賣出股數(自行買賣)"":""0"",""自營商買賣超股數(自行買賣)"":""3,000"",""自營商買進股數(避險)"":""0"",""自營商賣出股數(避險)"":""0"",""自營商買賣超股數(避險)"":""0"",""三大法人買賣超股數"":""1,000""}"
2026-10-01,TWSE,1435,中福            ,3000,2000,1000,0,0,0,0,0,0,"{""證券代號"":""1435"",""證券名稱"":""中福            "",""外陸資買進股數(不含外資自營商)"":""3,000"",""外陸資賣出股數(不含外資自營商)"":""2,000"",""外陸資買賣超股數(不含外資自營商)"":""1,000"",""外資自營商買進股數"":""0"",""外資自營商賣出股數"":""0"",""外資自營商買賣超股數"":""0"",""投信買進股數"":""0"",""投信賣出股數"":""0"",""投信買賣超股數"":""0"",""自營商買賣超股數"":""0"",""自營商買進股數(自行買賣)"":""0"",""自營商賣出股數(自行買賣)"":""0"",""自營商買賣超股數(自行買賣)"":""0"",""自營商買進股數(避險)"":""0"",""自營商賣出股數(避險)"":""0"",""自營商買賣超股數(避險)"":""0"",""三大法人買賣超股數"":""1,000""}"
2026-10-01,TWSE,1203,味王            ,2000,1000,1000,0,0,0,0,0,0,"{""證券代號"":""1203"",""證券名稱"":""味王            "",""外陸資買進股數(不含外資自營商)"":""2,000"",""外陸資賣出股數(不含外資自營商)"":""1,000"",""外陸資買賣超股數(不含外資自營商)"":""1,000"",""外資自營商買進股數"":""0"",""外資自營商賣出股數"":""0"",""外資自營商買賣超股數"":""0"",""投信買進股數"":""0"",""投信賣出股數"":""0"",""投信買賣超股數"":""0"",""自營商買賣超股數"":""0"",""自營商買進股數(自行買賣)"":""0"",""自營商賣出股數(自行買賣)"":""0"",""自營商買賣超股數(自行買賣)"":""0"",""自營商買進股數(避險)"":""0"",""自營商賣出股數(避險)"":""0"",""自營商買賣超股數(避險)"":""0"",""三大法人買賣超股數"":""1,000""}"
2026-10-01,TWSE,1233,天仁            ,1000,0,1000,0,0,0,0,0,0,"{""證券代號"":""1233"",""證券名稱"":""天仁            "",""外陸資買進股數(不含外資自營商)"":""1,000"",""外陸資賣出股數(不含外資自營商)"":""0"",""外陸資買賣超股數(不含外資自營商)"":""1,000"",""外資自營商買進股數"":""0"",""外資自營商賣出股數"":""0"",""外資自營商買賣超股數"":""0"",""投信買進股數"":""0"",""投信賣出股數"":""0"",""投信買賣超股數"":""0"",""自營商買賣超股數"":""0"",""自營商買進股數(自行買賣)"":""0"",""自營商賣出股數(自行買賣)"":""0"",""自營商買賣超股數(自行買賣)"":""0"",""自營商買進股數(避險)"":""0"",""自營商賣出股數(避險)"":""0"",""自營商買賣超股數(避險)"":""0"",""三大法人買賣超股數"":""1,000""}"
2026-10-01,TWSE,2114,鑫永銓          ,1000,1000,0,0,0,0,0,0,1000,"{""證券代號"":""2114"",""證券名稱"":""鑫永銓          "",""外陸資買進股數(不含外資自營商)"":""1,000"",""外陸資賣出股數(不含外資自營商)"":""1,000"",""外陸資買賣超股數(不含外資自營商)"":""0"",""外資自營商買進股數"":""0"",""外資自營商賣出股數"":""0"",""外資自營商買賣超股數"":""0"",""投信買進股數"":""0"",""投信賣出股數"":""0"",""投信買賣超股數"":""0"",""自營商買賣超股數"":""1,000"",""自營商買進股數(自行買賣)"":""1,000"",""自營商賣出股數(自行買賣)"":""0"",""自營商買賣超股數(自行買賣)"":""1,000"",""自營商買進股數(避險)"":""0"",""自營商賣出股數(避險)"":""0"",""自營商買賣超股數(避險)"":""0"",""三大法人買賣超股數"":""1,000""}"
2026-10-01,TWSE,2024,志聯            ,3000,2000,1000,0,0,0,0,0,0,"{""證券代號"":""2024"",""證券名稱"":""志聯            "",""外陸資買進股數(不含外資自營商)"":""3,000"",""外陸資賣出股數(不含外資自營商)"":""2,000"",""外陸資買賣超股數(不含外資自營商)"":""1,000"",""外資自營商買進股數"":""0"",""外資自營商賣出股數"":""0"",""外資自營商買賣超股數"":""0"",""投信買進股數"":""0"",""投信賣出股數"":""0"",""投信買賣超股數"":""0"",""自營商買賣超股數"":""0"",""自營商買進股數(自行買賣)"":""0"",""自營商賣出股數(自行買賣)"":""0"",""自營商買賣超股數(自行買賣)"":""0"",""自營商買進股數(避險)"":""0"",""自營商賣出股數(避險)"":""0"",""自營商買賣超股數(避險)"":""0"",""三大法人買賣超股數"":""1,000""}"
2026-10-01,TWSE,1776,展宇            ,1000,2000,-1000,0,0,0,0,0,2000,"{""證券代號"":""1776"",""證券名稱"":""展宇            "",""外陸資買進股數(不含外資自營商)"":""1,000"",""外陸資賣出股數(不含外資自營商)"":""2,000"",""外陸資買賣超股數(不含外資自營商)"":""-1,000"",""外資自營商買進股數"":""0"",""外資自營商賣出股數"":""0"",""外資自營商買賣超股數"":""0"",""投信買進股數"":""0"",""投信賣出股數"":""0"",""投信買賣超股數"":""0"",""自營商買賣超股數"":""2,000"",""自營商買進股數(自行買賣)"":""2,000"",""自營商賣出股數(自行買賣)"":""0"",""自營商買賣超股數(自行買賣)"":""2,000"",""自營商買進股數(避險)"":""0"",""自營商賣出股數(避險)"":""0"",""自營商買賣超股數(避險)"":""0"",""三大法人買賣超股數"":""1,000""}"
2026-10-01,TWSE,6614,資拓宏宇        ,2000,1000,1000,0,0,0,0,0,0,"{""證券代號"":""6614"",""證券名稱"":""資拓宏宇        "",""外陸資買進股數(不含外資自營商)"":""2,000"",""外陸資賣出股數(不含外資自營商)"":""1,000"",""外陸資買賣超股數(不含外資自營商)"":""1,000"",""外資自營商買進股數"":""0"",""外資自營商賣出股數"":""0"",""外資自營商買賣超股數"":""0"",""投信買進股數"":""0"",""投信賣出股數"":""0"",""投信買賣超股數"":""0"",""自營商買賣超股數"":""0"",""自營商買進股數(自行買賣)"":""0"",""自營商賣出股數(自行買賣)"":""0"",""自營商買賣超股數(自行買賣)"":""0"",""自營商買進股數(避險)"":""0"",""自營商賣出股數(避險)"":""0"",""自營商買賣超股數(避險)"":""0"",""三大法人買賣超股數"":""1,000""}"
2026-10-01,TWSE,7705,三商餐飲        ,1000,0,1000,0,0,0,0,0,0,"{""證券代號"":""7705"",""證券名稱"":""三商餐飲        "",""外陸資買進股數(不含外資自營商)"":""1,000"",""外陸資賣出股數(不含外資自營商)"":""0"",""外陸資買賣超股數(不含外資自營商)"":""1,000"",""外資自營商買進股數"":""0"",""外資自營商賣出股數"":""0"",""外資自營商買賣超股數"":""0"",""投信買進股數"":""0"",""投信賣出股數"":""0"",""投信買賣超股數"":""0"",""自營商買賣超股數"":""0"",""自營商買進股數(自行買賣)"":""0"",""自營商賣出股數(自行買賣)"":""0"",""自營商買賣超股數(自行買賣)"":""0"",""自營商買進股數(避險)"":""0"",""自營商賣出股數(避險)"":""0"",""自營商買賣超股數(避險)"":""0"",""三大法人買賣超股數"":""1,000""}"
2026-10-01,TWSE,6936,永鴻生技        ,1000,0,1000,0,0,0,0,0,0,"{""證券代號"":""6936"",""證券名稱"":""永鴻生技        "",""外陸資買進股數(不含外資自營商)"":""1,000"",""外陸資賣出股數(不含外資自營商)"":""0"",""外陸資買賣超股數(不含外資自營商)"":""1,000"",""外資自營商買進股數"":""0"",""外資自營商賣出股數"":""0"",""外資自營商買賣超股數"":""0"",""投信買進股數"":""0"",""投信賣出股數"":""0"",""投信買賣超股數"":""0"",""自營商買賣超股數"":""0"",""自營商買進股數(自行買賣)"":""0"",""自營商賣出股數(自行買賣)"":""0"",""自營商買賣超股數(自行買賣)"":""0"",""自營商買進股數(避險)"":""0"",""自營商賣出股數(避險)"":""0"",""自營商買賣超股數(避險)"":""0"",""三大法人買賣超股數"":""1,000""}"
2026-10-01,TWSE,4581,光隆精密-KY     ,1000,0,1000,0,0,0,0,0,0,"{""證券代號"":""4581"",""證券名稱"":""光隆精密-KY     "",""外陸資買進股數(不含外資自營商)"":""1,000"",""外陸資賣出股數(不含外資自營商)"":""0"",""外陸資買賣超股數(不含外資自營商)"":""1,000"",""外資自營商買進股數"":""0"",""外資自營商賣出股數"":""0"",""外資自營商買賣超股數"":""0"",""投信買進股數"":""0"",""投信賣出股數"":""0"",""投信買賣超股數"":""0"",""自營商買賣超股數"":""0"",""自營商買進股數(自行買賣)"":""0"",""自營商賣出股數(自行買賣)"":""0"",""自營商買賣超股數(自行買賣)"":""0"",""自營商買進股數(避險)"":""0"",""自營商賣出股數(避險)"":""0"",""自營商買賣超股數(避險)"":""0"",""三大法人買賣超股數"":""1,000""}"
2026-10-01,TWSE,4557,永新-KY         ,6000,5000,1000,0,0,0,0,0,0,"{""證券代號"":""4557"",""證券名稱"":""永新-KY         "",""外陸資買進股數(不含外資自營商)"":""6,000"",""外陸資賣出股數(不含外資自營商)"":""5,000"",""外陸資買賣超股數(不含外資自營商)"":""1,000"",""外資自營商買進股數"":""0"",""外資自營商賣出股數"":""0"",""外資自營商買賣超股數"":""0"",""投信買進股數"":""0"",""投信賣出股數"":""0"",""投信買賣超股數"":""0"",""自營商買賣超股數"":""0"",""自營商買進股數(自行買賣)"":""0"",""自營商賣出股數(自行買賣)"":""0"",""自營商買賣超股數(自行買賣)"":""0"",""自營商買進股數(避險)"":""0"",""自營商賣出股數(避險)"":""0"",""自營商買賣超股數(避險)"":""0"",""三大法人買賣超股數"":""1,000""}"
2026-10-01,TWSE,006204,永豐臺灣加權    ,1000,0,1000,0,0,0,0,0,0,"{""證券代號"":""006204"",""證券名稱"":""永豐臺灣加權    "",""外陸資買進股數(不含外資自營商)"":""1,000"",""外陸資賣出股數(不含外資自營商)"":""0"",""外陸資買賣超股數(不含外資自營商)"":""1,000"",""外資自營商買進股數"":""0"",""外資自營商賣出股數"":""0"",""外資自營商買賣超股數"":""0"",""投信買進股數"":""0"",""投信賣出股數"":""0"",""投信買賣超股數"":""0"",""自營商買賣超股數"":""0"",""自營商買進股數(自行買賣)"":""0"",""自營商賣出股數(自行買賣)"":""0"",""自營商買賣超股數(自行買賣)"":""0"",""自營商買進股數(避險)"":""0"",""自營商賣出股數(避險)"":""0"",""自營商買賣超股數(避險)"":""0"",""三大法人買賣超股數"":""1,000""}"
2026-10-01,TWSE,8940,新天地          ,1000,0,1000,0,0,0,0,0,0,"{""證券代號"":""8940"",""證券名稱"":""新天地          "",""外陸資買進股數(不含外資自營商)"":""1,000"",""外陸資賣出股數(不含外資自營商)"":""0"",""外陸資買賣超股數(不含外資自營商)"":""1,000"",""外資自營商買進股數"":""0"",""外資自營商賣出股數"":""0"",""外資自營商買賣超股數"":""0"",""投信買進股數"":""0"",""投信賣出股數"":""0"",""投信買賣超股數"":""0"",""自營商買賣超股數"":""0"",""自營商買進股數(自行買賣)"":""0"",""自營商賣出股數(自行買賣)"":""0"",""自營商買賣超股數(自行買賣)"":""0"",""自營商買進股數(避險)"":""0"",""自營商賣出股數(避險)"":""0"",""自營商買賣超股數(避險)"":""0"",""三大法人買賣超股數"":""1,000""}"
2026-10-01,TWSE,7855,和運租車        ,42000,41000,1000,0,0,0,0,0,0,"{""證券代號"":""7855"",""證券名稱"":""和運租車        "",""外陸資買進股數(不含外資自營商)"":""42,000"",""外陸資賣出股數(不含外資自營商)"":""41,000"",""外陸資買賣超股數(不含外資自營商)"":""1,000"",""外資自營商買進股數"":""0"",""外資自營商賣出股數"":""0"",""外資自營商買賣超股數"":""0"",""投信買進股數"":""0"",""投信賣出股數"":""0"",""投信買賣超股數"":""0"",""自營商買賣超股數"":""0"",""自營商買進股數(自行買賣)"":""0"",""自營商賣出股數(自行買賣)"":""0"",""自營商買賣超股數(自行買賣)"":""0"",""自營商買進股數(避險)"":""0"",""自營商賣出股數(避險)"":""0"",""自營商買賣超股數(避險)"":""0"",""三大法人買賣超股數"":""1,000""}"
2026-10-01,TWSE,6674,鋐寶科技        ,4000,3000,1000,0,0,0,0,0,-1,"{""證券代號"":""6674"",""證券名稱"":""鋐寶科技        "",""外陸資買進股數(不含外資自營商)"":""4,000"",""外陸資賣出股數(不含外資自營商)"":""3,000"",""外陸資買賣超股數(不含外資自營商)"":""1,000"",""外資自營商買進股數"":""0"",""外資自營商賣出股數"":""0"",""外資自營商買賣超股數"":""0"",""投信買進股數"":""0"",""投信賣出股數"":""0"",""投信買賣超股數"":""0"",""自營商買賣超股數"":""-1"",""自營商買進股數(自行買賣)"":""0"",""自營商賣出股數(自行買賣)"":""1"",""自營商買賣超股數(自行買賣)"":""-1"",""自營商買進股數(避險)"":""0"",""自營商賣出股數(避險)"":""0"",""自營商買賣超股數(避險)"":""0"",""三大法人買賣超股數"":""999""}"
2026-10-01,TWSE,1726,永記            ,3000,4002,-1002,0,0,0,0,0,2000,"{""證券代號"":""1726"",""證券名稱"":""永記            "",""外陸資買進股數(不含外資自營商)"":""3,000"",""外陸資賣出股數(不含外資自營商)"":""4,002"",""外陸資買賣超股數(不含外資自營商)"":""-1,002"",""外資自營商買進股數"":""0"",""外資自營商賣出股數"":""0"",""外資自營商買賣超股數"":""0"",""投信買進股數"":""0"",""投信賣出股數"":""0"",""投信買賣超股數"":""0"",""自營商買賣超股數"":""2,000"",""自營商買進股數(自行買賣)"":""2,000"",""自營商賣出股數(自行買賣)"":""0"",""自營商買賣超股數(自行買賣)"":""2,000"",""自營商買進股數(避險)"":""0"",""自營商賣出股數(避險)"":""0"",""自營商買賣超股數(避險)"":""0"",""三大法人買賣超股數"":""998""}"
2026-10-01,TWSE,2013,中鋼構          ,8000,7000,1000,0,0,0,0,14,-14,"{""證券代號"":""2013"",""證券名稱"":""中鋼構          "",""外陸資買進股數(不含外資自營商)"":""8,000"",""外陸資賣出股數(不含外資自營商)"":""7,000"",""外陸資買賣超股數(不含外資自營商)"":""1,000"",""外資自營商買進股數"":""0"",""外資自營商賣出股數"":""0"",""外資自營商買賣超股數"":""0"",""投信買進股數"":""0"",""投信賣出股數"":""0"",""投信買賣超股數"":""0"",""自營商買賣超股數"":""-14"",""自營商買進股數(自行買賣)"":""0"",""自營商賣出股數(自行買賣)"":""0"",""自營商買賣超股數(自行買賣)"":""0"",""自營商買進股數(避險)"":""0"",""自營商賣出股數(避險)"":""14"",""自營商買賣超股數(避險)"":""-14"",""三大法人買賣超股數"":""986""}"
2026-10-01,TWSE,2906,高林            ,10000,9000,1000,0,0,0,1000,1073,-73,"{""證券代號"":""2906"",""證券名稱"":""高林            "",""外陸資買進股數(不含外資自營商)"":""10,000"",""外陸資賣出股數(不含外資自營商)"":""9,000"",""外陸資買賣超股數(不含外資自營商)"":""1,000"",""外資自營商買進股數"":""0"",""外資自營商賣出股數"":""0"",""外資自營商買賣超股數"":""0"",""投信買進股數"":""0"",""投信賣出股數"":""0"",""投信買賣超股數"":""0"",""自營商買賣超股數"":""-73"",""自營商買進股數(自行買賣)"":""0"",""自營商賣出股數(自行買賣)"":""0"",""自營商買賣超股數(自行買賣)"":""0"",""自營商買進股數(避險)"":""1,000"",""自營商賣出股數(避險)"":""1,073"",""自營商買賣超股數(避險)"":""-73"",""三大法人買賣超股數"":""927""}"
2026-10-01,TWSE,7803,雲象科技-創     ,2000,1000,1000,0,0,0,5000,5080,-80,"{""證券代號"":""7803"",""證券名稱"":""雲象科技-創     "",""外陸資買進股數(不含外資自營商)"":""2,000"",""外陸資賣出股數(不含外資自營商)"":""1,000"",""外陸資買賣超股數(不含外資自營商)"":""1,000"",""外資自營商買進股數"":""0"",""外資自營商賣出股數"":""0"",""外資自營商買賣超股數"":""0"",""投信買進股數"":""0"",""投信賣出股數"":""0"",""投信買賣超股數"":""0"",""自營商買賣超股數"":""-80"",""自營商買進股數(自行買賣)"":""1,000"",""自營商賣出股數(自行買賣)"":""1,000"",""自營商買賣超股數(自行買賣)"":""0"",""自營商買進股數(避險)"":""5,000"",""自營商賣出股數(避險)"":""5,080"",""自營商買賣超股數(避險)"":""-80"",""三大法人買賣超股數"":""920""}"
2026-10-01,TWSE,5515,建國            ,141310,143090,-1780,0,0,0,0,0,2618,"{""證券代號"":""5515"",""證券名稱"":""建國            "",""外陸資買進股數(不含外資自營商)"":""141,310"",""外陸資賣出股數(不含外資自營商)"":""143,090"",""外陸資買賣超股數(不含外資自營商)"":""-1,780"",""外資自營商買進股數"":""0"",""外資自營商賣出股數"":""0"",""外資自營商買賣超股數"":""0"",""投信買進股數"":""0"",""投信賣出股數"":""0"",""投信買賣超股數"":""0"",""自營商買賣超股數"":""2,618"",""自營商買進股數(自行買賣)"":""2,618"",""自營商賣出股數(自行買賣)"":""0"",""自營商買賣超股數(自行買賣)"":""2,618"",""自營商買進股數(避險)"":""0"",""自營商賣出股數(避險)"":""0"",""自營商買賣超股數(避險)"":""0"",""三大法人買賣超股數"":""838""}"
2026-10-01,TWSE,6591,動力-KY         ,16000,15000,1000,0,0,0,0,0,-508,"{""證券代號"":""6591"",""證券名稱"":""動力-KY         "",""外陸資買進股數(不含外資自營商)"":""16,000"",""外陸資賣出股數(不含外資自營商)"":""15,000"",""外陸資買賣超股數(不含外資自營商)"":""1,000"",""外資自營商買進股數"":""0"",""外資自營商賣出股數"":""0"",""外資自營商買賣超股數"":""0"",""投信買進股數"":""0"",""投信賣出股數"":""0"",""投信買賣超股數"":""0"",""自營商買賣超股數"":""-508"",""自營商買進股數(自行買賣)"":""492"",""自營商賣出股數(自行買賣)"":""1,000"",""自營商買賣超股數(自行買賣)"":""-508"",""自營商買進股數(避險)"":""0"",""自營商賣出股數(避險)"":""0"",""自營商買賣超股數(避險)"":""0"",""三大法人買賣超股數"":""492""}"
2026-10-01,TWSE,1538,正峰            ,0,0,0,0,0,0,0,0,441,"{""證券代號"":""1538"",""證券名稱"":""正峰            "",""外陸資買進股數(不含外資自營商)"":""0"",""外陸資賣出股數(不含外資自營商)"":""0"",""外陸資買賣超股數(不含外資自營商)"":""0"",""外資自營商買進股數"":""0"",""外資自營商賣出股數"":""0"",""外資自營商買賣超股數"":""0"",""投信買進股數"":""0"",""投信賣出股數"":""0"",""投信買賣超股數"":""0"",""自營商買賣超股數"":""441"",""自營商買進股數(自行買賣)"":""441"",""自營商賣出股數(自行買賣)"":""0"",""自營商買賣超股數(自行買賣)"":""441"",""自營商買進股數(避險)"":""0"",""自營商賣出股數(避險)"":""0"",""自營商買賣超股數(避險)"":""0"",""三大法人買賣超股數"":""441""}"
2026-10-01,TWSE,1525,江申            ,0,0,0,0,0,0,0,0,432,"{""證券代號"":""1525"",""證券名稱"":""江申            "",""外陸資買進股數(不含外資自營商)"":""0"",""外陸資賣出股數(不含外資自營商)"":""0"",""外陸資買賣超股數(不含外資自營商)"":""0"",""外資自營商買進股數"":""0"",""外資自營商賣出股數"":""0"",""外資自營商買賣超股數"":""0"",""投信買進股數"":""0"",""投信賣出股數"":""0"",""投信買賣超股數"":""0"",""自營商買賣超股數"":""432"",""自營商買進股數(自行買賣)"":""432"",""自營商賣出股數(自行買賣)"":""0"",""自營商買賣超股數(自行買賣)"":""432"",""自營商買進股數(避險)"":""0"",""自營商賣出股數(避險)"":""0"",""自營商買賣超股數(避險)"":""0"",""三大法人買賣超股數"":""432""}"
2026-10-01,TWSE,6166,凌華            ,337496,335668,1828,0,0,0,13339,17831,-1492,"{""證券代號"":""6166"",""證券名稱"":""凌華            "",""外陸資買進股數(不含外資自營商)"":""337,496"",""外陸資賣出股數(不含外資自營商)"":""335,668"",""外陸資買賣超股數(不含外資自營商)"":""1,828"",""外資自營商買進股數"":""0"",""外資自營商賣出股數"":""0"",""外資自營商買賣超股數"":""0"",""投信買進股數"":""0"",""投信賣出股數"":""0"",""投信買賣超股數"":""0"",""自營商買賣超股數"":""-1,492"",""自營商買進股數(自行買賣)"":""5,000"",""自營商賣出股數(自行買賣)"":""2,000"",""自營商買賣超股數(自行買賣)"":""3,000"",""自營商買進股數(避險)"":""13,339"",""自營商賣出股數(避險)"":""17,831"",""自營商買賣超股數(避險)"":""-4,492"",""三大法人買賣超股數"":""336""}"
2026-10-01,TWSE,6645,金萬林-創       ,0,0,0,0,0,0,1000,726,274,"{""證券代號"":""6645"",""證券名稱"":""金萬林-創       "",""外陸資買進股數(不含外資自營商)"":""0"",""外陸資賣出股數(不含外資自營商)"":""0"",""外陸資買賣超股數(不含外資自營商)"":""0"",""外資自營商買進股數"":""0"",""外資自營商賣出股數"":""0"",""外資自營商買賣超股數"":""0"",""投信買進股數"":""0"",""投信賣出股數"":""0"",""投信買賣超股數"":""0"",""自營商買賣超股數"":""274"",""自營商買進股數(自行買賣)"":""0"",""自營商賣出股數(自行買賣)"":""0"",""自營商買賣超股數(自行買賣)"":""0"",""自營商買進股數(避險)"":""1,000"",""自營商賣出股數(避險)"":""726"",""自營商買賣超股數(避險)"":""274"",""三大法人買賣超股數"":""274""}"
2026-10-01,TWSE,8101,華冠            ,0,0,0,0,0,0,0,0,225,"{""證券代號"":""8101"",""證券名稱"":""華冠            "",""外陸資買進股數(不含外資自營商)"":""0"",""外陸資賣出股數(不含外資自營商)"":""0"",""外陸資買賣超股數(不含外資自營商)"":""0"",""外資自營商買進股數"":""0"",""外資自營商賣出股數"":""0"",""外資自營商買賣超股數"":""0"",""投信買進股數"":""0"",""投信賣出股數"":""0"",""投信買賣超股數"":""0"",""自營商買賣超股數"":""225"",""自營商買進股數(自行買賣)"":""225"",""自營商賣出股數(自行買賣)"":""0"",""自營商買賣超股數(自行買賣)"":""225"",""自營商買進股數(避險)"":""0"",""自營商賣出股數(避險)"":""0"",""自營商買賣超股數(避險)"":""0"",""三大法人買賣超股數"":""225""}"
2026-10-01,TWSE,4572,駐龍            ,1083,1000,83,0,0,0,0,0,0,"{""證券代號"":""4572"",""證券名稱"":""駐龍            "",""外陸資買進股數(不含外資自營商)"":""1,083"",""外陸資賣出股數(不含外資自營商)"":""1,000"",""外陸資買賣超股數(不含外資自營商)"":""83"",""外資自營商買進股數"":""0"",""外資自營商賣出股數"":""0"",""外資自營商買賣超股數"":""0"",""投信買進股數"":""0"",""投信賣出股數"":""0"",""投信買賣超股數"":""0"",""自營商買賣超股數"":""0"",""自營商買進股數(自行買賣)"":""0"",""自營商賣出股數(自行買賣)"":""0"",""自營商買賣超股數(自行買賣)"":""0"",""自營商買進股數(避險)"":""0"",""自營商賣出股數(避險)"":""0"",""自營商買賣超股數(避險)"":""0"",""三大法人買賣超股數"":""83""}"
2026-10-01,TWSE,3011,今皓            ,73061,73000,61,0,0,0,0,0,0,"{""證券代號"":""3011"",""證券名稱"":""今皓            "",""外陸資買進股數(不含外資自營商)"":""73,061"",""外陸資賣出股數(不含外資自營商)"":""73,000"",""外陸資買賣超股數(不含外資自營商)"":""61"",""外資自營商買進股數"":""0"",""外資自營商賣出股數"":""0"",""外資自營商買賣超股數"":""0"",""投信買進股數"":""0"",""投信賣出股數"":""0"",""投信買賣超股數"":""0"",""自營商買賣超股數"":""0"",""自營商買進股數(自行買賣)"":""0"",""自營商賣出股數(自行買賣)"":""0"",""自營商買賣超股數(自行買賣)"":""0"",""自營商買進股數(避險)"":""0"",""自營商賣出股數(避險)"":""0"",""自營商買賣超股數(避險)"":""0"",""三大法人買賣超股數"":""61""}"
2026-10-01,TWSE,6792,詠業            ,4000,4000,0,5,0,5,0,0,0,"{""證券代號"":""6792"",""證券名稱"":""詠業            "",""外陸資買進股數(不含外資自營商)"":""4,000"",""外陸資賣出股數(不含外資自營商)"":""4,000"",""外陸資買賣超股數(不含外資自營商)"":""0"",""外資自營商買進股數"":""0"",""外資自營商賣出股數"":""0"",""外資自營商買賣超股數"":""0"",""投信買進股數"":""5"",""投信賣出股數"":""0"",""投信買賣超股數"":""5"",""自營商買賣超股數"":""0"",""自營商買進股數(自行買賣)"":""0"",""自營商賣出股數(自行買賣)"":""0"",""自營商買賣超股數(自行買賣)"":""0"",""自營商買進股數(避險)"":""0"",""自營商賣出股數(避險)"":""0"",""自營商買賣超股數(避險)"":""0"",""三大法人買賣超股數"":""5""}"
2026-10-01,TWSE,6641,基士德-KY       ,1000,3000,-2000,0,0,0,0,0,2000,"{""證券代號"":""6641"",""證券名稱"":""基士德-KY       "",""外陸資買進股數(不含外資自營商)"":""1,000"",""外陸資賣出股數(不含外資自營商)"":""3,000"",""外陸資買賣超股數(不含外資自營商)"":""-2,000"",""外資自營商買進股數"":""0"",""外資自營商賣出股數"":""0"",""外資自營商買賣超股數"":""0"",""投信買進股數"":""0"",""投信賣出股數"":""0"",""投信買賣超股數"":""0"",""自營商買賣超股數"":""2,000"",""自營商買進股數(自行買賣)"":""2,000"",""自營商賣出股數(自行買賣)"":""0"",""自營商買賣超股數(自行買賣)"":""2,000"",""自營商買進股數(避險)"":""0"",""自營商賣出股數(避險)"":""0"",""自營商買賣超股數(避險)"":""0"",""三大法人買賣超股數"":""0""}"
2026-10-01,TWSE,6671,三能-KY         ,1000,1000,0,0,0,0,0,0,0,"{""證券代號"":""6671"",""證券名稱"":""三能-KY         "",""外陸資買進股數(不含外資自營商)"":""1,000"",""外陸資賣出股數(不含外資自營商)"":""1,000"",""外陸資買賣超股數(不含外資自營商)"":""0"",""外資自營商買進股數"":""0"",""外資自營商賣出股數"":""0"",""外資自營商買賣超股數"":""0"",""投信買進股數"":""0"",""投信賣出股數"":""0"",""投信買賣超股數"":""0"",""自營商買賣超股數"":""0"",""自營商買進股數(自行買賣)"":""0"",""自營商賣出股數(自行買賣)"":""0"",""自營商買賣超股數(自行買賣)"":""0"",""自營商買進股數(避險)"":""0"",""自營商賣出股數(避險)"":""0"",""自營商買賣超股數(避險)"":""0"",""三大法人買賣超股數"":""0""}"
2026-10-01,TWSE,6504,南六            ,1000,1000,0,0,0,0,0,0,0,"{""證券代號"":""6504"",""證券名稱"":""南六            "",""外陸資買進股數(不含外資自營商)"":""1,000"",""外陸資賣出股數(不含外資自營商)"":""1,000"",""外陸資買賣超股數(不含外資自營商)"":""0"",""外資自營商買進股數"":""0"",""外資自營商賣出股數"":""0"",""外資自營商買賣超股數"":""0"",""投信買進股數"":""0"",""投信賣出股數"":""0"",""投信買賣超股數"":""0"",""自營商買賣超股數"":""0"",""自營商買進股數(自行買賣)"":""0"",""自營商賣出股數(自行買賣)"":""0"",""自營商買賣超股數(自行買賣)"":""0"",""自營商買進股數(避險)"":""0"",""自營商賣出股數(避險)"":""0"",""自營商買賣超股數(避險)"":""0"",""三大法人買賣超股數"":""0""}"
2026-10-01,TWSE,4439,冠星-KY         ,3000,4000,-1000,0,0,0,0,0,1000,"{""證券代號"":""4439"",""證券名稱"":""冠星-KY         "",""外陸資買進股數(不含外資自營商)"":""3,000"",""外陸資賣出股數(不含外資自營商)"":""4,000"",""外陸資買賣超股數(不含外資自營商)"":""-1,000"",""外資自營商買進股數"":""0"",""外資自營商賣出股數"":""0"",""外資自營商買賣超股數"":""0"",""投信買進股數"":""0"",""投信賣出股數"":""0"",""投信買賣超股數"":""0"",""自營商買賣超股數"":""1,000"",""自營商買進股數(自行買賣)"":""1,000"",""自營商賣出股數(自行買賣)"":""0"",""自營商買賣超股數(自行買賣)"":""1,000"",""自營商買進股數(避險)"":""0"",""自營商賣出股數(避險)"":""0"",""自營商買賣超股數(避險)"":""0"",""三大法人買賣超股數"":""0""}"
2026-10-01,TWSE,6165,浪凡            ,69000,72000,-3000,0,0,0,0,0,3000,"{""證券代號"":""6165"",""證券名稱"":""浪凡            "",""外陸資買進股數(不含外資自營商)"":""69,000"",""外陸資賣出股數(不含外資自營商)"":""72,000"",""外陸資買賣超股數(不含外資自營商)"":""-3,000"",""外資自營商買進股數"":""0"",""外資自營商賣出股數"":""0"",""外資自營商買賣超股數"":""0"",""投信買進股數"":""0"",""投信賣出股數"":""0"",""投信買賣超股數"":""0"",""自營商買賣超股數"":""3,000"",""自營商買進股數(自行買賣)"":""3,000"",""自營商賣出股數(自行買賣)"":""0"",""自營商買賣超股數(自行買賣)"":""3,000"",""自營商買進股數(避險)"":""0"",""自營商賣出股數(避險)"":""0"",""自營商買賣超股數(避險)"":""0"",""三大法人買賣超股數"":""0""}"
2026-10-01,TWSE,8482,商億-KY         ,1000,1000,0,0,0,0,0,0,0,"{""證券代號"":""8482"",""證券名稱"":""商億-KY         "",""外陸資買進股數(不含外資自營商)"":""1,000"",""外陸資賣出股數(不含外資自營商)"":""1,000"",""外陸資買賣超股數(不含外資自營商)"":""0"",""外資自營商買進股數"":""0"",""外資自營商賣出股數"":""0"",""外資自營商買賣超股數"":""0"",""投信買進股數"":""0"",""投信賣出股數"":""0"",""投信買賣超股數"":""0"",""自營商買賣超股數"":""0"",""自營商買進股數(自行買賣)"":""0"",""自營商賣出股數(自行買賣)"":""0"",""自營商買賣超股數(自行買賣)"":""0"",""自營商買進股數(避險)"":""0"",""自營商賣出股數(避險)"":""0"",""自營商買賣超股數(避險)"":""0"",""三大法人買賣超股數"":""0""}"
2026-10-01,TWSE,8476,台境*           ,108000,108000,0,0,0,0,0,0,0,"{""證券代號"":""8476"",""證券名稱"":""台境*           "",""外陸資買進股數(不含外資自營商)"":""108,000"",""外陸資賣出股數(不含外資自營商)"":""108,000"",""外陸資買賣超股數(不含外資自營商)"":""0"",""外資自營商買進股數"":""0"",""外資自營商賣出股數"":""0"",""外資自營商買賣超股數"":""0"",""投信買進股數"":""0"",""投信賣出股數"":""0"",""投信買賣超股數"":""0"",""自營商買賣超股數"":""0"",""自營商買進股數(自行買賣)"":""0"",""自營商賣出股數(自行買賣)"":""0"",""自營商買賣超股數(自行買賣)"":""0"",""自營商買進股數(避險)"":""0"",""自營商賣出股數(避險)"":""0"",""自營商買賣超股數(避險)"":""0"",""三大法人買賣超股數"":""0""}"
2026-10-01,TWSE,8443,阿瘦            ,0,1000,-1000,0,0,0,0,0,1000,"{""證券代號"":""8443"",""證券名稱"":""阿瘦            "",""外陸資買進股數(不含外資自營商)"":""0"",""外陸資賣出股數(不含外資自營商)"":""1,000"",""外陸資買賣超股數(不含外資自營商)"":""-1,000"",""外資自營商買進股數"":""0"",""外資自營商賣出股數"":""0"",""外資自營商買賣超股數"":""0"",""投信買進股數"":""0"",""投信賣出股數"":""0"",""投信買賣超股數"":""0"",""自營商買賣超股數"":""1,000"",""自營商買進股數(自行買賣)"":""1,000"",""自營商賣出股數(自行買賣)"":""0"",""自營商買賣超股數(自行買賣)"":""1,000"",""自營商買進股數(避險)"":""0"",""自營商賣出股數(避險)"":""0"",""自營商買賣超股數(避險)"":""0"",""三大法人買賣超股數"":""0""}"
2026-10-01,TWSE,00636K,國泰中國A50+U   ,0,0,0,0,0,0,100,100,0,"{""證券代號"":""00636K"",""證券名稱"":""國泰中國A50+U   "",""外陸資買進股數(不含外資自營商)"":""0"",""外陸資賣出股數(不含外資自營商)"":""0"",""外陸資買賣超股數(不含外資自營商)"":""0"",""外資自營商買進股數"":""0"",""外資自營商賣出股數"":""0"",""外資自營商買賣超股數"":""0"",""投信買進股數"":""0"",""投信賣出股數"":""0"",""投信買賣超股數"":""0"",""自營商買賣超股數"":""0"",""自營商買進股數(自行買賣)"":""0"",""自營商賣出股數(自行買賣)"":""0"",""自營商買賣超股數(自行買賣)"":""0"",""自營商買進股數(避險)"":""100"",""自營商賣出股數(避險)"":""100"",""自營商買賣超股數(避險)"":""0"",""三大法人買賣超股數"":""0""}"
2026-10-01,TWSE,00668K,國泰美國道瓊+U  ,0,0,0,0,0,0,500,500,0,"{""證券代號"":""00668K"",""證券名稱"":""國泰美國道瓊+U  "",""外陸資買進股數(不含外資自營商)"":""0"",""外陸資賣出股數(不含外資自營商)"":""0"",""外陸資買賣超股數(不含外資自營商)"":""0"",""外資自營商買進股數"":""0"",""外資自營商賣出股數"":""0"",""外資自營商買賣超股數"":""0"",""投信買進股數"":""0"",""投信賣出股數"":""0"",""投信買賣超股數"":""0"",""自營商買賣超股數"":""0"",""自營商買進股數(自行買賣)"":""0"",""自營商賣出股數(自行買賣)"":""0"",""自營商買賣超股數(自行買賣)"":""0"",""自營商買進股數(避險)"":""500"",""自營商賣出股數(避險)"":""500"",""自營商買賣超股數(避險)"":""0"",""三大法人買賣超股數"":""0""}"
2026-10-01,TWSE,00657K,國泰日經225+U   ,0,0,0,0,0,0,500,500,0,"{""證券代號"":""00657K"",""證券名稱"":""國泰日經225+U   "",""外陸資買進股數(不含外資自營商)"":""0"",""外陸資賣出股數(不含外資自營商)"":""0"",""外陸資買賣超股數(不含外資自營商)"":""0"",""外資自營商買進股數"":""0"",""外資自營商賣出股數"":""0"",""外資自營商買賣超股數"":""0"",""投信買進股數"":""0"",""投信賣出股數"":""0"",""投信買賣超股數"":""0"",""自營商買賣超股數"":""0"",""自營商買進股數(自行買賣)"":""0"",""自營商賣出股數(自行買賣)"":""0"",""自營商買賣超股數(自行買賣)"":""0"",""自營商買進股數(避險)"":""500"",""自營商賣出股數(避險)"":""500"",""自營商買賣超股數(避險)"":""0"",""三大法人買賣超股數"":""0""}"
2026-10-01,TWSE,9918,欣天然          ,5000,5000,0,0,0,0,0,0,0,"{""證券代號"":""9918"",""證券名稱"":""欣天然          "",""外陸資買進股數(不含外資自營商)"":""5,000"",""外陸資賣出股數(不含外資自營商)"":""5,000"",""外陸資買賣超股數(不含外資自營商)"":""0"",""外資自營商買進股數"":""0"",""外資自營商賣出股數"":""0"",""外資自營商買賣超股數"":""0"",""投信買進股數"":""0"",""投信賣出股數"":""0"",""投信買賣超股數"":""0"",""自營商買賣超股數"":""0"",""自營商買進股數(自行買賣)"":""0"",""自營商賣出股數(自行買賣)"":""0"",""自營商買賣超股數(自行買賣)"":""0"",""自營商買進股數(避險)"":""0"",""自營商賣出股數(避險)"":""0"",""自營商買賣超股數(避險)"":""0"",""三大法人買賣超股數"":""0""}"
2026-10-01,TWSE,00684R,期元大美元指反1 ,0,0,0,0,0,0,50000,50000,0,"{""證券代號"":""00684R"",""證券名稱"":""期元大美元指反1 "",""外陸資買進股數(不含外資自營商)"":""0"",""外陸資賣出股數(不含外資自營商)"":""0"",""外陸資買賣超股數(不含外資自營商)"":""0"",""外資自營商買進股數"":""0"",""外資自營商賣出股數"":""0"",""外資自營商買賣超股數"":""0"",""投信買進股數"":""0"",""投信賣出股數"":""0"",""投信買賣超股數"":""0"",""自營商買賣超股數"":""0"",""自營商買進股數(自行買賣)"":""0"",""自營商賣出股數(自行買賣)"":""0"",""自營商買賣超股數(自行買賣)"":""0"",""自營商買進股數(避險)"":""50,000"",""自營商賣出股數(避險)"":""50,000"",""自營商買賣超股數(避險)"":""0"",""三大法人買賣超股數"":""0""}"
2026-10-01,TWSE,2762,世界健身-KY     ,19000,16000,3000,0,0,0,0,0,-3000,"{""證券代號"":""2762"",""證券名稱"":""世界健身-KY     "",""外陸資買進股數(不含外資自營商)"":""19,000"",""外陸資賣出股數(不含外資自營商)"":""16,000"",""外陸資買賣超股數(不含外資自營商)"":""3,000"",""外資自營商買進股數"":""0"",""外資自營商賣出股數"":""0"",""外資自營商買賣超股數"":""0"",""投信買進股數"":""0"",""投信賣出股數"":""0"",""投信買賣超股數"":""0"",""自營商買賣超股數"":""-3,000"",""自營商買進股數(自行買賣)"":""0"",""自營商賣出股數(自行買賣)"":""3,000"",""自營商買賣超股數(自行買賣)"":""-3,000"",""自營商買進股數(避險)"":""0"",""自營商賣出股數(避險)"":""0"",""自營商買賣超股數(避險)"":""0"",""三大法人買賣超股數"":""0""}"
2026-10-01,TWSE,1475,業旺            ,1000,1000,0,0,0,0,0,0,0,"{""證券代號"":""1475"",""證券名稱"":""業旺            "",""外陸資買進股數(不含外資自營商)"":""1,000"",""外陸資賣出股數(不含外資自營商)"":""1,000"",""外陸資買賣超股數(不含外資自營商)"":""0"",""外資自營商買進股數"":""0"",""外資自營商賣出股數"":""0"",""外資自營商買賣超股數"":""0"",""投信買進股數"":""0"",""投信賣出股數"":""0"",""投信買賣超股數"":""0"",""自營商買賣超股數"":""0"",""自營商買進股數(自行買賣)"":""0"",""自營商賣出股數(自行買賣)"":""0"",""自營商買賣超股數(自行買賣)"":""0"",""自營商買進股數(避險)"":""0"",""自營商賣出股數(避險)"":""0"",""自營商買賣超股數(避險)"":""0"",""三大法人買賣超股數"":""0""}"
2026-10-01,TWSE,1324,地球            ,1000,1000,0,0,0,0,0,0,0,"{""證券代號"":""1324"",""證券名稱"":""地球            "",""外陸資買進股數(不含外資自營商)"":""1,000"",""外陸資賣出股數(不含外資自營商)"":""1,000"",""外陸資買賣超股數(不含外資自營商)"":""0"",""外資自營商買進股數"":""0"",""外資自營商賣出股數"":""0"",""外資自營商買賣超股數"":""0"",""投信買進股數"":""0"",""投信賣出股數"":""0"",""投信買賣超股數"":""0"",""自營商買賣超股數"":""0"",""自營商買進股數(自行買賣)"":""0"",""自營商賣出股數(自行買賣)"":""0"",""自營商買賣超股數(自行買賣)"":""0"",""自營商買進股數(避險)"":""0"",""自營商賣出股數(避險)"":""0"",""自營商買賣超股數(避險)"":""0"",""三大法人買賣超股數"":""0""}"
2026-10-01,TWSE,1423,利華            ,2000,2000,0,0,0,0,0,0,0,"{""證券代號"":""1423"",""證券名稱"":""利華            "",""外陸資買進股數(不含外資自營商)"":""2,000"",""外陸資賣出股數(不含外資自營商)"":""2,000"",""外陸資買賣超股數(不含外資自營商)"":""0"",""外資自營商買進股數"":""0"",""外資自營商賣出股數"":""0"",""外資自營商買賣超股數"":""0"",""投信買進股數"":""0"",""投信賣出股數"":""0"",""投信買賣超股數"":""0"",""自營商買賣超股數"":""0"",""自營商買進股數(自行買賣)"":""0"",""自營商賣出股數(自行買賣)"":""0"",""自營商買賣超股數(自行買賣)"":""0"",""自營商買進股數(避險)"":""0"",""自營商賣出股數(避險)"":""0"",""自營商買賣超股數(避險)"":""0"",""三大法人買賣超股數"":""0""}"
2026-10-01,TWSE,2062,橋椿            ,7000,7000,0,0,0,0,0,0,0,"{""證券代號"":""2062"",""證券名稱"":""橋椿            "",""外陸資買進股數(不含外資自營商)"":""7,000"",""外陸資賣出股數(不含外資自營商)"":""7,000"",""外陸資買賣超股數(不含外資自營商)"":""0"",""外資自營商買進股數"":""0"",""外資自營商賣出股數"":""0"",""外資自營商買賣超股數"":""0"",""投信買進股數"":""0"",""投信賣出股數"":""0"",""投信買賣超股數"":""0"",""自營商買賣超股數"":""0"",""自營商買進股數(自行買賣)"":""0"",""自營商賣出股數(自行買賣)"":""0"",""自營商買賣超股數(自行買賣)"":""0"",""自營商買進股數(避險)"":""0"",""自營商賣出股數(避險)"":""0"",""自營商買賣超股數(避險)"":""0"",""三大法人買賣超股數"":""0""}"
2026-10-01,TWSE,1323,永裕            ,2000,2000,0,0,0,0,0,0,0,"{""證券代號"":""1323"",""證券名稱"":""永裕            "",""外陸資買進股數(不含外資自營商)"":""2,000"",""外陸資賣出股數(不含外資自營商)"":""2,000"",""外陸資買賣超股數(不含外資自營商)"":""0"",""外資自營商買進股數"":""0"",""外資自營商賣出股數"":""0"",""外資自營商買賣超股數"":""0"",""投信買進股數"":""0"",""投信賣出股數"":""0"",""投信買賣超股數"":""0"",""自營商買賣超股數"":""0"",""自營商買進股數(自行買賣)"":""0"",""自營商賣出股數(自行買賣)"":""0"",""自營商買賣超股數(自行買賣)"":""0"",""自營商買進股數(避險)"":""0"",""自營商賣出股數(避險)"":""0"",""自營商買賣超股數(避險)"":""0"",""三大法人買賣超股數"":""0""}"
2026-10-01,TWSE,6952,大武山          ,1000,1000,0,0,0,0,0,0,0,"{""證券代號"":""6952"",""證券名稱"":""大武山          "",""外陸資買進股數(不含外資自營商)"":""1,000"",""外陸資賣出股數(不含外資自營商)"":""1,000"",""外陸資買賣超股數(不含外資自營商)"":""0"",""外資自營商買進股數"":""0"",""外資自營商賣出股數"":""0"",""外資自營商買賣超股數"":""0"",""投信買進股數"":""0"",""投信賣出股數"":""0"",""投信買賣超股數"":""0"",""自營商買賣超股數"":""0"",""自營商買進股數(自行買賣)"":""0"",""自營商賣出股數(自行買賣)"":""0"",""自營商買賣超股數(自行買賣)"":""0"",""自營商買進股數(避險)"":""0"",""自營商賣出股數(避險)"":""0"",""自營商買賣超股數(避險)"":""0"",""三大法人買賣超股數"":""0""}"
2026-10-01,TWSE,0057,富邦摩台        ,0,0,0,0,0,0,3000,3011,-11,"{""證券代號"":""0057"",""證券名稱"":""富邦摩台        "",""外陸資買進股數(不含外資自營商)"":""0"",""外陸資賣出股數(不含外資自營商)"":""0"",""外陸資買賣超股數(不含外資自營商)"":""0"",""外資自營商買進股數"":""0"",""外資自營商賣出股數"":""0"",""外資自營商買賣超股數"":""0"",""投信買進股數"":""0"",""投信賣出股數"":""0"",""投信買賣超股數"":""0"",""自營商買賣超股數"":""-11"",""自營商買進股數(自行買賣)"":""0"",""自營商賣出股數(自行買賣)"":""0"",""自營商買賣超股數(自行買賣)"":""0"",""自營商買進股數(避險)"":""3,000"",""自營商賣出股數(避險)"":""3,011"",""自營商買賣超股數(避險)"":""-11"",""三大法人買賣超股數"":""-11""}"
2026-10-01,TWSE,6534,正瀚-創         ,5000,5000,0,0,0,0,1130,1148,-18,"{""證券代號"":""6534"",""證券名稱"":""正瀚-創         "",""外陸資買進股數(不含外資自營商)"":""5,000"",""外陸資賣出股數(不含外資自營商)"":""5,000"",""外陸資買賣超股數(不含外資自營商)"":""0"",""外資自營商買進股數"":""0"",""外資自營商賣出股數"":""0"",""外資自營商買賣超股數"":""0"",""投信買進股數"":""0"",""投信賣出股數"":""0"",""投信買賣超股數"":""0"",""自營商買賣超股數"":""-18"",""自營商買進股數(自行買賣)"":""0"",""自營商賣出股數(自行買賣)"":""0"",""自營商買賣超股數(自行買賣)"":""0"",""自營商買進股數(避險)"":""1,130"",""自營商賣出股數(避險)"":""1,148"",""自營商買賣超股數(避險)"":""-18"",""三大法人買賣超股數"":""-18""}"
2026-10-01,TWSE,3041,揚智            ,267868,268000,-132,0,0,0,0,0,4,"{""證券代號"":""3041"",""證券名稱"":""揚智            "",""外陸資買進股數(不含外資自營商)"":""267,868"",""外陸資賣出股數(不含外資自營商)"":""268,000"",""外陸資買賣超股數(不含外資自營商)"":""-132"",""外資自營商買進股數"":""0"",""外資自營商賣出股數"":""0"",""外資自營商買賣超股數"":""0"",""投信買進股數"":""0"",""投信賣出股數"":""0"",""投信買賣超股數"":""0"",""自營商買賣超股數"":""4"",""自營商買進股數(自行買賣)"":""1,004"",""自營商賣出股數(自行買賣)"":""1,000"",""自營商買賣超股數(自行買賣)"":""4"",""自營商買進股數(避險)"":""0"",""自營商賣出股數(避險)"":""0"",""自營商買賣超股數(避險)"":""0"",""三大法人買賣超股數"":""-128""}"
2026-10-01,TWSE,1817,凱撒衛          ,0,1000,-1000,0,0,0,220,0,591,"{""證券代號"":""1817"",""證券名稱"":""凱撒衛          "",""外陸資買進股數(不含外資自營商)"":""0"",""外陸資賣出股數(不含外資自營商)"":""1,000"",""外陸資買賣超股數(不含外資自營商)"":""-1,000"",""外資自營商買進股數"":""0"",""外資自營商賣出股數"":""0"",""外資自營商買賣超股數"":""0"",""投信買進股數"":""0"",""投信賣出股數"":""0"",""投信買賣超股數"":""0"",""自營商買賣超股數"":""591"",""自營商買進股數(自行買賣)"":""371"",""自營商賣出股數(自行買賣)"":""0"",""自營商買賣超股數(自行買賣)"":""371"",""自營商買進股數(避險)"":""220"",""自營商賣出股數(避險)"":""0"",""自營商買賣超股數(避險)"":""220"",""三大法人買賣超股數"":""-409""}"
2026-10-01,TWSE,9930,中聯資源        ,17000,18000,-1000,0,0,0,1000,410,590,"{""證券代號"":""9930"",""證券名稱"":""中聯資源        "",""外陸資買進股數(不含外資自營商)"":""17,000"",""外陸資賣出股數(不含外資自營商)"":""18,000"",""外陸資買賣超股數(不含外資自營商)"":""-1,000"",""外資自營商買進股數"":""0"",""外資自營商賣出股數"":""0"",""外資自營商買賣超股數"":""0"",""投信買進股數"":""0"",""投信賣出股數"":""0"",""投信買賣超股數"":""0"",""自營商買賣超股數"":""590"",""自營商買進股數(自行買賣)"":""0"",""自營商賣出股數(自行買賣)"":""0"",""自營商買賣超股數(自行買賣)"":""0"",""自營商買進股數(避險)"":""1,000"",""自營商賣出股數(避險)"":""410"",""自營商買賣超股數(避險)"":""590"",""三大法人買賣超股數"":""-410""}"
2026-10-01,TWSE,2387,精元            ,58000,61000,-3000,2394,0,2394,0,0,175,"{""證券代號"":""2387"",""證券名稱"":""精元            "",""外陸資買進股數(不含外資自營商)"":""58,000"",""外陸資賣出股數(不含外資自營商)"":""61,000"",""外陸資買賣超股數(不含外資自營商)"":""-3,000"",""外資自營商買進股數"":""0"",""外資自營商賣出股數"":""0"",""外資自營商買賣超股數"":""0"",""投信買進股數"":""2,394"",""投信賣出股數"":""0"",""投信買賣超股數"":""2,394"",""自營商買賣超股數"":""175"",""自營商買進股數(自行買賣)"":""175"",""自營商賣出股數(自行買賣)"":""0"",""自營商買賣超股數(自行買賣)"":""175"",""自營商買進股數(避險)"":""0"",""自營商賣出股數(避險)"":""0"",""自營商買賣超股數(避險)"":""0"",""三大法人買賣超股數"":""-431""}"
2026-10-01,TWSE,2247,汎德永業        ,4235,5000,-765,299,0,299,0,0,0,"{""證券代號"":""2247"",""證券名稱"":""汎德永業        "",""外陸資買進股數(不含外資自營商)"":""4,235"",""外陸資賣出股數(不含外資自營商)"":""5,000"",""外陸資買賣超股數(不含外資自營商)"":""-765"",""外資自營商買進股數"":""0"",""外資自營商賣出股數"":""0"",""外資自營商買賣超股數"":""0"",""投信買進股數"":""299"",""投信賣出股數"":""0"",""投信買賣超股數"":""299"",""自營商買賣超股數"":""0"",""自營商買進股數(自行買賣)"":""0"",""自營商賣出股數(自行買賣)"":""0"",""自營商買賣超股數(自行買賣)"":""0"",""自營商買進股數(避險)"":""0"",""自營商賣出股數(避險)"":""0"",""自營商買賣超股數(避險)"":""0"",""三大法人買賣超股數"":""-466""}"
2026-10-01,TWSE,2431,聯昌            ,5000,6000,-1000,0,0,0,0,0,464,"{""證券代號"":""2431"",""證券名稱"":""聯昌            "",""外陸資買進股數(不含外資自營商)"":""5,000"",""外陸資賣出股數(不含外資自營商)"":""6,000"",""外陸資買賣超股數(不含外資自營商)"":""-1,000"",""外資自營商買進股數"":""0"",""外資自營商賣出股數"":""0"",""外資自營商買賣超股數"":""0"",""投信買進股數"":""0"",""投信賣出股數"":""0"",""投信買賣超股數"":""0"",""自營商買賣超股數"":""464"",""自營商買進股數(自行買賣)"":""464"",""自營商賣出股數(自行買賣)"":""0"",""自營商買賣超股數(自行買賣)"":""464"",""自營商買進股數(避險)"":""0"",""自營商賣出股數(避險)"":""0"",""自營商買賣超股數(避險)"":""0"",""三大法人買賣超股數"":""-536""}"
2026-10-01,TWSE,6415,矽力*-KY        ,660788,643980,16808,4000,32000,-28000,14171,3525,10646,"{""證券代號"":""6415"",""證券名稱"":""矽力*-KY        "",""外陸資買進股數(不含外資自營商)"":""660,788"",""外陸資賣出股數(不含外資自營商)"":""643,980"",""外陸資買賣超股數(不含外資自營商)"":""16,808"",""外資自營商買進股數"":""0"",""外資自營商賣出股數"":""0"",""外資自營商買賣超股數"":""0"",""投信買進股數"":""4,000"",""投信賣出股數"":""32,000"",""投信買賣超股數"":""-28,000"",""自營商買賣超股數"":""10,646"",""自營商買進股數(自行買賣)"":""0"",""自營商賣出股數(自行買賣)"":""0"",""自營商買賣超股數(自行買賣)"":""0"",""自營商買進股數(避險)"":""14,171"",""自營商賣出股數(避險)"":""3,525"",""自營商買賣超股數(避險)"":""10,646"",""三大法人買賣超股數"":""-546""}"
2026-10-01,TWSE,2545,皇翔            ,11431,17000,-5569,0,0,0,0,0,5000,"{""證券代號"":""2545"",""證券名稱"":""皇翔            "",""外陸資買進股數(不含外資自營商)"":""11,431"",""外陸資賣出股數(不含外資自營商)"":""17,000"",""外陸資買賣超股數(不含外資自營商)"":""-5,569"",""外資自營商買進股數"":""0"",""外資自營商賣出股數"":""0"",""外資自營商買賣超股數"":""0"",""投信買進股數"":""0"",""投信賣出股數"":""0"",""投信買賣超股數"":""0"",""自營商買賣超股數"":""5,000"",""自營商買進股數(自行買賣)"":""5,000"",""自營商賣出股數(自行買賣)"":""0"",""自營商買賣超股數(自行買賣)"":""5,000"",""自營商買進股數(避險)"":""0"",""自營商賣出股數(避險)"":""0"",""自營商買賣超股數(避險)"":""0"",""三大法人買賣超股數"":""-569""}"
2026-10-01,TWSE,1256,鮮活果汁-KY     ,2325,4153,-1828,0,0,0,0,0,1000,"{""證券代號"":""1256"",""證券名稱"":""鮮活果汁-KY     "",""外陸資買進股數(不含外資自營商)"":""2,325"",""外陸資賣出股數(不含外資自營商)"":""4,153"",""外陸資買賣超股數(不含外資自營商)"":""-1,828"",""外資自營商買進股數"":""0"",""外資自營商賣出股數"":""0"",""外資自營商買賣超股數"":""0"",""投信買進股數"":""0"",""投信賣出股數"":""0"",""投信買賣超股數"":""0"",""自營商買賣超股數"":""1,000"",""自營商買進股數(自行買賣)"":""1,000"",""自營商賣出股數(自行買賣)"":""0"",""自營商買賣超股數(自行買賣)"":""1,000"",""自營商買進股數(避險)"":""0"",""自營商賣出股數(避險)"":""0"",""自營商買賣超股數(避險)"":""0"",""三大法人買賣超股數"":""-828""}"
2026-10-01,TWSE,3416,融程電          ,134389,143225,-8836,0,0,0,7004,1000,8004,"{""證券代號"":""3416"",""證券名稱"":""融程電          "",""外陸資買進股數(不含外資自營商)"":""134,389"",""外陸資賣出股數(不含外資自營商)"":""143,225"",""外陸資買賣超股數(不含外資自營商)"":""-8,836"",""外資自營商買進股數"":""0"",""外資自營商賣出股數"":""0"",""外資自營商買賣超股數"":""0"",""投信買進股數"":""0"",""投信賣出股數"":""0"",""投信買賣超股數"":""0"",""自營商買賣超股數"":""8,004"",""自營商買進股數(自行買賣)"":""2,000"",""自營商賣出股數(自行買賣)"":""0"",""自營商買賣超股數(自行買賣)"":""2,000"",""自營商買進股數(避險)"":""7,004"",""自營商賣出股數(避險)"":""1,000"",""自營商買賣超股數(避險)"":""6,004"",""三大法人買賣超股數"":""-832""}"
2026-10-01,TWSE,8438,昶昕            ,144131,145005,-874,0,0,0,0,0,0,"{""證券代號"":""8438"",""證券名稱"":""昶昕            "",""外陸資買進股數(不含外資自營商)"":""144,131"",""外陸資賣出股數(不含外資自營商)"":""145,005"",""外陸資買賣超股數(不含外資自營商)"":""-874"",""外資自營商買進股數"":""0"",""外資自營商賣出股數"":""0"",""外資自營商買賣超股數"":""0"",""投信買進股數"":""0"",""投信賣出股數"":""0"",""投信買賣超股數"":""0"",""自營商買賣超股數"":""0"",""自營商買進股數(自行買賣)"":""0"",""自營商賣出股數(自行買賣)"":""0"",""自營商買賣超股數(自行買賣)"":""0"",""自營商買進股數(避險)"":""0"",""自營商賣出股數(避險)"":""0"",""自營商買賣超股數(避險)"":""0"",""三大法人買賣超股數"":""-874""}"
2026-10-01,TWSE,1532,勤美            ,107077,93000,14077,0,0,0,0,0,-15000,"{""證券代號"":""1532"",""證券名稱"":""勤美            "",""外陸資買進股數(不含外資自營商)"":""107,077"",""外陸資賣出股數(不含外資自營商)"":""93,000"",""外陸資買賣超股數(不含外資自營商)"":""14,077"",""外資自營商買進股數"":""0"",""外資自營商賣出股數"":""0"",""外資自營商買賣超股數"":""0"",""投信買進股數"":""0"",""投信賣出股數"":""0"",""投信買賣超股數"":""0"",""自營商買賣超股數"":""-15,000"",""自營商買進股數(自行買賣)"":""0"",""自營商賣出股數(自行買賣)"":""15,000"",""自營商買賣超股數(自行買賣)"":""-15,000"",""自營商買進股數(避險)"":""0"",""自營商賣出股數(避險)"":""0"",""自營商買賣超股數(避險)"":""0"",""三大法人買賣超股數"":""-923""}"
2026-10-01,TWSE,1110,東泥            ,20047,43000,-22953,0,0,0,0,0,22000,"{""證券代號"":""1110"",""證券名稱"":""東泥            "",""外陸資買進股數(不含外資自營商)"":""20,047"",""外陸資賣出股數(不含外資自營商)"":""43,000"",""外陸資買賣超股數(不含外資自營商)"":""-22,953"",""外資自營商買進股數"":""0"",""外資自營商賣出股數"":""0"",""外資自營商買賣超股數"":""0"",""投信買進股數"":""0"",""投信賣出股數"":""0"",""投信買賣超股數"":""0"",""自營商買賣超股數"":""22,000"",""自營商買進股數(自行買賣)"":""22,000"",""自營商賣出股數(自行買賣)"":""0"",""自營商買賣超股數(自行買賣)"":""22,000"",""自營商買進股數(避險)"":""0"",""自營商賣出股數(避險)"":""0"",""自營商買賣超股數(避險)"":""0"",""三大法人買賣超股數"":""-953""}"
2026-10-01,TWSE,8222,寶一            ,32039,33000,-961,0,0,0,0,0,0,"{""證券代號"":""8222"",""證券名稱"":""寶一            "",""外陸資買進股數(不含外資自營商)"":""32,039"",""外陸資賣出股數(不含外資自營商)"":""33,000"",""外陸資買賣超股數(不含外資自營商)"":""-961"",""外資自營商買進股數"":""0"",""外資自營商賣出股數"":""0"",""外資自營商買賣超股數"":""0"",""投信買進股數"":""0"",""投信賣出股數"":""0"",""投信買賣超股數"":""0"",""自營商買賣超股數"":""0"",""自營商買進股數(自行買賣)"":""0"",""自營商賣出股數(自行買賣)"":""0"",""自營商買賣超股數(自行買賣)"":""0"",""自營商買進股數(避險)"":""0"",""自營商賣出股數(避險)"":""0"",""自營商買賣超股數(避險)"":""0"",""三大法人買賣超股數"":""-961""}"
2026-10-01,TWSE,4994,傳奇            ,1000,2000,-1000,0,0,0,0,0,3,"{""證券代號"":""4994"",""證券名稱"":""傳奇            "",""外陸資買進股數(不含外資自營商)"":""1,000"",""外陸資賣出股數(不含外資自營商)"":""2,000"",""外陸資買賣超股數(不含外資自營商)"":""-1,000"",""外資自營商買進股數"":""0"",""外資自營商賣出股數"":""0"",""外資自營商買賣超股數"":""0"",""投信買進股數"":""0"",""投信賣出股數"":""0"",""投信買賣超股數"":""0"",""自營商買賣超股數"":""3"",""自營商買進股數(自行買賣)"":""3"",""自營商賣出股數(自行買賣)"":""0"",""自營商買賣超股數(自行買賣)"":""3"",""自營商買進股數(避險)"":""0"",""自營商賣出股數(避險)"":""0"",""自營商買賣超股數(避險)"":""0"",""三大法人買賣超股數"":""-997""}"
2026-10-01,TWSE,1541,錩泰            ,1000,2000,-1000,0,0,0,0,0,1,"{""證券代號"":""1541"",""證券名稱"":""錩泰            "",""外陸資買進股數(不含外資自營商)"":""1,000"",""外陸資賣出股數(不含外資自營商)"":""2,000"",""外陸資買賣超股數(不含外資自營商)"":""-1,000"",""外資自營商買進股數"":""0"",""外資自營商賣出股數"":""0"",""外資自營商買賣超股數"":""0"",""投信買進股數"":""0"",""投信賣出股數"":""0"",""投信買賣超股數"":""0"",""自營商買賣超股數"":""1"",""自營商買進股數(自行買賣)"":""1"",""自營商賣出股數(自行買賣)"":""0"",""自營商買賣超股數(自行買賣)"":""1"",""自營商買進股數(避險)"":""0"",""自營商賣出股數(避險)"":""0"",""自營商買賣超股數(避險)"":""0"",""三大法人買賣超股數"":""-999""}"
2026-10-01,TWSE,1530,亞崴            ,1000,2000,-1000,0,0,0,0,0,0,"{""證券代號"":""1530"",""證券名稱"":""亞崴            "",""外陸資買進股數(不含外資自營商)"":""1,000"",""外陸資賣出股數(不含外資自營商)"":""2,000"",""外陸資買賣超股數(不含外資自營商)"":""-1,000"",""外資自營商買進股數"":""0"",""外資自營商賣出股數"":""0"",""外資自營商買賣超股數"":""0"",""投信買進股數"":""0"",""投信賣出股數"":""0"",""投信買賣超股數"":""0"",""自營商買賣超股數"":""0"",""自營商買進股數(自行買賣)"":""0"",""自營商賣出股數(自行買賣)"":""0"",""自營商買賣超股數(自行買賣)"":""0"",""自營商買進股數(避險)"":""0"",""自營商賣出股數(避險)"":""0"",""自營商買賣超股數(避險)"":""0"",""三大法人買賣超股數"":""-1,000""}"
2026-10-01,TWSE,2115,六暉-KY         ,1000,2000,-1000,0,0,0,0,0,0,"{""證券代號"":""2115"",""證券名稱"":""六暉-KY         "",""外陸資買進股數(不含外資自營商)"":""1,000"",""外陸資賣出股數(不含外資自營商)"":""2,000"",""外陸資買賣超股數(不含外資自營商)"":""-1,000"",""外資自營商買進股數"":""0"",""外資自營商賣出股數"":""0"",""外資自營商買賣超股數"":""0"",""投信買進股數"":""0"",""投信賣出股數"":""0"",""投信買賣超股數"":""0"",""自營商買賣超股數"":""0"",""自營商買進股數(自行買賣)"":""0"",""自營商賣出股數(自行買賣)"":""0"",""自營商買賣超股數(自行買賣)"":""0"",""自營商買進股數(避險)"":""0"",""自營商賣出股數(避險)"":""0"",""自營商買賣超股數(避險)"":""0"",""三大法人買賣超股數"":""-1,000""}"
2026-10-01,TWSE,2904,匯僑            ,0,1000,-1000,0,0,0,0,0,0,"{""證券代號"":""2904"",""證券名稱"":""匯僑            "",""外陸資買進股數(不含外資自營商)"":""0"",""外陸資賣出股數(不含外資自營商)"":""1,000"",""外陸資買賣超股數(不含外資自營商)"":""-1,000"",""外資自營商買進股數"":""0"",""外資自營商賣出股數"":""0"",""外資自營商買賣超股數"":""0"",""投信買進股數"":""0"",""投信賣出股數"":""0"",""投信買賣超股數"":""0"",""自營商買賣超股數"":""0"",""自營商買進股數(自行買賣)"":""0"",""自營商賣出股數(自行買賣)"":""0"",""自營商買賣超股數(自行買賣)"":""0"",""自營商買進股數(避險)"":""0"",""自營商賣出股數(避險)"":""0"",""自營商買賣超股數(避險)"":""0"",""三大法人買賣超股數"":""-1,000""}"
2026-10-01,TWSE,2459,敦吉            ,14000,15000,-1000,0,0,0,0,0,0,"{""證券代號"":""2459"",""證券名稱"":""敦吉            "",""外陸資買進股數(不含外資自營商)"":""14,000"",""外陸資賣出股數(不含外資自營商)"":""15,000"",""外陸資買賣超股數(不含外資自營商)"":""-1,000"",""外資自營商買進股數"":""0"",""外資自營商賣出股數"":""0"",""外資自營商買賣超股數"":""0"",""投信買進股數"":""0"",""投信賣出股數"":""0"",""投信買賣超股數"":""0"",""自營商買賣超股數"":""0"",""自營商買進股數(自行買賣)"":""0"",""自營商賣出股數(自行買賣)"":""0"",""自營商買賣超股數(自行買賣)"":""0"",""自營商買進股數(避險)"":""0"",""自營商賣出股數(避險)"":""0"",""自營商買賣超股數(避險)"":""0"",""三大法人買賣超股數"":""-1,000""}"
2026-10-01,TWSE,2496,卓越            ,2000,3000,-1000,0,0,0,0,0,0,"{""證券代號"":""2496"",""證券名稱"":""卓越            "",""外陸資買進股數(不含外資自營商)"":""2,000"",""外陸資賣出股數(不含外資自營商)"":""3,000"",""外陸資買賣超股數(不含外資自營商)"":""-1,000"",""外資自營商買進股數"":""0"",""外資自營商賣出股數"":""0"",""外資自營商買賣超股數"":""0"",""投信買進股數"":""0"",""投信賣出股數"":""0"",""投信買賣超股數"":""0"",""自營商買賣超股數"":""0"",""自營商買進股數(自行買賣)"":""0"",""自營商賣出股數(自行買賣)"":""0"",""自營商買賣超股數(自行買賣)"":""0"",""自營商買進股數(避險)"":""0"",""自營商賣出股數(避險)"":""0"",""自營商買賣超股數(避險)"":""0"",""三大法人買賣超股數"":""-1,000""}"
2026-10-01,TWSE,4999,鑫禾            ,3000,4000,-1000,0,0,0,0,0,0,"{""證券代號"":""4999"",""證券名稱"":""鑫禾            "",""外陸資買進股數(不含外資自營商)"":""3,000"",""外陸資賣出股數(不含外資自營商)"":""4,000"",""外陸資買賣超股數(不含外資自營商)"":""-1,000"",""外資自營商買進股數"":""0"",""外資自營商賣出股數"":""0"",""外資自營商買賣超股數"":""0"",""投信買進股數"":""0"",""投信賣出股數"":""0"",""投信買賣超股數"":""0"",""自營商買賣超股數"":""0"",""自營商買進股數(自行買賣)"":""0"",""自營商賣出股數(自行買賣)"":""0"",""自營商買賣超股數(自行買賣)"":""0"",""自營商買進股數(避險)"":""0"",""自營商賣出股數(避險)"":""0"",""自營商買賣超股數(避險)"":""0"",""三大法人買賣超股數"":""-1,000""}"
2026-10-01,TWSE,4190,佐登-KY         ,0,1000,-1000,0,0,0,0,0,0,"{""證券代號"":""4190"",""證券名稱"":""佐登-KY         "",""外陸資買進股數(不含外資自營商)"":""0"",""外陸資賣出股數(不含外資自營商)"":""1,000"",""外陸資買賣超股數(不含外資自營商)"":""-1,000"",""外資自營商買進股數"":""0"",""外資自營商賣出股數"":""0"",""外資自營商買賣超股數"":""0"",""投信買進股數"":""0"",""投信賣出股數"":""0"",""投信買賣超股數"":""0"",""自營商買賣超股數"":""0"",""自營商買進股數(自行買賣)"":""0"",""自營商賣出股數(自行買賣)"":""0"",""自營商買賣超股數(自行買賣)"":""0"",""自營商買進股數(避險)"":""0"",""自營商賣出股數(避險)"":""0"",""自營商買賣超股數(避險)"":""0"",""三大法人買賣超股數"":""-1,000""}"
2026-10-01,TWSE,4737,華廣            ,5000,6000,-1000,0,0,0,0,0,0,"{""證券代號"":""4737"",""證券名稱"":""華廣            "",""外陸資買進股數(不含外資自營商)"":""5,000"",""外陸資賣出股數(不含外資自營商)"":""6,000"",""外陸資買賣超股數(不含外資自營商)"":""-1,000"",""外資自營商買進股數"":""0"",""外資自營商賣出股數"":""0"",""外資自營商買賣超股數"":""0"",""投信買進股數"":""0"",""投信賣出股數"":""0"",""投信買賣超股數"":""0"",""自營商買賣超股數"":""0"",""自營商買進股數(自行買賣)"":""0"",""自營商賣出股數(自行買賣)"":""0"",""自營商買賣超股數(自行買賣)"":""0"",""自營商買進股數(避險)"":""0"",""自營商賣出股數(避險)"":""0"",""自營商買賣超股數(避險)"":""0"",""三大法人買賣超股數"":""-1,000""}"
2026-10-01,TWSE,6756,威鋒電子        ,45000,46000,-1000,0,0,0,0,0,0,"{""證券代號"":""6756"",""證券名稱"":""威鋒電子        "",""外陸資買進股數(不含外資自營商)"":""45,000"",""外陸資賣出股數(不含外資自營商)"":""46,000"",""外陸資買賣超股數(不含外資自營商)"":""-1,000"",""外資自營商買進股數"":""0"",""外資自營商賣出股數"":""0"",""外資自營商買賣超股數"":""0"",""投信買進股數"":""0"",""投信賣出股數"":""0"",""投信買賣超股數"":""0"",""自營商買賣超股數"":""0"",""自營商買進股數(自行買賣)"":""0"",""自營商賣出股數(自行買賣)"":""0"",""自營商買賣超股數(自行買賣)"":""0"",""自營商買進股數(避險)"":""0"",""自營商賣出股數(避險)"":""0"",""自營商買賣超股數(避險)"":""0"",""三大法人買賣超股數"":""-1,000""}"
2026-10-01,TWSE,8481,政伸            ,1000,2000,-1000,0,0,0,0,0,0,"{""證券代號"":""8481"",""證券名稱"":""政伸            "",""外陸資買進股數(不含外資自營商)"":""1,000"",""外陸資賣出股數(不含外資自營商)"":""2,000"",""外陸資買賣超股數(不含外資自營商)"":""-1,000"",""外資自營商買進股數"":""0"",""外資自營商賣出股數"":""0"",""外資自營商買賣超股數"":""0"",""投信買進股數"":""0"",""投信賣出股數"":""0"",""投信買賣超股數"":""0"",""自營商買賣超股數"":""0"",""自營商買進股數(自行買賣)"":""0"",""自營商賣出股數(自行買賣)"":""0"",""自營商買賣超股數(自行買賣)"":""0"",""自營商買進股數(避險)"":""0"",""自營商賣出股數(避險)"":""0"",""自營商買賣超股數(避險)"":""0"",""三大法人買賣超股數"":""-1,000""}"
2026-10-01,TWSE,9906,欣巴巴          ,7000,8000,-1000,0,0,0,0,0,0,"{""證券代號"":""9906"",""證券名稱"":""欣巴巴          "",""外陸資買進股數(不含外資自營商)"":""7,000"",""外陸資賣出股數(不含外資自營商)"":""8,000"",""外陸資買賣超股數(不含外資自營商)"":""-1,000"",""外資自營商買進股數"":""0"",""外資自營商賣出股數"":""0"",""外資自營商買賣超股數"":""0"",""投信買進股數"":""0"",""投信賣出股數"":""0"",""投信買賣超股數"":""0"",""自營商買賣超股數"":""0"",""自營商買進股數(自行買賣)"":""1,000"",""自營商賣出股數(自行買賣)"":""1,000"",""自營商買賣超股數(自行買賣)"":""0"",""自營商買進股數(避險)"":""0"",""自營商賣出股數(避險)"":""0"",""自營商買賣超股數(避險)"":""0"",""三大法人買賣超股數"":""-1,000""}"
2026-10-01,TWSE,9944,新麗            ,2000,3000,-1000,0,0,0,0,0,0,"{""證券代號"":""9944"",""證券名稱"":""新麗            "",""外陸資買進股數(不含外資自營商)"":""2,000"",""外陸資賣出股數(不含外資自營商)"":""3,000"",""外陸資買賣超股數(不含外資自營商)"":""-1,000"",""外資自營商買進股數"":""0"",""外資自營商賣出股數"":""0"",""外資自營商買賣超股數"":""0"",""投信買進股數"":""0"",""投信賣出股數"":""0"",""投信買賣超股數"":""0"",""自營商買賣超股數"":""0"",""自營商買進股數(自行買賣)"":""0"",""自營商賣出股數(自行買賣)"":""0"",""自營商買賣超股數(自行買賣)"":""0"",""自營商買進股數(避險)"":""0"",""自營商賣出股數(避險)"":""0"",""自營商買賣超股數(避險)"":""0"",""三大法人買賣超股數"":""-1,000""}"
2026-10-01,TWSE,1446,宏和            ,5000,6000,-1000,0,0,0,0,0,0,"{""證券代號"":""1446"",""證券名稱"":""宏和            "",""外陸資買進股數(不含外資自營商)"":""5,000"",""外陸資賣出股數(不含外資自營商)"":""6,000"",""外陸資買賣超股數(不含外資自營商)"":""-1,000"",""外資自營商買進股數"":""0"",""外資自營商賣出股數"":""0"",""外資自營商買賣超股數"":""0"",""投信買進股數"":""0"",""投信賣出股數"":""0"",""投信買賣超股數"":""0"",""自營商買賣超股數"":""0"",""自營商買進股數(自行買賣)"":""0"",""自營商賣出股數(自行買賣)"":""0"",""自營商買賣超股數(自行買賣)"":""0"",""自營商買進股數(避險)"":""0"",""自營商賣出股數(避險)"":""0"",""自營商買賣超股數(避險)"":""0"",""三大法人買賣超股數"":""-1,000""}"
2026-10-01,TWSE,1470,大統新創        ,1000,2000,-1000,0,0,0,0,0,0,"{""證券代號"":""1470"",""證券名稱"":""大統新創        "",""外陸資買進股數(不含外資自營商)"":""1,000"",""外陸資賣出股數(不含外資自營商)"":""2,000"",""外陸資買賣超股數(不含外資自營商)"":""-1,000"",""外資自營商買進股數"":""0"",""外資自營商賣出股數"":""0"",""外資自營商買賣超股數"":""0"",""投信買進股數"":""0"",""投信賣出股數"":""0"",""投信買賣超股數"":""0"",""自營商買賣超股數"":""0"",""自營商買進股數(自行買賣)"":""0"",""自營商賣出股數(自行買賣)"":""0"",""自營商買賣超股數(自行買賣)"":""0"",""自營商買進股數(避險)"":""0"",""自營商賣出股數(避險)"":""0"",""自營商買賣超股數(避險)"":""0"",""三大法人買賣超股數"":""-1,000""}"
2026-10-01,TWSE,3018,隆銘綠能        ,4000,5000,-1000,0,0,0,0,0,0,"{""證券代號"":""3018"",""證券名稱"":""隆銘綠能        "",""外陸資買進股數(不含外資自營商)"":""4,000"",""外陸資賣出股數(不含外資自營商)"":""5,000"",""外陸資買賣超股數(不含外資自營商)"":""-1,000"",""外資自營商買進股數"":""0"",""外資自營商賣出股數"":""0"",""外資自營商買賣超股數"":""0"",""投信買進股數"":""0"",""投信賣出股數"":""0"",""投信買賣超股數"":""0"",""自營商買賣超股數"":""0"",""自營商買進股數(自行買賣)"":""0"",""自營商賣出股數(自行買賣)"":""0"",""自營商買賣超股數(自行買賣)"":""0"",""自營商買進股數(避險)"":""0"",""自營商賣出股數(避險)"":""0"",""自營商買賣超股數(避險)"":""0"",""三大法人買賣超股數"":""-1,000""}"
2026-10-01,TWSE,1614,三洋電          ,9000,10000,-1000,0,0,0,0,0,0,"{""證券代號"":""1614"",""證券名稱"":""三洋電          "",""外陸資買進股數(不含外資自營商)"":""9,000"",""外陸資賣出股數(不含外資自營商)"":""10,000"",""外陸資買賣超股數(不含外資自營商)"":""-1,000"",""外資自營商買進股數"":""0"",""外資自營商賣出股數"":""0"",""外資自營商買賣超股數"":""0"",""投信買進股數"":""0"",""投信賣出股數"":""0"",""投信買賣超股數"":""0"",""自營商買賣超股數"":""0"",""自營商買進股數(自行買賣)"":""0"",""自營商賣出股數(自行買賣)"":""0"",""自營商買賣超股數(自行買賣)"":""0"",""自營商買進股數(避險)"":""0"",""自營商賣出股數(避險)"":""0"",""自營商買賣超股數(避險)"":""0"",""三大法人買賣超股數"":""-1,000""}"
2026-10-01,TWSE,9912,偉聯            ,1000,2000,-1000,0,0,0,0,0,-502,"{""證券代號"":""9912"",""證券名稱"":""偉聯            "",""外陸資買進股數(不含外資自營商)"":""1,000"",""外陸資賣出股數(不含外資自營商)"":""2,000"",""外陸資買賣超股數(不含外資自營商)"":""-1,000"",""外資自營商買進股數"":""0"",""外資自營商賣出股數"":""0"",""外資自營商買賣超股數"":""0"",""投信買進股數"":""0"",""投信賣出股數"":""0"",""投信買賣超股數"":""0"",""自營商買賣超股數"":""-502"",""自營商買進股數(自行買賣)"":""0"",""自營商賣出股數(自行買賣)"":""502"",""自營商買賣超股數(自行買賣)"":""-502"",""自營商買進股數(避險)"":""0"",""自營商賣出股數(避險)"":""0"",""自營商買賣超股數(避險)"":""0"",""三大法人買賣超股數"":""-1,502""}"
2026-10-01,TWSE,6951,青新-創         ,1000,2521,-1521,0,0,0,0,0,0,"{""證券代號"":""6951"",""證券名稱"":""青新-創         "",""外陸資買進股數(不含外資自營商)"":""1,000"",""外陸資賣出股數(不含外資自營商)"":""2,521"",""外陸資買賣超股數(不含外資自營商)"":""-1,521"",""外資自營商買進股數"":""0"",""外資自營商賣出股數"":""0"",""外資自營商買賣超股數"":""0"",""投信買進股數"":""0"",""投信賣出股數"":""0"",""投信買賣超股數"":""0"",""自營商買賣超股數"":""0"",""自營商買進股數(自行買賣)"":""0"",""自營商賣出股數(自行買賣)"":""0"",""自營商買賣超股數(自行買賣)"":""0"",""自營商買進股數(避險)"":""0"",""自營商賣出股數(避險)"":""0"",""自營商買賣超股數(避險)"":""0"",""三大法人買賣超股數"":""-1,521""}"
2026-10-01,TWSE,2109,華豐            ,5033,7000,-1967,0,0,0,0,0,0,"{""證券代號"":""2109"",""證券名稱"":""華豐            "",""外陸資買進股數(不含外資自營商)"":""5,033"",""外陸資賣出股數(不含外資自營商)"":""7,000"",""外陸資買賣超股數(不含外資自營商)"":""-1,967"",""外資自營商買進股數"":""0"",""外資自營商賣出股數"":""0"",""外資自營商買賣超股數"":""0"",""投信買進股數"":""0"",""投信賣出股數"":""0"",""投信買賣超股數"":""0"",""自營商買賣超股數"":""0"",""自營商買進股數(自行買賣)"":""0"",""自營商賣出股數(自行買賣)"":""0"",""自營商買賣超股數(自行買賣)"":""0"",""自營商買進股數(避險)"":""0"",""自營商賣出股數(避險)"":""0"",""自營商買賣超股數(避險)"":""0"",""三大法人買賣超股數"":""-1,967""}"
2026-10-01,TWSE,4569,六方科-KY       ,3015,6000,-2985,0,0,0,0,0,1000,"{""證券代號"":""4569"",""證券名稱"":""六方科-KY       "",""外陸資買進股數(不含外資自營商)"":""3,015"",""外陸資賣出股數(不含外資自營商)"":""6,000"",""外陸資買賣超股數(不含外資自營商)"":""-2,985"",""外資自營商買進股數"":""0"",""外資自營商賣出股數"":""0"",""外資自營商買賣超股數"":""0"",""投信買進股數"":""0"",""投信賣出股數"":""0"",""投信買賣超股數"":""0"",""自營商買賣超股數"":""1,000"",""自營商買進股數(自行買賣)"":""1,000"",""自營商賣出股數(自行買賣)"":""0"",""自營商買賣超股數(自行買賣)"":""1,000"",""自營商買進股數(避險)"":""0"",""自營商賣出股數(避險)"":""0"",""自營商買賣超股數(避險)"":""0"",""三大法人買賣超股數"":""-1,985""}"
2026-10-01,TWSE,6916,華凌            ,1000,3000,-2000,0,0,0,0,0,0,"{""證券代號"":""6916"",""證券名稱"":""華凌            "",""外陸資買進股數(不含外資自營商)"":""1,000"",""外陸資賣出股數(不含外資自營商)"":""3,000"",""外陸資買賣超股數(不含外資自營商)"":""-2,000"",""外資自營商買進股數"":""0"",""外資自營商賣出股數"":""0"",""外資自營商買賣超股數"":""0"",""投信買進股數"":""0"",""投信賣出股數"":""0"",""投信買賣超股數"":""0"",""自營商買賣超股數"":""0"",""自營商買進股數(自行買賣)"":""0"",""自營商賣出股數(自行買賣)"":""0"",""自營商買賣超股數(自行買賣)"":""0"",""自營商買進股數(避險)"":""0"",""自營商賣出股數(避險)"":""0"",""自營商買賣超股數(避險)"":""0"",""三大法人買賣超股數"":""-2,000""}"
2026-10-01,TWSE,7732,金興精密        ,0,2000,-2000,0,0,0,0,0,0,"{""證券代號"":""7732"",""證券名稱"":""金興精密        "",""外陸資買進股數(不含外資自營商)"":""0"",""外陸資賣出股數(不含外資自營商)"":""2,000"",""外陸資買賣超股數(不含外資自營商)"":""-2,000"",""外資自營商買進股數"":""0"",""外資自營商賣出股數"":""0"",""外資自營商買賣超股數"":""0"",""投信買進股數"":""0"",""投信賣出股數"":""0"",""投信買賣超股數"":""0"",""自營商買賣超股數"":""0"",""自營商買進股數(自行買賣)"":""0"",""自營商賣出股數(自行買賣)"":""0"",""自營商買賣超股數(自行買賣)"":""0"",""自營商買進股數(避險)"":""0"",""自營商賣出股數(避險)"":""0"",""自營商買賣超股數(避險)"":""0"",""三大法人買賣超股數"":""-2,000""}"
2026-10-01,TWSE,7736,虎山            ,3000,5000,-2000,0,0,0,0,0,0,"{""證券代號"":""7736"",""證券名稱"":""虎山            "",""外陸資買進股數(不含外資自營商)"":""3,000"",""外陸資賣出股數(不含外資自營商)"":""5,000"",""外陸資買賣超股數(不含外資自營商)"":""-2,000"",""外資自營商買進股數"":""0"",""外資自營商賣出股數"":""0"",""外資自營商買賣超股數"":""0"",""投信買進股數"":""0"",""投信賣出股數"":""0"",""投信買賣超股數"":""0"",""自營商買賣超股數"":""0"",""自營商買進股數(自行買賣)"":""0"",""自營商賣出股數(自行買賣)"":""0"",""自營商買賣超股數(自行買賣)"":""0"",""自營商買進股數(避險)"":""0"",""自營商賣出股數(避險)"":""0"",""自營商買賣超股數(避險)"":""0"",""三大法人買賣超股數"":""-2,000""}"
2026-10-01,TWSE,8429,金麗-KY         ,7000,9000,-2000,0,0,0,0,0,0,"{""證券代號"":""8429"",""證券名稱"":""金麗-KY         "",""外陸資買進股數(不含外資自營商)"":""7,000"",""外陸資賣出股數(不含外資自營商)"":""9,000"",""外陸資買賣超股數(不含外資自營商)"":""-2,000"",""外資自營商買進股數"":""0"",""外資自營商賣出股數"":""0"",""外資自營商買賣超股數"":""0"",""投信買進股數"":""0"",""投信賣出股數"":""0"",""投信買賣超股數"":""0"",""自營商買賣超股數"":""0"",""自營商買進股數(自行買賣)"":""0"",""自營商賣出股數(自行買賣)"":""0"",""自營商買賣超股數(自行買賣)"":""0"",""自營商買進股數(避險)"":""0"",""自營商賣出股數(避險)"":""0"",""自營商買賣超股數(避險)"":""0"",""三大法人買賣超股數"":""-2,000""}"
2026-10-01,TWSE,2248,華勝-KY         ,1000,3000,-2000,0,0,0,0,0,0,"{""證券代號"":""2248"",""證券名稱"":""華勝-KY         "",""外陸資買進股數(不含外資自營商)"":""1,000"",""外陸資賣出股數(不含外資自營商)"":""3,000"",""外陸資買賣超股數(不含外資自營商)"":""-2,000"",""外資自營商買進股數"":""0"",""外資自營商賣出股數"":""0"",""外資自營商買賣超股數"":""0"",""投信買進股數"":""0"",""投信賣出股數"":""0"",""投信買賣超股數"":""0"",""自營商買賣超股數"":""0"",""自營商買進股數(自行買賣)"":""0"",""自營商賣出股數(自行買賣)"":""0"",""自營商買賣超股數(自行買賣)"":""0"",""自營商買進股數(避險)"":""0"",""自營商賣出股數(避險)"":""0"",""自營商買賣超股數(避險)"":""0"",""三大法人買賣超股數"":""-2,000""}"
2026-10-01,TWSE,1752,南光            ,5000,7000,-2000,0,0,0,0,0,0,"{""證券代號"":""1752"",""證券名稱"":""南光            "",""外陸資買進股數(不含外資自營商)"":""5,000"",""外陸資賣出股數(不含外資自營商)"":""7,000"",""外陸資買賣超股數(不含外資自營商)"":""-2,000"",""外資自營商買進股數"":""0"",""外資自營商賣出股數"":""0"",""外資自營商買賣超股數"":""0"",""投信買進股數"":""0"",""投信賣出股數"":""0"",""投信買賣超股數"":""0"",""自營商買賣超股數"":""0"",""自營商買進股數(自行買賣)"":""0"",""自營商賣出股數(自行買賣)"":""0"",""自營商買賣超股數(自行買賣)"":""0"",""自營商買進股數(避險)"":""0"",""自營商賣出股數(避險)"":""0"",""自營商買賣超股數(避險)"":""0"",""三大法人買賣超股數"":""-2,000""}"
2026-10-01,TWSE,1236,宏亞            ,2000,4000,-2000,0,0,0,0,0,0,"{""證券代號"":""1236"",""證券名稱"":""宏亞            "",""外陸資買進股數(不含外資自營商)"":""2,000"",""外陸資賣出股數(不含外資自營商)"":""4,000"",""外陸資買賣超股數(不含外資自營商)"":""-2,000"",""外資自營商買進股數"":""0"",""外資自營商賣出股數"":""0"",""外資自營商買賣超股數"":""0"",""投信買進股數"":""0"",""投信賣出股數"":""0"",""投信買賣超股數"":""0"",""自營商買賣超股數"":""0"",""自營商買進股數(自行買賣)"":""0"",""自營商賣出股數(自行買賣)"":""0"",""自營商買賣超股數(自行買賣)"":""0"",""自營商買進股數(避險)"":""0"",""自營商賣出股數(避險)"":""0"",""自營商買賣超股數(避險)"":""0"",""三大法人買賣超股數"":""-2,000""}"
2026-10-01,TWSE,2849,安泰銀          ,26000,24000,2000,0,0,0,0,0,-4000,"{""證券代號"":""2849"",""證券名稱"":""安泰銀          "",""外陸資買進股數(不含外資自營商)"":""26,000"",""外陸資賣出股數(不含外資自營商)"":""24,000"",""外陸資買賣超股數(不含外資自營商)"":""2,000"",""外資自營商買進股數"":""0"",""外資自營商賣出股數"":""0"",""外資自營商買賣超股數"":""0"",""投信買進股數"":""0"",""投信賣出股數"":""0"",""投信買賣超股數"":""0"",""自營商買賣超股數"":""-4,000"",""自營商買進股數(自行買賣)"":""10,000"",""自營商賣出股數(自行買賣)"":""14,000"",""自營商買賣超股數(自行買賣)"":""-4,000"",""自營商買進股數(避險)"":""0"",""自營商賣出股數(避險)"":""0"",""自營商買賣超股數(避險)"":""0"",""三大法人買賣超股數"":""-2,000""}"
2026-10-01,TWSE,9943,好樂迪          ,2000,4000,-2000,0,0,0,0,0,0,"{""證券代號"":""9943"",""證券名稱"":""好樂迪          "",""外陸資買進股數(不含外資自營商)"":""2,000"",""外陸資賣出股數(不含外資自營商)"":""4,000"",""外陸資買賣超股數(不含外資自營商)"":""-2,000"",""外資自營商買進股數"":""0"",""外資自營商賣出股數"":""0"",""外資自營商買賣超股數"":""0"",""投信買進股數"":""0"",""投信賣出股數"":""0"",""投信買賣超股數"":""0"",""自營商買賣超股數"":""0"",""自營商買進股數(自行買賣)"":""0"",""自營商賣出股數(自行買賣)"":""0"",""自營商買賣超股數(自行買賣)"":""0"",""自營商買進股數(避險)"":""0"",""自營商賣出股數(避險)"":""0"",""自營商買賣超股數(避險)"":""0"",""三大法人買賣超股數"":""-2,000""}"
2026-10-01,TWSE,4119,旭富            ,19225,21000,-1775,0,0,0,4000,4259,-259,"{""證券代號"":""4119"",""證券名稱"":""旭富            "",""外陸資買進股數(不含外資自營商)"":""19,225"",""外陸資賣出股數(不含外資自營商)"":""21,000"",""外陸資買賣超股數(不含外資自營商)"":""-1,775"",""外資自營商買進股數"":""0"",""外資自營商賣出股數"":""0"",""外資自營商買賣超股數"":""0"",""投信買進股數"":""0"",""投信賣出股數"":""0"",""投信買賣超股數"":""0"",""自營商買賣超股數"":""-259"",""自營商買進股數(自行買賣)"":""0"",""自營商賣出股數(自行買賣)"":""0"",""自營商買賣超股數(自行買賣)"":""0"",""自營商買進股數(避險)"":""4,000"",""自營商賣出股數(避險)"":""4,259"",""自營商買賣超股數(避險)"":""-259"",""三大法人買賣超股數"":""-2,034""}"
2026-10-01,TWSE,4106,雃博            ,16000,19000,-3000,0,0,0,0,0,466,"{""證券代號"":""4106"",""證券名稱"":""雃博            "",""外陸資買進股數(不含外資自營商)"":""16,000"",""外陸資賣出股數(不含外資自營商)"":""19,000"",""外陸資買賣超股數(不含外資自營商)"":""-3,000"",""外資自營商買進股數"":""0"",""外資自營商賣出股數"":""0"",""外資自營商買賣超股數"":""0"",""投信買進股數"":""0"",""投信賣出股數"":""0"",""投信買賣超股數"":""0"",""自營商買賣超股數"":""466"",""自營商買進股數(自行買賣)"":""466"",""自營商賣出股數(自行買賣)"":""0"",""自營商買賣超股數(自行買賣)"":""466"",""自營商買進股數(避險)"":""0"",""自營商賣出股數(避險)"":""0"",""自營商買賣超股數(避險)"":""0"",""三大法人買賣超股數"":""-2,534""}"
2026-10-01,TWSE,4441,振大環球        ,4040,7000,-2960,0,0,0,0,0,0,"{""證券代號"":""4441"",""證券名稱"":""振大環球        "",""外陸資買進股數(不含外資自營商)"":""4,040"",""外陸資賣出股數(不含外資自營商)"":""7,000"",""外陸資買賣超股數(不含外資自營商)"":""-2,960"",""外資自營商買進股數"":""0"",""外資自營商賣出股數"":""0"",""外資自營商買賣超股數"":""0"",""投信買進股數"":""0"",""投信賣出股數"":""0"",""投信買賣超股數"":""0"",""自營商買賣超股數"":""0"",""自營商買進股數(自行買賣)"":""0"",""自營商賣出股數(自行買賣)"":""0"",""自營商買賣超股數(自行買賣)"":""0"",""自營商買進股數(避險)"":""0"",""自營商賣出股數(避險)"":""0"",""自營商買賣超股數(避險)"":""0"",""三大法人買賣超股數"":""-2,960""}"
2026-10-01,TWSE,2430,燦坤            ,3000,6000,-3000,6,0,6,0,0,0,"{""證券代號"":""2430"",""證券名稱"":""燦坤            "",""外陸資買進股數(不含外資自營商)"":""3,000"",""外陸資賣出股數(不含外資自營商)"":""6,000"",""外陸資買賣超股數(不含外資自營商)"":""-3,000"",""外資自營商買進股數"":""0"",""外資自營商賣出股數"":""0"",""外資自營商買賣超股數"":""0"",""投信買進股數"":""6"",""投信賣出股數"":""0"",""投信買賣超股數"":""6"",""自營商買賣超股數"":""0"",""自營商買進股數(自行買賣)"":""0"",""自營商賣出股數(自行買賣)"":""0"",""自營商買賣超股數(自行買賣)"":""0"",""自營商買進股數(避險)"":""0"",""自營商賣出股數(避險)"":""0"",""自營商買賣超股數(避險)"":""0"",""三大法人買賣超股數"":""-2,994""}"
2026-10-01,TWSE,2945,三商家購        ,1000,4000,-3000,0,0,0,0,0,0,"{""證券代號"":""2945"",""證券名稱"":""三商家購        "",""外陸資買進股數(不含外資自營商)"":""1,000"",""外陸資賣出股數(不含外資自營商)"":""4,000"",""外陸資買賣超股數(不含外資自營商)"":""-3,000"",""外資自營商買進股數"":""0"",""外資自營商賣出股數"":""0"",""外資自營商買賣超股數"":""0"",""投信買進股數"":""0"",""投信賣出股數"":""0"",""投信買賣超股數"":""0"",""自營商買賣超股數"":""0"",""自營商買進股數(自行買賣)"":""0"",""自營商賣出股數(自行買賣)"":""0"",""自營商買賣超股數(自行買賣)"":""0"",""自營商買進股數(避險)"":""0"",""自營商賣出股數(避險)"":""0"",""自營商買賣超股數(避險)"":""0"",""三大法人買賣超股數"":""-3,000""}"
2026-10-01,TWSE,1539,巨庭            ,1000,4000,-3000,0,0,0,0,0,0,"{""證券代號"":""1539"",""證券名稱"":""巨庭            "",""外陸資買進股數(不含外資自營商)"":""1,000"",""外陸資賣出股數(不含外資自營商)"":""4,000"",""外陸資買賣超股數(不含外資自營商)"":""-3,000"",""外資自營商買進股數"":""0"",""外資自營商賣出股數"":""0"",""外資自營商買賣超股數"":""0"",""投信買進股數"":""0"",""投信賣出股數"":""0"",""投信買賣超股數"":""0"",""自營商買賣超股數"":""0"",""自營商買進股數(自行買賣)"":""0"",""自營商賣出股數(自行買賣)"":""0"",""自營商買賣超股數(自行買賣)"":""0"",""自營商買進股數(避險)"":""0"",""自營商賣出股數(避險)"":""0"",""自營商買賣超股數(避險)"":""0"",""三大法人買賣超股數"":""-3,000""}"
2026-10-01,TWSE,2424,隴華            ,4000,7000,-3000,0,0,0,0,0,0,"{""證券代號"":""2424"",""證券名稱"":""隴華            "",""外陸資買進股數(不含外資自營商)"":""4,000"",""外陸資賣出股數(不含外資自營商)"":""7,000"",""外陸資買賣超股數(不含外資自營商)"":""-3,000"",""外資自營商買進股數"":""0"",""外資自營商賣出股數"":""0"",""外資自營商買賣超股數"":""0"",""投信買進股數"":""0"",""投信賣出股數"":""0"",""投信買賣超股數"":""0"",""自營商買賣超股數"":""0"",""自營商買進股數(自行買賣)"":""0"",""自營商賣出股數(自行買賣)"":""0"",""自營商買賣超股數(自行買賣)"":""0"",""自營商買進股數(避險)"":""0"",""自營商賣出股數(避險)"":""0"",""自營商買賣超股數(避險)"":""0"",""三大法人買賣超股數"":""-3,000""}"
2026-10-01,TWSE,4440,宜新實業        ,5000,7000,-2000,0,0,0,0,0,-1000,"{""證券代號"":""4440"",""證券名稱"":""宜新實業        "",""外陸資買進股數(不含外資自營商)"":""5,000"",""外陸資賣出股數(不含外資自營商)"":""7,000"",""外陸資買賣超股數(不含外資自營商)"":""-2,000"",""外資自營商買進股數"":""0"",""外資自營商賣出股數"":""0"",""外資自營商買賣超股數"":""0"",""投信買進股數"":""0"",""投信賣出股數"":""0"",""投信買賣超股數"":""0"",""自營商買賣超股數"":""-1,000"",""自營商買進股數(自行買賣)"":""3,000"",""自營商賣出股數(自行買賣)"":""4,000"",""自營商買賣超股數(自行買賣)"":""-1,000"",""自營商買進股數(避險)"":""0"",""自營商賣出股數(避險)"":""0"",""自營商買賣超股數(避險)"":""0"",""三大法人買賣超股數"":""-3,000""}"
2026-10-01,TWSE,4169,泰宗            ,8000,11000,-3000,0,0,0,0,0,0,"{""證券代號"":""4169"",""證券名稱"":""泰宗            "",""外陸資買進股數(不含外資自營商)"":""8,000"",""外陸資賣出股數(不含外資自營商)"":""11,000"",""外陸資買賣超股數(不含外資自營商)"":""-3,000"",""外資自營商買進股數"":""0"",""外資自營商賣出股數"":""0"",""外資自營商買賣超股數"":""0"",""投信買進股數"":""0"",""投信賣出股數"":""0"",""投信買賣超股數"":""0"",""自營商買賣超股數"":""0"",""自營商買進股數(自行買賣)"":""0"",""自營商賣出股數(自行買賣)"":""0"",""自營商買賣超股數(自行買賣)"":""0"",""自營商買進股數(避險)"":""0"",""自營商賣出股數(避險)"":""0"",""自營商買賣超股數(避險)"":""0"",""三大法人買賣超股數"":""-3,000""}"
2026-10-01,TWSE,6128,上福            ,5000,9000,-4000,0,0,0,0,0,1000,"{""證券代號"":""6128"",""證券名稱"":""上福            "",""外陸資買進股數(不含外資自營商)"":""5,000"",""外陸資賣出股數(不含外資自營商)"":""9,000"",""外陸資買賣超股數(不含外資自營商)"":""-4,000"",""外資自營商買進股數"":""0"",""外資自營商賣出股數"":""0"",""外資自營商買賣超股數"":""0"",""投信買進股數"":""0"",""投信賣出股數"":""0"",""投信買賣超股數"":""0"",""自營商買賣超股數"":""1,000"",""自營商買進股數(自行買賣)"":""1,000"",""自營商賣出股數(自行買賣)"":""0"",""自營商買賣超股數(自行買賣)"":""1,000"",""自營商買進股數(避險)"":""0"",""自營商賣出股數(避險)"":""0"",""自營商買賣超股數(避險)"":""0"",""三大法人買賣超股數"":""-3,000""}"
2026-10-01,TWSE,6918,愛派司          ,5000,9000,-4000,0,0,0,0,0,1000,"{""證券代號"":""6918"",""證券名稱"":""愛派司          "",""外陸資買進股數(不含外資自營商)"":""5,000"",""外陸資賣出股數(不含外資自營商)"":""9,000"",""外陸資買賣超股數(不含外資自營商)"":""-4,000"",""外資自營商買進股數"":""0"",""外資自營商賣出股數"":""0"",""外資自營商買賣超股數"":""0"",""投信買進股數"":""0"",""投信賣出股數"":""0"",""投信買賣超股數"":""0"",""自營商買賣超股數"":""1,000"",""自營商買進股數(自行買賣)"":""1,000"",""自營商賣出股數(自行買賣)"":""0"",""自營商買賣超股數(自行買賣)"":""1,000"",""自營商買進股數(避險)"":""0"",""自營商賣出股數(避險)"":""0"",""自營商買賣超股數(避險)"":""0"",""三大法人買賣超股數"":""-3,000""}"
2026-10-01,TWSE,6431,光麗-KY         ,3000,6000,-3000,0,0,0,0,0,0,"{""證券代號"":""6431"",""證券名稱"":""光麗-KY         "",""外陸資買進股數(不含外資自營商)"":""3,000"",""外陸資賣出股數(不含外資自營商)"":""6,000"",""外陸資買賣超股數(不含外資自營商)"":""-3,000"",""外資自營商買進股數"":""0"",""外資自營商賣出股數"":""0"",""外資自營商買賣超股數"":""0"",""投信買進股數"":""0"",""投信賣出股數"":""0"",""投信買賣超股數"":""0"",""自營商買賣超股數"":""0"",""自營商買進股數(自行買賣)"":""1,000"",""自營商賣出股數(自行買賣)"":""1,000"",""自營商買賣超股數(自行買賣)"":""0"",""自營商買進股數(避險)"":""0"",""自營商賣出股數(避險)"":""0"",""自營商買賣超股數(避險)"":""0"",""三大法人買賣超股數"":""-3,000""}"
2026-10-01,TWSE,1516,川飛            ,0,3000,-3000,0,0,0,0,0,0,"{""證券代號"":""1516"",""證券名稱"":""川飛            "",""外陸資買進股數(不含外資自營商)"":""0"",""外陸資賣出股數(不含外資自營商)"":""3,000"",""外陸資買賣超股數(不含外資自營商)"":""-3,000"",""外資自營商買進股數"":""0"",""外資自營商賣出股數"":""0"",""外資自營商買賣超股數"":""0"",""投信買進股數"":""0"",""投信賣出股數"":""0"",""投信買賣超股數"":""0"",""自營商買賣超股數"":""0"",""自營商買進股數(自行買賣)"":""0"",""自營商賣出股數(自行買賣)"":""0"",""自營商買賣超股數(自行買賣)"":""0"",""自營商買進股數(避險)"":""0"",""自營商賣出股數(避險)"":""0"",""自營商買賣超股數(避險)"":""0"",""三大法人買賣超股數"":""-3,000""}"
2026-10-01,TWSE,6807,峰源-KY         ,2000,5000,-3000,0,0,0,0,0,0,"{""證券代號"":""6807"",""證券名稱"":""峰源-KY         "",""外陸資買進股數(不含外資自營商)"":""2,000"",""外陸資賣出股數(不含外資自營商)"":""5,000"",""外陸資買賣超股數(不含外資自營商)"":""-3,000"",""外資自營商買進股數"":""0"",""外資自營商賣出股數"":""0"",""外資自營商買賣超股數"":""0"",""投信買進股數"":""0"",""投信賣出股數"":""0"",""投信買賣超股數"":""0"",""自營商買賣超股數"":""0"",""自營商買進股數(自行買賣)"":""0"",""自營商賣出股數(自行買賣)"":""0"",""自營商買賣超股數(自行買賣)"":""0"",""自營商買進股數(避險)"":""0"",""自營商賣出股數(避險)"":""0"",""自營商買賣超股數(避險)"":""0"",""三大法人買賣超股數"":""-3,000""}"
2026-10-01,TWSE,6914,阜爾運通        ,7000,10001,-3001,0,0,0,0,0,0,"{""證券代號"":""6914"",""證券名稱"":""阜爾運通        "",""外陸資買進股數(不含外資自營商)"":""7,000"",""外陸資賣出股數(不含外資自營商)"":""10,001"",""外陸資買賣超股數(不含外資自營商)"":""-3,001"",""外資自營商買進股數"":""0"",""外資自營商賣出股數"":""0"",""外資自營商買賣超股數"":""0"",""投信買進股數"":""0"",""投信賣出股數"":""0"",""投信買賣超股數"":""0"",""自營商買賣超股數"":""0"",""自營商買進股數(自行買賣)"":""0"",""自營商賣出股數(自行買賣)"":""0"",""自營商買賣超股數(自行買賣)"":""0"",""自營商買進股數(避險)"":""0"",""自營商賣出股數(避險)"":""0"",""自營商買賣超股數(避險)"":""0"",""三大法人買賣超股數"":""-3,001""}"
2026-10-01,TWSE,1338,廣華-KY         ,18000,25067,-7067,0,0,0,0,0,4000,"{""證券代號"":""1338"",""證券名稱"":""廣華-KY         "",""外陸資買進股數(不含外資自營商)"":""18,000"",""外陸資賣出股數(不含外資自營商)"":""25,067"",""外陸資買賣超股數(不含外資自營商)"":""-7,067"",""外資自營商買進股數"":""0"",""外資自營商賣出股數"":""0"",""外資自營商買賣超股數"":""0"",""投信買進股數"":""0"",""投信賣出股數"":""0"",""投信買賣超股數"":""0"",""自營商買賣超股數"":""4,000"",""自營商買進股數(自行買賣)"":""5,000"",""自營商賣出股數(自行買賣)"":""1,000"",""自營商買賣超股數(自行買賣)"":""4,000"",""自營商買進股數(避險)"":""0"",""自營商賣出股數(避險)"":""0"",""自營商買賣超股數(避險)"":""0"",""三大法人買賣超股數"":""-3,067""}"
2026-10-01,TWSE,7722,LINEPAY         ,4148,6300,-2152,0,0,0,0,0,-1000,"{""證券代號"":""7722"",""證券名稱"":""LINEPAY         "",""外陸資買進股數(不含外資自營商)"":""4,148"",""外陸資賣出股數(不含外資自營商)"":""6,300"",""外陸資買賣超股數(不含外資自營商)"":""-2,152"",""外資自營商買進股數"":""0"",""外資自營商賣出股數"":""0"",""外資自營商買賣超股數"":""0"",""投信買進股數"":""0"",""投信賣出股數"":""0"",""投信買賣超股數"":""0"",""自營商買賣超股數"":""-1,000"",""自營商買進股數(自行買賣)"":""0"",""自營商賣出股數(自行買賣)"":""1,000"",""自營商買賣超股數(自行買賣)"":""-1,000"",""自營商買進股數(避險)"":""0"",""自營商賣出股數(避險)"":""0"",""自營商買賣超股數(避險)"":""0"",""三大法人買賣超股數"":""-3,152""}"
2026-10-01,TWSE,00775B,台新投等債15+   ,0,0,0,0,0,0,80000,83397,-3397,"{""證券代號"":""00775B"",""證券名稱"":""台新投等債15+   "",""外陸資買進股數(不含外資自營商)"":""0"",""外陸資賣出股數(不含外資自營商)"":""0"",""外陸資買賣超股數(不含外資自營商)"":""0"",""外資自營商買進股數"":""0"",""外資自營商賣出股數"":""0"",""外資自營商買賣超股數"":""0"",""投信買進股數"":""0"",""投信賣出股數"":""0"",""投信買賣超股數"":""0"",""自營商買賣超股數"":""-3,397"",""自營商買進股數(自行買賣)"":""0"",""自營商賣出股數(自行買賣)"":""0"",""自營商買賣超股數(自行買賣)"":""0"",""自營商買進股數(避險)"":""80,000"",""自營商賣出股數(避險)"":""83,397"",""自營商買賣超股數(避險)"":""-3,397"",""三大法人買賣超股數"":""-3,397""}"
2026-10-01,TWSE,006207,復華滬深        ,150,0,150,0,0,0,100697,104263,-3566,"{""證券代號"":""006207"",""證券名稱"":""復華滬深        "",""外陸資買進股數(不含外資自營商)"":""150"",""外陸資賣出股數(不含外資自營商)"":""0"",""外陸資買賣超股數(不含外資自營商)"":""150"",""外資自營商買進股數"":""0"",""外資自營商賣出股數"":""0"",""外資自營商買賣超股數"":""0"",""投信買進股數"":""0"",""投信賣出股數"":""0"",""投信買賣超股數"":""0"",""自營商買賣超股數"":""-3,566"",""自營商買進股數(自行買賣)"":""0"",""自營商賣出股數(自行買賣)"":""0"",""自營商買賣超股數(自行買賣)"":""0"",""自營商買進股數(避險)"":""100,697"",""自營商賣出股數(避險)"":""104,263"",""自營商買賣超股數(避險)"":""-3,566"",""三大法人買賣超股數"":""-3,416""}"
2026-10-01,TWSE,2348,海悅            ,28000,31400,-3400,0,0,0,0,4,-19,"{""證券代號"":""2348"",""證券名稱"":""海悅            "",""外陸資買進股數(不含外資自營商)"":""28,000"",""外陸資賣出股數(不含外資自營商)"":""31,400"",""外陸資買賣超股數(不含外資自營商)"":""-3,400"",""外資自營商買進股數"":""0"",""外資自營商賣出股數"":""0"",""外資自營商買賣超股數"":""0"",""投信買進股數"":""0"",""投信賣出股數"":""0"",""投信買賣超股數"":""0"",""自營商買賣超股數"":""-19"",""自營商買進股數(自行買賣)"":""0"",""自營商賣出股數(自行買賣)"":""15"",""自營商買賣超股數(自行買賣)"":""-15"",""自營商買進股數(避險)"":""0"",""自營商賣出股數(避險)"":""4"",""自營商買賣超股數(避險)"":""-4"",""三大法人買賣超股數"":""-3,419""}"
2026-10-01,TWSE,5258,虹堡            ,81284,86148,-4864,5,0,5,0,0,1000,"{""證券代號"":""5258"",""證券名稱"":""虹堡            "",""外陸資買進股數(不含外資自營商)"":""81,284"",""外陸資賣出股數(不含外資自營商)"":""86,148"",""外陸資買賣超股數(不含外資自營商)"":""-4,864"",""外資自營商買進股數"":""0"",""外資自營商賣出股數"":""0"",""外資自營商買賣超股數"":""0"",""投信買進股數"":""5"",""投信賣出股數"":""0"",""投信買賣超股數"":""5"",""自營商買賣超股數"":""1,000"",""自營商買進股數(自行買賣)"":""1,000"",""自營商賣出股數(自行買賣)"":""0"",""自營商買賣超股數(自行買賣)"":""1,000"",""自營商買進股數(避險)"":""0"",""自營商賣出股數(避險)"":""0"",""自營商買賣超股數(避險)"":""0"",""三大法人買賣超股數"":""-3,859""}"
2026-10-01,TWSE,5546,永固-KY         ,6000,10000,-4000,0,0,0,0,0,0,"{""證券代號"":""5546"",""證券名稱"":""永固-KY         "",""外陸資買進股數(不含外資自營商)"":""6,000"",""外陸資賣出股數(不含外資自營商)"":""10,000"",""外陸資買賣超股數(不含外資自營商)"":""-4,000"",""外資自營商買進股數"":""0"",""外資自營商賣出股數"":""0"",""外資自營商買賣超股數"":""0"",""投信買進股數"":""0"",""投信賣出股數"":""0"",""投信買賣超股數"":""0"",""自營商買賣超股數"":""0"",""自營商買進股數(自行買賣)"":""0"",""自營商賣出股數(自行買賣)"":""0"",""自營商買賣超股數(自行買賣)"":""0"",""自營商買進股數(避險)"":""0"",""自營商賣出股數(避險)"":""0"",""自營商買賣超股數(避險)"":""0"",""三大法人買賣超股數"":""-4,000""}"
2026-10-01,TWSE,6184,大豐電          ,4000,8000,-4000,0,0,0,0,0,0,"{""證券代號"":""6184"",""證券名稱"":""大豐電          "",""外陸資買進股數(不含外資自營商)"":""4,000"",""外陸資賣出股數(不含外資自營商)"":""8,000"",""外陸資買賣超股數(不含外資自營商)"":""-4,000"",""外資自營商買進股數"":""0"",""外資自營商賣出股數"":""0"",""外資自營商買賣超股數"":""0"",""投信買進股數"":""0"",""投信賣出股數"":""0"",""投信買賣超股數"":""0"",""自營商買賣超股數"":""0"",""自營商買進股數(自行買賣)"":""0"",""自營商賣出股數(自行買賣)"":""0"",""自營商買賣超股數(自行買賣)"":""0"",""自營商買進股數(避險)"":""0"",""自營商賣出股數(避險)"":""0"",""自營商買賣超股數(避險)"":""0"",""三大法人買賣超股數"":""-4,000""}"
2026-10-01,TWSE,4148,全宇生技-KY     ,3000,7000,-4000,0,0,0,0,0,0,"{""證券代號"":""4148"",""證券名稱"":""全宇生技-KY     "",""外陸資買進股數(不含外資自營商)"":""3,000"",""外陸資賣出股數(不含外資自營商)"":""7,000"",""外陸資買賣超股數(不含外資自營商)"":""-4,000"",""外資自營商買進股數"":""0"",""外資自營商賣出股數"":""0"",""外資自營商買賣超股數"":""0"",""投信買進股數"":""0"",""投信賣出股數"":""0"",""投信買賣超股數"":""0"",""自營商買賣超股數"":""0"",""自營商買進股數(自行買賣)"":""0"",""自營商賣出股數(自行買賣)"":""0"",""自營商買賣超股數(自行買賣)"":""0"",""自營商買進股數(避險)"":""0"",""自營商賣出股數(避險)"":""0"",""自營商買賣超股數(避險)"":""0"",""三大法人買賣超股數"":""-4,000""}"
2026-10-01,TWSE,6754,匯僑設計        ,1000,5000,-4000,0,0,0,0,0,0,"{""證券代號"":""6754"",""證券名稱"":""匯僑設計        "",""外陸資買進股數(不含外資自營商)"":""1,000"",""外陸資賣出股數(不含外資自營商)"":""5,000"",""外陸資買賣超股數(不含外資自營商)"":""-4,000"",""外資自營商買進股數"":""0"",""外資自營商賣出股數"":""0"",""外資自營商買賣超股數"":""0"",""投信買進股數"":""0"",""投信賣出股數"":""0"",""投信買賣超股數"":""0"",""自營商買賣超股數"":""0"",""自營商買進股數(自行買賣)"":""0"",""自營商賣出股數(自行買賣)"":""0"",""自營商買賣超股數(自行買賣)"":""0"",""自營商買進股數(避險)"":""0"",""自營商賣出股數(避險)"":""0"",""自營商買賣超股數(避險)"":""0"",""三大法人買賣超股數"":""-4,000""}"
2026-10-01,TWSE,1506,正道            ,2000,6000,-4000,0,0,0,0,0,0,"{""證券代號"":""1506"",""證券名稱"":""正道            "",""外陸資買進股數(不含外資自營商)"":""2,000"",""外陸資賣出股數(不含外資自營商)"":""6,000"",""外陸資買賣超股數(不含外資自營商)"":""-4,000"",""外資自營商買進股數"":""0"",""外資自營商賣出股數"":""0"",""外資自營商買賣超股數"":""0"",""投信買進股數"":""0"",""投信賣出股數"":""0"",""投信買賣超股數"":""0"",""自營商買賣超股數"":""0"",""自營商買進股數(自行買賣)"":""0"",""自營商賣出股數(自行買賣)"":""0"",""自營商買賣超股數(自行買賣)"":""0"",""自營商買進股數(避險)"":""0"",""自營商賣出股數(避險)"":""0"",""自營商買賣超股數(避險)"":""0"",""三大法人買賣超股數"":""-4,000""}"
2026-10-01,TWSE,1725,元禎            ,9000,13000,-4000,0,0,0,0,0,0,"{""證券代號"":""1725"",""證券名稱"":""元禎            "",""外陸資買進股數(不含外資自營商)"":""9,000"",""外陸資賣出股數(不含外資自營商)"":""13,000"",""外陸資買賣超股數(不含外資自營商)"":""-4,000"",""外資自營商買進股數"":""0"",""外資自營商賣出股數"":""0"",""外資自營商買賣超股數"":""0"",""投信買進股數"":""0"",""投信賣出股數"":""0"",""投信買賣超股數"":""0"",""自營商買賣超股數"":""0"",""自營商買進股數(自行買賣)"":""0"",""自營商賣出股數(自行買賣)"":""0"",""自營商買賣超股數(自行買賣)"":""0"",""自營商買進股數(避險)"":""0"",""自營商賣出股數(避險)"":""0"",""自營商買賣超股數(避險)"":""0"",""三大法人買賣超股數"":""-4,000""}"
2026-10-01,TWSE,3043,科風            ,6000,10000,-4000,0,0,0,0,0,0,"{""證券代號"":""3043"",""證券名稱"":""科風            "",""外陸資買進股數(不含外資自營商)"":""6,000"",""外陸資賣出股數(不含外資自營商)"":""10,000"",""外陸資買賣超股數(不含外資自營商)"":""-4,000"",""外資自營商買進股數"":""0"",""外資自營商賣出股數"":""0"",""外資自營商買賣超股數"":""0"",""投信買進股數"":""0"",""投信賣出股數"":""0"",""投信買賣超股數"":""0"",""自營商買賣超股數"":""0"",""自營商買進股數(自行買賣)"":""0"",""自營商賣出股數(自行買賣)"":""0"",""自營商買賣超股數(自行買賣)"":""0"",""自營商買進股數(避險)"":""0"",""自營商賣出股數(避險)"":""0"",""自營商買賣超股數(避險)"":""0"",""三大法人買賣超股數"":""-4,000""}"
2026-10-01,TWSE,1432,大魯閣          ,11001,15446,-4445,0,0,0,0,0,0,"{""證券代號"":""1432"",""證券名稱"":""大魯閣          "",""外陸資買進股數(不含外資自營商)"":""11,001"",""外陸資賣出股數(不含外資自營商)"":""15,446"",""外陸資買賣超股數(不含外資自營商)"":""-4,445"",""外資自營商買進股數"":""0"",""外資自營商賣出股數"":""0"",""外資自營商買賣超股數"":""0"",""投信買進股數"":""0"",""投信賣出股數"":""0"",""投信買賣超股數"":""0"",""自營商買賣超股數"":""0"",""自營商買進股數(自行買賣)"":""0"",""自營商賣出股數(自行買賣)"":""0"",""自營商買賣超股數(自行買賣)"":""0"",""自營商買進股數(避險)"":""0"",""自營商賣出股數(避險)"":""0"",""自營商買賣超股數(避險)"":""0"",""三大法人買賣超股數"":""-4,445""}"
2026-10-01,TWSE,3138,耀登            ,127055,129001,-1946,16,0,16,0,2753,-2753,"{""證券代號"":""3138"",""證券名稱"":""耀登            "",""外陸資買進股數(不含外資自營商)"":""127,055"",""外陸資賣出股數(不含外資自營商)"":""129,001"",""外陸資買賣超股數(不含外資自營商)"":""-1,946"",""外資自營商買進股數"":""0"",""外資自營商賣出股數"":""0"",""外資自營商買賣超股數"":""0"",""投信買進股數"":""16"",""投信賣出股數"":""0"",""投信買賣超股數"":""16"",""自營商買賣超股數"":""-2,753"",""自營商買進股數(自行買賣)"":""0"",""自營商賣出股數(自行買賣)"":""0"",""自營商買賣超股數(自行買賣)"":""0"",""自營商買進股數(避險)"":""0"",""自營商賣出股數(避險)"":""2,753"",""自營商買賣超股數(避險)"":""-2,753"",""三大法人買賣超股數"":""-4,683""}"
2026-10-01,TWSE,6781,AES-KY          ,44538,57740,-13202,0,0,0,18230,9938,8292,"{""證券代號"":""6781"",""證券名稱"":""AES-KY          "",""外陸資買進股數(不含外資自營商)"":""44,538"",""外陸資賣出股數(不含外資自營商)"":""57,740"",""外陸資買賣超股數(不含外資自營商)"":""-13,202"",""外資自營商買進股數"":""0"",""外資自營商賣出股數"":""0"",""外資自營商買賣超股數"":""0"",""投信買進股數"":""0"",""投信賣出股數"":""0"",""投信買賣超股數"":""0"",""自營商買賣超股數"":""8,292"",""自營商買進股數(自行買賣)"":""0"",""自營商賣出股數(自行買賣)"":""0"",""自營商買賣超股數(自行買賣)"":""0"",""自營商買進股數(避險)"":""18,230"",""自營商賣出股數(避險)"":""9,938"",""自營商買賣超股數(避險)"":""8,292"",""三大法人買賣超股數"":""-4,910""}"
2026-10-01,TWSE,6796,晉弘            ,1000,6000,-5000,0,0,0,0,0,0,"{""證券代號"":""6796"",""證券名稱"":""晉弘            "",""外陸資買進股數(不含外資自營商)"":""1,000"",""外陸資賣出股數(不含外資自營商)"":""6,000"",""外陸資買賣超股數(不含外資自營商)"":""-5,000"",""外資自營商買進股數"":""0"",""外資自營商賣出股數"":""0"",""外資自營商買賣超股數"":""0"",""投信買進股數"":""0"",""投信賣出股數"":""0"",""投信買賣超股數"":""0"",""自營商買賣超股數"":""0"",""自營商買進股數(自行買賣)"":""0"",""自營商賣出股數(自行買賣)"":""0"",""自營商買賣超股數(自行買賣)"":""0"",""自營商買進股數(避險)"":""0"",""自營商賣出股數(避險)"":""0"",""自營商買賣超股數(避險)"":""0"",""三大法人買賣超股數"":""-5,000""}"
2026-10-01,TWSE,9905,大華            ,9000,14000,-5000,0,0,0,0,0,0,"{""證券代號"":""9905"",""證券名稱"":""大華            "",""外陸資買進股數(不含外資自營商)"":""9,000"",""外陸資賣出股數(不含外資自營商)"":""14,000"",""外陸資買賣超股數(不含外資自營商)"":""-5,000"",""外資自營商買進股數"":""0"",""外資自營商賣出股數"":""0"",""外資自營商買賣超股數"":""0"",""投信買進股數"":""0"",""投信賣出股數"":""0"",""投信買賣超股數"":""0"",""自營商買賣超股數"":""0"",""自營商買進股數(自行買賣)"":""0"",""自營商賣出股數(自行買賣)"":""0"",""自營商買賣超股數(自行買賣)"":""0"",""自營商買進股數(避險)"":""0"",""自營商賣出股數(避險)"":""0"",""自營商買賣超股數(避險)"":""0"",""三大法人買賣超股數"":""-5,000""}"
2026-10-01,TWSE,9942,茂順            ,6000,11000,-5000,0,0,0,0,0,0,"{""證券代號"":""9942"",""證券名稱"":""茂順            "",""外陸資買進股數(不含外資自營商)"":""6,000"",""外陸資賣出股數(不含外資自營商)"":""11,000"",""外陸資買賣超股數(不含外資自營商)"":""-5,000"",""外資自營商買進股數"":""0"",""外資自營商賣出股數"":""0"",""外資自營商買賣超股數"":""0"",""投信買進股數"":""0"",""投信賣出股數"":""0"",""投信買賣超股數"":""0"",""自營商買賣超股數"":""0"",""自營商買進股數(自行買賣)"":""0"",""自營商賣出股數(自行買賣)"":""0"",""自營商買賣超股數(自行買賣)"":""0"",""自營商買進股數(避險)"":""0"",""自營商賣出股數(避險)"":""0"",""自營商買賣超股數(避險)"":""0"",""三大法人買賣超股數"":""-5,000""}"
2026-10-01,TWSE,1732,毛寶            ,5000,10000,-5000,0,0,0,0,0,0,"{""證券代號"":""1732"",""證券名稱"":""毛寶            "",""外陸資買進股數(不含外資自營商)"":""5,000"",""外陸資賣出股數(不含外資自營商)"":""10,000"",""外陸資買賣超股數(不含外資自營商)"":""-5,000"",""外資自營商買進股數"":""0"",""外資自營商賣出股數"":""0"",""外資自營商買賣超股數"":""0"",""投信買進股數"":""0"",""投信賣出股數"":""0"",""投信買賣超股數"":""0"",""自營商買賣超股數"":""0"",""自營商買進股數(自行買賣)"":""0"",""自營商賣出股數(自行買賣)"":""0"",""自營商買賣超股數(自行買賣)"":""0"",""自營商買進股數(避險)"":""0"",""自營商賣出股數(避險)"":""0"",""自營商買賣超股數(避險)"":""0"",""三大法人買賣超股數"":""-5,000""}"
2026-10-01,TWSE,1526,日馳            ,0,5000,-5000,0,0,0,0,0,0,"{""證券代號"":""1526"",""證券名稱"":""日馳            "",""外陸資買進股數(不含外資自營商)"":""0"",""外陸資賣出股數(不含外資自營商)"":""5,000"",""外陸資買賣超股數(不含外資自營商)"":""-5,000"",""外資自營商買進股數"":""0"",""外資自營商賣出股數"":""0"",""外資自營商買賣超股數"":""0"",""投信買進股數"":""0"",""投信賣出股數"":""0"",""投信買賣超股數"":""0"",""自營商買賣超股數"":""0"",""自營商買進股數(自行買賣)"":""0"",""自營商賣出股數(自行買賣)"":""0"",""自營商買賣超股數(自行買賣)"":""0"",""自營商買進股數(避險)"":""0"",""自營商賣出股數(避險)"":""0"",""自營商買賣超股數(避險)"":""0"",""三大法人買賣超股數"":""-5,000""}"
2026-10-01,TWSE,1531,高林股          ,9000,14000,-5000,0,0,0,0,0,0,"{""證券代號"":""1531"",""證券名稱"":""高林股          "",""外陸資買進股數(不含外資自營商)"":""9,000"",""外陸資賣出股數(不含外資自營商)"":""14,000"",""外陸資買賣超股數(不含外資自營商)"":""-5,000"",""外資自營商買進股數"":""0"",""外資自營商賣出股數"":""0"",""外資自營商買賣超股數"":""0"",""投信買進股數"":""0"",""投信賣出股數"":""0"",""投信買賣超股數"":""0"",""自營商買賣超股數"":""0"",""自營商買進股數(自行買賣)"":""0"",""自營商賣出股數(自行買賣)"":""0"",""自營商買賣超股數(自行買賣)"":""0"",""自營商買進股數(避險)"":""0"",""自營商賣出股數(避險)"":""0"",""自營商買賣超股數(避險)"":""0"",""三大法人買賣超股數"":""-5,000""}"
2026-10-01,TWSE,2546,根基            ,44408,29529,14879,0,19560,-19560,0,0,-1000,"{""證券代號"":""2546"",""證券名稱"":""根基            "",""外陸資買進股數(不含外資自營商)"":""44,408"",""外陸資賣出股數(不含外資自營商)"":""29,529"",""外陸資買賣超股數(不含外資自營商)"":""14,879"",""外資自營商買進股數"":""0"",""外資自營商賣出股數"":""0"",""外資自營商買賣超股數"":""0"",""投信買進股數"":""0"",""投信賣出股數"":""19,560"",""投信買賣超股數"":""-19,560"",""自營商買賣超股數"":""-1,000"",""自營商買進股數(自行買賣)"":""0"",""自營商賣出股數(自行買賣)"":""1,000"",""自營商買賣超股數(自行買賣)"":""-1,000"",""自營商買進股數(避險)"":""0"",""自營商賣出股數(避險)"":""0"",""自營商買賣超股數(避險)"":""0"",""三大法人買賣超股數"":""-5,681""}"
2026-10-01,TWSE,2059,川湖            ,142522,119299,23223,1000,30000,-29000,20067,27166,39,"{""證券代號"":""2059"",""證券名稱"":""川湖            "",""外陸資買進股數(不含外資自營商)"":""142,522"",""外陸資賣出股數(不含外資自營商)"":""119,299"",""外陸資買賣超股數(不含外資自營商)"":""23,223"",""外資自營商買進股數"":""0"",""外資自營商賣出股數"":""0"",""外資自營商買賣超股數"":""0"",""投信買進股數"":""1,000"",""投信賣出股數"":""30,000"",""投信買賣超股數"":""-29,000"",""自營商買賣超股數"":""39"",""自營商買進股數(自行買賣)"":""9,914"",""自營商賣出股數(自行買賣)"":""2,776"",""自營商買賣超股數(自行買賣)"":""7,138"",""自營商買進股數(避險)"":""20,067"",""自營商賣出股數(避險)"":""27,166"",""自營商買賣超股數(避險)"":""-7,099"",""三大法人買賣超股數"":""-5,738""}"
2026-10-01,TWSE,1471,首利            ,8000,14000,-6000,27,0,27,0,0,0,"{""證券代號"":""1471"",""證券名稱"":""首利            "",""外陸資買進股數(不含外資自營商)"":""8,000"",""外陸資賣出股數(不含外資自營商)"":""14,000"",""外陸資買賣超股數(不含外資自營商)"":""-6,000"",""外資自營商買進股數"":""0"",""外資自營商賣出股數"":""0"",""外資自營商買賣超股數"":""0"",""投信買進股數"":""27"",""投信賣出股數"":""0"",""投信買賣超股數"":""27"",""自營商買賣超股數"":""0"",""自營商買進股數(自行買賣)"":""0"",""自營商賣出股數(自行買賣)"":""0"",""自營商買賣超股數(自行買賣)"":""0"",""自營商買進股數(避險)"":""0"",""自營商賣出股數(避險)"":""0"",""自營商買賣超股數(避險)"":""0"",""三大法人買賣超股數"":""-5,973""}"
2026-10-01,TWSE,1540,喬福            ,10000,16000,-6000,0,0,0,0,0,0,"{""證券代號"":""1540"",""證券名稱"":""喬福            "",""外陸資買進股數(不含外資自營商)"":""10,000"",""外陸資賣出股數(不含外資自營商)"":""16,000"",""外陸資買賣超股數(不含外資自營商)"":""-6,000"",""外資自營商買進股數"":""0"",""外資自營商賣出股數"":""0"",""外資自營商買賣超股數"":""0"",""投信買進股數"":""0"",""投信賣出股數"":""0"",""投信買賣超股數"":""0"",""自營商買賣超股數"":""0"",""自營商買進股數(自行買賣)"":""0"",""自營商賣出股數(自行買賣)"":""0"",""自營商買賣超股數(自行買賣)"":""0"",""自營商買進股數(避險)"":""0"",""自營商賣出股數(避險)"":""0"",""自營商買賣超股數(避險)"":""0"",""三大法人買賣超股數"":""-6,000""}"
2026-10-01,TWSE,3447,展達            ,7000,13000,-6000,0,0,0,0,0,0,"{""證券代號"":""3447"",""證券名稱"":""展達            "",""外陸資買進股數(不含外資自營商)"":""7,000"",""外陸資賣出股數(不含外資自營商)"":""13,000"",""外陸資買賣超股數(不含外資自營商)"":""-6,000"",""外資自營商買進股數"":""0"",""外資自營商賣出股數"":""0"",""外資自營商買賣超股數"":""0"",""投信買進股數"":""0"",""投信賣出股數"":""0"",""投信買賣超股數"":""0"",""自營商買賣超股數"":""0"",""自營商買進股數(自行買賣)"":""0"",""自營商賣出股數(自行買賣)"":""0"",""自營商買賣超股數(自行買賣)"":""0"",""自營商買進股數(避險)"":""0"",""自營商賣出股數(避險)"":""0"",""自營商買賣超股數(避險)"":""0"",""三大法人買賣超股數"":""-6,000""}"
2026-10-01,TWSE,2704,國賓            ,29000,35000,-6000,0,0,0,0,0,0,"{""證券代號"":""2704"",""證券名稱"":""國賓            "",""外陸資買進股數(不含外資自營商)"":""29,000"",""外陸資賣出股數(不含外資自營商)"":""35,000"",""外陸資買賣超股數(不含外資自營商)"":""-6,000"",""外資自營商買進股數"":""0"",""外資自營商賣出股數"":""0"",""外資自營商買賣超股數"":""0"",""投信買進股數"":""0"",""投信賣出股數"":""0"",""投信買賣超股數"":""0"",""自營商買賣超股數"":""0"",""自營商買進股數(自行買賣)"":""0"",""自營商賣出股數(自行買賣)"":""0"",""自營商買賣超股數(自行買賣)"":""0"",""自營商買進股數(避險)"":""0"",""自營商賣出股數(避險)"":""0"",""自營商買賣超股數(避險)"":""0"",""三大法人買賣超股數"":""-6,000""}"
2026-10-01,TWSE,5519,隆大            ,15000,21000,-6000,0,0,0,0,0,0,"{""證券代號"":""5519"",""證券名稱"":""隆大            "",""外陸資買進股數(不含外資自營商)"":""15,000"",""外陸資賣出股數(不含外資自營商)"":""21,000"",""外陸資買賣超股數(不含外資自營商)"":""-6,000"",""外資自營商買進股數"":""0"",""外資自營商賣出股數"":""0"",""外資自營商買賣超股數"":""0"",""投信買進股數"":""0"",""投信賣出股數"":""0"",""投信買賣超股數"":""0"",""自營商買賣超股數"":""0"",""自營商買進股數(自行買賣)"":""0"",""自營商賣出股數(自行買賣)"":""0"",""自營商買賣超股數(自行買賣)"":""0"",""自營商買進股數(避險)"":""0"",""自營商賣出股數(避險)"":""0"",""自營商買賣超股數(避險)"":""0"",""三大法人買賣超股數"":""-6,000""}"
2026-10-01,TWSE,5525,順天            ,5000,11000,-6000,0,0,0,0,0,0,"{""證券代號"":""5525"",""證券名稱"":""順天            "",""外陸資買進股數(不含外資自營商)"":""5,000"",""外陸資賣出股數(不含外資自營商)"":""11,000"",""外陸資買賣超股數(不含外資自營商)"":""-6,000"",""外資自營商買進股數"":""0"",""外資自營商賣出股數"":""0"",""外資自營商買賣超股數"":""0"",""投信買進股數"":""0"",""投信賣出股數"":""0"",""投信買賣超股數"":""0"",""自營商買賣超股數"":""0"",""自營商買進股數(自行買賣)"":""0"",""自營商賣出股數(自行買賣)"":""0"",""自營商買賣超股數(自行買賣)"":""0"",""自營商買進股數(避險)"":""0"",""自營商賣出股數(避險)"":""0"",""自營商買賣超股數(避險)"":""0"",""三大法人買賣超股數"":""-6,000""}"
2026-10-01,TWSE,3057,喬鼎            ,6000,11000,-5000,0,0,0,0,0,-1000,"{""證券代號"":""3057"",""證券名稱"":""喬鼎            "",""外陸資買進股數(不含外資自營商)"":""6,000"",""外陸資賣出股數(不含外資自營商)"":""11,000"",""外陸資買賣超股數(不含外資自營商)"":""-5,000"",""外資自營商買進股數"":""0"",""外資自營商賣出股數"":""0"",""外資自營商買賣超股數"":""0"",""投信買進股數"":""0"",""投信賣出股數"":""0"",""投信買賣超股數"":""0"",""自營商買賣超股數"":""-1,000"",""自營商買進股數(自行買賣)"":""0"",""自營商賣出股數(自行買賣)"":""1,000"",""自營商買賣超股數(自行買賣)"":""-1,000"",""自營商買進股數(避險)"":""0"",""自營商賣出股數(避險)"":""0"",""自營商買賣超股數(避險)"":""0"",""三大法人買賣超股數"":""-6,000""}"
2026-10-01,TWSE,5283,禾聯碩          ,3000,10000,-7000,0,0,0,0,0,1000,"{""證券代號"":""5283"",""證券名稱"":""禾聯碩          "",""外陸資買進股數(不含外資自營商)"":""3,000"",""外陸資賣出股數(不含外資自營商)"":""10,000"",""外陸資買賣超股數(不含外資自營商)"":""-7,000"",""外資自營商買進股數"":""0"",""外資自營商賣出股數"":""0"",""外資自營商買賣超股數"":""0"",""投信買進股數"":""0"",""投信賣出股數"":""0"",""投信買賣超股數"":""0"",""自營商買賣超股數"":""1,000"",""自營商買進股數(自行買賣)"":""1,000"",""自營商賣出股數(自行買賣)"":""0"",""自營商買賣超股數(自行買賣)"":""1,000"",""自營商買進股數(避險)"":""0"",""自營商賣出股數(避險)"":""0"",""自營商買賣超股數(避險)"":""0"",""三大法人買賣超股數"":""-6,000""}"
2026-10-01,TWSE,8488,吉源-KY         ,2000,8000,-6000,0,0,0,0,0,-395,"{""證券代號"":""8488"",""證券名稱"":""吉源-KY         "",""外陸資買進股數(不含外資自營商)"":""2,000"",""外陸資賣出股數(不含外資自營商)"":""8,000"",""外陸資買賣超股數(不含外資自營商)"":""-6,000"",""外資自營商買進股數"":""0"",""外資自營商賣出股數"":""0"",""外資自營商買賣超股數"":""0"",""投信買進股數"":""0"",""投信賣出股數"":""0"",""投信買賣超股數"":""0"",""自營商買賣超股數"":""-395"",""自營商買進股數(自行買賣)"":""0"",""自營商賣出股數(自行買賣)"":""395"",""自營商買賣超股數(自行買賣)"":""-395"",""自營商買進股數(避險)"":""0"",""自營商賣出股數(避險)"":""0"",""自營商買賣超股數(避險)"":""0"",""三大法人買賣超股數"":""-6,395""}"
2026-10-01,TWSE,8201,無敵            ,56000,48000,8000,0,0,0,0,0,-14502,"{""證券代號"":""8201"",""證券名稱"":""無敵            "",""外陸資買進股數(不含外資自營商)"":""56,000"",""外陸資賣出股數(不含外資自營商)"":""48,000"",""外陸資買賣超股數(不含外資自營商)"":""8,000"",""外資自營商買進股數"":""0"",""外資自營商賣出股數"":""0"",""外資自營商買賣超股數"":""0"",""投信買進股數"":""0"",""投信賣出股數"":""0"",""投信買賣超股數"":""0"",""自營商買賣超股數"":""-14,502"",""自營商買進股數(自行買賣)"":""0"",""自營商賣出股數(自行買賣)"":""14,502"",""自營商買賣超股數(自行買賣)"":""-14,502"",""自營商買進股數(避險)"":""0"",""自營商賣出股數(避險)"":""0"",""自營商買賣超股數(避險)"":""0"",""三大法人買賣超股數"":""-6,502""}"
2026-10-01,TWSE,3617,碩天            ,28665,33970,-5305,0,0,0,40,1317,-1277,"{""證券代號"":""3617"",""證券名稱"":""碩天            "",""外陸資買進股數(不含外資自營商)"":""28,665"",""外陸資賣出股數(不含外資自營商)"":""33,970"",""外陸資買賣超股數(不含外資自營商)"":""-5,305"",""外資自營商買進股數"":""0"",""外資自營商賣出股數"":""0"",""外資自營商買賣超股數"":""0"",""投信買進股數"":""0"",""投信賣出股數"":""0"",""投信買賣超股數"":""0"",""自營商買賣超股數"":""-1,277"",""自營商買進股數(自行買賣)"":""0"",""自營商賣出股數(自行買賣)"":""0"",""自營商買賣超股數(自行買賣)"":""0"",""自營商買進股數(避險)"":""40"",""自營商賣出股數(避險)"":""1,317"",""自營商買賣超股數(避險)"":""-1,277"",""三大法人買賣超股數"":""-6,582""}"
2026-10-01,TWSE,3679,新至陞          ,16000,23000,-7000,292,0,292,0,0,0,"{""證券代號"":""3679"",""證券名稱"":""新至陞          "",""外陸資買進股數(不含外資自營商)"":""16,000"",""外陸資賣出股數(不含外資自營商)"":""23,000"",""外陸資買賣超股數(不含外資自營商)"":""-7,000"",""外資自營商買進股數"":""0"",""外資自營商賣出股數"":""0"",""外資自營商買賣超股數"":""0"",""投信買進股數"":""292"",""投信賣出股數"":""0"",""投信買賣超股數"":""292"",""自營商買賣超股數"":""0"",""自營商買進股數(自行買賣)"":""0"",""自營商賣出股數(自行買賣)"":""0"",""自營商買賣超股數(自行買賣)"":""0"",""自營商買進股數(避險)"":""0"",""自營商賣出股數(避險)"":""0"",""自營商買賣超股數(避險)"":""0"",""三大法人買賣超股數"":""-6,708""}"
2026-10-01,TWSE,2433,互盛電          ,1000,14000,-13000,0,0,0,0,0,6000,"{""證券代號"":""2433"",""證券名稱"":""互盛電          "",""外陸資買進股數(不含外資自營商)"":""1,000"",""外陸資賣出股數(不含外資自營商)"":""14,000"",""外陸資買賣超股數(不含外資自營商)"":""-13,000"",""外資自營商買進股數"":""0"",""外資自營商賣出股數"":""0"",""外資自營商買賣超股數"":""0"",""投信買進股數"":""0"",""投信賣出股數"":""0"",""投信買賣超股數"":""0"",""自營商買賣超股數"":""6,000"",""自營商買進股數(自行買賣)"":""6,000"",""自營商賣出股數(自行買賣)"":""0"",""自營商買賣超股數(自行買賣)"":""6,000"",""自營商買進股數(避險)"":""0"",""自營商賣出股數(避險)"":""0"",""自營商買賣超股數(避險)"":""0"",""三大法人買賣超股數"":""-7,000""}"
2026-10-01,TWSE,6657,華安            ,11000,19000,-8000,0,0,0,0,0,1000,"{""證券代號"":""6657"",""證券名稱"":""華安            "",""外陸資買進股數(不含外資自營商)"":""11,000"",""外陸資賣出股數(不含外資自營商)"":""19,000"",""外陸資買賣超股數(不含外資自營商)"":""-8,000"",""外資自營商買進股數"":""0"",""外資自營商賣出股數"":""0"",""外資自營商買賣超股數"":""0"",""投信買進股數"":""0"",""投信賣出股數"":""0"",""投信買賣超股數"":""0"",""自營商買賣超股數"":""1,000"",""自營商買進股數(自行買賣)"":""1,000"",""自營商賣出股數(自行買賣)"":""0"",""自營商買賣超股數(自行買賣)"":""1,000"",""自營商買進股數(避險)"":""0"",""自營商賣出股數(避險)"":""0"",""自營商買賣超股數(避險)"":""0"",""三大法人買賣超股數"":""-7,000""}"
2026-10-01,TWSE,1524,耿鼎            ,20000,27000,-7000,0,0,0,0,0,0,"{""證券代號"":""1524"",""證券名稱"":""耿鼎            "",""外陸資買進股數(不含外資自營商)"":""20,000"",""外陸資賣出股數(不含外資自營商)"":""27,000"",""外陸資買賣超股數(不含外資自營商)"":""-7,000"",""外資自營商買進股數"":""0"",""外資自營商賣出股數"":""0"",""外資自營商買賣超股數"":""0"",""投信買進股數"":""0"",""投信賣出股數"":""0"",""投信買賣超股數"":""0"",""自營商買賣超股數"":""0"",""自營商買進股數(自行買賣)"":""0"",""自營商賣出股數(自行買賣)"":""0"",""自營商買賣超股數(自行買賣)"":""0"",""自營商買進股數(避險)"":""0"",""自營商賣出股數(避險)"":""0"",""自營商買賣超股數(避險)"":""0"",""三大法人買賣超股數"":""-7,000""}"
2026-10-01,TWSE,6625,必應            ,10573,19000,-8427,0,0,0,0,0,1000,"{""證券代號"":""6625"",""證券名稱"":""必應            "",""外陸資買進股數(不含外資自營商)"":""10,573"",""外陸資賣出股數(不含外資自營商)"":""19,000"",""外陸資買賣超股數(不含外資自營商)"":""-8,427"",""外資自營商買進股數"":""0"",""外資自營商賣出股數"":""0"",""外資自營商買賣超股數"":""0"",""投信買進股數"":""0"",""投信賣出股數"":""0"",""投信買賣超股數"":""0"",""自營商買賣超股數"":""1,000"",""自營商買進股數(自行買賣)"":""1,000"",""自營商賣出股數(自行買賣)"":""0"",""自營商買賣超股數(自行買賣)"":""1,000"",""自營商買進股數(避險)"":""0"",""自營商賣出股數(避險)"":""0"",""自營商買賣超股數(避險)"":""0"",""三大法人買賣超股數"":""-7,427""}"
2026-10-01,TWSE,1234,黑松            ,10000,18000,-8000,0,0,0,1000,566,430,"{""證券代號"":""1234"",""證券名稱"":""黑松            "",""外陸資買進股數(不含外資自營商)"":""10,000"",""外陸資賣出股數(不含外資自營商)"":""18,000"",""外陸資買賣超股數(不含外資自營商)"":""-8,000"",""外資自營商買進股數"":""0"",""外資自營商賣出股數"":""0"",""外資自營商買賣超股數"":""0"",""投信買進股數"":""0"",""投信賣出股數"":""0"",""投信買賣超股數"":""0"",""自營商買賣超股數"":""430"",""自營商買進股數(自行買賣)"":""0"",""自營商賣出股數(自行買賣)"":""4"",""自營商買賣超股數(自行買賣)"":""-4"",""自營商買進股數(避險)"":""1,000"",""自營商賣出股數(避險)"":""566"",""自營商買賣超股數(避險)"":""434"",""三大法人買賣超股數"":""-7,570""}"
2026-10-01,TWSE,5284,jpp-KY          ,50000,56000,-6000,0,0,0,1000,2615,-1615,"{""證券代號"":""5284"",""證券名稱"":""jpp-KY          "",""外陸資買進股數(不含外資自營商)"":""50,000"",""外陸資賣出股數(不含外資自營商)"":""56,000"",""外陸資買賣超股數(不含外資自營商)"":""-6,000"",""外資自營商買進股數"":""0"",""外資自營商賣出股數"":""0"",""外資自營商買賣超股數"":""0"",""投信買進股數"":""0"",""投信賣出股數"":""0"",""投信買賣超股數"":""0"",""自營商買賣超股數"":""-1,615"",""自營商買進股數(自行買賣)"":""0"",""自營商賣出股數(自行買賣)"":""0"",""自營商買賣超股數(自行買賣)"":""0"",""自營商買進股數(避險)"":""1,000"",""自營商賣出股數(避險)"":""2,615"",""自營商買賣超股數(避險)"":""-1,615"",""三大法人買賣超股數"":""-7,615""}"
2026-10-01,TWSE,9911,櫻花            ,28235,44000,-15765,0,0,0,0,0,8000,"{""證券代號"":""9911"",""證券名稱"":""櫻花            "",""外陸資買進股數(不含外資自營商)"":""28,235"",""外陸資賣出股數(不含外資自營商)"":""44,000"",""外陸資買賣超股數(不含外資自營商)"":""-15,765"",""外資自營商買進股數"":""0"",""外資自營商賣出股數"":""0"",""外資自營商買賣超股數"":""0"",""投信買進股數"":""0"",""投信賣出股數"":""0"",""投信買賣超股數"":""0"",""自營商買賣超股數"":""8,000"",""自營商買進股數(自行買賣)"":""8,000"",""自營商賣出股數(自行買賣)"":""0"",""自營商買賣超股數(自行買賣)"":""8,000"",""自營商買進股數(避險)"":""0"",""自營商賣出股數(避險)"":""0"",""自營商買賣超股數(避險)"":""0"",""三大法人買賣超股數"":""-7,765""}"
2026-10-01,TWSE,1730,花仙子          ,0,11000,-11000,0,0,0,0,0,3006,"{""證券代號"":""1730"",""證券名稱"":""花仙子          "",""外陸資買進股數(不含外資自營商)"":""0"",""外陸資賣出股數(不含外資自營商)"":""11,000"",""外陸資買賣超股數(不含外資自營商)"":""-11,000"",""外資自營商買進股數"":""0"",""外資自營商賣出股數"":""0"",""外資自營商買賣超股數"":""0"",""投信買進股數"":""0"",""投信賣出股數"":""0"",""投信買賣超股數"":""0"",""自營商買賣超股數"":""3,006"",""自營商買進股數(自行買賣)"":""3,006"",""自營商賣出股數(自行買賣)"":""0"",""自營商買賣超股數(自行買賣)"":""3,006"",""自營商買進股數(避險)"":""0"",""自營商賣出股數(避險)"":""0"",""自營商買賣超股數(避險)"":""0"",""三大法人買賣超股數"":""-7,994""}"
2026-10-01,TWSE,2514,龍邦            ,27000,35000,-8000,0,0,0,0,0,0,"{""證券代號"":""2514"",""證券名稱"":""龍邦            "",""外陸資買進股數(不含外資自營商)"":""27,000"",""外陸資賣出股數(不含外資自營商)"":""35,000"",""外陸資買賣超股數(不含外資自營商)"":""-8,000"",""外資自營商買進股數"":""0"",""外資自營商賣出股數"":""0"",""外資自營商買賣超股數"":""0"",""投信買進股數"":""0"",""投信賣出股數"":""0"",""投信買賣超股數"":""0"",""自營商買賣超股數"":""0"",""自營商買進股數(自行買賣)"":""0"",""自營商賣出股數(自行買賣)"":""0"",""自營商買賣超股數(自行買賣)"":""0"",""自營商買進股數(避險)"":""0"",""自營商賣出股數(避險)"":""0"",""自營商買賣超股數(避險)"":""0"",""三大法人買賣超股數"":""-8,000""}"
2026-10-01,TWSE,4133,亞諾法          ,3000,11000,-8000,0,0,0,0,0,0,"{""證券代號"":""4133"",""證券名稱"":""亞諾法          "",""外陸資買進股數(不含外資自營商)"":""3,000"",""外陸資賣出股數(不含外資自營商)"":""11,000"",""外陸資買賣超股數(不含外資自營商)"":""-8,000"",""外資自營商買進股數"":""0"",""外資自營商賣出股數"":""0"",""外資自營商買賣超股數"":""0"",""投信買進股數"":""0"",""投信賣出股數"":""0"",""投信買賣超股數"":""0"",""自營商買賣超股數"":""0"",""自營商買進股數(自行買賣)"":""0"",""自營商賣出股數(自行買賣)"":""0"",""自營商買賣超股數(自行買賣)"":""0"",""自營商買進股數(避險)"":""0"",""自營商賣出股數(避險)"":""0"",""自營商買賣超股數(避險)"":""0"",""三大法人買賣超股數"":""-8,000""}"
2026-10-01,TWSE,2608,嘉里大榮        ,14000,44000,-30000,0,0,0,0,13,21987,"{""證券代號"":""2608"",""證券名稱"":""嘉里大榮        "",""外陸資買進股數(不含外資自營商)"":""14,000"",""外陸資賣出股數(不含外資自營商)"":""44,000"",""外陸資買賣超股數(不含外資自營商)"":""-30,000"",""外資自營商買進股數"":""0"",""外資自營商賣出股數"":""0"",""外資自營商買賣超股數"":""0"",""投信買進股數"":""0"",""投信賣出股數"":""0"",""投信買賣超股數"":""0"",""自營商買賣超股數"":""21,987"",""自營商買進股數(自行買賣)"":""22,000"",""自營商賣出股數(自行買賣)"":""0"",""自營商買賣超股數(自行買賣)"":""22,000"",""自營商買進股數(避險)"":""0"",""自營商賣出股數(避險)"":""13"",""自營商買賣超股數(避險)"":""-13"",""三大法人買賣超股數"":""-8,013""}"
2026-10-01,TWSE,7822,倍利科          ,89000,100000,-11000,1000,0,1000,2871,1705,1166,"{""證券代號"":""7822"",""證券名稱"":""倍利科          "",""外陸資買進股數(不含外資自營商)"":""89,000"",""外陸資賣出股數(不含外資自營商)"":""100,000"",""外陸資買賣超股數(不含外資自營商)"":""-11,000"",""外資自營商買進股數"":""0"",""外資自營商賣出股數"":""0"",""外資自營商買賣超股數"":""0"",""投信買進股數"":""1,000"",""投信賣出股數"":""0"",""投信買賣超股數"":""1,000"",""自營商買賣超股數"":""1,166"",""自營商買進股數(自行買賣)"":""0"",""自營商賣出股數(自行買賣)"":""0"",""自營商買賣超股數(自行買賣)"":""0"",""自營商買進股數(避險)"":""2,871"",""自營商賣出股數(避險)"":""1,705"",""自營商買賣超股數(避險)"":""1,166"",""三大法人買賣超股數"":""-8,834""}"
2026-10-01,TWSE,3432,台端            ,5000,14000,-9000,0,0,0,0,0,0,"{""證券代號"":""3432"",""證券名稱"":""台端            "",""外陸資買進股數(不含外資自營商)"":""5,000"",""外陸資賣出股數(不含外資自營商)"":""14,000"",""外陸資買賣超股數(不含外資自營商)"":""-9,000"",""外資自營商買進股數"":""0"",""外資自營商賣出股數"":""0"",""外資自營商買賣超股數"":""0"",""投信買進股數"":""0"",""投信賣出股數"":""0"",""投信買賣超股數"":""0"",""自營商買賣超股數"":""0"",""自營商買進股數(自行買賣)"":""0"",""自營商賣出股數(自行買賣)"":""0"",""自營商買賣超股數(自行買賣)"":""0"",""自營商買進股數(避險)"":""0"",""自營商賣出股數(避險)"":""0"",""自營商買賣超股數(避險)"":""0"",""三大法人買賣超股數"":""-9,000""}"
2026-10-01,TWSE,1604,聲寶            ,49000,64000,-15000,0,0,0,0,0,6000,"{""證券代號"":""1604"",""證券名稱"":""聲寶            "",""外陸資買進股數(不含外資自營商)"":""49,000"",""外陸資賣出股數(不含外資自營商)"":""64,000"",""外陸資買賣超股數(不含外資自營商)"":""-15,000"",""外資自營商買進股數"":""0"",""外資自營商賣出股數"":""0"",""外資自營商買賣超股數"":""0"",""投信買進股數"":""0"",""投信賣出股數"":""0"",""投信買賣超股數"":""0"",""自營商買賣超股數"":""6,000"",""自營商買進股數(自行買賣)"":""6,000"",""自營商賣出股數(自行買賣)"":""0"",""自營商買賣超股數(自行買賣)"":""6,000"",""自營商買進股數(避險)"":""0"",""自營商賣出股數(避險)"":""0"",""自營商買賣超股數(避險)"":""0"",""三大法人買賣超股數"":""-9,000""}"
2026-10-01,TWSE,1762,中化生          ,3000,12000,-9000,0,0,0,0,0,0,"{""證券代號"":""1762"",""證券名稱"":""中化生          "",""外陸資買進股數(不含外資自營商)"":""3,000"",""外陸資賣出股數(不含外資自營商)"":""12,000"",""外陸資買賣超股數(不含外資自營商)"":""-9,000"",""外資自營商買進股數"":""0"",""外資自營商賣出股數"":""0"",""外資自營商買賣超股數"":""0"",""投信買進股數"":""0"",""投信賣出股數"":""0"",""投信買賣超股數"":""0"",""自營商買賣超股數"":""0"",""自營商買進股數(自行買賣)"":""0"",""自營商賣出股數(自行買賣)"":""0"",""自營商買賣超股數(自行買賣)"":""0"",""自營商買進股數(避險)"":""0"",""自營商賣出股數(避險)"":""0"",""自營商買賣超股數(避險)"":""0"",""三大法人買賣超股數"":""-9,000""}"
2026-10-01,TWSE,1623,大東電          ,6000,15000,-9000,0,0,0,0,0,0,"{""證券代號"":""1623"",""證券名稱"":""大東電          "",""外陸資買進股數(不含外資自營商)"":""6,000"",""外陸資賣出股數(不含外資自營商)"":""15,000"",""外陸資買賣超股數(不含外資自營商)"":""-9,000"",""外資自營商買進股數"":""0"",""外資自營商賣出股數"":""0"",""外資自營商買賣超股數"":""0"",""投信買進股數"":""0"",""投信賣出股數"":""0"",""投信買賣超股數"":""0"",""自營商買賣超股數"":""0"",""自營商買進股數(自行買賣)"":""0"",""自營商賣出股數(自行買賣)"":""0"",""自營商買賣超股數(自行買賣)"":""0"",""自營商買進股數(避險)"":""0"",""自營商賣出股數(避險)"":""0"",""自營商買賣超股數(避險)"":""0"",""三大法人買賣超股數"":""-9,000""}"
2026-10-01,TWSE,3003,健和興          ,33008,42434,-9426,0,0,0,0,22,-22,"{""證券代號"":""3003"",""證券名稱"":""健和興          "",""外陸資買進股數(不含外資自營商)"":""33,008"",""外陸資賣出股數(不含外資自營商)"":""42,434"",""外陸資買賣超股數(不含外資自營商)"":""-9,426"",""外資自營商買進股數"":""0"",""外資自營商賣出股數"":""0"",""外資自營商買賣超股數"":""0"",""投信買進股數"":""0"",""投信賣出股數"":""0"",""投信買賣超股數"":""0"",""自營商買賣超股數"":""-22"",""自營商買進股數(自行買賣)"":""0"",""自營商賣出股數(自行買賣)"":""0"",""自營商買賣超股數(自行買賣)"":""0"",""自營商買進股數(避險)"":""0"",""自營商賣出股數(避險)"":""22"",""自營商買賣超股數(避險)"":""-22"",""三大法人買賣超股數"":""-9,448""}"
2026-10-01,TWSE,5538,東明-KY         ,4000,14000,-10000,0,0,0,0,0,0,"{""證券代號"":""5538"",""證券名稱"":""東明-KY         "",""外陸資買進股數(不含外資自營商)"":""4,000"",""外陸資賣出股數(不含外資自營商)"":""14,000"",""外陸資買賣超股數(不含外資自營商)"":""-10,000"",""外資自營商買進股數"":""0"",""外資自營商賣出股數"":""0"",""外資自營商買賣超股數"":""0"",""投信買進股數"":""0"",""投信賣出股數"":""0"",""投信買賣超股數"":""0"",""自營商買賣超股數"":""0"",""自營商買進股數(自行買賣)"":""0"",""自營商賣出股數(自行買賣)"":""0"",""自營商買賣超股數(自行買賣)"":""0"",""自營商買進股數(避險)"":""0"",""自營商賣出股數(避險)"":""0"",""自營商買賣超股數(避險)"":""0"",""三大法人買賣超股數"":""-10,000""}"
2026-10-01,TWSE,6931,青松健康        ,0,10000,-10000,0,0,0,0,0,0,"{""證券代號"":""6931"",""證券名稱"":""青松健康        "",""外陸資買進股數(不含外資自營商)"":""0"",""外陸資賣出股數(不含外資自營商)"":""10,000"",""外陸資買賣超股數(不含外資自營商)"":""-10,000"",""外資自營商買進股數"":""0"",""外資自營商賣出股數"":""0"",""外資自營商買賣超股數"":""0"",""投信買進股數"":""0"",""投信賣出股數"":""0"",""投信買賣超股數"":""0"",""自營商買賣超股數"":""0"",""自營商買進股數(自行買賣)"":""0"",""自營商賣出股數(自行買賣)"":""0"",""自營商買賣超股數(自行買賣)"":""0"",""自營商買進股數(避險)"":""0"",""自營商賣出股數(避險)"":""0"",""自營商買賣超股數(避險)"":""0"",""三大法人買賣超股數"":""-10,000""}"
2026-10-01,TWSE,2480,敦陽科          ,24442,35023,-10581,0,0,0,0,0,-59,"{""證券代號"":""2480"",""證券名稱"":""敦陽科          "",""外陸資買進股數(不含外資自營商)"":""24,442"",""外陸資賣出股數(不含外資自營商)"":""35,023"",""外陸資買賣超股數(不含外資自營商)"":""-10,581"",""外資自營商買進股數"":""0"",""外資自營商賣出股數"":""0"",""外資自營商買賣超股數"":""0"",""投信買進股數"":""0"",""投信賣出股數"":""0"",""投信買賣超股數"":""0"",""自營商買賣超股數"":""-59"",""自營商買進股數(自行買賣)"":""3"",""自營商賣出股數(自行買賣)"":""62"",""自營商買賣超股數(自行買賣)"":""-59"",""自營商買進股數(避險)"":""0"",""自營商賣出股數(避險)"":""0"",""自營商買賣超股數(避險)"":""0"",""三大法人買賣超股數"":""-10,640""}"
2026-10-01,TWSE,5215,科嘉-KY         ,5000,16000,-11000,5,0,5,0,0,197,"{""證券代號"":""5215"",""證券名稱"":""科嘉-KY         "",""外陸資買進股數(不含外資自營商)"":""5,000"",""外陸資賣出股數(不含外資自營商)"":""16,000"",""外陸資買賣超股數(不含外資自營商)"":""-11,000"",""外資自營商買進股數"":""0"",""外資自營商賣出股數"":""0"",""外資自營商買賣超股數"":""0"",""投信買進股數"":""5"",""投信賣出股數"":""0"",""投信買賣超股數"":""5"",""自營商買賣超股數"":""197"",""自營商買進股數(自行買賣)"":""197"",""自營商賣出股數(自行買賣)"":""0"",""自營商買賣超股數(自行買賣)"":""197"",""自營商買進股數(避險)"":""0"",""自營商賣出股數(避險)"":""0"",""自營商買賣超股數(避險)"":""0"",""三大法人買賣超股數"":""-10,798""}"
2026-10-01,TWSE,1437,勤益控          ,4175,15000,-10825,0,0,0,0,0,0,"{""證券代號"":""1437"",""證券名稱"":""勤益控          "",""外陸資買進股數(不含外資自營商)"":""4,175"",""外陸資賣出股數(不含外資自營商)"":""15,000"",""外陸資買賣超股數(不含外資自營商)"":""-10,825"",""外資自營商買進股數"":""0"",""外資自營商賣出股數"":""0"",""外資自營商買賣超股數"":""0"",""投信買進股數"":""0"",""投信賣出股數"":""0"",""投信買賣超股數"":""0"",""自營商買賣超股數"":""0"",""自營商買進股數(自行買賣)"":""0"",""自營商賣出股數(自行買賣)"":""0"",""自營商買賣超股數(自行買賣)"":""0"",""自營商買進股數(避險)"":""0"",""自營商賣出股數(避險)"":""0"",""自營商買賣超股數(避險)"":""0"",""三大法人買賣超股數"":""-10,825""}"
2026-10-01,TWSE,6201,亞弘電          ,7000,19000,-12000,5,0,5,0,0,1000,"{""證券代號"":""6201"",""證券名稱"":""亞弘電          "",""外陸資買進股數(不含外資自營商)"":""7,000"",""外陸資賣出股數(不含外資自營商)"":""19,000"",""外陸資買賣超股數(不含外資自營商)"":""-12,000"",""外資自營商買進股數"":""0"",""外資自營商賣出股數"":""0"",""外資自營商買賣超股數"":""0"",""投信買進股數"":""5"",""投信賣出股數"":""0"",""投信買賣超股數"":""5"",""自營商買賣超股數"":""1,000"",""自營商買進股數(自行買賣)"":""1,000"",""自營商賣出股數(自行買賣)"":""0"",""自營商買賣超股數(自行買賣)"":""1,000"",""自營商買進股數(避險)"":""0"",""自營商賣出股數(避險)"":""0"",""自營商買賣超股數(避險)"":""0"",""三大法人買賣超股數"":""-10,995""}"
2026-10-01,TWSE,00689R,國泰20年美債反1 ,0,3000,-3000,0,0,0,104000,112000,-8000,"{""證券代號"":""00689R"",""證券名稱"":""國泰20年美債反1 "",""外陸資買進股數(不含外資自營商)"":""0"",""外陸資賣出股數(不含外資自營商)"":""3,000"",""外陸資買賣超股數(不含外資自營商)"":""-3,000"",""外資自營商買進股數"":""0"",""外資自營商賣出股數"":""0"",""外資自營商買賣超股數"":""0"",""投信買進股數"":""0"",""投信賣出股數"":""0"",""投信買賣超股數"":""0"",""自營商買賣超股數"":""-8,000"",""自營商買進股數(自行買賣)"":""0"",""自營商賣出股數(自行買賣)"":""0"",""自營商買賣超股數(自行買賣)"":""0"",""自營商買進股數(避險)"":""104,000"",""自營商賣出股數(避險)"":""112,000"",""自營商買賣超股數(避險)"":""-8,000"",""三大法人買賣超股數"":""-11,000""}"
2026-10-01,TWSE,00656R,國泰中國A50反1  ,0,100000,-100000,0,0,0,99000,10000,89000,"{""證券代號"":""00656R"",""證券名稱"":""國泰中國A50反1  "",""外陸資買進股數(不含外資自營商)"":""0"",""外陸資賣出股數(不含外資自營商)"":""100,000"",""外陸資買賣超股數(不含外資自營商)"":""-100,000"",""外資自營商買進股數"":""0"",""外資自營商賣出股數"":""0"",""外資自營商買賣超股數"":""0"",""投信買進股數"":""0"",""投信賣出股數"":""0"",""投信買賣超股數"":""0"",""自營商買賣超股數"":""89,000"",""自營商買進股數(自行買賣)"":""0"",""自營商賣出股數(自行買賣)"":""0"",""自營商買賣超股數(自行買賣)"":""0"",""自營商買進股數(避險)"":""99,000"",""自營商賣出股數(避險)"":""10,000"",""自營商買賣超股數(避險)"":""89,000"",""三大法人買賣超股數"":""-11,000""}"
2026-10-01,TWSE,1456,怡華            ,14000,25000,-11000,0,0,0,0,0,0,"{""證券代號"":""1456"",""證券名稱"":""怡華            "",""外陸資買進股數(不含外資自營商)"":""14,000"",""外陸資賣出股數(不含外資自營商)"":""25,000"",""外陸資買賣超股數(不含外資自營商)"":""-11,000"",""外資自營商買進股數"":""0"",""外資自營商賣出股數"":""0"",""外資自營商買賣超股數"":""0"",""投信買進股數"":""0"",""投信賣出股數"":""0"",""投信買賣超股數"":""0"",""自營商買賣超股數"":""0"",""自營商買進股數(自行買賣)"":""3,000"",""自營商賣出股數(自行買賣)"":""3,000"",""自營商買賣超股數(自行買賣)"":""0"",""自營商買進股數(避險)"":""0"",""自營商賣出股數(避險)"":""0"",""自營商買賣超股數(避險)"":""0"",""三大法人買賣超股數"":""-11,000""}"
2026-10-01,TWSE,1441,大東            ,0,11000,-11000,0,0,0,0,0,0,"{""證券代號"":""1441"",""證券名稱"":""大東            "",""外陸資買進股數(不含外資自營商)"":""0"",""外陸資賣出股數(不含外資自營商)"":""11,000"",""外陸資買賣超股數(不含外資自營商)"":""-11,000"",""外資自營商買進股數"":""0"",""外資自營商賣出股數"":""0"",""外資自營商買賣超股數"":""0"",""投信買進股數"":""0"",""投信賣出股數"":""0"",""投信買賣超股數"":""0"",""自營商買賣超股數"":""0"",""自營商買進股數(自行買賣)"":""0"",""自營商賣出股數(自行買賣)"":""0"",""自營商買賣超股數(自行買賣)"":""0"",""自營商買進股數(避險)"":""0"",""自營商賣出股數(避險)"":""0"",""自營商買賣超股數(避險)"":""0"",""三大法人買賣超股數"":""-11,000""}"
2026-10-01,TWSE,1452,宏益            ,2000,13004,-11004,0,0,0,0,0,0,"{""證券代號"":""1452"",""證券名稱"":""宏益            "",""外陸資買進股數(不含外資自營商)"":""2,000"",""外陸資賣出股數(不含外資自營商)"":""13,004"",""外陸資買賣超股數(不含外資自營商)"":""-11,004"",""外資自營商買進股數"":""0"",""外資自營商賣出股數"":""0"",""外資自營商買賣超股數"":""0"",""投信買進股數"":""0"",""投信賣出股數"":""0"",""投信買賣超股數"":""0"",""自營商買賣超股數"":""0"",""自營商買進股數(自行買賣)"":""0"",""自營商賣出股數(自行買賣)"":""0"",""自營商買賣超股數(自行買賣)"":""0"",""自營商買進股數(避險)"":""0"",""自營商賣出股數(避險)"":""0"",""自營商買賣超股數(避險)"":""0"",""三大法人買賣超股數"":""-11,004""}"
2026-10-01,TWSE,1720,生達            ,8500,20000,-11500,0,0,0,0,0,0,"{""證券代號"":""1720"",""證券名稱"":""生達            "",""外陸資買進股數(不含外資自營商)"":""8,500"",""外陸資賣出股數(不含外資自營商)"":""20,000"",""外陸資買賣超股數(不含外資自營商)"":""-11,500"",""外資自營商買進股數"":""0"",""外資自營商賣出股數"":""0"",""外資自營商買賣超股數"":""0"",""投信買進股數"":""0"",""投信賣出股數"":""0"",""投信買賣超股數"":""0"",""自營商買賣超股數"":""0"",""自營商買進股數(自行買賣)"":""0"",""自營商賣出股數(自行買賣)"":""0"",""自營商買賣超股數(自行買賣)"":""0"",""自營商買進股數(避險)"":""0"",""自營商賣出股數(避險)"":""0"",""自營商買賣超股數(避險)"":""0"",""三大法人買賣超股數"":""-11,500""}"
2026-10-01,TWSE,1615,大山            ,20000,32000,-12000,0,0,0,0,0,0,"{""證券代號"":""1615"",""證券名稱"":""大山            "",""外陸資買進股數(不含外資自營商)"":""20,000"",""外陸資賣出股數(不含外資自營商)"":""32,000"",""外陸資買賣超股數(不含外資自營商)"":""-12,000"",""外資自營商買進股數"":""0"",""外資自營商賣出股數"":""0"",""外資自營商買賣超股數"":""0"",""投信買進股數"":""0"",""投信賣出股數"":""0"",""投信買賣超股數"":""0"",""自營商買賣超股數"":""0"",""自營商買進股數(自行買賣)"":""0"",""自營商賣出股數(自行買賣)"":""0"",""自營商買賣超股數(自行買賣)"":""0"",""自營商買進股數(避險)"":""0"",""自營商賣出股數(避險)"":""0"",""自營商買賣超股數(避險)"":""0"",""三大法人買賣超股數"":""-12,000""}"
2026-10-01,TWSE,00648R,元大S&P500反1   ,0,0,0,0,0,0,458000,470000,-12000,"{""證券代號"":""00648R"",""證券名稱"":""元大S&P500反1   "",""外陸資買進股數(不含外資自營商)"":""0"",""外陸資賣出股數(不含外資自營商)"":""0"",""外陸資買賣超股數(不含外資自營商)"":""0"",""外資自營商買進股數"":""0"",""外資自營商賣出股數"":""0"",""外資自營商買賣超股數"":""0"",""投信買進股數"":""0"",""投信賣出股數"":""0"",""投信買賣超股數"":""0"",""自營商買賣超股數"":""-12,000"",""自營商買進股數(自行買賣)"":""0"",""自營商賣出股數(自行買賣)"":""0"",""自營商買賣超股數(自行買賣)"":""0"",""自營商買進股數(避險)"":""458,000"",""自營商賣出股數(避險)"":""470,000"",""自營商買賣超股數(避險)"":""-12,000"",""三大法人買賣超股數"":""-12,000""}"
2026-10-01,TWSE,4540,全球傳動        ,433997,446000,-12003,0,0,0,0,0,0,"{""證券代號"":""4540"",""證券名稱"":""全球傳動        "",""外陸資買進股數(不含外資自營商)"":""433,997"",""外陸資賣出股數(不含外資自營商)"":""446,000"",""外陸資買賣超股數(不含外資自營商)"":""-12,003"",""外資自營商買進股數"":""0"",""外資自營商賣出股數"":""0"",""外資自營商買賣超股數"":""0"",""投信買進股數"":""0"",""投信賣出股數"":""0"",""投信買賣超股數"":""0"",""自營商買賣超股數"":""0"",""自營商買進股數(自行買賣)"":""0"",""自營商賣出股數(自行買賣)"":""0"",""自營商買賣超股數(自行買賣)"":""0"",""自營商買進股數(避險)"":""0"",""自營商賣出股數(避險)"":""0"",""自營商買賣超股數(避險)"":""0"",""三大法人買賣超股數"":""-12,003""}"
2026-10-01,TWSE,0061,元大寶滬深      ,0,11000,-11000,0,0,0,0,1311,-1311,"{""證券代號"":""0061"",""證券名稱"":""元大寶滬深      "",""外陸資買進股數(不含外資自營商)"":""0"",""外陸資賣出股數(不含外資自營商)"":""11,000"",""外陸資買賣超股數(不含外資自營商)"":""-11,000"",""外資自營商買進股數"":""0"",""外資自營商賣出股數"":""0"",""外資自營商買賣超股數"":""0"",""投信買進股數"":""0"",""投信賣出股數"":""0"",""投信買賣超股數"":""0"",""自營商買賣超股數"":""-1,311"",""自營商買進股數(自行買賣)"":""0"",""自營商賣出股數(自行買賣)"":""0"",""自營商買賣超股數(自行買賣)"":""0"",""自營商買進股數(避險)"":""0"",""自營商賣出股數(避險)"":""1,311"",""自營商買賣超股數(避險)"":""-1,311"",""三大法人買賣超股數"":""-12,311""}"
2026-10-01,TWSE,4576,大銀微系統      ,372111,400277,-28166,0,0,0,2459,11695,15764,"{""證券代號"":""4576"",""證券名稱"":""大銀微系統      "",""外陸資買進股數(不含外資自營商)"":""372,111"",""外陸資賣出股數(不含外資自營商)"":""400,277"",""外陸資買賣超股數(不含外資自營商)"":""-28,166"",""外資自營商買進股數"":""0"",""外資自營商賣出股數"":""0"",""外資自營商買賣超股數"":""0"",""投信買進股數"":""0"",""投信賣出股數"":""0"",""投信買賣超股數"":""0"",""自營商買賣超股數"":""15,764"",""自營商買進股數(自行買賣)"":""25,000"",""自營商賣出股數(自行買賣)"":""0"",""自營商買賣超股數(自行買賣)"":""25,000"",""自營商買進股數(避險)"":""2,459"",""自營商賣出股數(避險)"":""11,695"",""自營商買賣超股數(避險)"":""-9,236"",""三大法人買賣超股數"":""-12,402""}"
2026-10-01,TWSE,6923,中台            ,8000,21000,-13000,0,0,0,0,0,190,"{""證券代號"":""6923"",""證券名稱"":""中台            "",""外陸資買進股數(不含外資自營商)"":""8,000"",""外陸資賣出股數(不含外資自營商)"":""21,000"",""外陸資買賣超股數(不含外資自營商)"":""-13,000"",""外資自營商買進股數"":""0"",""外資自營商賣出股數"":""0"",""外資自營商買賣超股數"":""0"",""投信買進股數"":""0"",""投信賣出股數"":""0"",""投信買賣超股數"":""0"",""自營商買賣超股數"":""190"",""自營商買進股數(自行買賣)"":""190"",""自營商賣出股數(自行買賣)"":""0"",""自營商買賣超股數(自行買賣)"":""190"",""自營商買進股數(避險)"":""0"",""自營商賣出股數(避險)"":""0"",""自營商買賣超股數(避險)"":""0"",""三大法人買賣超股數"":""-12,810""}"
2026-10-01,TWSE,4555,氣立            ,13000,26000,-13000,0,0,0,0,0,186,"{""證券代號"":""4555"",""證券名稱"":""氣立            "",""外陸資買進股數(不含外資自營商)"":""13,000"",""外陸資賣出股數(不含外資自營商)"":""26,000"",""外陸資買賣超股數(不含外資自營商)"":""-13,000"",""外資自營商買進股數"":""0"",""外資自營商賣出股數"":""0"",""外資自營商買賣超股數"":""0"",""投信買進股數"":""0"",""投信賣出股數"":""0"",""投信買賣超股數"":""0"",""自營商買賣超股數"":""186"",""自營商買進股數(自行買賣)"":""186"",""自營商賣出股數(自行買賣)"":""0"",""自營商買賣超股數(自行買賣)"":""186"",""自營商買進股數(避險)"":""0"",""自營商賣出股數(避險)"":""0"",""自營商買賣超股數(避險)"":""0"",""三大法人買賣超股數"":""-12,814""}"
2026-10-01,TWSE,2233,宇隆            ,70240,88000,-17760,0,0,0,8000,3190,4810,"{""證券代號"":""2233"",""證券名稱"":""宇隆            "",""外陸資買進股數(不含外資自營商)"":""70,240"",""外陸資賣出股數(不含外資自營商)"":""88,000"",""外陸資買賣超股數(不含外資自營商)"":""-17,760"",""外資自營商買進股數"":""0"",""外資自營商賣出股數"":""0"",""外資自營商買賣超股數"":""0"",""投信買進股數"":""0"",""投信賣出股數"":""0"",""投信買賣超股數"":""0"",""自營商買賣超股數"":""4,810"",""自營商買進股數(自行買賣)"":""0"",""自營商賣出股數(自行買賣)"":""0"",""自營商買賣超股數(自行買賣)"":""0"",""自營商買進股數(避險)"":""8,000"",""自營商賣出股數(避險)"":""3,190"",""自營商買賣超股數(避險)"":""4,810"",""三大法人買賣超股數"":""-12,950""}"
2026-10-01,TWSE,3607,谷崧            ,32000,45000,-13000,5,0,5,0,0,0,"{""證券代號"":""3607"",""證券名稱"":""谷崧            "",""外陸資買進股數(不含外資自營商)"":""32,000"",""外陸資賣出股數(不含外資自營商)"":""45,000"",""外陸資買賣超股數(不含外資自營商)"":""-13,000"",""外資自營商買進股數"":""0"",""外資自營商賣出股數"":""0"",""外資自營商買賣超股數"":""0"",""投信買進股數"":""5"",""投信賣出股數"":""0"",""投信買賣超股數"":""5"",""自營商買賣超股數"":""0"",""自營商買進股數(自行買賣)"":""0"",""自營商賣出股數(自行買賣)"":""0"",""自營商買賣超股數(自行買賣)"":""0"",""自營商買進股數(避險)"":""0"",""自營商賣出股數(避險)"":""0"",""自營商買賣超股數(避險)"":""0"",""三大法人買賣超股數"":""-12,995""}"
2026-10-01,TWSE,1472,三洋實業        ,5000,3000,2000,0,0,0,0,0,-15000,"{""證券代號"":""1472"",""證券名稱"":""三洋實業        "",""外陸資買進股數(不含外資自營商)"":""5,000"",""外陸資賣出股數(不含外資自營商)"":""3,000"",""外陸資買賣超股數(不含外資自營商)"":""2,000"",""外資自營商買進股數"":""0"",""外資自營商賣出股數"":""0"",""外資自營商買賣超股數"":""0"",""投信買進股數"":""0"",""投信賣出股數"":""0"",""投信買賣超股數"":""0"",""自營商買賣超股數"":""-15,000"",""自營商買進股數(自行買賣)"":""0"",""自營商賣出股數(自行買賣)"":""15,000"",""自營商買賣超股數(自行買賣)"":""-15,000"",""自營商買進股數(避險)"":""0"",""自營商賣出股數(避險)"":""0"",""自營商買賣超股數(避險)"":""0"",""三大法人買賣超股數"":""-13,000""}"
2026-10-01,TWSE,9908,大台北          ,13000,26000,-13000,0,0,0,0,0,0,"{""證券代號"":""9908"",""證券名稱"":""大台北          "",""外陸資買進股數(不含外資自營商)"":""13,000"",""外陸資賣出股數(不含外資自營商)"":""26,000"",""外陸資買賣超股數(不含外資自營商)"":""-13,000"",""外資自營商買進股數"":""0"",""外資自營商賣出股數"":""0"",""外資自營商買賣超股數"":""0"",""投信買進股數"":""0"",""投信賣出股數"":""0"",""投信買賣超股數"":""0"",""自營商買賣超股數"":""0"",""自營商買進股數(自行買賣)"":""0"",""自營商賣出股數(自行買賣)"":""0"",""自營商買賣超股數(自行買賣)"":""0"",""自營商買進股數(避險)"":""0"",""自營商賣出股數(避險)"":""0"",""自營商買賣超股數(避險)"":""0"",""三大法人買賣超股數"":""-13,000""}"
2026-10-01,TWSE,7730,暉盛-創         ,127080,61000,66080,0,0,0,6739,86000,-79261,"{""證券代號"":""7730"",""證券名稱"":""暉盛-創         "",""外陸資買進股數(不含外資自營商)"":""127,080"",""外陸資賣出股數(不含外資自營商)"":""61,000"",""外陸資買賣超股數(不含外資自營商)"":""66,080"",""外資自營商買進股數"":""0"",""外資自營商賣出股數"":""0"",""外資自營商買賣超股數"":""0"",""投信買進股數"":""0"",""投信賣出股數"":""0"",""投信買賣超股數"":""0"",""自營商買賣超股數"":""-79,261"",""自營商買進股數(自行買賣)"":""0"",""自營商賣出股數(自行買賣)"":""0"",""自營商買賣超股數(自行買賣)"":""0"",""自營商買進股數(避險)"":""6,739"",""自營商賣出股數(避險)"":""86,000"",""自營商買賣超股數(避險)"":""-79,261"",""三大法人買賣超股數"":""-13,181""}"
2026-10-01,TWSE,7749,意騰-KY         ,82100,96000,-13900,0,0,0,1109,420,689,"{""證券代號"":""7749"",""證券名稱"":""意騰-KY         "",""外陸資買進股數(不含外資自營商)"":""82,100"",""外陸資賣出股數(不含外資自營商)"":""96,000"",""外陸資買賣超股數(不含外資自營商)"":""-13,900"",""外資自營商買進股數"":""0"",""外資自營商賣出股數"":""0"",""外資自營商買賣超股數"":""0"",""投信買進股數"":""0"",""投信賣出股數"":""0"",""投信買賣超股數"":""0"",""自營商買賣超股數"":""689"",""自營商買進股數(自行買賣)"":""0"",""自營商賣出股數(自行買賣)"":""0"",""自營商買賣超股數(自行買賣)"":""0"",""自營商買進股數(避險)"":""1,109"",""自營商賣出股數(避險)"":""420"",""自營商買賣超股數(避險)"":""689"",""三大法人買賣超股數"":""-13,211""}"
2026-10-01,TWSE,2727,王品            ,63562,80000,-16438,0,0,0,0,137,2863,"{""證券代號"":""2727"",""證券名稱"":""王品            "",""外陸資買進股數(不含外資自營商)"":""63,562"",""外陸資賣出股數(不含外資自營商)"":""80,000"",""外陸資買賣超股數(不含外資自營商)"":""-16,438"",""外資自營商買進股數"":""0"",""外資自營商賣出股數"":""0"",""外資自營商買賣超股數"":""0"",""投信買進股數"":""0"",""投信賣出股數"":""0"",""投信買賣超股數"":""0"",""自營商買賣超股數"":""2,863"",""自營商買進股數(自行買賣)"":""3,000"",""自營商賣出股數(自行買賣)"":""0"",""自營商買賣超股數(自行買賣)"":""3,000"",""自營商買進股數(避險)"":""0"",""自營商賣出股數(避險)"":""137"",""自營商買賣超股數(避險)"":""-137"",""三大法人買賣超股數"":""-13,575""}"
2026-10-01,TWSE,4935,茂林-KY         ,42000,56000,-14000,21,0,21,0,0,0,"{""證券代號"":""4935"",""證券名稱"":""茂林-KY         "",""外陸資買進股數(不含外資自營商)"":""42,000"",""外陸資賣出股數(不含外資自營商)"":""56,000"",""外陸資買賣超股數(不含外資自營商)"":""-14,000"",""外資自營商買進股數"":""0"",""外資自營商賣出股數"":""0"",""外資自營商買賣超股數"":""0"",""投信買進股數"":""21"",""投信賣出股數"":""0"",""投信買賣超股數"":""21"",""自營商買賣超股數"":""0"",""自營商買進股數(自行買賣)"":""1,000"",""自營商賣出股數(自行買賣)"":""1,000"",""自營商買賣超股數(自行買賣)"":""0"",""自營商買進股數(避險)"":""0"",""自營商賣出股數(避險)"":""0"",""自營商買賣超股數(避險)"":""0"",""三大法人買賣超股數"":""-13,979""}"
2026-10-01,TWSE,2530,華建            ,54000,81000,-27000,5013,0,5013,0,0,8000,"{""證券代號"":""2530"",""證券名稱"":""華建            "",""外陸資買進股數(不含外資自營商)"":""54,000"",""外陸資賣出股數(不含外資自營商)"":""81,000"",""外陸資買賣超股數(不含外資自營商)"":""-27,000"",""外資自營商買進股數"":""0"",""外資自營商賣出股數"":""0"",""外資自營商買賣超股數"":""0"",""投信買進股數"":""5,013"",""投信賣出股數"":""0"",""投信買賣超股數"":""5,013"",""自營商買賣超股數"":""8,000"",""自營商買進股數(自行買賣)"":""8,000"",""自營商賣出股數(自行買賣)"":""0"",""自營商買賣超股數(自行買賣)"":""8,000"",""自營商買進股數(避險)"":""0"",""自營商賣出股數(避險)"":""0"",""自營商買賣超股數(避險)"":""0"",""三大法人買賣超股數"":""-13,987""}"
2026-10-01,TWSE,1465,偉全            ,3000,17000,-14000,0,0,0,0,0,0,"{""證券代號"":""1465"",""證券名稱"":""偉全            "",""外陸資買進股數(不含外資自營商)"":""3,000"",""外陸資賣出股數(不含外資自營商)"":""17,000"",""外陸資買賣超股數(不含外資自營商)"":""-14,000"",""外資自營商買進股數"":""0"",""外資自營商賣出股數"":""0"",""外資自營商買賣超股數"":""0"",""投信買進股數"":""0"",""投信賣出股數"":""0"",""投信買賣超股數"":""0"",""自營商買賣超股數"":""0"",""自營商買進股數(自行買賣)"":""0"",""自營商賣出股數(自行買賣)"":""0"",""自營商買賣超股數(自行買賣)"":""0"",""自營商買進股數(避險)"":""0"",""自營商賣出股數(避險)"":""0"",""自營商買賣超股數(避險)"":""0"",""三大法人買賣超股數"":""-14,000""}"
2026-10-01,TWSE,6830,汎銓            ,241391,250937,-9546,0,0,0,4000,8955,-4955,"{""證券代號"":""6830"",""證券名稱"":""汎銓            "",""外陸資買進股數(不含外資自營商)"":""241,391"",""外陸資賣出股數(不含外資自營商)"":""250,937"",""外陸資買賣超股數(不含外資自營商)"":""-9,546"",""外資自營商買進股數"":""0"",""外資自營商賣出股數"":""0"",""外資自營商買賣超股數"":""0"",""投信買進股數"":""0"",""投信賣出股數"":""0"",""投信買賣超股數"":""0"",""自營商買賣超股數"":""-4,955"",""自營商買進股數(自行買賣)"":""0"",""自營商賣出股數(自行買賣)"":""0"",""自營商買賣超股數(自行買賣)"":""0"",""自營商買進股數(避險)"":""4,000"",""自營商賣出股數(避險)"":""8,955"",""自營商買賣超股數(避險)"":""-4,955"",""三大法人買賣超股數"":""-14,501""}"
2026-10-01,TWSE,0053,元大電子        ,5000,4000,1000,0,0,0,116031,131843,-15812,"{""證券代號"":""0053"",""證券名稱"":""元大電子        "",""外陸資買進股數(不含外資自營商)"":""5,000"",""外陸資賣出股數(不含外資自營商)"":""4,000"",""外陸資買賣超股數(不含外資自營商)"":""1,000"",""外資自營商買進股數"":""0"",""外資自營商賣出股數"":""0"",""外資自營商買賣超股數"":""0"",""投信買進股數"":""0"",""投信賣出股數"":""0"",""投信買賣超股數"":""0"",""自營商買賣超股數"":""-15,812"",""自營商買進股數(自行買賣)"":""0"",""自營商賣出股數(自行買賣)"":""0"",""自營商買賣超股數(自行買賣)"":""0"",""自營商買進股數(避險)"":""116,031"",""自營商賣出股數(避險)"":""131,843"",""自營商買賣超股數(避險)"":""-15,812"",""三大法人買賣超股數"":""-14,812""}"
2026-10-01,TWSE,5203,訊連            ,24147,40000,-15853,9,0,9,0,0,336,"{""證券代號"":""5203"",""證券名稱"":""訊連            "",""外陸資買進股數(不含外資自營商)"":""24,147"",""外陸資賣出股數(不含外資自營商)"":""40,000"",""外陸資買賣超股數(不含外資自營商)"":""-15,853"",""外資自營商買進股數"":""0"",""外資自營商賣出股數"":""0"",""外資自營商買賣超股數"":""0"",""投信買進股數"":""9"",""投信賣出股數"":""0"",""投信買賣超股數"":""9"",""自營商買賣超股數"":""336"",""自營商買進股數(自行買賣)"":""336"",""自營商賣出股數(自行買賣)"":""0"",""自營商買賣超股數(自行買賣)"":""336"",""自營商買進股數(避險)"":""0"",""自營商賣出股數(避險)"":""0"",""自營商買賣超股數(避險)"":""0"",""三大法人買賣超股數"":""-15,508""}"
2026-10-01,TWSE,1449,佳和            ,27823,44174,-16351,0,0,0,418,0,418,"{""證券代號"":""1449"",""證券名稱"":""佳和            "",""外陸資買進股數(不含外資自營商)"":""27,823"",""外陸資賣出股數(不含外資自營商)"":""44,174"",""外陸資買賣超股數(不含外資自營商)"":""-16,351"",""外資自營商買進股數"":""0"",""外資自營商賣出股數"":""0"",""外資自營商買賣超股數"":""0"",""投信買進股數"":""0"",""投信賣出股數"":""0"",""投信買賣超股數"":""0"",""自營商買賣超股數"":""418"",""自營商買進股數(自行買賣)"":""0"",""自營商賣出股數(自行買賣)"":""0"",""自營商買賣超股數(自行買賣)"":""0"",""自營商買進股數(避險)"":""418"",""自營商賣出股數(避險)"":""0"",""自營商買賣超股數(避險)"":""418"",""三大法人買賣超股數"":""-15,933""}"
2026-10-01,TWSE,1713,國化            ,16000,32000,-16000,0,0,0,0,0,0,"{""證券代號"":""1713"",""證券名稱"":""國化            "",""外陸資買進股數(不含外資自營商)"":""16,000"",""外陸資賣出股數(不含外資自營商)"":""32,000"",""外陸資買賣超股數(不含外資自營商)"":""-16,000"",""外資自營商買進股數"":""0"",""外資自營商賣出股數"":""0"",""外資自營商買賣超股數"":""0"",""投信買進股數"":""0"",""投信賣出股數"":""0"",""投信買賣超股數"":""0"",""自營商買賣超股數"":""0"",""自營商買進股數(自行買賣)"":""0"",""自營商賣出股數(自行買賣)"":""0"",""自營商買賣超股數(自行買賣)"":""0"",""自營商買進股數(避險)"":""0"",""自營商賣出股數(避險)"":""0"",""自營商買賣超股數(避險)"":""0"",""三大法人買賣超股數"":""-16,000""}"
2026-10-01,TWSE,6281,全國電          ,10000,26000,-16000,0,0,0,0,0,0,"{""證券代號"":""6281"",""證券名稱"":""全國電          "",""外陸資買進股數(不含外資自營商)"":""10,000"",""外陸資賣出股數(不含外資自營商)"":""26,000"",""外陸資買賣超股數(不含外資自營商)"":""-16,000"",""外資自營商買進股數"":""0"",""外資自營商賣出股數"":""0"",""外資自營商買賣超股數"":""0"",""投信買進股數"":""0"",""投信賣出股數"":""0"",""投信買賣超股數"":""0"",""自營商買賣超股數"":""0"",""自營商買進股數(自行買賣)"":""0"",""自營商賣出股數(自行買賣)"":""0"",""自營商買賣超股數(自行買賣)"":""0"",""自營商買進股數(避險)"":""0"",""自營商賣出股數(避險)"":""0"",""自營商買賣超股數(避險)"":""0"",""三大法人買賣超股數"":""-16,000""}"
2026-10-01,TWSE,1582,信錦            ,58359,80442,-22083,0,0,0,7000,1055,5945,"{""證券代號"":""1582"",""證券名稱"":""信錦            "",""外陸資買進股數(不含外資自營商)"":""58,359"",""外陸資賣出股數(不含外資自營商)"":""80,442"",""外陸資買賣超股數(不含外資自營商)"":""-22,083"",""外資自營商買進股數"":""0"",""外資自營商賣出股數"":""0"",""外資自營商買賣超股數"":""0"",""投信買進股數"":""0"",""投信賣出股數"":""0"",""投信買賣超股數"":""0"",""自營商買賣超股數"":""5,945"",""自營商買進股數(自行買賣)"":""0"",""自營商賣出股數(自行買賣)"":""0"",""自營商買賣超股數(自行買賣)"":""0"",""自營商買進股數(避險)"":""7,000"",""自營商賣出股數(避險)"":""1,055"",""自營商買賣超股數(避險)"":""5,945"",""三大法人買賣超股數"":""-16,138""}"
2026-10-01,TWSE,6782,視陽            ,144279,139015,5264,0,20000,-20000,0,1540,-1540,"{""證券代號"":""6782"",""證券名稱"":""視陽            "",""外陸資買進股數(不含外資自營商)"":""144,279"",""外陸資賣出股數(不含外資自營商)"":""139,015"",""外陸資買賣超股數(不含外資自營商)"":""5,264"",""外資自營商買進股數"":""0"",""外資自營商賣出股數"":""0"",""外資自營商買賣超股數"":""0"",""投信買進股數"":""0"",""投信賣出股數"":""20,000"",""投信買賣超股數"":""-20,000"",""自營商買賣超股數"":""-1,540"",""自營商買進股數(自行買賣)"":""0"",""自營商賣出股數(自行買賣)"":""0"",""自營商買賣超股數(自行買賣)"":""0"",""自營商買進股數(避險)"":""0"",""自營商賣出股數(避險)"":""1,540"",""自營商買賣超股數(避險)"":""-1,540"",""三大法人買賣超股數"":""-16,276""}"
2026-10-01,TWSE,9935,慶豐富          ,40000,58001,-18001,1285,0,1285,0,0,0,"{""證券代號"":""9935"",""證券名稱"":""慶豐富          "",""外陸資買進股數(不含外資自營商)"":""40,000"",""外陸資賣出股數(不含外資自營商)"":""58,001"",""外陸資買賣超股數(不含外資自營商)"":""-18,001"",""外資自營商買進股數"":""0"",""外資自營商賣出股數"":""0"",""外資自營商買賣超股數"":""0"",""投信買進股數"":""1,285"",""投信賣出股數"":""0"",""投信買賣超股數"":""1,285"",""自營商買賣超股數"":""0"",""自營商買進股數(自行買賣)"":""0"",""自營商賣出股數(自行買賣)"":""0"",""自營商買賣超股數(自行買賣)"":""0"",""自營商買進股數(避險)"":""0"",""自營商賣出股數(避險)"":""0"",""自營商買賣超股數(避險)"":""0"",""三大法人買賣超股數"":""-16,716""}"
2026-10-01,TWSE,1337,再生-KY         ,35000,52000,-17000,0,0,0,0,0,0,"{""證券代號"":""1337"",""證券名稱"":""再生-KY         "",""外陸資買進股數(不含外資自營商)"":""35,000"",""外陸資賣出股數(不含外資自營商)"":""52,000"",""外陸資買賣超股數(不含外資自營商)"":""-17,000"",""外資自營商買進股數"":""0"",""外資自營商賣出股數"":""0"",""外資自營商買賣超股數"":""0"",""投信買進股數"":""0"",""投信賣出股數"":""0"",""投信買賣超股數"":""0"",""自營商買賣超股數"":""0"",""自營商買進股數(自行買賣)"":""0"",""自營商賣出股數(自行買賣)"":""0"",""自營商買賣超股數(自行買賣)"":""0"",""自營商買進股數(避險)"":""0"",""自營商賣出股數(避險)"":""0"",""自營商買賣超股數(避險)"":""0"",""三大法人買賣超股數"":""-17,000""}"
2026-10-01,TWSE,2434,統懋            ,53000,70000,-17000,0,0,0,0,0,0,"{""證券代號"":""2434"",""證券名稱"":""統懋            "",""外陸資買進股數(不含外資自營商)"":""53,000"",""外陸資賣出股數(不含外資自營商)"":""70,000"",""外陸資買賣超股數(不含外資自營商)"":""-17,000"",""外資自營商買進股數"":""0"",""外資自營商賣出股數"":""0"",""外資自營商買賣超股數"":""0"",""投信買進股數"":""0"",""投信賣出股數"":""0"",""投信買賣超股數"":""0"",""自營商買賣超股數"":""0"",""自營商買進股數(自行買賣)"":""0"",""自營商賣出股數(自行買賣)"":""0"",""自營商買賣超股數(自行買賣)"":""0"",""自營商買進股數(避險)"":""0"",""自營商賣出股數(避險)"":""0"",""自營商買賣超股數(避險)"":""0"",""三大法人買賣超股數"":""-17,000""}"
2026-10-01,TWSE,00991B,貝萊德A級公司債 ,238000,4000,234000,0,0,0,0,251080,-251080,"{""證券代號"":""00991B"",""證券名稱"":""貝萊德A級公司債 "",""外陸資買進股數(不含外資自營商)"":""238,000"",""外陸資賣出股數(不含外資自營商)"":""4,000"",""外陸資買賣超股數(不含外資自營商)"":""234,000"",""外資自營商買進股數"":""0"",""外資自營商賣出股數"":""0"",""外資自營商買賣超股數"":""0"",""投信買進股數"":""0"",""投信賣出股數"":""0"",""投信買賣超股數"":""0"",""自營商買賣超股數"":""-251,080"",""自營商買進股數(自行買賣)"":""0"",""自營商賣出股數(自行買賣)"":""0"",""自營商買賣超股數(自行買賣)"":""0"",""自營商買進股數(避險)"":""0"",""自營商賣出股數(避險)"":""251,080"",""自營商買賣超股數(避險)"":""-251,080"",""三大法人買賣超股數"":""-17,080""}"
2026-10-01,TWSE,2466,冠西電          ,1540741,1568364,-27623,0,0,0,0,0,10474,"{""證券代號"":""2466"",""證券名稱"":""冠西電          "",""外陸資買進股數(不含外資自營商)"":""1,540,741"",""外陸資賣出股數(不含外資自營商)"":""1,568,364"",""外陸資買賣超股數(不含外資自營商)"":""-27,623"",""外資自營商買進股數"":""0"",""外資自營商賣出股數"":""0"",""外資自營商買賣超股數"":""0"",""投信買進股數"":""0"",""投信賣出股數"":""0"",""投信買賣超股數"":""0"",""自營商買賣超股數"":""10,474"",""自營商買進股數(自行買賣)"":""27,018"",""自營商賣出股數(自行買賣)"":""16,544"",""自營商買賣超股數(自行買賣)"":""10,474"",""自營商買進股數(避險)"":""0"",""自營商賣出股數(避險)"":""0"",""自營商買賣超股數(避險)"":""0"",""三大法人買賣超股數"":""-17,149""}"
2026-10-01,TWSE,5236,凌陽創新        ,6840,31054,-24214,0,0,0,0,367,6633,"{""證券代號"":""5236"",""證券名稱"":""凌陽創新        "",""外陸資買進股數(不含外資自營商)"":""6,840"",""外陸資賣出股數(不含外資自營商)"":""31,054"",""外陸資買賣超股數(不含外資自營商)"":""-24,214"",""外資自營商買進股數"":""0"",""外資自營商賣出股數"":""0"",""外資自營商買賣超股數"":""0"",""投信買進股數"":""0"",""投信賣出股數"":""0"",""投信買賣超股數"":""0"",""自營商買賣超股數"":""6,633"",""自營商買進股數(自行買賣)"":""7,000"",""自營商賣出股數(自行買賣)"":""0"",""自營商買賣超股數(自行買賣)"":""7,000"",""自營商買進股數(避險)"":""0"",""自營商賣出股數(避險)"":""367"",""自營商買賣超股數(避險)"":""-367"",""三大法人買賣超股數"":""-17,581""}"
2026-10-01,TWSE,2505,國揚            ,18370,27000,-8630,0,0,0,0,0,-9000,"{""證券代號"":""2505"",""證券名稱"":""國揚            "",""外陸資買進股數(不含外資自營商)"":""18,370"",""外陸資賣出股數(不含外資自營商)"":""27,000"",""外陸資買賣超股數(不含外資自營商)"":""-8,630"",""外資自營商買進股數"":""0"",""外資自營商賣出股數"":""0"",""外資自營商買賣超股數"":""0"",""投信買進股數"":""0"",""投信賣出股數"":""0"",""投信買賣超股數"":""0"",""自營商買賣超股數"":""-9,000"",""自營商買進股數(自行買賣)"":""0"",""自營商賣出股數(自行買賣)"":""9,000"",""自營商買賣超股數(自行買賣)"":""-9,000"",""自營商買進股數(避險)"":""0"",""自營商賣出股數(避險)"":""0"",""自營商買賣超股數(避險)"":""0"",""三大法人買賣超股數"":""-17,630""}"
2026-10-01,TWSE,7631,聚賢研發-創     ,57000,57000,0,0,0,0,15042,32683,-17641,"{""證券代號"":""7631"",""證券名稱"":""聚賢研發-創     "",""外陸資買進股數(不含外資自營商)"":""57,000"",""外陸資賣出股數(不含外資自營商)"":""57,000"",""外陸資買賣超股數(不含外資自營商)"":""0"",""外資自營商買進股數"":""0"",""外資自營商賣出股數"":""0"",""外資自營商買賣超股數"":""0"",""投信買進股數"":""0"",""投信賣出股數"":""0"",""投信買賣超股數"":""0"",""自營商買賣超股數"":""-17,641"",""自營商買進股數(自行買賣)"":""0"",""自營商賣出股數(自行買賣)"":""0"",""自營商買賣超股數(自行買賣)"":""0"",""自營商買進股數(避險)"":""15,042"",""自營商賣出股數(避險)"":""32,683"",""自營商買賣超股數(避險)"":""-17,641"",""三大法人買賣超股數"":""-17,641""}"
2026-10-01,TWSE,3150,鈺寶-創         ,4000,18000,-14000,0,0,0,1000,5000,-4000,"{""證券代號"":""3150"",""證券名稱"":""鈺寶-創         "",""外陸資買進股數(不含外資自營商)"":""4,000"",""外陸資賣出股數(不含外資自營商)"":""18,000"",""外陸資買賣超股數(不含外資自營商)"":""-14,000"",""外資自營商買進股數"":""0"",""外資自營商賣出股數"":""0"",""外資自營商買賣超股數"":""0"",""投信買進股數"":""0"",""投信賣出股數"":""0"",""投信買賣超股數"":""0"",""自營商買賣超股數"":""-4,000"",""自營商買進股數(自行買賣)"":""0"",""自營商賣出股數(自行買賣)"":""0"",""自營商買賣超股數(自行買賣)"":""0"",""自營商買進股數(避險)"":""1,000"",""自營商賣出股數(避險)"":""5,000"",""自營商買賣超股數(避險)"":""-4,000"",""三大法人買賣超股數"":""-18,000""}"
2026-10-01,TWSE,9802,鈺齊-KY         ,335430,148602,186828,0,205000,-205000,0,0,-24,"{""證券代號"":""9802"",""證券名稱"":""鈺齊-KY         "",""外陸資買進股數(不含外資自營商)"":""335,430"",""外陸資賣出股數(不含外資自營商)"":""148,602"",""外陸資買賣超股數(不含外資自營商)"":""186,828"",""外資自營商買進股數"":""0"",""外資自營商賣出股數"":""0"",""外資自營商買賣超股數"":""0"",""投信買進股數"":""0"",""投信賣出股數"":""205,000"",""投信買賣超股數"":""-205,000"",""自營商買賣超股數"":""-24"",""自營商買進股數(自行買賣)"":""1,000"",""自營商賣出股數(自行買賣)"":""1,024"",""自營商買賣超股數(自行買賣)"":""-24"",""自營商買進股數(避險)"":""0"",""自營商賣出股數(避險)"":""0"",""自營商買賣超股數(避險)"":""0"",""三大法人買賣超股數"":""-18,196""}"
2026-10-01,TWSE,7750,新代            ,33039,43142,-10103,1000,11000,-10000,1000,743,1841,"{""證券代號"":""7750"",""證券名稱"":""新代            "",""外陸資買進股數(不含外資自營商)"":""33,039"",""外陸資賣出股數(不含外資自營商)"":""43,142"",""外陸資買賣超股數(不含外資自營商)"":""-10,103"",""外資自營商買進股數"":""0"",""外資自營商賣出股數"":""0"",""外資自營商買賣超股數"":""0"",""投信買進股數"":""1,000"",""投信賣出股數"":""11,000"",""投信買賣超股數"":""-10,000"",""自營商買賣超股數"":""1,841"",""自營商買進股數(自行買賣)"":""3,000"",""自營商賣出股數(自行買賣)"":""1,416"",""自營商買賣超股數(自行買賣)"":""1,584"",""自營商買進股數(避險)"":""1,000"",""自營商賣出股數(避險)"":""743"",""自營商買賣超股數(避險)"":""257"",""三大法人買賣超股數"":""-18,262""}"
2026-10-01,TWSE,8374,羅昇            ,27000,24000,3000,0,0,0,0,718,-21718,"{""證券代號"":""8374"",""證券名稱"":""羅昇            "",""外陸資買進股數(不含外資自營商)"":""27,000"",""外陸資賣出股數(不含外資自營商)"":""24,000"",""外陸資買賣超股數(不含外資自營商)"":""3,000"",""外資自營商買進股數"":""0"",""外資自營商賣出股數"":""0"",""外資自營商買賣超股數"":""0"",""投信買進股數"":""0"",""投信賣出股數"":""0"",""投信買賣超股數"":""0"",""自營商買賣超股數"":""-21,718"",""自營商買進股數(自行買賣)"":""0"",""自營商賣出股數(自行買賣)"":""21,000"",""自營商買賣超股數(自行買賣)"":""-21,000"",""自營商買進股數(避險)"":""0"",""自營商賣出股數(避險)"":""718"",""自營商買賣超股數(避險)"":""-718"",""三大法人買賣超股數"":""-18,718""}"
2026-10-01,TWSE,2038,海光            ,94180,112949,-18769,0,0,0,0,0,0,"{""證券代號"":""2038"",""證券名稱"":""海光            "",""外陸資買進股數(不含外資自營商)"":""94,180"",""外陸資賣出股數(不含外資自營商)"":""112,949"",""外陸資買賣超股數(不含外資自營商)"":""-18,769"",""外資自營商買進股數"":""0"",""外資自營商賣出股數"":""0"",""外資自營商買賣超股數"":""0"",""投信買進股數"":""0"",""投信賣出股數"":""0"",""投信買賣超股數"":""0"",""自營商買賣超股數"":""0"",""自營商買進股數(自行買賣)"":""0"",""自營商賣出股數(自行買賣)"":""0"",""自營商買賣超股數(自行買賣)"":""0"",""自營商買進股數(避險)"":""0"",""自營商賣出股數(避險)"":""0"",""自營商買賣超股數(避險)"":""0"",""三大法人買賣超股數"":""-18,769""}"
2026-10-01,TWSE,2414,精技            ,5000,25000,-20000,0,0,0,0,0,1000,"{""證券代號"":""2414"",""證券名稱"":""精技            "",""外陸資買進股數(不含外資自營商)"":""5,000"",""外陸資賣出股數(不含外資自營商)"":""25,000"",""外陸資買賣超股數(不含外資自營商)"":""-20,000"",""外資自營商買進股數"":""0"",""外資自營商賣出股數"":""0"",""外資自營商買賣超股數"":""0"",""投信買進股數"":""0"",""投信賣出股數"":""0"",""投信買賣超股數"":""0"",""自營商買賣超股數"":""1,000"",""自營商買進股數(自行買賣)"":""1,000"",""自營商賣出股數(自行買賣)"":""0"",""自營商買賣超股數(自行買賣)"":""1,000"",""自營商買進股數(避險)"":""0"",""自營商賣出股數(避險)"":""0"",""自營商買賣超股數(避險)"":""0"",""三大法人買賣超股數"":""-19,000""}"
2026-10-01,TWSE,1514,亞力            ,141594,153411,-11817,0,0,0,4000,11652,-7652,"{""證券代號"":""1514"",""證券名稱"":""亞力            "",""外陸資買進股數(不含外資自營商)"":""141,594"",""外陸資賣出股數(不含外資自營商)"":""153,411"",""外陸資買賣超股數(不含外資自營商)"":""-11,817"",""外資自營商買進股數"":""0"",""外資自營商賣出股數"":""0"",""外資自營商買賣超股數"":""0"",""投信買進股數"":""0"",""投信賣出股數"":""0"",""投信買賣超股數"":""0"",""自營商買賣超股數"":""-7,652"",""自營商買進股數(自行買賣)"":""0"",""自營商賣出股數(自行買賣)"":""0"",""自營商買賣超股數(自行買賣)"":""0"",""自營商買進股數(避險)"":""4,000"",""自營商賣出股數(避險)"":""11,652"",""自營商買賣超股數(避險)"":""-7,652"",""三大法人買賣超股數"":""-19,469""}"
2026-10-01,TWSE,6216,居易            ,3000,23000,-20000,5,0,5,0,0,0,"{""證券代號"":""6216"",""證券名稱"":""居易            "",""外陸資買進股數(不含外資自營商)"":""3,000"",""外陸資賣出股數(不含外資自營商)"":""23,000"",""外陸資買賣超股數(不含外資自營商)"":""-20,000"",""外資自營商買進股數"":""0"",""外資自營商賣出股數"":""0"",""外資自營商買賣超股數"":""0"",""投信買進股數"":""5"",""投信賣出股數"":""0"",""投信買賣超股數"":""5"",""自營商買賣超股數"":""0"",""自營商買進股數(自行買賣)"":""0"",""自營商賣出股數(自行買賣)"":""0"",""自營商買賣超股數(自行買賣)"":""0"",""自營商買進股數(避險)"":""0"",""自營商賣出股數(避險)"":""0"",""自營商買賣超股數(避險)"":""0"",""三大法人買賣超股數"":""-19,995""}"
2026-10-01,TWSE,8163,達方            ,204817,222405,-17588,0,0,0,12002,12251,-2681,"{""證券代號"":""8163"",""證券名稱"":""達方            "",""外陸資買進股數(不含外資自營商)"":""204,817"",""外陸資賣出股數(不含外資自營商)"":""222,405"",""外陸資買賣超股數(不含外資自營商)"":""-17,588"",""外資自營商買進股數"":""0"",""外資自營商賣出股數"":""0"",""外資自營商買賣超股數"":""0"",""投信買進股數"":""0"",""投信賣出股數"":""0"",""投信買賣超股數"":""0"",""自營商買賣超股數"":""-2,681"",""自營商買進股數(自行買賣)"":""4,000"",""自營商賣出股數(自行買賣)"":""6,432"",""自營商買賣超股數(自行買賣)"":""-2,432"",""自營商買進股數(避險)"":""12,002"",""自營商賣出股數(避險)"":""12,251"",""自營商買賣超股數(避險)"":""-249"",""三大法人買賣超股數"":""-20,269""}"
2026-10-01,TWSE,6668,中揚光          ,486283,507000,-20717,0,0,0,0,0,0,"{""證券代號"":""6668"",""證券名稱"":""中揚光          "",""外陸資買進股數(不含外資自營商)"":""486,283"",""外陸資賣出股數(不含外資自營商)"":""507,000"",""外陸資買賣超股數(不含外資自營商)"":""-20,717"",""外資自營商買進股數"":""0"",""外資自營商賣出股數"":""0"",""外資自營商買賣超股數"":""0"",""投信買進股數"":""0"",""投信賣出股數"":""0"",""投信買賣超股數"":""0"",""自營商買賣超股數"":""0"",""自營商買進股數(自行買賣)"":""0"",""自營商賣出股數(自行買賣)"":""0"",""自營商買賣超股數(自行買賣)"":""0"",""自營商買進股數(避險)"":""0"",""自營商賣出股數(避險)"":""0"",""自營商買賣超股數(避險)"":""0"",""三大法人買賣超股數"":""-20,717""}"
2026-10-01,TWSE,8104,錸寶            ,61030,82000,-20970,0,0,0,0,0,0,"{""證券代號"":""8104"",""證券名稱"":""錸寶            "",""外陸資買進股數(不含外資自營商)"":""61,030"",""外陸資賣出股數(不含外資自營商)"":""82,000"",""外陸資買賣超股數(不含外資自營商)"":""-20,970"",""外資自營商買進股數"":""0"",""外資自營商賣出股數"":""0"",""外資自營商買賣超股數"":""0"",""投信買進股數"":""0"",""投信賣出股數"":""0"",""投信買賣超股數"":""0"",""自營商買賣超股數"":""0"",""自營商買進股數(自行買賣)"":""0"",""自營商賣出股數(自行買賣)"":""0"",""自營商買賣超股數(自行買賣)"":""0"",""自營商買進股數(避險)"":""0"",""自營商賣出股數(避險)"":""0"",""自營商買賣超股數(避險)"":""0"",""三大法人買賣超股數"":""-20,970""}"
2026-10-01,TWSE,8341,日友            ,6000,34000,-28000,0,0,0,0,0,7000,"{""證券代號"":""8341"",""證券名稱"":""日友            "",""外陸資買進股數(不含外資自營商)"":""6,000"",""外陸資賣出股數(不含外資自營商)"":""34,000"",""外陸資買賣超股數(不含外資自營商)"":""-28,000"",""外資自營商買進股數"":""0"",""外資自營商賣出股數"":""0"",""外資自營商買賣超股數"":""0"",""投信買進股數"":""0"",""投信賣出股數"":""0"",""投信買賣超股數"":""0"",""自營商買賣超股數"":""7,000"",""自營商買進股數(自行買賣)"":""7,000"",""自營商賣出股數(自行買賣)"":""0"",""自營商買賣超股數(自行買賣)"":""7,000"",""自營商買進股數(避險)"":""0"",""自營商賣出股數(避險)"":""0"",""自營商買賣超股數(避險)"":""0"",""三大法人買賣超股數"":""-21,000""}"
2026-10-01,TWSE,6283,淳安            ,7000,29000,-22000,0,0,0,0,0,1000,"{""證券代號"":""6283"",""證券名稱"":""淳安            "",""外陸資買進股數(不含外資自營商)"":""7,000"",""外陸資賣出股數(不含外資自營商)"":""29,000"",""外陸資買賣超股數(不含外資自營商)"":""-22,000"",""外資自營商買進股數"":""0"",""外資自營商賣出股數"":""0"",""外資自營商買賣超股數"":""0"",""投信買進股數"":""0"",""投信賣出股數"":""0"",""投信買賣超股數"":""0"",""自營商買賣超股數"":""1,000"",""自營商買進股數(自行買賣)"":""1,000"",""自營商賣出股數(自行買賣)"":""0"",""自營商買賣超股數(自行買賣)"":""1,000"",""自營商買進股數(避險)"":""0"",""自營商賣出股數(避險)"":""0"",""自營商買賣超股數(避險)"":""0"",""三大法人買賣超股數"":""-21,000""}"
2026-10-01,TWSE,1733,五鼎            ,2000,24000,-22000,0,0,0,0,0,0,"{""證券代號"":""1733"",""證券名稱"":""五鼎            "",""外陸資買進股數(不含外資自營商)"":""2,000"",""外陸資賣出股數(不含外資自營商)"":""24,000"",""外陸資買賣超股數(不含外資自營商)"":""-22,000"",""外資自營商買進股數"":""0"",""外資自營商賣出股數"":""0"",""外資自營商買賣超股數"":""0"",""投信買進股數"":""0"",""投信賣出股數"":""0"",""投信買賣超股數"":""0"",""自營商買賣超股數"":""0"",""自營商買進股數(自行買賣)"":""0"",""自營商賣出股數(自行買賣)"":""0"",""自營商買賣超股數(自行買賣)"":""0"",""自營商買進股數(避險)"":""0"",""自營商賣出股數(避險)"":""0"",""自營商買賣超股數(避險)"":""0"",""三大法人買賣超股數"":""-22,000""}"
2026-10-01,TWSE,3622,洋華            ,16000,38000,-22000,0,0,0,0,110,-110,"{""證券代號"":""3622"",""證券名稱"":""洋華            "",""外陸資買進股數(不含外資自營商)"":""16,000"",""外陸資賣出股數(不含外資自營商)"":""38,000"",""外陸資買賣超股數(不含外資自營商)"":""-22,000"",""外資自營商買進股數"":""0"",""外資自營商賣出股數"":""0"",""外資自營商買賣超股數"":""0"",""投信買進股數"":""0"",""投信賣出股數"":""0"",""投信買賣超股數"":""0"",""自營商買賣超股數"":""-110"",""自營商買進股數(自行買賣)"":""0"",""自營商賣出股數(自行買賣)"":""0"",""自營商買賣超股數(自行買賣)"":""0"",""自營商買進股數(避險)"":""0"",""自營商賣出股數(避險)"":""110"",""自營商買賣超股數(避險)"":""-110"",""三大法人買賣超股數"":""-22,110""}"
2026-10-01,TWSE,00763U,期街口道瓊銅    ,0,1000,-1000,0,0,0,39000,60538,-21538,"{""證券代號"":""00763U"",""證券名稱"":""期街口道瓊銅    "",""外陸資買進股數(不含外資自營商)"":""0"",""外陸資賣出股數(不含外資自營商)"":""1,000"",""外陸資買賣超股數(不含外資自營商)"":""-1,000"",""外資自營商買進股數"":""0"",""外資自營商賣出股數"":""0"",""外資自營商買賣超股數"":""0"",""投信買進股數"":""0"",""投信賣出股數"":""0"",""投信買賣超股數"":""0"",""自營商買賣超股數"":""-21,538"",""自營商買進股數(自行買賣)"":""0"",""自營商賣出股數(自行買賣)"":""0"",""自營商買賣超股數(自行買賣)"":""0"",""自營商買進股數(避險)"":""39,000"",""自營商賣出股數(避險)"":""60,538"",""自營商買賣超股數(避險)"":""-21,538"",""三大法人買賣超股數"":""-22,538""}"
2026-10-01,TWSE,1232,大統益          ,25106,48000,-22894,0,0,0,0,0,101,"{""證券代號"":""1232"",""證券名稱"":""大統益          "",""外陸資買進股數(不含外資自營商)"":""25,106"",""外陸資賣出股數(不含外資自營商)"":""48,000"",""外陸資買賣超股數(不含外資自營商)"":""-22,894"",""外資自營商買進股數"":""0"",""外資自營商賣出股數"":""0"",""外資自營商買賣超股數"":""0"",""投信買進股數"":""0"",""投信賣出股數"":""0"",""投信買賣超股數"":""0"",""自營商買賣超股數"":""101"",""自營商買進股數(自行買賣)"":""101"",""自營商賣出股數(自行買賣)"":""0"",""自營商買賣超股數(自行買賣)"":""101"",""自營商買進股數(避險)"":""0"",""自營商賣出股數(避險)"":""0"",""自營商買賣超股數(避險)"":""0"",""三大法人買賣超股數"":""-22,793""}"
2026-10-01,TWSE,1760,寶齡富錦        ,30013,53000,-22987,0,0,0,0,0,0,"{""證券代號"":""1760"",""證券名稱"":""寶齡富錦        "",""外陸資買進股數(不含外資自營商)"":""30,013"",""外陸資賣出股數(不含外資自營商)"":""53,000"",""外陸資買賣超股數(不含外資自營商)"":""-22,987"",""外資自營商買進股數"":""0"",""外資自營商賣出股數"":""0"",""外資自營商買賣超股數"":""0"",""投信買進股數"":""0"",""投信賣出股數"":""0"",""投信買賣超股數"":""0"",""自營商買賣超股數"":""0"",""自營商買進股數(自行買賣)"":""0"",""自營商賣出股數(自行買賣)"":""0"",""自營商買賣超股數(自行買賣)"":""0"",""自營商買進股數(避險)"":""0"",""自營商賣出股數(避險)"":""0"",""自營商買賣超股數(避險)"":""0"",""三大法人買賣超股數"":""-22,987""}"
2026-10-01,TWSE,2250,IKKA-KY         ,9000,32000,-23000,0,0,0,0,0,0,"{""證券代號"":""2250"",""證券名稱"":""IKKA-KY         "",""外陸資買進股數(不含外資自營商)"":""9,000"",""外陸資賣出股數(不含外資自營商)"":""32,000"",""外陸資買賣超股數(不含外資自營商)"":""-23,000"",""外資自營商買進股數"":""0"",""外資自營商賣出股數"":""0"",""外資自營商買賣超股數"":""0"",""投信買進股數"":""0"",""投信賣出股數"":""0"",""投信買賣超股數"":""0"",""自營商買賣超股數"":""0"",""自營商買進股數(自行買賣)"":""0"",""自營商賣出股數(自行買賣)"":""0"",""自營商買賣超股數(自行買賣)"":""0"",""自營商買進股數(避險)"":""0"",""自營商賣出股數(避險)"":""0"",""自營商買賣超股數(避險)"":""0"",""三大法人買賣超股數"":""-23,000""}"
2026-10-01,TWSE,00674R,期元大S&P黃金反1,1000,0,1000,0,0,0,5000,29042,-24042,"{""證券代號"":""00674R"",""證券名稱"":""期元大S&P黃金反1"",""外陸資買進股數(不含外資自營商)"":""1,000"",""外陸資賣出股數(不含外資自營商)"":""0"",""外陸資買賣超股數(不含外資自營商)"":""1,000"",""外資自營商買進股數"":""0"",""外資自營商賣出股數"":""0"",""外資自營商買賣超股數"":""0"",""投信買進股數"":""0"",""投信賣出股數"":""0"",""投信買賣超股數"":""0"",""自營商買賣超股數"":""-24,042"",""自營商買進股數(自行買賣)"":""0"",""自營商賣出股數(自行買賣)"":""0"",""自營商買賣超股數(自行買賣)"":""0"",""自營商買進股數(避險)"":""5,000"",""自營商賣出股數(避險)"":""29,042"",""自營商買賣超股數(避險)"":""-24,042"",""三大法人買賣超股數"":""-23,042""}"
2026-10-01,TWSE,4771,望隼            ,9003,35000,-25997,0,0,0,0,0,2000,"{""證券代號"":""4771"",""證券名稱"":""望隼            "",""外陸資買進股數(不含外資自營商)"":""9,003"",""外陸資賣出股數(不含外資自營商)"":""35,000"",""外陸資買賣超股數(不含外資自營商)"":""-25,997"",""外資自營商買進股數"":""0"",""外資自營商賣出股數"":""0"",""外資自營商買賣超股數"":""0"",""投信買進股數"":""0"",""投信賣出股數"":""0"",""投信買賣超股數"":""0"",""自營商買賣超股數"":""2,000"",""自營商買進股數(自行買賣)"":""2,000"",""自營商賣出股數(自行買賣)"":""0"",""自營商買賣超股數(自行買賣)"":""2,000"",""自營商買進股數(避險)"":""0"",""自營商賣出股數(避險)"":""0"",""自營商買賣超股數(避險)"":""0"",""三大法人買賣超股數"":""-23,997""}"
2026-10-01,TWSE,2597,潤弘            ,72968,190000,-117032,90000,0,90000,0,40,2960,"{""證券代號"":""2597"",""證券名稱"":""潤弘            "",""外陸資買進股數(不含外資自營商)"":""72,968"",""外陸資賣出股數(不含外資自營商)"":""190,000"",""外陸資買賣超股數(不含外資自營商)"":""-117,032"",""外資自營商買進股數"":""0"",""外資自營商賣出股數"":""0"",""外資自營商買賣超股數"":""0"",""投信買進股數"":""90,000"",""投信賣出股數"":""0"",""投信買賣超股數"":""90,000"",""自營商買賣超股數"":""2,960"",""自營商買進股數(自行買賣)"":""36,000"",""自營商賣出股數(自行買賣)"":""33,000"",""自營商買賣超股數(自行買賣)"":""3,000"",""自營商買進股數(避險)"":""0"",""自營商賣出股數(避險)"":""40"",""自營商買賣超股數(避險)"":""-40"",""三大法人買賣超股數"":""-24,072""}"
2026-10-01,TWSE,4746,台耀            ,210164,235000,-24836,0,0,0,0,0,0,"{""證券代號"":""4746"",""證券名稱"":""台耀            "",""外陸資買進股數(不含外資自營商)"":""210,164"",""外陸資賣出股數(不含外資自營商)"":""235,000"",""外陸資買賣超股數(不含外資自營商)"":""-24,836"",""外資自營商買進股數"":""0"",""外資自營商賣出股數"":""0"",""外資自營商買賣超股數"":""0"",""投信買進股數"":""0"",""投信賣出股數"":""0"",""投信買賣超股數"":""0"",""自營商買賣超股數"":""0"",""自營商買進股數(自行買賣)"":""0"",""自營商賣出股數(自行買賣)"":""0"",""自營商買賣超股數(自行買賣)"":""0"",""自營商買進股數(避險)"":""0"",""自營商賣出股數(避險)"":""0"",""自營商買賣超股數(避險)"":""0"",""三大法人買賣超股數"":""-24,836""}"
2026-10-01,TWSE,2243,宏旭-KY         ,45060,70000,-24940,0,0,0,0,0,0,"{""證券代號"":""2243"",""證券名稱"":""宏旭-KY         "",""外陸資買進股數(不含外資自營商)"":""45,060"",""外陸資賣出股數(不含外資自營商)"":""70,000"",""外陸資買賣超股數(不含外資自營商)"":""-24,940"",""外資自營商買進股數"":""0"",""外資自營商賣出股數"":""0"",""外資自營商買賣超股數"":""0"",""投信買進股數"":""0"",""投信賣出股數"":""0"",""投信買賣超股數"":""0"",""自營商買賣超股數"":""0"",""自營商買進股數(自行買賣)"":""0"",""自營商賣出股數(自行買賣)"":""0"",""自營商買賣超股數(自行買賣)"":""0"",""自營商買進股數(避險)"":""0"",""自營商賣出股數(避險)"":""0"",""自營商買賣超股數(避險)"":""0"",""三大法人買賣超股數"":""-24,940""}"
2026-10-01,TWSE,6606,建德工業        ,1000,26000,-25000,0,0,0,0,0,0,"{""證券代號"":""6606"",""證券名稱"":""建德工業        "",""外陸資買進股數(不含外資自營商)"":""1,000"",""外陸資賣出股數(不含外資自營商)"":""26,000"",""外陸資買賣超股數(不含外資自營商)"":""-25,000"",""外資自營商買進股數"":""0"",""外資自營商賣出股數"":""0"",""外資自營商買賣超股數"":""0"",""投信買進股數"":""0"",""投信賣出股數"":""0"",""投信買賣超股數"":""0"",""自營商買賣超股數"":""0"",""自營商買進股數(自行買賣)"":""0"",""自營商賣出股數(自行買賣)"":""0"",""自營商買賣超股數(自行買賣)"":""0"",""自營商買進股數(避險)"":""0"",""自營商賣出股數(避險)"":""0"",""自營商買賣超股數(避險)"":""0"",""三大法人買賣超股數"":""-25,000""}"
2026-10-01,TWSE,1342,八貫            ,11159,38056,-26897,0,0,0,0,0,1000,"{""證券代號"":""1342"",""證券名稱"":""八貫            "",""外陸資買進股數(不含外資自營商)"":""11,159"",""外陸資賣出股數(不含外資自營商)"":""38,056"",""外陸資買賣超股數(不含外資自營商)"":""-26,897"",""外資自營商買進股數"":""0"",""外資自營商賣出股數"":""0"",""外資自營商買賣超股數"":""0"",""投信買進股數"":""0"",""投信賣出股數"":""0"",""投信買賣超股數"":""0"",""自營商買賣超股數"":""1,000"",""自營商買進股數(自行買賣)"":""1,000"",""自營商賣出股數(自行買賣)"":""0"",""自營商買賣超股數(自行買賣)"":""1,000"",""自營商買進股數(避險)"":""0"",""自營商賣出股數(避險)"":""0"",""自營商買賣超股數(避險)"":""0"",""三大法人買賣超股數"":""-25,897""}"
2026-10-01,TWSE,1734,杏輝            ,28100,54000,-25900,0,0,0,0,0,0,"{""證券代號"":""1734"",""證券名稱"":""杏輝            "",""外陸資買進股數(不含外資自營商)"":""28,100"",""外陸資賣出股數(不含外資自營商)"":""54,000"",""外陸資買賣超股數(不含外資自營商)"":""-25,900"",""外資自營商買進股數"":""0"",""外資自營商賣出股數"":""0"",""外資自營商買賣超股數"":""0"",""投信買進股數"":""0"",""投信賣出股數"":""0"",""投信買賣超股數"":""0"",""自營商買賣超股數"":""0"",""自營商買進股數(自行買賣)"":""0"",""自營商賣出股數(自行買賣)"":""0"",""自營商買賣超股數(自行買賣)"":""0"",""自營商買進股數(避險)"":""0"",""自營商賣出股數(避險)"":""0"",""自營商買賣超股數(避險)"":""0"",""三大法人買賣超股數"":""-25,900""}"
2026-10-01,TWSE,3229,晟鈦            ,239000,264000,-25000,5,0,5,0,0,-1000,"{""證券代號"":""3229"",""證券名稱"":""晟鈦            "",""外陸資買進股數(不含外資自營商)"":""239,000"",""外陸資賣出股數(不含外資自營商)"":""264,000"",""外陸資買賣超股數(不含外資自營商)"":""-25,000"",""外資自營商買進股數"":""0"",""外資自營商賣出股數"":""0"",""外資自營商買賣超股數"":""0"",""投信買進股數"":""5"",""投信賣出股數"":""0"",""投信買賣超股數"":""5"",""自營商買賣超股數"":""-1,000"",""自營商買進股數(自行買賣)"":""0"",""自營商賣出股數(自行買賣)"":""1,000"",""自營商買賣超股數(自行買賣)"":""-1,000"",""自營商買進股數(避險)"":""0"",""自營商賣出股數(避險)"":""0"",""自營商買賣超股數(避險)"":""0"",""三大法人買賣超股數"":""-25,995""}"
2026-10-01,TWSE,2429,銘旺科          ,33013,59102,-26089,0,0,0,0,0,0,"{""證券代號"":""2429"",""證券名稱"":""銘旺科          "",""外陸資買進股數(不含外資自營商)"":""33,013"",""外陸資賣出股數(不含外資自營商)"":""59,102"",""外陸資買賣超股數(不含外資自營商)"":""-26,089"",""外資自營商買進股數"":""0"",""外資自營商賣出股數"":""0"",""外資自營商買賣超股數"":""0"",""投信買進股數"":""0"",""投信賣出股數"":""0"",""投信買賣超股數"":""0"",""自營商買賣超股數"":""0"",""自營商買進股數(自行買賣)"":""0"",""自營商賣出股數(自行買賣)"":""0"",""自營商買賣超股數(自行買賣)"":""0"",""自營商買進股數(避險)"":""0"",""自營商賣出股數(避險)"":""0"",""自營商買賣超股數(避險)"":""0"",""三大法人買賣超股數"":""-26,089""}"
2026-10-01,TWSE,2731,雄獅            ,38126,65000,-26874,0,0,0,0,0,705,"{""證券代號"":""2731"",""證券名稱"":""雄獅            "",""外陸資買進股數(不含外資自營商)"":""38,126"",""外陸資賣出股數(不含外資自營商)"":""65,000"",""外陸資買賣超股數(不含外資自營商)"":""-26,874"",""外資自營商買進股數"":""0"",""外資自營商賣出股數"":""0"",""外資自營商買賣超股數"":""0"",""投信買進股數"":""0"",""投信賣出股數"":""0"",""投信買賣超股數"":""0"",""自營商買賣超股數"":""705"",""自營商買進股數(自行買賣)"":""1,000"",""自營商賣出股數(自行買賣)"":""295"",""自營商買賣超股數(自行買賣)"":""705"",""自營商買進股數(避險)"":""0"",""自營商賣出股數(避險)"":""0"",""自營商買賣超股數(避險)"":""0"",""三大法人買賣超股數"":""-26,169""}"
2026-10-01,TWSE,4976,佳凌            ,199100,225000,-25900,0,0,0,386,1000,-614,"{""證券代號"":""4976"",""證券名稱"":""佳凌            "",""外陸資買進股數(不含外資自營商)"":""199,100"",""外陸資賣出股數(不含外資自營商)"":""225,000"",""外陸資買賣超股數(不含外資自營商)"":""-25,900"",""外資自營商買進股數"":""0"",""外資自營商賣出股數"":""0"",""外資自營商買賣超股數"":""0"",""投信買進股數"":""0"",""投信賣出股數"":""0"",""投信買賣超股數"":""0"",""自營商買賣超股數"":""-614"",""自營商買進股數(自行買賣)"":""0"",""自營商賣出股數(自行買賣)"":""0"",""自營商買賣超股數(自行買賣)"":""0"",""自營商買進股數(避險)"":""386"",""自營商賣出股數(避險)"":""1,000"",""自營商買賣超股數(避險)"":""-614"",""三大法人買賣超股數"":""-26,514""}"
2026-10-01,TWSE,9955,佳龍            ,26000,53000,-27000,0,0,0,0,0,0,"{""證券代號"":""9955"",""證券名稱"":""佳龍            "",""外陸資買進股數(不含外資自營商)"":""26,000"",""外陸資賣出股數(不含外資自營商)"":""53,000"",""外陸資買賣超股數(不含外資自營商)"":""-27,000"",""外資自營商買進股數"":""0"",""外資自營商賣出股數"":""0"",""外資自營商買賣超股數"":""0"",""投信買進股數"":""0"",""投信賣出股數"":""0"",""投信買賣超股數"":""0"",""自營商買賣超股數"":""0"",""自營商買進股數(自行買賣)"":""0"",""自營商賣出股數(自行買賣)"":""0"",""自營商買賣超股數(自行買賣)"":""0"",""自營商買進股數(避險)"":""0"",""自營商賣出股數(避險)"":""0"",""自營商買賣超股數(避險)"":""0"",""三大法人買賣超股數"":""-27,000""}"
2026-10-01,TWSE,1439,雋揚            ,6000,33000,-27000,0,0,0,0,0,0,"{""證券代號"":""1439"",""證券名稱"":""雋揚            "",""外陸資買進股數(不含外資自營商)"":""6,000"",""外陸資賣出股數(不含外資自營商)"":""33,000"",""外陸資買賣超股數(不含外資自營商)"":""-27,000"",""外資自營商買進股數"":""0"",""外資自營商賣出股數"":""0"",""外資自營商買賣超股數"":""0"",""投信買進股數"":""0"",""投信賣出股數"":""0"",""投信買賣超股數"":""0"",""自營商買賣超股數"":""0"",""自營商買進股數(自行買賣)"":""0"",""自營商賣出股數(自行買賣)"":""0"",""自營商買賣超股數(自行買賣)"":""0"",""自營商買進股數(避險)"":""0"",""自營商賣出股數(避險)"":""0"",""自營商買賣超股數(避險)"":""0"",""三大法人買賣超股數"":""-27,000""}"
2026-10-01,TWSE,1414,東和            ,10989,39903,-28914,0,0,0,0,0,1000,"{""證券代號"":""1414"",""證券名稱"":""東和            "",""外陸資買進股數(不含外資自營商)"":""10,989"",""外陸資賣出股數(不含外資自營商)"":""39,903"",""外陸資買賣超股數(不含外資自營商)"":""-28,914"",""外資自營商買進股數"":""0"",""外資自營商賣出股數"":""0"",""外資自營商買賣超股數"":""0"",""投信買進股數"":""0"",""投信賣出股數"":""0"",""投信買賣超股數"":""0"",""自營商買賣超股數"":""1,000"",""自營商買進股數(自行買賣)"":""1,000"",""自營商賣出股數(自行買賣)"":""0"",""自營商買賣超股數(自行買賣)"":""1,000"",""自營商買進股數(避險)"":""0"",""自營商賣出股數(避險)"":""0"",""自營商買賣超股數(避險)"":""0"",""三大法人買賣超股數"":""-27,914""}"
2026-10-01,TWSE,6117,迎廣            ,46000,22040,23960,0,0,0,0,0,-52280,"{""證券代號"":""6117"",""證券名稱"":""迎廣            "",""外陸資買進股數(不含外資自營商)"":""46,000"",""外陸資賣出股數(不含外資自營商)"":""22,040"",""外陸資買賣超股數(不含外資自營商)"":""23,960"",""外資自營商買進股數"":""0"",""外資自營商賣出股數"":""0"",""外資自營商買賣超股數"":""0"",""投信買進股數"":""0"",""投信賣出股數"":""0"",""投信買賣超股數"":""0"",""自營商買賣超股數"":""-52,280"",""自營商買進股數(自行買賣)"":""0"",""自營商賣出股數(自行買賣)"":""52,280"",""自營商買賣超股數(自行買賣)"":""-52,280"",""自營商買進股數(避險)"":""0"",""自營商賣出股數(避險)"":""0"",""自營商買賣超股數(避險)"":""0"",""三大法人買賣超股數"":""-28,320""}"
2026-10-01,TWSE,3501,維熹            ,2000,31000,-29000,8,0,8,0,0,0,"{""證券代號"":""3501"",""證券名稱"":""維熹            "",""外陸資買進股數(不含外資自營商)"":""2,000"",""外陸資賣出股數(不含外資自營商)"":""31,000"",""外陸資買賣超股數(不含外資自營商)"":""-29,000"",""外資自營商買進股數"":""0"",""外資自營商賣出股數"":""0"",""外資自營商買賣超股數"":""0"",""投信買進股數"":""8"",""投信賣出股數"":""0"",""投信買賣超股數"":""8"",""自營商買賣超股數"":""0"",""自營商買進股數(自行買賣)"":""0"",""自營商賣出股數(自行買賣)"":""0"",""自營商買賣超股數(自行買賣)"":""0"",""自營商買進股數(避險)"":""0"",""自營商賣出股數(避險)"":""0"",""自營商買賣超股數(避險)"":""0"",""三大法人買賣超股數"":""-28,992""}"
2026-10-01,TWSE,2022,聚亨            ,11174,41000,-29826,0,0,0,0,0,0,"{""證券代號"":""2022"",""證券名稱"":""聚亨            "",""外陸資買進股數(不含外資自營商)"":""11,174"",""外陸資賣出股數(不含外資自營商)"":""41,000"",""外陸資買賣超股數(不含外資自營商)"":""-29,826"",""外資自營商買進股數"":""0"",""外資自營商賣出股數"":""0"",""外資自營商買賣超股數"":""0"",""投信買進股數"":""0"",""投信賣出股數"":""0"",""投信買賣超股數"":""0"",""自營商買賣超股數"":""0"",""自營商買進股數(自行買賣)"":""0"",""自營商賣出股數(自行買賣)"":""0"",""自營商買賣超股數(自行買賣)"":""0"",""自營商買進股數(避險)"":""0"",""自營商賣出股數(避險)"":""0"",""自營商買賣超股數(避險)"":""0"",""三大法人買賣超股數"":""-29,826""}"
2026-10-01,TWSE,5533,皇鼎            ,6000,36000,-30000,0,0,0,0,0,0,"{""證券代號"":""5533"",""證券名稱"":""皇鼎            "",""外陸資買進股數(不含外資自營商)"":""6,000"",""外陸資賣出股數(不含外資自營商)"":""36,000"",""外陸資買賣超股數(不含外資自營商)"":""-30,000"",""外資自營商買進股數"":""0"",""外資自營商賣出股數"":""0"",""外資自營商買賣超股數"":""0"",""投信買進股數"":""0"",""投信賣出股數"":""0"",""投信買賣超股數"":""0"",""自營商買賣超股數"":""0"",""自營商買進股數(自行買賣)"":""0"",""自營商賣出股數(自行買賣)"":""0"",""自營商買賣超股數(自行買賣)"":""0"",""自營商買進股數(避險)"":""0"",""自營商賣出股數(避險)"":""0"",""自營商買賣超股數(避險)"":""0"",""三大法人買賣超股數"":""-30,000""}"
2026-10-01,TWSE,2204,中華            ,56050,89000,-32950,3563,0,3563,2000,2648,-648,"{""證券代號"":""2204"",""證券名稱"":""中華            "",""外陸資買進股數(不含外資自營商)"":""56,050"",""外陸資賣出股數(不含外資自營商)"":""89,000"",""外陸資買賣超股數(不含外資自營商)"":""-32,950"",""外資自營商買進股數"":""0"",""外資自營商賣出股數"":""0"",""外資自營商買賣超股數"":""0"",""投信買進股數"":""3,563"",""投信賣出股數"":""0"",""投信買賣超股數"":""3,563"",""自營商買賣超股數"":""-648"",""自營商買進股數(自行買賣)"":""0"",""自營商賣出股數(自行買賣)"":""0"",""自營商買賣超股數(自行買賣)"":""0"",""自營商買進股數(避險)"":""2,000"",""自營商賣出股數(避險)"":""2,648"",""自營商買賣超股數(避險)"":""-648"",""三大法人買賣超股數"":""-30,035""}"
2026-10-01,TWSE,1587,吉茂            ,11000,43000,-32000,0,0,0,0,0,1000,"{""證券代號"":""1587"",""證券名稱"":""吉茂            "",""外陸資買進股數(不含外資自營商)"":""11,000"",""外陸資賣出股數(不含外資自營商)"":""43,000"",""外陸資買賣超股數(不含外資自營商)"":""-32,000"",""外資自營商買進股數"":""0"",""外資自營商賣出股數"":""0"",""外資自營商買賣超股數"":""0"",""投信買進股數"":""0"",""投信賣出股數"":""0"",""投信買賣超股數"":""0"",""自營商買賣超股數"":""1,000"",""自營商買進股數(自行買賣)"":""1,000"",""自營商賣出股數(自行買賣)"":""0"",""自營商買賣超股數(自行買賣)"":""1,000"",""自營商買進股數(避險)"":""0"",""自營商賣出股數(避險)"":""0"",""自營商買賣超股數(避險)"":""0"",""三大法人買賣超股數"":""-31,000""}"
2026-10-01,TWSE,4583,台灣精銳        ,6022,37104,-31082,0,0,0,0,0,0,"{""證券代號"":""4583"",""證券名稱"":""台灣精銳        "",""外陸資買進股數(不含外資自營商)"":""6,022"",""外陸資賣出股數(不含外資自營商)"":""37,104"",""外陸資買賣超股數(不含外資自營商)"":""-31,082"",""外資自營商買進股數"":""0"",""外資自營商賣出股數"":""0"",""外資自營商買賣超股數"":""0"",""投信買進股數"":""0"",""投信賣出股數"":""0"",""投信買賣超股數"":""0"",""自營商買賣超股數"":""0"",""自營商買進股數(自行買賣)"":""0"",""自營商賣出股數(自行買賣)"":""0"",""自營商買賣超股數(自行買賣)"":""0"",""自營商買進股數(避險)"":""0"",""自營商賣出股數(避險)"":""0"",""自營商買賣超股數(避險)"":""0"",""三大法人買賣超股數"":""-31,082""}"
2026-10-01,TWSE,2613,中櫃            ,8882,40000,-31118,0,0,0,0,0,0,"{""證券代號"":""2613"",""證券名稱"":""中櫃            "",""外陸資買進股數(不含外資自營商)"":""8,882"",""外陸資賣出股數(不含外資自營商)"":""40,000"",""外陸資買賣超股數(不含外資自營商)"":""-31,118"",""外資自營商買進股數"":""0"",""外資自營商賣出股數"":""0"",""外資自營商買賣超股數"":""0"",""投信買進股數"":""0"",""投信賣出股數"":""0"",""投信買賣超股數"":""0"",""自營商買賣超股數"":""0"",""自營商買進股數(自行買賣)"":""0"",""自營商賣出股數(自行買賣)"":""0"",""自營商買賣超股數(自行買賣)"":""0"",""自營商買進股數(避險)"":""0"",""自營商賣出股數(避險)"":""0"",""自營商買賣超股數(避險)"":""0"",""三大法人買賣超股數"":""-31,118""}"
2026-10-01,TWSE,1563,巧新            ,51422,83158,-31736,0,0,0,324,0,324,"{""證券代號"":""1563"",""證券名稱"":""巧新            "",""外陸資買進股數(不含外資自營商)"":""51,422"",""外陸資賣出股數(不含外資自營商)"":""83,158"",""外陸資買賣超股數(不含外資自營商)"":""-31,736"",""外資自營商買進股數"":""0"",""外資自營商賣出股數"":""0"",""外資自營商買賣超股數"":""0"",""投信買進股數"":""0"",""投信賣出股數"":""0"",""投信買賣超股數"":""0"",""自營商買賣超股數"":""324"",""自營商買進股數(自行買賣)"":""0"",""自營商賣出股數(自行買賣)"":""0"",""自營商買賣超股數(自行買賣)"":""0"",""自營商買進股數(避險)"":""324"",""自營商賣出股數(避險)"":""0"",""自營商買賣超股數(避險)"":""324"",""三大法人買賣超股數"":""-31,412""}"
2026-10-01,TWSE,6585,鼎基            ,19100,50000,-30900,0,0,0,0,0,-1000,"{""證券代號"":""6585"",""證券名稱"":""鼎基            "",""外陸資買進股數(不含外資自營商)"":""19,100"",""外陸資賣出股數(不含外資自營商)"":""50,000"",""外陸資買賣超股數(不含外資自營商)"":""-30,900"",""外資自營商買進股數"":""0"",""外資自營商賣出股數"":""0"",""外資自營商買賣超股數"":""0"",""投信買進股數"":""0"",""投信賣出股數"":""0"",""投信買賣超股數"":""0"",""自營商買賣超股數"":""-1,000"",""自營商買進股數(自行買賣)"":""0"",""自營商賣出股數(自行買賣)"":""1,000"",""自營商買賣超股數(自行買賣)"":""-1,000"",""自營商買進股數(避險)"":""0"",""自營商賣出股數(避險)"":""0"",""自營商買賣超股數(避險)"":""0"",""三大法人買賣超股數"":""-31,900""}"
2026-10-01,TWSE,6838,台新藥          ,22000,54000,-32000,0,0,0,0,0,0,"{""證券代號"":""6838"",""證券名稱"":""台新藥          "",""外陸資買進股數(不含外資自營商)"":""22,000"",""外陸資賣出股數(不含外資自營商)"":""54,000"",""外陸資買賣超股數(不含外資自營商)"":""-32,000"",""外資自營商買進股數"":""0"",""外資自營商賣出股數"":""0"",""外資自營商買賣超股數"":""0"",""投信買進股數"":""0"",""投信賣出股數"":""0"",""投信買賣超股數"":""0"",""自營商買賣超股數"":""0"",""自營商買進股數(自行買賣)"":""0"",""自營商賣出股數(自行買賣)"":""0"",""自營商買賣超股數(自行買賣)"":""0"",""自營商買進股數(避險)"":""0"",""自營商賣出股數(避險)"":""0"",""自營商買賣超股數(避險)"":""0"",""三大法人買賣超股數"":""-32,000""}"
2026-10-01,TWSE,1616,億泰            ,55000,87206,-32206,0,0,0,0,0,0,"{""證券代號"":""1616"",""證券名稱"":""億泰            "",""外陸資買進股數(不含外資自營商)"":""55,000"",""外陸資賣出股數(不含外資自營商)"":""87,206"",""外陸資買賣超股數(不含外資自營商)"":""-32,206"",""外資自營商買進股數"":""0"",""外資自營商賣出股數"":""0"",""外資自營商買賣超股數"":""0"",""投信買進股數"":""0"",""投信賣出股數"":""0"",""投信買賣超股數"":""0"",""自營商買賣超股數"":""0"",""自營商買進股數(自行買賣)"":""0"",""自營商賣出股數(自行買賣)"":""0"",""自營商買賣超股數(自行買賣)"":""0"",""自營商買進股數(避險)"":""0"",""自營商賣出股數(避險)"":""0"",""自營商買賣超股數(避險)"":""0"",""三大法人買賣超股數"":""-32,206""}"
2026-10-01,TWSE,2723,美食-KY         ,51993,81000,-29007,0,0,0,0,0,-3540,"{""證券代號"":""2723"",""證券名稱"":""美食-KY         "",""外陸資買進股數(不含外資自營商)"":""51,993"",""外陸資賣出股數(不含外資自營商)"":""81,000"",""外陸資買賣超股數(不含外資自營商)"":""-29,007"",""外資自營商買進股數"":""0"",""外資自營商賣出股數"":""0"",""外資自營商買賣超股數"":""0"",""投信買進股數"":""0"",""投信賣出股數"":""0"",""投信買賣超股數"":""0"",""自營商買賣超股數"":""-3,540"",""自營商買進股數(自行買賣)"":""2,460"",""自營商賣出股數(自行買賣)"":""6,000"",""自營商買賣超股數(自行買賣)"":""-3,540"",""自營商買進股數(避險)"":""0"",""自營商賣出股數(避險)"":""0"",""自營商買賣超股數(避險)"":""0"",""三大法人買賣超股數"":""-32,547""}"
2026-10-01,TWSE,8464,億豐            ,81909,113465,-31556,0,1000,-1000,0,96,-96,"{""證券代號"":""8464"",""證券名稱"":""億豐            "",""外陸資買進股數(不含外資自營商)"":""81,909"",""外陸資賣出股數(不含外資自營商)"":""113,465"",""外陸資買賣超股數(不含外資自營商)"":""-31,556"",""外資自營商買進股數"":""0"",""外資自營商賣出股數"":""0"",""外資自營商買賣超股數"":""0"",""投信買進股數"":""0"",""投信賣出股數"":""1,000"",""投信買賣超股數"":""-1,000"",""自營商買賣超股數"":""-96"",""自營商買進股數(自行買賣)"":""0"",""自營商賣出股數(自行買賣)"":""0"",""自營商買賣超股數(自行買賣)"":""0"",""自營商買進股數(避險)"":""0"",""自營商賣出股數(避險)"":""96"",""自營商買賣超股數(避險)"":""-96"",""三大法人買賣超股數"":""-32,652""}"
2026-10-01,TWSE,2417,圓剛            ,30040,63000,-32960,0,0,0,0,0,0,"{""證券代號"":""2417"",""證券名稱"":""圓剛            "",""外陸資買進股數(不含外資自營商)"":""30,040"",""外陸資賣出股數(不含外資自營商)"":""63,000"",""外陸資買賣超股數(不含外資自營商)"":""-32,960"",""外資自營商買進股數"":""0"",""外資自營商賣出股數"":""0"",""外資自營商買賣超股數"":""0"",""投信買進股數"":""0"",""投信賣出股數"":""0"",""投信買賣超股數"":""0"",""自營商買賣超股數"":""0"",""自營商買進股數(自行買賣)"":""0"",""自營商賣出股數(自行買賣)"":""0"",""自營商買賣超股數(自行買賣)"":""0"",""自營商買進股數(避險)"":""0"",""自營商賣出股數(避險)"":""0"",""自營商買賣超股數(避險)"":""0"",""三大法人買賣超股數"":""-32,960""}"
2026-10-01,TWSE,1737,臺鹽            ,5000,43000,-38000,0,0,0,0,0,5000,"{""證券代號"":""1737"",""證券名稱"":""臺鹽            "",""外陸資買進股數(不含外資自營商)"":""5,000"",""外陸資賣出股數(不含外資自營商)"":""43,000"",""外陸資買賣超股數(不含外資自營商)"":""-38,000"",""外資自營商買進股數"":""0"",""外資自營商賣出股數"":""0"",""外資自營商買賣超股數"":""0"",""投信買進股數"":""0"",""投信賣出股數"":""0"",""投信買賣超股數"":""0"",""自營商買賣超股數"":""5,000"",""自營商買進股數(自行買賣)"":""5,000"",""自營商賣出股數(自行買賣)"":""0"",""自營商買賣超股數(自行買賣)"":""5,000"",""自營商買進股數(避險)"":""0"",""自營商賣出股數(避險)"":""0"",""自營商買賣超股數(避險)"":""0"",""三大法人買賣超股數"":""-33,000""}"
2026-10-01,TWSE,00982T,平衡兆豐台美動能,1000,1000,0,0,0,0,162125,195509,-33384,"{""證券代號"":""00982T"",""證券名稱"":""平衡兆豐台美動能"",""外陸資買進股數(不含外資自營商)"":""1,000"",""外陸資賣出股數(不含外資自營商)"":""1,000"",""外陸資買賣超股數(不含外資自營商)"":""0"",""外資自營商買進股數"":""0"",""外資自營商賣出股數"":""0"",""外資自營商買賣超股數"":""0"",""投信買進股數"":""0"",""投信賣出股數"":""0"",""投信買賣超股數"":""0"",""自營商買賣超股數"":""-33,384"",""自營商買進股數(自行買賣)"":""0"",""自營商賣出股數(自行買賣)"":""0"",""自營商買賣超股數(自行買賣)"":""0"",""自營商買進股數(避險)"":""162,125"",""自營商賣出股數(避險)"":""195,509"",""自營商買賣超股數(避險)"":""-33,384"",""三大法人買賣超股數"":""-33,384""}"
2026-10-01,TWSE,6753,龍德造船        ,30000,63000,-33000,0,0,0,4000,4491,-491,"{""證券代號"":""6753"",""證券名稱"":""龍德造船        "",""外陸資買進股數(不含外資自營商)"":""30,000"",""外陸資賣出股數(不含外資自營商)"":""63,000"",""外陸資買賣超股數(不含外資自營商)"":""-33,000"",""外資自營商買進股數"":""0"",""外資自營商賣出股數"":""0"",""外資自營商買賣超股數"":""0"",""投信買進股數"":""0"",""投信賣出股數"":""0"",""投信買賣超股數"":""0"",""自營商買賣超股數"":""-491"",""自營商買進股數(自行買賣)"":""0"",""自營商賣出股數(自行買賣)"":""0"",""自營商買賣超股數(自行買賣)"":""0"",""自營商買進股數(避險)"":""4,000"",""自營商賣出股數(避險)"":""4,491"",""自營商買賣超股數(避險)"":""-491"",""三大法人買賣超股數"":""-33,491""}"
2026-10-01,TWSE,3535,晶彩科          ,150000,192000,-42000,0,0,0,14433,6127,8306,"{""證券代號"":""3535"",""證券名稱"":""晶彩科          "",""外陸資買進股數(不含外資自營商)"":""150,000"",""外陸資賣出股數(不含外資自營商)"":""192,000"",""外陸資買賣超股數(不含外資自營商)"":""-42,000"",""外資自營商買進股數"":""0"",""外資自營商賣出股數"":""0"",""外資自營商買賣超股數"":""0"",""投信買進股數"":""0"",""投信賣出股數"":""0"",""投信買賣超股數"":""0"",""自營商買賣超股數"":""8,306"",""自營商買進股數(自行買賣)"":""0"",""自營商賣出股數(自行買賣)"":""0"",""自營商買賣超股數(自行買賣)"":""0"",""自營商買進股數(避險)"":""14,433"",""自營商賣出股數(避險)"":""6,127"",""自營商買賣超股數(避險)"":""8,306"",""三大法人買賣超股數"":""-33,694""}"
2026-10-01,TWSE,2453,凌群            ,47225,81000,-33775,0,0,0,0,0,0,"{""證券代號"":""2453"",""證券名稱"":""凌群            "",""外陸資買進股數(不含外資自營商)"":""47,225"",""外陸資賣出股數(不含外資自營商)"":""81,000"",""外陸資買賣超股數(不含外資自營商)"":""-33,775"",""外資自營商買進股數"":""0"",""外資自營商賣出股數"":""0"",""外資自營商買賣超股數"":""0"",""投信買進股數"":""0"",""投信賣出股數"":""0"",""投信買賣超股數"":""0"",""自營商買賣超股數"":""0"",""自營商買進股數(自行買賣)"":""0"",""自營商賣出股數(自行買賣)"":""0"",""自營商買賣超股數(自行買賣)"":""0"",""自營商買進股數(避險)"":""0"",""自營商賣出股數(避險)"":""0"",""自營商買賣超股數(避險)"":""0"",""三大法人買賣超股數"":""-33,775""}"
2026-10-01,TWSE,5484,慧友            ,2000,36000,-34000,5,0,5,0,0,0,"{""證券代號"":""5484"",""證券名稱"":""慧友            "",""外陸資買進股數(不含外資自營商)"":""2,000"",""外陸資賣出股數(不含外資自營商)"":""36,000"",""外陸資買賣超股數(不含外資自營商)"":""-34,000"",""外資自營商買進股數"":""0"",""外資自營商賣出股數"":""0"",""外資自營商買賣超股數"":""0"",""投信買進股數"":""5"",""投信賣出股數"":""0"",""投信買賣超股數"":""5"",""自營商買賣超股數"":""0"",""自營商買進股數(自行買賣)"":""0"",""自營商賣出股數(自行買賣)"":""0"",""自營商買賣超股數(自行買賣)"":""0"",""自營商買進股數(避險)"":""0"",""自營商賣出股數(避險)"":""0"",""自營商買賣超股數(避險)"":""0"",""三大法人買賣超股數"":""-33,995""}"
2026-10-01,TWSE,4552,力達-KY         ,16000,50000,-34000,0,0,0,0,0,0,"{""證券代號"":""4552"",""證券名稱"":""力達-KY         "",""外陸資買進股數(不含外資自營商)"":""16,000"",""外陸資賣出股數(不含外資自營商)"":""50,000"",""外陸資買賣超股數(不含外資自營商)"":""-34,000"",""外資自營商買進股數"":""0"",""外資自營商賣出股數"":""0"",""外資自營商買賣超股數"":""0"",""投信買進股數"":""0"",""投信賣出股數"":""0"",""投信買賣超股數"":""0"",""自營商買賣超股數"":""0"",""自營商買進股數(自行買賣)"":""0"",""自營商賣出股數(自行買賣)"":""0"",""自營商買賣超股數(自行買賣)"":""0"",""自營商買進股數(避險)"":""0"",""自營商賣出股數(避險)"":""0"",""自營商買賣超股數(避險)"":""0"",""三大法人買賣超股數"":""-34,000""}"
2026-10-01,TWSE,3024,憶聲            ,189410,224000,-34590,32,0,32,0,0,0,"{""證券代號"":""3024"",""證券名稱"":""憶聲            "",""外陸資買進股數(不含外資自營商)"":""189,410"",""外陸資賣出股數(不含外資自營商)"":""224,000"",""外陸資買賣超股數(不含外資自營商)"":""-34,590"",""外資自營商買進股數"":""0"",""外資自營商賣出股數"":""0"",""外資自營商買賣超股數"":""0"",""投信買進股數"":""32"",""投信賣出股數"":""0"",""投信買賣超股數"":""32"",""自營商買賣超股數"":""0"",""自營商買進股數(自行買賣)"":""0"",""自營商賣出股數(自行買賣)"":""0"",""自營商買賣超股數(自行買賣)"":""0"",""自營商買進股數(避險)"":""0"",""自營商賣出股數(避險)"":""0"",""自營商買賣超股數(避險)"":""0"",""三大法人買賣超股數"":""-34,558""}"
2026-10-01,TWSE,2630,亞航            ,56048,84090,-28042,0,0,0,0,7000,-7000,"{""證券代號"":""2630"",""證券名稱"":""亞航            "",""外陸資買進股數(不含外資自營商)"":""56,048"",""外陸資賣出股數(不含外資自營商)"":""84,090"",""外陸資買賣超股數(不含外資自營商)"":""-28,042"",""外資自營商買進股數"":""0"",""外資自營商賣出股數"":""0"",""外資自營商買賣超股數"":""0"",""投信買進股數"":""0"",""投信賣出股數"":""0"",""投信買賣超股數"":""0"",""自營商買賣超股數"":""-7,000"",""自營商買進股數(自行買賣)"":""0"",""自營商賣出股數(自行買賣)"":""0"",""自營商買賣超股數(自行買賣)"":""0"",""自營商買進股數(避險)"":""0"",""自營商賣出股數(避險)"":""7,000"",""自營商買賣超股數(避險)"":""-7,000"",""三大法人買賣超股數"":""-35,042""}"
2026-10-01,TWSE,6937,天虹            ,162715,161000,1715,0,0,0,0,37261,-37261,"{""證券代號"":""6937"",""證券名稱"":""天虹            "",""外陸資買進股數(不含外資自營商)"":""162,715"",""外陸資賣出股數(不含外資自營商)"":""161,000"",""外陸資買賣超股數(不含外資自營商)"":""1,715"",""外資自營商買進股數"":""0"",""外資自營商賣出股數"":""0"",""外資自營商買賣超股數"":""0"",""投信買進股數"":""0"",""投信賣出股數"":""0"",""投信買賣超股數"":""0"",""自營商買賣超股數"":""-37,261"",""自營商買進股數(自行買賣)"":""0"",""自營商賣出股數(自行買賣)"":""0"",""自營商買賣超股數(自行買賣)"":""0"",""自營商買進股數(避險)"":""0"",""自營商賣出股數(避險)"":""37,261"",""自營商買賣超股數(避險)"":""-37,261"",""三大法人買賣超股數"":""-35,546""}"
2026-10-01,TWSE,5306,桂盟            ,77169,58000,19169,0,56500,-56500,0,0,1000,"{""證券代號"":""5306"",""證券名稱"":""桂盟            "",""外陸資買進股數(不含外資自營商)"":""77,169"",""外陸資賣出股數(不含外資自營商)"":""58,000"",""外陸資買賣超股數(不含外資自營商)"":""19,169"",""外資自營商買進股數"":""0"",""外資自營商賣出股數"":""0"",""外資自營商買賣超股數"":""0"",""投信買進股數"":""0"",""投信賣出股數"":""56,500"",""投信買賣超股數"":""-56,500"",""自營商買賣超股數"":""1,000"",""自營商買進股數(自行買賣)"":""1,000"",""自營商賣出股數(自行買賣)"":""0"",""自營商買賣超股數(自行買賣)"":""1,000"",""自營商買進股數(避險)"":""0"",""自營商賣出股數(避險)"":""0"",""自營商買賣超股數(避險)"":""0"",""三大法人買賣超股數"":""-36,331""}"
2026-10-01,TWSE,6902,GOGOLOOK        ,68139,105850,-37711,0,0,0,0,0,1000,"{""證券代號"":""6902"",""證券名稱"":""GOGOLOOK        "",""外陸資買進股數(不含外資自營商)"":""68,139"",""外陸資賣出股數(不含外資自營商)"":""105,850"",""外陸資買賣超股數(不含外資自營商)"":""-37,711"",""外資自營商買進股數"":""0"",""外資自營商賣出股數"":""0"",""外資自營商買賣超股數"":""0"",""投信買進股數"":""0"",""投信賣出股數"":""0"",""投信買賣超股數"":""0"",""自營商買賣超股數"":""1,000"",""自營商買進股數(自行買賣)"":""1,000"",""自營商賣出股數(自行買賣)"":""0"",""自營商買賣超股數(自行買賣)"":""1,000"",""自營商買進股數(避險)"":""0"",""自營商賣出股數(避險)"":""0"",""自營商買賣超股數(避險)"":""0"",""三大法人買賣超股數"":""-36,711""}"
2026-10-01,TWSE,8162,微矽電子-創     ,79000,116000,-37000,0,0,0,12100,12000,100,"{""證券代號"":""8162"",""證券名稱"":""微矽電子-創     "",""外陸資買進股數(不含外資自營商)"":""79,000"",""外陸資賣出股數(不含外資自營商)"":""116,000"",""外陸資買賣超股數(不含外資自營商)"":""-37,000"",""外資自營商買進股數"":""0"",""外資自營商賣出股數"":""0"",""外資自營商買賣超股數"":""0"",""投信買進股數"":""0"",""投信賣出股數"":""0"",""投信買賣超股數"":""0"",""自營商買賣超股數"":""100"",""自營商買進股數(自行買賣)"":""0"",""自營商賣出股數(自行買賣)"":""0"",""自營商買賣超股數(自行買賣)"":""0"",""自營商買進股數(避險)"":""12,100"",""自營商賣出股數(避險)"":""12,000"",""自營商買賣超股數(避險)"":""100"",""三大法人買賣超股數"":""-36,900""}"
2026-10-01,TWSE,4137,麗豐-KY         ,19089,56695,-37606,624,0,624,0,0,0,"{""證券代號"":""4137"",""證券名稱"":""麗豐-KY         "",""外陸資買進股數(不含外資自營商)"":""19,089"",""外陸資賣出股數(不含外資自營商)"":""56,695"",""外陸資買賣超股數(不含外資自營商)"":""-37,606"",""外資自營商買進股數"":""0"",""外資自營商賣出股數"":""0"",""外資自營商買賣超股數"":""0"",""投信買進股數"":""624"",""投信賣出股數"":""0"",""投信買賣超股數"":""624"",""自營商買賣超股數"":""0"",""自營商買進股數(自行買賣)"":""0"",""自營商賣出股數(自行買賣)"":""0"",""自營商買賣超股數(自行買賣)"":""0"",""自營商買進股數(避險)"":""0"",""自營商賣出股數(避險)"":""0"",""自營商買賣超股數(避險)"":""0"",""三大法人買賣超股數"":""-36,982""}"
2026-10-01,TWSE,2705,六福            ,16000,53000,-37000,0,0,0,0,0,0,"{""證券代號"":""2705"",""證券名稱"":""六福            "",""外陸資買進股數(不含外資自營商)"":""16,000"",""外陸資賣出股數(不含外資自營商)"":""53,000"",""外陸資買賣超股數(不含外資自營商)"":""-37,000"",""外資自營商買進股數"":""0"",""外資自營商賣出股數"":""0"",""外資自營商買賣超股數"":""0"",""投信買進股數"":""0"",""投信賣出股數"":""0"",""投信買賣超股數"":""0"",""自營商買賣超股數"":""0"",""自營商買進股數(自行買賣)"":""0"",""自營商賣出股數(自行買賣)"":""0"",""自營商買賣超股數(自行買賣)"":""0"",""自營商買進股數(避險)"":""0"",""自營商賣出股數(避險)"":""0"",""自營商買賣超股數(避險)"":""0"",""三大法人買賣超股數"":""-37,000""}"
2026-10-01,TWSE,6742,澤米            ,235410,273000,-37590,0,0,0,0,0,-215,"{""證券代號"":""6742"",""證券名稱"":""澤米            "",""外陸資買進股數(不含外資自營商)"":""235,410"",""外陸資賣出股數(不含外資自營商)"":""273,000"",""外陸資買賣超股數(不含外資自營商)"":""-37,590"",""外資自營商買進股數"":""0"",""外資自營商賣出股數"":""0"",""外資自營商買賣超股數"":""0"",""投信買進股數"":""0"",""投信賣出股數"":""0"",""投信買賣超股數"":""0"",""自營商買賣超股數"":""-215"",""自營商買進股數(自行買賣)"":""0"",""自營商賣出股數(自行買賣)"":""215"",""自營商買賣超股數(自行買賣)"":""-215"",""自營商買進股數(避險)"":""0"",""自營商賣出股數(避險)"":""0"",""自營商買賣超股數(避險)"":""0"",""三大法人買賣超股數"":""-37,805""}"
2026-10-01,TWSE,6790,永豐實          ,9000,47000,-38000,0,0,0,1000,1535,-535,"{""證券代號"":""6790"",""證券名稱"":""永豐實          "",""外陸資買進股數(不含外資自營商)"":""9,000"",""外陸資賣出股數(不含外資自營商)"":""47,000"",""外陸資買賣超股數(不含外資自營商)"":""-38,000"",""外資自營商買進股數"":""0"",""外資自營商賣出股數"":""0"",""外資自營商買賣超股數"":""0"",""投信買進股數"":""0"",""投信賣出股數"":""0"",""投信買賣超股數"":""0"",""自營商買賣超股數"":""-535"",""自營商買進股數(自行買賣)"":""0"",""自營商賣出股數(自行買賣)"":""0"",""自營商買賣超股數(自行買賣)"":""0"",""自營商買進股數(避險)"":""1,000"",""自營商賣出股數(避險)"":""1,535"",""自營商買賣超股數(避險)"":""-535"",""三大法人買賣超股數"":""-38,535""}"
2026-10-01,TWSE,3312,弘憶股          ,123070,164000,-40930,0,0,0,0,0,2000,"{""證券代號"":""3312"",""證券名稱"":""弘憶股          "",""外陸資買進股數(不含外資自營商)"":""123,070"",""外陸資賣出股數(不含外資自營商)"":""164,000"",""外陸資買賣超股數(不含外資自營商)"":""-40,930"",""外資自營商買進股數"":""0"",""外資自營商賣出股數"":""0"",""外資自營商買賣超股數"":""0"",""投信買進股數"":""0"",""投信賣出股數"":""0"",""投信買賣超股數"":""0"",""自營商買賣超股數"":""2,000"",""自營商買進股數(自行買賣)"":""2,000"",""自營商賣出股數(自行買賣)"":""0"",""自營商買賣超股數(自行買賣)"":""2,000"",""自營商買進股數(避險)"":""0"",""自營商賣出股數(避險)"":""0"",""自營商買賣超股數(避險)"":""0"",""三大法人買賣超股數"":""-38,930""}"
2026-10-01,TWSE,1537,廣隆            ,15140,58000,-42860,0,0,0,0,0,3000,"{""證券代號"":""1537"",""證券名稱"":""廣隆            "",""外陸資買進股數(不含外資自營商)"":""15,140"",""外陸資賣出股數(不含外資自營商)"":""58,000"",""外陸資買賣超股數(不含外資自營商)"":""-42,860"",""外資自營商買進股數"":""0"",""外資自營商賣出股數"":""0"",""外資自營商買賣超股數"":""0"",""投信買進股數"":""0"",""投信賣出股數"":""0"",""投信買賣超股數"":""0"",""自營商買賣超股數"":""3,000"",""自營商買進股數(自行買賣)"":""3,000"",""自營商賣出股數(自行買賣)"":""0"",""自營商買賣超股數(自行買賣)"":""3,000"",""自營商買進股數(避險)"":""0"",""自營商賣出股數(避險)"":""0"",""自營商買賣超股數(避險)"":""0"",""三大法人買賣超股數"":""-39,860""}"
2026-10-01,TWSE,2832,台產            ,11000,53301,-42301,1344,0,1344,4000,4257,743,"{""證券代號"":""2832"",""證券名稱"":""台產            "",""外陸資買進股數(不含外資自營商)"":""11,000"",""外陸資賣出股數(不含外資自營商)"":""53,301"",""外陸資買賣超股數(不含外資自營商)"":""-42,301"",""外資自營商買進股數"":""0"",""外資自營商賣出股數"":""0"",""外資自營商買賣超股數"":""0"",""投信買進股數"":""1,344"",""投信賣出股數"":""0"",""投信買賣超股數"":""1,344"",""自營商買賣超股數"":""743"",""自營商買進股數(自行買賣)"":""1,000"",""自營商賣出股數(自行買賣)"":""0"",""自營商買賣超股數(自行買賣)"":""1,000"",""自營商買進股數(避險)"":""4,000"",""自營商賣出股數(避險)"":""4,257"",""自營商買賣超股數(避險)"":""-257"",""三大法人買賣超股數"":""-40,214""}"
2026-10-01,TWSE,6272,驊陞            ,13000,53000,-40000,5,0,5,0,0,-1000,"{""證券代號"":""6272"",""證券名稱"":""驊陞            "",""外陸資買進股數(不含外資自營商)"":""13,000"",""外陸資賣出股數(不含外資自營商)"":""53,000"",""外陸資買賣超股數(不含外資自營商)"":""-40,000"",""外資自營商買進股數"":""0"",""外資自營商賣出股數"":""0"",""外資自營商買賣超股數"":""0"",""投信買進股數"":""5"",""投信賣出股數"":""0"",""投信買賣超股數"":""5"",""自營商買賣超股數"":""-1,000"",""自營商買進股數(自行買賣)"":""0"",""自營商賣出股數(自行買賣)"":""1,000"",""自營商買賣超股數(自行買賣)"":""-1,000"",""自營商買進股數(避險)"":""0"",""自營商賣出股數(避險)"":""0"",""自營商買賣超股數(避險)"":""0"",""三大法人買賣超股數"":""-40,995""}"
2026-10-01,TWSE,5292,華懋            ,86107,136000,-49893,0,0,0,18687,11126,8561,"{""證券代號"":""5292"",""證券名稱"":""華懋            "",""外陸資買進股數(不含外資自營商)"":""86,107"",""外陸資賣出股數(不含外資自營商)"":""136,000"",""外陸資買賣超股數(不含外資自營商)"":""-49,893"",""外資自營商買進股數"":""0"",""外資自營商賣出股數"":""0"",""外資自營商買賣超股數"":""0"",""投信買進股數"":""0"",""投信賣出股數"":""0"",""投信買賣超股數"":""0"",""自營商買賣超股數"":""8,561"",""自營商買進股數(自行買賣)"":""1,000"",""自營商賣出股數(自行買賣)"":""0"",""自營商買賣超股數(自行買賣)"":""1,000"",""自營商買進股數(避險)"":""18,687"",""自營商賣出股數(避險)"":""11,126"",""自營商買賣超股數(避險)"":""7,561"",""三大法人買賣超股數"":""-41,332""}"
2026-10-01,TWSE,2543,皇昌            ,180217,222000,-41783,0,0,0,0,0,0,"{""證券代號"":""2543"",""證券名稱"":""皇昌            "",""外陸資買進股數(不含外資自營商)"":""180,217"",""外陸資賣出股數(不含外資自營商)"":""222,000"",""外陸資買賣超股數(不含外資自營商)"":""-41,783"",""外資自營商買進股數"":""0"",""外資自營商賣出股數"":""0"",""外資自營商買賣超股數"":""0"",""投信買進股數"":""0"",""投信賣出股數"":""0"",""投信買賣超股數"":""0"",""自營商買賣超股數"":""0"",""自營商買進股數(自行買賣)"":""0"",""自營商賣出股數(自行買賣)"":""0"",""自營商買賣超股數(自行買賣)"":""0"",""自營商買進股數(避險)"":""0"",""自營商賣出股數(避險)"":""0"",""自營商買賣超股數(避險)"":""0"",""三大法人買賣超股數"":""-41,783""}"
2026-10-01,TWSE,4927,泰鼎-KY         ,592260,584133,8127,0,0,0,0,50000,-50097,"{""證券代號"":""4927"",""證券名稱"":""泰鼎-KY         "",""外陸資買進股數(不含外資自營商)"":""592,260"",""外陸資賣出股數(不含外資自營商)"":""584,133"",""外陸資買賣超股數(不含外資自營商)"":""8,127"",""外資自營商買進股數"":""0"",""外資自營商賣出股數"":""0"",""外資自營商買賣超股數"":""0"",""投信買進股數"":""0"",""投信賣出股數"":""0"",""投信買賣超股數"":""0"",""自營商買賣超股數"":""-50,097"",""自營商買進股數(自行買賣)"":""0"",""自營商賣出股數(自行買賣)"":""97"",""自營商買賣超股數(自行買賣)"":""-97"",""自營商買進股數(避險)"":""0"",""自營商賣出股數(避險)"":""50,000"",""自營商買賣超股數(避險)"":""-50,000"",""三大法人買賣超股數"":""-41,970""}"
2026-10-01,TWSE,8103,瀚荃            ,1273803,1297321,-23518,0,0,0,26185,45147,-18962,"{""證券代號"":""8103"",""證券名稱"":""瀚荃            "",""外陸資買進股數(不含外資自營商)"":""1,273,803"",""外陸資賣出股數(不含外資自營商)"":""1,297,321"",""外陸資買賣超股數(不含外資自營商)"":""-23,518"",""外資自營商買進股數"":""0"",""外資自營商賣出股數"":""0"",""外資自營商買賣超股數"":""0"",""投信買進股數"":""0"",""投信賣出股數"":""0"",""投信買賣超股數"":""0"",""自營商買賣超股數"":""-18,962"",""自營商買進股數(自行買賣)"":""1,000"",""自營商賣出股數(自行買賣)"":""1,000"",""自營商買賣超股數(自行買賣)"":""0"",""自營商買進股數(避險)"":""26,185"",""自營商賣出股數(避險)"":""45,147"",""自營商買賣超股數(避險)"":""-18,962"",""三大法人買賣超股數"":""-42,480""}"
2026-10-01,TWSE,6670,復盛應用        ,70641,133164,-62523,30000,13000,17000,0,41,2959,"{""證券代號"":""6670"",""證券名稱"":""復盛應用        "",""外陸資買進股數(不含外資自營商)"":""70,641"",""外陸資賣出股數(不含外資自營商)"":""133,164"",""外陸資買賣超股數(不含外資自營商)"":""-62,523"",""外資自營商買進股數"":""0"",""外資自營商賣出股數"":""0"",""外資自營商買賣超股數"":""0"",""投信買進股數"":""30,000"",""投信賣出股數"":""13,000"",""投信買賣超股數"":""17,000"",""自營商買賣超股數"":""2,959"",""自營商買進股數(自行買賣)"":""22,000"",""自營商賣出股數(自行買賣)"":""19,000"",""自營商買賣超股數(自行買賣)"":""3,000"",""自營商買進股數(避險)"":""0"",""自營商賣出股數(避險)"":""41"",""自營商買賣超股數(避險)"":""-41"",""三大法人買賣超股數"":""-42,564""}"
2026-10-01,TWSE,2236,百達-KY         ,99000,142948,-43948,0,0,0,0,0,1000,"{""證券代號"":""2236"",""證券名稱"":""百達-KY         "",""外陸資買進股數(不含外資自營商)"":""99,000"",""外陸資賣出股數(不含外資自營商)"":""142,948"",""外陸資買賣超股數(不含外資自營商)"":""-43,948"",""外資自營商買進股數"":""0"",""外資自營商賣出股數"":""0"",""外資自營商買賣超股數"":""0"",""投信買進股數"":""0"",""投信賣出股數"":""0"",""投信買賣超股數"":""0"",""自營商買賣超股數"":""1,000"",""自營商買進股數(自行買賣)"":""1,000"",""自營商賣出股數(自行買賣)"":""0"",""自營商買賣超股數(自行買賣)"":""1,000"",""自營商買進股數(避險)"":""0"",""自營商賣出股數(避險)"":""0"",""自營商買賣超股數(避險)"":""0"",""三大法人買賣超股數"":""-42,948""}"
2026-10-01,TWSE,8411,福貞-KY         ,4000,2000,2000,0,0,0,0,0,-45000,"{""證券代號"":""8411"",""證券名稱"":""福貞-KY         "",""外陸資買進股數(不含外資自營商)"":""4,000"",""外陸資賣出股數(不含外資自營商)"":""2,000"",""外陸資買賣超股數(不含外資自營商)"":""2,000"",""外資自營商買進股數"":""0"",""外資自營商賣出股數"":""0"",""外資自營商買賣超股數"":""0"",""投信買進股數"":""0"",""投信賣出股數"":""0"",""投信買賣超股數"":""0"",""自營商買賣超股數"":""-45,000"",""自營商買進股數(自行買賣)"":""0"",""自營商賣出股數(自行買賣)"":""45,000"",""自營商買賣超股數(自行買賣)"":""-45,000"",""自營商買進股數(避險)"":""0"",""自營商賣出股數(避險)"":""0"",""自營商買賣超股數(避險)"":""0"",""三大法人買賣超股數"":""-43,000""}"
2026-10-01,TWSE,1227,佳格            ,51632,95000,-43368,0,0,0,0,0,0,"{""證券代號"":""1227"",""證券名稱"":""佳格            "",""外陸資買進股數(不含外資自營商)"":""51,632"",""外陸資賣出股數(不含外資自營商)"":""95,000"",""外陸資買賣超股數(不含外資自營商)"":""-43,368"",""外資自營商買進股數"":""0"",""外資自營商賣出股數"":""0"",""外資自營商買賣超股數"":""0"",""投信買進股數"":""0"",""投信賣出股數"":""0"",""投信買賣超股數"":""0"",""自營商買賣超股數"":""0"",""自營商買進股數(自行買賣)"":""0"",""自營商賣出股數(自行買賣)"":""0"",""自營商買賣超股數(自行買賣)"":""0"",""自營商買進股數(避險)"":""0"",""自營商賣出股數(避險)"":""0"",""自營商買賣超股數(避險)"":""0"",""三大法人買賣超股數"":""-43,368""}"
2026-10-01,TWSE,3130,一零四          ,2591,46000,-43409,0,0,0,0,0,0,"{""證券代號"":""3130"",""證券名稱"":""一零四          "",""外陸資買進股數(不含外資自營商)"":""2,591"",""外陸資賣出股數(不含外資自營商)"":""46,000"",""外陸資買賣超股數(不含外資自營商)"":""-43,409"",""外資自營商買進股數"":""0"",""外資自營商賣出股數"":""0"",""外資自營商買賣超股數"":""0"",""投信買進股數"":""0"",""投信賣出股數"":""0"",""投信買賣超股數"":""0"",""自營商買賣超股數"":""0"",""自營商買進股數(自行買賣)"":""0"",""自營商賣出股數(自行買賣)"":""0"",""自營商買賣超股數(自行買賣)"":""0"",""自營商買進股數(避險)"":""0"",""自營商賣出股數(避險)"":""0"",""自營商買賣超股數(避險)"":""0"",""三大法人買賣超股數"":""-43,409""}"
2026-10-01,TWSE,2032,新鋼            ,1396152,1439929,-43777,0,0,0,0,0,0,"{""證券代號"":""2032"",""證券名稱"":""新鋼            "",""外陸資買進股數(不含外資自營商)"":""1,396,152"",""外陸資賣出股數(不含外資自營商)"":""1,439,929"",""外陸資買賣超股數(不含外資自營商)"":""-43,777"",""外資自營商買進股數"":""0"",""外資自營商賣出股數"":""0"",""外資自營商買賣超股數"":""0"",""投信買進股數"":""0"",""投信賣出股數"":""0"",""投信買賣超股數"":""0"",""自營商買賣超股數"":""0"",""自營商買進股數(自行買賣)"":""1,000"",""自營商賣出股數(自行買賣)"":""1,000"",""自營商買賣超股數(自行買賣)"":""0"",""自營商買進股數(避險)"":""0"",""自營商賣出股數(避險)"":""0"",""自營商買賣超股數(避險)"":""0"",""三大法人買賣超股數"":""-43,777""}"
2026-10-01,TWSE,7740,熙特爾-創       ,18096,63000,-44904,0,0,0,9000,9062,-62,"{""證券代號"":""7740"",""證券名稱"":""熙特爾-創       "",""外陸資買進股數(不含外資自營商)"":""18,096"",""外陸資賣出股數(不含外資自營商)"":""63,000"",""外陸資買賣超股數(不含外資自營商)"":""-44,904"",""外資自營商買進股數"":""0"",""外資自營商賣出股數"":""0"",""外資自營商買賣超股數"":""0"",""投信買進股數"":""0"",""投信賣出股數"":""0"",""投信買賣超股數"":""0"",""自營商買賣超股數"":""-62"",""自營商買進股數(自行買賣)"":""0"",""自營商賣出股數(自行買賣)"":""0"",""自營商買賣超股數(自行買賣)"":""0"",""自營商買進股數(避險)"":""9,000"",""自營商賣出股數(避險)"":""9,062"",""自營商買賣超股數(避險)"":""-62"",""三大法人買賣超股數"":""-44,966""}"
2026-10-01,TWSE,3046,建碁            ,7000,54026,-47026,14,0,14,0,0,2000,"{""證券代號"":""3046"",""證券名稱"":""建碁            "",""外陸資買進股數(不含外資自營商)"":""7,000"",""外陸資賣出股數(不含外資自營商)"":""54,026"",""外陸資買賣超股數(不含外資自營商)"":""-47,026"",""外資自營商買進股數"":""0"",""外資自營商賣出股數"":""0"",""外資自營商買賣超股數"":""0"",""投信買進股數"":""14"",""投信賣出股數"":""0"",""投信買賣超股數"":""14"",""自營商買賣超股數"":""2,000"",""自營商買進股數(自行買賣)"":""2,000"",""自營商賣出股數(自行買賣)"":""0"",""自營商買賣超股數(自行買賣)"":""2,000"",""自營商買進股數(避險)"":""0"",""自營商賣出股數(避險)"":""0"",""自營商買賣超股數(避險)"":""0"",""三大法人買賣超股數"":""-45,012""}"
2026-10-01,TWSE,1707,葡萄王          ,80146,125274,-45128,0,0,0,4000,3950,50,"{""證券代號"":""1707"",""證券名稱"":""葡萄王          "",""外陸資買進股數(不含外資自營商)"":""80,146"",""外陸資賣出股數(不含外資自營商)"":""125,274"",""外陸資買賣超股數(不含外資自營商)"":""-45,128"",""外資自營商買進股數"":""0"",""外資自營商賣出股數"":""0"",""外資自營商買賣超股數"":""0"",""投信買進股數"":""0"",""投信賣出股數"":""0"",""投信買賣超股數"":""0"",""自營商買賣超股數"":""50"",""自營商買進股數(自行買賣)"":""0"",""自營商賣出股數(自行買賣)"":""0"",""自營商買賣超股數(自行買賣)"":""0"",""自營商買進股數(避險)"":""4,000"",""自營商賣出股數(避險)"":""3,950"",""自營商買賣超股數(避險)"":""50"",""三大法人買賣超股數"":""-45,078""}"
2026-10-01,TWSE,1522,堤維西          ,79020,124000,-44980,0,0,0,0,726,-726,"{""證券代號"":""1522"",""證券名稱"":""堤維西          "",""外陸資買進股數(不含外資自營商)"":""79,020"",""外陸資賣出股數(不含外資自營商)"":""124,000"",""外陸資買賣超股數(不含外資自營商)"":""-44,980"",""外資自營商買進股數"":""0"",""外資自營商賣出股數"":""0"",""外資自營商買賣超股數"":""0"",""投信買進股數"":""0"",""投信賣出股數"":""0"",""投信買賣超股數"":""0"",""自營商買賣超股數"":""-726"",""自營商買進股數(自行買賣)"":""0"",""自營商賣出股數(自行買賣)"":""0"",""自營商買賣超股數(自行買賣)"":""0"",""自營商買進股數(避險)"":""0"",""自營商賣出股數(避險)"":""726"",""自營商買賣超股數(避險)"":""-726"",""三大法人買賣超股數"":""-45,706""}"
2026-10-01,TWSE,1590,亞德客-KY       ,588636,635647,-47011,3000,0,3000,3130,3047,-1917,"{""證券代號"":""1590"",""證券名稱"":""亞德客-KY       "",""外陸資買進股數(不含外資自營商)"":""588,636"",""外陸資賣出股數(不含外資自營商)"":""635,647"",""外陸資買賣超股數(不含外資自營商)"":""-47,011"",""外資自營商買進股數"":""0"",""外資自營商賣出股數"":""0"",""外資自營商買賣超股數"":""0"",""投信買進股數"":""3,000"",""投信賣出股數"":""0"",""投信買賣超股數"":""3,000"",""自營商買賣超股數"":""-1,917"",""自營商買進股數(自行買賣)"":""1,000"",""自營商賣出股數(自行買賣)"":""3,000"",""自營商買賣超股數(自行買賣)"":""-2,000"",""自營商買進股數(避險)"":""3,130"",""自營商賣出股數(避險)"":""3,047"",""自營商買賣超股數(避險)"":""83"",""三大法人買賣超股數"":""-45,928""}"
2026-10-01,TWSE,1618,合機            ,49000,96199,-47199,0,0,0,0,239,-239,"{""證券代號"":""1618"",""證券名稱"":""合機            "",""外陸資買進股數(不含外資自營商)"":""49,000"",""外陸資賣出股數(不含外資自營商)"":""96,199"",""外陸資買賣超股數(不含外資自營商)"":""-47,199"",""外資自營商買進股數"":""0"",""外資自營商賣出股數"":""0"",""外資自營商買賣超股數"":""0"",""投信買進股數"":""0"",""投信賣出股數"":""0"",""投信買賣超股數"":""0"",""自營商買賣超股數"":""-239"",""自營商買進股數(自行買賣)"":""0"",""自營商賣出股數(自行買賣)"":""0"",""自營商買賣超股數(自行買賣)"":""0"",""自營商買進股數(避險)"":""0"",""自營商賣出股數(避險)"":""239"",""自營商買賣超股數(避險)"":""-239"",""三大法人買賣超股數"":""-47,438""}"
2026-10-01,TWSE,2017,官田鋼          ,80000,124475,-44475,0,0,0,0,0,-3000,"{""證券代號"":""2017"",""證券名稱"":""官田鋼          "",""外陸資買進股數(不含外資自營商)"":""80,000"",""外陸資賣出股數(不含外資自營商)"":""124,475"",""外陸資買賣超股數(不含外資自營商)"":""-44,475"",""外資自營商買進股數"":""0"",""外資自營商賣出股數"":""0"",""外資自營商買賣超股數"":""0"",""投信買進股數"":""0"",""投信賣出股數"":""0"",""投信買賣超股數"":""0"",""自營商買賣超股數"":""-3,000"",""自營商買進股數(自行買賣)"":""0"",""自營商賣出股數(自行買賣)"":""3,000"",""自營商買賣超股數(自行買賣)"":""-3,000"",""自營商買進股數(避險)"":""0"",""自營商賣出股數(避險)"":""0"",""自營商買賣超股數(避險)"":""0"",""三大法人買賣超股數"":""-47,475""}"
2026-10-01,TWSE,3017,奇鋐            ,1410391,1415727,-5336,170169,253000,-82831,51953,55600,40679,"{""證券代號"":""3017"",""證券名稱"":""奇鋐            "",""外陸資買進股數(不含外資自營商)"":""1,410,391"",""外陸資賣出股數(不含外資自營商)"":""1,415,727"",""外陸資買賣超股數(不含外資自營商)"":""-5,336"",""外資自營商買進股數"":""0"",""外資自營商賣出股數"":""0"",""外資自營商買賣超股數"":""0"",""投信買進股數"":""170,169"",""投信賣出股數"":""253,000"",""投信買賣超股數"":""-82,831"",""自營商買賣超股數"":""40,679"",""自營商買進股數(自行買賣)"":""72,086"",""自營商賣出股數(自行買賣)"":""27,760"",""自營商買賣超股數(自行買賣)"":""44,326"",""自營商買進股數(避險)"":""51,953"",""自營商賣出股數(避險)"":""55,600"",""自營商買賣超股數(避險)"":""-3,647"",""三大法人買賣超股數"":""-47,488""}"
2026-10-01,TWSE,2536,宏普            ,146000,196000,-50000,0,0,0,0,0,0,"{""證券代號"":""2536"",""證券名稱"":""宏普            "",""外陸資買進股數(不含外資自營商)"":""146,000"",""外陸資賣出股數(不含外資自營商)"":""196,000"",""外陸資買賣超股數(不含外資自營商)"":""-50,000"",""外資自營商買進股數"":""0"",""外資自營商賣出股數"":""0"",""外資自營商買賣超股數"":""0"",""投信買進股數"":""0"",""投信賣出股數"":""0"",""投信買賣超股數"":""0"",""自營商買賣超股數"":""0"",""自營商買進股數(自行買賣)"":""0"",""自營商賣出股數(自行買賣)"":""0"",""自營商買賣超股數(自行買賣)"":""0"",""自營商買進股數(避險)"":""0"",""自營商賣出股數(避險)"":""0"",""自營商買賣超股數(避險)"":""0"",""三大法人買賣超股數"":""-50,000""}"
2026-10-01,TWSE,3694,海華            ,73000,122000,-49000,0,0,0,0,1000,-1000,"{""證券代號"":""3694"",""證券名稱"":""海華            "",""外陸資買進股數(不含外資自營商)"":""73,000"",""外陸資賣出股數(不含外資自營商)"":""122,000"",""外陸資買賣超股數(不含外資自營商)"":""-49,000"",""外資自營商買進股數"":""0"",""外資自營商賣出股數"":""0"",""外資自營商買賣超股數"":""0"",""投信買進股數"":""0"",""投信賣出股數"":""0"",""投信買賣超股數"":""0"",""自營商買賣超股數"":""-1,000"",""自營商買進股數(自行買賣)"":""0"",""自營商賣出股數(自行買賣)"":""0"",""自營商買賣超股數(自行買賣)"":""0"",""自營商買進股數(避險)"":""0"",""自營商賣出股數(避險)"":""1,000"",""自營商買賣超股數(避險)"":""-1,000"",""三大法人買賣超股數"":""-50,000""}"
2026-10-01,TWSE,6472,保瑞            ,192067,229599,-37532,0,0,0,18049,30981,-14039,"{""證券代號"":""6472"",""證券名稱"":""保瑞            "",""外陸資買進股數(不含外資自營商)"":""192,067"",""外陸資賣出股數(不含外資自營商)"":""229,599"",""外陸資買賣超股數(不含外資自營商)"":""-37,532"",""外資自營商買進股數"":""0"",""外資自營商賣出股數"":""0"",""外資自營商買賣超股數"":""0"",""投信買進股數"":""0"",""投信賣出股數"":""0"",""投信買賣超股數"":""0"",""自營商買賣超股數"":""-14,039"",""自營商買進股數(自行買賣)"":""0"",""自營商賣出股數(自行買賣)"":""1,107"",""自營商買賣超股數(自行買賣)"":""-1,107"",""自營商買進股數(避險)"":""18,049"",""自營商賣出股數(避險)"":""30,981"",""自營商買賣超股數(避險)"":""-12,932"",""三大法人買賣超股數"":""-51,571""}"
2026-10-01,TWSE,3665,貿聯-KY         ,1053433,1535591,-482158,560000,74000,486000,15369,65997,-56387,"{""證券代號"":""3665"",""證券名稱"":""貿聯-KY         "",""外陸資買進股數(不含外資自營商)"":""1,053,433"",""外陸資賣出股數(不含外資自營商)"":""1,535,591"",""外陸資買賣超股數(不含外資自營商)"":""-482,158"",""外資自營商買進股數"":""0"",""外資自營商賣出股數"":""0"",""外資自營商買賣超股數"":""0"",""投信買進股數"":""560,000"",""投信賣出股數"":""74,000"",""投信買賣超股數"":""486,000"",""自營商買賣超股數"":""-56,387"",""自營商買進股數(自行買賣)"":""17,100"",""自營商賣出股數(自行買賣)"":""22,859"",""自營商買賣超股數(自行買賣)"":""-5,759"",""自營商買進股數(避險)"":""15,369"",""自營商賣出股數(避險)"":""65,997"",""自營商買賣超股數(避險)"":""-50,628"",""三大法人買賣超股數"":""-52,545""}"
2026-10-01,TWSE,1436,華友聯          ,7000,60683,-53683,0,0,0,0,0,0,"{""證券代號"":""1436"",""證券名稱"":""華友聯          "",""外陸資買進股數(不含外資自營商)"":""7,000"",""外陸資賣出股數(不含外資自營商)"":""60,683"",""外陸資買賣超股數(不含外資自營商)"":""-53,683"",""外資自營商買進股數"":""0"",""外資自營商賣出股數"":""0"",""外資自營商買賣超股數"":""0"",""投信買進股數"":""0"",""投信賣出股數"":""0"",""投信買賣超股數"":""0"",""自營商買賣超股數"":""0"",""自營商買進股數(自行買賣)"":""0"",""自營商賣出股數(自行買賣)"":""0"",""自營商買賣超股數(自行買賣)"":""0"",""自營商買進股數(避險)"":""0"",""自營商賣出股數(避險)"":""0"",""自營商買賣超股數(避險)"":""0"",""三大法人買賣超股數"":""-53,683""}"
2026-10-01,TWSE,3669,圓展            ,53000,109000,-56000,8,0,8,0,0,1000,"{""證券代號"":""3669"",""證券名稱"":""圓展            "",""外陸資買進股數(不含外資自營商)"":""53,000"",""外陸資賣出股數(不含外資自營商)"":""109,000"",""外陸資買賣超股數(不含外資自營商)"":""-56,000"",""外資自營商買進股數"":""0"",""外資自營商賣出股數"":""0"",""外資自營商買賣超股數"":""0"",""投信買進股數"":""8"",""投信賣出股數"":""0"",""投信買賣超股數"":""8"",""自營商買賣超股數"":""1,000"",""自營商買進股數(自行買賣)"":""1,000"",""自營商賣出股數(自行買賣)"":""0"",""自營商買賣超股數(自行買賣)"":""1,000"",""自營商買進股數(避險)"":""0"",""自營商賣出股數(避險)"":""0"",""自營商買賣超股數(避險)"":""0"",""三大法人買賣超股數"":""-54,992""}"
2026-10-01,TWSE,8114,振樺電          ,70093,126000,-55907,0,0,0,0,0,719,"{""證券代號"":""8114"",""證券名稱"":""振樺電          "",""外陸資買進股數(不含外資自營商)"":""70,093"",""外陸資賣出股數(不含外資自營商)"":""126,000"",""外陸資買賣超股數(不含外資自營商)"":""-55,907"",""外資自營商買進股數"":""0"",""外資自營商賣出股數"":""0"",""外資自營商買賣超股數"":""0"",""投信買進股數"":""0"",""投信賣出股數"":""0"",""投信買賣超股數"":""0"",""自營商買賣超股數"":""719"",""自營商買進股數(自行買賣)"":""2,000"",""自營商賣出股數(自行買賣)"":""1,281"",""自營商買賣超股數(自行買賣)"":""719"",""自營商買進股數(避險)"":""0"",""自營商賣出股數(避險)"":""0"",""自營商買賣超股數(避險)"":""0"",""三大法人買賣超股數"":""-55,188""}"
2026-10-01,TWSE,4942,嘉彰            ,8000,66000,-58000,0,0,0,0,0,1000,"{""證券代號"":""4942"",""證券名稱"":""嘉彰            "",""外陸資買進股數(不含外資自營商)"":""8,000"",""外陸資賣出股數(不含外資自營商)"":""66,000"",""外陸資買賣超股數(不含外資自營商)"":""-58,000"",""外資自營商買進股數"":""0"",""外資自營商賣出股數"":""0"",""外資自營商買賣超股數"":""0"",""投信買進股數"":""0"",""投信賣出股數"":""0"",""投信買賣超股數"":""0"",""自營商買賣超股數"":""1,000"",""自營商買進股數(自行買賣)"":""1,000"",""自營商賣出股數(自行買賣)"":""0"",""自營商買賣超股數(自行買賣)"":""1,000"",""自營商買進股數(避險)"":""0"",""自營商賣出股數(避險)"":""0"",""自營商買賣超股數(避險)"":""0"",""三大法人買賣超股數"":""-57,000""}"
2026-10-01,TWSE,3686,達能            ,30000,81000,-51000,0,0,0,0,0,-6000,"{""證券代號"":""3686"",""證券名稱"":""達能            "",""外陸資買進股數(不含外資自營商)"":""30,000"",""外陸資賣出股數(不含外資自營商)"":""81,000"",""外陸資買賣超股數(不含外資自營商)"":""-51,000"",""外資自營商買進股數"":""0"",""外資自營商賣出股數"":""0"",""外資自營商買賣超股數"":""0"",""投信買進股數"":""0"",""投信賣出股數"":""0"",""投信買賣超股數"":""0"",""自營商買賣超股數"":""-6,000"",""自營商買進股數(自行買賣)"":""2,000"",""自營商賣出股數(自行買賣)"":""8,000"",""自營商買賣超股數(自行買賣)"":""-6,000"",""自營商買進股數(避險)"":""0"",""自營商賣出股數(避險)"":""0"",""自營商買賣超股數(避險)"":""0"",""三大法人買賣超股數"":""-57,000""}"
2026-10-01,TWSE,1473,台南            ,5000,62000,-57000,0,0,0,0,0,0,"{""證券代號"":""1473"",""證券名稱"":""台南            "",""外陸資買進股數(不含外資自營商)"":""5,000"",""外陸資賣出股數(不含外資自營商)"":""62,000"",""外陸資買賣超股數(不含外資自營商)"":""-57,000"",""外資自營商買進股數"":""0"",""外資自營商賣出股數"":""0"",""外資自營商買賣超股數"":""0"",""投信買進股數"":""0"",""投信賣出股數"":""0"",""投信買賣超股數"":""0"",""自營商買賣超股數"":""0"",""自營商買進股數(自行買賣)"":""0"",""自營商賣出股數(自行買賣)"":""0"",""自營商買賣超股數(自行買賣)"":""0"",""自營商買進股數(避險)"":""0"",""自營商賣出股數(避險)"":""0"",""自營商買賣超股數(避險)"":""0"",""三大法人買賣超股數"":""-57,000""}"
2026-10-01,TWSE,3356,奇偶            ,74266,132007,-57741,5,0,5,0,0,0,"{""證券代號"":""3356"",""證券名稱"":""奇偶            "",""外陸資買進股數(不含外資自營商)"":""74,266"",""外陸資賣出股數(不含外資自營商)"":""132,007"",""外陸資買賣超股數(不含外資自營商)"":""-57,741"",""外資自營商買進股數"":""0"",""外資自營商賣出股數"":""0"",""外資自營商買賣超股數"":""0"",""投信買進股數"":""5"",""投信賣出股數"":""0"",""投信買賣超股數"":""5"",""自營商買賣超股數"":""0"",""自營商買進股數(自行買賣)"":""0"",""自營商賣出股數(自行買賣)"":""0"",""自營商買賣超股數(自行買賣)"":""0"",""自營商買進股數(避險)"":""0"",""自營商賣出股數(避險)"":""0"",""自營商買賣超股數(避險)"":""0"",""三大法人買賣超股數"":""-57,736""}"
2026-10-01,TWSE,1476,儒鴻            ,345284,489910,-144626,93000,2000,91000,0,4573,-4500,"{""證券代號"":""1476"",""證券名稱"":""儒鴻            "",""外陸資買進股數(不含外資自營商)"":""345,284"",""外陸資賣出股數(不含外資自營商)"":""489,910"",""外陸資買賣超股數(不含外資自營商)"":""-144,626"",""外資自營商買進股數"":""0"",""外資自營商賣出股數"":""0"",""外資自營商買賣超股數"":""0"",""投信買進股數"":""93,000"",""投信賣出股數"":""2,000"",""投信買賣超股數"":""91,000"",""自營商買賣超股數"":""-4,500"",""自營商買進股數(自行買賣)"":""8,000"",""自營商賣出股數(自行買賣)"":""7,927"",""自營商買賣超股數(自行買賣)"":""73"",""自營商買進股數(避險)"":""0"",""自營商賣出股數(避險)"":""4,573"",""自營商買賣超股數(避險)"":""-4,573"",""三大法人買賣超股數"":""-58,126""}"
2026-10-01,TWSE,1460,宏遠            ,16000,76699,-60699,0,0,0,0,0,0,"{""證券代號"":""1460"",""證券名稱"":""宏遠            "",""外陸資買進股數(不含外資自營商)"":""16,000"",""外陸資賣出股數(不含外資自營商)"":""76,699"",""外陸資買賣超股數(不含外資自營商)"":""-60,699"",""外資自營商買進股數"":""0"",""外資自營商賣出股數"":""0"",""外資自營商買賣超股數"":""0"",""投信買進股數"":""0"",""投信賣出股數"":""0"",""投信買賣超股數"":""0"",""自營商買賣超股數"":""0"",""自營商買進股數(自行買賣)"":""0"",""自營商賣出股數(自行買賣)"":""0"",""自營商買賣超股數(自行買賣)"":""0"",""自營商買進股數(避險)"":""0"",""自營商賣出股數(避險)"":""0"",""自營商買賣超股數(避險)"":""0"",""三大法人買賣超股數"":""-60,699""}"
2026-10-01,TWSE,6873,泓德能源        ,32301,95543,-63242,0,0,0,0,0,0,"{""證券代號"":""6873"",""證券名稱"":""泓德能源        "",""外陸資買進股數(不含外資自營商)"":""32,301"",""外陸資賣出股數(不含外資自營商)"":""95,543"",""外陸資買賣超股數(不含外資自營商)"":""-63,242"",""外資自營商買進股數"":""0"",""外資自營商賣出股數"":""0"",""外資自營商買賣超股數"":""0"",""投信買進股數"":""0"",""投信賣出股數"":""0"",""投信買賣超股數"":""0"",""自營商買賣超股數"":""0"",""自營商買進股數(自行買賣)"":""0"",""自營商賣出股數(自行買賣)"":""0"",""自營商買賣超股數(自行買賣)"":""0"",""自營商買進股數(避險)"":""0"",""自營商賣出股數(避險)"":""0"",""自營商買賣超股數(避險)"":""0"",""三大法人買賣超股數"":""-63,242""}"
2026-10-01,TWSE,2231,為升            ,72163,131000,-58837,0,0,0,1865,6407,-4542,"{""證券代號"":""2231"",""證券名稱"":""為升            "",""外陸資買進股數(不含外資自營商)"":""72,163"",""外陸資賣出股數(不含外資自營商)"":""131,000"",""外陸資買賣超股數(不含外資自營商)"":""-58,837"",""外資自營商買進股數"":""0"",""外資自營商賣出股數"":""0"",""外資自營商買賣超股數"":""0"",""投信買進股數"":""0"",""投信賣出股數"":""0"",""投信買賣超股數"":""0"",""自營商買賣超股數"":""-4,542"",""自營商買進股數(自行買賣)"":""2,000"",""自營商賣出股數(自行買賣)"":""2,000"",""自營商買賣超股數(自行買賣)"":""0"",""自營商買進股數(避險)"":""1,865"",""自營商賣出股數(避險)"":""6,407"",""自營商買賣超股數(避險)"":""-4,542"",""三大法人買賣超股數"":""-63,379""}"
2026-10-01,TWSE,2636,台驊控股        ,49017,141000,-91983,0,0,0,0,0,28184,"{""證券代號"":""2636"",""證券名稱"":""台驊控股        "",""外陸資買進股數(不含外資自營商)"":""49,017"",""外陸資賣出股數(不含外資自營商)"":""141,000"",""外陸資買賣超股數(不含外資自營商)"":""-91,983"",""外資自營商買進股數"":""0"",""外資自營商賣出股數"":""0"",""外資自營商買賣超股數"":""0"",""投信買進股數"":""0"",""投信賣出股數"":""0"",""投信買賣超股數"":""0"",""自營商買賣超股數"":""28,184"",""自營商買進股數(自行買賣)"":""28,189"",""自營商賣出股數(自行買賣)"":""5"",""自營商買賣超股數(自行買賣)"":""28,184"",""自營商買進股數(避險)"":""0"",""自營商賣出股數(避險)"":""0"",""自營商買賣超股數(避險)"":""0"",""三大法人買賣超股數"":""-63,799""}"
2026-10-01,TWSE,3038,全台            ,8000,70000,-62000,5,0,5,0,0,-2000,"{""證券代號"":""3038"",""證券名稱"":""全台            "",""外陸資買進股數(不含外資自營商)"":""8,000"",""外陸資賣出股數(不含外資自營商)"":""70,000"",""外陸資買賣超股數(不含外資自營商)"":""-62,000"",""外資自營商買進股數"":""0"",""外資自營商賣出股數"":""0"",""外資自營商買賣超股數"":""0"",""投信買進股數"":""5"",""投信賣出股數"":""0"",""投信買賣超股數"":""5"",""自營商買賣超股數"":""-2,000"",""自營商買進股數(自行買賣)"":""0"",""自營商賣出股數(自行買賣)"":""2,000"",""自營商買賣超股數(自行買賣)"":""-2,000"",""自營商買進股數(避險)"":""0"",""自營商賣出股數(避險)"":""0"",""自營商買賣超股數(避險)"":""0"",""三大法人買賣超股數"":""-63,995""}"
2026-10-01,TWSE,4560,強信-KY         ,96000,165000,-69000,0,0,0,0,0,5000,"{""證券代號"":""4560"",""證券名稱"":""強信-KY         "",""外陸資買進股數(不含外資自營商)"":""96,000"",""外陸資賣出股數(不含外資自營商)"":""165,000"",""外陸資買賣超股數(不含外資自營商)"":""-69,000"",""外資自營商買進股數"":""0"",""外資自營商賣出股數"":""0"",""外資自營商買賣超股數"":""0"",""投信買進股數"":""0"",""投信賣出股數"":""0"",""投信買賣超股數"":""0"",""自營商買賣超股數"":""5,000"",""自營商買進股數(自行買賣)"":""5,000"",""自營商賣出股數(自行買賣)"":""0"",""自營商買賣超股數(自行買賣)"":""5,000"",""自營商買進股數(避險)"":""0"",""自營商賣出股數(避險)"":""0"",""自營商買賣超股數(避險)"":""0"",""三大法人買賣超股數"":""-64,000""}"
2026-10-01,TWSE,6988,威力暘-創       ,0,68000,-68000,0,0,0,15000,12000,3000,"{""證券代號"":""6988"",""證券名稱"":""威力暘-創       "",""外陸資買進股數(不含外資自營商)"":""0"",""外陸資賣出股數(不含外資自營商)"":""68,000"",""外陸資買賣超股數(不含外資自營商)"":""-68,000"",""外資自營商買進股數"":""0"",""外資自營商賣出股數"":""0"",""外資自營商買賣超股數"":""0"",""投信買進股數"":""0"",""投信賣出股數"":""0"",""投信買賣超股數"":""0"",""自營商買賣超股數"":""3,000"",""自營商買進股數(自行買賣)"":""0"",""自營商賣出股數(自行買賣)"":""0"",""自營商買賣超股數(自行買賣)"":""0"",""自營商買進股數(避險)"":""15,000"",""自營商賣出股數(避險)"":""12,000"",""自營商買賣超股數(避險)"":""3,000"",""三大法人買賣超股數"":""-65,000""}"
2026-10-01,TWSE,3135,凌航            ,14243,66113,-51870,0,13733,-13733,0,0,0,"{""證券代號"":""3135"",""證券名稱"":""凌航            "",""外陸資買進股數(不含外資自營商)"":""14,243"",""外陸資賣出股數(不含外資自營商)"":""66,113"",""外陸資買賣超股數(不含外資自營商)"":""-51,870"",""外資自營商買進股數"":""0"",""外資自營商賣出股數"":""0"",""外資自營商買賣超股數"":""0"",""投信買進股數"":""0"",""投信賣出股數"":""13,733"",""投信買賣超股數"":""-13,733"",""自營商買賣超股數"":""0"",""自營商買進股數(自行買賣)"":""0"",""自營商賣出股數(自行買賣)"":""0"",""自營商買賣超股數(自行買賣)"":""0"",""自營商買進股數(避險)"":""0"",""自營商賣出股數(避險)"":""0"",""自營商買賣超股數(避險)"":""0"",""三大法人買賣超股數"":""-65,603""}"
2026-10-01,TWSE,00984A,主動安聯台灣高息,246127,188000,58127,0,0,0,486744,614902,-124158,"{""證券代號"":""00984A"",""證券名稱"":""主動安聯台灣高息"",""外陸資買進股數(不含外資自營商)"":""246,127"",""外陸資賣出股數(不含外資自營商)"":""188,000"",""外陸資買賣超股數(不含外資自營商)"":""58,127"",""外資自營商買進股數"":""0"",""外資自營商賣出股數"":""0"",""外資自營商買賣超股數"":""0"",""投信買進股數"":""0"",""投信賣出股數"":""0"",""投信買賣超股數"":""0"",""自營商買賣超股數"":""-124,158"",""自營商買進股數(自行買賣)"":""4,000"",""自營商賣出股數(自行買賣)"":""0"",""自營商買賣超股數(自行買賣)"":""4,000"",""自營商買進股數(避險)"":""486,744"",""自營商賣出股數(避險)"":""614,902"",""自營商買賣超股數(避險)"":""-128,158"",""三大法人買賣超股數"":""-66,031""}"
2026-10-01,TWSE,1568,倉佑            ,52000,121000,-69000,0,0,0,0,16,1984,"{""證券代號"":""1568"",""證券名稱"":""倉佑            "",""外陸資買進股數(不含外資自營商)"":""52,000"",""外陸資賣出股數(不含外資自營商)"":""121,000"",""外陸資買賣超股數(不含外資自營商)"":""-69,000"",""外資自營商買進股數"":""0"",""外資自營商賣出股數"":""0"",""外資自營商買賣超股數"":""0"",""投信買進股數"":""0"",""投信賣出股數"":""0"",""投信買賣超股數"":""0"",""自營商買賣超股數"":""1,984"",""自營商買進股數(自行買賣)"":""2,000"",""自營商賣出股數(自行買賣)"":""0"",""自營商買賣超股數(自行買賣)"":""2,000"",""自營商買進股數(避險)"":""0"",""自營商賣出股數(避險)"":""16"",""自營商買賣超股數(避險)"":""-16"",""三大法人買賣超股數"":""-67,016""}"
2026-10-01,TWSE,2528,皇普            ,21785,27000,-5215,3154,0,3154,0,0,-65000,"{""證券代號"":""2528"",""證券名稱"":""皇普            "",""外陸資買進股數(不含外資自營商)"":""21,785"",""外陸資賣出股數(不含外資自營商)"":""27,000"",""外陸資買賣超股數(不含外資自營商)"":""-5,215"",""外資自營商買進股數"":""0"",""外資自營商賣出股數"":""0"",""外資自營商買賣超股數"":""0"",""投信買進股數"":""3,154"",""投信賣出股數"":""0"",""投信買賣超股數"":""3,154"",""自營商買賣超股數"":""-65,000"",""自營商買進股數(自行買賣)"":""0"",""自營商賣出股數(自行買賣)"":""65,000"",""自營商買賣超股數(自行買賣)"":""-65,000"",""自營商買進股數(避險)"":""0"",""自營商賣出股數(避險)"":""0"",""自營商買賣超股數(避險)"":""0"",""三大法人買賣超股數"":""-67,061""}"
2026-10-01,TWSE,2535,達欣工          ,22000,93567,-71567,0,0,0,0,0,3573,"{""證券代號"":""2535"",""證券名稱"":""達欣工          "",""外陸資買進股數(不含外資自營商)"":""22,000"",""外陸資賣出股數(不含外資自營商)"":""93,567"",""外陸資買賣超股數(不含外資自營商)"":""-71,567"",""外資自營商買進股數"":""0"",""外資自營商賣出股數"":""0"",""外資自營商買賣超股數"":""0"",""投信買進股數"":""0"",""投信賣出股數"":""0"",""投信買賣超股數"":""0"",""自營商買賣超股數"":""3,573"",""自營商買進股數(自行買賣)"":""4,000"",""自營商賣出股數(自行買賣)"":""427"",""自營商買賣超股數(自行買賣)"":""3,573"",""自營商買進股數(避險)"":""0"",""自營商賣出股數(避險)"":""0"",""自營商買賣超股數(避險)"":""0"",""三大法人買賣超股數"":""-67,994""}"
2026-10-01,TWSE,3419,譁裕            ,4000,74359,-70359,0,0,0,0,0,1000,"{""證券代號"":""3419"",""證券名稱"":""譁裕            "",""外陸資買進股數(不含外資自營商)"":""4,000"",""外陸資賣出股數(不含外資自營商)"":""74,359"",""外陸資買賣超股數(不含外資自營商)"":""-70,359"",""外資自營商買進股數"":""0"",""外資自營商賣出股數"":""0"",""外資自營商買賣超股數"":""0"",""投信買進股數"":""0"",""投信賣出股數"":""0"",""投信買賣超股數"":""0"",""自營商買賣超股數"":""1,000"",""自營商買進股數(自行買賣)"":""1,000"",""自營商賣出股數(自行買賣)"":""0"",""自營商買賣超股數(自行買賣)"":""1,000"",""自營商買進股數(避險)"":""0"",""自營商賣出股數(避險)"":""0"",""自營商買賣超股數(避險)"":""0"",""三大法人買賣超股數"":""-69,359""}"
2026-10-01,TWSE,3209,全科            ,206067,278656,-72589,0,0,0,144,1422,2722,"{""證券代號"":""3209"",""證券名稱"":""全科            "",""外陸資買進股數(不含外資自營商)"":""206,067"",""外陸資賣出股數(不含外資自營商)"":""278,656"",""外陸資買賣超股數(不含外資自營商)"":""-72,589"",""外資自營商買進股數"":""0"",""外資自營商賣出股數"":""0"",""外資自營商買賣超股數"":""0"",""投信買進股數"":""0"",""投信賣出股數"":""0"",""投信買賣超股數"":""0"",""自營商買賣超股數"":""2,722"",""自營商買進股數(自行買賣)"":""4,000"",""自營商賣出股數(自行買賣)"":""0"",""自營商買賣超股數(自行買賣)"":""4,000"",""自營商買進股數(避險)"":""144"",""自營商賣出股數(避險)"":""1,422"",""自營商買賣超股數(避險)"":""-1,278"",""三大法人買賣超股數"":""-69,867""}"
2026-10-01,TWSE,3047,訊舟            ,100000,170000,-70000,0,0,0,0,0,0,"{""證券代號"":""3047"",""證券名稱"":""訊舟            "",""外陸資買進股數(不含外資自營商)"":""100,000"",""外陸資賣出股數(不含外資自營商)"":""170,000"",""外陸資買賣超股數(不含外資自營商)"":""-70,000"",""外資自營商買進股數"":""0"",""外資自營商賣出股數"":""0"",""外資自營商買賣超股數"":""0"",""投信買進股數"":""0"",""投信賣出股數"":""0"",""投信買賣超股數"":""0"",""自營商買賣超股數"":""0"",""自營商買進股數(自行買賣)"":""0"",""自營商賣出股數(自行買賣)"":""0"",""自營商買賣超股數(自行買賣)"":""0"",""自營商買進股數(避險)"":""0"",""自營商賣出股數(避險)"":""0"",""自營商買賣超股數(避險)"":""0"",""三大法人買賣超股數"":""-70,000""}"
2026-10-01,TWSE,6215,和椿            ,41112,111465,-70353,0,0,0,0,307,-307,"{""證券代號"":""6215"",""證券名稱"":""和椿            "",""外陸資買進股數(不含外資自營商)"":""41,112"",""外陸資賣出股數(不含外資自營商)"":""111,465"",""外陸資買賣超股數(不含外資自營商)"":""-70,353"",""外資自營商買進股數"":""0"",""外資自營商賣出股數"":""0"",""外資自營商買賣超股數"":""0"",""投信買進股數"":""0"",""投信賣出股數"":""0"",""投信買賣超股數"":""0"",""自營商買賣超股數"":""-307"",""自營商買進股數(自行買賣)"":""0"",""自營商賣出股數(自行買賣)"":""0"",""自營商買賣超股數(自行買賣)"":""0"",""自營商買進股數(避險)"":""0"",""自營商賣出股數(避險)"":""307"",""自營商買賣超股數(避險)"":""-307"",""三大法人買賣超股數"":""-70,660""}"
2026-10-01,TWSE,1215,卜蜂            ,132178,202100,-69922,0,0,0,0,0,-999,"{""證券代號"":""1215"",""證券名稱"":""卜蜂            "",""外陸資買進股數(不含外資自營商)"":""132,178"",""外陸資賣出股數(不含外資自營商)"":""202,100"",""外陸資買賣超股數(不含外資自營商)"":""-69,922"",""外資自營商買進股數"":""0"",""外資自營商賣出股數"":""0"",""外資自營商買賣超股數"":""0"",""投信買進股數"":""0"",""投信賣出股數"":""0"",""投信買賣超股數"":""0"",""自營商買賣超股數"":""-999"",""自營商買進股數(自行買賣)"":""1,000"",""自營商賣出股數(自行買賣)"":""1,999"",""自營商買賣超股數(自行買賣)"":""-999"",""自營商買進股數(避險)"":""0"",""自營商賣出股數(避險)"":""0"",""自營商買賣超股數(避險)"":""0"",""三大法人買賣超股數"":""-70,921""}"
2026-10-01,TWSE,1517,利奇            ,17000,88000,-71000,0,0,0,0,0,0,"{""證券代號"":""1517"",""證券名稱"":""利奇            "",""外陸資買進股數(不含外資自營商)"":""17,000"",""外陸資賣出股數(不含外資自營商)"":""88,000"",""外陸資買賣超股數(不含外資自營商)"":""-71,000"",""外資自營商買進股數"":""0"",""外資自營商賣出股數"":""0"",""外資自營商買賣超股數"":""0"",""投信買進股數"":""0"",""投信賣出股數"":""0"",""投信買賣超股數"":""0"",""自營商買賣超股數"":""0"",""自營商買進股數(自行買賣)"":""0"",""自營商賣出股數(自行買賣)"":""0"",""自營商買賣超股數(自行買賣)"":""0"",""自營商買進股數(避險)"":""0"",""自營商賣出股數(避險)"":""0"",""自營商買賣超股數(避險)"":""0"",""三大法人買賣超股數"":""-71,000""}"
2026-10-01,TWSE,8131,福懋科          ,375851,445333,-69482,0,0,0,2000,4000,-2000,"{""證券代號"":""8131"",""證券名稱"":""福懋科          "",""外陸資買進股數(不含外資自營商)"":""375,851"",""外陸資賣出股數(不含外資自營商)"":""445,333"",""外陸資買賣超股數(不含外資自營商)"":""-69,482"",""外資自營商買進股數"":""0"",""外資自營商賣出股數"":""0"",""外資自營商買賣超股數"":""0"",""投信買進股數"":""0"",""投信賣出股數"":""0"",""投信買賣超股數"":""0"",""自營商買賣超股數"":""-2,000"",""自營商買進股數(自行買賣)"":""0"",""自營商賣出股數(自行買賣)"":""0"",""自營商買賣超股數(自行買賣)"":""0"",""自營商買進股數(避險)"":""2,000"",""自營商賣出股數(避險)"":""4,000"",""自營商買賣超股數(避險)"":""-2,000"",""三大法人買賣超股數"":""-71,482""}"
2026-10-01,TWSE,4958,臻鼎-KY         ,12125866,11889496,236370,20000,520000,-500000,184788,171882,191409,"{""證券代號"":""4958"",""證券名稱"":""臻鼎-KY         "",""外陸資買進股數(不含外資自營商)"":""12,125,866"",""外陸資賣出股數(不含外資自營商)"":""11,889,496"",""外陸資買賣超股數(不含外資自營商)"":""236,370"",""外資自營商買進股數"":""0"",""外資自營商賣出股數"":""0"",""外資自營商買賣超股數"":""0"",""投信買進股數"":""20,000"",""投信賣出股數"":""520,000"",""投信買賣超股數"":""-500,000"",""自營商買賣超股數"":""191,409"",""自營商買進股數(自行買賣)"":""280,003"",""自營商賣出股數(自行買賣)"":""101,500"",""自營商買賣超股數(自行買賣)"":""178,503"",""自營商買進股數(避險)"":""184,788"",""自營商賣出股數(避險)"":""171,882"",""自營商買賣超股數(避險)"":""12,906"",""三大法人買賣超股數"":""-72,221""}"
2026-10-01,TWSE,6969,成信實業*-創    ,23000,95000,-72000,0,0,0,8000,8277,-277,"{""證券代號"":""6969"",""證券名稱"":""成信實業*-創    "",""外陸資買進股數(不含外資自營商)"":""23,000"",""外陸資賣出股數(不含外資自營商)"":""95,000"",""外陸資買賣超股數(不含外資自營商)"":""-72,000"",""外資自營商買進股數"":""0"",""外資自營商賣出股數"":""0"",""外資自營商買賣超股數"":""0"",""投信買進股數"":""0"",""投信賣出股數"":""0"",""投信買賣超股數"":""0"",""自營商買賣超股數"":""-277"",""自營商買進股數(自行買賣)"":""0"",""自營商賣出股數(自行買賣)"":""0"",""自營商買賣超股數(自行買賣)"":""0"",""自營商買進股數(避險)"":""8,000"",""自營商賣出股數(避險)"":""8,277"",""自營商買賣超股數(避險)"":""-277"",""三大法人買賣超股數"":""-72,277""}"
2026-10-01,TWSE,3716,中化控股        ,8480,88385,-79905,0,0,0,0,0,7000,"{""證券代號"":""3716"",""證券名稱"":""中化控股        "",""外陸資買進股數(不含外資自營商)"":""8,480"",""外陸資賣出股數(不含外資自營商)"":""88,385"",""外陸資買賣超股數(不含外資自營商)"":""-79,905"",""外資自營商買進股數"":""0"",""外資自營商賣出股數"":""0"",""外資自營商買賣超股數"":""0"",""投信買進股數"":""0"",""投信賣出股數"":""0"",""投信買賣超股數"":""0"",""自營商買賣超股數"":""7,000"",""自營商買進股數(自行買賣)"":""7,000"",""自營商賣出股數(自行買賣)"":""0"",""自營商買賣超股數(自行買賣)"":""7,000"",""自營商買進股數(避險)"":""0"",""自營商賣出股數(避險)"":""0"",""自營商買賣超股數(避險)"":""0"",""三大法人買賣超股數"":""-72,905""}"
2026-10-01,TWSE,6757,台灣虎航        ,103365,170740,-67375,0,0,0,0,4000,-6000,"{""證券代號"":""6757"",""證券名稱"":""台灣虎航        "",""外陸資買進股數(不含外資自營商)"":""103,365"",""外陸資賣出股數(不含外資自營商)"":""170,740"",""外陸資買賣超股數(不含外資自營商)"":""-67,375"",""外資自營商買進股數"":""0"",""外資自營商賣出股數"":""0"",""外資自營商買賣超股數"":""0"",""投信買進股數"":""0"",""投信賣出股數"":""0"",""投信買賣超股數"":""0"",""自營商買賣超股數"":""-6,000"",""自營商買進股數(自行買賣)"":""0"",""自營商賣出股數(自行買賣)"":""2,000"",""自營商買賣超股數(自行買賣)"":""-2,000"",""自營商買進股數(避險)"":""0"",""自營商賣出股數(避險)"":""4,000"",""自營商買賣超股數(避險)"":""-4,000"",""三大法人買賣超股數"":""-73,375""}"
2026-10-01,TWSE,2390,云辰            ,28000,102000,-74000,0,0,0,0,0,0,"{""證券代號"":""2390"",""證券名稱"":""云辰            "",""外陸資買進股數(不含外資自營商)"":""28,000"",""外陸資賣出股數(不含外資自營商)"":""102,000"",""外陸資買賣超股數(不含外資自營商)"":""-74,000"",""外資自營商買進股數"":""0"",""外資自營商賣出股數"":""0"",""外資自營商買賣超股數"":""0"",""投信買進股數"":""0"",""投信賣出股數"":""0"",""投信買賣超股數"":""0"",""自營商買賣超股數"":""0"",""自營商買進股數(自行買賣)"":""0"",""自營商賣出股數(自行買賣)"":""0"",""自營商買賣超股數(自行買賣)"":""0"",""自營商買進股數(避險)"":""0"",""自營商賣出股數(避險)"":""0"",""自營商買賣超股數(避險)"":""0"",""三大法人買賣超股數"":""-74,000""}"
2026-10-01,TWSE,2423,固緯            ,10000,85048,-75048,0,0,0,0,0,0,"{""證券代號"":""2423"",""證券名稱"":""固緯            "",""外陸資買進股數(不含外資自營商)"":""10,000"",""外陸資賣出股數(不含外資自營商)"":""85,048"",""外陸資買賣超股數(不含外資自營商)"":""-75,048"",""外資自營商買進股數"":""0"",""外資自營商賣出股數"":""0"",""外資自營商買賣超股數"":""0"",""投信買進股數"":""0"",""投信賣出股數"":""0"",""投信買賣超股數"":""0"",""自營商買賣超股數"":""0"",""自營商買進股數(自行買賣)"":""0"",""自營商賣出股數(自行買賣)"":""0"",""自營商買賣超股數(自行買賣)"":""0"",""自營商買進股數(避險)"":""0"",""自營商賣出股數(避險)"":""0"",""自營商買賣超股數(避險)"":""0"",""三大法人買賣超股數"":""-75,048""}"
2026-10-01,TWSE,6589,台康生技        ,153729,232000,-78271,0,0,0,119,1011,-892,"{""證券代號"":""6589"",""證券名稱"":""台康生技        "",""外陸資買進股數(不含外資自營商)"":""153,729"",""外陸資賣出股數(不含外資自營商)"":""232,000"",""外陸資買賣超股數(不含外資自營商)"":""-78,271"",""外資自營商買進股數"":""0"",""外資自營商賣出股數"":""0"",""外資自營商買賣超股數"":""0"",""投信買進股數"":""0"",""投信賣出股數"":""0"",""投信買賣超股數"":""0"",""自營商買賣超股數"":""-892"",""自營商買進股數(自行買賣)"":""0"",""自營商賣出股數(自行買賣)"":""0"",""自營商買賣超股數(自行買賣)"":""0"",""自營商買進股數(避險)"":""119"",""自營商賣出股數(避險)"":""1,011"",""自營商買賣超股數(避險)"":""-892"",""三大法人買賣超股數"":""-79,163""}"
2026-10-01,TWSE,7799,禾榮科          ,573636,628966,-55330,0,0,0,0,0,-26488,"{""證券代號"":""7799"",""證券名稱"":""禾榮科          "",""外陸資買進股數(不含外資自營商)"":""573,636"",""外陸資賣出股數(不含外資自營商)"":""628,966"",""外陸資買賣超股數(不含外資自營商)"":""-55,330"",""外資自營商買進股數"":""0"",""外資自營商賣出股數"":""0"",""外資自營商買賣超股數"":""0"",""投信買進股數"":""0"",""投信賣出股數"":""0"",""投信買賣超股數"":""0"",""自營商買賣超股數"":""-26,488"",""自營商買進股數(自行買賣)"":""3,000"",""自營商賣出股數(自行買賣)"":""29,488"",""自營商買賣超股數(自行買賣)"":""-26,488"",""自營商買進股數(避險)"":""0"",""自營商賣出股數(避險)"":""0"",""自營商買賣超股數(避險)"":""0"",""三大法人買賣超股數"":""-81,818""}"
2026-10-01,TWSE,4142,國光生          ,180000,262000,-82000,0,0,0,0,124,-113,"{""證券代號"":""4142"",""證券名稱"":""國光生          "",""外陸資買進股數(不含外資自營商)"":""180,000"",""外陸資賣出股數(不含外資自營商)"":""262,000"",""外陸資買賣超股數(不含外資自營商)"":""-82,000"",""外資自營商買進股數"":""0"",""外資自營商賣出股數"":""0"",""外資自營商買賣超股數"":""0"",""投信買進股數"":""0"",""投信賣出股數"":""0"",""投信買賣超股數"":""0"",""自營商買賣超股數"":""-113"",""自營商買進股數(自行買賣)"":""11"",""自營商賣出股數(自行買賣)"":""0"",""自營商買賣超股數(自行買賣)"":""11"",""自營商買進股數(避險)"":""0"",""自營商賣出股數(避險)"":""124"",""自營商買賣超股數(避險)"":""-124"",""三大法人買賣超股數"":""-82,113""}"
2026-10-01,TWSE,2105,正新            ,1142000,2206864,-1064864,737000,0,737000,255840,10487,244746,"{""證券代號"":""2105"",""證券名稱"":""正新            "",""外陸資買進股數(不含外資自營商)"":""1,142,000"",""外陸資賣出股數(不含外資自營商)"":""2,206,864"",""外陸資買賣超股數(不含外資自營商)"":""-1,064,864"",""外資自營商買進股數"":""0"",""外資自營商賣出股數"":""0"",""外資自營商買賣超股數"":""0"",""投信買進股數"":""737,000"",""投信賣出股數"":""0"",""投信買賣超股數"":""737,000"",""自營商買賣超股數"":""244,746"",""自營商買進股數(自行買賣)"":""281,000"",""自營商賣出股數(自行買賣)"":""281,607"",""自營商買賣超股數(自行買賣)"":""-607"",""自營商買進股數(避險)"":""255,840"",""自營商賣出股數(避險)"":""10,487"",""自營商買賣超股數(避險)"":""245,353"",""三大法人買賣超股數"":""-83,118""}"
2026-10-01,TWSE,6698,旭暉應材        ,24000,109000,-85000,0,0,0,0,0,0,"{""證券代號"":""6698"",""證券名稱"":""旭暉應材        "",""外陸資買進股數(不含外資自營商)"":""24,000"",""外陸資賣出股數(不含外資自營商)"":""109,000"",""外陸資買賣超股數(不含外資自營商)"":""-85,000"",""外資自營商買進股數"":""0"",""外資自營商賣出股數"":""0"",""外資自營商買賣超股數"":""0"",""投信買進股數"":""0"",""投信賣出股數"":""0"",""投信買賣超股數"":""0"",""自營商買賣超股數"":""0"",""自營商買進股數(自行買賣)"":""0"",""自營商賣出股數(自行買賣)"":""0"",""自營商買賣超股數(自行買賣)"":""0"",""自營商買進股數(避險)"":""0"",""自營商賣出股數(避險)"":""0"",""自營商買賣超股數(避險)"":""0"",""三大法人買賣超股數"":""-85,000""}"
2026-10-01,TWSE,4590,富田-創         ,2000,87000,-85000,0,0,0,0,582,-582,"{""證券代號"":""4590"",""證券名稱"":""富田-創         "",""外陸資買進股數(不含外資自營商)"":""2,000"",""外陸資賣出股數(不含外資自營商)"":""87,000"",""外陸資買賣超股數(不含外資自營商)"":""-85,000"",""外資自營商買進股數"":""0"",""外資自營商賣出股數"":""0"",""外資自營商買賣超股數"":""0"",""投信買進股數"":""0"",""投信賣出股數"":""0"",""投信買賣超股數"":""0"",""自營商買賣超股數"":""-582"",""自營商買進股數(自行買賣)"":""0"",""自營商賣出股數(自行買賣)"":""0"",""自營商買賣超股數(自行買賣)"":""0"",""自營商買進股數(避險)"":""0"",""自營商賣出股數(避險)"":""582"",""自營商買賣超股數(避險)"":""-582"",""三大法人買賣超股數"":""-85,582""}"
2026-10-01,TWSE,1773,勝一            ,156143,243537,-87394,0,0,0,1000,3874,1230,"{""證券代號"":""1773"",""證券名稱"":""勝一            "",""外陸資買進股數(不含外資自營商)"":""156,143"",""外陸資賣出股數(不含外資自營商)"":""243,537"",""外陸資買賣超股數(不含外資自營商)"":""-87,394"",""外資自營商買進股數"":""0"",""外資自營商賣出股數"":""0"",""外資自營商買賣超股數"":""0"",""投信買進股數"":""0"",""投信賣出股數"":""0"",""投信買賣超股數"":""0"",""自營商買賣超股數"":""1,230"",""自營商買進股數(自行買賣)"":""5,000"",""自營商賣出股數(自行買賣)"":""896"",""自營商買賣超股數(自行買賣)"":""4,104"",""自營商買進股數(避險)"":""1,000"",""自營商賣出股數(避險)"":""3,874"",""自營商買賣超股數(避險)"":""-2,874"",""三大法人買賣超股數"":""-86,164""}"
2026-10-01,TWSE,6192,巨路            ,9000,98500,-89500,0,0,0,0,0,2994,"{""證券代號"":""6192"",""證券名稱"":""巨路            "",""外陸資買進股數(不含外資自營商)"":""9,000"",""外陸資賣出股數(不含外資自營商)"":""98,500"",""外陸資買賣超股數(不含外資自營商)"":""-89,500"",""外資自營商買進股數"":""0"",""外資自營商賣出股數"":""0"",""外資自營商買賣超股數"":""0"",""投信買進股數"":""0"",""投信賣出股數"":""0"",""投信買賣超股數"":""0"",""自營商買賣超股數"":""2,994"",""自營商買進股數(自行買賣)"":""3,000"",""自營商賣出股數(自行買賣)"":""6"",""自營商買賣超股數(自行買賣)"":""2,994"",""自營商買進股數(避險)"":""0"",""自營商賣出股數(避險)"":""0"",""自營商買賣超股數(避險)"":""0"",""三大法人買賣超股數"":""-86,506""}"
2026-10-01,TWSE,3708,上緯投控        ,85114,172000,-86886,0,0,0,100,34,66,"{""證券代號"":""3708"",""證券名稱"":""上緯投控        "",""外陸資買進股數(不含外資自營商)"":""85,114"",""外陸資賣出股數(不含外資自營商)"":""172,000"",""外陸資買賣超股數(不含外資自營商)"":""-86,886"",""外資自營商買進股數"":""0"",""外資自營商賣出股數"":""0"",""外資自營商買賣超股數"":""0"",""投信買進股數"":""0"",""投信賣出股數"":""0"",""投信買賣超股數"":""0"",""自營商買賣超股數"":""66"",""自營商買進股數(自行買賣)"":""0"",""自營商賣出股數(自行買賣)"":""0"",""自營商買賣超股數(自行買賣)"":""0"",""自營商買進股數(避險)"":""100"",""自營商賣出股數(避險)"":""34"",""自營商買賣超股數(避險)"":""66"",""三大法人買賣超股數"":""-86,820""}"
2026-10-01,TWSE,3004,豐達科          ,97704,189535,-91831,0,0,0,1232,1505,3727,"{""證券代號"":""3004"",""證券名稱"":""豐達科          "",""外陸資買進股數(不含外資自營商)"":""97,704"",""外陸資賣出股數(不含外資自營商)"":""189,535"",""外陸資買賣超股數(不含外資自營商)"":""-91,831"",""外資自營商買進股數"":""0"",""外資自營商賣出股數"":""0"",""外資自營商買賣超股數"":""0"",""投信買進股數"":""0"",""投信賣出股數"":""0"",""投信買賣超股數"":""0"",""自營商買賣超股數"":""3,727"",""自營商買進股數(自行買賣)"":""5,000"",""自營商賣出股數(自行買賣)"":""1,000"",""自營商買賣超股數(自行買賣)"":""4,000"",""自營商買進股數(避險)"":""1,232"",""自營商賣出股數(避險)"":""1,505"",""自營商買賣超股數(避險)"":""-273"",""三大法人買賣超股數"":""-88,104""}"
2026-10-01,TWSE,4722,國精化          ,354020,488237,-134217,0,0,0,14059,1576,45483,"{""證券代號"":""4722"",""證券名稱"":""國精化          "",""外陸資買進股數(不含外資自營商)"":""354,020"",""外陸資賣出股數(不含外資自營商)"":""488,237"",""外陸資買賣超股數(不含外資自營商)"":""-134,217"",""外資自營商買進股數"":""0"",""外資自營商賣出股數"":""0"",""外資自營商買賣超股數"":""0"",""投信買進股數"":""0"",""投信賣出股數"":""0"",""投信買賣超股數"":""0"",""自營商買賣超股數"":""45,483"",""自營商買進股數(自行買賣)"":""35,000"",""自營商賣出股數(自行買賣)"":""2,000"",""自營商買賣超股數(自行買賣)"":""33,000"",""自營商買進股數(避險)"":""14,059"",""自營商賣出股數(避險)"":""1,576"",""自營商買賣超股數(避險)"":""12,483"",""三大法人買賣超股數"":""-88,734""}"
2026-10-01,TWSE,1451,年興            ,3000,93000,-90000,0,0,0,0,0,0,"{""證券代號"":""1451"",""證券名稱"":""年興            "",""外陸資買進股數(不含外資自營商)"":""3,000"",""外陸資賣出股數(不含外資自營商)"":""93,000"",""外陸資買賣超股數(不含外資自營商)"":""-90,000"",""外資自營商買進股數"":""0"",""外資自營商賣出股數"":""0"",""外資自營商買賣超股數"":""0"",""投信買進股數"":""0"",""投信賣出股數"":""0"",""投信買賣超股數"":""0"",""自營商買賣超股數"":""0"",""自營商買進股數(自行買賣)"":""0"",""自營商賣出股數(自行買賣)"":""0"",""自營商買賣超股數(自行買賣)"":""0"",""自營商買進股數(避險)"":""0"",""自營商賣出股數(避險)"":""0"",""自營商買賣超股數(避險)"":""0"",""三大法人買賣超股數"":""-90,000""}"
2026-10-01,TWSE,2103,台橡            ,495725,580374,-84649,0,0,0,13012,31874,-7862,"{""證券代號"":""2103"",""證券名稱"":""台橡            "",""外陸資買進股數(不含外資自營商)"":""495,725"",""外陸資賣出股數(不含外資自營商)"":""580,374"",""外陸資買賣超股數(不含外資自營商)"":""-84,649"",""外資自營商買進股數"":""0"",""外資自營商賣出股數"":""0"",""外資自營商買賣超股數"":""0"",""投信買進股數"":""0"",""投信賣出股數"":""0"",""投信買賣超股數"":""0"",""自營商買賣超股數"":""-7,862"",""自營商買進股數(自行買賣)"":""11,000"",""自營商賣出股數(自行買賣)"":""0"",""自營商買賣超股數(自行買賣)"":""11,000"",""自營商買進股數(避險)"":""13,012"",""自營商賣出股數(避險)"":""31,874"",""自營商買賣超股數(避險)"":""-18,862"",""三大法人買賣超股數"":""-92,511""}"
2026-10-01,TWSE,2617,台航            ,307535,402002,-94467,0,0,0,0,112,1888,"{""證券代號"":""2617"",""證券名稱"":""台航            "",""外陸資買進股數(不含外資自營商)"":""307,535"",""外陸資賣出股數(不含外資自營商)"":""402,002"",""外陸資買賣超股數(不含外資自營商)"":""-94,467"",""外資自營商買進股數"":""0"",""外資自營商賣出股數"":""0"",""外資自營商買賣超股數"":""0"",""投信買進股數"":""0"",""投信賣出股數"":""0"",""投信買賣超股數"":""0"",""自營商買賣超股數"":""1,888"",""自營商買進股數(自行買賣)"":""2,000"",""自營商賣出股數(自行買賣)"":""0"",""自營商買賣超股數(自行買賣)"":""2,000"",""自營商買進股數(避險)"":""0"",""自營商賣出股數(避險)"":""112"",""自營商買賣超股數(避險)"":""-112"",""三大法人買賣超股數"":""-92,579""}"
2026-10-01,TWSE,2611,志信            ,7000,100000,-93000,0,0,0,0,0,0,"{""證券代號"":""2611"",""證券名稱"":""志信            "",""外陸資買進股數(不含外資自營商)"":""7,000"",""外陸資賣出股數(不含外資自營商)"":""100,000"",""外陸資買賣超股數(不含外資自營商)"":""-93,000"",""外資自營商買進股數"":""0"",""外資自營商賣出股數"":""0"",""外資自營商買賣超股數"":""0"",""投信買進股數"":""0"",""投信賣出股數"":""0"",""投信買賣超股數"":""0"",""自營商買賣超股數"":""0"",""自營商買進股數(自行買賣)"":""0"",""自營商賣出股數(自行買賣)"":""0"",""自營商買賣超股數(自行買賣)"":""0"",""自營商買進股數(避險)"":""0"",""自營商賣出股數(避險)"":""0"",""自營商買賣超股數(避險)"":""0"",""三大法人買賣超股數"":""-93,000""}"
2026-10-01,TWSE,6409,旭隼            ,18440,110023,-91583,9000,0,9000,200,7932,-11732,"{""證券代號"":""6409"",""證券名稱"":""旭隼            "",""外陸資買進股數(不含外資自營商)"":""18,440"",""外陸資賣出股數(不含外資自營商)"":""110,023"",""外陸資買賣超股數(不含外資自營商)"":""-91,583"",""外資自營商買進股數"":""0"",""外資自營商賣出股數"":""0"",""外資自營商買賣超股數"":""0"",""投信買進股數"":""9,000"",""投信賣出股數"":""0"",""投信買賣超股數"":""9,000"",""自營商買賣超股數"":""-11,732"",""自營商買進股數(自行買賣)"":""0"",""自營商賣出股數(自行買賣)"":""4,000"",""自營商買賣超股數(自行買賣)"":""-4,000"",""自營商買進股數(避險)"":""200"",""自營商賣出股數(避險)"":""7,932"",""自營商買賣超股數(避險)"":""-7,732"",""三大法人買賣超股數"":""-94,315""}"
2026-10-01,TWSE,2069,運錩            ,468347,570972,-102625,0,0,0,0,0,6000,"{""證券代號"":""2069"",""證券名稱"":""運錩            "",""外陸資買進股數(不含外資自營商)"":""468,347"",""外陸資賣出股數(不含外資自營商)"":""570,972"",""外陸資買賣超股數(不含外資自營商)"":""-102,625"",""外資自營商買進股數"":""0"",""外資自營商賣出股數"":""0"",""外資自營商買賣超股數"":""0"",""投信買進股數"":""0"",""投信賣出股數"":""0"",""投信買賣超股數"":""0"",""自營商買賣超股數"":""6,000"",""自營商買進股數(自行買賣)"":""7,000"",""自營商賣出股數(自行買賣)"":""1,000"",""自營商買賣超股數(自行買賣)"":""6,000"",""自營商買進股數(避險)"":""0"",""自營商賣出股數(避險)"":""0"",""自營商買賣超股數(避險)"":""0"",""三大法人買賣超股數"":""-96,625""}"
2026-10-01,TWSE,4989,榮科            ,401228,478000,-76772,0,0,0,0,108,-20108,"{""證券代號"":""4989"",""證券名稱"":""榮科            "",""外陸資買進股數(不含外資自營商)"":""401,228"",""外陸資賣出股數(不含外資自營商)"":""478,000"",""外陸資買賣超股數(不含外資自營商)"":""-76,772"",""外資自營商買進股數"":""0"",""外資自營商賣出股數"":""0"",""外資自營商買賣超股數"":""0"",""投信買進股數"":""0"",""投信賣出股數"":""0"",""投信買賣超股數"":""0"",""自營商買賣超股數"":""-20,108"",""自營商買進股數(自行買賣)"":""0"",""自營商賣出股數(自行買賣)"":""20,000"",""自營商買賣超股數(自行買賣)"":""-20,000"",""自營商買進股數(避險)"":""0"",""自營商賣出股數(避險)"":""108"",""自營商買賣超股數(避險)"":""-108"",""三大法人買賣超股數"":""-96,880""}"
2026-10-01,TWSE,5531,鄉林            ,93369,191000,-97631,0,0,0,0,0,0,"{""證券代號"":""5531"",""證券名稱"":""鄉林            "",""外陸資買進股數(不含外資自營商)"":""93,369"",""外陸資賣出股數(不含外資自營商)"":""191,000"",""外陸資買賣超股數(不含外資自營商)"":""-97,631"",""外資自營商買進股數"":""0"",""外資自營商賣出股數"":""0"",""外資自營商買賣超股數"":""0"",""投信買進股數"":""0"",""投信賣出股數"":""0"",""投信買賣超股數"":""0"",""自營商買賣超股數"":""0"",""自營商買進股數(自行買賣)"":""0"",""自營商賣出股數(自行買賣)"":""0"",""自營商買賣超股數(自行買賣)"":""0"",""自營商買進股數(避險)"":""0"",""自營商賣出股數(避險)"":""0"",""自營商買賣超股數(避險)"":""0"",""三大法人買賣超股數"":""-97,631""}"
2026-10-01,TWSE,6176,瑞儀            ,520474,623444,-102970,0,0,0,12090,9319,5251,"{""證券代號"":""6176"",""證券名稱"":""瑞儀            "",""外陸資買進股數(不含外資自營商)"":""520,474"",""外陸資賣出股數(不含外資自營商)"":""623,444"",""外陸資買賣超股數(不含外資自營商)"":""-102,970"",""外資自營商買進股數"":""0"",""外資自營商賣出股數"":""0"",""外資自營商買賣超股數"":""0"",""投信買進股數"":""0"",""投信賣出股數"":""0"",""投信買賣超股數"":""0"",""自營商買賣超股數"":""5,251"",""自營商買進股數(自行買賣)"":""5,000"",""自營商賣出股數(自行買賣)"":""2,520"",""自營商買賣超股數(自行買賣)"":""2,480"",""自營商買進股數(避險)"":""12,090"",""自營商賣出股數(避險)"":""9,319"",""自營商買賣超股數(避險)"":""2,771"",""三大法人買賣超股數"":""-97,719""}"
2026-10-01,TWSE,2497,怡利電          ,23100,117000,-93900,0,0,0,274,1121,-5847,"{""證券代號"":""2497"",""證券名稱"":""怡利電          "",""外陸資買進股數(不含外資自營商)"":""23,100"",""外陸資賣出股數(不含外資自營商)"":""117,000"",""外陸資買賣超股數(不含外資自營商)"":""-93,900"",""外資自營商買進股數"":""0"",""外資自營商賣出股數"":""0"",""外資自營商買賣超股數"":""0"",""投信買進股數"":""0"",""投信賣出股數"":""0"",""投信買賣超股數"":""0"",""自營商買賣超股數"":""-5,847"",""自營商買進股數(自行買賣)"":""0"",""自營商賣出股數(自行買賣)"":""5,000"",""自營商買賣超股數(自行買賣)"":""-5,000"",""自營商買進股數(避險)"":""274"",""自營商賣出股數(避險)"":""1,121"",""自營商買賣超股數(避險)"":""-847"",""三大法人買賣超股數"":""-99,747""}"
2026-10-01,TWSE,2106,建大            ,61000,198876,-137876,0,0,0,0,0,38000,"{""證券代號"":""2106"",""證券名稱"":""建大            "",""外陸資買進股數(不含外資自營商)"":""61,000"",""外陸資賣出股數(不含外資自營商)"":""198,876"",""外陸資買賣超股數(不含外資自營商)"":""-137,876"",""外資自營商買進股數"":""0"",""外資自營商賣出股數"":""0"",""外資自營商買賣超股數"":""0"",""投信買進股數"":""0"",""投信賣出股數"":""0"",""投信買賣超股數"":""0"",""自營商買賣超股數"":""38,000"",""自營商買進股數(自行買賣)"":""38,000"",""自營商賣出股數(自行買賣)"":""0"",""自營商買賣超股數(自行買賣)"":""38,000"",""自營商買進股數(避險)"":""0"",""自營商賣出股數(避險)"":""0"",""自營商買賣超股數(避險)"":""0"",""三大法人買賣超股數"":""-99,876""}"
2026-10-01,TWSE,3703,欣陸            ,55000,167000,-112000,0,0,0,0,0,10000,"{""證券代號"":""3703"",""證券名稱"":""欣陸            "",""外陸資買進股數(不含外資自營商)"":""55,000"",""外陸資賣出股數(不含外資自營商)"":""167,000"",""外陸資買賣超股數(不含外資自營商)"":""-112,000"",""外資自營商買進股數"":""0"",""外資自營商賣出股數"":""0"",""外資自營商買賣超股數"":""0"",""投信買進股數"":""0"",""投信賣出股數"":""0"",""投信買賣超股數"":""0"",""自營商買賣超股數"":""10,000"",""自營商買進股數(自行買賣)"":""10,000"",""自營商賣出股數(自行買賣)"":""0"",""自營商買賣超股數(自行買賣)"":""10,000"",""自營商買進股數(避險)"":""0"",""自營商賣出股數(避險)"":""0"",""自營商買賣超股數(避險)"":""0"",""三大法人買賣超股數"":""-102,000""}"
2026-10-01,TWSE,6206,飛捷            ,36901,136963,-100062,0,0,0,1317,6360,-4043,"{""證券代號"":""6206"",""證券名稱"":""飛捷            "",""外陸資買進股數(不含外資自營商)"":""36,901"",""外陸資賣出股數(不含外資自營商)"":""136,963"",""外陸資買賣超股數(不含外資自營商)"":""-100,062"",""外資自營商買進股數"":""0"",""外資自營商賣出股數"":""0"",""外資自營商買賣超股數"":""0"",""投信買進股數"":""0"",""投信賣出股數"":""0"",""投信買賣超股數"":""0"",""自營商買賣超股數"":""-4,043"",""自營商買進股數(自行買賣)"":""2,000"",""自營商賣出股數(自行買賣)"":""1,000"",""自營商買賣超股數(自行買賣)"":""1,000"",""自營商買進股數(避險)"":""1,317"",""自營商賣出股數(避險)"":""6,360"",""自營商買賣超股數(避險)"":""-5,043"",""三大法人買賣超股數"":""-104,105""}"
2026-10-01,TWSE,8926,台汽電          ,298473,395584,-97111,0,0,0,2000,2874,-7874,"{""證券代號"":""8926"",""證券名稱"":""台汽電          "",""外陸資買進股數(不含外資自營商)"":""298,473"",""外陸資賣出股數(不含外資自營商)"":""395,584"",""外陸資買賣超股數(不含外資自營商)"":""-97,111"",""外資自營商買進股數"":""0"",""外資自營商賣出股數"":""0"",""外資自營商買賣超股數"":""0"",""投信買進股數"":""0"",""投信賣出股數"":""0"",""投信買賣超股數"":""0"",""自營商買賣超股數"":""-7,874"",""自營商買進股數(自行買賣)"":""0"",""自營商賣出股數(自行買賣)"":""7,000"",""自營商買賣超股數(自行買賣)"":""-7,000"",""自營商買進股數(避險)"":""2,000"",""自營商賣出股數(避險)"":""2,874"",""自營商買賣超股數(避險)"":""-874"",""三大法人買賣超股數"":""-104,985""}"
2026-10-01,TWSE,5522,遠雄            ,232151,341000,-108849,2310,0,2310,0,0,0,"{""證券代號"":""5522"",""證券名稱"":""遠雄            "",""外陸資買進股數(不含外資自營商)"":""232,151"",""外陸資賣出股數(不含外資自營商)"":""341,000"",""外陸資買賣超股數(不含外資自營商)"":""-108,849"",""外資自營商買進股數"":""0"",""外資自營商賣出股數"":""0"",""外資自營商買賣超股數"":""0"",""投信買進股數"":""2,310"",""投信賣出股數"":""0"",""投信買賣超股數"":""2,310"",""自營商買賣超股數"":""0"",""自營商買進股數(自行買賣)"":""82,000"",""自營商賣出股數(自行買賣)"":""82,000"",""自營商買賣超股數(自行買賣)"":""0"",""自營商買進股數(避險)"":""0"",""自營商賣出股數(避險)"":""0"",""自營商買賣超股數(避險)"":""0"",""三大法人買賣超股數"":""-106,539""}"
2026-10-01,TWSE,2374,佳能            ,268500,373202,-104702,0,0,0,0,2176,-2176,"{""證券代號"":""2374"",""證券名稱"":""佳能            "",""外陸資買進股數(不含外資自營商)"":""268,500"",""外陸資賣出股數(不含外資自營商)"":""373,202"",""外陸資買賣超股數(不含外資自營商)"":""-104,702"",""外資自營商買進股數"":""0"",""外資自營商賣出股數"":""0"",""外資自營商買賣超股數"":""0"",""投信買進股數"":""0"",""投信賣出股數"":""0"",""投信買賣超股數"":""0"",""自營商買賣超股數"":""-2,176"",""自營商買進股數(自行買賣)"":""0"",""自營商賣出股數(自行買賣)"":""0"",""自營商買賣超股數(自行買賣)"":""0"",""自營商買進股數(避險)"":""0"",""自營商賣出股數(避險)"":""2,176"",""自營商買賣超股數(避險)"":""-2,176"",""三大法人買賣超股數"":""-106,878""}"
2026-10-01,TWSE,2369,菱生            ,930000,1024050,-94050,0,0,0,0,20575,-13575,"{""證券代號"":""2369"",""證券名稱"":""菱生            "",""外陸資買進股數(不含外資自營商)"":""930,000"",""外陸資賣出股數(不含外資自營商)"":""1,024,050"",""外陸資買賣超股數(不含外資自營商)"":""-94,050"",""外資自營商買進股數"":""0"",""外資自營商賣出股數"":""0"",""外資自營商買賣超股數"":""0"",""投信買進股數"":""0"",""投信賣出股數"":""0"",""投信買賣超股數"":""0"",""自營商買賣超股數"":""-13,575"",""自營商買進股數(自行買賣)"":""7,000"",""自營商賣出股數(自行買賣)"":""0"",""自營商買賣超股數(自行買賣)"":""7,000"",""自營商買進股數(避險)"":""0"",""自營商賣出股數(避險)"":""20,575"",""自營商買賣超股數(避險)"":""-20,575"",""三大法人買賣超股數"":""-107,625""}"
2026-10-01,TWSE,2511,太子            ,81367,189000,-107633,0,0,0,0,0,1,"{""證券代號"":""2511"",""證券名稱"":""太子            "",""外陸資買進股數(不含外資自營商)"":""81,367"",""外陸資賣出股數(不含外資自營商)"":""189,000"",""外陸資買賣超股數(不含外資自營商)"":""-107,633"",""外資自營商買進股數"":""0"",""外資自營商賣出股數"":""0"",""外資自營商買賣超股數"":""0"",""投信買進股數"":""0"",""投信賣出股數"":""0"",""投信買賣超股數"":""0"",""自營商買賣超股數"":""1"",""自營商買進股數(自行買賣)"":""1"",""自營商賣出股數(自行買賣)"":""0"",""自營商買賣超股數(自行買賣)"":""1"",""自營商買進股數(避險)"":""0"",""自營商賣出股數(避險)"":""0"",""自營商買賣超股數(避險)"":""0"",""三大法人買賣超股數"":""-107,632""}"
2026-10-01,TWSE,6239,力成            ,1919027,2358445,-439418,72000,0,72000,184960,68511,259448,"{""證券代號"":""6239"",""證券名稱"":""力成            "",""外陸資買進股數(不含外資自營商)"":""1,919,027"",""外陸資賣出股數(不含外資自營商)"":""2,358,445"",""外陸資買賣超股數(不含外資自營商)"":""-439,418"",""外資自營商買進股數"":""0"",""外資自營商賣出股數"":""0"",""外資自營商買賣超股數"":""0"",""投信買進股數"":""72,000"",""投信賣出股數"":""0"",""投信買賣超股數"":""72,000"",""自營商買賣超股數"":""259,448"",""自營商買進股數(自行買賣)"":""198,000"",""自營商賣出股數(自行買賣)"":""55,001"",""自營商買賣超股數(自行買賣)"":""142,999"",""自營商買進股數(避險)"":""184,960"",""自營商賣出股數(避險)"":""68,511"",""自營商買賣超股數(避險)"":""116,449"",""三大法人買賣超股數"":""-107,970""}"
2026-10-01,TWSE,4164,承業醫          ,63305,153000,-89695,0,0,0,0,0,-19779,"{""證券代號"":""4164"",""證券名稱"":""承業醫          "",""外陸資買進股數(不含外資自營商)"":""63,305"",""外陸資賣出股數(不含外資自營商)"":""153,000"",""外陸資買賣超股數(不含外資自營商)"":""-89,695"",""外資自營商買進股數"":""0"",""外資自營商賣出股數"":""0"",""外資自營商買賣超股數"":""0"",""投信買進股數"":""0"",""投信賣出股數"":""0"",""投信買賣超股數"":""0"",""自營商買賣超股數"":""-19,779"",""自營商買進股數(自行買賣)"":""221"",""自營商賣出股數(自行買賣)"":""20,000"",""自營商買賣超股數(自行買賣)"":""-19,779"",""自營商買進股數(避險)"":""0"",""自營商賣出股數(避險)"":""0"",""自營商買賣超股數(避險)"":""0"",""三大法人買賣超股數"":""-109,474""}"
2026-10-01,TWSE,7711,永擎            ,416786,577980,-161194,0,0,0,34766,9992,50607,"{""證券代號"":""7711"",""證券名稱"":""永擎            "",""外陸資買進股數(不含外資自營商)"":""416,786"",""外陸資賣出股數(不含外資自營商)"":""577,980"",""外陸資買賣超股數(不含外資自營商)"":""-161,194"",""外資自營商買進股數"":""0"",""外資自營商賣出股數"":""0"",""外資自營商買賣超股數"":""0"",""投信買進股數"":""0"",""投信賣出股數"":""0"",""投信買賣超股數"":""0"",""自營商買賣超股數"":""50,607"",""自營商買進股數(自行買賣)"":""28,917"",""自營商賣出股數(自行買賣)"":""3,084"",""自營商買賣超股數(自行買賣)"":""25,833"",""自營商買進股數(避險)"":""34,766"",""自營商賣出股數(避險)"":""9,992"",""自營商買賣超股數(避險)"":""24,774"",""三大法人買賣超股數"":""-110,587""}"
2026-10-01,TWSE,3048,益登            ,448000,574081,-126081,0,0,0,1000,0,14000,"{""證券代號"":""3048"",""證券名稱"":""益登            "",""外陸資買進股數(不含外資自營商)"":""448,000"",""外陸資賣出股數(不含外資自營商)"":""574,081"",""外陸資買賣超股數(不含外資自營商)"":""-126,081"",""外資自營商買進股數"":""0"",""外資自營商賣出股數"":""0"",""外資自營商買賣超股數"":""0"",""投信買進股數"":""0"",""投信賣出股數"":""0"",""投信買賣超股數"":""0"",""自營商買賣超股數"":""14,000"",""自營商買進股數(自行買賣)"":""13,000"",""自營商賣出股數(自行買賣)"":""0"",""自營商買賣超股數(自行買賣)"":""13,000"",""自營商買進股數(避險)"":""1,000"",""自營商賣出股數(避險)"":""0"",""自營商買賣超股數(避險)"":""1,000"",""三大法人買賣超股數"":""-112,081""}"
2026-10-01,TWSE,2646,星宇航空        ,751100,828019,-76919,0,0,0,0,0,-37000,"{""證券代號"":""2646"",""證券名稱"":""星宇航空        "",""外陸資買進股數(不含外資自營商)"":""751,100"",""外陸資賣出股數(不含外資自營商)"":""828,019"",""外陸資買賣超股數(不含外資自營商)"":""-76,919"",""外資自營商買進股數"":""0"",""外資自營商賣出股數"":""0"",""外資自營商買賣超股數"":""0"",""投信買進股數"":""0"",""投信賣出股數"":""0"",""投信買賣超股數"":""0"",""自營商買賣超股數"":""-37,000"",""自營商買進股數(自行買賣)"":""0"",""自營商賣出股數(自行買賣)"":""37,000"",""自營商買賣超股數(自行買賣)"":""-37,000"",""自營商買進股數(避險)"":""0"",""自營商賣出股數(避險)"":""0"",""自營商買賣超股數(避險)"":""0"",""三大法人買賣超股數"":""-113,919""}"
2026-10-01,TWSE,3443,創意            ,254239,243030,11209,4000,142000,-138000,12434,9164,12293,"{""證券代號"":""3443"",""證券名稱"":""創意            "",""外陸資買進股數(不含外資自營商)"":""254,239"",""外陸資賣出股數(不含外資自營商)"":""243,030"",""外陸資買賣超股數(不含外資自營商)"":""11,209"",""外資自營商買進股數"":""0"",""外資自營商賣出股數"":""0"",""外資自營商買賣超股數"":""0"",""投信買進股數"":""4,000"",""投信賣出股數"":""142,000"",""投信買賣超股數"":""-138,000"",""自營商買賣超股數"":""12,293"",""自營商買進股數(自行買賣)"":""28,235"",""自營商賣出股數(自行買賣)"":""19,212"",""自營商買賣超股數(自行買賣)"":""9,023"",""自營商買進股數(避險)"":""12,434"",""自營商賣出股數(避險)"":""9,164"",""自營商買賣超股數(避險)"":""3,270"",""三大法人買賣超股數"":""-114,498""}"
2026-10-01,TWSE,3704,合勤控          ,449342,572000,-122658,0,0,0,0,1075,3925,"{""證券代號"":""3704"",""證券名稱"":""合勤控          "",""外陸資買進股數(不含外資自營商)"":""449,342"",""外陸資賣出股數(不含外資自營商)"":""572,000"",""外陸資買賣超股數(不含外資自營商)"":""-122,658"",""外資自營商買進股數"":""0"",""外資自營商賣出股數"":""0"",""外資自營商買賣超股數"":""0"",""投信買進股數"":""0"",""投信賣出股數"":""0"",""投信買賣超股數"":""0"",""自營商買賣超股數"":""3,925"",""自營商買進股數(自行買賣)"":""5,000"",""自營商賣出股數(自行買賣)"":""0"",""自營商買賣超股數(自行買賣)"":""5,000"",""自營商買進股數(避險)"":""0"",""自營商賣出股數(避險)"":""1,075"",""自營商買賣超股數(避險)"":""-1,075"",""三大法人買賣超股數"":""-118,733""}"
2026-10-01,TWSE,1109,信大            ,28000,147350,-119350,0,0,0,0,0,0,"{""證券代號"":""1109"",""證券名稱"":""信大            "",""外陸資買進股數(不含外資自營商)"":""28,000"",""外陸資賣出股數(不含外資自營商)"":""147,350"",""外陸資買賣超股數(不含外資自營商)"":""-119,350"",""外資自營商買進股數"":""0"",""外資自營商賣出股數"":""0"",""外資自營商買賣超股數"":""0"",""投信買進股數"":""0"",""投信賣出股數"":""0"",""投信買賣超股數"":""0"",""自營商買賣超股數"":""0"",""自營商買進股數(自行買賣)"":""0"",""自營商賣出股數(自行買賣)"":""0"",""自營商買賣超股數(自行買賣)"":""0"",""自營商買進股數(避險)"":""0"",""自營商賣出股數(避險)"":""0"",""自營商買賣超股數(避險)"":""0"",""三大法人買賣超股數"":""-119,350""}"
2026-10-01,TWSE,1528,恩德            ,297000,418781,-121781,0,0,0,0,139,-139,"{""證券代號"":""1528"",""證券名稱"":""恩德            "",""外陸資買進股數(不含外資自營商)"":""297,000"",""外陸資賣出股數(不含外資自營商)"":""418,781"",""外陸資買賣超股數(不含外資自營商)"":""-121,781"",""外資自營商買進股數"":""0"",""外資自營商賣出股數"":""0"",""外資自營商買賣超股數"":""0"",""投信買進股數"":""0"",""投信賣出股數"":""0"",""投信買賣超股數"":""0"",""自營商買賣超股數"":""-139"",""自營商買進股數(自行買賣)"":""0"",""自營商賣出股數(自行買賣)"":""0"",""自營商買賣超股數(自行買賣)"":""0"",""自營商買進股數(避險)"":""0"",""自營商賣出股數(避險)"":""139"",""自營商買賣超股數(避險)"":""-139"",""三大法人買賣超股數"":""-121,920""}"
2026-10-01,TWSE,2033,佳大            ,173000,295000,-122000,0,0,0,0,0,0,"{""證券代號"":""2033"",""證券名稱"":""佳大            "",""外陸資買進股數(不含外資自營商)"":""173,000"",""外陸資賣出股數(不含外資自營商)"":""295,000"",""外陸資買賣超股數(不含外資自營商)"":""-122,000"",""外資自營商買進股數"":""0"",""外資自營商賣出股數"":""0"",""外資自營商買賣超股數"":""0"",""投信買進股數"":""0"",""投信賣出股數"":""0"",""投信買賣超股數"":""0"",""自營商買賣超股數"":""0"",""自營商買進股數(自行買賣)"":""0"",""自營商賣出股數(自行買賣)"":""0"",""自營商買賣超股數(自行買賣)"":""0"",""自營商買進股數(避險)"":""0"",""自營商賣出股數(避險)"":""0"",""自營商買賣超股數(避險)"":""0"",""三大法人買賣超股數"":""-122,000""}"
2026-10-01,TWSE,5521,工信            ,249000,355000,-106000,0,0,0,0,0,-16000,"{""證券代號"":""5521"",""證券名稱"":""工信            "",""外陸資買進股數(不含外資自營商)"":""249,000"",""外陸資賣出股數(不含外資自營商)"":""355,000"",""外陸資買賣超股數(不含外資自營商)"":""-106,000"",""外資自營商買進股數"":""0"",""外資自營商賣出股數"":""0"",""外資自營商買賣超股數"":""0"",""投信買進股數"":""0"",""投信賣出股數"":""0"",""投信買賣超股數"":""0"",""自營商買賣超股數"":""-16,000"",""自營商買進股數(自行買賣)"":""0"",""自營商賣出股數(自行買賣)"":""16,000"",""自營商買賣超股數(自行買賣)"":""-16,000"",""自營商買進股數(避險)"":""0"",""自營商賣出股數(避險)"":""0"",""自營商買賣超股數(避險)"":""0"",""三大法人買賣超股數"":""-122,000""}"
2026-10-01,TWSE,6598,ABC-KY          ,3000,128000,-125000,0,0,0,0,0,1000,"{""證券代號"":""6598"",""證券名稱"":""ABC-KY          "",""外陸資買進股數(不含外資自營商)"":""3,000"",""外陸資賣出股數(不含外資自營商)"":""128,000"",""外陸資買賣超股數(不含外資自營商)"":""-125,000"",""外資自營商買進股數"":""0"",""外資自營商賣出股數"":""0"",""外資自營商買賣超股數"":""0"",""投信買進股數"":""0"",""投信賣出股數"":""0"",""投信買賣超股數"":""0"",""自營商買賣超股數"":""1,000"",""自營商買進股數(自行買賣)"":""1,000"",""自營商賣出股數(自行買賣)"":""0"",""自營商買賣超股數(自行買賣)"":""1,000"",""自營商買進股數(避險)"":""0"",""自營商賣出股數(避險)"":""0"",""自營商買賣超股數(避險)"":""0"",""三大法人買賣超股數"":""-124,000""}"
2026-10-01,TWSE,6477,安集            ,70000,194046,-124046,14,0,14,0,0,-1000,"{""證券代號"":""6477"",""證券名稱"":""安集            "",""外陸資買進股數(不含外資自營商)"":""70,000"",""外陸資賣出股數(不含外資自營商)"":""194,046"",""外陸資買賣超股數(不含外資自營商)"":""-124,046"",""外資自營商買進股數"":""0"",""外資自營商賣出股數"":""0"",""外資自營商買賣超股數"":""0"",""投信買進股數"":""14"",""投信賣出股數"":""0"",""投信買賣超股數"":""14"",""自營商買賣超股數"":""-1,000"",""自營商買進股數(自行買賣)"":""0"",""自營商賣出股數(自行買賣)"":""1,000"",""自營商買賣超股數(自行買賣)"":""-1,000"",""自營商買進股數(避險)"":""0"",""自營商賣出股數(避險)"":""0"",""自營商買賣超股數(避險)"":""0"",""三大法人買賣超股數"":""-125,032""}"
2026-10-01,TWSE,2538,基泰            ,50000,175000,-125000,0,0,0,0,0,-2000,"{""證券代號"":""2538"",""證券名稱"":""基泰            "",""外陸資買進股數(不含外資自營商)"":""50,000"",""外陸資賣出股數(不含外資自營商)"":""175,000"",""外陸資買賣超股數(不含外資自營商)"":""-125,000"",""外資自營商買進股數"":""0"",""外資自營商賣出股數"":""0"",""外資自營商買賣超股數"":""0"",""投信買進股數"":""0"",""投信賣出股數"":""0"",""投信買賣超股數"":""0"",""自營商買賣超股數"":""-2,000"",""自營商買進股數(自行買賣)"":""0"",""自營商賣出股數(自行買賣)"":""2,000"",""自營商買賣超股數(自行買賣)"":""-2,000"",""自營商買進股數(避險)"":""0"",""自營商賣出股數(避險)"":""0"",""自營商買賣超股數(避險)"":""0"",""三大法人買賣超股數"":""-127,000""}"
2026-10-01,TWSE,6861,睿生光電        ,1057870,1180369,-122499,20000,0,20000,68695,110586,-24891,"{""證券代號"":""6861"",""證券名稱"":""睿生光電        "",""外陸資買進股數(不含外資自營商)"":""1,057,870"",""外陸資賣出股數(不含外資自營商)"":""1,180,369"",""外陸資買賣超股數(不含外資自營商)"":""-122,499"",""外資自營商買進股數"":""0"",""外資自營商賣出股數"":""0"",""外資自營商買賣超股數"":""0"",""投信買進股數"":""20,000"",""投信賣出股數"":""0"",""投信買賣超股數"":""20,000"",""自營商買賣超股數"":""-24,891"",""自營商買進股數(自行買賣)"":""17,000"",""自營商賣出股數(自行買賣)"":""0"",""自營商買賣超股數(自行買賣)"":""17,000"",""自營商買進股數(避險)"":""68,695"",""自營商賣出股數(避險)"":""110,586"",""自營商買賣超股數(避險)"":""-41,891"",""三大法人買賣超股數"":""-127,390""}"
2026-10-01,TWSE,7769,鴻勁            ,138642,261194,-122552,0,7000,-7000,64800,62737,1563,"{""證券代號"":""7769"",""證券名稱"":""鴻勁            "",""外陸資買進股數(不含外資自營商)"":""138,642"",""外陸資賣出股數(不含外資自營商)"":""261,194"",""外陸資買賣超股數(不含外資自營商)"":""-122,552"",""外資自營商買進股數"":""0"",""外資自營商賣出股數"":""0"",""外資自營商買賣超股數"":""0"",""投信買進股數"":""0"",""投信賣出股數"":""7,000"",""投信買賣超股數"":""-7,000"",""自營商買賣超股數"":""1,563"",""自營商買進股數(自行買賣)"":""500"",""自營商賣出股數(自行買賣)"":""1,000"",""自營商買賣超股數(自行買賣)"":""-500"",""自營商買進股數(避險)"":""64,800"",""自營商賣出股數(避險)"":""62,737"",""自營商買賣超股數(避險)"":""2,063"",""三大法人買賣超股數"":""-127,989""}"
2026-10-01,TWSE,6901,鑽石投資        ,599836,746100,-146264,0,0,0,0,0,16000,"{""證券代號"":""6901"",""證券名稱"":""鑽石投資        "",""外陸資買進股數(不含外資自營商)"":""599,836"",""外陸資賣出股數(不含外資自營商)"":""746,100"",""外陸資買賣超股數(不含外資自營商)"":""-146,264"",""外資自營商買進股數"":""0"",""外資自營商賣出股數"":""0"",""外資自營商買賣超股數"":""0"",""投信買進股數"":""0"",""投信賣出股數"":""0"",""投信買賣超股數"":""0"",""自營商買賣超股數"":""16,000"",""自營商買進股數(自行買賣)"":""23,000"",""自營商賣出股數(自行買賣)"":""7,000"",""自營商買賣超股數(自行買賣)"":""16,000"",""自營商買進股數(避險)"":""0"",""自營商賣出股數(避險)"":""0"",""自營商買賣超股數(避險)"":""0"",""三大法人買賣超股數"":""-130,264""}"
2026-10-01,TWSE,2816,旺旺保          ,70000,201030,-131030,0,0,0,0,0,0,"{""證券代號"":""2816"",""證券名稱"":""旺旺保          "",""外陸資買進股數(不含外資自營商)"":""70,000"",""外陸資賣出股數(不含外資自營商)"":""201,030"",""外陸資買賣超股數(不含外資自營商)"":""-131,030"",""外資自營商買進股數"":""0"",""外資自營商賣出股數"":""0"",""外資自營商買賣超股數"":""0"",""投信買進股數"":""0"",""投信賣出股數"":""0"",""投信買賣超股數"":""0"",""自營商買賣超股數"":""0"",""自營商買進股數(自行買賣)"":""0"",""自營商賣出股數(自行買賣)"":""0"",""自營商買賣超股數(自行買賣)"":""0"",""自營商買進股數(避險)"":""0"",""自營商賣出股數(避險)"":""0"",""自營商買賣超股數(避險)"":""0"",""三大法人買賣超股數"":""-131,030""}"
2026-10-01,TWSE,6024,群益期          ,12000,145407,-133407,0,0,0,0,0,0,"{""證券代號"":""6024"",""證券名稱"":""群益期          "",""外陸資買進股數(不含外資自營商)"":""12,000"",""外陸資賣出股數(不含外資自營商)"":""145,407"",""外陸資買賣超股數(不含外資自營商)"":""-133,407"",""外資自營商買進股數"":""0"",""外資自營商賣出股數"":""0"",""外資自營商買賣超股數"":""0"",""投信買進股數"":""0"",""投信賣出股數"":""0"",""投信買賣超股數"":""0"",""自營商買賣超股數"":""0"",""自營商買進股數(自行買賣)"":""0"",""自營商賣出股數(自行買賣)"":""0"",""自營商買賣超股數(自行買賣)"":""0"",""自營商買進股數(避險)"":""0"",""自營商賣出股數(避險)"":""0"",""自營商買賣超股數(避險)"":""0"",""三大法人買賣超股數"":""-133,407""}"
2026-10-01,TWSE,2467,志聖            ,363316,268626,94690,0,221000,-221000,16365,19999,-7863,"{""證券代號"":""2467"",""證券名稱"":""志聖            "",""外陸資買進股數(不含外資自營商)"":""363,316"",""外陸資賣出股數(不含外資自營商)"":""268,626"",""外陸資買賣超股數(不含外資自營商)"":""94,690"",""外資自營商買進股數"":""0"",""外資自營商賣出股數"":""0"",""外資自營商買賣超股數"":""0"",""投信買進股數"":""0"",""投信賣出股數"":""221,000"",""投信買賣超股數"":""-221,000"",""自營商買賣超股數"":""-7,863"",""自營商買進股數(自行買賣)"":""0"",""自營商賣出股數(自行買賣)"":""4,229"",""自營商買賣超股數(自行買賣)"":""-4,229"",""自營商買進股數(避險)"":""16,365"",""自營商賣出股數(避險)"":""19,999"",""自營商買賣超股數(避險)"":""-3,634"",""三大法人買賣超股數"":""-134,173""}"
2026-10-01,TWSE,2028,威致            ,15000,157000,-142000,0,0,0,0,0,7000,"{""證券代號"":""2028"",""證券名稱"":""威致            "",""外陸資買進股數(不含外資自營商)"":""15,000"",""外陸資賣出股數(不含外資自營商)"":""157,000"",""外陸資買賣超股數(不含外資自營商)"":""-142,000"",""外資自營商買進股數"":""0"",""外資自營商賣出股數"":""0"",""外資自營商買賣超股數"":""0"",""投信買進股數"":""0"",""投信賣出股數"":""0"",""投信買賣超股數"":""0"",""自營商買賣超股數"":""7,000"",""自營商買進股數(自行買賣)"":""7,000"",""自營商賣出股數(自行買賣)"":""0"",""自營商買賣超股數(自行買賣)"":""7,000"",""自營商買進股數(避險)"":""0"",""自營商賣出股數(避險)"":""0"",""自營商買賣超股數(避險)"":""0"",""三大法人買賣超股數"":""-135,000""}"
2026-10-01,TWSE,4934,太極            ,46530,193551,-147021,0,0,0,0,0,10000,"{""證券代號"":""4934"",""證券名稱"":""太極            "",""外陸資買進股數(不含外資自營商)"":""46,530"",""外陸資賣出股數(不含外資自營商)"":""193,551"",""外陸資買賣超股數(不含外資自營商)"":""-147,021"",""外資自營商買進股數"":""0"",""外資自營商賣出股數"":""0"",""外資自營商買賣超股數"":""0"",""投信買進股數"":""0"",""投信賣出股數"":""0"",""投信買賣超股數"":""0"",""自營商買賣超股數"":""10,000"",""自營商買進股數(自行買賣)"":""10,000"",""自營商賣出股數(自行買賣)"":""0"",""自營商買賣超股數(自行買賣)"":""10,000"",""自營商買進股數(避險)"":""0"",""自營商賣出股數(避險)"":""0"",""自營商買賣超股數(避險)"":""0"",""三大法人買賣超股數"":""-137,021""}"
2026-10-01,TWSE,2419,仲琦            ,139637,287000,-147363,0,0,0,0,1000,8000,"{""證券代號"":""2419"",""證券名稱"":""仲琦            "",""外陸資買進股數(不含外資自營商)"":""139,637"",""外陸資賣出股數(不含外資自營商)"":""287,000"",""外陸資買賣超股數(不含外資自營商)"":""-147,363"",""外資自營商買進股數"":""0"",""外資自營商賣出股數"":""0"",""外資自營商買賣超股數"":""0"",""投信買進股數"":""0"",""投信賣出股數"":""0"",""投信買賣超股數"":""0"",""自營商買賣超股數"":""8,000"",""自營商買進股數(自行買賣)"":""9,000"",""自營商賣出股數(自行買賣)"":""0"",""自營商買賣超股數(自行買賣)"":""9,000"",""自營商買進股數(避險)"":""0"",""自營商賣出股數(避險)"":""1,000"",""自營商買賣超股數(避險)"":""-1,000"",""三大法人買賣超股數"":""-139,363""}"
2026-10-01,TWSE,1304,台聚            ,463600,590340,-126740,0,0,0,1000,21036,-14036,"{""證券代號"":""1304"",""證券名稱"":""台聚            "",""外陸資買進股數(不含外資自營商)"":""463,600"",""外陸資賣出股數(不含外資自營商)"":""590,340"",""外陸資買賣超股數(不含外資自營商)"":""-126,740"",""外資自營商買進股數"":""0"",""外資自營商賣出股數"":""0"",""外資自營商買賣超股數"":""0"",""投信買進股數"":""0"",""投信賣出股數"":""0"",""投信買賣超股數"":""0"",""自營商買賣超股數"":""-14,036"",""自營商買進股數(自行買賣)"":""6,000"",""自營商賣出股數(自行買賣)"":""0"",""自營商買賣超股數(自行買賣)"":""6,000"",""自營商買進股數(避險)"":""1,000"",""自營商賣出股數(避險)"":""21,036"",""自營商買賣超股數(避險)"":""-20,036"",""三大法人買賣超股數"":""-140,776""}"
2026-10-01,TWSE,6515,穎崴            ,101700,215213,-113513,9000,31300,-22300,1337,4786,-6112,"{""證券代號"":""6515"",""證券名稱"":""穎崴            "",""外陸資買進股數(不含外資自營商)"":""101,700"",""外陸資賣出股數(不含外資自營商)"":""215,213"",""外陸資買賣超股數(不含外資自營商)"":""-113,513"",""外資自營商買進股數"":""0"",""外資自營商賣出股數"":""0"",""外資自營商買賣超股數"":""0"",""投信買進股數"":""9,000"",""投信賣出股數"":""31,300"",""投信買賣超股數"":""-22,300"",""自營商買賣超股數"":""-6,112"",""自營商買進股數(自行買賣)"":""46,000"",""自營商賣出股數(自行買賣)"":""48,663"",""自營商買賣超股數(自行買賣)"":""-2,663"",""自營商買進股數(避險)"":""1,337"",""自營商賣出股數(避險)"":""4,786"",""自營商買賣超股數(避險)"":""-3,449"",""三大法人買賣超股數"":""-141,925""}"
2026-10-01,TWSE,2031,新光鋼          ,191391,342056,-150665,0,0,0,0,218,8532,"{""證券代號"":""2031"",""證券名稱"":""新光鋼          "",""外陸資買進股數(不含外資自營商)"":""191,391"",""外陸資賣出股數(不含外資自營商)"":""342,056"",""外陸資買賣超股數(不含外資自營商)"":""-150,665"",""外資自營商買進股數"":""0"",""外資自營商賣出股數"":""0"",""外資自營商買賣超股數"":""0"",""投信買進股數"":""0"",""投信賣出股數"":""0"",""投信買賣超股數"":""0"",""自營商買賣超股數"":""8,532"",""自營商買進股數(自行買賣)"":""8,750"",""自營商賣出股數(自行買賣)"":""0"",""自營商買賣超股數(自行買賣)"":""8,750"",""自營商買進股數(避險)"":""0"",""自營商賣出股數(避險)"":""218"",""自營商買賣超股數(避險)"":""-218"",""三大法人買賣超股數"":""-142,133""}"
2026-10-01,TWSE,9934,成霖            ,30000,177000,-147000,0,0,0,0,0,0,"{""證券代號"":""9934"",""證券名稱"":""成霖            "",""外陸資買進股數(不含外資自營商)"":""30,000"",""外陸資賣出股數(不含外資自營商)"":""177,000"",""外陸資買賣超股數(不含外資自營商)"":""-147,000"",""外資自營商買進股數"":""0"",""外資自營商賣出股數"":""0"",""外資自營商買賣超股數"":""0"",""投信買進股數"":""0"",""投信賣出股數"":""0"",""投信買賣超股數"":""0"",""自營商買賣超股數"":""0"",""自營商買進股數(自行買賣)"":""0"",""自營商賣出股數(自行買賣)"":""0"",""自營商買賣超股數(自行買賣)"":""0"",""自營商買進股數(避險)"":""0"",""自營商賣出股數(避險)"":""0"",""自營商買賣超股數(避險)"":""0"",""三大法人買賣超股數"":""-147,000""}"
2026-10-01,TWSE,00642U,期元大S&P石油   ,28000,57000,-29000,0,0,0,280001,400227,-120226,"{""證券代號"":""00642U"",""證券名稱"":""期元大S&P石油   "",""外陸資買進股數(不含外資自營商)"":""28,000"",""外陸資賣出股數(不含外資自營商)"":""57,000"",""外陸資買賣超股數(不含外資自營商)"":""-29,000"",""外資自營商買進股數"":""0"",""外資自營商賣出股數"":""0"",""外資自營商買賣超股數"":""0"",""投信買進股數"":""0"",""投信賣出股數"":""0"",""投信買賣超股數"":""0"",""自營商買賣超股數"":""-120,226"",""自營商買進股數(自行買賣)"":""0"",""自營商賣出股數(自行買賣)"":""0"",""自營商買賣超股數(自行買賣)"":""0"",""自營商買進股數(避險)"":""280,001"",""自營商賣出股數(避險)"":""400,227"",""自營商買賣超股數(避險)"":""-120,226"",""三大法人買賣超股數"":""-149,226""}"
2026-10-01,TWSE,2439,美律            ,307302,448410,-141108,0,0,0,0,908,-9906,"{""證券代號"":""2439"",""證券名稱"":""美律            "",""外陸資買進股數(不含外資自營商)"":""307,302"",""外陸資賣出股數(不含外資自營商)"":""448,410"",""外陸資買賣超股數(不含外資自營商)"":""-141,108"",""外資自營商買進股數"":""0"",""外資自營商賣出股數"":""0"",""外資自營商買賣超股數"":""0"",""投信買進股數"":""0"",""投信賣出股數"":""0"",""投信買賣超股數"":""0"",""自營商買賣超股數"":""-9,906"",""自營商買進股數(自行買賣)"":""9,000"",""自營商賣出股數(自行買賣)"":""17,998"",""自營商買賣超股數(自行買賣)"":""-8,998"",""自營商買進股數(避險)"":""0"",""自營商賣出股數(避險)"":""908"",""自營商買賣超股數(避險)"":""-908"",""三大法人買賣超股數"":""-151,014""}"
2026-10-01,TWSE,6719,力智            ,67184,219000,-151816,0,0,0,6850,7712,138,"{""證券代號"":""6719"",""證券名稱"":""力智            "",""外陸資買進股數(不含外資自營商)"":""67,184"",""外陸資賣出股數(不含外資自營商)"":""219,000"",""外陸資買賣超股數(不含外資自營商)"":""-151,816"",""外資自營商買進股數"":""0"",""外資自營商賣出股數"":""0"",""外資自營商買賣超股數"":""0"",""投信買進股數"":""0"",""投信賣出股數"":""0"",""投信買賣超股數"":""0"",""自營商買賣超股數"":""138"",""自營商買進股數(自行買賣)"":""1,000"",""自營商賣出股數(自行買賣)"":""0"",""自營商買賣超股數(自行買賣)"":""1,000"",""自營商買進股數(避險)"":""6,850"",""自營商賣出股數(避險)"":""7,712"",""自營商買賣超股數(避險)"":""-862"",""三大法人買賣超股數"":""-151,678""}"
2026-10-01,TWSE,6412,群電            ,104637,238457,-133820,0,0,0,0,18028,-18028,"{""證券代號"":""6412"",""證券名稱"":""群電            "",""外陸資買進股數(不含外資自營商)"":""104,637"",""外陸資賣出股數(不含外資自營商)"":""238,457"",""外陸資買賣超股數(不含外資自營商)"":""-133,820"",""外資自營商買進股數"":""0"",""外資自營商賣出股數"":""0"",""外資自營商買賣超股數"":""0"",""投信買進股數"":""0"",""投信賣出股數"":""0"",""投信買賣超股數"":""0"",""自營商買賣超股數"":""-18,028"",""自營商買進股數(自行買賣)"":""0"",""自營商賣出股數(自行買賣)"":""0"",""自營商買賣超股數(自行買賣)"":""0"",""自營商買進股數(避險)"":""0"",""自營商賣出股數(避險)"":""18,028"",""自營商買賣超股數(避險)"":""-18,028"",""三大法人買賣超股數"":""-151,848""}"
2026-10-01,TWSE,1455,集盛            ,53530,206358,-152828,0,0,0,540,0,540,"{""證券代號"":""1455"",""證券名稱"":""集盛            "",""外陸資買進股數(不含外資自營商)"":""53,530"",""外陸資賣出股數(不含外資自營商)"":""206,358"",""外陸資買賣超股數(不含外資自營商)"":""-152,828"",""外資自營商買進股數"":""0"",""外資自營商賣出股數"":""0"",""外資自營商買賣超股數"":""0"",""投信買進股數"":""0"",""投信賣出股數"":""0"",""投信買賣超股數"":""0"",""自營商買賣超股數"":""540"",""自營商買進股數(自行買賣)"":""0"",""自營商賣出股數(自行買賣)"":""0"",""自營商買賣超股數(自行買賣)"":""0"",""自營商買進股數(避險)"":""540"",""自營商賣出股數(避險)"":""0"",""自營商買賣超股數(避險)"":""540"",""三大法人買賣超股數"":""-152,288""}"
2026-10-01,TWSE,3028,增你強          ,51598,197000,-145402,0,0,0,1000,1001,-9001,"{""證券代號"":""3028"",""證券名稱"":""增你強          "",""外陸資買進股數(不含外資自營商)"":""51,598"",""外陸資賣出股數(不含外資自營商)"":""197,000"",""外陸資買賣超股數(不含外資自營商)"":""-145,402"",""外資自營商買進股數"":""0"",""外資自營商賣出股數"":""0"",""外資自營商買賣超股數"":""0"",""投信買進股數"":""0"",""投信賣出股數"":""0"",""投信買賣超股數"":""0"",""自營商買賣超股數"":""-9,001"",""自營商買進股數(自行買賣)"":""14,000"",""自營商賣出股數(自行買賣)"":""23,000"",""自營商買賣超股數(自行買賣)"":""-9,000"",""自營商買進股數(避險)"":""1,000"",""自營商賣出股數(避險)"":""1,001"",""自營商買賣超股數(避險)"":""-1"",""三大法人買賣超股數"":""-154,403""}"
2026-10-01,TWSE,1515,力山            ,65050,224344,-159294,0,0,0,3000,2634,366,"{""證券代號"":""1515"",""證券名稱"":""力山            "",""外陸資買進股數(不含外資自營商)"":""65,050"",""外陸資賣出股數(不含外資自營商)"":""224,344"",""外陸資買賣超股數(不含外資自營商)"":""-159,294"",""外資自營商買進股數"":""0"",""外資自營商賣出股數"":""0"",""外資自營商買賣超股數"":""0"",""投信買進股數"":""0"",""投信賣出股數"":""0"",""投信買賣超股數"":""0"",""自營商買賣超股數"":""366"",""自營商買進股數(自行買賣)"":""0"",""自營商賣出股數(自行買賣)"":""0"",""自營商買賣超股數(自行買賣)"":""0"",""自營商買進股數(避險)"":""3,000"",""自營商賣出股數(避險)"":""2,634"",""自營商買賣超股數(避險)"":""366"",""三大法人買賣超股數"":""-158,928""}"
2026-10-01,TWSE,3661,世芯-KY         ,220744,383495,-162751,1000,2000,-1000,27083,25189,2194,"{""證券代號"":""3661"",""證券名稱"":""世芯-KY         "",""外陸資買進股數(不含外資自營商)"":""220,744"",""外陸資賣出股數(不含外資自營商)"":""383,495"",""外陸資買賣超股數(不含外資自營商)"":""-162,751"",""外資自營商買進股數"":""0"",""外資自營商賣出股數"":""0"",""外資自營商買賣超股數"":""0"",""投信買進股數"":""1,000"",""投信賣出股數"":""2,000"",""投信買賣超股數"":""-1,000"",""自營商買賣超股數"":""2,194"",""自營商買進股數(自行買賣)"":""3,000"",""自營商賣出股數(自行買賣)"":""2,700"",""自營商買賣超股數(自行買賣)"":""300"",""自營商買進股數(避險)"":""27,083"",""自營商賣出股數(避險)"":""25,189"",""自營商買賣超股數(避險)"":""1,894"",""三大法人買賣超股數"":""-161,557""}"
2026-10-01,TWSE,2359,所羅門          ,128034,290000,-161966,0,0,0,12000,11597,403,"{""證券代號"":""2359"",""證券名稱"":""所羅門          "",""外陸資買進股數(不含外資自營商)"":""128,034"",""外陸資賣出股數(不含外資自營商)"":""290,000"",""外陸資買賣超股數(不含外資自營商)"":""-161,966"",""外資自營商買進股數"":""0"",""外資自營商賣出股數"":""0"",""外資自營商買賣超股數"":""0"",""投信買進股數"":""0"",""投信賣出股數"":""0"",""投信買賣超股數"":""0"",""自營商買賣超股數"":""403"",""自營商買進股數(自行買賣)"":""0"",""自營商賣出股數(自行買賣)"":""0"",""自營商買賣超股數(自行買賣)"":""0"",""自營商買進股數(避險)"":""12,000"",""自營商賣出股數(避險)"":""11,597"",""自營商買賣超股數(避險)"":""403"",""三大法人買賣超股數"":""-161,563""}"
2026-10-01,TWSE,8473,山林水          ,63294,228000,-164706,0,0,0,0,0,0,"{""證券代號"":""8473"",""證券名稱"":""山林水          "",""外陸資買進股數(不含外資自營商)"":""63,294"",""外陸資賣出股數(不含外資自營商)"":""228,000"",""外陸資買賣超股數(不含外資自營商)"":""-164,706"",""外資自營商買進股數"":""0"",""外資自營商賣出股數"":""0"",""外資自營商買賣超股數"":""0"",""投信買進股數"":""0"",""投信賣出股數"":""0"",""投信買賣超股數"":""0"",""自營商買賣超股數"":""0"",""自營商買進股數(自行買賣)"":""0"",""自營商賣出股數(自行買賣)"":""0"",""自營商買賣超股數(自行買賣)"":""0"",""自營商買進股數(避險)"":""0"",""自營商賣出股數(避險)"":""0"",""自營商買賣超股數(避險)"":""0"",""三大法人買賣超股數"":""-164,706""}"
2026-10-01,TWSE,3092,鴻碩            ,79222,244000,-164778,0,0,0,0,138,-138,"{""證券代號"":""3092"",""證券名稱"":""鴻碩            "",""外陸資買進股數(不含外資自營商)"":""79,222"",""外陸資賣出股數(不含外資自營商)"":""244,000"",""外陸資買賣超股數(不含外資自營商)"":""-164,778"",""外資自營商買進股數"":""0"",""外資自營商賣出股數"":""0"",""外資自營商買賣超股數"":""0"",""投信買進股數"":""0"",""投信賣出股數"":""0"",""投信買賣超股數"":""0"",""自營商買賣超股數"":""-138"",""自營商買進股數(自行買賣)"":""0"",""自營商賣出股數(自行買賣)"":""0"",""自營商買賣超股數(自行買賣)"":""0"",""自營商買進股數(避險)"":""0"",""自營商賣出股數(避險)"":""138"",""自營商買賣超股數(避險)"":""-138"",""三大法人買賣超股數"":""-164,916""}"
2026-10-01,TWSE,6451,訊芯-KY         ,138354,301134,-162780,0,0,0,6000,8773,-2494,"{""證券代號"":""6451"",""證券名稱"":""訊芯-KY         "",""外陸資買進股數(不含外資自營商)"":""138,354"",""外陸資賣出股數(不含外資自營商)"":""301,134"",""外陸資買賣超股數(不含外資自營商)"":""-162,780"",""外資自營商買進股數"":""0"",""外資自營商賣出股數"":""0"",""外資自營商買賣超股數"":""0"",""投信買進股數"":""0"",""投信賣出股數"":""0"",""投信買賣超股數"":""0"",""自營商買賣超股數"":""-2,494"",""自營商買進股數(自行買賣)"":""1,000"",""自營商賣出股數(自行買賣)"":""721"",""自營商買賣超股數(自行買賣)"":""279"",""自營商買進股數(避險)"":""6,000"",""自營商賣出股數(避險)"":""8,773"",""自營商買賣超股數(避險)"":""-2,773"",""三大法人買賣超股數"":""-165,274""}"
2026-10-01,TWSE,1536,和大            ,117000,276000,-159000,0,0,0,3000,3452,-6452,"{""證券代號"":""1536"",""證券名稱"":""和大            "",""外陸資買進股數(不含外資自營商)"":""117,000"",""外陸資賣出股數(不含外資自營商)"":""276,000"",""外陸資買賣超股數(不含外資自營商)"":""-159,000"",""外資自營商買進股數"":""0"",""外資自營商賣出股數"":""0"",""外資自營商買賣超股數"":""0"",""投信買進股數"":""0"",""投信賣出股數"":""0"",""投信買賣超股數"":""0"",""自營商買賣超股數"":""-6,452"",""自營商買進股數(自行買賣)"":""0"",""自營商賣出股數(自行買賣)"":""6,000"",""自營商買賣超股數(自行買賣)"":""-6,000"",""自營商買進股數(避險)"":""3,000"",""自營商賣出股數(避險)"":""3,452"",""自營商買賣超股數(避險)"":""-452"",""三大法人買賣超股數"":""-165,452""}"
2026-10-01,TWSE,5607,遠雄港          ,44229,221870,-177641,0,0,0,0,0,6000,"{""證券代號"":""5607"",""證券名稱"":""遠雄港          "",""外陸資買進股數(不含外資自營商)"":""44,229"",""外陸資賣出股數(不含外資自營商)"":""221,870"",""外陸資買賣超股數(不含外資自營商)"":""-177,641"",""外資自營商買進股數"":""0"",""外資自營商賣出股數"":""0"",""外資自營商買賣超股數"":""0"",""投信買進股數"":""0"",""投信賣出股數"":""0"",""投信買賣超股數"":""0"",""自營商買賣超股數"":""6,000"",""自營商買進股數(自行買賣)"":""6,000"",""自營商賣出股數(自行買賣)"":""0"",""自營商買賣超股數(自行買賣)"":""6,000"",""自營商買進股數(避險)"":""0"",""自營商賣出股數(避險)"":""0"",""自營商買賣超股數(避險)"":""0"",""三大法人買賣超股數"":""-171,641""}"
2026-10-01,TWSE,6885,全福生技        ,145737,318000,-172263,0,0,0,0,0,0,"{""證券代號"":""6885"",""證券名稱"":""全福生技        "",""外陸資買進股數(不含外資自營商)"":""145,737"",""外陸資賣出股數(不含外資自營商)"":""318,000"",""外陸資買賣超股數(不含外資自營商)"":""-172,263"",""外資自營商買進股數"":""0"",""外資自營商賣出股數"":""0"",""外資自營商買賣超股數"":""0"",""投信買進股數"":""0"",""投信賣出股數"":""0"",""投信買賣超股數"":""0"",""自營商買賣超股數"":""0"",""自營商買進股數(自行買賣)"":""0"",""自營商賣出股數(自行買賣)"":""0"",""自營商買賣超股數(自行買賣)"":""0"",""自營商買進股數(避險)"":""0"",""自營商賣出股數(避險)"":""0"",""自營商買賣超股數(避險)"":""0"",""三大法人買賣超股數"":""-172,263""}"
2026-10-01,TWSE,2506,太設            ,14000,197000,-183000,0,0,0,0,0,0,"{""證券代號"":""2506"",""證券名稱"":""太設            "",""外陸資買進股數(不含外資自營商)"":""14,000"",""外陸資賣出股數(不含外資自營商)"":""197,000"",""外陸資買賣超股數(不含外資自營商)"":""-183,000"",""外資自營商買進股數"":""0"",""外資自營商賣出股數"":""0"",""外資自營商買賣超股數"":""0"",""投信買進股數"":""0"",""投信賣出股數"":""0"",""投信買賣超股數"":""0"",""自營商買賣超股數"":""0"",""自營商買進股數(自行買賣)"":""0"",""自營商賣出股數(自行買賣)"":""0"",""自營商買賣超股數(自行買賣)"":""0"",""自營商買進股數(避險)"":""0"",""自營商賣出股數(避險)"":""0"",""自營商買賣超股數(避險)"":""0"",""三大法人買賣超股數"":""-183,000""}"
2026-10-01,TWSE,2211,長榮鋼          ,124000,409000,-285000,100000,0,100000,0,0,255,"{""證券代號"":""2211"",""證券名稱"":""長榮鋼          "",""外陸資買進股數(不含外資自營商)"":""124,000"",""外陸資賣出股數(不含外資自營商)"":""409,000"",""外陸資買賣超股數(不含外資自營商)"":""-285,000"",""外資自營商買進股數"":""0"",""外資自營商賣出股數"":""0"",""外資自營商買賣超股數"":""0"",""投信買進股數"":""100,000"",""投信賣出股數"":""0"",""投信買賣超股數"":""100,000"",""自營商買賣超股數"":""255"",""自營商買進股數(自行買賣)"":""52,000"",""自營商賣出股數(自行買賣)"":""51,745"",""自營商買賣超股數(自行買賣)"":""255"",""自營商買進股數(避險)"":""0"",""自營商賣出股數(避險)"":""0"",""自營商買賣超股數(避險)"":""0"",""三大法人買賣超股數"":""-184,745""}"
2026-10-01,TWSE,6531,愛普*           ,672385,851952,-179567,5000,12000,-7000,45772,46345,-573,"{""證券代號"":""6531"",""證券名稱"":""愛普*           "",""外陸資買進股數(不含外資自營商)"":""672,385"",""外陸資賣出股數(不含外資自營商)"":""851,952"",""外陸資買賣超股數(不含外資自營商)"":""-179,567"",""外資自營商買進股數"":""0"",""外資自營商賣出股數"":""0"",""外資自營商買賣超股數"":""0"",""投信買進股數"":""5,000"",""投信賣出股數"":""12,000"",""投信買賣超股數"":""-7,000"",""自營商買賣超股數"":""-573"",""自營商買進股數(自行買賣)"":""0"",""自營商賣出股數(自行買賣)"":""0"",""自營商買賣超股數(自行買賣)"":""0"",""自營商買進股數(避險)"":""45,772"",""自營商賣出股數(避險)"":""46,345"",""自營商買賣超股數(避險)"":""-573"",""三大法人買賣超股數"":""-187,140""}"
2026-10-01,TWSE,2451,創見            ,616347,857785,-241438,59000,3000,56000,13000,15485,-2485,"{""證券代號"":""2451"",""證券名稱"":""創見            "",""外陸資買進股數(不含外資自營商)"":""616,347"",""外陸資賣出股數(不含外資自營商)"":""857,785"",""外陸資買賣超股數(不含外資自營商)"":""-241,438"",""外資自營商買進股數"":""0"",""外資自營商賣出股數"":""0"",""外資自營商買賣超股數"":""0"",""投信買進股數"":""59,000"",""投信賣出股數"":""3,000"",""投信買賣超股數"":""56,000"",""自營商買賣超股數"":""-2,485"",""自營商買進股數(自行買賣)"":""0"",""自營商賣出股數(自行買賣)"":""0"",""自營商買賣超股數(自行買賣)"":""0"",""自營商買進股數(避險)"":""13,000"",""自營商賣出股數(避險)"":""15,485"",""自營商買賣超股數(避險)"":""-2,485"",""三大法人買賣超股數"":""-187,923""}"
2026-10-01,TWSE,2637,慧洋-KY         ,1319577,1756796,-437219,253000,2000,251000,0,1753,-1782,"{""證券代號"":""2637"",""證券名稱"":""慧洋-KY         "",""外陸資買進股數(不含外資自營商)"":""1,319,577"",""外陸資賣出股數(不含外資自營商)"":""1,756,796"",""外陸資買賣超股數(不含外資自營商)"":""-437,219"",""外資自營商買進股數"":""0"",""外資自營商賣出股數"":""0"",""外資自營商買賣超股數"":""0"",""投信買進股數"":""253,000"",""投信賣出股數"":""2,000"",""投信買賣超股數"":""251,000"",""自營商買賣超股數"":""-1,782"",""自營商買進股數(自行買賣)"":""86,000"",""自營商賣出股數(自行買賣)"":""86,029"",""自營商買賣超股數(自行買賣)"":""-29"",""自營商買進股數(避險)"":""0"",""自營商賣出股數(避險)"":""1,753"",""自營商買賣超股數(避險)"":""-1,753"",""三大法人買賣超股數"":""-188,001""}"
2026-10-01,TWSE,009817,國泰日本不動產  ,134000,2000,132000,0,0,0,751000,1071150,-320150,"{""證券代號"":""009817"",""證券名稱"":""國泰日本不動產  "",""外陸資買進股數(不含外資自營商)"":""134,000"",""外陸資賣出股數(不含外資自營商)"":""2,000"",""外陸資買賣超股數(不含外資自營商)"":""132,000"",""外資自營商買進股數"":""0"",""外資自營商賣出股數"":""0"",""外資自營商買賣超股數"":""0"",""投信買進股數"":""0"",""投信賣出股數"":""0"",""投信買賣超股數"":""0"",""自營商買賣超股數"":""-320,150"",""自營商買進股數(自行買賣)"":""0"",""自營商賣出股數(自行買賣)"":""0"",""自營商買賣超股數(自行買賣)"":""0"",""自營商買進股數(避險)"":""751,000"",""自營商賣出股數(避險)"":""1,071,150"",""自營商買賣超股數(避險)"":""-320,150"",""三大法人買賣超股數"":""-188,150""}"
2026-10-01,TWSE,1307,三芳            ,130080,321000,-190920,0,0,0,0,0,0,"{""證券代號"":""1307"",""證券名稱"":""三芳            "",""外陸資買進股數(不含外資自營商)"":""130,080"",""外陸資賣出股數(不含外資自營商)"":""321,000"",""外陸資買賣超股數(不含外資自營商)"":""-190,920"",""外資自營商買進股數"":""0"",""外資自營商賣出股數"":""0"",""外資自營商買賣超股數"":""0"",""投信買進股數"":""0"",""投信賣出股數"":""0"",""投信買賣超股數"":""0"",""自營商買賣超股數"":""0"",""自營商買進股數(自行買賣)"":""0"",""自營商賣出股數(自行買賣)"":""0"",""自營商買賣超股數(自行買賣)"":""0"",""自營商買進股數(避險)"":""0"",""自營商賣出股數(避險)"":""0"",""自營商買賣超股數(避險)"":""0"",""三大法人買賣超股數"":""-190,920""}"
2026-10-01,TWSE,2495,普安            ,158000,345415,-187415,0,0,0,1000,5002,-4002,"{""證券代號"":""2495"",""證券名稱"":""普安            "",""外陸資買進股數(不含外資自營商)"":""158,000"",""外陸資賣出股數(不含外資自營商)"":""345,415"",""外陸資買賣超股數(不含外資自營商)"":""-187,415"",""外資自營商買進股數"":""0"",""外資自營商賣出股數"":""0"",""外資自營商買賣超股數"":""0"",""投信買進股數"":""0"",""投信賣出股數"":""0"",""投信買賣超股數"":""0"",""自營商買賣超股數"":""-4,002"",""自營商買進股數(自行買賣)"":""0"",""自營商賣出股數(自行買賣)"":""0"",""自營商買賣超股數(自行買賣)"":""0"",""自營商買進股數(避險)"":""1,000"",""自營商賣出股數(避險)"":""5,002"",""自營商買賣超股數(避險)"":""-4,002"",""三大法人買賣超股數"":""-191,417""}"
2026-10-01,TWSE,9103,美德醫療-DR     ,6000,197000,-191000,0,0,0,0,454,-454,"{""證券代號"":""9103"",""證券名稱"":""美德醫療-DR     "",""外陸資買進股數(不含外資自營商)"":""6,000"",""外陸資賣出股數(不含外資自營商)"":""197,000"",""外陸資買賣超股數(不含外資自營商)"":""-191,000"",""外資自營商買進股數"":""0"",""外資自營商賣出股數"":""0"",""外資自營商買賣超股數"":""0"",""投信買進股數"":""0"",""投信賣出股數"":""0"",""投信買賣超股數"":""0"",""自營商買賣超股數"":""-454"",""自營商買進股數(自行買賣)"":""0"",""自營商賣出股數(自行買賣)"":""0"",""自營商買賣超股數(自行買賣)"":""0"",""自營商買進股數(避險)"":""0"",""自營商賣出股數(避險)"":""454"",""自營商買賣超股數(避險)"":""-454"",""三大法人買賣超股數"":""-191,454""}"
2026-10-01,TWSE,2367,燿華            ,1297680,1405268,-107588,0,0,0,23546,35459,-83913,"{""證券代號"":""2367"",""證券名稱"":""燿華            "",""外陸資買進股數(不含外資自營商)"":""1,297,680"",""外陸資賣出股數(不含外資自營商)"":""1,405,268"",""外陸資買賣超股數(不含外資自營商)"":""-107,588"",""外資自營商買進股數"":""0"",""外資自營商賣出股數"":""0"",""外資自營商買賣超股數"":""0"",""投信買進股數"":""0"",""投信賣出股數"":""0"",""投信買賣超股數"":""0"",""自營商買賣超股數"":""-83,913"",""自營商買進股數(自行買賣)"":""13,000"",""自營商賣出股數(自行買賣)"":""85,000"",""自營商買賣超股數(自行買賣)"":""-72,000"",""自營商買進股數(避險)"":""23,546"",""自營商賣出股數(避險)"":""35,459"",""自營商買賣超股數(避險)"":""-11,913"",""三大法人買賣超股數"":""-191,501""}"
2026-10-01,TWSE,6541,泰福-KY         ,89121,282000,-192879,0,0,0,0,0,89,"{""證券代號"":""6541"",""證券名稱"":""泰福-KY         "",""外陸資買進股數(不含外資自營商)"":""89,121"",""外陸資賣出股數(不含外資自營商)"":""282,000"",""外陸資買賣超股數(不含外資自營商)"":""-192,879"",""外資自營商買進股數"":""0"",""外資自營商賣出股數"":""0"",""外資自營商買賣超股數"":""0"",""投信買進股數"":""0"",""投信賣出股數"":""0"",""投信買賣超股數"":""0"",""自營商買賣超股數"":""89"",""自營商買進股數(自行買賣)"":""89"",""自營商賣出股數(自行買賣)"":""0"",""自營商買賣超股數(自行買賣)"":""89"",""自營商買進股數(避險)"":""0"",""自營商賣出股數(避險)"":""0"",""自營商買賣超股數(避險)"":""0"",""三大法人買賣超股數"":""-192,790""}"
2026-10-01,TWSE,2478,大毅            ,1621500,1923665,-302165,0,0,0,149870,41625,108245,"{""證券代號"":""2478"",""證券名稱"":""大毅            "",""外陸資買進股數(不含外資自營商)"":""1,621,500"",""外陸資賣出股數(不含外資自營商)"":""1,923,665"",""外陸資買賣超股數(不含外資自營商)"":""-302,165"",""外資自營商買進股數"":""0"",""外資自營商賣出股數"":""0"",""外資自營商買賣超股數"":""0"",""投信買進股數"":""0"",""投信賣出股數"":""0"",""投信買賣超股數"":""0"",""自營商買賣超股數"":""108,245"",""自營商買進股數(自行買賣)"":""0"",""自營商賣出股數(自行買賣)"":""0"",""自營商買賣超股數(自行買賣)"":""0"",""自營商買進股數(避險)"":""149,870"",""自營商賣出股數(避險)"":""41,625"",""自營商買賣超股數(避險)"":""108,245"",""三大法人買賣超股數"":""-193,920""}"
2026-10-01,TWSE,3583,辛耘            ,133368,328546,-195178,0,0,0,12613,14304,-1691,"{""證券代號"":""3583"",""證券名稱"":""辛耘            "",""外陸資買進股數(不含外資自營商)"":""133,368"",""外陸資賣出股數(不含外資自營商)"":""328,546"",""外陸資買賣超股數(不含外資自營商)"":""-195,178"",""外資自營商買進股數"":""0"",""外資自營商賣出股數"":""0"",""外資自營商買賣超股數"":""0"",""投信買進股數"":""0"",""投信賣出股數"":""0"",""投信買賣超股數"":""0"",""自營商買賣超股數"":""-1,691"",""自營商買進股數(自行買賣)"":""0"",""自營商賣出股數(自行買賣)"":""0"",""自營商買賣超股數(自行買賣)"":""0"",""自營商買進股數(避險)"":""12,613"",""自營商賣出股數(避險)"":""14,304"",""自營商買賣超股數(避險)"":""-1,691"",""三大法人買賣超股數"":""-196,869""}"
2026-10-01,TWSE,6442,光聖            ,120121,295331,-175210,0,0,0,9601,10073,-21687,"{""證券代號"":""6442"",""證券名稱"":""光聖            "",""外陸資買進股數(不含外資自營商)"":""120,121"",""外陸資賣出股數(不含外資自營商)"":""295,331"",""外陸資買賣超股數(不含外資自營商)"":""-175,210"",""外資自營商買進股數"":""0"",""外資自營商賣出股數"":""0"",""外資自營商買賣超股數"":""0"",""投信買進股數"":""0"",""投信賣出股數"":""0"",""投信買賣超股數"":""0"",""自營商買賣超股數"":""-21,687"",""自營商買進股數(自行買賣)"":""54,582"",""自營商賣出股數(自行買賣)"":""75,797"",""自營商買賣超股數(自行買賣)"":""-21,215"",""自營商買進股數(避險)"":""9,601"",""自營商賣出股數(避險)"":""10,073"",""自營商買賣超股數(避險)"":""-472"",""三大法人買賣超股數"":""-196,897""}"
2026-10-01,TWSE,6831,邁科            ,237837,178874,58963,0,261000,-261000,5385,674,4688,"{""證券代號"":""6831"",""證券名稱"":""邁科            "",""外陸資買進股數(不含外資自營商)"":""237,837"",""外陸資賣出股數(不含外資自營商)"":""178,874"",""外陸資買賣超股數(不含外資自營商)"":""58,963"",""外資自營商買進股數"":""0"",""外資自營商賣出股數"":""0"",""外資自營商買賣超股數"":""0"",""投信買進股數"":""0"",""投信賣出股數"":""261,000"",""投信買賣超股數"":""-261,000"",""自營商買賣超股數"":""4,688"",""自營商買進股數(自行買賣)"":""0"",""自營商賣出股數(自行買賣)"":""23"",""自營商買賣超股數(自行買賣)"":""-23"",""自營商買進股數(避險)"":""5,385"",""自營商賣出股數(避險)"":""674"",""自營商買賣超股數(避險)"":""4,711"",""三大法人買賣超股數"":""-197,349""}"
2026-10-01,TWSE,1529,樂事綠能        ,44000,246066,-202066,0,0,0,0,0,0,"{""證券代號"":""1529"",""證券名稱"":""樂事綠能        "",""外陸資買進股數(不含外資自營商)"":""44,000"",""外陸資賣出股數(不含外資自營商)"":""246,066"",""外陸資買賣超股數(不含外資自營商)"":""-202,066"",""外資自營商買進股數"":""0"",""外資自營商賣出股數"":""0"",""外資自營商買賣超股數"":""0"",""投信買進股數"":""0"",""投信賣出股數"":""0"",""投信買賣超股數"":""0"",""自營商買賣超股數"":""0"",""自營商買進股數(自行買賣)"":""0"",""自營商賣出股數(自行買賣)"":""0"",""自營商買賣超股數(自行買賣)"":""0"",""自營商買進股數(避險)"":""0"",""自營商賣出股數(避險)"":""0"",""自營商買賣超股數(避險)"":""0"",""三大法人買賣超股數"":""-202,066""}"
2026-10-01,TWSE,2029,盛餘            ,110206,313457,-203251,0,0,0,0,0,0,"{""證券代號"":""2029"",""證券名稱"":""盛餘            "",""外陸資買進股數(不含外資自營商)"":""110,206"",""外陸資賣出股數(不含外資自營商)"":""313,457"",""外陸資買賣超股數(不含外資自營商)"":""-203,251"",""外資自營商買進股數"":""0"",""外資自營商賣出股數"":""0"",""外資自營商買賣超股數"":""0"",""投信買進股數"":""0"",""投信賣出股數"":""0"",""投信買賣超股數"":""0"",""自營商買賣超股數"":""0"",""自營商買進股數(自行買賣)"":""0"",""自營商賣出股數(自行買賣)"":""0"",""自營商買賣超股數(自行買賣)"":""0"",""自營商買進股數(避險)"":""0"",""自營商賣出股數(避險)"":""0"",""自營商買賣超股數(避險)"":""0"",""三大法人買賣超股數"":""-203,251""}"
2026-10-01,TWSE,00708L,期元大S&P黃金正2,151000,180000,-29000,10000,0,10000,536000,721127,-185127,"{""證券代號"":""00708L"",""證券名稱"":""期元大S&P黃金正2"",""外陸資買進股數(不含外資自營商)"":""151,000"",""外陸資賣出股數(不含外資自營商)"":""180,000"",""外陸資買賣超股數(不含外資自營商)"":""-29,000"",""外資自營商買進股數"":""0"",""外資自營商賣出股數"":""0"",""外資自營商買賣超股數"":""0"",""投信買進股數"":""10,000"",""投信賣出股數"":""0"",""投信買賣超股數"":""10,000"",""自營商買賣超股數"":""-185,127"",""自營商買進股數(自行買賣)"":""0"",""自營商賣出股數(自行買賣)"":""0"",""自營商買賣超股數(自行買賣)"":""0"",""自營商買進股數(避險)"":""536,000"",""自營商賣出股數(避險)"":""721,127"",""自營商買賣超股數(避險)"":""-185,127"",""三大法人買賣超股數"":""-204,127""}"
2026-10-01,TWSE,1305,華夏            ,243504,448323,-204819,0,0,0,0,0,0,"{""證券代號"":""1305"",""證券名稱"":""華夏            "",""外陸資買進股數(不含外資自營商)"":""243,504"",""外陸資賣出股數(不含外資自營商)"":""448,323"",""外陸資買賣超股數(不含外資自營商)"":""-204,819"",""外資自營商買進股數"":""0"",""外資自營商賣出股數"":""0"",""外資自營商買賣超股數"":""0"",""投信買進股數"":""0"",""投信賣出股數"":""0"",""投信買賣超股數"":""0"",""自營商買賣超股數"":""0"",""自營商買進股數(自行買賣)"":""0"",""自營商賣出股數(自行買賣)"":""0"",""自營商買賣超股數(自行買賣)"":""0"",""自營商買進股數(避險)"":""0"",""自營商賣出股數(避險)"":""0"",""自營商買賣超股數(避險)"":""0"",""三大法人買賣超股數"":""-204,819""}"
2026-10-01,TWSE,8213,志超            ,43005,252033,-209028,0,0,0,541,253,289,"{""證券代號"":""8213"",""證券名稱"":""志超            "",""外陸資買進股數(不含外資自營商)"":""43,005"",""外陸資賣出股數(不含外資自營商)"":""252,033"",""外陸資買賣超股數(不含外資自營商)"":""-209,028"",""外資自營商買進股數"":""0"",""外資自營商賣出股數"":""0"",""外資自營商買賣超股數"":""0"",""投信買進股數"":""0"",""投信賣出股數"":""0"",""投信買賣超股數"":""0"",""自營商買賣超股數"":""289"",""自營商買進股數(自行買賣)"":""1"",""自營商賣出股數(自行買賣)"":""0"",""自營商買賣超股數(自行買賣)"":""1"",""自營商買進股數(避險)"":""541"",""自營商賣出股數(避險)"":""253"",""自營商買賣超股數(避險)"":""288"",""三大法人買賣超股數"":""-208,739""}"
2026-10-01,TWSE,1795,美時            ,112144,354000,-241856,0,0,0,4000,3446,31089,"{""證券代號"":""1795"",""證券名稱"":""美時            "",""外陸資買進股數(不含外資自營商)"":""112,144"",""外陸資賣出股數(不含外資自營商)"":""354,000"",""外陸資買賣超股數(不含外資自營商)"":""-241,856"",""外資自營商買進股數"":""0"",""外資自營商賣出股數"":""0"",""外資自營商買賣超股數"":""0"",""投信買進股數"":""0"",""投信賣出股數"":""0"",""投信買賣超股數"":""0"",""自營商買賣超股數"":""31,089"",""自營商買進股數(自行買賣)"":""36,000"",""自營商賣出股數(自行買賣)"":""5,465"",""自營商買賣超股數(自行買賣)"":""30,535"",""自營商買進股數(避險)"":""4,000"",""自營商賣出股數(避險)"":""3,446"",""自營商買賣超股數(避險)"":""554"",""三大法人買賣超股數"":""-210,767""}"
2026-10-01,TWSE,2472,立隆電          ,1405032,1670260,-265228,0,0,0,77051,24308,52743,"{""證券代號"":""2472"",""證券名稱"":""立隆電          "",""外陸資買進股數(不含外資自營商)"":""1,405,032"",""外陸資賣出股數(不含外資自營商)"":""1,670,260"",""外陸資買賣超股數(不含外資自營商)"":""-265,228"",""外資自營商買進股數"":""0"",""外資自營商賣出股數"":""0"",""外資自營商買賣超股數"":""0"",""投信買進股數"":""0"",""投信賣出股數"":""0"",""投信買賣超股數"":""0"",""自營商買賣超股數"":""52,743"",""自營商買進股數(自行買賣)"":""0"",""自營商賣出股數(自行買賣)"":""0"",""自營商買賣超股數(自行買賣)"":""0"",""自營商買進股數(避險)"":""77,051"",""自營商賣出股數(避險)"":""24,308"",""自營商買賣超股數(避險)"":""52,743"",""三大法人買賣超股數"":""-212,485""}"
2026-10-01,TWSE,2852,第一保          ,10000,229010,-219010,0,0,0,0,0,0,"{""證券代號"":""2852"",""證券名稱"":""第一保          "",""外陸資買進股數(不含外資自營商)"":""10,000"",""外陸資賣出股數(不含外資自營商)"":""229,010"",""外陸資買賣超股數(不含外資自營商)"":""-219,010"",""外資自營商買進股數"":""0"",""外資自營商賣出股數"":""0"",""外資自營商買賣超股數"":""0"",""投信買進股數"":""0"",""投信賣出股數"":""0"",""投信買賣超股數"":""0"",""自營商買賣超股數"":""0"",""自營商買進股數(自行買賣)"":""0"",""自營商賣出股數(自行買賣)"":""0"",""自營商買賣超股數(自行買賣)"":""0"",""自營商買進股數(避險)"":""0"",""自營商賣出股數(避險)"":""0"",""自營商買賣超股數(避險)"":""0"",""三大法人買賣超股數"":""-219,010""}"
2026-10-01,TWSE,1721,國慶科技        ,603463,822894,-219431,0,0,0,0,0,-1000,"{""證券代號"":""1721"",""證券名稱"":""國慶科技        "",""外陸資買進股數(不含外資自營商)"":""603,463"",""外陸資賣出股數(不含外資自營商)"":""822,894"",""外陸資買賣超股數(不含外資自營商)"":""-219,431"",""外資自營商買進股數"":""0"",""外資自營商賣出股數"":""0"",""外資自營商買賣超股數"":""0"",""投信買進股數"":""0"",""投信賣出股數"":""0"",""投信買賣超股數"":""0"",""自營商買賣超股數"":""-1,000"",""自營商買進股數(自行買賣)"":""0"",""自營商賣出股數(自行買賣)"":""1,000"",""自營商買賣超股數(自行買賣)"":""-1,000"",""自營商買進股數(避險)"":""0"",""自營商賣出股數(避險)"":""0"",""自營商買賣超股數(避險)"":""0"",""三大法人買賣超股數"":""-220,431""}"
2026-10-01,TWSE,2362,藍天            ,77120,301000,-223880,0,0,0,366,57,3309,"{""證券代號"":""2362"",""證券名稱"":""藍天            "",""外陸資買進股數(不含外資自營商)"":""77,120"",""外陸資賣出股數(不含外資自營商)"":""301,000"",""外陸資買賣超股數(不含外資自營商)"":""-223,880"",""外資自營商買進股數"":""0"",""外資自營商賣出股數"":""0"",""外資自營商買賣超股數"":""0"",""投信買進股數"":""0"",""投信賣出股數"":""0"",""投信買賣超股數"":""0"",""自營商買賣超股數"":""3,309"",""自營商買進股數(自行買賣)"":""3,000"",""自營商賣出股數(自行買賣)"":""0"",""自營商買賣超股數(自行買賣)"":""3,000"",""自營商買進股數(避險)"":""366"",""自營商賣出股數(避險)"":""57"",""自營商買賣超股數(避險)"":""309"",""三大法人買賣超股數"":""-220,571""}"
2026-10-01,TWSE,00706L,期元大S&P日圓正2,1000,4000,-3000,0,0,0,7000,225286,-218286,"{""證券代號"":""00706L"",""證券名稱"":""期元大S&P日圓正2"",""外陸資買進股數(不含外資自營商)"":""1,000"",""外陸資賣出股數(不含外資自營商)"":""4,000"",""外陸資買賣超股數(不含外資自營商)"":""-3,000"",""外資自營商買進股數"":""0"",""外資自營商賣出股數"":""0"",""外資自營商買賣超股數"":""0"",""投信買進股數"":""0"",""投信賣出股數"":""0"",""投信買賣超股數"":""0"",""自營商買賣超股數"":""-218,286"",""自營商買進股數(自行買賣)"":""0"",""自營商賣出股數(自行買賣)"":""0"",""自營商買賣超股數(自行買賣)"":""0"",""自營商買進股數(避險)"":""7,000"",""自營商賣出股數(避險)"":""225,286"",""自營商買賣超股數(避險)"":""-218,286"",""三大法人買賣超股數"":""-221,286""}"
2026-10-01,TWSE,00852L,國泰美國道瓊正2 ,0,0,0,0,0,0,25000,248075,-223075,"{""證券代號"":""00852L"",""證券名稱"":""國泰美國道瓊正2 "",""外陸資買進股數(不含外資自營商)"":""0"",""外陸資賣出股數(不含外資自營商)"":""0"",""外陸資買賣超股數(不含外資自營商)"":""0"",""外資自營商買進股數"":""0"",""外資自營商賣出股數"":""0"",""外資自營商買賣超股數"":""0"",""投信買進股數"":""0"",""投信賣出股數"":""0"",""投信買賣超股數"":""0"",""自營商買賣超股數"":""-223,075"",""自營商買進股數(自行買賣)"":""0"",""自營商賣出股數(自行買賣)"":""0"",""自營商買賣超股數(自行買賣)"":""0"",""自營商買進股數(避險)"":""25,000"",""自營商賣出股數(避險)"":""248,075"",""自營商買賣超股數(避險)"":""-223,075"",""三大法人買賣超股數"":""-223,075""}"
2026-10-01,TWSE,6416,瑞祺電通        ,151466,379882,-228416,0,0,0,0,0,1999,"{""證券代號"":""6416"",""證券名稱"":""瑞祺電通        "",""外陸資買進股數(不含外資自營商)"":""151,466"",""外陸資賣出股數(不含外資自營商)"":""379,882"",""外陸資買賣超股數(不含外資自營商)"":""-228,416"",""外資自營商買進股數"":""0"",""外資自營商賣出股數"":""0"",""外資自營商買賣超股數"":""0"",""投信買進股數"":""0"",""投信賣出股數"":""0"",""投信買賣超股數"":""0"",""自營商買賣超股數"":""1,999"",""自營商買進股數(自行買賣)"":""3,000"",""自營商賣出股數(自行買賣)"":""1,001"",""自營商買賣超股數(自行買賣)"":""1,999"",""自營商買進股數(避險)"":""0"",""自營商賣出股數(避險)"":""0"",""自營商買賣超股數(避險)"":""0"",""三大法人買賣超股數"":""-226,417""}"
2026-10-01,TWSE,1712,興農            ,65474,303765,-238291,3378,0,3378,0,0,6359,"{""證券代號"":""1712"",""證券名稱"":""興農            "",""外陸資買進股數(不含外資自營商)"":""65,474"",""外陸資賣出股數(不含外資自營商)"":""303,765"",""外陸資買賣超股數(不含外資自營商)"":""-238,291"",""外資自營商買進股數"":""0"",""外資自營商賣出股數"":""0"",""外資自營商買賣超股數"":""0"",""投信買進股數"":""3,378"",""投信賣出股數"":""0"",""投信買賣超股數"":""3,378"",""自營商買賣超股數"":""6,359"",""自營商買進股數(自行買賣)"":""7,000"",""自營商賣出股數(自行買賣)"":""641"",""自營商買賣超股數(自行買賣)"":""6,359"",""自營商買進股數(避險)"":""0"",""自營商賣出股數(避險)"":""0"",""自營商買賣超股數(避險)"":""0"",""三大法人買賣超股數"":""-228,554""}"
2026-10-01,TWSE,5234,達興材料        ,66283,296030,-229747,0,0,0,21603,21734,869,"{""證券代號"":""5234"",""證券名稱"":""達興材料        "",""外陸資買進股數(不含外資自營商)"":""66,283"",""外陸資賣出股數(不含外資自營商)"":""296,030"",""外陸資買賣超股數(不含外資自營商)"":""-229,747"",""外資自營商買進股數"":""0"",""外資自營商賣出股數"":""0"",""外資自營商買賣超股數"":""0"",""投信買進股數"":""0"",""投信賣出股數"":""0"",""投信買賣超股數"":""0"",""自營商買賣超股數"":""869"",""自營商買進股數(自行買賣)"":""1,000"",""自營商賣出股數(自行買賣)"":""0"",""自營商買賣超股數(自行買賣)"":""1,000"",""自營商買進股數(避險)"":""21,603"",""自營商賣出股數(避險)"":""21,734"",""自營商買賣超股數(避險)"":""-131"",""三大法人買賣超股數"":""-228,878""}"
2026-10-01,TWSE,1723,中碳            ,120235,323000,-202765,0,0,0,0,2957,-28840,"{""證券代號"":""1723"",""證券名稱"":""中碳            "",""外陸資買進股數(不含外資自營商)"":""120,235"",""外陸資賣出股數(不含外資自營商)"":""323,000"",""外陸資買賣超股數(不含外資自營商)"":""-202,765"",""外資自營商買進股數"":""0"",""外資自營商賣出股數"":""0"",""外資自營商買賣超股數"":""0"",""投信買進股數"":""0"",""投信賣出股數"":""0"",""投信買賣超股數"":""0"",""自營商買賣超股數"":""-28,840"",""自營商買進股數(自行買賣)"":""12,000"",""自營商賣出股數(自行買賣)"":""37,883"",""自營商買賣超股數(自行買賣)"":""-25,883"",""自營商買進股數(避險)"":""0"",""自營商賣出股數(避險)"":""2,957"",""自營商買賣超股數(避險)"":""-2,957"",""三大法人買賣超股數"":""-231,605""}"
2026-10-01,TWSE,2107,厚生            ,66775,301567,-234792,0,0,0,0,0,0,"{""證券代號"":""2107"",""證券名稱"":""厚生            "",""外陸資買進股數(不含外資自營商)"":""66,775"",""外陸資賣出股數(不含外資自營商)"":""301,567"",""外陸資買賣超股數(不含外資自營商)"":""-234,792"",""外資自營商買進股數"":""0"",""外資自營商賣出股數"":""0"",""外資自營商買賣超股數"":""0"",""投信買進股數"":""0"",""投信賣出股數"":""0"",""投信買賣超股數"":""0"",""自營商買賣超股數"":""0"",""自營商買進股數(自行買賣)"":""0"",""自營商賣出股數(自行買賣)"":""0"",""自營商買賣超股數(自行買賣)"":""0"",""自營商買進股數(避險)"":""0"",""自營商賣出股數(避險)"":""0"",""自營商買賣超股數(避險)"":""0"",""三大法人買賣超股數"":""-234,792""}"
2026-10-01,TWSE,3050,鈺德            ,174320,398156,-223836,26,0,26,0,0,-12000,"{""證券代號"":""3050"",""證券名稱"":""鈺德            "",""外陸資買進股數(不含外資自營商)"":""174,320"",""外陸資賣出股數(不含外資自營商)"":""398,156"",""外陸資買賣超股數(不含外資自營商)"":""-223,836"",""外資自營商買進股數"":""0"",""外資自營商賣出股數"":""0"",""外資自營商買賣超股數"":""0"",""投信買進股數"":""26"",""投信賣出股數"":""0"",""投信買賣超股數"":""26"",""自營商買賣超股數"":""-12,000"",""自營商買進股數(自行買賣)"":""0"",""自營商賣出股數(自行買賣)"":""12,000"",""自營商買賣超股數(自行買賣)"":""-12,000"",""自營商買進股數(避險)"":""0"",""自營商賣出股數(避險)"":""0"",""自營商買賣超股數(避險)"":""0"",""三大法人買賣超股數"":""-235,810""}"
2026-10-01,TWSE,9958,世紀鋼          ,149822,378000,-228178,0,0,0,0,0,-11000,"{""證券代號"":""9958"",""證券名稱"":""世紀鋼          "",""外陸資買進股數(不含外資自營商)"":""149,822"",""外陸資賣出股數(不含外資自營商)"":""378,000"",""外陸資買賣超股數(不含外資自營商)"":""-228,178"",""外資自營商買進股數"":""0"",""外資自營商賣出股數"":""0"",""外資自營商買賣超股數"":""0"",""投信買進股數"":""0"",""投信賣出股數"":""0"",""投信買賣超股數"":""0"",""自營商買賣超股數"":""-11,000"",""自營商買進股數(自行買賣)"":""0"",""自營商賣出股數(自行買賣)"":""11,000"",""自營商買賣超股數(自行買賣)"":""-11,000"",""自營商買進股數(避險)"":""0"",""自營商賣出股數(避險)"":""0"",""自營商買賣超股數(避險)"":""0"",""三大法人買賣超股數"":""-239,178""}"
2026-10-01,TWSE,2108,南帝            ,36000,290000,-254000,0,0,0,0,2466,10534,"{""證券代號"":""2108"",""證券名稱"":""南帝            "",""外陸資買進股數(不含外資自營商)"":""36,000"",""外陸資賣出股數(不含外資自營商)"":""290,000"",""外陸資買賣超股數(不含外資自營商)"":""-254,000"",""外資自營商買進股數"":""0"",""外資自營商賣出股數"":""0"",""外資自營商買賣超股數"":""0"",""投信買進股數"":""0"",""投信賣出股數"":""0"",""投信買賣超股數"":""0"",""自營商買賣超股數"":""10,534"",""自營商買進股數(自行買賣)"":""13,000"",""自營商賣出股數(自行買賣)"":""0"",""自營商買賣超股數(自行買賣)"":""13,000"",""自營商買進股數(避險)"":""0"",""自營商賣出股數(避險)"":""2,466"",""自營商買賣超股數(避險)"":""-2,466"",""三大法人買賣超股數"":""-243,466""}"
2026-10-01,TWSE,7780,大研生醫*       ,275000,200000,75000,0,322500,-322500,0,3451,-3451,"{""證券代號"":""7780"",""證券名稱"":""大研生醫*       "",""外陸資買進股數(不含外資自營商)"":""275,000"",""外陸資賣出股數(不含外資自營商)"":""200,000"",""外陸資買賣超股數(不含外資自營商)"":""75,000"",""外資自營商買進股數"":""0"",""外資自營商賣出股數"":""0"",""外資自營商買賣超股數"":""0"",""投信買進股數"":""0"",""投信賣出股數"":""322,500"",""投信買賣超股數"":""-322,500"",""自營商買賣超股數"":""-3,451"",""自營商買進股數(自行買賣)"":""0"",""自營商賣出股數(自行買賣)"":""0"",""自營商買賣超股數(自行買賣)"":""0"",""自營商買進股數(避險)"":""0"",""自營商賣出股數(避險)"":""3,451"",""自營商買賣超股數(避險)"":""-3,451"",""三大法人買賣超股數"":""-250,951""}"
2026-10-01,TWSE,009800,中信NASDAQ      ,210000,8000,202000,0,0,0,277128,730910,-453782,"{""證券代號"":""009800"",""證券名稱"":""中信NASDAQ      "",""外陸資買進股數(不含外資自營商)"":""210,000"",""外陸資賣出股數(不含外資自營商)"":""8,000"",""外陸資買賣超股數(不含外資自營商)"":""202,000"",""外資自營商買進股數"":""0"",""外資自營商賣出股數"":""0"",""外資自營商買賣超股數"":""0"",""投信買進股數"":""0"",""投信賣出股數"":""0"",""投信買賣超股數"":""0"",""自營商買賣超股數"":""-453,782"",""自營商買進股數(自行買賣)"":""0"",""自營商賣出股數(自行買賣)"":""0"",""自營商買賣超股數(自行買賣)"":""0"",""自營商買進股數(避險)"":""277,128"",""自營商賣出股數(避險)"":""730,910"",""自營商買賣超股數(避險)"":""-453,782"",""三大法人買賣超股數"":""-251,782""}"
2026-10-01,TWSE,1711,永光            ,785318,1022281,-236963,0,0,0,1000,17449,-16449,"{""證券代號"":""1711"",""證券名稱"":""永光            "",""外陸資買進股數(不含外資自營商)"":""785,318"",""外陸資賣出股數(不含外資自營商)"":""1,022,281"",""外陸資買賣超股數(不含外資自營商)"":""-236,963"",""外資自營商買進股數"":""0"",""外資自營商賣出股數"":""0"",""外資自營商買賣超股數"":""0"",""投信買進股數"":""0"",""投信賣出股數"":""0"",""投信買賣超股數"":""0"",""自營商買賣超股數"":""-16,449"",""自營商買進股數(自行買賣)"":""0"",""自營商賣出股數(自行買賣)"":""0"",""自營商買賣超股數(自行買賣)"":""0"",""自營商買進股數(避險)"":""1,000"",""自營商賣出股數(避險)"":""17,449"",""自營商買賣超股數(避險)"":""-16,449"",""三大法人買賣超股數"":""-253,412""}"
2026-10-01,TWSE,00738U,期元大道瓊白銀  ,32200,28000,4200,0,0,0,253351,512180,-258829,"{""證券代號"":""00738U"",""證券名稱"":""期元大道瓊白銀  "",""外陸資買進股數(不含外資自營商)"":""32,200"",""外陸資賣出股數(不含外資自營商)"":""28,000"",""外陸資買賣超股數(不含外資自營商)"":""4,200"",""外資自營商買進股數"":""0"",""外資自營商賣出股數"":""0"",""外資自營商買賣超股數"":""0"",""投信買進股數"":""0"",""投信賣出股數"":""0"",""投信買賣超股數"":""0"",""自營商買賣超股數"":""-258,829"",""自營商買進股數(自行買賣)"":""0"",""自營商賣出股數(自行買賣)"":""0"",""自營商買賣超股數(自行買賣)"":""0"",""自營商買進股數(避險)"":""253,351"",""自營商賣出股數(避險)"":""512,180"",""自營商買賣超股數(避險)"":""-258,829"",""三大法人買賣超股數"":""-254,629""}"
2026-10-01,TWSE,2609,陽明            ,8453279,8667915,-214636,16000,3000,13000,18353,53232,-54327,"{""證券代號"":""2609"",""證券名稱"":""陽明            "",""外陸資買進股數(不含外資自營商)"":""8,453,279"",""外陸資賣出股數(不含外資自營商)"":""8,667,915"",""外陸資買賣超股數(不含外資自營商)"":""-214,636"",""外資自營商買進股數"":""0"",""外資自營商賣出股數"":""0"",""外資自營商買賣超股數"":""0"",""投信買進股數"":""16,000"",""投信賣出股數"":""3,000"",""投信買賣超股數"":""13,000"",""自營商買賣超股數"":""-54,327"",""自營商買進股數(自行買賣)"":""21,000"",""自營商賣出股數(自行買賣)"":""40,448"",""自營商買賣超股數(自行買賣)"":""-19,448"",""自營商買進股數(避險)"":""18,353"",""自營商賣出股數(避險)"":""53,232"",""自營商買賣超股數(避險)"":""-34,879"",""三大法人買賣超股數"":""-255,963""}"
2026-10-01,TWSE,1611,中電            ,30000,304634,-274634,0,0,0,0,0,18000,"{""證券代號"":""1611"",""證券名稱"":""中電            "",""外陸資買進股數(不含外資自營商)"":""30,000"",""外陸資賣出股數(不含外資自營商)"":""304,634"",""外陸資買賣超股數(不含外資自營商)"":""-274,634"",""外資自營商買進股數"":""0"",""外資自營商賣出股數"":""0"",""外資自營商買賣超股數"":""0"",""投信買進股數"":""0"",""投信賣出股數"":""0"",""投信買賣超股數"":""0"",""自營商買賣超股數"":""18,000"",""自營商買進股數(自行買賣)"":""18,000"",""自營商賣出股數(自行買賣)"":""0"",""自營商買賣超股數(自行買賣)"":""18,000"",""自營商買進股數(避險)"":""0"",""自營商賣出股數(避險)"":""0"",""自營商買賣超股數(避險)"":""0"",""三大法人買賣超股數"":""-256,634""}"
2026-10-01,TWSE,8112,至上            ,584254,1517198,-932944,700000,0,700000,36519,48043,-26030,"{""證券代號"":""8112"",""證券名稱"":""至上            "",""外陸資買進股數(不含外資自營商)"":""584,254"",""外陸資賣出股數(不含外資自營商)"":""1,517,198"",""外陸資買賣超股數(不含外資自營商)"":""-932,944"",""外資自營商買進股數"":""0"",""外資自營商賣出股數"":""0"",""外資自營商買賣超股數"":""0"",""投信買進股數"":""700,000"",""投信賣出股數"":""0"",""投信買賣超股數"":""700,000"",""自營商買賣超股數"":""-26,030"",""自營商買進股數(自行買賣)"":""69,000"",""自營商賣出股數(自行買賣)"":""83,506"",""自營商買賣超股數(自行買賣)"":""-14,506"",""自營商買進股數(避險)"":""36,519"",""自營商賣出股數(避險)"":""48,043"",""自營商買賣超股數(避險)"":""-11,524"",""三大法人買賣超股數"":""-258,974""}"
2026-10-01,TWSE,2383,台光電          ,562820,764690,-201870,34000,100000,-66000,62297,55375,8861,"{""證券代號"":""2383"",""證券名稱"":""台光電          "",""外陸資買進股數(不含外資自營商)"":""562,820"",""外陸資賣出股數(不含外資自營商)"":""764,690"",""外陸資買賣超股數(不含外資自營商)"":""-201,870"",""外資自營商買進股數"":""0"",""外資自營商賣出股數"":""0"",""外資自營商買賣超股數"":""0"",""投信買進股數"":""34,000"",""投信賣出股數"":""100,000"",""投信買賣超股數"":""-66,000"",""自營商買賣超股數"":""8,861"",""自營商買進股數(自行買賣)"":""16,300"",""自營商賣出股數(自行買賣)"":""14,361"",""自營商買賣超股數(自行買賣)"":""1,939"",""自營商買進股數(避險)"":""62,297"",""自營商賣出股數(避險)"":""55,375"",""自營商買賣超股數(避險)"":""6,922"",""三大法人買賣超股數"":""-259,009""}"
2026-10-01,TWSE,9939,宏全            ,228241,488976,-260735,0,0,0,3000,5509,-1693,"{""證券代號"":""9939"",""證券名稱"":""宏全            "",""外陸資買進股數(不含外資自營商)"":""228,241"",""外陸資賣出股數(不含外資自營商)"":""488,976"",""外陸資買賣超股數(不含外資自營商)"":""-260,735"",""外資自營商買進股數"":""0"",""外資自營商賣出股數"":""0"",""外資自營商買賣超股數"":""0"",""投信買進股數"":""0"",""投信賣出股數"":""0"",""投信買賣超股數"":""0"",""自營商買賣超股數"":""-1,693"",""自營商買進股數(自行買賣)"":""8,000"",""自營商賣出股數(自行買賣)"":""7,184"",""自營商買賣超股數(自行買賣)"":""816"",""自營商買進股數(避險)"":""3,000"",""自營商賣出股數(避險)"":""5,509"",""自營商買賣超股數(避險)"":""-2,509"",""三大法人買賣超股數"":""-262,428""}"
2026-10-01,TWSE,2351,順德            ,1040508,1358409,-317901,21000,0,21000,46896,26707,30189,"{""證券代號"":""2351"",""證券名稱"":""順德            "",""外陸資買進股數(不含外資自營商)"":""1,040,508"",""外陸資賣出股數(不含外資自營商)"":""1,358,409"",""外陸資買賣超股數(不含外資自營商)"":""-317,901"",""外資自營商買進股數"":""0"",""外資自營商賣出股數"":""0"",""外資自營商買賣超股數"":""0"",""投信買進股數"":""21,000"",""投信賣出股數"":""0"",""投信買賣超股數"":""21,000"",""自營商買賣超股數"":""30,189"",""自營商買進股數(自行買賣)"":""11,000"",""自營商賣出股數(自行買賣)"":""1,000"",""自營商買賣超股數(自行買賣)"":""10,000"",""自營商買進股數(避險)"":""46,896"",""自營商賣出股數(避險)"":""26,707"",""自營商買賣超股數(避險)"":""20,189"",""三大法人買賣超股數"":""-266,712""}"
2026-10-01,TWSE,4764,雙鍵            ,234529,424312,-189783,0,79151,-79151,13024,13997,27,"{""證券代號"":""4764"",""證券名稱"":""雙鍵            "",""外陸資買進股數(不含外資自營商)"":""234,529"",""外陸資賣出股數(不含外資自營商)"":""424,312"",""外陸資買賣超股數(不含外資自營商)"":""-189,783"",""外資自營商買進股數"":""0"",""外資自營商賣出股數"":""0"",""外資自營商買賣超股數"":""0"",""投信買進股數"":""0"",""投信賣出股數"":""79,151"",""投信買賣超股數"":""-79,151"",""自營商買賣超股數"":""27"",""自營商買進股數(自行買賣)"":""1,000"",""自營商賣出股數(自行買賣)"":""0"",""自營商買賣超股數(自行買賣)"":""1,000"",""自營商買進股數(避險)"":""13,024"",""自營商賣出股數(避險)"":""13,997"",""自營商買賣超股數(避險)"":""-973"",""三大法人買賣超股數"":""-268,907""}"
2026-10-01,TWSE,6789,采鈺            ,414928,636626,-221698,2000,0,2000,9671,59626,-49955,"{""證券代號"":""6789"",""證券名稱"":""采鈺            "",""外陸資買進股數(不含外資自營商)"":""414,928"",""外陸資賣出股數(不含外資自營商)"":""636,626"",""外陸資買賣超股數(不含外資自營商)"":""-221,698"",""外資自營商買進股數"":""0"",""外資自營商賣出股數"":""0"",""外資自營商買賣超股數"":""0"",""投信買進股數"":""2,000"",""投信賣出股數"":""0"",""投信買賣超股數"":""2,000"",""自營商買賣超股數"":""-49,955"",""自營商買進股數(自行買賣)"":""0"",""自營商賣出股數(自行買賣)"":""0"",""自營商買賣超股數(自行買賣)"":""0"",""自營商買進股數(避險)"":""9,671"",""自營商賣出股數(避險)"":""59,626"",""自營商買賣超股數(避險)"":""-49,955"",""三大法人買賣超股數"":""-269,653""}"
2026-10-01,TWSE,2442,新美齊          ,56000,327000,-271000,0,0,0,0,0,0,"{""證券代號"":""2442"",""證券名稱"":""新美齊          "",""外陸資買進股數(不含外資自營商)"":""56,000"",""外陸資賣出股數(不含外資自營商)"":""327,000"",""外陸資買賣超股數(不含外資自營商)"":""-271,000"",""外資自營商買進股數"":""0"",""外資自營商賣出股數"":""0"",""外資自營商買賣超股數"":""0"",""投信買進股數"":""0"",""投信賣出股數"":""0"",""投信買賣超股數"":""0"",""自營商買賣超股數"":""0"",""自營商買進股數(自行買賣)"":""0"",""自營商賣出股數(自行買賣)"":""0"",""自營商買賣超股數(自行買賣)"":""0"",""自營商買進股數(避險)"":""0"",""自營商賣出股數(避險)"":""0"",""自營商買賣超股數(避險)"":""0"",""三大法人買賣超股數"":""-271,000""}"
2026-10-01,TWSE,3596,智易            ,148349,437000,-288651,0,0,0,2000,1222,16835,"{""證券代號"":""3596"",""證券名稱"":""智易            "",""外陸資買進股數(不含外資自營商)"":""148,349"",""外陸資賣出股數(不含外資自營商)"":""437,000"",""外陸資買賣超股數(不含外資自營商)"":""-288,651"",""外資自營商買進股數"":""0"",""外資自營商賣出股數"":""0"",""外資自營商買賣超股數"":""0"",""投信買進股數"":""0"",""投信賣出股數"":""0"",""投信買賣超股數"":""0"",""自營商買賣超股數"":""16,835"",""自營商買進股數(自行買賣)"":""24,000"",""自營商賣出股數(自行買賣)"":""7,943"",""自營商買賣超股數(自行買賣)"":""16,057"",""自營商買進股數(避險)"":""2,000"",""自營商賣出股數(避險)"":""1,222"",""自營商買賣超股數(避險)"":""778"",""三大法人買賣超股數"":""-271,816""}"
2026-10-01,TWSE,2548,華固            ,125294,288150,-162856,0,0,0,0,0,-109144,"{""證券代號"":""2548"",""證券名稱"":""華固            "",""外陸資買進股數(不含外資自營商)"":""125,294"",""外陸資賣出股數(不含外資自營商)"":""288,150"",""外陸資買賣超股數(不含外資自營商)"":""-162,856"",""外資自營商買進股數"":""0"",""外資自營商賣出股數"":""0"",""外資自營商買賣超股數"":""0"",""投信買進股數"":""0"",""投信賣出股數"":""0"",""投信買賣超股數"":""0"",""自營商買賣超股數"":""-109,144"",""自營商買進股數(自行買賣)"":""18,000"",""自營商賣出股數(自行買賣)"":""127,144"",""自營商買賣超股數(自行買賣)"":""-109,144"",""自營商買進股數(避險)"":""0"",""自營商賣出股數(避險)"":""0"",""自營商買賣超股數(避險)"":""0"",""三大法人買賣超股數"":""-272,000""}"
2026-10-01,TWSE,6933,AMAX-KY         ,625904,902000,-276096,0,0,0,15994,22271,1727,"{""證券代號"":""6933"",""證券名稱"":""AMAX-KY         "",""外陸資買進股數(不含外資自營商)"":""625,904"",""外陸資賣出股數(不含外資自營商)"":""902,000"",""外陸資買賣超股數(不含外資自營商)"":""-276,096"",""外資自營商買進股數"":""0"",""外資自營商賣出股數"":""0"",""外資自營商買賣超股數"":""0"",""投信買進股數"":""0"",""投信賣出股數"":""0"",""投信買賣超股數"":""0"",""自營商買賣超股數"":""1,727"",""自營商買進股數(自行買賣)"":""8,004"",""自營商賣出股數(自行買賣)"":""0"",""自營商買賣超股數(自行買賣)"":""8,004"",""自營商買進股數(避險)"":""15,994"",""自營商賣出股數(避險)"":""22,271"",""自營商買賣超股數(避險)"":""-6,277"",""三大法人買賣超股數"":""-274,369""}"
2026-10-01,TWSE,6282,康舒            ,742674,1092665,-349991,0,0,0,10073,21025,73048,"{""證券代號"":""6282"",""證券名稱"":""康舒            "",""外陸資買進股數(不含外資自營商)"":""742,674"",""外陸資賣出股數(不含外資自營商)"":""1,092,665"",""外陸資買賣超股數(不含外資自營商)"":""-349,991"",""外資自營商買進股數"":""0"",""外資自營商賣出股數"":""0"",""外資自營商買賣超股數"":""0"",""投信買進股數"":""0"",""投信賣出股數"":""0"",""投信買賣超股數"":""0"",""自營商買賣超股數"":""73,048"",""自營商買進股數(自行買賣)"":""116,000"",""自營商賣出股數(自行買賣)"":""32,000"",""自營商買賣超股數(自行買賣)"":""84,000"",""自營商買進股數(避險)"":""10,073"",""自營商賣出股數(避險)"":""21,025"",""自營商買賣超股數(避險)"":""-10,952"",""三大法人買賣超股數"":""-276,943""}"
2026-10-01,TWSE,6133,金橋            ,2720150,3003702,-283552,37,0,37,0,0,0,"{""證券代號"":""6133"",""證券名稱"":""金橋            "",""外陸資買進股數(不含外資自營商)"":""2,720,150"",""外陸資賣出股數(不含外資自營商)"":""3,003,702"",""外陸資買賣超股數(不含外資自營商)"":""-283,552"",""外資自營商買進股數"":""0"",""外資自營商賣出股數"":""0"",""外資自營商買賣超股數"":""0"",""投信買進股數"":""37"",""投信賣出股數"":""0"",""投信買賣超股數"":""37"",""自營商買賣超股數"":""0"",""自營商買進股數(自行買賣)"":""0"",""自營商賣出股數(自行買賣)"":""0"",""自營商買賣超股數(自行買賣)"":""0"",""自營商買進股數(避險)"":""0"",""自營商賣出股數(避險)"":""0"",""自營商買賣超股數(避險)"":""0"",""三大法人買賣超股數"":""-283,515""}"
2026-10-01,TWSE,6669,緯穎            ,508827,516278,-7451,12000,313000,-301000,19360,6294,20673,"{""證券代號"":""6669"",""證券名稱"":""緯穎            "",""外陸資買進股數(不含外資自營商)"":""508,827"",""外陸資賣出股數(不含外資自營商)"":""516,278"",""外陸資買賣超股數(不含外資自營商)"":""-7,451"",""外資自營商買進股數"":""0"",""外資自營商賣出股數"":""0"",""外資自營商買賣超股數"":""0"",""投信買進股數"":""12,000"",""投信賣出股數"":""313,000"",""投信買賣超股數"":""-301,000"",""自營商買賣超股數"":""20,673"",""自營商買進股數(自行買賣)"":""10,200"",""自營商賣出股數(自行買賣)"":""2,593"",""自營商買賣超股數(自行買賣)"":""7,607"",""自營商買進股數(避險)"":""19,360"",""自營商賣出股數(避險)"":""6,294"",""自營商買賣超股數(避險)"":""13,066"",""三大法人買賣超股數"":""-287,778""}"
2026-10-01,TWSE,2027,大成鋼          ,5487009,8287175,-2800166,2209000,0,2209000,266920,50283,301508,"{""證券代號"":""2027"",""證券名稱"":""大成鋼          "",""外陸資買進股數(不含外資自營商)"":""5,487,009"",""外陸資賣出股數(不含外資自營商)"":""8,287,175"",""外陸資買賣超股數(不含外資自營商)"":""-2,800,166"",""外資自營商買進股數"":""0"",""外資自營商賣出股數"":""0"",""外資自營商買賣超股數"":""0"",""投信買進股數"":""2,209,000"",""投信賣出股數"":""0"",""投信買賣超股數"":""2,209,000"",""自營商買賣超股數"":""301,508"",""自營商買進股數(自行買賣)"":""89,000"",""自營商賣出股數(自行買賣)"":""4,129"",""自營商買賣超股數(自行買賣)"":""84,871"",""自營商買進股數(避險)"":""266,920"",""自營商賣出股數(避險)"":""50,283"",""自營商買賣超股數(避險)"":""216,637"",""三大法人買賣超股數"":""-289,658""}"
2026-10-01,TWSE,6257,矽格            ,2985107,4223852,-1238745,682000,0,682000,180437,98666,264697,"{""證券代號"":""6257"",""證券名稱"":""矽格            "",""外陸資買進股數(不含外資自營商)"":""2,985,107"",""外陸資賣出股數(不含外資自營商)"":""4,223,852"",""外陸資買賣超股數(不含外資自營商)"":""-1,238,745"",""外資自營商買進股數"":""0"",""外資自營商賣出股數"":""0"",""外資自營商買賣超股數"":""0"",""投信買進股數"":""682,000"",""投信賣出股數"":""0"",""投信買賣超股數"":""682,000"",""自營商買賣超股數"":""264,697"",""自營商買進股數(自行買賣)"":""259,000"",""自營商賣出股數(自行買賣)"":""76,074"",""自營商買賣超股數(自行買賣)"":""182,926"",""自營商買進股數(避險)"":""180,437"",""自營商賣出股數(避險)"":""98,666"",""自營商買賣超股數(避險)"":""81,771"",""三大法人買賣超股數"":""-292,048""}"
2026-10-01,TWSE,9941,裕融            ,372080,305736,66344,200000,552500,-352500,4000,7179,-9427,"{""證券代號"":""9941"",""證券名稱"":""裕融            "",""外陸資買進股數(不含外資自營商)"":""372,080"",""外陸資賣出股數(不含外資自營商)"":""305,736"",""外陸資買賣超股數(不含外資自營商)"":""66,344"",""外資自營商買進股數"":""0"",""外資自營商賣出股數"":""0"",""外資自營商買賣超股數"":""0"",""投信買進股數"":""200,000"",""投信賣出股數"":""552,500"",""投信買賣超股數"":""-352,500"",""自營商買賣超股數"":""-9,427"",""自營商買進股數(自行買賣)"":""87,000"",""自營商賣出股數(自行買賣)"":""93,248"",""自營商買賣超股數(自行買賣)"":""-6,248"",""自營商買進股數(避險)"":""4,000"",""自營商賣出股數(避險)"":""7,179"",""自營商買賣超股數(避險)"":""-3,179"",""三大法人買賣超股數"":""-295,583""}"
2026-10-01,TWSE,2547,日勝生          ,44000,361000,-317000,7704,0,7704,0,0,13000,"{""證券代號"":""2547"",""證券名稱"":""日勝生          "",""外陸資買進股數(不含外資自營商)"":""44,000"",""外陸資賣出股數(不含外資自營商)"":""361,000"",""外陸資買賣超股數(不含外資自營商)"":""-317,000"",""外資自營商買進股數"":""0"",""外資自營商賣出股數"":""0"",""外資自營商買賣超股數"":""0"",""投信買進股數"":""7,704"",""投信賣出股數"":""0"",""投信買賣超股數"":""7,704"",""自營商買賣超股數"":""13,000"",""自營商買進股數(自行買賣)"":""13,000"",""自營商賣出股數(自行買賣)"":""0"",""自營商買賣超股數(自行買賣)"":""13,000"",""自營商買進股數(避險)"":""0"",""自營商賣出股數(避險)"":""0"",""自營商買賣超股數(避險)"":""0"",""三大法人買賣超股數"":""-296,296""}"
2026-10-01,TWSE,9927,泰銘            ,37000,187000,-150000,0,0,0,0,0,-149000,"{""證券代號"":""9927"",""證券名稱"":""泰銘            "",""外陸資買進股數(不含外資自營商)"":""37,000"",""外陸資賣出股數(不含外資自營商)"":""187,000"",""外陸資買賣超股數(不含外資自營商)"":""-150,000"",""外資自營商買進股數"":""0"",""外資自營商賣出股數"":""0"",""外資自營商買賣超股數"":""0"",""投信買進股數"":""0"",""投信賣出股數"":""0"",""投信買賣超股數"":""0"",""自營商買賣超股數"":""-149,000"",""自營商買進股數(自行買賣)"":""0"",""自營商賣出股數(自行買賣)"":""149,000"",""自營商買賣超股數(自行買賣)"":""-149,000"",""自營商買進股數(避險)"":""0"",""自營商賣出股數(避險)"":""0"",""自營商買賣超股數(避險)"":""0"",""三大法人買賣超股數"":""-299,000""}"
2026-10-01,TWSE,3592,瑞鼎            ,214000,523089,-309089,0,0,0,2000,7295,5705,"{""證券代號"":""3592"",""證券名稱"":""瑞鼎            "",""外陸資買進股數(不含外資自營商)"":""214,000"",""外陸資賣出股數(不含外資自營商)"":""523,089"",""外陸資買賣超股數(不含外資自營商)"":""-309,089"",""外資自營商買進股數"":""0"",""外資自營商賣出股數"":""0"",""外資自營商買賣超股數"":""0"",""投信買進股數"":""0"",""投信賣出股數"":""0"",""投信買賣超股數"":""0"",""自營商買賣超股數"":""5,705"",""自營商買進股數(自行買賣)"":""11,000"",""自營商賣出股數(自行買賣)"":""0"",""自營商買賣超股數(自行買賣)"":""11,000"",""自營商買進股數(避險)"":""2,000"",""自營商賣出股數(避險)"":""7,295"",""自營商買賣超股數(避險)"":""-5,295"",""三大法人買賣超股數"":""-303,384""}"
2026-10-01,TWSE,3021,鴻名            ,171169,481010,-309841,7,0,7,0,0,0,"{""證券代號"":""3021"",""證券名稱"":""鴻名            "",""外陸資買進股數(不含外資自營商)"":""171,169"",""外陸資賣出股數(不含外資自營商)"":""481,010"",""外陸資買賣超股數(不含外資自營商)"":""-309,841"",""外資自營商買進股數"":""0"",""外資自營商賣出股數"":""0"",""外資自營商買賣超股數"":""0"",""投信買進股數"":""7"",""投信賣出股數"":""0"",""投信買賣超股數"":""7"",""自營商買賣超股數"":""0"",""自營商買進股數(自行買賣)"":""0"",""自營商賣出股數(自行買賣)"":""0"",""自營商買賣超股數(自行買賣)"":""0"",""自營商買進股數(避險)"":""0"",""自營商賣出股數(避險)"":""0"",""自營商買賣超股數(避險)"":""0"",""三大法人買賣超股數"":""-309,834""}"
2026-10-01,TWSE,6202,盛群            ,843145,1173752,-330607,0,0,0,23421,13760,19671,"{""證券代號"":""6202"",""證券名稱"":""盛群            "",""外陸資買進股數(不含外資自營商)"":""843,145"",""外陸資賣出股數(不含外資自營商)"":""1,173,752"",""外陸資買賣超股數(不含外資自營商)"":""-330,607"",""外資自營商買進股數"":""0"",""外資自營商賣出股數"":""0"",""外資自營商買賣超股數"":""0"",""投信買進股數"":""0"",""投信賣出股數"":""0"",""投信買賣超股數"":""0"",""自營商買賣超股數"":""19,671"",""自營商買進股數(自行買賣)"":""10,010"",""自營商賣出股數(自行買賣)"":""0"",""自營商買賣超股數(自行買賣)"":""10,010"",""自營商買進股數(避險)"":""23,421"",""自營商賣出股數(避險)"":""13,760"",""自營商買賣超股數(避險)"":""9,661"",""三大法人買賣超股數"":""-310,936""}"
2026-10-01,TWSE,1442,名軒            ,166000,483000,-317000,0,0,0,0,0,5000,"{""證券代號"":""1442"",""證券名稱"":""名軒            "",""外陸資買進股數(不含外資自營商)"":""166,000"",""外陸資賣出股數(不含外資自營商)"":""483,000"",""外陸資買賣超股數(不含外資自營商)"":""-317,000"",""外資自營商買進股數"":""0"",""外資自營商賣出股數"":""0"",""外資自營商買賣超股數"":""0"",""投信買進股數"":""0"",""投信賣出股數"":""0"",""投信買賣超股數"":""0"",""自營商買賣超股數"":""5,000"",""自營商買進股數(自行買賣)"":""8,000"",""自營商賣出股數(自行買賣)"":""3,000"",""自營商買賣超股數(自行買賣)"":""5,000"",""自營商買進股數(避險)"":""0"",""自營商賣出股數(避險)"":""0"",""自營商買賣超股數(避險)"":""0"",""三大法人買賣超股數"":""-312,000""}"
2026-10-01,TWSE,2413,環科            ,488308,801801,-313493,0,0,0,2180,2485,-305,"{""證券代號"":""2413"",""證券名稱"":""環科            "",""外陸資買進股數(不含外資自營商)"":""488,308"",""外陸資賣出股數(不含外資自營商)"":""801,801"",""外陸資買賣超股數(不含外資自營商)"":""-313,493"",""外資自營商買進股數"":""0"",""外資自營商賣出股數"":""0"",""外資自營商買賣超股數"":""0"",""投信買進股數"":""0"",""投信賣出股數"":""0"",""投信買賣超股數"":""0"",""自營商買賣超股數"":""-305"",""自營商買進股數(自行買賣)"":""1,000"",""自營商賣出股數(自行買賣)"":""1,000"",""自營商買賣超股數(自行買賣)"":""0"",""自營商買進股數(避險)"":""2,180"",""自營商賣出股數(避險)"":""2,485"",""自營商買賣超股數(避險)"":""-305"",""三大法人買賣超股數"":""-313,798""}"
2026-10-01,TWSE,5534,長虹            ,69424,151000,-81576,0,252500,-252500,0,139,15845,"{""證券代號"":""5534"",""證券名稱"":""長虹            "",""外陸資買進股數(不含外資自營商)"":""69,424"",""外陸資賣出股數(不含外資自營商)"":""151,000"",""外陸資買賣超股數(不含外資自營商)"":""-81,576"",""外資自營商買進股數"":""0"",""外資自營商賣出股數"":""0"",""外資自營商買賣超股數"":""0"",""投信買進股數"":""0"",""投信賣出股數"":""252,500"",""投信買賣超股數"":""-252,500"",""自營商買賣超股數"":""15,845"",""自營商買進股數(自行買賣)"":""24,000"",""自營商賣出股數(自行買賣)"":""8,016"",""自營商買賣超股數(自行買賣)"":""15,984"",""自營商買進股數(避險)"":""0"",""自營商賣出股數(避險)"":""139"",""自營商買賣超股數(避險)"":""-139"",""三大法人買賣超股數"":""-318,231""}"
2026-10-01,TWSE,1316,上曜            ,184700,505000,-320300,0,0,0,0,0,0,"{""證券代號"":""1316"",""證券名稱"":""上曜            "",""外陸資買進股數(不含外資自營商)"":""184,700"",""外陸資賣出股數(不含外資自營商)"":""505,000"",""外陸資買賣超股數(不含外資自營商)"":""-320,300"",""外資自營商買進股數"":""0"",""外資自營商賣出股數"":""0"",""外資自營商買賣超股數"":""0"",""投信買進股數"":""0"",""投信賣出股數"":""0"",""投信買賣超股數"":""0"",""自營商買賣超股數"":""0"",""自營商買進股數(自行買賣)"":""0"",""自營商賣出股數(自行買賣)"":""0"",""自營商買賣超股數(自行買賣)"":""0"",""自營商買進股數(避險)"":""0"",""自營商賣出股數(避險)"":""0"",""自營商買賣超股數(避險)"":""0"",""三大法人買賣超股數"":""-320,300""}"
2026-10-01,TWSE,1519,華城            ,145986,466345,-320359,0,0,0,1000,7685,-5711,"{""證券代號"":""1519"",""證券名稱"":""華城            "",""外陸資買進股數(不含外資自營商)"":""145,986"",""外陸資賣出股數(不含外資自營商)"":""466,345"",""外陸資買賣超股數(不含外資自營商)"":""-320,359"",""外資自營商買進股數"":""0"",""外資自營商賣出股數"":""0"",""外資自營商買賣超股數"":""0"",""投信買進股數"":""0"",""投信賣出股數"":""0"",""投信買賣超股數"":""0"",""自營商買賣超股數"":""-5,711"",""自營商買進股數(自行買賣)"":""3,000"",""自營商賣出股數(自行買賣)"":""2,026"",""自營商買賣超股數(自行買賣)"":""974"",""自營商買進股數(避險)"":""1,000"",""自營商賣出股數(避險)"":""7,685"",""自營商買賣超股數(避險)"":""-6,685"",""三大法人買賣超股數"":""-326,070""}"
2026-10-01,TWSE,8271,宇瞻            ,45206,373000,-327794,0,0,0,2000,4040,-2040,"{""證券代號"":""8271"",""證券名稱"":""宇瞻            "",""外陸資買進股數(不含外資自營商)"":""45,206"",""外陸資賣出股數(不含外資自營商)"":""373,000"",""外陸資買賣超股數(不含外資自營商)"":""-327,794"",""外資自營商買進股數"":""0"",""外資自營商賣出股數"":""0"",""外資自營商買賣超股數"":""0"",""投信買進股數"":""0"",""投信賣出股數"":""0"",""投信買賣超股數"":""0"",""自營商買賣超股數"":""-2,040"",""自營商買進股數(自行買賣)"":""0"",""自營商賣出股數(自行買賣)"":""0"",""自營商買賣超股數(自行買賣)"":""0"",""自營商買進股數(避險)"":""2,000"",""自營商賣出股數(避險)"":""4,040"",""自營商買賣超股數(避險)"":""-2,040"",""三大法人買賣超股數"":""-329,834""}"
2026-10-01,TWSE,6919,康霈*           ,362649,693827,-331178,0,0,0,4000,8875,-4875,"{""證券代號"":""6919"",""證券名稱"":""康霈*           "",""外陸資買進股數(不含外資自營商)"":""362,649"",""外陸資賣出股數(不含外資自營商)"":""693,827"",""外陸資買賣超股數(不含外資自營商)"":""-331,178"",""外資自營商買進股數"":""0"",""外資自營商賣出股數"":""0"",""外資自營商買賣超股數"":""0"",""投信買進股數"":""0"",""投信賣出股數"":""0"",""投信買賣超股數"":""0"",""自營商買賣超股數"":""-4,875"",""自營商買進股數(自行買賣)"":""0"",""自營商賣出股數(自行買賣)"":""0"",""自營商買賣超股數(自行買賣)"":""0"",""自營商買進股數(避險)"":""4,000"",""自營商賣出股數(避險)"":""8,875"",""自營商買賣超股數(避險)"":""-4,875"",""三大法人買賣超股數"":""-336,053""}"
2026-10-01,TWSE,4551,智伸科          ,421120,756681,-335561,0,0,0,9001,9071,-1070,"{""證券代號"":""4551"",""證券名稱"":""智伸科          "",""外陸資買進股數(不含外資自營商)"":""421,120"",""外陸資賣出股數(不含外資自營商)"":""756,681"",""外陸資買賣超股數(不含外資自營商)"":""-335,561"",""外資自營商買進股數"":""0"",""外資自營商賣出股數"":""0"",""外資自營商買賣超股數"":""0"",""投信買進股數"":""0"",""投信賣出股數"":""0"",""投信買賣超股數"":""0"",""自營商買賣超股數"":""-1,070"",""自營商買進股數(自行買賣)"":""5,000"",""自營商賣出股數(自行買賣)"":""6,000"",""自營商買賣超股數(自行買賣)"":""-1,000"",""自營商買進股數(避險)"":""9,001"",""自營商賣出股數(避險)"":""9,071"",""自營商買賣超股數(避險)"":""-70"",""三大法人買賣超股數"":""-336,631""}"
2026-10-01,TWSE,1612,宏泰            ,41879,409000,-367121,0,0,0,0,340,29840,"{""證券代號"":""1612"",""證券名稱"":""宏泰            "",""外陸資買進股數(不含外資自營商)"":""41,879"",""外陸資賣出股數(不含外資自營商)"":""409,000"",""外陸資買賣超股數(不含外資自營商)"":""-367,121"",""外資自營商買進股數"":""0"",""外資自營商賣出股數"":""0"",""外資自營商買賣超股數"":""0"",""投信買進股數"":""0"",""投信賣出股數"":""0"",""投信買賣超股數"":""0"",""自營商買賣超股數"":""29,840"",""自營商買進股數(自行買賣)"":""31,000"",""自營商賣出股數(自行買賣)"":""820"",""自營商買賣超股數(自行買賣)"":""30,180"",""自營商買進股數(避險)"":""0"",""自營商賣出股數(避險)"":""340"",""自營商買賣超股數(避險)"":""-340"",""三大法人買賣超股數"":""-337,281""}"
2026-10-01,TWSE,6443,元晶            ,583608,924763,-341155,0,0,0,0,0,702,"{""證券代號"":""6443"",""證券名稱"":""元晶            "",""外陸資買進股數(不含外資自營商)"":""583,608"",""外陸資賣出股數(不含外資自營商)"":""924,763"",""外陸資買賣超股數(不含外資自營商)"":""-341,155"",""外資自營商買進股數"":""0"",""外資自營商賣出股數"":""0"",""外資自營商買賣超股數"":""0"",""投信買進股數"":""0"",""投信賣出股數"":""0"",""投信買賣超股數"":""0"",""自營商買賣超股數"":""702"",""自營商買進股數(自行買賣)"":""1,000"",""自營商賣出股數(自行買賣)"":""298"",""自營商買賣超股數(自行買賣)"":""702"",""自營商買進股數(避險)"":""0"",""自營商賣出股數(避險)"":""0"",""自營商買賣超股數(避險)"":""0"",""三大法人買賣超股數"":""-340,453""}"
2026-10-01,TWSE,1201,味全            ,27000,358000,-331000,0,0,0,0,0,-11000,"{""證券代號"":""1201"",""證券名稱"":""味全            "",""外陸資買進股數(不含外資自營商)"":""27,000"",""外陸資賣出股數(不含外資自營商)"":""358,000"",""外陸資買賣超股數(不含外資自營商)"":""-331,000"",""外資自營商買進股數"":""0"",""外資自營商賣出股數"":""0"",""外資自營商買賣超股數"":""0"",""投信買進股數"":""0"",""投信賣出股數"":""0"",""投信買賣超股數"":""0"",""自營商買賣超股數"":""-11,000"",""自營商買進股數(自行買賣)"":""34,000"",""自營商賣出股數(自行買賣)"":""45,000"",""自營商買賣超股數(自行買賣)"":""-11,000"",""自營商買進股數(避險)"":""0"",""自營商賣出股數(避險)"":""0"",""自營商買賣超股數(避險)"":""0"",""三大法人買賣超股數"":""-342,000""}"
2026-10-01,TWSE,1308,亞聚            ,100522,436676,-336154,0,0,0,0,10814,-9814,"{""證券代號"":""1308"",""證券名稱"":""亞聚            "",""外陸資買進股數(不含外資自營商)"":""100,522"",""外陸資賣出股數(不含外資自營商)"":""436,676"",""外陸資買賣超股數(不含外資自營商)"":""-336,154"",""外資自營商買進股數"":""0"",""外資自營商賣出股數"":""0"",""外資自營商買賣超股數"":""0"",""投信買進股數"":""0"",""投信賣出股數"":""0"",""投信買賣超股數"":""0"",""自營商買賣超股數"":""-9,814"",""自營商買進股數(自行買賣)"":""1,000"",""自營商賣出股數(自行買賣)"":""0"",""自營商買賣超股數(自行買賣)"":""1,000"",""自營商買進股數(避險)"":""0"",""自營商賣出股數(避險)"":""10,814"",""自營商買賣超股數(避險)"":""-10,814"",""三大法人買賣超股數"":""-345,968""}"
2026-10-01,TWSE,009826,貝萊德世界股票  ,32198,10000,22198,0,0,0,1874000,2248078,-374078,"{""證券代號"":""009826"",""證券名稱"":""貝萊德世界股票  "",""外陸資買進股數(不含外資自營商)"":""32,198"",""外陸資賣出股數(不含外資自營商)"":""10,000"",""外陸資買賣超股數(不含外資自營商)"":""22,198"",""外資自營商買進股數"":""0"",""外資自營商賣出股數"":""0"",""外資自營商買賣超股數"":""0"",""投信買進股數"":""0"",""投信賣出股數"":""0"",""投信買賣超股數"":""0"",""自營商買賣超股數"":""-374,078"",""自營商買進股數(自行買賣)"":""0"",""自營商賣出股數(自行買賣)"":""0"",""自營商買賣超股數(自行買賣)"":""0"",""自營商買進股數(避險)"":""1,874,000"",""自營商賣出股數(避險)"":""2,248,078"",""自營商買賣超股數(避險)"":""-374,078"",""三大法人買賣超股數"":""-351,880""}"
2026-10-01,TWSE,009802,富邦旗艦50      ,185246,198000,-12754,0,0,0,587177,922848,-340671,"{""證券代號"":""009802"",""證券名稱"":""富邦旗艦50      "",""外陸資買進股數(不含外資自營商)"":""185,246"",""外陸資賣出股數(不含外資自營商)"":""198,000"",""外陸資買賣超股數(不含外資自營商)"":""-12,754"",""外資自營商買進股數"":""0"",""外資自營商賣出股數"":""0"",""外資自營商買賣超股數"":""0"",""投信買進股數"":""0"",""投信賣出股數"":""0"",""投信買賣超股數"":""0"",""自營商買賣超股數"":""-340,671"",""自營商買進股數(自行買賣)"":""0"",""自營商賣出股數(自行買賣)"":""5,000"",""自營商買賣超股數(自行買賣)"":""-5,000"",""自營商買進股數(避險)"":""587,177"",""自營商賣出股數(避險)"":""922,848"",""自營商買賣超股數(避險)"":""-335,671"",""三大法人買賣超股數"":""-353,425""}"
2026-10-01,TWSE,3406,玉晶光          ,1841086,2236441,-395355,15000,4000,11000,127457,59348,29174,"{""證券代號"":""3406"",""證券名稱"":""玉晶光          "",""外陸資買進股數(不含外資自營商)"":""1,841,086"",""外陸資賣出股數(不含外資自營商)"":""2,236,441"",""外陸資買賣超股數(不含外資自營商)"":""-395,355"",""外資自營商買進股數"":""0"",""外資自營商賣出股數"":""0"",""外資自營商買賣超股數"":""0"",""投信買進股數"":""15,000"",""投信賣出股數"":""4,000"",""投信買賣超股數"":""11,000"",""自營商買賣超股數"":""29,174"",""自營商買進股數(自行買賣)"":""128,400"",""自營商賣出股數(自行買賣)"":""167,335"",""自營商買賣超股數(自行買賣)"":""-38,935"",""自營商買進股數(避險)"":""127,457"",""自營商賣出股數(避險)"":""59,348"",""自營商買賣超股數(避險)"":""68,109"",""三大法人買賣超股數"":""-355,181""}"
2026-10-01,TWSE,4916,事欣科          ,237672,589250,-351578,0,0,0,4000,19503,-15503,"{""證券代號"":""4916"",""證券名稱"":""事欣科          "",""外陸資買進股數(不含外資自營商)"":""237,672"",""外陸資賣出股數(不含外資自營商)"":""589,250"",""外陸資買賣超股數(不含外資自營商)"":""-351,578"",""外資自營商買進股數"":""0"",""外資自營商賣出股數"":""0"",""外資自營商買賣超股數"":""0"",""投信買進股數"":""0"",""投信賣出股數"":""0"",""投信買賣超股數"":""0"",""自營商買賣超股數"":""-15,503"",""自營商買進股數(自行買賣)"":""0"",""自營商賣出股數(自行買賣)"":""0"",""自營商買賣超股數(自行買賣)"":""0"",""自營商買進股數(避險)"":""4,000"",""自營商賣出股數(避險)"":""19,503"",""自營商買賣超股數(避險)"":""-15,503"",""三大法人買賣超股數"":""-367,081""}"
2026-10-01,TWSE,2402,毅嘉            ,161991,454000,-292009,0,0,0,21000,102502,-76978,"{""證券代號"":""2402"",""證券名稱"":""毅嘉            "",""外陸資買進股數(不含外資自營商)"":""161,991"",""外陸資賣出股數(不含外資自營商)"":""454,000"",""外陸資買賣超股數(不含外資自營商)"":""-292,009"",""外資自營商買進股數"":""0"",""外資自營商賣出股數"":""0"",""外資自營商買賣超股數"":""0"",""投信買進股數"":""0"",""投信賣出股數"":""0"",""投信買賣超股數"":""0"",""自營商買賣超股數"":""-76,978"",""自營商買進股數(自行買賣)"":""5,000"",""自營商賣出股數(自行買賣)"":""476"",""自營商買賣超股數(自行買賣)"":""4,524"",""自營商買進股數(避險)"":""21,000"",""自營商賣出股數(避險)"":""102,502"",""自營商買賣超股數(避險)"":""-81,502"",""三大法人買賣超股數"":""-368,987""}"
2026-10-01,TWSE,2461,光群雷          ,59000,455000,-396000,5,0,5,0,0,26000,"{""證券代號"":""2461"",""證券名稱"":""光群雷          "",""外陸資買進股數(不含外資自營商)"":""59,000"",""外陸資賣出股數(不含外資自營商)"":""455,000"",""外陸資買賣超股數(不含外資自營商)"":""-396,000"",""外資自營商買進股數"":""0"",""外資自營商賣出股數"":""0"",""外資自營商買賣超股數"":""0"",""投信買進股數"":""5"",""投信賣出股數"":""0"",""投信買賣超股數"":""5"",""自營商買賣超股數"":""26,000"",""自營商買進股數(自行買賣)"":""27,000"",""自營商賣出股數(自行買賣)"":""1,000"",""自營商買賣超股數(自行買賣)"":""26,000"",""自營商買進股數(避險)"":""0"",""自營商賣出股數(避險)"":""0"",""自營商買賣超股數(避險)"":""0"",""三大法人買賣超股數"":""-369,995""}"
2026-10-01,TWSE,00635U,期元大S&P黃金   ,31969,20000,11969,0,0,0,123000,529405,-400405,"{""證券代號"":""00635U"",""證券名稱"":""期元大S&P黃金   "",""外陸資買進股數(不含外資自營商)"":""31,969"",""外陸資賣出股數(不含外資自營商)"":""20,000"",""外陸資買賣超股數(不含外資自營商)"":""11,969"",""外資自營商買進股數"":""0"",""外資自營商賣出股數"":""0"",""外資自營商買賣超股數"":""0"",""投信買進股數"":""0"",""投信賣出股數"":""0"",""投信買賣超股數"":""0"",""自營商買賣超股數"":""-400,405"",""自營商買進股數(自行買賣)"":""6,000"",""自營商賣出股數(自行買賣)"":""0"",""自營商買賣超股數(自行買賣)"":""6,000"",""自營商買進股數(避險)"":""123,000"",""自營商賣出股數(避險)"":""529,405"",""自營商買賣超股數(避險)"":""-406,405"",""三大法人買賣超股數"":""-388,436""}"
2026-10-01,TWSE,6456,GIS-KY          ,6540968,6459768,81200,0,0,0,35343,391183,-470140,"{""證券代號"":""6456"",""證券名稱"":""GIS-KY          "",""外陸資買進股數(不含外資自營商)"":""6,540,968"",""外陸資賣出股數(不含外資自營商)"":""6,459,768"",""外陸資買賣超股數(不含外資自營商)"":""81,200"",""外資自營商買進股數"":""0"",""外資自營商賣出股數"":""0"",""外資自營商買賣超股數"":""0"",""投信買進股數"":""0"",""投信賣出股數"":""0"",""投信買賣超股數"":""0"",""自營商買賣超股數"":""-470,140"",""自營商買進股數(自行買賣)"":""7,000"",""自營商賣出股數(自行買賣)"":""121,300"",""自營商買賣超股數(自行買賣)"":""-114,300"",""自營商買進股數(避險)"":""35,343"",""自營商賣出股數(避險)"":""391,183"",""自營商買賣超股數(避險)"":""-355,840"",""三大法人買賣超股數"":""-388,940""}"
2026-10-01,TWSE,8210,勤誠            ,449178,684320,-235142,0,163000,-163000,17304,11784,6520,"{""證券代號"":""8210"",""證券名稱"":""勤誠            "",""外陸資買進股數(不含外資自營商)"":""449,178"",""外陸資賣出股數(不含外資自營商)"":""684,320"",""外陸資買賣超股數(不含外資自營商)"":""-235,142"",""外資自營商買進股數"":""0"",""外資自營商賣出股數"":""0"",""外資自營商買賣超股數"":""0"",""投信買進股數"":""0"",""投信賣出股數"":""163,000"",""投信買賣超股數"":""-163,000"",""自營商買賣超股數"":""6,520"",""自營商買進股數(自行買賣)"":""58,000"",""自營商賣出股數(自行買賣)"":""57,000"",""自營商買賣超股數(自行買賣)"":""1,000"",""自營商買進股數(避險)"":""17,304"",""自營商賣出股數(避險)"":""11,784"",""自營商買賣超股數(避險)"":""5,520"",""三大法人買賣超股數"":""-391,622""}"
2026-10-01,TWSE,4306,炎洲            ,88000,495789,-407789,0,0,0,0,0,8000,"{""證券代號"":""4306"",""證券名稱"":""炎洲            "",""外陸資買進股數(不含外資自營商)"":""88,000"",""外陸資賣出股數(不含外資自營商)"":""495,789"",""外陸資買賣超股數(不含外資自營商)"":""-407,789"",""外資自營商買進股數"":""0"",""外資自營商賣出股數"":""0"",""外資自營商買賣超股數"":""0"",""投信買進股數"":""0"",""投信賣出股數"":""0"",""投信買賣超股數"":""0"",""自營商買賣超股數"":""8,000"",""自營商買進股數(自行買賣)"":""8,000"",""自營商賣出股數(自行買賣)"":""0"",""自營商買賣超股數(自行買賣)"":""8,000"",""自營商買進股數(避險)"":""0"",""自營商賣出股數(避險)"":""0"",""自營商買賣超股數(避險)"":""0"",""三大法人買賣超股數"":""-399,789""}"
2026-10-01,TWSE,3059,華晶科          ,126000,518000,-392000,0,0,0,0,8116,-8116,"{""證券代號"":""3059"",""證券名稱"":""華晶科          "",""外陸資買進股數(不含外資自營商)"":""126,000"",""外陸資賣出股數(不含外資自營商)"":""518,000"",""外陸資買賣超股數(不含外資自營商)"":""-392,000"",""外資自營商買進股數"":""0"",""外資自營商賣出股數"":""0"",""外資自營商買賣超股數"":""0"",""投信買進股數"":""0"",""投信賣出股數"":""0"",""投信買賣超股數"":""0"",""自營商買賣超股數"":""-8,116"",""自營商買進股數(自行買賣)"":""0"",""自營商賣出股數(自行買賣)"":""0"",""自營商買賣超股數(自行買賣)"":""0"",""自營商買進股數(避險)"":""0"",""自營商賣出股數(避險)"":""8,116"",""自營商買賣超股數(避險)"":""-8,116"",""三大法人買賣超股數"":""-400,116""}"
2026-10-01,TWSE,2850,新產            ,150087,327794,-177707,0,224000,-224000,0,0,59,"{""證券代號"":""2850"",""證券名稱"":""新產            "",""外陸資買進股數(不含外資自營商)"":""150,087"",""外陸資賣出股數(不含外資自營商)"":""327,794"",""外陸資買賣超股數(不含外資自營商)"":""-177,707"",""外資自營商買進股數"":""0"",""外資自營商賣出股數"":""0"",""外資自營商買賣超股數"":""0"",""投信買進股數"":""0"",""投信賣出股數"":""224,000"",""投信買賣超股數"":""-224,000"",""自營商買賣超股數"":""59"",""自營商買進股數(自行買賣)"":""10,000"",""自營商賣出股數(自行買賣)"":""9,941"",""自營商買賣超股數(自行買賣)"":""59"",""自營商買進股數(避險)"":""0"",""自營商賣出股數(避險)"":""0"",""自營商買賣超股數(避險)"":""0"",""三大法人買賣超股數"":""-401,648""}"
2026-10-01,TWSE,1309,台達化          ,226350,625195,-398845,0,0,0,4000,7765,-3765,"{""證券代號"":""1309"",""證券名稱"":""台達化          "",""外陸資買進股數(不含外資自營商)"":""226,350"",""外陸資賣出股數(不含外資自營商)"":""625,195"",""外陸資買賣超股數(不含外資自營商)"":""-398,845"",""外資自營商買進股數"":""0"",""外資自營商賣出股數"":""0"",""外資自營商買賣超股數"":""0"",""投信買進股數"":""0"",""投信賣出股數"":""0"",""投信買賣超股數"":""0"",""自營商買賣超股數"":""-3,765"",""自營商買進股數(自行買賣)"":""0"",""自營商賣出股數(自行買賣)"":""0"",""自營商買賣超股數(自行買賣)"":""0"",""自營商買進股數(避險)"":""4,000"",""自營商賣出股數(避險)"":""7,765"",""自營商買賣超股數(避險)"":""-3,765"",""三大法人買賣超股數"":""-402,610""}"
2026-10-01,TWSE,3532,台勝科          ,2200983,2326230,-125247,0,155000,-155000,41333,45502,-128169,"{""證券代號"":""3532"",""證券名稱"":""台勝科          "",""外陸資買進股數(不含外資自營商)"":""2,200,983"",""外陸資賣出股數(不含外資自營商)"":""2,326,230"",""外陸資買賣超股數(不含外資自營商)"":""-125,247"",""外資自營商買進股數"":""0"",""外資自營商賣出股數"":""0"",""外資自營商買賣超股數"":""0"",""投信買進股數"":""0"",""投信賣出股數"":""155,000"",""投信買賣超股數"":""-155,000"",""自營商買賣超股數"":""-128,169"",""自營商買進股數(自行買賣)"":""14,000"",""自營商賣出股數(自行買賣)"":""138,000"",""自營商買賣超股數(自行買賣)"":""-124,000"",""自營商買進股數(避險)"":""41,333"",""自營商賣出股數(避險)"":""45,502"",""自營商買賣超股數(避險)"":""-4,169"",""三大法人買賣超股數"":""-408,416""}"
2026-10-01,TWSE,2457,飛宏            ,155000,545069,-390069,0,0,0,1000,8076,-21076,"{""證券代號"":""2457"",""證券名稱"":""飛宏            "",""外陸資買進股數(不含外資自營商)"":""155,000"",""外陸資賣出股數(不含外資自營商)"":""545,069"",""外陸資買賣超股數(不含外資自營商)"":""-390,069"",""外資自營商買進股數"":""0"",""外資自營商賣出股數"":""0"",""外資自營商買賣超股數"":""0"",""投信買進股數"":""0"",""投信賣出股數"":""0"",""投信買賣超股數"":""0"",""自營商買賣超股數"":""-21,076"",""自營商買進股數(自行買賣)"":""6,000"",""自營商賣出股數(自行買賣)"":""20,000"",""自營商買賣超股數(自行買賣)"":""-14,000"",""自營商買進股數(避險)"":""1,000"",""自營商賣出股數(避險)"":""8,076"",""自營商買賣超股數(避險)"":""-7,076"",""三大法人買賣超股數"":""-411,145""}"
2026-10-01,TWSE,2527,宏璟            ,151374,569000,-417626,0,0,0,7094,4025,4069,"{""證券代號"":""2527"",""證券名稱"":""宏璟            "",""外陸資買進股數(不含外資自營商)"":""151,374"",""外陸資賣出股數(不含外資自營商)"":""569,000"",""外陸資買賣超股數(不含外資自營商)"":""-417,626"",""外資自營商買進股數"":""0"",""外資自營商賣出股數"":""0"",""外資自營商買賣超股數"":""0"",""投信買進股數"":""0"",""投信賣出股數"":""0"",""投信買賣超股數"":""0"",""自營商買賣超股數"":""4,069"",""自營商買進股數(自行買賣)"":""1,000"",""自營商賣出股數(自行買賣)"":""0"",""自營商買賣超股數(自行買賣)"":""1,000"",""自營商買進股數(避險)"":""7,094"",""自營商賣出股數(避險)"":""4,025"",""自營商買賣超股數(避險)"":""3,069"",""三大法人買賣超股數"":""-413,557""}"
2026-10-01,TWSE,00681R,元大美債20反1   ,0,477000,-477000,0,0,0,407000,348000,59000,"{""證券代號"":""00681R"",""證券名稱"":""元大美債20反1   "",""外陸資買進股數(不含外資自營商)"":""0"",""外陸資賣出股數(不含外資自營商)"":""477,000"",""外陸資買賣超股數(不含外資自營商)"":""-477,000"",""外資自營商買進股數"":""0"",""外資自營商賣出股數"":""0"",""外資自營商買賣超股數"":""0"",""投信買進股數"":""0"",""投信賣出股數"":""0"",""投信買賣超股數"":""0"",""自營商買賣超股數"":""59,000"",""自營商買進股數(自行買賣)"":""0"",""自營商賣出股數(自行買賣)"":""0"",""自營商買賣超股數(自行買賣)"":""0"",""自營商買進股數(避險)"":""407,000"",""自營商賣出股數(避險)"":""348,000"",""自營商買賣超股數(避險)"":""59,000"",""三大法人買賣超股數"":""-418,000""}"
2026-10-01,TWSE,2515,中工            ,577871,1058000,-480129,0,0,0,0,240,61760,"{""證券代號"":""2515"",""證券名稱"":""中工            "",""外陸資買進股數(不含外資自營商)"":""577,871"",""外陸資賣出股數(不含外資自營商)"":""1,058,000"",""外陸資買賣超股數(不含外資自營商)"":""-480,129"",""外資自營商買進股數"":""0"",""外資自營商賣出股數"":""0"",""外資自營商買賣超股數"":""0"",""投信買進股數"":""0"",""投信賣出股數"":""0"",""投信買賣超股數"":""0"",""自營商買賣超股數"":""61,760"",""自營商買進股數(自行買賣)"":""62,000"",""自營商賣出股數(自行買賣)"":""0"",""自營商買賣超股數(自行買賣)"":""62,000"",""自營商買進股數(避險)"":""0"",""自營商賣出股數(避險)"":""240"",""自營商買賣超股數(避險)"":""-240"",""三大法人買賣超股數"":""-418,369""}"
2026-10-01,TWSE,3645,達邁            ,482710,892000,-409290,0,0,0,5000,20448,-15448,"{""證券代號"":""3645"",""證券名稱"":""達邁            "",""外陸資買進股數(不含外資自營商)"":""482,710"",""外陸資賣出股數(不含外資自營商)"":""892,000"",""外陸資買賣超股數(不含外資自營商)"":""-409,290"",""外資自營商買進股數"":""0"",""外資自營商賣出股數"":""0"",""外資自營商買賣超股數"":""0"",""投信買進股數"":""0"",""投信賣出股數"":""0"",""投信買賣超股數"":""0"",""自營商買賣超股數"":""-15,448"",""自營商買進股數(自行買賣)"":""0"",""自營商賣出股數(自行買賣)"":""0"",""自營商買賣超股數(自行買賣)"":""0"",""自營商買進股數(避險)"":""5,000"",""自營商賣出股數(避險)"":""20,448"",""自營商買賣超股數(避險)"":""-15,448"",""三大法人買賣超股數"":""-424,738""}"
2026-10-01,TWSE,2405,輔信            ,296000,730000,-434000,0,0,0,0,0,9000,"{""證券代號"":""2405"",""證券名稱"":""輔信            "",""外陸資買進股數(不含外資自營商)"":""296,000"",""外陸資賣出股數(不含外資自營商)"":""730,000"",""外陸資買賣超股數(不含外資自營商)"":""-434,000"",""外資自營商買進股數"":""0"",""外資自營商賣出股數"":""0"",""外資自營商買賣超股數"":""0"",""投信買進股數"":""0"",""投信賣出股數"":""0"",""投信買賣超股數"":""0"",""自營商買賣超股數"":""9,000"",""自營商買進股數(自行買賣)"":""9,000"",""自營商賣出股數(自行買賣)"":""0"",""自營商買賣超股數(自行買賣)"":""9,000"",""自營商買進股數(避險)"":""0"",""自營商賣出股數(避險)"":""0"",""自營商買賣超股數(避險)"":""0"",""三大法人買賣超股數"":""-425,000""}"
2026-10-01,TWSE,2355,敬鵬            ,453688,886000,-432312,0,0,0,13000,7868,5132,"{""證券代號"":""2355"",""證券名稱"":""敬鵬            "",""外陸資買進股數(不含外資自營商)"":""453,688"",""外陸資賣出股數(不含外資自營商)"":""886,000"",""外陸資買賣超股數(不含外資自營商)"":""-432,312"",""外資自營商買進股數"":""0"",""外資自營商賣出股數"":""0"",""外資自營商買賣超股數"":""0"",""投信買進股數"":""0"",""投信賣出股數"":""0"",""投信買賣超股數"":""0"",""自營商買賣超股數"":""5,132"",""自營商買進股數(自行買賣)"":""0"",""自營商賣出股數(自行買賣)"":""0"",""自營商買賣超股數(自行買賣)"":""0"",""自營商買進股數(避險)"":""13,000"",""自營商賣出股數(避險)"":""7,868"",""自營商買賣超股數(避險)"":""5,132"",""三大法人買賣超股數"":""-427,180""}"
2026-10-01,TWSE,6592,和潤企業        ,57200,314360,-257160,0,178500,-178500,0,0,6298,"{""證券代號"":""6592"",""證券名稱"":""和潤企業        "",""外陸資買進股數(不含外資自營商)"":""57,200"",""外陸資賣出股數(不含外資自營商)"":""314,360"",""外陸資買賣超股數(不含外資自營商)"":""-257,160"",""外資自營商買進股數"":""0"",""外資自營商賣出股數"":""0"",""外資自營商買賣超股數"":""0"",""投信買進股數"":""0"",""投信賣出股數"":""178,500"",""投信買賣超股數"":""-178,500"",""自營商買賣超股數"":""6,298"",""自營商買進股數(自行買賣)"":""8,000"",""自營商賣出股數(自行買賣)"":""1,702"",""自營商買賣超股數(自行買賣)"":""6,298"",""自營商買進股數(避險)"":""0"",""自營商賣出股數(避險)"":""0"",""自營商買賣超股數(避險)"":""0"",""三大法人買賣超股數"":""-429,362""}"
2026-10-01,TWSE,2455,全新            ,460133,167689,292444,0,1016000,-1016000,175482,15695,282549,"{""證券代號"":""2455"",""證券名稱"":""全新            "",""外陸資買進股數(不含外資自營商)"":""460,133"",""外陸資賣出股數(不含外資自營商)"":""167,689"",""外陸資買賣超股數(不含外資自營商)"":""292,444"",""外資自營商買進股數"":""0"",""外資自營商賣出股數"":""0"",""外資自營商買賣超股數"":""0"",""投信買進股數"":""0"",""投信賣出股數"":""1,016,000"",""投信買賣超股數"":""-1,016,000"",""自營商買賣超股數"":""282,549"",""自營商買進股數(自行買賣)"":""132,762"",""自營商賣出股數(自行買賣)"":""10,000"",""自營商買賣超股數(自行買賣)"":""122,762"",""自營商買進股數(避險)"":""175,482"",""自營商賣出股數(避險)"":""15,695"",""自營商買賣超股數(避險)"":""159,787"",""三大法人買賣超股數"":""-441,007""}"
2026-10-01,TWSE,2537,聯上發          ,30000,478000,-448000,0,0,0,0,0,0,"{""證券代號"":""2537"",""證券名稱"":""聯上發          "",""外陸資買進股數(不含外資自營商)"":""30,000"",""外陸資賣出股數(不含外資自營商)"":""478,000"",""外陸資買賣超股數(不含外資自營商)"":""-448,000"",""外資自營商買進股數"":""0"",""外資自營商賣出股數"":""0"",""外資自營商買賣超股數"":""0"",""投信買進股數"":""0"",""投信賣出股數"":""0"",""投信買賣超股數"":""0"",""自營商買賣超股數"":""0"",""自營商買進股數(自行買賣)"":""0"",""自營商賣出股數(自行買賣)"":""0"",""自營商買賣超股數(自行買賣)"":""0"",""自營商買進股數(避險)"":""0"",""自營商賣出股數(避險)"":""0"",""自營商買賣超股數(避險)"":""0"",""三大法人買賣超股數"":""-448,000""}"
2026-10-01,TWSE,6949,沛爾生醫*-創    ,372000,774290,-402290,0,0,0,35000,24921,-49921,"{""證券代號"":""6949"",""證券名稱"":""沛爾生醫*-創    "",""外陸資買進股數(不含外資自營商)"":""372,000"",""外陸資賣出股數(不含外資自營商)"":""774,290"",""外陸資買賣超股數(不含外資自營商)"":""-402,290"",""外資自營商買進股數"":""0"",""外資自營商賣出股數"":""0"",""外資自營商買賣超股數"":""0"",""投信買進股數"":""0"",""投信賣出股數"":""0"",""投信買賣超股數"":""0"",""自營商買賣超股數"":""-49,921"",""自營商買進股數(自行買賣)"":""0"",""自營商賣出股數(自行買賣)"":""60,000"",""自營商買賣超股數(自行買賣)"":""-60,000"",""自營商買進股數(避險)"":""35,000"",""自營商賣出股數(避險)"":""24,921"",""自營商買賣超股數(避險)"":""10,079"",""三大法人買賣超股數"":""-452,211""}"
2026-10-01,TWSE,6177,達麗            ,668537,384151,284386,4240,748000,-743760,5000,0,5000,"{""證券代號"":""6177"",""證券名稱"":""達麗            "",""外陸資買進股數(不含外資自營商)"":""668,537"",""外陸資賣出股數(不含外資自營商)"":""384,151"",""外陸資買賣超股數(不含外資自營商)"":""284,386"",""外資自營商買進股數"":""0"",""外資自營商賣出股數"":""0"",""外資自營商買賣超股數"":""0"",""投信買進股數"":""4,240"",""投信賣出股數"":""748,000"",""投信買賣超股數"":""-743,760"",""自營商買賣超股數"":""5,000"",""自營商買進股數(自行買賣)"":""5,000"",""自營商賣出股數(自行買賣)"":""5,000"",""自營商買賣超股數(自行買賣)"":""0"",""自營商買進股數(避險)"":""5,000"",""自營商賣出股數(避險)"":""0"",""自營商買賣超股數(避險)"":""5,000"",""三大法人買賣超股數"":""-454,374""}"
2026-10-01,TWSE,2454,聯發科          ,1725393,2297277,-571884,146171,113000,33171,157493,119563,74010,"{""證券代號"":""2454"",""證券名稱"":""聯發科          "",""外陸資買進股數(不含外資自營商)"":""1,725,393"",""外陸資賣出股數(不含外資自營商)"":""2,297,277"",""外陸資買賣超股數(不含外資自營商)"":""-571,884"",""外資自營商買進股數"":""0"",""外資自營商賣出股數"":""0"",""外資自營商買賣超股數"":""0"",""投信買進股數"":""146,171"",""投信賣出股數"":""113,000"",""投信買賣超股數"":""33,171"",""自營商買賣超股數"":""74,010"",""自營商買進股數(自行買賣)"":""56,321"",""自營商賣出股數(自行買賣)"":""20,241"",""自營商買賣超股數(自行買賣)"":""36,080"",""自營商買進股數(避險)"":""157,493"",""自營商賣出股數(避險)"":""119,563"",""自營商買賣超股數(避險)"":""37,930"",""三大法人買賣超股數"":""-464,703""}"
2026-10-01,TWSE,2006,東和鋼鐵        ,1544284,934248,610036,0,1098000,-1098000,936,9117,18819,"{""證券代號"":""2006"",""證券名稱"":""東和鋼鐵        "",""外陸資買進股數(不含外資自營商)"":""1,544,284"",""外陸資賣出股數(不含外資自營商)"":""934,248"",""外陸資買賣超股數(不含外資自營商)"":""610,036"",""外資自營商買進股數"":""0"",""外資自營商賣出股數"":""0"",""外資自營商買賣超股數"":""0"",""投信買進股數"":""0"",""投信賣出股數"":""1,098,000"",""投信買賣超股數"":""-1,098,000"",""自營商買賣超股數"":""18,819"",""自營商買進股數(自行買賣)"":""29,000"",""自營商賣出股數(自行買賣)"":""2,000"",""自營商買賣超股數(自行買賣)"":""27,000"",""自營商買進股數(避險)"":""936"",""自營商賣出股數(避險)"":""9,117"",""自營商買賣超股數(避險)"":""-8,181"",""三大法人買賣超股數"":""-469,145""}"
2026-10-01,TWSE,2329,華泰            ,318386,825717,-507331,0,0,0,18671,21796,32875,"{""證券代號"":""2329"",""證券名稱"":""華泰            "",""外陸資買進股數(不含外資自營商)"":""318,386"",""外陸資賣出股數(不含外資自營商)"":""825,717"",""外陸資買賣超股數(不含外資自營商)"":""-507,331"",""外資自營商買進股數"":""0"",""外資自營商賣出股數"":""0"",""外資自營商買賣超股數"":""0"",""投信買進股數"":""0"",""投信賣出股數"":""0"",""投信買賣超股數"":""0"",""自營商買賣超股數"":""32,875"",""自營商買進股數(自行買賣)"":""36,000"",""自營商賣出股數(自行買賣)"":""0"",""自營商買賣超股數(自行買賣)"":""36,000"",""自營商買進股數(避險)"":""18,671"",""自營商賣出股數(避險)"":""21,796"",""自營商買賣超股數(避險)"":""-3,125"",""三大法人買賣超股數"":""-474,456""}"
2026-10-01,TWSE,9904,寶成            ,5171180,5886340,-715160,42000,34000,8000,234480,0,230837,"{""證券代號"":""9904"",""證券名稱"":""寶成            "",""外陸資買進股數(不含外資自營商)"":""5,171,180"",""外陸資賣出股數(不含外資自營商)"":""5,886,340"",""外陸資買賣超股數(不含外資自營商)"":""-715,160"",""外資自營商買進股數"":""0"",""外資自營商賣出股數"":""0"",""外資自營商買賣超股數"":""0"",""投信買進股數"":""42,000"",""投信賣出股數"":""34,000"",""投信買賣超股數"":""8,000"",""自營商買賣超股數"":""230,837"",""自營商買進股數(自行買賣)"":""1,879"",""自營商賣出股數(自行買賣)"":""5,522"",""自營商買賣超股數(自行買賣)"":""-3,643"",""自營商買進股數(避險)"":""234,480"",""自營商賣出股數(避險)"":""0"",""自營商買賣超股數(避險)"":""234,480"",""三大法人買賣超股數"":""-476,323""}"
2026-10-01,TWSE,6426,統新            ,432000,734035,-302035,0,118000,-118000,48817,45868,-57051,"{""證券代號"":""6426"",""證券名稱"":""統新            "",""外陸資買進股數(不含外資自營商)"":""432,000"",""外陸資賣出股數(不含外資自營商)"":""734,035"",""外陸資買賣超股數(不含外資自營商)"":""-302,035"",""外資自營商買進股數"":""0"",""外資自營商賣出股數"":""0"",""外資自營商買賣超股數"":""0"",""投信買進股數"":""0"",""投信賣出股數"":""118,000"",""投信買賣超股數"":""-118,000"",""自營商買賣超股數"":""-57,051"",""自營商買進股數(自行買賣)"":""7,000"",""自營商賣出股數(自行買賣)"":""67,000"",""自營商買賣超股數(自行買賣)"":""-60,000"",""自營商買進股數(避險)"":""48,817"",""自營商賣出股數(避險)"":""45,868"",""自營商買賣超股數(避險)"":""2,949"",""三大法人買賣超股數"":""-477,086""}"
2026-10-01,TWSE,2352,佳世達          ,996849,1418695,-421846,0,0,0,101,52663,-55562,"{""證券代號"":""2352"",""證券名稱"":""佳世達          "",""外陸資買進股數(不含外資自營商)"":""996,849"",""外陸資賣出股數(不含外資自營商)"":""1,418,695"",""外陸資買賣超股數(不含外資自營商)"":""-421,846"",""外資自營商買進股數"":""0"",""外資自營商賣出股數"":""0"",""外資自營商買賣超股數"":""0"",""投信買進股數"":""0"",""投信賣出股數"":""0"",""投信買賣超股數"":""0"",""自營商買賣超股數"":""-55,562"",""自營商買進股數(自行買賣)"":""1,000"",""自營商賣出股數(自行買賣)"":""4,000"",""自營商買賣超股數(自行買賣)"":""-3,000"",""自營商買進股數(避險)"":""101"",""自營商賣出股數(避險)"":""52,663"",""自營商買賣超股數(避險)"":""-52,562"",""三大法人買賣超股數"":""-477,408""}"
2026-10-01,TWSE,1809,中釉            ,721162,1181500,-460338,0,0,0,44500,65000,-20500,"{""證券代號"":""1809"",""證券名稱"":""中釉            "",""外陸資買進股數(不含外資自營商)"":""721,162"",""外陸資賣出股數(不含外資自營商)"":""1,181,500"",""外陸資買賣超股數(不含外資自營商)"":""-460,338"",""外資自營商買進股數"":""0"",""外資自營商賣出股數"":""0"",""外資自營商買賣超股數"":""0"",""投信買進股數"":""0"",""投信賣出股數"":""0"",""投信買賣超股數"":""0"",""自營商買賣超股數"":""-20,500"",""自營商買進股數(自行買賣)"":""0"",""自營商賣出股數(自行買賣)"":""0"",""自營商買賣超股數(自行買賣)"":""0"",""自營商買進股數(避險)"":""44,500"",""自營商賣出股數(避險)"":""65,000"",""自營商買賣超股數(避險)"":""-20,500"",""三大法人買賣超股數"":""-480,838""}"
2026-10-01,TWSE,2504,國產            ,155104,675000,-519896,8754,0,8754,0,0,26000,"{""證券代號"":""2504"",""證券名稱"":""國產            "",""外陸資買進股數(不含外資自營商)"":""155,104"",""外陸資賣出股數(不含外資自營商)"":""675,000"",""外陸資買賣超股數(不含外資自營商)"":""-519,896"",""外資自營商買進股數"":""0"",""外資自營商賣出股數"":""0"",""外資自營商買賣超股數"":""0"",""投信買進股數"":""8,754"",""投信賣出股數"":""0"",""投信買賣超股數"":""8,754"",""自營商買賣超股數"":""26,000"",""自營商買進股數(自行買賣)"":""302,000"",""自營商賣出股數(自行買賣)"":""276,000"",""自營商買賣超股數(自行買賣)"":""26,000"",""自營商買進股數(避險)"":""0"",""自營商賣出股數(避險)"":""0"",""自營商買賣超股數(避險)"":""0"",""三大法人買賣超股數"":""-485,142""}"
2026-10-01,TWSE,2406,國碩            ,802776,1324000,-521224,0,0,0,36000,1816,35184,"{""證券代號"":""2406"",""證券名稱"":""國碩            "",""外陸資買進股數(不含外資自營商)"":""802,776"",""外陸資賣出股數(不含外資自營商)"":""1,324,000"",""外陸資買賣超股數(不含外資自營商)"":""-521,224"",""外資自營商買進股數"":""0"",""外資自營商賣出股數"":""0"",""外資自營商買賣超股數"":""0"",""投信買進股數"":""0"",""投信賣出股數"":""0"",""投信買賣超股數"":""0"",""自營商買賣超股數"":""35,184"",""自營商買進股數(自行買賣)"":""1,000"",""自營商賣出股數(自行買賣)"":""0"",""自營商買賣超股數(自行買賣)"":""1,000"",""自營商買進股數(避險)"":""36,000"",""自營商賣出股數(避險)"":""1,816"",""自營商買賣超股數(避險)"":""34,184"",""三大法人買賣超股數"":""-486,040""}"
2026-10-01,TWSE,1810,和成            ,146000,637892,-491892,0,0,0,0,0,5000,"{""證券代號"":""1810"",""證券名稱"":""和成            "",""外陸資買進股數(不含外資自營商)"":""146,000"",""外陸資賣出股數(不含外資自營商)"":""637,892"",""外陸資買賣超股數(不含外資自營商)"":""-491,892"",""外資自營商買進股數"":""0"",""外資自營商賣出股數"":""0"",""外資自營商買賣超股數"":""0"",""投信買進股數"":""0"",""投信賣出股數"":""0"",""投信買賣超股數"":""0"",""自營商買賣超股數"":""5,000"",""自營商買進股數(自行買賣)"":""5,000"",""自營商賣出股數(自行買賣)"":""0"",""自營商買賣超股數(自行買賣)"":""5,000"",""自營商買進股數(避險)"":""0"",""自營商賣出股數(避險)"":""0"",""自營商買賣超股數(避險)"":""0"",""三大法人買賣超股數"":""-486,892""}"
2026-10-01,TWSE,6226,光鼎            ,96000,588336,-492336,0,0,0,0,0,-2000,"{""證券代號"":""6226"",""證券名稱"":""光鼎            "",""外陸資買進股數(不含外資自營商)"":""96,000"",""外陸資賣出股數(不含外資自營商)"":""588,336"",""外陸資買賣超股數(不含外資自營商)"":""-492,336"",""外資自營商買進股數"":""0"",""外資自營商賣出股數"":""0"",""外資自營商買賣超股數"":""0"",""投信買進股數"":""0"",""投信賣出股數"":""0"",""投信買賣超股數"":""0"",""自營商買賣超股數"":""-2,000"",""自營商買進股數(自行買賣)"":""17,000"",""自營商賣出股數(自行買賣)"":""19,000"",""自營商買賣超股數(自行買賣)"":""-2,000"",""自營商買進股數(避險)"":""0"",""自營商賣出股數(避險)"":""0"",""自營商買賣超股數(避險)"":""0"",""三大法人買賣超股數"":""-494,336""}"
2026-10-01,TWSE,3033,威健            ,226743,690909,-464166,0,0,0,0,48199,-37940,"{""證券代號"":""3033"",""證券名稱"":""威健            "",""外陸資買進股數(不含外資自營商)"":""226,743"",""外陸資賣出股數(不含外資自營商)"":""690,909"",""外陸資買賣超股數(不含外資自營商)"":""-464,166"",""外資自營商買進股數"":""0"",""外資自營商賣出股數"":""0"",""外資自營商買賣超股數"":""0"",""投信買進股數"":""0"",""投信賣出股數"":""0"",""投信買賣超股數"":""0"",""自營商買賣超股數"":""-37,940"",""自營商買進股數(自行買賣)"":""20,259"",""自營商賣出股數(自行買賣)"":""10,000"",""自營商買賣超股數(自行買賣)"":""10,259"",""自營商買進股數(避險)"":""0"",""自營商賣出股數(避險)"":""48,199"",""自營商買賣超股數(避險)"":""-48,199"",""三大法人買賣超股數"":""-502,106""}"
2026-10-01,TWSE,8110,華東            ,746117,1245500,-499383,0,0,0,82,14607,-3525,"{""證券代號"":""8110"",""證券名稱"":""華東            "",""外陸資買進股數(不含外資自營商)"":""746,117"",""外陸資賣出股數(不含外資自營商)"":""1,245,500"",""外陸資買賣超股數(不含外資自營商)"":""-499,383"",""外資自營商買進股數"":""0"",""外資自營商賣出股數"":""0"",""外資自營商買賣超股數"":""0"",""投信買進股數"":""0"",""投信賣出股數"":""0"",""投信買賣超股數"":""0"",""自營商買賣超股數"":""-3,525"",""自營商買進股數(自行買賣)"":""11,000"",""自營商賣出股數(自行買賣)"":""0"",""自營商買賣超股數(自行買賣)"":""11,000"",""自營商買進股數(避險)"":""82"",""自營商賣出股數(避險)"":""14,607"",""自營商買賣超股數(避險)"":""-14,525"",""三大法人買賣超股數"":""-502,908""}"
2026-10-01,TWSE,1909,榮成            ,335000,855000,-520000,0,0,0,0,0,11000,"{""證券代號"":""1909"",""證券名稱"":""榮成            "",""外陸資買進股數(不含外資自營商)"":""335,000"",""外陸資賣出股數(不含外資自營商)"":""855,000"",""外陸資買賣超股數(不含外資自營商)"":""-520,000"",""外資自營商買進股數"":""0"",""外資自營商賣出股數"":""0"",""外資自營商買賣超股數"":""0"",""投信買進股數"":""0"",""投信賣出股數"":""0"",""投信買賣超股數"":""0"",""自營商買賣超股數"":""11,000"",""自營商買進股數(自行買賣)"":""11,000"",""自營商賣出股數(自行買賣)"":""0"",""自營商買賣超股數(自行買賣)"":""11,000"",""自營商買進股數(避險)"":""0"",""自營商賣出股數(避險)"":""0"",""自營商買賣超股數(避險)"":""0"",""三大法人買賣超股數"":""-509,000""}"
2026-10-01,TWSE,3062,建漢            ,153050,660000,-506950,0,0,0,0,3581,-4315,"{""證券代號"":""3062"",""證券名稱"":""建漢            "",""外陸資買進股數(不含外資自營商)"":""153,050"",""外陸資賣出股數(不含外資自營商)"":""660,000"",""外陸資買賣超股數(不含外資自營商)"":""-506,950"",""外資自營商買進股數"":""0"",""外資自營商賣出股數"":""0"",""外資自營商買賣超股數"":""0"",""投信買進股數"":""0"",""投信賣出股數"":""0"",""投信買賣超股數"":""0"",""自營商買賣超股數"":""-4,315"",""自營商買進股數(自行買賣)"":""266"",""自營商賣出股數(自行買賣)"":""1,000"",""自營商買賣超股數(自行買賣)"":""-734"",""自營商買進股數(避險)"":""0"",""自營商賣出股數(避險)"":""3,581"",""自營商買賣超股數(避險)"":""-3,581"",""三大法人買賣超股數"":""-511,265""}"
2026-10-01,TWSE,1722,台肥            ,269563,782000,-512437,0,0,0,0,304,-304,"{""證券代號"":""1722"",""證券名稱"":""台肥            "",""外陸資買進股數(不含外資自營商)"":""269,563"",""外陸資賣出股數(不含外資自營商)"":""782,000"",""外陸資買賣超股數(不含外資自營商)"":""-512,437"",""外資自營商買進股數"":""0"",""外資自營商賣出股數"":""0"",""外資自營商買賣超股數"":""0"",""投信買進股數"":""0"",""投信賣出股數"":""0"",""投信買賣超股數"":""0"",""自營商買賣超股數"":""-304"",""自營商買進股數(自行買賣)"":""0"",""自營商賣出股數(自行買賣)"":""0"",""自營商買賣超股數(自行買賣)"":""0"",""自營商買進股數(避險)"":""0"",""自營商賣出股數(避險)"":""304"",""自營商買賣超股數(避險)"":""-304"",""三大法人買賣超股數"":""-512,741""}"
2026-10-01,TWSE,1513,中興電          ,273576,834847,-561271,0,4000,-4000,66000,16322,49678,"{""證券代號"":""1513"",""證券名稱"":""中興電          "",""外陸資買進股數(不含外資自營商)"":""273,576"",""外陸資賣出股數(不含外資自營商)"":""834,847"",""外陸資買賣超股數(不含外資自營商)"":""-561,271"",""外資自營商買進股數"":""0"",""外資自營商賣出股數"":""0"",""外資自營商買賣超股數"":""0"",""投信買進股數"":""0"",""投信賣出股數"":""4,000"",""投信買賣超股數"":""-4,000"",""自營商買賣超股數"":""49,678"",""自營商買進股數(自行買賣)"":""2,000"",""自營商賣出股數(自行買賣)"":""2,000"",""自營商買賣超股數(自行買賣)"":""0"",""自營商買進股數(避險)"":""66,000"",""自營商賣出股數(避險)"":""16,322"",""自營商買賣超股數(避險)"":""49,678"",""三大法人買賣超股數"":""-515,593""}"
2026-10-01,TWSE,2905,三商            ,191000,725007,-534007,0,0,0,0,0,16000,"{""證券代號"":""2905"",""證券名稱"":""三商            "",""外陸資買進股數(不含外資自營商)"":""191,000"",""外陸資賣出股數(不含外資自營商)"":""725,007"",""外陸資買賣超股數(不含外資自營商)"":""-534,007"",""外資自營商買進股數"":""0"",""外資自營商賣出股數"":""0"",""外資自營商買賣超股數"":""0"",""投信買進股數"":""0"",""投信賣出股數"":""0"",""投信買賣超股數"":""0"",""自營商買賣超股數"":""16,000"",""自營商買進股數(自行買賣)"":""16,000"",""自營商賣出股數(自行買賣)"":""0"",""自營商買賣超股數(自行買賣)"":""16,000"",""自營商買進股數(避險)"":""0"",""自營商賣出股數(避險)"":""0"",""自營商買賣超股數(避險)"":""0"",""三大法人買賣超股數"":""-518,007""}"
2026-10-01,TWSE,1447,力鵬            ,75040,595566,-520526,0,0,0,0,0,0,"{""證券代號"":""1447"",""證券名稱"":""力鵬            "",""外陸資買進股數(不含外資自營商)"":""75,040"",""外陸資賣出股數(不含外資自營商)"":""595,566"",""外陸資買賣超股數(不含外資自營商)"":""-520,526"",""外資自營商買進股數"":""0"",""外資自營商賣出股數"":""0"",""外資自營商買賣超股數"":""0"",""投信買進股數"":""0"",""投信賣出股數"":""0"",""投信買賣超股數"":""0"",""自營商買賣超股數"":""0"",""自營商買進股數(自行買賣)"":""0"",""自營商賣出股數(自行買賣)"":""0"",""自營商買賣超股數(自行買賣)"":""0"",""自營商買進股數(避險)"":""0"",""自營商賣出股數(避險)"":""0"",""自營商買賣超股數(避險)"":""0"",""三大法人買賣超股數"":""-520,526""}"
2026-10-01,TWSE,2104,國際中橡        ,1011618,1555181,-543563,0,0,0,0,0,21287,"{""證券代號"":""2104"",""證券名稱"":""國際中橡        "",""外陸資買進股數(不含外資自營商)"":""1,011,618"",""外陸資賣出股數(不含外資自營商)"":""1,555,181"",""外陸資買賣超股數(不含外資自營商)"":""-543,563"",""外資自營商買進股數"":""0"",""外資自營商賣出股數"":""0"",""外資自營商買賣超股數"":""0"",""投信買進股數"":""0"",""投信賣出股數"":""0"",""投信買賣超股數"":""0"",""自營商買賣超股數"":""21,287"",""自營商買進股數(自行買賣)"":""21,287"",""自營商賣出股數(自行買賣)"":""0"",""自營商買賣超股數(自行買賣)"":""21,287"",""自營商買進股數(避險)"":""0"",""自營商賣出股數(避險)"":""0"",""自營商買賣超股數(避險)"":""0"",""三大法人買賣超股數"":""-522,276""}"
2026-10-01,TWSE,1808,潤隆            ,594810,125000,469810,0,1033000,-1033000,0,0,11000,"{""證券代號"":""1808"",""證券名稱"":""潤隆            "",""外陸資買進股數(不含外資自營商)"":""594,810"",""外陸資賣出股數(不含外資自營商)"":""125,000"",""外陸資買賣超股數(不含外資自營商)"":""469,810"",""外資自營商買進股數"":""0"",""外資自營商賣出股數"":""0"",""外資自營商買賣超股數"":""0"",""投信買進股數"":""0"",""投信賣出股數"":""1,033,000"",""投信買賣超股數"":""-1,033,000"",""自營商買賣超股數"":""11,000"",""自營商買進股數(自行買賣)"":""16,000"",""自營商賣出股數(自行買賣)"":""5,000"",""自營商買賣超股數(自行買賣)"":""11,000"",""自營商買進股數(避險)"":""0"",""自營商賣出股數(避險)"":""0"",""自營商買賣超股數(避險)"":""0"",""三大法人買賣超股數"":""-552,190""}"
2026-10-01,TWSE,1608,華榮            ,249781,814617,-564836,0,0,0,4404,2309,10095,"{""證券代號"":""1608"",""證券名稱"":""華榮            "",""外陸資買進股數(不含外資自營商)"":""249,781"",""外陸資賣出股數(不含外資自營商)"":""814,617"",""外陸資買賣超股數(不含外資自營商)"":""-564,836"",""外資自營商買進股數"":""0"",""外資自營商賣出股數"":""0"",""外資自營商買賣超股數"":""0"",""投信買進股數"":""0"",""投信賣出股數"":""0"",""投信買賣超股數"":""0"",""自營商買賣超股數"":""10,095"",""自營商買進股數(自行買賣)"":""8,000"",""自營商賣出股數(自行買賣)"":""0"",""自營商買賣超股數(自行買賣)"":""8,000"",""自營商買進股數(避險)"":""4,404"",""自營商賣出股數(避險)"":""2,309"",""自營商買賣超股數(避險)"":""2,095"",""三大法人買賣超股數"":""-554,741""}"
2026-10-01,TWSE,4739,康普            ,194460,743008,-548548,0,0,0,2053,10197,-10144,"{""證券代號"":""4739"",""證券名稱"":""康普            "",""外陸資買進股數(不含外資自營商)"":""194,460"",""外陸資賣出股數(不含外資自營商)"":""743,008"",""外陸資買賣超股數(不含外資自營商)"":""-548,548"",""外資自營商買進股數"":""0"",""外資自營商賣出股數"":""0"",""外資自營商買賣超股數"":""0"",""投信買進股數"":""0"",""投信賣出股數"":""0"",""投信買賣超股數"":""0"",""自營商買賣超股數"":""-10,144"",""自營商買進股數(自行買賣)"":""1,000"",""自營商賣出股數(自行買賣)"":""3,000"",""自營商買賣超股數(自行買賣)"":""-2,000"",""自營商買進股數(避險)"":""2,053"",""自營商賣出股數(避險)"":""10,197"",""自營商買賣超股數(避險)"":""-8,144"",""三大法人買賣超股數"":""-558,692""}"
2026-10-01,TWSE,2010,春源            ,240058,816000,-575942,0,0,0,0,0,10000,"{""證券代號"":""2010"",""證券名稱"":""春源            "",""外陸資買進股數(不含外資自營商)"":""240,058"",""外陸資賣出股數(不含外資自營商)"":""816,000"",""外陸資買賣超股數(不含外資自營商)"":""-575,942"",""外資自營商買進股數"":""0"",""外資自營商賣出股數"":""0"",""外資自營商買賣超股數"":""0"",""投信買進股數"":""0"",""投信賣出股數"":""0"",""投信買賣超股數"":""0"",""自營商買賣超股數"":""10,000"",""自營商買進股數(自行買賣)"":""10,000"",""自營商賣出股數(自行買賣)"":""0"",""自營商買賣超股數(自行買賣)"":""10,000"",""自營商買進股數(避險)"":""0"",""自營商賣出股數(避險)"":""0"",""自營商買賣超股數(避險)"":""0"",""三大法人買賣超股數"":""-565,942""}"
2026-10-01,TWSE,2201,裕隆            ,643605,1232000,-588395,0,0,0,6000,6517,4483,"{""證券代號"":""2201"",""證券名稱"":""裕隆            "",""外陸資買進股數(不含外資自營商)"":""643,605"",""外陸資賣出股數(不含外資自營商)"":""1,232,000"",""外陸資買賣超股數(不含外資自營商)"":""-588,395"",""外資自營商買進股數"":""0"",""外資自營商賣出股數"":""0"",""外資自營商買賣超股數"":""0"",""投信買進股數"":""0"",""投信賣出股數"":""0"",""投信買賣超股數"":""0"",""自營商買賣超股數"":""4,483"",""自營商買進股數(自行買賣)"":""5,000"",""自營商賣出股數(自行買賣)"":""0"",""自營商買賣超股數(自行買賣)"":""5,000"",""自營商買進股數(避險)"":""6,000"",""自營商賣出股數(避險)"":""6,517"",""自營商買賣超股數(避險)"":""-517"",""三大法人買賣超股數"":""-583,912""}"
2026-10-01,TWSE,1440,南紡            ,758000,1369216,-611216,0,0,0,0,0,16000,"{""證券代號"":""1440"",""證券名稱"":""南紡            "",""外陸資買進股數(不含外資自營商)"":""758,000"",""外陸資賣出股數(不含外資自營商)"":""1,369,216"",""外陸資買賣超股數(不含外資自營商)"":""-611,216"",""外資自營商買進股數"":""0"",""外資自營商賣出股數"":""0"",""外資自營商買賣超股數"":""0"",""投信買進股數"":""0"",""投信賣出股數"":""0"",""投信買賣超股數"":""0"",""自營商買賣超股數"":""16,000"",""自營商買進股數(自行買賣)"":""18,000"",""自營商賣出股數(自行買賣)"":""2,000"",""自營商買賣超股數(自行買賣)"":""16,000"",""自營商買進股數(避險)"":""0"",""自營商賣出股數(避險)"":""0"",""自營商買賣超股數(避險)"":""0"",""三大法人買賣超股數"":""-595,216""}"
2026-10-01,TWSE,6285,啟碁            ,491466,1100877,-609411,2000,0,2000,49720,39162,4558,"{""證券代號"":""6285"",""證券名稱"":""啟碁            "",""外陸資買進股數(不含外資自營商)"":""491,466"",""外陸資賣出股數(不含外資自營商)"":""1,100,877"",""外陸資買賣超股數(不含外資自營商)"":""-609,411"",""外資自營商買進股數"":""0"",""外資自營商賣出股數"":""0"",""外資自營商買賣超股數"":""0"",""投信買進股數"":""2,000"",""投信賣出股數"":""0"",""投信買賣超股數"":""2,000"",""自營商買賣超股數"":""4,558"",""自營商買進股數(自行買賣)"":""0"",""自營商賣出股數(自行買賣)"":""6,000"",""自營商買賣超股數(自行買賣)"":""-6,000"",""自營商買進股數(避險)"":""49,720"",""自營商賣出股數(避險)"":""39,162"",""自營商買賣超股數(避險)"":""10,558"",""三大法人買賣超股數"":""-602,853""}"
2026-10-01,TWSE,2444,兆勁            ,97861,715480,-617619,0,0,0,0,0,897,"{""證券代號"":""2444"",""證券名稱"":""兆勁            "",""外陸資買進股數(不含外資自營商)"":""97,861"",""外陸資賣出股數(不含外資自營商)"":""715,480"",""外陸資買賣超股數(不含外資自營商)"":""-617,619"",""外資自營商買進股數"":""0"",""外資自營商賣出股數"":""0"",""外資自營商買賣超股數"":""0"",""投信買進股數"":""0"",""投信賣出股數"":""0"",""投信買賣超股數"":""0"",""自營商買賣超股數"":""897"",""自營商買進股數(自行買賣)"":""1,000"",""自營商賣出股數(自行買賣)"":""103"",""自營商買賣超股數(自行買賣)"":""897"",""自營商買進股數(避險)"":""0"",""自營商賣出股數(避險)"":""0"",""自營商買賣超股數(避險)"":""0"",""三大法人買賣超股數"":""-616,722""}"
2026-10-01,TWSE,1434,福懋            ,258325,875223,-616898,0,0,0,0,0,0,"{""證券代號"":""1434"",""證券名稱"":""福懋            "",""外陸資買進股數(不含外資自營商)"":""258,325"",""外陸資賣出股數(不含外資自營商)"":""875,223"",""外陸資買賣超股數(不含外資自營商)"":""-616,898"",""外資自營商買進股數"":""0"",""外資自營商賣出股數"":""0"",""外資自營商買賣超股數"":""0"",""投信買進股數"":""0"",""投信賣出股數"":""0"",""投信買賣超股數"":""0"",""自營商買賣超股數"":""0"",""自營商買進股數(自行買賣)"":""0"",""自營商賣出股數(自行買賣)"":""0"",""自營商買賣超股數(自行買賣)"":""0"",""自營商買進股數(避險)"":""0"",""自營商賣出股數(避險)"":""0"",""自營商買賣超股數(避險)"":""0"",""三大法人買賣超股數"":""-616,898""}"
2026-10-01,TWSE,4967,十銓            ,76696,434000,-357304,0,249000,-249000,2684,20218,-17534,"{""證券代號"":""4967"",""證券名稱"":""十銓            "",""外陸資買進股數(不含外資自營商)"":""76,696"",""外陸資賣出股數(不含外資自營商)"":""434,000"",""外陸資買賣超股數(不含外資自營商)"":""-357,304"",""外資自營商買進股數"":""0"",""外資自營商賣出股數"":""0"",""外資自營商買賣超股數"":""0"",""投信買進股數"":""0"",""投信賣出股數"":""249,000"",""投信買賣超股數"":""-249,000"",""自營商買賣超股數"":""-17,534"",""自營商買進股數(自行買賣)"":""0"",""自營商賣出股數(自行買賣)"":""0"",""自營商買賣超股數(自行買賣)"":""0"",""自營商買進股數(避險)"":""2,684"",""自營商賣出股數(避險)"":""20,218"",""自營商買賣超股數(避險)"":""-17,534"",""三大法人買賣超股數"":""-623,838""}"
2026-10-01,TWSE,2308,台達電          ,2857201,3583159,-725958,118299,1000,117299,38397,57536,-19982,"{""證券代號"":""2308"",""證券名稱"":""台達電          "",""外陸資買進股數(不含外資自營商)"":""2,857,201"",""外陸資賣出股數(不含外資自營商)"":""3,583,159"",""外陸資買賣超股數(不含外資自營商)"":""-725,958"",""外資自營商買進股數"":""0"",""外資自營商賣出股數"":""0"",""外資自營商買賣超股數"":""0"",""投信買進股數"":""118,299"",""投信賣出股數"":""1,000"",""投信買賣超股數"":""117,299"",""自營商買賣超股數"":""-19,982"",""自營商買進股數(自行買賣)"":""40,157"",""自營商賣出股數(自行買賣)"":""41,000"",""自營商買賣超股數(自行買賣)"":""-843"",""自營商買進股數(避險)"":""38,397"",""自營商賣出股數(避險)"":""57,536"",""自營商買賣超股數(避險)"":""-19,139"",""三大法人買賣超股數"":""-628,641""}"
2026-10-01,TWSE,2375,凱美            ,1920374,2673200,-752826,0,0,0,161739,40739,120818,"{""證券代號"":""2375"",""證券名稱"":""凱美            "",""外陸資買進股數(不含外資自營商)"":""1,920,374"",""外陸資賣出股數(不含外資自營商)"":""2,673,200"",""外陸資買賣超股數(不含外資自營商)"":""-752,826"",""外資自營商買進股數"":""0"",""外資自營商賣出股數"":""0"",""外資自營商買賣超股數"":""0"",""投信買進股數"":""0"",""投信賣出股數"":""0"",""投信買賣超股數"":""0"",""自營商買賣超股數"":""120,818"",""自營商買進股數(自行買賣)"":""6,012"",""自營商賣出股數(自行買賣)"":""6,194"",""自營商買賣超股數(自行買賣)"":""-182"",""自營商買進股數(避險)"":""161,739"",""自營商賣出股數(避險)"":""40,739"",""自營商買賣超股數(避險)"":""121,000"",""三大法人買賣超股數"":""-632,008""}"
2026-10-01,TWSE,1444,力麗            ,146345,795353,-649008,0,0,0,0,0,0,"{""證券代號"":""1444"",""證券名稱"":""力麗            "",""外陸資買進股數(不含外資自營商)"":""146,345"",""外陸資賣出股數(不含外資自營商)"":""795,353"",""外陸資買賣超股數(不含外資自營商)"":""-649,008"",""外資自營商買進股數"":""0"",""外資自營商賣出股數"":""0"",""外資自營商買賣超股數"":""0"",""投信買進股數"":""0"",""投信賣出股數"":""0"",""投信買賣超股數"":""0"",""自營商買賣超股數"":""0"",""自營商買進股數(自行買賣)"":""0"",""自營商賣出股數(自行買賣)"":""0"",""自營商買賣超股數(自行買賣)"":""0"",""自營商買進股數(避險)"":""0"",""自營商賣出股數(避險)"":""0"",""自營商買賣超股數(避險)"":""0"",""三大法人買賣超股數"":""-649,008""}"
2026-10-01,TWSE,2316,楠梓電          ,619785,1234100,-614315,0,0,0,6360,47737,-40377,"{""證券代號"":""2316"",""證券名稱"":""楠梓電          "",""外陸資買進股數(不含外資自營商)"":""619,785"",""外陸資賣出股數(不含外資自營商)"":""1,234,100"",""外陸資買賣超股數(不含外資自營商)"":""-614,315"",""外資自營商買進股數"":""0"",""外資自營商賣出股數"":""0"",""外資自營商買賣超股數"":""0"",""投信買進股數"":""0"",""投信賣出股數"":""0"",""投信買賣超股數"":""0"",""自營商買賣超股數"":""-40,377"",""自營商買進股數(自行買賣)"":""1,000"",""自營商賣出股數(自行買賣)"":""0"",""自營商買賣超股數(自行買賣)"":""1,000"",""自營商買進股數(避險)"":""6,360"",""自營商賣出股數(避險)"":""47,737"",""自營商買賣超股數(避險)"":""-41,377"",""三大法人買賣超股數"":""-654,692""}"
2026-10-01,TWSE,2020,美亞            ,2797000,3438000,-641000,0,0,0,0,0,-45244,"{""證券代號"":""2020"",""證券名稱"":""美亞            "",""外陸資買進股數(不含外資自營商)"":""2,797,000"",""外陸資賣出股數(不含外資自營商)"":""3,438,000"",""外陸資買賣超股數(不含外資自營商)"":""-641,000"",""外資自營商買進股數"":""0"",""外資自營商賣出股數"":""0"",""外資自營商買賣超股數"":""0"",""投信買進股數"":""0"",""投信賣出股數"":""0"",""投信買賣超股數"":""0"",""自營商買賣超股數"":""-45,244"",""自營商買進股數(自行買賣)"":""3,204"",""自營商賣出股數(自行買賣)"":""48,448"",""自營商買賣超股數(自行買賣)"":""-45,244"",""自營商買進股數(避險)"":""0"",""自營商賣出股數(避險)"":""0"",""自營商買賣超股數(避險)"":""0"",""三大法人買賣超股數"":""-686,244""}"
2026-10-01,TWSE,3376,新日興          ,179096,872563,-693467,0,0,0,17106,18676,5363,"{""證券代號"":""3376"",""證券名稱"":""新日興          "",""外陸資買進股數(不含外資自營商)"":""179,096"",""外陸資賣出股數(不含外資自營商)"":""872,563"",""外陸資買賣超股數(不含外資自營商)"":""-693,467"",""外資自營商買進股數"":""0"",""外資自營商賣出股數"":""0"",""外資自營商買賣超股數"":""0"",""投信買進股數"":""0"",""投信賣出股數"":""0"",""投信買賣超股數"":""0"",""自營商買賣超股數"":""5,363"",""自營商買進股數(自行買賣)"":""14,000"",""自營商賣出股數(自行買賣)"":""7,067"",""自營商買賣超股數(自行買賣)"":""6,933"",""自營商買進股數(避險)"":""17,106"",""自營商賣出股數(避險)"":""18,676"",""自營商買賣超股數(避險)"":""-1,570"",""三大法人買賣超股數"":""-688,104""}"
2026-10-01,TWSE,1907,永豐餘          ,299000,420279,-121279,0,589000,-589000,0,0,13271,"{""證券代號"":""1907"",""證券名稱"":""永豐餘          "",""外陸資買進股數(不含外資自營商)"":""299,000"",""外陸資賣出股數(不含外資自營商)"":""420,279"",""外陸資買賣超股數(不含外資自營商)"":""-121,279"",""外資自營商買進股數"":""0"",""外資自營商賣出股數"":""0"",""外資自營商買賣超股數"":""0"",""投信買進股數"":""0"",""投信賣出股數"":""589,000"",""投信買賣超股數"":""-589,000"",""自營商買賣超股數"":""13,271"",""自營商買進股數(自行買賣)"":""13,271"",""自營商賣出股數(自行買賣)"":""0"",""自營商買賣超股數(自行買賣)"":""13,271"",""自營商買進股數(避險)"":""0"",""自營商賣出股數(避險)"":""0"",""自營商買賣超股數(避險)"":""0"",""三大法人買賣超股數"":""-697,008""}"
2026-10-01,TWSE,2009,第一銅          ,72414,762000,-689586,0,0,0,0,9495,-9495,"{""證券代號"":""2009"",""證券名稱"":""第一銅          "",""外陸資買進股數(不含外資自營商)"":""72,414"",""外陸資賣出股數(不含外資自營商)"":""762,000"",""外陸資買賣超股數(不含外資自營商)"":""-689,586"",""外資自營商買進股數"":""0"",""外資自營商賣出股數"":""0"",""外資自營商買賣超股數"":""0"",""投信買進股數"":""0"",""投信賣出股數"":""0"",""投信買賣超股數"":""0"",""自營商買賣超股數"":""-9,495"",""自營商買進股數(自行買賣)"":""0"",""自營商賣出股數(自行買賣)"":""0"",""自營商買賣超股數(自行買賣)"":""0"",""自營商買進股數(避險)"":""0"",""自營商賣出股數(避險)"":""9,495"",""自營商買賣超股數(避險)"":""-9,495"",""三大法人買賣超股數"":""-699,081""}"
2026-10-01,TWSE,6269,台郡            ,392180,1071805,-679625,0,0,0,3000,25248,-21248,"{""證券代號"":""6269"",""證券名稱"":""台郡            "",""外陸資買進股數(不含外資自營商)"":""392,180"",""外陸資賣出股數(不含外資自營商)"":""1,071,805"",""外陸資買賣超股數(不含外資自營商)"":""-679,625"",""外資自營商買進股數"":""0"",""外資自營商賣出股數"":""0"",""外資自營商買賣超股數"":""0"",""投信買進股數"":""0"",""投信賣出股數"":""0"",""投信買賣超股數"":""0"",""自營商買賣超股數"":""-21,248"",""自營商買進股數(自行買賣)"":""5,000"",""自營商賣出股數(自行買賣)"":""4,000"",""自營商買賣超股數(自行買賣)"":""1,000"",""自營商買進股數(避險)"":""3,000"",""自營商賣出股數(避險)"":""25,248"",""自營商買賣超股數(避險)"":""-22,248"",""三大法人買賣超股數"":""-700,873""}"
2026-10-01,TWSE,2485,兆赫            ,432770,1145000,-712230,0,0,0,1319,6440,7879,"{""證券代號"":""2485"",""證券名稱"":""兆赫            "",""外陸資買進股數(不含外資自營商)"":""432,770"",""外陸資賣出股數(不含外資自營商)"":""1,145,000"",""外陸資買賣超股數(不含外資自營商)"":""-712,230"",""外資自營商買進股數"":""0"",""外資自營商賣出股數"":""0"",""外資自營商買賣超股數"":""0"",""投信買進股數"":""0"",""投信賣出股數"":""0"",""投信買賣超股數"":""0"",""自營商買賣超股數"":""7,879"",""自營商買進股數(自行買賣)"":""13,000"",""自營商賣出股數(自行買賣)"":""0"",""自營商買賣超股數(自行買賣)"":""13,000"",""自營商買進股數(避險)"":""1,319"",""自營商賣出股數(避險)"":""6,440"",""自營商買賣超股數(避險)"":""-5,121"",""三大法人買賣超股數"":""-704,351""}"
2026-10-01,TWSE,1708,東鹼            ,355970,1066030,-710060,0,0,0,3000,8640,-5640,"{""證券代號"":""1708"",""證券名稱"":""東鹼            "",""外陸資買進股數(不含外資自營商)"":""355,970"",""外陸資賣出股數(不含外資自營商)"":""1,066,030"",""外陸資買賣超股數(不含外資自營商)"":""-710,060"",""外資自營商買進股數"":""0"",""外資自營商賣出股數"":""0"",""外資自營商買賣超股數"":""0"",""投信買進股數"":""0"",""投信賣出股數"":""0"",""投信買賣超股數"":""0"",""自營商買賣超股數"":""-5,640"",""自營商買進股數(自行買賣)"":""0"",""自營商賣出股數(自行買賣)"":""0"",""自營商買賣超股數(自行買賣)"":""0"",""自營商買進股數(避險)"":""3,000"",""自營商賣出股數(避險)"":""8,640"",""自營商買賣超股數(避險)"":""-5,640"",""三大法人買賣超股數"":""-715,700""}"
2026-10-01,TWSE,00865B,國泰US短期公債  ,151000,71000,80000,0,0,0,119000,922580,-803580,"{""證券代號"":""00865B"",""證券名稱"":""國泰US短期公債  "",""外陸資買進股數(不含外資自營商)"":""151,000"",""外陸資賣出股數(不含外資自營商)"":""71,000"",""外陸資買賣超股數(不含外資自營商)"":""80,000"",""外資自營商買進股數"":""0"",""外資自營商賣出股數"":""0"",""外資自營商買賣超股數"":""0"",""投信買進股數"":""0"",""投信賣出股數"":""0"",""投信買賣超股數"":""0"",""自營商買賣超股數"":""-803,580"",""自營商買進股數(自行買賣)"":""0"",""自營商賣出股數(自行買賣)"":""0"",""自營商買賣超股數(自行買賣)"":""0"",""自營商買進股數(避險)"":""119,000"",""自營商賣出股數(避險)"":""922,580"",""自營商買賣超股數(避險)"":""-803,580"",""三大法人買賣超股數"":""-723,580""}"
2026-10-01,TWSE,6446,藥華藥          ,625908,1318380,-692472,0,53000,-53000,3034,0,13089,"{""證券代號"":""6446"",""證券名稱"":""藥華藥          "",""外陸資買進股數(不含外資自營商)"":""625,908"",""外陸資賣出股數(不含外資自營商)"":""1,318,380"",""外陸資買賣超股數(不含外資自營商)"":""-692,472"",""外資自營商買進股數"":""0"",""外資自營商賣出股數"":""0"",""外資自營商買賣超股數"":""0"",""投信買進股數"":""0"",""投信賣出股數"":""53,000"",""投信買賣超股數"":""-53,000"",""自營商買賣超股數"":""13,089"",""自營商買進股數(自行買賣)"":""137,000"",""自營商賣出股數(自行買賣)"":""126,945"",""自營商買賣超股數(自行買賣)"":""10,055"",""自營商買進股數(避險)"":""3,034"",""自營商賣出股數(避險)"":""0"",""自營商買賣超股數(避險)"":""3,034"",""三大法人買賣超股數"":""-732,383""}"
2026-10-01,TWSE,6153,嘉聯益          ,929141,1616448,-687307,0,0,0,0,0,-59000,"{""證券代號"":""6153"",""證券名稱"":""嘉聯益          "",""外陸資買進股數(不含外資自營商)"":""929,141"",""外陸資賣出股數(不含外資自營商)"":""1,616,448"",""外陸資買賣超股數(不含外資自營商)"":""-687,307"",""外資自營商買進股數"":""0"",""外資自營商賣出股數"":""0"",""外資自營商買賣超股數"":""0"",""投信買進股數"":""0"",""投信賣出股數"":""0"",""投信買賣超股數"":""0"",""自營商買賣超股數"":""-59,000"",""自營商買進股數(自行買賣)"":""23,000"",""自營商賣出股數(自行買賣)"":""82,000"",""自營商買賣超股數(自行買賣)"":""-59,000"",""自營商買進股數(避險)"":""0"",""自營商賣出股數(避險)"":""0"",""自營商買賣超股數(避險)"":""0"",""三大法人買賣超股數"":""-746,307""}"
2026-10-01,TWSE,2399,映泰            ,4389619,5211841,-822222,0,0,0,85154,16037,70117,"{""證券代號"":""2399"",""證券名稱"":""映泰            "",""外陸資買進股數(不含外資自營商)"":""4,389,619"",""外陸資賣出股數(不含外資自營商)"":""5,211,841"",""外陸資買賣超股數(不含外資自營商)"":""-822,222"",""外資自營商買進股數"":""0"",""外資自營商賣出股數"":""0"",""外資自營商買賣超股數"":""0"",""投信買進股數"":""0"",""投信賣出股數"":""0"",""投信買賣超股數"":""0"",""自營商買賣超股數"":""70,117"",""自營商買進股數(自行買賣)"":""1,000"",""自營商賣出股數(自行買賣)"":""0"",""自營商買賣超股數(自行買賣)"":""1,000"",""自營商買進股數(避險)"":""85,154"",""自營商賣出股數(避險)"":""16,037"",""自營商買賣超股數(避險)"":""69,117"",""三大法人買賣超股數"":""-752,105""}"
2026-10-01,TWSE,2360,致茂            ,1125125,817216,307909,46000,1238000,-1192000,142120,68780,76176,"{""證券代號"":""2360"",""證券名稱"":""致茂            "",""外陸資買進股數(不含外資自營商)"":""1,125,125"",""外陸資賣出股數(不含外資自營商)"":""817,216"",""外陸資買賣超股數(不含外資自營商)"":""307,909"",""外資自營商買進股數"":""0"",""外資自營商賣出股數"":""0"",""外資自營商買賣超股數"":""0"",""投信買進股數"":""46,000"",""投信賣出股數"":""1,238,000"",""投信買賣超股數"":""-1,192,000"",""自營商買賣超股數"":""76,176"",""自營商買進股數(自行買賣)"":""19,100"",""自營商賣出股數(自行買賣)"":""16,264"",""自營商買賣超股數(自行買賣)"":""2,836"",""自營商買進股數(避險)"":""142,120"",""自營商賣出股數(避險)"":""68,780"",""自營商買賣超股數(避險)"":""73,340"",""三大法人買賣超股數"":""-807,915""}"
2026-10-01,TWSE,7788,松川精密        ,579342,1371466,-792124,0,0,0,18150,35394,-16412,"{""證券代號"":""7788"",""證券名稱"":""松川精密        "",""外陸資買進股數(不含外資自營商)"":""579,342"",""外陸資賣出股數(不含外資自營商)"":""1,371,466"",""外陸資買賣超股數(不含外資自營商)"":""-792,124"",""外資自營商買進股數"":""0"",""外資自營商賣出股數"":""0"",""外資自營商買賣超股數"":""0"",""投信買進股數"":""0"",""投信賣出股數"":""0"",""投信買賣超股數"":""0"",""自營商買賣超股數"":""-16,412"",""自營商買進股數(自行買賣)"":""2,000"",""自營商賣出股數(自行買賣)"":""1,168"",""自營商買賣超股數(自行買賣)"":""832"",""自營商買進股數(避險)"":""18,150"",""自營商賣出股數(避險)"":""35,394"",""自營商買賣超股數(避險)"":""-17,244"",""三大法人買賣超股數"":""-808,536""}"
2026-10-01,TWSE,2441,超豐            ,301829,1194269,-892440,106000,0,106000,6000,59031,-36031,"{""證券代號"":""2441"",""證券名稱"":""超豐            "",""外陸資買進股數(不含外資自營商)"":""301,829"",""外陸資賣出股數(不含外資自營商)"":""1,194,269"",""外陸資買賣超股數(不含外資自營商)"":""-892,440"",""外資自營商買進股數"":""0"",""外資自營商賣出股數"":""0"",""外資自營商買賣超股數"":""0"",""投信買進股數"":""106,000"",""投信賣出股數"":""0"",""投信買賣超股數"":""106,000"",""自營商買賣超股數"":""-36,031"",""自營商買進股數(自行買賣)"":""26,000"",""自營商賣出股數(自行買賣)"":""9,000"",""自營商買賣超股數(自行買賣)"":""17,000"",""自營商買進股數(避險)"":""6,000"",""自營商賣出股數(避險)"":""59,031"",""自營商買賣超股數(避險)"":""-53,031"",""三大法人買賣超股數"":""-822,471""}"
2026-10-01,TWSE,1216,統一            ,2896104,4190323,-1294219,942000,805000,137000,507720,4000,322626,"{""證券代號"":""1216"",""證券名稱"":""統一            "",""外陸資買進股數(不含外資自營商)"":""2,896,104"",""外陸資賣出股數(不含外資自營商)"":""4,190,323"",""外陸資買賣超股數(不含外資自營商)"":""-1,294,219"",""外資自營商買進股數"":""0"",""外資自營商賣出股數"":""0"",""外資自營商買賣超股數"":""0"",""投信買進股數"":""942,000"",""投信賣出股數"":""805,000"",""投信買賣超股數"":""137,000"",""自營商買賣超股數"":""322,626"",""自營商買進股數(自行買賣)"":""0"",""自營商賣出股數(自行買賣)"":""181,094"",""自營商買賣超股數(自行買賣)"":""-181,094"",""自營商買進股數(避險)"":""507,720"",""自營商賣出股數(避險)"":""4,000"",""自營商買賣超股數(避險)"":""503,720"",""三大法人買賣超股數"":""-834,593""}"
2026-10-01,TWSE,2101,南港            ,81394,919321,-837927,0,0,0,0,8221,-6221,"{""證券代號"":""2101"",""證券名稱"":""南港            "",""外陸資買進股數(不含外資自營商)"":""81,394"",""外陸資賣出股數(不含外資自營商)"":""919,321"",""外陸資買賣超股數(不含外資自營商)"":""-837,927"",""外資自營商買進股數"":""0"",""外資自營商賣出股數"":""0"",""外資自營商買賣超股數"":""0"",""投信買進股數"":""0"",""投信賣出股數"":""0"",""投信買賣超股數"":""0"",""自營商買賣超股數"":""-6,221"",""自營商買進股數(自行買賣)"":""2,000"",""自營商賣出股數(自行買賣)"":""0"",""自營商買賣超股數(自行買賣)"":""2,000"",""自營商買進股數(避險)"":""0"",""自營商賣出股數(避險)"":""8,221"",""自營商買賣超股數(避險)"":""-8,221"",""三大法人買賣超股數"":""-844,148""}"
2026-10-01,TWSE,2851,中再保          ,1587100,1575678,11422,0,834000,-834000,19000,26274,-28274,"{""證券代號"":""2851"",""證券名稱"":""中再保          "",""外陸資買進股數(不含外資自營商)"":""1,587,100"",""外陸資賣出股數(不含外資自營商)"":""1,575,678"",""外陸資買賣超股數(不含外資自營商)"":""11,422"",""外資自營商買進股數"":""0"",""外資自營商賣出股數"":""0"",""外資自營商買賣超股數"":""0"",""投信買進股數"":""0"",""投信賣出股數"":""834,000"",""投信買賣超股數"":""-834,000"",""自營商買賣超股數"":""-28,274"",""自營商買進股數(自行買賣)"":""9,000"",""自營商賣出股數(自行買賣)"":""30,000"",""自營商買賣超股數(自行買賣)"":""-21,000"",""自營商買進股數(避險)"":""19,000"",""自營商賣出股數(避險)"":""26,274"",""自營商買賣超股數(避險)"":""-7,274"",""三大法人買賣超股數"":""-850,852""}"
2026-10-01,TWSE,1310,台苯            ,694911,1549524,-854613,0,0,0,0,0,1000,"{""證券代號"":""1310"",""證券名稱"":""台苯            "",""外陸資買進股數(不含外資自營商)"":""694,911"",""外陸資賣出股數(不含外資自營商)"":""1,549,524"",""外陸資買賣超股數(不含外資自營商)"":""-854,613"",""外資自營商買進股數"":""0"",""外資自營商賣出股數"":""0"",""外資自營商買賣超股數"":""0"",""投信買進股數"":""0"",""投信賣出股數"":""0"",""投信買賣超股數"":""0"",""自營商買賣超股數"":""1,000"",""自營商買進股數(自行買賣)"":""1,000"",""自營商賣出股數(自行買賣)"":""0"",""自營商買賣超股數(自行買賣)"":""1,000"",""自營商買進股數(避險)"":""0"",""自營商賣出股數(避險)"":""0"",""自營商買賣超股數(避險)"":""0"",""三大法人買賣超股數"":""-853,613""}"
2026-10-01,TWSE,8422,可寧衛*         ,435000,1298499,-863499,0,0,0,4000,6000,-2000,"{""證券代號"":""8422"",""證券名稱"":""可寧衛*         "",""外陸資買進股數(不含外資自營商)"":""435,000"",""外陸資賣出股數(不含外資自營商)"":""1,298,499"",""外陸資買賣超股數(不含外資自營商)"":""-863,499"",""外資自營商買進股數"":""0"",""外資自營商賣出股數"":""0"",""外資自營商買賣超股數"":""0"",""投信買進股數"":""0"",""投信賣出股數"":""0"",""投信買賣超股數"":""0"",""自營商買賣超股數"":""-2,000"",""自營商買進股數(自行買賣)"":""0"",""自營商賣出股數(自行買賣)"":""0"",""自營商買賣超股數(自行買賣)"":""0"",""自營商買進股數(避險)"":""4,000"",""自營商賣出股數(避險)"":""6,000"",""自營商買賣超股數(避險)"":""-2,000"",""三大法人買賣超股數"":""-865,499""}"
2026-10-01,TWSE,5388,中磊            ,946250,1835327,-889077,0,0,0,2000,5997,-2822,"{""證券代號"":""5388"",""證券名稱"":""中磊            "",""外陸資買進股數(不含外資自營商)"":""946,250"",""外陸資賣出股數(不含外資自營商)"":""1,835,327"",""外陸資買賣超股數(不含外資自營商)"":""-889,077"",""外資自營商買進股數"":""0"",""外資自營商賣出股數"":""0"",""外資自營商買賣超股數"":""0"",""投信買進股數"":""0"",""投信賣出股數"":""0"",""投信買賣超股數"":""0"",""自營商買賣超股數"":""-2,822"",""自營商買進股數(自行買賣)"":""13,000"",""自營商賣出股數(自行買賣)"":""11,825"",""自營商買賣超股數(自行買賣)"":""1,175"",""自營商買進股數(避險)"":""2,000"",""自營商賣出股數(避險)"":""5,997"",""自營商買賣超股數(避險)"":""-3,997"",""三大法人買賣超股數"":""-891,899""}"
2026-10-01,TWSE,2486,一詮            ,2717530,3541050,-823520,9000,49000,-40000,13047,12069,-30022,"{""證券代號"":""2486"",""證券名稱"":""一詮            "",""外陸資買進股數(不含外資自營商)"":""2,717,530"",""外陸資賣出股數(不含外資自營商)"":""3,541,050"",""外陸資買賣超股數(不含外資自營商)"":""-823,520"",""外資自營商買進股數"":""0"",""外資自營商賣出股數"":""0"",""外資自營商買賣超股數"":""0"",""投信買進股數"":""9,000"",""投信賣出股數"":""49,000"",""投信買賣超股數"":""-40,000"",""自營商買賣超股數"":""-30,022"",""自營商買進股數(自行買賣)"":""25,000"",""自營商賣出股數(自行買賣)"":""56,000"",""自營商買賣超股數(自行買賣)"":""-31,000"",""自營商買進股數(避險)"":""13,047"",""自營商賣出股數(避險)"":""12,069"",""自營商買賣超股數(避險)"":""978"",""三大法人買賣超股數"":""-893,542""}"
2026-10-01,TWSE,2312,金寶            ,1053972,1857654,-803682,0,0,0,5000,77788,-94788,"{""證券代號"":""2312"",""證券名稱"":""金寶            "",""外陸資買進股數(不含外資自營商)"":""1,053,972"",""外陸資賣出股數(不含外資自營商)"":""1,857,654"",""外陸資買賣超股數(不含外資自營商)"":""-803,682"",""外資自營商買進股數"":""0"",""外資自營商賣出股數"":""0"",""外資自營商買賣超股數"":""0"",""投信買進股數"":""0"",""投信賣出股數"":""0"",""投信買賣超股數"":""0"",""自營商買賣超股數"":""-94,788"",""自營商買進股數(自行買賣)"":""6,000"",""自營商賣出股數(自行買賣)"":""28,000"",""自營商買賣超股數(自行買賣)"":""-22,000"",""自營商買進股數(避險)"":""5,000"",""自營商賣出股數(避險)"":""77,788"",""自營商買賣超股數(避險)"":""-72,788"",""三大法人買賣超股數"":""-898,470""}"
2026-10-01,TWSE,3563,牧德            ,463036,1307711,-844675,0,0,0,40819,92819,-65985,"{""證券代號"":""3563"",""證券名稱"":""牧德            "",""外陸資買進股數(不含外資自營商)"":""463,036"",""外陸資賣出股數(不含外資自營商)"":""1,307,711"",""外陸資買賣超股數(不含外資自營商)"":""-844,675"",""外資自營商買進股數"":""0"",""外資自營商賣出股數"":""0"",""外資自營商買賣超股數"":""0"",""投信買進股數"":""0"",""投信賣出股數"":""0"",""投信買賣超股數"":""0"",""自營商買賣超股數"":""-65,985"",""自營商買進股數(自行買賣)"":""30,015"",""自營商賣出股數(自行買賣)"":""44,000"",""自營商買賣超股數(自行買賣)"":""-13,985"",""自營商買進股數(避險)"":""40,819"",""自營商賣出股數(避險)"":""92,819"",""自營商買賣超股數(避險)"":""-52,000"",""三大法人買賣超股數"":""-910,660""}"
2026-10-01,TWSE,2838,聯邦銀          ,323190,1239865,-916675,0,0,0,51000,35288,5712,"{""證券代號"":""2838"",""證券名稱"":""聯邦銀          "",""外陸資買進股數(不含外資自營商)"":""323,190"",""外陸資賣出股數(不含外資自營商)"":""1,239,865"",""外陸資買賣超股數(不含外資自營商)"":""-916,675"",""外資自營商買進股數"":""0"",""外資自營商賣出股數"":""0"",""外資自營商買賣超股數"":""0"",""投信買進股數"":""0"",""投信賣出股數"":""0"",""投信買賣超股數"":""0"",""自營商買賣超股數"":""5,712"",""自營商買進股數(自行買賣)"":""0"",""自營商賣出股數(自行買賣)"":""10,000"",""自營商買賣超股數(自行買賣)"":""-10,000"",""自營商買進股數(避險)"":""51,000"",""自營商賣出股數(避險)"":""35,288"",""自營商買賣超股數(避險)"":""15,712"",""三大法人買賣超股數"":""-910,963""}"
2026-10-01,TWSE,00641R,富邦日本反1     ,0,0,0,0,0,0,60000,976043,-916043,"{""證券代號"":""00641R"",""證券名稱"":""富邦日本反1     "",""外陸資買進股數(不含外資自營商)"":""0"",""外陸資賣出股數(不含外資自營商)"":""0"",""外陸資買賣超股數(不含外資自營商)"":""0"",""外資自營商買進股數"":""0"",""外資自營商賣出股數"":""0"",""外資自營商買賣超股數"":""0"",""投信買進股數"":""0"",""投信賣出股數"":""0"",""投信買賣超股數"":""0"",""自營商買賣超股數"":""-916,043"",""自營商買進股數(自行買賣)"":""0"",""自營商賣出股數(自行買賣)"":""0"",""自營商買賣超股數(自行買賣)"":""0"",""自營商買進股數(避險)"":""60,000"",""自營商賣出股數(避險)"":""976,043"",""自營商買賣超股數(避險)"":""-916,043"",""三大法人買賣超股數"":""-916,043""}"
2026-10-01,TWSE,2820,華票            ,311384,1271000,-959616,0,0,0,0,0,26000,"{""證券代號"":""2820"",""證券名稱"":""華票            "",""外陸資買進股數(不含外資自營商)"":""311,384"",""外陸資賣出股數(不含外資自營商)"":""1,271,000"",""外陸資買賣超股數(不含外資自營商)"":""-959,616"",""外資自營商買進股數"":""0"",""外資自營商賣出股數"":""0"",""外資自營商買賣超股數"":""0"",""投信買進股數"":""0"",""投信賣出股數"":""0"",""投信買賣超股數"":""0"",""自營商買賣超股數"":""26,000"",""自營商買進股數(自行買賣)"":""26,000"",""自營商賣出股數(自行買賣)"":""0"",""自營商買賣超股數(自行買賣)"":""26,000"",""自營商買進股數(避險)"":""0"",""自營商賣出股數(避險)"":""0"",""自營商買賣超股數(避險)"":""0"",""三大法人買賣超股數"":""-933,616""}"
2026-10-01,TWSE,1905,華紙            ,780000,1737448,-957448,0,0,0,360,25088,11272,"{""證券代號"":""1905"",""證券名稱"":""華紙            "",""外陸資買進股數(不含外資自營商)"":""780,000"",""外陸資賣出股數(不含外資自營商)"":""1,737,448"",""外陸資買賣超股數(不含外資自營商)"":""-957,448"",""外資自營商買進股數"":""0"",""外資自營商賣出股數"":""0"",""外資自營商買賣超股數"":""0"",""投信買進股數"":""0"",""投信賣出股數"":""0"",""投信買賣超股數"":""0"",""自營商買賣超股數"":""11,272"",""自營商買進股數(自行買賣)"":""40,000"",""自營商賣出股數(自行買賣)"":""4,000"",""自營商買賣超股數(自行買賣)"":""36,000"",""自營商買進股數(避險)"":""360"",""自營商賣出股數(避險)"":""25,088"",""自營商買賣超股數(避險)"":""-24,728"",""三大法人買賣超股數"":""-946,176""}"
2026-10-01,TWSE,2241,艾姆勒          ,350120,1331193,-981073,0,0,0,0,0,2000,"{""證券代號"":""2241"",""證券名稱"":""艾姆勒          "",""外陸資買進股數(不含外資自營商)"":""350,120"",""外陸資賣出股數(不含外資自營商)"":""1,331,193"",""外陸資買賣超股數(不含外資自營商)"":""-981,073"",""外資自營商買進股數"":""0"",""外資自營商賣出股數"":""0"",""外資自營商買賣超股數"":""0"",""投信買進股數"":""0"",""投信賣出股數"":""0"",""投信買賣超股數"":""0"",""自營商買賣超股數"":""2,000"",""自營商買進股數(自行買賣)"":""2,000"",""自營商賣出股數(自行買賣)"":""0"",""自營商買賣超股數(自行買賣)"":""2,000"",""自營商買進股數(避險)"":""0"",""自營商賣出股數(避險)"":""0"",""自營商買賣超股數(避險)"":""0"",""三大法人買賣超股數"":""-979,073""}"
2026-10-01,TWSE,2603,長榮            ,1448932,2823189,-1374257,1143000,811000,332000,245480,191890,50590,"{""證券代號"":""2603"",""證券名稱"":""長榮            "",""外陸資買進股數(不含外資自營商)"":""1,448,932"",""外陸資賣出股數(不含外資自營商)"":""2,823,189"",""外陸資買賣超股數(不含外資自營商)"":""-1,374,257"",""外資自營商買進股數"":""0"",""外資自營商賣出股數"":""0"",""外資自營商買賣超股數"":""0"",""投信買進股數"":""1,143,000"",""投信賣出股數"":""811,000"",""投信買賣超股數"":""332,000"",""自營商買賣超股數"":""50,590"",""自營商買進股數(自行買賣)"":""243,000"",""自營商賣出股數(自行買賣)"":""246,000"",""自營商買賣超股數(自行買賣)"":""-3,000"",""自營商買進股數(避險)"":""245,480"",""自營商賣出股數(避險)"":""191,890"",""自營商買賣超股數(避險)"":""53,590"",""三大法人買賣超股數"":""-991,667""}"
2026-10-01,TWSE,6139,亞翔            ,501826,1246489,-744663,3000,290000,-287000,104023,126764,7656,"{""證券代號"":""6139"",""證券名稱"":""亞翔            "",""外陸資買進股數(不含外資自營商)"":""501,826"",""外陸資賣出股數(不含外資自營商)"":""1,246,489"",""外陸資買賣超股數(不含外資自營商)"":""-744,663"",""外資自營商買進股數"":""0"",""外資自營商賣出股數"":""0"",""外資自營商買賣超股數"":""0"",""投信買進股數"":""3,000"",""投信賣出股數"":""290,000"",""投信買賣超股數"":""-287,000"",""自營商買賣超股數"":""7,656"",""自營商買進股數(自行買賣)"":""33,262"",""自營商賣出股數(自行買賣)"":""2,865"",""自營商買賣超股數(自行買賣)"":""30,397"",""自營商買進股數(避險)"":""104,023"",""自營商賣出股數(避險)"":""126,764"",""自營商買賣超股數(避險)"":""-22,741"",""三大法人買賣超股數"":""-1,024,007""}"
2026-10-01,TWSE,2855,統一證          ,735800,2376280,-1640480,770000,220000,550000,0,0,0,"{""證券代號"":""2855"",""證券名稱"":""統一證          "",""外陸資買進股數(不含外資自營商)"":""735,800"",""外陸資賣出股數(不含外資自營商)"":""2,376,280"",""外陸資買賣超股數(不含外資自營商)"":""-1,640,480"",""外資自營商買進股數"":""0"",""外資自營商賣出股數"":""0"",""外資自營商買賣超股數"":""0"",""投信買進股數"":""770,000"",""投信賣出股數"":""220,000"",""投信買賣超股數"":""550,000"",""自營商買賣超股數"":""0"",""自營商買進股數(自行買賣)"":""0"",""自營商賣出股數(自行買賣)"":""0"",""自營商買賣超股數(自行買賣)"":""0"",""自營商買進股數(避險)"":""0"",""自營商賣出股數(避險)"":""0"",""自營商買賣超股數(避險)"":""0"",""三大法人買賣超股數"":""-1,090,480""}"
2026-10-01,TWSE,3714,富采            ,1756995,3606408,-1849413,712000,0,712000,25000,25255,42745,"{""證券代號"":""3714"",""證券名稱"":""富采            "",""外陸資買進股數(不含外資自營商)"":""1,756,995"",""外陸資賣出股數(不含外資自營商)"":""3,606,408"",""外陸資買賣超股數(不含外資自營商)"":""-1,849,413"",""外資自營商買進股數"":""0"",""外資自營商賣出股數"":""0"",""外資自營商買賣超股數"":""0"",""投信買進股數"":""712,000"",""投信賣出股數"":""0"",""投信買賣超股數"":""712,000"",""自營商買賣超股數"":""42,745"",""自營商買進股數(自行買賣)"":""57,000"",""自營商賣出股數(自行買賣)"":""14,000"",""自營商買賣超股數(自行買賣)"":""43,000"",""自營商買進股數(避險)"":""25,000"",""自營商賣出股數(避險)"":""25,255"",""自營商買賣超股數(避險)"":""-255"",""三大法人買賣超股數"":""-1,094,668""}"
2026-10-01,TWSE,2313,華通            ,1763442,2701242,-937800,55000,170000,-115000,42723,67511,-44788,"{""證券代號"":""2313"",""證券名稱"":""華通            "",""外陸資買進股數(不含外資自營商)"":""1,763,442"",""外陸資賣出股數(不含外資自營商)"":""2,701,242"",""外陸資買賣超股數(不含外資自營商)"":""-937,800"",""外資自營商買進股數"":""0"",""外資自營商賣出股數"":""0"",""外資自營商買賣超股數"":""0"",""投信買進股數"":""55,000"",""投信賣出股數"":""170,000"",""投信買賣超股數"":""-115,000"",""自營商買賣超股數"":""-44,788"",""自營商買進股數(自行買賣)"":""5,000"",""自營商賣出股數(自行買賣)"":""25,000"",""自營商買賣超股數(自行買賣)"":""-20,000"",""自營商買進股數(避險)"":""42,723"",""自營商賣出股數(避險)"":""67,511"",""自營商買賣超股數(避險)"":""-24,788"",""三大法人買賣超股數"":""-1,097,588""}"
2026-10-01,TWSE,2349,錸德            ,262000,1383338,-1121338,0,0,0,0,0,0,"{""證券代號"":""2349"",""證券名稱"":""錸德            "",""外陸資買進股數(不含外資自營商)"":""262,000"",""外陸資賣出股數(不含外資自營商)"":""1,383,338"",""外陸資買賣超股數(不含外資自營商)"":""-1,121,338"",""外資自營商買進股數"":""0"",""外資自營商賣出股數"":""0"",""外資自營商買賣超股數"":""0"",""投信買進股數"":""0"",""投信賣出股數"":""0"",""投信買賣超股數"":""0"",""自營商買賣超股數"":""0"",""自營商買進股數(自行買賣)"":""0"",""自營商賣出股數(自行買賣)"":""0"",""自營商買賣超股數(自行買賣)"":""0"",""自營商買進股數(避險)"":""0"",""自營商賣出股數(避險)"":""0"",""自營商買賣超股數(避險)"":""0"",""三大法人買賣超股數"":""-1,121,338""}"
2026-10-01,TWSE,2605,新興            ,1633688,2709208,-1075520,0,0,0,7000,49975,-58007,"{""證券代號"":""2605"",""證券名稱"":""新興            "",""外陸資買進股數(不含外資自營商)"":""1,633,688"",""外陸資賣出股數(不含外資自營商)"":""2,709,208"",""外陸資買賣超股數(不含外資自營商)"":""-1,075,520"",""外資自營商買進股數"":""0"",""外資自營商賣出股數"":""0"",""外資自營商買賣超股數"":""0"",""投信買進股數"":""0"",""投信賣出股數"":""0"",""投信買賣超股數"":""0"",""自營商買賣超股數"":""-58,007"",""自營商買進股數(自行買賣)"":""8,000"",""自營商賣出股數(自行買賣)"":""23,032"",""自營商買賣超股數(自行買賣)"":""-15,032"",""自營商買進股數(避險)"":""7,000"",""自營商賣出股數(避險)"":""49,975"",""自營商買賣超股數(避險)"":""-42,975"",""三大法人買賣超股數"":""-1,133,527""}"
2026-10-01,TWSE,3380,明泰            ,308100,1429000,-1120900,0,0,0,0,8505,-16505,"{""證券代號"":""3380"",""證券名稱"":""明泰            "",""外陸資買進股數(不含外資自營商)"":""308,100"",""外陸資賣出股數(不含外資自營商)"":""1,429,000"",""外陸資買賣超股數(不含外資自營商)"":""-1,120,900"",""外資自營商買進股數"":""0"",""外資自營商賣出股數"":""0"",""外資自營商買賣超股數"":""0"",""投信買進股數"":""0"",""投信賣出股數"":""0"",""投信買賣超股數"":""0"",""自營商買賣超股數"":""-16,505"",""自營商買進股數(自行買賣)"":""12,000"",""自營商賣出股數(自行買賣)"":""20,000"",""自營商買賣超股數(自行買賣)"":""-8,000"",""自營商買進股數(避險)"":""0"",""自營商賣出股數(避險)"":""8,505"",""自營商買賣超股數(避險)"":""-8,505"",""三大法人買賣超股數"":""-1,137,405""}"
2026-10-01,TWSE,2880,華南金          ,5135215,10459850,-5324635,2818000,0,2818000,1403146,44547,1346697,"{""證券代號"":""2880"",""證券名稱"":""華南金          "",""外陸資買進股數(不含外資自營商)"":""5,135,215"",""外陸資賣出股數(不含外資自營商)"":""10,459,850"",""外陸資買賣超股數(不含外資自營商)"":""-5,324,635"",""外資自營商買進股數"":""0"",""外資自營商賣出股數"":""0"",""外資自營商買賣超股數"":""0"",""投信買進股數"":""2,818,000"",""投信賣出股數"":""0"",""投信買賣超股數"":""2,818,000"",""自營商買賣超股數"":""1,346,697"",""自營商買進股數(自行買賣)"":""86,000"",""自營商賣出股數(自行買賣)"":""97,902"",""自營商買賣超股數(自行買賣)"":""-11,902"",""自營商買進股數(避險)"":""1,403,146"",""自營商賣出股數(避險)"":""44,547"",""自營商買賣超股數(避險)"":""1,358,599"",""三大法人買賣超股數"":""-1,159,938""}"
2026-10-01,TWSE,8028,昇陽半導體      ,766565,1944300,-1177735,0,0,0,110000,115152,14848,"{""證券代號"":""8028"",""證券名稱"":""昇陽半導體      "",""外陸資買進股數(不含外資自營商)"":""766,565"",""外陸資賣出股數(不含外資自營商)"":""1,944,300"",""外陸資買賣超股數(不含外資自營商)"":""-1,177,735"",""外資自營商買進股數"":""0"",""外資自營商賣出股數"":""0"",""外資自營商買賣超股數"":""0"",""投信買進股數"":""0"",""投信賣出股數"":""0"",""投信買賣超股數"":""0"",""自營商買賣超股數"":""14,848"",""自營商買進股數(自行買賣)"":""20,000"",""自營商賣出股數(自行買賣)"":""0"",""自營商買賣超股數(自行買賣)"":""20,000"",""自營商買進股數(避險)"":""110,000"",""自營商賣出股數(避險)"":""115,152"",""自營商買賣超股數(避險)"":""-5,152"",""三大法人買賣超股數"":""-1,162,887""}"
2026-10-01,TWSE,2501,國建            ,100831,1325069,-1224238,0,0,0,6164,734,5430,"{""證券代號"":""2501"",""證券名稱"":""國建            "",""外陸資買進股數(不含外資自營商)"":""100,831"",""外陸資賣出股數(不含外資自營商)"":""1,325,069"",""外陸資買賣超股數(不含外資自營商)"":""-1,224,238"",""外資自營商買進股數"":""0"",""外資自營商賣出股數"":""0"",""外資自營商買賣超股數"":""0"",""投信買進股數"":""0"",""投信賣出股數"":""0"",""投信買賣超股數"":""0"",""自營商買賣超股數"":""5,430"",""自營商買進股數(自行買賣)"":""0"",""自營商賣出股數(自行買賣)"":""0"",""自營商買賣超股數(自行買賣)"":""0"",""自營商買進股數(避險)"":""6,164"",""自營商賣出股數(避險)"":""734"",""自營商買賣超股數(避險)"":""5,430"",""三大法人買賣超股數"":""-1,218,808""}"
2026-10-01,TWSE,2337,旺宏            ,5197831,6302048,-1104217,6000,0,6000,371008,450919,-133911,"{""證券代號"":""2337"",""證券名稱"":""旺宏            "",""外陸資買進股數(不含外資自營商)"":""5,197,831"",""外陸資賣出股數(不含外資自營商)"":""6,302,048"",""外陸資買賣超股數(不含外資自營商)"":""-1,104,217"",""外資自營商買進股數"":""0"",""外資自營商賣出股數"":""0"",""外資自營商買賣超股數"":""0"",""投信買進股數"":""6,000"",""投信賣出股數"":""0"",""投信買賣超股數"":""6,000"",""自營商買賣超股數"":""-133,911"",""自營商買進股數(自行買賣)"":""2,000"",""自營商賣出股數(自行買賣)"":""56,000"",""自營商買賣超股數(自行買賣)"":""-54,000"",""自營商買進股數(避險)"":""371,008"",""自營商賣出股數(避險)"":""450,919"",""自營商買賣超股數(避險)"":""-79,911"",""三大法人買賣超股數"":""-1,232,128""}"
2026-10-01,TWSE,3450,聯鈞            ,1254931,1529738,-274807,159000,1080000,-921000,30072,32673,-39601,"{""證券代號"":""3450"",""證券名稱"":""聯鈞            "",""外陸資買進股數(不含外資自營商)"":""1,254,931"",""外陸資賣出股數(不含外資自營商)"":""1,529,738"",""外陸資買賣超股數(不含外資自營商)"":""-274,807"",""外資自營商買進股數"":""0"",""外資自營商賣出股數"":""0"",""外資自營商買賣超股數"":""0"",""投信買進股數"":""159,000"",""投信賣出股數"":""1,080,000"",""投信買賣超股數"":""-921,000"",""自營商買賣超股數"":""-39,601"",""自營商買進股數(自行買賣)"":""4,000"",""自營商賣出股數(自行買賣)"":""41,000"",""自營商買賣超股數(自行買賣)"":""-37,000"",""自營商買進股數(避險)"":""30,072"",""自營商賣出股數(避險)"":""32,673"",""自營商買賣超股數(避險)"":""-2,601"",""三大法人買賣超股數"":""-1,235,408""}"
2026-10-01,TWSE,2498,宏達電          ,6347560,7511968,-1164408,0,0,0,211791,120568,-75777,"{""證券代號"":""2498"",""證券名稱"":""宏達電          "",""外陸資買進股數(不含外資自營商)"":""6,347,560"",""外陸資賣出股數(不含外資自營商)"":""7,511,968"",""外陸資買賣超股數(不含外資自營商)"":""-1,164,408"",""外資自營商買進股數"":""0"",""外資自營商賣出股數"":""0"",""外資自營商買賣超股數"":""0"",""投信買進股數"":""0"",""投信賣出股數"":""0"",""投信買賣超股數"":""0"",""自營商買賣超股數"":""-75,777"",""自營商買進股數(自行買賣)"":""235,032"",""自營商賣出股數(自行買賣)"":""402,032"",""自營商買賣超股數(自行買賣)"":""-167,000"",""自營商買進股數(避險)"":""211,791"",""自營商賣出股數(避險)"":""120,568"",""自營商買賣超股數(避險)"":""91,223"",""三大法人買賣超股數"":""-1,240,185""}"
2026-10-01,TWSE,2332,友訊            ,693336,1948130,-1254794,0,0,0,773,1000,13773,"{""證券代號"":""2332"",""證券名稱"":""友訊            "",""外陸資買進股數(不含外資自營商)"":""693,336"",""外陸資賣出股數(不含外資自營商)"":""1,948,130"",""外陸資買賣超股數(不含外資自營商)"":""-1,254,794"",""外資自營商買進股數"":""0"",""外資自營商賣出股數"":""0"",""外資自營商買賣超股數"":""0"",""投信買進股數"":""0"",""投信賣出股數"":""0"",""投信買賣超股數"":""0"",""自營商買賣超股數"":""13,773"",""自營商買進股數(自行買賣)"":""22,000"",""自營商賣出股數(自行買賣)"":""8,000"",""自營商買賣超股數(自行買賣)"":""14,000"",""自營商買進股數(避險)"":""773"",""自營商賣出股數(避險)"":""1,000"",""自營商買賣超股數(避險)"":""-227"",""三大法人買賣超股數"":""-1,241,021""}"
2026-10-01,TWSE,3149,正達            ,7614283,8734050,-1119767,0,0,0,80001,238114,-158113,"{""證券代號"":""3149"",""證券名稱"":""正達            "",""外陸資買進股數(不含外資自營商)"":""7,614,283"",""外陸資賣出股數(不含外資自營商)"":""8,734,050"",""外陸資買賣超股數(不含外資自營商)"":""-1,119,767"",""外資自營商買進股數"":""0"",""外資自營商賣出股數"":""0"",""外資自營商買賣超股數"":""0"",""投信買進股數"":""0"",""投信賣出股數"":""0"",""投信買賣超股數"":""0"",""自營商買賣超股數"":""-158,113"",""自營商買進股數(自行買賣)"":""1,000"",""自營商賣出股數(自行買賣)"":""1,000"",""自營商買賣超股數(自行買賣)"":""0"",""自營商買進股數(避險)"":""80,001"",""自營商賣出股數(避險)"":""238,114"",""自營商買賣超股數(避險)"":""-158,113"",""三大法人買賣超股數"":""-1,277,880""}"
2026-10-01,TWSE,2483,百容            ,1085800,2383359,-1297559,26,0,26,0,0,-4001,"{""證券代號"":""2483"",""證券名稱"":""百容            "",""外陸資買進股數(不含外資自營商)"":""1,085,800"",""外陸資賣出股數(不含外資自營商)"":""2,383,359"",""外陸資買賣超股數(不含外資自營商)"":""-1,297,559"",""外資自營商買進股數"":""0"",""外資自營商賣出股數"":""0"",""外資自營商買賣超股數"":""0"",""投信買進股數"":""26"",""投信賣出股數"":""0"",""投信買賣超股數"":""26"",""自營商買賣超股數"":""-4,001"",""自營商買進股數(自行買賣)"":""3,000"",""自營商賣出股數(自行買賣)"":""7,001"",""自營商買賣超股數(自行買賣)"":""-4,001"",""自營商買進股數(避險)"":""0"",""自營商賣出股數(避險)"":""0"",""自營商買賣超股數(避險)"":""0"",""三大法人買賣超股數"":""-1,301,534""}"
2026-10-01,TWSE,1904,正隆            ,146455,1476675,-1330220,0,0,0,5000,0,20000,"{""證券代號"":""1904"",""證券名稱"":""正隆            "",""外陸資買進股數(不含外資自營商)"":""146,455"",""外陸資賣出股數(不含外資自營商)"":""1,476,675"",""外陸資買賣超股數(不含外資自營商)"":""-1,330,220"",""外資自營商買進股數"":""0"",""外資自營商賣出股數"":""0"",""外資自營商買賣超股數"":""0"",""投信買進股數"":""0"",""投信賣出股數"":""0"",""投信買賣超股數"":""0"",""自營商買賣超股數"":""20,000"",""自營商買進股數(自行買賣)"":""15,000"",""自營商賣出股數(自行買賣)"":""0"",""自營商買賣超股數(自行買賣)"":""15,000"",""自營商買進股數(避險)"":""5,000"",""自營商賣出股數(避險)"":""0"",""自營商買賣超股數(避險)"":""5,000"",""三大法人買賣超股數"":""-1,310,220""}"
2026-10-01,TWSE,2836,高雄銀          ,95000,1409870,-1314870,0,0,0,0,0,0,"{""證券代號"":""2836"",""證券名稱"":""高雄銀          "",""外陸資買進股數(不含外資自營商)"":""95,000"",""外陸資賣出股數(不含外資自營商)"":""1,409,870"",""外陸資買賣超股數(不含外資自營商)"":""-1,314,870"",""外資自營商買進股數"":""0"",""外資自營商賣出股數"":""0"",""外資自營商買賣超股數"":""0"",""投信買進股數"":""0"",""投信賣出股數"":""0"",""投信買賣超股數"":""0"",""自營商買賣超股數"":""0"",""自營商買進股數(自行買賣)"":""0"",""自營商賣出股數(自行買賣)"":""0"",""自營商買賣超股數(自行買賣)"":""0"",""自營商買進股數(避險)"":""0"",""自營商賣出股數(避險)"":""0"",""自營商買賣超股數(避險)"":""0"",""三大法人買賣超股數"":""-1,314,870""}"
2026-10-01,TWSE,2903,遠百            ,338259,893000,-554741,0,797500,-797500,0,0,33000,"{""證券代號"":""2903"",""證券名稱"":""遠百            "",""外陸資買進股數(不含外資自營商)"":""338,259"",""外陸資賣出股數(不含外資自營商)"":""893,000"",""外陸資買賣超股數(不含外資自營商)"":""-554,741"",""外資自營商買進股數"":""0"",""外資自營商賣出股數"":""0"",""外資自營商買賣超股數"":""0"",""投信買進股數"":""0"",""投信賣出股數"":""797,500"",""投信買賣超股數"":""-797,500"",""自營商買賣超股數"":""33,000"",""自營商買進股數(自行買賣)"":""33,000"",""自營商賣出股數(自行買賣)"":""0"",""自營商買賣超股數(自行買賣)"":""33,000"",""自營商買進股數(避險)"":""0"",""自營商賣出股數(避險)"":""0"",""自營商買賣超股數(避險)"":""0"",""三大法人買賣超股數"":""-1,319,241""}"
2026-10-01,TWSE,2014,中鴻            ,555308,1891569,-1336261,0,0,0,0,0,0,"{""證券代號"":""2014"",""證券名稱"":""中鴻            "",""外陸資買進股數(不含外資自營商)"":""555,308"",""外陸資賣出股數(不含外資自營商)"":""1,891,569"",""外陸資買賣超股數(不含外資自營商)"":""-1,336,261"",""外資自營商買進股數"":""0"",""外資自營商賣出股數"":""0"",""外資自營商買賣超股數"":""0"",""投信買進股數"":""0"",""投信賣出股數"":""0"",""投信買賣超股數"":""0"",""自營商買賣超股數"":""0"",""自營商買進股數(自行買賣)"":""0"",""自營商賣出股數(自行買賣)"":""0"",""自營商買賣超股數(自行買賣)"":""0"",""自營商買進股數(避險)"":""0"",""自營商賣出股數(避險)"":""0"",""自營商買賣超股數(避險)"":""0"",""三大法人買賣超股數"":""-1,336,261""}"
2026-10-01,TWSE,2633,台灣高鐵        ,784313,763000,21313,150000,1535500,-1385500,12000,0,12000,"{""證券代號"":""2633"",""證券名稱"":""台灣高鐵        "",""外陸資買進股數(不含外資自營商)"":""784,313"",""外陸資賣出股數(不含外資自營商)"":""763,000"",""外陸資買賣超股數(不含外資自營商)"":""21,313"",""外資自營商買進股數"":""0"",""外資自營商賣出股數"":""0"",""外資自營商買賣超股數"":""0"",""投信買進股數"":""150,000"",""投信賣出股數"":""1,535,500"",""投信買賣超股數"":""-1,385,500"",""自營商買賣超股數"":""12,000"",""自營商買進股數(自行買賣)"":""0"",""自營商賣出股數(自行買賣)"":""0"",""自營商買賣超股數(自行買賣)"":""0"",""自營商買進股數(避險)"":""12,000"",""自營商賣出股數(避險)"":""0"",""自營商買賣超股數(避險)"":""12,000"",""三大法人買賣超股數"":""-1,352,187""}"
2026-10-01,TWSE,1714,和桐            ,759022,2036900,-1277878,0,0,0,23000,115126,-86126,"{""證券代號"":""1714"",""證券名稱"":""和桐            "",""外陸資買進股數(不含外資自營商)"":""759,022"",""外陸資賣出股數(不含外資自營商)"":""2,036,900"",""外陸資買賣超股數(不含外資自營商)"":""-1,277,878"",""外資自營商買進股數"":""0"",""外資自營商賣出股數"":""0"",""外資自營商買賣超股數"":""0"",""投信買進股數"":""0"",""投信賣出股數"":""0"",""投信買賣超股數"":""0"",""自營商買賣超股數"":""-86,126"",""自營商買進股數(自行買賣)"":""11,000"",""自營商賣出股數(自行買賣)"":""5,000"",""自營商買賣超股數(自行買賣)"":""6,000"",""自營商買進股數(避險)"":""23,000"",""自營商賣出股數(避險)"":""115,126"",""自營商買賣超股數(避險)"":""-92,126"",""三大法人買賣超股數"":""-1,364,004""}"
2026-10-01,TWSE,4526,東台            ,1579806,3058884,-1479078,0,0,0,83685,25786,59899,"{""證券代號"":""4526"",""證券名稱"":""東台            "",""外陸資買進股數(不含外資自營商)"":""1,579,806"",""外陸資賣出股數(不含外資自營商)"":""3,058,884"",""外陸資買賣超股數(不含外資自營商)"":""-1,479,078"",""外資自營商買進股數"":""0"",""外資自營商賣出股數"":""0"",""外資自營商買賣超股數"":""0"",""投信買進股數"":""0"",""投信賣出股數"":""0"",""投信買賣超股數"":""0"",""自營商買賣超股數"":""59,899"",""自營商買進股數(自行買賣)"":""2,000"",""自營商賣出股數(自行買賣)"":""0"",""自營商買賣超股數(自行買賣)"":""2,000"",""自營商買進股數(避險)"":""83,685"",""自營商賣出股數(避險)"":""25,786"",""自營商買賣超股數(避險)"":""57,899"",""三大法人買賣超股數"":""-1,419,179""}"
2026-10-01,TWSE,2882,國泰金          ,7470771,14261598,-6790827,5477000,0,5477000,279765,257138,-113163,"{""證券代號"":""2882"",""證券名稱"":""國泰金          "",""外陸資買進股數(不含外資自營商)"":""7,470,771"",""外陸資賣出股數(不含外資自營商)"":""14,261,598"",""外陸資買賣超股數(不含外資自營商)"":""-6,790,827"",""外資自營商買進股數"":""0"",""外資自營商賣出股數"":""0"",""外資自營商買賣超股數"":""0"",""投信買進股數"":""5,477,000"",""投信賣出股數"":""0"",""投信買賣超股數"":""5,477,000"",""自營商買賣超股數"":""-113,163"",""自營商買進股數(自行買賣)"":""1,625,000"",""自營商賣出股數(自行買賣)"":""1,760,790"",""自營商買賣超股數(自行買賣)"":""-135,790"",""自營商買進股數(避險)"":""279,765"",""自營商賣出股數(避險)"":""257,138"",""自營商買賣超股數(避險)"":""22,627"",""三大法人買賣超股數"":""-1,426,990""}"
2026-10-01,TWSE,1609,大亞            ,739806,2217877,-1478071,0,0,0,6588,445,35143,"{""證券代號"":""1609"",""證券名稱"":""大亞            "",""外陸資買進股數(不含外資自營商)"":""739,806"",""外陸資賣出股數(不含外資自營商)"":""2,217,877"",""外陸資買賣超股數(不含外資自營商)"":""-1,478,071"",""外資自營商買進股數"":""0"",""外資自營商賣出股數"":""0"",""外資自營商買賣超股數"":""0"",""投信買進股數"":""0"",""投信賣出股數"":""0"",""投信買賣超股數"":""0"",""自營商買賣超股數"":""35,143"",""自營商買進股數(自行買賣)"":""29,000"",""自營商賣出股數(自行買賣)"":""0"",""自營商買賣超股數(自行買賣)"":""29,000"",""自營商買進股數(避險)"":""6,588"",""自營商賣出股數(避險)"":""445"",""自營商買賣超股數(避險)"":""6,143"",""三大法人買賣超股數"":""-1,442,928""}"
2026-10-01,TWSE,2208,台船            ,149000,1607004,-1458004,0,0,0,0,0,5000,"{""證券代號"":""2208"",""證券名稱"":""台船            "",""外陸資買進股數(不含外資自營商)"":""149,000"",""外陸資賣出股數(不含外資自營商)"":""1,607,004"",""外陸資買賣超股數(不含外資自營商)"":""-1,458,004"",""外資自營商買進股數"":""0"",""外資自營商賣出股數"":""0"",""外資自營商買賣超股數"":""0"",""投信買進股數"":""0"",""投信賣出股數"":""0"",""投信買賣超股數"":""0"",""自營商買賣超股數"":""5,000"",""自營商買進股數(自行買賣)"":""5,000"",""自營商賣出股數(自行買賣)"":""0"",""自營商買賣超股數(自行買賣)"":""5,000"",""自營商買進股數(避險)"":""0"",""自營商賣出股數(避險)"":""0"",""自營商買賣超股數(避險)"":""0"",""三大法人買賣超股數"":""-1,453,004""}"
2026-10-01,TWSE,4960,誠美材          ,722948,2166800,-1443852,0,0,0,4823,44015,-39192,"{""證券代號"":""4960"",""證券名稱"":""誠美材          "",""外陸資買進股數(不含外資自營商)"":""722,948"",""外陸資賣出股數(不含外資自營商)"":""2,166,800"",""外陸資買賣超股數(不含外資自營商)"":""-1,443,852"",""外資自營商買進股數"":""0"",""外資自營商賣出股數"":""0"",""外資自營商買賣超股數"":""0"",""投信買進股數"":""0"",""投信賣出股數"":""0"",""投信買賣超股數"":""0"",""自營商買賣超股數"":""-39,192"",""自營商買進股數(自行買賣)"":""0"",""自營商賣出股數(自行買賣)"":""0"",""自營商買賣超股數(自行買賣)"":""0"",""自營商買進股數(避險)"":""4,823"",""自營商賣出股數(避險)"":""44,015"",""自營商買賣超股數(避險)"":""-39,192"",""三大法人買賣超股數"":""-1,483,044""}"
2026-10-01,TWSE,3049,精金            ,330747,1845153,-1514406,0,0,0,7000,456,14544,"{""證券代號"":""3049"",""證券名稱"":""精金            "",""外陸資買進股數(不含外資自營商)"":""330,747"",""外陸資賣出股數(不含外資自營商)"":""1,845,153"",""外陸資買賣超股數(不含外資自營商)"":""-1,514,406"",""外資自營商買進股數"":""0"",""外資自營商賣出股數"":""0"",""外資自營商買賣超股數"":""0"",""投信買進股數"":""0"",""投信賣出股數"":""0"",""投信買賣超股數"":""0"",""自營商買賣超股數"":""14,544"",""自營商買進股數(自行買賣)"":""8,000"",""自營商賣出股數(自行買賣)"":""0"",""自營商買賣超股數(自行買賣)"":""8,000"",""自營商買進股數(避險)"":""7,000"",""自營商賣出股數(避險)"":""456"",""自營商買賣超股數(避險)"":""6,544"",""三大法人買賣超股數"":""-1,499,862""}"
2026-10-01,TWSE,00676R,富邦臺灣加權反1 ,62000,308000,-246000,0,0,0,224000,1478735,-1254735,"{""證券代號"":""00676R"",""證券名稱"":""富邦臺灣加權反1 "",""外陸資買進股數(不含外資自營商)"":""62,000"",""外陸資賣出股數(不含外資自營商)"":""308,000"",""外陸資買賣超股數(不含外資自營商)"":""-246,000"",""外資自營商買進股數"":""0"",""外資自營商賣出股數"":""0"",""外資自營商買賣超股數"":""0"",""投信買進股數"":""0"",""投信賣出股數"":""0"",""投信買賣超股數"":""0"",""自營商買賣超股數"":""-1,254,735"",""自營商買進股數(自行買賣)"":""0"",""自營商賣出股數(自行買賣)"":""0"",""自營商買賣超股數(自行買賣)"":""0"",""自營商買進股數(避險)"":""224,000"",""自營商賣出股數(避險)"":""1,478,735"",""自營商買賣超股數(避險)"":""-1,254,735"",""三大法人買賣超股數"":""-1,500,735""}"
2026-10-01,TWSE,00985B,群益ESG投等債0-5,3000,1040000,-1037000,0,0,0,564531,1036490,-471959,"{""證券代號"":""00985B"",""證券名稱"":""群益ESG投等債0-5"",""外陸資買進股數(不含外資自營商)"":""3,000"",""外陸資賣出股數(不含外資自營商)"":""1,040,000"",""外陸資買賣超股數(不含外資自營商)"":""-1,037,000"",""外資自營商買進股數"":""0"",""外資自營商賣出股數"":""0"",""外資自營商買賣超股數"":""0"",""投信買進股數"":""0"",""投信賣出股數"":""0"",""投信買賣超股數"":""0"",""自營商買賣超股數"":""-471,959"",""自營商買進股數(自行買賣)"":""0"",""自營商賣出股數(自行買賣)"":""0"",""自營商買賣超股數(自行買賣)"":""0"",""自營商買進股數(避險)"":""564,531"",""自營商賣出股數(避險)"":""1,036,490"",""自營商買賣超股數(避險)"":""-471,959"",""三大法人買賣超股數"":""-1,508,959""}"
2026-10-01,TWSE,1717,長興            ,1552083,3017443,-1465360,0,0,0,65588,162105,-52517,"{""證券代號"":""1717"",""證券名稱"":""長興            "",""外陸資買進股數(不含外資自營商)"":""1,552,083"",""外陸資賣出股數(不含外資自營商)"":""3,017,443"",""外陸資買賣超股數(不含外資自營商)"":""-1,465,360"",""外資自營商買進股數"":""0"",""外資自營商賣出股數"":""0"",""外資自營商買賣超股數"":""0"",""投信買進股數"":""0"",""投信賣出股數"":""0"",""投信買賣超股數"":""0"",""自營商買賣超股數"":""-52,517"",""自營商買進股數(自行買賣)"":""88,000"",""自營商賣出股數(自行買賣)"":""44,000"",""自營商買賣超股數(自行買賣)"":""44,000"",""自營商買進股數(避險)"":""65,588"",""自營商賣出股數(避險)"":""162,105"",""自營商買賣超股數(避險)"":""-96,517"",""三大法人買賣超股數"":""-1,517,877""}"
2026-10-01,TWSE,0055,元大MSCI金融    ,69283,158000,-88717,0,0,0,8000,1468820,-1460820,"{""證券代號"":""0055"",""證券名稱"":""元大MSCI金融    "",""外陸資買進股數(不含外資自營商)"":""69,283"",""外陸資賣出股數(不含外資自營商)"":""158,000"",""外陸資買賣超股數(不含外資自營商)"":""-88,717"",""外資自營商買進股數"":""0"",""外資自營商賣出股數"":""0"",""外資自營商買賣超股數"":""0"",""投信買進股數"":""0"",""投信賣出股數"":""0"",""投信買賣超股數"":""0"",""自營商買賣超股數"":""-1,460,820"",""自營商買進股數(自行買賣)"":""0"",""自營商賣出股數(自行買賣)"":""0"",""自營商買賣超股數(自行買賣)"":""0"",""自營商買進股數(避險)"":""8,000"",""自營商賣出股數(避險)"":""1,468,820"",""自營商買賣超股數(避險)"":""-1,460,820"",""三大法人買賣超股數"":""-1,549,537""}"
2026-10-01,TWSE,00686R,群益臺灣加權反1 ,5000,0,5000,0,0,0,1211500,2832176,-1620676,"{""證券代號"":""00686R"",""證券名稱"":""群益臺灣加權反1 "",""外陸資買進股數(不含外資自營商)"":""5,000"",""外陸資賣出股數(不含外資自營商)"":""0"",""外陸資買賣超股數(不含外資自營商)"":""5,000"",""外資自營商買進股數"":""0"",""外資自營商賣出股數"":""0"",""外資自營商買賣超股數"":""0"",""投信買進股數"":""0"",""投信賣出股數"":""0"",""投信買賣超股數"":""0"",""自營商買賣超股數"":""-1,620,676"",""自營商買進股數(自行買賣)"":""0"",""自營商賣出股數(自行買賣)"":""0"",""自營商買賣超股數(自行買賣)"":""0"",""自營商買進股數(避險)"":""1,211,500"",""自營商賣出股數(避險)"":""2,832,176"",""自營商買賣超股數(避險)"":""-1,620,676"",""三大法人買賣超股數"":""-1,615,676""}"
2026-10-01,TWSE,4906,正文            ,3193129,4567297,-1374168,0,0,0,45842,376872,-308030,"{""證券代號"":""4906"",""證券名稱"":""正文            "",""外陸資買進股數(不含外資自營商)"":""3,193,129"",""外陸資賣出股數(不含外資自營商)"":""4,567,297"",""外陸資買賣超股數(不含外資自營商)"":""-1,374,168"",""外資自營商買進股數"":""0"",""外資自營商賣出股數"":""0"",""外資自營商買賣超股數"":""0"",""投信買進股數"":""0"",""投信賣出股數"":""0"",""投信買賣超股數"":""0"",""自營商買賣超股數"":""-308,030"",""自營商買進股數(自行買賣)"":""33,000"",""自營商賣出股數(自行買賣)"":""10,000"",""自營商買賣超股數(自行買賣)"":""23,000"",""自營商買進股數(避險)"":""45,842"",""自營商賣出股數(避險)"":""376,872"",""自營商買賣超股數(避險)"":""-331,030"",""三大法人買賣超股數"":""-1,682,198""}"
2026-10-01,TWSE,3673,TPK-KY          ,5576753,7628506,-2051753,0,0,0,199546,275430,223116,"{""證券代號"":""3673"",""證券名稱"":""TPK-KY          "",""外陸資買進股數(不含外資自營商)"":""5,576,753"",""外陸資賣出股數(不含外資自營商)"":""7,628,506"",""外陸資買賣超股數(不含外資自營商)"":""-2,051,753"",""外資自營商買進股數"":""0"",""外資自營商賣出股數"":""0"",""外資自營商買賣超股數"":""0"",""投信買進股數"":""0"",""投信賣出股數"":""0"",""投信買賣超股數"":""0"",""自營商買賣超股數"":""223,116"",""自營商買進股數(自行買賣)"":""332,000"",""自營商賣出股數(自行買賣)"":""33,000"",""自營商買賣超股數(自行買賣)"":""299,000"",""自營商買進股數(避險)"":""199,546"",""自營商賣出股數(避險)"":""275,430"",""自營商買賣超股數(避險)"":""-75,884"",""三大法人買賣超股數"":""-1,828,637""}"
2026-10-01,TWSE,5871,中租-KY         ,1512402,3663223,-2150821,2011000,1755000,256000,39000,8999,34908,"{""證券代號"":""5871"",""證券名稱"":""中租-KY         "",""外陸資買進股數(不含外資自營商)"":""1,512,402"",""外陸資賣出股數(不含外資自營商)"":""3,663,223"",""外陸資買賣超股數(不含外資自營商)"":""-2,150,821"",""外資自營商買進股數"":""0"",""外資自營商賣出股數"":""0"",""外資自營商買賣超股數"":""0"",""投信買進股數"":""2,011,000"",""投信賣出股數"":""1,755,000"",""投信買賣超股數"":""256,000"",""自營商買賣超股數"":""34,908"",""自營商買進股數(自行買賣)"":""193,000"",""自營商賣出股數(自行買賣)"":""188,093"",""自營商買賣超股數(自行買賣)"":""4,907"",""自營商買進股數(避險)"":""39,000"",""自營商賣出股數(避險)"":""8,999"",""自營商買賣超股數(避險)"":""30,001"",""三大法人買賣超股數"":""-1,859,913""}"
2026-10-01,TWSE,2426,鼎元            ,15316643,17354981,-2038338,0,0,0,163437,103376,171061,"{""證券代號"":""2426"",""證券名稱"":""鼎元            "",""外陸資買進股數(不含外資自營商)"":""15,316,643"",""外陸資賣出股數(不含外資自營商)"":""17,354,981"",""外陸資買賣超股數(不含外資自營商)"":""-2,038,338"",""外資自營商買進股數"":""0"",""外資自營商賣出股數"":""0"",""外資自營商買賣超股數"":""0"",""投信買進股數"":""0"",""投信賣出股數"":""0"",""投信買賣超股數"":""0"",""自營商買賣超股數"":""171,061"",""自營商買進股數(自行買賣)"":""163,000"",""自營商賣出股數(自行買賣)"":""52,000"",""自營商買賣超股數(自行買賣)"":""111,000"",""自營商買進股數(避險)"":""163,437"",""自營商賣出股數(避險)"":""103,376"",""自營商買賣超股數(避險)"":""60,061"",""三大法人買賣超股數"":""-1,867,277""}"
2026-10-01,TWSE,00996A,主動兆豐台灣豐收,243000,1657000,-1414000,0,0,0,1405231,1909145,-503914,"{""證券代號"":""00996A"",""證券名稱"":""主動兆豐台灣豐收"",""外陸資買進股數(不含外資自營商)"":""243,000"",""外陸資賣出股數(不含外資自營商)"":""1,657,000"",""外陸資買賣超股數(不含外資自營商)"":""-1,414,000"",""外資自營商買進股數"":""0"",""外資自營商賣出股數"":""0"",""外資自營商買賣超股數"":""0"",""投信買進股數"":""0"",""投信賣出股數"":""0"",""投信買賣超股數"":""0"",""自營商買賣超股數"":""-503,914"",""自營商買進股數(自行買賣)"":""0"",""自營商賣出股數(自行買賣)"":""0"",""自營商買賣超股數(自行買賣)"":""0"",""自營商買進股數(避險)"":""1,405,231"",""自營商賣出股數(避險)"":""1,909,145"",""自營商買賣超股數(避險)"":""-503,914"",""三大法人買賣超股數"":""-1,917,914""}"
2026-10-01,TWSE,8105,凌巨            ,546000,2537026,-1991026,0,0,0,43500,10685,32808,"{""證券代號"":""8105"",""證券名稱"":""凌巨            "",""外陸資買進股數(不含外資自營商)"":""546,000"",""外陸資賣出股數(不含外資自營商)"":""2,537,026"",""外陸資買賣超股數(不含外資自營商)"":""-1,991,026"",""外資自營商買進股數"":""0"",""外資自營商賣出股數"":""0"",""外資自營商買賣超股數"":""0"",""投信買進股數"":""0"",""投信賣出股數"":""0"",""投信買賣超股數"":""0"",""自營商買賣超股數"":""32,808"",""自營商買進股數(自行買賣)"":""0"",""自營商賣出股數(自行買賣)"":""7"",""自營商買賣超股數(自行買賣)"":""-7"",""自營商買進股數(避險)"":""43,500"",""自營商賣出股數(避險)"":""10,685"",""自營商買賣超股數(避險)"":""32,815"",""三大法人買賣超股數"":""-1,958,218""}"
2026-10-01,TWSE,2382,廣達            ,6147001,9878228,-3731227,1454000,9000,1445000,222650,11848,293643,"{""證券代號"":""2382"",""證券名稱"":""廣達            "",""外陸資買進股數(不含外資自營商)"":""6,147,001"",""外陸資賣出股數(不含外資自營商)"":""9,878,228"",""外陸資買賣超股數(不含外資自營商)"":""-3,731,227"",""外資自營商買進股數"":""0"",""外資自營商賣出股數"":""0"",""外資自營商買賣超股數"":""0"",""投信買進股數"":""1,454,000"",""投信賣出股數"":""9,000"",""投信買賣超股數"":""1,445,000"",""自營商買賣超股數"":""293,643"",""自營商買進股數(自行買賣)"":""593,100"",""自營商賣出股數(自行買賣)"":""510,259"",""自營商買賣超股數(自行買賣)"":""82,841"",""自營商買進股數(避險)"":""222,650"",""自營商賣出股數(避險)"":""11,848"",""自營商買賣超股數(避險)"":""210,802"",""三大法人買賣超股數"":""-1,992,584""}"
2026-10-01,TWSE,2368,金像電          ,2392785,4658590,-2265805,223000,82000,141000,161255,324060,52324,"{""證券代號"":""2368"",""證券名稱"":""金像電          "",""外陸資買進股數(不含外資自營商)"":""2,392,785"",""外陸資賣出股數(不含外資自營商)"":""4,658,590"",""外陸資買賣超股數(不含外資自營商)"":""-2,265,805"",""外資自營商買進股數"":""0"",""外資自營商賣出股數"":""0"",""外資自營商買賣超股數"":""0"",""投信買進股數"":""223,000"",""投信賣出股數"":""82,000"",""投信買賣超股數"":""141,000"",""自營商買賣超股數"":""52,324"",""自營商買進股數(自行買賣)"":""275,129"",""自營商賣出股數(自行買賣)"":""60,000"",""自營商買賣超股數(自行買賣)"":""215,129"",""自營商買進股數(避險)"":""161,255"",""自營商賣出股數(避險)"":""324,060"",""自營商買賣超股數(避險)"":""-162,805"",""三大法人買賣超股數"":""-2,072,481""}"
2026-10-01,TWSE,00401A,主動摩根台灣鑫收,563000,508000,55000,0,0,0,843000,3172341,-2327341,"{""證券代號"":""00401A"",""證券名稱"":""主動摩根台灣鑫收"",""外陸資買進股數(不含外資自營商)"":""563,000"",""外陸資賣出股數(不含外資自營商)"":""508,000"",""外陸資買賣超股數(不含外資自營商)"":""55,000"",""外資自營商買進股數"":""0"",""外資自營商賣出股數"":""0"",""外資自營商買賣超股數"":""0"",""投信買進股數"":""0"",""投信賣出股數"":""0"",""投信買賣超股數"":""0"",""自營商買賣超股數"":""-2,327,341"",""自營商買進股數(自行買賣)"":""2,000"",""自營商賣出股數(自行買賣)"":""0"",""自營商買賣超股數(自行買賣)"":""2,000"",""自營商買進股數(避險)"":""843,000"",""自營商賣出股數(避險)"":""3,172,341"",""自營商買賣超股數(避險)"":""-2,329,341"",""三大法人買賣超股數"":""-2,272,341""}"
2026-10-01,TWSE,8039,台虹            ,6755898,8861210,-2105312,0,10000,-10000,285300,506738,-221488,"{""證券代號"":""8039"",""證券名稱"":""台虹            "",""外陸資買進股數(不含外資自營商)"":""6,755,898"",""外陸資賣出股數(不含外資自營商)"":""8,861,210"",""外陸資買賣超股數(不含外資自營商)"":""-2,105,312"",""外資自營商買進股數"":""0"",""外資自營商賣出股數"":""0"",""外資自營商買賣超股數"":""0"",""投信買進股數"":""0"",""投信賣出股數"":""10,000"",""投信買賣超股數"":""-10,000"",""自營商買賣超股數"":""-221,488"",""自營商買進股數(自行買賣)"":""551,000"",""自營商賣出股數(自行買賣)"":""551,050"",""自營商買賣超股數(自行買賣)"":""-50"",""自營商買進股數(避險)"":""285,300"",""自營商賣出股數(避險)"":""506,738"",""自營商買賣超股數(避險)"":""-221,438"",""三大法人買賣超股數"":""-2,336,800""}"
2026-10-01,TWSE,2356,英業達          ,1862370,4736308,-2873938,169000,0,169000,350280,62831,320973,"{""證券代號"":""2356"",""證券名稱"":""英業達          "",""外陸資買進股數(不含外資自營商)"":""1,862,370"",""外陸資賣出股數(不含外資自營商)"":""4,736,308"",""外陸資買賣超股數(不含外資自營商)"":""-2,873,938"",""外資自營商買進股數"":""0"",""外資自營商賣出股數"":""0"",""外資自營商買賣超股數"":""0"",""投信買進股數"":""169,000"",""投信賣出股數"":""0"",""投信買賣超股數"":""169,000"",""自營商買賣超股數"":""320,973"",""自營商買進股數(自行買賣)"":""37,000"",""自營商賣出股數(自行買賣)"":""3,476"",""自營商買賣超股數(自行買賣)"":""33,524"",""自營商買進股數(避險)"":""350,280"",""自營商賣出股數(避險)"":""62,831"",""自營商買賣超股數(避險)"":""287,449"",""三大法人買賣超股數"":""-2,383,965""}"
2026-10-01,TWSE,3006,晶豪科          ,1191631,3720915,-2529284,0,0,0,36552,50102,137566,"{""證券代號"":""3006"",""證券名稱"":""晶豪科          "",""外陸資買進股數(不含外資自營商)"":""1,191,631"",""外陸資賣出股數(不含外資自營商)"":""3,720,915"",""外陸資買賣超股數(不含外資自營商)"":""-2,529,284"",""外資自營商買進股數"":""0"",""外資自營商賣出股數"":""0"",""外資自營商買賣超股數"":""0"",""投信買進股數"":""0"",""投信賣出股數"":""0"",""投信買賣超股數"":""0"",""自營商買賣超股數"":""137,566"",""自營商買進股數(自行買賣)"":""307,439"",""自營商賣出股數(自行買賣)"":""156,323"",""自營商買賣超股數(自行買賣)"":""151,116"",""自營商買進股數(避險)"":""36,552"",""自營商賣出股數(避險)"":""50,102"",""自營商買賣超股數(避險)"":""-13,550"",""三大法人買賣超股數"":""-2,391,718""}"
2026-10-01,TWSE,2489,瑞軒            ,1495807,3687370,-2191563,0,0,0,27748,65442,-205983,"{""證券代號"":""2489"",""證券名稱"":""瑞軒            "",""外陸資買進股數(不含外資自營商)"":""1,495,807"",""外陸資賣出股數(不含外資自營商)"":""3,687,370"",""外陸資買賣超股數(不含外資自營商)"":""-2,191,563"",""外資自營商買進股數"":""0"",""外資自營商賣出股數"":""0"",""外資自營商買賣超股數"":""0"",""投信買進股數"":""0"",""投信賣出股數"":""0"",""投信買賣超股數"":""0"",""自營商買賣超股數"":""-205,983"",""自營商買進股數(自行買賣)"":""17,000"",""自營商賣出股數(自行買賣)"":""185,289"",""自營商買賣超股數(自行買賣)"":""-168,289"",""自營商買進股數(避險)"":""27,748"",""自營商賣出股數(避險)"":""65,442"",""自營商買賣超股數(避險)"":""-37,694"",""三大法人買賣超股數"":""-2,397,546""}"
2026-10-01,TWSE,2401,凌陽            ,858881,3326000,-2467119,0,0,0,16073,10270,64803,"{""證券代號"":""2401"",""證券名稱"":""凌陽            "",""外陸資買進股數(不含外資自營商)"":""858,881"",""外陸資賣出股數(不含外資自營商)"":""3,326,000"",""外陸資買賣超股數(不含外資自營商)"":""-2,467,119"",""外資自營商買進股數"":""0"",""外資自營商賣出股數"":""0"",""外資自營商買賣超股數"":""0"",""投信買進股數"":""0"",""投信賣出股數"":""0"",""投信買賣超股數"":""0"",""自營商買賣超股數"":""64,803"",""自營商買進股數(自行買賣)"":""61,000"",""自營商賣出股數(自行買賣)"":""2,000"",""自營商買賣超股數(自行買賣)"":""59,000"",""自營商買進股數(避險)"":""16,073"",""自營商賣出股數(避險)"":""10,270"",""自營商買賣超股數(避險)"":""5,803"",""三大法人買賣超股數"":""-2,402,316""}"
2026-10-01,TWSE,9105,泰金寶-DR       ,682916,3152000,-2469084,0,0,0,0,52226,-52226,"{""證券代號"":""9105"",""證券名稱"":""泰金寶-DR       "",""外陸資買進股數(不含外資自營商)"":""682,916"",""外陸資賣出股數(不含外資自營商)"":""3,152,000"",""外陸資買賣超股數(不含外資自營商)"":""-2,469,084"",""外資自營商買進股數"":""0"",""外資自營商賣出股數"":""0"",""外資自營商買賣超股數"":""0"",""投信買進股數"":""0"",""投信賣出股數"":""0"",""投信買賣超股數"":""0"",""自營商買賣超股數"":""-52,226"",""自營商買進股數(自行買賣)"":""0"",""自營商賣出股數(自行買賣)"":""0"",""自營商買賣超股數(自行買賣)"":""0"",""自營商買進股數(避險)"":""0"",""自營商賣出股數(避險)"":""52,226"",""自營商買賣超股數(避險)"":""-52,226"",""三大法人買賣超股數"":""-2,521,310""}"
2026-10-01,TWSE,5880,合庫金          ,6190627,9058868,-2868241,200000,0,200000,220000,112306,89466,"{""證券代號"":""5880"",""證券名稱"":""合庫金          "",""外陸資買進股數(不含外資自營商)"":""6,190,627"",""外陸資賣出股數(不含外資自營商)"":""9,058,868"",""外陸資買賣超股數(不含外資自營商)"":""-2,868,241"",""外資自營商買進股數"":""0"",""外資自營商賣出股數"":""0"",""外資自營商買賣超股數"":""0"",""投信買進股數"":""200,000"",""投信賣出股數"":""0"",""投信買賣超股數"":""200,000"",""自營商買賣超股數"":""89,466"",""自營商買進股數(自行買賣)"":""17,000"",""自營商賣出股數(自行買賣)"":""35,228"",""自營商買賣超股數(自行買賣)"":""-18,228"",""自營商買進股數(避險)"":""220,000"",""自營商賣出股數(避險)"":""112,306"",""自營商買賣超股數(避險)"":""107,694"",""三大法人買賣超股數"":""-2,578,775""}"
2026-10-01,TWSE,1402,遠東新          ,6997349,4892460,2104889,1679000,6658000,-4979000,13000,24410,179590,"{""證券代號"":""1402"",""證券名稱"":""遠東新          "",""外陸資買進股數(不含外資自營商)"":""6,997,349"",""外陸資賣出股數(不含外資自營商)"":""4,892,460"",""外陸資買賣超股數(不含外資自營商)"":""2,104,889"",""外資自營商買進股數"":""0"",""外資自營商賣出股數"":""0"",""外資自營商買賣超股數"":""0"",""投信買進股數"":""1,679,000"",""投信賣出股數"":""6,658,000"",""投信買賣超股數"":""-4,979,000"",""自營商買賣超股數"":""179,590"",""自營商買進股數(自行買賣)"":""740,000"",""自營商賣出股數(自行買賣)"":""549,000"",""自營商買賣超股數(自行買賣)"":""191,000"",""自營商買進股數(避險)"":""13,000"",""自營商賣出股數(避險)"":""24,410"",""自營商買賣超股數(避險)"":""-11,410"",""三大法人買賣超股數"":""-2,694,521""}"
2026-10-01,TWSE,00688L,國泰20年美債正2 ,14000,1116000,-1102000,0,0,0,1390000,3031848,-1641848,"{""證券代號"":""00688L"",""證券名稱"":""國泰20年美債正2 "",""外陸資買進股數(不含外資自營商)"":""14,000"",""外陸資賣出股數(不含外資自營商)"":""1,116,000"",""外陸資買賣超股數(不含外資自營商)"":""-1,102,000"",""外資自營商買進股數"":""0"",""外資自營商賣出股數"":""0"",""外資自營商買賣超股數"":""0"",""投信買進股數"":""0"",""投信賣出股數"":""0"",""投信買賣超股數"":""0"",""自營商買賣超股數"":""-1,641,848"",""自營商買進股數(自行買賣)"":""0"",""自營商賣出股數(自行買賣)"":""0"",""自營商買賣超股數(自行買賣)"":""0"",""自營商買進股數(避險)"":""1,390,000"",""自營商賣出股數(避險)"":""3,031,848"",""自營商買賣超股數(避險)"":""-1,641,848"",""三大法人買賣超股數"":""-2,743,848""}"
2026-10-01,TWSE,2542,興富發          ,4946948,5012561,-65613,858000,3592000,-2734000,1339,12275,-25934,"{""證券代號"":""2542"",""證券名稱"":""興富發          "",""外陸資買進股數(不含外資自營商)"":""4,946,948"",""外陸資賣出股數(不含外資自營商)"":""5,012,561"",""外陸資買賣超股數(不含外資自營商)"":""-65,613"",""外資自營商買進股數"":""0"",""外資自營商賣出股數"":""0"",""外資自營商買賣超股數"":""0"",""投信買進股數"":""858,000"",""投信賣出股數"":""3,592,000"",""投信買賣超股數"":""-2,734,000"",""自營商買賣超股數"":""-25,934"",""自營商買進股數(自行買賣)"":""194,000"",""自營商賣出股數(自行買賣)"":""208,998"",""自營商買賣超股數(自行買賣)"":""-14,998"",""自營商買進股數(避險)"":""1,339"",""自營商賣出股數(避險)"":""12,275"",""自營商買賣超股數(避險)"":""-10,936"",""三大法人買賣超股數"":""-2,825,547""}"
2026-10-01,TWSE,2881,富邦金          ,6545633,13308150,-6762517,3820000,0,3820000,564606,420243,99363,"{""證券代號"":""2881"",""證券名稱"":""富邦金          "",""外陸資買進股數(不含外資自營商)"":""6,545,633"",""外陸資賣出股數(不含外資自營商)"":""13,308,150"",""外陸資買賣超股數(不含外資自營商)"":""-6,762,517"",""外資自營商買進股數"":""0"",""外資自營商賣出股數"":""0"",""外資自營商買賣超股數"":""0"",""投信買進股數"":""3,820,000"",""投信賣出股數"":""0"",""投信買賣超股數"":""3,820,000"",""自營商買賣超股數"":""99,363"",""自營商買進股數(自行買賣)"":""1,441,000"",""自營商賣出股數(自行買賣)"":""1,486,000"",""自營商買賣超股數(自行買賣)"":""-45,000"",""自營商買進股數(避險)"":""564,606"",""自營商賣出股數(避險)"":""420,243"",""自營商買賣超股數(避險)"":""144,363"",""三大法人買賣超股數"":""-2,843,154""}"
2026-10-01,TWSE,2897,王道銀行        ,2214204,2497336,-283132,0,2785000,-2785000,6000,6390,43610,"{""證券代號"":""2897"",""證券名稱"":""王道銀行        "",""外陸資買進股數(不含外資自營商)"":""2,214,204"",""外陸資賣出股數(不含外資自營商)"":""2,497,336"",""外陸資買賣超股數(不含外資自營商)"":""-283,132"",""外資自營商買進股數"":""0"",""外資自營商賣出股數"":""0"",""外資自營商買賣超股數"":""0"",""投信買進股數"":""0"",""投信賣出股數"":""2,785,000"",""投信買賣超股數"":""-2,785,000"",""自營商買賣超股數"":""43,610"",""自營商買進股數(自行買賣)"":""44,000"",""自營商賣出股數(自行買賣)"":""0"",""自營商買賣超股數(自行買賣)"":""44,000"",""自營商買進股數(避險)"":""6,000"",""自營商賣出股數(避險)"":""6,390"",""自營商買賣超股數(避險)"":""-390"",""三大法人買賣超股數"":""-3,024,522""}"
2026-10-01,TWSE,1605,華新            ,10114487,13427137,-3312650,261000,0,261000,548624,861302,-112680,"{""證券代號"":""1605"",""證券名稱"":""華新            "",""外陸資買進股數(不含外資自營商)"":""10,114,487"",""外陸資賣出股數(不含外資自營商)"":""13,427,137"",""外陸資買賣超股數(不含外資自營商)"":""-3,312,650"",""外資自營商買進股數"":""0"",""外資自營商賣出股數"":""0"",""外資自營商買賣超股數"":""0"",""投信買進股數"":""261,000"",""投信賣出股數"":""0"",""投信買賣超股數"":""261,000"",""自營商買賣超股數"":""-112,680"",""自營商買進股數(自行買賣)"":""255,998"",""自營商賣出股數(自行買賣)"":""56,000"",""自營商買賣超股數(自行買賣)"":""199,998"",""自營商買進股數(避險)"":""548,624"",""自營商賣出股數(避險)"":""861,302"",""自營商買賣超股數(避險)"":""-312,678"",""三大法人買賣超股數"":""-3,164,330""}"
2026-10-01,TWSE,2354,鴻準            ,7412936,10455020,-3042084,0,0,0,112578,180573,-163995,"{""證券代號"":""2354"",""證券名稱"":""鴻準            "",""外陸資買進股數(不含外資自營商)"":""7,412,936"",""外陸資賣出股數(不含外資自營商)"":""10,455,020"",""外陸資買賣超股數(不含外資自營商)"":""-3,042,084"",""外資自營商買進股數"":""0"",""外資自營商賣出股數"":""0"",""外資自營商買賣超股數"":""0"",""投信買進股數"":""0"",""投信賣出股數"":""0"",""投信買賣超股數"":""0"",""自營商買賣超股數"":""-163,995"",""自營商買進股數(自行買賣)"":""12,000"",""自營商賣出股數(自行買賣)"":""108,000"",""自營商買賣超股數(自行買賣)"":""-96,000"",""自營商買進股數(避險)"":""112,578"",""自營商賣出股數(避險)"":""180,573"",""自營商買賣超股數(避險)"":""-67,995"",""三大法人買賣超股數"":""-3,206,079""}"
2026-10-01,TWSE,2305,全友            ,992550,4209001,-3216451,0,0,0,4000,31317,-23317,"{""證券代號"":""2305"",""證券名稱"":""全友            "",""外陸資買進股數(不含外資自營商)"":""992,550"",""外陸資賣出股數(不含外資自營商)"":""4,209,001"",""外陸資買賣超股數(不含外資自營商)"":""-3,216,451"",""外資自營商買進股數"":""0"",""外資自營商賣出股數"":""0"",""外資自營商買賣超股數"":""0"",""投信買進股數"":""0"",""投信賣出股數"":""0"",""投信買賣超股數"":""0"",""自營商買賣超股數"":""-23,317"",""自營商買進股數(自行買賣)"":""4,000"",""自營商賣出股數(自行買賣)"":""0"",""自營商買賣超股數(自行買賣)"":""4,000"",""自營商買進股數(避險)"":""4,000"",""自營商賣出股數(避險)"":""31,317"",""自營商買賣超股數(避險)"":""-27,317"",""三大法人買賣超股數"":""-3,239,768""}"
2026-10-01,TWSE,2610,華航            ,2282779,8460762,-6177983,3007000,9000,2998000,47000,53572,-62572,"{""證券代號"":""2610"",""證券名稱"":""華航            "",""外陸資買進股數(不含外資自營商)"":""2,282,779"",""外陸資賣出股數(不含外資自營商)"":""8,460,762"",""外陸資買賣超股數(不含外資自營商)"":""-6,177,983"",""外資自營商買進股數"":""0"",""外資自營商賣出股數"":""0"",""外資自營商買賣超股數"":""0"",""投信買進股數"":""3,007,000"",""投信賣出股數"":""9,000"",""投信買賣超股數"":""2,998,000"",""自營商買賣超股數"":""-62,572"",""自營商買進股數(自行買賣)"":""2,000"",""自營商賣出股數(自行買賣)"":""58,000"",""自營商買賣超股數(自行買賣)"":""-56,000"",""自營商買進股數(避險)"":""47,000"",""自營商賣出股數(避險)"":""53,572"",""自營商買賣超股數(避險)"":""-6,572"",""三大法人買賣超股數"":""-3,242,555""}"
2026-10-01,TWSE,6120,達運            ,7912563,11151798,-3239235,0,0,0,737,43697,-41960,"{""證券代號"":""6120"",""證券名稱"":""達運            "",""外陸資買進股數(不含外資自營商)"":""7,912,563"",""外陸資賣出股數(不含外資自營商)"":""11,151,798"",""外陸資買賣超股數(不含外資自營商)"":""-3,239,235"",""外資自營商買進股數"":""0"",""外資自營商賣出股數"":""0"",""外資自營商買賣超股數"":""0"",""投信買進股數"":""0"",""投信賣出股數"":""0"",""投信買賣超股數"":""0"",""自營商買賣超股數"":""-41,960"",""自營商買進股數(自行買賣)"":""9,000"",""自營商賣出股數(自行買賣)"":""8,000"",""自營商買賣超股數(自行買賣)"":""1,000"",""自營商買進股數(避險)"":""737"",""自營商賣出股數(避險)"":""43,697"",""自營商買賣超股數(避險)"":""-42,960"",""三大法人買賣超股數"":""-3,281,195""}"
2026-10-01,TWSE,1312,國喬            ,1769000,4695000,-2926000,0,0,0,25000,325822,-362822,"{""證券代號"":""1312"",""證券名稱"":""國喬            "",""外陸資買進股數(不含外資自營商)"":""1,769,000"",""外陸資賣出股數(不含外資自營商)"":""4,695,000"",""外陸資買賣超股數(不含外資自營商)"":""-2,926,000"",""外資自營商買進股數"":""0"",""外資自營商賣出股數"":""0"",""外資自營商買賣超股數"":""0"",""投信買進股數"":""0"",""投信賣出股數"":""0"",""投信買賣超股數"":""0"",""自營商買賣超股數"":""-362,822"",""自營商買進股數(自行買賣)"":""4,000"",""自營商賣出股數(自行買賣)"":""66,000"",""自營商買賣超股數(自行買賣)"":""-62,000"",""自營商買進股數(避險)"":""25,000"",""自營商賣出股數(避險)"":""325,822"",""自營商買賣超股數(避險)"":""-300,822"",""三大法人買賣超股數"":""-3,288,822""}"
2026-10-01,TWSE,6116,彩晶            ,31150902,33888239,-2737337,0,0,0,394702,1366910,-772208,"{""證券代號"":""6116"",""證券名稱"":""彩晶            "",""外陸資買進股數(不含外資自營商)"":""31,150,902"",""外陸資賣出股數(不含外資自營商)"":""33,888,239"",""外陸資買賣超股數(不含外資自營商)"":""-2,737,337"",""外資自營商買進股數"":""0"",""外資自營商賣出股數"":""0"",""外資自營商買賣超股數"":""0"",""投信買進股數"":""0"",""投信賣出股數"":""0"",""投信買賣超股數"":""0"",""自營商買賣超股數"":""-772,208"",""自營商買進股數(自行買賣)"":""503,000"",""自營商賣出股數(自行買賣)"":""303,000"",""自營商買賣超股數(自行買賣)"":""200,000"",""自營商買進股數(避險)"":""394,702"",""自營商賣出股數(避險)"":""1,366,910"",""自營商買賣超股數(避險)"":""-972,208"",""三大法人買賣超股數"":""-3,509,545""}"
2026-10-01,TWSE,2449,京元電子        ,3507816,4393035,-885219,10000,2230000,-2220000,261160,351302,-425836,"{""證券代號"":""2449"",""證券名稱"":""京元電子        "",""外陸資買進股數(不含外資自營商)"":""3,507,816"",""外陸資賣出股數(不含外資自營商)"":""4,393,035"",""外陸資買賣超股數(不含外資自營商)"":""-885,219"",""外資自營商買進股數"":""0"",""外資自營商賣出股數"":""0"",""外資自營商買賣超股數"":""0"",""投信買進股數"":""10,000"",""投信賣出股數"":""2,230,000"",""投信買賣超股數"":""-2,220,000"",""自營商買賣超股數"":""-425,836"",""自營商買進股數(自行買賣)"":""74,000"",""自營商賣出股數(自行買賣)"":""409,694"",""自營商買賣超股數(自行買賣)"":""-335,694"",""自營商買進股數(避險)"":""261,160"",""自營商賣出股數(避險)"":""351,302"",""自營商買賣超股數(避險)"":""-90,142"",""三大法人買賣超股數"":""-3,531,055""}"
2026-10-01,TWSE,1718,中纖            ,1634292,5641889,-4007597,0,0,0,620,152241,-171009,"{""證券代號"":""1718"",""證券名稱"":""中纖            "",""外陸資買進股數(不含外資自營商)"":""1,634,292"",""外陸資賣出股數(不含外資自營商)"":""5,641,889"",""外陸資買賣超股數(不含外資自營商)"":""-4,007,597"",""外資自營商買進股數"":""0"",""外資自營商賣出股數"":""0"",""外資自營商買賣超股數"":""0"",""投信買進股數"":""0"",""投信賣出股數"":""0"",""投信買賣超股數"":""0"",""自營商買賣超股數"":""-171,009"",""自營商買進股數(自行買賣)"":""0"",""自營商賣出股數(自行買賣)"":""19,388"",""自營商買賣超股數(自行買賣)"":""-19,388"",""自營商買進股數(避險)"":""620"",""自營商賣出股數(避險)"":""152,241"",""自營商買賣超股數(避險)"":""-151,621"",""三大法人買賣超股數"":""-4,178,606""}"
2026-10-01,TWSE,1409,新纖            ,1005001,5531163,-4526162,0,154000,-154000,212583,107416,111167,"{""證券代號"":""1409"",""證券名稱"":""新纖            "",""外陸資買進股數(不含外資自營商)"":""1,005,001"",""外陸資賣出股數(不含外資自營商)"":""5,531,163"",""外陸資買賣超股數(不含外資自營商)"":""-4,526,162"",""外資自營商買進股數"":""0"",""外資自營商賣出股數"":""0"",""外資自營商買賣超股數"":""0"",""投信買進股數"":""0"",""投信賣出股數"":""154,000"",""投信買賣超股數"":""-154,000"",""自營商買賣超股數"":""111,167"",""自營商買進股數(自行買賣)"":""6,000"",""自營商賣出股數(自行買賣)"":""0"",""自營商買賣超股數(自行買賣)"":""6,000"",""自營商買進股數(避險)"":""212,583"",""自營商賣出股數(避險)"":""107,416"",""自營商買賣超股數(避險)"":""105,167"",""三大法人買賣超股數"":""-4,568,995""}"
2026-10-01,TWSE,1802,台玻            ,1980153,6812200,-4832047,0,20000,-20000,23000,176435,176565,"{""證券代號"":""1802"",""證券名稱"":""台玻            "",""外陸資買進股數(不含外資自營商)"":""1,980,153"",""外陸資賣出股數(不含外資自營商)"":""6,812,200"",""外陸資買賣超股數(不含外資自營商)"":""-4,832,047"",""外資自營商買進股數"":""0"",""外資自營商賣出股數"":""0"",""外資自營商買賣超股數"":""0"",""投信買進股數"":""0"",""投信賣出股數"":""20,000"",""投信買賣超股數"":""-20,000"",""自營商買賣超股數"":""176,565"",""自營商買進股數(自行買賣)"":""498,000"",""自營商賣出股數(自行買賣)"":""168,000"",""自營商買賣超股數(自行買賣)"":""330,000"",""自營商買進股數(避險)"":""23,000"",""自營商賣出股數(避險)"":""176,435"",""自營商買賣超股數(避險)"":""-153,435"",""三大法人買賣超股數"":""-4,675,482""}"
2026-10-01,TWSE,3576,聯合再生        ,12007099,16704807,-4697708,0,0,0,0,0,-124989,"{""證券代號"":""3576"",""證券名稱"":""聯合再生        "",""外陸資買進股數(不含外資自營商)"":""12,007,099"",""外陸資賣出股數(不含外資自營商)"":""16,704,807"",""外陸資買賣超股數(不含外資自營商)"":""-4,697,708"",""外資自營商買進股數"":""0"",""外資自營商賣出股數"":""0"",""外資自營商買賣超股數"":""0"",""投信買進股數"":""0"",""投信賣出股數"":""0"",""投信買賣超股數"":""0"",""自營商買賣超股數"":""-124,989"",""自營商買進股數(自行買賣)"":""16,000"",""自營商賣出股數(自行買賣)"":""140,989"",""自營商買賣超股數(自行買賣)"":""-124,989"",""自營商買進股數(避險)"":""0"",""自營商賣出股數(避險)"":""0"",""自營商買賣超股數(避險)"":""0"",""三大法人買賣超股數"":""-4,822,697""}"
2026-10-01,TWSE,2812,台中銀          ,1835270,6953323,-5118053,0,0,0,83000,3816,79184,"{""證券代號"":""2812"",""證券名稱"":""台中銀          "",""外陸資買進股數(不含外資自營商)"":""1,835,270"",""外陸資賣出股數(不含外資自營商)"":""6,953,323"",""外陸資買賣超股數(不含外資自營商)"":""-5,118,053"",""外資自營商買進股數"":""0"",""外資自營商賣出股數"":""0"",""外資自營商買賣超股數"":""0"",""投信買進股數"":""0"",""投信賣出股數"":""0"",""投信買賣超股數"":""0"",""自營商買賣超股數"":""79,184"",""自營商買進股數(自行買賣)"":""0"",""自營商賣出股數(自行買賣)"":""0"",""自營商買賣超股數(自行買賣)"":""0"",""自營商買進股數(避險)"":""83,000"",""自營商賣出股數(避險)"":""3,816"",""自營商買賣超股數(避險)"":""79,184"",""三大法人買賣超股數"":""-5,038,869""}"
2026-10-01,TWSE,2890,永豐金          ,7596382,17058593,-9462211,3288000,1000,3287000,1073760,53235,965863,"{""證券代號"":""2890"",""證券名稱"":""永豐金          "",""外陸資買進股數(不含外資自營商)"":""7,596,382"",""外陸資賣出股數(不含外資自營商)"":""17,058,593"",""外陸資買賣超股數(不含外資自營商)"":""-9,462,211"",""外資自營商買進股數"":""0"",""外資自營商賣出股數"":""0"",""外資自營商買賣超股數"":""0"",""投信買進股數"":""3,288,000"",""投信賣出股數"":""1,000"",""投信買賣超股數"":""3,287,000"",""自營商買賣超股數"":""965,863"",""自營商買進股數(自行買賣)"":""56,000"",""自營商賣出股數(自行買賣)"":""110,662"",""自營商買賣超股數(自行買賣)"":""-54,662"",""自營商買進股數(避險)"":""1,073,760"",""自營商賣出股數(避險)"":""53,235"",""自營商買賣超股數(避險)"":""1,020,525"",""三大法人買賣超股數"":""-5,209,348""}"
2026-10-01,TWSE,2618,長榮航          ,6584744,10238299,-3653555,2901000,4678000,-1777000,482960,304602,175181,"{""證券代號"":""2618"",""證券名稱"":""長榮航          "",""外陸資買進股數(不含外資自營商)"":""6,584,744"",""外陸資賣出股數(不含外資自營商)"":""10,238,299"",""外陸資買賣超股數(不含外資自營商)"":""-3,653,555"",""外資自營商買進股數"":""0"",""外資自營商賣出股數"":""0"",""外資自營商買賣超股數"":""0"",""投信買進股數"":""2,901,000"",""投信賣出股數"":""4,678,000"",""投信買賣超股數"":""-1,777,000"",""自營商買賣超股數"":""175,181"",""自營商買進股數(自行買賣)"":""618,000"",""自營商賣出股數(自行買賣)"":""621,177"",""自營商買賣超股數(自行買賣)"":""-3,177"",""自營商買進股數(避險)"":""482,960"",""自營商賣出股數(避險)"":""304,602"",""自營商買賣超股數(避險)"":""178,358"",""三大法人買賣超股數"":""-5,255,374""}"
2026-10-01,TWSE,6005,群益證          ,696811,5998902,-5302091,0,0,0,0,0,0,"{""證券代號"":""6005"",""證券名稱"":""群益證          "",""外陸資買進股數(不含外資自營商)"":""696,811"",""外陸資賣出股數(不含外資自營商)"":""5,998,902"",""外陸資買賣超股數(不含外資自營商)"":""-5,302,091"",""外資自營商買進股數"":""0"",""外資自營商賣出股數"":""0"",""外資自營商買賣超股數"":""0"",""投信買進股數"":""0"",""投信賣出股數"":""0"",""投信買賣超股數"":""0"",""自營商買賣超股數"":""0"",""自營商買進股數(自行買賣)"":""0"",""自營商賣出股數(自行買賣)"":""0"",""自營商買賣超股數(自行買賣)"":""0"",""自營商買進股數(避險)"":""0"",""自營商賣出股數(避險)"":""0"",""自營商買賣超股數(避險)"":""0"",""三大法人買賣超股數"":""-5,302,091""}"
2026-10-01,TWSE,00984D,主動聯博全球非投,117000,0,117000,0,0,0,506000,5990000,-5484000,"{""證券代號"":""00984D"",""證券名稱"":""主動聯博全球非投"",""外陸資買進股數(不含外資自營商)"":""117,000"",""外陸資賣出股數(不含外資自營商)"":""0"",""外陸資買賣超股數(不含外資自營商)"":""117,000"",""外資自營商買進股數"":""0"",""外資自營商賣出股數"":""0"",""外資自營商買賣超股數"":""0"",""投信買進股數"":""0"",""投信賣出股數"":""0"",""投信買賣超股數"":""0"",""自營商買賣超股數"":""-5,484,000"",""自營商買進股數(自行買賣)"":""0"",""自營商賣出股數(自行買賣)"":""0"",""自營商買賣超股數(自行買賣)"":""0"",""自營商買進股數(避險)"":""506,000"",""自營商賣出股數(避險)"":""5,990,000"",""自營商買賣超股數(避險)"":""-5,484,000"",""三大法人買賣超股數"":""-5,367,000""}"
2026-10-01,TWSE,4763,材料*-KY        ,1184824,4334051,-3149227,0,1982000,-1982000,16598,294305,-265707,"{""證券代號"":""4763"",""證券名稱"":""材料*-KY        "",""外陸資買進股數(不含外資自營商)"":""1,184,824"",""外陸資賣出股數(不含外資自營商)"":""4,334,051"",""外陸資買賣超股數(不含外資自營商)"":""-3,149,227"",""外資自營商買進股數"":""0"",""外資自營商賣出股數"":""0"",""外資自營商買賣超股數"":""0"",""投信買進股數"":""0"",""投信賣出股數"":""1,982,000"",""投信買賣超股數"":""-1,982,000"",""自營商買賣超股數"":""-265,707"",""自營商買進股數(自行買賣)"":""109,000"",""自營商賣出股數(自行買賣)"":""97,000"",""自營商買賣超股數(自行買賣)"":""12,000"",""自營商買進股數(避險)"":""16,598"",""自營商賣出股數(避險)"":""294,305"",""自營商買賣超股數(避險)"":""-277,707"",""三大法人買賣超股數"":""-5,396,934""}"
2026-10-01,TWSE,009821,野村稀土關鍵資源,256000,1000,255000,0,0,0,10000,5855053,-5845053,"{""證券代號"":""009821"",""證券名稱"":""野村稀土關鍵資源"",""外陸資買進股數(不含外資自營商)"":""256,000"",""外陸資賣出股數(不含外資自營商)"":""1,000"",""外陸資買賣超股數(不含外資自營商)"":""255,000"",""外資自營商買進股數"":""0"",""外資自營商賣出股數"":""0"",""外資自營商買賣超股數"":""0"",""投信買進股數"":""0"",""投信賣出股數"":""0"",""投信買賣超股數"":""0"",""自營商買賣超股數"":""-5,845,053"",""自營商買進股數(自行買賣)"":""0"",""自營商賣出股數(自行買賣)"":""0"",""自營商買賣超股數(自行買賣)"":""0"",""自營商買進股數(避險)"":""10,000"",""自營商賣出股數(避險)"":""5,855,053"",""自營商買賣超股數(避險)"":""-5,845,053"",""三大法人買賣超股數"":""-5,590,053""}"
2026-10-01,TWSE,00400A,主動國泰動能高息,2879200,4447077,-1567877,0,0,0,5985000,10074485,-4049485,"{""證券代號"":""00400A"",""證券名稱"":""主動國泰動能高息"",""外陸資買進股數(不含外資自營商)"":""2,879,200"",""外陸資賣出股數(不含外資自營商)"":""4,447,077"",""外陸資買賣超股數(不含外資自營商)"":""-1,567,877"",""外資自營商買進股數"":""0"",""外資自營商賣出股數"":""0"",""外資自營商買賣超股數"":""0"",""投信買進股數"":""0"",""投信賣出股數"":""0"",""投信買賣超股數"":""0"",""自營商買賣超股數"":""-4,049,485"",""自營商買進股數(自行買賣)"":""40,000"",""自營商賣出股數(自行買賣)"":""0"",""自營商買賣超股數(自行買賣)"":""40,000"",""自營商買進股數(避險)"":""5,985,000"",""自營商賣出股數(避險)"":""10,074,485"",""自營商買賣超股數(避險)"":""-4,089,485"",""三大法人買賣超股數"":""-5,617,362""}"
2026-10-01,TWSE,2889,國票金          ,1318242,7219302,-5901060,0,0,0,5000,4542,-542,"{""證券代號"":""2889"",""證券名稱"":""國票金          "",""外陸資買進股數(不含外資自營商)"":""1,318,242"",""外陸資賣出股數(不含外資自營商)"":""7,219,302"",""外陸資買賣超股數(不含外資自營商)"":""-5,901,060"",""外資自營商買進股數"":""0"",""外資自營商賣出股數"":""0"",""外資自營商買賣超股數"":""0"",""投信買進股數"":""0"",""投信賣出股數"":""0"",""投信買賣超股數"":""0"",""自營商買賣超股數"":""-542"",""自營商買進股數(自行買賣)"":""49,000"",""自營商賣出股數(自行買賣)"":""50,000"",""自營商買賣超股數(自行買賣)"":""-1,000"",""自營商買進股數(避險)"":""5,000"",""自營商賣出股數(避險)"":""4,542"",""自營商買賣超股數(避險)"":""458"",""三大法人買賣超股數"":""-5,901,602""}"
2026-10-01,TWSE,1301,台塑            ,4086721,9610836,-5524115,0,0,0,219000,562548,-457187,"{""證券代號"":""1301"",""證券名稱"":""台塑            "",""外陸資買進股數(不含外資自營商)"":""4,086,721"",""外陸資賣出股數(不含外資自營商)"":""9,610,836"",""外陸資買賣超股數(不含外資自營商)"":""-5,524,115"",""外資自營商買進股數"":""0"",""外資自營商賣出股數"":""0"",""外資自營商買賣超股數"":""0"",""投信買進股數"":""0"",""投信賣出股數"":""0"",""投信買賣超股數"":""0"",""自營商買賣超股數"":""-457,187"",""自營商買進股數(自行買賣)"":""39,000"",""自營商賣出股數(自行買賣)"":""152,639"",""自營商買賣超股數(自行買賣)"":""-113,639"",""自營商買進股數(避險)"":""219,000"",""自營商賣出股數(避險)"":""562,548"",""自營商買賣超股數(避險)"":""-343,548"",""三大法人買賣超股數"":""-5,981,302""}"
2026-10-01,TWSE,2887,台新新光金      ,15992461,42203273,-26210812,19274000,1000,19273000,1953526,1322733,532074,"{""證券代號"":""2887"",""證券名稱"":""台新新光金      "",""外陸資買進股數(不含外資自營商)"":""15,992,461"",""外陸資賣出股數(不含外資自營商)"":""42,203,273"",""外陸資買賣超股數(不含外資自營商)"":""-26,210,812"",""外資自營商買進股數"":""0"",""外資自營商賣出股數"":""0"",""外資自營商買賣超股數"":""0"",""投信買進股數"":""19,274,000"",""投信賣出股數"":""1,000"",""投信買賣超股數"":""19,273,000"",""自營商買賣超股數"":""532,074"",""自營商買進股數(自行買賣)"":""2,999,000"",""自營商賣出股數(自行買賣)"":""3,097,719"",""自營商買賣超股數(自行買賣)"":""-98,719"",""自營商買進股數(避險)"":""1,953,526"",""自營商賣出股數(避險)"":""1,322,733"",""自營商買賣超股數(避險)"":""630,793"",""三大法人買賣超股數"":""-6,405,738""}"
2026-10-01,TWSE,6505,台塑化          ,3980238,17002547,-13022309,6959000,0,6959000,126543,483400,-479769,"{""證券代號"":""6505"",""證券名稱"":""台塑化          "",""外陸資買進股數(不含外資自營商)"":""3,980,238"",""外陸資賣出股數(不含外資自營商)"":""17,002,547"",""外陸資買賣超股數(不含外資自營商)"":""-13,022,309"",""外資自營商買進股數"":""0"",""外資自營商賣出股數"":""0"",""外資自營商買賣超股數"":""0"",""投信買進股數"":""6,959,000"",""投信賣出股數"":""0"",""投信買賣超股數"":""6,959,000"",""自營商買賣超股數"":""-479,769"",""自營商買進股數(自行買賣)"":""96,000"",""自營商賣出股數(自行買賣)"":""218,912"",""自營商買賣超股數(自行買賣)"":""-122,912"",""自營商買進股數(避險)"":""126,543"",""自營商賣出股數(避險)"":""483,400"",""自營商買賣超股數(避險)"":""-356,857"",""三大法人買賣超股數"":""-6,543,078""}"
2026-10-01,TWSE,2845,遠東銀          ,1876525,5302742,-3426217,1738000,5093564,-3355564,49000,115507,-164361,"{""證券代號"":""2845"",""證券名稱"":""遠東銀          "",""外陸資買進股數(不含外資自營商)"":""1,876,525"",""外陸資賣出股數(不含外資自營商)"":""5,302,742"",""外陸資買賣超股數(不含外資自營商)"":""-3,426,217"",""外資自營商買進股數"":""0"",""外資自營商賣出股數"":""0"",""外資自營商買賣超股數"":""0"",""投信買進股數"":""1,738,000"",""投信賣出股數"":""5,093,564"",""投信買賣超股數"":""-3,355,564"",""自營商買賣超股數"":""-164,361"",""自營商買進股數(自行買賣)"":""4,000"",""自營商賣出股數(自行買賣)"":""101,854"",""自營商買賣超股數(自行買賣)"":""-97,854"",""自營商買進股數(避險)"":""49,000"",""自營商賣出股數(避險)"":""115,507"",""自營商買賣超股數(避險)"":""-66,507"",""三大法人買賣超股數"":""-6,946,142""}"
2026-10-01,TWSE,2891,中信金          ,8154360,21630984,-13476624,6236000,1480000,4756000,1160440,93575,999061,"{""證券代號"":""2891"",""證券名稱"":""中信金          "",""外陸資買進股數(不含外資自營商)"":""8,154,360"",""外陸資賣出股數(不含外資自營商)"":""21,630,984"",""外陸資買賣超股數(不含外資自營商)"":""-13,476,624"",""外資自營商買進股數"":""0"",""外資自營商賣出股數"":""0"",""外資自營商買賣超股數"":""0"",""投信買進股數"":""6,236,000"",""投信賣出股數"":""1,480,000"",""投信買賣超股數"":""4,756,000"",""自營商買賣超股數"":""999,061"",""自營商買進股數(自行買賣)"":""2,222,000"",""自營商賣出股數(自行買賣)"":""2,289,804"",""自營商買賣超股數(自行買賣)"":""-67,804"",""自營商買進股數(避險)"":""1,160,440"",""自營商賣出股數(避險)"":""93,575"",""自營商買賣超股數(避險)"":""1,066,865"",""三大法人買賣超股數"":""-7,721,563""}"
2026-10-01,TWSE,00680L,元大美債20正2   ,279000,134000,145000,0,0,0,3000000,13418391,-9596391,"{""證券代號"":""00680L"",""證券名稱"":""元大美債20正2   "",""外陸資買進股數(不含外資自營商)"":""279,000"",""外陸資賣出股數(不含外資自營商)"":""134,000"",""外陸資買賣超股數(不含外資自營商)"":""145,000"",""外資自營商買進股數"":""0"",""外資自營商賣出股數"":""0"",""外資自營商買賣超股數"":""0"",""投信買進股數"":""0"",""投信賣出股數"":""0"",""投信買賣超股數"":""0"",""自營商買賣超股數"":""-9,596,391"",""自營商買進股數(自行買賣)"":""822,000"",""自營商賣出股數(自行買賣)"":""0"",""自營商買賣超股數(自行買賣)"":""822,000"",""自營商買進股數(避險)"":""3,000,000"",""自營商賣出股數(避險)"":""13,418,391"",""自營商買賣超股數(避險)"":""-10,418,391"",""三大法人買賣超股數"":""-9,451,391""}"
2026-10-01,TWSE,2885,元大金          ,3599869,15479725,-11879856,2166000,637360,1528640,722120,94307,589217,"{""證券代號"":""2885"",""證券名稱"":""元大金          "",""外陸資買進股數(不含外資自營商)"":""3,599,869"",""外陸資賣出股數(不含外資自營商)"":""15,479,725"",""外陸資買賣超股數(不含外資自營商)"":""-11,879,856"",""外資自營商買進股數"":""0"",""外資自營商賣出股數"":""0"",""外資自營商買賣超股數"":""0"",""投信買進股數"":""2,166,000"",""投信賣出股數"":""637,360"",""投信買賣超股數"":""1,528,640"",""自營商買賣超股數"":""589,217"",""自營商買進股數(自行買賣)"":""228,000"",""自營商賣出股數(自行買賣)"":""266,596"",""自營商買賣超股數(自行買賣)"":""-38,596"",""自營商買進股數(避險)"":""722,120"",""自營商賣出股數(避險)"":""94,307"",""自營商買賣超股數(避險)"":""627,813"",""三大法人買賣超股數"":""-9,761,999""}"
2026-10-01,TWSE,1326,台化            ,2255223,12452517,-10197294,336000,0,336000,52530,720787,-710257,"{""證券代號"":""1326"",""證券名稱"":""台化            "",""外陸資買進股數(不含外資自營商)"":""2,255,223"",""外陸資賣出股數(不含外資自營商)"":""12,452,517"",""外陸資買賣超股數(不含外資自營商)"":""-10,197,294"",""外資自營商買進股數"":""0"",""外資自營商賣出股數"":""0"",""外資自營商買賣超股數"":""0"",""投信買進股數"":""336,000"",""投信賣出股數"":""0"",""投信買賣超股數"":""336,000"",""自營商買賣超股數"":""-710,257"",""自營商買進股數(自行買賣)"":""8,000"",""自營商賣出股數(自行買賣)"":""50,000"",""自營商買賣超股數(自行買賣)"":""-42,000"",""自營商買進股數(避險)"":""52,530"",""自營商賣出股數(避險)"":""720,787"",""自營商買賣超股數(避險)"":""-668,257"",""三大法人買賣超股數"":""-10,571,551""}"
2026-10-01,TWSE,1303,南亞            ,12358287,24340136,-11981849,852000,190000,662000,755974,620467,236009,"{""證券代號"":""1303"",""證券名稱"":""南亞            "",""外陸資買進股數(不含外資自營商)"":""12,358,287"",""外陸資賣出股數(不含外資自營商)"":""24,340,136"",""外陸資買賣超股數(不含外資自營商)"":""-11,981,849"",""外資自營商買進股數"":""0"",""外資自營商賣出股數"":""0"",""外資自營商買賣超股數"":""0"",""投信買進股數"":""852,000"",""投信賣出股數"":""190,000"",""投信買賣超股數"":""662,000"",""自營商買賣超股數"":""236,009"",""自營商買進股數(自行買賣)"":""468,527"",""自營商賣出股數(自行買賣)"":""368,025"",""自營商買賣超股數(自行買賣)"":""100,502"",""自營商買進股數(避險)"":""755,974"",""自營商賣出股數(避險)"":""620,467"",""自營商買賣超股數(避險)"":""135,507"",""三大法人買賣超股數"":""-11,083,840""}"
2026-10-01,TWSE,2371,大同            ,4576996,15263900,-10686904,0,0,0,18000,551167,-658167,"{""證券代號"":""2371"",""證券名稱"":""大同            "",""外陸資買進股數(不含外資自營商)"":""4,576,996"",""外陸資賣出股數(不含外資自營商)"":""15,263,900"",""外陸資買賣超股數(不含外資自營商)"":""-10,686,904"",""外資自營商買進股數"":""0"",""外資自營商賣出股數"":""0"",""外資自營商買賣超股數"":""0"",""投信買進股數"":""0"",""投信賣出股數"":""0"",""投信買賣超股數"":""0"",""自營商買賣超股數"":""-658,167"",""自營商買進股數(自行買賣)"":""183,000"",""自營商賣出股數(自行買賣)"":""308,000"",""自營商買賣超股數(自行買賣)"":""-125,000"",""自營商買進股數(避險)"":""18,000"",""自營商賣出股數(避險)"":""551,167"",""自營商買賣超股數(避險)"":""-533,167"",""三大法人買賣超股數"":""-11,345,071""}"
2026-10-01,TWSE,2883,凱基金          ,31989242,53885100,-21895858,8300000,1000,8299000,2042282,790129,1269568,"{""證券代號"":""2883"",""證券名稱"":""凱基金          "",""外陸資買進股數(不含外資自營商)"":""31,989,242"",""外陸資賣出股數(不含外資自營商)"":""53,885,100"",""外陸資買賣超股數(不含外資自營商)"":""-21,895,858"",""外資自營商買進股數"":""0"",""外資自營商賣出股數"":""0"",""外資自營商買賣超股數"":""0"",""投信買進股數"":""8,300,000"",""投信賣出股數"":""1,000"",""投信買賣超股數"":""8,299,000"",""自營商買賣超股數"":""1,269,568"",""自營商買進股數(自行買賣)"":""2,211,000"",""自營商賣出股數(自行買賣)"":""2,193,585"",""自營商買賣超股數(自行買賣)"":""17,415"",""自營商買進股數(避險)"":""2,042,282"",""自營商賣出股數(避險)"":""790,129"",""自營商買賣超股數(避險)"":""1,252,153"",""三大法人買賣超股數"":""-12,327,290""}"
2026-10-01,TWSE,00992A,主動群益科技創新,5212300,14118255,-8905955,0,0,0,3349859,7202321,-4152462,"{""證券代號"":""00992A"",""證券名稱"":""主動群益科技創新"",""外陸資買進股數(不含外資自營商)"":""5,212,300"",""外陸資賣出股數(不含外資自營商)"":""14,118,255"",""外陸資買賣超股數(不含外資自營商)"":""-8,905,955"",""外資自營商買進股數"":""0"",""外資自營商賣出股數"":""0"",""外資自營商買賣超股數"":""0"",""投信買進股數"":""0"",""投信賣出股數"":""0"",""投信買賣超股數"":""0"",""自營商買賣超股數"":""-4,152,462"",""自營商買進股數(自行買賣)"":""0"",""自營商賣出股數(自行買賣)"":""300,000"",""自營商買賣超股數(自行買賣)"":""-300,000"",""自營商買進股數(避險)"":""3,349,859"",""自營商賣出股數(避險)"":""7,202,321"",""自營商買賣超股數(避險)"":""-3,852,462"",""三大法人買賣超股數"":""-13,058,417""}"
2026-10-01,TWSE,00953B,群益優選非投等債,2000,33000,-31000,0,0,0,500,13221119,-13220619,"{""證券代號"":""00953B"",""證券名稱"":""群益優選非投等債"",""外陸資買進股數(不含外資自營商)"":""2,000"",""外陸資賣出股數(不含外資自營商)"":""33,000"",""外陸資買賣超股數(不含外資自營商)"":""-31,000"",""外資自營商買進股數"":""0"",""外資自營商賣出股數"":""0"",""外資自營商買賣超股數"":""0"",""投信買進股數"":""0"",""投信賣出股數"":""0"",""投信買賣超股數"":""0"",""自營商買賣超股數"":""-13,220,619"",""自營商買進股數(自行買賣)"":""0"",""自營商賣出股數(自行買賣)"":""0"",""自營商買賣超股數(自行買賣)"":""0"",""自營商買進股數(避險)"":""500"",""自營商賣出股數(避險)"":""13,221,119"",""自營商買賣超股數(避險)"":""-13,220,619"",""三大法人買賣超股數"":""-13,251,619""}"
2026-10-01,TWSE,6770,力積電          ,17880139,31727635,-13847496,12000,0,12000,516265,1180806,-441541,"{""證券代號"":""6770"",""證券名稱"":""力積電          "",""外陸資買進股數(不含外資自營商)"":""17,880,139"",""外陸資賣出股數(不含外資自營商)"":""31,727,635"",""外陸資買賣超股數(不含外資自營商)"":""-13,847,496"",""外資自營商買進股數"":""0"",""外資自營商賣出股數"":""0"",""外資自營商買賣超股數"":""0"",""投信買進股數"":""12,000"",""投信賣出股數"":""0"",""投信買賣超股數"":""12,000"",""自營商買賣超股數"":""-441,541"",""自營商買進股數(自行買賣)"":""582,000"",""自營商賣出股數(自行買賣)"":""359,000"",""自營商買賣超股數(自行買賣)"":""223,000"",""自營商買進股數(避險)"":""516,265"",""自營商賣出股數(避險)"":""1,180,806"",""自營商買賣超股數(避險)"":""-664,541"",""三大法人買賣超股數"":""-14,277,037""}"
2026-10-01,TWSE,2324,仁寶            ,3326305,18678872,-15352567,25000,0,25000,539800,350608,663389,"{""證券代號"":""2324"",""證券名稱"":""仁寶            "",""外陸資買進股數(不含外資自營商)"":""3,326,305"",""外陸資賣出股數(不含外資自營商)"":""18,678,872"",""外陸資買賣超股數(不含外資自營商)"":""-15,352,567"",""外資自營商買進股數"":""0"",""外資自營商賣出股數"":""0"",""外資自營商買賣超股數"":""0"",""投信買進股數"":""25,000"",""投信賣出股數"":""0"",""投信買賣超股數"":""25,000"",""自營商買賣超股數"":""663,389"",""自營商買進股數(自行買賣)"":""503,000"",""自營商賣出股數(自行買賣)"":""28,803"",""自營商買賣超股數(自行買賣)"":""474,197"",""自營商買進股數(避險)"":""539,800"",""自營商賣出股數(避險)"":""350,608"",""自營商買賣超股數(避險)"":""189,192"",""三大法人買賣超股數"":""-14,664,178""}"
2026-10-01,TWSE,2834,臺企銀          ,5360784,22271080,-16910296,0,0,0,28000,43747,-39023,"{""證券代號"":""2834"",""證券名稱"":""臺企銀          "",""外陸資買進股數(不含外資自營商)"":""5,360,784"",""外陸資賣出股數(不含外資自營商)"":""22,271,080"",""外陸資買賣超股數(不含外資自營商)"":""-16,910,296"",""外資自營商買進股數"":""0"",""外資自營商賣出股數"":""0"",""外資自營商買賣超股數"":""0"",""投信買進股數"":""0"",""投信賣出股數"":""0"",""投信買賣超股數"":""0"",""自營商買賣超股數"":""-39,023"",""自營商買進股數(自行買賣)"":""2,724"",""自營商賣出股數(自行買賣)"":""26,000"",""自營商買賣超股數(自行買賣)"":""-23,276"",""自營商買進股數(避險)"":""28,000"",""自營商賣出股數(避險)"":""43,747"",""自營商買賣超股數(避險)"":""-15,747"",""三大法人買賣超股數"":""-16,949,319""}"
2026-10-01,TWSE,1314,中石化          ,3605180,20754593,-17149413,0,0,0,0,0,7000,"{""證券代號"":""1314"",""證券名稱"":""中石化          "",""外陸資買進股數(不含外資自營商)"":""3,605,180"",""外陸資賣出股數(不含外資自營商)"":""20,754,593"",""外陸資買賣超股數(不含外資自營商)"":""-17,149,413"",""外資自營商買進股數"":""0"",""外資自營商賣出股數"":""0"",""外資自營商買賣超股數"":""0"",""投信買進股數"":""0"",""投信賣出股數"":""0"",""投信買賣超股數"":""0"",""自營商買賣超股數"":""7,000"",""自營商買進股數(自行買賣)"":""47,000"",""自營商賣出股數(自行買賣)"":""40,000"",""自營商買賣超股數(自行買賣)"":""7,000"",""自營商買進股數(避險)"":""0"",""自營商賣出股數(避險)"":""0"",""自營商買賣超股數(避險)"":""0"",""三大法人買賣超股數"":""-17,142,413""}"
2026-10-01,TWSE,0050,元大台灣50      ,7256907,32456103,-25199196,130000,0,130000,8314762,4233159,5622603,"{""證券代號"":""0050"",""證券名稱"":""元大台灣50      "",""外陸資買進股數(不含外資自營商)"":""7,256,907"",""外陸資賣出股數(不含外資自營商)"":""32,456,103"",""外陸資買賣超股數(不含外資自營商)"":""-25,199,196"",""外資自營商買進股數"":""0"",""外資自營商賣出股數"":""0"",""外資自營商買賣超股數"":""0"",""投信買進股數"":""130,000"",""投信賣出股數"":""0"",""投信買賣超股數"":""130,000"",""自營商買賣超股數"":""5,622,603"",""自營商買進股數(自行買賣)"":""1,607,000"",""自營商賣出股數(自行買賣)"":""66,000"",""自營商買賣超股數(自行買賣)"":""1,541,000"",""自營商買進股數(避險)"":""8,314,762"",""自營商賣出股數(避險)"":""4,233,159"",""自營商買賣超股數(避險)"":""4,081,603"",""三大法人買賣超股數"":""-19,446,593""}"
2026-10-01,TWSE,2002,中鋼            ,7723845,29050566,-21326721,0,0,0,187000,196019,30587,"{""證券代號"":""2002"",""證券名稱"":""中鋼            "",""外陸資買進股數(不含外資自營商)"":""7,723,845"",""外陸資賣出股數(不含外資自營商)"":""29,050,566"",""外陸資買賣超股數(不含外資自營商)"":""-21,326,721"",""外資自營商買進股數"":""0"",""外資自營商賣出股數"":""0"",""外資自營商買賣超股數"":""0"",""投信買進股數"":""0"",""投信賣出股數"":""0"",""投信買賣超股數"":""0"",""自營商買賣超股數"":""30,587"",""自營商買進股數(自行買賣)"":""40,000"",""自營商賣出股數(自行買賣)"":""394"",""自營商買賣超股數(自行買賣)"":""39,606"",""自營商買進股數(避險)"":""187,000"",""自營商賣出股數(避險)"":""196,019"",""自營商買賣超股數(避險)"":""-9,019"",""三大法人買賣超股數"":""-21,296,134""}"
2026-10-01,TWSE,00985A,主動野村台灣50  ,1003250,2242000,-1238750,0,0,0,1034000,23963574,-23025574,"{""證券代號"":""00985A"",""證券名稱"":""主動野村台灣50  "",""外陸資買進股數(不含外資自營商)"":""1,003,250"",""外陸資賣出股數(不含外資自營商)"":""2,242,000"",""外陸資買賣超股數(不含外資自營商)"":""-1,238,750"",""外資自營商買進股數"":""0"",""外資自營商賣出股數"":""0"",""外資自營商買賣超股數"":""0"",""投信買進股數"":""0"",""投信賣出股數"":""0"",""投信買賣超股數"":""0"",""自營商買賣超股數"":""-23,025,574"",""自營商買進股數(自行買賣)"":""0"",""自營商賣出股數(自行買賣)"":""96,000"",""自營商買賣超股數(自行買賣)"":""-96,000"",""自營商買進股數(避險)"":""1,034,000"",""自營商賣出股數(避險)"":""23,963,574"",""自營商買賣超股數(避險)"":""-22,929,574"",""三大法人買賣超股數"":""-24,264,324""}"
2026-10-01,TWSE,1101,台泥            ,5746528,38979170,-33232642,0,0,0,449000,362670,90330,"{""證券代號"":""1101"",""證券名稱"":""台泥            "",""外陸資買進股數(不含外資自營商)"":""5,746,528"",""外陸資賣出股數(不含外資自營商)"":""38,979,170"",""外陸資買賣超股數(不含外資自營商)"":""-33,232,642"",""外資自營商買進股數"":""0"",""外資自營商賣出股數"":""0"",""外資自營商買賣超股數"":""0"",""投信買進股數"":""0"",""投信賣出股數"":""0"",""投信買賣超股數"":""0"",""自營商買賣超股數"":""90,330"",""自營商買進股數(自行買賣)"":""76,000"",""自營商賣出股數(自行買賣)"":""72,000"",""自營商買賣超股數(自行買賣)"":""4,000"",""自營商買進股數(避險)"":""449,000"",""自營商賣出股數(避險)"":""362,670"",""自營商買賣超股數(避險)"":""86,330"",""三大法人買賣超股數"":""-33,142,312""}"
2026-10-01,TWSE,0056,元大高股息      ,1194546,10155233,-8960687,180000,0,180000,210000,25275838,-24686838,"{""證券代號"":""0056"",""證券名稱"":""元大高股息      "",""外陸資買進股數(不含外資自營商)"":""1,194,546"",""外陸資賣出股數(不含外資自營商)"":""10,155,233"",""外陸資買賣超股數(不含外資自營商)"":""-8,960,687"",""外資自營商買進股數"":""0"",""外資自營商賣出股數"":""0"",""外資自營商買賣超股數"":""0"",""投信買進股數"":""180,000"",""投信賣出股數"":""0"",""投信買賣超股數"":""180,000"",""自營商買賣超股數"":""-24,686,838"",""自營商買進股數(自行買賣)"":""379,000"",""自營商賣出股數(自行買賣)"":""0"",""自營商買賣超股數(自行買賣)"":""379,000"",""自營商買進股數(避險)"":""210,000"",""自營商賣出股數(避險)"":""25,275,838"",""自營商買賣超股數(避險)"":""-25,065,838"",""三大法人買賣超股數"":""-33,467,525""}"
2026-10-01,TWSE,2409,友達            ,236725238,272941363,-36216125,2628000,0,2628000,4377179,7128356,-5677177,"{""證券代號"":""2409"",""證券名稱"":""友達            "",""外陸資買進股數(不含外資自營商)"":""236,725,238"",""外陸資賣出股數(不含外資自營商)"":""272,941,363"",""外陸資買賣超股數(不含外資自營商)"":""-36,216,125"",""外資自營商買進股數"":""0"",""外資自營商賣出股數"":""0"",""外資自營商買賣超股數"":""0"",""投信買進股數"":""2,628,000"",""投信賣出股數"":""0"",""投信買賣超股數"":""2,628,000"",""自營商買賣超股數"":""-5,677,177"",""自營商買進股數(自行買賣)"":""3,696,140"",""自營商賣出股數(自行買賣)"":""6,622,140"",""自營商買賣超股數(自行買賣)"":""-2,926,000"",""自營商買進股數(避險)"":""4,377,179"",""自營商賣出股數(避險)"":""7,128,356"",""自營商買賣超股數(避險)"":""-2,751,177"",""三大法人買賣超股數"":""-39,265,302""}"
2026-10-01,TWSE,009816,凱基台灣TOP50   ,4845948,10737319,-5891371,0,0,0,20196000,60986734,-39860734,"{""證券代號"":""009816"",""證券名稱"":""凱基台灣TOP50   "",""外陸資買進股數(不含外資自營商)"":""4,845,948"",""外陸資賣出股數(不含外資自營商)"":""10,737,319"",""外陸資買賣超股數(不含外資自營商)"":""-5,891,371"",""外資自營商買進股數"":""0"",""外資自營商賣出股數"":""0"",""外資自營商買賣超股數"":""0"",""投信買進股數"":""0"",""投信賣出股數"":""0"",""投信買賣超股數"":""0"",""自營商買賣超股數"":""-39,860,734"",""自營商買進股數(自行買賣)"":""930,000"",""自營商賣出股數(自行買賣)"":""0"",""自營商買賣超股數(自行買賣)"":""930,000"",""自營商買進股數(避險)"":""20,196,000"",""自營商賣出股數(避險)"":""60,986,734"",""自營商買賣超股數(避險)"":""-40,790,734"",""三大法人買賣超股數"":""-45,752,105""}"
2026-10-01,TWSE,3481,群創            ,79873927,173012082,-93138155,600000,0,600000,1896106,3893615,-4178496,"{""證券代號"":""3481"",""證券名稱"":""群創            "",""外陸資買進股數(不含外資自營商)"":""79,873,927"",""外陸資賣出股數(不含外資自營商)"":""173,012,082"",""外陸資買賣超股數(不含外資自營商)"":""-93,138,155"",""外資自營商買進股數"":""0"",""外資自營商賣出股數"":""0"",""外資自營商買賣超股數"":""0"",""投信買進股數"":""600,000"",""投信賣出股數"":""0"",""投信買賣超股數"":""600,000"",""自營商買賣超股數"":""-4,178,496"",""自營商買進股數(自行買賣)"":""1,861,000"",""自營商賣出股數(自行買賣)"":""4,041,987"",""自營商買賣超股數(自行買賣)"":""-2,180,987"",""自營商買進股數(避險)"":""1,896,106"",""自營商賣出股數(避險)"":""3,893,615"",""自營商買賣超股數(避險)"":""-1,997,509"",""三大法人買賣超股數"":""-96,716,651""}"
2026-10-01,TWSE,00406A,主動中信台灣收益,20113613,5544000,14569613,0,0,0,11796000,184332540,-172536540,"{""證券代號"":""00406A"",""證券名稱"":""主動中信台灣收益"",""外陸資買進股數(不含外資自營商)"":""20,113,613"",""外陸資賣出股數(不含外資自營商)"":""5,544,000"",""外陸資買賣超股數(不含外資自營商)"":""14,569,613"",""外資自營商買進股數"":""0"",""外資自營商賣出股數"":""0"",""外資自營商買賣超股數"":""0"",""投信買進股數"":""0"",""投信賣出股數"":""0"",""投信買賣超股數"":""0"",""自營商買賣超股數"":""-172,536,540"",""自營商買進股數(自行買賣)"":""0"",""自營商賣出股數(自行買賣)"":""0"",""自營商買賣超股數(自行買賣)"":""0"",""自營商買進股數(避險)"":""11,796,000"",""自營商賣出股數(避險)"":""184,332,540"",""自營商買賣超股數(避險)"":""-172,536,540"",""三大法人買賣超股數"":""-157,966,927""}"
