trade_date,market,stock_id,name,foreign_buy,foreign_sell,foreign_net,trust_buy,trust_sell,trust_net,dealer_buy,dealer_sell,dealer_net,raw_json
2026-09-29,TWSE,1303,南亞            ,47056568,16853080,30203488,1858000,33000,1825000,1286473,174303,1793166,"{""證券代號"":""1303"",""證券名稱"":""南亞            "",""外陸資買進股數(不含外資自營商)"":""47,056,568"",""外陸資賣出股數(不含外資自營商)"":""16,853,080"",""外陸資買賣超股數(不含外資自營商)"":""30,203,488"",""外資自營商買進股數"":""0"",""外資自營商賣出股數"":""0"",""外資自營商買賣超股數"":""0"",""投信買進股數"":""1,858,000"",""投信賣出股數"":""33,000"",""投信買賣超股數"":""1,825,000"",""自營商買賣超股數"":""1,793,166"",""自營商買進股數(自行買賣)"":""800,996"",""自營商賣出股數(自行買賣)"":""120,000"",""自營商買賣超股數(自行買賣)"":""680,996"",""自營商買進股數(避險)"":""1,286,473"",""自營商賣出股數(避險)"":""174,303"",""自營商買賣超股數(避險)"":""1,112,170"",""三大法人買賣超股數"":""33,821,654""}"
2026-09-29,TWSE,00403A,主動統一升級50  ,24893450,22941380,1952070,0,0,0,39772975,8108524,31464451,"{""證券代號"":""00403A"",""證券名稱"":""主動統一升級50  "",""外陸資買進股數(不含外資自營商)"":""24,893,450"",""外陸資賣出股數(不含外資自營商)"":""22,941,380"",""外陸資買賣超股數(不含外資自營商)"":""1,952,070"",""外資自營商買進股數"":""0"",""外資自營商賣出股數"":""0"",""外資自營商買賣超股數"":""0"",""投信買進股數"":""0"",""投信賣出股數"":""0"",""投信買賣超股數"":""0"",""自營商買賣超股數"":""31,464,451"",""自營商買進股數(自行買賣)"":""0"",""自營商賣出股數(自行買賣)"":""200,000"",""自營商買賣超股數(自行買賣)"":""-200,000"",""自營商買進股數(避險)"":""39,772,975"",""自營商賣出股數(避險)"":""8,108,524"",""自營商買賣超股數(避險)"":""31,664,451"",""三大法人買賣超股數"":""33,416,521""}"
2026-09-29,TWSE,2409,友達            ,171385786,155848658,15537128,0,0,0,7876660,1900473,7505050,"{""證券代號"":""2409"",""證券名稱"":""友達            "",""外陸資買進股數(不含外資自營商)"":""171,385,786"",""外陸資賣出股數(不含外資自營商)"":""155,848,658"",""外陸資買賣超股數(不含外資自營商)"":""15,537,128"",""外資自營商買進股數"":""0"",""外資自營商賣出股數"":""0"",""外資自營商買賣超股數"":""0"",""投信買進股數"":""0"",""投信賣出股數"":""0"",""投信買賣超股數"":""0"",""自營商買賣超股數"":""7,505,050"",""自營商買進股數(自行買賣)"":""2,990,863"",""自營商賣出股數(自行買賣)"":""1,462,000"",""自營商買賣超股數(自行買賣)"":""1,528,863"",""自營商買進股數(避險)"":""7,876,660"",""自營商賣出股數(避險)"":""1,900,473"",""自營商買賣超股數(避險)"":""5,976,187"",""三大法人買賣超股數"":""23,042,178""}"
2026-09-29,TWSE,6505,台塑化          ,20847948,12436793,8411155,8094000,6000,8088000,531931,234568,60670,"{""證券代號"":""6505"",""證券名稱"":""台塑化          "",""外陸資買進股數(不含外資自營商)"":""20,847,948"",""外陸資賣出股數(不含外資自營商)"":""12,436,793"",""外陸資買賣超股數(不含外資自營商)"":""8,411,155"",""外資自營商買進股數"":""0"",""外資自營商賣出股數"":""0"",""外資自營商買賣超股數"":""0"",""投信買進股數"":""8,094,000"",""投信賣出股數"":""6,000"",""投信買賣超股數"":""8,088,000"",""自營商買賣超股數"":""60,670"",""自營商買進股數(自行買賣)"":""107,964"",""自營商賣出股數(自行買賣)"":""344,657"",""自營商買賣超股數(自行買賣)"":""-236,693"",""自營商買進股數(避險)"":""531,931"",""自營商賣出股數(避險)"":""234,568"",""自營商買賣超股數(避險)"":""297,363"",""三大法人買賣超股數"":""16,559,825""}"
2026-09-29,TWSE,6770,力積電          ,32359855,17096270,15263585,4000,0,4000,599283,425127,307156,"{""證券代號"":""6770"",""證券名稱"":""力積電          "",""外陸資買進股數(不含外資自營商)"":""32,359,855"",""外陸資賣出股數(不含外資自營商)"":""17,096,270"",""外陸資買賣超股數(不含外資自營商)"":""15,263,585"",""外資自營商買進股數"":""0"",""外資自營商賣出股數"":""0"",""外資自營商買賣超股數"":""0"",""投信買進股數"":""4,000"",""投信賣出股數"":""0"",""投信買賣超股數"":""4,000"",""自營商買賣超股數"":""307,156"",""自營商買進股數(自行買賣)"":""371,000"",""自營商賣出股數(自行買賣)"":""238,000"",""自營商買賣超股數(自行買賣)"":""133,000"",""自營商買進股數(避險)"":""599,283"",""自營商賣出股數(避險)"":""425,127"",""自營商買賣超股數(避險)"":""174,156"",""三大法人買賣超股數"":""15,574,741""}"
2026-09-29,TWSE,4958,臻鼎-KY         ,22031412,12047844,9983568,3113000,172000,2941000,519956,202474,356374,"{""證券代號"":""4958"",""證券名稱"":""臻鼎-KY         "",""外陸資買進股數(不含外資自營商)"":""22,031,412"",""外陸資賣出股數(不含外資自營商)"":""12,047,844"",""外陸資買賣超股數(不含外資自營商)"":""9,983,568"",""外資自營商買進股數"":""0"",""外資自營商賣出股數"":""0"",""外資自營商買賣超股數"":""0"",""投信買進股數"":""3,113,000"",""投信賣出股數"":""172,000"",""投信買賣超股數"":""2,941,000"",""自營商買賣超股數"":""356,374"",""自營商買進股數(自行買賣)"":""169,997"",""自營商賣出股數(自行買賣)"":""131,105"",""自營商買賣超股數(自行買賣)"":""38,892"",""自營商買進股數(避險)"":""519,956"",""自營商賣出股數(避險)"":""202,474"",""自營商買賣超股數(避險)"":""317,482"",""三大法人買賣超股數"":""13,280,942""}"
2026-09-29,TWSE,00632R,元大台灣50反1   ,477000,540000,-63000,0,0,0,32381909,19494291,12887618,"{""證券代號"":""00632R"",""證券名稱"":""元大台灣50反1   "",""外陸資買進股數(不含外資自營商)"":""477,000"",""外陸資賣出股數(不含外資自營商)"":""540,000"",""外陸資買賣超股數(不含外資自營商)"":""-63,000"",""外資自營商買進股數"":""0"",""外資自營商賣出股數"":""0"",""外資自營商買賣超股數"":""0"",""投信買進股數"":""0"",""投信賣出股數"":""0"",""投信買賣超股數"":""0"",""自營商買賣超股數"":""12,887,618"",""自營商買進股數(自行買賣)"":""0"",""自營商賣出股數(自行買賣)"":""0"",""自營商買賣超股數(自行買賣)"":""0"",""自營商買進股數(避險)"":""32,381,909"",""自營商賣出股數(避險)"":""19,494,291"",""自營商買賣超股數(避險)"":""12,887,618"",""三大法人買賣超股數"":""12,824,618""}"
2026-09-29,TWSE,2002,中鋼            ,24544219,14494090,10050129,13000,4000,9000,144000,335000,-180000,"{""證券代號"":""2002"",""證券名稱"":""中鋼            "",""外陸資買進股數(不含外資自營商)"":""24,544,219"",""外陸資賣出股數(不含外資自營商)"":""14,494,090"",""外陸資買賣超股數(不含外資自營商)"":""10,050,129"",""外資自營商買進股數"":""0"",""外資自營商賣出股數"":""0"",""外資自營商買賣超股數"":""0"",""投信買進股數"":""13,000"",""投信賣出股數"":""4,000"",""投信買賣超股數"":""9,000"",""自營商買賣超股數"":""-180,000"",""自營商買進股數(自行買賣)"":""11,000"",""自營商賣出股數(自行買賣)"":""0"",""自營商買賣超股數(自行買賣)"":""11,000"",""自營商買進股數(避險)"":""144,000"",""自營商賣出股數(避險)"":""335,000"",""自營商買賣超股數(避險)"":""-191,000"",""三大法人買賣超股數"":""9,879,129""}"
2026-09-29,TWSE,3231,緯創            ,25368424,17288684,8079740,41000,10000,31000,522083,70028,439055,"{""證券代號"":""3231"",""證券名稱"":""緯創            "",""外陸資買進股數(不含外資自營商)"":""25,368,424"",""外陸資賣出股數(不含外資自營商)"":""17,288,684"",""外陸資買賣超股數(不含外資自營商)"":""8,079,740"",""外資自營商買進股數"":""0"",""外資自營商賣出股數"":""0"",""外資自營商買賣超股數"":""0"",""投信買進股數"":""41,000"",""投信賣出股數"":""10,000"",""投信買賣超股數"":""31,000"",""自營商買賣超股數"":""439,055"",""自營商買進股數(自行買賣)"":""10,000"",""自營商賣出股數(自行買賣)"":""23,000"",""自營商買賣超股數(自行買賣)"":""-13,000"",""自營商買進股數(避險)"":""522,083"",""自營商賣出股數(避險)"":""70,028"",""自營商買賣超股數(避險)"":""452,055"",""三大法人買賣超股數"":""8,549,795""}"
2026-09-29,TWSE,3481,群創            ,36292788,30410008,5882780,12000,0,12000,780825,114810,1261017,"{""證券代號"":""3481"",""證券名稱"":""群創            "",""外陸資買進股數(不含外資自營商)"":""36,292,788"",""外陸資賣出股數(不含外資自營商)"":""30,410,008"",""外陸資買賣超股數(不含外資自營商)"":""5,882,780"",""外資自營商買進股數"":""0"",""外資自營商賣出股數"":""0"",""外資自營商買賣超股數"":""0"",""投信買進股數"":""12,000"",""投信賣出股數"":""0"",""投信買賣超股數"":""12,000"",""自營商買賣超股數"":""1,261,017"",""自營商買進股數(自行買賣)"":""1,647,775"",""自營商賣出股數(自行買賣)"":""1,052,773"",""自營商買賣超股數(自行買賣)"":""595,002"",""自營商買進股數(避險)"":""780,825"",""自營商賣出股數(避險)"":""114,810"",""自營商買賣超股數(避險)"":""666,015"",""三大法人買賣超股數"":""7,155,797""}"
2026-09-29,TWSE,2426,鼎元            ,11570764,4516850,7053914,0,0,0,166603,63461,94142,"{""證券代號"":""2426"",""證券名稱"":""鼎元            "",""外陸資買進股數(不含外資自營商)"":""11,570,764"",""外陸資賣出股數(不含外資自營商)"":""4,516,850"",""外陸資買賣超股數(不含外資自營商)"":""7,053,914"",""外資自營商買進股數"":""0"",""外資自營商賣出股數"":""0"",""外資自營商買賣超股數"":""0"",""投信買進股數"":""0"",""投信賣出股數"":""0"",""投信買賣超股數"":""0"",""自營商買賣超股數"":""94,142"",""自營商買進股數(自行買賣)"":""2,000"",""自營商賣出股數(自行買賣)"":""11,000"",""自營商買賣超股數(自行買賣)"":""-9,000"",""自營商買進股數(避險)"":""166,603"",""自營商賣出股數(避險)"":""63,461"",""自營商買賣超股數(避險)"":""103,142"",""三大法人買賣超股數"":""7,148,056""}"
2026-09-29,TWSE,2344,華邦電          ,22101402,14710654,7390748,27000,2029000,-2002000,868056,184025,667244,"{""證券代號"":""2344"",""證券名稱"":""華邦電          "",""外陸資買進股數(不含外資自營商)"":""22,101,402"",""外陸資賣出股數(不含外資自營商)"":""14,710,654"",""外陸資買賣超股數(不含外資自營商)"":""7,390,748"",""外資自營商買進股數"":""0"",""外資自營商賣出股數"":""0"",""外資自營商買賣超股數"":""0"",""投信買進股數"":""27,000"",""投信賣出股數"":""2,029,000"",""投信買賣超股數"":""-2,002,000"",""自營商買賣超股數"":""667,244"",""自營商買進股數(自行買賣)"":""112,293"",""自營商賣出股數(自行買賣)"":""129,080"",""自營商買賣超股數(自行買賣)"":""-16,787"",""自營商買進股數(避險)"":""868,056"",""自營商賣出股數(避險)"":""184,025"",""自營商買賣超股數(避險)"":""684,031"",""三大法人買賣超股數"":""6,055,992""}"
2026-09-29,TWSE,009820,元大納斯達克精選,1003000,20000,983000,0,0,0,4253228,190530,4062698,"{""證券代號"":""009820"",""證券名稱"":""元大納斯達克精選"",""外陸資買進股數(不含外資自營商)"":""1,003,000"",""外陸資賣出股數(不含外資自營商)"":""20,000"",""外陸資買賣超股數(不含外資自營商)"":""983,000"",""外資自營商買進股數"":""0"",""外資自營商賣出股數"":""0"",""外資自營商買賣超股數"":""0"",""投信買進股數"":""0"",""投信賣出股數"":""0"",""投信買賣超股數"":""0"",""自營商買賣超股數"":""4,062,698"",""自營商買進股數(自行買賣)"":""0"",""自營商賣出股數(自行買賣)"":""0"",""自營商買賣超股數(自行買賣)"":""0"",""自營商買進股數(避險)"":""4,253,228"",""自營商賣出股數(避險)"":""190,530"",""自營商買賣超股數(避險)"":""4,062,698"",""三大法人買賣超股數"":""5,045,698""}"
2026-09-29,TWSE,2484,希華            ,10528344,5587028,4941316,0,0,0,97975,43321,53654,"{""證券代號"":""2484"",""證券名稱"":""希華            "",""外陸資買進股數(不含外資自營商)"":""10,528,344"",""外陸資賣出股數(不含外資自營商)"":""5,587,028"",""外陸資買賣超股數(不含外資自營商)"":""4,941,316"",""外資自營商買進股數"":""0"",""外資自營商賣出股數"":""0"",""外資自營商買賣超股數"":""0"",""投信買進股數"":""0"",""投信賣出股數"":""0"",""投信買賣超股數"":""0"",""自營商買賣超股數"":""53,654"",""自營商買進股數(自行買賣)"":""1,000"",""自營商賣出股數(自行買賣)"":""2,000"",""自營商買賣超股數(自行買賣)"":""-1,000"",""自營商買進股數(避險)"":""97,975"",""自營商賣出股數(避險)"":""43,321"",""自營商買賣超股數(避險)"":""54,654"",""三大法人買賣超股數"":""4,994,970""}"
2026-09-29,TWSE,00664R,國泰臺灣加權反1 ,4000,4000,0,0,0,0,5563000,661000,4902000,"{""證券代號"":""00664R"",""證券名稱"":""國泰臺灣加權反1 "",""外陸資買進股數(不含外資自營商)"":""4,000"",""外陸資賣出股數(不含外資自營商)"":""4,000"",""外陸資買賣超股數(不含外資自營商)"":""0"",""外資自營商買進股數"":""0"",""外資自營商賣出股數"":""0"",""外資自營商買賣超股數"":""0"",""投信買進股數"":""0"",""投信賣出股數"":""0"",""投信買賣超股數"":""0"",""自營商買賣超股數"":""4,902,000"",""自營商買進股數(自行買賣)"":""0"",""自營商賣出股數(自行買賣)"":""0"",""自營商買賣超股數(自行買賣)"":""0"",""自營商買進股數(避險)"":""5,563,000"",""自營商賣出股數(避險)"":""661,000"",""自營商買賣超股數(避險)"":""4,902,000"",""三大法人買賣超股數"":""4,902,000""}"
2026-09-29,TWSE,00988A,主動統一全球創新,4746486,3954000,792486,0,0,0,3955000,300000,3018000,"{""證券代號"":""00988A"",""證券名稱"":""主動統一全球創新"",""外陸資買進股數(不含外資自營商)"":""4,746,486"",""外陸資賣出股數(不含外資自營商)"":""3,954,000"",""外陸資買賣超股數(不含外資自營商)"":""792,486"",""外資自營商買進股數"":""0"",""外資自營商賣出股數"":""0"",""外資自營商買賣超股數"":""0"",""投信買進股數"":""0"",""投信賣出股數"":""0"",""投信買賣超股數"":""0"",""自營商買賣超股數"":""3,018,000"",""自營商買進股數(自行買賣)"":""0"",""自營商賣出股數(自行買賣)"":""637,000"",""自營商買賣超股數(自行買賣)"":""-637,000"",""自營商買進股數(避險)"":""3,955,000"",""自營商賣出股數(避險)"":""300,000"",""自營商買賣超股數(避險)"":""3,655,000"",""三大法人買賣超股數"":""3,810,486""}"
2026-09-29,TWSE,2882,國泰金          ,15960442,12217432,3743010,0,146000,-146000,227063,80706,110357,"{""證券代號"":""2882"",""證券名稱"":""國泰金          "",""外陸資買進股數(不含外資自營商)"":""15,960,442"",""外陸資賣出股數(不含外資自營商)"":""12,217,432"",""外陸資買賣超股數(不含外資自營商)"":""3,743,010"",""外資自營商買進股數"":""0"",""外資自營商賣出股數"":""0"",""外資自營商買賣超股數"":""0"",""投信買進股數"":""0"",""投信賣出股數"":""146,000"",""投信買賣超股數"":""-146,000"",""自營商買賣超股數"":""110,357"",""自營商買進股數(自行買賣)"":""0"",""自營商賣出股數(自行買賣)"":""36,000"",""自營商買賣超股數(自行買賣)"":""-36,000"",""自營商買進股數(避險)"":""227,063"",""自營商賣出股數(避險)"":""80,706"",""自營商買賣超股數(避險)"":""146,357"",""三大法人買賣超股數"":""3,707,367""}"
2026-09-29,TWSE,2883,凱基金          ,28212443,26665595,1546848,762000,30000,732000,1228041,58985,1226633,"{""證券代號"":""2883"",""證券名稱"":""凱基金          "",""外陸資買進股數(不含外資自營商)"":""28,212,443"",""外陸資賣出股數(不含外資自營商)"":""26,665,595"",""外陸資買賣超股數(不含外資自營商)"":""1,546,848"",""外資自營商買進股數"":""0"",""外資自營商賣出股數"":""0"",""外資自營商買賣超股數"":""0"",""投信買進股數"":""762,000"",""投信賣出股數"":""30,000"",""投信買賣超股數"":""732,000"",""自營商買賣超股數"":""1,226,633"",""自營商買進股數(自行買賣)"":""61,000"",""自營商賣出股數(自行買賣)"":""3,423"",""自營商買賣超股數(自行買賣)"":""57,577"",""自營商買進股數(避險)"":""1,228,041"",""自營商賣出股數(避險)"":""58,985"",""自營商買賣超股數(避險)"":""1,169,056"",""三大法人買賣超股數"":""3,505,481""}"
2026-09-29,TWSE,2340,台亞            ,5081080,2055846,3025234,0,0,0,269189,41486,411703,"{""證券代號"":""2340"",""證券名稱"":""台亞            "",""外陸資買進股數(不含外資自營商)"":""5,081,080"",""外陸資賣出股數(不含外資自營商)"":""2,055,846"",""外陸資買賣超股數(不含外資自營商)"":""3,025,234"",""外資自營商買進股數"":""0"",""外資自營商賣出股數"":""0"",""外資自營商買賣超股數"":""0"",""投信買進股數"":""0"",""投信賣出股數"":""0"",""投信買賣超股數"":""0"",""自營商買賣超股數"":""411,703"",""自營商買進股數(自行買賣)"":""214,000"",""自營商賣出股數(自行買賣)"":""30,000"",""自營商買賣超股數(自行買賣)"":""184,000"",""自營商買進股數(避險)"":""269,189"",""自營商賣出股數(避險)"":""41,486"",""自營商買賣超股數(避險)"":""227,703"",""三大法人買賣超股數"":""3,436,937""}"
2026-09-29,TWSE,3006,晶豪科          ,4899152,1999025,2900127,20000,0,20000,259274,21773,353366,"{""證券代號"":""3006"",""證券名稱"":""晶豪科          "",""外陸資買進股數(不含外資自營商)"":""4,899,152"",""外陸資賣出股數(不含外資自營商)"":""1,999,025"",""外陸資買賣超股數(不含外資自營商)"":""2,900,127"",""外資自營商買進股數"":""0"",""外資自營商賣出股數"":""0"",""外資自營商買賣超股數"":""0"",""投信買進股數"":""20,000"",""投信賣出股數"":""0"",""投信買賣超股數"":""20,000"",""自營商買賣超股數"":""353,366"",""自營商買進股數(自行買賣)"":""168,000"",""自營商賣出股數(自行買賣)"":""52,135"",""自營商買賣超股數(自行買賣)"":""115,865"",""自營商買進股數(避險)"":""259,274"",""自營商賣出股數(避險)"":""21,773"",""自營商買賣超股數(避險)"":""237,501"",""三大法人買賣超股數"":""3,273,493""}"
2026-09-29,TWSE,3717,聯嘉投控        ,5023000,1732000,3291000,0,0,0,23703,52,-83713,"{""證券代號"":""3717"",""證券名稱"":""聯嘉投控        "",""外陸資買進股數(不含外資自營商)"":""5,023,000"",""外陸資賣出股數(不含外資自營商)"":""1,732,000"",""外陸資買賣超股數(不含外資自營商)"":""3,291,000"",""外資自營商買進股數"":""0"",""外資自營商賣出股數"":""0"",""外資自營商買賣超股數"":""0"",""投信買進股數"":""0"",""投信賣出股數"":""0"",""投信買賣超股數"":""0"",""自營商買賣超股數"":""-83,713"",""自營商買進股數(自行買賣)"":""0"",""自營商賣出股數(自行買賣)"":""107,364"",""自營商買賣超股數(自行買賣)"":""-107,364"",""自營商買進股數(避險)"":""23,703"",""自營商賣出股數(避險)"":""52"",""自營商買賣超股數(避險)"":""23,651"",""三大法人買賣超股數"":""3,207,287""}"
2026-09-29,TWSE,2317,鴻海            ,22001891,18910847,3091044,8959,37000,-28041,536272,421249,-78207,"{""證券代號"":""2317"",""證券名稱"":""鴻海            "",""外陸資買進股數(不含外資自營商)"":""22,001,891"",""外陸資賣出股數(不含外資自營商)"":""18,910,847"",""外陸資買賣超股數(不含外資自營商)"":""3,091,044"",""外資自營商買進股數"":""0"",""外資自營商賣出股數"":""0"",""外資自營商買賣超股數"":""0"",""投信買進股數"":""8,959"",""投信賣出股數"":""37,000"",""投信買賣超股數"":""-28,041"",""自營商買賣超股數"":""-78,207"",""自營商買進股數(自行買賣)"":""50,000"",""自營商賣出股數(自行買賣)"":""243,230"",""自營商買賣超股數(自行買賣)"":""-193,230"",""自營商買進股數(避險)"":""536,272"",""自營商賣出股數(避險)"":""421,249"",""自營商買賣超股數(避險)"":""115,023"",""三大法人買賣超股數"":""2,984,796""}"
2026-09-29,TWSE,2337,旺宏            ,8633763,5895056,2738707,9000,0,9000,221759,32792,214967,"{""證券代號"":""2337"",""證券名稱"":""旺宏            "",""外陸資買進股數(不含外資自營商)"":""8,633,763"",""外陸資賣出股數(不含外資自營商)"":""5,895,056"",""外陸資買賣超股數(不含外資自營商)"":""2,738,707"",""外資自營商買進股數"":""0"",""外資自營商賣出股數"":""0"",""外資自營商買賣超股數"":""0"",""投信買進股數"":""9,000"",""投信賣出股數"":""0"",""投信買賣超股數"":""9,000"",""自營商買賣超股數"":""214,967"",""自營商買進股數(自行買賣)"":""36,000"",""自營商賣出股數(自行買賣)"":""10,000"",""自營商買賣超股數(自行買賣)"":""26,000"",""自營商買進股數(避險)"":""221,759"",""自營商賣出股數(避險)"":""32,792"",""自營商買賣超股數(避險)"":""188,967"",""三大法人買賣超股數"":""2,962,674""}"
2026-09-29,TWSE,9105,泰金寶-DR       ,5382000,3237699,2144301,0,0,0,753117,9403,743714,"{""證券代號"":""9105"",""證券名稱"":""泰金寶-DR       "",""外陸資買進股數(不含外資自營商)"":""5,382,000"",""外陸資賣出股數(不含外資自營商)"":""3,237,699"",""外陸資買賣超股數(不含外資自營商)"":""2,144,301"",""外資自營商買進股數"":""0"",""外資自營商賣出股數"":""0"",""外資自營商買賣超股數"":""0"",""投信買進股數"":""0"",""投信賣出股數"":""0"",""投信買賣超股數"":""0"",""自營商買賣超股數"":""743,714"",""自營商買進股數(自行買賣)"":""0"",""自營商賣出股數(自行買賣)"":""0"",""自營商買賣超股數(自行買賣)"":""0"",""自營商買進股數(避險)"":""753,117"",""自營商賣出股數(避險)"":""9,403"",""自營商買賣超股數(避險)"":""743,714"",""三大法人買賣超股數"":""2,888,015""}"
2026-09-29,TWSE,2436,偉詮電          ,4274391,2024500,2249891,0,14000,-14000,582159,25687,555472,"{""證券代號"":""2436"",""證券名稱"":""偉詮電          "",""外陸資買進股數(不含外資自營商)"":""4,274,391"",""外陸資賣出股數(不含外資自營商)"":""2,024,500"",""外陸資買賣超股數(不含外資自營商)"":""2,249,891"",""外資自營商買進股數"":""0"",""外資自營商賣出股數"":""0"",""外資自營商買賣超股數"":""0"",""投信買進股數"":""0"",""投信賣出股數"":""14,000"",""投信買賣超股數"":""-14,000"",""自營商買賣超股數"":""555,472"",""自營商買進股數(自行買賣)"":""6,000"",""自營商賣出股數(自行買賣)"":""7,000"",""自營商買賣超股數(自行買賣)"":""-1,000"",""自營商買進股數(避險)"":""582,159"",""自營商賣出股數(避險)"":""25,687"",""自營商買賣超股數(避險)"":""556,472"",""三大法人買賣超股數"":""2,791,363""}"
2026-09-29,TWSE,00407A,主動凱基台灣    ,2420100,3797000,-1376900,0,0,0,12637987,8678802,3959185,"{""證券代號"":""00407A"",""證券名稱"":""主動凱基台灣    "",""外陸資買進股數(不含外資自營商)"":""2,420,100"",""外陸資賣出股數(不含外資自營商)"":""3,797,000"",""外陸資買賣超股數(不含外資自營商)"":""-1,376,900"",""外資自營商買進股數"":""0"",""外資自營商賣出股數"":""0"",""外資自營商買賣超股數"":""0"",""投信買進股數"":""0"",""投信賣出股數"":""0"",""投信買賣超股數"":""0"",""自營商買賣超股數"":""3,959,185"",""自營商買進股數(自行買賣)"":""0"",""自營商賣出股數(自行買賣)"":""0"",""自營商買賣超股數(自行買賣)"":""0"",""自營商買進股數(避險)"":""12,637,987"",""自營商賣出股數(避險)"":""8,678,802"",""自營商買賣超股數(避險)"":""3,959,185"",""三大法人買賣超股數"":""2,582,285""}"
2026-09-29,TWSE,2891,中信金          ,22754010,21361352,1392658,473000,284000,189000,942692,14000,980582,"{""證券代號"":""2891"",""證券名稱"":""中信金          "",""外陸資買進股數(不含外資自營商)"":""22,754,010"",""外陸資賣出股數(不含外資自營商)"":""21,361,352"",""外陸資買賣超股數(不含外資自營商)"":""1,392,658"",""外資自營商買進股數"":""0"",""外資自營商賣出股數"":""0"",""外資自營商買賣超股數"":""0"",""投信買進股數"":""473,000"",""投信賣出股數"":""284,000"",""投信買賣超股數"":""189,000"",""自營商買賣超股數"":""980,582"",""自營商買進股數(自行買賣)"":""148,000"",""自營商賣出股數(自行買賣)"":""96,110"",""自營商買賣超股數(自行買賣)"":""51,890"",""自營商買進股數(避險)"":""942,692"",""自營商賣出股數(避險)"":""14,000"",""自營商買賣超股數(避險)"":""928,692"",""三大法人買賣超股數"":""2,562,240""}"
2026-09-29,TWSE,3016,嘉晶            ,23475598,21068860,2406738,0,0,0,453129,388731,129393,"{""證券代號"":""3016"",""證券名稱"":""嘉晶            "",""外陸資買進股數(不含外資自營商)"":""23,475,598"",""外陸資賣出股數(不含外資自營商)"":""21,068,860"",""外陸資買賣超股數(不含外資自營商)"":""2,406,738"",""外資自營商買進股數"":""0"",""外資自營商賣出股數"":""0"",""外資自營商買賣超股數"":""0"",""投信買進股數"":""0"",""投信賣出股數"":""0"",""投信買賣超股數"":""0"",""自營商買賣超股數"":""129,393"",""自營商買進股數(自行買賣)"":""167,000"",""自營商賣出股數(自行買賣)"":""102,005"",""自營商買賣超股數(自行買賣)"":""64,995"",""自營商買進股數(避險)"":""453,129"",""自營商賣出股數(避險)"":""388,731"",""自營商買賣超股數(避險)"":""64,398"",""三大法人買賣超股數"":""2,536,131""}"
2026-09-29,TWSE,4906,正文            ,4552611,2475000,2077611,0,0,0,462419,44623,433796,"{""證券代號"":""4906"",""證券名稱"":""正文            "",""外陸資買進股數(不含外資自營商)"":""4,552,611"",""外陸資賣出股數(不含外資自營商)"":""2,475,000"",""外陸資買賣超股數(不含外資自營商)"":""2,077,611"",""外資自營商買進股數"":""0"",""外資自營商賣出股數"":""0"",""外資自營商買賣超股數"":""0"",""投信買進股數"":""0"",""投信賣出股數"":""0"",""投信買賣超股數"":""0"",""自營商買賣超股數"":""433,796"",""自營商買進股數(自行買賣)"":""16,000"",""自營商賣出股數(自行買賣)"":""0"",""自營商買賣超股數(自行買賣)"":""16,000"",""自營商買進股數(避險)"":""462,419"",""自營商賣出股數(避險)"":""44,623"",""自營商買賣超股數(避險)"":""417,796"",""三大法人買賣超股數"":""2,511,407""}"
2026-09-29,TWSE,6133,金橋            ,3710715,1239590,2471125,0,0,0,0,0,12255,"{""證券代號"":""6133"",""證券名稱"":""金橋            "",""外陸資買進股數(不含外資自營商)"":""3,710,715"",""外陸資賣出股數(不含外資自營商)"":""1,239,590"",""外陸資買賣超股數(不含外資自營商)"":""2,471,125"",""外資自營商買進股數"":""0"",""外資自營商賣出股數"":""0"",""外資自營商買賣超股數"":""0"",""投信買進股數"":""0"",""投信賣出股數"":""0"",""投信買賣超股數"":""0"",""自營商買賣超股數"":""12,255"",""自營商買進股數(自行買賣)"":""13,255"",""自營商賣出股數(自行買賣)"":""1,000"",""自營商買賣超股數(自行買賣)"":""12,255"",""自營商買進股數(避險)"":""0"",""自營商賣出股數(避險)"":""0"",""自營商買賣超股數(避險)"":""0"",""三大法人買賣超股數"":""2,483,380""}"
2026-09-29,TWSE,1717,長興            ,4044954,1596307,2448647,2000,0,2000,133039,120000,1039,"{""證券代號"":""1717"",""證券名稱"":""長興            "",""外陸資買進股數(不含外資自營商)"":""4,044,954"",""外陸資賣出股數(不含外資自營商)"":""1,596,307"",""外陸資買賣超股數(不含外資自營商)"":""2,448,647"",""外資自營商買進股數"":""0"",""外資自營商賣出股數"":""0"",""外資自營商買賣超股數"":""0"",""投信買進股數"":""2,000"",""投信賣出股數"":""0"",""投信買賣超股數"":""2,000"",""自營商買賣超股數"":""1,039"",""自營商買進股數(自行買賣)"":""0"",""自營商賣出股數(自行買賣)"":""12,000"",""自營商買賣超股數(自行買賣)"":""-12,000"",""自營商買進股數(避險)"":""133,039"",""自營商賣出股數(避險)"":""120,000"",""自營商買賣超股數(避險)"":""13,039"",""三大法人買賣超股數"":""2,451,686""}"
2026-09-29,TWSE,6209,今國光          ,3969538,1767000,2202538,0,0,0,316671,27715,195956,"{""證券代號"":""6209"",""證券名稱"":""今國光          "",""外陸資買進股數(不含外資自營商)"":""3,969,538"",""外陸資賣出股數(不含外資自營商)"":""1,767,000"",""外陸資買賣超股數(不含外資自營商)"":""2,202,538"",""外資自營商買進股數"":""0"",""外資自營商賣出股數"":""0"",""外資自營商買賣超股數"":""0"",""投信買進股數"":""0"",""投信賣出股數"":""0"",""投信買賣超股數"":""0"",""自營商買賣超股數"":""195,956"",""自營商買進股數(自行買賣)"":""0"",""自營商賣出股數(自行買賣)"":""93,000"",""自營商買賣超股數(自行買賣)"":""-93,000"",""自營商買進股數(避險)"":""316,671"",""自營商賣出股數(避險)"":""27,715"",""自營商買賣超股數(避險)"":""288,956"",""三大法人買賣超股數"":""2,398,494""}"
2026-09-29,TWSE,009824,群益美國科技巨頭,1472000,20000,1452000,0,0,0,3525843,2711702,814141,"{""證券代號"":""009824"",""證券名稱"":""群益美國科技巨頭"",""外陸資買進股數(不含外資自營商)"":""1,472,000"",""外陸資賣出股數(不含外資自營商)"":""20,000"",""外陸資買賣超股數(不含外資自營商)"":""1,452,000"",""外資自營商買進股數"":""0"",""外資自營商賣出股數"":""0"",""外資自營商買賣超股數"":""0"",""投信買進股數"":""0"",""投信賣出股數"":""0"",""投信買賣超股數"":""0"",""自營商買賣超股數"":""814,141"",""自營商買進股數(自行買賣)"":""0"",""自營商賣出股數(自行買賣)"":""0"",""自營商買賣超股數(自行買賣)"":""0"",""自營商買進股數(避險)"":""3,525,843"",""自營商賣出股數(避險)"":""2,711,702"",""自營商買賣超股數(避險)"":""814,141"",""三大法人買賣超股數"":""2,266,141""}"
2026-09-29,TWSE,2313,華通            ,4190924,2861576,1329348,749000,2000,747000,92981,52027,27449,"{""證券代號"":""2313"",""證券名稱"":""華通            "",""外陸資買進股數(不含外資自營商)"":""4,190,924"",""外陸資賣出股數(不含外資自營商)"":""2,861,576"",""外陸資買賣超股數(不含外資自營商)"":""1,329,348"",""外資自營商買進股數"":""0"",""外資自營商賣出股數"":""0"",""外資自營商買賣超股數"":""0"",""投信買進股數"":""749,000"",""投信賣出股數"":""2,000"",""投信買賣超股數"":""747,000"",""自營商買賣超股數"":""27,449"",""自營商買進股數(自行買賣)"":""71,000"",""自營商賣出股數(自行買賣)"":""84,505"",""自營商買賣超股數(自行買賣)"":""-13,505"",""自營商買進股數(避險)"":""92,981"",""自營商賣出股數(避險)"":""52,027"",""自營商買賣超股數(避險)"":""40,954"",""三大法人買賣超股數"":""2,103,797""}"
2026-09-29,TWSE,00686R,群益臺灣加權反1 ,23000,0,23000,0,0,0,3058806,1054500,2004306,"{""證券代號"":""00686R"",""證券名稱"":""群益臺灣加權反1 "",""外陸資買進股數(不含外資自營商)"":""23,000"",""外陸資賣出股數(不含外資自營商)"":""0"",""外陸資買賣超股數(不含外資自營商)"":""23,000"",""外資自營商買進股數"":""0"",""外資自營商賣出股數"":""0"",""外資自營商買賣超股數"":""0"",""投信買進股數"":""0"",""投信賣出股數"":""0"",""投信買賣超股數"":""0"",""自營商買賣超股數"":""2,004,306"",""自營商買進股數(自行買賣)"":""0"",""自營商賣出股數(自行買賣)"":""0"",""自營商買賣超股數(自行買賣)"":""0"",""自營商買進股數(避險)"":""3,058,806"",""自營商賣出股數(避險)"":""1,054,500"",""自營商買賣超股數(避險)"":""2,004,306"",""三大法人買賣超股數"":""2,027,306""}"
2026-09-29,TWSE,2881,富邦金          ,10912391,6698353,4214038,77000,1764000,-1687000,91799,666919,-562121,"{""證券代號"":""2881"",""證券名稱"":""富邦金          "",""外陸資買進股數(不含外資自營商)"":""10,912,391"",""外陸資賣出股數(不含外資自營商)"":""6,698,353"",""外陸資買賣超股數(不含外資自營商)"":""4,214,038"",""外資自營商買進股數"":""0"",""外資自營商賣出股數"":""0"",""外資自營商買賣超股數"":""0"",""投信買進股數"":""77,000"",""投信賣出股數"":""1,764,000"",""投信買賣超股數"":""-1,687,000"",""自營商買賣超股數"":""-562,121"",""自營商買進股數(自行買賣)"":""13,999"",""自營商賣出股數(自行買賣)"":""1,000"",""自營商買賣超股數(自行買賣)"":""12,999"",""自營商買進股數(避險)"":""91,799"",""自營商賣出股數(避險)"":""666,919"",""自營商買賣超股數(避險)"":""-575,120"",""三大法人買賣超股數"":""1,964,917""}"
2026-09-29,TWSE,2376,技嘉            ,6165383,4387325,1778058,11000,9000,2000,106370,74160,167010,"{""證券代號"":""2376"",""證券名稱"":""技嘉            "",""外陸資買進股數(不含外資自營商)"":""6,165,383"",""外陸資賣出股數(不含外資自營商)"":""4,387,325"",""外陸資買賣超股數(不含外資自營商)"":""1,778,058"",""外資自營商買進股數"":""0"",""外資自營商賣出股數"":""0"",""外資自營商買賣超股數"":""0"",""投信買進股數"":""11,000"",""投信賣出股數"":""9,000"",""投信買賣超股數"":""2,000"",""自營商買賣超股數"":""167,010"",""自營商買進股數(自行買賣)"":""140,800"",""自營商賣出股數(自行買賣)"":""6,000"",""自營商買賣超股數(自行買賣)"":""134,800"",""自營商買進股數(避險)"":""106,370"",""自營商賣出股數(避險)"":""74,160"",""自營商買賣超股數(避險)"":""32,210"",""三大法人買賣超股數"":""1,947,068""}"
2026-09-29,TWSE,2399,映泰            ,3844603,2176000,1668603,0,0,0,62554,30116,33438,"{""證券代號"":""2399"",""證券名稱"":""映泰            "",""外陸資買進股數(不含外資自營商)"":""3,844,603"",""外陸資賣出股數(不含外資自營商)"":""2,176,000"",""外陸資買賣超股數(不含外資自營商)"":""1,668,603"",""外資自營商買進股數"":""0"",""外資自營商賣出股數"":""0"",""外資自營商買賣超股數"":""0"",""投信買進股數"":""0"",""投信賣出股數"":""0"",""投信買賣超股數"":""0"",""自營商買賣超股數"":""33,438"",""自營商買進股數(自行買賣)"":""3,000"",""自營商賣出股數(自行買賣)"":""2,000"",""自營商買賣超股數(自行買賣)"":""1,000"",""自營商買進股數(避險)"":""62,554"",""自營商賣出股數(避險)"":""30,116"",""自營商買賣超股數(避險)"":""32,438"",""三大法人買賣超股數"":""1,702,041""}"
2026-09-29,TWSE,3035,智原            ,2962368,1392513,1569855,0,18000,-18000,228007,165836,134171,"{""證券代號"":""3035"",""證券名稱"":""智原            "",""外陸資買進股數(不含外資自營商)"":""2,962,368"",""外陸資賣出股數(不含外資自營商)"":""1,392,513"",""外陸資買賣超股數(不含外資自營商)"":""1,569,855"",""外資自營商買進股數"":""0"",""外資自營商賣出股數"":""0"",""外資自營商買賣超股數"":""0"",""投信買進股數"":""0"",""投信賣出股數"":""18,000"",""投信買賣超股數"":""-18,000"",""自營商買賣超股數"":""134,171"",""自營商買進股數(自行買賣)"":""81,000"",""自營商賣出股數(自行買賣)"":""9,000"",""自營商買賣超股數(自行買賣)"":""72,000"",""自營商買進股數(避險)"":""228,007"",""自營商賣出股數(避險)"":""165,836"",""自營商買賣超股數(避險)"":""62,171"",""三大法人買賣超股數"":""1,686,026""}"
2026-09-29,TWSE,3714,富采            ,3499120,1851837,1647283,0,0,0,1540,2000,31540,"{""證券代號"":""3714"",""證券名稱"":""富采            "",""外陸資買進股數(不含外資自營商)"":""3,499,120"",""外陸資賣出股數(不含外資自營商)"":""1,851,837"",""外陸資買賣超股數(不含外資自營商)"":""1,647,283"",""外資自營商買進股數"":""0"",""外資自營商賣出股數"":""0"",""外資自營商買賣超股數"":""0"",""投信買進股數"":""0"",""投信賣出股數"":""0"",""投信買賣超股數"":""0"",""自營商買賣超股數"":""31,540"",""自營商買進股數(自行買賣)"":""32,000"",""自營商賣出股數(自行買賣)"":""0"",""自營商買賣超股數(自行買賣)"":""32,000"",""自營商買進股數(避險)"":""1,540"",""自營商賣出股數(避險)"":""2,000"",""自營商買賣超股數(避險)"":""-460"",""三大法人買賣超股數"":""1,678,823""}"
2026-09-29,TWSE,4540,全球傳動        ,2201202,533010,1668192,0,0,0,0,0,6000,"{""證券代號"":""4540"",""證券名稱"":""全球傳動        "",""外陸資買進股數(不含外資自營商)"":""2,201,202"",""外陸資賣出股數(不含外資自營商)"":""533,010"",""外陸資買賣超股數(不含外資自營商)"":""1,668,192"",""外資自營商買進股數"":""0"",""外資自營商賣出股數"":""0"",""外資自營商買賣超股數"":""0"",""投信買進股數"":""0"",""投信賣出股數"":""0"",""投信買賣超股數"":""0"",""自營商買賣超股數"":""6,000"",""自營商買進股數(自行買賣)"":""6,000"",""自營商賣出股數(自行買賣)"":""0"",""自營商買賣超股數(自行買賣)"":""6,000"",""自營商買進股數(避險)"":""0"",""自營商賣出股數(避險)"":""0"",""自營商買賣超股數(避險)"":""0"",""三大法人買賣超股數"":""1,674,192""}"
2026-09-29,TWSE,1711,永光            ,2461151,864343,1596808,0,0,0,65189,3317,61872,"{""證券代號"":""1711"",""證券名稱"":""永光            "",""外陸資買進股數(不含外資自營商)"":""2,461,151"",""外陸資賣出股數(不含外資自營商)"":""864,343"",""外陸資買賣超股數(不含外資自營商)"":""1,596,808"",""外資自營商買進股數"":""0"",""外資自營商賣出股數"":""0"",""外資自營商買賣超股數"":""0"",""投信買進股數"":""0"",""投信賣出股數"":""0"",""投信買賣超股數"":""0"",""自營商買賣超股數"":""61,872"",""自營商買進股數(自行買賣)"":""0"",""自營商賣出股數(自行買賣)"":""0"",""自營商買賣超股數(自行買賣)"":""0"",""自營商買進股數(避險)"":""65,189"",""自營商賣出股數(避險)"":""3,317"",""自營商買賣超股數(避險)"":""61,872"",""三大法人買賣超股數"":""1,658,680""}"
2026-09-29,TWSE,2408,南亞科          ,10845339,8563747,2281592,3000,901000,-898000,374989,155382,205114,"{""證券代號"":""2408"",""證券名稱"":""南亞科          "",""外陸資買進股數(不含外資自營商)"":""10,845,339"",""外陸資賣出股數(不含外資自營商)"":""8,563,747"",""外陸資買賣超股數(不含外資自營商)"":""2,281,592"",""外資自營商買進股數"":""0"",""外資自營商賣出股數"":""0"",""外資自營商買賣超股數"":""0"",""投信買進股數"":""3,000"",""投信賣出股數"":""901,000"",""投信買賣超股數"":""-898,000"",""自營商買賣超股數"":""205,114"",""自營商買進股數(自行買賣)"":""66,022"",""自營商賣出股數(自行買賣)"":""80,515"",""自營商買賣超股數(自行買賣)"":""-14,493"",""自營商買進股數(避險)"":""374,989"",""自營商賣出股數(避險)"":""155,382"",""自營商買賣超股數(避險)"":""219,607"",""三大法人買賣超股數"":""1,588,706""}"
2026-09-29,TWSE,2332,友訊            ,2275970,737000,1538970,0,0,0,0,0,7000,"{""證券代號"":""2332"",""證券名稱"":""友訊            "",""外陸資買進股數(不含外資自營商)"":""2,275,970"",""外陸資賣出股數(不含外資自營商)"":""737,000"",""外陸資買賣超股數(不含外資自營商)"":""1,538,970"",""外資自營商買進股數"":""0"",""外資自營商賣出股數"":""0"",""外資自營商買賣超股數"":""0"",""投信買進股數"":""0"",""投信賣出股數"":""0"",""投信買賣超股數"":""0"",""自營商買賣超股數"":""7,000"",""自營商買進股數(自行買賣)"":""9,000"",""自營商賣出股數(自行買賣)"":""2,000"",""自營商買賣超股數(自行買賣)"":""7,000"",""自營商買進股數(避險)"":""0"",""自營商賣出股數(避險)"":""0"",""自營商買賣超股數(避險)"":""0"",""三大法人買賣超股數"":""1,545,970""}"
2026-09-29,TWSE,8046,南電            ,4732806,3145057,1587749,129000,220000,-91000,166728,135374,18654,"{""證券代號"":""8046"",""證券名稱"":""南電            "",""外陸資買進股數(不含外資自營商)"":""4,732,806"",""外陸資賣出股數(不含外資自營商)"":""3,145,057"",""外陸資買賣超股數(不含外資自營商)"":""1,587,749"",""外資自營商買進股數"":""0"",""外資自營商賣出股數"":""0"",""外資自營商買賣超股數"":""0"",""投信買進股數"":""129,000"",""投信賣出股數"":""220,000"",""投信買賣超股數"":""-91,000"",""自營商買賣超股數"":""18,654"",""自營商買進股數(自行買賣)"":""161,100"",""自營商賣出股數(自行買賣)"":""173,800"",""自營商買賣超股數(自行買賣)"":""-12,700"",""自營商買進股數(避險)"":""166,728"",""自營商賣出股數(避險)"":""135,374"",""自營商買賣超股數(避險)"":""31,354"",""三大法人買賣超股數"":""1,515,403""}"
2026-09-29,TWSE,1718,中纖            ,2831821,1443000,1388821,0,0,0,0,0,23000,"{""證券代號"":""1718"",""證券名稱"":""中纖            "",""外陸資買進股數(不含外資自營商)"":""2,831,821"",""外陸資賣出股數(不含外資自營商)"":""1,443,000"",""外陸資買賣超股數(不含外資自營商)"":""1,388,821"",""外資自營商買進股數"":""0"",""外資自營商賣出股數"":""0"",""外資自營商買賣超股數"":""0"",""投信買進股數"":""0"",""投信賣出股數"":""0"",""投信買賣超股數"":""0"",""自營商買賣超股數"":""23,000"",""自營商買進股數(自行買賣)"":""26,000"",""自營商賣出股數(自行買賣)"":""3,000"",""自營商買賣超股數(自行買賣)"":""23,000"",""自營商買進股數(避險)"":""0"",""自營商賣出股數(避險)"":""0"",""自營商買賣超股數(避險)"":""0"",""三大法人買賣超股數"":""1,411,821""}"
2026-09-29,TWSE,3189,景碩            ,6658072,5554193,1103879,289000,2000,287000,89731,124560,-48824,"{""證券代號"":""3189"",""證券名稱"":""景碩            "",""外陸資買進股數(不含外資自營商)"":""6,658,072"",""外陸資賣出股數(不含外資自營商)"":""5,554,193"",""外陸資買賣超股數(不含外資自營商)"":""1,103,879"",""外資自營商買進股數"":""0"",""外資自營商賣出股數"":""0"",""外資自營商買賣超股數"":""0"",""投信買進股數"":""289,000"",""投信賣出股數"":""2,000"",""投信買賣超股數"":""287,000"",""自營商買賣超股數"":""-48,824"",""自營商買進股數(自行買賣)"":""148,005"",""自營商賣出股數(自行買賣)"":""162,000"",""自營商買賣超股數(自行買賣)"":""-13,995"",""自營商買進股數(避險)"":""89,731"",""自營商賣出股數(避險)"":""124,560"",""自營商買賣超股數(避險)"":""-34,829"",""三大法人買賣超股數"":""1,342,055""}"
2026-09-29,TWSE,4960,誠美材          ,2227280,892000,1335280,0,0,0,2,6001,-5638,"{""證券代號"":""4960"",""證券名稱"":""誠美材          "",""外陸資買進股數(不含外資自營商)"":""2,227,280"",""外陸資賣出股數(不含外資自營商)"":""892,000"",""外陸資買賣超股數(不含外資自營商)"":""1,335,280"",""外資自營商買進股數"":""0"",""外資自營商賣出股數"":""0"",""外資自營商買賣超股數"":""0"",""投信買進股數"":""0"",""投信賣出股數"":""0"",""投信買賣超股數"":""0"",""自營商買賣超股數"":""-5,638"",""自營商買進股數(自行買賣)"":""361"",""自營商賣出股數(自行買賣)"":""0"",""自營商買賣超股數(自行買賣)"":""361"",""自營商買進股數(避險)"":""2"",""自營商賣出股數(避險)"":""6,001"",""自營商買賣超股數(避險)"":""-5,999"",""三大法人買賣超股數"":""1,329,642""}"
2026-09-29,TWSE,00997A,主動群益美國增長,2090000,480440,1609560,0,0,0,675117,1034119,-359002,"{""證券代號"":""00997A"",""證券名稱"":""主動群益美國增長"",""外陸資買進股數(不含外資自營商)"":""2,090,000"",""外陸資賣出股數(不含外資自營商)"":""480,440"",""外陸資買賣超股數(不含外資自營商)"":""1,609,560"",""外資自營商買進股數"":""0"",""外資自營商賣出股數"":""0"",""外資自營商買賣超股數"":""0"",""投信買進股數"":""0"",""投信賣出股數"":""0"",""投信買賣超股數"":""0"",""自營商買賣超股數"":""-359,002"",""自營商買進股數(自行買賣)"":""0"",""自營商賣出股數(自行買賣)"":""0"",""自營商買賣超股數(自行買賣)"":""0"",""自營商買進股數(避險)"":""675,117"",""自營商賣出股數(避險)"":""1,034,119"",""自營商買賣超股數(避險)"":""-359,002"",""三大法人買賣超股數"":""1,250,558""}"
2026-09-29,TWSE,6120,達運            ,1709420,477009,1232411,0,0,0,6643,6000,1643,"{""證券代號"":""6120"",""證券名稱"":""達運            "",""外陸資買進股數(不含外資自營商)"":""1,709,420"",""外陸資賣出股數(不含外資自營商)"":""477,009"",""外陸資買賣超股數(不含外資自營商)"":""1,232,411"",""外資自營商買進股數"":""0"",""外資自營商賣出股數"":""0"",""外資自營商買賣超股數"":""0"",""投信買進股數"":""0"",""投信賣出股數"":""0"",""投信買賣超股數"":""0"",""自營商買賣超股數"":""1,643"",""自營商買進股數(自行買賣)"":""1,000"",""自營商賣出股數(自行買賣)"":""0"",""自營商買賣超股數(自行買賣)"":""1,000"",""自營商買進股數(避險)"":""6,643"",""自營商賣出股數(避險)"":""6,000"",""自營商買賣超股數(避險)"":""643"",""三大法人買賣超股數"":""1,234,054""}"
2026-09-29,TWSE,6153,嘉聯益          ,1694076,621000,1073076,0,0,0,0,0,136236,"{""證券代號"":""6153"",""證券名稱"":""嘉聯益          "",""外陸資買進股數(不含外資自營商)"":""1,694,076"",""外陸資賣出股數(不含外資自營商)"":""621,000"",""外陸資買賣超股數(不含外資自營商)"":""1,073,076"",""外資自營商買進股數"":""0"",""外資自營商賣出股數"":""0"",""外資自營商買賣超股數"":""0"",""投信買進股數"":""0"",""投信賣出股數"":""0"",""投信買賣超股數"":""0"",""自營商買賣超股數"":""136,236"",""自營商買進股數(自行買賣)"":""140,236"",""自營商賣出股數(自行買賣)"":""4,000"",""自營商買賣超股數(自行買賣)"":""136,236"",""自營商買進股數(避險)"":""0"",""自營商賣出股數(避險)"":""0"",""自營商買賣超股數(避險)"":""0"",""三大法人買賣超股數"":""1,209,312""}"
2026-09-29,TWSE,2049,上銀            ,1405056,350294,1054762,0,0,0,143821,16642,131674,"{""證券代號"":""2049"",""證券名稱"":""上銀            "",""外陸資買進股數(不含外資自營商)"":""1,405,056"",""外陸資賣出股數(不含外資自營商)"":""350,294"",""外陸資買賣超股數(不含外資自營商)"":""1,054,762"",""外資自營商買進股數"":""0"",""外資自營商賣出股數"":""0"",""外資自營商買賣超股數"":""0"",""投信買進股數"":""0"",""投信賣出股數"":""0"",""投信買賣超股數"":""0"",""自營商買賣超股數"":""131,674"",""自營商買進股數(自行買賣)"":""4,600"",""自營商賣出股數(自行買賣)"":""105"",""自營商買賣超股數(自行買賣)"":""4,495"",""自營商買進股數(避險)"":""143,821"",""自營商賣出股數(避險)"":""16,642"",""自營商買賣超股數(避險)"":""127,179"",""三大法人買賣超股數"":""1,186,436""}"
2026-09-29,TWSE,00945B,凱基美國非投等債,2492,150000,-147508,0,0,0,3908000,2575906,1332094,"{""證券代號"":""00945B"",""證券名稱"":""凱基美國非投等債"",""外陸資買進股數(不含外資自營商)"":""2,492"",""外陸資賣出股數(不含外資自營商)"":""150,000"",""外陸資買賣超股數(不含外資自營商)"":""-147,508"",""外資自營商買進股數"":""0"",""外資自營商賣出股數"":""0"",""外資自營商買賣超股數"":""0"",""投信買進股數"":""0"",""投信賣出股數"":""0"",""投信買賣超股數"":""0"",""自營商買賣超股數"":""1,332,094"",""自營商買進股數(自行買賣)"":""0"",""自營商賣出股數(自行買賣)"":""0"",""自營商買賣超股數(自行買賣)"":""0"",""自營商買進股數(避險)"":""3,908,000"",""自營商賣出股數(避險)"":""2,575,906"",""自營商買賣超股數(避險)"":""1,332,094"",""三大法人買賣超股數"":""1,184,586""}"
2026-09-29,TWSE,2614,東森            ,1463337,288000,1175337,0,0,0,0,0,0,"{""證券代號"":""2614"",""證券名稱"":""東森            "",""外陸資買進股數(不含外資自營商)"":""1,463,337"",""外陸資賣出股數(不含外資自營商)"":""288,000"",""外陸資買賣超股數(不含外資自營商)"":""1,175,337"",""外資自營商買進股數"":""0"",""外資自營商賣出股數"":""0"",""外資自營商買賣超股數"":""0"",""投信買進股數"":""0"",""投信賣出股數"":""0"",""投信買賣超股數"":""0"",""自營商買賣超股數"":""0"",""自營商買進股數(自行買賣)"":""0"",""自營商賣出股數(自行買賣)"":""0"",""自營商買賣超股數(自行買賣)"":""0"",""自營商買進股數(避險)"":""0"",""自營商賣出股數(避險)"":""0"",""自營商買賣超股數(避險)"":""0"",""三大法人買賣超股數"":""1,175,337""}"
2026-09-29,TWSE,6901,鑽石投資        ,1717808,563000,1154808,0,0,0,0,0,17000,"{""證券代號"":""6901"",""證券名稱"":""鑽石投資        "",""外陸資買進股數(不含外資自營商)"":""1,717,808"",""外陸資賣出股數(不含外資自營商)"":""563,000"",""外陸資買賣超股數(不含外資自營商)"":""1,154,808"",""外資自營商買進股數"":""0"",""外資自營商賣出股數"":""0"",""外資自營商買賣超股數"":""0"",""投信買進股數"":""0"",""投信賣出股數"":""0"",""投信買賣超股數"":""0"",""自營商買賣超股數"":""17,000"",""自營商買進股數(自行買賣)"":""17,000"",""自營商賣出股數(自行買賣)"":""0"",""自營商買賣超股數(自行買賣)"":""17,000"",""自營商買進股數(避險)"":""0"",""自營商賣出股數(避險)"":""0"",""自營商買賣超股數(避險)"":""0"",""三大法人買賣超股數"":""1,171,808""}"
2026-09-29,TWSE,00676R,富邦臺灣加權反1 ,1000,1000,0,0,0,0,1597530,429000,1168530,"{""證券代號"":""00676R"",""證券名稱"":""富邦臺灣加權反1 "",""外陸資買進股數(不含外資自營商)"":""1,000"",""外陸資賣出股數(不含外資自營商)"":""1,000"",""外陸資買賣超股數(不含外資自營商)"":""0"",""外資自營商買進股數"":""0"",""外資自營商賣出股數"":""0"",""外資自營商買賣超股數"":""0"",""投信買進股數"":""0"",""投信賣出股數"":""0"",""投信買賣超股數"":""0"",""自營商買賣超股數"":""1,168,530"",""自營商買進股數(自行買賣)"":""0"",""自營商賣出股數(自行買賣)"":""0"",""自營商買賣超股數(自行買賣)"":""0"",""自營商買進股數(避險)"":""1,597,530"",""自營商賣出股數(避險)"":""429,000"",""自營商買賣超股數(避險)"":""1,168,530"",""三大法人買賣超股數"":""1,168,530""}"
2026-09-29,TWSE,3149,正達            ,2870680,1718000,1152680,0,0,0,5069,5790,279,"{""證券代號"":""3149"",""證券名稱"":""正達            "",""外陸資買進股數(不含外資自營商)"":""2,870,680"",""外陸資賣出股數(不含外資自營商)"":""1,718,000"",""外陸資買賣超股數(不含外資自營商)"":""1,152,680"",""外資自營商買進股數"":""0"",""外資自營商賣出股數"":""0"",""外資自營商買賣超股數"":""0"",""投信買進股數"":""0"",""投信賣出股數"":""0"",""投信買賣超股數"":""0"",""自營商買賣超股數"":""279"",""自營商買進股數(自行買賣)"":""1,000"",""自營商賣出股數(自行買賣)"":""0"",""自營商買賣超股數(自行買賣)"":""1,000"",""自營商買進股數(避險)"":""5,069"",""自營商賣出股數(避險)"":""5,790"",""自營商買賣超股數(避險)"":""-721"",""三大法人買賣超股數"":""1,152,959""}"
2026-09-29,TWSE,00693U,期街口S&P黃豆   ,38100,6000,32100,0,0,0,1763056,686221,1076835,"{""證券代號"":""00693U"",""證券名稱"":""期街口S&P黃豆   "",""外陸資買進股數(不含外資自營商)"":""38,100"",""外陸資賣出股數(不含外資自營商)"":""6,000"",""外陸資買賣超股數(不含外資自營商)"":""32,100"",""外資自營商買進股數"":""0"",""外資自營商賣出股數"":""0"",""外資自營商買賣超股數"":""0"",""投信買進股數"":""0"",""投信賣出股數"":""0"",""投信買賣超股數"":""0"",""自營商買賣超股數"":""1,076,835"",""自營商買進股數(自行買賣)"":""0"",""自營商賣出股數(自行買賣)"":""0"",""自營商買賣超股數(自行買賣)"":""0"",""自營商買進股數(避險)"":""1,763,056"",""自營商賣出股數(避險)"":""686,221"",""自營商買賣超股數(避險)"":""1,076,835"",""三大法人買賣超股數"":""1,108,935""}"
2026-09-29,TWSE,2369,菱生            ,2064272,1050032,1014240,0,0,0,64351,20201,44150,"{""證券代號"":""2369"",""證券名稱"":""菱生            "",""外陸資買進股數(不含外資自營商)"":""2,064,272"",""外陸資賣出股數(不含外資自營商)"":""1,050,032"",""外陸資買賣超股數(不含外資自營商)"":""1,014,240"",""外資自營商買進股數"":""0"",""外資自營商賣出股數"":""0"",""外資自營商買賣超股數"":""0"",""投信買進股數"":""0"",""投信賣出股數"":""0"",""投信買賣超股數"":""0"",""自營商買賣超股數"":""44,150"",""自營商買進股數(自行買賣)"":""0"",""自營商賣出股數(自行買賣)"":""0"",""自營商買賣超股數(自行買賣)"":""0"",""自營商買進股數(避險)"":""64,351"",""自營商賣出股數(避險)"":""20,201"",""自營商買賣超股數(避險)"":""44,150"",""三大法人買賣超股數"":""1,058,390""}"
2026-09-29,TWSE,6456,GIS-KY          ,2608100,1887000,721100,0,0,0,358529,96000,324529,"{""證券代號"":""6456"",""證券名稱"":""GIS-KY          "",""外陸資買進股數(不含外資自營商)"":""2,608,100"",""外陸資賣出股數(不含外資自營商)"":""1,887,000"",""外陸資買賣超股數(不含外資自營商)"":""721,100"",""外資自營商買進股數"":""0"",""外資自營商賣出股數"":""0"",""外資自營商買賣超股數"":""0"",""投信買進股數"":""0"",""投信賣出股數"":""0"",""投信買賣超股數"":""0"",""自營商買賣超股數"":""324,529"",""自營商買進股數(自行買賣)"":""63,000"",""自營商賣出股數(自行買賣)"":""1,000"",""自營商買賣超股數(自行買賣)"":""62,000"",""自營商買進股數(避險)"":""358,529"",""自營商賣出股數(避險)"":""96,000"",""自營商買賣超股數(避險)"":""262,529"",""三大法人買賣超股數"":""1,045,629""}"
2026-09-29,TWSE,3518,柏騰            ,1173000,154000,1019000,0,0,0,0,0,6482,"{""證券代號"":""3518"",""證券名稱"":""柏騰            "",""外陸資買進股數(不含外資自營商)"":""1,173,000"",""外陸資賣出股數(不含外資自營商)"":""154,000"",""外陸資買賣超股數(不含外資自營商)"":""1,019,000"",""外資自營商買進股數"":""0"",""外資自營商賣出股數"":""0"",""外資自營商買賣超股數"":""0"",""投信買進股數"":""0"",""投信賣出股數"":""0"",""投信買賣超股數"":""0"",""自營商買賣超股數"":""6,482"",""自營商買進股數(自行買賣)"":""7,482"",""自營商賣出股數(自行買賣)"":""1,000"",""自營商買賣超股數(自行買賣)"":""6,482"",""自營商買進股數(避險)"":""0"",""自營商賣出股數(避險)"":""0"",""自營商買賣超股數(避險)"":""0"",""三大法人買賣超股數"":""1,025,482""}"
2026-09-29,TWSE,2382,廣達            ,8249144,7355017,894127,26000,53000,-27000,195803,5000,154793,"{""證券代號"":""2382"",""證券名稱"":""廣達            "",""外陸資買進股數(不含外資自營商)"":""8,249,144"",""外陸資賣出股數(不含外資自營商)"":""7,355,017"",""外陸資買賣超股數(不含外資自營商)"":""894,127"",""外資自營商買進股數"":""0"",""外資自營商賣出股數"":""0"",""外資自營商買賣超股數"":""0"",""投信買進股數"":""26,000"",""投信賣出股數"":""53,000"",""投信買賣超股數"":""-27,000"",""自營商買賣超股數"":""154,793"",""自營商買進股數(自行買賣)"":""21,000"",""自營商賣出股數(自行買賣)"":""57,010"",""自營商買賣超股數(自行買賣)"":""-36,010"",""自營商買進股數(避險)"":""195,803"",""自營商賣出股數(避險)"":""5,000"",""自營商買賣超股數(避險)"":""190,803"",""三大法人買賣超股數"":""1,021,920""}"
2026-09-29,TWSE,3665,貿聯-KY         ,2382374,1661889,720485,401000,94000,307000,149269,145373,-24649,"{""證券代號"":""3665"",""證券名稱"":""貿聯-KY         "",""外陸資買進股數(不含外資自營商)"":""2,382,374"",""外陸資賣出股數(不含外資自營商)"":""1,661,889"",""外陸資買賣超股數(不含外資自營商)"":""720,485"",""外資自營商買進股數"":""0"",""外資自營商賣出股數"":""0"",""外資自營商買賣超股數"":""0"",""投信買進股數"":""401,000"",""投信賣出股數"":""94,000"",""投信買賣超股數"":""307,000"",""自營商買賣超股數"":""-24,649"",""自營商買進股數(自行買賣)"":""57,455"",""自營商賣出股數(自行買賣)"":""86,000"",""自營商買賣超股數(自行買賣)"":""-28,545"",""自營商買進股數(避險)"":""149,269"",""自營商賣出股數(避險)"":""145,373"",""自營商買賣超股數(避險)"":""3,896"",""三大法人買賣超股數"":""1,002,836""}"
2026-09-29,TWSE,4956,光鋐            ,4391737,3423570,968167,0,0,0,4193,3508,685,"{""證券代號"":""4956"",""證券名稱"":""光鋐            "",""外陸資買進股數(不含外資自營商)"":""4,391,737"",""外陸資賣出股數(不含外資自營商)"":""3,423,570"",""外陸資買賣超股數(不含外資自營商)"":""968,167"",""外資自營商買進股數"":""0"",""外資自營商賣出股數"":""0"",""外資自營商買賣超股數"":""0"",""投信買進股數"":""0"",""投信賣出股數"":""0"",""投信買賣超股數"":""0"",""自營商買賣超股數"":""685"",""自營商買進股數(自行買賣)"":""0"",""自營商賣出股數(自行買賣)"":""0"",""自營商買賣超股數(自行買賣)"":""0"",""自營商買進股數(避險)"":""4,193"",""自營商賣出股數(避險)"":""3,508"",""自營商買賣超股數(避險)"":""685"",""三大法人買賣超股數"":""968,852""}"
2026-09-29,TWSE,2498,宏達電          ,2419240,1854122,565118,0,0,0,352579,145574,388997,"{""證券代號"":""2498"",""證券名稱"":""宏達電          "",""外陸資買進股數(不含外資自營商)"":""2,419,240"",""外陸資賣出股數(不含外資自營商)"":""1,854,122"",""外陸資買賣超股數(不含外資自營商)"":""565,118"",""外資自營商買進股數"":""0"",""外資自營商賣出股數"":""0"",""外資自營商買賣超股數"":""0"",""投信買進股數"":""0"",""投信賣出股數"":""0"",""投信買賣超股數"":""0"",""自營商買賣超股數"":""388,997"",""自營商買進股數(自行買賣)"":""207,098"",""自營商賣出股數(自行買賣)"":""25,106"",""自營商買賣超股數(自行買賣)"":""181,992"",""自營商買進股數(避險)"":""352,579"",""自營商賣出股數(避險)"":""145,574"",""自營商買賣超股數(避險)"":""207,005"",""三大法人買賣超股數"":""954,115""}"
2026-09-29,TWSE,00983D,主動富邦複合收益,98000,179000,-81000,0,0,0,1134000,107581,1026419,"{""證券代號"":""00983D"",""證券名稱"":""主動富邦複合收益"",""外陸資買進股數(不含外資自營商)"":""98,000"",""外陸資賣出股數(不含外資自營商)"":""179,000"",""外陸資買賣超股數(不含外資自營商)"":""-81,000"",""外資自營商買進股數"":""0"",""外資自營商賣出股數"":""0"",""外資自營商買賣超股數"":""0"",""投信買進股數"":""0"",""投信賣出股數"":""0"",""投信買賣超股數"":""0"",""自營商買賣超股數"":""1,026,419"",""自營商買進股數(自行買賣)"":""0"",""自營商賣出股數(自行買賣)"":""0"",""自營商買賣超股數(自行買賣)"":""0"",""自營商買進股數(避險)"":""1,134,000"",""自營商賣出股數(避險)"":""107,581"",""自營商買賣超股數(避險)"":""1,026,419"",""三大法人買賣超股數"":""945,419""}"
2026-09-29,TWSE,4576,大銀微系統      ,1182409,394013,788396,0,0,0,115659,2747,112912,"{""證券代號"":""4576"",""證券名稱"":""大銀微系統      "",""外陸資買進股數(不含外資自營商)"":""1,182,409"",""外陸資賣出股數(不含外資自營商)"":""394,013"",""外陸資買賣超股數(不含外資自營商)"":""788,396"",""外資自營商買進股數"":""0"",""外資自營商賣出股數"":""0"",""外資自營商買賣超股數"":""0"",""投信買進股數"":""0"",""投信賣出股數"":""0"",""投信買賣超股數"":""0"",""自營商買賣超股數"":""112,912"",""自營商買進股數(自行買賣)"":""14,000"",""自營商賣出股數(自行買賣)"":""14,000"",""自營商買賣超股數(自行買賣)"":""0"",""自營商買進股數(避險)"":""115,659"",""自營商賣出股數(避險)"":""2,747"",""自營商買賣超股數(避險)"":""112,912"",""三大法人買賣超股數"":""901,308""}"
2026-09-29,TWSE,1721,國慶科技        ,1245311,348967,896344,0,0,0,0,0,0,"{""證券代號"":""1721"",""證券名稱"":""國慶科技        "",""外陸資買進股數(不含外資自營商)"":""1,245,311"",""外陸資賣出股數(不含外資自營商)"":""348,967"",""外陸資買賣超股數(不含外資自營商)"":""896,344"",""外資自營商買進股數"":""0"",""外資自營商賣出股數"":""0"",""外資自營商買賣超股數"":""0"",""投信買進股數"":""0"",""投信賣出股數"":""0"",""投信買賣超股數"":""0"",""自營商買賣超股數"":""0"",""自營商買進股數(自行買賣)"":""1,000"",""自營商賣出股數(自行買賣)"":""1,000"",""自營商買賣超股數(自行買賣)"":""0"",""自營商買進股數(避險)"":""0"",""自營商賣出股數(避險)"":""0"",""自營商買賣超股數(避險)"":""0"",""三大法人買賣超股數"":""896,344""}"
2026-09-29,TWSE,1709,和益            ,7964867,7113559,851308,0,0,0,15913,16593,42207,"{""證券代號"":""1709"",""證券名稱"":""和益            "",""外陸資買進股數(不含外資自營商)"":""7,964,867"",""外陸資賣出股數(不含外資自營商)"":""7,113,559"",""外陸資買賣超股數(不含外資自營商)"":""851,308"",""外資自營商買進股數"":""0"",""外資自營商賣出股數"":""0"",""外資自營商買賣超股數"":""0"",""投信買進股數"":""0"",""投信賣出股數"":""0"",""投信買賣超股數"":""0"",""自營商買賣超股數"":""42,207"",""自營商買進股數(自行買賣)"":""42,887"",""自營商賣出股數(自行買賣)"":""0"",""自營商買賣超股數(自行買賣)"":""42,887"",""自營商買進股數(避險)"":""15,913"",""自營商賣出股數(避險)"":""16,593"",""自營商買賣超股數(避險)"":""-680"",""三大法人買賣超股數"":""893,515""}"
2026-09-29,TWSE,1513,中興電          ,1003043,261816,741227,101000,0,101000,74493,29381,51112,"{""證券代號"":""1513"",""證券名稱"":""中興電          "",""外陸資買進股數(不含外資自營商)"":""1,003,043"",""外陸資賣出股數(不含外資自營商)"":""261,816"",""外陸資買賣超股數(不含外資自營商)"":""741,227"",""外資自營商買進股數"":""0"",""外資自營商賣出股數"":""0"",""外資自營商買賣超股數"":""0"",""投信買進股數"":""101,000"",""投信賣出股數"":""0"",""投信買賣超股數"":""101,000"",""自營商買賣超股數"":""51,112"",""自營商買進股數(自行買賣)"":""6,000"",""自營商賣出股數(自行買賣)"":""0"",""自營商買賣超股數(自行買賣)"":""6,000"",""自營商買進股數(避險)"":""74,493"",""自營商賣出股數(避險)"":""29,381"",""自營商買賣超股數(避險)"":""45,112"",""三大法人買賣超股數"":""893,339""}"
2026-09-29,TWSE,3034,聯詠            ,2340938,1340863,1000075,34000,220000,-186000,97779,26341,78538,"{""證券代號"":""3034"",""證券名稱"":""聯詠            "",""外陸資買進股數(不含外資自營商)"":""2,340,938"",""外陸資賣出股數(不含外資自營商)"":""1,340,863"",""外陸資買賣超股數(不含外資自營商)"":""1,000,075"",""外資自營商買進股數"":""0"",""外資自營商賣出股數"":""0"",""外資自營商買賣超股數"":""0"",""投信買進股數"":""34,000"",""投信賣出股數"":""220,000"",""投信買賣超股數"":""-186,000"",""自營商買賣超股數"":""78,538"",""自營商買進股數(自行買賣)"":""8,100"",""自營商賣出股數(自行買賣)"":""1,000"",""自營商買賣超股數(自行買賣)"":""7,100"",""自營商買進股數(避險)"":""97,779"",""自營商賣出股數(避險)"":""26,341"",""自營商買賣超股數(避險)"":""71,438"",""三大法人買賣超股數"":""892,613""}"
2026-09-29,TWSE,6116,彩晶            ,11442058,12153358,-711300,0,0,0,1560272,272296,1601976,"{""證券代號"":""6116"",""證券名稱"":""彩晶            "",""外陸資買進股數(不含外資自營商)"":""11,442,058"",""外陸資賣出股數(不含外資自營商)"":""12,153,358"",""外陸資買賣超股數(不含外資自營商)"":""-711,300"",""外資自營商買進股數"":""0"",""外資自營商賣出股數"":""0"",""外資自營商買賣超股數"":""0"",""投信買進股數"":""0"",""投信賣出股數"":""0"",""投信買賣超股數"":""0"",""自營商買賣超股數"":""1,601,976"",""自營商買進股數(自行買賣)"":""419,000"",""自營商賣出股數(自行買賣)"":""105,000"",""自營商買賣超股數(自行買賣)"":""314,000"",""自營商買進股數(避險)"":""1,560,272"",""自營商賣出股數(避險)"":""272,296"",""自營商買賣超股數(避險)"":""1,287,976"",""三大法人買賣超股數"":""890,676""}"
2026-09-29,TWSE,3036,文曄            ,3572052,2723504,848548,1000,16000,-15000,118744,38881,29863,"{""證券代號"":""3036"",""證券名稱"":""文曄            "",""外陸資買進股數(不含外資自營商)"":""3,572,052"",""外陸資賣出股數(不含外資自營商)"":""2,723,504"",""外陸資買賣超股數(不含外資自營商)"":""848,548"",""外資自營商買進股數"":""0"",""外資自營商賣出股數"":""0"",""外資自營商買賣超股數"":""0"",""投信買進股數"":""1,000"",""投信賣出股數"":""16,000"",""投信買賣超股數"":""-15,000"",""自營商買賣超股數"":""29,863"",""自營商買進股數(自行買賣)"":""0"",""自營商賣出股數(自行買賣)"":""50,000"",""自營商買賣超股數(自行買賣)"":""-50,000"",""自營商買進股數(避險)"":""118,744"",""自營商賣出股數(避險)"":""38,881"",""自營商買賣超股數(避險)"":""79,863"",""三大法人買賣超股數"":""863,411""}"
2026-09-29,TWSE,3576,聯合再生        ,4003552,3144686,858866,0,0,0,0,0,0,"{""證券代號"":""3576"",""證券名稱"":""聯合再生        "",""外陸資買進股數(不含外資自營商)"":""4,003,552"",""外陸資賣出股數(不含外資自營商)"":""3,144,686"",""外陸資買賣超股數(不含外資自營商)"":""858,866"",""外資自營商買進股數"":""0"",""外資自營商賣出股數"":""0"",""外資自營商買賣超股數"":""0"",""投信買進股數"":""0"",""投信賣出股數"":""0"",""投信買賣超股數"":""0"",""自營商買賣超股數"":""0"",""自營商買進股數(自行買賣)"":""0"",""自營商賣出股數(自行買賣)"":""0"",""自營商買賣超股數(自行買賣)"":""0"",""自營商買進股數(避險)"":""0"",""自營商賣出股數(避險)"":""0"",""自營商買賣超股數(避險)"":""0"",""三大法人買賣超股數"":""858,866""}"
2026-09-29,TWSE,2305,全友            ,1035507,234407,801100,0,0,0,0,0,15000,"{""證券代號"":""2305"",""證券名稱"":""全友            "",""外陸資買進股數(不含外資自營商)"":""1,035,507"",""外陸資賣出股數(不含外資自營商)"":""234,407"",""外陸資買賣超股數(不含外資自營商)"":""801,100"",""外資自營商買進股數"":""0"",""外資自營商賣出股數"":""0"",""外資自營商買賣超股數"":""0"",""投信買進股數"":""0"",""投信賣出股數"":""0"",""投信買賣超股數"":""0"",""自營商買賣超股數"":""15,000"",""自營商買進股數(自行買賣)"":""15,000"",""自營商賣出股數(自行買賣)"":""0"",""自營商買賣超股數(自行買賣)"":""15,000"",""自營商買進股數(避險)"":""0"",""自營商賣出股數(避險)"":""0"",""自營商買賣超股數(避險)"":""0"",""三大法人買賣超股數"":""816,100""}"
2026-09-29,TWSE,1597,直得            ,1049125,319435,729690,0,0,0,103522,24205,79317,"{""證券代號"":""1597"",""證券名稱"":""直得            "",""外陸資買進股數(不含外資自營商)"":""1,049,125"",""外陸資賣出股數(不含外資自營商)"":""319,435"",""外陸資買賣超股數(不含外資自營商)"":""729,690"",""外資自營商買進股數"":""0"",""外資自營商賣出股數"":""0"",""外資自營商買賣超股數"":""0"",""投信買進股數"":""0"",""投信賣出股數"":""0"",""投信買賣超股數"":""0"",""自營商買賣超股數"":""79,317"",""自營商買進股數(自行買賣)"":""0"",""自營商賣出股數(自行買賣)"":""0"",""自營商買賣超股數(自行買賣)"":""0"",""自營商買進股數(避險)"":""103,522"",""自營商賣出股數(避險)"":""24,205"",""自營商買賣超股數(避險)"":""79,317"",""三大法人買賣超股數"":""809,007""}"
2026-09-29,TWSE,2388,威盛            ,1454540,722000,732540,20000,0,20000,38821,18000,51821,"{""證券代號"":""2388"",""證券名稱"":""威盛            "",""外陸資買進股數(不含外資自營商)"":""1,454,540"",""外陸資賣出股數(不含外資自營商)"":""722,000"",""外陸資買賣超股數(不含外資自營商)"":""732,540"",""外資自營商買進股數"":""0"",""外資自營商賣出股數"":""0"",""外資自營商買賣超股數"":""0"",""投信買進股數"":""20,000"",""投信賣出股數"":""0"",""投信買賣超股數"":""20,000"",""自營商買賣超股數"":""51,821"",""自營商買進股數(自行買賣)"":""95,000"",""自營商賣出股數(自行買賣)"":""64,000"",""自營商買賣超股數(自行買賣)"":""31,000"",""自營商買進股數(避險)"":""38,821"",""自營商賣出股數(避險)"":""18,000"",""自營商買賣超股數(避險)"":""20,821"",""三大法人買賣超股數"":""804,361""}"
2026-09-29,TWSE,1301,台塑            ,18276888,17486338,790550,0,0,0,103999,296199,-200,"{""證券代號"":""1301"",""證券名稱"":""台塑            "",""外陸資買進股數(不含外資自營商)"":""18,276,888"",""外陸資賣出股數(不含外資自營商)"":""17,486,338"",""外陸資買賣超股數(不含外資自營商)"":""790,550"",""外資自營商買進股數"":""0"",""外資自營商賣出股數"":""0"",""外資自營商買賣超股數"":""0"",""投信買進股數"":""0"",""投信賣出股數"":""0"",""投信買賣超股數"":""0"",""自營商買賣超股數"":""-200"",""自營商買進股數(自行買賣)"":""234,000"",""自營商賣出股數(自行買賣)"":""42,000"",""自營商買賣超股數(自行買賣)"":""192,000"",""自營商買進股數(避險)"":""103,999"",""自營商賣出股數(避險)"":""296,199"",""自營商買賣超股數(避險)"":""-192,200"",""三大法人買賣超股數"":""790,350""}"
2026-09-29,TWSE,1102,亞泥            ,6327311,5929155,398156,25000,0,25000,333208,2489,333094,"{""證券代號"":""1102"",""證券名稱"":""亞泥            "",""外陸資買進股數(不含外資自營商)"":""6,327,311"",""外陸資賣出股數(不含外資自營商)"":""5,929,155"",""外陸資買賣超股數(不含外資自營商)"":""398,156"",""外資自營商買進股數"":""0"",""外資自營商賣出股數"":""0"",""外資自營商買賣超股數"":""0"",""投信買進股數"":""25,000"",""投信賣出股數"":""0"",""投信買賣超股數"":""25,000"",""自營商買賣超股數"":""333,094"",""自營商買進股數(自行買賣)"":""4,000"",""自營商賣出股數(自行買賣)"":""1,625"",""自營商買賣超股數(自行買賣)"":""2,375"",""自營商買進股數(避險)"":""333,208"",""自營商賣出股數(避險)"":""2,489"",""自營商買賣超股數(避險)"":""330,719"",""三大法人買賣超股數"":""756,250""}"
2026-09-29,TWSE,2031,新光鋼          ,1037582,302235,735347,5000,0,5000,267,3799,1463,"{""證券代號"":""2031"",""證券名稱"":""新光鋼          "",""外陸資買進股數(不含外資自營商)"":""1,037,582"",""外陸資賣出股數(不含外資自營商)"":""302,235"",""外陸資買賣超股數(不含外資自營商)"":""735,347"",""外資自營商買進股數"":""0"",""外資自營商賣出股數"":""0"",""外資自營商買賣超股數"":""0"",""投信買進股數"":""5,000"",""投信賣出股數"":""0"",""投信買賣超股數"":""5,000"",""自營商買賣超股數"":""1,463"",""自營商買進股數(自行買賣)"":""5,000"",""自營商賣出股數(自行買賣)"":""5"",""自營商買賣超股數(自行買賣)"":""4,995"",""自營商買進股數(避險)"":""267"",""自營商賣出股數(避險)"":""3,799"",""自營商買賣超股數(避險)"":""-3,532"",""三大法人買賣超股數"":""741,810""}"
2026-09-29,TWSE,00653L,富邦印度正2     ,0,0,0,0,0,0,846000,141803,704197,"{""證券代號"":""00653L"",""證券名稱"":""富邦印度正2     "",""外陸資買進股數(不含外資自營商)"":""0"",""外陸資賣出股數(不含外資自營商)"":""0"",""外陸資買賣超股數(不含外資自營商)"":""0"",""外資自營商買進股數"":""0"",""外資自營商賣出股數"":""0"",""外資自營商買賣超股數"":""0"",""投信買進股數"":""0"",""投信賣出股數"":""0"",""投信買賣超股數"":""0"",""自營商買賣超股數"":""704,197"",""自營商買進股數(自行買賣)"":""0"",""自營商賣出股數(自行買賣)"":""0"",""自營商買賣超股數(自行買賣)"":""0"",""自營商買進股數(避險)"":""846,000"",""自營商賣出股數(避險)"":""141,803"",""自營商買賣超股數(避險)"":""704,197"",""三大法人買賣超股數"":""704,197""}"
2026-09-29,TWSE,5876,上海商銀        ,5582243,5282691,299552,53000,13000,40000,464112,104000,361209,"{""證券代號"":""5876"",""證券名稱"":""上海商銀        "",""外陸資買進股數(不含外資自營商)"":""5,582,243"",""外陸資賣出股數(不含外資自營商)"":""5,282,691"",""外陸資買賣超股數(不含外資自營商)"":""299,552"",""外資自營商買進股數"":""0"",""外資自營商賣出股數"":""0"",""外資自營商買賣超股數"":""0"",""投信買進股數"":""53,000"",""投信賣出股數"":""13,000"",""投信買賣超股數"":""40,000"",""自營商買賣超股數"":""361,209"",""自營商買進股數(自行買賣)"":""4,000"",""自營商賣出股數(自行買賣)"":""2,903"",""自營商買賣超股數(自行買賣)"":""1,097"",""自營商買進股數(避險)"":""464,112"",""自營商賣出股數(避險)"":""104,000"",""自營商買賣超股數(避險)"":""360,112"",""三大法人買賣超股數"":""700,761""}"
2026-09-29,TWSE,2379,瑞昱            ,2224194,1521389,702805,26000,16000,10000,130536,74689,-16345,"{""證券代號"":""2379"",""證券名稱"":""瑞昱            "",""外陸資買進股數(不含外資自營商)"":""2,224,194"",""外陸資賣出股數(不含外資自營商)"":""1,521,389"",""外陸資買賣超股數(不含外資自營商)"":""702,805"",""外資自營商買進股數"":""0"",""外資自營商賣出股數"":""0"",""外資自營商買賣超股數"":""0"",""投信買進股數"":""26,000"",""投信賣出股數"":""16,000"",""投信買賣超股數"":""10,000"",""自營商買賣超股數"":""-16,345"",""自營商買進股數(自行買賣)"":""22,600"",""自營商賣出股數(自行買賣)"":""94,792"",""自營商買賣超股數(自行買賣)"":""-72,192"",""自營商買進股數(避險)"":""130,536"",""自營商賣出股數(避險)"":""74,689"",""自營商買賣超股數(避險)"":""55,847"",""三大法人買賣超股數"":""696,460""}"
2026-09-29,TWSE,2451,創見            ,1228881,561950,666931,21000,4000,17000,11945,2307,10210,"{""證券代號"":""2451"",""證券名稱"":""創見            "",""外陸資買進股數(不含外資自營商)"":""1,228,881"",""外陸資賣出股數(不含外資自營商)"":""561,950"",""外陸資買賣超股數(不含外資自營商)"":""666,931"",""外資自營商買進股數"":""0"",""外資自營商賣出股數"":""0"",""外資自營商買賣超股數"":""0"",""投信買進股數"":""21,000"",""投信賣出股數"":""4,000"",""投信買賣超股數"":""17,000"",""自營商買賣超股數"":""10,210"",""自營商買進股數(自行買賣)"":""572"",""自營商賣出股數(自行買賣)"":""0"",""自營商買賣超股數(自行買賣)"":""572"",""自營商買進股數(避險)"":""11,945"",""自營商賣出股數(避險)"":""2,307"",""自營商買賣超股數(避險)"":""9,638"",""三大法人買賣超股數"":""694,141""}"
2026-09-29,TWSE,1514,亞力            ,875235,192630,682605,0,0,0,11058,3000,8058,"{""證券代號"":""1514"",""證券名稱"":""亞力            "",""外陸資買進股數(不含外資自營商)"":""875,235"",""外陸資賣出股數(不含外資自營商)"":""192,630"",""外陸資買賣超股數(不含外資自營商)"":""682,605"",""外資自營商買進股數"":""0"",""外資自營商賣出股數"":""0"",""外資自營商買賣超股數"":""0"",""投信買進股數"":""0"",""投信賣出股數"":""0"",""投信買賣超股數"":""0"",""自營商買賣超股數"":""8,058"",""自營商買進股數(自行買賣)"":""0"",""自營商賣出股數(自行買賣)"":""0"",""自營商買賣超股數(自行買賣)"":""0"",""自營商買進股數(避險)"":""11,058"",""自營商賣出股數(避險)"":""3,000"",""自營商買賣超股數(避險)"":""8,058"",""三大法人買賣超股數"":""690,663""}"
2026-09-29,TWSE,2352,佳世達          ,1845699,1176000,669699,0,0,0,243,10001,2242,"{""證券代號"":""2352"",""證券名稱"":""佳世達          "",""外陸資買進股數(不含外資自營商)"":""1,845,699"",""外陸資賣出股數(不含外資自營商)"":""1,176,000"",""外陸資買賣超股數(不含外資自營商)"":""669,699"",""外資自營商買進股數"":""0"",""外資自營商賣出股數"":""0"",""外資自營商買賣超股數"":""0"",""投信買進股數"":""0"",""投信賣出股數"":""0"",""投信買賣超股數"":""0"",""自營商買賣超股數"":""2,242"",""自營商買進股數(自行買賣)"":""12,000"",""自營商賣出股數(自行買賣)"":""0"",""自營商買賣超股數(自行買賣)"":""12,000"",""自營商買進股數(避險)"":""243"",""自營商賣出股數(避險)"":""10,001"",""自營商買賣超股數(避險)"":""-9,758"",""三大法人買賣超股數"":""671,941""}"
2026-09-29,TWSE,9921,巨大            ,1175213,515000,660213,0,0,0,9166,686,10657,"{""證券代號"":""9921"",""證券名稱"":""巨大            "",""外陸資買進股數(不含外資自營商)"":""1,175,213"",""外陸資賣出股數(不含外資自營商)"":""515,000"",""外陸資買賣超股數(不含外資自營商)"":""660,213"",""外資自營商買進股數"":""0"",""外資自營商賣出股數"":""0"",""外資自營商買賣超股數"":""0"",""投信買進股數"":""0"",""投信賣出股數"":""0"",""投信買賣超股數"":""0"",""自營商買賣超股數"":""10,657"",""自營商買進股數(自行買賣)"":""2,595"",""自營商賣出股數(自行買賣)"":""418"",""自營商買賣超股數(自行買賣)"":""2,177"",""自營商買進股數(避險)"":""9,166"",""自營商賣出股數(避險)"":""686"",""自營商買賣超股數(避險)"":""8,480"",""三大法人買賣超股數"":""670,870""}"
2026-09-29,TWSE,00671R,富邦NASDAQ反1   ,51000,51000,0,0,0,0,10177000,9510950,666050,"{""證券代號"":""00671R"",""證券名稱"":""富邦NASDAQ反1   "",""外陸資買進股數(不含外資自營商)"":""51,000"",""外陸資賣出股數(不含外資自營商)"":""51,000"",""外陸資買賣超股數(不含外資自營商)"":""0"",""外資自營商買進股數"":""0"",""外資自營商賣出股數"":""0"",""外資自營商買賣超股數"":""0"",""投信買進股數"":""0"",""投信賣出股數"":""0"",""投信買賣超股數"":""0"",""自營商買賣超股數"":""666,050"",""自營商買進股數(自行買賣)"":""0"",""自營商賣出股數(自行買賣)"":""0"",""自營商買賣超股數(自行買賣)"":""0"",""自營商買進股數(避險)"":""10,177,000"",""自營商賣出股數(避險)"":""9,510,950"",""自營商買賣超股數(避險)"":""666,050"",""三大法人買賣超股數"":""666,050""}"
2026-09-29,TWSE,6414,樺漢            ,2173992,1573252,600740,0,3000,-3000,74389,33093,57842,"{""證券代號"":""6414"",""證券名稱"":""樺漢            "",""外陸資買進股數(不含外資自營商)"":""2,173,992"",""外陸資賣出股數(不含外資自營商)"":""1,573,252"",""外陸資買賣超股數(不含外資自營商)"":""600,740"",""外資自營商買進股數"":""0"",""外資自營商賣出股數"":""0"",""外資自營商買賣超股數"":""0"",""投信買進股數"":""0"",""投信賣出股數"":""3,000"",""投信買賣超股數"":""-3,000"",""自營商買賣超股數"":""57,842"",""自營商買進股數(自行買賣)"":""26,993"",""自營商賣出股數(自行買賣)"":""10,447"",""自營商買賣超股數(自行買賣)"":""16,546"",""自營商買進股數(避險)"":""74,389"",""自營商賣出股數(避險)"":""33,093"",""自營商買賣超股數(避險)"":""41,296"",""三大法人買賣超股數"":""655,582""}"
2026-09-29,TWSE,2489,瑞軒            ,3192206,2412092,780114,13700,0,13700,19859,34823,-145964,"{""證券代號"":""2489"",""證券名稱"":""瑞軒            "",""外陸資買進股數(不含外資自營商)"":""3,192,206"",""外陸資賣出股數(不含外資自營商)"":""2,412,092"",""外陸資買賣超股數(不含外資自營商)"":""780,114"",""外資自營商買進股數"":""0"",""外資自營商賣出股數"":""0"",""外資自營商買賣超股數"":""0"",""投信買進股數"":""13,700"",""投信賣出股數"":""0"",""投信買賣超股數"":""13,700"",""自營商買賣超股數"":""-145,964"",""自營商買進股數(自行買賣)"":""82,000"",""自營商賣出股數(自行買賣)"":""213,000"",""自營商買賣超股數(自行買賣)"":""-131,000"",""自營商買進股數(避險)"":""19,859"",""自營商賣出股數(避險)"":""34,823"",""自營商買賣超股數(避險)"":""-14,964"",""三大法人買賣超股數"":""647,850""}"
2026-09-29,TWSE,6962,奕力-KY         ,861000,243000,618000,10000,0,10000,0,3800,-3800,"{""證券代號"":""6962"",""證券名稱"":""奕力-KY         "",""外陸資買進股數(不含外資自營商)"":""861,000"",""外陸資賣出股數(不含外資自營商)"":""243,000"",""外陸資買賣超股數(不含外資自營商)"":""618,000"",""外資自營商買進股數"":""0"",""外資自營商賣出股數"":""0"",""外資自營商買賣超股數"":""0"",""投信買進股數"":""10,000"",""投信賣出股數"":""0"",""投信買賣超股數"":""10,000"",""自營商買賣超股數"":""-3,800"",""自營商買進股數(自行買賣)"":""0"",""自營商賣出股數(自行買賣)"":""0"",""自營商買賣超股數(自行買賣)"":""0"",""自營商買進股數(避險)"":""0"",""自營商賣出股數(避險)"":""3,800"",""自營商買賣超股數(避險)"":""-3,800"",""三大法人買賣超股數"":""624,200""}"
2026-09-29,TWSE,3014,聯陽            ,1260270,664000,596270,18480,2000,16480,26015,16557,9458,"{""證券代號"":""3014"",""證券名稱"":""聯陽            "",""外陸資買進股數(不含外資自營商)"":""1,260,270"",""外陸資賣出股數(不含外資自營商)"":""664,000"",""外陸資買賣超股數(不含外資自營商)"":""596,270"",""外資自營商買進股數"":""0"",""外資自營商賣出股數"":""0"",""外資自營商買賣超股數"":""0"",""投信買進股數"":""18,480"",""投信賣出股數"":""2,000"",""投信買賣超股數"":""16,480"",""自營商買賣超股數"":""9,458"",""自營商買進股數(自行買賣)"":""0"",""自營商賣出股數(自行買賣)"":""0"",""自營商買賣超股數(自行買賣)"":""0"",""自營商買進股數(避險)"":""26,015"",""自營商賣出股數(避險)"":""16,557"",""自營商買賣超股數(避險)"":""9,458"",""三大法人買賣超股數"":""622,208""}"
2026-09-29,TWSE,8105,凌巨            ,677770,86000,591770,0,0,0,184,0,184,"{""證券代號"":""8105"",""證券名稱"":""凌巨            "",""外陸資買進股數(不含外資自營商)"":""677,770"",""外陸資賣出股數(不含外資自營商)"":""86,000"",""外陸資買賣超股數(不含外資自營商)"":""591,770"",""外資自營商買進股數"":""0"",""外資自營商賣出股數"":""0"",""外資自營商買賣超股數"":""0"",""投信買進股數"":""0"",""投信賣出股數"":""0"",""投信買賣超股數"":""0"",""自營商買賣超股數"":""184"",""自營商買進股數(自行買賣)"":""0"",""自營商賣出股數(自行買賣)"":""0"",""自營商買賣超股數(自行買賣)"":""0"",""自營商買進股數(避險)"":""184"",""自營商賣出股數(避險)"":""0"",""自營商買賣超股數(避險)"":""184"",""三大法人買賣超股數"":""591,954""}"
2026-09-29,TWSE,6191,精成科          ,768180,173150,595030,0,0,0,6521,13395,-7233,"{""證券代號"":""6191"",""證券名稱"":""精成科          "",""外陸資買進股數(不含外資自營商)"":""768,180"",""外陸資賣出股數(不含外資自營商)"":""173,150"",""外陸資買賣超股數(不含外資自營商)"":""595,030"",""外資自營商買進股數"":""0"",""外資自營商賣出股數"":""0"",""外資自營商買賣超股數"":""0"",""投信買進股數"":""0"",""投信賣出股數"":""0"",""投信買賣超股數"":""0"",""自營商買賣超股數"":""-7,233"",""自營商買進股數(自行買賣)"":""0"",""自營商賣出股數(自行買賣)"":""359"",""自營商買賣超股數(自行買賣)"":""-359"",""自營商買進股數(避險)"":""6,521"",""自營商賣出股數(避險)"":""13,395"",""自營商買賣超股數(避險)"":""-6,874"",""三大法人買賣超股數"":""587,797""}"
2026-09-29,TWSE,6189,豐藝            ,658970,72000,586970,3000,0,3000,5898,0,-7102,"{""證券代號"":""6189"",""證券名稱"":""豐藝            "",""外陸資買進股數(不含外資自營商)"":""658,970"",""外陸資賣出股數(不含外資自營商)"":""72,000"",""外陸資買賣超股數(不含外資自營商)"":""586,970"",""外資自營商買進股數"":""0"",""外資自營商賣出股數"":""0"",""外資自營商買賣超股數"":""0"",""投信買進股數"":""3,000"",""投信賣出股數"":""0"",""投信買賣超股數"":""3,000"",""自營商買賣超股數"":""-7,102"",""自營商買進股數(自行買賣)"":""0"",""自營商賣出股數(自行買賣)"":""13,000"",""自營商買賣超股數(自行買賣)"":""-13,000"",""自營商買進股數(避險)"":""5,898"",""自營商賣出股數(避險)"":""0"",""自營商買賣超股數(避險)"":""5,898"",""三大法人買賣超股數"":""582,868""}"
2026-09-29,TWSE,2402,毅嘉            ,862119,431000,431119,0,0,0,185012,47000,138033,"{""證券代號"":""2402"",""證券名稱"":""毅嘉            "",""外陸資買進股數(不含外資自營商)"":""862,119"",""外陸資賣出股數(不含外資自營商)"":""431,000"",""外陸資買賣超股數(不含外資自營商)"":""431,119"",""外資自營商買進股數"":""0"",""外資自營商賣出股數"":""0"",""外資自營商買賣超股數"":""0"",""投信買進股數"":""0"",""投信賣出股數"":""0"",""投信買賣超股數"":""0"",""自營商買賣超股數"":""138,033"",""自營商買進股數(自行買賣)"":""1,050"",""自營商賣出股數(自行買賣)"":""1,029"",""自營商買賣超股數(自行買賣)"":""21"",""自營商買進股數(避險)"":""185,012"",""自營商賣出股數(避險)"":""47,000"",""自營商買賣超股數(避險)"":""138,012"",""三大法人買賣超股數"":""569,152""}"
2026-09-29,TWSE,3019,亞光            ,711697,235000,476697,0,0,0,11247,5349,90181,"{""證券代號"":""3019"",""證券名稱"":""亞光            "",""外陸資買進股數(不含外資自營商)"":""711,697"",""外陸資賣出股數(不含外資自營商)"":""235,000"",""外陸資買賣超股數(不含外資自營商)"":""476,697"",""外資自營商買進股數"":""0"",""外資自營商賣出股數"":""0"",""外資自營商買賣超股數"":""0"",""投信買進股數"":""0"",""投信賣出股數"":""0"",""投信買賣超股數"":""0"",""自營商買賣超股數"":""90,181"",""自營商買進股數(自行買賣)"":""85,175"",""自營商賣出股數(自行買賣)"":""892"",""自營商買賣超股數(自行買賣)"":""84,283"",""自營商買進股數(避險)"":""11,247"",""自營商賣出股數(避險)"":""5,349"",""自營商買賣超股數(避險)"":""5,898"",""三大法人買賣超股數"":""566,878""}"
2026-09-29,TWSE,6166,凌華            ,1952531,1269793,682738,0,0,0,42865,21112,-124247,"{""證券代號"":""6166"",""證券名稱"":""凌華            "",""外陸資買進股數(不含外資自營商)"":""1,952,531"",""外陸資賣出股數(不含外資自營商)"":""1,269,793"",""外陸資買賣超股數(不含外資自營商)"":""682,738"",""外資自營商買進股數"":""0"",""外資自營商賣出股數"":""0"",""外資自營商買賣超股數"":""0"",""投信買進股數"":""0"",""投信賣出股數"":""0"",""投信買賣超股數"":""0"",""自營商買賣超股數"":""-124,247"",""自營商買進股數(自行買賣)"":""14,000"",""自營商賣出股數(自行買賣)"":""160,000"",""自營商買賣超股數(自行買賣)"":""-146,000"",""自營商買進股數(避險)"":""42,865"",""自營商賣出股數(避險)"":""21,112"",""自營商買賣超股數(避險)"":""21,753"",""三大法人買賣超股數"":""558,491""}"
2026-09-29,TWSE,2302,麗正            ,1174156,630003,544153,0,0,0,9002,9000,3002,"{""證券代號"":""2302"",""證券名稱"":""麗正            "",""外陸資買進股數(不含外資自營商)"":""1,174,156"",""外陸資賣出股數(不含外資自營商)"":""630,003"",""外陸資買賣超股數(不含外資自營商)"":""544,153"",""外資自營商買進股數"":""0"",""外資自營商賣出股數"":""0"",""外資自營商買賣超股數"":""0"",""投信買進股數"":""0"",""投信賣出股數"":""0"",""投信買賣超股數"":""0"",""自營商買賣超股數"":""3,002"",""自營商買進股數(自行買賣)"":""4,000"",""自營商賣出股數(自行買賣)"":""1,000"",""自營商買賣超股數(自行買賣)"":""3,000"",""自營商買進股數(避險)"":""9,002"",""自營商賣出股數(避險)"":""9,000"",""自營商買賣超股數(避險)"":""2"",""三大法人買賣超股數"":""547,155""}"
2026-09-29,TWSE,2464,盟立            ,3131154,2471450,659704,0,0,0,76059,194964,-117905,"{""證券代號"":""2464"",""證券名稱"":""盟立            "",""外陸資買進股數(不含外資自營商)"":""3,131,154"",""外陸資賣出股數(不含外資自營商)"":""2,471,450"",""外陸資買賣超股數(不含外資自營商)"":""659,704"",""外資自營商買進股數"":""0"",""外資自營商賣出股數"":""0"",""外資自營商買賣超股數"":""0"",""投信買進股數"":""0"",""投信賣出股數"":""0"",""投信買賣超股數"":""0"",""自營商買賣超股數"":""-117,905"",""自營商買進股數(自行買賣)"":""2,000"",""自營商賣出股數(自行買賣)"":""1,000"",""自營商買賣超股數(自行買賣)"":""1,000"",""自營商買進股數(避險)"":""76,059"",""自營商賣出股數(避險)"":""194,964"",""自營商買賣超股數(避險)"":""-118,905"",""三大法人買賣超股數"":""541,799""}"
2026-09-29,TWSE,6168,宏齊            ,1240000,776000,464000,0,0,0,0,0,65000,"{""證券代號"":""6168"",""證券名稱"":""宏齊            "",""外陸資買進股數(不含外資自營商)"":""1,240,000"",""外陸資賣出股數(不含外資自營商)"":""776,000"",""外陸資買賣超股數(不含外資自營商)"":""464,000"",""外資自營商買進股數"":""0"",""外資自營商賣出股數"":""0"",""外資自營商買賣超股數"":""0"",""投信買進股數"":""0"",""投信賣出股數"":""0"",""投信買賣超股數"":""0"",""自營商買賣超股數"":""65,000"",""自營商買進股數(自行買賣)"":""65,000"",""自營商賣出股數(自行買賣)"":""0"",""自營商買賣超股數(自行買賣)"":""65,000"",""自營商買進股數(避險)"":""0"",""自營商賣出股數(避險)"":""0"",""自營商買賣超股數(避險)"":""0"",""三大法人買賣超股數"":""529,000""}"
2026-09-29,TWSE,6269,台郡            ,1046448,546000,500448,0,0,0,33182,1165,27017,"{""證券代號"":""6269"",""證券名稱"":""台郡            "",""外陸資買進股數(不含外資自營商)"":""1,046,448"",""外陸資賣出股數(不含外資自營商)"":""546,000"",""外陸資買賣超股數(不含外資自營商)"":""500,448"",""外資自營商買進股數"":""0"",""外資自營商賣出股數"":""0"",""外資自營商買賣超股數"":""0"",""投信買進股數"":""0"",""投信賣出股數"":""0"",""投信買賣超股數"":""0"",""自營商買賣超股數"":""27,017"",""自營商買進股數(自行買賣)"":""0"",""自營商賣出股數(自行買賣)"":""5,000"",""自營商買賣超股數(自行買賣)"":""-5,000"",""自營商買進股數(避險)"":""33,182"",""自營商賣出股數(避險)"":""1,165"",""自營商買賣超股數(避險)"":""32,017"",""三大法人買賣超股數"":""527,465""}"
2026-09-29,TWSE,2439,美律            ,1253033,765516,487517,0,2000,-2000,491,929,18449,"{""證券代號"":""2439"",""證券名稱"":""美律            "",""外陸資買進股數(不含外資自營商)"":""1,253,033"",""外陸資賣出股數(不含外資自營商)"":""765,516"",""外陸資買賣超股數(不含外資自營商)"":""487,517"",""外資自營商買進股數"":""0"",""外資自營商賣出股數"":""0"",""外資自營商買賣超股數"":""0"",""投信買進股數"":""0"",""投信賣出股數"":""2,000"",""投信買賣超股數"":""-2,000"",""自營商買賣超股數"":""18,449"",""自營商買進股數(自行買賣)"":""20,000"",""自營商賣出股數(自行買賣)"":""1,113"",""自營商買賣超股數(自行買賣)"":""18,887"",""自營商買進股數(避險)"":""491"",""自營商賣出股數(避險)"":""929"",""自營商買賣超股數(避險)"":""-438"",""三大法人買賣超股數"":""503,966""}"
2026-09-29,TWSE,00402A,主動安聯美國科技,377000,48316,328684,0,0,0,288000,125068,162932,"{""證券代號"":""00402A"",""證券名稱"":""主動安聯美國科技"",""外陸資買進股數(不含外資自營商)"":""377,000"",""外陸資賣出股數(不含外資自營商)"":""48,316"",""外陸資買賣超股數(不含外資自營商)"":""328,684"",""外資自營商買進股數"":""0"",""外資自營商賣出股數"":""0"",""外資自營商買賣超股數"":""0"",""投信買進股數"":""0"",""投信賣出股數"":""0"",""投信買賣超股數"":""0"",""自營商買賣超股數"":""162,932"",""自營商買進股數(自行買賣)"":""0"",""自營商賣出股數(自行買賣)"":""0"",""自營商買賣超股數(自行買賣)"":""0"",""自營商買進股數(避險)"":""288,000"",""自營商賣出股數(避險)"":""125,068"",""自營商買賣超股數(避險)"":""162,932"",""三大法人買賣超股數"":""491,616""}"
2026-09-29,TWSE,9904,寶成            ,4283258,3858860,424398,21000,72000,-51000,275584,158866,116718,"{""證券代號"":""9904"",""證券名稱"":""寶成            "",""外陸資買進股數(不含外資自營商)"":""4,283,258"",""外陸資賣出股數(不含外資自營商)"":""3,858,860"",""外陸資買賣超股數(不含外資自營商)"":""424,398"",""外資自營商買進股數"":""0"",""外資自營商賣出股數"":""0"",""外資自營商買賣超股數"":""0"",""投信買進股數"":""21,000"",""投信賣出股數"":""72,000"",""投信買賣超股數"":""-51,000"",""自營商買賣超股數"":""116,718"",""自營商買進股數(自行買賣)"":""0"",""自營商賣出股數(自行買賣)"":""0"",""自營商買賣超股數(自行買賣)"":""0"",""自營商買進股數(避險)"":""275,584"",""自營商賣出股數(避險)"":""158,866"",""自營商買賣超股數(避險)"":""116,718"",""三大法人買賣超股數"":""490,116""}"
2026-09-29,TWSE,6438,迅得            ,605781,126000,479781,0,0,0,26104,6978,10126,"{""證券代號"":""6438"",""證券名稱"":""迅得            "",""外陸資買進股數(不含外資自營商)"":""605,781"",""外陸資賣出股數(不含外資自營商)"":""126,000"",""外陸資買賣超股數(不含外資自營商)"":""479,781"",""外資自營商買進股數"":""0"",""外資自營商賣出股數"":""0"",""外資自營商買賣超股數"":""0"",""投信買進股數"":""0"",""投信賣出股數"":""0"",""投信買賣超股數"":""0"",""自營商買賣超股數"":""10,126"",""自營商買進股數(自行買賣)"":""0"",""自營商賣出股數(自行買賣)"":""9,000"",""自營商買賣超股數(自行買賣)"":""-9,000"",""自營商買進股數(避險)"":""26,104"",""自營商賣出股數(避險)"":""6,978"",""自營商買賣超股數(避險)"":""19,126"",""三大法人買賣超股數"":""489,907""}"
2026-09-29,TWSE,6706,惠特            ,1200600,912758,287842,0,0,0,246602,48927,195675,"{""證券代號"":""6706"",""證券名稱"":""惠特            "",""外陸資買進股數(不含外資自營商)"":""1,200,600"",""外陸資賣出股數(不含外資自營商)"":""912,758"",""外陸資買賣超股數(不含外資自營商)"":""287,842"",""外資自營商買進股數"":""0"",""外資自營商賣出股數"":""0"",""外資自營商買賣超股數"":""0"",""投信買進股數"":""0"",""投信賣出股數"":""0"",""投信買賣超股數"":""0"",""自營商買賣超股數"":""195,675"",""自營商買進股數(自行買賣)"":""0"",""自營商賣出股數(自行買賣)"":""2,000"",""自營商買賣超股數(自行買賣)"":""-2,000"",""自營商買進股數(避險)"":""246,602"",""自營商賣出股數(避險)"":""48,927"",""自營商買賣超股數(避險)"":""197,675"",""三大法人買賣超股數"":""483,517""}"
2026-09-29,TWSE,2501,國建            ,1303000,830000,473000,0,0,0,11784,10253,1531,"{""證券代號"":""2501"",""證券名稱"":""國建            "",""外陸資買進股數(不含外資自營商)"":""1,303,000"",""外陸資賣出股數(不含外資自營商)"":""830,000"",""外陸資買賣超股數(不含外資自營商)"":""473,000"",""外資自營商買進股數"":""0"",""外資自營商賣出股數"":""0"",""外資自營商買賣超股數"":""0"",""投信買進股數"":""0"",""投信賣出股數"":""0"",""投信買賣超股數"":""0"",""自營商買賣超股數"":""1,531"",""自營商買進股數(自行買賣)"":""0"",""自營商賣出股數(自行買賣)"":""0"",""自營商買賣超股數(自行買賣)"":""0"",""自營商買進股數(避險)"":""11,784"",""自營商賣出股數(避險)"":""10,253"",""自營商買賣超股數(避險)"":""1,531"",""三大法人買賣超股數"":""474,531""}"
2026-09-29,TWSE,4551,智伸科          ,937336,641350,295986,131000,0,131000,72012,29456,42556,"{""證券代號"":""4551"",""證券名稱"":""智伸科          "",""外陸資買進股數(不含外資自營商)"":""937,336"",""外陸資賣出股數(不含外資自營商)"":""641,350"",""外陸資買賣超股數(不含外資自營商)"":""295,986"",""外資自營商買進股數"":""0"",""外資自營商賣出股數"":""0"",""外資自營商買賣超股數"":""0"",""投信買進股數"":""131,000"",""投信賣出股數"":""0"",""投信買賣超股數"":""131,000"",""自營商買賣超股數"":""42,556"",""自營商買進股數(自行買賣)"":""0"",""自營商賣出股數(自行買賣)"":""0"",""自營商買賣超股數(自行買賣)"":""0"",""自營商買進股數(避險)"":""72,012"",""自營商賣出股數(避險)"":""29,456"",""自營商買賣超股數(避險)"":""42,556"",""三大法人買賣超股數"":""469,542""}"
2026-09-29,TWSE,6206,飛捷            ,633844,246000,387844,0,2000,-2000,49330,4004,83326,"{""證券代號"":""6206"",""證券名稱"":""飛捷            "",""外陸資買進股數(不含外資自營商)"":""633,844"",""外陸資賣出股數(不含外資自營商)"":""246,000"",""外陸資買賣超股數(不含外資自營商)"":""387,844"",""外資自營商買進股數"":""0"",""外資自營商賣出股數"":""0"",""外資自營商買賣超股數"":""0"",""投信買進股數"":""0"",""投信賣出股數"":""2,000"",""投信買賣超股數"":""-2,000"",""自營商買賣超股數"":""83,326"",""自營商買進股數(自行買賣)"":""38,000"",""自營商賣出股數(自行買賣)"":""0"",""自營商買賣超股數(自行買賣)"":""38,000"",""自營商買進股數(避險)"":""49,330"",""自營商賣出股數(避險)"":""4,004"",""自營商買賣超股數(避險)"":""45,326"",""三大法人買賣超股數"":""469,170""}"
2026-09-29,TWSE,2485,兆赫            ,751960,278000,473960,0,0,0,7372,7715,-6343,"{""證券代號"":""2485"",""證券名稱"":""兆赫            "",""外陸資買進股數(不含外資自營商)"":""751,960"",""外陸資賣出股數(不含外資自營商)"":""278,000"",""外陸資買賣超股數(不含外資自營商)"":""473,960"",""外資自營商買進股數"":""0"",""外資自營商賣出股數"":""0"",""外資自營商買賣超股數"":""0"",""投信買進股數"":""0"",""投信賣出股數"":""0"",""投信買賣超股數"":""0"",""自營商買賣超股數"":""-6,343"",""自營商買進股數(自行買賣)"":""10,000"",""自營商賣出股數(自行買賣)"":""16,000"",""自營商買賣超股數(自行買賣)"":""-6,000"",""自營商買進股數(避險)"":""7,372"",""自營商賣出股數(避險)"":""7,715"",""自營商買賣超股數(避險)"":""-343"",""三大法人買賣超股數"":""467,617""}"
2026-09-29,TWSE,2347,聯強            ,3474231,3127000,347231,31600,17000,14600,136112,30320,105784,"{""證券代號"":""2347"",""證券名稱"":""聯強            "",""外陸資買進股數(不含外資自營商)"":""3,474,231"",""外陸資賣出股數(不含外資自營商)"":""3,127,000"",""外陸資買賣超股數(不含外資自營商)"":""347,231"",""外資自營商買進股數"":""0"",""外資自營商賣出股數"":""0"",""外資自營商買賣超股數"":""0"",""投信買進股數"":""31,600"",""投信賣出股數"":""17,000"",""投信買賣超股數"":""14,600"",""自營商買賣超股數"":""105,784"",""自營商買進股數(自行買賣)"":""2,000"",""自營商賣出股數(自行買賣)"":""2,008"",""自營商買賣超股數(自行買賣)"":""-8"",""自營商買進股數(避險)"":""136,112"",""自營商賣出股數(避險)"":""30,320"",""自營商買賣超股數(避險)"":""105,792"",""三大法人買賣超股數"":""467,615""}"
2026-09-29,TWSE,3706,神達            ,1830357,1350640,479717,2000,13000,-11000,7000,25107,-16107,"{""證券代號"":""3706"",""證券名稱"":""神達            "",""外陸資買進股數(不含外資自營商)"":""1,830,357"",""外陸資賣出股數(不含外資自營商)"":""1,350,640"",""外陸資買賣超股數(不含外資自營商)"":""479,717"",""外資自營商買進股數"":""0"",""外資自營商賣出股數"":""0"",""外資自營商買賣超股數"":""0"",""投信買進股數"":""2,000"",""投信賣出股數"":""13,000"",""投信買賣超股數"":""-11,000"",""自營商買賣超股數"":""-16,107"",""自營商買進股數(自行買賣)"":""2,000"",""自營商賣出股數(自行買賣)"":""0"",""自營商買賣超股數(自行買賣)"":""2,000"",""自營商買進股數(避險)"":""7,000"",""自營商賣出股數(避險)"":""25,107"",""自營商買賣超股數(避險)"":""-18,107"",""三大法人買賣超股數"":""452,610""}"
2026-09-29,TWSE,4142,國光生          ,633360,183000,450360,0,0,0,557,0,557,"{""證券代號"":""4142"",""證券名稱"":""國光生          "",""外陸資買進股數(不含外資自營商)"":""633,360"",""外陸資賣出股數(不含外資自營商)"":""183,000"",""外陸資買賣超股數(不含外資自營商)"":""450,360"",""外資自營商買進股數"":""0"",""外資自營商賣出股數"":""0"",""外資自營商買賣超股數"":""0"",""投信買進股數"":""0"",""投信賣出股數"":""0"",""投信買賣超股數"":""0"",""自營商買賣超股數"":""557"",""自營商買進股數(自行買賣)"":""0"",""自營商賣出股數(自行買賣)"":""0"",""自營商買賣超股數(自行買賣)"":""0"",""自營商買進股數(避險)"":""557"",""自營商賣出股數(避險)"":""0"",""自營商買賣超股數(避險)"":""557"",""三大法人買賣超股數"":""450,917""}"
2026-09-29,TWSE,4739,康普            ,737647,334000,403647,0,0,0,42413,313,47100,"{""證券代號"":""4739"",""證券名稱"":""康普            "",""外陸資買進股數(不含外資自營商)"":""737,647"",""外陸資賣出股數(不含外資自營商)"":""334,000"",""外陸資買賣超股數(不含外資自營商)"":""403,647"",""外資自營商買進股數"":""0"",""外資自營商賣出股數"":""0"",""外資自營商買賣超股數"":""0"",""投信買進股數"":""0"",""投信賣出股數"":""0"",""投信買賣超股數"":""0"",""自營商買賣超股數"":""47,100"",""自營商買進股數(自行買賣)"":""5,000"",""自營商賣出股數(自行買賣)"":""0"",""自營商買賣超股數(自行買賣)"":""5,000"",""自營商買進股數(避險)"":""42,413"",""自營商賣出股數(避險)"":""313"",""自營商買賣超股數(避險)"":""42,100"",""三大法人買賣超股數"":""450,747""}"
2026-09-29,TWSE,00410A,主動永豐科技趨勢,258000,278000,-20000,0,0,0,1046000,589181,456819,"{""證券代號"":""00410A"",""證券名稱"":""主動永豐科技趨勢"",""外陸資買進股數(不含外資自營商)"":""258,000"",""外陸資賣出股數(不含外資自營商)"":""278,000"",""外陸資買賣超股數(不含外資自營商)"":""-20,000"",""外資自營商買進股數"":""0"",""外資自營商賣出股數"":""0"",""外資自營商買賣超股數"":""0"",""投信買進股數"":""0"",""投信賣出股數"":""0"",""投信買賣超股數"":""0"",""自營商買賣超股數"":""456,819"",""自營商買進股數(自行買賣)"":""0"",""自營商賣出股數(自行買賣)"":""0"",""自營商買賣超股數(自行買賣)"":""0"",""自營商買進股數(避險)"":""1,046,000"",""自營商賣出股數(避險)"":""589,181"",""自營商買賣超股數(避險)"":""456,819"",""三大法人買賣超股數"":""436,819""}"
2026-09-29,TWSE,2493,揚博            ,884277,437000,447277,0,0,0,34440,53211,-25130,"{""證券代號"":""2493"",""證券名稱"":""揚博            "",""外陸資買進股數(不含外資自營商)"":""884,277"",""外陸資賣出股數(不含外資自營商)"":""437,000"",""外陸資買賣超股數(不含外資自營商)"":""447,277"",""外資自營商買進股數"":""0"",""外資自營商賣出股數"":""0"",""外資自營商買賣超股數"":""0"",""投信買進股數"":""0"",""投信賣出股數"":""0"",""投信買賣超股數"":""0"",""自營商買賣超股數"":""-25,130"",""自營商買進股數(自行買賣)"":""3,000"",""自營商賣出股數(自行買賣)"":""9,359"",""自營商買賣超股數(自行買賣)"":""-6,359"",""自營商買進股數(避險)"":""34,440"",""自營商賣出股數(避險)"":""53,211"",""自營商買賣超股數(避險)"":""-18,771"",""三大法人買賣超股數"":""422,147""}"
2026-09-29,TWSE,2254,巨鎧精密-創     ,589000,168000,421000,0,0,0,1010,3772,-2762,"{""證券代號"":""2254"",""證券名稱"":""巨鎧精密-創     "",""外陸資買進股數(不含外資自營商)"":""589,000"",""外陸資賣出股數(不含外資自營商)"":""168,000"",""外陸資買賣超股數(不含外資自營商)"":""421,000"",""外資自營商買進股數"":""0"",""外資自營商賣出股數"":""0"",""外資自營商買賣超股數"":""0"",""投信買進股數"":""0"",""投信賣出股數"":""0"",""投信買賣超股數"":""0"",""自營商買賣超股數"":""-2,762"",""自營商買進股數(自行買賣)"":""0"",""自營商賣出股數(自行買賣)"":""0"",""自營商買賣超股數(自行買賣)"":""0"",""自營商買進股數(避險)"":""1,010"",""自營商賣出股數(避險)"":""3,772"",""自營商買賣超股數(避險)"":""-2,762"",""三大法人買賣超股數"":""418,238""}"
2026-09-29,TWSE,1617,榮星            ,514000,107000,407000,0,0,0,0,0,10000,"{""證券代號"":""1617"",""證券名稱"":""榮星            "",""外陸資買進股數(不含外資自營商)"":""514,000"",""外陸資賣出股數(不含外資自營商)"":""107,000"",""外陸資買賣超股數(不含外資自營商)"":""407,000"",""外資自營商買進股數"":""0"",""外資自營商賣出股數"":""0"",""外資自營商買賣超股數"":""0"",""投信買進股數"":""0"",""投信賣出股數"":""0"",""投信買賣超股數"":""0"",""自營商買賣超股數"":""10,000"",""自營商買進股數(自行買賣)"":""10,000"",""自營商賣出股數(自行買賣)"":""0"",""自營商買賣超股數(自行買賣)"":""10,000"",""自營商買進股數(避險)"":""0"",""自營商賣出股數(避險)"":""0"",""自營商買賣超股數(避險)"":""0"",""三大法人買賣超股數"":""417,000""}"
2026-09-29,TWSE,3550,聯穎            ,1173476,764000,409476,0,0,0,0,0,1138,"{""證券代號"":""3550"",""證券名稱"":""聯穎            "",""外陸資買進股數(不含外資自營商)"":""1,173,476"",""外陸資賣出股數(不含外資自營商)"":""764,000"",""外陸資買賣超股數(不含外資自營商)"":""409,476"",""外資自營商買進股數"":""0"",""外資自營商賣出股數"":""0"",""外資自營商買賣超股數"":""0"",""投信買進股數"":""0"",""投信賣出股數"":""0"",""投信買賣超股數"":""0"",""自營商買賣超股數"":""1,138"",""自營商買進股數(自行買賣)"":""3,013"",""自營商賣出股數(自行買賣)"":""1,875"",""自營商買賣超股數(自行買賣)"":""1,138"",""自營商買進股數(避險)"":""0"",""自營商賣出股數(避險)"":""0"",""自營商買賣超股數(避險)"":""0"",""三大法人買賣超股數"":""410,614""}"
2026-09-29,TWSE,2486,一詮            ,914219,506010,408209,0,0,0,4000,7645,-3645,"{""證券代號"":""2486"",""證券名稱"":""一詮            "",""外陸資買進股數(不含外資自營商)"":""914,219"",""外陸資賣出股數(不含外資自營商)"":""506,010"",""外陸資買賣超股數(不含外資自營商)"":""408,209"",""外資自營商買進股數"":""0"",""外資自營商賣出股數"":""0"",""外資自營商買賣超股數"":""0"",""投信買進股數"":""0"",""投信賣出股數"":""0"",""投信買賣超股數"":""0"",""自營商買賣超股數"":""-3,645"",""自營商買進股數(自行買賣)"":""29,000"",""自營商賣出股數(自行買賣)"":""29,000"",""自營商買賣超股數(自行買賣)"":""0"",""自營商買進股數(避險)"":""4,000"",""自營商賣出股數(避險)"":""7,645"",""自營商買賣超股數(避險)"":""-3,645"",""三大法人買賣超股數"":""404,564""}"
2026-09-29,TWSE,4526,東台            ,681702,278000,403702,0,0,0,1239,397,842,"{""證券代號"":""4526"",""證券名稱"":""東台            "",""外陸資買進股數(不含外資自營商)"":""681,702"",""外陸資賣出股數(不含外資自營商)"":""278,000"",""外陸資買賣超股數(不含外資自營商)"":""403,702"",""外資自營商買進股數"":""0"",""外資自營商賣出股數"":""0"",""外資自營商買賣超股數"":""0"",""投信買進股數"":""0"",""投信賣出股數"":""0"",""投信買賣超股數"":""0"",""自營商買賣超股數"":""842"",""自營商買進股數(自行買賣)"":""0"",""自營商賣出股數(自行買賣)"":""0"",""自營商買賣超股數(自行買賣)"":""0"",""自營商買進股數(避險)"":""1,239"",""自營商賣出股數(避險)"":""397"",""自營商買賣超股數(避險)"":""842"",""三大法人買賣超股數"":""404,544""}"
2026-09-29,TWSE,3049,精金            ,888000,519000,369000,0,0,0,23386,5300,29086,"{""證券代號"":""3049"",""證券名稱"":""精金            "",""外陸資買進股數(不含外資自營商)"":""888,000"",""外陸資賣出股數(不含外資自營商)"":""519,000"",""外陸資買賣超股數(不含外資自營商)"":""369,000"",""外資自營商買進股數"":""0"",""外資自營商賣出股數"":""0"",""外資自營商買賣超股數"":""0"",""投信買進股數"":""0"",""投信賣出股數"":""0"",""投信買賣超股數"":""0"",""自營商買賣超股數"":""29,086"",""自營商買進股數(自行買賣)"":""11,000"",""自營商賣出股數(自行買賣)"":""0"",""自營商買賣超股數(自行買賣)"":""11,000"",""自營商買進股數(避險)"":""23,386"",""自營商賣出股數(避險)"":""5,300"",""自營商買賣超股數(避險)"":""18,086"",""三大法人買賣超股數"":""398,086""}"
2026-09-29,TWSE,8110,華東            ,1273944,816000,457944,0,0,0,4275,71302,-67027,"{""證券代號"":""8110"",""證券名稱"":""華東            "",""外陸資買進股數(不含外資自營商)"":""1,273,944"",""外陸資賣出股數(不含外資自營商)"":""816,000"",""外陸資買賣超股數(不含外資自營商)"":""457,944"",""外資自營商買進股數"":""0"",""外資自營商賣出股數"":""0"",""外資自營商買賣超股數"":""0"",""投信買進股數"":""0"",""投信賣出股數"":""0"",""投信買賣超股數"":""0"",""自營商買賣超股數"":""-67,027"",""自營商買進股數(自行買賣)"":""0"",""自營商賣出股數(自行買賣)"":""0"",""自營商買賣超股數(自行買賣)"":""0"",""自營商買進股數(避險)"":""4,275"",""自營商賣出股數(避險)"":""71,302"",""自營商買賣超股數(避險)"":""-67,027"",""三大法人買賣超股數"":""390,917""}"
2026-09-29,TWSE,2357,華碩            ,2054803,1651144,403659,30500,126000,-95500,73810,6802,81408,"{""證券代號"":""2357"",""證券名稱"":""華碩            "",""外陸資買進股數(不含外資自營商)"":""2,054,803"",""外陸資賣出股數(不含外資自營商)"":""1,651,144"",""外陸資買賣超股數(不含外資自營商)"":""403,659"",""外資自營商買進股數"":""0"",""外資自營商賣出股數"":""0"",""外資自營商買賣超股數"":""0"",""投信買進股數"":""30,500"",""投信賣出股數"":""126,000"",""投信買賣超股數"":""-95,500"",""自營商買賣超股數"":""81,408"",""自營商買進股數(自行買賣)"":""18,400"",""自營商賣出股數(自行買賣)"":""4,000"",""自營商買賣超股數(自行買賣)"":""14,400"",""自營商買進股數(避險)"":""73,810"",""自營商賣出股數(避險)"":""6,802"",""自營商買賣超股數(避險)"":""67,008"",""三大法人買賣超股數"":""389,567""}"
2026-09-29,TWSE,3005,神基            ,600016,281609,318407,26566,4000,22566,67720,23250,45170,"{""證券代號"":""3005"",""證券名稱"":""神基            "",""外陸資買進股數(不含外資自營商)"":""600,016"",""外陸資賣出股數(不含外資自營商)"":""281,609"",""外陸資買賣超股數(不含外資自營商)"":""318,407"",""外資自營商買進股數"":""0"",""外資自營商賣出股數"":""0"",""外資自營商買賣超股數"":""0"",""投信買進股數"":""26,566"",""投信賣出股數"":""4,000"",""投信買賣超股數"":""22,566"",""自營商買賣超股數"":""45,170"",""自營商買進股數(自行買賣)"":""1,000"",""自營商賣出股數(自行買賣)"":""300"",""自營商買賣超股數(自行買賣)"":""700"",""自營商買進股數(避險)"":""67,720"",""自營商賣出股數(避險)"":""23,250"",""自營商買賣超股數(避險)"":""44,470"",""三大法人買賣超股數"":""386,143""}"
2026-09-29,TWSE,3591,艾笛森          ,902466,466240,436226,0,0,0,0,75000,-59000,"{""證券代號"":""3591"",""證券名稱"":""艾笛森          "",""外陸資買進股數(不含外資自營商)"":""902,466"",""外陸資賣出股數(不含外資自營商)"":""466,240"",""外陸資買賣超股數(不含外資自營商)"":""436,226"",""外資自營商買進股數"":""0"",""外資自營商賣出股數"":""0"",""外資自營商買賣超股數"":""0"",""投信買進股數"":""0"",""投信賣出股數"":""0"",""投信買賣超股數"":""0"",""自營商買賣超股數"":""-59,000"",""自營商買進股數(自行買賣)"":""17,000"",""自營商賣出股數(自行買賣)"":""1,000"",""自營商買賣超股數(自行買賣)"":""16,000"",""自營商買進股數(避險)"":""0"",""自營商賣出股數(避險)"":""75,000"",""自營商買賣超股數(避險)"":""-75,000"",""三大法人買賣超股數"":""377,226""}"
2026-09-29,TWSE,00990A,主動元大AI新經濟,1214187,1497000,-282813,0,0,0,1739000,1093624,651376,"{""證券代號"":""00990A"",""證券名稱"":""主動元大AI新經濟"",""外陸資買進股數(不含外資自營商)"":""1,214,187"",""外陸資賣出股數(不含外資自營商)"":""1,497,000"",""外陸資買賣超股數(不含外資自營商)"":""-282,813"",""外資自營商買進股數"":""0"",""外資自營商賣出股數"":""0"",""外資自營商買賣超股數"":""0"",""投信買進股數"":""0"",""投信賣出股數"":""0"",""投信買賣超股數"":""0"",""自營商買賣超股數"":""651,376"",""自營商買進股數(自行買賣)"":""6,000"",""自營商賣出股數(自行買賣)"":""0"",""自營商買賣超股數(自行買賣)"":""6,000"",""自營商買進股數(避險)"":""1,739,000"",""自營商賣出股數(避險)"":""1,093,624"",""自營商買賣超股數(避險)"":""645,376"",""三大法人買賣超股數"":""368,563""}"
2026-09-29,TWSE,2236,百達-KY         ,691012,257090,433922,0,0,0,0,1104,-68104,"{""證券代號"":""2236"",""證券名稱"":""百達-KY         "",""外陸資買進股數(不含外資自營商)"":""691,012"",""外陸資賣出股數(不含外資自營商)"":""257,090"",""外陸資買賣超股數(不含外資自營商)"":""433,922"",""外資自營商買進股數"":""0"",""外資自營商賣出股數"":""0"",""外資自營商買賣超股數"":""0"",""投信買進股數"":""0"",""投信賣出股數"":""0"",""投信買賣超股數"":""0"",""自營商買賣超股數"":""-68,104"",""自營商買進股數(自行買賣)"":""1,000"",""自營商賣出股數(自行買賣)"":""68,000"",""自營商買賣超股數(自行買賣)"":""-67,000"",""自營商買進股數(避險)"":""0"",""自營商賣出股數(避險)"":""1,104"",""自營商買賣超股數(避險)"":""-1,104"",""三大法人買賣超股數"":""365,818""}"
2026-09-29,TWSE,6533,晶心科          ,2535000,2184270,350730,0,5000,-5000,92146,63716,13685,"{""證券代號"":""6533"",""證券名稱"":""晶心科          "",""外陸資買進股數(不含外資自營商)"":""2,535,000"",""外陸資賣出股數(不含外資自營商)"":""2,184,270"",""外陸資買賣超股數(不含外資自營商)"":""350,730"",""外資自營商買進股數"":""0"",""外資自營商賣出股數"":""0"",""外資自營商買賣超股數"":""0"",""投信買進股數"":""0"",""投信賣出股數"":""5,000"",""投信買賣超股數"":""-5,000"",""自營商買賣超股數"":""13,685"",""自營商買進股數(自行買賣)"":""9,541"",""自營商賣出股數(自行買賣)"":""24,286"",""自營商買賣超股數(自行買賣)"":""-14,745"",""自營商買進股數(避險)"":""92,146"",""自營商賣出股數(避險)"":""63,716"",""自營商買賣超股數(避險)"":""28,430"",""三大法人買賣超股數"":""359,415""}"
2026-09-29,TWSE,8028,昇陽半導體      ,4049538,6057691,-2008153,2202000,0,2202000,314386,154364,136022,"{""證券代號"":""8028"",""證券名稱"":""昇陽半導體      "",""外陸資買進股數(不含外資自營商)"":""4,049,538"",""外陸資賣出股數(不含外資自營商)"":""6,057,691"",""外陸資買賣超股數(不含外資自營商)"":""-2,008,153"",""外資自營商買進股數"":""0"",""外資自營商賣出股數"":""0"",""外資自營商買賣超股數"":""0"",""投信買進股數"":""2,202,000"",""投信賣出股數"":""0"",""投信買賣超股數"":""2,202,000"",""自營商買賣超股數"":""136,022"",""自營商買進股數(自行買賣)"":""34,000"",""自營商賣出股數(自行買賣)"":""58,000"",""自營商買賣超股數(自行買賣)"":""-24,000"",""自營商買進股數(避險)"":""314,386"",""自營商賣出股數(避險)"":""154,364"",""自營商買賣超股數(避險)"":""160,022"",""三大法人買賣超股數"":""329,869""}"
2026-09-29,TWSE,2476,鉅祥            ,471378,185082,286296,0,0,0,61295,31471,29824,"{""證券代號"":""2476"",""證券名稱"":""鉅祥            "",""外陸資買進股數(不含外資自營商)"":""471,378"",""外陸資賣出股數(不含外資自營商)"":""185,082"",""外陸資買賣超股數(不含外資自營商)"":""286,296"",""外資自營商買進股數"":""0"",""外資自營商賣出股數"":""0"",""外資自營商買賣超股數"":""0"",""投信買進股數"":""0"",""投信賣出股數"":""0"",""投信買賣超股數"":""0"",""自營商買賣超股數"":""29,824"",""自營商買進股數(自行買賣)"":""0"",""自營商賣出股數(自行買賣)"":""0"",""自營商買賣超股數(自行買賣)"":""0"",""自營商買進股數(避險)"":""61,295"",""自營商賣出股數(避險)"":""31,471"",""自營商買賣超股數(避險)"":""29,824"",""三大法人買賣超股數"":""316,120""}"
2026-09-29,TWSE,3535,晶彩科          ,606685,303000,303685,0,0,0,9639,5176,4463,"{""證券代號"":""3535"",""證券名稱"":""晶彩科          "",""外陸資買進股數(不含外資自營商)"":""606,685"",""外陸資賣出股數(不含外資自營商)"":""303,000"",""外陸資買賣超股數(不含外資自營商)"":""303,685"",""外資自營商買進股數"":""0"",""外資自營商賣出股數"":""0"",""外資自營商買賣超股數"":""0"",""投信買進股數"":""0"",""投信賣出股數"":""0"",""投信買賣超股數"":""0"",""自營商買賣超股數"":""4,463"",""自營商買進股數(自行買賣)"":""0"",""自營商賣出股數(自行買賣)"":""0"",""自營商買賣超股數(自行買賣)"":""0"",""自營商買進股數(避險)"":""9,639"",""自營商賣出股數(避險)"":""5,176"",""自營商買賣超股數(避險)"":""4,463"",""三大法人買賣超股數"":""308,148""}"
2026-09-29,TWSE,3030,德律            ,636096,394020,242076,0,0,0,81108,6617,64491,"{""證券代號"":""3030"",""證券名稱"":""德律            "",""外陸資買進股數(不含外資自營商)"":""636,096"",""外陸資賣出股數(不含外資自營商)"":""394,020"",""外陸資買賣超股數(不含外資自營商)"":""242,076"",""外資自營商買進股數"":""0"",""外資自營商賣出股數"":""0"",""外資自營商買賣超股數"":""0"",""投信買進股數"":""0"",""投信賣出股數"":""0"",""投信買賣超股數"":""0"",""自營商買賣超股數"":""64,491"",""自營商買進股數(自行買賣)"":""0"",""自營商賣出股數(自行買賣)"":""10,000"",""自營商買賣超股數(自行買賣)"":""-10,000"",""自營商買進股數(避險)"":""81,108"",""自營商賣出股數(避險)"":""6,617"",""自營商買賣超股數(避險)"":""74,491"",""三大法人買賣超股數"":""306,567""}"
2026-09-29,TWSE,2444,兆勁            ,725526,421000,304526,0,0,0,0,0,0,"{""證券代號"":""2444"",""證券名稱"":""兆勁            "",""外陸資買進股數(不含外資自營商)"":""725,526"",""外陸資賣出股數(不含外資自營商)"":""421,000"",""外陸資買賣超股數(不含外資自營商)"":""304,526"",""外資自營商買進股數"":""0"",""外資自營商賣出股數"":""0"",""外資自營商買賣超股數"":""0"",""投信買進股數"":""0"",""投信賣出股數"":""0"",""投信買賣超股數"":""0"",""自營商買賣超股數"":""0"",""自營商買進股數(自行買賣)"":""0"",""自營商賣出股數(自行買賣)"":""0"",""自營商買賣超股數(自行買賣)"":""0"",""自營商買進股數(避險)"":""0"",""自營商賣出股數(避險)"":""0"",""自營商買賣超股數(避險)"":""0"",""三大法人買賣超股數"":""304,526""}"
2026-09-29,TWSE,3021,鴻名            ,366000,72000,294000,0,0,0,0,0,9997,"{""證券代號"":""3021"",""證券名稱"":""鴻名            "",""外陸資買進股數(不含外資自營商)"":""366,000"",""外陸資賣出股數(不含外資自營商)"":""72,000"",""外陸資買賣超股數(不含外資自營商)"":""294,000"",""外資自營商買進股數"":""0"",""外資自營商賣出股數"":""0"",""外資自營商買賣超股數"":""0"",""投信買進股數"":""0"",""投信賣出股數"":""0"",""投信買賣超股數"":""0"",""自營商買賣超股數"":""9,997"",""自營商買進股數(自行買賣)"":""9,997"",""自營商賣出股數(自行買賣)"":""0"",""自營商買賣超股數(自行買賣)"":""9,997"",""自營商買進股數(避險)"":""0"",""自營商賣出股數(避險)"":""0"",""自營商買賣超股數(避險)"":""0"",""三大法人買賣超股數"":""303,997""}"
2026-09-29,TWSE,2905,三商            ,514533,241000,273533,0,0,0,0,0,26280,"{""證券代號"":""2905"",""證券名稱"":""三商            "",""外陸資買進股數(不含外資自營商)"":""514,533"",""外陸資賣出股數(不含外資自營商)"":""241,000"",""外陸資買賣超股數(不含外資自營商)"":""273,533"",""外資自營商買進股數"":""0"",""外資自營商賣出股數"":""0"",""外資自營商買賣超股數"":""0"",""投信買進股數"":""0"",""投信賣出股數"":""0"",""投信買賣超股數"":""0"",""自營商買賣超股數"":""26,280"",""自營商買進股數(自行買賣)"":""27,000"",""自營商賣出股數(自行買賣)"":""720"",""自營商買賣超股數(自行買賣)"":""26,280"",""自營商買進股數(避險)"":""0"",""自營商賣出股數(避險)"":""0"",""自營商買賣超股數(避險)"":""0"",""三大法人買賣超股數"":""299,813""}"
2026-09-29,TWSE,2495,普安            ,460137,163000,297137,0,0,0,0,2000,-2000,"{""證券代號"":""2495"",""證券名稱"":""普安            "",""外陸資買進股數(不含外資自營商)"":""460,137"",""外陸資賣出股數(不含外資自營商)"":""163,000"",""外陸資買賣超股數(不含外資自營商)"":""297,137"",""外資自營商買進股數"":""0"",""外資自營商賣出股數"":""0"",""外資自營商買賣超股數"":""0"",""投信買進股數"":""0"",""投信賣出股數"":""0"",""投信買賣超股數"":""0"",""自營商買賣超股數"":""-2,000"",""自營商買進股數(自行買賣)"":""4,000"",""自營商賣出股數(自行買賣)"":""4,000"",""自營商買賣超股數(自行買賣)"":""0"",""自營商買進股數(避險)"":""0"",""自營商賣出股數(避險)"":""2,000"",""自營商買賣超股數(避險)"":""-2,000"",""三大法人買賣超股數"":""295,137""}"
2026-09-29,TWSE,1710,東聯            ,1549662,1217049,332613,0,0,0,37921,90050,-38129,"{""證券代號"":""1710"",""證券名稱"":""東聯            "",""外陸資買進股數(不含外資自營商)"":""1,549,662"",""外陸資賣出股數(不含外資自營商)"":""1,217,049"",""外陸資買賣超股數(不含外資自營商)"":""332,613"",""外資自營商買進股數"":""0"",""外資自營商賣出股數"":""0"",""外資自營商買賣超股數"":""0"",""投信買進股數"":""0"",""投信賣出股數"":""0"",""投信買賣超股數"":""0"",""自營商買賣超股數"":""-38,129"",""自營商買進股數(自行買賣)"":""14,000"",""自營商賣出股數(自行買賣)"":""0"",""自營商買賣超股數(自行買賣)"":""14,000"",""自營商買進股數(避險)"":""37,921"",""自營商賣出股數(避險)"":""90,050"",""自營商買賣超股數(避險)"":""-52,129"",""三大法人買賣超股數"":""294,484""}"
2026-09-29,TWSE,2385,群光            ,1539312,1253343,285969,9700,40000,-30300,55608,23200,32408,"{""證券代號"":""2385"",""證券名稱"":""群光            "",""外陸資買進股數(不含外資自營商)"":""1,539,312"",""外陸資賣出股數(不含外資自營商)"":""1,253,343"",""外陸資買賣超股數(不含外資自營商)"":""285,969"",""外資自營商買進股數"":""0"",""外資自營商賣出股數"":""0"",""外資自營商買賣超股數"":""0"",""投信買進股數"":""9,700"",""投信賣出股數"":""40,000"",""投信買賣超股數"":""-30,300"",""自營商買賣超股數"":""32,408"",""自營商買進股數(自行買賣)"":""0"",""自營商賣出股數(自行買賣)"":""0"",""自營商買賣超股數(自行買賣)"":""0"",""自營商買進股數(避險)"":""55,608"",""自營商賣出股數(避險)"":""23,200"",""自營商買賣超股數(避險)"":""32,408"",""三大法人買賣超股數"":""288,077""}"
2026-09-29,TWSE,4566,時碩工業        ,1809321,1560000,249321,0,0,0,4000,4889,37111,"{""證券代號"":""4566"",""證券名稱"":""時碩工業        "",""外陸資買進股數(不含外資自營商)"":""1,809,321"",""外陸資賣出股數(不含外資自營商)"":""1,560,000"",""外陸資買賣超股數(不含外資自營商)"":""249,321"",""外資自營商買進股數"":""0"",""外資自營商賣出股數"":""0"",""外資自營商買賣超股數"":""0"",""投信買進股數"":""0"",""投信賣出股數"":""0"",""投信買賣超股數"":""0"",""自營商買賣超股數"":""37,111"",""自營商買進股數(自行買賣)"":""38,000"",""自營商賣出股數(自行買賣)"":""0"",""自營商買賣超股數(自行買賣)"":""38,000"",""自營商買進股數(避險)"":""4,000"",""自營商賣出股數(避險)"":""4,889"",""自營商買賣超股數(避險)"":""-889"",""三大法人買賣超股數"":""286,432""}"
2026-09-29,TWSE,6405,悅城            ,485000,200000,285000,0,0,0,1113,1000,113,"{""證券代號"":""6405"",""證券名稱"":""悅城            "",""外陸資買進股數(不含外資自營商)"":""485,000"",""外陸資賣出股數(不含外資自營商)"":""200,000"",""外陸資買賣超股數(不含外資自營商)"":""285,000"",""外資自營商買進股數"":""0"",""外資自營商賣出股數"":""0"",""外資自營商買賣超股數"":""0"",""投信買進股數"":""0"",""投信賣出股數"":""0"",""投信買賣超股數"":""0"",""自營商買賣超股數"":""113"",""自營商買進股數(自行買賣)"":""0"",""自營商賣出股數(自行買賣)"":""0"",""自營商買賣超股數(自行買賣)"":""0"",""自營商買進股數(避險)"":""1,113"",""自營商賣出股數(避險)"":""1,000"",""自營商買賣超股數(避險)"":""113"",""三大法人買賣超股數"":""285,113""}"
2026-09-29,TWSE,00984A,主動安聯台灣高息,723000,108000,615000,0,0,0,772000,1416939,-329939,"{""證券代號"":""00984A"",""證券名稱"":""主動安聯台灣高息"",""外陸資買進股數(不含外資自營商)"":""723,000"",""外陸資賣出股數(不含外資自營商)"":""108,000"",""外陸資買賣超股數(不含外資自營商)"":""615,000"",""外資自營商買進股數"":""0"",""外資自營商賣出股數"":""0"",""外資自營商買賣超股數"":""0"",""投信買進股數"":""0"",""投信賣出股數"":""0"",""投信買賣超股數"":""0"",""自營商買賣超股數"":""-329,939"",""自營商買進股數(自行買賣)"":""315,000"",""自營商賣出股數(自行買賣)"":""0"",""自營商買賣超股數(自行買賣)"":""315,000"",""自營商買進股數(避險)"":""772,000"",""自營商賣出股數(避險)"":""1,416,939"",""自營商買賣超股數(避險)"":""-644,939"",""三大法人買賣超股數"":""285,061""}"
2026-09-29,TWSE,00983A,主動中信ARK創新 ,82000,361000,-279000,0,0,0,610000,32811,556189,"{""證券代號"":""00983A"",""證券名稱"":""主動中信ARK創新 "",""外陸資買進股數(不含外資自營商)"":""82,000"",""外陸資賣出股數(不含外資自營商)"":""361,000"",""外陸資買賣超股數(不含外資自營商)"":""-279,000"",""外資自營商買進股數"":""0"",""外資自營商賣出股數"":""0"",""外資自營商買賣超股數"":""0"",""投信買進股數"":""0"",""投信賣出股數"":""0"",""投信買賣超股數"":""0"",""自營商買賣超股數"":""556,189"",""自營商買進股數(自行買賣)"":""0"",""自營商賣出股數(自行買賣)"":""21,000"",""自營商買賣超股數(自行買賣)"":""-21,000"",""自營商買進股數(避險)"":""610,000"",""自營商賣出股數(避險)"":""32,811"",""自營商買賣超股數(避險)"":""577,189"",""三大法人買賣超股數"":""277,189""}"
2026-09-29,TWSE,00706L,期元大S&P日圓正2,3000,3000,0,0,0,0,572000,292769,275876,"{""證券代號"":""00706L"",""證券名稱"":""期元大S&P日圓正2"",""外陸資買進股數(不含外資自營商)"":""3,000"",""外陸資賣出股數(不含外資自營商)"":""3,000"",""外陸資買賣超股數(不含外資自營商)"":""0"",""外資自營商買進股數"":""0"",""外資自營商賣出股數"":""0"",""外資自營商買賣超股數"":""0"",""投信買進股數"":""0"",""投信賣出股數"":""0"",""投信買賣超股數"":""0"",""自營商買賣超股數"":""275,876"",""自營商買進股數(自行買賣)"":""0"",""自營商賣出股數(自行買賣)"":""3,355"",""自營商買賣超股數(自行買賣)"":""-3,355"",""自營商買進股數(避險)"":""572,000"",""自營商賣出股數(避險)"":""292,769"",""自營商買賣超股數(避險)"":""279,231"",""三大法人買賣超股數"":""275,876""}"
2026-09-29,TWSE,4746,台耀            ,641000,251000,390000,0,115000,-115000,0,0,0,"{""證券代號"":""4746"",""證券名稱"":""台耀            "",""外陸資買進股數(不含外資自營商)"":""641,000"",""外陸資賣出股數(不含外資自營商)"":""251,000"",""外陸資買賣超股數(不含外資自營商)"":""390,000"",""外資自營商買進股數"":""0"",""外資自營商賣出股數"":""0"",""外資自營商買賣超股數"":""0"",""投信買進股數"":""0"",""投信賣出股數"":""115,000"",""投信買賣超股數"":""-115,000"",""自營商買賣超股數"":""0"",""自營商買進股數(自行買賣)"":""0"",""自營商賣出股數(自行買賣)"":""0"",""自營商買賣超股數(自行買賣)"":""0"",""自營商買進股數(避險)"":""0"",""自營商賣出股數(避險)"":""0"",""自營商買賣超股數(避險)"":""0"",""三大法人買賣超股數"":""275,000""}"
2026-09-29,TWSE,1444,力麗            ,575888,218000,357888,0,0,0,0,0,-85000,"{""證券代號"":""1444"",""證券名稱"":""力麗            "",""外陸資買進股數(不含外資自營商)"":""575,888"",""外陸資賣出股數(不含外資自營商)"":""218,000"",""外陸資買賣超股數(不含外資自營商)"":""357,888"",""外資自營商買進股數"":""0"",""外資自營商賣出股數"":""0"",""外資自營商買賣超股數"":""0"",""投信買進股數"":""0"",""投信賣出股數"":""0"",""投信買賣超股數"":""0"",""自營商買賣超股數"":""-85,000"",""自營商買進股數(自行買賣)"":""0"",""自營商賣出股數(自行買賣)"":""85,000"",""自營商買賣超股數(自行買賣)"":""-85,000"",""自營商買進股數(避險)"":""0"",""自營商賣出股數(避險)"":""0"",""自營商買賣超股數(避險)"":""0"",""三大法人買賣超股數"":""272,888""}"
2026-09-29,TWSE,2491,吉祥全          ,308000,40001,267999,0,0,0,0,0,0,"{""證券代號"":""2491"",""證券名稱"":""吉祥全          "",""外陸資買進股數(不含外資自營商)"":""308,000"",""外陸資賣出股數(不含外資自營商)"":""40,001"",""外陸資買賣超股數(不含外資自營商)"":""267,999"",""外資自營商買進股數"":""0"",""外資自營商賣出股數"":""0"",""外資自營商買賣超股數"":""0"",""投信買進股數"":""0"",""投信賣出股數"":""0"",""投信買賣超股數"":""0"",""自營商買賣超股數"":""0"",""自營商買進股數(自行買賣)"":""0"",""自營商賣出股數(自行買賣)"":""0"",""自營商買賣超股數(自行買賣)"":""0"",""自營商買進股數(避險)"":""0"",""自營商賣出股數(避險)"":""0"",""自營商買賣超股數(避險)"":""0"",""三大法人買賣超股數"":""267,999""}"
2026-09-29,TWSE,1612,宏泰            ,325104,75210,249894,4000,0,4000,435,0,10334,"{""證券代號"":""1612"",""證券名稱"":""宏泰            "",""外陸資買進股數(不含外資自營商)"":""325,104"",""外陸資賣出股數(不含外資自營商)"":""75,210"",""外陸資買賣超股數(不含外資自營商)"":""249,894"",""外資自營商買進股數"":""0"",""外資自營商賣出股數"":""0"",""外資自營商買賣超股數"":""0"",""投信買進股數"":""4,000"",""投信賣出股數"":""0"",""投信買賣超股數"":""4,000"",""自營商買賣超股數"":""10,334"",""自營商買進股數(自行買賣)"":""10,000"",""自營商賣出股數(自行買賣)"":""101"",""自營商買賣超股數(自行買賣)"":""9,899"",""自營商買進股數(避險)"":""435"",""自營商賣出股數(避險)"":""0"",""自營商買賣超股數(避險)"":""435"",""三大法人買賣超股數"":""264,228""}"
2026-09-29,TWSE,1409,新纖            ,2836000,2299235,536765,1000,0,1000,83679,91649,-273970,"{""證券代號"":""1409"",""證券名稱"":""新纖            "",""外陸資買進股數(不含外資自營商)"":""2,836,000"",""外陸資賣出股數(不含外資自營商)"":""2,299,235"",""外陸資買賣超股數(不含外資自營商)"":""536,765"",""外資自營商買進股數"":""0"",""外資自營商賣出股數"":""0"",""外資自營商買賣超股數"":""0"",""投信買進股數"":""1,000"",""投信賣出股數"":""0"",""投信買賣超股數"":""1,000"",""自營商買賣超股數"":""-273,970"",""自營商買進股數(自行買賣)"":""7,000"",""自營商賣出股數(自行買賣)"":""273,000"",""自營商買賣超股數(自行買賣)"":""-266,000"",""自營商買進股數(避險)"":""83,679"",""自營商賣出股數(避險)"":""91,649"",""自營商買賣超股數(避險)"":""-7,970"",""三大法人買賣超股數"":""263,795""}"
2026-09-29,TWSE,6937,天虹            ,421185,225040,196145,0,0,0,90158,25562,64596,"{""證券代號"":""6937"",""證券名稱"":""天虹            "",""外陸資買進股數(不含外資自營商)"":""421,185"",""外陸資賣出股數(不含外資自營商)"":""225,040"",""外陸資買賣超股數(不含外資自營商)"":""196,145"",""外資自營商買進股數"":""0"",""外資自營商賣出股數"":""0"",""外資自營商買賣超股數"":""0"",""投信買進股數"":""0"",""投信賣出股數"":""0"",""投信買賣超股數"":""0"",""自營商買賣超股數"":""64,596"",""自營商買進股數(自行買賣)"":""0"",""自營商賣出股數(自行買賣)"":""0"",""自營商買賣超股數(自行買賣)"":""0"",""自營商買進股數(避險)"":""90,158"",""自營商賣出股數(避險)"":""25,562"",""自營商買賣超股數(避險)"":""64,596"",""三大法人買賣超股數"":""260,741""}"
2026-09-29,TWSE,2105,正新            ,1976097,2028986,-52889,23000,0,23000,292904,2000,285021,"{""證券代號"":""2105"",""證券名稱"":""正新            "",""外陸資買進股數(不含外資自營商)"":""1,976,097"",""外陸資賣出股數(不含外資自營商)"":""2,028,986"",""外陸資買賣超股數(不含外資自營商)"":""-52,889"",""外資自營商買進股數"":""0"",""外資自營商賣出股數"":""0"",""外資自營商買賣超股數"":""0"",""投信買進股數"":""23,000"",""投信賣出股數"":""0"",""投信買賣超股數"":""23,000"",""自營商買賣超股數"":""285,021"",""自營商買進股數(自行買賣)"":""2,000"",""自營商賣出股數(自行買賣)"":""7,883"",""自營商買賣超股數(自行買賣)"":""-5,883"",""自營商買進股數(避險)"":""292,904"",""自營商賣出股數(避險)"":""2,000"",""自營商買賣超股數(避險)"":""290,904"",""三大法人買賣超股數"":""255,132""}"
2026-09-29,TWSE,2527,宏璟            ,355204,103150,252054,0,0,0,107,0,107,"{""證券代號"":""2527"",""證券名稱"":""宏璟            "",""外陸資買進股數(不含外資自營商)"":""355,204"",""外陸資賣出股數(不含外資自營商)"":""103,150"",""外陸資買賣超股數(不含外資自營商)"":""252,054"",""外資自營商買進股數"":""0"",""外資自營商賣出股數"":""0"",""外資自營商買賣超股數"":""0"",""投信買進股數"":""0"",""投信賣出股數"":""0"",""投信買賣超股數"":""0"",""自營商買賣超股數"":""107"",""自營商買進股數(自行買賣)"":""0"",""自營商賣出股數(自行買賣)"":""0"",""自營商買賣超股數(自行買賣)"":""0"",""自營商買進股數(避險)"":""107"",""自營商賣出股數(避險)"":""0"",""自營商買賣超股數(避險)"":""107"",""三大法人買賣超股數"":""252,161""}"
2026-09-29,TWSE,2543,皇昌            ,494247,241176,253071,0,0,0,1000,939,-939,"{""證券代號"":""2543"",""證券名稱"":""皇昌            "",""外陸資買進股數(不含外資自營商)"":""494,247"",""外陸資賣出股數(不含外資自營商)"":""241,176"",""外陸資買賣超股數(不含外資自營商)"":""253,071"",""外資自營商買進股數"":""0"",""外資自營商賣出股數"":""0"",""外資自營商買賣超股數"":""0"",""投信買進股數"":""0"",""投信賣出股數"":""0"",""投信買賣超股數"":""0"",""自營商買賣超股數"":""-939"",""自營商買進股數(自行買賣)"":""0"",""自營商賣出股數(自行買賣)"":""1,000"",""自營商買賣超股數(自行買賣)"":""-1,000"",""自營商買進股數(避險)"":""1,000"",""自營商賣出股數(避險)"":""939"",""自營商買賣超股數(避險)"":""61"",""三大法人買賣超股數"":""252,132""}"
2026-09-29,TWSE,3305,昇貿            ,335766,109000,226766,0,0,0,19557,3321,16236,"{""證券代號"":""3305"",""證券名稱"":""昇貿            "",""外陸資買進股數(不含外資自營商)"":""335,766"",""外陸資賣出股數(不含外資自營商)"":""109,000"",""外陸資買賣超股數(不含外資自營商)"":""226,766"",""外資自營商買進股數"":""0"",""外資自營商賣出股數"":""0"",""外資自營商買賣超股數"":""0"",""投信買進股數"":""0"",""投信賣出股數"":""0"",""投信買賣超股數"":""0"",""自營商買賣超股數"":""16,236"",""自營商買進股數(自行買賣)"":""0"",""自營商賣出股數(自行買賣)"":""0"",""自營商買賣超股數(自行買賣)"":""0"",""自營商買進股數(避險)"":""19,557"",""自營商賣出股數(避險)"":""3,321"",""自營商買賣超股數(避險)"":""16,236"",""三大法人買賣超股數"":""243,002""}"
2026-09-29,TWSE,2401,凌陽            ,1137807,963024,174783,10000,0,10000,33275,4209,57066,"{""證券代號"":""2401"",""證券名稱"":""凌陽            "",""外陸資買進股數(不含外資自營商)"":""1,137,807"",""外陸資賣出股數(不含外資自營商)"":""963,024"",""外陸資買賣超股數(不含外資自營商)"":""174,783"",""外資自營商買進股數"":""0"",""外資自營商賣出股數"":""0"",""外資自營商買賣超股數"":""0"",""投信買進股數"":""10,000"",""投信賣出股數"":""0"",""投信買賣超股數"":""10,000"",""自營商買賣超股數"":""57,066"",""自營商買進股數(自行買賣)"":""32,000"",""自營商賣出股數(自行買賣)"":""4,000"",""自營商買賣超股數(自行買賣)"":""28,000"",""自營商買進股數(避險)"":""33,275"",""自營商賣出股數(避險)"":""4,209"",""自營商買賣超股數(避險)"":""29,066"",""三大法人買賣超股數"":""241,849""}"
2026-09-29,TWSE,00987A,主動台新優勢成長,310000,160000,150000,0,0,0,596127,504889,91238,"{""證券代號"":""00987A"",""證券名稱"":""主動台新優勢成長"",""外陸資買進股數(不含外資自營商)"":""310,000"",""外陸資賣出股數(不含外資自營商)"":""160,000"",""外陸資買賣超股數(不含外資自營商)"":""150,000"",""外資自營商買進股數"":""0"",""外資自營商賣出股數"":""0"",""外資自營商買賣超股數"":""0"",""投信買進股數"":""0"",""投信賣出股數"":""0"",""投信買賣超股數"":""0"",""自營商買賣超股數"":""91,238"",""自營商買進股數(自行買賣)"":""0"",""自營商賣出股數(自行買賣)"":""0"",""自營商買賣超股數(自行買賣)"":""0"",""自營商買進股數(避險)"":""596,127"",""自營商賣出股數(避險)"":""504,889"",""自營商買賣超股數(避險)"":""91,238"",""三大法人買賣超股數"":""241,238""}"
2026-09-29,TWSE,4720,德淵            ,279101,38000,241101,0,0,0,0,0,0,"{""證券代號"":""4720"",""證券名稱"":""德淵            "",""外陸資買進股數(不含外資自營商)"":""279,101"",""外陸資賣出股數(不含外資自營商)"":""38,000"",""外陸資買賣超股數(不含外資自營商)"":""241,101"",""外資自營商買進股數"":""0"",""外資自營商賣出股數"":""0"",""外資自營商買賣超股數"":""0"",""投信買進股數"":""0"",""投信賣出股數"":""0"",""投信買賣超股數"":""0"",""自營商買賣超股數"":""0"",""自營商買進股數(自行買賣)"":""0"",""自營商賣出股數(自行買賣)"":""0"",""自營商買賣超股數(自行買賣)"":""0"",""自營商買進股數(避險)"":""0"",""自營商賣出股數(避險)"":""0"",""自營商買賣超股數(避險)"":""0"",""三大法人買賣超股數"":""241,101""}"
2026-09-29,TWSE,1305,華夏            ,614279,357170,257109,0,0,0,0,0,-17088,"{""證券代號"":""1305"",""證券名稱"":""華夏            "",""外陸資買進股數(不含外資自營商)"":""614,279"",""外陸資賣出股數(不含外資自營商)"":""357,170"",""外陸資買賣超股數(不含外資自營商)"":""257,109"",""外資自營商買進股數"":""0"",""外資自營商賣出股數"":""0"",""外資自營商買賣超股數"":""0"",""投信買進股數"":""0"",""投信賣出股數"":""0"",""投信買賣超股數"":""0"",""自營商買賣超股數"":""-17,088"",""自營商買進股數(自行買賣)"":""0"",""自營商賣出股數(自行買賣)"":""17,088"",""自營商買賣超股數(自行買賣)"":""-17,088"",""自營商買進股數(避險)"":""0"",""自營商賣出股數(避險)"":""0"",""自營商買賣超股數(避險)"":""0"",""三大法人買賣超股數"":""240,021""}"
2026-09-29,TWSE,2338,光罩            ,1254248,1050000,204248,0,0,0,36809,7837,31457,"{""證券代號"":""2338"",""證券名稱"":""光罩            "",""外陸資買進股數(不含外資自營商)"":""1,254,248"",""外陸資賣出股數(不含外資自營商)"":""1,050,000"",""外陸資買賣超股數(不含外資自營商)"":""204,248"",""外資自營商買進股數"":""0"",""外資自營商賣出股數"":""0"",""外資自營商買賣超股數"":""0"",""投信買進股數"":""0"",""投信賣出股數"":""0"",""投信買賣超股數"":""0"",""自營商買賣超股數"":""31,457"",""自營商買進股數(自行買賣)"":""9,000"",""自營商賣出股數(自行買賣)"":""6,515"",""自營商買賣超股數(自行買賣)"":""2,485"",""自營商買進股數(避險)"":""36,809"",""自營商賣出股數(避險)"":""7,837"",""自營商買賣超股數(避險)"":""28,972"",""三大法人買賣超股數"":""235,705""}"
2026-09-29,TWSE,8215,明基材          ,504711,270000,234711,0,0,0,473,487,-14,"{""證券代號"":""8215"",""證券名稱"":""明基材          "",""外陸資買進股數(不含外資自營商)"":""504,711"",""外陸資賣出股數(不含外資自營商)"":""270,000"",""外陸資買賣超股數(不含外資自營商)"":""234,711"",""外資自營商買進股數"":""0"",""外資自營商賣出股數"":""0"",""外資自營商買賣超股數"":""0"",""投信買進股數"":""0"",""投信賣出股數"":""0"",""投信買賣超股數"":""0"",""自營商買賣超股數"":""-14"",""自營商買進股數(自行買賣)"":""4,000"",""自營商賣出股數(自行買賣)"":""4,000"",""自營商買賣超股數(自行買賣)"":""0"",""自營商買進股數(避險)"":""473"",""自營商賣出股數(避險)"":""487"",""自營商買賣超股數(避險)"":""-14"",""三大法人買賣超股數"":""234,697""}"
2026-09-29,TWSE,1773,勝一            ,365052,149565,215487,1000,0,1000,15641,3392,10249,"{""證券代號"":""1773"",""證券名稱"":""勝一            "",""外陸資買進股數(不含外資自營商)"":""365,052"",""外陸資賣出股數(不含外資自營商)"":""149,565"",""外陸資買賣超股數(不含外資自營商)"":""215,487"",""外資自營商買進股數"":""0"",""外資自營商賣出股數"":""0"",""外資自營商買賣超股數"":""0"",""投信買進股數"":""1,000"",""投信賣出股數"":""0"",""投信買賣超股數"":""1,000"",""自營商買賣超股數"":""10,249"",""自營商買進股數(自行買賣)"":""0"",""自營商賣出股數(自行買賣)"":""2,000"",""自營商買賣超股數(自行買賣)"":""-2,000"",""自營商買進股數(避險)"":""15,641"",""自營商賣出股數(避險)"":""3,392"",""自營商買賣超股數(避險)"":""12,249"",""三大法人買賣超股數"":""226,736""}"
2026-09-29,TWSE,6278,台表科          ,3952791,3683815,268976,360000,519000,-159000,231415,120828,114585,"{""證券代號"":""6278"",""證券名稱"":""台表科          "",""外陸資買進股數(不含外資自營商)"":""3,952,791"",""外陸資賣出股數(不含外資自營商)"":""3,683,815"",""外陸資買賣超股數(不含外資自營商)"":""268,976"",""外資自營商買進股數"":""0"",""外資自營商賣出股數"":""0"",""外資自營商買賣超股數"":""0"",""投信買進股數"":""360,000"",""投信賣出股數"":""519,000"",""投信買賣超股數"":""-159,000"",""自營商買賣超股數"":""114,585"",""自營商買進股數(自行買賣)"":""77,047"",""自營商賣出股數(自行買賣)"":""73,049"",""自營商買賣超股數(自行買賣)"":""3,998"",""自營商買進股數(避險)"":""231,415"",""自營商賣出股數(避險)"":""120,828"",""自營商買賣超股數(避險)"":""110,587"",""三大法人買賣超股數"":""224,561""}"
2026-09-29,TWSE,3437,榮創            ,799917,577243,222674,0,0,0,0,0,0,"{""證券代號"":""3437"",""證券名稱"":""榮創            "",""外陸資買進股數(不含外資自營商)"":""799,917"",""外陸資賣出股數(不含外資自營商)"":""577,243"",""外陸資買賣超股數(不含外資自營商)"":""222,674"",""外資自營商買進股數"":""0"",""外資自營商賣出股數"":""0"",""外資自營商買賣超股數"":""0"",""投信買進股數"":""0"",""投信賣出股數"":""0"",""投信買賣超股數"":""0"",""自營商買賣超股數"":""0"",""自營商買進股數(自行買賣)"":""0"",""自營商賣出股數(自行買賣)"":""0"",""自營商買賣超股數(自行買賣)"":""0"",""自營商買進股數(避險)"":""0"",""自營商賣出股數(避險)"":""0"",""自營商買賣超股數(避險)"":""0"",""三大法人買賣超股數"":""222,674""}"
2026-09-29,TWSE,6112,邁達特          ,332009,111000,221009,0,0,0,9041,8312,729,"{""證券代號"":""6112"",""證券名稱"":""邁達特          "",""外陸資買進股數(不含外資自營商)"":""332,009"",""外陸資賣出股數(不含外資自營商)"":""111,000"",""外陸資買賣超股數(不含外資自營商)"":""221,009"",""外資自營商買進股數"":""0"",""外資自營商賣出股數"":""0"",""外資自營商買賣超股數"":""0"",""投信買進股數"":""0"",""投信賣出股數"":""0"",""投信買賣超股數"":""0"",""自營商買賣超股數"":""729"",""自營商買進股數(自行買賣)"":""1,000"",""自營商賣出股數(自行買賣)"":""1,000"",""自營商買賣超股數(自行買賣)"":""0"",""自營商買進股數(避險)"":""9,041"",""自營商賣出股數(避險)"":""8,312"",""自營商買賣超股數(避險)"":""729"",""三大法人買賣超股數"":""221,738""}"
2026-09-29,TWSE,5469,瀚宇博          ,368881,150432,218449,0,0,0,1000,0,1000,"{""證券代號"":""5469"",""證券名稱"":""瀚宇博          "",""外陸資買進股數(不含外資自營商)"":""368,881"",""外陸資賣出股數(不含外資自營商)"":""150,432"",""外陸資買賣超股數(不含外資自營商)"":""218,449"",""外資自營商買進股數"":""0"",""外資自營商賣出股數"":""0"",""外資自營商買賣超股數"":""0"",""投信買進股數"":""0"",""投信賣出股數"":""0"",""投信買賣超股數"":""0"",""自營商買賣超股數"":""1,000"",""自營商買進股數(自行買賣)"":""0"",""自營商賣出股數(自行買賣)"":""0"",""自營商買賣超股數(自行買賣)"":""0"",""自營商買進股數(避險)"":""1,000"",""自營商賣出股數(避險)"":""0"",""自營商買賣超股數(避險)"":""1,000"",""三大法人買賣超股數"":""219,449""}"
2026-09-29,TWSE,2367,燿華            ,1253097,1029000,224097,0,0,0,11096,11521,-5425,"{""證券代號"":""2367"",""證券名稱"":""燿華            "",""外陸資買進股數(不含外資自營商)"":""1,253,097"",""外陸資賣出股數(不含外資自營商)"":""1,029,000"",""外陸資買賣超股數(不含外資自營商)"":""224,097"",""外資自營商買進股數"":""0"",""外資自營商賣出股數"":""0"",""外資自營商買賣超股數"":""0"",""投信買進股數"":""0"",""投信賣出股數"":""0"",""投信買賣超股數"":""0"",""自營商買賣超股數"":""-5,425"",""自營商買進股數(自行買賣)"":""5,000"",""自營商賣出股數(自行買賣)"":""10,000"",""自營商買賣超股數(自行買賣)"":""-5,000"",""自營商買進股數(避險)"":""11,096"",""自營商賣出股數(避險)"":""11,521"",""自營商買賣超股數(避險)"":""-425"",""三大法人買賣超股數"":""218,672""}"
2026-09-29,TWSE,3312,弘憶股          ,339130,122000,217130,0,0,0,0,0,0,"{""證券代號"":""3312"",""證券名稱"":""弘憶股          "",""外陸資買進股數(不含外資自營商)"":""339,130"",""外陸資賣出股數(不含外資自營商)"":""122,000"",""外陸資買賣超股數(不含外資自營商)"":""217,130"",""外資自營商買進股數"":""0"",""外資自營商賣出股數"":""0"",""外資自營商買賣超股數"":""0"",""投信買進股數"":""0"",""投信賣出股數"":""0"",""投信買賣超股數"":""0"",""自營商買賣超股數"":""0"",""自營商買進股數(自行買賣)"":""0"",""自營商賣出股數(自行買賣)"":""0"",""自營商買賣超股數(自行買賣)"":""0"",""自營商買進股數(避險)"":""0"",""自營商賣出股數(避險)"":""0"",""自營商買賣超股數(避險)"":""0"",""三大法人買賣超股數"":""217,130""}"
2026-09-29,TWSE,8104,錸寶            ,247456,32000,215456,0,0,0,0,0,0,"{""證券代號"":""8104"",""證券名稱"":""錸寶            "",""外陸資買進股數(不含外資自營商)"":""247,456"",""外陸資賣出股數(不含外資自營商)"":""32,000"",""外陸資買賣超股數(不含外資自營商)"":""215,456"",""外資自營商買進股數"":""0"",""外資自營商賣出股數"":""0"",""外資自營商買賣超股數"":""0"",""投信買進股數"":""0"",""投信賣出股數"":""0"",""投信買賣超股數"":""0"",""自營商買賣超股數"":""0"",""自營商買進股數(自行買賣)"":""0"",""自營商賣出股數(自行買賣)"":""0"",""自營商買賣超股數(自行買賣)"":""0"",""自營商買進股數(避險)"":""0"",""自營商賣出股數(避險)"":""0"",""自營商買賣超股數(避險)"":""0"",""三大法人買賣超股數"":""215,456""}"
2026-09-29,TWSE,2374,佳能            ,494000,275000,219000,0,0,0,50,5000,-4950,"{""證券代號"":""2374"",""證券名稱"":""佳能            "",""外陸資買進股數(不含外資自營商)"":""494,000"",""外陸資賣出股數(不含外資自營商)"":""275,000"",""外陸資買賣超股數(不含外資自營商)"":""219,000"",""外資自營商買進股數"":""0"",""外資自營商賣出股數"":""0"",""外資自營商買賣超股數"":""0"",""投信買進股數"":""0"",""投信賣出股數"":""0"",""投信買賣超股數"":""0"",""自營商買賣超股數"":""-4,950"",""自營商買進股數(自行買賣)"":""0"",""自營商賣出股數(自行買賣)"":""0"",""自營商買賣超股數(自行買賣)"":""0"",""自營商買進股數(避險)"":""50"",""自營商賣出股數(避險)"":""5,000"",""自營商買賣超股數(避險)"":""-4,950"",""三大法人買賣超股數"":""214,050""}"
2026-09-29,TWSE,2316,楠梓電          ,594751,424407,170344,0,0,0,52831,15941,36890,"{""證券代號"":""2316"",""證券名稱"":""楠梓電          "",""外陸資買進股數(不含外資自營商)"":""594,751"",""外陸資賣出股數(不含外資自營商)"":""424,407"",""外陸資買賣超股數(不含外資自營商)"":""170,344"",""外資自營商買進股數"":""0"",""外資自營商賣出股數"":""0"",""外資自營商買賣超股數"":""0"",""投信買進股數"":""0"",""投信賣出股數"":""0"",""投信買賣超股數"":""0"",""自營商買賣超股數"":""36,890"",""自營商買進股數(自行買賣)"":""0"",""自營商賣出股數(自行買賣)"":""0"",""自營商買賣超股數(自行買賣)"":""0"",""自營商買進股數(避險)"":""52,831"",""自營商賣出股數(避險)"":""15,941"",""自營商買賣超股數(避險)"":""36,890"",""三大法人買賣超股數"":""207,234""}"
2026-09-29,TWSE,2467,志聖            ,423101,252151,170950,0,0,0,51660,14956,35704,"{""證券代號"":""2467"",""證券名稱"":""志聖            "",""外陸資買進股數(不含外資自營商)"":""423,101"",""外陸資賣出股數(不含外資自營商)"":""252,151"",""外陸資買賣超股數(不含外資自營商)"":""170,950"",""外資自營商買進股數"":""0"",""外資自營商賣出股數"":""0"",""外資自營商買賣超股數"":""0"",""投信買進股數"":""0"",""投信賣出股數"":""0"",""投信買賣超股數"":""0"",""自營商買賣超股數"":""35,704"",""自營商買進股數(自行買賣)"":""0"",""自營商賣出股數(自行買賣)"":""1,000"",""自營商買賣超股數(自行買賣)"":""-1,000"",""自營商買進股數(避險)"":""51,660"",""自營商賣出股數(避險)"":""14,956"",""自營商買賣超股數(避險)"":""36,704"",""三大法人買賣超股數"":""206,654""}"
2026-09-29,TWSE,6526,達發            ,700214,488575,211639,6000,6000,0,33593,26598,-6205,"{""證券代號"":""6526"",""證券名稱"":""達發            "",""外陸資買進股數(不含外資自營商)"":""700,214"",""外陸資賣出股數(不含外資自營商)"":""488,575"",""外陸資買賣超股數(不含外資自營商)"":""211,639"",""外資自營商買進股數"":""0"",""外資自營商賣出股數"":""0"",""外資自營商買賣超股數"":""0"",""投信買進股數"":""6,000"",""投信賣出股數"":""6,000"",""投信買賣超股數"":""0"",""自營商買賣超股數"":""-6,205"",""自營商買進股數(自行買賣)"":""9,100"",""自營商賣出股數(自行買賣)"":""22,300"",""自營商買賣超股數(自行買賣)"":""-13,200"",""自營商買進股數(避險)"":""33,593"",""自營商賣出股數(避險)"":""26,598"",""自營商買賣超股數(避險)"":""6,995"",""三大法人買賣超股數"":""205,434""}"
2026-09-29,TWSE,2393,億光            ,1081100,583000,498100,35148,332000,-296852,50,1000,4050,"{""證券代號"":""2393"",""證券名稱"":""億光            "",""外陸資買進股數(不含外資自營商)"":""1,081,100"",""外陸資賣出股數(不含外資自營商)"":""583,000"",""外陸資買賣超股數(不含外資自營商)"":""498,100"",""外資自營商買進股數"":""0"",""外資自營商賣出股數"":""0"",""外資自營商買賣超股數"":""0"",""投信買進股數"":""35,148"",""投信賣出股數"":""332,000"",""投信買賣超股數"":""-296,852"",""自營商買賣超股數"":""4,050"",""自營商買進股數(自行買賣)"":""5,000"",""自營商賣出股數(自行買賣)"":""0"",""自營商買賣超股數(自行買賣)"":""5,000"",""自營商買進股數(避險)"":""50"",""自營商賣出股數(避險)"":""1,000"",""自營商買賣超股數(避險)"":""-950"",""三大法人買賣超股數"":""205,298""}"
2026-09-29,TWSE,9958,世紀鋼          ,275615,77010,198605,0,0,0,3000,15,3985,"{""證券代號"":""9958"",""證券名稱"":""世紀鋼          "",""外陸資買進股數(不含外資自營商)"":""275,615"",""外陸資賣出股數(不含外資自營商)"":""77,010"",""外陸資買賣超股數(不含外資自營商)"":""198,605"",""外資自營商買進股數"":""0"",""外資自營商賣出股數"":""0"",""外資自營商買賣超股數"":""0"",""投信買進股數"":""0"",""投信賣出股數"":""0"",""投信買賣超股數"":""0"",""自營商買賣超股數"":""3,985"",""自營商買進股數(自行買賣)"":""3,000"",""自營商賣出股數(自行買賣)"":""2,000"",""自營商買賣超股數(自行買賣)"":""1,000"",""自營商買進股數(避險)"":""3,000"",""自營商賣出股數(避險)"":""15"",""自營商買賣超股數(避險)"":""2,985"",""三大法人買賣超股數"":""202,590""}"
2026-09-29,TWSE,4961,天鈺            ,585048,398277,186771,0,2000,-2000,22075,4016,17059,"{""證券代號"":""4961"",""證券名稱"":""天鈺            "",""外陸資買進股數(不含外資自營商)"":""585,048"",""外陸資賣出股數(不含外資自營商)"":""398,277"",""外陸資買賣超股數(不含外資自營商)"":""186,771"",""外資自營商買進股數"":""0"",""外資自營商賣出股數"":""0"",""外資自營商買賣超股數"":""0"",""投信買進股數"":""0"",""投信賣出股數"":""2,000"",""投信買賣超股數"":""-2,000"",""自營商買賣超股數"":""17,059"",""自營商買進股數(自行買賣)"":""0"",""自營商賣出股數(自行買賣)"":""1,000"",""自營商買賣超股數(自行買賣)"":""-1,000"",""自營商買進股數(避險)"":""22,075"",""自營商賣出股數(避險)"":""4,016"",""自營商買賣超股數(避險)"":""18,059"",""三大法人買賣超股數"":""201,830""}"
2026-09-29,TWSE,2465,麗臺            ,466097,267115,198982,0,0,0,0,0,0,"{""證券代號"":""2465"",""證券名稱"":""麗臺            "",""外陸資買進股數(不含外資自營商)"":""466,097"",""外陸資賣出股數(不含外資自營商)"":""267,115"",""外陸資買賣超股數(不含外資自營商)"":""198,982"",""外資自營商買進股數"":""0"",""外資自營商賣出股數"":""0"",""外資自營商買賣超股數"":""0"",""投信買進股數"":""0"",""投信賣出股數"":""0"",""投信買賣超股數"":""0"",""自營商買賣超股數"":""0"",""自營商買進股數(自行買賣)"":""1,000"",""自營商賣出股數(自行買賣)"":""1,000"",""自營商買賣超股數(自行買賣)"":""0"",""自營商買進股數(避險)"":""0"",""自營商賣出股數(避險)"":""0"",""自營商買賣超股數(避險)"":""0"",""三大法人買賣超股數"":""198,982""}"
2026-09-29,TWSE,6213,聯茂            ,8829840,8409523,420317,196000,15000,181000,30444,90954,-402918,"{""證券代號"":""6213"",""證券名稱"":""聯茂            "",""外陸資買進股數(不含外資自營商)"":""8,829,840"",""外陸資賣出股數(不含外資自營商)"":""8,409,523"",""外陸資買賣超股數(不含外資自營商)"":""420,317"",""外資自營商買進股數"":""0"",""外資自營商賣出股數"":""0"",""外資自營商買賣超股數"":""0"",""投信買進股數"":""196,000"",""投信賣出股數"":""15,000"",""投信買賣超股數"":""181,000"",""自營商買賣超股數"":""-402,918"",""自營商買進股數(自行買賣)"":""335,048"",""自營商賣出股數(自行買賣)"":""677,456"",""自營商買賣超股數(自行買賣)"":""-342,408"",""自營商買進股數(避險)"":""30,444"",""自營商賣出股數(避險)"":""90,954"",""自營商買賣超股數(避險)"":""-60,510"",""三大法人買賣超股數"":""198,399""}"
2026-09-29,TWSE,3645,達邁            ,582031,377798,204233,0,0,0,3022,5495,-6473,"{""證券代號"":""3645"",""證券名稱"":""達邁            "",""外陸資買進股數(不含外資自營商)"":""582,031"",""外陸資賣出股數(不含外資自營商)"":""377,798"",""外陸資買賣超股數(不含外資自營商)"":""204,233"",""外資自營商買進股數"":""0"",""外資自營商賣出股數"":""0"",""外資自營商買賣超股數"":""0"",""投信買進股數"":""0"",""投信賣出股數"":""0"",""投信買賣超股數"":""0"",""自營商買賣超股數"":""-6,473"",""自營商買進股數(自行買賣)"":""0"",""自營商賣出股數(自行買賣)"":""4,000"",""自營商買賣超股數(自行買賣)"":""-4,000"",""自營商買進股數(避險)"":""3,022"",""自營商賣出股數(避險)"":""5,495"",""自營商買賣超股數(避險)"":""-2,473"",""三大法人買賣超股數"":""197,760""}"
2026-09-29,TWSE,9802,鈺齊-KY         ,312416,109000,203416,0,0,0,0,0,-9000,"{""證券代號"":""9802"",""證券名稱"":""鈺齊-KY         "",""外陸資買進股數(不含外資自營商)"":""312,416"",""外陸資賣出股數(不含外資自營商)"":""109,000"",""外陸資買賣超股數(不含外資自營商)"":""203,416"",""外資自營商買進股數"":""0"",""外資自營商賣出股數"":""0"",""外資自營商買賣超股數"":""0"",""投信買進股數"":""0"",""投信賣出股數"":""0"",""投信買賣超股數"":""0"",""自營商買賣超股數"":""-9,000"",""自營商買進股數(自行買賣)"":""0"",""自營商賣出股數(自行買賣)"":""9,000"",""自營商買賣超股數(自行買賣)"":""-9,000"",""自營商買進股數(避險)"":""0"",""自營商賣出股數(避險)"":""0"",""自營商買賣超股數(避險)"":""0"",""三大法人買賣超股數"":""194,416""}"
2026-09-29,TWSE,5471,松翰            ,361360,171210,190150,0,0,0,2000,0,2000,"{""證券代號"":""5471"",""證券名稱"":""松翰            "",""外陸資買進股數(不含外資自營商)"":""361,360"",""外陸資賣出股數(不含外資自營商)"":""171,210"",""外陸資買賣超股數(不含外資自營商)"":""190,150"",""外資自營商買進股數"":""0"",""外資自營商賣出股數"":""0"",""外資自營商買賣超股數"":""0"",""投信買進股數"":""0"",""投信賣出股數"":""0"",""投信買賣超股數"":""0"",""自營商買賣超股數"":""2,000"",""自營商買進股數(自行買賣)"":""0"",""自營商賣出股數(自行買賣)"":""0"",""自營商買賣超股數(自行買賣)"":""0"",""自營商買進股數(避險)"":""2,000"",""自營商賣出股數(避險)"":""0"",""自營商買賣超股數(避險)"":""2,000"",""三大法人買賣超股數"":""192,150""}"
2026-09-29,TWSE,2365,昆盈            ,325000,134000,191000,0,0,0,0,0,0,"{""證券代號"":""2365"",""證券名稱"":""昆盈            "",""外陸資買進股數(不含外資自營商)"":""325,000"",""外陸資賣出股數(不含外資自營商)"":""134,000"",""外陸資買賣超股數(不含外資自營商)"":""191,000"",""外資自營商買進股數"":""0"",""外資自營商賣出股數"":""0"",""外資自營商買賣超股數"":""0"",""投信買進股數"":""0"",""投信賣出股數"":""0"",""投信買賣超股數"":""0"",""自營商買賣超股數"":""0"",""自營商買進股數(自行買賣)"":""0"",""自營商賣出股數(自行買賣)"":""0"",""自營商買賣超股數(自行買賣)"":""0"",""自營商買進股數(避險)"":""0"",""自營商賣出股數(避險)"":""0"",""自營商買賣超股數(避險)"":""0"",""三大法人買賣超股數"":""191,000""}"
2026-09-29,TWSE,2029,盛餘            ,436704,237249,199455,0,0,0,0,0,-9000,"{""證券代號"":""2029"",""證券名稱"":""盛餘            "",""外陸資買進股數(不含外資自營商)"":""436,704"",""外陸資賣出股數(不含外資自營商)"":""237,249"",""外陸資買賣超股數(不含外資自營商)"":""199,455"",""外資自營商買進股數"":""0"",""外資自營商賣出股數"":""0"",""外資自營商買賣超股數"":""0"",""投信買進股數"":""0"",""投信賣出股數"":""0"",""投信買賣超股數"":""0"",""自營商買賣超股數"":""-9,000"",""自營商買進股數(自行買賣)"":""0"",""自營商賣出股數(自行買賣)"":""9,000"",""自營商買賣超股數(自行買賣)"":""-9,000"",""自營商買進股數(避險)"":""0"",""自營商賣出股數(避險)"":""0"",""自營商買賣超股數(避險)"":""0"",""三大法人買賣超股數"":""190,455""}"
2026-09-29,TWSE,8163,達方            ,276016,96000,180016,0,0,0,1000,1023,5751,"{""證券代號"":""8163"",""證券名稱"":""達方            "",""外陸資買進股數(不含外資自營商)"":""276,016"",""外陸資賣出股數(不含外資自營商)"":""96,000"",""外陸資買賣超股數(不含外資自營商)"":""180,016"",""外資自營商買進股數"":""0"",""外資自營商賣出股數"":""0"",""外資自營商買賣超股數"":""0"",""投信買進股數"":""0"",""投信賣出股數"":""0"",""投信買賣超股數"":""0"",""自營商買賣超股數"":""5,751"",""自營商買進股數(自行買賣)"":""6,000"",""自營商賣出股數(自行買賣)"":""226"",""自營商買賣超股數(自行買賣)"":""5,774"",""自營商買進股數(避險)"":""1,000"",""自營商賣出股數(避險)"":""1,023"",""自營商買賣超股數(避險)"":""-23"",""三大法人買賣超股數"":""185,767""}"
2026-09-29,TWSE,1736,喬山            ,261158,81074,180084,0,0,0,1350,1015,2335,"{""證券代號"":""1736"",""證券名稱"":""喬山            "",""外陸資買進股數(不含外資自營商)"":""261,158"",""外陸資賣出股數(不含外資自營商)"":""81,074"",""外陸資買賣超股數(不含外資自營商)"":""180,084"",""外資自營商買進股數"":""0"",""外資自營商賣出股數"":""0"",""外資自營商買賣超股數"":""0"",""投信買進股數"":""0"",""投信賣出股數"":""0"",""投信買賣超股數"":""0"",""自營商買賣超股數"":""2,335"",""自營商買進股數(自行買賣)"":""2,000"",""自營商賣出股數(自行買賣)"":""0"",""自營商買賣超股數(自行買賣)"":""2,000"",""自營商買進股數(避險)"":""1,350"",""自營商賣出股數(避險)"":""1,015"",""自營商買賣超股數(避險)"":""335"",""三大法人買賣超股數"":""182,419""}"
2026-09-29,TWSE,2727,王品            ,331982,38041,293941,0,99000,-99000,332,0,-22668,"{""證券代號"":""2727"",""證券名稱"":""王品            "",""外陸資買進股數(不含外資自營商)"":""331,982"",""外陸資賣出股數(不含外資自營商)"":""38,041"",""外陸資買賣超股數(不含外資自營商)"":""293,941"",""外資自營商買進股數"":""0"",""外資自營商賣出股數"":""0"",""外資自營商買賣超股數"":""0"",""投信買進股數"":""0"",""投信賣出股數"":""99,000"",""投信買賣超股數"":""-99,000"",""自營商買賣超股數"":""-22,668"",""自營商買進股數(自行買賣)"":""5,000"",""自營商賣出股數(自行買賣)"":""28,000"",""自營商買賣超股數(自行買賣)"":""-23,000"",""自營商買進股數(避險)"":""332"",""自營商賣出股數(避險)"":""0"",""自營商買賣超股數(避險)"":""332"",""三大法人買賣超股數"":""172,273""}"
2026-09-29,TWSE,1307,三芳            ,347538,169000,178538,5000,0,5000,0,12000,-12000,"{""證券代號"":""1307"",""證券名稱"":""三芳            "",""外陸資買進股數(不含外資自營商)"":""347,538"",""外陸資賣出股數(不含外資自營商)"":""169,000"",""外陸資買賣超股數(不含外資自營商)"":""178,538"",""外資自營商買進股數"":""0"",""外資自營商賣出股數"":""0"",""外資自營商買賣超股數"":""0"",""投信買進股數"":""5,000"",""投信賣出股數"":""0"",""投信買賣超股數"":""5,000"",""自營商買賣超股數"":""-12,000"",""自營商買進股數(自行買賣)"":""0"",""自營商賣出股數(自行買賣)"":""0"",""自營商買賣超股數(自行買賣)"":""0"",""自營商買進股數(避險)"":""0"",""自營商賣出股數(避險)"":""12,000"",""自營商買賣超股數(避險)"":""-12,000"",""三大法人買賣超股數"":""171,538""}"
2026-09-29,TWSE,2850,新產            ,536463,391000,145463,0,0,0,0,0,22949,"{""證券代號"":""2850"",""證券名稱"":""新產            "",""外陸資買進股數(不含外資自營商)"":""536,463"",""外陸資賣出股數(不含外資自營商)"":""391,000"",""外陸資買賣超股數(不含外資自營商)"":""145,463"",""外資自營商買進股數"":""0"",""外資自營商賣出股數"":""0"",""外資自營商買賣超股數"":""0"",""投信買進股數"":""0"",""投信賣出股數"":""0"",""投信買賣超股數"":""0"",""自營商買賣超股數"":""22,949"",""自營商買進股數(自行買賣)"":""23,000"",""自營商賣出股數(自行買賣)"":""51"",""自營商買賣超股數(自行買賣)"":""22,949"",""自營商買進股數(避險)"":""0"",""自營商賣出股數(避險)"":""0"",""自營商買賣超股數(避險)"":""0"",""三大法人買賣超股數"":""168,412""}"
2026-09-29,TWSE,2377,微星            ,1074618,1010070,64548,6000,9000,-3000,127085,22505,106580,"{""證券代號"":""2377"",""證券名稱"":""微星            "",""外陸資買進股數(不含外資自營商)"":""1,074,618"",""外陸資賣出股數(不含外資自營商)"":""1,010,070"",""外陸資買賣超股數(不含外資自營商)"":""64,548"",""外資自營商買進股數"":""0"",""外資自營商賣出股數"":""0"",""外資自營商買賣超股數"":""0"",""投信買進股數"":""6,000"",""投信賣出股數"":""9,000"",""投信買賣超股數"":""-3,000"",""自營商買賣超股數"":""106,580"",""自營商買進股數(自行買賣)"":""8,000"",""自營商賣出股數(自行買賣)"":""6,000"",""自營商買賣超股數(自行買賣)"":""2,000"",""自營商買進股數(避險)"":""127,085"",""自營商賣出股數(避險)"":""22,505"",""自營商買賣超股數(避險)"":""104,580"",""三大法人買賣超股數"":""168,128""}"
2026-09-29,TWSE,4564,元翎            ,218240,51000,167240,0,0,0,0,27,-27,"{""證券代號"":""4564"",""證券名稱"":""元翎            "",""外陸資買進股數(不含外資自營商)"":""218,240"",""外陸資賣出股數(不含外資自營商)"":""51,000"",""外陸資買賣超股數(不含外資自營商)"":""167,240"",""外資自營商買進股數"":""0"",""外資自營商賣出股數"":""0"",""外資自營商買賣超股數"":""0"",""投信買進股數"":""0"",""投信賣出股數"":""0"",""投信買賣超股數"":""0"",""自營商買賣超股數"":""-27"",""自營商買進股數(自行買賣)"":""0"",""自營商賣出股數(自行買賣)"":""0"",""自營商買賣超股數(自行買賣)"":""0"",""自營商買進股數(避險)"":""0"",""自營商賣出股數(避險)"":""27"",""自營商買賣超股數(避險)"":""-27"",""三大法人買賣超股數"":""167,213""}"
2026-09-29,TWSE,2351,順德            ,1426488,1300000,126488,0,0,0,47199,52197,39002,"{""證券代號"":""2351"",""證券名稱"":""順德            "",""外陸資買進股數(不含外資自營商)"":""1,426,488"",""外陸資賣出股數(不含外資自營商)"":""1,300,000"",""外陸資買賣超股數(不含外資自營商)"":""126,488"",""外資自營商買進股數"":""0"",""外資自營商賣出股數"":""0"",""外資自營商買賣超股數"":""0"",""投信買進股數"":""0"",""投信賣出股數"":""0"",""投信買賣超股數"":""0"",""自營商買賣超股數"":""39,002"",""自營商買進股數(自行買賣)"":""45,000"",""自營商賣出股數(自行買賣)"":""1,000"",""自營商買賣超股數(自行買賣)"":""44,000"",""自營商買進股數(避險)"":""47,199"",""自營商賣出股數(避險)"":""52,197"",""自營商買賣超股數(避險)"":""-4,998"",""三大法人買賣超股數"":""165,490""}"
2026-09-29,TWSE,2405,輔信            ,280186,116000,164186,0,0,0,0,0,0,"{""證券代號"":""2405"",""證券名稱"":""輔信            "",""外陸資買進股數(不含外資自營商)"":""280,186"",""外陸資賣出股數(不含外資自營商)"":""116,000"",""外陸資買賣超股數(不含外資自營商)"":""164,186"",""外資自營商買進股數"":""0"",""外資自營商賣出股數"":""0"",""外資自營商買賣超股數"":""0"",""投信買進股數"":""0"",""投信賣出股數"":""0"",""投信買賣超股數"":""0"",""自營商買賣超股數"":""0"",""自營商買進股數(自行買賣)"":""0"",""自營商賣出股數(自行買賣)"":""0"",""自營商買賣超股數(自行買賣)"":""0"",""自營商買進股數(避險)"":""0"",""自營商賣出股數(避險)"":""0"",""自營商買賣超股數(避險)"":""0"",""三大法人買賣超股數"":""164,186""}"
2026-09-29,TWSE,6226,光鼎            ,274010,130000,144010,0,0,0,0,0,19000,"{""證券代號"":""6226"",""證券名稱"":""光鼎            "",""外陸資買進股數(不含外資自營商)"":""274,010"",""外陸資賣出股數(不含外資自營商)"":""130,000"",""外陸資買賣超股數(不含外資自營商)"":""144,010"",""外資自營商買進股數"":""0"",""外資自營商賣出股數"":""0"",""外資自營商買賣超股數"":""0"",""投信買進股數"":""0"",""投信賣出股數"":""0"",""投信買賣超股數"":""0"",""自營商買賣超股數"":""19,000"",""自營商買進股數(自行買賣)"":""19,000"",""自營商賣出股數(自行買賣)"":""0"",""自營商買賣超股數(自行買賣)"":""19,000"",""自營商買進股數(避險)"":""0"",""自營商賣出股數(避險)"":""0"",""自營商買賣超股數(避險)"":""0"",""三大法人買賣超股數"":""163,010""}"
2026-09-29,TWSE,8131,福懋科          ,309762,148000,161762,0,0,0,2655,2467,188,"{""證券代號"":""8131"",""證券名稱"":""福懋科          "",""外陸資買進股數(不含外資自營商)"":""309,762"",""外陸資賣出股數(不含外資自營商)"":""148,000"",""外陸資買賣超股數(不含外資自營商)"":""161,762"",""外資自營商買進股數"":""0"",""外資自營商賣出股數"":""0"",""外資自營商買賣超股數"":""0"",""投信買進股數"":""0"",""投信賣出股數"":""0"",""投信買賣超股數"":""0"",""自營商買賣超股數"":""188"",""自營商買進股數(自行買賣)"":""0"",""自營商賣出股數(自行買賣)"":""0"",""自營商買賣超股數(自行買賣)"":""0"",""自營商買進股數(避險)"":""2,655"",""自營商賣出股數(避險)"":""2,467"",""自營商買賣超股數(避險)"":""188"",""三大法人買賣超股數"":""161,950""}"
2026-09-29,TWSE,00999A,主動野村臺灣高息,1417000,1275000,142000,0,0,0,1721000,1701796,19204,"{""證券代號"":""00999A"",""證券名稱"":""主動野村臺灣高息"",""外陸資買進股數(不含外資自營商)"":""1,417,000"",""外陸資賣出股數(不含外資自營商)"":""1,275,000"",""外陸資買賣超股數(不含外資自營商)"":""142,000"",""外資自營商買進股數"":""0"",""外資自營商賣出股數"":""0"",""外資自營商買賣超股數"":""0"",""投信買進股數"":""0"",""投信賣出股數"":""0"",""投信買賣超股數"":""0"",""自營商買賣超股數"":""19,204"",""自營商買進股數(自行買賣)"":""0"",""自營商賣出股數(自行買賣)"":""0"",""自營商買賣超股數(自行買賣)"":""0"",""自營商買進股數(避險)"":""1,721,000"",""自營商賣出股數(避險)"":""1,701,796"",""自營商買賣超股數(避險)"":""19,204"",""三大法人買賣超股數"":""161,204""}"
2026-09-29,TWSE,8438,昶昕            ,315100,155212,159888,0,0,0,3881,3447,434,"{""證券代號"":""8438"",""證券名稱"":""昶昕            "",""外陸資買進股數(不含外資自營商)"":""315,100"",""外陸資賣出股數(不含外資自營商)"":""155,212"",""外陸資買賣超股數(不含外資自營商)"":""159,888"",""外資自營商買進股數"":""0"",""外資自營商賣出股數"":""0"",""外資自營商買賣超股數"":""0"",""投信買進股數"":""0"",""投信賣出股數"":""0"",""投信買賣超股數"":""0"",""自營商買賣超股數"":""434"",""自營商買進股數(自行買賣)"":""0"",""自營商賣出股數(自行買賣)"":""0"",""自營商買賣超股數(自行買賣)"":""0"",""自營商買進股數(避險)"":""3,881"",""自營商賣出股數(避險)"":""3,447"",""自營商買賣超股數(避險)"":""434"",""三大法人買賣超股數"":""160,322""}"
2026-09-29,TWSE,6743,安普新          ,321547,167000,154547,3633,0,3633,0,0,2000,"{""證券代號"":""6743"",""證券名稱"":""安普新          "",""外陸資買進股數(不含外資自營商)"":""321,547"",""外陸資賣出股數(不含外資自營商)"":""167,000"",""外陸資買賣超股數(不含外資自營商)"":""154,547"",""外資自營商買進股數"":""0"",""外資自營商賣出股數"":""0"",""外資自營商買賣超股數"":""0"",""投信買進股數"":""3,633"",""投信賣出股數"":""0"",""投信買賣超股數"":""3,633"",""自營商買賣超股數"":""2,000"",""自營商買進股數(自行買賣)"":""2,000"",""自營商賣出股數(自行買賣)"":""0"",""自營商買賣超股數(自行買賣)"":""2,000"",""自營商買進股數(避險)"":""0"",""自營商賣出股數(避險)"":""0"",""自營商買賣超股數(避險)"":""0"",""三大法人買賣超股數"":""160,180""}"
2026-09-29,TWSE,6525,捷敏-KY         ,243259,91720,151539,0,0,0,7065,503,6562,"{""證券代號"":""6525"",""證券名稱"":""捷敏-KY         "",""外陸資買進股數(不含外資自營商)"":""243,259"",""外陸資賣出股數(不含外資自營商)"":""91,720"",""外陸資買賣超股數(不含外資自營商)"":""151,539"",""外資自營商買進股數"":""0"",""外資自營商賣出股數"":""0"",""外資自營商買賣超股數"":""0"",""投信買進股數"":""0"",""投信賣出股數"":""0"",""投信買賣超股數"":""0"",""自營商買賣超股數"":""6,562"",""自營商買進股數(自行買賣)"":""0"",""自營商賣出股數(自行買賣)"":""0"",""自營商買賣超股數(自行買賣)"":""0"",""自營商買進股數(避險)"":""7,065"",""自營商賣出股數(避險)"":""503"",""自營商買賣超股數(避險)"":""6,562"",""三大法人買賣超股數"":""158,101""}"
2026-09-29,TWSE,1528,恩德            ,821957,663258,158699,0,0,0,46,0,-954,"{""證券代號"":""1528"",""證券名稱"":""恩德            "",""外陸資買進股數(不含外資自營商)"":""821,957"",""外陸資賣出股數(不含外資自營商)"":""663,258"",""外陸資買賣超股數(不含外資自營商)"":""158,699"",""外資自營商買進股數"":""0"",""外資自營商賣出股數"":""0"",""外資自營商買賣超股數"":""0"",""投信買進股數"":""0"",""投信賣出股數"":""0"",""投信買賣超股數"":""0"",""自營商買賣超股數"":""-954"",""自營商買進股數(自行買賣)"":""0"",""自營商賣出股數(自行買賣)"":""1,000"",""自營商買賣超股數(自行買賣)"":""-1,000"",""自營商買進股數(避險)"":""46"",""自營商賣出股數(避險)"":""0"",""自營商買賣超股數(避險)"":""46"",""三大法人買賣超股數"":""157,745""}"
2026-09-29,TWSE,3094,聯傑            ,1727000,1572020,154980,0,0,0,0,0,0,"{""證券代號"":""3094"",""證券名稱"":""聯傑            "",""外陸資買進股數(不含外資自營商)"":""1,727,000"",""外陸資賣出股數(不含外資自營商)"":""1,572,020"",""外陸資買賣超股數(不含外資自營商)"":""154,980"",""外資自營商買進股數"":""0"",""外資自營商賣出股數"":""0"",""外資自營商買賣超股數"":""0"",""投信買進股數"":""0"",""投信賣出股數"":""0"",""投信買賣超股數"":""0"",""自營商買賣超股數"":""0"",""自營商買進股數(自行買賣)"":""0"",""自營商賣出股數(自行買賣)"":""0"",""自營商買賣超股數(自行買賣)"":""0"",""自營商買進股數(避險)"":""0"",""自營商賣出股數(避險)"":""0"",""自營商買賣超股數(避險)"":""0"",""三大法人買賣超股數"":""154,980""}"
2026-09-29,TWSE,6885,全福生技        ,454020,301000,153020,0,0,0,0,0,-1000,"{""證券代號"":""6885"",""證券名稱"":""全福生技        "",""外陸資買進股數(不含外資自營商)"":""454,020"",""外陸資賣出股數(不含外資自營商)"":""301,000"",""外陸資買賣超股數(不含外資自營商)"":""153,020"",""外資自營商買進股數"":""0"",""外資自營商賣出股數"":""0"",""外資自營商買賣超股數"":""0"",""投信買進股數"":""0"",""投信賣出股數"":""0"",""投信買賣超股數"":""0"",""自營商買賣超股數"":""-1,000"",""自營商買進股數(自行買賣)"":""0"",""自營商賣出股數(自行買賣)"":""1,000"",""自營商買賣超股數(自行買賣)"":""-1,000"",""自營商買進股數(避險)"":""0"",""自營商賣出股數(避險)"":""0"",""自營商買賣超股數(避險)"":""0"",""三大法人買賣超股數"":""152,020""}"
2026-09-29,TWSE,4722,國精化          ,273033,145000,128033,0,0,0,26316,2000,23316,"{""證券代號"":""4722"",""證券名稱"":""國精化          "",""外陸資買進股數(不含外資自營商)"":""273,033"",""外陸資賣出股數(不含外資自營商)"":""145,000"",""外陸資買賣超股數(不含外資自營商)"":""128,033"",""外資自營商買進股數"":""0"",""外資自營商賣出股數"":""0"",""外資自營商買賣超股數"":""0"",""投信買進股數"":""0"",""投信賣出股數"":""0"",""投信買賣超股數"":""0"",""自營商買賣超股數"":""23,316"",""自營商買進股數(自行買賣)"":""0"",""自營商賣出股數(自行買賣)"":""1,000"",""自營商買賣超股數(自行買賣)"":""-1,000"",""自營商買進股數(避險)"":""26,316"",""自營商賣出股數(避險)"":""2,000"",""自營商買賣超股數(避險)"":""24,316"",""三大法人買賣超股數"":""151,349""}"
2026-09-29,TWSE,6869,雲豹能源        ,309873,154000,155873,0,0,0,1,6000,-5999,"{""證券代號"":""6869"",""證券名稱"":""雲豹能源        "",""外陸資買進股數(不含外資自營商)"":""309,873"",""外陸資賣出股數(不含外資自營商)"":""154,000"",""外陸資買賣超股數(不含外資自營商)"":""155,873"",""外資自營商買進股數"":""0"",""外資自營商賣出股數"":""0"",""外資自營商買賣超股數"":""0"",""投信買進股數"":""0"",""投信賣出股數"":""0"",""投信買賣超股數"":""0"",""自營商買賣超股數"":""-5,999"",""自營商買進股數(自行買賣)"":""0"",""自營商賣出股數(自行買賣)"":""0"",""自營商買賣超股數(自行買賣)"":""0"",""自營商買進股數(避險)"":""1"",""自營商賣出股數(避險)"":""6,000"",""自營商買賣超股數(避險)"":""-5,999"",""三大法人買賣超股數"":""149,874""}"
2026-09-29,TWSE,3051,力特            ,205001,66000,139001,0,0,0,0,0,7000,"{""證券代號"":""3051"",""證券名稱"":""力特            "",""外陸資買進股數(不含外資自營商)"":""205,001"",""外陸資賣出股數(不含外資自營商)"":""66,000"",""外陸資買賣超股數(不含外資自營商)"":""139,001"",""外資自營商買進股數"":""0"",""外資自營商賣出股數"":""0"",""外資自營商買賣超股數"":""0"",""投信買進股數"":""0"",""投信賣出股數"":""0"",""投信買賣超股數"":""0"",""自營商買賣超股數"":""7,000"",""自營商買進股數(自行買賣)"":""7,000"",""自營商賣出股數(自行買賣)"":""0"",""自營商買賣超股數(自行買賣)"":""7,000"",""自營商買進股數(避險)"":""0"",""自營商賣出股數(避險)"":""0"",""自營商買賣超股數(避險)"":""0"",""三大法人買賣超股數"":""146,001""}"
2026-09-29,TWSE,5234,達興材料        ,259060,96092,162968,0,0,0,33581,18649,-17068,"{""證券代號"":""5234"",""證券名稱"":""達興材料        "",""外陸資買進股數(不含外資自營商)"":""259,060"",""外陸資賣出股數(不含外資自營商)"":""96,092"",""外陸資買賣超股數(不含外資自營商)"":""162,968"",""外資自營商買進股數"":""0"",""外資自營商賣出股數"":""0"",""外資自營商買賣超股數"":""0"",""投信買進股數"":""0"",""投信賣出股數"":""0"",""投信買賣超股數"":""0"",""自營商買賣超股數"":""-17,068"",""自營商買進股數(自行買賣)"":""0"",""自營商賣出股數(自行買賣)"":""32,000"",""自營商買賣超股數(自行買賣)"":""-32,000"",""自營商買進股數(避險)"":""33,581"",""自營商賣出股數(避險)"":""18,649"",""自營商買賣超股數(避險)"":""14,932"",""三大法人買賣超股數"":""145,900""}"
2026-09-29,TWSE,3033,威健            ,857145,594126,263019,0,0,0,3291,36000,-117709,"{""證券代號"":""3033"",""證券名稱"":""威健            "",""外陸資買進股數(不含外資自營商)"":""857,145"",""外陸資賣出股數(不含外資自營商)"":""594,126"",""外陸資買賣超股數(不含外資自營商)"":""263,019"",""外資自營商買進股數"":""0"",""外資自營商賣出股數"":""0"",""外資自營商買賣超股數"":""0"",""投信買進股數"":""0"",""投信賣出股數"":""0"",""投信買賣超股數"":""0"",""自營商買賣超股數"":""-117,709"",""自營商買進股數(自行買賣)"":""7,000"",""自營商賣出股數(自行買賣)"":""92,000"",""自營商買賣超股數(自行買賣)"":""-85,000"",""自營商買進股數(避險)"":""3,291"",""自營商賣出股數(避險)"":""36,000"",""自營商買賣超股數(避險)"":""-32,709"",""三大法人買賣超股數"":""145,310""}"
2026-09-29,TWSE,8249,菱光            ,198000,59109,138891,0,0,0,0,0,4000,"{""證券代號"":""8249"",""證券名稱"":""菱光            "",""外陸資買進股數(不含外資自營商)"":""198,000"",""外陸資賣出股數(不含外資自營商)"":""59,109"",""外陸資買賣超股數(不含外資自營商)"":""138,891"",""外資自營商買進股數"":""0"",""外資自營商賣出股數"":""0"",""外資自營商買賣超股數"":""0"",""投信買進股數"":""0"",""投信賣出股數"":""0"",""投信買賣超股數"":""0"",""自營商買賣超股數"":""4,000"",""自營商買進股數(自行買賣)"":""4,000"",""自營商賣出股數(自行買賣)"":""0"",""自營商買賣超股數(自行買賣)"":""4,000"",""自營商買進股數(避險)"":""0"",""自營商賣出股數(避險)"":""0"",""自營商買賣超股數(避險)"":""0"",""三大法人買賣超股數"":""142,891""}"
2026-09-29,TWSE,6742,澤米            ,272064,130000,142064,0,0,0,0,0,0,"{""證券代號"":""6742"",""證券名稱"":""澤米            "",""外陸資買進股數(不含外資自營商)"":""272,064"",""外陸資賣出股數(不含外資自營商)"":""130,000"",""外陸資買賣超股數(不含外資自營商)"":""142,064"",""外資自營商買進股數"":""0"",""外資自營商賣出股數"":""0"",""外資自營商買賣超股數"":""0"",""投信買進股數"":""0"",""投信賣出股數"":""0"",""投信買賣超股數"":""0"",""自營商買賣超股數"":""0"",""自營商買進股數(自行買賣)"":""0"",""自營商賣出股數(自行買賣)"":""0"",""自營商買賣超股數(自行買賣)"":""0"",""自營商買進股數(避險)"":""0"",""自營商賣出股數(避險)"":""0"",""自營商買賣超股數(避險)"":""0"",""三大法人買賣超股數"":""142,064""}"
2026-09-29,TWSE,5285,界霖            ,414000,273289,140711,0,0,0,1973,949,1024,"{""證券代號"":""5285"",""證券名稱"":""界霖            "",""外陸資買進股數(不含外資自營商)"":""414,000"",""外陸資賣出股數(不含外資自營商)"":""273,289"",""外陸資買賣超股數(不含外資自營商)"":""140,711"",""外資自營商買進股數"":""0"",""外資自營商賣出股數"":""0"",""外資自營商買賣超股數"":""0"",""投信買進股數"":""0"",""投信賣出股數"":""0"",""投信買賣超股數"":""0"",""自營商買賣超股數"":""1,024"",""自營商買進股數(自行買賣)"":""0"",""自營商賣出股數(自行買賣)"":""0"",""自營商買賣超股數(自行買賣)"":""0"",""自營商買進股數(避險)"":""1,973"",""自營商賣出股數(避險)"":""949"",""自營商買賣超股數(避險)"":""1,024"",""三大法人買賣超股數"":""141,735""}"
2026-09-29,TWSE,9938,百和            ,312000,193000,119000,20535,0,20535,650,614,2036,"{""證券代號"":""9938"",""證券名稱"":""百和            "",""外陸資買進股數(不含外資自營商)"":""312,000"",""外陸資賣出股數(不含外資自營商)"":""193,000"",""外陸資買賣超股數(不含外資自營商)"":""119,000"",""外資自營商買進股數"":""0"",""外資自營商賣出股數"":""0"",""外資自營商買賣超股數"":""0"",""投信買進股數"":""20,535"",""投信賣出股數"":""0"",""投信買賣超股數"":""20,535"",""自營商買賣超股數"":""2,036"",""自營商買進股數(自行買賣)"":""2,000"",""自營商賣出股數(自行買賣)"":""0"",""自營商買賣超股數(自行買賣)"":""2,000"",""自營商買進股數(避險)"":""650"",""自營商賣出股數(避險)"":""614"",""自營商買賣超股數(避險)"":""36"",""三大法人買賣超股數"":""141,571""}"
2026-09-29,TWSE,6695,芯鼎            ,420071,279000,141071,0,0,0,1102,1001,101,"{""證券代號"":""6695"",""證券名稱"":""芯鼎            "",""外陸資買進股數(不含外資自營商)"":""420,071"",""外陸資賣出股數(不含外資自營商)"":""279,000"",""外陸資買賣超股數(不含外資自營商)"":""141,071"",""外資自營商買進股數"":""0"",""外資自營商賣出股數"":""0"",""外資自營商買賣超股數"":""0"",""投信買進股數"":""0"",""投信賣出股數"":""0"",""投信買賣超股數"":""0"",""自營商買賣超股數"":""101"",""自營商買進股數(自行買賣)"":""0"",""自營商賣出股數(自行買賣)"":""0"",""自營商買賣超股數(自行買賣)"":""0"",""自營商買進股數(避險)"":""1,102"",""自營商賣出股數(避險)"":""1,001"",""自營商買賣超股數(避險)"":""101"",""三大法人買賣超股數"":""141,172""}"
2026-09-29,TWSE,009813,貝萊德標普卓越50,50,0,50,0,0,0,330000,190353,139647,"{""證券代號"":""009813"",""證券名稱"":""貝萊德標普卓越50"",""外陸資買進股數(不含外資自營商)"":""50"",""外陸資賣出股數(不含外資自營商)"":""0"",""外陸資買賣超股數(不含外資自營商)"":""50"",""外資自營商買進股數"":""0"",""外資自營商賣出股數"":""0"",""外資自營商買賣超股數"":""0"",""投信買進股數"":""0"",""投信賣出股數"":""0"",""投信買賣超股數"":""0"",""自營商買賣超股數"":""139,647"",""自營商買進股數(自行買賣)"":""0"",""自營商賣出股數(自行買賣)"":""0"",""自營商買賣超股數(自行買賣)"":""0"",""自營商買進股數(避險)"":""330,000"",""自營商賣出股數(避險)"":""190,353"",""自營商買賣超股數(避險)"":""139,647"",""三大法人買賣超股數"":""139,697""}"
2026-09-29,TWSE,2328,廣宇            ,348614,231000,117614,0,0,0,17000,3000,21000,"{""證券代號"":""2328"",""證券名稱"":""廣宇            "",""外陸資買進股數(不含外資自營商)"":""348,614"",""外陸資賣出股數(不含外資自營商)"":""231,000"",""外陸資買賣超股數(不含外資自營商)"":""117,614"",""外資自營商買進股數"":""0"",""外資自營商賣出股數"":""0"",""外資自營商買賣超股數"":""0"",""投信買進股數"":""0"",""投信賣出股數"":""0"",""投信買賣超股數"":""0"",""自營商買賣超股數"":""21,000"",""自營商買進股數(自行買賣)"":""7,000"",""自營商賣出股數(自行買賣)"":""0"",""自營商買賣超股數(自行買賣)"":""7,000"",""自營商買進股數(避險)"":""17,000"",""自營商賣出股數(避險)"":""3,000"",""自營商買賣超股數(避險)"":""14,000"",""三大法人買賣超股數"":""138,614""}"
2026-09-29,TWSE,6799,來頡            ,381340,246117,135223,0,0,0,0,0,0,"{""證券代號"":""6799"",""證券名稱"":""來頡            "",""外陸資買進股數(不含外資自營商)"":""381,340"",""外陸資賣出股數(不含外資自營商)"":""246,117"",""外陸資買賣超股數(不含外資自營商)"":""135,223"",""外資自營商買進股數"":""0"",""外資自營商賣出股數"":""0"",""外資自營商買賣超股數"":""0"",""投信買進股數"":""0"",""投信賣出股數"":""0"",""投信買賣超股數"":""0"",""自營商買賣超股數"":""0"",""自營商買進股數(自行買賣)"":""0"",""自營商賣出股數(自行買賣)"":""0"",""自營商買賣超股數(自行買賣)"":""0"",""自營商買進股數(避險)"":""0"",""自營商賣出股數(避險)"":""0"",""自營商買賣超股數(避險)"":""0"",""三大法人買賣超股數"":""135,223""}"
2026-09-29,TWSE,009800,中信NASDAQ      ,21000,13000,8000,0,0,0,412002,287823,124179,"{""證券代號"":""009800"",""證券名稱"":""中信NASDAQ      "",""外陸資買進股數(不含外資自營商)"":""21,000"",""外陸資賣出股數(不含外資自營商)"":""13,000"",""外陸資買賣超股數(不含外資自營商)"":""8,000"",""外資自營商買進股數"":""0"",""外資自營商賣出股數"":""0"",""外資自營商買賣超股數"":""0"",""投信買進股數"":""0"",""投信賣出股數"":""0"",""投信買賣超股數"":""0"",""自營商買賣超股數"":""124,179"",""自營商買進股數(自行買賣)"":""0"",""自營商賣出股數(自行買賣)"":""0"",""自營商買賣超股數(自行買賣)"":""0"",""自營商買進股數(避險)"":""412,002"",""自營商賣出股數(避險)"":""287,823"",""自營商買賣超股數(避險)"":""124,179"",""三大法人買賣超股數"":""132,179""}"
2026-09-29,TWSE,6225,天瀚            ,184000,52000,132000,0,0,0,0,0,0,"{""證券代號"":""6225"",""證券名稱"":""天瀚            "",""外陸資買進股數(不含外資自營商)"":""184,000"",""外陸資賣出股數(不含外資自營商)"":""52,000"",""外陸資買賣超股數(不含外資自營商)"":""132,000"",""外資自營商買進股數"":""0"",""外資自營商賣出股數"":""0"",""外資自營商買賣超股數"":""0"",""投信買進股數"":""0"",""投信賣出股數"":""0"",""投信買賣超股數"":""0"",""自營商買賣超股數"":""0"",""自營商買進股數(自行買賣)"":""0"",""自營商賣出股數(自行買賣)"":""0"",""自營商買賣超股數(自行買賣)"":""0"",""自營商買進股數(避險)"":""0"",""自營商賣出股數(避險)"":""0"",""自營商買賣超股數(避險)"":""0"",""三大法人買賣超股數"":""132,000""}"
2026-09-29,TWSE,2913,農林            ,374800,222000,152800,0,0,0,0,0,-24000,"{""證券代號"":""2913"",""證券名稱"":""農林            "",""外陸資買進股數(不含外資自營商)"":""374,800"",""外陸資賣出股數(不含外資自營商)"":""222,000"",""外陸資買賣超股數(不含外資自營商)"":""152,800"",""外資自營商買進股數"":""0"",""外資自營商賣出股數"":""0"",""外資自營商買賣超股數"":""0"",""投信買進股數"":""0"",""投信賣出股數"":""0"",""投信買賣超股數"":""0"",""自營商買賣超股數"":""-24,000"",""自營商買進股數(自行買賣)"":""0"",""自營商賣出股數(自行買賣)"":""24,000"",""自營商買賣超股數(自行買賣)"":""-24,000"",""自營商買進股數(避險)"":""0"",""自營商賣出股數(避險)"":""0"",""自營商買賣超股數(避險)"":""0"",""三大法人買賣超股數"":""128,800""}"
2026-09-29,TWSE,3419,譁裕            ,138000,9000,129000,0,0,0,0,0,-1974,"{""證券代號"":""3419"",""證券名稱"":""譁裕            "",""外陸資買進股數(不含外資自營商)"":""138,000"",""外陸資賣出股數(不含外資自營商)"":""9,000"",""外陸資買賣超股數(不含外資自營商)"":""129,000"",""外資自營商買進股數"":""0"",""外資自營商賣出股數"":""0"",""外資自營商買賣超股數"":""0"",""投信買進股數"":""0"",""投信賣出股數"":""0"",""投信買賣超股數"":""0"",""自營商買賣超股數"":""-1,974"",""自營商買進股數(自行買賣)"":""26"",""自營商賣出股數(自行買賣)"":""2,000"",""自營商買賣超股數(自行買賣)"":""-1,974"",""自營商買進股數(避險)"":""0"",""自營商賣出股數(避險)"":""0"",""自營商買賣超股數(避險)"":""0"",""三大法人買賣超股數"":""127,026""}"
2026-09-29,TWSE,3413,京鼎            ,260517,154000,106517,0,0,0,21809,2385,19424,"{""證券代號"":""3413"",""證券名稱"":""京鼎            "",""外陸資買進股數(不含外資自營商)"":""260,517"",""外陸資賣出股數(不含外資自營商)"":""154,000"",""外陸資買賣超股數(不含外資自營商)"":""106,517"",""外資自營商買進股數"":""0"",""外資自營商賣出股數"":""0"",""外資自營商買賣超股數"":""0"",""投信買進股數"":""0"",""投信賣出股數"":""0"",""投信買賣超股數"":""0"",""自營商買賣超股數"":""19,424"",""自營商買進股數(自行買賣)"":""0"",""自營商賣出股數(自行買賣)"":""0"",""自營商買賣超股數(自行買賣)"":""0"",""自營商買進股數(避險)"":""21,809"",""自營商賣出股數(避險)"":""2,385"",""自營商買賣超股數(避險)"":""19,424"",""三大法人買賣超股數"":""125,941""}"
2026-09-29,TWSE,2258,鴻華先進-創     ,246000,121056,124944,0,0,0,997,5000,997,"{""證券代號"":""2258"",""證券名稱"":""鴻華先進-創     "",""外陸資買進股數(不含外資自營商)"":""246,000"",""外陸資賣出股數(不含外資自營商)"":""121,056"",""外陸資買賣超股數(不含外資自營商)"":""124,944"",""外資自營商買進股數"":""0"",""外資自營商賣出股數"":""0"",""外資自營商買賣超股數"":""0"",""投信買進股數"":""0"",""投信賣出股數"":""0"",""投信買賣超股數"":""0"",""自營商買賣超股數"":""997"",""自營商買進股數(自行買賣)"":""5,000"",""自營商賣出股數(自行買賣)"":""0"",""自營商買賣超股數(自行買賣)"":""5,000"",""自營商買進股數(避險)"":""997"",""自營商賣出股數(避險)"":""5,000"",""自營商買賣超股數(避險)"":""-4,003"",""三大法人買賣超股數"":""125,941""}"
2026-09-29,TWSE,6909,創控            ,160000,35000,125000,0,0,0,0,0,0,"{""證券代號"":""6909"",""證券名稱"":""創控            "",""外陸資買進股數(不含外資自營商)"":""160,000"",""外陸資賣出股數(不含外資自營商)"":""35,000"",""外陸資買賣超股數(不含外資自營商)"":""125,000"",""外資自營商買進股數"":""0"",""外資自營商賣出股數"":""0"",""外資自營商買賣超股數"":""0"",""投信買進股數"":""0"",""投信賣出股數"":""0"",""投信買賣超股數"":""0"",""自營商買賣超股數"":""0"",""自營商買進股數(自行買賣)"":""0"",""自營商賣出股數(自行買賣)"":""0"",""自營商買賣超股數(自行買賣)"":""0"",""自營商買進股數(避險)"":""0"",""自營商賣出股數(避險)"":""0"",""自營商買賣超股數(避險)"":""0"",""三大法人買賣超股數"":""125,000""}"
2026-09-29,TWSE,4949,有成精密        ,208100,84000,124100,0,0,0,0,0,0,"{""證券代號"":""4949"",""證券名稱"":""有成精密        "",""外陸資買進股數(不含外資自營商)"":""208,100"",""外陸資賣出股數(不含外資自營商)"":""84,000"",""外陸資買賣超股數(不含外資自營商)"":""124,100"",""外資自營商買進股數"":""0"",""外資自營商賣出股數"":""0"",""外資自營商買賣超股數"":""0"",""投信買進股數"":""0"",""投信賣出股數"":""0"",""投信買賣超股數"":""0"",""自營商買賣超股數"":""0"",""自營商買進股數(自行買賣)"":""0"",""自營商賣出股數(自行買賣)"":""0"",""自營商買賣超股數(自行買賣)"":""0"",""自營商買進股數(避險)"":""0"",""自營商賣出股數(避險)"":""0"",""自營商買賣超股數(避險)"":""0"",""三大法人買賣超股數"":""124,100""}"
2026-09-29,TWSE,2547,日勝生          ,300000,223000,77000,44080,0,44080,0,0,-205,"{""證券代號"":""2547"",""證券名稱"":""日勝生          "",""外陸資買進股數(不含外資自營商)"":""300,000"",""外陸資賣出股數(不含外資自營商)"":""223,000"",""外陸資買賣超股數(不含外資自營商)"":""77,000"",""外資自營商買進股數"":""0"",""外資自營商賣出股數"":""0"",""外資自營商買賣超股數"":""0"",""投信買進股數"":""44,080"",""投信賣出股數"":""0"",""投信買賣超股數"":""44,080"",""自營商買賣超股數"":""-205"",""自營商買進股數(自行買賣)"":""0"",""自營商賣出股數(自行買賣)"":""205"",""自營商買賣超股數(自行買賣)"":""-205"",""自營商買進股數(避險)"":""0"",""自營商賣出股數(避險)"":""0"",""自營商買賣超股數(避險)"":""0"",""三大法人買賣超股數"":""120,875""}"
2026-09-29,TWSE,1527,鑽全            ,199000,79000,120000,0,0,0,0,0,0,"{""證券代號"":""1527"",""證券名稱"":""鑽全            "",""外陸資買進股數(不含外資自營商)"":""199,000"",""外陸資賣出股數(不含外資自營商)"":""79,000"",""外陸資買賣超股數(不含外資自營商)"":""120,000"",""外資自營商買進股數"":""0"",""外資自營商賣出股數"":""0"",""外資自營商買賣超股數"":""0"",""投信買進股數"":""0"",""投信賣出股數"":""0"",""投信買賣超股數"":""0"",""自營商買賣超股數"":""0"",""自營商買進股數(自行買賣)"":""0"",""自營商賣出股數(自行買賣)"":""0"",""自營商買賣超股數(自行買賣)"":""0"",""自營商買進股數(避險)"":""0"",""自營商賣出股數(避險)"":""0"",""自營商買賣超股數(避險)"":""0"",""三大法人買賣超股數"":""120,000""}"
2026-09-29,TWSE,6831,邁科            ,293098,203000,90098,0,0,0,13285,6473,29812,"{""證券代號"":""6831"",""證券名稱"":""邁科            "",""外陸資買進股數(不含外資自營商)"":""293,098"",""外陸資賣出股數(不含外資自營商)"":""203,000"",""外陸資買賣超股數(不含外資自營商)"":""90,098"",""外資自營商買進股數"":""0"",""外資自營商賣出股數"":""0"",""外資自營商買賣超股數"":""0"",""投信買進股數"":""0"",""投信賣出股數"":""0"",""投信買賣超股數"":""0"",""自營商買賣超股數"":""29,812"",""自營商買進股數(自行買賣)"":""221,000"",""自營商賣出股數(自行買賣)"":""198,000"",""自營商買賣超股數(自行買賣)"":""23,000"",""自營商買進股數(避險)"":""13,285"",""自營商賣出股數(避險)"":""6,473"",""自營商買賣超股數(避險)"":""6,812"",""三大法人買賣超股數"":""119,910""}"
2026-09-29,TWSE,7795,長廣            ,283638,160307,123331,0,0,0,0,1000,-5222,"{""證券代號"":""7795"",""證券名稱"":""長廣            "",""外陸資買進股數(不含外資自營商)"":""283,638"",""外陸資賣出股數(不含外資自營商)"":""160,307"",""外陸資買賣超股數(不含外資自營商)"":""123,331"",""外資自營商買進股數"":""0"",""外資自營商賣出股數"":""0"",""外資自營商買賣超股數"":""0"",""投信買進股數"":""0"",""投信賣出股數"":""0"",""投信買賣超股數"":""0"",""自營商買賣超股數"":""-5,222"",""自營商買進股數(自行買賣)"":""2,000"",""自營商賣出股數(自行買賣)"":""6,222"",""自營商買賣超股數(自行買賣)"":""-4,222"",""自營商買進股數(避險)"":""0"",""自營商賣出股數(避險)"":""1,000"",""自營商買賣超股數(避險)"":""-1,000"",""三大法人買賣超股數"":""118,109""}"
2026-09-29,TWSE,1582,信錦            ,182000,65160,116840,0,0,0,0,242,-242,"{""證券代號"":""1582"",""證券名稱"":""信錦            "",""外陸資買進股數(不含外資自營商)"":""182,000"",""外陸資賣出股數(不含外資自營商)"":""65,160"",""外陸資買賣超股數(不含外資自營商)"":""116,840"",""外資自營商買進股數"":""0"",""外資自營商賣出股數"":""0"",""外資自營商買賣超股數"":""0"",""投信買進股數"":""0"",""投信賣出股數"":""0"",""投信買賣超股數"":""0"",""自營商買賣超股數"":""-242"",""自營商買進股數(自行買賣)"":""0"",""自營商賣出股數(自行買賣)"":""0"",""自營商買賣超股數(自行買賣)"":""0"",""自營商買進股數(避險)"":""0"",""自營商賣出股數(避險)"":""242"",""自營商買賣超股數(避險)"":""-242"",""三大法人買賣超股數"":""116,598""}"
2026-09-29,TWSE,1522,堤維西          ,244194,105000,139194,0,0,0,784,3,-23219,"{""證券代號"":""1522"",""證券名稱"":""堤維西          "",""外陸資買進股數(不含外資自營商)"":""244,194"",""外陸資賣出股數(不含外資自營商)"":""105,000"",""外陸資買賣超股數(不含外資自營商)"":""139,194"",""外資自營商買進股數"":""0"",""外資自營商賣出股數"":""0"",""外資自營商買賣超股數"":""0"",""投信買進股數"":""0"",""投信賣出股數"":""0"",""投信買賣超股數"":""0"",""自營商買賣超股數"":""-23,219"",""自營商買進股數(自行買賣)"":""0"",""自營商賣出股數(自行買賣)"":""24,000"",""自營商買賣超股數(自行買賣)"":""-24,000"",""自營商買進股數(避險)"":""784"",""自營商賣出股數(避險)"":""3"",""自營商買賣超股數(避險)"":""781"",""三大法人買賣超股數"":""115,975""}"
2026-09-29,TWSE,6491,晶碩            ,177224,61000,116224,0,0,0,1561,2000,-439,"{""證券代號"":""6491"",""證券名稱"":""晶碩            "",""外陸資買進股數(不含外資自營商)"":""177,224"",""外陸資賣出股數(不含外資自營商)"":""61,000"",""外陸資買賣超股數(不含外資自營商)"":""116,224"",""外資自營商買進股數"":""0"",""外資自營商賣出股數"":""0"",""外資自營商買賣超股數"":""0"",""投信買進股數"":""0"",""投信賣出股數"":""0"",""投信買賣超股數"":""0"",""自營商買賣超股數"":""-439"",""自營商買進股數(自行買賣)"":""0"",""自營商賣出股數(自行買賣)"":""0"",""自營商買賣超股數(自行買賣)"":""0"",""自營商買進股數(避險)"":""1,561"",""自營商賣出股數(避險)"":""2,000"",""自營商買賣超股數(避險)"":""-439"",""三大法人買賣超股數"":""115,785""}"
2026-09-29,TWSE,6224,聚鼎            ,269411,157000,112411,0,0,0,0,0,3000,"{""證券代號"":""6224"",""證券名稱"":""聚鼎            "",""外陸資買進股數(不含外資自營商)"":""269,411"",""外陸資賣出股數(不含外資自營商)"":""157,000"",""外陸資買賣超股數(不含外資自營商)"":""112,411"",""外資自營商買進股數"":""0"",""外資自營商賣出股數"":""0"",""外資自營商買賣超股數"":""0"",""投信買進股數"":""0"",""投信賣出股數"":""0"",""投信買賣超股數"":""0"",""自營商買賣超股數"":""3,000"",""自營商買進股數(自行買賣)"":""3,000"",""自營商賣出股數(自行買賣)"":""0"",""自營商買賣超股數(自行買賣)"":""3,000"",""自營商買進股數(避險)"":""0"",""自營商賣出股數(避險)"":""0"",""自營商買賣超股數(避險)"":""0"",""三大法人買賣超股數"":""115,411""}"
2026-09-29,TWSE,6589,台康生技        ,189363,74000,115363,0,0,0,3,19,-16,"{""證券代號"":""6589"",""證券名稱"":""台康生技        "",""外陸資買進股數(不含外資自營商)"":""189,363"",""外陸資賣出股數(不含外資自營商)"":""74,000"",""外陸資買賣超股數(不含外資自營商)"":""115,363"",""外資自營商買進股數"":""0"",""外資自營商賣出股數"":""0"",""外資自營商買賣超股數"":""0"",""投信買進股數"":""0"",""投信賣出股數"":""0"",""投信買賣超股數"":""0"",""自營商買賣超股數"":""-16"",""自營商買進股數(自行買賣)"":""0"",""自營商賣出股數(自行買賣)"":""0"",""自營商買賣超股數(自行買賣)"":""0"",""自營商買進股數(避險)"":""3"",""自營商賣出股數(避險)"":""19"",""自營商買賣超股數(避險)"":""-16"",""三大法人買賣超股數"":""115,347""}"
2026-09-29,TWSE,6152,百一            ,179100,67004,112096,0,0,0,0,0,2000,"{""證券代號"":""6152"",""證券名稱"":""百一            "",""外陸資買進股數(不含外資自營商)"":""179,100"",""外陸資賣出股數(不含外資自營商)"":""67,004"",""外陸資買賣超股數(不含外資自營商)"":""112,096"",""外資自營商買進股數"":""0"",""外資自營商賣出股數"":""0"",""外資自營商買賣超股數"":""0"",""投信買進股數"":""0"",""投信賣出股數"":""0"",""投信買賣超股數"":""0"",""自營商買賣超股數"":""2,000"",""自營商買進股數(自行買賣)"":""3,000"",""自營商賣出股數(自行買賣)"":""1,000"",""自營商買賣超股數(自行買賣)"":""2,000"",""自營商買進股數(避險)"":""0"",""自營商賣出股數(避險)"":""0"",""自營商買賣超股數(避險)"":""0"",""三大法人買賣超股數"":""114,096""}"
2026-09-29,TWSE,6579,研揚            ,215972,139000,76972,0,0,0,31516,250,36266,"{""證券代號"":""6579"",""證券名稱"":""研揚            "",""外陸資買進股數(不含外資自營商)"":""215,972"",""外陸資賣出股數(不含外資自營商)"":""139,000"",""外陸資買賣超股數(不含外資自營商)"":""76,972"",""外資自營商買進股數"":""0"",""外資自營商賣出股數"":""0"",""外資自營商買賣超股數"":""0"",""投信買進股數"":""0"",""投信賣出股數"":""0"",""投信買賣超股數"":""0"",""自營商買賣超股數"":""36,266"",""自營商買進股數(自行買賣)"":""57,000"",""自營商賣出股數(自行買賣)"":""52,000"",""自營商買賣超股數(自行買賣)"":""5,000"",""自營商買進股數(避險)"":""31,516"",""自營商賣出股數(避險)"":""250"",""自營商買賣超股數(避險)"":""31,266"",""三大法人買賣超股數"":""113,238""}"
2026-09-29,TWSE,3047,訊舟            ,224000,142000,82000,0,0,0,0,0,27995,"{""證券代號"":""3047"",""證券名稱"":""訊舟            "",""外陸資買進股數(不含外資自營商)"":""224,000"",""外陸資賣出股數(不含外資自營商)"":""142,000"",""外陸資買賣超股數(不含外資自營商)"":""82,000"",""外資自營商買進股數"":""0"",""外資自營商賣出股數"":""0"",""外資自營商買賣超股數"":""0"",""投信買進股數"":""0"",""投信賣出股數"":""0"",""投信買賣超股數"":""0"",""自營商買賣超股數"":""27,995"",""自營商買進股數(自行買賣)"":""28,000"",""自營商賣出股數(自行買賣)"":""5"",""自營商買賣超股數(自行買賣)"":""27,995"",""自營商買進股數(避險)"":""0"",""自營商賣出股數(避險)"":""0"",""自營商買賣超股數(避險)"":""0"",""三大法人買賣超股數"":""109,995""}"
2026-09-29,TWSE,3592,瑞鼎            ,199000,97013,101987,10000,2000,8000,0,0,0,"{""證券代號"":""3592"",""證券名稱"":""瑞鼎            "",""外陸資買進股數(不含外資自營商)"":""199,000"",""外陸資賣出股數(不含外資自營商)"":""97,013"",""外陸資買賣超股數(不含外資自營商)"":""101,987"",""外資自營商買進股數"":""0"",""外資自營商賣出股數"":""0"",""外資自營商買賣超股數"":""0"",""投信買進股數"":""10,000"",""投信賣出股數"":""2,000"",""投信買賣超股數"":""8,000"",""自營商買賣超股數"":""0"",""自營商買進股數(自行買賣)"":""0"",""自營商賣出股數(自行買賣)"":""0"",""自營商買賣超股數(自行買賣)"":""0"",""自營商買進股數(避險)"":""0"",""自營商賣出股數(避險)"":""0"",""自營商買賣超股數(避險)"":""0"",""三大法人買賣超股數"":""109,987""}"
2026-09-29,TWSE,8081,致新            ,224656,127173,97483,11400,1000,10400,2000,0,2000,"{""證券代號"":""8081"",""證券名稱"":""致新            "",""外陸資買進股數(不含外資自營商)"":""224,656"",""外陸資賣出股數(不含外資自營商)"":""127,173"",""外陸資買賣超股數(不含外資自營商)"":""97,483"",""外資自營商買進股數"":""0"",""外資自營商賣出股數"":""0"",""外資自營商買賣超股數"":""0"",""投信買進股數"":""11,400"",""投信賣出股數"":""1,000"",""投信買賣超股數"":""10,400"",""自營商買賣超股數"":""2,000"",""自營商買進股數(自行買賣)"":""0"",""自營商賣出股數(自行買賣)"":""0"",""自營商買賣超股數(自行買賣)"":""0"",""自營商買進股數(避險)"":""2,000"",""自營商賣出股數(避險)"":""0"",""自營商買賣超股數(避險)"":""2,000"",""三大法人買賣超股數"":""109,883""}"
2026-09-29,TWSE,009801,中信美國創新科技,26000,3000,23000,0,0,0,318000,231391,86609,"{""證券代號"":""009801"",""證券名稱"":""中信美國創新科技"",""外陸資買進股數(不含外資自營商)"":""26,000"",""外陸資賣出股數(不含外資自營商)"":""3,000"",""外陸資買賣超股數(不含外資自營商)"":""23,000"",""外資自營商買進股數"":""0"",""外資自營商賣出股數"":""0"",""外資自營商買賣超股數"":""0"",""投信買進股數"":""0"",""投信賣出股數"":""0"",""投信買賣超股數"":""0"",""自營商買賣超股數"":""86,609"",""自營商買進股數(自行買賣)"":""0"",""自營商賣出股數(自行買賣)"":""0"",""自營商買賣超股數(自行買賣)"":""0"",""自營商買進股數(避險)"":""318,000"",""自營商賣出股數(避險)"":""231,391"",""自營商買賣超股數(避險)"":""86,609"",""三大法人買賣超股數"":""109,609""}"
2026-09-29,TWSE,2375,凱美            ,461913,347866,114047,0,0,0,284,5693,-5409,"{""證券代號"":""2375"",""證券名稱"":""凱美            "",""外陸資買進股數(不含外資自營商)"":""461,913"",""外陸資賣出股數(不含外資自營商)"":""347,866"",""外陸資買賣超股數(不含外資自營商)"":""114,047"",""外資自營商買進股數"":""0"",""外資自營商賣出股數"":""0"",""外資自營商買賣超股數"":""0"",""投信買進股數"":""0"",""投信賣出股數"":""0"",""投信買賣超股數"":""0"",""自營商買賣超股數"":""-5,409"",""自營商買進股數(自行買賣)"":""0"",""自營商賣出股數(自行買賣)"":""0"",""自營商買賣超股數(自行買賣)"":""0"",""自營商買進股數(避險)"":""284"",""自營商賣出股數(避險)"":""5,693"",""自營商買賣超股數(避險)"":""-5,409"",""三大法人買賣超股數"":""108,638""}"
2026-09-29,TWSE,4976,佳凌            ,195000,87000,108000,0,0,0,0,172,-172,"{""證券代號"":""4976"",""證券名稱"":""佳凌            "",""外陸資買進股數(不含外資自營商)"":""195,000"",""外陸資賣出股數(不含外資自營商)"":""87,000"",""外陸資買賣超股數(不含外資自營商)"":""108,000"",""外資自營商買進股數"":""0"",""外資自營商賣出股數"":""0"",""外資自營商買賣超股數"":""0"",""投信買進股數"":""0"",""投信賣出股數"":""0"",""投信買賣超股數"":""0"",""自營商買賣超股數"":""-172"",""自營商買進股數(自行買賣)"":""0"",""自營商賣出股數(自行買賣)"":""0"",""自營商買賣超股數(自行買賣)"":""0"",""自營商買進股數(避險)"":""0"",""自營商賣出股數(避險)"":""172"",""自營商買賣超股數(避險)"":""-172"",""三大法人買賣超股數"":""107,828""}"
2026-09-29,TWSE,3041,揚智            ,186819,80000,106819,0,0,0,0,0,1000,"{""證券代號"":""3041"",""證券名稱"":""揚智            "",""外陸資買進股數(不含外資自營商)"":""186,819"",""外陸資賣出股數(不含外資自營商)"":""80,000"",""外陸資買賣超股數(不含外資自營商)"":""106,819"",""外資自營商買進股數"":""0"",""外資自營商賣出股數"":""0"",""外資自營商買賣超股數"":""0"",""投信買進股數"":""0"",""投信賣出股數"":""0"",""投信買賣超股數"":""0"",""自營商買賣超股數"":""1,000"",""自營商買進股數(自行買賣)"":""1,000"",""自營商賣出股數(自行買賣)"":""0"",""自營商買賣超股數(自行買賣)"":""1,000"",""自營商買進股數(避險)"":""0"",""自營商賣出股數(避險)"":""0"",""自營商買賣超股數(避險)"":""0"",""三大法人買賣超股數"":""107,819""}"
2026-09-29,TWSE,6472,保瑞            ,163881,45000,118881,0,0,0,1000,15940,-11536,"{""證券代號"":""6472"",""證券名稱"":""保瑞            "",""外陸資買進股數(不含外資自營商)"":""163,881"",""外陸資賣出股數(不含外資自營商)"":""45,000"",""外陸資買賣超股數(不含外資自營商)"":""118,881"",""外資自營商買進股數"":""0"",""外資自營商賣出股數"":""0"",""外資自營商買賣超股數"":""0"",""投信買進股數"":""0"",""投信賣出股數"":""0"",""投信買賣超股數"":""0"",""自營商買賣超股數"":""-11,536"",""自營商買進股數(自行買賣)"":""3,404"",""自營商賣出股數(自行買賣)"":""0"",""自營商買賣超股數(自行買賣)"":""3,404"",""自營商買進股數(避險)"":""1,000"",""自營商賣出股數(避險)"":""15,940"",""自營商買賣超股數(避險)"":""-14,940"",""三大法人買賣超股數"":""107,345""}"
2026-09-29,TWSE,1447,力鵬            ,439877,336019,103858,0,0,0,0,0,0,"{""證券代號"":""1447"",""證券名稱"":""力鵬            "",""外陸資買進股數(不含外資自營商)"":""439,877"",""外陸資賣出股數(不含外資自營商)"":""336,019"",""外陸資買賣超股數(不含外資自營商)"":""103,858"",""外資自營商買進股數"":""0"",""外資自營商賣出股數"":""0"",""外資自營商買賣超股數"":""0"",""投信買進股數"":""0"",""投信賣出股數"":""0"",""投信買賣超股數"":""0"",""自營商買賣超股數"":""0"",""自營商買進股數(自行買賣)"":""0"",""自營商賣出股數(自行買賣)"":""0"",""自營商買賣超股數(自行買賣)"":""0"",""自營商買進股數(避險)"":""0"",""自營商賣出股數(避險)"":""0"",""自營商買賣超股數(避險)"":""0"",""三大法人買賣超股數"":""103,858""}"
2026-09-29,TWSE,3504,揚明光          ,244000,148000,96000,0,0,0,7234,932,6302,"{""證券代號"":""3504"",""證券名稱"":""揚明光          "",""外陸資買進股數(不含外資自營商)"":""244,000"",""外陸資賣出股數(不含外資自營商)"":""148,000"",""外陸資買賣超股數(不含外資自營商)"":""96,000"",""外資自營商買進股數"":""0"",""外資自營商賣出股數"":""0"",""外資自營商買賣超股數"":""0"",""投信買進股數"":""0"",""投信賣出股數"":""0"",""投信買賣超股數"":""0"",""自營商買賣超股數"":""6,302"",""自營商買進股數(自行買賣)"":""0"",""自營商賣出股數(自行買賣)"":""0"",""自營商買賣超股數(自行買賣)"":""0"",""自營商買進股數(避險)"":""7,234"",""自營商賣出股數(避險)"":""932"",""自營商買賣超股數(避險)"":""6,302"",""三大法人買賣超股數"":""102,302""}"
2026-09-29,TWSE,3545,敦泰            ,217325,143000,74325,10000,0,10000,20,0,16020,"{""證券代號"":""3545"",""證券名稱"":""敦泰            "",""外陸資買進股數(不含外資自營商)"":""217,325"",""外陸資賣出股數(不含外資自營商)"":""143,000"",""外陸資買賣超股數(不含外資自營商)"":""74,325"",""外資自營商買進股數"":""0"",""外資自營商賣出股數"":""0"",""外資自營商買賣超股數"":""0"",""投信買進股數"":""10,000"",""投信賣出股數"":""0"",""投信買賣超股數"":""10,000"",""自營商買賣超股數"":""16,020"",""自營商買進股數(自行買賣)"":""16,000"",""自營商賣出股數(自行買賣)"":""0"",""自營商買賣超股數(自行買賣)"":""16,000"",""自營商買進股數(避險)"":""20"",""自營商賣出股數(避險)"":""0"",""自營商買賣超股數(避險)"":""20"",""三大法人買賣超股數"":""100,345""}"
2026-09-29,TWSE,3583,辛耘            ,275284,204160,71124,0,0,0,16467,3648,27819,"{""證券代號"":""3583"",""證券名稱"":""辛耘            "",""外陸資買進股數(不含外資自營商)"":""275,284"",""外陸資賣出股數(不含外資自營商)"":""204,160"",""外陸資買賣超股數(不含外資自營商)"":""71,124"",""外資自營商買進股數"":""0"",""外資自營商賣出股數"":""0"",""外資自營商買賣超股數"":""0"",""投信買進股數"":""0"",""投信賣出股數"":""0"",""投信買賣超股數"":""0"",""自營商買賣超股數"":""27,819"",""自營商買進股數(自行買賣)"":""17,000"",""自營商賣出股數(自行買賣)"":""2,000"",""自營商買賣超股數(自行買賣)"":""15,000"",""自營商買進股數(避險)"":""16,467"",""自營商賣出股數(避險)"":""3,648"",""自營商買賣超股數(避險)"":""12,819"",""三大法人買賣超股數"":""98,943""}"
2026-09-29,TWSE,6108,競國            ,376944,293144,83800,0,0,0,0,0,15000,"{""證券代號"":""6108"",""證券名稱"":""競國            "",""外陸資買進股數(不含外資自營商)"":""376,944"",""外陸資賣出股數(不含外資自營商)"":""293,144"",""外陸資買賣超股數(不含外資自營商)"":""83,800"",""外資自營商買進股數"":""0"",""外資自營商賣出股數"":""0"",""外資自營商買賣超股數"":""0"",""投信買進股數"":""0"",""投信賣出股數"":""0"",""投信買賣超股數"":""0"",""自營商買賣超股數"":""15,000"",""自營商買進股數(自行買賣)"":""15,000"",""自營商賣出股數(自行買賣)"":""0"",""自營商買賣超股數(自行買賣)"":""15,000"",""自營商買進股數(避險)"":""0"",""自營商賣出股數(避險)"":""0"",""自營商買賣超股數(避險)"":""0"",""三大法人買賣超股數"":""98,800""}"
2026-09-29,TWSE,2397,友通            ,118160,29000,89160,0,0,0,0,0,9000,"{""證券代號"":""2397"",""證券名稱"":""友通            "",""外陸資買進股數(不含外資自營商)"":""118,160"",""外陸資賣出股數(不含外資自營商)"":""29,000"",""外陸資買賣超股數(不含外資自營商)"":""89,160"",""外資自營商買進股數"":""0"",""外資自營商賣出股數"":""0"",""外資自營商買賣超股數"":""0"",""投信買進股數"":""0"",""投信賣出股數"":""0"",""投信買賣超股數"":""0"",""自營商買賣超股數"":""9,000"",""自營商買進股數(自行買賣)"":""9,000"",""自營商賣出股數(自行買賣)"":""0"",""自營商買賣超股數(自行買賣)"":""9,000"",""自營商買進股數(避險)"":""0"",""自營商賣出股數(避險)"":""0"",""自營商買賣超股數(避險)"":""0"",""三大法人買賣超股數"":""98,160""}"
2026-09-29,TWSE,3059,華晶科          ,295000,198000,97000,0,0,0,3112,3643,-531,"{""證券代號"":""3059"",""證券名稱"":""華晶科          "",""外陸資買進股數(不含外資自營商)"":""295,000"",""外陸資賣出股數(不含外資自營商)"":""198,000"",""外陸資買賣超股數(不含外資自營商)"":""97,000"",""外資自營商買進股數"":""0"",""外資自營商賣出股數"":""0"",""外資自營商買賣超股數"":""0"",""投信買進股數"":""0"",""投信賣出股數"":""0"",""投信買賣超股數"":""0"",""自營商買賣超股數"":""-531"",""自營商買進股數(自行買賣)"":""0"",""自營商賣出股數(自行買賣)"":""0"",""自營商買賣超股數(自行買賣)"":""0"",""自營商買進股數(避險)"":""3,112"",""自營商賣出股數(避險)"":""3,643"",""自營商買賣超股數(避險)"":""-531"",""三大法人買賣超股數"":""96,469""}"
2026-09-29,TWSE,3715,定穎投控        ,875226,825000,50226,0,0,0,87575,41868,45707,"{""證券代號"":""3715"",""證券名稱"":""定穎投控        "",""外陸資買進股數(不含外資自營商)"":""875,226"",""外陸資賣出股數(不含外資自營商)"":""825,000"",""外陸資買賣超股數(不含外資自營商)"":""50,226"",""外資自營商買進股數"":""0"",""外資自營商賣出股數"":""0"",""外資自營商買賣超股數"":""0"",""投信買進股數"":""0"",""投信賣出股數"":""0"",""投信買賣超股數"":""0"",""自營商買賣超股數"":""45,707"",""自營商買進股數(自行買賣)"":""0"",""自營商賣出股數(自行買賣)"":""0"",""自營商買賣超股數(自行買賣)"":""0"",""自營商買進股數(避險)"":""87,575"",""自營商賣出股數(避險)"":""41,868"",""自營商買賣超股數(避險)"":""45,707"",""三大法人買賣超股數"":""95,933""}"
2026-09-29,TWSE,8464,億豐            ,376178,310204,65974,30000,0,30000,0,176,-176,"{""證券代號"":""8464"",""證券名稱"":""億豐            "",""外陸資買進股數(不含外資自營商)"":""376,178"",""外陸資賣出股數(不含外資自營商)"":""310,204"",""外陸資買賣超股數(不含外資自營商)"":""65,974"",""外資自營商買進股數"":""0"",""外資自營商賣出股數"":""0"",""外資自營商買賣超股數"":""0"",""投信買進股數"":""30,000"",""投信賣出股數"":""0"",""投信買賣超股數"":""30,000"",""自營商買賣超股數"":""-176"",""自營商買進股數(自行買賣)"":""0"",""自營商賣出股數(自行買賣)"":""0"",""自營商買賣超股數(自行買賣)"":""0"",""自營商買進股數(避險)"":""0"",""自營商賣出股數(避險)"":""176"",""自營商買賣超股數(避險)"":""-176"",""三大法人買賣超股數"":""95,798""}"
2026-09-29,TWSE,4968,立積            ,124950,57000,67950,20000,0,20000,3043,1667,6376,"{""證券代號"":""4968"",""證券名稱"":""立積            "",""外陸資買進股數(不含外資自營商)"":""124,950"",""外陸資賣出股數(不含外資自營商)"":""57,000"",""外陸資買賣超股數(不含外資自營商)"":""67,950"",""外資自營商買進股數"":""0"",""外資自營商賣出股數"":""0"",""外資自營商買賣超股數"":""0"",""投信買進股數"":""20,000"",""投信賣出股數"":""0"",""投信買賣超股數"":""20,000"",""自營商買賣超股數"":""6,376"",""自營商買進股數(自行買賣)"":""5,000"",""自營商賣出股數(自行買賣)"":""0"",""自營商買賣超股數(自行買賣)"":""5,000"",""自營商買進股數(避險)"":""3,043"",""自營商賣出股數(避險)"":""1,667"",""自營商買賣超股數(避險)"":""1,376"",""三大法人買賣超股數"":""94,326""}"
2026-09-29,TWSE,7711,永擎            ,214081,122000,92081,0,0,0,3991,493,2066,"{""證券代號"":""7711"",""證券名稱"":""永擎            "",""外陸資買進股數(不含外資自營商)"":""214,081"",""外陸資賣出股數(不含外資自營商)"":""122,000"",""外陸資買賣超股數(不含外資自營商)"":""92,081"",""外資自營商買進股數"":""0"",""外資自營商賣出股數"":""0"",""外資自營商買賣超股數"":""0"",""投信買進股數"":""0"",""投信賣出股數"":""0"",""投信買賣超股數"":""0"",""自營商買賣超股數"":""2,066"",""自營商買進股數(自行買賣)"":""1,000"",""自營商賣出股數(自行買賣)"":""2,432"",""自營商買賣超股數(自行買賣)"":""-1,432"",""自營商買進股數(避險)"":""3,991"",""自營商賣出股數(避險)"":""493"",""自營商買賣超股數(避險)"":""3,498"",""三大法人買賣超股數"":""94,147""}"
2026-09-29,TWSE,6670,復盛應用        ,185028,91300,93728,0,0,0,0,0,0,"{""證券代號"":""6670"",""證券名稱"":""復盛應用        "",""外陸資買進股數(不含外資自營商)"":""185,028"",""外陸資賣出股數(不含外資自營商)"":""91,300"",""外陸資買賣超股數(不含外資自營商)"":""93,728"",""外資自營商買進股數"":""0"",""外資自營商賣出股數"":""0"",""外資自營商買賣超股數"":""0"",""投信買進股數"":""0"",""投信賣出股數"":""0"",""投信買賣超股數"":""0"",""自營商買賣超股數"":""0"",""自營商買進股數(自行買賣)"":""2,000"",""自營商賣出股數(自行買賣)"":""2,000"",""自營商買賣超股數(自行買賣)"":""0"",""自營商買進股數(避險)"":""0"",""自營商賣出股數(避險)"":""0"",""自營商買賣超股數(避險)"":""0"",""三大法人買賣超股數"":""93,728""}"
2026-09-29,TWSE,6235,華孚            ,120093,30000,90093,0,0,0,1724,0,1724,"{""證券代號"":""6235"",""證券名稱"":""華孚            "",""外陸資買進股數(不含外資自營商)"":""120,093"",""外陸資賣出股數(不含外資自營商)"":""30,000"",""外陸資買賣超股數(不含外資自營商)"":""90,093"",""外資自營商買進股數"":""0"",""外資自營商賣出股數"":""0"",""外資自營商買賣超股數"":""0"",""投信買進股數"":""0"",""投信賣出股數"":""0"",""投信買賣超股數"":""0"",""自營商買賣超股數"":""1,724"",""自營商買進股數(自行買賣)"":""0"",""自營商賣出股數(自行買賣)"":""0"",""自營商買賣超股數(自行買賣)"":""0"",""自營商買進股數(避險)"":""1,724"",""自營商賣出股數(避險)"":""0"",""自營商買賣超股數(避險)"":""1,724"",""三大法人買賣超股數"":""91,817""}"
2026-09-29,TWSE,6789,采鈺            ,350644,276421,74223,2000,0,2000,21135,6004,15131,"{""證券代號"":""6789"",""證券名稱"":""采鈺            "",""外陸資買進股數(不含外資自營商)"":""350,644"",""外陸資賣出股數(不含外資自營商)"":""276,421"",""外陸資買賣超股數(不含外資自營商)"":""74,223"",""外資自營商買進股數"":""0"",""外資自營商賣出股數"":""0"",""外資自營商買賣超股數"":""0"",""投信買進股數"":""2,000"",""投信賣出股數"":""0"",""投信買賣超股數"":""2,000"",""自營商買賣超股數"":""15,131"",""自營商買進股數(自行買賣)"":""0"",""自營商賣出股數(自行買賣)"":""0"",""自營商買賣超股數(自行買賣)"":""0"",""自營商買進股數(避險)"":""21,135"",""自營商賣出股數(避險)"":""6,004"",""自營商買賣超股數(避險)"":""15,131"",""三大法人買賣超股數"":""91,354""}"
2026-09-29,TWSE,1810,和成            ,359927,268454,91473,0,0,0,1000,1243,-243,"{""證券代號"":""1810"",""證券名稱"":""和成            "",""外陸資買進股數(不含外資自營商)"":""359,927"",""外陸資賣出股數(不含外資自營商)"":""268,454"",""外陸資買賣超股數(不含外資自營商)"":""91,473"",""外資自營商買進股數"":""0"",""外資自營商賣出股數"":""0"",""外資自營商買賣超股數"":""0"",""投信買進股數"":""0"",""投信賣出股數"":""0"",""投信買賣超股數"":""0"",""自營商買賣超股數"":""-243"",""自營商買進股數(自行買賣)"":""0"",""自營商賣出股數(自行買賣)"":""0"",""自營商買賣超股數(自行買賣)"":""0"",""自營商買進股數(避險)"":""1,000"",""自營商賣出股數(避險)"":""1,243"",""自營商買賣超股數(避險)"":""-243"",""三大法人買賣超股數"":""91,230""}"
2026-09-29,TWSE,4164,承業醫          ,205190,105000,100190,0,0,0,0,0,-10096,"{""證券代號"":""4164"",""證券名稱"":""承業醫          "",""外陸資買進股數(不含外資自營商)"":""205,190"",""外陸資賣出股數(不含外資自營商)"":""105,000"",""外陸資買賣超股數(不含外資自營商)"":""100,190"",""外資自營商買進股數"":""0"",""外資自營商賣出股數"":""0"",""外資自營商買賣超股數"":""0"",""投信買進股數"":""0"",""投信賣出股數"":""0"",""投信買賣超股數"":""0"",""自營商買賣超股數"":""-10,096"",""自營商買進股數(自行買賣)"":""0"",""自營商賣出股數(自行買賣)"":""10,096"",""自營商買賣超股數(自行買賣)"":""-10,096"",""自營商買進股數(避險)"":""0"",""自營商賣出股數(避險)"":""0"",""自營商買賣超股數(避險)"":""0"",""三大法人買賣超股數"":""90,094""}"
2026-09-29,TWSE,6443,元晶            ,600316,511000,89316,0,0,0,0,0,156,"{""證券代號"":""6443"",""證券名稱"":""元晶            "",""外陸資買進股數(不含外資自營商)"":""600,316"",""外陸資賣出股數(不含外資自營商)"":""511,000"",""外陸資買賣超股數(不含外資自營商)"":""89,316"",""外資自營商買進股數"":""0"",""外資自營商賣出股數"":""0"",""外資自營商買賣超股數"":""0"",""投信買進股數"":""0"",""投信賣出股數"":""0"",""投信買賣超股數"":""0"",""自營商買賣超股數"":""156"",""自營商買進股數(自行買賣)"":""1,000"",""自營商賣出股數(自行買賣)"":""844"",""自營商買賣超股數(自行買賣)"":""156"",""自營商買進股數(避險)"":""0"",""自營商賣出股數(避險)"":""0"",""自營商買賣超股數(避險)"":""0"",""三大法人買賣超股數"":""89,472""}"
2026-09-29,TWSE,5284,jpp-KY          ,130202,47000,83202,0,0,0,7881,3694,4187,"{""證券代號"":""5284"",""證券名稱"":""jpp-KY          "",""外陸資買進股數(不含外資自營商)"":""130,202"",""外陸資賣出股數(不含外資自營商)"":""47,000"",""外陸資買賣超股數(不含外資自營商)"":""83,202"",""外資自營商買進股數"":""0"",""外資自營商賣出股數"":""0"",""外資自營商買賣超股數"":""0"",""投信買進股數"":""0"",""投信賣出股數"":""0"",""投信買賣超股數"":""0"",""自營商買賣超股數"":""4,187"",""自營商買進股數(自行買賣)"":""0"",""自營商賣出股數(自行買賣)"":""0"",""自營商買賣超股數(自行買賣)"":""0"",""自營商買進股數(避險)"":""7,881"",""自營商賣出股數(避險)"":""3,694"",""自營商買賣超股數(避險)"":""4,187"",""三大法人買賣超股數"":""87,389""}"
2026-09-29,TWSE,1714,和桐            ,1275833,1202889,72944,0,0,0,7078,12672,14406,"{""證券代號"":""1714"",""證券名稱"":""和桐            "",""外陸資買進股數(不含外資自營商)"":""1,275,833"",""外陸資賣出股數(不含外資自營商)"":""1,202,889"",""外陸資買賣超股數(不含外資自營商)"":""72,944"",""外資自營商買進股數"":""0"",""外資自營商賣出股數"":""0"",""外資自營商買賣超股數"":""0"",""投信買進股數"":""0"",""投信賣出股數"":""0"",""投信買賣超股數"":""0"",""自營商買賣超股數"":""14,406"",""自營商買進股數(自行買賣)"":""20,000"",""自營商賣出股數(自行買賣)"":""0"",""自營商買賣超股數(自行買賣)"":""20,000"",""自營商買進股數(避險)"":""7,078"",""自營商賣出股數(避險)"":""12,672"",""自營商買賣超股數(避險)"":""-5,594"",""三大法人買賣超股數"":""87,350""}"
2026-09-29,TWSE,2536,宏普            ,211000,124000,87000,0,0,0,0,0,0,"{""證券代號"":""2536"",""證券名稱"":""宏普            "",""外陸資買進股數(不含外資自營商)"":""211,000"",""外陸資賣出股數(不含外資自營商)"":""124,000"",""外陸資買賣超股數(不含外資自營商)"":""87,000"",""外資自營商買進股數"":""0"",""外資自營商賣出股數"":""0"",""外資自營商買賣超股數"":""0"",""投信買進股數"":""0"",""投信賣出股數"":""0"",""投信買賣超股數"":""0"",""自營商買賣超股數"":""0"",""自營商買進股數(自行買賣)"":""0"",""自營商賣出股數(自行買賣)"":""0"",""自營商買賣超股數(自行買賣)"":""0"",""自營商買進股數(避險)"":""0"",""自營商賣出股數(避險)"":""0"",""自營商買賣超股數(避險)"":""0"",""三大法人買賣超股數"":""87,000""}"
2026-09-29,TWSE,9919,康那香          ,123000,36000,87000,0,0,0,0,0,0,"{""證券代號"":""9919"",""證券名稱"":""康那香          "",""外陸資買進股數(不含外資自營商)"":""123,000"",""外陸資賣出股數(不含外資自營商)"":""36,000"",""外陸資買賣超股數(不含外資自營商)"":""87,000"",""外資自營商買進股數"":""0"",""外資自營商賣出股數"":""0"",""外資自營商買賣超股數"":""0"",""投信買進股數"":""0"",""投信賣出股數"":""0"",""投信買賣超股數"":""0"",""自營商買賣超股數"":""0"",""自營商買進股數(自行買賣)"":""0"",""自營商賣出股數(自行買賣)"":""0"",""自營商買賣超股數(自行買賣)"":""0"",""自營商買進股數(避險)"":""0"",""自營商賣出股數(避險)"":""0"",""自營商買賣超股數(避險)"":""0"",""三大法人買賣超股數"":""87,000""}"
2026-09-29,TWSE,8103,瀚荃            ,1249575,1130207,119368,0,0,0,3000,25279,-34279,"{""證券代號"":""8103"",""證券名稱"":""瀚荃            "",""外陸資買進股數(不含外資自營商)"":""1,249,575"",""外陸資賣出股數(不含外資自營商)"":""1,130,207"",""外陸資買賣超股數(不含外資自營商)"":""119,368"",""外資自營商買進股數"":""0"",""外資自營商賣出股數"":""0"",""外資自營商買賣超股數"":""0"",""投信買進股數"":""0"",""投信賣出股數"":""0"",""投信買賣超股數"":""0"",""自營商買賣超股數"":""-34,279"",""自營商買進股數(自行買賣)"":""0"",""自營商賣出股數(自行買賣)"":""12,000"",""自營商買賣超股數(自行買賣)"":""-12,000"",""自營商買進股數(避險)"":""3,000"",""自營商賣出股數(避險)"":""25,279"",""自營商買賣超股數(避險)"":""-22,279"",""三大法人買賣超股數"":""85,089""}"
2026-09-29,TWSE,3050,鈺德            ,118020,79000,39020,0,0,0,0,0,45000,"{""證券代號"":""3050"",""證券名稱"":""鈺德            "",""外陸資買進股數(不含外資自營商)"":""118,020"",""外陸資賣出股數(不含外資自營商)"":""79,000"",""外陸資買賣超股數(不含外資自營商)"":""39,020"",""外資自營商買進股數"":""0"",""外資自營商賣出股數"":""0"",""外資自營商買賣超股數"":""0"",""投信買進股數"":""0"",""投信賣出股數"":""0"",""投信買賣超股數"":""0"",""自營商買賣超股數"":""45,000"",""自營商買進股數(自行買賣)"":""45,000"",""自營商賣出股數(自行買賣)"":""0"",""自營商買賣超股數(自行買賣)"":""45,000"",""自營商買進股數(避險)"":""0"",""自營商賣出股數(避險)"":""0"",""自營商買賣超股數(避險)"":""0"",""三大法人買賣超股數"":""84,020""}"
2026-09-29,TWSE,00634R,富邦上証反1     ,0,200000,-200000,0,0,0,293139,11000,282139,"{""證券代號"":""00634R"",""證券名稱"":""富邦上証反1     "",""外陸資買進股數(不含外資自營商)"":""0"",""外陸資賣出股數(不含外資自營商)"":""200,000"",""外陸資買賣超股數(不含外資自營商)"":""-200,000"",""外資自營商買進股數"":""0"",""外資自營商賣出股數"":""0"",""外資自營商買賣超股數"":""0"",""投信買進股數"":""0"",""投信賣出股數"":""0"",""投信買賣超股數"":""0"",""自營商買賣超股數"":""282,139"",""自營商買進股數(自行買賣)"":""0"",""自營商賣出股數(自行買賣)"":""0"",""自營商買賣超股數(自行買賣)"":""0"",""自營商買進股數(避險)"":""293,139"",""自營商賣出股數(避險)"":""11,000"",""自營商買賣超股數(避險)"":""282,139"",""三大法人買賣超股數"":""82,139""}"
2026-09-29,TWSE,3694,海華            ,142000,61000,81000,0,0,0,1,0,1,"{""證券代號"":""3694"",""證券名稱"":""海華            "",""外陸資買進股數(不含外資自營商)"":""142,000"",""外陸資賣出股數(不含外資自營商)"":""61,000"",""外陸資買賣超股數(不含外資自營商)"":""81,000"",""外資自營商買進股數"":""0"",""外資自營商賣出股數"":""0"",""外資自營商買賣超股數"":""0"",""投信買進股數"":""0"",""投信賣出股數"":""0"",""投信買賣超股數"":""0"",""自營商買賣超股數"":""1"",""自營商買進股數(自行買賣)"":""0"",""自營商賣出股數(自行買賣)"":""0"",""自營商買賣超股數(自行買賣)"":""0"",""自營商買進股數(避險)"":""1"",""自營商賣出股數(避險)"":""0"",""自營商買賣超股數(避險)"":""1"",""三大法人買賣超股數"":""81,001""}"
2026-09-29,TWSE,00648R,元大S&P500反1   ,0,0,0,0,0,0,81000,0,81000,"{""證券代號"":""00648R"",""證券名稱"":""元大S&P500反1   "",""外陸資買進股數(不含外資自營商)"":""0"",""外陸資賣出股數(不含外資自營商)"":""0"",""外陸資買賣超股數(不含外資自營商)"":""0"",""外資自營商買進股數"":""0"",""外資自營商賣出股數"":""0"",""外資自營商買賣超股數"":""0"",""投信買進股數"":""0"",""投信賣出股數"":""0"",""投信買賣超股數"":""0"",""自營商買賣超股數"":""81,000"",""自營商買進股數(自行買賣)"":""0"",""自營商賣出股數(自行買賣)"":""0"",""自營商買賣超股數(自行買賣)"":""0"",""自營商買進股數(避險)"":""81,000"",""自營商賣出股數(避險)"":""0"",""自營商買賣超股數(避險)"":""81,000"",""三大法人買賣超股數"":""81,000""}"
2026-09-29,TWSE,6164,華興            ,97000,16000,81000,0,0,0,0,0,0,"{""證券代號"":""6164"",""證券名稱"":""華興            "",""外陸資買進股數(不含外資自營商)"":""97,000"",""外陸資賣出股數(不含外資自營商)"":""16,000"",""外陸資買賣超股數(不含外資自營商)"":""81,000"",""外資自營商買進股數"":""0"",""外資自營商賣出股數"":""0"",""外資自營商買賣超股數"":""0"",""投信買進股數"":""0"",""投信賣出股數"":""0"",""投信買賣超股數"":""0"",""自營商買賣超股數"":""0"",""自營商買進股數(自行買賣)"":""0"",""自營商賣出股數(自行買賣)"":""0"",""自營商買賣超股數(自行買賣)"":""0"",""自營商買進股數(避險)"":""0"",""自營商賣出股數(避險)"":""0"",""自營商買賣超股數(避險)"":""0"",""三大法人買賣超股數"":""81,000""}"
2026-09-29,TWSE,2429,銘旺科          ,93000,12000,81000,0,0,0,0,0,0,"{""證券代號"":""2429"",""證券名稱"":""銘旺科          "",""外陸資買進股數(不含外資自營商)"":""93,000"",""外陸資賣出股數(不含外資自營商)"":""12,000"",""外陸資買賣超股數(不含外資自營商)"":""81,000"",""外資自營商買進股數"":""0"",""外資自營商賣出股數"":""0"",""外資自營商買賣超股數"":""0"",""投信買進股數"":""0"",""投信賣出股數"":""0"",""投信買賣超股數"":""0"",""自營商買賣超股數"":""0"",""自營商買進股數(自行買賣)"":""0"",""自營商賣出股數(自行買賣)"":""0"",""自營商買賣超股數(自行買賣)"":""0"",""自營商買進股數(避險)"":""0"",""自營商賣出股數(避險)"":""0"",""自營商買賣超股數(避險)"":""0"",""三大法人買賣超股數"":""81,000""}"
2026-09-29,TWSE,4755,三福化          ,119494,39000,80494,0,0,0,0,0,0,"{""證券代號"":""4755"",""證券名稱"":""三福化          "",""外陸資買進股數(不含外資自營商)"":""119,494"",""外陸資賣出股數(不含外資自營商)"":""39,000"",""外陸資買賣超股數(不含外資自營商)"":""80,494"",""外資自營商買進股數"":""0"",""外資自營商賣出股數"":""0"",""外資自營商買賣超股數"":""0"",""投信買進股數"":""0"",""投信賣出股數"":""0"",""投信買賣超股數"":""0"",""自營商買賣超股數"":""0"",""自營商買進股數(自行買賣)"":""0"",""自營商賣出股數(自行買賣)"":""0"",""自營商買賣超股數(自行買賣)"":""0"",""自營商買進股數(避險)"":""0"",""自營商賣出股數(避險)"":""0"",""自營商買賣超股數(避險)"":""0"",""三大法人買賣超股數"":""80,494""}"
2026-09-29,TWSE,8476,台境*           ,138240,57000,81240,0,0,0,0,0,-1000,"{""證券代號"":""8476"",""證券名稱"":""台境*           "",""外陸資買進股數(不含外資自營商)"":""138,240"",""外陸資賣出股數(不含外資自營商)"":""57,000"",""外陸資買賣超股數(不含外資自營商)"":""81,240"",""外資自營商買進股數"":""0"",""外資自營商賣出股數"":""0"",""外資自營商買賣超股數"":""0"",""投信買進股數"":""0"",""投信賣出股數"":""0"",""投信買賣超股數"":""0"",""自營商買賣超股數"":""-1,000"",""自營商買進股數(自行買賣)"":""0"",""自營商賣出股數(自行買賣)"":""1,000"",""自營商買賣超股數(自行買賣)"":""-1,000"",""自營商買進股數(避險)"":""0"",""自營商賣出股數(避險)"":""0"",""自營商買賣超股數(避險)"":""0"",""三大法人買賣超股數"":""80,240""}"
2026-09-29,TWSE,6202,盛群            ,329455,235000,94455,10000,0,10000,2927,8424,-24497,"{""證券代號"":""6202"",""證券名稱"":""盛群            "",""外陸資買進股數(不含外資自營商)"":""329,455"",""外陸資賣出股數(不含外資自營商)"":""235,000"",""外陸資買賣超股數(不含外資自營商)"":""94,455"",""外資自營商買進股數"":""0"",""外資自營商賣出股數"":""0"",""外資自營商買賣超股數"":""0"",""投信買進股數"":""10,000"",""投信賣出股數"":""0"",""投信買賣超股數"":""10,000"",""自營商買賣超股數"":""-24,497"",""自營商買進股數(自行買賣)"":""1,000"",""自營商賣出股數(自行買賣)"":""20,000"",""自營商買賣超股數(自行買賣)"":""-19,000"",""自營商買進股數(避險)"":""2,927"",""自營商賣出股數(避險)"":""8,424"",""自營商買賣超股數(避險)"":""-5,497"",""三大法人買賣超股數"":""79,958""}"
2026-09-29,TWSE,1218,泰山            ,177000,99000,78000,0,0,0,0,0,0,"{""證券代號"":""1218"",""證券名稱"":""泰山            "",""外陸資買進股數(不含外資自營商)"":""177,000"",""外陸資賣出股數(不含外資自營商)"":""99,000"",""外陸資買賣超股數(不含外資自營商)"":""78,000"",""外資自營商買進股數"":""0"",""外資自營商賣出股數"":""0"",""外資自營商買賣超股數"":""0"",""投信買進股數"":""0"",""投信賣出股數"":""0"",""投信買賣超股數"":""0"",""自營商買賣超股數"":""0"",""自營商買進股數(自行買賣)"":""0"",""自營商賣出股數(自行買賣)"":""0"",""自營商買賣超股數(自行買賣)"":""0"",""自營商買進股數(避險)"":""0"",""自營商賣出股數(避險)"":""0"",""自營商買賣超股數(避險)"":""0"",""三大法人買賣超股數"":""78,000""}"
2026-09-29,TWSE,4967,十銓            ,207111,125000,82111,0,2000,-2000,2480,110,-2630,"{""證券代號"":""4967"",""證券名稱"":""十銓            "",""外陸資買進股數(不含外資自營商)"":""207,111"",""外陸資賣出股數(不含外資自營商)"":""125,000"",""外陸資買賣超股數(不含外資自營商)"":""82,111"",""外資自營商買進股數"":""0"",""外資自營商賣出股數"":""0"",""外資自營商買賣超股數"":""0"",""投信買進股數"":""0"",""投信賣出股數"":""2,000"",""投信買賣超股數"":""-2,000"",""自營商買賣超股數"":""-2,630"",""自營商買進股數(自行買賣)"":""0"",""自營商賣出股數(自行買賣)"":""5,000"",""自營商買賣超股數(自行買賣)"":""-5,000"",""自營商買進股數(避險)"":""2,480"",""自營商賣出股數(避險)"":""110"",""自營商買賣超股數(避險)"":""2,370"",""三大法人買賣超股數"":""77,481""}"
2026-09-29,TWSE,00674R,期元大S&P黃金反1,0,0,0,0,0,0,101597,24160,77437,"{""證券代號"":""00674R"",""證券名稱"":""期元大S&P黃金反1"",""外陸資買進股數(不含外資自營商)"":""0"",""外陸資賣出股數(不含外資自營商)"":""0"",""外陸資買賣超股數(不含外資自營商)"":""0"",""外資自營商買進股數"":""0"",""外資自營商賣出股數"":""0"",""外資自營商買賣超股數"":""0"",""投信買進股數"":""0"",""投信賣出股數"":""0"",""投信買賣超股數"":""0"",""自營商買賣超股數"":""77,437"",""自營商買進股數(自行買賣)"":""0"",""自營商賣出股數(自行買賣)"":""0"",""自營商買賣超股數(自行買賣)"":""0"",""自營商買進股數(避險)"":""101,597"",""自營商賣出股數(避險)"":""24,160"",""自營商買賣超股數(避險)"":""77,437"",""三大法人買賣超股數"":""77,437""}"
2026-09-29,TWSE,2017,官田鋼          ,192852,115575,77277,0,0,0,0,0,0,"{""證券代號"":""2017"",""證券名稱"":""官田鋼          "",""外陸資買進股數(不含外資自營商)"":""192,852"",""外陸資賣出股數(不含外資自營商)"":""115,575"",""外陸資買賣超股數(不含外資自營商)"":""77,277"",""外資自營商買進股數"":""0"",""外資自營商賣出股數"":""0"",""外資自營商買賣超股數"":""0"",""投信買進股數"":""0"",""投信賣出股數"":""0"",""投信買賣超股數"":""0"",""自營商買賣超股數"":""0"",""自營商買進股數(自行買賣)"":""0"",""自營商賣出股數(自行買賣)"":""0"",""自營商買賣超股數(自行買賣)"":""0"",""自營商買進股數(避險)"":""0"",""自營商賣出股數(避險)"":""0"",""自營商買賣超股數(避險)"":""0"",""三大法人買賣超股數"":""77,277""}"
2026-09-29,TWSE,1558,伸興            ,92234,17000,75234,0,0,0,0,0,0,"{""證券代號"":""1558"",""證券名稱"":""伸興            "",""外陸資買進股數(不含外資自營商)"":""92,234"",""外陸資賣出股數(不含外資自營商)"":""17,000"",""外陸資買賣超股數(不含外資自營商)"":""75,234"",""外資自營商買進股數"":""0"",""外資自營商賣出股數"":""0"",""外資自營商買賣超股數"":""0"",""投信買進股數"":""0"",""投信賣出股數"":""0"",""投信買賣超股數"":""0"",""自營商買賣超股數"":""0"",""自營商買進股數(自行買賣)"":""0"",""自營商賣出股數(自行買賣)"":""0"",""自營商買賣超股數(自行買賣)"":""0"",""自營商買進股數(避險)"":""0"",""自營商賣出股數(避險)"":""0"",""自營商買賣超股數(避險)"":""0"",""三大法人買賣超股數"":""75,234""}"
2026-09-29,TWSE,1795,美時            ,222172,122100,100072,0,0,0,6000,9837,-25837,"{""證券代號"":""1795"",""證券名稱"":""美時            "",""外陸資買進股數(不含外資自營商)"":""222,172"",""外陸資賣出股數(不含外資自營商)"":""122,100"",""外陸資買賣超股數(不含外資自營商)"":""100,072"",""外資自營商買進股數"":""0"",""外資自營商賣出股數"":""0"",""外資自營商買賣超股數"":""0"",""投信買進股數"":""0"",""投信賣出股數"":""0"",""投信買賣超股數"":""0"",""自營商買賣超股數"":""-25,837"",""自營商買進股數(自行買賣)"":""4,000"",""自營商賣出股數(自行買賣)"":""26,000"",""自營商買賣超股數(自行買賣)"":""-22,000"",""自營商買進股數(避險)"":""6,000"",""自營商賣出股數(避險)"":""9,837"",""自營商買賣超股數(避險)"":""-3,837"",""三大法人買賣超股數"":""74,235""}"
2026-09-29,TWSE,4545,銘鈺            ,91000,27000,64000,0,0,0,0,0,10000,"{""證券代號"":""4545"",""證券名稱"":""銘鈺            "",""外陸資買進股數(不含外資自營商)"":""91,000"",""外陸資賣出股數(不含外資自營商)"":""27,000"",""外陸資買賣超股數(不含外資自營商)"":""64,000"",""外資自營商買進股數"":""0"",""外資自營商賣出股數"":""0"",""外資自營商買賣超股數"":""0"",""投信買進股數"":""0"",""投信賣出股數"":""0"",""投信買賣超股數"":""0"",""自營商買賣超股數"":""10,000"",""自營商買進股數(自行買賣)"":""11,000"",""自營商賣出股數(自行買賣)"":""1,000"",""自營商買賣超股數(自行買賣)"":""10,000"",""自營商買進股數(避險)"":""0"",""自營商賣出股數(避險)"":""0"",""自營商買賣超股數(避險)"":""0"",""三大法人買賣超股數"":""74,000""}"
2026-09-29,TWSE,8021,尖點            ,224027,121800,102227,0,30000,-30000,9000,0,0,"{""證券代號"":""8021"",""證券名稱"":""尖點            "",""外陸資買進股數(不含外資自營商)"":""224,027"",""外陸資賣出股數(不含外資自營商)"":""121,800"",""外陸資買賣超股數(不含外資自營商)"":""102,227"",""外資自營商買進股數"":""0"",""外資自營商賣出股數"":""0"",""外資自營商買賣超股數"":""0"",""投信買進股數"":""0"",""投信賣出股數"":""30,000"",""投信買賣超股數"":""-30,000"",""自營商買賣超股數"":""0"",""自營商買進股數(自行買賣)"":""3,000"",""自營商賣出股數(自行買賣)"":""12,000"",""自營商買賣超股數(自行買賣)"":""-9,000"",""自營商買進股數(避險)"":""9,000"",""自營商賣出股數(避險)"":""0"",""自營商買賣超股數(避險)"":""9,000"",""三大法人買賣超股數"":""72,227""}"
2026-09-29,TWSE,2534,宏盛            ,138000,65000,73000,0,0,0,0,0,-1003,"{""證券代號"":""2534"",""證券名稱"":""宏盛            "",""外陸資買進股數(不含外資自營商)"":""138,000"",""外陸資賣出股數(不含外資自營商)"":""65,000"",""外陸資買賣超股數(不含外資自營商)"":""73,000"",""外資自營商買進股數"":""0"",""外資自營商賣出股數"":""0"",""外資自營商買賣超股數"":""0"",""投信買進股數"":""0"",""投信賣出股數"":""0"",""投信買賣超股數"":""0"",""自營商買賣超股數"":""-1,003"",""自營商買進股數(自行買賣)"":""0"",""自營商賣出股數(自行買賣)"":""1,003"",""自營商買賣超股數(自行買賣)"":""-1,003"",""自營商買進股數(避險)"":""0"",""自營商賣出股數(避險)"":""0"",""自營商買賣超股數(避險)"":""0"",""三大法人買賣超股數"":""71,997""}"
2026-09-29,TWSE,00654R,富邦印度反1     ,0,0,0,0,0,0,77075,5141,71934,"{""證券代號"":""00654R"",""證券名稱"":""富邦印度反1     "",""外陸資買進股數(不含外資自營商)"":""0"",""外陸資賣出股數(不含外資自營商)"":""0"",""外陸資買賣超股數(不含外資自營商)"":""0"",""外資自營商買進股數"":""0"",""外資自營商賣出股數"":""0"",""外資自營商買賣超股數"":""0"",""投信買進股數"":""0"",""投信賣出股數"":""0"",""投信買賣超股數"":""0"",""自營商買賣超股數"":""71,934"",""自營商買進股數(自行買賣)"":""0"",""自營商賣出股數(自行買賣)"":""0"",""自營商買賣超股數(自行買賣)"":""0"",""自營商買進股數(避險)"":""77,075"",""自營商賣出股數(避險)"":""5,141"",""自營商買賣超股數(避險)"":""71,934"",""三大法人買賣超股數"":""71,934""}"
2026-09-29,TWSE,3022,威強電          ,538578,474671,63907,0,0,0,9867,10000,6867,"{""證券代號"":""3022"",""證券名稱"":""威強電          "",""外陸資買進股數(不含外資自營商)"":""538,578"",""外陸資賣出股數(不含外資自營商)"":""474,671"",""外陸資買賣超股數(不含外資自營商)"":""63,907"",""外資自營商買進股數"":""0"",""外資自營商賣出股數"":""0"",""外資自營商買賣超股數"":""0"",""投信買進股數"":""0"",""投信賣出股數"":""0"",""投信買賣超股數"":""0"",""自營商買賣超股數"":""6,867"",""自營商買進股數(自行買賣)"":""7,000"",""自營商賣出股數(自行買賣)"":""0"",""自營商買賣超股數(自行買賣)"":""7,000"",""自營商買進股數(避險)"":""9,867"",""自營商賣出股數(避險)"":""10,000"",""自營商買賣超股數(避險)"":""-133"",""三大法人買賣超股數"":""70,774""}"
2026-09-29,TWSE,6605,帝寶            ,119035,47000,72035,0,0,0,497,0,-3079,"{""證券代號"":""6605"",""證券名稱"":""帝寶            "",""外陸資買進股數(不含外資自營商)"":""119,035"",""外陸資賣出股數(不含外資自營商)"":""47,000"",""外陸資買賣超股數(不含外資自營商)"":""72,035"",""外資自營商買進股數"":""0"",""外資自營商賣出股數"":""0"",""外資自營商買賣超股數"":""0"",""投信買進股數"":""0"",""投信賣出股數"":""0"",""投信買賣超股數"":""0"",""自營商買賣超股數"":""-3,079"",""自營商買進股數(自行買賣)"":""1,000"",""自營商賣出股數(自行買賣)"":""4,576"",""自營商買賣超股數(自行買賣)"":""-3,576"",""自營商買進股數(避險)"":""497"",""自營商賣出股數(避險)"":""0"",""自營商買賣超股數(避險)"":""497"",""三大法人買賣超股數"":""68,956""}"
2026-09-29,TWSE,6668,中揚光          ,642185,579000,63185,0,0,0,0,0,5000,"{""證券代號"":""6668"",""證券名稱"":""中揚光          "",""外陸資買進股數(不含外資自營商)"":""642,185"",""外陸資賣出股數(不含外資自營商)"":""579,000"",""外陸資買賣超股數(不含外資自營商)"":""63,185"",""外資自營商買進股數"":""0"",""外資自營商賣出股數"":""0"",""外資自營商買賣超股數"":""0"",""投信買進股數"":""0"",""投信賣出股數"":""0"",""投信買賣超股數"":""0"",""自營商買賣超股數"":""5,000"",""自營商買進股數(自行買賣)"":""5,000"",""自營商賣出股數(自行買賣)"":""0"",""自營商買賣超股數(自行買賣)"":""5,000"",""自營商買進股數(避險)"":""0"",""自營商賣出股數(避險)"":""0"",""自營商買賣超股數(避險)"":""0"",""三大法人買賣超股數"":""68,185""}"
2026-09-29,TWSE,00986A,主動台新龍頭成長,127000,6000,121000,0,0,0,163000,216832,-53832,"{""證券代號"":""00986A"",""證券名稱"":""主動台新龍頭成長"",""外陸資買進股數(不含外資自營商)"":""127,000"",""外陸資賣出股數(不含外資自營商)"":""6,000"",""外陸資買賣超股數(不含外資自營商)"":""121,000"",""外資自營商買進股數"":""0"",""外資自營商賣出股數"":""0"",""外資自營商買賣超股數"":""0"",""投信買進股數"":""0"",""投信賣出股數"":""0"",""投信買賣超股數"":""0"",""自營商買賣超股數"":""-53,832"",""自營商買進股數(自行買賣)"":""0"",""自營商賣出股數(自行買賣)"":""0"",""自營商買賣超股數(自行買賣)"":""0"",""自營商買進股數(避險)"":""163,000"",""自營商賣出股數(避險)"":""216,832"",""自營商買賣超股數(避險)"":""-53,832"",""三大法人買賣超股數"":""67,168""}"
2026-09-29,TWSE,7822,倍利科          ,105805,79110,26695,36000,0,36000,7775,4593,3182,"{""證券代號"":""7822"",""證券名稱"":""倍利科          "",""外陸資買進股數(不含外資自營商)"":""105,805"",""外陸資賣出股數(不含外資自營商)"":""79,110"",""外陸資買賣超股數(不含外資自營商)"":""26,695"",""外資自營商買進股數"":""0"",""外資自營商賣出股數"":""0"",""外資自營商買賣超股數"":""0"",""投信買進股數"":""36,000"",""投信賣出股數"":""0"",""投信買賣超股數"":""36,000"",""自營商買賣超股數"":""3,182"",""自營商買進股數(自行買賣)"":""0"",""自營商賣出股數(自行買賣)"":""0"",""自營商買賣超股數(自行買賣)"":""0"",""自營商買進股數(避險)"":""7,775"",""自營商賣出股數(避險)"":""4,593"",""自營商買賣超股數(避險)"":""3,182"",""三大法人買賣超股數"":""65,877""}"
2026-09-29,TWSE,3617,碩天            ,127360,62017,65343,0,0,0,1015,1373,-358,"{""證券代號"":""3617"",""證券名稱"":""碩天            "",""外陸資買進股數(不含外資自營商)"":""127,360"",""外陸資賣出股數(不含外資自營商)"":""62,017"",""外陸資買賣超股數(不含外資自營商)"":""65,343"",""外資自營商買進股數"":""0"",""外資自營商賣出股數"":""0"",""外資自營商買賣超股數"":""0"",""投信買進股數"":""0"",""投信賣出股數"":""0"",""投信買賣超股數"":""0"",""自營商買賣超股數"":""-358"",""自營商買進股數(自行買賣)"":""0"",""自營商賣出股數(自行買賣)"":""0"",""自營商買賣超股數(自行買賣)"":""0"",""自營商買進股數(避險)"":""1,015"",""自營商賣出股數(避險)"":""1,373"",""自營商買賣超股數(避險)"":""-358"",""三大法人買賣超股數"":""64,985""}"
2026-09-29,TWSE,6141,柏承            ,354003,290074,63929,0,0,0,0,0,0,"{""證券代號"":""6141"",""證券名稱"":""柏承            "",""外陸資買進股數(不含外資自營商)"":""354,003"",""外陸資賣出股數(不含外資自營商)"":""290,074"",""外陸資買賣超股數(不含外資自營商)"":""63,929"",""外資自營商買進股數"":""0"",""外資自營商賣出股數"":""0"",""外資自營商買賣超股數"":""0"",""投信買進股數"":""0"",""投信賣出股數"":""0"",""投信買賣超股數"":""0"",""自營商買賣超股數"":""0"",""自營商買進股數(自行買賣)"":""0"",""自營商賣出股數(自行買賣)"":""0"",""自營商買賣超股數(自行買賣)"":""0"",""自營商買進股數(避險)"":""0"",""自營商賣出股數(避險)"":""0"",""自營商買賣超股數(避險)"":""0"",""三大法人買賣超股數"":""63,929""}"
2026-09-29,TWSE,2072,世紀風電        ,125231,66000,59231,0,0,0,3314,0,3314,"{""證券代號"":""2072"",""證券名稱"":""世紀風電        "",""外陸資買進股數(不含外資自營商)"":""125,231"",""外陸資賣出股數(不含外資自營商)"":""66,000"",""外陸資買賣超股數(不含外資自營商)"":""59,231"",""外資自營商買進股數"":""0"",""外資自營商賣出股數"":""0"",""外資自營商買賣超股數"":""0"",""投信買進股數"":""0"",""投信賣出股數"":""0"",""投信買賣超股數"":""0"",""自營商買賣超股數"":""3,314"",""自營商買進股數(自行買賣)"":""0"",""自營商賣出股數(自行買賣)"":""0"",""自營商買賣超股數(自行買賣)"":""0"",""自營商買進股數(避險)"":""3,314"",""自營商賣出股數(避險)"":""0"",""自營商買賣超股數(避險)"":""3,314"",""三大法人買賣超股數"":""62,545""}"
2026-09-29,TWSE,6994,富威電力        ,124000,62000,62000,0,0,0,0,0,0,"{""證券代號"":""6994"",""證券名稱"":""富威電力        "",""外陸資買進股數(不含外資自營商)"":""124,000"",""外陸資賣出股數(不含外資自營商)"":""62,000"",""外陸資買賣超股數(不含外資自營商)"":""62,000"",""外資自營商買進股數"":""0"",""外資自營商賣出股數"":""0"",""外資自營商買賣超股數"":""0"",""投信買進股數"":""0"",""投信賣出股數"":""0"",""投信買賣超股數"":""0"",""自營商買賣超股數"":""0"",""自營商買進股數(自行買賣)"":""0"",""自營商賣出股數(自行買賣)"":""0"",""自營商買賣超股數(自行買賣)"":""0"",""自營商買進股數(避險)"":""0"",""自營商賣出股數(避險)"":""0"",""自營商買賣超股數(避險)"":""0"",""三大法人買賣超股數"":""62,000""}"
2026-09-29,TWSE,2059,川湖            ,282572,213602,68970,8300,27500,-19200,15889,13162,10886,"{""證券代號"":""2059"",""證券名稱"":""川湖            "",""外陸資買進股數(不含外資自營商)"":""282,572"",""外陸資賣出股數(不含外資自營商)"":""213,602"",""外陸資買賣超股數(不含外資自營商)"":""68,970"",""外資自營商買進股數"":""0"",""外資自營商賣出股數"":""0"",""外資自營商買賣超股數"":""0"",""投信買進股數"":""8,300"",""投信賣出股數"":""27,500"",""投信買賣超股數"":""-19,200"",""自營商買賣超股數"":""10,886"",""自營商買進股數(自行買賣)"":""18,508"",""自營商賣出股數(自行買賣)"":""10,349"",""自營商買賣超股數(自行買賣)"":""8,159"",""自營商買進股數(避險)"":""15,889"",""自營商賣出股數(避險)"":""13,162"",""自營商買賣超股數(避險)"":""2,727"",""三大法人買賣超股數"":""60,656""}"
2026-09-29,TWSE,6698,旭暉應材        ,85000,26000,59000,0,0,0,0,0,0,"{""證券代號"":""6698"",""證券名稱"":""旭暉應材        "",""外陸資買進股數(不含外資自營商)"":""85,000"",""外陸資賣出股數(不含外資自營商)"":""26,000"",""外陸資買賣超股數(不含外資自營商)"":""59,000"",""外資自營商買進股數"":""0"",""外資自營商賣出股數"":""0"",""外資自營商買賣超股數"":""0"",""投信買進股數"":""0"",""投信賣出股數"":""0"",""投信買賣超股數"":""0"",""自營商買賣超股數"":""0"",""自營商買進股數(自行買賣)"":""0"",""自營商賣出股數(自行買賣)"":""0"",""自營商買賣超股數(自行買賣)"":""0"",""自營商買進股數(避險)"":""0"",""自營商賣出股數(避險)"":""0"",""自營商買賣超股數(避險)"":""0"",""三大法人買賣超股數"":""59,000""}"
2026-09-29,TWSE,5608,四維航          ,1080665,1041000,39665,0,0,0,0,0,18997,"{""證券代號"":""5608"",""證券名稱"":""四維航          "",""外陸資買進股數(不含外資自營商)"":""1,080,665"",""外陸資賣出股數(不含外資自營商)"":""1,041,000"",""外陸資買賣超股數(不含外資自營商)"":""39,665"",""外資自營商買進股數"":""0"",""外資自營商賣出股數"":""0"",""外資自營商買賣超股數"":""0"",""投信買進股數"":""0"",""投信賣出股數"":""0"",""投信買賣超股數"":""0"",""自營商買賣超股數"":""18,997"",""自營商買進股數(自行買賣)"":""19,000"",""自營商賣出股數(自行買賣)"":""3"",""自營商買賣超股數(自行買賣)"":""18,997"",""自營商買進股數(避險)"":""0"",""自營商賣出股數(避險)"":""0"",""自營商買賣超股數(避險)"":""0"",""三大法人買賣超股數"":""58,662""}"
2026-09-29,TWSE,6830,汎銓            ,465858,407413,58445,0,0,0,11158,11587,-429,"{""證券代號"":""6830"",""證券名稱"":""汎銓            "",""外陸資買進股數(不含外資自營商)"":""465,858"",""外陸資賣出股數(不含外資自營商)"":""407,413"",""外陸資買賣超股數(不含外資自營商)"":""58,445"",""外資自營商買進股數"":""0"",""外資自營商賣出股數"":""0"",""外資自營商買賣超股數"":""0"",""投信買進股數"":""0"",""投信賣出股數"":""0"",""投信買賣超股數"":""0"",""自營商買賣超股數"":""-429"",""自營商買進股數(自行買賣)"":""0"",""自營商賣出股數(自行買賣)"":""0"",""自營商買賣超股數(自行買賣)"":""0"",""自營商買進股數(避險)"":""11,158"",""自營商賣出股數(避險)"":""11,587"",""自營商買賣超股數(避險)"":""-429"",""三大法人買賣超股數"":""58,016""}"
2026-09-29,TWSE,3533,嘉澤            ,1348210,1279463,68747,10000,0,10000,23954,40809,-20855,"{""證券代號"":""3533"",""證券名稱"":""嘉澤            "",""外陸資買進股數(不含外資自營商)"":""1,348,210"",""外陸資賣出股數(不含外資自營商)"":""1,279,463"",""外陸資買賣超股數(不含外資自營商)"":""68,747"",""外資自營商買進股數"":""0"",""外資自營商賣出股數"":""0"",""外資自營商買賣超股數"":""0"",""投信買進股數"":""10,000"",""投信賣出股數"":""0"",""投信買賣超股數"":""10,000"",""自營商買賣超股數"":""-20,855"",""自營商買進股數(自行買賣)"":""4,700"",""自營商賣出股數(自行買賣)"":""8,700"",""自營商買賣超股數(自行買賣)"":""-4,000"",""自營商買進股數(避險)"":""23,954"",""自營商賣出股數(避險)"":""40,809"",""自營商買賣超股數(避險)"":""-16,855"",""三大法人買賣超股數"":""57,892""}"
2026-09-29,TWSE,5203,訊連            ,103398,47000,56398,0,0,0,0,0,9,"{""證券代號"":""5203"",""證券名稱"":""訊連            "",""外陸資買進股數(不含外資自營商)"":""103,398"",""外陸資賣出股數(不含外資自營商)"":""47,000"",""外陸資買賣超股數(不含外資自營商)"":""56,398"",""外資自營商買進股數"":""0"",""外資自營商賣出股數"":""0"",""外資自營商買賣超股數"":""0"",""投信買進股數"":""0"",""投信賣出股數"":""0"",""投信買賣超股數"":""0"",""自營商買賣超股數"":""9"",""自營商買進股數(自行買賣)"":""9"",""自營商賣出股數(自行買賣)"":""0"",""自營商買賣超股數(自行買賣)"":""9"",""自營商買進股數(避險)"":""0"",""自營商賣出股數(避險)"":""0"",""自營商買賣超股數(避險)"":""0"",""三大法人買賣超股數"":""56,407""}"
2026-09-29,TWSE,009809,富邦淨零ESG50   ,0,0,0,0,0,0,124000,68768,55232,"{""證券代號"":""009809"",""證券名稱"":""富邦淨零ESG50   "",""外陸資買進股數(不含外資自營商)"":""0"",""外陸資賣出股數(不含外資自營商)"":""0"",""外陸資買賣超股數(不含外資自營商)"":""0"",""外資自營商買進股數"":""0"",""外資自營商賣出股數"":""0"",""外資自營商買賣超股數"":""0"",""投信買進股數"":""0"",""投信賣出股數"":""0"",""投信買賣超股數"":""0"",""自營商買賣超股數"":""55,232"",""自營商買進股數(自行買賣)"":""0"",""自營商賣出股數(自行買賣)"":""0"",""自營商買賣超股數(自行買賣)"":""0"",""自營商買進股數(避險)"":""124,000"",""自營商賣出股數(避險)"":""68,768"",""自營商買賣超股數(避險)"":""55,232"",""三大法人買賣超股數"":""55,232""}"
2026-09-29,TWSE,4927,泰鼎-KY         ,824155,769000,55155,0,0,0,0,0,0,"{""證券代號"":""4927"",""證券名稱"":""泰鼎-KY         "",""外陸資買進股數(不含外資自營商)"":""824,155"",""外陸資賣出股數(不含外資自營商)"":""769,000"",""外陸資買賣超股數(不含外資自營商)"":""55,155"",""外資自營商買進股數"":""0"",""外資自營商賣出股數"":""0"",""外資自營商買賣超股數"":""0"",""投信買進股數"":""0"",""投信賣出股數"":""0"",""投信買賣超股數"":""0"",""自營商買賣超股數"":""0"",""自營商買進股數(自行買賣)"":""0"",""自營商賣出股數(自行買賣)"":""0"",""自營商買賣超股數(自行買賣)"":""0"",""自營商買進股數(避險)"":""0"",""自營商賣出股數(避險)"":""0"",""自營商買賣超股數(避險)"":""0"",""三大法人買賣超股數"":""55,155""}"
2026-09-29,TWSE,1603,華電            ,99000,44000,55000,0,0,0,0,0,0,"{""證券代號"":""1603"",""證券名稱"":""華電            "",""外陸資買進股數(不含外資自營商)"":""99,000"",""外陸資賣出股數(不含外資自營商)"":""44,000"",""外陸資買賣超股數(不含外資自營商)"":""55,000"",""外資自營商買進股數"":""0"",""外資自營商賣出股數"":""0"",""外資自營商買賣超股數"":""0"",""投信買進股數"":""0"",""投信賣出股數"":""0"",""投信買賣超股數"":""0"",""自營商買賣超股數"":""0"",""自營商買進股數(自行買賣)"":""0"",""自營商賣出股數(自行買賣)"":""0"",""自營商買賣超股數(自行買賣)"":""0"",""自營商買進股數(避險)"":""0"",""自營商賣出股數(避險)"":""0"",""自營商買賣超股數(避險)"":""0"",""三大法人買賣超股數"":""55,000""}"
2026-09-29,TWSE,4952,凌通            ,83010,28000,55010,0,0,0,0,248,-248,"{""證券代號"":""4952"",""證券名稱"":""凌通            "",""外陸資買進股數(不含外資自營商)"":""83,010"",""外陸資賣出股數(不含外資自營商)"":""28,000"",""外陸資買賣超股數(不含外資自營商)"":""55,010"",""外資自營商買進股數"":""0"",""外資自營商賣出股數"":""0"",""外資自營商買賣超股數"":""0"",""投信買進股數"":""0"",""投信賣出股數"":""0"",""投信買賣超股數"":""0"",""自營商買賣超股數"":""-248"",""自營商買進股數(自行買賣)"":""0"",""自營商賣出股數(自行買賣)"":""0"",""自營商買賣超股數(自行買賣)"":""0"",""自營商買進股數(避險)"":""0"",""自營商賣出股數(避險)"":""248"",""自營商買賣超股數(避險)"":""-248"",""三大法人買賣超股數"":""54,762""}"
2026-09-29,TWSE,6658,聯策            ,95000,41322,53678,0,0,0,1000,49,951,"{""證券代號"":""6658"",""證券名稱"":""聯策            "",""外陸資買進股數(不含外資自營商)"":""95,000"",""外陸資賣出股數(不含外資自營商)"":""41,322"",""外陸資買賣超股數(不含外資自營商)"":""53,678"",""外資自營商買進股數"":""0"",""外資自營商賣出股數"":""0"",""外資自營商買賣超股數"":""0"",""投信買進股數"":""0"",""投信賣出股數"":""0"",""投信買賣超股數"":""0"",""自營商買賣超股數"":""951"",""自營商買進股數(自行買賣)"":""0"",""自營商賣出股數(自行買賣)"":""0"",""自營商買賣超股數(自行買賣)"":""0"",""自營商買進股數(避險)"":""1,000"",""自營商賣出股數(避險)"":""49"",""自營商買賣超股數(避險)"":""951"",""三大法人買賣超股數"":""54,629""}"
2026-09-29,TWSE,6197,佳必琪          ,230712,164000,66712,0,0,0,7328,19201,-12545,"{""證券代號"":""6197"",""證券名稱"":""佳必琪          "",""外陸資買進股數(不含外資自營商)"":""230,712"",""外陸資賣出股數(不含外資自營商)"":""164,000"",""外陸資買賣超股數(不含外資自營商)"":""66,712"",""外資自營商買進股數"":""0"",""外資自營商賣出股數"":""0"",""外資自營商買賣超股數"":""0"",""投信買進股數"":""0"",""投信賣出股數"":""0"",""投信買賣超股數"":""0"",""自營商買賣超股數"":""-12,545"",""自營商買進股數(自行買賣)"":""1,000"",""自營商賣出股數(自行買賣)"":""1,672"",""自營商買賣超股數(自行買賣)"":""-672"",""自營商買進股數(避險)"":""7,328"",""自營商賣出股數(避險)"":""19,201"",""自營商買賣超股數(避險)"":""-11,873"",""三大法人買賣超股數"":""54,167""}"
2026-09-29,TWSE,9911,櫻花            ,109026,53000,56026,0,0,0,0,0,-2000,"{""證券代號"":""9911"",""證券名稱"":""櫻花            "",""外陸資買進股數(不含外資自營商)"":""109,026"",""外陸資賣出股數(不含外資自營商)"":""53,000"",""外陸資買賣超股數(不含外資自營商)"":""56,026"",""外資自營商買進股數"":""0"",""外資自營商賣出股數"":""0"",""外資自營商買賣超股數"":""0"",""投信買進股數"":""0"",""投信賣出股數"":""0"",""投信買賣超股數"":""0"",""自營商買賣超股數"":""-2,000"",""自營商買進股數(自行買賣)"":""0"",""自營商賣出股數(自行買賣)"":""2,000"",""自營商買賣超股數(自行買賣)"":""-2,000"",""自營商買進股數(避險)"":""0"",""自營商賣出股數(避險)"":""0"",""自營商買賣超股數(避險)"":""0"",""三大法人買賣超股數"":""54,026""}"
2026-09-29,TWSE,8016,矽創            ,221025,185000,36025,18000,2000,16000,2000,0,2000,"{""證券代號"":""8016"",""證券名稱"":""矽創            "",""外陸資買進股數(不含外資自營商)"":""221,025"",""外陸資賣出股數(不含外資自營商)"":""185,000"",""外陸資買賣超股數(不含外資自營商)"":""36,025"",""外資自營商買進股數"":""0"",""外資自營商賣出股數"":""0"",""外資自營商買賣超股數"":""0"",""投信買進股數"":""18,000"",""投信賣出股數"":""2,000"",""投信買賣超股數"":""16,000"",""自營商買賣超股數"":""2,000"",""自營商買進股數(自行買賣)"":""0"",""自營商賣出股數(自行買賣)"":""0"",""自營商買賣超股數(自行買賣)"":""0"",""自營商買進股數(避險)"":""2,000"",""自營商賣出股數(避險)"":""0"",""自營商買賣超股數(避險)"":""2,000"",""三大法人買賣超股數"":""54,025""}"
2026-09-29,TWSE,4562,穎漢            ,65000,11000,54000,0,0,0,0,0,16,"{""證券代號"":""4562"",""證券名稱"":""穎漢            "",""外陸資買進股數(不含外資自營商)"":""65,000"",""外陸資賣出股數(不含外資自營商)"":""11,000"",""外陸資買賣超股數(不含外資自營商)"":""54,000"",""外資自營商買進股數"":""0"",""外資自營商賣出股數"":""0"",""外資自營商買賣超股數"":""0"",""投信買進股數"":""0"",""投信賣出股數"":""0"",""投信買賣超股數"":""0"",""自營商買賣超股數"":""16"",""自營商買進股數(自行買賣)"":""16"",""自營商賣出股數(自行買賣)"":""0"",""自營商買賣超股數(自行買賣)"":""16"",""自營商買進股數(避險)"":""0"",""自營商賣出股數(避險)"":""0"",""自營商買賣超股數(避險)"":""0"",""三大法人買賣超股數"":""54,016""}"
2026-09-29,TWSE,6719,力智            ,219332,175993,43339,10000,0,10000,2002,1860,142,"{""證券代號"":""6719"",""證券名稱"":""力智            "",""外陸資買進股數(不含外資自營商)"":""219,332"",""外陸資賣出股數(不含外資自營商)"":""175,993"",""外陸資買賣超股數(不含外資自營商)"":""43,339"",""外資自營商買進股數"":""0"",""外資自營商賣出股數"":""0"",""外資自營商買賣超股數"":""0"",""投信買進股數"":""10,000"",""投信賣出股數"":""0"",""投信買賣超股數"":""10,000"",""自營商買賣超股數"":""142"",""自營商買進股數(自行買賣)"":""0"",""自營商賣出股數(自行買賣)"":""0"",""自營商買賣超股數(自行買賣)"":""0"",""自營商買進股數(避險)"":""2,002"",""自營商賣出股數(避險)"":""1,860"",""自營商買賣超股數(避險)"":""142"",""三大法人買賣超股數"":""53,481""}"
2026-09-29,TWSE,3058,立德            ,78000,26000,52000,0,0,0,0,0,0,"{""證券代號"":""3058"",""證券名稱"":""立德            "",""外陸資買進股數(不含外資自營商)"":""78,000"",""外陸資賣出股數(不含外資自營商)"":""26,000"",""外陸資買賣超股數(不含外資自營商)"":""52,000"",""外資自營商買進股數"":""0"",""外資自營商賣出股數"":""0"",""外資自營商買賣超股數"":""0"",""投信買進股數"":""0"",""投信賣出股數"":""0"",""投信買賣超股數"":""0"",""自營商買賣超股數"":""0"",""自營商買進股數(自行買賣)"":""0"",""自營商賣出股數(自行買賣)"":""0"",""自營商買賣超股數(自行買賣)"":""0"",""自營商買進股數(避險)"":""0"",""自營商賣出股數(避險)"":""0"",""自營商買賣超股數(避險)"":""0"",""三大法人買賣超股數"":""52,000""}"
2026-09-29,TWSE,9940,信義            ,129000,82000,47000,0,0,0,15000,10861,4139,"{""證券代號"":""9940"",""證券名稱"":""信義            "",""外陸資買進股數(不含外資自營商)"":""129,000"",""外陸資賣出股數(不含外資自營商)"":""82,000"",""外陸資買賣超股數(不含外資自營商)"":""47,000"",""外資自營商買進股數"":""0"",""外資自營商賣出股數"":""0"",""外資自營商買賣超股數"":""0"",""投信買進股數"":""0"",""投信賣出股數"":""0"",""投信買賣超股數"":""0"",""自營商買賣超股數"":""4,139"",""自營商買進股數(自行買賣)"":""0"",""自營商賣出股數(自行買賣)"":""0"",""自營商買賣超股數(自行買賣)"":""0"",""自營商買進股數(避險)"":""15,000"",""自營商賣出股數(避險)"":""10,861"",""自營商買賣超股數(避險)"":""4,139"",""三大法人買賣超股數"":""51,139""}"
2026-09-29,TWSE,8201,無敵            ,57000,11000,46000,0,0,0,0,0,3728,"{""證券代號"":""8201"",""證券名稱"":""無敵            "",""外陸資買進股數(不含外資自營商)"":""57,000"",""外陸資賣出股數(不含外資自營商)"":""11,000"",""外陸資買賣超股數(不含外資自營商)"":""46,000"",""外資自營商買進股數"":""0"",""外資自營商賣出股數"":""0"",""外資自營商買賣超股數"":""0"",""投信買進股數"":""0"",""投信賣出股數"":""0"",""投信買賣超股數"":""0"",""自營商買賣超股數"":""3,728"",""自營商買進股數(自行買賣)"":""3,728"",""自營商賣出股數(自行買賣)"":""0"",""自營商買賣超股數(自行買賣)"":""3,728"",""自營商買進股數(避險)"":""0"",""自營商賣出股數(避險)"":""0"",""自營商買賣超股數(避險)"":""0"",""三大法人買賣超股數"":""49,728""}"
2026-09-29,TWSE,7788,松川精密        ,367420,294000,73420,0,0,0,128,24319,-24256,"{""證券代號"":""7788"",""證券名稱"":""松川精密        "",""外陸資買進股數(不含外資自營商)"":""367,420"",""外陸資賣出股數(不含外資自營商)"":""294,000"",""外陸資買賣超股數(不含外資自營商)"":""73,420"",""外資自營商買進股數"":""0"",""外資自營商賣出股數"":""0"",""外資自營商買賣超股數"":""0"",""投信買進股數"":""0"",""投信賣出股數"":""0"",""投信買賣超股數"":""0"",""自營商買賣超股數"":""-24,256"",""自營商買進股數(自行買賣)"":""1,000"",""自營商賣出股數(自行買賣)"":""1,065"",""自營商買賣超股數(自行買賣)"":""-65"",""自營商買進股數(避險)"":""128"",""自營商賣出股數(避險)"":""24,319"",""自營商買賣超股數(避險)"":""-24,191"",""三大法人買賣超股數"":""49,164""}"
2026-09-29,TWSE,3622,洋華            ,79000,32000,47000,0,0,0,95,0,2095,"{""證券代號"":""3622"",""證券名稱"":""洋華            "",""外陸資買進股數(不含外資自營商)"":""79,000"",""外陸資賣出股數(不含外資自營商)"":""32,000"",""外陸資買賣超股數(不含外資自營商)"":""47,000"",""外資自營商買進股數"":""0"",""外資自營商賣出股數"":""0"",""外資自營商買賣超股數"":""0"",""投信買進股數"":""0"",""投信賣出股數"":""0"",""投信買賣超股數"":""0"",""自營商買賣超股數"":""2,095"",""自營商買進股數(自行買賣)"":""2,000"",""自營商賣出股數(自行買賣)"":""0"",""自營商買賣超股數(自行買賣)"":""2,000"",""自營商買進股數(避險)"":""95"",""自營商賣出股數(避險)"":""0"",""自營商買賣超股數(避險)"":""95"",""三大法人買賣超股數"":""49,095""}"
2026-09-29,TWSE,00996A,主動兆豐台灣豐收,183000,53000,130000,0,0,0,142163,223644,-81481,"{""證券代號"":""00996A"",""證券名稱"":""主動兆豐台灣豐收"",""外陸資買進股數(不含外資自營商)"":""183,000"",""外陸資賣出股數(不含外資自營商)"":""53,000"",""外陸資買賣超股數(不含外資自營商)"":""130,000"",""外資自營商買進股數"":""0"",""外資自營商賣出股數"":""0"",""外資自營商買賣超股數"":""0"",""投信買進股數"":""0"",""投信賣出股數"":""0"",""投信買賣超股數"":""0"",""自營商買賣超股數"":""-81,481"",""自營商買進股數(自行買賣)"":""0"",""自營商賣出股數(自行買賣)"":""0"",""自營商買賣超股數(自行買賣)"":""0"",""自營商買進股數(避險)"":""142,163"",""自營商賣出股數(避險)"":""223,644"",""自營商買賣超股數(避險)"":""-81,481"",""三大法人買賣超股數"":""48,519""}"
2026-09-29,TWSE,1702,南僑            ,109000,60499,48501,0,0,0,0,0,-185,"{""證券代號"":""1702"",""證券名稱"":""南僑            "",""外陸資買進股數(不含外資自營商)"":""109,000"",""外陸資賣出股數(不含外資自營商)"":""60,499"",""外陸資買賣超股數(不含外資自營商)"":""48,501"",""外資自營商買進股數"":""0"",""外資自營商賣出股數"":""0"",""外資自營商買賣超股數"":""0"",""投信買進股數"":""0"",""投信賣出股數"":""0"",""投信買賣超股數"":""0"",""自營商買賣超股數"":""-185"",""自營商買進股數(自行買賣)"":""0"",""自營商賣出股數(自行買賣)"":""185"",""自營商買賣超股數(自行買賣)"":""-185"",""自營商買進股數(避險)"":""0"",""自營商賣出股數(避險)"":""0"",""自營商買賣超股數(避險)"":""0"",""三大法人買賣超股數"":""48,316""}"
2026-09-29,TWSE,7730,暉盛-創         ,53000,5000,48000,0,0,0,1,115,-114,"{""證券代號"":""7730"",""證券名稱"":""暉盛-創         "",""外陸資買進股數(不含外資自營商)"":""53,000"",""外陸資賣出股數(不含外資自營商)"":""5,000"",""外陸資買賣超股數(不含外資自營商)"":""48,000"",""外資自營商買進股數"":""0"",""外資自營商賣出股數"":""0"",""外資自營商買賣超股數"":""0"",""投信買進股數"":""0"",""投信賣出股數"":""0"",""投信買賣超股數"":""0"",""自營商買賣超股數"":""-114"",""自營商買進股數(自行買賣)"":""0"",""自營商賣出股數(自行買賣)"":""0"",""自營商買賣超股數(自行買賣)"":""0"",""自營商買進股數(避險)"":""1"",""自營商賣出股數(避險)"":""115"",""自營商買賣超股數(避險)"":""-114"",""三大法人買賣超股數"":""47,886""}"
2026-09-29,TWSE,00683L,期元大美元指正2 ,0,0,0,0,0,0,142058,94555,47503,"{""證券代號"":""00683L"",""證券名稱"":""期元大美元指正2 "",""外陸資買進股數(不含外資自營商)"":""0"",""外陸資賣出股數(不含外資自營商)"":""0"",""外陸資買賣超股數(不含外資自營商)"":""0"",""外資自營商買進股數"":""0"",""外資自營商賣出股數"":""0"",""外資自營商買賣超股數"":""0"",""投信買進股數"":""0"",""投信賣出股數"":""0"",""投信買賣超股數"":""0"",""自營商買賣超股數"":""47,503"",""自營商買進股數(自行買賣)"":""0"",""自營商賣出股數(自行買賣)"":""0"",""自營商買賣超股數(自行買賣)"":""0"",""自營商買進股數(避險)"":""142,058"",""自營商賣出股數(避險)"":""94,555"",""自營商買賣超股數(避險)"":""47,503"",""三大法人買賣超股數"":""47,503""}"
2026-09-29,TWSE,2468,華經            ,49000,2000,47000,0,0,0,0,0,0,"{""證券代號"":""2468"",""證券名稱"":""華經            "",""外陸資買進股數(不含外資自營商)"":""49,000"",""外陸資賣出股數(不含外資自營商)"":""2,000"",""外陸資買賣超股數(不含外資自營商)"":""47,000"",""外資自營商買進股數"":""0"",""外資自營商賣出股數"":""0"",""外資自營商買賣超股數"":""0"",""投信買進股數"":""0"",""投信賣出股數"":""0"",""投信買賣超股數"":""0"",""自營商買賣超股數"":""0"",""自營商買進股數(自行買賣)"":""0"",""自營商賣出股數(自行買賣)"":""0"",""自營商買賣超股數(自行買賣)"":""0"",""自營商買進股數(避險)"":""0"",""自營商賣出股數(避險)"":""0"",""自營商買賣超股數(避險)"":""0"",""三大法人買賣超股數"":""47,000""}"
2026-09-29,TWSE,6944,兆聯實業        ,259070,214219,44851,0,0,0,22284,19192,2092,"{""證券代號"":""6944"",""證券名稱"":""兆聯實業        "",""外陸資買進股數(不含外資自營商)"":""259,070"",""外陸資賣出股數(不含外資自營商)"":""214,219"",""外陸資買賣超股數(不含外資自營商)"":""44,851"",""外資自營商買進股數"":""0"",""外資自營商賣出股數"":""0"",""外資自營商買賣超股數"":""0"",""投信買進股數"":""0"",""投信賣出股數"":""0"",""投信買賣超股數"":""0"",""自營商買賣超股數"":""2,092"",""自營商買進股數(自行買賣)"":""0"",""自營商賣出股數(自行買賣)"":""1,000"",""自營商買賣超股數(自行買賣)"":""-1,000"",""自營商買進股數(避險)"":""22,284"",""自營商賣出股數(避險)"":""19,192"",""自營商買賣超股數(避險)"":""3,092"",""三大法人買賣超股數"":""46,943""}"
2026-09-29,TWSE,2415,錩新            ,85000,39000,46000,0,0,0,0,0,0,"{""證券代號"":""2415"",""證券名稱"":""錩新            "",""外陸資買進股數(不含外資自營商)"":""85,000"",""外陸資賣出股數(不含外資自營商)"":""39,000"",""外陸資買賣超股數(不含外資自營商)"":""46,000"",""外資自營商買進股數"":""0"",""外資自營商賣出股數"":""0"",""外資自營商買賣超股數"":""0"",""投信買進股數"":""0"",""投信賣出股數"":""0"",""投信買賣超股數"":""0"",""自營商買賣超股數"":""0"",""自營商買進股數(自行買賣)"":""0"",""自營商賣出股數(自行買賣)"":""0"",""自營商買賣超股數(自行買賣)"":""0"",""自營商買進股數(避險)"":""0"",""自營商賣出股數(避險)"":""0"",""自營商買賣超股數(避險)"":""0"",""三大法人買賣超股數"":""46,000""}"
2026-09-29,TWSE,2455,全新            ,374020,483329,-109309,35000,0,35000,87873,2359,119416,"{""證券代號"":""2455"",""證券名稱"":""全新            "",""外陸資買進股數(不含外資自營商)"":""374,020"",""外陸資賣出股數(不含外資自營商)"":""483,329"",""外陸資買賣超股數(不含外資自營商)"":""-109,309"",""外資自營商買進股數"":""0"",""外資自營商賣出股數"":""0"",""外資自營商買賣超股數"":""0"",""投信買進股數"":""35,000"",""投信賣出股數"":""0"",""投信買賣超股數"":""35,000"",""自營商買賣超股數"":""119,416"",""自營商買進股數(自行買賣)"":""84,927"",""自營商賣出股數(自行買賣)"":""51,025"",""自營商買賣超股數(自行買賣)"":""33,902"",""自營商買進股數(避險)"":""87,873"",""自營商賣出股數(避險)"":""2,359"",""自營商買賣超股數(避險)"":""85,514"",""三大法人買賣超股數"":""45,107""}"
2026-09-29,TWSE,3092,鴻碩            ,91000,46000,45000,0,0,0,0,0,0,"{""證券代號"":""3092"",""證券名稱"":""鴻碩            "",""外陸資買進股數(不含外資自營商)"":""91,000"",""外陸資賣出股數(不含外資自營商)"":""46,000"",""外陸資買賣超股數(不含外資自營商)"":""45,000"",""外資自營商買進股數"":""0"",""外資自營商賣出股數"":""0"",""外資自營商買賣超股數"":""0"",""投信買進股數"":""0"",""投信賣出股數"":""0"",""投信買賣超股數"":""0"",""自營商買賣超股數"":""0"",""自營商買進股數(自行買賣)"":""0"",""自營商賣出股數(自行買賣)"":""0"",""自營商買賣超股數(自行買賣)"":""0"",""自營商買進股數(避險)"":""0"",""自營商賣出股數(避險)"":""0"",""自營商買賣超股數(避險)"":""0"",""三大法人買賣超股數"":""45,000""}"
2026-09-29,TWSE,1466,聚隆            ,75000,32000,43000,0,0,0,0,0,0,"{""證券代號"":""1466"",""證券名稱"":""聚隆            "",""外陸資買進股數(不含外資自營商)"":""75,000"",""外陸資賣出股數(不含外資自營商)"":""32,000"",""外陸資買賣超股數(不含外資自營商)"":""43,000"",""外資自營商買進股數"":""0"",""外資自營商賣出股數"":""0"",""外資自營商買賣超股數"":""0"",""投信買進股數"":""0"",""投信賣出股數"":""0"",""投信買賣超股數"":""0"",""自營商買賣超股數"":""0"",""自營商買進股數(自行買賣)"":""2,000"",""自營商賣出股數(自行買賣)"":""2,000"",""自營商買賣超股數(自行買賣)"":""0"",""自營商買進股數(避險)"":""0"",""自營商賣出股數(避險)"":""0"",""自營商買賣超股數(避險)"":""0"",""三大法人買賣超股數"":""43,000""}"
2026-09-29,TWSE,4934,太極            ,64000,24150,39850,0,0,0,0,0,2000,"{""證券代號"":""4934"",""證券名稱"":""太極            "",""外陸資買進股數(不含外資自營商)"":""64,000"",""外陸資賣出股數(不含外資自營商)"":""24,150"",""外陸資買賣超股數(不含外資自營商)"":""39,850"",""外資自營商買進股數"":""0"",""外資自營商賣出股數"":""0"",""外資自營商買賣超股數"":""0"",""投信買進股數"":""0"",""投信賣出股數"":""0"",""投信買賣超股數"":""0"",""自營商買賣超股數"":""2,000"",""自營商買進股數(自行買賣)"":""2,000"",""自營商賣出股數(自行買賣)"":""0"",""自營商買賣超股數(自行買賣)"":""2,000"",""自營商買進股數(避險)"":""0"",""自營商賣出股數(避險)"":""0"",""自營商買賣超股數(避險)"":""0"",""三大法人買賣超股數"":""41,850""}"
2026-09-29,TWSE,3257,虹冠電          ,84109,44000,40109,0,0,0,0,0,0,"{""證券代號"":""3257"",""證券名稱"":""虹冠電          "",""外陸資買進股數(不含外資自營商)"":""84,109"",""外陸資賣出股數(不含外資自營商)"":""44,000"",""外陸資買賣超股數(不含外資自營商)"":""40,109"",""外資自營商買進股數"":""0"",""外資自營商賣出股數"":""0"",""外資自營商買賣超股數"":""0"",""投信買進股數"":""0"",""投信賣出股數"":""0"",""投信買賣超股數"":""0"",""自營商買賣超股數"":""0"",""自營商買進股數(自行買賣)"":""0"",""自營商賣出股數(自行買賣)"":""0"",""自營商買賣超股數(自行買賣)"":""0"",""自營商買進股數(避險)"":""0"",""自營商賣出股數(避險)"":""0"",""自營商買賣超股數(避險)"":""0"",""三大法人買賣超股數"":""40,109""}"
2026-09-29,TWSE,2539,櫻花建          ,433410,375520,57890,0,26620,-26620,0,0,5783,"{""證券代號"":""2539"",""證券名稱"":""櫻花建          "",""外陸資買進股數(不含外資自營商)"":""433,410"",""外陸資賣出股數(不含外資自營商)"":""375,520"",""外陸資買賣超股數(不含外資自營商)"":""57,890"",""外資自營商買進股數"":""0"",""外資自營商賣出股數"":""0"",""外資自營商買賣超股數"":""0"",""投信買進股數"":""0"",""投信賣出股數"":""26,620"",""投信買賣超股數"":""-26,620"",""自營商買賣超股數"":""5,783"",""自營商買進股數(自行買賣)"":""9,000"",""自營商賣出股數(自行買賣)"":""3,217"",""自營商買賣超股數(自行買賣)"":""5,783"",""自營商買進股數(避險)"":""0"",""自營商賣出股數(避險)"":""0"",""自營商買賣超股數(避險)"":""0"",""三大法人買賣超股數"":""37,053""}"
2026-09-29,TWSE,7749,意騰-KY         ,99000,70000,29000,10000,0,10000,0,2661,-2661,"{""證券代號"":""7749"",""證券名稱"":""意騰-KY         "",""外陸資買進股數(不含外資自營商)"":""99,000"",""外陸資賣出股數(不含外資自營商)"":""70,000"",""外陸資買賣超股數(不含外資自營商)"":""29,000"",""外資自營商買進股數"":""0"",""外資自營商賣出股數"":""0"",""外資自營商買賣超股數"":""0"",""投信買進股數"":""10,000"",""投信賣出股數"":""0"",""投信買賣超股數"":""10,000"",""自營商買賣超股數"":""-2,661"",""自營商買進股數(自行買賣)"":""0"",""自營商賣出股數(自行買賣)"":""0"",""自營商買賣超股數(自行買賣)"":""0"",""自營商買進股數(避險)"":""0"",""自營商賣出股數(避險)"":""2,661"",""自營商買賣超股數(避險)"":""-2,661"",""三大法人買賣超股數"":""36,339""}"
2026-09-29,TWSE,3588,通嘉            ,59110,23000,36110,0,0,0,131,0,131,"{""證券代號"":""3588"",""證券名稱"":""通嘉            "",""外陸資買進股數(不含外資自營商)"":""59,110"",""外陸資賣出股數(不含外資自營商)"":""23,000"",""外陸資買賣超股數(不含外資自營商)"":""36,110"",""外資自營商買進股數"":""0"",""外資自營商賣出股數"":""0"",""外資自營商買賣超股數"":""0"",""投信買進股數"":""0"",""投信賣出股數"":""0"",""投信買賣超股數"":""0"",""自營商買賣超股數"":""131"",""自營商買進股數(自行買賣)"":""0"",""自營商賣出股數(自行買賣)"":""0"",""自營商買賣超股數(自行買賣)"":""0"",""自營商買進股數(避險)"":""131"",""自營商賣出股數(避險)"":""0"",""自營商買賣超股數(避險)"":""131"",""三大法人買賣超股數"":""36,241""}"
2026-09-29,TWSE,1563,巧新            ,252456,210859,41597,0,0,0,265,0,-5735,"{""證券代號"":""1563"",""證券名稱"":""巧新            "",""外陸資買進股數(不含外資自營商)"":""252,456"",""外陸資賣出股數(不含外資自營商)"":""210,859"",""外陸資買賣超股數(不含外資自營商)"":""41,597"",""外資自營商買進股數"":""0"",""外資自營商賣出股數"":""0"",""外資自營商買賣超股數"":""0"",""投信買進股數"":""0"",""投信賣出股數"":""0"",""投信買賣超股數"":""0"",""自營商買賣超股數"":""-5,735"",""自營商買進股數(自行買賣)"":""0"",""自營商賣出股數(自行買賣)"":""6,000"",""自營商買賣超股數(自行買賣)"":""-6,000"",""自營商買進股數(避險)"":""265"",""自營商賣出股數(避險)"":""0"",""自營商買賣超股數(避險)"":""265"",""三大法人買賣超股數"":""35,862""}"
2026-09-29,TWSE,1560,中砂            ,527553,480828,46725,2000,0,2000,5658,12449,-14115,"{""證券代號"":""1560"",""證券名稱"":""中砂            "",""外陸資買進股數(不含外資自營商)"":""527,553"",""外陸資賣出股數(不含外資自營商)"":""480,828"",""外陸資買賣超股數(不含外資自營商)"":""46,725"",""外資自營商買進股數"":""0"",""外資自營商賣出股數"":""0"",""外資自營商買賣超股數"":""0"",""投信買進股數"":""2,000"",""投信賣出股數"":""0"",""投信買賣超股數"":""2,000"",""自營商買賣超股數"":""-14,115"",""自營商買進股數(自行買賣)"":""11,000"",""自營商賣出股數(自行買賣)"":""18,324"",""自營商買賣超股數(自行買賣)"":""-7,324"",""自營商買進股數(避險)"":""5,658"",""自營商賣出股數(避險)"":""12,449"",""自營商買賣超股數(避險)"":""-6,791"",""三大法人買賣超股數"":""34,610""}"
2026-09-29,TWSE,4916,事欣科          ,230312,144000,86312,0,0,0,4099,56138,-52039,"{""證券代號"":""4916"",""證券名稱"":""事欣科          "",""外陸資買進股數(不含外資自營商)"":""230,312"",""外陸資賣出股數(不含外資自營商)"":""144,000"",""外陸資買賣超股數(不含外資自營商)"":""86,312"",""外資自營商買進股數"":""0"",""外資自營商賣出股數"":""0"",""外資自營商買賣超股數"":""0"",""投信買進股數"":""0"",""投信賣出股數"":""0"",""投信買賣超股數"":""0"",""自營商買賣超股數"":""-52,039"",""自營商買進股數(自行買賣)"":""0"",""自營商賣出股數(自行買賣)"":""0"",""自營商買賣超股數(自行買賣)"":""0"",""自營商買進股數(避險)"":""4,099"",""自營商賣出股數(避險)"":""56,138"",""自營商買賣超股數(避險)"":""-52,039"",""三大法人買賣超股數"":""34,273""}"
2026-09-29,TWSE,2414,精技            ,55495,28000,27495,0,0,0,0,0,6000,"{""證券代號"":""2414"",""證券名稱"":""精技            "",""外陸資買進股數(不含外資自營商)"":""55,495"",""外陸資賣出股數(不含外資自營商)"":""28,000"",""外陸資買賣超股數(不含外資自營商)"":""27,495"",""外資自營商買進股數"":""0"",""外資自營商賣出股數"":""0"",""外資自營商買賣超股數"":""0"",""投信買進股數"":""0"",""投信賣出股數"":""0"",""投信買賣超股數"":""0"",""自營商買賣超股數"":""6,000"",""自營商買進股數(自行買賣)"":""8,000"",""自營商賣出股數(自行買賣)"":""2,000"",""自營商買賣超股數(自行買賣)"":""6,000"",""自營商買進股數(避險)"":""0"",""自營商賣出股數(避險)"":""0"",""自營商買賣超股數(避險)"":""0"",""三大法人買賣超股數"":""33,495""}"
2026-09-29,TWSE,5269,祥碩            ,128852,104768,24084,0,1000,-1000,16695,5618,10077,"{""證券代號"":""5269"",""證券名稱"":""祥碩            "",""外陸資買進股數(不含外資自營商)"":""128,852"",""外陸資賣出股數(不含外資自營商)"":""104,768"",""外陸資買賣超股數(不含外資自營商)"":""24,084"",""外資自營商買進股數"":""0"",""外資自營商賣出股數"":""0"",""外資自營商買賣超股數"":""0"",""投信買進股數"":""0"",""投信賣出股數"":""1,000"",""投信買賣超股數"":""-1,000"",""自營商買賣超股數"":""10,077"",""自營商買進股數(自行買賣)"":""1,000"",""自營商賣出股數(自行買賣)"":""2,000"",""自營商買賣超股數(自行買賣)"":""-1,000"",""自營商買進股數(避險)"":""16,695"",""自營商賣出股數(避險)"":""5,618"",""自營商買賣超股數(避險)"":""11,077"",""三大法人買賣超股數"":""33,161""}"
2026-09-29,TWSE,2417,圓剛            ,135000,102000,33000,0,0,0,0,0,0,"{""證券代號"":""2417"",""證券名稱"":""圓剛            "",""外陸資買進股數(不含外資自營商)"":""135,000"",""外陸資賣出股數(不含外資自營商)"":""102,000"",""外陸資買賣超股數(不含外資自營商)"":""33,000"",""外資自營商買進股數"":""0"",""外資自營商賣出股數"":""0"",""外資自營商買賣超股數"":""0"",""投信買進股數"":""0"",""投信賣出股數"":""0"",""投信買賣超股數"":""0"",""自營商買賣超股數"":""0"",""自營商買進股數(自行買賣)"":""0"",""自營商賣出股數(自行買賣)"":""0"",""自營商買賣超股數(自行買賣)"":""0"",""自營商買進股數(避險)"":""0"",""自營商賣出股數(避險)"":""0"",""自營商買賣超股數(避險)"":""0"",""三大法人買賣超股數"":""33,000""}"
2026-09-29,TWSE,2483,百容            ,104000,72000,32000,0,0,0,0,0,1000,"{""證券代號"":""2483"",""證券名稱"":""百容            "",""外陸資買進股數(不含外資自營商)"":""104,000"",""外陸資賣出股數(不含外資自營商)"":""72,000"",""外陸資買賣超股數(不含外資自營商)"":""32,000"",""外資自營商買進股數"":""0"",""外資自營商賣出股數"":""0"",""外資自營商買賣超股數"":""0"",""投信買進股數"":""0"",""投信賣出股數"":""0"",""投信買賣超股數"":""0"",""自營商買賣超股數"":""1,000"",""自營商買進股數(自行買賣)"":""2,000"",""自營商賣出股數(自行買賣)"":""1,000"",""自營商買賣超股數(自行買賣)"":""1,000"",""自營商買進股數(避險)"":""0"",""自營商賣出股數(避險)"":""0"",""自營商買賣超股數(避險)"":""0"",""三大法人買賣超股數"":""33,000""}"
2026-09-29,TWSE,9910,豐泰            ,498221,473216,25005,9000,0,9000,22,1029,-1089,"{""證券代號"":""9910"",""證券名稱"":""豐泰            "",""外陸資買進股數(不含外資自營商)"":""498,221"",""外陸資賣出股數(不含外資自營商)"":""473,216"",""外陸資買賣超股數(不含外資自營商)"":""25,005"",""外資自營商買進股數"":""0"",""外資自營商賣出股數"":""0"",""外資自營商買賣超股數"":""0"",""投信買進股數"":""9,000"",""投信賣出股數"":""0"",""投信買賣超股數"":""9,000"",""自營商買賣超股數"":""-1,089"",""自營商買進股數(自行買賣)"":""2,000"",""自營商賣出股數(自行買賣)"":""2,082"",""自營商買賣超股數(自行買賣)"":""-82"",""自營商買進股數(避險)"":""22"",""自營商賣出股數(避險)"":""1,029"",""自營商買賣超股數(避險)"":""-1,007"",""三大法人買賣超股數"":""32,916""}"
2026-09-29,TWSE,3011,今皓            ,55000,24000,31000,0,0,0,0,0,0,"{""證券代號"":""3011"",""證券名稱"":""今皓            "",""外陸資買進股數(不含外資自營商)"":""55,000"",""外陸資賣出股數(不含外資自營商)"":""24,000"",""外陸資買賣超股數(不含外資自營商)"":""31,000"",""外資自營商買進股數"":""0"",""外資自營商賣出股數"":""0"",""外資自營商買賣超股數"":""0"",""投信買進股數"":""0"",""投信賣出股數"":""0"",""投信買賣超股數"":""0"",""自營商買賣超股數"":""0"",""自營商買進股數(自行買賣)"":""0"",""自營商賣出股數(自行買賣)"":""0"",""自營商買賣超股數(自行買賣)"":""0"",""自營商買進股數(避險)"":""0"",""自營商賣出股數(避險)"":""0"",""自營商買賣超股數(避險)"":""0"",""三大法人買賣超股數"":""31,000""}"
2026-09-29,TWSE,3164,景岳            ,38000,7000,31000,0,0,0,0,0,0,"{""證券代號"":""3164"",""證券名稱"":""景岳            "",""外陸資買進股數(不含外資自營商)"":""38,000"",""外陸資賣出股數(不含外資自營商)"":""7,000"",""外陸資買賣超股數(不含外資自營商)"":""31,000"",""外資自營商買進股數"":""0"",""外資自營商賣出股數"":""0"",""外資自營商買賣超股數"":""0"",""投信買進股數"":""0"",""投信賣出股數"":""0"",""投信買賣超股數"":""0"",""自營商買賣超股數"":""0"",""自營商買進股數(自行買賣)"":""0"",""自營商賣出股數(自行買賣)"":""0"",""自營商買賣超股數(自行買賣)"":""0"",""自營商買進股數(避險)"":""0"",""自營商賣出股數(避險)"":""0"",""自營商買賣超股數(避險)"":""0"",""三大法人買賣超股數"":""31,000""}"
2026-09-29,TWSE,1590,亞德客-KY       ,850441,801504,48937,0,19000,-19000,5506,4958,548,"{""證券代號"":""1590"",""證券名稱"":""亞德客-KY       "",""外陸資買進股數(不含外資自營商)"":""850,441"",""外陸資賣出股數(不含外資自營商)"":""801,504"",""外陸資買賣超股數(不含外資自營商)"":""48,937"",""外資自營商買進股數"":""0"",""外資自營商賣出股數"":""0"",""外資自營商買賣超股數"":""0"",""投信買進股數"":""0"",""投信賣出股數"":""19,000"",""投信買賣超股數"":""-19,000"",""自營商買賣超股數"":""548"",""自營商買進股數(自行買賣)"":""0"",""自營商賣出股數(自行買賣)"":""0"",""自營商買賣超股數(自行買賣)"":""0"",""自營商買進股數(避險)"":""5,506"",""自營商賣出股數(避險)"":""4,958"",""自營商買賣超股數(避險)"":""548"",""三大法人買賣超股數"":""30,485""}"
2026-09-29,TWSE,7740,熙特爾-創       ,102000,71000,31000,0,0,0,10416,10959,-548,"{""證券代號"":""7740"",""證券名稱"":""熙特爾-創       "",""外陸資買進股數(不含外資自營商)"":""102,000"",""外陸資賣出股數(不含外資自營商)"":""71,000"",""外陸資買賣超股數(不含外資自營商)"":""31,000"",""外資自營商買進股數"":""0"",""外資自營商賣出股數"":""0"",""外資自營商買賣超股數"":""0"",""投信買進股數"":""0"",""投信賣出股數"":""0"",""投信買賣超股數"":""0"",""自營商買賣超股數"":""-548"",""自營商買進股數(自行買賣)"":""0"",""自營商賣出股數(自行買賣)"":""5"",""自營商買賣超股數(自行買賣)"":""-5"",""自營商買進股數(避險)"":""10,416"",""自營商賣出股數(避險)"":""10,959"",""自營商買賣超股數(避險)"":""-543"",""三大法人買賣超股數"":""30,452""}"
2026-09-29,TWSE,6689,伊雲谷          ,48022,18000,30022,0,0,0,0,0,0,"{""證券代號"":""6689"",""證券名稱"":""伊雲谷          "",""外陸資買進股數(不含外資自營商)"":""48,022"",""外陸資賣出股數(不含外資自營商)"":""18,000"",""外陸資買賣超股數(不含外資自營商)"":""30,022"",""外資自營商買進股數"":""0"",""外資自營商賣出股數"":""0"",""外資自營商買賣超股數"":""0"",""投信買進股數"":""0"",""投信賣出股數"":""0"",""投信買賣超股數"":""0"",""自營商買賣超股數"":""0"",""自營商買進股數(自行買賣)"":""0"",""自營商賣出股數(自行買賣)"":""0"",""自營商買賣超股數(自行買賣)"":""0"",""自營商買進股數(避險)"":""0"",""自營商賣出股數(避險)"":""0"",""自營商買賣超股數(避險)"":""0"",""三大法人買賣超股數"":""30,022""}"
2026-09-29,TWSE,009818,華南永昌NASDAQxT,0,0,0,0,0,0,136000,106050,29950,"{""證券代號"":""009818"",""證券名稱"":""華南永昌NASDAQxT"",""外陸資買進股數(不含外資自營商)"":""0"",""外陸資賣出股數(不含外資自營商)"":""0"",""外陸資買賣超股數(不含外資自營商)"":""0"",""外資自營商買進股數"":""0"",""外資自營商賣出股數"":""0"",""外資自營商買賣超股數"":""0"",""投信買進股數"":""0"",""投信賣出股數"":""0"",""投信買賣超股數"":""0"",""自營商買賣超股數"":""29,950"",""自營商買進股數(自行買賣)"":""0"",""自營商賣出股數(自行買賣)"":""0"",""自營商買賣超股數(自行買賣)"":""0"",""自營商買進股數(避險)"":""136,000"",""自營商賣出股數(避險)"":""106,050"",""自營商買賣超股數(避險)"":""29,950"",""三大法人買賣超股數"":""29,950""}"
2026-09-29,TWSE,2413,環科            ,351000,322500,28500,0,0,0,2001,1420,581,"{""證券代號"":""2413"",""證券名稱"":""環科            "",""外陸資買進股數(不含外資自營商)"":""351,000"",""外陸資賣出股數(不含外資自營商)"":""322,500"",""外陸資買賣超股數(不含外資自營商)"":""28,500"",""外資自營商買進股數"":""0"",""外資自營商賣出股數"":""0"",""外資自營商買賣超股數"":""0"",""投信買進股數"":""0"",""投信賣出股數"":""0"",""投信買賣超股數"":""0"",""自營商買賣超股數"":""581"",""自營商買進股數(自行買賣)"":""0"",""自營商賣出股數(自行買賣)"":""0"",""自營商買賣超股數(自行買賣)"":""0"",""自營商買進股數(避險)"":""2,001"",""自營商賣出股數(避險)"":""1,420"",""自營商買賣超股數(避險)"":""581"",""三大法人買賣超股數"":""29,081""}"
2026-09-29,TWSE,2471,資通            ,53001,25000,28001,0,0,0,0,0,1000,"{""證券代號"":""2471"",""證券名稱"":""資通            "",""外陸資買進股數(不含外資自營商)"":""53,001"",""外陸資賣出股數(不含外資自營商)"":""25,000"",""外陸資買賣超股數(不含外資自營商)"":""28,001"",""外資自營商買進股數"":""0"",""外資自營商賣出股數"":""0"",""外資自營商買賣超股數"":""0"",""投信買進股數"":""0"",""投信賣出股數"":""0"",""投信買賣超股數"":""0"",""自營商買賣超股數"":""1,000"",""自營商買進股數(自行買賣)"":""1,000"",""自營商賣出股數(自行買賣)"":""0"",""自營商買賣超股數(自行買賣)"":""1,000"",""自營商買進股數(避險)"":""0"",""自營商賣出股數(避險)"":""0"",""自營商買賣超股數(避險)"":""0"",""三大法人買賣超股數"":""29,001""}"
2026-09-29,TWSE,1217,愛之味          ,117000,88000,29000,0,0,0,0,0,0,"{""證券代號"":""1217"",""證券名稱"":""愛之味          "",""外陸資買進股數(不含外資自營商)"":""117,000"",""外陸資賣出股數(不含外資自營商)"":""88,000"",""外陸資買賣超股數(不含外資自營商)"":""29,000"",""外資自營商買進股數"":""0"",""外資自營商賣出股數"":""0"",""外資自營商買賣超股數"":""0"",""投信買進股數"":""0"",""投信賣出股數"":""0"",""投信買賣超股數"":""0"",""自營商買賣超股數"":""0"",""自營商買進股數(自行買賣)"":""0"",""自營商賣出股數(自行買賣)"":""0"",""自營商買賣超股數(自行買賣)"":""0"",""自營商買進股數(避險)"":""0"",""自營商賣出股數(避險)"":""0"",""自營商買賣超股數(避險)"":""0"",""三大法人買賣超股數"":""29,000""}"
2026-09-29,TWSE,1568,倉佑            ,224281,196395,27886,0,0,0,8000,8263,737,"{""證券代號"":""1568"",""證券名稱"":""倉佑            "",""外陸資買進股數(不含外資自營商)"":""224,281"",""外陸資賣出股數(不含外資自營商)"":""196,395"",""外陸資買賣超股數(不含外資自營商)"":""27,886"",""外資自營商買進股數"":""0"",""外資自營商賣出股數"":""0"",""外資自營商買賣超股數"":""0"",""投信買進股數"":""0"",""投信賣出股數"":""0"",""投信買賣超股數"":""0"",""自營商買賣超股數"":""737"",""自營商買進股數(自行買賣)"":""1,000"",""自營商賣出股數(自行買賣)"":""0"",""自營商買賣超股數(自行買賣)"":""1,000"",""自營商買進股數(避險)"":""8,000"",""自營商賣出股數(避險)"":""8,263"",""自營商買賣超股數(避險)"":""-263"",""三大法人買賣超股數"":""28,623""}"
2026-09-29,TWSE,2535,達欣工          ,64000,36493,27507,0,0,0,0,0,980,"{""證券代號"":""2535"",""證券名稱"":""達欣工          "",""外陸資買進股數(不含外資自營商)"":""64,000"",""外陸資賣出股數(不含外資自營商)"":""36,493"",""外陸資買賣超股數(不含外資自營商)"":""27,507"",""外資自營商買進股數"":""0"",""外資自營商賣出股數"":""0"",""外資自營商買賣超股數"":""0"",""投信買進股數"":""0"",""投信賣出股數"":""0"",""投信買賣超股數"":""0"",""自營商買賣超股數"":""980"",""自營商買進股數(自行買賣)"":""1,000"",""自營商賣出股數(自行買賣)"":""20"",""自營商買賣超股數(自行買賣)"":""980"",""自營商買進股數(避險)"":""0"",""自營商賣出股數(避險)"":""0"",""自營商買賣超股數(避險)"":""0"",""三大法人買賣超股數"":""28,487""}"
2026-09-29,TWSE,3054,立萬利          ,44000,16000,28000,0,0,0,0,0,0,"{""證券代號"":""3054"",""證券名稱"":""立萬利          "",""外陸資買進股數(不含外資自營商)"":""44,000"",""外陸資賣出股數(不含外資自營商)"":""16,000"",""外陸資買賣超股數(不含外資自營商)"":""28,000"",""外資自營商買進股數"":""0"",""外資自營商賣出股數"":""0"",""外資自營商買賣超股數"":""0"",""投信買進股數"":""0"",""投信賣出股數"":""0"",""投信買賣超股數"":""0"",""自營商買賣超股數"":""0"",""自營商買進股數(自行買賣)"":""0"",""自營商賣出股數(自行買賣)"":""0"",""自營商買賣超股數(自行買賣)"":""0"",""自營商買進股數(避險)"":""0"",""自營商賣出股數(避險)"":""0"",""自營商買賣超股數(避險)"":""0"",""三大法人買賣超股數"":""28,000""}"
2026-09-29,TWSE,2453,凌群            ,49000,21000,28000,0,0,0,0,0,0,"{""證券代號"":""2453"",""證券名稱"":""凌群            "",""外陸資買進股數(不含外資自營商)"":""49,000"",""外陸資賣出股數(不含外資自營商)"":""21,000"",""外陸資買賣超股數(不含外資自營商)"":""28,000"",""外資自營商買進股數"":""0"",""外資自營商賣出股數"":""0"",""外資自營商買賣超股數"":""0"",""投信買進股數"":""0"",""投信賣出股數"":""0"",""投信買賣超股數"":""0"",""自營商買賣超股數"":""0"",""自營商買進股數(自行買賣)"":""0"",""自營商賣出股數(自行買賣)"":""0"",""自營商買賣超股數(自行買賣)"":""0"",""自營商買進股數(避險)"":""0"",""自營商賣出股數(避險)"":""0"",""自營商買賣超股數(避險)"":""0"",""三大法人買賣超股數"":""28,000""}"
2026-09-29,TWSE,6776,展碁國際        ,38000,10000,28000,0,0,0,0,0,0,"{""證券代號"":""6776"",""證券名稱"":""展碁國際        "",""外陸資買進股數(不含外資自營商)"":""38,000"",""外陸資賣出股數(不含外資自營商)"":""10,000"",""外陸資買賣超股數(不含外資自營商)"":""28,000"",""外資自營商買進股數"":""0"",""外資自營商賣出股數"":""0"",""外資自營商買賣超股數"":""0"",""投信買進股數"":""0"",""投信賣出股數"":""0"",""投信買賣超股數"":""0"",""自營商買賣超股數"":""0"",""自營商買進股數(自行買賣)"":""0"",""自營商賣出股數(自行買賣)"":""0"",""自營商買賣超股數(自行買賣)"":""0"",""自營商買進股數(避險)"":""0"",""自營商賣出股數(避險)"":""0"",""自營商買賣超股數(避險)"":""0"",""三大法人買賣超股數"":""28,000""}"
2026-09-29,TWSE,2530,華建            ,197000,182460,14540,29321,4000,25321,0,0,-12000,"{""證券代號"":""2530"",""證券名稱"":""華建            "",""外陸資買進股數(不含外資自營商)"":""197,000"",""外陸資賣出股數(不含外資自營商)"":""182,460"",""外陸資買賣超股數(不含外資自營商)"":""14,540"",""外資自營商買進股數"":""0"",""外資自營商賣出股數"":""0"",""外資自營商買賣超股數"":""0"",""投信買進股數"":""29,321"",""投信賣出股數"":""4,000"",""投信買賣超股數"":""25,321"",""自營商買賣超股數"":""-12,000"",""自營商買進股數(自行買賣)"":""1,000"",""自營商賣出股數(自行買賣)"":""13,000"",""自營商買賣超股數(自行買賣)"":""-12,000"",""自營商買進股數(避險)"":""0"",""自營商賣出股數(避險)"":""0"",""自營商買賣超股數(避險)"":""0"",""三大法人買賣超股數"":""27,861""}"
2026-09-29,TWSE,6625,必應            ,47000,17000,30000,0,0,0,0,0,-2346,"{""證券代號"":""6625"",""證券名稱"":""必應            "",""外陸資買進股數(不含外資自營商)"":""47,000"",""外陸資賣出股數(不含外資自營商)"":""17,000"",""外陸資買賣超股數(不含外資自營商)"":""30,000"",""外資自營商買進股數"":""0"",""外資自營商賣出股數"":""0"",""外資自營商買賣超股數"":""0"",""投信買進股數"":""0"",""投信賣出股數"":""0"",""投信買賣超股數"":""0"",""自營商買賣超股數"":""-2,346"",""自營商買進股數(自行買賣)"":""1,000"",""自營商賣出股數(自行買賣)"":""3,346"",""自營商買賣超股數(自行買賣)"":""-2,346"",""自營商買進股數(避險)"":""0"",""自營商賣出股數(避險)"":""0"",""自營商買賣超股數(避險)"":""0"",""三大法人買賣超股數"":""27,654""}"
2026-09-29,TWSE,1786,科妍            ,46000,19000,27000,0,0,0,0,0,369,"{""證券代號"":""1786"",""證券名稱"":""科妍            "",""外陸資買進股數(不含外資自營商)"":""46,000"",""外陸資賣出股數(不含外資自營商)"":""19,000"",""外陸資買賣超股數(不含外資自營商)"":""27,000"",""外資自營商買進股數"":""0"",""外資自營商賣出股數"":""0"",""外資自營商買賣超股數"":""0"",""投信買進股數"":""0"",""投信賣出股數"":""0"",""投信買賣超股數"":""0"",""自營商買賣超股數"":""369"",""自營商買進股數(自行買賣)"":""1,000"",""自營商賣出股數(自行買賣)"":""631"",""自營商買賣超股數(自行買賣)"":""369"",""自營商買進股數(避險)"":""0"",""自營商賣出股數(避險)"":""0"",""自營商買賣超股數(避險)"":""0"",""三大法人買賣超股數"":""27,369""}"
2026-09-29,TWSE,3701,大眾控          ,192250,140000,52250,0,0,0,861,1050,-26189,"{""證券代號"":""3701"",""證券名稱"":""大眾控          "",""外陸資買進股數(不含外資自營商)"":""192,250"",""外陸資賣出股數(不含外資自營商)"":""140,000"",""外陸資買賣超股數(不含外資自營商)"":""52,250"",""外資自營商買進股數"":""0"",""外資自營商賣出股數"":""0"",""外資自營商買賣超股數"":""0"",""投信買進股數"":""0"",""投信賣出股數"":""0"",""投信買賣超股數"":""0"",""自營商買賣超股數"":""-26,189"",""自營商買進股數(自行買賣)"":""3,000"",""自營商賣出股數(自行買賣)"":""29,000"",""自營商買賣超股數(自行買賣)"":""-26,000"",""自營商買進股數(避險)"":""861"",""自營商賣出股數(避險)"":""1,050"",""自營商買賣超股數(避險)"":""-189"",""三大法人買賣超股數"":""26,061""}"
2026-09-29,TWSE,3712,永崴投控        ,209000,183000,26000,0,0,0,0,0,0,"{""證券代號"":""3712"",""證券名稱"":""永崴投控        "",""外陸資買進股數(不含外資自營商)"":""209,000"",""外陸資賣出股數(不含外資自營商)"":""183,000"",""外陸資買賣超股數(不含外資自營商)"":""26,000"",""外資自營商買進股數"":""0"",""外資自營商賣出股數"":""0"",""外資自營商買賣超股數"":""0"",""投信買進股數"":""0"",""投信賣出股數"":""0"",""投信買賣超股數"":""0"",""自營商買賣超股數"":""0"",""自營商買進股數(自行買賣)"":""0"",""自營商賣出股數(自行買賣)"":""0"",""自營商買賣超股數(自行買賣)"":""0"",""自營商買進股數(避險)"":""0"",""自營商賣出股數(避險)"":""0"",""自營商買賣超股數(避險)"":""0"",""三大法人買賣超股數"":""26,000""}"
2026-09-29,TWSE,4137,麗豐-KY         ,63763,40000,23763,2031,0,2031,0,0,0,"{""證券代號"":""4137"",""證券名稱"":""麗豐-KY         "",""外陸資買進股數(不含外資自營商)"":""63,763"",""外陸資賣出股數(不含外資自營商)"":""40,000"",""外陸資買賣超股數(不含外資自營商)"":""23,763"",""外資自營商買進股數"":""0"",""外資自營商賣出股數"":""0"",""外資自營商買賣超股數"":""0"",""投信買進股數"":""2,031"",""投信賣出股數"":""0"",""投信買賣超股數"":""2,031"",""自營商買賣超股數"":""0"",""自營商買進股數(自行買賣)"":""0"",""自營商賣出股數(自行買賣)"":""0"",""自營商買賣超股數(自行買賣)"":""0"",""自營商買進股數(避險)"":""0"",""自營商賣出股數(避險)"":""0"",""自營商買賣超股數(避險)"":""0"",""三大法人買賣超股數"":""25,794""}"
2026-09-29,TWSE,6215,和椿            ,81109,56000,25109,0,0,0,648,0,648,"{""證券代號"":""6215"",""證券名稱"":""和椿            "",""外陸資買進股數(不含外資自營商)"":""81,109"",""外陸資賣出股數(不含外資自營商)"":""56,000"",""外陸資買賣超股數(不含外資自營商)"":""25,109"",""外資自營商買進股數"":""0"",""外資自營商賣出股數"":""0"",""外資自營商買賣超股數"":""0"",""投信買進股數"":""0"",""投信賣出股數"":""0"",""投信買賣超股數"":""0"",""自營商買賣超股數"":""648"",""自營商買進股數(自行買賣)"":""0"",""自營商賣出股數(自行買賣)"":""0"",""自營商買賣超股數(自行買賣)"":""0"",""自營商買進股數(避險)"":""648"",""自營商賣出股數(避險)"":""0"",""自營商買賣超股數(避險)"":""648"",""三大法人買賣超股數"":""25,757""}"
2026-09-29,TWSE,1598,岱宇            ,56629,39002,17627,0,0,0,0,0,8000,"{""證券代號"":""1598"",""證券名稱"":""岱宇            "",""外陸資買進股數(不含外資自營商)"":""56,629"",""外陸資賣出股數(不含外資自營商)"":""39,002"",""外陸資買賣超股數(不含外資自營商)"":""17,627"",""外資自營商買進股數"":""0"",""外資自營商賣出股數"":""0"",""外資自營商買賣超股數"":""0"",""投信買進股數"":""0"",""投信賣出股數"":""0"",""投信買賣超股數"":""0"",""自營商買賣超股數"":""8,000"",""自營商買進股數(自行買賣)"":""8,000"",""自營商賣出股數(自行買賣)"":""0"",""自營商買賣超股數(自行買賣)"":""8,000"",""自營商買進股數(避險)"":""0"",""自營商賣出股數(避險)"":""0"",""自營商買賣超股數(避險)"":""0"",""三大法人買賣超股數"":""25,627""}"
2026-09-29,TWSE,3346,麗清            ,238437,221000,17437,0,0,0,0,0,7860,"{""證券代號"":""3346"",""證券名稱"":""麗清            "",""外陸資買進股數(不含外資自營商)"":""238,437"",""外陸資賣出股數(不含外資自營商)"":""221,000"",""外陸資買賣超股數(不含外資自營商)"":""17,437"",""外資自營商買進股數"":""0"",""外資自營商賣出股數"":""0"",""外資自營商買賣超股數"":""0"",""投信買進股數"":""0"",""投信賣出股數"":""0"",""投信買賣超股數"":""0"",""自營商買賣超股數"":""7,860"",""自營商買進股數(自行買賣)"":""8,000"",""自營商賣出股數(自行買賣)"":""140"",""自營商買賣超股數(自行買賣)"":""7,860"",""自營商買進股數(避險)"":""0"",""自營商賣出股數(避險)"":""0"",""自營商買賣超股數(避險)"":""0"",""三大法人買賣超股數"":""25,297""}"
2026-09-29,TWSE,2901,欣欣            ,24010,3000,21010,0,0,0,0,0,2000,"{""證券代號"":""2901"",""證券名稱"":""欣欣            "",""外陸資買進股數(不含外資自營商)"":""24,010"",""外陸資賣出股數(不含外資自營商)"":""3,000"",""外陸資買賣超股數(不含外資自營商)"":""21,010"",""外資自營商買進股數"":""0"",""外資自營商賣出股數"":""0"",""外資自營商買賣超股數"":""0"",""投信買進股數"":""0"",""投信賣出股數"":""0"",""投信買賣超股數"":""0"",""自營商買賣超股數"":""2,000"",""自營商買進股數(自行買賣)"":""2,000"",""自營商賣出股數(自行買賣)"":""0"",""自營商買賣超股數(自行買賣)"":""2,000"",""自營商買進股數(避險)"":""0"",""自營商賣出股數(避險)"":""0"",""自營商買賣超股數(避險)"":""0"",""三大法人買賣超股數"":""23,010""}"
2026-09-29,TWSE,4555,氣立            ,36000,14000,22000,0,0,0,0,0,1000,"{""證券代號"":""4555"",""證券名稱"":""氣立            "",""外陸資買進股數(不含外資自營商)"":""36,000"",""外陸資賣出股數(不含外資自營商)"":""14,000"",""外陸資買賣超股數(不含外資自營商)"":""22,000"",""外資自營商買進股數"":""0"",""外資自營商賣出股數"":""0"",""外資自營商買賣超股數"":""0"",""投信買進股數"":""0"",""投信賣出股數"":""0"",""投信買賣超股數"":""0"",""自營商買賣超股數"":""1,000"",""自營商買進股數(自行買賣)"":""1,000"",""自營商賣出股數(自行買賣)"":""0"",""自營商買賣超股數(自行買賣)"":""1,000"",""自營商買進股數(避險)"":""0"",""自營商賣出股數(避險)"":""0"",""自營商買賣超股數(避險)"":""0"",""三大法人買賣超股數"":""23,000""}"
2026-09-29,TWSE,2427,三商電          ,96324,75000,21324,0,0,0,0,0,1000,"{""證券代號"":""2427"",""證券名稱"":""三商電          "",""外陸資買進股數(不含外資自營商)"":""96,324"",""外陸資賣出股數(不含外資自營商)"":""75,000"",""外陸資買賣超股數(不含外資自營商)"":""21,324"",""外資自營商買進股數"":""0"",""外資自營商賣出股數"":""0"",""外資自營商買賣超股數"":""0"",""投信買進股數"":""0"",""投信賣出股數"":""0"",""投信買賣超股數"":""0"",""自營商買賣超股數"":""1,000"",""自營商買進股數(自行買賣)"":""1,000"",""自營商賣出股數(自行買賣)"":""0"",""自營商買賣超股數(自行買賣)"":""1,000"",""自營商買進股數(避險)"":""0"",""自營商賣出股數(避險)"":""0"",""自營商買賣超股數(避險)"":""0"",""三大法人買賣超股數"":""22,324""}"
2026-09-29,TWSE,2613,中櫃            ,33000,19000,14000,0,0,0,0,0,8000,"{""證券代號"":""2613"",""證券名稱"":""中櫃            "",""外陸資買進股數(不含外資自營商)"":""33,000"",""外陸資賣出股數(不含外資自營商)"":""19,000"",""外陸資買賣超股數(不含外資自營商)"":""14,000"",""外資自營商買進股數"":""0"",""外資自營商賣出股數"":""0"",""外資自營商買賣超股數"":""0"",""投信買進股數"":""0"",""投信賣出股數"":""0"",""投信買賣超股數"":""0"",""自營商買賣超股數"":""8,000"",""自營商買進股數(自行買賣)"":""8,000"",""自營商賣出股數(自行買賣)"":""0"",""自營商買賣超股數(自行買賣)"":""8,000"",""自營商買進股數(避險)"":""0"",""自營商賣出股數(避險)"":""0"",""自營商買賣超股數(避險)"":""0"",""三大法人買賣超股數"":""22,000""}"
2026-09-29,TWSE,00682U,期元大美元指數  ,0,0,0,0,0,0,22000,0,22000,"{""證券代號"":""00682U"",""證券名稱"":""期元大美元指數  "",""外陸資買進股數(不含外資自營商)"":""0"",""外陸資賣出股數(不含外資自營商)"":""0"",""外陸資買賣超股數(不含外資自營商)"":""0"",""外資自營商買進股數"":""0"",""外資自營商賣出股數"":""0"",""外資自營商買賣超股數"":""0"",""投信買進股數"":""0"",""投信賣出股數"":""0"",""投信買賣超股數"":""0"",""自營商買賣超股數"":""22,000"",""自營商買進股數(自行買賣)"":""0"",""自營商賣出股數(自行買賣)"":""0"",""自營商買賣超股數(自行買賣)"":""0"",""自營商買進股數(避險)"":""22,000"",""自營商賣出股數(避險)"":""0"",""自營商買賣超股數(避險)"":""22,000"",""三大法人買賣超股數"":""22,000""}"
2026-09-29,TWSE,00710B,復華彭博非投等債,0,6000,-6000,0,0,0,142998,115842,27156,"{""證券代號"":""00710B"",""證券名稱"":""復華彭博非投等債"",""外陸資買進股數(不含外資自營商)"":""0"",""外陸資賣出股數(不含外資自營商)"":""6,000"",""外陸資買賣超股數(不含外資自營商)"":""-6,000"",""外資自營商買進股數"":""0"",""外資自營商賣出股數"":""0"",""外資自營商買賣超股數"":""0"",""投信買進股數"":""0"",""投信賣出股數"":""0"",""投信買賣超股數"":""0"",""自營商買賣超股數"":""27,156"",""自營商買進股數(自行買賣)"":""0"",""自營商賣出股數(自行買賣)"":""0"",""自營商買賣超股數(自行買賣)"":""0"",""自營商買進股數(避險)"":""142,998"",""自營商賣出股數(避險)"":""115,842"",""自營商買賣超股數(避險)"":""27,156"",""三大法人買賣超股數"":""21,156""}"
2026-09-29,TWSE,6957,裕慶-KY         ,284519,264000,20519,0,0,0,0,0,407,"{""證券代號"":""6957"",""證券名稱"":""裕慶-KY         "",""外陸資買進股數(不含外資自營商)"":""284,519"",""外陸資賣出股數(不含外資自營商)"":""264,000"",""外陸資買賣超股數(不含外資自營商)"":""20,519"",""外資自營商買進股數"":""0"",""外資自營商賣出股數"":""0"",""外資自營商買賣超股數"":""0"",""投信買進股數"":""0"",""投信賣出股數"":""0"",""投信買賣超股數"":""0"",""自營商買賣超股數"":""407"",""自營商買進股數(自行買賣)"":""3,407"",""自營商賣出股數(自行買賣)"":""3,000"",""自營商買賣超股數(自行買賣)"":""407"",""自營商買進股數(避險)"":""0"",""自營商賣出股數(避險)"":""0"",""自營商買賣超股數(避險)"":""0"",""三大法人買賣超股數"":""20,926""}"
2026-09-29,TWSE,2731,雄獅            ,98014,77000,21014,0,0,0,0,0,-129,"{""證券代號"":""2731"",""證券名稱"":""雄獅            "",""外陸資買進股數(不含外資自營商)"":""98,014"",""外陸資賣出股數(不含外資自營商)"":""77,000"",""外陸資買賣超股數(不含外資自營商)"":""21,014"",""外資自營商買進股數"":""0"",""外資自營商賣出股數"":""0"",""外資自營商買賣超股數"":""0"",""投信買進股數"":""0"",""投信賣出股數"":""0"",""投信買賣超股數"":""0"",""自營商買賣超股數"":""-129"",""自營商買進股數(自行買賣)"":""1,000"",""自營商賣出股數(自行買賣)"":""1,129"",""自營商買賣超股數(自行買賣)"":""-129"",""自營商買進股數(避險)"":""0"",""自營商賣出股數(避險)"":""0"",""自營商買賣超股數(避險)"":""0"",""三大法人買賣超股數"":""20,885""}"
2026-09-29,TWSE,00656R,國泰中國A50反1  ,0,0,0,0,0,0,38736,18000,20736,"{""證券代號"":""00656R"",""證券名稱"":""國泰中國A50反1  "",""外陸資買進股數(不含外資自營商)"":""0"",""外陸資賣出股數(不含外資自營商)"":""0"",""外陸資買賣超股數(不含外資自營商)"":""0"",""外資自營商買進股數"":""0"",""外資自營商賣出股數"":""0"",""外資自營商買賣超股數"":""0"",""投信買進股數"":""0"",""投信賣出股數"":""0"",""投信買賣超股數"":""0"",""自營商買賣超股數"":""20,736"",""自營商買進股數(自行買賣)"":""0"",""自營商賣出股數(自行買賣)"":""0"",""自營商買賣超股數(自行買賣)"":""0"",""自營商買進股數(避險)"":""38,736"",""自營商賣出股數(避險)"":""18,000"",""自營商買賣超股數(避險)"":""20,736"",""三大法人買賣超股數"":""20,736""}"
2026-09-29,TWSE,7786,東方風能        ,59000,39000,20000,0,0,0,0,0,0,"{""證券代號"":""7786"",""證券名稱"":""東方風能        "",""外陸資買進股數(不含外資自營商)"":""59,000"",""外陸資賣出股數(不含外資自營商)"":""39,000"",""外陸資買賣超股數(不含外資自營商)"":""20,000"",""外資自營商買進股數"":""0"",""外資自營商賣出股數"":""0"",""外資自營商買賣超股數"":""0"",""投信買進股數"":""0"",""投信賣出股數"":""0"",""投信買賣超股數"":""0"",""自營商買賣超股數"":""0"",""自營商買進股數(自行買賣)"":""3,000"",""自營商賣出股數(自行買賣)"":""3,000"",""自營商買賣超股數(自行買賣)"":""0"",""自營商買進股數(避險)"":""0"",""自營商賣出股數(避險)"":""0"",""自營商買賣超股數(避險)"":""0"",""三大法人買賣超股數"":""20,000""}"
2026-09-29,TWSE,6552,易華電          ,29000,11000,18000,0,0,0,0,0,2000,"{""證券代號"":""6552"",""證券名稱"":""易華電          "",""外陸資買進股數(不含外資自營商)"":""29,000"",""外陸資賣出股數(不含外資自營商)"":""11,000"",""外陸資買賣超股數(不含外資自營商)"":""18,000"",""外資自營商買進股數"":""0"",""外資自營商賣出股數"":""0"",""外資自營商買賣超股數"":""0"",""投信買進股數"":""0"",""投信賣出股數"":""0"",""投信買賣超股數"":""0"",""自營商買賣超股數"":""2,000"",""自營商買進股數(自行買賣)"":""2,000"",""自營商賣出股數(自行買賣)"":""0"",""自營商買賣超股數(自行買賣)"":""2,000"",""自營商買進股數(避險)"":""0"",""自營商賣出股數(避險)"":""0"",""自營商買賣超股數(避險)"":""0"",""三大法人買賣超股數"":""20,000""}"
2026-09-29,TWSE,3027,盛達            ,56000,36000,20000,0,0,0,0,0,0,"{""證券代號"":""3027"",""證券名稱"":""盛達            "",""外陸資買進股數(不含外資自營商)"":""56,000"",""外陸資賣出股數(不含外資自營商)"":""36,000"",""外陸資買賣超股數(不含外資自營商)"":""20,000"",""外資自營商買進股數"":""0"",""外資自營商賣出股數"":""0"",""外資自營商買賣超股數"":""0"",""投信買進股數"":""0"",""投信賣出股數"":""0"",""投信買賣超股數"":""0"",""自營商買賣超股數"":""0"",""自營商買進股數(自行買賣)"":""0"",""自營商賣出股數(自行買賣)"":""0"",""自營商買賣超股數(自行買賣)"":""0"",""自營商買進股數(避險)"":""0"",""自營商賣出股數(避險)"":""0"",""自營商買賣超股數(避險)"":""0"",""三大法人買賣超股數"":""20,000""}"
2026-09-29,TWSE,3652,精聯            ,26000,8000,18000,0,0,0,0,0,1000,"{""證券代號"":""3652"",""證券名稱"":""精聯            "",""外陸資買進股數(不含外資自營商)"":""26,000"",""外陸資賣出股數(不含外資自營商)"":""8,000"",""外陸資買賣超股數(不含外資自營商)"":""18,000"",""外資自營商買進股數"":""0"",""外資自營商賣出股數"":""0"",""外資自營商買賣超股數"":""0"",""投信買進股數"":""0"",""投信賣出股數"":""0"",""投信買賣超股數"":""0"",""自營商買賣超股數"":""1,000"",""自營商買進股數(自行買賣)"":""1,000"",""自營商賣出股數(自行買賣)"":""0"",""自營商買賣超股數(自行買賣)"":""1,000"",""自營商買進股數(避險)"":""0"",""自營商賣出股數(避險)"":""0"",""自營商買賣超股數(避險)"":""0"",""三大法人買賣超股數"":""19,000""}"
2026-09-29,TWSE,3057,喬鼎            ,29000,11000,18000,0,0,0,0,0,1000,"{""證券代號"":""3057"",""證券名稱"":""喬鼎            "",""外陸資買進股數(不含外資自營商)"":""29,000"",""外陸資賣出股數(不含外資自營商)"":""11,000"",""外陸資買賣超股數(不含外資自營商)"":""18,000"",""外資自營商買進股數"":""0"",""外資自營商賣出股數"":""0"",""外資自營商買賣超股數"":""0"",""投信買進股數"":""0"",""投信賣出股數"":""0"",""投信買賣超股數"":""0"",""自營商買賣超股數"":""1,000"",""自營商買進股數(自行買賣)"":""2,000"",""自營商賣出股數(自行買賣)"":""1,000"",""自營商買賣超股數(自行買賣)"":""1,000"",""自營商買進股數(避險)"":""0"",""自營商賣出股數(避險)"":""0"",""自營商買賣超股數(避險)"":""0"",""三大法人買賣超股數"":""19,000""}"
2026-09-29,TWSE,1515,力山            ,108000,94100,13900,0,0,0,4000,4092,4908,"{""證券代號"":""1515"",""證券名稱"":""力山            "",""外陸資買進股數(不含外資自營商)"":""108,000"",""外陸資賣出股數(不含外資自營商)"":""94,100"",""外陸資買賣超股數(不含外資自營商)"":""13,900"",""外資自營商買進股數"":""0"",""外資自營商賣出股數"":""0"",""外資自營商買賣超股數"":""0"",""投信買進股數"":""0"",""投信賣出股數"":""0"",""投信買賣超股數"":""0"",""自營商買賣超股數"":""4,908"",""自營商買進股數(自行買賣)"":""5,000"",""自營商賣出股數(自行買賣)"":""0"",""自營商買賣超股數(自行買賣)"":""5,000"",""自營商買進股數(避險)"":""4,000"",""自營商賣出股數(避險)"":""4,092"",""自營商買賣超股數(避險)"":""-92"",""三大法人買賣超股數"":""18,808""}"
2026-09-29,TWSE,4104,佳醫            ,40612,23000,17612,0,0,0,0,0,1000,"{""證券代號"":""4104"",""證券名稱"":""佳醫            "",""外陸資買進股數(不含外資自營商)"":""40,612"",""外陸資賣出股數(不含外資自營商)"":""23,000"",""外陸資買賣超股數(不含外資自營商)"":""17,612"",""外資自營商買進股數"":""0"",""外資自營商賣出股數"":""0"",""外資自營商買賣超股數"":""0"",""投信買進股數"":""0"",""投信賣出股數"":""0"",""投信買賣超股數"":""0"",""自營商買賣超股數"":""1,000"",""自營商買進股數(自行買賣)"":""1,000"",""自營商賣出股數(自行買賣)"":""0"",""自營商買賣超股數(自行買賣)"":""1,000"",""自營商買進股數(避險)"":""0"",""自營商賣出股數(避險)"":""0"",""自營商買賣超股數(避險)"":""0"",""三大法人買賣超股數"":""18,612""}"
2026-09-29,TWSE,2233,宇隆            ,158000,137000,21000,0,0,0,7000,10141,-3141,"{""證券代號"":""2233"",""證券名稱"":""宇隆            "",""外陸資買進股數(不含外資自營商)"":""158,000"",""外陸資賣出股數(不含外資自營商)"":""137,000"",""外陸資買賣超股數(不含外資自營商)"":""21,000"",""外資自營商買進股數"":""0"",""外資自營商賣出股數"":""0"",""外資自營商買賣超股數"":""0"",""投信買進股數"":""0"",""投信賣出股數"":""0"",""投信買賣超股數"":""0"",""自營商買賣超股數"":""-3,141"",""自營商買進股數(自行買賣)"":""0"",""自營商賣出股數(自行買賣)"":""0"",""自營商買賣超股數(自行買賣)"":""0"",""自營商買進股數(避險)"":""7,000"",""自營商賣出股數(避險)"":""10,141"",""自營商買賣超股數(避險)"":""-3,141"",""三大法人買賣超股數"":""17,859""}"
2026-09-29,TWSE,2597,潤弘            ,61942,45000,16942,1000,0,1000,0,714,-714,"{""證券代號"":""2597"",""證券名稱"":""潤弘            "",""外陸資買進股數(不含外資自營商)"":""61,942"",""外陸資賣出股數(不含外資自營商)"":""45,000"",""外陸資買賣超股數(不含外資自營商)"":""16,942"",""外資自營商買進股數"":""0"",""外資自營商賣出股數"":""0"",""外資自營商買賣超股數"":""0"",""投信買進股數"":""1,000"",""投信賣出股數"":""0"",""投信買賣超股數"":""1,000"",""自營商買賣超股數"":""-714"",""自營商買進股數(自行買賣)"":""0"",""自營商賣出股數(自行買賣)"":""0"",""自營商買賣超股數(自行買賣)"":""0"",""自營商買進股數(避險)"":""0"",""自營商賣出股數(避險)"":""714"",""自營商買賣超股數(避險)"":""-714"",""三大法人買賣超股數"":""17,228""}"
2026-09-29,TWSE,3716,中化控股        ,77000,69000,8000,0,0,0,0,0,9000,"{""證券代號"":""3716"",""證券名稱"":""中化控股        "",""外陸資買進股數(不含外資自營商)"":""77,000"",""外陸資賣出股數(不含外資自營商)"":""69,000"",""外陸資買賣超股數(不含外資自營商)"":""8,000"",""外資自營商買進股數"":""0"",""外資自營商賣出股數"":""0"",""外資自營商買賣超股數"":""0"",""投信買進股數"":""0"",""投信賣出股數"":""0"",""投信買賣超股數"":""0"",""自營商買賣超股數"":""9,000"",""自營商買進股數(自行買賣)"":""9,000"",""自營商賣出股數(自行買賣)"":""0"",""自營商買賣超股數(自行買賣)"":""9,000"",""自營商買進股數(避險)"":""0"",""自營商賣出股數(避險)"":""0"",""自營商買賣超股數(避險)"":""0"",""三大法人買賣超股數"":""17,000""}"
2026-09-29,TWSE,8114,振樺電          ,117000,99010,17990,0,2000,-2000,0,0,912,"{""證券代號"":""8114"",""證券名稱"":""振樺電          "",""外陸資買進股數(不含外資自營商)"":""117,000"",""外陸資賣出股數(不含外資自營商)"":""99,010"",""外陸資買賣超股數(不含外資自營商)"":""17,990"",""外資自營商買進股數"":""0"",""外資自營商賣出股數"":""0"",""外資自營商買賣超股數"":""0"",""投信買進股數"":""0"",""投信賣出股數"":""2,000"",""投信買賣超股數"":""-2,000"",""自營商買賣超股數"":""912"",""自營商買進股數(自行買賣)"":""1,000"",""自營商賣出股數(自行買賣)"":""88"",""自營商買賣超股數(自行買賣)"":""912"",""自營商買進股數(避險)"":""0"",""自營商賣出股數(避險)"":""0"",""自營商買賣超股數(避險)"":""0"",""三大法人買賣超股數"":""16,902""}"
2026-09-29,TWSE,7721,微程式          ,20000,4000,16000,0,0,0,0,0,0,"{""證券代號"":""7721"",""證券名稱"":""微程式          "",""外陸資買進股數(不含外資自營商)"":""20,000"",""外陸資賣出股數(不含外資自營商)"":""4,000"",""外陸資買賣超股數(不含外資自營商)"":""16,000"",""外資自營商買進股數"":""0"",""外資自營商賣出股數"":""0"",""外資自營商買賣超股數"":""0"",""投信買進股數"":""0"",""投信賣出股數"":""0"",""投信買賣超股數"":""0"",""自營商買賣超股數"":""0"",""自營商買進股數(自行買賣)"":""0"",""自營商賣出股數(自行買賣)"":""0"",""自營商買賣超股數(自行買賣)"":""0"",""自營商買進股數(避險)"":""0"",""自營商賣出股數(避險)"":""0"",""自營商買賣超股數(避險)"":""0"",""三大法人買賣超股數"":""16,000""}"
2026-09-29,TWSE,6117,迎廣            ,61000,19000,42000,0,0,0,0,0,-26000,"{""證券代號"":""6117"",""證券名稱"":""迎廣            "",""外陸資買進股數(不含外資自營商)"":""61,000"",""外陸資賣出股數(不含外資自營商)"":""19,000"",""外陸資買賣超股數(不含外資自營商)"":""42,000"",""外資自營商買進股數"":""0"",""外資自營商賣出股數"":""0"",""外資自營商買賣超股數"":""0"",""投信買進股數"":""0"",""投信賣出股數"":""0"",""投信買賣超股數"":""0"",""自營商買賣超股數"":""-26,000"",""自營商買進股數(自行買賣)"":""0"",""自營商賣出股數(自行買賣)"":""26,000"",""自營商買賣超股數(自行買賣)"":""-26,000"",""自營商買進股數(避險)"":""0"",""自營商賣出股數(避險)"":""0"",""自營商買賣超股數(避險)"":""0"",""三大法人買賣超股數"":""16,000""}"
2026-09-29,TWSE,00666R,富邦恒生國企反1 ,0,2000,-2000,0,0,0,18000,0,18000,"{""證券代號"":""00666R"",""證券名稱"":""富邦恒生國企反1 "",""外陸資買進股數(不含外資自營商)"":""0"",""外陸資賣出股數(不含外資自營商)"":""2,000"",""外陸資買賣超股數(不含外資自營商)"":""-2,000"",""外資自營商買進股數"":""0"",""外資自營商賣出股數"":""0"",""外資自營商買賣超股數"":""0"",""投信買進股數"":""0"",""投信賣出股數"":""0"",""投信買賣超股數"":""0"",""自營商買賣超股數"":""18,000"",""自營商買進股數(自行買賣)"":""0"",""自營商賣出股數(自行買賣)"":""0"",""自營商買賣超股數(自行買賣)"":""0"",""自營商買進股數(避險)"":""18,000"",""自營商賣出股數(避險)"":""0"",""自營商買賣超股數(避險)"":""18,000"",""三大法人買賣超股數"":""16,000""}"
2026-09-29,TWSE,3025,星通            ,37000,21000,16000,0,0,0,0,0,0,"{""證券代號"":""3025"",""證券名稱"":""星通            "",""外陸資買進股數(不含外資自營商)"":""37,000"",""外陸資賣出股數(不含外資自營商)"":""21,000"",""外陸資買賣超股數(不含外資自營商)"":""16,000"",""外資自營商買進股數"":""0"",""外資自營商賣出股數"":""0"",""外資自營商買賣超股數"":""0"",""投信買進股數"":""0"",""投信賣出股數"":""0"",""投信買賣超股數"":""0"",""自營商買賣超股數"":""0"",""自營商買進股數(自行買賣)"":""0"",""自營商賣出股數(自行買賣)"":""0"",""自營商買賣超股數(自行買賣)"":""0"",""自營商買進股數(避險)"":""0"",""自營商賣出股數(避險)"":""0"",""自營商買賣超股數(避險)"":""0"",""三大法人買賣超股數"":""16,000""}"
2026-09-29,TWSE,2420,新巨            ,66001,49000,17001,0,0,0,0,1403,-1403,"{""證券代號"":""2420"",""證券名稱"":""新巨            "",""外陸資買進股數(不含外資自營商)"":""66,001"",""外陸資賣出股數(不含外資自營商)"":""49,000"",""外陸資買賣超股數(不含外資自營商)"":""17,001"",""外資自營商買進股數"":""0"",""外資自營商賣出股數"":""0"",""外資自營商買賣超股數"":""0"",""投信買進股數"":""0"",""投信賣出股數"":""0"",""投信買賣超股數"":""0"",""自營商買賣超股數"":""-1,403"",""自營商買進股數(自行買賣)"":""0"",""自營商賣出股數(自行買賣)"":""0"",""自營商買賣超股數(自行買賣)"":""0"",""自營商買進股數(避險)"":""0"",""自營商賣出股數(避險)"":""1,403"",""自營商買賣超股數(避險)"":""-1,403"",""三大法人買賣超股數"":""15,598""}"
2026-09-29,TWSE,1414,東和            ,52571,37017,15554,0,0,0,0,0,0,"{""證券代號"":""1414"",""證券名稱"":""東和            "",""外陸資買進股數(不含外資自營商)"":""52,571"",""外陸資賣出股數(不含外資自營商)"":""37,017"",""外陸資買賣超股數(不含外資自營商)"":""15,554"",""外資自營商買進股數"":""0"",""外資自營商賣出股數"":""0"",""外資自營商買賣超股數"":""0"",""投信買進股數"":""0"",""投信賣出股數"":""0"",""投信買賣超股數"":""0"",""自營商買賣超股數"":""0"",""自營商買進股數(自行買賣)"":""0"",""自營商賣出股數(自行買賣)"":""0"",""自營商買賣超股數(自行買賣)"":""0"",""自營商買進股數(避險)"":""0"",""自營商賣出股數(避險)"":""0"",""自營商買賣超股數(避險)"":""0"",""三大法人買賣超股數"":""15,554""}"
2026-09-29,TWSE,6756,威鋒電子        ,50000,35000,15000,0,0,0,0,0,21,"{""證券代號"":""6756"",""證券名稱"":""威鋒電子        "",""外陸資買進股數(不含外資自營商)"":""50,000"",""外陸資賣出股數(不含外資自營商)"":""35,000"",""外陸資買賣超股數(不含外資自營商)"":""15,000"",""外資自營商買進股數"":""0"",""外資自營商賣出股數"":""0"",""外資自營商買賣超股數"":""0"",""投信買進股數"":""0"",""投信賣出股數"":""0"",""投信買賣超股數"":""0"",""自營商買賣超股數"":""21"",""自營商買進股數(自行買賣)"":""21"",""自營商賣出股數(自行買賣)"":""0"",""自營商買賣超股數(自行買賣)"":""21"",""自營商買進股數(避險)"":""0"",""自營商賣出股數(避險)"":""0"",""自營商買賣超股數(避險)"":""0"",""三大法人買賣超股數"":""15,021""}"
2026-09-29,TWSE,5706,鳳凰            ,32000,14000,18000,0,0,0,0,0,-3000,"{""證券代號"":""5706"",""證券名稱"":""鳳凰            "",""外陸資買進股數(不含外資自營商)"":""32,000"",""外陸資賣出股數(不含外資自營商)"":""14,000"",""外陸資買賣超股數(不含外資自營商)"":""18,000"",""外資自營商買進股數"":""0"",""外資自營商賣出股數"":""0"",""外資自營商買賣超股數"":""0"",""投信買進股數"":""0"",""投信賣出股數"":""0"",""投信買賣超股數"":""0"",""自營商買賣超股數"":""-3,000"",""自營商買進股數(自行買賣)"":""0"",""自營商賣出股數(自行買賣)"":""3,000"",""自營商買賣超股數(自行買賣)"":""-3,000"",""自營商買進股數(避險)"":""0"",""自營商賣出股數(避險)"":""0"",""自營商買賣超股數(避險)"":""0"",""三大法人買賣超股數"":""15,000""}"
2026-09-29,TWSE,3532,台勝科          ,2270452,2200000,70452,1000,0,1000,45358,61060,-56702,"{""證券代號"":""3532"",""證券名稱"":""台勝科          "",""外陸資買進股數(不含外資自營商)"":""2,270,452"",""外陸資賣出股數(不含外資自營商)"":""2,200,000"",""外陸資買賣超股數(不含外資自營商)"":""70,452"",""外資自營商買進股數"":""0"",""外資自營商賣出股數"":""0"",""外資自營商買賣超股數"":""0"",""投信買進股數"":""1,000"",""投信賣出股數"":""0"",""投信買賣超股數"":""1,000"",""自營商買賣超股數"":""-56,702"",""自營商買進股數(自行買賣)"":""11,000"",""自營商賣出股數(自行買賣)"":""52,000"",""自營商買賣超股數(自行買賣)"":""-41,000"",""自營商買進股數(避險)"":""45,358"",""自營商賣出股數(避險)"":""61,060"",""自營商買賣超股數(避險)"":""-15,702"",""三大法人買賣超股數"":""14,750""}"
2026-09-29,TWSE,4771,望隼            ,32045,18002,14043,0,0,0,1,0,1,"{""證券代號"":""4771"",""證券名稱"":""望隼            "",""外陸資買進股數(不含外資自營商)"":""32,045"",""外陸資賣出股數(不含外資自營商)"":""18,002"",""外陸資買賣超股數(不含外資自營商)"":""14,043"",""外資自營商買進股數"":""0"",""外資自營商賣出股數"":""0"",""外資自營商買賣超股數"":""0"",""投信買進股數"":""0"",""投信賣出股數"":""0"",""投信買賣超股數"":""0"",""自營商買賣超股數"":""1"",""自營商買進股數(自行買賣)"":""0"",""自營商賣出股數(自行買賣)"":""0"",""自營商買賣超股數(自行買賣)"":""0"",""自營商買進股數(避險)"":""1"",""自營商賣出股數(避險)"":""0"",""自營商買賣超股數(避險)"":""1"",""三大法人買賣超股數"":""14,044""}"
2026-09-29,TWSE,4912,聯德控股-KY     ,153000,139000,14000,0,0,0,0,0,0,"{""證券代號"":""4912"",""證券名稱"":""聯德控股-KY     "",""外陸資買進股數(不含外資自營商)"":""153,000"",""外陸資賣出股數(不含外資自營商)"":""139,000"",""外陸資買賣超股數(不含外資自營商)"":""14,000"",""外資自營商買進股數"":""0"",""外資自營商賣出股數"":""0"",""外資自營商買賣超股數"":""0"",""投信買進股數"":""0"",""投信賣出股數"":""0"",""投信買賣超股數"":""0"",""自營商買賣超股數"":""0"",""自營商買進股數(自行買賣)"":""0"",""自營商賣出股數(自行買賣)"":""0"",""自營商買賣超股數(自行買賣)"":""0"",""自營商買進股數(避險)"":""0"",""自營商賣出股數(避險)"":""0"",""自營商買賣超股數(避險)"":""0"",""三大法人買賣超股數"":""14,000""}"
2026-09-29,TWSE,7791,皇家可口        ,19000,5000,14000,0,0,0,0,0,0,"{""證券代號"":""7791"",""證券名稱"":""皇家可口        "",""外陸資買進股數(不含外資自營商)"":""19,000"",""外陸資賣出股數(不含外資自營商)"":""5,000"",""外陸資買賣超股數(不含外資自營商)"":""14,000"",""外資自營商買進股數"":""0"",""外資自營商賣出股數"":""0"",""外資自營商買賣超股數"":""0"",""投信買進股數"":""0"",""投信賣出股數"":""0"",""投信買賣超股數"":""0"",""自營商買賣超股數"":""0"",""自營商買進股數(自行買賣)"":""0"",""自營商賣出股數(自行買賣)"":""0"",""自營商買賣超股數(自行買賣)"":""0"",""自營商買進股數(避險)"":""0"",""自營商賣出股數(避險)"":""0"",""自營商買賣超股數(避險)"":""0"",""三大法人買賣超股數"":""14,000""}"
2026-09-29,TWSE,5288,豐祥-KY         ,53813,30000,23813,0,10000,-10000,0,0,0,"{""證券代號"":""5288"",""證券名稱"":""豐祥-KY         "",""外陸資買進股數(不含外資自營商)"":""53,813"",""外陸資賣出股數(不含外資自營商)"":""30,000"",""外陸資買賣超股數(不含外資自營商)"":""23,813"",""外資自營商買進股數"":""0"",""外資自營商賣出股數"":""0"",""外資自營商買賣超股數"":""0"",""投信買進股數"":""0"",""投信賣出股數"":""10,000"",""投信買賣超股數"":""-10,000"",""自營商買賣超股數"":""0"",""自營商買進股數(自行買賣)"":""0"",""自營商賣出股數(自行買賣)"":""0"",""自營商買賣超股數(自行買賣)"":""0"",""自營商買進股數(避險)"":""0"",""自營商賣出股數(避險)"":""0"",""自營商買賣超股數(避險)"":""0"",""三大法人買賣超股數"":""13,813""}"
2026-09-29,TWSE,3062,建漢            ,407513,393000,14513,0,0,0,0,877,-877,"{""證券代號"":""3062"",""證券名稱"":""建漢            "",""外陸資買進股數(不含外資自營商)"":""407,513"",""外陸資賣出股數(不含外資自營商)"":""393,000"",""外陸資買賣超股數(不含外資自營商)"":""14,513"",""外資自營商買進股數"":""0"",""外資自營商賣出股數"":""0"",""外資自營商買賣超股數"":""0"",""投信買進股數"":""0"",""投信賣出股數"":""0"",""投信買賣超股數"":""0"",""自營商買賣超股數"":""-877"",""自營商買進股數(自行買賣)"":""0"",""自營商賣出股數(自行買賣)"":""0"",""自營商買賣超股數(自行買賣)"":""0"",""自營商買進股數(避險)"":""0"",""自營商賣出股數(避險)"":""877"",""自營商買賣超股數(避險)"":""-877"",""三大法人買賣超股數"":""13,636""}"
2026-09-29,TWSE,3311,閎暉            ,95534,83000,12534,0,0,0,0,0,1000,"{""證券代號"":""3311"",""證券名稱"":""閎暉            "",""外陸資買進股數(不含外資自營商)"":""95,534"",""外陸資賣出股數(不含外資自營商)"":""83,000"",""外陸資買賣超股數(不含外資自營商)"":""12,534"",""外資自營商買進股數"":""0"",""外資自營商賣出股數"":""0"",""外資自營商買賣超股數"":""0"",""投信買進股數"":""0"",""投信賣出股數"":""0"",""投信買賣超股數"":""0"",""自營商買賣超股數"":""1,000"",""自營商買進股數(自行買賣)"":""1,000"",""自營商賣出股數(自行買賣)"":""0"",""自營商買賣超股數(自行買賣)"":""1,000"",""自營商買進股數(避險)"":""0"",""自營商賣出股數(避險)"":""0"",""自營商買賣超股數(避險)"":""0"",""三大法人買賣超股數"":""13,534""}"
2026-09-29,TWSE,8422,可寧衛*         ,1093100,1030000,63100,1000,0,1000,0,35000,-51000,"{""證券代號"":""8422"",""證券名稱"":""可寧衛*         "",""外陸資買進股數(不含外資自營商)"":""1,093,100"",""外陸資賣出股數(不含外資自營商)"":""1,030,000"",""外陸資買賣超股數(不含外資自營商)"":""63,100"",""外資自營商買進股數"":""0"",""外資自營商賣出股數"":""0"",""外資自營商買賣超股數"":""0"",""投信買進股數"":""1,000"",""投信賣出股數"":""0"",""投信買賣超股數"":""1,000"",""自營商買賣超股數"":""-51,000"",""自營商買進股數(自行買賣)"":""0"",""自營商賣出股數(自行買賣)"":""16,000"",""自營商買賣超股數(自行買賣)"":""-16,000"",""自營商買進股數(避險)"":""0"",""自營商賣出股數(避險)"":""35,000"",""自營商買賣超股數(避險)"":""-35,000"",""三大法人買賣超股數"":""13,100""}"
2026-09-29,TWSE,4557,永新-KY         ,15000,2000,13000,0,0,0,0,0,0,"{""證券代號"":""4557"",""證券名稱"":""永新-KY         "",""外陸資買進股數(不含外資自營商)"":""15,000"",""外陸資賣出股數(不含外資自營商)"":""2,000"",""外陸資買賣超股數(不含外資自營商)"":""13,000"",""外資自營商買進股數"":""0"",""外資自營商賣出股數"":""0"",""外資自營商買賣超股數"":""0"",""投信買進股數"":""0"",""投信賣出股數"":""0"",""投信買賣超股數"":""0"",""自營商買賣超股數"":""0"",""自營商買進股數(自行買賣)"":""0"",""自營商賣出股數(自行買賣)"":""0"",""自營商買賣超股數(自行買賣)"":""0"",""自營商買進股數(避險)"":""0"",""自營商賣出股數(避險)"":""0"",""自營商買賣超股數(避險)"":""0"",""三大法人買賣超股數"":""13,000""}"
2026-09-29,TWSE,6272,驊陞            ,31000,20000,11000,0,0,0,0,0,2000,"{""證券代號"":""6272"",""證券名稱"":""驊陞            "",""外陸資買進股數(不含外資自營商)"":""31,000"",""外陸資賣出股數(不含外資自營商)"":""20,000"",""外陸資買賣超股數(不含外資自營商)"":""11,000"",""外資自營商買進股數"":""0"",""外資自營商賣出股數"":""0"",""外資自營商買賣超股數"":""0"",""投信買進股數"":""0"",""投信賣出股數"":""0"",""投信買賣超股數"":""0"",""自營商買賣超股數"":""2,000"",""自營商買進股數(自行買賣)"":""2,000"",""自營商賣出股數(自行買賣)"":""0"",""自營商買賣超股數(自行買賣)"":""2,000"",""自營商買進股數(避險)"":""0"",""自營商賣出股數(避險)"":""0"",""自營商買賣超股數(避險)"":""0"",""三大法人買賣超股數"":""13,000""}"
2026-09-29,TWSE,1418,東華            ,15000,2000,13000,0,0,0,0,0,0,"{""證券代號"":""1418"",""證券名稱"":""東華            "",""外陸資買進股數(不含外資自營商)"":""15,000"",""外陸資賣出股數(不含外資自營商)"":""2,000"",""外陸資買賣超股數(不含外資自營商)"":""13,000"",""外資自營商買進股數"":""0"",""外資自營商賣出股數"":""0"",""外資自營商買賣超股數"":""0"",""投信買進股數"":""0"",""投信賣出股數"":""0"",""投信買賣超股數"":""0"",""自營商買賣超股數"":""0"",""自營商買進股數(自行買賣)"":""0"",""自營商賣出股數(自行買賣)"":""0"",""自營商買賣超股數(自行買賣)"":""0"",""自營商買進股數(避險)"":""0"",""自營商賣出股數(避險)"":""0"",""自營商買賣超股數(避險)"":""0"",""三大法人買賣超股數"":""13,000""}"
2026-09-29,TWSE,1533,車王電          ,27000,15000,12000,0,0,0,0,0,0,"{""證券代號"":""1533"",""證券名稱"":""車王電          "",""外陸資買進股數(不含外資自營商)"":""27,000"",""外陸資賣出股數(不含外資自營商)"":""15,000"",""外陸資買賣超股數(不含外資自營商)"":""12,000"",""外資自營商買進股數"":""0"",""外資自營商賣出股數"":""0"",""外資自營商買賣超股數"":""0"",""投信買進股數"":""0"",""投信賣出股數"":""0"",""投信買賣超股數"":""0"",""自營商買賣超股數"":""0"",""自營商買進股數(自行買賣)"":""0"",""自營商賣出股數(自行買賣)"":""0"",""自營商買賣超股數(自行買賣)"":""0"",""自營商買進股數(避險)"":""0"",""自營商賣出股數(避險)"":""0"",""自營商買賣超股數(避險)"":""0"",""三大法人買賣超股數"":""12,000""}"
2026-09-29,TWSE,4807,日成-KY         ,28000,16000,12000,0,0,0,0,0,0,"{""證券代號"":""4807"",""證券名稱"":""日成-KY         "",""外陸資買進股數(不含外資自營商)"":""28,000"",""外陸資賣出股數(不含外資自營商)"":""16,000"",""外陸資買賣超股數(不含外資自營商)"":""12,000"",""外資自營商買進股數"":""0"",""外資自營商賣出股數"":""0"",""外資自營商買賣超股數"":""0"",""投信買進股數"":""0"",""投信賣出股數"":""0"",""投信買賣超股數"":""0"",""自營商買賣超股數"":""0"",""自營商買進股數(自行買賣)"":""0"",""自營商賣出股數(自行買賣)"":""0"",""自營商買賣超股數(自行買賣)"":""0"",""自營商買進股數(避險)"":""0"",""自營商賣出股數(避險)"":""0"",""自營商買賣超股數(避險)"":""0"",""三大法人買賣超股數"":""12,000""}"
2026-09-29,TWSE,2312,金寶            ,871100,840000,31100,2000,0,2000,1861,14021,-21160,"{""證券代號"":""2312"",""證券名稱"":""金寶            "",""外陸資買進股數(不含外資自營商)"":""871,100"",""外陸資賣出股數(不含外資自營商)"":""840,000"",""外陸資買賣超股數(不含外資自營商)"":""31,100"",""外資自營商買進股數"":""0"",""外資自營商賣出股數"":""0"",""外資自營商買賣超股數"":""0"",""投信買進股數"":""2,000"",""投信賣出股數"":""0"",""投信買賣超股數"":""2,000"",""自營商買賣超股數"":""-21,160"",""自營商買進股數(自行買賣)"":""7,000"",""自營商賣出股數(自行買賣)"":""16,000"",""自營商買賣超股數(自行買賣)"":""-9,000"",""自營商買進股數(避險)"":""1,861"",""自營商賣出股數(避險)"":""14,021"",""自營商買賣超股數(避險)"":""-12,160"",""三大法人買賣超股數"":""11,940""}"
2026-09-29,TWSE,1231,聯華食          ,58013,49000,9013,0,0,0,0,0,2000,"{""證券代號"":""1231"",""證券名稱"":""聯華食          "",""外陸資買進股數(不含外資自營商)"":""58,013"",""外陸資賣出股數(不含外資自營商)"":""49,000"",""外陸資買賣超股數(不含外資自營商)"":""9,013"",""外資自營商買進股數"":""0"",""外資自營商賣出股數"":""0"",""外資自營商買賣超股數"":""0"",""投信買進股數"":""0"",""投信賣出股數"":""0"",""投信買賣超股數"":""0"",""自營商買賣超股數"":""2,000"",""自營商買進股數(自行買賣)"":""2,000"",""自營商賣出股數(自行買賣)"":""0"",""自營商買賣超股數(自行買賣)"":""2,000"",""自營商買進股數(避險)"":""0"",""自營商賣出股數(避險)"":""0"",""自營商買賣超股數(避險)"":""0"",""三大法人買賣超股數"":""11,013""}"
2026-09-29,TWSE,5484,慧友            ,16000,5000,11000,0,0,0,0,0,0,"{""證券代號"":""5484"",""證券名稱"":""慧友            "",""外陸資買進股數(不含外資自營商)"":""16,000"",""外陸資賣出股數(不含外資自營商)"":""5,000"",""外陸資買賣超股數(不含外資自營商)"":""11,000"",""外資自營商買進股數"":""0"",""外資自營商賣出股數"":""0"",""外資自營商買賣超股數"":""0"",""投信買進股數"":""0"",""投信賣出股數"":""0"",""投信買賣超股數"":""0"",""自營商買賣超股數"":""0"",""自營商買進股數(自行買賣)"":""0"",""自營商賣出股數(自行買賣)"":""0"",""自營商買賣超股數(自行買賣)"":""0"",""自營商買進股數(避險)"":""0"",""自營商賣出股數(避險)"":""0"",""自營商買賣超股數(避險)"":""0"",""三大法人買賣超股數"":""11,000""}"
2026-09-29,TWSE,2231,為升            ,67011,52000,15011,0,0,0,1502,8000,-4498,"{""證券代號"":""2231"",""證券名稱"":""為升            "",""外陸資買進股數(不含外資自營商)"":""67,011"",""外陸資賣出股數(不含外資自營商)"":""52,000"",""外陸資買賣超股數(不含外資自營商)"":""15,011"",""外資自營商買進股數"":""0"",""外資自營商賣出股數"":""0"",""外資自營商買賣超股數"":""0"",""投信買進股數"":""0"",""投信賣出股數"":""0"",""投信買賣超股數"":""0"",""自營商買賣超股數"":""-4,498"",""自營商買進股數(自行買賣)"":""4,000"",""自營商賣出股數(自行買賣)"":""2,000"",""自營商買賣超股數(自行買賣)"":""2,000"",""自營商買進股數(避險)"":""1,502"",""自營商賣出股數(避險)"":""8,000"",""自營商買賣超股數(避險)"":""-6,498"",""三大法人買賣超股數"":""10,513""}"
2026-09-29,TWSE,3416,融程電          ,58000,70000,-12000,0,0,0,23268,999,22269,"{""證券代號"":""3416"",""證券名稱"":""融程電          "",""外陸資買進股數(不含外資自營商)"":""58,000"",""外陸資賣出股數(不含外資自營商)"":""70,000"",""外陸資買賣超股數(不含外資自營商)"":""-12,000"",""外資自營商買進股數"":""0"",""外資自營商賣出股數"":""0"",""外資自營商買賣超股數"":""0"",""投信買進股數"":""0"",""投信賣出股數"":""0"",""投信買賣超股數"":""0"",""自營商買賣超股數"":""22,269"",""自營商買進股數(自行買賣)"":""0"",""自營商賣出股數(自行買賣)"":""0"",""自營商買賣超股數(自行買賣)"":""0"",""自營商買進股數(避險)"":""23,268"",""自營商賣出股數(避險)"":""999"",""自營商買賣超股數(避險)"":""22,269"",""三大法人買賣超股數"":""10,269""}"
2026-09-29,TWSE,6947,台鎔科技        ,25085,15000,10085,0,0,0,0,0,0,"{""證券代號"":""6947"",""證券名稱"":""台鎔科技        "",""外陸資買進股數(不含外資自營商)"":""25,085"",""外陸資賣出股數(不含外資自營商)"":""15,000"",""外陸資買賣超股數(不含外資自營商)"":""10,085"",""外資自營商買進股數"":""0"",""外資自營商賣出股數"":""0"",""外資自營商買賣超股數"":""0"",""投信買進股數"":""0"",""投信賣出股數"":""0"",""投信買賣超股數"":""0"",""自營商買賣超股數"":""0"",""自營商買進股數(自行買賣)"":""0"",""自營商賣出股數(自行買賣)"":""0"",""自營商買賣超股數(自行買賣)"":""0"",""自營商買進股數(避險)"":""0"",""自營商賣出股數(避險)"":""0"",""自營商買賣超股數(避險)"":""0"",""三大法人買賣超股數"":""10,085""}"
2026-09-29,TWSE,5244,弘凱            ,37000,27000,10000,0,0,0,0,0,0,"{""證券代號"":""5244"",""證券名稱"":""弘凱            "",""外陸資買進股數(不含外資自營商)"":""37,000"",""外陸資賣出股數(不含外資自營商)"":""27,000"",""外陸資買賣超股數(不含外資自營商)"":""10,000"",""外資自營商買進股數"":""0"",""外資自營商賣出股數"":""0"",""外資自營商買賣超股數"":""0"",""投信買進股數"":""0"",""投信賣出股數"":""0"",""投信買賣超股數"":""0"",""自營商買賣超股數"":""0"",""自營商買進股數(自行買賣)"":""0"",""自營商賣出股數(自行買賣)"":""0"",""自營商買賣超股數(自行買賣)"":""0"",""自營商買進股數(避險)"":""0"",""自營商賣出股數(避險)"":""0"",""自營商買賣超股數(避險)"":""0"",""三大法人買賣超股數"":""10,000""}"
2026-09-29,TWSE,2438,翔耀            ,16000,5000,11000,0,0,0,0,0,-1000,"{""證券代號"":""2438"",""證券名稱"":""翔耀            "",""外陸資買進股數(不含外資自營商)"":""16,000"",""外陸資賣出股數(不含外資自營商)"":""5,000"",""外陸資買賣超股數(不含外資自營商)"":""11,000"",""外資自營商買進股數"":""0"",""外資自營商賣出股數"":""0"",""外資自營商買賣超股數"":""0"",""投信買進股數"":""0"",""投信賣出股數"":""0"",""投信買賣超股數"":""0"",""自營商買賣超股數"":""-1,000"",""自營商買進股數(自行買賣)"":""0"",""自營商賣出股數(自行買賣)"":""1,000"",""自營商買賣超股數(自行買賣)"":""-1,000"",""自營商買進股數(避險)"":""0"",""自營商賣出股數(避險)"":""0"",""自營商買賣超股數(避險)"":""0"",""三大法人買賣超股數"":""10,000""}"
2026-09-29,TWSE,2363,矽統            ,1333369,1691000,-357631,10000,0,10000,395034,49983,357051,"{""證券代號"":""2363"",""證券名稱"":""矽統            "",""外陸資買進股數(不含外資自營商)"":""1,333,369"",""外陸資賣出股數(不含外資自營商)"":""1,691,000"",""外陸資買賣超股數(不含外資自營商)"":""-357,631"",""外資自營商買進股數"":""0"",""外資自營商賣出股數"":""0"",""外資自營商買賣超股數"":""0"",""投信買進股數"":""10,000"",""投信賣出股數"":""0"",""投信買賣超股數"":""10,000"",""自營商買賣超股數"":""357,051"",""自營商買進股數(自行買賣)"":""12,000"",""自營商賣出股數(自行買賣)"":""0"",""自營商買賣超股數(自行買賣)"":""12,000"",""自營商買進股數(避險)"":""395,034"",""自營商賣出股數(避險)"":""49,983"",""自營商買賣超股數(避險)"":""345,051"",""三大法人買賣超股數"":""9,420""}"
2026-09-29,TWSE,8499,鼎炫-KY         ,10000,1000,9000,0,0,0,0,0,0,"{""證券代號"":""8499"",""證券名稱"":""鼎炫-KY         "",""外陸資買進股數(不含外資自營商)"":""10,000"",""外陸資賣出股數(不含外資自營商)"":""1,000"",""外陸資買賣超股數(不含外資自營商)"":""9,000"",""外資自營商買進股數"":""0"",""外資自營商賣出股數"":""0"",""外資自營商買賣超股數"":""0"",""投信買進股數"":""0"",""投信賣出股數"":""0"",""投信買賣超股數"":""0"",""自營商買賣超股數"":""0"",""自營商買進股數(自行買賣)"":""0"",""自營商賣出股數(自行買賣)"":""0"",""自營商買賣超股數(自行買賣)"":""0"",""自營商買進股數(避險)"":""0"",""自營商賣出股數(避險)"":""0"",""自營商買賣超股數(避險)"":""0"",""三大法人買賣超股數"":""9,000""}"
2026-09-29,TWSE,6283,淳安            ,24000,15000,9000,0,0,0,0,0,0,"{""證券代號"":""6283"",""證券名稱"":""淳安            "",""外陸資買進股數(不含外資自營商)"":""24,000"",""外陸資賣出股數(不含外資自營商)"":""15,000"",""外陸資買賣超股數(不含外資自營商)"":""9,000"",""外資自營商買進股數"":""0"",""外資自營商賣出股數"":""0"",""外資自營商買賣超股數"":""0"",""投信買進股數"":""0"",""投信賣出股數"":""0"",""投信買賣超股數"":""0"",""自營商買賣超股數"":""0"",""自營商買進股數(自行買賣)"":""0"",""自營商賣出股數(自行買賣)"":""0"",""自營商買賣超股數(自行買賣)"":""0"",""自營商買進股數(避險)"":""0"",""自營商賣出股數(避險)"":""0"",""自營商買賣超股數(避險)"":""0"",""三大法人買賣超股數"":""9,000""}"
2026-09-29,TWSE,3338,泰碩            ,73364,65050,8314,0,0,0,0,0,0,"{""證券代號"":""3338"",""證券名稱"":""泰碩            "",""外陸資買進股數(不含外資自營商)"":""73,364"",""外陸資賣出股數(不含外資自營商)"":""65,050"",""外陸資買賣超股數(不含外資自營商)"":""8,314"",""外資自營商買進股數"":""0"",""外資自營商賣出股數"":""0"",""外資自營商買賣超股數"":""0"",""投信買進股數"":""0"",""投信賣出股數"":""0"",""投信買賣超股數"":""0"",""自營商買賣超股數"":""0"",""自營商買進股數(自行買賣)"":""0"",""自營商賣出股數(自行買賣)"":""0"",""自營商買賣超股數(自行買賣)"":""0"",""自營商買進股數(避險)"":""0"",""自營商賣出股數(避險)"":""0"",""自營商買賣超股數(避險)"":""0"",""三大法人買賣超股數"":""8,314""}"
2026-09-29,TWSE,7780,大研生醫*       ,134000,124000,10000,0,0,0,0,1467,-1723,"{""證券代號"":""7780"",""證券名稱"":""大研生醫*       "",""外陸資買進股數(不含外資自營商)"":""134,000"",""外陸資賣出股數(不含外資自營商)"":""124,000"",""外陸資買賣超股數(不含外資自營商)"":""10,000"",""外資自營商買進股數"":""0"",""外資自營商賣出股數"":""0"",""外資自營商買賣超股數"":""0"",""投信買進股數"":""0"",""投信賣出股數"":""0"",""投信買賣超股數"":""0"",""自營商買賣超股數"":""-1,723"",""自營商買進股數(自行買賣)"":""0"",""自營商賣出股數(自行買賣)"":""256"",""自營商買賣超股數(自行買賣)"":""-256"",""自營商買進股數(避險)"":""0"",""自營商賣出股數(避險)"":""1,467"",""自營商買賣超股數(避險)"":""-1,467"",""三大法人買賣超股數"":""8,277""}"
2026-09-29,TWSE,7689,大鵬科CLMX      ,9198,1000,8198,0,0,0,0,0,0,"{""證券代號"":""7689"",""證券名稱"":""大鵬科CLMX      "",""外陸資買進股數(不含外資自營商)"":""9,198"",""外陸資賣出股數(不含外資自營商)"":""1,000"",""外陸資買賣超股數(不含外資自營商)"":""8,198"",""外資自營商買進股數"":""0"",""外資自營商賣出股數"":""0"",""外資自營商買賣超股數"":""0"",""投信買進股數"":""0"",""投信賣出股數"":""0"",""投信買賣超股數"":""0"",""自營商買賣超股數"":""0"",""自營商買進股數(自行買賣)"":""0"",""自營商賣出股數(自行買賣)"":""0"",""自營商買賣超股數(自行買賣)"":""0"",""自營商買進股數(避險)"":""0"",""自營商賣出股數(避險)"":""0"",""自營商買賣超股數(避險)"":""0"",""三大法人買賣超股數"":""8,198""}"
2026-09-29,TWSE,1215,卜蜂            ,259019,252415,6604,0,0,0,0,0,1534,"{""證券代號"":""1215"",""證券名稱"":""卜蜂            "",""外陸資買進股數(不含外資自營商)"":""259,019"",""外陸資賣出股數(不含外資自營商)"":""252,415"",""外陸資買賣超股數(不含外資自營商)"":""6,604"",""外資自營商買進股數"":""0"",""外資自營商賣出股數"":""0"",""外資自營商買賣超股數"":""0"",""投信買進股數"":""0"",""投信賣出股數"":""0"",""投信買賣超股數"":""0"",""自營商買賣超股數"":""1,534"",""自營商買進股數(自行買賣)"":""4,000"",""自營商賣出股數(自行買賣)"":""2,466"",""自營商買賣超股數(自行買賣)"":""1,534"",""自營商買進股數(避險)"":""0"",""自營商賣出股數(避險)"":""0"",""自營商買賣超股數(避險)"":""0"",""三大法人買賣超股數"":""8,138""}"
2026-09-29,TWSE,4178,永笙-KY         ,17000,10000,7000,0,0,0,0,0,1000,"{""證券代號"":""4178"",""證券名稱"":""永笙-KY         "",""外陸資買進股數(不含外資自營商)"":""17,000"",""外陸資賣出股數(不含外資自營商)"":""10,000"",""外陸資買賣超股數(不含外資自營商)"":""7,000"",""外資自營商買進股數"":""0"",""外資自營商賣出股數"":""0"",""外資自營商買賣超股數"":""0"",""投信買進股數"":""0"",""投信賣出股數"":""0"",""投信買賣超股數"":""0"",""自營商買賣超股數"":""1,000"",""自營商買進股數(自行買賣)"":""2,000"",""自營商賣出股數(自行買賣)"":""1,000"",""自營商買賣超股數(自行買賣)"":""1,000"",""自營商買進股數(避險)"":""0"",""自營商賣出股數(避險)"":""0"",""自營商買賣超股數(避險)"":""0"",""三大法人買賣超股數"":""8,000""}"
2026-09-29,TWSE,4426,利勤            ,20000,12000,8000,0,0,0,0,0,0,"{""證券代號"":""4426"",""證券名稱"":""利勤            "",""外陸資買進股數(不含外資自營商)"":""20,000"",""外陸資賣出股數(不含外資自營商)"":""12,000"",""外陸資買賣超股數(不含外資自營商)"":""8,000"",""外資自營商買進股數"":""0"",""外資自營商賣出股數"":""0"",""外資自營商買賣超股數"":""0"",""投信買進股數"":""0"",""投信賣出股數"":""0"",""投信買賣超股數"":""0"",""自營商買賣超股數"":""0"",""自營商買進股數(自行買賣)"":""0"",""自營商賣出股數(自行買賣)"":""0"",""自營商買賣超股數(自行買賣)"":""0"",""自營商買進股數(避險)"":""0"",""自營商賣出股數(避險)"":""0"",""自營商買賣超股數(避險)"":""0"",""三大法人買賣超股數"":""8,000""}"
2026-09-29,TWSE,2939,永邑-KY         ,12000,4000,8000,0,0,0,0,0,0,"{""證券代號"":""2939"",""證券名稱"":""永邑-KY         "",""外陸資買進股數(不含外資自營商)"":""12,000"",""外陸資賣出股數(不含外資自營商)"":""4,000"",""外陸資買賣超股數(不含外資自營商)"":""8,000"",""外資自營商買進股數"":""0"",""外資自營商賣出股數"":""0"",""外資自營商買賣超股數"":""0"",""投信買進股數"":""0"",""投信賣出股數"":""0"",""投信買賣超股數"":""0"",""自營商買賣超股數"":""0"",""自營商買進股數(自行買賣)"":""0"",""自營商賣出股數(自行買賣)"":""0"",""自營商買賣超股數(自行買賣)"":""0"",""自營商買進股數(避險)"":""0"",""自營商賣出股數(避險)"":""0"",""自營商買賣超股數(避險)"":""0"",""三大法人買賣超股數"":""8,000""}"
2026-09-29,TWSE,4414,如興            ,22000,22000,0,0,0,0,0,0,8000,"{""證券代號"":""4414"",""證券名稱"":""如興            "",""外陸資買進股數(不含外資自營商)"":""22,000"",""外陸資賣出股數(不含外資自營商)"":""22,000"",""外陸資買賣超股數(不含外資自營商)"":""0"",""外資自營商買進股數"":""0"",""外資自營商賣出股數"":""0"",""外資自營商買賣超股數"":""0"",""投信買進股數"":""0"",""投信賣出股數"":""0"",""投信買賣超股數"":""0"",""自營商買賣超股數"":""8,000"",""自營商買進股數(自行買賣)"":""8,000"",""自營商賣出股數(自行買賣)"":""0"",""自營商買賣超股數(自行買賣)"":""8,000"",""自營商買進股數(避險)"":""0"",""自營商賣出股數(避險)"":""0"",""自營商買賣超股數(避險)"":""0"",""三大法人買賣超股數"":""8,000""}"
2026-09-29,TWSE,8011,台通            ,57000,49000,8000,0,0,0,0,0,0,"{""證券代號"":""8011"",""證券名稱"":""台通            "",""外陸資買進股數(不含外資自營商)"":""57,000"",""外陸資賣出股數(不含外資自營商)"":""49,000"",""外陸資買賣超股數(不含外資自營商)"":""8,000"",""外資自營商買進股數"":""0"",""外資自營商賣出股數"":""0"",""外資自營商買賣超股數"":""0"",""投信買進股數"":""0"",""投信賣出股數"":""0"",""投信買賣超股數"":""0"",""自營商買賣超股數"":""0"",""自營商買進股數(自行買賣)"":""0"",""自營商賣出股數(自行買賣)"":""0"",""自營商買賣超股數(自行買賣)"":""0"",""自營商買進股數(避險)"":""0"",""自營商賣出股數(避險)"":""0"",""自營商買賣超股數(避險)"":""0"",""三大法人買賣超股數"":""8,000""}"
2026-09-29,TWSE,8070,長華*           ,275001,274000,1001,0,0,0,0,84,6916,"{""證券代號"":""8070"",""證券名稱"":""長華*           "",""外陸資買進股數(不含外資自營商)"":""275,001"",""外陸資賣出股數(不含外資自營商)"":""274,000"",""外陸資買賣超股數(不含外資自營商)"":""1,001"",""外資自營商買進股數"":""0"",""外資自營商賣出股數"":""0"",""外資自營商買賣超股數"":""0"",""投信買進股數"":""0"",""投信賣出股數"":""0"",""投信買賣超股數"":""0"",""自營商買賣超股數"":""6,916"",""自營商買進股數(自行買賣)"":""26,000"",""自營商賣出股數(自行買賣)"":""19,000"",""自營商買賣超股數(自行買賣)"":""7,000"",""自營商買進股數(避險)"":""0"",""自營商賣出股數(避險)"":""84"",""自營商買賣超股數(避險)"":""-84"",""三大法人買賣超股數"":""7,917""}"
2026-09-29,TWSE,1219,福壽            ,71000,63541,7459,0,0,0,0,0,0,"{""證券代號"":""1219"",""證券名稱"":""福壽            "",""外陸資買進股數(不含外資自營商)"":""71,000"",""外陸資賣出股數(不含外資自營商)"":""63,541"",""外陸資買賣超股數(不含外資自營商)"":""7,459"",""外資自營商買進股數"":""0"",""外資自營商賣出股數"":""0"",""外資自營商買賣超股數"":""0"",""投信買進股數"":""0"",""投信賣出股數"":""0"",""投信買賣超股數"":""0"",""自營商買賣超股數"":""0"",""自營商買進股數(自行買賣)"":""0"",""自營商賣出股數(自行買賣)"":""0"",""自營商買賣超股數(自行買賣)"":""0"",""自營商買進股數(避險)"":""0"",""自營商賣出股數(避險)"":""0"",""自營商買賣超股數(避險)"":""0"",""三大法人買賣超股數"":""7,459""}"
2026-09-29,TWSE,6805,富世達          ,529363,406818,122545,0,111000,-111000,23352,17614,-4262,"{""證券代號"":""6805"",""證券名稱"":""富世達          "",""外陸資買進股數(不含外資自營商)"":""529,363"",""外陸資賣出股數(不含外資自營商)"":""406,818"",""外陸資買賣超股數(不含外資自營商)"":""122,545"",""外資自營商買進股數"":""0"",""外資自營商賣出股數"":""0"",""外資自營商買賣超股數"":""0"",""投信買進股數"":""0"",""投信賣出股數"":""111,000"",""投信買賣超股數"":""-111,000"",""自營商買賣超股數"":""-4,262"",""自營商買進股數(自行買賣)"":""5,000"",""自營商賣出股數(自行買賣)"":""15,000"",""自營商買賣超股數(自行買賣)"":""-10,000"",""自營商買進股數(避險)"":""23,352"",""自營商賣出股數(避險)"":""17,614"",""自營商買賣超股數(避險)"":""5,738"",""三大法人買賣超股數"":""7,283""}"
2026-09-29,TWSE,3447,展達            ,22000,15000,7000,0,0,0,0,0,0,"{""證券代號"":""3447"",""證券名稱"":""展達            "",""外陸資買進股數(不含外資自營商)"":""22,000"",""外陸資賣出股數(不含外資自營商)"":""15,000"",""外陸資買賣超股數(不含外資自營商)"":""7,000"",""外資自營商買進股數"":""0"",""外資自營商賣出股數"":""0"",""外資自營商買賣超股數"":""0"",""投信買進股數"":""0"",""投信賣出股數"":""0"",""投信買賣超股數"":""0"",""自營商買賣超股數"":""0"",""自營商買進股數(自行買賣)"":""0"",""自營商賣出股數(自行買賣)"":""0"",""自營商買賣超股數(自行買賣)"":""0"",""自營商買進股數(避險)"":""0"",""自營商賣出股數(避險)"":""0"",""自營商買賣超股數(避險)"":""0"",""三大法人買賣超股數"":""7,000""}"
2026-09-29,TWSE,0057,富邦摩台        ,1000,0,1000,0,0,0,27000,21000,6000,"{""證券代號"":""0057"",""證券名稱"":""富邦摩台        "",""外陸資買進股數(不含外資自營商)"":""1,000"",""外陸資賣出股數(不含外資自營商)"":""0"",""外陸資買賣超股數(不含外資自營商)"":""1,000"",""外資自營商買進股數"":""0"",""外資自營商賣出股數"":""0"",""外資自營商買賣超股數"":""0"",""投信買進股數"":""0"",""投信賣出股數"":""0"",""投信買賣超股數"":""0"",""自營商買賣超股數"":""6,000"",""自營商買進股數(自行買賣)"":""0"",""自營商賣出股數(自行買賣)"":""0"",""自營商買賣超股數(自行買賣)"":""0"",""自營商買進股數(避險)"":""27,000"",""自營商賣出股數(避險)"":""21,000"",""自營商買賣超股數(避險)"":""6,000"",""三大法人買賣超股數"":""7,000""}"
2026-09-29,TWSE,1903,士紙            ,23005,17000,6005,0,0,0,0,0,906,"{""證券代號"":""1903"",""證券名稱"":""士紙            "",""外陸資買進股數(不含外資自營商)"":""23,005"",""外陸資賣出股數(不含外資自營商)"":""17,000"",""外陸資買賣超股數(不含外資自營商)"":""6,005"",""外資自營商買進股數"":""0"",""外資自營商賣出股數"":""0"",""外資自營商買賣超股數"":""0"",""投信買進股數"":""0"",""投信賣出股數"":""0"",""投信買賣超股數"":""0"",""自營商買賣超股數"":""906"",""自營商買進股數(自行買賣)"":""1,000"",""自營商賣出股數(自行買賣)"":""94"",""自營商買賣超股數(自行買賣)"":""906"",""自營商買進股數(避險)"":""0"",""自營商賣出股數(避險)"":""0"",""自營商買賣超股數(避險)"":""0"",""三大法人買賣超股數"":""6,911""}"
2026-09-29,TWSE,4766,南寶            ,37012,31018,5994,0,0,0,0,244,756,"{""證券代號"":""4766"",""證券名稱"":""南寶            "",""外陸資買進股數(不含外資自營商)"":""37,012"",""外陸資賣出股數(不含外資自營商)"":""31,018"",""外陸資買賣超股數(不含外資自營商)"":""5,994"",""外資自營商買進股數"":""0"",""外資自營商賣出股數"":""0"",""外資自營商買賣超股數"":""0"",""投信買進股數"":""0"",""投信賣出股數"":""0"",""投信買賣超股數"":""0"",""自營商買賣超股數"":""756"",""自營商買進股數(自行買賣)"":""1,000"",""自營商賣出股數(自行買賣)"":""0"",""自營商買賣超股數(自行買賣)"":""1,000"",""自營商買進股數(避險)"":""0"",""自營商賣出股數(避險)"":""244"",""自營商買賣超股數(避險)"":""-244"",""三大法人買賣超股數"":""6,750""}"
2026-09-29,TWSE,2395,研華            ,1985942,2531672,-545730,532000,4000,528000,48229,39721,24273,"{""證券代號"":""2395"",""證券名稱"":""研華            "",""外陸資買進股數(不含外資自營商)"":""1,985,942"",""外陸資賣出股數(不含外資自營商)"":""2,531,672"",""外陸資買賣超股數(不含外資自營商)"":""-545,730"",""外資自營商買進股數"":""0"",""外資自營商賣出股數"":""0"",""外資自營商買賣超股數"":""0"",""投信買進股數"":""532,000"",""投信賣出股數"":""4,000"",""投信買賣超股數"":""528,000"",""自營商買賣超股數"":""24,273"",""自營商買進股數(自行買賣)"":""27,951"",""自營商賣出股數(自行買賣)"":""12,186"",""自營商買賣超股數(自行買賣)"":""15,765"",""自營商買進股數(避險)"":""48,229"",""自營商賣出股數(避險)"":""39,721"",""自營商買賣超股數(避險)"":""8,508"",""三大法人買賣超股數"":""6,543""}"
2026-09-29,TWSE,2228,劍麟            ,23000,17000,6000,0,0,0,0,0,13,"{""證券代號"":""2228"",""證券名稱"":""劍麟            "",""外陸資買進股數(不含外資自營商)"":""23,000"",""外陸資賣出股數(不含外資自營商)"":""17,000"",""外陸資買賣超股數(不含外資自營商)"":""6,000"",""外資自營商買進股數"":""0"",""外資自營商賣出股數"":""0"",""外資自營商買賣超股數"":""0"",""投信買進股數"":""0"",""投信賣出股數"":""0"",""投信買賣超股數"":""0"",""自營商買賣超股數"":""13"",""自營商買進股數(自行買賣)"":""13"",""自營商賣出股數(自行買賣)"":""0"",""自營商買賣超股數(自行買賣)"":""13"",""自營商買進股數(避險)"":""0"",""自營商賣出股數(避險)"":""0"",""自營商買賣超股數(避險)"":""0"",""三大法人買賣超股數"":""6,013""}"
2026-09-29,TWSE,3530,晶相光          ,20004,14000,6004,0,0,0,0,0,0,"{""證券代號"":""3530"",""證券名稱"":""晶相光          "",""外陸資買進股數(不含外資自營商)"":""20,004"",""外陸資賣出股數(不含外資自營商)"":""14,000"",""外陸資買賣超股數(不含外資自營商)"":""6,004"",""外資自營商買進股數"":""0"",""外資自營商賣出股數"":""0"",""外資自營商買賣超股數"":""0"",""投信買進股數"":""0"",""投信賣出股數"":""0"",""投信買賣超股數"":""0"",""自營商買賣超股數"":""0"",""自營商買進股數(自行買賣)"":""0"",""自營商賣出股數(自行買賣)"":""0"",""自營商買賣超股數(自行買賣)"":""0"",""自營商買進股數(避險)"":""0"",""自營商賣出股數(避險)"":""0"",""自營商買賣超股數(避險)"":""0"",""三大法人買賣超股數"":""6,004""}"
2026-09-29,TWSE,1526,日馳            ,12000,6000,6000,0,0,0,0,0,0,"{""證券代號"":""1526"",""證券名稱"":""日馳            "",""外陸資買進股數(不含外資自營商)"":""12,000"",""外陸資賣出股數(不含外資自營商)"":""6,000"",""外陸資買賣超股數(不含外資自營商)"":""6,000"",""外資自營商買進股數"":""0"",""外資自營商賣出股數"":""0"",""外資自營商買賣超股數"":""0"",""投信買進股數"":""0"",""投信賣出股數"":""0"",""投信買賣超股數"":""0"",""自營商買賣超股數"":""0"",""自營商買進股數(自行買賣)"":""0"",""自營商賣出股數(自行買賣)"":""0"",""自營商買賣超股數(自行買賣)"":""0"",""自營商買進股數(避險)"":""0"",""自營商賣出股數(避險)"":""0"",""自營商買賣超股數(避險)"":""0"",""三大法人買賣超股數"":""6,000""}"
2026-09-29,TWSE,7835,永悅健康-創     ,14000,3000,11000,0,0,0,0,5000,-5000,"{""證券代號"":""7835"",""證券名稱"":""永悅健康-創     "",""外陸資買進股數(不含外資自營商)"":""14,000"",""外陸資賣出股數(不含外資自營商)"":""3,000"",""外陸資買賣超股數(不含外資自營商)"":""11,000"",""外資自營商買進股數"":""0"",""外資自營商賣出股數"":""0"",""外資自營商買賣超股數"":""0"",""投信買進股數"":""0"",""投信賣出股數"":""0"",""投信買賣超股數"":""0"",""自營商買賣超股數"":""-5,000"",""自營商買進股數(自行買賣)"":""0"",""自營商賣出股數(自行買賣)"":""0"",""自營商買賣超股數(自行買賣)"":""0"",""自營商買進股數(避險)"":""0"",""自營商賣出股數(避險)"":""5,000"",""自營商買賣超股數(避險)"":""-5,000"",""三大法人買賣超股數"":""6,000""}"
2026-09-29,TWSE,2460,建通            ,34000,29000,5000,0,0,0,0,0,1000,"{""證券代號"":""2460"",""證券名稱"":""建通            "",""外陸資買進股數(不含外資自營商)"":""34,000"",""外陸資賣出股數(不含外資自營商)"":""29,000"",""外陸資買賣超股數(不含外資自營商)"":""5,000"",""外資自營商買進股數"":""0"",""外資自營商賣出股數"":""0"",""外資自營商買賣超股數"":""0"",""投信買進股數"":""0"",""投信賣出股數"":""0"",""投信買賣超股數"":""0"",""自營商買賣超股數"":""1,000"",""自營商買進股數(自行買賣)"":""1,000"",""自營商賣出股數(自行買賣)"":""0"",""自營商買賣超股數(自行買賣)"":""1,000"",""自營商買進股數(避險)"":""0"",""自營商賣出股數(避險)"":""0"",""自營商買賣超股數(避險)"":""0"",""三大法人買賣超股數"":""6,000""}"
2026-09-29,TWSE,2007,燁興            ,47000,41000,6000,0,0,0,0,0,0,"{""證券代號"":""2007"",""證券名稱"":""燁興            "",""外陸資買進股數(不含外資自營商)"":""47,000"",""外陸資賣出股數(不含外資自營商)"":""41,000"",""外陸資買賣超股數(不含外資自營商)"":""6,000"",""外資自營商買進股數"":""0"",""外資自營商賣出股數"":""0"",""外資自營商買賣超股數"":""0"",""投信買進股數"":""0"",""投信賣出股數"":""0"",""投信買賣超股數"":""0"",""自營商買賣超股數"":""0"",""自營商買進股數(自行買賣)"":""0"",""自營商賣出股數(自行買賣)"":""0"",""自營商買賣超股數(自行買賣)"":""0"",""自營商買進股數(避險)"":""0"",""自營商賣出股數(避險)"":""0"",""自營商買賣超股數(避險)"":""0"",""三大法人買賣超股數"":""6,000""}"
2026-09-29,TWSE,5236,凌陽創新        ,11290,19339,-8049,10000,0,10000,0,0,4000,"{""證券代號"":""5236"",""證券名稱"":""凌陽創新        "",""外陸資買進股數(不含外資自營商)"":""11,290"",""外陸資賣出股數(不含外資自營商)"":""19,339"",""外陸資買賣超股數(不含外資自營商)"":""-8,049"",""外資自營商買進股數"":""0"",""外資自營商賣出股數"":""0"",""外資自營商買賣超股數"":""0"",""投信買進股數"":""10,000"",""投信賣出股數"":""0"",""投信買賣超股數"":""10,000"",""自營商買賣超股數"":""4,000"",""自營商買進股數(自行買賣)"":""4,000"",""自營商賣出股數(自行買賣)"":""0"",""自營商買賣超股數(自行買賣)"":""4,000"",""自營商買進股數(避險)"":""0"",""自營商賣出股數(避險)"":""0"",""自營商買賣超股數(避險)"":""0"",""三大法人買賣超股數"":""5,951""}"
2026-09-29,TWSE,2906,高林            ,8000,22000,-14000,0,0,0,4000,3732,19268,"{""證券代號"":""2906"",""證券名稱"":""高林            "",""外陸資買進股數(不含外資自營商)"":""8,000"",""外陸資賣出股數(不含外資自營商)"":""22,000"",""外陸資買賣超股數(不含外資自營商)"":""-14,000"",""外資自營商買進股數"":""0"",""外資自營商賣出股數"":""0"",""外資自營商買賣超股數"":""0"",""投信買進股數"":""0"",""投信賣出股數"":""0"",""投信買賣超股數"":""0"",""自營商買賣超股數"":""19,268"",""自營商買進股數(自行買賣)"":""19,000"",""自營商賣出股數(自行買賣)"":""0"",""自營商買賣超股數(自行買賣)"":""19,000"",""自營商買進股數(避險)"":""4,000"",""自營商賣出股數(避險)"":""3,732"",""自營商買賣超股數(避險)"":""268"",""三大法人買賣超股數"":""5,268""}"
2026-09-29,TWSE,6792,詠業            ,6000,2000,4000,0,0,0,0,0,1000,"{""證券代號"":""6792"",""證券名稱"":""詠業            "",""外陸資買進股數(不含外資自營商)"":""6,000"",""外陸資賣出股數(不含外資自營商)"":""2,000"",""外陸資買賣超股數(不含外資自營商)"":""4,000"",""外資自營商買進股數"":""0"",""外資自營商賣出股數"":""0"",""外資自營商買賣超股數"":""0"",""投信買進股數"":""0"",""投信賣出股數"":""0"",""投信買賣超股數"":""0"",""自營商買賣超股數"":""1,000"",""自營商買進股數(自行買賣)"":""1,000"",""自營商賣出股數(自行買賣)"":""0"",""自營商買賣超股數(自行買賣)"":""1,000"",""自營商買進股數(避險)"":""0"",""自營商賣出股數(避險)"":""0"",""自營商買賣超股數(避險)"":""0"",""三大法人買賣超股數"":""5,000""}"
2026-09-29,TWSE,6794,向榮生技        ,10000,5000,5000,0,0,0,0,0,0,"{""證券代號"":""6794"",""證券名稱"":""向榮生技        "",""外陸資買進股數(不含外資自營商)"":""10,000"",""外陸資賣出股數(不含外資自營商)"":""5,000"",""外陸資買賣超股數(不含外資自營商)"":""5,000"",""外資自營商買進股數"":""0"",""外資自營商賣出股數"":""0"",""外資自營商買賣超股數"":""0"",""投信買進股數"":""0"",""投信賣出股數"":""0"",""投信買賣超股數"":""0"",""自營商買賣超股數"":""0"",""自營商買進股數(自行買賣)"":""0"",""自營商賣出股數(自行買賣)"":""0"",""自營商買賣超股數(自行買賣)"":""0"",""自營商買進股數(避險)"":""0"",""自營商賣出股數(避險)"":""0"",""自營商買賣超股數(避險)"":""0"",""三大法人買賣超股數"":""5,000""}"
2026-09-29,TWSE,1471,首利            ,10000,11000,-1000,0,0,0,0,0,6000,"{""證券代號"":""1471"",""證券名稱"":""首利            "",""外陸資買進股數(不含外資自營商)"":""10,000"",""外陸資賣出股數(不含外資自營商)"":""11,000"",""外陸資買賣超股數(不含外資自營商)"":""-1,000"",""外資自營商買進股數"":""0"",""外資自營商賣出股數"":""0"",""外資自營商買賣超股數"":""0"",""投信買進股數"":""0"",""投信賣出股數"":""0"",""投信買賣超股數"":""0"",""自營商買賣超股數"":""6,000"",""自營商買進股數(自行買賣)"":""6,000"",""自營商賣出股數(自行買賣)"":""0"",""自營商買賣超股數(自行買賣)"":""6,000"",""自營商買進股數(避險)"":""0"",""自營商賣出股數(避險)"":""0"",""自營商買賣超股數(避險)"":""0"",""三大法人買賣超股數"":""5,000""}"
2026-09-29,TWSE,5258,虹堡            ,44000,39000,5000,0,0,0,0,0,-241,"{""證券代號"":""5258"",""證券名稱"":""虹堡            "",""外陸資買進股數(不含外資自營商)"":""44,000"",""外陸資賣出股數(不含外資自營商)"":""39,000"",""外陸資買賣超股數(不含外資自營商)"":""5,000"",""外資自營商買進股數"":""0"",""外資自營商賣出股數"":""0"",""外資自營商買賣超股數"":""0"",""投信買進股數"":""0"",""投信賣出股數"":""0"",""投信買賣超股數"":""0"",""自營商買賣超股數"":""-241"",""自營商買進股數(自行買賣)"":""1,000"",""自營商賣出股數(自行買賣)"":""1,241"",""自營商買賣超股數(自行買賣)"":""-241"",""自營商買進股數(避險)"":""0"",""自營商賣出股數(避險)"":""0"",""自營商買賣超股數(避險)"":""0"",""三大法人買賣超股數"":""4,759""}"
2026-09-29,TWSE,8261,富鼎            ,362330,331335,30995,5000,0,5000,8423,19003,-31580,"{""證券代號"":""8261"",""證券名稱"":""富鼎            "",""外陸資買進股數(不含外資自營商)"":""362,330"",""外陸資賣出股數(不含外資自營商)"":""331,335"",""外陸資買賣超股數(不含外資自營商)"":""30,995"",""外資自營商買進股數"":""0"",""外資自營商賣出股數"":""0"",""外資自營商買賣超股數"":""0"",""投信買進股數"":""5,000"",""投信賣出股數"":""0"",""投信買賣超股數"":""5,000"",""自營商買賣超股數"":""-31,580"",""自營商買進股數(自行買賣)"":""0"",""自營商賣出股數(自行買賣)"":""21,000"",""自營商買賣超股數(自行買賣)"":""-21,000"",""自營商買進股數(避險)"":""8,423"",""自營商賣出股數(避險)"":""19,003"",""自營商買賣超股數(避險)"":""-10,580"",""三大法人買賣超股數"":""4,415""}"
2026-09-29,TWSE,3557,嘉威            ,10199,6000,4199,0,0,0,0,0,0,"{""證券代號"":""3557"",""證券名稱"":""嘉威            "",""外陸資買進股數(不含外資自營商)"":""10,199"",""外陸資賣出股數(不含外資自營商)"":""6,000"",""外陸資買賣超股數(不含外資自營商)"":""4,199"",""外資自營商買進股數"":""0"",""外資自營商賣出股數"":""0"",""外資自營商買賣超股數"":""0"",""投信買進股數"":""0"",""投信賣出股數"":""0"",""投信買賣超股數"":""0"",""自營商買賣超股數"":""0"",""自營商買進股數(自行買賣)"":""0"",""自營商賣出股數(自行買賣)"":""0"",""自營商買賣超股數(自行買賣)"":""0"",""自營商買進股數(避險)"":""0"",""自營商賣出股數(避險)"":""0"",""自營商買賣超股數(避險)"":""0"",""三大法人買賣超股數"":""4,199""}"
2026-09-29,TWSE,1340,勝悅-KY         ,18000,14000,4000,0,0,0,0,0,0,"{""證券代號"":""1340"",""證券名稱"":""勝悅-KY         "",""外陸資買進股數(不含外資自營商)"":""18,000"",""外陸資賣出股數(不含外資自營商)"":""14,000"",""外陸資買賣超股數(不含外資自營商)"":""4,000"",""外資自營商買進股數"":""0"",""外資自營商賣出股數"":""0"",""外資自營商買賣超股數"":""0"",""投信買進股數"":""0"",""投信賣出股數"":""0"",""投信買賣超股數"":""0"",""自營商買賣超股數"":""0"",""自營商買進股數(自行買賣)"":""0"",""自營商賣出股數(自行買賣)"":""0"",""自營商買賣超股數(自行買賣)"":""0"",""自營商買進股數(避險)"":""0"",""自營商賣出股數(避險)"":""0"",""自營商買賣超股數(避險)"":""0"",""三大法人買賣超股數"":""4,000""}"
2026-09-29,TWSE,6431,光麗-KY         ,5000,3000,2000,0,0,0,0,0,2000,"{""證券代號"":""6431"",""證券名稱"":""光麗-KY         "",""外陸資買進股數(不含外資自營商)"":""5,000"",""外陸資賣出股數(不含外資自營商)"":""3,000"",""外陸資買賣超股數(不含外資自營商)"":""2,000"",""外資自營商買進股數"":""0"",""外資自營商賣出股數"":""0"",""外資自營商買賣超股數"":""0"",""投信買進股數"":""0"",""投信賣出股數"":""0"",""投信買賣超股數"":""0"",""自營商買賣超股數"":""2,000"",""自營商買進股數(自行買賣)"":""2,000"",""自營商賣出股數(自行買賣)"":""0"",""自營商買賣超股數(自行買賣)"":""2,000"",""自營商買進股數(避險)"":""0"",""自營商賣出股數(避險)"":""0"",""自營商買賣超股數(避險)"":""0"",""三大法人買賣超股數"":""4,000""}"
2026-09-29,TWSE,2250,IKKA-KY         ,7000,3000,4000,0,0,0,0,0,0,"{""證券代號"":""2250"",""證券名稱"":""IKKA-KY         "",""外陸資買進股數(不含外資自營商)"":""7,000"",""外陸資賣出股數(不含外資自營商)"":""3,000"",""外陸資買賣超股數(不含外資自營商)"":""4,000"",""外資自營商買進股數"":""0"",""外資自營商賣出股數"":""0"",""外資自營商買賣超股數"":""0"",""投信買進股數"":""0"",""投信賣出股數"":""0"",""投信買賣超股數"":""0"",""自營商買賣超股數"":""0"",""自營商買進股數(自行買賣)"":""0"",""自營商賣出股數(自行買賣)"":""0"",""自營商買賣超股數(自行買賣)"":""0"",""自營商買進股數(避險)"":""0"",""自營商賣出股數(避險)"":""0"",""自營商買賣超股數(避險)"":""0"",""三大法人買賣超股數"":""4,000""}"
2026-09-29,TWSE,8478,東哥遊艇        ,19000,15217,3783,0,0,0,0,0,0,"{""證券代號"":""8478"",""證券名稱"":""東哥遊艇        "",""外陸資買進股數(不含外資自營商)"":""19,000"",""外陸資賣出股數(不含外資自營商)"":""15,217"",""外陸資買賣超股數(不含外資自營商)"":""3,783"",""外資自營商買進股數"":""0"",""外資自營商賣出股數"":""0"",""外資自營商買賣超股數"":""0"",""投信買進股數"":""0"",""投信賣出股數"":""0"",""投信買賣超股數"":""0"",""自營商買賣超股數"":""0"",""自營商買進股數(自行買賣)"":""0"",""自營商賣出股數(自行買賣)"":""0"",""自營商買賣超股數(自行買賣)"":""0"",""自營商買進股數(避險)"":""0"",""自營商賣出股數(避險)"":""0"",""自營商買賣超股數(避險)"":""0"",""三大法人買賣超股數"":""3,783""}"
2026-09-29,TWSE,1441,大東            ,2000,1996,4,0,0,0,0,0,3000,"{""證券代號"":""1441"",""證券名稱"":""大東            "",""外陸資買進股數(不含外資自營商)"":""2,000"",""外陸資賣出股數(不含外資自營商)"":""1,996"",""外陸資買賣超股數(不含外資自營商)"":""4"",""外資自營商買進股數"":""0"",""外資自營商賣出股數"":""0"",""外資自營商買賣超股數"":""0"",""投信買進股數"":""0"",""投信賣出股數"":""0"",""投信買賣超股數"":""0"",""自營商買賣超股數"":""3,000"",""自營商買進股數(自行買賣)"":""3,000"",""自營商賣出股數(自行買賣)"":""0"",""自營商買賣超股數(自行買賣)"":""3,000"",""自營商買進股數(避險)"":""0"",""自營商賣出股數(避險)"":""0"",""自營商買賣超股數(避險)"":""0"",""三大法人買賣超股數"":""3,004""}"
2026-09-29,TWSE,1525,江申            ,5000,2000,3000,0,0,0,0,0,0,"{""證券代號"":""1525"",""證券名稱"":""江申            "",""外陸資買進股數(不含外資自營商)"":""5,000"",""外陸資賣出股數(不含外資自營商)"":""2,000"",""外陸資買賣超股數(不含外資自營商)"":""3,000"",""外資自營商買進股數"":""0"",""外資自營商賣出股數"":""0"",""外資自營商買賣超股數"":""0"",""投信買進股數"":""0"",""投信賣出股數"":""0"",""投信買賣超股數"":""0"",""自營商買賣超股數"":""0"",""自營商買進股數(自行買賣)"":""0"",""自營商賣出股數(自行買賣)"":""0"",""自營商買賣超股數(自行買賣)"":""0"",""自營商買進股數(避險)"":""0"",""自營商賣出股數(避險)"":""0"",""自營商買賣超股數(避險)"":""0"",""三大法人買賣超股數"":""3,000""}"
2026-09-29,TWSE,3686,達能            ,9000,6000,3000,0,0,0,0,0,0,"{""證券代號"":""3686"",""證券名稱"":""達能            "",""外陸資買進股數(不含外資自營商)"":""9,000"",""外陸資賣出股數(不含外資自營商)"":""6,000"",""外陸資買賣超股數(不含外資自營商)"":""3,000"",""外資自營商買進股數"":""0"",""外資自營商賣出股數"":""0"",""外資自營商買賣超股數"":""0"",""投信買進股數"":""0"",""投信賣出股數"":""0"",""投信買賣超股數"":""0"",""自營商買賣超股數"":""0"",""自營商買進股數(自行買賣)"":""0"",""自營商賣出股數(自行買賣)"":""0"",""自營商買賣超股數(自行買賣)"":""0"",""自營商買進股數(避險)"":""0"",""自營商賣出股數(避險)"":""0"",""自營商買賣超股數(避險)"":""0"",""三大法人買賣超股數"":""3,000""}"
2026-09-29,TWSE,6921,嘉雨思-創       ,3000,0,3000,0,0,0,3000,3000,0,"{""證券代號"":""6921"",""證券名稱"":""嘉雨思-創       "",""外陸資買進股數(不含外資自營商)"":""3,000"",""外陸資賣出股數(不含外資自營商)"":""0"",""外陸資買賣超股數(不含外資自營商)"":""3,000"",""外資自營商買進股數"":""0"",""外資自營商賣出股數"":""0"",""外資自營商買賣超股數"":""0"",""投信買進股數"":""0"",""投信賣出股數"":""0"",""投信買賣超股數"":""0"",""自營商買賣超股數"":""0"",""自營商買進股數(自行買賣)"":""0"",""自營商賣出股數(自行買賣)"":""0"",""自營商買賣超股數(自行買賣)"":""0"",""自營商買進股數(避險)"":""3,000"",""自營商賣出股數(避險)"":""3,000"",""自營商買賣超股數(避險)"":""0"",""三大法人買賣超股數"":""3,000""}"
2026-09-29,TWSE,8045,達運光電        ,35000,32000,3000,0,0,0,0,0,0,"{""證券代號"":""8045"",""證券名稱"":""達運光電        "",""外陸資買進股數(不含外資自營商)"":""35,000"",""外陸資賣出股數(不含外資自營商)"":""32,000"",""外陸資買賣超股數(不含外資自營商)"":""3,000"",""外資自營商買進股數"":""0"",""外資自營商賣出股數"":""0"",""外資自營商買賣超股數"":""0"",""投信買進股數"":""0"",""投信賣出股數"":""0"",""投信買賣超股數"":""0"",""自營商買賣超股數"":""0"",""自營商買進股數(自行買賣)"":""0"",""自營商賣出股數(自行買賣)"":""0"",""自營商買賣超股數(自行買賣)"":""0"",""自營商買進股數(避險)"":""0"",""自營商賣出股數(避險)"":""0"",""自營商買賣超股數(避險)"":""0"",""三大法人買賣超股數"":""3,000""}"
2026-09-29,TWSE,1731,美吾華          ,21000,18000,3000,0,0,0,0,0,0,"{""證券代號"":""1731"",""證券名稱"":""美吾華          "",""外陸資買進股數(不含外資自營商)"":""21,000"",""外陸資賣出股數(不含外資自營商)"":""18,000"",""外陸資買賣超股數(不含外資自營商)"":""3,000"",""外資自營商買進股數"":""0"",""外資自營商賣出股數"":""0"",""外資自營商買賣超股數"":""0"",""投信買進股數"":""0"",""投信賣出股數"":""0"",""投信買賣超股數"":""0"",""自營商買賣超股數"":""0"",""自營商買進股數(自行買賣)"":""0"",""自營商賣出股數(自行買賣)"":""0"",""自營商買賣超股數(自行買賣)"":""0"",""自營商買進股數(避險)"":""0"",""自營商賣出股數(避險)"":""0"",""自營商買賣超股數(避險)"":""0"",""三大法人買賣超股數"":""3,000""}"
2026-09-29,TWSE,3528,安馳            ,34005,32206,1799,0,0,0,0,0,1000,"{""證券代號"":""3528"",""證券名稱"":""安馳            "",""外陸資買進股數(不含外資自營商)"":""34,005"",""外陸資賣出股數(不含外資自營商)"":""32,206"",""外陸資買賣超股數(不含外資自營商)"":""1,799"",""外資自營商買進股數"":""0"",""外資自營商賣出股數"":""0"",""外資自營商買賣超股數"":""0"",""投信買進股數"":""0"",""投信賣出股數"":""0"",""投信買賣超股數"":""0"",""自營商買賣超股數"":""1,000"",""自營商買進股數(自行買賣)"":""1,000"",""自營商賣出股數(自行買賣)"":""0"",""自營商買賣超股數(自行買賣)"":""1,000"",""自營商買進股數(避險)"":""0"",""自營商賣出股數(避險)"":""0"",""自營商買賣超股數(避險)"":""0"",""三大法人買賣超股數"":""2,799""}"
2026-09-29,TWSE,3705,永信            ,43447,41000,2447,0,0,0,0,0,0,"{""證券代號"":""3705"",""證券名稱"":""永信            "",""外陸資買進股數(不含外資自營商)"":""43,447"",""外陸資賣出股數(不含外資自營商)"":""41,000"",""外陸資買賣超股數(不含外資自營商)"":""2,447"",""外資自營商買進股數"":""0"",""外資自營商賣出股數"":""0"",""外資自營商買賣超股數"":""0"",""投信買進股數"":""0"",""投信賣出股數"":""0"",""投信買賣超股數"":""0"",""自營商買賣超股數"":""0"",""自營商買進股數(自行買賣)"":""0"",""自營商賣出股數(自行買賣)"":""0"",""自營商買賣超股數(自行買賣)"":""0"",""自營商買進股數(避險)"":""0"",""自營商賣出股數(避險)"":""0"",""自營商買賣超股數(避險)"":""0"",""三大法人買賣超股數"":""2,447""}"
2026-09-29,TWSE,2545,皇翔            ,46000,43000,3000,0,0,0,0,0,-583,"{""證券代號"":""2545"",""證券名稱"":""皇翔            "",""外陸資買進股數(不含外資自營商)"":""46,000"",""外陸資賣出股數(不含外資自營商)"":""43,000"",""外陸資買賣超股數(不含外資自營商)"":""3,000"",""外資自營商買進股數"":""0"",""外資自營商賣出股數"":""0"",""外資自營商買賣超股數"":""0"",""投信買進股數"":""0"",""投信賣出股數"":""0"",""投信買賣超股數"":""0"",""自營商買賣超股數"":""-583"",""自營商買進股數(自行買賣)"":""0"",""自營商賣出股數(自行買賣)"":""583"",""自營商買賣超股數(自行買賣)"":""-583"",""自營商買進股數(避險)"":""0"",""自營商賣出股數(避險)"":""0"",""自營商買賣超股數(避險)"":""0"",""三大法人買賣超股數"":""2,417""}"
2026-09-29,TWSE,00640L,富邦日本正2     ,14000,2000,12000,0,0,0,30000,39973,-9973,"{""證券代號"":""00640L"",""證券名稱"":""富邦日本正2     "",""外陸資買進股數(不含外資自營商)"":""14,000"",""外陸資賣出股數(不含外資自營商)"":""2,000"",""外陸資買賣超股數(不含外資自營商)"":""12,000"",""外資自營商買進股數"":""0"",""外資自營商賣出股數"":""0"",""外資自營商買賣超股數"":""0"",""投信買進股數"":""0"",""投信賣出股數"":""0"",""投信買賣超股數"":""0"",""自營商買賣超股數"":""-9,973"",""自營商買進股數(自行買賣)"":""0"",""自營商賣出股數(自行買賣)"":""0"",""自營商買賣超股數(自行買賣)"":""0"",""自營商買進股數(避險)"":""30,000"",""自營商賣出股數(避險)"":""39,973"",""自營商買賣超股數(避險)"":""-9,973"",""三大法人買賣超股數"":""2,027""}"
2026-09-29,TWSE,9912,偉聯            ,4000,2000,2000,0,0,0,0,0,0,"{""證券代號"":""9912"",""證券名稱"":""偉聯            "",""外陸資買進股數(不含外資自營商)"":""4,000"",""外陸資賣出股數(不含外資自營商)"":""2,000"",""外陸資買賣超股數(不含外資自營商)"":""2,000"",""外資自營商買進股數"":""0"",""外資自營商賣出股數"":""0"",""外資自營商買賣超股數"":""0"",""投信買進股數"":""0"",""投信賣出股數"":""0"",""投信買賣超股數"":""0"",""自營商買賣超股數"":""0"",""自營商買進股數(自行買賣)"":""0"",""自營商賣出股數(自行買賣)"":""0"",""自營商買賣超股數(自行買賣)"":""0"",""自營商買進股數(避險)"":""0"",""自營商賣出股數(避險)"":""0"",""自營商買賣超股數(避險)"":""0"",""三大法人買賣超股數"":""2,000""}"
2026-09-29,TWSE,6914,阜爾運通        ,14000,12000,2000,0,0,0,0,0,0,"{""證券代號"":""6914"",""證券名稱"":""阜爾運通        "",""外陸資買進股數(不含外資自營商)"":""14,000"",""外陸資賣出股數(不含外資自營商)"":""12,000"",""外陸資買賣超股數(不含外資自營商)"":""2,000"",""外資自營商買進股數"":""0"",""外資自營商賣出股數"":""0"",""外資自營商買賣超股數"":""0"",""投信買進股數"":""0"",""投信賣出股數"":""0"",""投信買賣超股數"":""0"",""自營商買賣超股數"":""0"",""自營商買進股數(自行買賣)"":""0"",""自營商賣出股數(自行買賣)"":""0"",""自營商買賣超股數(自行買賣)"":""0"",""自營商買進股數(避險)"":""0"",""自營商賣出股數(避險)"":""0"",""自營商買賣超股數(避險)"":""0"",""三大法人買賣超股數"":""2,000""}"
2026-09-29,TWSE,2511,太子            ,241000,239000,2000,0,0,0,0,0,0,"{""證券代號"":""2511"",""證券名稱"":""太子            "",""外陸資買進股數(不含外資自營商)"":""241,000"",""外陸資賣出股數(不含外資自營商)"":""239,000"",""外陸資買賣超股數(不含外資自營商)"":""2,000"",""外資自營商買進股數"":""0"",""外資自營商賣出股數"":""0"",""外資自營商買賣超股數"":""0"",""投信買進股數"":""0"",""投信賣出股數"":""0"",""投信買賣超股數"":""0"",""自營商買賣超股數"":""0"",""自營商買進股數(自行買賣)"":""0"",""自營商賣出股數(自行買賣)"":""0"",""自營商買賣超股數(自行買賣)"":""0"",""自營商買進股數(避險)"":""0"",""自營商賣出股數(避險)"":""0"",""自營商買賣超股數(避險)"":""0"",""三大法人買賣超股數"":""2,000""}"
2026-09-29,TWSE,4572,駐龍            ,2000,0,2000,0,0,0,0,0,0,"{""證券代號"":""4572"",""證券名稱"":""駐龍            "",""外陸資買進股數(不含外資自營商)"":""2,000"",""外陸資賣出股數(不含外資自營商)"":""0"",""外陸資買賣超股數(不含外資自營商)"":""2,000"",""外資自營商買進股數"":""0"",""外資自營商賣出股數"":""0"",""外資自營商買賣超股數"":""0"",""投信買進股數"":""0"",""投信賣出股數"":""0"",""投信買賣超股數"":""0"",""自營商買賣超股數"":""0"",""自營商買進股數(自行買賣)"":""0"",""自營商賣出股數(自行買賣)"":""0"",""自營商買賣超股數(自行買賣)"":""0"",""自營商買進股數(避險)"":""0"",""自營商賣出股數(避險)"":""0"",""自營商買賣超股數(避險)"":""0"",""三大法人買賣超股數"":""2,000""}"
2026-09-29,TWSE,1423,利華            ,4000,3000,1000,0,0,0,0,0,1000,"{""證券代號"":""1423"",""證券名稱"":""利華            "",""外陸資買進股數(不含外資自營商)"":""4,000"",""外陸資賣出股數(不含外資自營商)"":""3,000"",""外陸資買賣超股數(不含外資自營商)"":""1,000"",""外資自營商買進股數"":""0"",""外資自營商賣出股數"":""0"",""外資自營商買賣超股數"":""0"",""投信買進股數"":""0"",""投信賣出股數"":""0"",""投信買賣超股數"":""0"",""自營商買賣超股數"":""1,000"",""自營商買進股數(自行買賣)"":""1,000"",""自營商賣出股數(自行買賣)"":""0"",""自營商買賣超股數(自行買賣)"":""1,000"",""自營商買進股數(避險)"":""0"",""自營商賣出股數(避險)"":""0"",""自營商買賣超股數(避險)"":""0"",""三大法人買賣超股數"":""2,000""}"
2026-09-29,TWSE,1516,川飛            ,5000,3000,2000,0,0,0,0,0,0,"{""證券代號"":""1516"",""證券名稱"":""川飛            "",""外陸資買進股數(不含外資自營商)"":""5,000"",""外陸資賣出股數(不含外資自營商)"":""3,000"",""外陸資買賣超股數(不含外資自營商)"":""2,000"",""外資自營商買進股數"":""0"",""外資自營商賣出股數"":""0"",""外資自營商買賣超股數"":""0"",""投信買進股數"":""0"",""投信賣出股數"":""0"",""投信買賣超股數"":""0"",""自營商買賣超股數"":""0"",""自營商買進股數(自行買賣)"":""0"",""自營商賣出股數(自行買賣)"":""0"",""自營商買賣超股數(自行買賣)"":""0"",""自營商買進股數(避險)"":""0"",""自營商賣出股數(避險)"":""0"",""自營商買賣超股數(避險)"":""0"",""三大法人買賣超股數"":""2,000""}"
2026-09-29,TWSE,3679,新至陞          ,2000,1000,1000,949,0,949,0,0,0,"{""證券代號"":""3679"",""證券名稱"":""新至陞          "",""外陸資買進股數(不含外資自營商)"":""2,000"",""外陸資賣出股數(不含外資自營商)"":""1,000"",""外陸資買賣超股數(不含外資自營商)"":""1,000"",""外資自營商買進股數"":""0"",""外資自營商賣出股數"":""0"",""外資自營商買賣超股數"":""0"",""投信買進股數"":""949"",""投信賣出股數"":""0"",""投信買賣超股數"":""949"",""自營商買賣超股數"":""0"",""自營商買進股數(自行買賣)"":""0"",""自營商賣出股數(自行買賣)"":""0"",""自營商買賣超股數(自行買賣)"":""0"",""自營商買進股數(避險)"":""0"",""自營商賣出股數(避險)"":""0"",""自營商買賣超股數(避險)"":""0"",""三大法人買賣超股數"":""1,949""}"
2026-09-29,TWSE,6854,錼創科技-KY創   ,46000,41000,5000,0,0,0,3000,6758,-3758,"{""證券代號"":""6854"",""證券名稱"":""錼創科技-KY創   "",""外陸資買進股數(不含外資自營商)"":""46,000"",""外陸資賣出股數(不含外資自營商)"":""41,000"",""外陸資買賣超股數(不含外資自營商)"":""5,000"",""外資自營商買進股數"":""0"",""外資自營商賣出股數"":""0"",""外資自營商買賣超股數"":""0"",""投信買進股數"":""0"",""投信賣出股數"":""0"",""投信買賣超股數"":""0"",""自營商買賣超股數"":""-3,758"",""自營商買進股數(自行買賣)"":""0"",""自營商賣出股數(自行買賣)"":""0"",""自營商買賣超股數(自行買賣)"":""0"",""自營商買進股數(避險)"":""3,000"",""自營商賣出股數(避險)"":""6,758"",""自營商買賣超股數(避險)"":""-3,758"",""三大法人買賣超股數"":""1,242""}"
2026-09-29,TWSE,5292,華懋            ,11120,10000,1120,0,0,0,9,0,9,"{""證券代號"":""5292"",""證券名稱"":""華懋            "",""外陸資買進股數(不含外資自營商)"":""11,120"",""外陸資賣出股數(不含外資自營商)"":""10,000"",""外陸資買賣超股數(不含外資自營商)"":""1,120"",""外資自營商買進股數"":""0"",""外資自營商賣出股數"":""0"",""外資自營商買賣超股數"":""0"",""投信買進股數"":""0"",""投信賣出股數"":""0"",""投信買賣超股數"":""0"",""自營商買賣超股數"":""9"",""自營商買進股數(自行買賣)"":""0"",""自營商賣出股數(自行買賣)"":""0"",""自營商買賣超股數(自行買賣)"":""0"",""自營商買進股數(避險)"":""9"",""自營商賣出股數(避險)"":""0"",""自營商買賣超股數(避險)"":""9"",""三大法人買賣超股數"":""1,129""}"
2026-09-29,TWSE,6928,攸泰科技        ,11000,10000,1000,0,0,0,0,0,0,"{""證券代號"":""6928"",""證券名稱"":""攸泰科技        "",""外陸資買進股數(不含外資自營商)"":""11,000"",""外陸資賣出股數(不含外資自營商)"":""10,000"",""外陸資買賣超股數(不含外資自營商)"":""1,000"",""外資自營商買進股數"":""0"",""外資自營商賣出股數"":""0"",""外資自營商買賣超股數"":""0"",""投信買進股數"":""0"",""投信賣出股數"":""0"",""投信買賣超股數"":""0"",""自營商買賣超股數"":""0"",""自營商買進股數(自行買賣)"":""0"",""自營商賣出股數(自行買賣)"":""0"",""自營商買賣超股數(自行買賣)"":""0"",""自營商買進股數(避險)"":""0"",""自營商賣出股數(避險)"":""0"",""自營商買賣超股數(避險)"":""0"",""三大法人買賣超股數"":""1,000""}"
2026-09-29,TWSE,6934,心誠鎂          ,7000,6000,1000,0,0,0,0,0,0,"{""證券代號"":""6934"",""證券名稱"":""心誠鎂          "",""外陸資買進股數(不含外資自營商)"":""7,000"",""外陸資賣出股數(不含外資自營商)"":""6,000"",""外陸資買賣超股數(不含外資自營商)"":""1,000"",""外資自營商買進股數"":""0"",""外資自營商賣出股數"":""0"",""外資自營商買賣超股數"":""0"",""投信買進股數"":""0"",""投信賣出股數"":""0"",""投信買賣超股數"":""0"",""自營商買賣超股數"":""0"",""自營商買進股數(自行買賣)"":""0"",""自營商賣出股數(自行買賣)"":""0"",""自營商買賣超股數(自行買賣)"":""0"",""自營商買進股數(避險)"":""0"",""自營商賣出股數(避險)"":""0"",""自營商買賣超股數(避險)"":""0"",""三大法人買賣超股數"":""1,000""}"
2026-09-29,TWSE,3607,谷崧            ,21000,20000,1000,0,0,0,0,0,0,"{""證券代號"":""3607"",""證券名稱"":""谷崧            "",""外陸資買進股數(不含外資自營商)"":""21,000"",""外陸資賣出股數(不含外資自營商)"":""20,000"",""外陸資買賣超股數(不含外資自營商)"":""1,000"",""外資自營商買進股數"":""0"",""外資自營商賣出股數"":""0"",""外資自營商買賣超股數"":""0"",""投信買進股數"":""0"",""投信賣出股數"":""0"",""投信買賣超股數"":""0"",""自營商買賣超股數"":""0"",""自營商買進股數(自行買賣)"":""0"",""自營商賣出股數(自行買賣)"":""0"",""自營商買賣超股數(自行買賣)"":""0"",""自營商買進股數(避險)"":""0"",""自營商賣出股數(避險)"":""0"",""自營商買賣超股數(避險)"":""0"",""三大法人買賣超股數"":""1,000""}"
2026-09-29,TWSE,4581,光隆精密-KY     ,1000,0,1000,0,0,0,0,0,0,"{""證券代號"":""4581"",""證券名稱"":""光隆精密-KY     "",""外陸資買進股數(不含外資自營商)"":""1,000"",""外陸資賣出股數(不含外資自營商)"":""0"",""外陸資買賣超股數(不含外資自營商)"":""1,000"",""外資自營商買進股數"":""0"",""外資自營商賣出股數"":""0"",""外資自營商買賣超股數"":""0"",""投信買進股數"":""0"",""投信賣出股數"":""0"",""投信買賣超股數"":""0"",""自營商買賣超股數"":""0"",""自營商買進股數(自行買賣)"":""0"",""自營商賣出股數(自行買賣)"":""0"",""自營商買賣超股數(自行買賣)"":""0"",""自營商買進股數(避險)"":""0"",""自營商賣出股數(避險)"":""0"",""自營商買賣超股數(避險)"":""0"",""三大法人買賣超股數"":""1,000""}"
2026-09-29,TWSE,3321,同泰            ,31000,30000,1000,0,0,0,0,0,0,"{""證券代號"":""3321"",""證券名稱"":""同泰            "",""外陸資買進股數(不含外資自營商)"":""31,000"",""外陸資賣出股數(不含外資自營商)"":""30,000"",""外陸資買賣超股數(不含外資自營商)"":""1,000"",""外資自營商買進股數"":""0"",""外資自營商賣出股數"":""0"",""外資自營商買賣超股數"":""0"",""投信買進股數"":""0"",""投信賣出股數"":""0"",""投信買賣超股數"":""0"",""自營商買賣超股數"":""0"",""自營商買進股數(自行買賣)"":""0"",""自營商賣出股數(自行買賣)"":""0"",""自營商買賣超股數(自行買賣)"":""0"",""自營商買進股數(避險)"":""0"",""自營商賣出股數(避險)"":""0"",""自營商買賣超股數(避險)"":""0"",""三大法人買賣超股數"":""1,000""}"
2026-09-29,TWSE,2723,美食-KY         ,243000,247000,-4000,0,0,0,0,0,5000,"{""證券代號"":""2723"",""證券名稱"":""美食-KY         "",""外陸資買進股數(不含外資自營商)"":""243,000"",""外陸資賣出股數(不含外資自營商)"":""247,000"",""外陸資買賣超股數(不含外資自營商)"":""-4,000"",""外資自營商買進股數"":""0"",""外資自營商賣出股數"":""0"",""外資自營商買賣超股數"":""0"",""投信買進股數"":""0"",""投信賣出股數"":""0"",""投信買賣超股數"":""0"",""自營商買賣超股數"":""5,000"",""自營商買進股數(自行買賣)"":""5,000"",""自營商賣出股數(自行買賣)"":""0"",""自營商買賣超股數(自行買賣)"":""5,000"",""自營商買進股數(避險)"":""0"",""自營商賣出股數(避險)"":""0"",""自營商買賣超股數(避險)"":""0"",""三大法人買賣超股數"":""1,000""}"
2026-09-29,TWSE,1517,利奇            ,43000,42000,1000,0,0,0,0,0,0,"{""證券代號"":""1517"",""證券名稱"":""利奇            "",""外陸資買進股數(不含外資自營商)"":""43,000"",""外陸資賣出股數(不含外資自營商)"":""42,000"",""外陸資買賣超股數(不含外資自營商)"":""1,000"",""外資自營商買進股數"":""0"",""外資自營商賣出股數"":""0"",""外資自營商買賣超股數"":""0"",""投信買進股數"":""0"",""投信賣出股數"":""0"",""投信買賣超股數"":""0"",""自營商買賣超股數"":""0"",""自營商買進股數(自行買賣)"":""0"",""自營商賣出股數(自行買賣)"":""0"",""自營商買賣超股數(自行買賣)"":""0"",""自營商買進股數(避險)"":""0"",""自營商賣出股數(避險)"":""0"",""自營商買賣超股數(避險)"":""0"",""三大法人買賣超股數"":""1,000""}"
2026-09-29,TWSE,2248,華勝-KY         ,2000,1000,1000,0,0,0,0,0,0,"{""證券代號"":""2248"",""證券名稱"":""華勝-KY         "",""外陸資買進股數(不含外資自營商)"":""2,000"",""外陸資賣出股數(不含外資自營商)"":""1,000"",""外陸資買賣超股數(不含外資自營商)"":""1,000"",""外資自營商買進股數"":""0"",""外資自營商賣出股數"":""0"",""外資自營商買賣超股數"":""0"",""投信買進股數"":""0"",""投信賣出股數"":""0"",""投信買賣超股數"":""0"",""自營商買賣超股數"":""0"",""自營商買進股數(自行買賣)"":""0"",""自營商賣出股數(自行買賣)"":""0"",""自營商買賣超股數(自行買賣)"":""0"",""自營商買進股數(避險)"":""0"",""自營商賣出股數(避險)"":""0"",""自營商買賣超股數(避險)"":""0"",""三大法人買賣超股數"":""1,000""}"
2026-09-29,TWSE,6906,現觀科          ,6000,5000,1000,0,0,0,0,0,0,"{""證券代號"":""6906"",""證券名稱"":""現觀科          "",""外陸資買進股數(不含外資自營商)"":""6,000"",""外陸資賣出股數(不含外資自營商)"":""5,000"",""外陸資買賣超股數(不含外資自營商)"":""1,000"",""外資自營商買進股數"":""0"",""外資自營商賣出股數"":""0"",""外資自營商買賣超股數"":""0"",""投信買進股數"":""0"",""投信賣出股數"":""0"",""投信買賣超股數"":""0"",""自營商買賣超股數"":""0"",""自營商買進股數(自行買賣)"":""0"",""自營商賣出股數(自行買賣)"":""0"",""自營商買賣超股數(自行買賣)"":""0"",""自營商買進股數(避險)"":""0"",""自營商賣出股數(避險)"":""0"",""自營商買賣超股數(避險)"":""0"",""三大法人買賣超股數"":""1,000""}"
2026-09-29,TWSE,3023,信邦            ,524031,535729,-11698,1000,3000,-2000,25376,6899,14414,"{""證券代號"":""3023"",""證券名稱"":""信邦            "",""外陸資買進股數(不含外資自營商)"":""524,031"",""外陸資賣出股數(不含外資自營商)"":""535,729"",""外陸資買賣超股數(不含外資自營商)"":""-11,698"",""外資自營商買進股數"":""0"",""外資自營商賣出股數"":""0"",""外資自營商買賣超股數"":""0"",""投信買進股數"":""1,000"",""投信賣出股數"":""3,000"",""投信買賣超股數"":""-2,000"",""自營商買賣超股數"":""14,414"",""自營商買進股數(自行買賣)"":""10,000"",""自營商賣出股數(自行買賣)"":""14,063"",""自營商買賣超股數(自行買賣)"":""-4,063"",""自營商買進股數(避險)"":""25,376"",""自營商賣出股數(避險)"":""6,899"",""自營商買賣超股數(避險)"":""18,477"",""三大法人買賣超股數"":""716""}"
2026-09-29,TWSE,006203,元大MSCI台灣    ,0,0,0,0,0,0,714,0,714,"{""證券代號"":""006203"",""證券名稱"":""元大MSCI台灣    "",""外陸資買進股數(不含外資自營商)"":""0"",""外陸資賣出股數(不含外資自營商)"":""0"",""外陸資買賣超股數(不含外資自營商)"":""0"",""外資自營商買進股數"":""0"",""外資自營商賣出股數"":""0"",""外資自營商買賣超股數"":""0"",""投信買進股數"":""0"",""投信賣出股數"":""0"",""投信買賣超股數"":""0"",""自營商買賣超股數"":""714"",""自營商買進股數(自行買賣)"":""0"",""自營商賣出股數(自行買賣)"":""0"",""自營商買賣超股數(自行買賣)"":""0"",""自營商買進股數(避險)"":""714"",""自營商賣出股數(避險)"":""0"",""自營商買賣超股數(避險)"":""714"",""三大法人買賣超股數"":""714""}"
2026-09-29,TWSE,00636K,國泰中國A50+U   ,0,0,0,0,0,0,300,0,300,"{""證券代號"":""00636K"",""證券名稱"":""國泰中國A50+U   "",""外陸資買進股數(不含外資自營商)"":""0"",""外陸資賣出股數(不含外資自營商)"":""0"",""外陸資買賣超股數(不含外資自營商)"":""0"",""外資自營商買進股數"":""0"",""外資自營商賣出股數"":""0"",""外資自營商買賣超股數"":""0"",""投信買進股數"":""0"",""投信賣出股數"":""0"",""投信買賣超股數"":""0"",""自營商買賣超股數"":""300"",""自營商買進股數(自行買賣)"":""0"",""自營商賣出股數(自行買賣)"":""0"",""自營商買賣超股數(自行買賣)"":""0"",""自營商買進股數(避險)"":""300"",""自營商賣出股數(避險)"":""0"",""自營商買賣超股數(避險)"":""300"",""三大法人買賣超股數"":""300""}"
2026-09-29,TWSE,00689R,國泰20年美債反1 ,0,0,0,0,0,0,103300,103000,300,"{""證券代號"":""00689R"",""證券名稱"":""國泰20年美債反1 "",""外陸資買進股數(不含外資自營商)"":""0"",""外陸資賣出股數(不含外資自營商)"":""0"",""外陸資買賣超股數(不含外資自營商)"":""0"",""外資自營商買進股數"":""0"",""外資自營商賣出股數"":""0"",""外資自營商買賣超股數"":""0"",""投信買進股數"":""0"",""投信賣出股數"":""0"",""投信買賣超股數"":""0"",""自營商買賣超股數"":""300"",""自營商買進股數(自行買賣)"":""0"",""自營商賣出股數(自行買賣)"":""0"",""自營商買賣超股數(自行買賣)"":""0"",""自營商買進股數(避險)"":""103,300"",""自營商賣出股數(避險)"":""103,000"",""自營商買賣超股數(避險)"":""300"",""三大法人買賣超股數"":""300""}"
2026-09-29,TWSE,9930,中聯資源        ,34000,34000,0,0,0,0,1000,743,257,"{""證券代號"":""9930"",""證券名稱"":""中聯資源        "",""外陸資買進股數(不含外資自營商)"":""34,000"",""外陸資賣出股數(不含外資自營商)"":""34,000"",""外陸資買賣超股數(不含外資自營商)"":""0"",""外資自營商買進股數"":""0"",""外資自營商賣出股數"":""0"",""外資自營商買賣超股數"":""0"",""投信買進股數"":""0"",""投信賣出股數"":""0"",""投信買賣超股數"":""0"",""自營商買賣超股數"":""257"",""自營商買進股數(自行買賣)"":""0"",""自營商賣出股數(自行買賣)"":""0"",""自營商買賣超股數(自行買賣)"":""0"",""自營商買進股數(避險)"":""1,000"",""自營商賣出股數(避險)"":""743"",""自營商買賣超股數(避險)"":""257"",""三大法人買賣超股數"":""257""}"
2026-09-29,TWSE,7750,新代            ,53151,50035,3116,0,0,0,1018,3908,-2890,"{""證券代號"":""7750"",""證券名稱"":""新代            "",""外陸資買進股數(不含外資自營商)"":""53,151"",""外陸資賣出股數(不含外資自營商)"":""50,035"",""外陸資買賣超股數(不含外資自營商)"":""3,116"",""外資自營商買進股數"":""0"",""外資自營商賣出股數"":""0"",""外資自營商買賣超股數"":""0"",""投信買進股數"":""0"",""投信賣出股數"":""0"",""投信買賣超股數"":""0"",""自營商買賣超股數"":""-2,890"",""自營商買進股數(自行買賣)"":""0"",""自營商賣出股數(自行買賣)"":""0"",""自營商買賣超股數(自行買賣)"":""0"",""自營商買進股數(避險)"":""1,018"",""自營商賣出股數(避險)"":""3,908"",""自營商買賣超股數(避險)"":""-2,890"",""三大法人買賣超股數"":""226""}"
2026-09-29,TWSE,4571,鈞興-KY         ,19185,14000,5185,0,0,0,0,5000,-5000,"{""證券代號"":""4571"",""證券名稱"":""鈞興-KY         "",""外陸資買進股數(不含外資自營商)"":""19,185"",""外陸資賣出股數(不含外資自營商)"":""14,000"",""外陸資買賣超股數(不含外資自營商)"":""5,185"",""外資自營商買進股數"":""0"",""外資自營商賣出股數"":""0"",""外資自營商買賣超股數"":""0"",""投信買進股數"":""0"",""投信賣出股數"":""0"",""投信買賣超股數"":""0"",""自營商買賣超股數"":""-5,000"",""自營商買進股數(自行買賣)"":""0"",""自營商賣出股數(自行買賣)"":""0"",""自營商買賣超股數(自行買賣)"":""0"",""自營商買進股數(避險)"":""0"",""自營商賣出股數(避險)"":""5,000"",""自營商買賣超股數(避險)"":""-5,000"",""三大法人買賣超股數"":""185""}"
2026-09-29,TWSE,6924,榮惠-KY創       ,3150,3000,150,0,0,0,0,7,-7,"{""證券代號"":""6924"",""證券名稱"":""榮惠-KY創       "",""外陸資買進股數(不含外資自營商)"":""3,150"",""外陸資賣出股數(不含外資自營商)"":""3,000"",""外陸資買賣超股數(不含外資自營商)"":""150"",""外資自營商買進股數"":""0"",""外資自營商賣出股數"":""0"",""外資自營商買賣超股數"":""0"",""投信買進股數"":""0"",""投信賣出股數"":""0"",""投信買賣超股數"":""0"",""自營商買賣超股數"":""-7"",""自營商買進股數(自行買賣)"":""0"",""自營商賣出股數(自行買賣)"":""0"",""自營商買賣超股數(自行買賣)"":""0"",""自營商買進股數(避險)"":""0"",""自營商賣出股數(避險)"":""7"",""自營商買賣超股數(避險)"":""-7"",""三大法人買賣超股數"":""143""}"
2026-09-29,TWSE,8473,山林水          ,114292,113205,1087,0,0,0,0,0,-1000,"{""證券代號"":""8473"",""證券名稱"":""山林水          "",""外陸資買進股數(不含外資自營商)"":""114,292"",""外陸資賣出股數(不含外資自營商)"":""113,205"",""外陸資買賣超股數(不含外資自營商)"":""1,087"",""外資自營商買進股數"":""0"",""外資自營商賣出股數"":""0"",""外資自營商買賣超股數"":""0"",""投信買進股數"":""0"",""投信賣出股數"":""0"",""投信買賣超股數"":""0"",""自營商買賣超股數"":""-1,000"",""自營商買進股數(自行買賣)"":""0"",""自營商賣出股數(自行買賣)"":""1,000"",""自營商買賣超股數(自行買賣)"":""-1,000"",""自營商買進股數(避險)"":""0"",""自營商賣出股數(避險)"":""0"",""自營商買賣超股數(避險)"":""0"",""三大法人買賣超股數"":""87""}"
2026-09-29,TWSE,8940,新天地          ,2000,2000,0,0,0,0,0,0,0,"{""證券代號"":""8940"",""證券名稱"":""新天地          "",""外陸資買進股數(不含外資自營商)"":""2,000"",""外陸資賣出股數(不含外資自營商)"":""2,000"",""外陸資買賣超股數(不含外資自營商)"":""0"",""外資自營商買進股數"":""0"",""外資自營商賣出股數"":""0"",""外資自營商買賣超股數"":""0"",""投信買進股數"":""0"",""投信賣出股數"":""0"",""投信買賣超股數"":""0"",""自營商買賣超股數"":""0"",""自營商買進股數(自行買賣)"":""0"",""自營商賣出股數(自行買賣)"":""0"",""自營商買賣超股數(自行買賣)"":""0"",""自營商買進股數(避險)"":""0"",""自營商賣出股數(避險)"":""0"",""自營商買賣超股數(避險)"":""0"",""三大法人買賣超股數"":""0""}"
2026-09-29,TWSE,8482,商億-KY         ,1000,1000,0,0,0,0,0,0,0,"{""證券代號"":""8482"",""證券名稱"":""商億-KY         "",""外陸資買進股數(不含外資自營商)"":""1,000"",""外陸資賣出股數(不含外資自營商)"":""1,000"",""外陸資買賣超股數(不含外資自營商)"":""0"",""外資自營商買進股數"":""0"",""外資自營商賣出股數"":""0"",""外資自營商買賣超股數"":""0"",""投信買進股數"":""0"",""投信賣出股數"":""0"",""投信買賣超股數"":""0"",""自營商買賣超股數"":""0"",""自營商買進股數(自行買賣)"":""0"",""自營商賣出股數(自行買賣)"":""0"",""自營商買賣超股數(自行買賣)"":""0"",""自營商買進股數(避險)"":""0"",""自營商賣出股數(避險)"":""0"",""自營商買賣超股數(避險)"":""0"",""三大法人買賣超股數"":""0""}"
2026-09-29,TWSE,00668K,國泰美國道瓊+U  ,0,0,0,0,0,0,200,200,0,"{""證券代號"":""00668K"",""證券名稱"":""國泰美國道瓊+U  "",""外陸資買進股數(不含外資自營商)"":""0"",""外陸資賣出股數(不含外資自營商)"":""0"",""外陸資買賣超股數(不含外資自營商)"":""0"",""外資自營商買進股數"":""0"",""外資自營商賣出股數"":""0"",""外資自營商買賣超股數"":""0"",""投信買進股數"":""0"",""投信賣出股數"":""0"",""投信買賣超股數"":""0"",""自營商買賣超股數"":""0"",""自營商買進股數(自行買賣)"":""0"",""自營商賣出股數(自行買賣)"":""0"",""自營商買賣超股數(自行買賣)"":""0"",""自營商買進股數(避險)"":""200"",""自營商賣出股數(避險)"":""200"",""自營商買賣超股數(避險)"":""0"",""三大法人買賣超股數"":""0""}"
2026-09-29,TWSE,00657K,國泰日經225+U   ,0,0,0,0,0,0,200,200,0,"{""證券代號"":""00657K"",""證券名稱"":""國泰日經225+U   "",""外陸資買進股數(不含外資自營商)"":""0"",""外陸資賣出股數(不含外資自營商)"":""0"",""外陸資買賣超股數(不含外資自營商)"":""0"",""外資自營商買進股數"":""0"",""外資自營商賣出股數"":""0"",""外資自營商買賣超股數"":""0"",""投信買進股數"":""0"",""投信賣出股數"":""0"",""投信買賣超股數"":""0"",""自營商買賣超股數"":""0"",""自營商買進股數(自行買賣)"":""0"",""自營商賣出股數(自行買賣)"":""0"",""自營商買賣超股數(自行買賣)"":""0"",""自營商買進股數(避險)"":""200"",""自營商賣出股數(避險)"":""200"",""自營商買賣超股數(避險)"":""0"",""三大法人買賣超股數"":""0""}"
2026-09-29,TWSE,00643K,群益深証中小+R  ,0,0,0,0,0,0,30000,30000,0,"{""證券代號"":""00643K"",""證券名稱"":""群益深証中小+R  "",""外陸資買進股數(不含外資自營商)"":""0"",""外陸資賣出股數(不含外資自營商)"":""0"",""外陸資買賣超股數(不含外資自營商)"":""0"",""外資自營商買進股數"":""0"",""外資自營商賣出股數"":""0"",""外資自營商買賣超股數"":""0"",""投信買進股數"":""0"",""投信賣出股數"":""0"",""投信買賣超股數"":""0"",""自營商買賣超股數"":""0"",""自營商買進股數(自行買賣)"":""0"",""自營商賣出股數(自行買賣)"":""0"",""自營商買賣超股數(自行買賣)"":""0"",""自營商買進股數(避險)"":""30,000"",""自營商賣出股數(避險)"":""30,000"",""自營商買賣超股數(避險)"":""0"",""三大法人買賣超股數"":""0""}"
2026-09-29,TWSE,7736,虎山            ,6000,6000,0,0,0,0,0,0,0,"{""證券代號"":""7736"",""證券名稱"":""虎山            "",""外陸資買進股數(不含外資自營商)"":""6,000"",""外陸資賣出股數(不含外資自營商)"":""6,000"",""外陸資買賣超股數(不含外資自營商)"":""0"",""外資自營商買進股數"":""0"",""外資自營商賣出股數"":""0"",""外資自營商買賣超股數"":""0"",""投信買進股數"":""0"",""投信賣出股數"":""0"",""投信買賣超股數"":""0"",""自營商買賣超股數"":""0"",""自營商買進股數(自行買賣)"":""0"",""自營商賣出股數(自行買賣)"":""0"",""自營商買賣超股數(自行買賣)"":""0"",""自營商買進股數(避險)"":""0"",""自營商賣出股數(避險)"":""0"",""自營商買賣超股數(避險)"":""0"",""三大法人買賣超股數"":""0""}"
2026-09-29,TWSE,6674,鋐寶科技        ,6000,6000,0,0,0,0,0,0,0,"{""證券代號"":""6674"",""證券名稱"":""鋐寶科技        "",""外陸資買進股數(不含外資自營商)"":""6,000"",""外陸資賣出股數(不含外資自營商)"":""6,000"",""外陸資買賣超股數(不含外資自營商)"":""0"",""外資自營商買進股數"":""0"",""外資自營商賣出股數"":""0"",""外資自營商買賣超股數"":""0"",""投信買進股數"":""0"",""投信賣出股數"":""0"",""投信買賣超股數"":""0"",""自營商買賣超股數"":""0"",""自營商買進股數(自行買賣)"":""0"",""自營商賣出股數(自行買賣)"":""0"",""自營商買賣超股數(自行買賣)"":""0"",""自營商買進股數(避險)"":""0"",""自營商賣出股數(避險)"":""0"",""自營商買賣超股數(避險)"":""0"",""三大法人買賣超股數"":""0""}"
2026-09-29,TWSE,6504,南六            ,1000,1000,0,0,0,0,0,0,0,"{""證券代號"":""6504"",""證券名稱"":""南六            "",""外陸資買進股數(不含外資自營商)"":""1,000"",""外陸資賣出股數(不含外資自營商)"":""1,000"",""外陸資買賣超股數(不含外資自營商)"":""0"",""外資自營商買進股數"":""0"",""外資自營商賣出股數"":""0"",""外資自營商買賣超股數"":""0"",""投信買進股數"":""0"",""投信賣出股數"":""0"",""投信買賣超股數"":""0"",""自營商買賣超股數"":""0"",""自營商買進股數(自行買賣)"":""0"",""自營商賣出股數(自行買賣)"":""0"",""自營商買賣超股數(自行買賣)"":""0"",""自營商買進股數(避險)"":""0"",""自營商賣出股數(避險)"":""0"",""自營商買賣超股數(避險)"":""0"",""三大法人買賣超股數"":""0""}"
2026-09-29,TWSE,6201,亞弘電          ,7000,7000,0,0,0,0,0,0,0,"{""證券代號"":""6201"",""證券名稱"":""亞弘電          "",""外陸資買進股數(不含外資自營商)"":""7,000"",""外陸資賣出股數(不含外資自營商)"":""7,000"",""外陸資買賣超股數(不含外資自營商)"":""0"",""外資自營商買進股數"":""0"",""外資自營商賣出股數"":""0"",""外資自營商買賣超股數"":""0"",""投信買進股數"":""0"",""投信賣出股數"":""0"",""投信買賣超股數"":""0"",""自營商買賣超股數"":""0"",""自營商買進股數(自行買賣)"":""0"",""自營商賣出股數(自行買賣)"":""0"",""自營商買賣超股數(自行買賣)"":""0"",""自營商買進股數(避險)"":""0"",""自營商賣出股數(避險)"":""0"",""自營商買賣超股數(避險)"":""0"",""三大法人買賣超股數"":""0""}"
2026-09-29,TWSE,4439,冠星-KY         ,6000,6000,0,0,0,0,0,0,0,"{""證券代號"":""4439"",""證券名稱"":""冠星-KY         "",""外陸資買進股數(不含外資自營商)"":""6,000"",""外陸資賣出股數(不含外資自營商)"":""6,000"",""外陸資買賣超股數(不含外資自營商)"":""0"",""外資自營商買進股數"":""0"",""外資自營商賣出股數"":""0"",""外資自營商買賣超股數"":""0"",""投信買進股數"":""0"",""投信賣出股數"":""0"",""投信買賣超股數"":""0"",""自營商買賣超股數"":""0"",""自營商買進股數(自行買賣)"":""0"",""自營商賣出股數(自行買賣)"":""0"",""自營商買賣超股數(自行買賣)"":""0"",""自營商買進股數(避險)"":""0"",""自營商賣出股數(避險)"":""0"",""自營商買賣超股數(避險)"":""0"",""三大法人買賣超股數"":""0""}"
2026-09-29,TWSE,2642,宅配通          ,5000,5000,0,0,0,0,0,0,0,"{""證券代號"":""2642"",""證券名稱"":""宅配通          "",""外陸資買進股數(不含外資自營商)"":""5,000"",""外陸資賣出股數(不含外資自營商)"":""5,000"",""外陸資買賣超股數(不含外資自營商)"":""0"",""外資自營商買進股數"":""0"",""外資自營商賣出股數"":""0"",""外資自營商買賣超股數"":""0"",""投信買進股數"":""0"",""投信賣出股數"":""0"",""投信買賣超股數"":""0"",""自營商買賣超股數"":""0"",""自營商買進股數(自行買賣)"":""0"",""自營商賣出股數(自行買賣)"":""0"",""自營商買賣超股數(自行買賣)"":""0"",""自營商買進股數(避險)"":""0"",""自營商賣出股數(避險)"":""0"",""自營商買賣超股數(避險)"":""0"",""三大法人買賣超股數"":""0""}"
2026-09-29,TWSE,1626,艾美特-KY       ,7000,8000,-1000,0,0,0,0,0,1000,"{""證券代號"":""1626"",""證券名稱"":""艾美特-KY       "",""外陸資買進股數(不含外資自營商)"":""7,000"",""外陸資賣出股數(不含外資自營商)"":""8,000"",""外陸資買賣超股數(不含外資自營商)"":""-1,000"",""外資自營商買進股數"":""0"",""外資自營商賣出股數"":""0"",""外資自營商買賣超股數"":""0"",""投信買進股數"":""0"",""投信賣出股數"":""0"",""投信買賣超股數"":""0"",""自營商買賣超股數"":""1,000"",""自營商買進股數(自行買賣)"":""1,000"",""自營商賣出股數(自行買賣)"":""0"",""自營商買賣超股數(自行買賣)"":""1,000"",""自營商買進股數(避險)"":""0"",""自營商賣出股數(避險)"":""0"",""自營商買賣超股數(避險)"":""0"",""三大法人買賣超股數"":""0""}"
2026-09-29,TWSE,1432,大魯閣          ,15000,15000,0,0,0,0,0,0,0,"{""證券代號"":""1432"",""證券名稱"":""大魯閣          "",""外陸資買進股數(不含外資自營商)"":""15,000"",""外陸資賣出股數(不含外資自營商)"":""15,000"",""外陸資買賣超股數(不含外資自營商)"":""0"",""外資自營商買進股數"":""0"",""外資自營商賣出股數"":""0"",""外資自營商買賣超股數"":""0"",""投信買進股數"":""0"",""投信賣出股數"":""0"",""投信買賣超股數"":""0"",""自營商買賣超股數"":""0"",""自營商買進股數(自行買賣)"":""0"",""自營商賣出股數(自行買賣)"":""0"",""自營商買賣超股數(自行買賣)"":""0"",""自營商買進股數(避險)"":""0"",""自營商賣出股數(避險)"":""0"",""自營商買賣超股數(避險)"":""0"",""三大法人買賣超股數"":""0""}"
2026-09-29,TWSE,6807,峰源-KY         ,1000,1000,0,0,0,0,0,0,0,"{""證券代號"":""6807"",""證券名稱"":""峰源-KY         "",""外陸資買進股數(不含外資自營商)"":""1,000"",""外陸資賣出股數(不含外資自營商)"":""1,000"",""外陸資買賣超股數(不含外資自營商)"":""0"",""外資自營商買進股數"":""0"",""外資自營商賣出股數"":""0"",""外資自營商買賣超股數"":""0"",""投信買進股數"":""0"",""投信賣出股數"":""0"",""投信買賣超股數"":""0"",""自營商買賣超股數"":""0"",""自營商買進股數(自行買賣)"":""0"",""自營商賣出股數(自行買賣)"":""0"",""自營商買賣超股數(自行買賣)"":""0"",""自營商買進股數(避險)"":""0"",""自營商賣出股數(避險)"":""0"",""自營商買賣超股數(避險)"":""0"",""三大法人買賣超股數"":""0""}"
2026-09-29,TWSE,1413,宏洲            ,5000,6000,-1000,0,0,0,0,0,1000,"{""證券代號"":""1413"",""證券名稱"":""宏洲            "",""外陸資買進股數(不含外資自營商)"":""5,000"",""外陸資賣出股數(不含外資自營商)"":""6,000"",""外陸資買賣超股數(不含外資自營商)"":""-1,000"",""外資自營商買進股數"":""0"",""外資自營商賣出股數"":""0"",""外資自營商買賣超股數"":""0"",""投信買進股數"":""0"",""投信賣出股數"":""0"",""投信買賣超股數"":""0"",""自營商買賣超股數"":""1,000"",""自營商買進股數(自行買賣)"":""1,000"",""自營商賣出股數(自行買賣)"":""0"",""自營商買賣超股數(自行買賣)"":""1,000"",""自營商買進股數(避險)"":""0"",""自營商賣出股數(避險)"":""0"",""自營商買賣超股數(避險)"":""0"",""三大法人買賣超股數"":""0""}"
2026-09-29,TWSE,6955,邦睿生技-創     ,0,0,0,0,0,0,0,8,-8,"{""證券代號"":""6955"",""證券名稱"":""邦睿生技-創     "",""外陸資買進股數(不含外資自營商)"":""0"",""外陸資賣出股數(不含外資自營商)"":""0"",""外陸資買賣超股數(不含外資自營商)"":""0"",""外資自營商買進股數"":""0"",""外資自營商賣出股數"":""0"",""外資自營商買賣超股數"":""0"",""投信買進股數"":""0"",""投信賣出股數"":""0"",""投信買賣超股數"":""0"",""自營商買賣超股數"":""-8"",""自營商買進股數(自行買賣)"":""0"",""自營商賣出股數(自行買賣)"":""0"",""自營商買賣超股數(自行買賣)"":""0"",""自營商買進股數(避險)"":""0"",""自營商賣出股數(避險)"":""8"",""自營商買賣超股數(避險)"":""-8"",""三大法人買賣超股數"":""-8""}"
2026-09-29,TWSE,6796,晉弘            ,7000,7052,-52,0,0,0,0,0,0,"{""證券代號"":""6796"",""證券名稱"":""晉弘            "",""外陸資買進股數(不含外資自營商)"":""7,000"",""外陸資賣出股數(不含外資自營商)"":""7,052"",""外陸資買賣超股數(不含外資自營商)"":""-52"",""外資自營商買進股數"":""0"",""外資自營商賣出股數"":""0"",""外資自營商買賣超股數"":""0"",""投信買進股數"":""0"",""投信賣出股數"":""0"",""投信買賣超股數"":""0"",""自營商買賣超股數"":""0"",""自營商買進股數(自行買賣)"":""0"",""自營商賣出股數(自行買賣)"":""0"",""自營商買賣超股數(自行買賣)"":""0"",""自營商買進股數(避險)"":""0"",""自營商賣出股數(避險)"":""0"",""自營商買賣超股數(避險)"":""0"",""三大法人買賣超股數"":""-52""}"
2026-09-29,TWSE,006204,永豐臺灣加權    ,5000,2000,3000,0,0,0,25036,28178,-3142,"{""證券代號"":""006204"",""證券名稱"":""永豐臺灣加權    "",""外陸資買進股數(不含外資自營商)"":""5,000"",""外陸資賣出股數(不含外資自營商)"":""2,000"",""外陸資買賣超股數(不含外資自營商)"":""3,000"",""外資自營商買進股數"":""0"",""外資自營商賣出股數"":""0"",""外資自營商買賣超股數"":""0"",""投信買進股數"":""0"",""投信賣出股數"":""0"",""投信買賣超股數"":""0"",""自營商買賣超股數"":""-3,142"",""自營商買進股數(自行買賣)"":""0"",""自營商賣出股數(自行買賣)"":""0"",""自營商買賣超股數(自行買賣)"":""0"",""自營商買進股數(避險)"":""25,036"",""自營商賣出股數(避險)"":""28,178"",""自營商買賣超股數(避險)"":""-3,142"",""三大法人買賣超股數"":""-142""}"
2026-09-29,TWSE,1476,儒鴻            ,661066,661578,-512,2000,0,2000,1000,2563,-2096,"{""證券代號"":""1476"",""證券名稱"":""儒鴻            "",""外陸資買進股數(不含外資自營商)"":""661,066"",""外陸資賣出股數(不含外資自營商)"":""661,578"",""外陸資買賣超股數(不含外資自營商)"":""-512"",""外資自營商買進股數"":""0"",""外資自營商賣出股數"":""0"",""外資自營商買賣超股數"":""0"",""投信買進股數"":""2,000"",""投信賣出股數"":""0"",""投信買賣超股數"":""2,000"",""自營商買賣超股數"":""-2,096"",""自營商買進股數(自行買賣)"":""18,000"",""自營商賣出股數(自行買賣)"":""18,533"",""自營商買賣超股數(自行買賣)"":""-533"",""自營商買進股數(避險)"":""1,000"",""自營商賣出股數(避險)"":""2,563"",""自營商買賣超股數(避險)"":""-1,563"",""三大法人買賣超股數"":""-608""}"
2026-09-29,TWSE,2364,倫飛            ,23216,26000,-2784,0,0,0,0,0,2000,"{""證券代號"":""2364"",""證券名稱"":""倫飛            "",""外陸資買進股數(不含外資自營商)"":""23,216"",""外陸資賣出股數(不含外資自營商)"":""26,000"",""外陸資買賣超股數(不含外資自營商)"":""-2,784"",""外資自營商買進股數"":""0"",""外資自營商賣出股數"":""0"",""外資自營商買賣超股數"":""0"",""投信買進股數"":""0"",""投信賣出股數"":""0"",""投信買賣超股數"":""0"",""自營商買賣超股數"":""2,000"",""自營商買進股數(自行買賣)"":""2,000"",""自營商賣出股數(自行買賣)"":""0"",""自營商買賣超股數(自行買賣)"":""2,000"",""自營商買進股數(避險)"":""0"",""自營商賣出股數(避險)"":""0"",""自營商買賣超股數(避險)"":""0"",""三大法人買賣超股數"":""-784""}"
2026-09-29,TWSE,6862,三集瑞-KY       ,10195,11000,-805,0,0,0,0,0,0,"{""證券代號"":""6862"",""證券名稱"":""三集瑞-KY       "",""外陸資買進股數(不含外資自營商)"":""10,195"",""外陸資賣出股數(不含外資自營商)"":""11,000"",""外陸資買賣超股數(不含外資自營商)"":""-805"",""外資自營商買進股數"":""0"",""外資自營商賣出股數"":""0"",""外資自營商買賣超股數"":""0"",""投信買進股數"":""0"",""投信賣出股數"":""0"",""投信買賣超股數"":""0"",""自營商買賣超股數"":""0"",""自營商買進股數(自行買賣)"":""0"",""自營商賣出股數(自行買賣)"":""0"",""自營商買賣超股數(自行買賣)"":""0"",""自營商買進股數(避險)"":""0"",""自營商賣出股數(避險)"":""0"",""自營商買賣超股數(避險)"":""0"",""三大法人買賣超股數"":""-805""}"
2026-09-29,TWSE,6782,視陽            ,61419,63000,-1581,0,0,0,1029,262,767,"{""證券代號"":""6782"",""證券名稱"":""視陽            "",""外陸資買進股數(不含外資自營商)"":""61,419"",""外陸資賣出股數(不含外資自營商)"":""63,000"",""外陸資買賣超股數(不含外資自營商)"":""-1,581"",""外資自營商買進股數"":""0"",""外資自營商賣出股數"":""0"",""外資自營商買賣超股數"":""0"",""投信買進股數"":""0"",""投信賣出股數"":""0"",""投信買賣超股數"":""0"",""自營商買賣超股數"":""767"",""自營商買進股數(自行買賣)"":""0"",""自營商賣出股數(自行買賣)"":""0"",""自營商買賣超股數(自行買賣)"":""0"",""自營商買進股數(避險)"":""1,029"",""自營商賣出股數(避險)"":""262"",""自營商買賣超股數(避險)"":""767"",""三大法人買賣超股數"":""-814""}"
2026-09-29,TWSE,1338,廣華-KY         ,5011,18000,-12989,0,0,0,0,0,12000,"{""證券代號"":""1338"",""證券名稱"":""廣華-KY         "",""外陸資買進股數(不含外資自營商)"":""5,011"",""外陸資賣出股數(不含外資自營商)"":""18,000"",""外陸資買賣超股數(不含外資自營商)"":""-12,989"",""外資自營商買進股數"":""0"",""外資自營商賣出股數"":""0"",""外資自營商買賣超股數"":""0"",""投信買進股數"":""0"",""投信賣出股數"":""0"",""投信買賣超股數"":""0"",""自營商買賣超股數"":""12,000"",""自營商買進股數(自行買賣)"":""12,000"",""自營商賣出股數(自行買賣)"":""0"",""自營商買賣超股數(自行買賣)"":""12,000"",""自營商買進股數(避險)"":""0"",""自營商賣出股數(避險)"":""0"",""自營商買賣超股數(避險)"":""0"",""三大法人買賣超股數"":""-989""}"
2026-09-29,TWSE,1475,業旺            ,3000,4000,-1000,0,0,0,0,0,0,"{""證券代號"":""1475"",""證券名稱"":""業旺            "",""外陸資買進股數(不含外資自營商)"":""3,000"",""外陸資賣出股數(不含外資自營商)"":""4,000"",""外陸資買賣超股數(不含外資自營商)"":""-1,000"",""外資自營商買進股數"":""0"",""外資自營商賣出股數"":""0"",""外資自營商買賣超股數"":""0"",""投信買進股數"":""0"",""投信賣出股數"":""0"",""投信買賣超股數"":""0"",""自營商買賣超股數"":""0"",""自營商買進股數(自行買賣)"":""0"",""自營商賣出股數(自行買賣)"":""0"",""自營商買賣超股數(自行買賣)"":""0"",""自營商買進股數(避險)"":""0"",""自營商賣出股數(避險)"":""0"",""自營商買賣超股數(避險)"":""0"",""三大法人買賣超股數"":""-1,000""}"
2026-09-29,TWSE,2314,台揚            ,0,1000,-1000,0,0,0,0,0,0,"{""證券代號"":""2314"",""證券名稱"":""台揚            "",""外陸資買進股數(不含外資自營商)"":""0"",""外陸資賣出股數(不含外資自營商)"":""1,000"",""外陸資買賣超股數(不含外資自營商)"":""-1,000"",""外資自營商買進股數"":""0"",""外資自營商賣出股數"":""0"",""外資自營商買賣超股數"":""0"",""投信買進股數"":""0"",""投信賣出股數"":""0"",""投信買賣超股數"":""0"",""自營商買賣超股數"":""0"",""自營商買進股數(自行買賣)"":""0"",""自營商賣出股數(自行買賣)"":""0"",""自營商買賣超股數(自行買賣)"":""0"",""自營商買進股數(避險)"":""0"",""自營商賣出股數(避險)"":""0"",""自營商買賣超股數(避險)"":""0"",""三大法人買賣超股數"":""-1,000""}"
2026-09-29,TWSE,2028,威致            ,58000,56000,2000,0,0,0,0,0,-3000,"{""證券代號"":""2028"",""證券名稱"":""威致            "",""外陸資買進股數(不含外資自營商)"":""58,000"",""外陸資賣出股數(不含外資自營商)"":""56,000"",""外陸資買賣超股數(不含外資自營商)"":""2,000"",""外資自營商買進股數"":""0"",""外資自營商賣出股數"":""0"",""外資自營商買賣超股數"":""0"",""投信買進股數"":""0"",""投信賣出股數"":""0"",""投信買賣超股數"":""0"",""自營商買賣超股數"":""-3,000"",""自營商買進股數(自行買賣)"":""3,000"",""自營商賣出股數(自行買賣)"":""6,000"",""自營商買賣超股數(自行買賣)"":""-3,000"",""自營商買進股數(避險)"":""0"",""自營商賣出股數(避險)"":""0"",""自營商買賣超股數(避險)"":""0"",""三大法人買賣超股數"":""-1,000""}"
2026-09-29,TWSE,2748,雲品            ,4000,5000,-1000,0,0,0,0,0,0,"{""證券代號"":""2748"",""證券名稱"":""雲品            "",""外陸資買進股數(不含外資自營商)"":""4,000"",""外陸資賣出股數(不含外資自營商)"":""5,000"",""外陸資買賣超股數(不含外資自營商)"":""-1,000"",""外資自營商買進股數"":""0"",""外資自營商賣出股數"":""0"",""外資自營商買賣超股數"":""0"",""投信買進股數"":""0"",""投信賣出股數"":""0"",""投信買賣超股數"":""0"",""自營商買賣超股數"":""0"",""自營商買進股數(自行買賣)"":""0"",""自營商賣出股數(自行買賣)"":""0"",""自營商買賣超股數(自行買賣)"":""0"",""自營商買進股數(避險)"":""0"",""自營商賣出股數(避險)"":""0"",""自營商買賣超股數(避險)"":""0"",""三大法人買賣超股數"":""-1,000""}"
2026-09-29,TWSE,4190,佐登-KY         ,0,1000,-1000,0,0,0,0,0,0,"{""證券代號"":""4190"",""證券名稱"":""佐登-KY         "",""外陸資買進股數(不含外資自營商)"":""0"",""外陸資賣出股數(不含外資自營商)"":""1,000"",""外陸資買賣超股數(不含外資自營商)"":""-1,000"",""外資自營商買進股數"":""0"",""外資自營商賣出股數"":""0"",""外資自營商買賣超股數"":""0"",""投信買進股數"":""0"",""投信賣出股數"":""0"",""投信買賣超股數"":""0"",""自營商買賣超股數"":""0"",""自營商買進股數(自行買賣)"":""0"",""自營商賣出股數(自行買賣)"":""0"",""自營商買賣超股數(自行買賣)"":""0"",""自營商買進股數(避險)"":""0"",""自營商賣出股數(避險)"":""0"",""自營商買賣超股數(避險)"":""0"",""三大法人買賣超股數"":""-1,000""}"
2026-09-29,TWSE,4169,泰宗            ,7000,8000,-1000,0,0,0,0,0,0,"{""證券代號"":""4169"",""證券名稱"":""泰宗            "",""外陸資買進股數(不含外資自營商)"":""7,000"",""外陸資賣出股數(不含外資自營商)"":""8,000"",""外陸資買賣超股數(不含外資自營商)"":""-1,000"",""外資自營商買進股數"":""0"",""外資自營商賣出股數"":""0"",""外資自營商買賣超股數"":""0"",""投信買進股數"":""0"",""投信賣出股數"":""0"",""投信買賣超股數"":""0"",""自營商買賣超股數"":""0"",""自營商買進股數(自行買賣)"":""0"",""自營商賣出股數(自行買賣)"":""0"",""自營商買賣超股數(自行買賣)"":""0"",""自營商買進股數(避險)"":""0"",""自營商賣出股數(避險)"":""0"",""自營商買賣超股數(避險)"":""0"",""三大法人買賣超股數"":""-1,000""}"
2026-09-29,TWSE,4148,全宇生技-KY     ,4000,5000,-1000,0,0,0,0,0,0,"{""證券代號"":""4148"",""證券名稱"":""全宇生技-KY     "",""外陸資買進股數(不含外資自營商)"":""4,000"",""外陸資賣出股數(不含外資自營商)"":""5,000"",""外陸資買賣超股數(不含外資自營商)"":""-1,000"",""外資自營商買進股數"":""0"",""外資自營商賣出股數"":""0"",""外資自營商買賣超股數"":""0"",""投信買進股數"":""0"",""投信賣出股數"":""0"",""投信買賣超股數"":""0"",""自營商買賣超股數"":""0"",""自營商買進股數(自行買賣)"":""0"",""自營商賣出股數(自行買賣)"":""0"",""自營商買賣超股數(自行買賣)"":""0"",""自營商買進股數(避險)"":""0"",""自營商賣出股數(避險)"":""0"",""自營商買賣超股數(避險)"":""0"",""三大法人買賣超股數"":""-1,000""}"
2026-09-29,TWSE,3168,眾福科          ,0,1000,-1000,0,0,0,0,0,0,"{""證券代號"":""3168"",""證券名稱"":""眾福科          "",""外陸資買進股數(不含外資自營商)"":""0"",""外陸資賣出股數(不含外資自營商)"":""1,000"",""外陸資買賣超股數(不含外資自營商)"":""-1,000"",""外資自營商買進股數"":""0"",""外資自營商賣出股數"":""0"",""外資自營商買賣超股數"":""0"",""投信買進股數"":""0"",""投信賣出股數"":""0"",""投信買賣超股數"":""0"",""自營商買賣超股數"":""0"",""自營商買進股數(自行買賣)"":""0"",""自營商賣出股數(自行買賣)"":""0"",""自營商買賣超股數(自行買賣)"":""0"",""自營商買進股數(避險)"":""0"",""自營商賣出股數(避險)"":""0"",""自營商買賣超股數(避險)"":""0"",""三大法人買賣超股數"":""-1,000""}"
2026-09-29,TWSE,8467,波力-KY         ,1000,2000,-1000,0,0,0,0,0,0,"{""證券代號"":""8467"",""證券名稱"":""波力-KY         "",""外陸資買進股數(不含外資自營商)"":""1,000"",""外陸資賣出股數(不含外資自營商)"":""2,000"",""外陸資買賣超股數(不含外資自營商)"":""-1,000"",""外資自營商買進股數"":""0"",""外資自營商賣出股數"":""0"",""外資自營商買賣超股數"":""0"",""投信買進股數"":""0"",""投信賣出股數"":""0"",""投信買賣超股數"":""0"",""自營商買賣超股數"":""0"",""自營商買進股數(自行買賣)"":""0"",""自營商賣出股數(自行買賣)"":""0"",""自營商買賣超股數(自行買賣)"":""0"",""自營商買進股數(避險)"":""0"",""自營商賣出股數(避險)"":""0"",""自營商買賣超股數(避險)"":""0"",""三大法人買賣超股數"":""-1,000""}"
2026-09-29,TWSE,8488,吉源-KY         ,0,2000,-2000,0,0,0,0,0,1000,"{""證券代號"":""8488"",""證券名稱"":""吉源-KY         "",""外陸資買進股數(不含外資自營商)"":""0"",""外陸資賣出股數(不含外資自營商)"":""2,000"",""外陸資買賣超股數(不含外資自營商)"":""-2,000"",""外資自營商買進股數"":""0"",""外資自營商賣出股數"":""0"",""外資自營商買賣超股數"":""0"",""投信買進股數"":""0"",""投信賣出股數"":""0"",""投信買賣超股數"":""0"",""自營商買賣超股數"":""1,000"",""自營商買進股數(自行買賣)"":""1,000"",""自營商賣出股數(自行買賣)"":""0"",""自營商買賣超股數(自行買賣)"":""1,000"",""自營商買進股數(避險)"":""0"",""自營商賣出股數(避險)"":""0"",""自營商買賣超股數(避險)"":""0"",""三大法人買賣超股數"":""-1,000""}"
2026-09-29,TWSE,6936,永鴻生技        ,0,1000,-1000,0,0,0,0,0,0,"{""證券代號"":""6936"",""證券名稱"":""永鴻生技        "",""外陸資買進股數(不含外資自營商)"":""0"",""外陸資賣出股數(不含外資自營商)"":""1,000"",""外陸資買賣超股數(不含外資自營商)"":""-1,000"",""外資自營商買進股數"":""0"",""外資自營商賣出股數"":""0"",""外資自營商買賣超股數"":""0"",""投信買進股數"":""0"",""投信賣出股數"":""0"",""投信買賣超股數"":""0"",""自營商買賣超股數"":""0"",""自營商買進股數(自行買賣)"":""0"",""自營商賣出股數(自行買賣)"":""0"",""自營商買賣超股數(自行買賣)"":""0"",""自營商買進股數(避險)"":""0"",""自營商賣出股數(避險)"":""0"",""自營商買賣超股數(避險)"":""0"",""三大法人買賣超股數"":""-1,000""}"
2026-09-29,TWSE,6918,愛派司          ,5000,6000,-1000,0,0,0,0,0,0,"{""證券代號"":""6918"",""證券名稱"":""愛派司          "",""外陸資買進股數(不含外資自營商)"":""5,000"",""外陸資賣出股數(不含外資自營商)"":""6,000"",""外陸資買賣超股數(不含外資自營商)"":""-1,000"",""外資自營商買進股數"":""0"",""外資自營商賣出股數"":""0"",""外資自營商買賣超股數"":""0"",""投信買進股數"":""0"",""投信賣出股數"":""0"",""投信買賣超股數"":""0"",""自營商買賣超股數"":""0"",""自營商買進股數(自行買賣)"":""0"",""自營商賣出股數(自行買賣)"":""0"",""自營商買賣超股數(自行買賣)"":""0"",""自營商買進股數(避險)"":""0"",""自營商賣出股數(避險)"":""0"",""自營商買賣超股數(避險)"":""0"",""三大法人買賣超股數"":""-1,000""}"
2026-09-29,TWSE,6671,三能-KY         ,2000,3000,-1000,0,0,0,0,0,0,"{""證券代號"":""6671"",""證券名稱"":""三能-KY         "",""外陸資買進股數(不含外資自營商)"":""2,000"",""外陸資賣出股數(不含外資自營商)"":""3,000"",""外陸資買賣超股數(不含外資自營商)"":""-1,000"",""外資自營商買進股數"":""0"",""外資自營商賣出股數"":""0"",""外資自營商買賣超股數"":""0"",""投信買進股數"":""0"",""投信賣出股數"":""0"",""投信買賣超股數"":""0"",""自營商買賣超股數"":""0"",""自營商買進股數(自行買賣)"":""0"",""自營商賣出股數(自行買賣)"":""0"",""自營商買賣超股數(自行買賣)"":""0"",""自營商買進股數(避險)"":""0"",""自營商賣出股數(避險)"":""0"",""自營商買賣超股數(避險)"":""0"",""三大法人買賣超股數"":""-1,000""}"
2026-09-29,TWSE,6585,鼎基            ,24000,25000,-1000,0,0,0,0,0,0,"{""證券代號"":""6585"",""證券名稱"":""鼎基            "",""外陸資買進股數(不含外資自營商)"":""24,000"",""外陸資賣出股數(不含外資自營商)"":""25,000"",""外陸資買賣超股數(不含外資自營商)"":""-1,000"",""外資自營商買進股數"":""0"",""外資自營商賣出股數"":""0"",""外資自營商買賣超股數"":""0"",""投信買進股數"":""0"",""投信賣出股數"":""0"",""投信買賣超股數"":""0"",""自營商買賣超股數"":""0"",""自營商買進股數(自行買賣)"":""0"",""自營商賣出股數(自行買賣)"":""0"",""自營商買賣超股數(自行買賣)"":""0"",""自營商買進股數(避險)"":""0"",""自營商賣出股數(避險)"":""0"",""自營商買賣超股數(避險)"":""0"",""三大法人買賣超股數"":""-1,000""}"
2026-09-29,TWSE,8443,阿瘦            ,0,1000,-1000,0,0,0,0,0,0,"{""證券代號"":""8443"",""證券名稱"":""阿瘦            "",""外陸資買進股數(不含外資自營商)"":""0"",""外陸資賣出股數(不含外資自營商)"":""1,000"",""外陸資買賣超股數(不含外資自營商)"":""-1,000"",""外資自營商買進股數"":""0"",""外資自營商賣出股數"":""0"",""外資自營商買賣超股數"":""0"",""投信買進股數"":""0"",""投信賣出股數"":""0"",""投信買賣超股數"":""0"",""自營商買賣超股數"":""0"",""自營商買進股數(自行買賣)"":""0"",""自營商賣出股數(自行買賣)"":""0"",""自營商買賣超股數(自行買賣)"":""0"",""自營商買進股數(避險)"":""0"",""自營商賣出股數(避險)"":""0"",""自營商買賣超股數(避險)"":""0"",""三大法人買賣超股數"":""-1,000""}"
2026-09-29,TWSE,4994,傳奇            ,1000,2000,-1000,0,0,0,0,0,0,"{""證券代號"":""4994"",""證券名稱"":""傳奇            "",""外陸資買進股數(不含外資自營商)"":""1,000"",""外陸資賣出股數(不含外資自營商)"":""2,000"",""外陸資買賣超股數(不含外資自營商)"":""-1,000"",""外資自營商買進股數"":""0"",""外資自營商賣出股數"":""0"",""外資自營商買賣超股數"":""0"",""投信買進股數"":""0"",""投信賣出股數"":""0"",""投信買賣超股數"":""0"",""自營商買賣超股數"":""0"",""自營商買進股數(自行買賣)"":""0"",""自營商賣出股數(自行買賣)"":""0"",""自營商買賣超股數(自行買賣)"":""0"",""自營商買進股數(避險)"":""0"",""自營商賣出股數(避險)"":""0"",""自營商買賣超股數(避險)"":""0"",""三大法人買賣超股數"":""-1,000""}"
2026-09-29,TWSE,2488,漢平            ,14000,16000,-2000,0,0,0,0,0,1000,"{""證券代號"":""2488"",""證券名稱"":""漢平            "",""外陸資買進股數(不含外資自營商)"":""14,000"",""外陸資賣出股數(不含外資自營商)"":""16,000"",""外陸資買賣超股數(不含外資自營商)"":""-2,000"",""外資自營商買進股數"":""0"",""外資自營商賣出股數"":""0"",""外資自營商買賣超股數"":""0"",""投信買進股數"":""0"",""投信賣出股數"":""0"",""投信買賣超股數"":""0"",""自營商買賣超股數"":""1,000"",""自營商買進股數(自行買賣)"":""1,000"",""自營商賣出股數(自行買賣)"":""0"",""自營商買賣超股數(自行買賣)"":""1,000"",""自營商買進股數(避險)"":""0"",""自營商賣出股數(避險)"":""0"",""自營商買賣超股數(避險)"":""0"",""三大法人買賣超股數"":""-1,000""}"
2026-09-29,TWSE,4438,廣越            ,5000,6000,-1000,0,0,0,0,0,-5,"{""證券代號"":""4438"",""證券名稱"":""廣越            "",""外陸資買進股數(不含外資自營商)"":""5,000"",""外陸資賣出股數(不含外資自營商)"":""6,000"",""外陸資買賣超股數(不含外資自營商)"":""-1,000"",""外資自營商買進股數"":""0"",""外資自營商賣出股數"":""0"",""外資自營商買賣超股數"":""0"",""投信買進股數"":""0"",""投信賣出股數"":""0"",""投信買賣超股數"":""0"",""自營商買賣超股數"":""-5"",""自營商買進股數(自行買賣)"":""0"",""自營商賣出股數(自行買賣)"":""5"",""自營商買賣超股數(自行買賣)"":""-5"",""自營商買進股數(避險)"":""0"",""自營商賣出股數(避險)"":""0"",""自營商買賣超股數(避險)"":""0"",""三大法人買賣超股數"":""-1,005""}"
2026-09-29,TWSE,2032,新鋼            ,2074469,2076456,-1987,0,0,0,0,0,980,"{""證券代號"":""2032"",""證券名稱"":""新鋼            "",""外陸資買進股數(不含外資自營商)"":""2,074,469"",""外陸資賣出股數(不含外資自營商)"":""2,076,456"",""外陸資買賣超股數(不含外資自營商)"":""-1,987"",""外資自營商買進股數"":""0"",""外資自營商賣出股數"":""0"",""外資自營商買賣超股數"":""0"",""投信買進股數"":""0"",""投信賣出股數"":""0"",""投信買賣超股數"":""0"",""自營商買賣超股數"":""980"",""自營商買進股數(自行買賣)"":""14,027"",""自營商賣出股數(自行買賣)"":""13,047"",""自營商買賣超股數(自行買賣)"":""980"",""自營商買進股數(避險)"":""0"",""自營商賣出股數(避險)"":""0"",""自營商買賣超股數(避險)"":""0"",""三大法人買賣超股數"":""-1,007""}"
2026-09-29,TWSE,00775B,台新投等債15+   ,0,0,0,0,0,0,80000,81031,-1031,"{""證券代號"":""00775B"",""證券名稱"":""台新投等債15+   "",""外陸資買進股數(不含外資自營商)"":""0"",""外陸資賣出股數(不含外資自營商)"":""0"",""外陸資買賣超股數(不含外資自營商)"":""0"",""外資自營商買進股數"":""0"",""外資自營商賣出股數"":""0"",""外資自營商買賣超股數"":""0"",""投信買進股數"":""0"",""投信賣出股數"":""0"",""投信買賣超股數"":""0"",""自營商買賣超股數"":""-1,031"",""自營商買進股數(自行買賣)"":""0"",""自營商賣出股數(自行買賣)"":""0"",""自營商買賣超股數(自行買賣)"":""0"",""自營商買進股數(避險)"":""80,000"",""自營商賣出股數(避險)"":""81,031"",""自營商買賣超股數(避險)"":""-1,031"",""三大法人買賣超股數"":""-1,031""}"
2026-09-29,TWSE,1817,凱撒衛          ,1000,4000,-3000,0,0,0,5000,3053,1947,"{""證券代號"":""1817"",""證券名稱"":""凱撒衛          "",""外陸資買進股數(不含外資自營商)"":""1,000"",""外陸資賣出股數(不含外資自營商)"":""4,000"",""外陸資買賣超股數(不含外資自營商)"":""-3,000"",""外資自營商買進股數"":""0"",""外資自營商賣出股數"":""0"",""外資自營商買賣超股數"":""0"",""投信買進股數"":""0"",""投信賣出股數"":""0"",""投信買賣超股數"":""0"",""自營商買賣超股數"":""1,947"",""自營商買進股數(自行買賣)"":""0"",""自營商賣出股數(自行買賣)"":""0"",""自營商買賣超股數(自行買賣)"":""0"",""自營商買進股數(避險)"":""5,000"",""自營商賣出股數(避險)"":""3,053"",""自營商買賣超股數(避險)"":""1,947"",""三大法人買賣超股數"":""-1,053""}"
2026-09-29,TWSE,2355,敬鵬            ,658059,659306,-1247,0,0,0,4138,3032,106,"{""證券代號"":""2355"",""證券名稱"":""敬鵬            "",""外陸資買進股數(不含外資自營商)"":""658,059"",""外陸資賣出股數(不含外資自營商)"":""659,306"",""外陸資買賣超股數(不含外資自營商)"":""-1,247"",""外資自營商買進股數"":""0"",""外資自營商賣出股數"":""0"",""外資自營商買賣超股數"":""0"",""投信買進股數"":""0"",""投信賣出股數"":""0"",""投信買賣超股數"":""0"",""自營商買賣超股數"":""106"",""自營商買進股數(自行買賣)"":""0"",""自營商賣出股數(自行買賣)"":""1,000"",""自營商買賣超股數(自行買賣)"":""-1,000"",""自營商買進股數(避險)"":""4,138"",""自營商賣出股數(避險)"":""3,032"",""自營商買賣超股數(避險)"":""1,106"",""三大法人買賣超股數"":""-1,141""}"
2026-09-29,TWSE,6890,來億-KY         ,50000,52000,-2000,0,0,0,328,493,835,"{""證券代號"":""6890"",""證券名稱"":""來億-KY         "",""外陸資買進股數(不含外資自營商)"":""50,000"",""外陸資賣出股數(不含外資自營商)"":""52,000"",""外陸資買賣超股數(不含外資自營商)"":""-2,000"",""外資自營商買進股數"":""0"",""外資自營商賣出股數"":""0"",""外資自營商買賣超股數"":""0"",""投信買進股數"":""0"",""投信賣出股數"":""0"",""投信買賣超股數"":""0"",""自營商買賣超股數"":""835"",""自營商買進股數(自行買賣)"":""1,000"",""自營商賣出股數(自行買賣)"":""0"",""自營商買賣超股數(自行買賣)"":""1,000"",""自營商買進股數(避險)"":""328"",""自營商賣出股數(避險)"":""493"",""自營商買賣超股數(避險)"":""-165"",""三大法人買賣超股數"":""-1,165""}"
2026-09-29,TWSE,1342,八貫            ,22201,24553,-2352,0,0,0,1182,0,1182,"{""證券代號"":""1342"",""證券名稱"":""八貫            "",""外陸資買進股數(不含外資自營商)"":""22,201"",""外陸資賣出股數(不含外資自營商)"":""24,553"",""外陸資買賣超股數(不含外資自營商)"":""-2,352"",""外資自營商買進股數"":""0"",""外資自營商賣出股數"":""0"",""外資自營商買賣超股數"":""0"",""投信買進股數"":""0"",""投信賣出股數"":""0"",""投信買賣超股數"":""0"",""自營商買賣超股數"":""1,182"",""自營商買進股數(自行買賣)"":""0"",""自營商賣出股數(自行買賣)"":""0"",""自營商買賣超股數(自行買賣)"":""0"",""自營商買進股數(避險)"":""1,182"",""自營商賣出股數(避險)"":""0"",""自營商買賣超股數(避險)"":""1,182"",""三大法人買賣超股數"":""-1,170""}"
2026-09-29,TWSE,3515,華擎            ,84000,85000,-1000,0,0,0,0,627,-627,"{""證券代號"":""3515"",""證券名稱"":""華擎            "",""外陸資買進股數(不含外資自營商)"":""84,000"",""外陸資賣出股數(不含外資自營商)"":""85,000"",""外陸資買賣超股數(不含外資自營商)"":""-1,000"",""外資自營商買進股數"":""0"",""外資自營商賣出股數"":""0"",""外資自營商買賣超股數"":""0"",""投信買進股數"":""0"",""投信賣出股數"":""0"",""投信買賣超股數"":""0"",""自營商買賣超股數"":""-627"",""自營商買進股數(自行買賣)"":""0"",""自營商賣出股數(自行買賣)"":""0"",""自營商買賣超股數(自行買賣)"":""0"",""自營商買進股數(避險)"":""0"",""自營商賣出股數(避險)"":""627"",""自營商買賣超股數(避險)"":""-627"",""三大法人買賣超股數"":""-1,627""}"
2026-09-29,TWSE,7631,聚賢研發-創     ,389,2000,-1611,0,0,0,0,251,-251,"{""證券代號"":""7631"",""證券名稱"":""聚賢研發-創     "",""外陸資買進股數(不含外資自營商)"":""389"",""外陸資賣出股數(不含外資自營商)"":""2,000"",""外陸資買賣超股數(不含外資自營商)"":""-1,611"",""外資自營商買進股數"":""0"",""外資自營商賣出股數"":""0"",""外資自營商買賣超股數"":""0"",""投信買進股數"":""0"",""投信賣出股數"":""0"",""投信買賣超股數"":""0"",""自營商買賣超股數"":""-251"",""自營商買進股數(自行買賣)"":""0"",""自營商賣出股數(自行買賣)"":""0"",""自營商買賣超股數(自行買賣)"":""0"",""自營商買進股數(避險)"":""0"",""自營商賣出股數(避險)"":""251"",""自營商買賣超股數(避險)"":""-251"",""三大法人買賣超股數"":""-1,862""}"
2026-09-29,TWSE,4441,振大環球        ,14040,16000,-1960,0,0,0,0,0,0,"{""證券代號"":""4441"",""證券名稱"":""振大環球        "",""外陸資買進股數(不含外資自營商)"":""14,040"",""外陸資賣出股數(不含外資自營商)"":""16,000"",""外陸資買賣超股數(不含外資自營商)"":""-1,960"",""外資自營商買進股數"":""0"",""外資自營商賣出股數"":""0"",""外資自營商買賣超股數"":""0"",""投信買進股數"":""0"",""投信賣出股數"":""0"",""投信買賣超股數"":""0"",""自營商買賣超股數"":""0"",""自營商買進股數(自行買賣)"":""0"",""自營商賣出股數(自行買賣)"":""0"",""自營商買賣超股數(自行買賣)"":""0"",""自營商買進股數(避險)"":""0"",""自營商賣出股數(避險)"":""0"",""自營商買賣超股數(避險)"":""0"",""三大法人買賣超股數"":""-1,960""}"
2026-09-29,TWSE,6666,羅麗芬-KY       ,0,2000,-2000,0,0,0,0,0,0,"{""證券代號"":""6666"",""證券名稱"":""羅麗芬-KY       "",""外陸資買進股數(不含外資自營商)"":""0"",""外陸資賣出股數(不含外資自營商)"":""2,000"",""外陸資買賣超股數(不含外資自營商)"":""-2,000"",""外資自營商買進股數"":""0"",""外資自營商賣出股數"":""0"",""外資自營商買賣超股數"":""0"",""投信買進股數"":""0"",""投信賣出股數"":""0"",""投信買賣超股數"":""0"",""自營商買賣超股數"":""0"",""自營商買進股數(自行買賣)"":""0"",""自營商賣出股數(自行買賣)"":""0"",""自營商買賣超股數(自行買賣)"":""0"",""自營商買進股數(避險)"":""0"",""自營商賣出股數(避險)"":""0"",""自營商買賣超股數(避險)"":""0"",""三大法人買賣超股數"":""-2,000""}"
2026-09-29,TWSE,8429,金麗-KY         ,10000,12000,-2000,0,0,0,0,0,0,"{""證券代號"":""8429"",""證券名稱"":""金麗-KY         "",""外陸資買進股數(不含外資自營商)"":""10,000"",""外陸資賣出股數(不含外資自營商)"":""12,000"",""外陸資買賣超股數(不含外資自營商)"":""-2,000"",""外資自營商買進股數"":""0"",""外資自營商賣出股數"":""0"",""外資自營商買賣超股數"":""0"",""投信買進股數"":""0"",""投信賣出股數"":""0"",""投信買賣超股數"":""0"",""自營商買賣超股數"":""0"",""自營商買進股數(自行買賣)"":""0"",""自營商賣出股數(自行買賣)"":""0"",""自營商買賣超股數(自行買賣)"":""0"",""自營商買進股數(避險)"":""0"",""自營商賣出股數(避險)"":""0"",""自營商買賣超股數(避險)"":""0"",""三大法人買賣超股數"":""-2,000""}"
2026-09-29,TWSE,7732,金興精密        ,0,2000,-2000,0,0,0,0,0,0,"{""證券代號"":""7732"",""證券名稱"":""金興精密        "",""外陸資買進股數(不含外資自營商)"":""0"",""外陸資賣出股數(不含外資自營商)"":""2,000"",""外陸資買賣超股數(不含外資自營商)"":""-2,000"",""外資自營商買進股數"":""0"",""外資自營商賣出股數"":""0"",""外資自營商買賣超股數"":""0"",""投信買進股數"":""0"",""投信賣出股數"":""0"",""投信買賣超股數"":""0"",""自營商買賣超股數"":""0"",""自營商買進股數(自行買賣)"":""0"",""自營商賣出股數(自行買賣)"":""0"",""自營商買賣超股數(自行買賣)"":""0"",""自營商買進股數(避險)"":""0"",""自營商賣出股數(避險)"":""0"",""自營商買賣超股數(避險)"":""0"",""三大法人買賣超股數"":""-2,000""}"
2026-09-29,TWSE,7760,享溫馨          ,1000,3000,-2000,0,0,0,0,0,0,"{""證券代號"":""7760"",""證券名稱"":""享溫馨          "",""外陸資買進股數(不含外資自營商)"":""1,000"",""外陸資賣出股數(不含外資自營商)"":""3,000"",""外陸資買賣超股數(不含外資自營商)"":""-2,000"",""外資自營商買進股數"":""0"",""外資自營商賣出股數"":""0"",""外資自營商買賣超股數"":""0"",""投信買進股數"":""0"",""投信賣出股數"":""0"",""投信買賣超股數"":""0"",""自營商買賣超股數"":""0"",""自營商買進股數(自行買賣)"":""0"",""自營商賣出股數(自行買賣)"":""0"",""自營商買賣超股數(自行買賣)"":""0"",""自營商買進股數(避險)"":""0"",""自營商賣出股數(避險)"":""0"",""自營商買賣超股數(避險)"":""0"",""三大法人買賣超股數"":""-2,000""}"
2026-09-29,TWSE,3432,台端            ,1000,3000,-2000,0,0,0,0,0,0,"{""證券代號"":""3432"",""證券名稱"":""台端            "",""外陸資買進股數(不含外資自營商)"":""1,000"",""外陸資賣出股數(不含外資自營商)"":""3,000"",""外陸資買賣超股數(不含外資自營商)"":""-2,000"",""外資自營商買進股數"":""0"",""外資自營商賣出股數"":""0"",""外資自營商買賣超股數"":""0"",""投信買進股數"":""0"",""投信賣出股數"":""0"",""投信買賣超股數"":""0"",""自營商買賣超股數"":""0"",""自營商買進股數(自行買賣)"":""0"",""自營商賣出股數(自行買賣)"":""0"",""自營商買賣超股數(自行買賣)"":""0"",""自營商買進股數(避險)"":""0"",""自營商賣出股數(避險)"":""0"",""自營商買賣超股數(避險)"":""0"",""三大法人買賣超股數"":""-2,000""}"
2026-09-29,TWSE,1467,南緯            ,11000,20000,-9000,0,0,0,0,0,7000,"{""證券代號"":""1467"",""證券名稱"":""南緯            "",""外陸資買進股數(不含外資自營商)"":""11,000"",""外陸資賣出股數(不含外資自營商)"":""20,000"",""外陸資買賣超股數(不含外資自營商)"":""-9,000"",""外資自營商買進股數"":""0"",""外資自營商賣出股數"":""0"",""外資自營商買賣超股數"":""0"",""投信買進股數"":""0"",""投信賣出股數"":""0"",""投信買賣超股數"":""0"",""自營商買賣超股數"":""7,000"",""自營商買進股數(自行買賣)"":""7,000"",""自營商賣出股數(自行買賣)"":""0"",""自營商買賣超股數(自行買賣)"":""7,000"",""自營商買進股數(避險)"":""0"",""自營商賣出股數(避險)"":""0"",""自營商買賣超股數(避險)"":""0"",""三大法人買賣超股數"":""-2,000""}"
2026-09-29,TWSE,1225,福懋油          ,10000,13000,-3000,0,0,0,0,0,1000,"{""證券代號"":""1225"",""證券名稱"":""福懋油          "",""外陸資買進股數(不含外資自營商)"":""10,000"",""外陸資賣出股數(不含外資自營商)"":""13,000"",""外陸資買賣超股數(不含外資自營商)"":""-3,000"",""外資自營商買進股數"":""0"",""外資自營商賣出股數"":""0"",""外資自營商買賣超股數"":""0"",""投信買進股數"":""0"",""投信賣出股數"":""0"",""投信買賣超股數"":""0"",""自營商買賣超股數"":""1,000"",""自營商買進股數(自行買賣)"":""1,000"",""自營商賣出股數(自行買賣)"":""0"",""自營商買賣超股數(自行買賣)"":""1,000"",""自營商買進股數(避險)"":""0"",""自營商賣出股數(避險)"":""0"",""自營商買賣超股數(避險)"":""0"",""三大法人買賣超股數"":""-2,000""}"
2026-09-29,TWSE,2114,鑫永銓          ,2000,4000,-2000,0,0,0,0,0,0,"{""證券代號"":""2114"",""證券名稱"":""鑫永銓          "",""外陸資買進股數(不含外資自營商)"":""2,000"",""外陸資賣出股數(不含外資自營商)"":""4,000"",""外陸資買賣超股數(不含外資自營商)"":""-2,000"",""外資自營商買進股數"":""0"",""外資自營商賣出股數"":""0"",""外資自營商買賣超股數"":""0"",""投信買進股數"":""0"",""投信賣出股數"":""0"",""投信買賣超股數"":""0"",""自營商買賣超股數"":""0"",""自營商買進股數(自行買賣)"":""0"",""自營商賣出股數(自行買賣)"":""0"",""自營商買賣超股數(自行買賣)"":""0"",""自營商買進股數(避險)"":""0"",""自營商賣出股數(避險)"":""0"",""自營商買賣超股數(避險)"":""0"",""三大法人買賣超股數"":""-2,000""}"
2026-09-29,TWSE,6771,平和環保-創     ,0,1000,-1000,0,0,0,0,1000,-1000,"{""證券代號"":""6771"",""證券名稱"":""平和環保-創     "",""外陸資買進股數(不含外資自營商)"":""0"",""外陸資賣出股數(不含外資自營商)"":""1,000"",""外陸資買賣超股數(不含外資自營商)"":""-1,000"",""外資自營商買進股數"":""0"",""外資自營商賣出股數"":""0"",""外資自營商買賣超股數"":""0"",""投信買進股數"":""0"",""投信賣出股數"":""0"",""投信買賣超股數"":""0"",""自營商買賣超股數"":""-1,000"",""自營商買進股數(自行買賣)"":""0"",""自營商賣出股數(自行買賣)"":""0"",""自營商買賣超股數(自行買賣)"":""0"",""自營商買進股數(避險)"":""0"",""自營商賣出股數(避險)"":""1,000"",""自營商買賣超股數(避險)"":""-1,000"",""三大法人買賣超股數"":""-2,000""}"
2026-09-29,TWSE,9943,好樂迪          ,10000,12000,-2000,0,0,0,0,0,0,"{""證券代號"":""9943"",""證券名稱"":""好樂迪          "",""外陸資買進股數(不含外資自營商)"":""10,000"",""外陸資賣出股數(不含外資自營商)"":""12,000"",""外陸資買賣超股數(不含外資自營商)"":""-2,000"",""外資自營商買進股數"":""0"",""外資自營商賣出股數"":""0"",""外資自營商買賣超股數"":""0"",""投信買進股數"":""0"",""投信賣出股數"":""0"",""投信買賣超股數"":""0"",""自營商買賣超股數"":""0"",""自營商買進股數(自行買賣)"":""0"",""自營商賣出股數(自行買賣)"":""0"",""自營商買賣超股數(自行買賣)"":""0"",""自營商買進股數(避險)"":""0"",""自營商賣出股數(避險)"":""0"",""自營商買賣超股數(避險)"":""0"",""三大法人買賣超股數"":""-2,000""}"
2026-09-29,TWSE,6573,虹揚-KY         ,12000,16000,-4000,0,0,0,0,0,2000,"{""證券代號"":""6573"",""證券名稱"":""虹揚-KY         "",""外陸資買進股數(不含外資自營商)"":""12,000"",""外陸資賣出股數(不含外資自營商)"":""16,000"",""外陸資買賣超股數(不含外資自營商)"":""-4,000"",""外資自營商買進股數"":""0"",""外資自營商賣出股數"":""0"",""外資自營商買賣超股數"":""0"",""投信買進股數"":""0"",""投信賣出股數"":""0"",""投信買賣超股數"":""0"",""自營商買賣超股數"":""2,000"",""自營商買進股數(自行買賣)"":""2,000"",""自營商賣出股數(自行買賣)"":""0"",""自營商買賣超股數(自行買賣)"":""2,000"",""自營商買進股數(避險)"":""0"",""自營商賣出股數(避險)"":""0"",""自營商買賣超股數(避險)"":""0"",""三大法人買賣超股數"":""-2,000""}"
2026-09-29,TWSE,6581,鋼聯            ,3000,5000,-2000,0,0,0,0,0,0,"{""證券代號"":""6581"",""證券名稱"":""鋼聯            "",""外陸資買進股數(不含外資自營商)"":""3,000"",""外陸資賣出股數(不含外資自營商)"":""5,000"",""外陸資買賣超股數(不含外資自營商)"":""-2,000"",""外資自營商買進股數"":""0"",""外資自營商賣出股數"":""0"",""外資自營商買賣超股數"":""0"",""投信買進股數"":""0"",""投信賣出股數"":""0"",""投信買賣超股數"":""0"",""自營商買賣超股數"":""0"",""自營商買進股數(自行買賣)"":""0"",""自營商賣出股數(自行買賣)"":""0"",""自營商買賣超股數(自行買賣)"":""0"",""自營商買進股數(避險)"":""0"",""自營商賣出股數(避險)"":""0"",""自營商買賣超股數(避險)"":""0"",""三大法人買賣超股數"":""-2,000""}"
2026-09-29,TWSE,4930,燦星網          ,1000,3000,-2000,0,0,0,0,0,0,"{""證券代號"":""4930"",""證券名稱"":""燦星網          "",""外陸資買進股數(不含外資自營商)"":""1,000"",""外陸資賣出股數(不含外資自營商)"":""3,000"",""外陸資買賣超股數(不含外資自營商)"":""-2,000"",""外資自營商買進股數"":""0"",""外資自營商賣出股數"":""0"",""外資自營商買賣超股數"":""0"",""投信買進股數"":""0"",""投信賣出股數"":""0"",""投信買賣超股數"":""0"",""自營商買賣超股數"":""0"",""自營商買進股數(自行買賣)"":""0"",""自營商賣出股數(自行買賣)"":""0"",""自營商買賣超股數(自行買賣)"":""0"",""自營商買進股數(避險)"":""0"",""自營商賣出股數(避險)"":""0"",""自營商買賣超股數(避險)"":""0"",""三大法人買賣超股數"":""-2,000""}"
2026-09-29,TWSE,1735,日勝化          ,3000,5000,-2000,0,0,0,1000,1110,-110,"{""證券代號"":""1735"",""證券名稱"":""日勝化          "",""外陸資買進股數(不含外資自營商)"":""3,000"",""外陸資賣出股數(不含外資自營商)"":""5,000"",""外陸資買賣超股數(不含外資自營商)"":""-2,000"",""外資自營商買進股數"":""0"",""外資自營商賣出股數"":""0"",""外資自營商買賣超股數"":""0"",""投信買進股數"":""0"",""投信賣出股數"":""0"",""投信買賣超股數"":""0"",""自營商買賣超股數"":""-110"",""自營商買進股數(自行買賣)"":""0"",""自營商賣出股數(自行買賣)"":""0"",""自營商買賣超股數(自行買賣)"":""0"",""自營商買進股數(避險)"":""1,000"",""自營商賣出股數(避險)"":""1,110"",""自營商買賣超股數(避險)"":""-110"",""三大法人買賣超股數"":""-2,110""}"
2026-09-29,TWSE,4585,達明            ,34000,36200,-2200,0,0,0,0,0,0,"{""證券代號"":""4585"",""證券名稱"":""達明            "",""外陸資買進股數(不含外資自營商)"":""34,000"",""外陸資賣出股數(不含外資自營商)"":""36,200"",""外陸資買賣超股數(不含外資自營商)"":""-2,200"",""外資自營商買進股數"":""0"",""外資自營商賣出股數"":""0"",""外資自營商買賣超股數"":""0"",""投信買進股數"":""0"",""投信賣出股數"":""0"",""投信買賣超股數"":""0"",""自營商買賣超股數"":""0"",""自營商買進股數(自行買賣)"":""0"",""自營商賣出股數(自行買賣)"":""0"",""自營商買賣超股數(自行買賣)"":""0"",""自營商買進股數(避險)"":""0"",""自營商賣出股數(避險)"":""0"",""自營商買賣超股數(避險)"":""0"",""三大法人買賣超股數"":""-2,200""}"
2026-09-29,TWSE,00684R,期元大美元指反1 ,0,0,0,0,0,0,7000,9330,-2330,"{""證券代號"":""00684R"",""證券名稱"":""期元大美元指反1 "",""外陸資買進股數(不含外資自營商)"":""0"",""外陸資賣出股數(不含外資自營商)"":""0"",""外陸資買賣超股數(不含外資自營商)"":""0"",""外資自營商買進股數"":""0"",""外資自營商賣出股數"":""0"",""外資自營商買賣超股數"":""0"",""投信買進股數"":""0"",""投信賣出股數"":""0"",""投信買賣超股數"":""0"",""自營商買賣超股數"":""-2,330"",""自營商買進股數(自行買賣)"":""0"",""自營商賣出股數(自行買賣)"":""0"",""自營商買賣超股數(自行買賣)"":""0"",""自營商買進股數(避險)"":""7,000"",""自營商賣出股數(避險)"":""9,330"",""自營商買賣超股數(避險)"":""-2,330"",""三大法人買賣超股數"":""-2,330""}"
2026-09-29,TWSE,6908,宏碁遊戲-創     ,1000,5000,-4000,0,0,0,8710,7050,1660,"{""證券代號"":""6908"",""證券名稱"":""宏碁遊戲-創     "",""外陸資買進股數(不含外資自營商)"":""1,000"",""外陸資賣出股數(不含外資自營商)"":""5,000"",""外陸資買賣超股數(不含外資自營商)"":""-4,000"",""外資自營商買進股數"":""0"",""外資自營商賣出股數"":""0"",""外資自營商買賣超股數"":""0"",""投信買進股數"":""0"",""投信賣出股數"":""0"",""投信買賣超股數"":""0"",""自營商買賣超股數"":""1,660"",""自營商買進股數(自行買賣)"":""0"",""自營商賣出股數(自行買賣)"":""0"",""自營商買賣超股數(自行買賣)"":""0"",""自營商買進股數(避險)"":""8,710"",""自營商賣出股數(避險)"":""7,050"",""自營商買賣超股數(避險)"":""1,660"",""三大法人買賣超股數"":""-2,340""}"
2026-09-29,TWSE,1453,大將            ,1550,4000,-2450,0,0,0,0,0,0,"{""證券代號"":""1453"",""證券名稱"":""大將            "",""外陸資買進股數(不含外資自營商)"":""1,550"",""外陸資賣出股數(不含外資自營商)"":""4,000"",""外陸資買賣超股數(不含外資自營商)"":""-2,450"",""外資自營商買進股數"":""0"",""外資自營商賣出股數"":""0"",""外資自營商買賣超股數"":""0"",""投信買進股數"":""0"",""投信賣出股數"":""0"",""投信買賣超股數"":""0"",""自營商買賣超股數"":""0"",""自營商買進股數(自行買賣)"":""0"",""自營商賣出股數(自行買賣)"":""0"",""自營商買賣超股數(自行買賣)"":""0"",""自營商買進股數(避險)"":""0"",""自營商賣出股數(避險)"":""0"",""自營商買賣超股數(避險)"":""0"",""三大法人買賣超股數"":""-2,450""}"
2026-09-29,TWSE,1472,三洋實業        ,7000,2000,5000,0,0,0,0,0,-8000,"{""證券代號"":""1472"",""證券名稱"":""三洋實業        "",""外陸資買進股數(不含外資自營商)"":""7,000"",""外陸資賣出股數(不含外資自營商)"":""2,000"",""外陸資買賣超股數(不含外資自營商)"":""5,000"",""外資自營商買進股數"":""0"",""外資自營商賣出股數"":""0"",""外資自營商買賣超股數"":""0"",""投信買進股數"":""0"",""投信賣出股數"":""0"",""投信買賣超股數"":""0"",""自營商買賣超股數"":""-8,000"",""自營商買進股數(自行買賣)"":""0"",""自營商賣出股數(自行買賣)"":""8,000"",""自營商買賣超股數(自行買賣)"":""-8,000"",""自營商買進股數(避險)"":""0"",""自營商賣出股數(避險)"":""0"",""自營商買賣超股數(避險)"":""0"",""三大法人買賣超股數"":""-3,000""}"
2026-09-29,TWSE,1435,中福            ,0,3000,-3000,0,0,0,0,0,0,"{""證券代號"":""1435"",""證券名稱"":""中福            "",""外陸資買進股數(不含外資自營商)"":""0"",""外陸資賣出股數(不含外資自營商)"":""3,000"",""外陸資買賣超股數(不含外資自營商)"":""-3,000"",""外資自營商買進股數"":""0"",""外資自營商賣出股數"":""0"",""外資自營商買賣超股數"":""0"",""投信買進股數"":""0"",""投信賣出股數"":""0"",""投信買賣超股數"":""0"",""自營商買賣超股數"":""0"",""自營商買進股數(自行買賣)"":""0"",""自營商賣出股數(自行買賣)"":""0"",""自營商買賣超股數(自行買賣)"":""0"",""自營商買進股數(避險)"":""0"",""自營商賣出股數(避險)"":""0"",""自營商買賣超股數(避險)"":""0"",""三大法人買賣超股數"":""-3,000""}"
2026-09-29,TWSE,1539,巨庭            ,0,3000,-3000,0,0,0,0,0,0,"{""證券代號"":""1539"",""證券名稱"":""巨庭            "",""外陸資買進股數(不含外資自營商)"":""0"",""外陸資賣出股數(不含外資自營商)"":""3,000"",""外陸資買賣超股數(不含外資自營商)"":""-3,000"",""外資自營商買進股數"":""0"",""外資自營商賣出股數"":""0"",""外資自營商買賣超股數"":""0"",""投信買進股數"":""0"",""投信賣出股數"":""0"",""投信買賣超股數"":""0"",""自營商買賣超股數"":""0"",""自營商買進股數(自行買賣)"":""0"",""自營商賣出股數(自行買賣)"":""0"",""自營商買賣超股數(自行買賣)"":""0"",""自營商買進股數(避險)"":""0"",""自營商賣出股數(避險)"":""0"",""自營商買賣超股數(避險)"":""0"",""三大法人買賣超股數"":""-3,000""}"
2026-09-29,TWSE,1783,和康生          ,3000,6000,-3000,0,0,0,0,0,0,"{""證券代號"":""1783"",""證券名稱"":""和康生          "",""外陸資買進股數(不含外資自營商)"":""3,000"",""外陸資賣出股數(不含外資自營商)"":""6,000"",""外陸資買賣超股數(不含外資自營商)"":""-3,000"",""外資自營商買進股數"":""0"",""外資自營商賣出股數"":""0"",""外資自營商買賣超股數"":""0"",""投信買進股數"":""0"",""投信賣出股數"":""0"",""投信買賣超股數"":""0"",""自營商買賣超股數"":""0"",""自營商買進股數(自行買賣)"":""0"",""自營商賣出股數(自行買賣)"":""0"",""自營商買賣超股數(自行買賣)"":""0"",""自營商買進股數(避險)"":""0"",""自營商賣出股數(避險)"":""0"",""自營商買賣超股數(避險)"":""0"",""三大法人買賣超股數"":""-3,000""}"
2026-09-29,TWSE,2013,中鋼構          ,10000,13000,-3000,0,0,0,0,0,0,"{""證券代號"":""2013"",""證券名稱"":""中鋼構          "",""外陸資買進股數(不含外資自營商)"":""10,000"",""外陸資賣出股數(不含外資自營商)"":""13,000"",""外陸資買賣超股數(不含外資自營商)"":""-3,000"",""外資自營商買進股數"":""0"",""外資自營商賣出股數"":""0"",""外資自營商買賣超股數"":""0"",""投信買進股數"":""0"",""投信賣出股數"":""0"",""投信買賣超股數"":""0"",""自營商買賣超股數"":""0"",""自營商買進股數(自行買賣)"":""0"",""自營商賣出股數(自行買賣)"":""0"",""自營商買賣超股數(自行買賣)"":""0"",""自營商買進股數(避險)"":""0"",""自營商賣出股數(避險)"":""0"",""自營商買賣超股數(避險)"":""0"",""三大法人買賣超股數"":""-3,000""}"
2026-09-29,TWSE,4569,六方科-KY       ,8000,11000,-3000,0,0,0,0,0,0,"{""證券代號"":""4569"",""證券名稱"":""六方科-KY       "",""外陸資買進股數(不含外資自營商)"":""8,000"",""外陸資賣出股數(不含外資自營商)"":""11,000"",""外陸資買賣超股數(不含外資自營商)"":""-3,000"",""外資自營商買進股數"":""0"",""外資自營商賣出股數"":""0"",""外資自營商買賣超股數"":""0"",""投信買進股數"":""0"",""投信賣出股數"":""0"",""投信買賣超股數"":""0"",""自營商買賣超股數"":""0"",""自營商買進股數(自行買賣)"":""0"",""自營商賣出股數(自行買賣)"":""0"",""自營商買賣超股數(自行買賣)"":""0"",""自營商買進股數(避險)"":""0"",""自營商賣出股數(避險)"":""0"",""自營商買賣超股數(避險)"":""0"",""三大法人買賣超股數"":""-3,000""}"
2026-09-29,TWSE,3669,圓展            ,19000,23000,-4000,0,0,0,0,0,1000,"{""證券代號"":""3669"",""證券名稱"":""圓展            "",""外陸資買進股數(不含外資自營商)"":""19,000"",""外陸資賣出股數(不含外資自營商)"":""23,000"",""外陸資買賣超股數(不含外資自營商)"":""-4,000"",""外資自營商買進股數"":""0"",""外資自營商賣出股數"":""0"",""外資自營商買賣超股數"":""0"",""投信買進股數"":""0"",""投信賣出股數"":""0"",""投信買賣超股數"":""0"",""自營商買賣超股數"":""1,000"",""自營商買進股數(自行買賣)"":""1,000"",""自營商賣出股數(自行買賣)"":""0"",""自營商買賣超股數(自行買賣)"":""1,000"",""自營商買進股數(避險)"":""0"",""自營商賣出股數(避險)"":""0"",""自營商買賣超股數(避險)"":""0"",""三大法人買賣超股數"":""-3,000""}"
2026-09-29,TWSE,6835,圓裕            ,3000,6000,-3000,0,0,0,0,0,0,"{""證券代號"":""6835"",""證券名稱"":""圓裕            "",""外陸資買進股數(不含外資自營商)"":""3,000"",""外陸資賣出股數(不含外資自營商)"":""6,000"",""外陸資買賣超股數(不含外資自營商)"":""-3,000"",""外資自營商買進股數"":""0"",""外資自營商賣出股數"":""0"",""外資自營商買賣超股數"":""0"",""投信買進股數"":""0"",""投信賣出股數"":""0"",""投信買賣超股數"":""0"",""自營商買賣超股數"":""0"",""自營商買進股數(自行買賣)"":""0"",""自營商賣出股數(自行買賣)"":""0"",""自營商買賣超股數(自行買賣)"":""0"",""自營商買進股數(避險)"":""0"",""自營商賣出股數(避險)"":""0"",""自營商買賣超股數(避險)"":""0"",""三大法人買賣超股數"":""-3,000""}"
2026-09-29,TWSE,6655,科定            ,0,3000,-3000,0,0,0,0,0,0,"{""證券代號"":""6655"",""證券名稱"":""科定            "",""外陸資買進股數(不含外資自營商)"":""0"",""外陸資賣出股數(不含外資自營商)"":""3,000"",""外陸資買賣超股數(不含外資自營商)"":""-3,000"",""外資自營商買進股數"":""0"",""外資自營商賣出股數"":""0"",""外資自營商買賣超股數"":""0"",""投信買進股數"":""0"",""投信賣出股數"":""0"",""投信買賣超股數"":""0"",""自營商買賣超股數"":""0"",""自營商買進股數(自行買賣)"":""0"",""自營商賣出股數(自行買賣)"":""0"",""自營商買賣超股數(自行買賣)"":""0"",""自營商買進股數(避險)"":""0"",""自營商賣出股數(避險)"":""0"",""自營商買賣超股數(避險)"":""0"",""三大法人買賣超股數"":""-3,000""}"
2026-09-29,TWSE,6754,匯僑設計        ,0,3000,-3000,0,0,0,0,0,0,"{""證券代號"":""6754"",""證券名稱"":""匯僑設計        "",""外陸資買進股數(不含外資自營商)"":""0"",""外陸資賣出股數(不含外資自營商)"":""3,000"",""外陸資買賣超股數(不含外資自營商)"":""-3,000"",""外資自營商買進股數"":""0"",""外資自營商賣出股數"":""0"",""外資自營商買賣超股數"":""0"",""投信買進股數"":""0"",""投信賣出股數"":""0"",""投信買賣超股數"":""0"",""自營商買賣超股數"":""0"",""自營商買進股數(自行買賣)"":""0"",""自營商賣出股數(自行買賣)"":""0"",""自營商買賣超股數(自行買賣)"":""0"",""自營商買進股數(避險)"":""0"",""自營商賣出股數(避險)"":""0"",""自營商買賣超股數(避險)"":""0"",""三大法人買賣超股數"":""-3,000""}"
2026-09-29,TWSE,8367,建新國際        ,1000,4000,-3000,0,0,0,0,0,0,"{""證券代號"":""8367"",""證券名稱"":""建新國際        "",""外陸資買進股數(不含外資自營商)"":""1,000"",""外陸資賣出股數(不含外資自營商)"":""4,000"",""外陸資買賣超股數(不含外資自營商)"":""-3,000"",""外資自營商買進股數"":""0"",""外資自營商賣出股數"":""0"",""外資自營商買賣超股數"":""0"",""投信買進股數"":""0"",""投信賣出股數"":""0"",""投信買賣超股數"":""0"",""自營商買賣超股數"":""0"",""自營商買進股數(自行買賣)"":""0"",""自營商賣出股數(自行買賣)"":""0"",""自營商買賣超股數(自行買賣)"":""0"",""自營商買進股數(避險)"":""0"",""自營商賣出股數(避險)"":""0"",""自營商買賣超股數(避險)"":""0"",""三大法人買賣超股數"":""-3,000""}"
2026-09-29,TWSE,6165,浪凡            ,31000,34000,-3000,0,0,0,0,0,0,"{""證券代號"":""6165"",""證券名稱"":""浪凡            "",""外陸資買進股數(不含外資自營商)"":""31,000"",""外陸資賣出股數(不含外資自營商)"":""34,000"",""外陸資買賣超股數(不含外資自營商)"":""-3,000"",""外資自營商買進股數"":""0"",""外資自營商賣出股數"":""0"",""外資自營商買賣超股數"":""0"",""投信買進股數"":""0"",""投信賣出股數"":""0"",""投信買賣超股數"":""0"",""自營商買賣超股數"":""0"",""自營商買進股數(自行買賣)"":""0"",""自營商賣出股數(自行買賣)"":""0"",""自營商買賣超股數(自行買賣)"":""0"",""自營商買進股數(避險)"":""0"",""自營商賣出股數(避險)"":""0"",""自營商買賣超股數(避險)"":""0"",""三大法人買賣超股數"":""-3,000""}"
2026-09-29,TWSE,8481,政伸            ,0,3000,-3000,0,0,0,0,0,0,"{""證券代號"":""8481"",""證券名稱"":""政伸            "",""外陸資買進股數(不含外資自營商)"":""0"",""外陸資賣出股數(不含外資自營商)"":""3,000"",""外陸資買賣超股數(不含外資自營商)"":""-3,000"",""外資自營商買進股數"":""0"",""外資自營商賣出股數"":""0"",""外資自營商買賣超股數"":""0"",""投信買進股數"":""0"",""投信賣出股數"":""0"",""投信買賣超股數"":""0"",""自營商買賣超股數"":""0"",""自營商買進股數(自行買賣)"":""0"",""自營商賣出股數(自行買賣)"":""0"",""自營商買賣超股數(自行買賣)"":""0"",""自營商買進股數(避險)"":""0"",""自營商賣出股數(避險)"":""0"",""自營商買賣超股數(避險)"":""0"",""三大法人買賣超股數"":""-3,000""}"
2026-09-29,TWSE,3018,隆銘綠能        ,2000,5000,-3000,0,0,0,0,0,0,"{""證券代號"":""3018"",""證券名稱"":""隆銘綠能        "",""外陸資買進股數(不含外資自營商)"":""2,000"",""外陸資賣出股數(不含外資自營商)"":""5,000"",""外陸資買賣超股數(不含外資自營商)"":""-3,000"",""外資自營商買進股數"":""0"",""外資自營商賣出股數"":""0"",""外資自營商買賣超股數"":""0"",""投信買進股數"":""0"",""投信賣出股數"":""0"",""投信買賣超股數"":""0"",""自營商買賣超股數"":""0"",""自營商買進股數(自行買賣)"":""0"",""自營商賣出股數(自行買賣)"":""0"",""自營商買賣超股數(自行買賣)"":""0"",""自營商買進股數(避險)"":""0"",""自營商賣出股數(避險)"":""0"",""自營商買賣超股數(避險)"":""0"",""三大法人買賣超股數"":""-3,000""}"
2026-09-29,TWSE,6951,青新-創         ,1000,4000,-3000,0,0,0,0,0,0,"{""證券代號"":""6951"",""證券名稱"":""青新-創         "",""外陸資買進股數(不含外資自營商)"":""1,000"",""外陸資賣出股數(不含外資自營商)"":""4,000"",""外陸資買賣超股數(不含外資自營商)"":""-3,000"",""外資自營商買進股數"":""0"",""外資自營商賣出股數"":""0"",""外資自營商買賣超股數"":""0"",""投信買進股數"":""0"",""投信賣出股數"":""0"",""投信買賣超股數"":""0"",""自營商買賣超股數"":""0"",""自營商買進股數(自行買賣)"":""0"",""自營商賣出股數(自行買賣)"":""0"",""自營商買賣超股數(自行買賣)"":""0"",""自營商買進股數(避險)"":""0"",""自營商賣出股數(避險)"":""0"",""自營商買賣超股數(避險)"":""0"",""三大法人買賣超股數"":""-3,000""}"
2026-09-29,TWSE,1456,怡華            ,10000,13039,-3039,0,0,0,0,0,0,"{""證券代號"":""1456"",""證券名稱"":""怡華            "",""外陸資買進股數(不含外資自營商)"":""10,000"",""外陸資賣出股數(不含外資自營商)"":""13,039"",""外陸資買賣超股數(不含外資自營商)"":""-3,039"",""外資自營商買進股數"":""0"",""外資自營商賣出股數"":""0"",""外資自營商買賣超股數"":""0"",""投信買進股數"":""0"",""投信賣出股數"":""0"",""投信買賣超股數"":""0"",""自營商買賣超股數"":""0"",""自營商買進股數(自行買賣)"":""0"",""自營商賣出股數(自行買賣)"":""0"",""自營商買賣超股數(自行買賣)"":""0"",""自營商買進股數(避險)"":""0"",""自營商賣出股數(避險)"":""0"",""自營商買賣超股數(避險)"":""0"",""三大法人買賣超股數"":""-3,039""}"
2026-09-29,TWSE,8487,愛爾達-創       ,0,3000,-3000,0,0,0,0,41,-41,"{""證券代號"":""8487"",""證券名稱"":""愛爾達-創       "",""外陸資買進股數(不含外資自營商)"":""0"",""外陸資賣出股數(不含外資自營商)"":""3,000"",""外陸資買賣超股數(不含外資自營商)"":""-3,000"",""外資自營商買進股數"":""0"",""外資自營商賣出股數"":""0"",""外資自營商買賣超股數"":""0"",""投信買進股數"":""0"",""投信賣出股數"":""0"",""投信買賣超股數"":""0"",""自營商買賣超股數"":""-41"",""自營商買進股數(自行買賣)"":""0"",""自營商賣出股數(自行買賣)"":""0"",""自營商買賣超股數(自行買賣)"":""0"",""自營商買進股數(避險)"":""0"",""自營商賣出股數(避險)"":""41"",""自營商買賣超股數(避險)"":""-41"",""三大法人買賣超股數"":""-3,041""}"
2026-09-29,TWSE,5243,乙盛-KY         ,262168,262001,167,0,0,0,2166,5772,-3606,"{""證券代號"":""5243"",""證券名稱"":""乙盛-KY         "",""外陸資買進股數(不含外資自營商)"":""262,168"",""外陸資賣出股數(不含外資自營商)"":""262,001"",""外陸資買賣超股數(不含外資自營商)"":""167"",""外資自營商買進股數"":""0"",""外資自營商賣出股數"":""0"",""外資自營商買賣超股數"":""0"",""投信買進股數"":""0"",""投信賣出股數"":""0"",""投信買賣超股數"":""0"",""自營商買賣超股數"":""-3,606"",""自營商買進股數(自行買賣)"":""0"",""自營商賣出股數(自行買賣)"":""0"",""自營商買賣超股數(自行買賣)"":""0"",""自營商買進股數(避險)"":""2,166"",""自營商賣出股數(避險)"":""5,772"",""自營商買賣超股數(避險)"":""-3,606"",""三大法人買賣超股數"":""-3,439""}"
2026-09-29,TWSE,4532,瑞智            ,150307,165000,-14693,11242,0,11242,0,0,0,"{""證券代號"":""4532"",""證券名稱"":""瑞智            "",""外陸資買進股數(不含外資自營商)"":""150,307"",""外陸資賣出股數(不含外資自營商)"":""165,000"",""外陸資買賣超股數(不含外資自營商)"":""-14,693"",""外資自營商買進股數"":""0"",""外資自營商賣出股數"":""0"",""外資自營商買賣超股數"":""0"",""投信買進股數"":""11,242"",""投信賣出股數"":""0"",""投信買賣超股數"":""11,242"",""自營商買賣超股數"":""0"",""自營商買進股數(自行買賣)"":""0"",""自營商賣出股數(自行買賣)"":""0"",""自營商買賣超股數(自行買賣)"":""0"",""自營商買進股數(避險)"":""0"",""自營商賣出股數(避險)"":""0"",""自營商買賣超股數(避險)"":""0"",""三大法人買賣超股數"":""-3,451""}"
2026-09-29,TWSE,8222,寶一            ,38290,42000,-3710,0,0,0,0,0,0,"{""證券代號"":""8222"",""證券名稱"":""寶一            "",""外陸資買進股數(不含外資自營商)"":""38,290"",""外陸資賣出股數(不含外資自營商)"":""42,000"",""外陸資買賣超股數(不含外資自營商)"":""-3,710"",""外資自營商買進股數"":""0"",""外資自營商賣出股數"":""0"",""外資自營商買賣超股數"":""0"",""投信買進股數"":""0"",""投信賣出股數"":""0"",""投信買賣超股數"":""0"",""自營商買賣超股數"":""0"",""自營商買進股數(自行買賣)"":""0"",""自營商賣出股數(自行買賣)"":""0"",""自營商買賣超股數(自行買賣)"":""0"",""自營商買進股數(避險)"":""0"",""自營商賣出股數(避險)"":""0"",""自營商買賣超股數(避險)"":""0"",""三大法人買賣超股數"":""-3,710""}"
2026-09-29,TWSE,6216,居易            ,1000,5000,-4000,0,0,0,0,0,222,"{""證券代號"":""6216"",""證券名稱"":""居易            "",""外陸資買進股數(不含外資自營商)"":""1,000"",""外陸資賣出股數(不含外資自營商)"":""5,000"",""外陸資買賣超股數(不含外資自營商)"":""-4,000"",""外資自營商買進股數"":""0"",""外資自營商賣出股數"":""0"",""外資自營商買賣超股數"":""0"",""投信買進股數"":""0"",""投信賣出股數"":""0"",""投信買賣超股數"":""0"",""自營商買賣超股數"":""222"",""自營商買進股數(自行買賣)"":""1,000"",""自營商賣出股數(自行買賣)"":""778"",""自營商買賣超股數(自行買賣)"":""222"",""自營商買進股數(避險)"":""0"",""自營商賣出股數(避險)"":""0"",""自營商買賣超股數(避險)"":""0"",""三大法人買賣超股數"":""-3,778""}"
2026-09-29,TWSE,1537,廣隆            ,28016,32000,-3984,0,0,0,0,0,0,"{""證券代號"":""1537"",""證券名稱"":""廣隆            "",""外陸資買進股數(不含外資自營商)"":""28,016"",""外陸資賣出股數(不含外資自營商)"":""32,000"",""外陸資買賣超股數(不含外資自營商)"":""-3,984"",""外資自營商買進股數"":""0"",""外資自營商賣出股數"":""0"",""外資自營商買賣超股數"":""0"",""投信買進股數"":""0"",""投信賣出股數"":""0"",""投信買賣超股數"":""0"",""自營商買賣超股數"":""0"",""自營商買進股數(自行買賣)"":""0"",""自營商賣出股數(自行買賣)"":""0"",""自營商買賣超股數(自行買賣)"":""0"",""自營商買進股數(避險)"":""0"",""自營商賣出股數(避險)"":""0"",""自營商買賣超股數(避險)"":""0"",""三大法人買賣超股數"":""-3,984""}"
2026-09-29,TWSE,1732,毛寶            ,9000,13000,-4000,0,0,0,0,0,0,"{""證券代號"":""1732"",""證券名稱"":""毛寶            "",""外陸資買進股數(不含外資自營商)"":""9,000"",""外陸資賣出股數(不含外資自營商)"":""13,000"",""外陸資買賣超股數(不含外資自營商)"":""-4,000"",""外資自營商買進股數"":""0"",""外資自營商賣出股數"":""0"",""外資自營商買賣超股數"":""0"",""投信買進股數"":""0"",""投信賣出股數"":""0"",""投信買賣超股數"":""0"",""自營商買賣超股數"":""0"",""自營商買進股數(自行買賣)"":""0"",""自營商賣出股數(自行買賣)"":""0"",""自營商買賣超股數(自行買賣)"":""0"",""自營商買進股數(避險)"":""0"",""自營商賣出股數(避險)"":""0"",""自營商買賣超股數(避險)"":""0"",""三大法人買賣超股數"":""-4,000""}"
2026-09-29,TWSE,1439,雋揚            ,0,4000,-4000,0,0,0,0,0,0,"{""證券代號"":""1439"",""證券名稱"":""雋揚            "",""外陸資買進股數(不含外資自營商)"":""0"",""外陸資賣出股數(不含外資自營商)"":""4,000"",""外陸資買賣超股數(不含外資自營商)"":""-4,000"",""外資自營商買進股數"":""0"",""外資自營商賣出股數"":""0"",""外資自營商買賣超股數"":""0"",""投信買進股數"":""0"",""投信賣出股數"":""0"",""投信買賣超股數"":""0"",""自營商買賣超股數"":""0"",""自營商買進股數(自行買賣)"":""0"",""自營商賣出股數(自行買賣)"":""0"",""自營商買賣超股數(自行買賣)"":""0"",""自營商買進股數(避險)"":""0"",""自營商賣出股數(避險)"":""0"",""自營商買賣超股數(避險)"":""0"",""三大法人買賣超股數"":""-4,000""}"
2026-09-29,TWSE,2024,志聯            ,0,4000,-4000,0,0,0,0,0,0,"{""證券代號"":""2024"",""證券名稱"":""志聯            "",""外陸資買進股數(不含外資自營商)"":""0"",""外陸資賣出股數(不含外資自營商)"":""4,000"",""外陸資買賣超股數(不含外資自營商)"":""-4,000"",""外資自營商買進股數"":""0"",""外資自營商賣出股數"":""0"",""外資自營商買賣超股數"":""0"",""投信買進股數"":""0"",""投信賣出股數"":""0"",""投信買賣超股數"":""0"",""自營商買賣超股數"":""0"",""自營商買進股數(自行買賣)"":""0"",""自營商賣出股數(自行買賣)"":""0"",""自營商買賣超股數(自行買賣)"":""0"",""自營商買進股數(避險)"":""0"",""自營商賣出股數(避險)"":""0"",""自營商買賣超股數(避險)"":""0"",""三大法人買賣超股數"":""-4,000""}"
2026-09-29,TWSE,7821,神數            ,15000,19000,-4000,0,0,0,0,0,0,"{""證券代號"":""7821"",""證券名稱"":""神數            "",""外陸資買進股數(不含外資自營商)"":""15,000"",""外陸資賣出股數(不含外資自營商)"":""19,000"",""外陸資買賣超股數(不含外資自營商)"":""-4,000"",""外資自營商買進股數"":""0"",""外資自營商賣出股數"":""0"",""外資自營商買賣超股數"":""0"",""投信買進股數"":""0"",""投信賣出股數"":""0"",""投信買賣超股數"":""0"",""自營商買賣超股數"":""0"",""自營商買進股數(自行買賣)"":""0"",""自營商賣出股數(自行買賣)"":""0"",""自營商買賣超股數(自行買賣)"":""0"",""自營商買進股數(避險)"":""0"",""自營商賣出股數(避險)"":""0"",""自營商買賣超股數(避險)"":""0"",""三大法人買賣超股數"":""-4,000""}"
2026-09-29,TWSE,6722,輝創            ,2000,6000,-4000,0,0,0,0,0,0,"{""證券代號"":""6722"",""證券名稱"":""輝創            "",""外陸資買進股數(不含外資自營商)"":""2,000"",""外陸資賣出股數(不含外資自營商)"":""6,000"",""外陸資買賣超股數(不含外資自營商)"":""-4,000"",""外資自營商買進股數"":""0"",""外資自營商賣出股數"":""0"",""外資自營商買賣超股數"":""0"",""投信買進股數"":""0"",""投信賣出股數"":""0"",""投信買賣超股數"":""0"",""自營商買賣超股數"":""0"",""自營商買進股數(自行買賣)"":""0"",""自營商賣出股數(自行買賣)"":""0"",""自營商買賣超股數(自行買賣)"":""0"",""自營商買進股數(避險)"":""0"",""自營商賣出股數(避險)"":""0"",""自營商買賣超股數(避險)"":""0"",""三大法人買賣超股數"":""-4,000""}"
2026-09-29,TWSE,9944,新麗            ,3000,7000,-4000,0,0,0,0,0,0,"{""證券代號"":""9944"",""證券名稱"":""新麗            "",""外陸資買進股數(不含外資自營商)"":""3,000"",""外陸資賣出股數(不含外資自營商)"":""7,000"",""外陸資買賣超股數(不含外資自營商)"":""-4,000"",""外資自營商買進股數"":""0"",""外資自營商賣出股數"":""0"",""外資自營商買賣超股數"":""0"",""投信買進股數"":""0"",""投信賣出股數"":""0"",""投信買賣超股數"":""0"",""自營商買賣超股數"":""0"",""自營商買進股數(自行買賣)"":""0"",""自營商賣出股數(自行買賣)"":""0"",""自營商買賣超股數(自行買賣)"":""0"",""自營商買進股數(避險)"":""0"",""自營商賣出股數(避險)"":""0"",""自營商買賣超股數(避險)"":""0"",""三大法人買賣超股數"":""-4,000""}"
2026-09-29,TWSE,6952,大武山          ,2000,6000,-4000,0,0,0,0,0,0,"{""證券代號"":""6952"",""證券名稱"":""大武山          "",""外陸資買進股數(不含外資自營商)"":""2,000"",""外陸資賣出股數(不含外資自營商)"":""6,000"",""外陸資買賣超股數(不含外資自營商)"":""-4,000"",""外資自營商買進股數"":""0"",""外資自營商賣出股數"":""0"",""外資自營商買賣超股數"":""0"",""投信買進股數"":""0"",""投信賣出股數"":""0"",""投信買賣超股數"":""0"",""自營商買賣超股數"":""0"",""自營商買進股數(自行買賣)"":""0"",""自營商賣出股數(自行買賣)"":""0"",""自營商買賣超股數(自行買賣)"":""0"",""自營商買進股數(避險)"":""0"",""自營商賣出股數(避險)"":""0"",""自營商買賣超股數(避險)"":""0"",""三大法人買賣超股數"":""-4,000""}"
2026-09-29,TWSE,1443,立益物流        ,3000,7000,-4000,0,0,0,0,0,0,"{""證券代號"":""1443"",""證券名稱"":""立益物流        "",""外陸資買進股數(不含外資自營商)"":""3,000"",""外陸資賣出股數(不含外資自營商)"":""7,000"",""外陸資買賣超股數(不含外資自營商)"":""-4,000"",""外資自營商買進股數"":""0"",""外資自營商賣出股數"":""0"",""外資自營商買賣超股數"":""0"",""投信買進股數"":""0"",""投信賣出股數"":""0"",""投信買賣超股數"":""0"",""自營商買賣超股數"":""0"",""自營商買進股數(自行買賣)"":""0"",""自營商賣出股數(自行買賣)"":""0"",""自營商買賣超股數(自行買賣)"":""0"",""自營商買進股數(避險)"":""0"",""自營商賣出股數(避險)"":""0"",""自營商買賣超股數(避險)"":""0"",""三大法人買賣超股數"":""-4,000""}"
2026-09-29,TWSE,2702,華園            ,3000,7000,-4000,0,0,0,0,0,0,"{""證券代號"":""2702"",""證券名稱"":""華園            "",""外陸資買進股數(不含外資自營商)"":""3,000"",""外陸資賣出股數(不含外資自營商)"":""7,000"",""外陸資買賣超股數(不含外資自營商)"":""-4,000"",""外資自營商買進股數"":""0"",""外資自營商賣出股數"":""0"",""外資自營商買賣超股數"":""0"",""投信買進股數"":""0"",""投信賣出股數"":""0"",""投信買賣超股數"":""0"",""自營商買賣超股數"":""0"",""自營商買進股數(自行買賣)"":""0"",""自營商賣出股數(自行買賣)"":""0"",""自營商買賣超股數(自行買賣)"":""0"",""自營商買進股數(避險)"":""0"",""自營商賣出股數(避險)"":""0"",""自營商買賣超股數(避險)"":""0"",""三大法人買賣超股數"":""-4,000""}"
2026-09-29,TWSE,1470,大統新創        ,0,4000,-4000,0,0,0,0,0,0,"{""證券代號"":""1470"",""證券名稱"":""大統新創        "",""外陸資買進股數(不含外資自營商)"":""0"",""外陸資賣出股數(不含外資自營商)"":""4,000"",""外陸資買賣超股數(不含外資自營商)"":""-4,000"",""外資自營商買進股數"":""0"",""外資自營商賣出股數"":""0"",""外資自營商買賣超股數"":""0"",""投信買進股數"":""0"",""投信賣出股數"":""0"",""投信買賣超股數"":""0"",""自營商買賣超股數"":""0"",""自營商買進股數(自行買賣)"":""0"",""自營商賣出股數(自行買賣)"":""0"",""自營商買賣超股數(自行買賣)"":""0"",""自營商買進股數(避險)"":""0"",""自營商賣出股數(避險)"":""0"",""自營商買賣超股數(避險)"":""0"",""三大法人買賣超股數"":""-4,000""}"
2026-09-29,TWSE,9929,秋雨            ,0,4000,-4000,0,0,0,0,0,0,"{""證券代號"":""9929"",""證券名稱"":""秋雨            "",""外陸資買進股數(不含外資自營商)"":""0"",""外陸資賣出股數(不含外資自營商)"":""4,000"",""外陸資買賣超股數(不含外資自營商)"":""-4,000"",""外資自營商買進股數"":""0"",""外資自營商賣出股數"":""0"",""外資自營商買賣超股數"":""0"",""投信買進股數"":""0"",""投信賣出股數"":""0"",""投信買賣超股數"":""0"",""自營商買賣超股數"":""0"",""自營商買進股數(自行買賣)"":""0"",""自營商賣出股數(自行買賣)"":""0"",""自營商買賣超股數(自行買賣)"":""0"",""自營商買進股數(避險)"":""0"",""自營商賣出股數(避險)"":""0"",""自營商買賣超股數(避險)"":""0"",""三大法人買賣超股數"":""-4,000""}"
2026-09-29,TWSE,3003,健和興          ,84311,89094,-4783,0,0,0,1,2,-4,"{""證券代號"":""3003"",""證券名稱"":""健和興          "",""外陸資買進股數(不含外資自營商)"":""84,311"",""外陸資賣出股數(不含外資自營商)"":""89,094"",""外陸資買賣超股數(不含外資自營商)"":""-4,783"",""外資自營商買進股數"":""0"",""外資自營商賣出股數"":""0"",""外資自營商買賣超股數"":""0"",""投信買進股數"":""0"",""投信賣出股數"":""0"",""投信買賣超股數"":""0"",""自營商買賣超股數"":""-4"",""自營商買進股數(自行買賣)"":""0"",""自營商賣出股數(自行買賣)"":""3"",""自營商買賣超股數(自行買賣)"":""-3"",""自營商買進股數(避險)"":""1"",""自營商賣出股數(避險)"":""2"",""自營商買賣超股數(避險)"":""-1"",""三大法人買賣超股數"":""-4,787""}"
2026-09-29,TWSE,8442,威宏-KY         ,4000,10000,-6000,1184,0,1184,0,0,0,"{""證券代號"":""8442"",""證券名稱"":""威宏-KY         "",""外陸資買進股數(不含外資自營商)"":""4,000"",""外陸資賣出股數(不含外資自營商)"":""10,000"",""外陸資買賣超股數(不含外資自營商)"":""-6,000"",""外資自營商買進股數"":""0"",""外資自營商賣出股數"":""0"",""外資自營商買賣超股數"":""0"",""投信買進股數"":""1,184"",""投信賣出股數"":""0"",""投信買賣超股數"":""1,184"",""自營商買賣超股數"":""0"",""自營商買進股數(自行買賣)"":""0"",""自營商賣出股數(自行買賣)"":""0"",""自營商買賣超股數(自行買賣)"":""0"",""自營商買進股數(避險)"":""0"",""自營商賣出股數(避險)"":""0"",""自營商買賣超股數(避險)"":""0"",""三大法人買賣超股數"":""-4,816""}"
2026-09-29,TWSE,2482,連宇            ,9000,14000,-5000,0,0,0,0,0,171,"{""證券代號"":""2482"",""證券名稱"":""連宇            "",""外陸資買進股數(不含外資自營商)"":""9,000"",""外陸資賣出股數(不含外資自營商)"":""14,000"",""外陸資買賣超股數(不含外資自營商)"":""-5,000"",""外資自營商買進股數"":""0"",""外資自營商賣出股數"":""0"",""外資自營商買賣超股數"":""0"",""投信買進股數"":""0"",""投信賣出股數"":""0"",""投信買賣超股數"":""0"",""自營商買賣超股數"":""171"",""自營商買進股數(自行買賣)"":""1,000"",""自營商賣出股數(自行買賣)"":""829"",""自營商買賣超股數(自行買賣)"":""171"",""自營商買進股數(避險)"":""0"",""自營商賣出股數(避險)"":""0"",""自營商買賣超股數(避險)"":""0"",""三大法人買賣超股數"":""-4,829""}"
2026-09-29,TWSE,7823,奧義賽博-KY創   ,1000,9000,-8000,0,0,0,3000,0,3000,"{""證券代號"":""7823"",""證券名稱"":""奧義賽博-KY創   "",""外陸資買進股數(不含外資自營商)"":""1,000"",""外陸資賣出股數(不含外資自營商)"":""9,000"",""外陸資買賣超股數(不含外資自營商)"":""-8,000"",""外資自營商買進股數"":""0"",""外資自營商賣出股數"":""0"",""外資自營商買賣超股數"":""0"",""投信買進股數"":""0"",""投信賣出股數"":""0"",""投信買賣超股數"":""0"",""自營商買賣超股數"":""3,000"",""自營商買進股數(自行買賣)"":""0"",""自營商賣出股數(自行買賣)"":""0"",""自營商買賣超股數(自行買賣)"":""0"",""自營商買進股數(避險)"":""3,000"",""自營商賣出股數(避險)"":""0"",""自營商買賣超股數(避險)"":""3,000"",""三大法人買賣超股數"":""-5,000""}"
2026-09-29,TWSE,7818,溢泰實業        ,1000,6000,-5000,0,0,0,0,0,0,"{""證券代號"":""7818"",""證券名稱"":""溢泰實業        "",""外陸資買進股數(不含外資自營商)"":""1,000"",""外陸資賣出股數(不含外資自營商)"":""6,000"",""外陸資買賣超股數(不含外資自營商)"":""-5,000"",""外資自營商買進股數"":""0"",""外資自營商賣出股數"":""0"",""外資自營商買賣超股數"":""0"",""投信買進股數"":""0"",""投信賣出股數"":""0"",""投信買賣超股數"":""0"",""自營商買賣超股數"":""0"",""自營商買進股數(自行買賣)"":""0"",""自營商賣出股數(自行買賣)"":""0"",""自營商買賣超股數(自行買賣)"":""0"",""自營商買進股數(避險)"":""0"",""自營商賣出股數(避險)"":""0"",""自營商買賣超股數(避險)"":""0"",""三大法人買賣超股數"":""-5,000""}"
2026-09-29,TWSE,7705,三商餐飲        ,2000,9000,-7000,0,0,0,0,0,2000,"{""證券代號"":""7705"",""證券名稱"":""三商餐飲        "",""外陸資買進股數(不含外資自營商)"":""2,000"",""外陸資賣出股數(不含外資自營商)"":""9,000"",""外陸資買賣超股數(不含外資自營商)"":""-7,000"",""外資自營商買進股數"":""0"",""外資自營商賣出股數"":""0"",""外資自營商買賣超股數"":""0"",""投信買進股數"":""0"",""投信賣出股數"":""0"",""投信買賣超股數"":""0"",""自營商買賣超股數"":""2,000"",""自營商買進股數(自行買賣)"":""2,000"",""自營商賣出股數(自行買賣)"":""0"",""自營商買賣超股數(自行買賣)"":""2,000"",""自營商買進股數(避險)"":""0"",""自營商賣出股數(避險)"":""0"",""自營商買賣超股數(避險)"":""0"",""三大法人買賣超股數"":""-5,000""}"
2026-09-29,TWSE,6614,資拓宏宇        ,2000,7000,-5000,0,0,0,0,0,0,"{""證券代號"":""6614"",""證券名稱"":""資拓宏宇        "",""外陸資買進股數(不含外資自營商)"":""2,000"",""外陸資賣出股數(不含外資自營商)"":""7,000"",""外陸資買賣超股數(不含外資自營商)"":""-5,000"",""外資自營商買進股數"":""0"",""外資自營商賣出股數"":""0"",""外資自營商買賣超股數"":""0"",""投信買進股數"":""0"",""投信賣出股數"":""0"",""投信買賣超股數"":""0"",""自營商買賣超股數"":""0"",""自營商買進股數(自行買賣)"":""0"",""自營商賣出股數(自行買賣)"":""0"",""自營商買賣超股數(自行買賣)"":""0"",""自營商買進股數(避險)"":""0"",""自營商賣出股數(避險)"":""0"",""自營商買賣超股數(避險)"":""0"",""三大法人買賣超股數"":""-5,000""}"
2026-09-29,TWSE,6183,關貿            ,11000,13000,-2000,0,0,0,0,3000,-3000,"{""證券代號"":""6183"",""證券名稱"":""關貿            "",""外陸資買進股數(不含外資自營商)"":""11,000"",""外陸資賣出股數(不含外資自營商)"":""13,000"",""外陸資買賣超股數(不含外資自營商)"":""-2,000"",""外資自營商買進股數"":""0"",""外資自營商賣出股數"":""0"",""外資自營商買賣超股數"":""0"",""投信買進股數"":""0"",""投信賣出股數"":""0"",""投信買賣超股數"":""0"",""自營商買賣超股數"":""-3,000"",""自營商買進股數(自行買賣)"":""0"",""自營商賣出股數(自行買賣)"":""0"",""自營商買賣超股數(自行買賣)"":""0"",""自營商買進股數(避險)"":""0"",""自營商賣出股數(避險)"":""3,000"",""自營商買賣超股數(避險)"":""-3,000"",""三大法人買賣超股數"":""-5,000""}"
2026-09-29,TWSE,6464,台數科          ,7000,12000,-5000,0,0,0,0,0,0,"{""證券代號"":""6464"",""證券名稱"":""台數科          "",""外陸資買進股數(不含外資自營商)"":""7,000"",""外陸資賣出股數(不含外資自營商)"":""12,000"",""外陸資買賣超股數(不含外資自營商)"":""-5,000"",""外資自營商買進股數"":""0"",""外資自營商賣出股數"":""0"",""外資自營商買賣超股數"":""0"",""投信買進股數"":""0"",""投信賣出股數"":""0"",""投信買賣超股數"":""0"",""自營商買賣超股數"":""0"",""自營商買進股數(自行買賣)"":""0"",""自營商賣出股數(自行買賣)"":""0"",""自營商買賣超股數(自行買賣)"":""0"",""自營商買進股數(避險)"":""0"",""自營商賣出股數(避險)"":""0"",""自營商買賣超股數(避險)"":""0"",""三大法人買賣超股數"":""-5,000""}"
2026-09-29,TWSE,8463,潤泰材          ,10000,15000,-5000,0,0,0,0,0,0,"{""證券代號"":""8463"",""證券名稱"":""潤泰材          "",""外陸資買進股數(不含外資自營商)"":""10,000"",""外陸資賣出股數(不含外資自營商)"":""15,000"",""外陸資買賣超股數(不含外資自營商)"":""-5,000"",""外資自營商買進股數"":""0"",""外資自營商賣出股數"":""0"",""外資自營商買賣超股數"":""0"",""投信買進股數"":""0"",""投信賣出股數"":""0"",""投信買賣超股數"":""0"",""自營商買賣超股數"":""0"",""自營商買進股數(自行買賣)"":""0"",""自營商賣出股數(自行買賣)"":""0"",""自營商買賣超股數(自行買賣)"":""0"",""自營商買進股數(避險)"":""0"",""自營商賣出股數(避險)"":""0"",""自營商買賣超股數(避險)"":""0"",""三大法人買賣超股數"":""-5,000""}"
2026-09-29,TWSE,9924,福興            ,14000,19000,-5000,0,0,0,0,0,0,"{""證券代號"":""9924"",""證券名稱"":""福興            "",""外陸資買進股數(不含外資自營商)"":""14,000"",""外陸資賣出股數(不含外資自營商)"":""19,000"",""外陸資買賣超股數(不含外資自營商)"":""-5,000"",""外資自營商買進股數"":""0"",""外資自營商賣出股數"":""0"",""外資自營商買賣超股數"":""0"",""投信買進股數"":""0"",""投信賣出股數"":""0"",""投信買賣超股數"":""0"",""自營商買賣超股數"":""0"",""自營商買進股數(自行買賣)"":""0"",""自營商賣出股數(自行買賣)"":""0"",""自營商買賣超股數(自行買賣)"":""0"",""自營商買進股數(避險)"":""0"",""自營商賣出股數(避險)"":""0"",""自營商買賣超股數(避險)"":""0"",""三大法人買賣超股數"":""-5,000""}"
2026-09-29,TWSE,2904,匯僑            ,0,5000,-5000,0,0,0,0,0,0,"{""證券代號"":""2904"",""證券名稱"":""匯僑            "",""外陸資買進股數(不含外資自營商)"":""0"",""外陸資賣出股數(不含外資自營商)"":""5,000"",""外陸資買賣超股數(不含外資自營商)"":""-5,000"",""外資自營商買進股數"":""0"",""外資自營商賣出股數"":""0"",""外資自營商買賣超股數"":""0"",""投信買進股數"":""0"",""投信賣出股數"":""0"",""投信買賣超股數"":""0"",""自營商買賣超股數"":""0"",""自營商買進股數(自行買賣)"":""0"",""自營商賣出股數(自行買賣)"":""0"",""自營商買賣超股數(自行買賣)"":""0"",""自營商買進股數(避險)"":""0"",""自營商賣出股數(避險)"":""0"",""自營商買賣超股數(避險)"":""0"",""三大法人買賣超股數"":""-5,000""}"
2026-09-29,TWSE,2712,遠雄來          ,0,5000,-5000,0,0,0,0,0,0,"{""證券代號"":""2712"",""證券名稱"":""遠雄來          "",""外陸資買進股數(不含外資自營商)"":""0"",""外陸資賣出股數(不含外資自營商)"":""5,000"",""外陸資買賣超股數(不含外資自營商)"":""-5,000"",""外資自營商買進股數"":""0"",""外資自營商賣出股數"":""0"",""外資自營商買賣超股數"":""0"",""投信買進股數"":""0"",""投信賣出股數"":""0"",""投信買賣超股數"":""0"",""自營商買賣超股數"":""0"",""自營商買進股數(自行買賣)"":""0"",""自營商賣出股數(自行買賣)"":""0"",""自營商買賣超股數(自行買賣)"":""0"",""自營商買進股數(避險)"":""0"",""自營商賣出股數(避險)"":""0"",""自營商買賣超股數(避險)"":""0"",""三大法人買賣超股數"":""-5,000""}"
2026-09-29,TWSE,2433,互盛電          ,2000,7000,-5000,0,0,0,0,0,0,"{""證券代號"":""2433"",""證券名稱"":""互盛電          "",""外陸資買進股數(不含外資自營商)"":""2,000"",""外陸資賣出股數(不含外資自營商)"":""7,000"",""外陸資買賣超股數(不含外資自營商)"":""-5,000"",""外資自營商買進股數"":""0"",""外資自營商賣出股數"":""0"",""外資自營商買賣超股數"":""0"",""投信買進股數"":""0"",""投信賣出股數"":""0"",""投信買賣超股數"":""0"",""自營商買賣超股數"":""0"",""自營商買進股數(自行買賣)"":""0"",""自營商賣出股數(自行買賣)"":""0"",""自營商買賣超股數(自行買賣)"":""0"",""自營商買進股數(避險)"":""0"",""自營商賣出股數(避險)"":""0"",""自營商買賣超股數(避險)"":""0"",""三大法人買賣超股數"":""-5,000""}"
2026-09-29,TWSE,3494,誠研            ,0,5000,-5000,0,0,0,0,0,0,"{""證券代號"":""3494"",""證券名稱"":""誠研            "",""外陸資買進股數(不含外資自營商)"":""0"",""外陸資賣出股數(不含外資自營商)"":""5,000"",""外陸資買賣超股數(不含外資自營商)"":""-5,000"",""外資自營商買進股數"":""0"",""外資自營商賣出股數"":""0"",""外資自營商買賣超股數"":""0"",""投信買進股數"":""0"",""投信賣出股數"":""0"",""投信買賣超股數"":""0"",""自營商買賣超股數"":""0"",""自營商買進股數(自行買賣)"":""0"",""自營商賣出股數(自行買賣)"":""0"",""自營商買賣超股數(自行買賣)"":""0"",""自營商買進股數(避險)"":""0"",""自營商賣出股數(避險)"":""0"",""自營商買賣超股數(避險)"":""0"",""三大法人買賣超股數"":""-5,000""}"
2026-09-29,TWSE,1233,天仁            ,1000,6000,-5000,0,0,0,0,0,0,"{""證券代號"":""1233"",""證券名稱"":""天仁            "",""外陸資買進股數(不含外資自營商)"":""1,000"",""外陸資賣出股數(不含外資自營商)"":""6,000"",""外陸資買賣超股數(不含外資自營商)"":""-5,000"",""外資自營商買進股數"":""0"",""外資自營商賣出股數"":""0"",""外資自營商買賣超股數"":""0"",""投信買進股數"":""0"",""投信賣出股數"":""0"",""投信買賣超股數"":""0"",""自營商買賣超股數"":""0"",""自營商買進股數(自行買賣)"":""0"",""自營商賣出股數(自行買賣)"":""0"",""自營商買賣超股數(自行買賣)"":""0"",""自營商買進股數(避險)"":""0"",""自營商賣出股數(避險)"":""0"",""自營商買賣超股數(避險)"":""0"",""三大法人買賣超股數"":""-5,000""}"
2026-09-29,TWSE,1725,元禎            ,9000,18000,-9000,0,0,0,0,0,4000,"{""證券代號"":""1725"",""證券名稱"":""元禎            "",""外陸資買進股數(不含外資自營商)"":""9,000"",""外陸資賣出股數(不含外資自營商)"":""18,000"",""外陸資買賣超股數(不含外資自營商)"":""-9,000"",""外資自營商買進股數"":""0"",""外資自營商賣出股數"":""0"",""外資自營商買賣超股數"":""0"",""投信買進股數"":""0"",""投信賣出股數"":""0"",""投信買賣超股數"":""0"",""自營商買賣超股數"":""4,000"",""自營商買進股數(自行買賣)"":""4,000"",""自營商賣出股數(自行買賣)"":""0"",""自營商買賣超股數(自行買賣)"":""4,000"",""自營商買進股數(避險)"":""0"",""自營商賣出股數(避險)"":""0"",""自營商買賣超股數(避險)"":""0"",""三大法人買賣超股數"":""-5,000""}"
2026-09-29,TWSE,1752,南光            ,3000,8000,-5000,0,0,0,0,0,0,"{""證券代號"":""1752"",""證券名稱"":""南光            "",""外陸資買進股數(不含外資自營商)"":""3,000"",""外陸資賣出股數(不含外資自營商)"":""8,000"",""外陸資買賣超股數(不含外資自營商)"":""-5,000"",""外資自營商買進股數"":""0"",""外資自營商賣出股數"":""0"",""外資自營商買賣超股數"":""0"",""投信買進股數"":""0"",""投信賣出股數"":""0"",""投信買賣超股數"":""0"",""自營商買賣超股數"":""0"",""自營商買進股數(自行買賣)"":""0"",""自營商賣出股數(自行買賣)"":""0"",""自營商買賣超股數(自行買賣)"":""0"",""自營商買進股數(避險)"":""0"",""自營商賣出股數(避險)"":""0"",""自營商買賣超股數(避險)"":""0"",""三大法人買賣超股數"":""-5,000""}"
2026-09-29,TWSE,1535,中宇            ,2000,7000,-5000,0,0,0,0,0,0,"{""證券代號"":""1535"",""證券名稱"":""中宇            "",""外陸資買進股數(不含外資自營商)"":""2,000"",""外陸資賣出股數(不含外資自營商)"":""7,000"",""外陸資買賣超股數(不含外資自營商)"":""-5,000"",""外資自營商買進股數"":""0"",""外資自營商賣出股數"":""0"",""外資自營商買賣超股數"":""0"",""投信買進股數"":""0"",""投信賣出股數"":""0"",""投信買賣超股數"":""0"",""自營商買賣超股數"":""0"",""自營商買進股數(自行買賣)"":""0"",""自營商賣出股數(自行買賣)"":""0"",""自營商買賣超股數(自行買賣)"":""0"",""自營商買進股數(避險)"":""0"",""自營商賣出股數(避險)"":""0"",""自營商買賣超股數(避險)"":""0"",""三大法人買賣超股數"":""-5,000""}"
2026-09-29,TWSE,1530,亞崴            ,0,5000,-5000,0,0,0,0,0,0,"{""證券代號"":""1530"",""證券名稱"":""亞崴            "",""外陸資買進股數(不含外資自營商)"":""0"",""外陸資賣出股數(不含外資自營商)"":""5,000"",""外陸資買賣超股數(不含外資自營商)"":""-5,000"",""外資自營商買進股數"":""0"",""外資自營商賣出股數"":""0"",""外資自營商買賣超股數"":""0"",""投信買進股數"":""0"",""投信賣出股數"":""0"",""投信買賣超股數"":""0"",""自營商買賣超股數"":""0"",""自營商買進股數(自行買賣)"":""0"",""自營商賣出股數(自行買賣)"":""0"",""自營商買賣超股數(自行買賣)"":""0"",""自營商買進股數(避險)"":""0"",""自營商賣出股數(避險)"":""0"",""自營商買賣超股數(避險)"":""0"",""三大法人買賣超股數"":""-5,000""}"
2026-09-29,TWSE,1541,錩泰            ,2000,7000,-5000,0,0,0,0,0,0,"{""證券代號"":""1541"",""證券名稱"":""錩泰            "",""外陸資買進股數(不含外資自營商)"":""2,000"",""外陸資賣出股數(不含外資自營商)"":""7,000"",""外陸資買賣超股數(不含外資自營商)"":""-5,000"",""外資自營商買進股數"":""0"",""外資自營商賣出股數"":""0"",""外資自營商買賣超股數"":""0"",""投信買進股數"":""0"",""投信賣出股數"":""0"",""投信買賣超股數"":""0"",""自營商買賣超股數"":""0"",""自營商買進股數(自行買賣)"":""0"",""自營商賣出股數(自行買賣)"":""0"",""自營商買賣超股數(自行買賣)"":""0"",""自營商買進股數(避險)"":""0"",""自營商賣出股數(避險)"":""0"",""自營商買賣超股數(避險)"":""0"",""三大法人買賣超股數"":""-5,000""}"
2026-09-29,TWSE,1474,弘裕            ,2000,7000,-5000,0,0,0,0,0,0,"{""證券代號"":""1474"",""證券名稱"":""弘裕            "",""外陸資買進股數(不含外資自營商)"":""2,000"",""外陸資賣出股數(不含外資自營商)"":""7,000"",""外陸資買賣超股數(不含外資自營商)"":""-5,000"",""外資自營商買進股數"":""0"",""外資自營商賣出股數"":""0"",""外資自營商買賣超股數"":""0"",""投信買進股數"":""0"",""投信賣出股數"":""0"",""投信買賣超股數"":""0"",""自營商買賣超股數"":""0"",""自營商買進股數(自行買賣)"":""0"",""自營商賣出股數(自行買賣)"":""0"",""自營商買賣超股數(自行買賣)"":""0"",""自營商買進股數(避險)"":""0"",""自營商賣出股數(避險)"":""0"",""自營商買賣超股數(避險)"":""0"",""三大法人買賣超股數"":""-5,000""}"
2026-09-29,TWSE,6657,華安            ,18000,23001,-5001,0,0,0,0,0,0,"{""證券代號"":""6657"",""證券名稱"":""華安            "",""外陸資買進股數(不含外資自營商)"":""18,000"",""外陸資賣出股數(不含外資自營商)"":""23,001"",""外陸資買賣超股數(不含外資自營商)"":""-5,001"",""外資自營商買進股數"":""0"",""外資自營商賣出股數"":""0"",""外資自營商買賣超股數"":""0"",""投信買進股數"":""0"",""投信賣出股數"":""0"",""投信買賣超股數"":""0"",""自營商買賣超股數"":""0"",""自營商買進股數(自行買賣)"":""0"",""自營商賣出股數(自行買賣)"":""0"",""自營商買賣超股數(自行買賣)"":""0"",""自營商買進股數(避險)"":""0"",""自營商賣出股數(避險)"":""0"",""自營商買賣超股數(避險)"":""0"",""三大法人買賣超股數"":""-5,001""}"
2026-09-29,TWSE,7803,雲象科技-創     ,1000,8000,-7000,0,0,0,14000,13156,1844,"{""證券代號"":""7803"",""證券名稱"":""雲象科技-創     "",""外陸資買進股數(不含外資自營商)"":""1,000"",""外陸資賣出股數(不含外資自營商)"":""8,000"",""外陸資買賣超股數(不含外資自營商)"":""-7,000"",""外資自營商買進股數"":""0"",""外資自營商賣出股數"":""0"",""外資自營商買賣超股數"":""0"",""投信買進股數"":""0"",""投信賣出股數"":""0"",""投信買賣超股數"":""0"",""自營商買賣超股數"":""1,844"",""自營商買進股數(自行買賣)"":""1,000"",""自營商賣出股數(自行買賣)"":""0"",""自營商買賣超股數(自行買賣)"":""1,000"",""自營商買進股數(避險)"":""14,000"",""自營商賣出股數(避險)"":""13,156"",""自營商買賣超股數(避險)"":""844"",""三大法人買賣超股數"":""-5,156""}"
2026-09-29,TWSE,3138,耀登            ,194100,199000,-4900,0,0,0,0,553,-553,"{""證券代號"":""3138"",""證券名稱"":""耀登            "",""外陸資買進股數(不含外資自營商)"":""194,100"",""外陸資賣出股數(不含外資自營商)"":""199,000"",""外陸資買賣超股數(不含外資自營商)"":""-4,900"",""外資自營商買進股數"":""0"",""外資自營商賣出股數"":""0"",""外資自營商買賣超股數"":""0"",""投信買進股數"":""0"",""投信賣出股數"":""0"",""投信買賣超股數"":""0"",""自營商買賣超股數"":""-553"",""自營商買進股數(自行買賣)"":""0"",""自營商賣出股數(自行買賣)"":""0"",""自營商買賣超股數(自行買賣)"":""0"",""自營商買進股數(避險)"":""0"",""自營商賣出股數(避險)"":""553"",""自營商買賣超股數(避險)"":""-553"",""三大法人買賣超股數"":""-5,453""}"
2026-09-29,TWSE,6416,瑞祺電通        ,109459,114453,-4994,0,0,0,0,0,-904,"{""證券代號"":""6416"",""證券名稱"":""瑞祺電通        "",""外陸資買進股數(不含外資自營商)"":""109,459"",""外陸資賣出股數(不含外資自營商)"":""114,453"",""外陸資買賣超股數(不含外資自營商)"":""-4,994"",""外資自營商買進股數"":""0"",""外資自營商賣出股數"":""0"",""外資自營商買賣超股數"":""0"",""投信買進股數"":""0"",""投信賣出股數"":""0"",""投信買賣超股數"":""0"",""自營商買賣超股數"":""-904"",""自營商買進股數(自行買賣)"":""0"",""自營商賣出股數(自行買賣)"":""904"",""自營商買賣超股數(自行買賣)"":""-904"",""自營商買進股數(避險)"":""0"",""自營商賣出股數(避險)"":""0"",""自營商買賣超股數(避險)"":""0"",""三大法人買賣超股數"":""-5,898""}"
2026-09-29,TWSE,4737,華廣            ,5000,11000,-6000,0,0,0,0,0,0,"{""證券代號"":""4737"",""證券名稱"":""華廣            "",""外陸資買進股數(不含外資自營商)"":""5,000"",""外陸資賣出股數(不含外資自營商)"":""11,000"",""外陸資買賣超股數(不含外資自營商)"":""-6,000"",""外資自營商買進股數"":""0"",""外資自營商賣出股數"":""0"",""外資自營商買賣超股數"":""0"",""投信買進股數"":""0"",""投信賣出股數"":""0"",""投信買賣超股數"":""0"",""自營商買賣超股數"":""0"",""自營商買進股數(自行買賣)"":""0"",""自營商賣出股數(自行買賣)"":""0"",""自營商買賣超股數(自行買賣)"":""0"",""自營商買進股數(避險)"":""0"",""自營商賣出股數(避險)"":""0"",""自營商買賣超股數(避險)"":""0"",""三大法人買賣超股數"":""-6,000""}"
2026-09-29,TWSE,6887,寶綠特-KY       ,1000,5000,-4000,0,0,0,0,0,-2000,"{""證券代號"":""6887"",""證券名稱"":""寶綠特-KY       "",""外陸資買進股數(不含外資自營商)"":""1,000"",""外陸資賣出股數(不含外資自營商)"":""5,000"",""外陸資買賣超股數(不含外資自營商)"":""-4,000"",""外資自營商買進股數"":""0"",""外資自營商賣出股數"":""0"",""外資自營商買賣超股數"":""0"",""投信買進股數"":""0"",""投信賣出股數"":""0"",""投信買賣超股數"":""0"",""自營商買賣超股數"":""-2,000"",""自營商買進股數(自行買賣)"":""0"",""自營商賣出股數(自行買賣)"":""2,000"",""自營商買賣超股數(自行買賣)"":""-2,000"",""自營商買進股數(避險)"":""0"",""自營商賣出股數(避險)"":""0"",""自營商買賣超股數(避險)"":""0"",""三大法人買賣超股數"":""-6,000""}"
2026-09-29,TWSE,9926,新海            ,3000,9000,-6000,0,0,0,0,0,0,"{""證券代號"":""9926"",""證券名稱"":""新海            "",""外陸資買進股數(不含外資自營商)"":""3,000"",""外陸資賣出股數(不含外資自營商)"":""9,000"",""外陸資買賣超股數(不含外資自營商)"":""-6,000"",""外資自營商買進股數"":""0"",""外資自營商賣出股數"":""0"",""外資自營商買賣超股數"":""0"",""投信買進股數"":""0"",""投信賣出股數"":""0"",""投信買賣超股數"":""0"",""自營商買賣超股數"":""0"",""自營商買進股數(自行買賣)"":""0"",""自營商賣出股數(自行買賣)"":""0"",""自營商買賣超股數(自行買賣)"":""0"",""自營商買進股數(避險)"":""0"",""自營商賣出股數(避險)"":""0"",""自營商買賣超股數(避險)"":""0"",""三大法人買賣超股數"":""-6,000""}"
2026-09-29,TWSE,4560,強信-KY         ,87000,93000,-6000,0,0,0,0,0,0,"{""證券代號"":""4560"",""證券名稱"":""強信-KY         "",""外陸資買進股數(不含外資自營商)"":""87,000"",""外陸資賣出股數(不含外資自營商)"":""93,000"",""外陸資買賣超股數(不含外資自營商)"":""-6,000"",""外資自營商買進股數"":""0"",""外資自營商賣出股數"":""0"",""外資自營商買賣超股數"":""0"",""投信買進股數"":""0"",""投信賣出股數"":""0"",""投信買賣超股數"":""0"",""自營商買賣超股數"":""0"",""自營商買進股數(自行買賣)"":""0"",""自營商賣出股數(自行買賣)"":""0"",""自營商買賣超股數(自行買賣)"":""0"",""自營商買進股數(避險)"":""0"",""自營商賣出股數(避險)"":""0"",""自營商買賣超股數(避險)"":""0"",""三大法人買賣超股數"":""-6,000""}"
2026-09-29,TWSE,2929,淘帝-KY         ,9000,15000,-6000,0,0,0,0,0,0,"{""證券代號"":""2929"",""證券名稱"":""淘帝-KY         "",""外陸資買進股數(不含外資自營商)"":""9,000"",""外陸資賣出股數(不含外資自營商)"":""15,000"",""外陸資買賣超股數(不含外資自營商)"":""-6,000"",""外資自營商買進股數"":""0"",""外資自營商賣出股數"":""0"",""外資自營商買賣超股數"":""0"",""投信買進股數"":""0"",""投信賣出股數"":""0"",""投信買賣超股數"":""0"",""自營商買賣超股數"":""0"",""自營商買進股數(自行買賣)"":""0"",""自營商賣出股數(自行買賣)"":""0"",""自營商買賣超股數(自行買賣)"":""0"",""自營商買進股數(避險)"":""0"",""自營商賣出股數(避險)"":""0"",""自營商買賣超股數(避險)"":""0"",""三大法人買賣超股數"":""-6,000""}"
2026-09-29,TWSE,1512,瑞利            ,2000,8000,-6000,0,0,0,0,0,0,"{""證券代號"":""1512"",""證券名稱"":""瑞利            "",""外陸資買進股數(不含外資自營商)"":""2,000"",""外陸資賣出股數(不含外資自營商)"":""8,000"",""外陸資買賣超股數(不含外資自營商)"":""-6,000"",""外資自營商買進股數"":""0"",""外資自營商賣出股數"":""0"",""外資自營商買賣超股數"":""0"",""投信買進股數"":""0"",""投信賣出股數"":""0"",""投信買賣超股數"":""0"",""自營商買賣超股數"":""0"",""自營商買進股數(自行買賣)"":""0"",""自營商賣出股數(自行買賣)"":""0"",""自營商買賣超股數(自行買賣)"":""0"",""自營商買進股數(避險)"":""0"",""自營商賣出股數(避險)"":""0"",""自營商買賣超股數(避險)"":""0"",""三大法人買賣超股數"":""-6,000""}"
2026-09-29,TWSE,1776,展宇            ,1000,7000,-6000,0,0,0,0,0,0,"{""證券代號"":""1776"",""證券名稱"":""展宇            "",""外陸資買進股數(不含外資自營商)"":""1,000"",""外陸資賣出股數(不含外資自營商)"":""7,000"",""外陸資買賣超股數(不含外資自營商)"":""-6,000"",""外資自營商買進股數"":""0"",""外資自營商賣出股數"":""0"",""外資自營商買賣超股數"":""0"",""投信買進股數"":""0"",""投信賣出股數"":""0"",""投信買賣超股數"":""0"",""自營商買賣超股數"":""0"",""自營商買進股數(自行買賣)"":""0"",""自營商賣出股數(自行買賣)"":""0"",""自營商買賣超股數(自行買賣)"":""0"",""自營商買進股數(避險)"":""0"",""自營商賣出股數(避險)"":""0"",""自營商買賣超股數(避險)"":""0"",""三大法人買賣超股數"":""-6,000""}"
2026-09-29,TWSE,1324,地球            ,0,6000,-6000,0,0,0,0,0,0,"{""證券代號"":""1324"",""證券名稱"":""地球            "",""外陸資買進股數(不含外資自營商)"":""0"",""外陸資賣出股數(不含外資自營商)"":""6,000"",""外陸資買賣超股數(不含外資自營商)"":""-6,000"",""外資自營商買進股數"":""0"",""外資自營商賣出股數"":""0"",""外資自營商買賣超股數"":""0"",""投信買進股數"":""0"",""投信賣出股數"":""0"",""投信買賣超股數"":""0"",""自營商買賣超股數"":""0"",""自營商買進股數(自行買賣)"":""0"",""自營商賣出股數(自行買賣)"":""0"",""自營商買賣超股數(自行買賣)"":""0"",""自營商買進股數(避險)"":""0"",""自營商賣出股數(避險)"":""0"",""自營商買賣超股數(避險)"":""0"",""三大法人買賣超股數"":""-6,000""}"
2026-09-29,TWSE,2373,震旦行          ,4000,10000,-6000,0,0,0,0,0,0,"{""證券代號"":""2373"",""證券名稱"":""震旦行          "",""外陸資買進股數(不含外資自營商)"":""4,000"",""外陸資賣出股數(不含外資自營商)"":""10,000"",""外陸資買賣超股數(不含外資自營商)"":""-6,000"",""外資自營商買進股數"":""0"",""外資自營商賣出股數"":""0"",""外資自營商買賣超股數"":""0"",""投信買進股數"":""0"",""投信賣出股數"":""0"",""投信買賣超股數"":""0"",""自營商買賣超股數"":""0"",""自營商買進股數(自行買賣)"":""0"",""自營商賣出股數(自行買賣)"":""0"",""自營商買賣超股數(自行買賣)"":""0"",""自營商買進股數(避險)"":""0"",""自營商賣出股數(避險)"":""0"",""自營商買賣超股數(避險)"":""0"",""三大法人買賣超股數"":""-6,000""}"
2026-09-29,TWSE,2431,聯昌            ,10000,16000,-6000,0,0,0,0,0,0,"{""證券代號"":""2431"",""證券名稱"":""聯昌            "",""外陸資買進股數(不含外資自營商)"":""10,000"",""外陸資賣出股數(不含外資自營商)"":""16,000"",""外陸資買賣超股數(不含外資自營商)"":""-6,000"",""外資自營商買進股數"":""0"",""外資自營商賣出股數"":""0"",""外資自營商買賣超股數"":""0"",""投信買進股數"":""0"",""投信賣出股數"":""0"",""投信買賣超股數"":""0"",""自營商買賣超股數"":""0"",""自營商買進股數(自行買賣)"":""0"",""自營商賣出股數(自行買賣)"":""0"",""自營商買賣超股數(自行買賣)"":""0"",""自營商買進股數(避險)"":""0"",""自營商賣出股數(避險)"":""0"",""自營商買賣超股數(避險)"":""0"",""三大法人買賣超股數"":""-6,000""}"
2026-09-29,TWSE,2424,隴華            ,1000,7000,-6000,0,0,0,0,0,0,"{""證券代號"":""2424"",""證券名稱"":""隴華            "",""外陸資買進股數(不含外資自營商)"":""1,000"",""外陸資賣出股數(不含外資自營商)"":""7,000"",""外陸資買賣超股數(不含外資自營商)"":""-6,000"",""外資自營商買進股數"":""0"",""外資自營商賣出股數"":""0"",""外資自營商買賣超股數"":""0"",""投信買進股數"":""0"",""投信賣出股數"":""0"",""投信買賣超股數"":""0"",""自營商買賣超股數"":""0"",""自營商買進股數(自行買賣)"":""0"",""自營商賣出股數(自行買賣)"":""0"",""自營商買賣超股數(自行買賣)"":""0"",""自營商買進股數(避險)"":""0"",""自營商賣出股數(避險)"":""0"",""自營商買賣超股數(避險)"":""0"",""三大法人買賣超股數"":""-6,000""}"
2026-09-29,TWSE,2432,倚天酷碁-創     ,1000,1000,0,0,0,0,0,6000,-6000,"{""證券代號"":""2432"",""證券名稱"":""倚天酷碁-創     "",""外陸資買進股數(不含外資自營商)"":""1,000"",""外陸資賣出股數(不含外資自營商)"":""1,000"",""外陸資買賣超股數(不含外資自營商)"":""0"",""外資自營商買進股數"":""0"",""外資自營商賣出股數"":""0"",""外資自營商買賣超股數"":""0"",""投信買進股數"":""0"",""投信賣出股數"":""0"",""投信買賣超股數"":""0"",""自營商買賣超股數"":""-6,000"",""自營商買進股數(自行買賣)"":""0"",""自營商賣出股數(自行買賣)"":""0"",""自營商買賣超股數(自行買賣)"":""0"",""自營商買進股數(避險)"":""0"",""自營商賣出股數(避險)"":""6,000"",""自營商買賣超股數(避險)"":""-6,000"",""三大法人買賣超股數"":""-6,000""}"
2026-09-29,TWSE,4582,聚恆-創         ,0,7000,-7000,0,0,0,0,0,1000,"{""證券代號"":""4582"",""證券名稱"":""聚恆-創         "",""外陸資買進股數(不含外資自營商)"":""0"",""外陸資賣出股數(不含外資自營商)"":""7,000"",""外陸資買賣超股數(不含外資自營商)"":""-7,000"",""外資自營商買進股數"":""0"",""外資自營商賣出股數"":""0"",""外資自營商買賣超股數"":""0"",""投信買進股數"":""0"",""投信賣出股數"":""0"",""投信買賣超股數"":""0"",""自營商買賣超股數"":""1,000"",""自營商買進股數(自行買賣)"":""1,000"",""自營商賣出股數(自行買賣)"":""0"",""自營商買賣超股數(自行買賣)"":""1,000"",""自營商買進股數(避險)"":""0"",""自營商賣出股數(避險)"":""0"",""自營商買賣超股數(避險)"":""0"",""三大法人買賣超股數"":""-6,000""}"
2026-09-29,TWSE,1730,花仙子          ,0,6000,-6000,0,0,0,0,0,0,"{""證券代號"":""1730"",""證券名稱"":""花仙子          "",""外陸資買進股數(不含外資自營商)"":""0"",""外陸資賣出股數(不含外資自營商)"":""6,000"",""外陸資買賣超股數(不含外資自營商)"":""-6,000"",""外資自營商買進股數"":""0"",""外資自營商賣出股數"":""0"",""外資自營商買賣超股數"":""0"",""投信買進股數"":""0"",""投信賣出股數"":""0"",""投信買賣超股數"":""0"",""自營商買賣超股數"":""0"",""自營商買進股數(自行買賣)"":""0"",""自營商賣出股數(自行買賣)"":""0"",""自營商買賣超股數(自行買賣)"":""0"",""自營商買進股數(避險)"":""0"",""自營商賣出股數(避險)"":""0"",""自營商買賣超股數(避險)"":""0"",""三大法人買賣超股數"":""-6,000""}"
2026-09-29,TWSE,3308,聯德            ,39000,50000,-11000,0,0,0,0,0,4290,"{""證券代號"":""3308"",""證券名稱"":""聯德            "",""外陸資買進股數(不含外資自營商)"":""39,000"",""外陸資賣出股數(不含外資自營商)"":""50,000"",""外陸資買賣超股數(不含外資自營商)"":""-11,000"",""外資自營商買進股數"":""0"",""外資自營商賣出股數"":""0"",""外資自營商買賣超股數"":""0"",""投信買進股數"":""0"",""投信賣出股數"":""0"",""投信買賣超股數"":""0"",""自營商買賣超股數"":""4,290"",""自營商買進股數(自行買賣)"":""6,290"",""自營商賣出股數(自行買賣)"":""2,000"",""自營商買賣超股數(自行買賣)"":""4,290"",""自營商買進股數(避險)"":""0"",""自營商賣出股數(避險)"":""0"",""自營商買賣超股數(避險)"":""0"",""三大法人買賣超股數"":""-6,710""}"
2026-09-29,TWSE,2008,高興昌          ,2000,9000,-7000,0,0,0,0,0,0,"{""證券代號"":""2008"",""證券名稱"":""高興昌          "",""外陸資買進股數(不含外資自營商)"":""2,000"",""外陸資賣出股數(不含外資自營商)"":""9,000"",""外陸資買賣超股數(不含外資自營商)"":""-7,000"",""外資自營商買進股數"":""0"",""外資自營商賣出股數"":""0"",""外資自營商買賣超股數"":""0"",""投信買進股數"":""0"",""投信賣出股數"":""0"",""投信買賣超股數"":""0"",""自營商買賣超股數"":""0"",""自營商買進股數(自行買賣)"":""0"",""自營商賣出股數(自行買賣)"":""0"",""自營商買賣超股數(自行買賣)"":""0"",""自營商買進股數(避險)"":""0"",""自營商賣出股數(避險)"":""0"",""自營商買賣超股數(避險)"":""0"",""三大法人買賣超股數"":""-7,000""}"
2026-09-29,TWSE,1410,南染            ,1000,8000,-7000,0,0,0,0,0,0,"{""證券代號"":""1410"",""證券名稱"":""南染            "",""外陸資買進股數(不含外資自營商)"":""1,000"",""外陸資賣出股數(不含外資自營商)"":""8,000"",""外陸資買賣超股數(不含外資自營商)"":""-7,000"",""外資自營商買進股數"":""0"",""外資自營商賣出股數"":""0"",""外資自營商買賣超股數"":""0"",""投信買進股數"":""0"",""投信賣出股數"":""0"",""投信買賣超股數"":""0"",""自營商買賣超股數"":""0"",""自營商買進股數(自行買賣)"":""0"",""自營商賣出股數(自行買賣)"":""0"",""自營商買賣超股數(自行買賣)"":""0"",""自營商買進股數(避險)"":""0"",""自營商賣出股數(避險)"":""0"",""自營商買賣超股數(避險)"":""0"",""三大法人買賣超股數"":""-7,000""}"
2026-09-29,TWSE,1583,程泰            ,0,7000,-7000,0,0,0,0,0,0,"{""證券代號"":""1583"",""證券名稱"":""程泰            "",""外陸資買進股數(不含外資自營商)"":""0"",""外陸資賣出股數(不含外資自營商)"":""7,000"",""外陸資買賣超股數(不含外資自營商)"":""-7,000"",""外資自營商買進股數"":""0"",""外資自營商賣出股數"":""0"",""外資自營商買賣超股數"":""0"",""投信買進股數"":""0"",""投信賣出股數"":""0"",""投信買賣超股數"":""0"",""自營商買賣超股數"":""0"",""自營商買進股數(自行買賣)"":""0"",""自營商賣出股數(自行買賣)"":""0"",""自營商買賣超股數(自行買賣)"":""0"",""自營商買進股數(避險)"":""0"",""自營商賣出股數(避險)"":""0"",""自營商買賣超股數(避險)"":""0"",""三大法人買賣超股數"":""-7,000""}"
2026-09-29,TWSE,4935,茂林-KY         ,14000,21000,-7000,0,0,0,0,0,0,"{""證券代號"":""4935"",""證券名稱"":""茂林-KY         "",""外陸資買進股數(不含外資自營商)"":""14,000"",""外陸資賣出股數(不含外資自營商)"":""21,000"",""外陸資買賣超股數(不含外資自營商)"":""-7,000"",""外資自營商買進股數"":""0"",""外資自營商賣出股數"":""0"",""外資自營商買賣超股數"":""0"",""投信買進股數"":""0"",""投信賣出股數"":""0"",""投信買賣超股數"":""0"",""自營商買賣超股數"":""0"",""自營商買進股數(自行買賣)"":""0"",""自營商賣出股數(自行買賣)"":""0"",""自營商買賣超股數(自行買賣)"":""0"",""自營商買進股數(避險)"":""0"",""自營商賣出股數(避險)"":""0"",""自營商買賣超股數(避險)"":""0"",""三大法人買賣超股數"":""-7,000""}"
2026-09-29,TWSE,6281,全國電          ,1000,8000,-7000,0,0,0,0,0,0,"{""證券代號"":""6281"",""證券名稱"":""全國電          "",""外陸資買進股數(不含外資自營商)"":""1,000"",""外陸資賣出股數(不含外資自營商)"":""8,000"",""外陸資買賣超股數(不含外資自營商)"":""-7,000"",""外資自營商買進股數"":""0"",""外資自營商賣出股數"":""0"",""外資自營商買賣超股數"":""0"",""投信買進股數"":""0"",""投信賣出股數"":""0"",""投信買賣超股數"":""0"",""自營商買賣超股數"":""0"",""自營商買進股數(自行買賣)"":""0"",""自營商賣出股數(自行買賣)"":""0"",""自營商買賣超股數(自行買賣)"":""0"",""自營商買進股數(避險)"":""0"",""自營商賣出股數(避險)"":""0"",""自營商買賣超股數(避險)"":""0"",""三大法人買賣超股數"":""-7,000""}"
2026-09-29,TWSE,4588,玖鼎電力        ,10000,17000,-7000,0,0,0,0,0,0,"{""證券代號"":""4588"",""證券名稱"":""玖鼎電力        "",""外陸資買進股數(不含外資自營商)"":""10,000"",""外陸資賣出股數(不含外資自營商)"":""17,000"",""外陸資買賣超股數(不含外資自營商)"":""-7,000"",""外資自營商買進股數"":""0"",""外資自營商賣出股數"":""0"",""外資自營商買賣超股數"":""0"",""投信買進股數"":""0"",""投信賣出股數"":""0"",""投信買賣超股數"":""0"",""自營商買賣超股數"":""0"",""自營商買進股數(自行買賣)"":""0"",""自營商賣出股數(自行買賣)"":""0"",""自營商買賣超股數(自行買賣)"":""0"",""自營商買進股數(避險)"":""0"",""自營商賣出股數(避險)"":""0"",""自營商買賣超股數(避險)"":""0"",""三大法人買賣超股數"":""-7,000""}"
2026-09-29,TWSE,6534,正瀚-創         ,3000,10000,-7000,0,0,0,0,7,-7,"{""證券代號"":""6534"",""證券名稱"":""正瀚-創         "",""外陸資買進股數(不含外資自營商)"":""3,000"",""外陸資賣出股數(不含外資自營商)"":""10,000"",""外陸資買賣超股數(不含外資自營商)"":""-7,000"",""外資自營商買進股數"":""0"",""外資自營商賣出股數"":""0"",""外資自營商買賣超股數"":""0"",""投信買進股數"":""0"",""投信賣出股數"":""0"",""投信買賣超股數"":""0"",""自營商買賣超股數"":""-7"",""自營商買進股數(自行買賣)"":""0"",""自營商賣出股數(自行買賣)"":""0"",""自營商買賣超股數(自行買賣)"":""0"",""自營商買進股數(避險)"":""0"",""自營商賣出股數(避險)"":""7"",""自營商買賣超股數(避險)"":""-7"",""三大法人買賣超股數"":""-7,007""}"
2026-09-29,TWSE,6128,上福            ,6000,19000,-13000,0,0,0,0,0,5898,"{""證券代號"":""6128"",""證券名稱"":""上福            "",""外陸資買進股數(不含外資自營商)"":""6,000"",""外陸資賣出股數(不含外資自營商)"":""19,000"",""外陸資買賣超股數(不含外資自營商)"":""-13,000"",""外資自營商買進股數"":""0"",""外資自營商賣出股數"":""0"",""外資自營商買賣超股數"":""0"",""投信買進股數"":""0"",""投信賣出股數"":""0"",""投信買賣超股數"":""0"",""自營商買賣超股數"":""5,898"",""自營商買進股數(自行買賣)"":""6,000"",""自營商賣出股數(自行買賣)"":""102"",""自營商買賣超股數(自行買賣)"":""5,898"",""自營商買進股數(避險)"":""0"",""自營商賣出股數(避險)"":""0"",""自營商買賣超股數(避險)"":""0"",""三大法人買賣超股數"":""-7,102""}"
2026-09-29,TWSE,3004,豐達科          ,27396,35000,-7604,0,0,0,0,123,-123,"{""證券代號"":""3004"",""證券名稱"":""豐達科          "",""外陸資買進股數(不含外資自營商)"":""27,396"",""外陸資賣出股數(不含外資自營商)"":""35,000"",""外陸資買賣超股數(不含外資自營商)"":""-7,604"",""外資自營商買進股數"":""0"",""外資自營商賣出股數"":""0"",""外資自營商買賣超股數"":""0"",""投信買進股數"":""0"",""投信賣出股數"":""0"",""投信買賣超股數"":""0"",""自營商買賣超股數"":""-123"",""自營商買進股數(自行買賣)"":""0"",""自營商賣出股數(自行買賣)"":""0"",""自營商買賣超股數(自行買賣)"":""0"",""自營商買進股數(避險)"":""0"",""自營商賣出股數(避險)"":""123"",""自營商買賣超股數(避險)"":""-123"",""三大法人買賣超股數"":""-7,727""}"
2026-09-29,TWSE,2722,夏都            ,3000,11000,-8000,0,0,0,0,0,0,"{""證券代號"":""2722"",""證券名稱"":""夏都            "",""外陸資買進股數(不含外資自營商)"":""3,000"",""外陸資賣出股數(不含外資自營商)"":""11,000"",""外陸資買賣超股數(不含外資自營商)"":""-8,000"",""外資自營商買進股數"":""0"",""外資自營商賣出股數"":""0"",""外資自營商買賣超股數"":""0"",""投信買進股數"":""0"",""投信賣出股數"":""0"",""投信買賣超股數"":""0"",""自營商買賣超股數"":""0"",""自營商買進股數(自行買賣)"":""0"",""自營商賣出股數(自行買賣)"":""0"",""自營商買賣超股數(自行買賣)"":""0"",""自營商買進股數(避險)"":""0"",""自營商賣出股數(避險)"":""0"",""自營商買賣超股數(避險)"":""0"",""三大法人買賣超股數"":""-8,000""}"
2026-09-29,TWSE,4583,台灣精銳        ,14000,21000,-7000,0,0,0,0,1000,-1000,"{""證券代號"":""4583"",""證券名稱"":""台灣精銳        "",""外陸資買進股數(不含外資自營商)"":""14,000"",""外陸資賣出股數(不含外資自營商)"":""21,000"",""外陸資買賣超股數(不含外資自營商)"":""-7,000"",""外資自營商買進股數"":""0"",""外資自營商賣出股數"":""0"",""外資自營商買賣超股數"":""0"",""投信買進股數"":""0"",""投信賣出股數"":""0"",""投信買賣超股數"":""0"",""自營商買賣超股數"":""-1,000"",""自營商買進股數(自行買賣)"":""0"",""自營商賣出股數(自行買賣)"":""0"",""自營商買賣超股數(自行買賣)"":""0"",""自營商買進股數(避險)"":""0"",""自營商賣出股數(避險)"":""1,000"",""自營商買賣超股數(避險)"":""-1,000"",""三大法人買賣超股數"":""-8,000""}"
2026-09-29,TWSE,5546,永固-KY         ,3000,11000,-8000,0,0,0,0,0,0,"{""證券代號"":""5546"",""證券名稱"":""永固-KY         "",""外陸資買進股數(不含外資自營商)"":""3,000"",""外陸資賣出股數(不含外資自營商)"":""11,000"",""外陸資買賣超股數(不含外資自營商)"":""-8,000"",""外資自營商買進股數"":""0"",""外資自營商賣出股數"":""0"",""外資自營商買賣超股數"":""0"",""投信買進股數"":""0"",""投信賣出股數"":""0"",""投信買賣超股數"":""0"",""自營商買賣超股數"":""0"",""自營商買進股數(自行買賣)"":""0"",""自營商賣出股數(自行買賣)"":""0"",""自營商買賣超股數(自行買賣)"":""0"",""自營商買進股數(避險)"":""0"",""自營商賣出股數(避險)"":""0"",""自營商買賣超股數(避險)"":""0"",""三大法人買賣超股數"":""-8,000""}"
2026-09-29,TWSE,9918,欣天然          ,0,8000,-8000,0,0,0,0,0,0,"{""證券代號"":""9918"",""證券名稱"":""欣天然          "",""外陸資買進股數(不含外資自營商)"":""0"",""外陸資賣出股數(不含外資自營商)"":""8,000"",""外陸資買賣超股數(不含外資自營商)"":""-8,000"",""外資自營商買進股數"":""0"",""外資自營商賣出股數"":""0"",""外資自營商買賣超股數"":""0"",""投信買進股數"":""0"",""投信賣出股數"":""0"",""投信買賣超股數"":""0"",""自營商買賣超股數"":""0"",""自營商買進股數(自行買賣)"":""0"",""自營商賣出股數(自行買賣)"":""0"",""自營商買賣超股數(自行買賣)"":""0"",""自營商買進股數(避險)"":""0"",""自營商賣出股數(避險)"":""0"",""自營商買賣超股數(避險)"":""0"",""三大法人買賣超股數"":""-8,000""}"
2026-09-29,TWSE,9931,欣高            ,3000,11000,-8000,0,0,0,0,0,0,"{""證券代號"":""9931"",""證券名稱"":""欣高            "",""外陸資買進股數(不含外資自營商)"":""3,000"",""外陸資賣出股數(不含外資自營商)"":""11,000"",""外陸資買賣超股數(不含外資自營商)"":""-8,000"",""外資自營商買進股數"":""0"",""外資自營商賣出股數"":""0"",""外資自營商買賣超股數"":""0"",""投信買進股數"":""0"",""投信賣出股數"":""0"",""投信買賣超股數"":""0"",""自營商買賣超股數"":""0"",""自營商買進股數(自行買賣)"":""0"",""自營商賣出股數(自行買賣)"":""0"",""自營商買賣超股數(自行買賣)"":""0"",""自營商買進股數(避險)"":""0"",""自營商賣出股數(避險)"":""0"",""自營商買賣超股數(避險)"":""0"",""三大法人買賣超股數"":""-8,000""}"
2026-09-29,TWSE,2380,虹光            ,2000,10000,-8000,0,0,0,0,0,0,"{""證券代號"":""2380"",""證券名稱"":""虹光            "",""外陸資買進股數(不含外資自營商)"":""2,000"",""外陸資賣出股數(不含外資自營商)"":""10,000"",""外陸資買賣超股數(不含外資自營商)"":""-8,000"",""外資自營商買進股數"":""0"",""外資自營商賣出股數"":""0"",""外資自營商買賣超股數"":""0"",""投信買進股數"":""0"",""投信賣出股數"":""0"",""投信買賣超股數"":""0"",""自營商買賣超股數"":""0"",""自營商買進股數(自行買賣)"":""0"",""自營商賣出股數(自行買賣)"":""0"",""自營商買賣超股數(自行買賣)"":""0"",""自營商買進股數(避險)"":""0"",""自營商賣出股數(避險)"":""0"",""自營商買賣超股數(避險)"":""0"",""三大法人買賣超股數"":""-8,000""}"
2026-09-29,TWSE,1437,勤益控          ,24000,39000,-15000,0,0,0,0,0,7000,"{""證券代號"":""1437"",""證券名稱"":""勤益控          "",""外陸資買進股數(不含外資自營商)"":""24,000"",""外陸資賣出股數(不含外資自營商)"":""39,000"",""外陸資買賣超股數(不含外資自營商)"":""-15,000"",""外資自營商買進股數"":""0"",""外資自營商賣出股數"":""0"",""外資自營商買賣超股數"":""0"",""投信買進股數"":""0"",""投信賣出股數"":""0"",""投信買賣超股數"":""0"",""自營商買賣超股數"":""7,000"",""自營商買進股數(自行買賣)"":""7,000"",""自營商賣出股數(自行買賣)"":""0"",""自營商買賣超股數(自行買賣)"":""7,000"",""自營商買進股數(避險)"":""0"",""自營商賣出股數(避險)"":""0"",""自營商買賣超股數(避險)"":""0"",""三大法人買賣超股數"":""-8,000""}"
2026-09-29,TWSE,1315,達新            ,4000,12000,-8000,0,0,0,0,0,0,"{""證券代號"":""1315"",""證券名稱"":""達新            "",""外陸資買進股數(不含外資自營商)"":""4,000"",""外陸資賣出股數(不含外資自營商)"":""12,000"",""外陸資買賣超股數(不含外資自營商)"":""-8,000"",""外資自營商買進股數"":""0"",""外資自營商賣出股數"":""0"",""外資自營商買賣超股數"":""0"",""投信買進股數"":""0"",""投信賣出股數"":""0"",""投信買賣超股數"":""0"",""自營商買賣超股數"":""0"",""自營商買進股數(自行買賣)"":""0"",""自營商賣出股數(自行買賣)"":""0"",""自營商買賣超股數(自行買賣)"":""0"",""自營商買進股數(避險)"":""0"",""自營商賣出股數(避險)"":""0"",""自營商買賣超股數(避險)"":""0"",""三大法人買賣超股數"":""-8,000""}"
2026-09-29,TWSE,6277,宏正            ,71000,79000,-8000,0,0,0,1000,1000,0,"{""證券代號"":""6277"",""證券名稱"":""宏正            "",""外陸資買進股數(不含外資自營商)"":""71,000"",""外陸資賣出股數(不含外資自營商)"":""79,000"",""外陸資買賣超股數(不含外資自營商)"":""-8,000"",""外資自營商買進股數"":""0"",""外資自營商賣出股數"":""0"",""外資自營商買賣超股數"":""0"",""投信買進股數"":""0"",""投信賣出股數"":""0"",""投信買賣超股數"":""0"",""自營商買賣超股數"":""0"",""自營商買進股數(自行買賣)"":""0"",""自營商賣出股數(自行買賣)"":""0"",""自營商買賣超股數(自行買賣)"":""0"",""自營商買進股數(避險)"":""1,000"",""自營商賣出股數(避險)"":""1,000"",""自營商買賣超股數(避險)"":""0"",""三大法人買賣超股數"":""-8,000""}"
2026-09-29,TWSE,6606,建德工業        ,5000,16000,-11000,0,0,0,0,0,3000,"{""證券代號"":""6606"",""證券名稱"":""建德工業        "",""外陸資買進股數(不含外資自營商)"":""5,000"",""外陸資賣出股數(不含外資自營商)"":""16,000"",""外陸資買賣超股數(不含外資自營商)"":""-11,000"",""外資自營商買進股數"":""0"",""外資自營商賣出股數"":""0"",""外資自營商買賣超股數"":""0"",""投信買進股數"":""0"",""投信賣出股數"":""0"",""投信買賣超股數"":""0"",""自營商買賣超股數"":""3,000"",""自營商買進股數(自行買賣)"":""3,000"",""自營商賣出股數(自行買賣)"":""0"",""自營商買賣超股數(自行買賣)"":""3,000"",""自營商買進股數(避險)"":""0"",""自營商賣出股數(避險)"":""0"",""自營商買賣超股數(避險)"":""0"",""三大法人買賣超股數"":""-8,000""}"
2026-09-29,TWSE,9902,台火            ,5000,13000,-8000,0,0,0,0,0,-60,"{""證券代號"":""9902"",""證券名稱"":""台火            "",""外陸資買進股數(不含外資自營商)"":""5,000"",""外陸資賣出股數(不含外資自營商)"":""13,000"",""外陸資買賣超股數(不含外資自營商)"":""-8,000"",""外資自營商買進股數"":""0"",""外資自營商賣出股數"":""0"",""外資自營商買賣超股數"":""0"",""投信買進股數"":""0"",""投信賣出股數"":""0"",""投信買賣超股數"":""0"",""自營商買賣超股數"":""-60"",""自營商買進股數(自行買賣)"":""0"",""自營商賣出股數(自行買賣)"":""60"",""自營商買賣超股數(自行買賣)"":""-60"",""自營商買進股數(避險)"":""0"",""自營商賣出股數(避險)"":""0"",""自營商買賣超股數(避險)"":""0"",""三大法人買賣超股數"":""-8,060""}"
2026-09-29,TWSE,3356,奇偶            ,61000,77820,-16820,0,0,0,0,0,8000,"{""證券代號"":""3356"",""證券名稱"":""奇偶            "",""外陸資買進股數(不含外資自營商)"":""61,000"",""外陸資賣出股數(不含外資自營商)"":""77,820"",""外陸資買賣超股數(不含外資自營商)"":""-16,820"",""外資自營商買進股數"":""0"",""外資自營商賣出股數"":""0"",""外資自營商買賣超股數"":""0"",""投信買進股數"":""0"",""投信賣出股數"":""0"",""投信買賣超股數"":""0"",""自營商買賣超股數"":""8,000"",""自營商買進股數(自行買賣)"":""10,000"",""自營商賣出股數(自行買賣)"":""2,000"",""自營商買賣超股數(自行買賣)"":""8,000"",""自營商買進股數(避險)"":""0"",""自營商賣出股數(避險)"":""0"",""自營商買賣超股數(避險)"":""0"",""三大法人買賣超股數"":""-8,820""}"
2026-09-29,TWSE,1726,永記            ,1000,10000,-9000,0,0,0,0,0,0,"{""證券代號"":""1726"",""證券名稱"":""永記            "",""外陸資買進股數(不含外資自營商)"":""1,000"",""外陸資賣出股數(不含外資自營商)"":""10,000"",""外陸資買賣超股數(不含外資自營商)"":""-9,000"",""外資自營商買進股數"":""0"",""外資自營商賣出股數"":""0"",""外資自營商買賣超股數"":""0"",""投信買進股數"":""0"",""投信賣出股數"":""0"",""投信買賣超股數"":""0"",""自營商買賣超股數"":""0"",""自營商買進股數(自行買賣)"":""0"",""自營商賣出股數(自行買賣)"":""0"",""自營商買賣超股數(自行買賣)"":""0"",""自營商買進股數(避險)"":""0"",""自營商賣出股數(避險)"":""0"",""自營商買賣超股數(避險)"":""0"",""三大法人買賣超股數"":""-9,000""}"
2026-09-29,TWSE,1468,昶和            ,0,10000,-10000,0,0,0,0,0,1000,"{""證券代號"":""1468"",""證券名稱"":""昶和            "",""外陸資買進股數(不含外資自營商)"":""0"",""外陸資賣出股數(不含外資自營商)"":""10,000"",""外陸資買賣超股數(不含外資自營商)"":""-10,000"",""外資自營商買進股數"":""0"",""外資自營商賣出股數"":""0"",""外資自營商買賣超股數"":""0"",""投信買進股數"":""0"",""投信賣出股數"":""0"",""投信買賣超股數"":""0"",""自營商買賣超股數"":""1,000"",""自營商買進股數(自行買賣)"":""1,000"",""自營商賣出股數(自行買賣)"":""0"",""自營商買賣超股數(自行買賣)"":""1,000"",""自營商買進股數(避險)"":""0"",""自營商賣出股數(避險)"":""0"",""自營商買賣超股數(避險)"":""0"",""三大法人買賣超股數"":""-9,000""}"
2026-09-29,TWSE,2430,燦坤            ,5000,14000,-9000,0,0,0,0,0,0,"{""證券代號"":""2430"",""證券名稱"":""燦坤            "",""外陸資買進股數(不含外資自營商)"":""5,000"",""外陸資賣出股數(不含外資自營商)"":""14,000"",""外陸資買賣超股數(不含外資自營商)"":""-9,000"",""外資自營商買進股數"":""0"",""外資自營商賣出股數"":""0"",""外資自營商買賣超股數"":""0"",""投信買進股數"":""0"",""投信賣出股數"":""0"",""投信買賣超股數"":""0"",""自營商買賣超股數"":""0"",""自營商買進股數(自行買賣)"":""0"",""自營商賣出股數(自行買賣)"":""0"",""自營商買賣超股數(自行買賣)"":""0"",""自營商買進股數(避險)"":""0"",""自營商賣出股數(避險)"":""0"",""自營商買賣超股數(避險)"":""0"",""三大法人買賣超股數"":""-9,000""}"
2026-09-29,TWSE,1323,永裕            ,3000,12000,-9000,0,0,0,0,0,0,"{""證券代號"":""1323"",""證券名稱"":""永裕            "",""外陸資買進股數(不含外資自營商)"":""3,000"",""外陸資賣出股數(不含外資自營商)"":""12,000"",""外陸資買賣超股數(不含外資自營商)"":""-9,000"",""外資自營商買進股數"":""0"",""外資自營商賣出股數"":""0"",""外資自營商買賣超股數"":""0"",""投信買進股數"":""0"",""投信賣出股數"":""0"",""投信買賣超股數"":""0"",""自營商買賣超股數"":""0"",""自營商買進股數(自行買賣)"":""0"",""自營商賣出股數(自行買賣)"":""0"",""自營商買賣超股數(自行買賣)"":""0"",""自營商買進股數(避險)"":""0"",""自營商賣出股數(避險)"":""0"",""自營商買賣超股數(避險)"":""0"",""三大法人買賣超股數"":""-9,000""}"
2026-09-29,TWSE,6136,富爾特          ,21000,30065,-9065,0,0,0,0,0,0,"{""證券代號"":""6136"",""證券名稱"":""富爾特          "",""外陸資買進股數(不含外資自營商)"":""21,000"",""外陸資賣出股數(不含外資自營商)"":""30,065"",""外陸資買賣超股數(不含外資自營商)"":""-9,065"",""外資自營商買進股數"":""0"",""外資自營商賣出股數"":""0"",""外資自營商買賣超股數"":""0"",""投信買進股數"":""0"",""投信賣出股數"":""0"",""投信買賣超股數"":""0"",""自營商買賣超股數"":""0"",""自營商買進股數(自行買賣)"":""0"",""自營商賣出股數(自行買賣)"":""0"",""自營商買賣超股數(自行買賣)"":""0"",""自營商買進股數(避險)"":""0"",""自營商賣出股數(避險)"":""0"",""自營商買賣超股數(避險)"":""0"",""三大法人買賣超股數"":""-9,065""}"
2026-09-29,TWSE,2425,承啟            ,89134,99053,-9919,0,0,0,0,0,0,"{""證券代號"":""2425"",""證券名稱"":""承啟            "",""外陸資買進股數(不含外資自營商)"":""89,134"",""外陸資賣出股數(不含外資自營商)"":""99,053"",""外陸資買賣超股數(不含外資自營商)"":""-9,919"",""外資自營商買進股數"":""0"",""外資自營商賣出股數"":""0"",""外資自營商買賣超股數"":""0"",""投信買進股數"":""0"",""投信賣出股數"":""0"",""投信買賣超股數"":""0"",""自營商買賣超股數"":""0"",""自營商買進股數(自行買賣)"":""0"",""自營商賣出股數(自行買賣)"":""0"",""自營商買賣超股數(自行買賣)"":""0"",""自營商買進股數(避險)"":""0"",""自營商賣出股數(避險)"":""0"",""自營商買賣超股數(避險)"":""0"",""三大法人買賣超股數"":""-9,919""}"
2026-09-29,TWSE,2762,世界健身-KY     ,6021,16000,-9979,0,0,0,0,0,0,"{""證券代號"":""2762"",""證券名稱"":""世界健身-KY     "",""外陸資買進股數(不含外資自營商)"":""6,021"",""外陸資賣出股數(不含外資自營商)"":""16,000"",""外陸資買賣超股數(不含外資自營商)"":""-9,979"",""外資自營商買進股數"":""0"",""外資自營商賣出股數"":""0"",""外資自營商買賣超股數"":""0"",""投信買進股數"":""0"",""投信賣出股數"":""0"",""投信買賣超股數"":""0"",""自營商買賣超股數"":""0"",""自營商買進股數(自行買賣)"":""0"",""自營商賣出股數(自行買賣)"":""0"",""自營商買賣超股數(自行買賣)"":""0"",""自營商買進股數(避險)"":""0"",""自營商賣出股數(避險)"":""0"",""自營商買賣超股數(避險)"":""0"",""三大法人買賣超股數"":""-9,979""}"
2026-09-29,TWSE,2945,三商家購        ,1000,11000,-10000,0,0,0,0,0,0,"{""證券代號"":""2945"",""證券名稱"":""三商家購        "",""外陸資買進股數(不含外資自營商)"":""1,000"",""外陸資賣出股數(不含外資自營商)"":""11,000"",""外陸資買賣超股數(不含外資自營商)"":""-10,000"",""外資自營商買進股數"":""0"",""外資自營商賣出股數"":""0"",""外資自營商買賣超股數"":""0"",""投信買進股數"":""0"",""投信賣出股數"":""0"",""投信買賣超股數"":""0"",""自營商買賣超股數"":""0"",""自營商買進股數(自行買賣)"":""0"",""自營商賣出股數(自行買賣)"":""0"",""自營商買賣超股數(自行買賣)"":""0"",""自營商買進股數(避險)"":""0"",""自營商賣出股數(避險)"":""0"",""自營商買賣超股數(避險)"":""0"",""三大法人買賣超股數"":""-10,000""}"
2026-09-29,TWSE,2910,統領            ,9000,19000,-10000,0,0,0,0,0,0,"{""證券代號"":""2910"",""證券名稱"":""統領            "",""外陸資買進股數(不含外資自營商)"":""9,000"",""外陸資賣出股數(不含外資自營商)"":""19,000"",""外陸資買賣超股數(不含外資自營商)"":""-10,000"",""外資自營商買進股數"":""0"",""外資自營商賣出股數"":""0"",""外資自營商買賣超股數"":""0"",""投信買進股數"":""0"",""投信賣出股數"":""0"",""投信買賣超股數"":""0"",""自營商買賣超股數"":""0"",""自營商買進股數(自行買賣)"":""0"",""自營商賣出股數(自行買賣)"":""0"",""自營商買賣超股數(自行買賣)"":""0"",""自營商買進股數(避險)"":""0"",""自營商賣出股數(避險)"":""0"",""自營商買賣超股數(避險)"":""0"",""三大法人買賣超股數"":""-10,000""}"
2026-09-29,TWSE,1454,台富            ,1000,11000,-10000,0,0,0,0,0,0,"{""證券代號"":""1454"",""證券名稱"":""台富            "",""外陸資買進股數(不含外資自營商)"":""1,000"",""外陸資賣出股數(不含外資自營商)"":""11,000"",""外陸資買賣超股數(不含外資自營商)"":""-10,000"",""外資自營商買進股數"":""0"",""外資自營商賣出股數"":""0"",""外資自營商買賣超股數"":""0"",""投信買進股數"":""0"",""投信賣出股數"":""0"",""投信買賣超股數"":""0"",""自營商買賣超股數"":""0"",""自營商買進股數(自行買賣)"":""0"",""自營商賣出股數(自行買賣)"":""0"",""自營商買賣超股數(自行買賣)"":""0"",""自營商買進股數(避險)"":""0"",""自營商賣出股數(避險)"":""0"",""自營商買賣超股數(避險)"":""0"",""三大法人買賣超股數"":""-10,000""}"
2026-09-29,TWSE,1236,宏亞            ,2000,12000,-10000,0,0,0,0,0,0,"{""證券代號"":""1236"",""證券名稱"":""宏亞            "",""外陸資買進股數(不含外資自營商)"":""2,000"",""外陸資賣出股數(不含外資自營商)"":""12,000"",""外陸資買賣超股數(不含外資自營商)"":""-10,000"",""外資自營商買進股數"":""0"",""外資自營商賣出股數"":""0"",""外資自營商買賣超股數"":""0"",""投信買進股數"":""0"",""投信賣出股數"":""0"",""投信買賣超股數"":""0"",""自營商買賣超股數"":""0"",""自營商買進股數(自行買賣)"":""0"",""自營商賣出股數(自行買賣)"":""0"",""自營商買賣超股數(自行買賣)"":""0"",""自營商買進股數(避險)"":""0"",""自營商賣出股數(避險)"":""0"",""自營商買賣超股數(避險)"":""0"",""三大法人買賣超股數"":""-10,000""}"
2026-09-29,TWSE,1108,幸福            ,30000,40000,-10000,0,0,0,0,0,0,"{""證券代號"":""1108"",""證券名稱"":""幸福            "",""外陸資買進股數(不含外資自營商)"":""30,000"",""外陸資賣出股數(不含外資自營商)"":""40,000"",""外陸資買賣超股數(不含外資自營商)"":""-10,000"",""外資自營商買進股數"":""0"",""外資自營商賣出股數"":""0"",""外資自營商買賣超股數"":""0"",""投信買進股數"":""0"",""投信賣出股數"":""0"",""投信買賣超股數"":""0"",""自營商買賣超股數"":""0"",""自營商買進股數(自行買賣)"":""0"",""自營商賣出股數(自行買賣)"":""0"",""自營商買賣超股數(自行買賣)"":""0"",""自營商買進股數(避險)"":""0"",""自營商賣出股數(避險)"":""0"",""自營商買賣超股數(避險)"":""0"",""三大法人買賣超股數"":""-10,000""}"
2026-09-29,TWSE,6184,大豐電          ,17000,27000,-10000,0,0,0,0,0,0,"{""證券代號"":""6184"",""證券名稱"":""大豐電          "",""外陸資買進股數(不含外資自營商)"":""17,000"",""外陸資賣出股數(不含外資自營商)"":""27,000"",""外陸資買賣超股數(不含外資自營商)"":""-10,000"",""外資自營商買進股數"":""0"",""外資自營商賣出股數"":""0"",""外資自營商買賣超股數"":""0"",""投信買進股數"":""0"",""投信賣出股數"":""0"",""投信買賣超股數"":""0"",""自營商買賣超股數"":""0"",""自營商買進股數(自行買賣)"":""0"",""自營商賣出股數(自行買賣)"":""0"",""自營商買賣超股數(自行買賣)"":""0"",""自營商買進股數(避險)"":""0"",""自營商賣出股數(避險)"":""0"",""自營商買賣超股數(避險)"":""0"",""三大法人買賣超股數"":""-10,000""}"
2026-09-29,TWSE,7812,稜研科技*-創    ,4000,14000,-10000,0,0,0,0,0,0,"{""證券代號"":""7812"",""證券名稱"":""稜研科技*-創    "",""外陸資買進股數(不含外資自營商)"":""4,000"",""外陸資賣出股數(不含外資自營商)"":""14,000"",""外陸資買賣超股數(不含外資自營商)"":""-10,000"",""外資自營商買進股數"":""0"",""外資自營商賣出股數"":""0"",""外資自營商買賣超股數"":""0"",""投信買進股數"":""0"",""投信賣出股數"":""0"",""投信買賣超股數"":""0"",""自營商買賣超股數"":""0"",""自營商買進股數(自行買賣)"":""0"",""自營商賣出股數(自行買賣)"":""0"",""自營商買賣超股數(自行買賣)"":""0"",""自營商買進股數(避險)"":""0"",""自營商賣出股數(避險)"":""0"",""自營商買賣超股數(避險)"":""0"",""三大法人買賣超股數"":""-10,000""}"
2026-09-29,TWSE,5283,禾聯碩          ,3000,13000,-10000,0,0,0,0,0,0,"{""證券代號"":""5283"",""證券名稱"":""禾聯碩          "",""外陸資買進股數(不含外資自營商)"":""3,000"",""外陸資賣出股數(不含外資自營商)"":""13,000"",""外陸資買賣超股數(不含外資自營商)"":""-10,000"",""外資自營商買進股數"":""0"",""外資自營商賣出股數"":""0"",""外資自營商買賣超股數"":""0"",""投信買進股數"":""0"",""投信賣出股數"":""0"",""投信買賣超股數"":""0"",""自營商買賣超股數"":""0"",""自營商買進股數(自行買賣)"":""0"",""自營商賣出股數(自行買賣)"":""0"",""自營商買賣超股數(自行買賣)"":""0"",""自營商買進股數(避險)"":""0"",""自營商賣出股數(避險)"":""0"",""自營商買賣超股數(避險)"":""0"",""三大法人買賣超股數"":""-10,000""}"
2026-09-29,TWSE,1806,冠軍            ,15000,25000,-10000,0,0,0,0,0,0,"{""證券代號"":""1806"",""證券名稱"":""冠軍            "",""外陸資買進股數(不含外資自營商)"":""15,000"",""外陸資賣出股數(不含外資自營商)"":""25,000"",""外陸資買賣超股數(不含外資自營商)"":""-10,000"",""外資自營商買進股數"":""0"",""外資自營商賣出股數"":""0"",""外資自營商買賣超股數"":""0"",""投信買進股數"":""0"",""投信賣出股數"":""0"",""投信買賣超股數"":""0"",""自營商買賣超股數"":""0"",""自營商買進股數(自行買賣)"":""0"",""自營商賣出股數(自行買賣)"":""0"",""自營商買賣超股數(自行買賣)"":""0"",""自營商買進股數(避險)"":""0"",""自營商賣出股數(避險)"":""0"",""自營商買賣超股數(避險)"":""0"",""三大法人買賣超股數"":""-10,000""}"
2026-09-29,TWSE,4106,雃博            ,0,10000,-10000,0,0,0,0,0,0,"{""證券代號"":""4106"",""證券名稱"":""雃博            "",""外陸資買進股數(不含外資自營商)"":""0"",""外陸資賣出股數(不含外資自營商)"":""10,000"",""外陸資買賣超股數(不含外資自營商)"":""-10,000"",""外資自營商買進股數"":""0"",""外資自營商賣出股數"":""0"",""外資自營商買賣超股數"":""0"",""投信買進股數"":""0"",""投信賣出股數"":""0"",""投信買賣超股數"":""0"",""自營商買賣超股數"":""0"",""自營商買進股數(自行買賣)"":""0"",""自營商賣出股數(自行買賣)"":""0"",""自營商買賣超股數(自行買賣)"":""0"",""自營商買進股數(避險)"":""0"",""自營商賣出股數(避險)"":""0"",""自營商買賣超股數(避險)"":""0"",""三大法人買賣超股數"":""-10,000""}"
2026-09-29,TWSE,009810,玉山全球藍籌100 ,0,1000,-1000,0,0,0,307698,316927,-9229,"{""證券代號"":""009810"",""證券名稱"":""玉山全球藍籌100 "",""外陸資買進股數(不含外資自營商)"":""0"",""外陸資賣出股數(不含外資自營商)"":""1,000"",""外陸資買賣超股數(不含外資自營商)"":""-1,000"",""外資自營商買進股數"":""0"",""外資自營商賣出股數"":""0"",""外資自營商買賣超股數"":""0"",""投信買進股數"":""0"",""投信賣出股數"":""0"",""投信買賣超股數"":""0"",""自營商買賣超股數"":""-9,229"",""自營商買進股數(自行買賣)"":""0"",""自營商賣出股數(自行買賣)"":""0"",""自營商買賣超股數(自行買賣)"":""0"",""自營商買進股數(避險)"":""307,698"",""自營商賣出股數(避險)"":""316,927"",""自營商買賣超股數(避險)"":""-9,229"",""三大法人買賣超股數"":""-10,229""}"
2026-09-29,TWSE,2442,新美齊          ,264620,275000,-10380,0,0,0,0,0,0,"{""證券代號"":""2442"",""證券名稱"":""新美齊          "",""外陸資買進股數(不含外資自營商)"":""264,620"",""外陸資賣出股數(不含外資自營商)"":""275,000"",""外陸資買賣超股數(不含外資自營商)"":""-10,380"",""外資自營商買進股數"":""0"",""外資自營商賣出股數"":""0"",""外資自營商買賣超股數"":""0"",""投信買進股數"":""0"",""投信賣出股數"":""0"",""投信買賣超股數"":""0"",""自營商買賣超股數"":""0"",""自營商買進股數(自行買賣)"":""0"",""自營商賣出股數(自行買賣)"":""0"",""自營商買賣超股數(自行買賣)"":""0"",""自營商買進股數(避險)"":""0"",""自營商賣出股數(避險)"":""0"",""自營商買賣超股數(避險)"":""0"",""三大法人買賣超股數"":""-10,380""}"
2026-09-29,TWSE,1616,億泰            ,42000,52000,-10000,0,0,0,0,0,-502,"{""證券代號"":""1616"",""證券名稱"":""億泰            "",""外陸資買進股數(不含外資自營商)"":""42,000"",""外陸資賣出股數(不含外資自營商)"":""52,000"",""外陸資買賣超股數(不含外資自營商)"":""-10,000"",""外資自營商買進股數"":""0"",""外資自營商賣出股數"":""0"",""外資自營商買賣超股數"":""0"",""投信買進股數"":""0"",""投信賣出股數"":""0"",""投信買賣超股數"":""0"",""自營商買賣超股數"":""-502"",""自營商買進股數(自行買賣)"":""0"",""自營商賣出股數(自行買賣)"":""502"",""自營商買賣超股數(自行買賣)"":""-502"",""自營商買進股數(避險)"":""0"",""自營商賣出股數(避險)"":""0"",""自營商買賣超股數(避險)"":""0"",""三大法人買賣超股數"":""-10,502""}"
2026-09-29,TWSE,2022,聚亨            ,51491,56000,-4509,0,0,0,0,0,-6000,"{""證券代號"":""2022"",""證券名稱"":""聚亨            "",""外陸資買進股數(不含外資自營商)"":""51,491"",""外陸資賣出股數(不含外資自營商)"":""56,000"",""外陸資買賣超股數(不含外資自營商)"":""-4,509"",""外資自營商買進股數"":""0"",""外資自營商賣出股數"":""0"",""外資自營商買賣超股數"":""0"",""投信買進股數"":""0"",""投信賣出股數"":""0"",""投信買賣超股數"":""0"",""自營商買賣超股數"":""-6,000"",""自營商買進股數(自行買賣)"":""0"",""自營商賣出股數(自行買賣)"":""6,000"",""自營商買賣超股數(自行買賣)"":""-6,000"",""自營商買進股數(避險)"":""0"",""自營商賣出股數(避險)"":""0"",""自營商買賣超股數(避險)"":""0"",""三大法人買賣超股數"":""-10,509""}"
2026-09-29,TWSE,1256,鮮活果汁-KY     ,5837,15410,-9573,0,0,0,0,0,-1000,"{""證券代號"":""1256"",""證券名稱"":""鮮活果汁-KY     "",""外陸資買進股數(不含外資自營商)"":""5,837"",""外陸資賣出股數(不含外資自營商)"":""15,410"",""外陸資買賣超股數(不含外資自營商)"":""-9,573"",""外資自營商買進股數"":""0"",""外資自營商賣出股數"":""0"",""外資自營商買賣超股數"":""0"",""投信買進股數"":""0"",""投信賣出股數"":""0"",""投信買賣超股數"":""0"",""自營商買賣超股數"":""-1,000"",""自營商買進股數(自行買賣)"":""0"",""自營商賣出股數(自行買賣)"":""1,000"",""自營商買賣超股數(自行買賣)"":""-1,000"",""自營商買進股數(避險)"":""0"",""自營商賣出股數(避險)"":""0"",""自營商買賣超股數(避險)"":""0"",""三大法人買賣超股數"":""-10,573""}"
2026-09-29,TWSE,6230,尼得科超眾      ,10000,21000,-11000,0,0,0,0,0,50,"{""證券代號"":""6230"",""證券名稱"":""尼得科超眾      "",""外陸資買進股數(不含外資自營商)"":""10,000"",""外陸資賣出股數(不含外資自營商)"":""21,000"",""外陸資買賣超股數(不含外資自營商)"":""-11,000"",""外資自營商買進股數"":""0"",""外資自營商賣出股數"":""0"",""外資自營商買賣超股數"":""0"",""投信買進股數"":""0"",""投信賣出股數"":""0"",""投信買賣超股數"":""0"",""自營商買賣超股數"":""50"",""自營商買進股數(自行買賣)"":""50"",""自營商賣出股數(自行買賣)"":""0"",""自營商買賣超股數(自行買賣)"":""50"",""自營商買進股數(避險)"":""0"",""自營商賣出股數(避險)"":""0"",""自營商買賣超股數(避險)"":""0"",""三大法人買賣超股數"":""-10,950""}"
2026-09-29,TWSE,6757,台灣虎航        ,172040,128000,44040,0,0,0,0,56000,-55000,"{""證券代號"":""6757"",""證券名稱"":""台灣虎航        "",""外陸資買進股數(不含外資自營商)"":""172,040"",""外陸資賣出股數(不含外資自營商)"":""128,000"",""外陸資買賣超股數(不含外資自營商)"":""44,040"",""外資自營商買進股數"":""0"",""外資自營商賣出股數"":""0"",""外資自營商買賣超股數"":""0"",""投信買進股數"":""0"",""投信賣出股數"":""0"",""投信買賣超股數"":""0"",""自營商買賣超股數"":""-55,000"",""自營商買進股數(自行買賣)"":""1,000"",""自營商賣出股數(自行買賣)"":""0"",""自營商買賣超股數(自行買賣)"":""1,000"",""自營商買進股數(避險)"":""0"",""自營商賣出股數(避險)"":""56,000"",""自營商買賣超股數(避險)"":""-56,000"",""三大法人買賣超股數"":""-10,960""}"
2026-09-29,TWSE,5533,皇鼎            ,3000,14000,-11000,0,0,0,0,0,0,"{""證券代號"":""5533"",""證券名稱"":""皇鼎            "",""外陸資買進股數(不含外資自營商)"":""3,000"",""外陸資賣出股數(不含外資自營商)"":""14,000"",""外陸資買賣超股數(不含外資自營商)"":""-11,000"",""外資自營商買進股數"":""0"",""外資自營商賣出股數"":""0"",""外資自營商買賣超股數"":""0"",""投信買進股數"":""0"",""投信賣出股數"":""0"",""投信買賣超股數"":""0"",""自營商買賣超股數"":""0"",""自營商買進股數(自行買賣)"":""0"",""自營商賣出股數(自行買賣)"":""0"",""自營商買賣超股數(自行買賣)"":""0"",""自營商買進股數(避險)"":""0"",""自營商賣出股數(避險)"":""0"",""自營商買賣超股數(避險)"":""0"",""三大法人買賣超股數"":""-11,000""}"
2026-09-29,TWSE,9946,三發地產        ,61000,86000,-25000,0,0,0,0,0,14000,"{""證券代號"":""9946"",""證券名稱"":""三發地產        "",""外陸資買進股數(不含外資自營商)"":""61,000"",""外陸資賣出股數(不含外資自營商)"":""86,000"",""外陸資買賣超股數(不含外資自營商)"":""-25,000"",""外資自營商買進股數"":""0"",""外資自營商賣出股數"":""0"",""外資自營商買賣超股數"":""0"",""投信買進股數"":""0"",""投信賣出股數"":""0"",""投信買賣超股數"":""0"",""自營商買賣超股數"":""14,000"",""自營商買進股數(自行買賣)"":""14,000"",""自營商賣出股數(自行買賣)"":""0"",""自營商買賣超股數(自行買賣)"":""14,000"",""自營商買進股數(避險)"":""0"",""自營商賣出股數(避險)"":""0"",""自營商買賣超股數(避險)"":""0"",""三大法人買賣超股數"":""-11,000""}"
2026-09-29,TWSE,1463,強盛新          ,2000,13000,-11000,0,0,0,0,0,0,"{""證券代號"":""1463"",""證券名稱"":""強盛新          "",""外陸資買進股數(不含外資自營商)"":""2,000"",""外陸資賣出股數(不含外資自營商)"":""13,000"",""外陸資買賣超股數(不含外資自營商)"":""-11,000"",""外資自營商買進股數"":""0"",""外資自營商賣出股數"":""0"",""外資自營商買賣超股數"":""0"",""投信買進股數"":""0"",""投信賣出股數"":""0"",""投信買賣超股數"":""0"",""自營商買賣超股數"":""0"",""自營商買進股數(自行買賣)"":""0"",""自營商賣出股數(自行買賣)"":""0"",""自營商買賣超股數(自行買賣)"":""0"",""自營商買進股數(避險)"":""0"",""自營商賣出股數(避險)"":""0"",""自營商買賣超股數(避險)"":""0"",""三大法人買賣超股數"":""-11,000""}"
2026-09-29,TWSE,3296,勝德            ,37860,51000,-13140,0,0,0,0,0,2000,"{""證券代號"":""3296"",""證券名稱"":""勝德            "",""外陸資買進股數(不含外資自營商)"":""37,860"",""外陸資賣出股數(不含外資自營商)"":""51,000"",""外陸資買賣超股數(不含外資自營商)"":""-13,140"",""外資自營商買進股數"":""0"",""外資自營商賣出股數"":""0"",""外資自營商買賣超股數"":""0"",""投信買進股數"":""0"",""投信賣出股數"":""0"",""投信買賣超股數"":""0"",""自營商買賣超股數"":""2,000"",""自營商買進股數(自行買賣)"":""2,000"",""自營商賣出股數(自行買賣)"":""0"",""自營商買賣超股數(自行買賣)"":""2,000"",""自營商買進股數(避險)"":""0"",""自營商賣出股數(避險)"":""0"",""自營商買賣超股數(避險)"":""0"",""三大法人買賣超股數"":""-11,140""}"
2026-09-29,TWSE,1760,寶齡富錦        ,41380,53000,-11620,0,0,0,0,0,0,"{""證券代號"":""1760"",""證券名稱"":""寶齡富錦        "",""外陸資買進股數(不含外資自營商)"":""41,380"",""外陸資賣出股數(不含外資自營商)"":""53,000"",""外陸資買賣超股數(不含外資自營商)"":""-11,620"",""外資自營商買進股數"":""0"",""外資自營商賣出股數"":""0"",""外資自營商買賣超股數"":""0"",""投信買進股數"":""0"",""投信賣出股數"":""0"",""投信買賣超股數"":""0"",""自營商買賣超股數"":""0"",""自營商買進股數(自行買賣)"":""0"",""自營商賣出股數(自行買賣)"":""0"",""自營商買賣超股數(自行買賣)"":""0"",""自營商買進股數(避險)"":""0"",""自營商賣出股數(避險)"":""0"",""自營商買賣超股數(避險)"":""0"",""三大法人買賣超股數"":""-11,620""}"
2026-09-29,TWSE,00647L,元大S&P500正2   ,0,0,0,0,0,0,9445,21179,-11734,"{""證券代號"":""00647L"",""證券名稱"":""元大S&P500正2   "",""外陸資買進股數(不含外資自營商)"":""0"",""外陸資賣出股數(不含外資自營商)"":""0"",""外陸資買賣超股數(不含外資自營商)"":""0"",""外資自營商買進股數"":""0"",""外資自營商賣出股數"":""0"",""外資自營商買賣超股數"":""0"",""投信買進股數"":""0"",""投信賣出股數"":""0"",""投信買賣超股數"":""0"",""自營商買賣超股數"":""-11,734"",""自營商買進股數(自行買賣)"":""0"",""自營商賣出股數(自行買賣)"":""0"",""自營商買賣超股數(自行買賣)"":""0"",""自營商買進股數(避險)"":""9,445"",""自營商賣出股數(避險)"":""21,179"",""自營商買賣超股數(避險)"":""-11,734"",""三大法人買賣超股數"":""-11,734""}"
2026-09-29,TWSE,1339,昭輝            ,1000,13000,-12000,0,0,0,0,0,263,"{""證券代號"":""1339"",""證券名稱"":""昭輝            "",""外陸資買進股數(不含外資自營商)"":""1,000"",""外陸資賣出股數(不含外資自營商)"":""13,000"",""外陸資買賣超股數(不含外資自營商)"":""-12,000"",""外資自營商買進股數"":""0"",""外資自營商賣出股數"":""0"",""外資自營商買賣超股數"":""0"",""投信買進股數"":""0"",""投信賣出股數"":""0"",""投信買賣超股數"":""0"",""自營商買賣超股數"":""263"",""自營商買進股數(自行買賣)"":""1,000"",""自營商賣出股數(自行買賣)"":""737"",""自營商買賣超股數(自行買賣)"":""263"",""自營商買進股數(避險)"":""0"",""自營商賣出股數(避險)"":""0"",""自營商買賣超股數(避險)"":""0"",""三大法人買賣超股數"":""-11,737""}"
2026-09-29,TWSE,6477,安集            ,31052,49000,-17948,0,0,0,0,0,6000,"{""證券代號"":""6477"",""證券名稱"":""安集            "",""外陸資買進股數(不含外資自營商)"":""31,052"",""外陸資賣出股數(不含外資自營商)"":""49,000"",""外陸資買賣超股數(不含外資自營商)"":""-17,948"",""外資自營商買進股數"":""0"",""外資自營商賣出股數"":""0"",""外資自營商買賣超股數"":""0"",""投信買進股數"":""0"",""投信賣出股數"":""0"",""投信買賣超股數"":""0"",""自營商買賣超股數"":""6,000"",""自營商買進股數(自行買賣)"":""6,000"",""自營商賣出股數(自行買賣)"":""0"",""自營商買賣超股數(自行買賣)"":""6,000"",""自營商買進股數(避險)"":""0"",""自營商賣出股數(避險)"":""0"",""自營商買賣超股數(避險)"":""0"",""三大法人買賣超股數"":""-11,948""}"
2026-09-29,TWSE,1110,東泥            ,109040,124000,-14960,0,0,0,0,0,3000,"{""證券代號"":""1110"",""證券名稱"":""東泥            "",""外陸資買進股數(不含外資自營商)"":""109,040"",""外陸資賣出股數(不含外資自營商)"":""124,000"",""外陸資買賣超股數(不含外資自營商)"":""-14,960"",""外資自營商買進股數"":""0"",""外資自營商賣出股數"":""0"",""外資自營商買賣超股數"":""0"",""投信買進股數"":""0"",""投信賣出股數"":""0"",""投信買賣超股數"":""0"",""自營商買賣超股數"":""3,000"",""自營商買進股數(自行買賣)"":""3,000"",""自營商賣出股數(自行買賣)"":""0"",""自營商買賣超股數(自行買賣)"":""3,000"",""自營商買進股數(避險)"":""0"",""自營商賣出股數(避險)"":""0"",""自營商買賣超股數(避險)"":""0"",""三大法人買賣超股數"":""-11,960""}"
2026-09-29,TWSE,5538,東明-KY         ,3000,15000,-12000,0,0,0,0,0,0,"{""證券代號"":""5538"",""證券名稱"":""東明-KY         "",""外陸資買進股數(不含外資自營商)"":""3,000"",""外陸資賣出股數(不含外資自營商)"":""15,000"",""外陸資買賣超股數(不含外資自營商)"":""-12,000"",""外資自營商買進股數"":""0"",""外資自營商賣出股數"":""0"",""外資自營商買賣超股數"":""0"",""投信買進股數"":""0"",""投信賣出股數"":""0"",""投信買賣超股數"":""0"",""自營商買賣超股數"":""0"",""自營商買進股數(自行買賣)"":""0"",""自營商賣出股數(自行買賣)"":""0"",""自營商買賣超股數(自行買賣)"":""0"",""自營商買進股數(避險)"":""0"",""自營商賣出股數(避險)"":""0"",""自營商買賣超股數(避險)"":""0"",""三大法人買賣超股數"":""-12,000""}"
2026-09-29,TWSE,8466,美吉吉-KY       ,2000,14000,-12000,0,0,0,0,0,0,"{""證券代號"":""8466"",""證券名稱"":""美吉吉-KY       "",""外陸資買進股數(不含外資自營商)"":""2,000"",""外陸資賣出股數(不含外資自營商)"":""14,000"",""外陸資買賣超股數(不含外資自營商)"":""-12,000"",""外資自營商買進股數"":""0"",""外資自營商賣出股數"":""0"",""外資自營商買賣超股數"":""0"",""投信買進股數"":""0"",""投信賣出股數"":""0"",""投信買賣超股數"":""0"",""自營商買賣超股數"":""0"",""自營商買進股數(自行買賣)"":""0"",""自營商賣出股數(自行買賣)"":""0"",""自營商買賣超股數(自行買賣)"":""0"",""自營商買進股數(避險)"":""0"",""自營商賣出股數(避險)"":""0"",""自營商買賣超股數(避險)"":""0"",""三大法人買賣超股數"":""-12,000""}"
2026-09-29,TWSE,1438,三地開發        ,7000,20000,-13000,0,0,0,0,0,1000,"{""證券代號"":""1438"",""證券名稱"":""三地開發        "",""外陸資買進股數(不含外資自營商)"":""7,000"",""外陸資賣出股數(不含外資自營商)"":""20,000"",""外陸資買賣超股數(不含外資自營商)"":""-13,000"",""外資自營商買進股數"":""0"",""外資自營商賣出股數"":""0"",""外資自營商買賣超股數"":""0"",""投信買進股數"":""0"",""投信賣出股數"":""0"",""投信買賣超股數"":""0"",""自營商買賣超股數"":""1,000"",""自營商買進股數(自行買賣)"":""1,000"",""自營商賣出股數(自行買賣)"":""0"",""自營商買賣超股數(自行買賣)"":""1,000"",""自營商買進股數(避險)"":""0"",""自營商賣出股數(避險)"":""0"",""自營商買賣超股數(避險)"":""0"",""三大法人買賣超股數"":""-12,000""}"
2026-09-29,TWSE,1521,大億            ,1000,13000,-12000,0,0,0,0,0,0,"{""證券代號"":""1521"",""證券名稱"":""大億            "",""外陸資買進股數(不含外資自營商)"":""1,000"",""外陸資賣出股數(不含外資自營商)"":""13,000"",""外陸資買賣超股數(不含外資自營商)"":""-12,000"",""外資自營商買進股數"":""0"",""外資自營商賣出股數"":""0"",""外資自營商買賣超股數"":""0"",""投信買進股數"":""0"",""投信賣出股數"":""0"",""投信買賣超股數"":""0"",""自營商買賣超股數"":""0"",""自營商買進股數(自行買賣)"":""0"",""自營商賣出股數(自行買賣)"":""0"",""自營商買賣超股數(自行買賣)"":""0"",""自營商買進股數(避險)"":""0"",""自營商賣出股數(避險)"":""0"",""自營商買賣超股數(避險)"":""0"",""三大法人買賣超股數"":""-12,000""}"
2026-09-29,TWSE,6861,睿生光電        ,351814,373010,-21196,0,0,0,22874,13695,9179,"{""證券代號"":""6861"",""證券名稱"":""睿生光電        "",""外陸資買進股數(不含外資自營商)"":""351,814"",""外陸資賣出股數(不含外資自營商)"":""373,010"",""外陸資買賣超股數(不含外資自營商)"":""-21,196"",""外資自營商買進股數"":""0"",""外資自營商賣出股數"":""0"",""外資自營商買賣超股數"":""0"",""投信買進股數"":""0"",""投信賣出股數"":""0"",""投信買賣超股數"":""0"",""自營商買賣超股數"":""9,179"",""自營商買進股數(自行買賣)"":""0"",""自營商賣出股數(自行買賣)"":""0"",""自營商買賣超股數(自行買賣)"":""0"",""自營商買進股數(避險)"":""22,874"",""自營商賣出股數(避險)"":""13,695"",""自營商買賣超股數(避險)"":""9,179"",""三大法人買賣超股數"":""-12,017""}"
2026-09-29,TWSE,2247,汎德永業        ,8000,21000,-13000,972,0,972,0,0,0,"{""證券代號"":""2247"",""證券名稱"":""汎德永業        "",""外陸資買進股數(不含外資自營商)"":""8,000"",""外陸資賣出股數(不含外資自營商)"":""21,000"",""外陸資買賣超股數(不含外資自營商)"":""-13,000"",""外資自營商買進股數"":""0"",""外資自營商賣出股數"":""0"",""外資自營商買賣超股數"":""0"",""投信買進股數"":""972"",""投信賣出股數"":""0"",""投信買賣超股數"":""972"",""自營商買賣超股數"":""0"",""自營商買進股數(自行買賣)"":""0"",""自營商賣出股數(自行買賣)"":""0"",""自營商買賣超股數(自行買賣)"":""0"",""自營商買進股數(避險)"":""0"",""自營商賣出股數(避險)"":""0"",""自營商買賣超股數(避險)"":""0"",""三大法人買賣超股數"":""-12,028""}"
2026-09-29,TWSE,2739,寒舍            ,8000,21050,-13050,0,0,0,0,0,1000,"{""證券代號"":""2739"",""證券名稱"":""寒舍            "",""外陸資買進股數(不含外資自營商)"":""8,000"",""外陸資賣出股數(不含外資自營商)"":""21,050"",""外陸資買賣超股數(不含外資自營商)"":""-13,050"",""外資自營商買進股數"":""0"",""外資自營商賣出股數"":""0"",""外資自營商買賣超股數"":""0"",""投信買進股數"":""0"",""投信賣出股數"":""0"",""投信買賣超股數"":""0"",""自營商買賣超股數"":""1,000"",""自營商買進股數(自行買賣)"":""1,000"",""自營商賣出股數(自行買賣)"":""0"",""自營商買賣超股數(自行買賣)"":""1,000"",""自營商買進股數(避險)"":""0"",""自營商賣出股數(避險)"":""0"",""自營商買賣超股數(避險)"":""0"",""三大法人買賣超股數"":""-12,050""}"
2026-09-29,TWSE,1220,台榮            ,14865,27000,-12135,0,0,0,0,0,0,"{""證券代號"":""1220"",""證券名稱"":""台榮            "",""外陸資買進股數(不含外資自營商)"":""14,865"",""外陸資賣出股數(不含外資自營商)"":""27,000"",""外陸資買賣超股數(不含外資自營商)"":""-12,135"",""外資自營商買進股數"":""0"",""外資自營商賣出股數"":""0"",""外資自營商買賣超股數"":""0"",""投信買進股數"":""0"",""投信賣出股數"":""0"",""投信買賣超股數"":""0"",""自營商買賣超股數"":""0"",""自營商買進股數(自行買賣)"":""0"",""自營商賣出股數(自行買賣)"":""0"",""自營商買賣超股數(自行買賣)"":""0"",""自營商買進股數(避險)"":""0"",""自營商賣出股數(避險)"":""0"",""自營商買賣超股數(避險)"":""0"",""三大法人買賣超股數"":""-12,135""}"
2026-09-29,TWSE,4999,鑫禾            ,5000,18000,-13000,0,0,0,0,0,447,"{""證券代號"":""4999"",""證券名稱"":""鑫禾            "",""外陸資買進股數(不含外資自營商)"":""5,000"",""外陸資賣出股數(不含外資自營商)"":""18,000"",""外陸資買賣超股數(不含外資自營商)"":""-13,000"",""外資自營商買進股數"":""0"",""外資自營商賣出股數"":""0"",""外資自營商買賣超股數"":""0"",""投信買進股數"":""0"",""投信賣出股數"":""0"",""投信買賣超股數"":""0"",""自營商買賣超股數"":""447"",""自營商買進股數(自行買賣)"":""1,000"",""自營商賣出股數(自行買賣)"":""553"",""自營商買賣超股數(自行買賣)"":""447"",""自營商買進股數(避險)"":""0"",""自營商賣出股數(避險)"":""0"",""自營商買賣超股數(避險)"":""0"",""三大法人買賣超股數"":""-12,553""}"
2026-09-29,TWSE,6965,中傑-KY         ,10000,23000,-13000,0,0,0,0,0,0,"{""證券代號"":""6965"",""證券名稱"":""中傑-KY         "",""外陸資買進股數(不含外資自營商)"":""10,000"",""外陸資賣出股數(不含外資自營商)"":""23,000"",""外陸資買賣超股數(不含外資自營商)"":""-13,000"",""外資自營商買進股數"":""0"",""外資自營商賣出股數"":""0"",""外資自營商買賣超股數"":""0"",""投信買進股數"":""0"",""投信賣出股數"":""0"",""投信買賣超股數"":""0"",""自營商買賣超股數"":""0"",""自營商買進股數(自行買賣)"":""0"",""自營商賣出股數(自行買賣)"":""0"",""自營商買賣超股數(自行買賣)"":""0"",""自營商買進股數(避險)"":""0"",""自營商賣出股數(避險)"":""0"",""自營商買賣超股數(避險)"":""0"",""三大法人買賣超股數"":""-13,000""}"
2026-09-29,TWSE,1203,味王            ,4000,17000,-13000,0,0,0,0,0,0,"{""證券代號"":""1203"",""證券名稱"":""味王            "",""外陸資買進股數(不含外資自營商)"":""4,000"",""外陸資賣出股數(不含外資自營商)"":""17,000"",""外陸資買賣超股數(不含外資自營商)"":""-13,000"",""外資自營商買進股數"":""0"",""外資自營商賣出股數"":""0"",""外資自營商買賣超股數"":""0"",""投信買進股數"":""0"",""投信賣出股數"":""0"",""投信買賣超股數"":""0"",""自營商買賣超股數"":""0"",""自營商買進股數(自行買賣)"":""0"",""自營商賣出股數(自行買賣)"":""0"",""自營商買賣超股數(自行買賣)"":""0"",""自營商買進股數(避險)"":""0"",""自營商賣出股數(避險)"":""0"",""自營商買賣超股數(避險)"":""0"",""三大法人買賣超股數"":""-13,000""}"
2026-09-29,TWSE,1465,偉全            ,3000,15000,-12000,0,0,0,0,0,-1000,"{""證券代號"":""1465"",""證券名稱"":""偉全            "",""外陸資買進股數(不含外資自營商)"":""3,000"",""外陸資賣出股數(不含外資自營商)"":""15,000"",""外陸資買賣超股數(不含外資自營商)"":""-12,000"",""外資自營商買進股數"":""0"",""外資自營商賣出股數"":""0"",""外資自營商買賣超股數"":""0"",""投信買進股數"":""0"",""投信賣出股數"":""0"",""投信買賣超股數"":""0"",""自營商買賣超股數"":""-1,000"",""自營商買進股數(自行買賣)"":""0"",""自營商賣出股數(自行買賣)"":""1,000"",""自營商買賣超股數(自行買賣)"":""-1,000"",""自營商買進股數(避險)"":""0"",""自營商賣出股數(避險)"":""0"",""自營商買賣超股數(避險)"":""0"",""三大法人買賣超股數"":""-13,000""}"
2026-09-29,TWSE,2115,六暉-KY         ,1000,14000,-13000,0,0,0,0,0,0,"{""證券代號"":""2115"",""證券名稱"":""六暉-KY         "",""外陸資買進股數(不含外資自營商)"":""1,000"",""外陸資賣出股數(不含外資自營商)"":""14,000"",""外陸資買賣超股數(不含外資自營商)"":""-13,000"",""外資自營商買進股數"":""0"",""外資自營商賣出股數"":""0"",""外資自營商買賣超股數"":""0"",""投信買進股數"":""0"",""投信賣出股數"":""0"",""投信買賣超股數"":""0"",""自營商買賣超股數"":""0"",""自營商買進股數(自行買賣)"":""0"",""自營商賣出股數(自行買賣)"":""0"",""自營商買賣超股數(自行買賣)"":""0"",""自營商買進股數(避險)"":""0"",""自營商賣出股數(避險)"":""0"",""自營商買賣超股數(避險)"":""0"",""三大法人買賣超股數"":""-13,000""}"
2026-09-29,TWSE,2459,敦吉            ,0,13000,-13000,0,0,0,0,0,0,"{""證券代號"":""2459"",""證券名稱"":""敦吉            "",""外陸資買進股數(不含外資自營商)"":""0"",""外陸資賣出股數(不含外資自營商)"":""13,000"",""外陸資買賣超股數(不含外資自營商)"":""-13,000"",""外資自營商買進股數"":""0"",""外資自營商賣出股數"":""0"",""外資自營商買賣超股數"":""0"",""投信買進股數"":""0"",""投信賣出股數"":""0"",""投信買賣超股數"":""0"",""自營商買賣超股數"":""0"",""自營商買進股數(自行買賣)"":""0"",""自營商賣出股數(自行買賣)"":""0"",""自營商買賣超股數(自行買賣)"":""0"",""自營商買進股數(避險)"":""0"",""自營商賣出股數(避險)"":""0"",""自營商買賣超股數(避險)"":""0"",""三大法人買賣超股數"":""-13,000""}"
2026-09-29,TWSE,4440,宜新實業        ,2000,9000,-7000,0,0,0,0,0,-6000,"{""證券代號"":""4440"",""證券名稱"":""宜新實業        "",""外陸資買進股數(不含外資自營商)"":""2,000"",""外陸資賣出股數(不含外資自營商)"":""9,000"",""外陸資買賣超股數(不含外資自營商)"":""-7,000"",""外資自營商買進股數"":""0"",""外資自營商賣出股數"":""0"",""外資自營商買賣超股數"":""0"",""投信買進股數"":""0"",""投信賣出股數"":""0"",""投信買賣超股數"":""0"",""自營商買賣超股數"":""-6,000"",""自營商買進股數(自行買賣)"":""0"",""自營商賣出股數(自行買賣)"":""6,000"",""自營商買賣超股數(自行買賣)"":""-6,000"",""自營商買進股數(避險)"":""0"",""自營商賣出股數(避險)"":""0"",""自營商買賣超股數(避險)"":""0"",""三大法人買賣超股數"":""-13,000""}"
2026-09-29,TWSE,4133,亞諾法          ,8000,21000,-13000,0,0,0,0,0,0,"{""證券代號"":""4133"",""證券名稱"":""亞諾法          "",""外陸資買進股數(不含外資自營商)"":""8,000"",""外陸資賣出股數(不含外資自營商)"":""21,000"",""外陸資買賣超股數(不含外資自營商)"":""-13,000"",""外資自營商買進股數"":""0"",""外資自營商賣出股數"":""0"",""外資自營商買賣超股數"":""0"",""投信買進股數"":""0"",""投信賣出股數"":""0"",""投信買賣超股數"":""0"",""自營商買賣超股數"":""0"",""自營商買進股數(自行買賣)"":""0"",""自營商賣出股數(自行買賣)"":""0"",""自營商買賣超股數(自行買賣)"":""0"",""自營商買進股數(避險)"":""0"",""自營商賣出股數(避險)"":""0"",""自營商買賣超股數(避險)"":""0"",""三大法人買賣超股數"":""-13,000""}"
2026-09-29,TWSE,3052,夆典            ,10000,23000,-13000,0,0,0,0,0,0,"{""證券代號"":""3052"",""證券名稱"":""夆典            "",""外陸資買進股數(不含外資自營商)"":""10,000"",""外陸資賣出股數(不含外資自營商)"":""23,000"",""外陸資買賣超股數(不含外資自營商)"":""-13,000"",""外資自營商買進股數"":""0"",""外資自營商賣出股數"":""0"",""外資自營商買賣超股數"":""0"",""投信買進股數"":""0"",""投信賣出股數"":""0"",""投信買賣超股數"":""0"",""自營商買賣超股數"":""0"",""自營商買進股數(自行買賣)"":""0"",""自營商賣出股數(自行買賣)"":""0"",""自營商買賣超股數(自行買賣)"":""0"",""自營商買進股數(避險)"":""0"",""自營商賣出股數(避險)"":""0"",""自營商買賣超股數(避險)"":""0"",""三大法人買賣超股數"":""-13,000""}"
2026-09-29,TWSE,5515,建國            ,80085,101060,-20975,0,0,0,3000,0,7000,"{""證券代號"":""5515"",""證券名稱"":""建國            "",""外陸資買進股數(不含外資自營商)"":""80,085"",""外陸資賣出股數(不含外資自營商)"":""101,060"",""外陸資買賣超股數(不含外資自營商)"":""-20,975"",""外資自營商買進股數"":""0"",""外資自營商賣出股數"":""0"",""外資自營商買賣超股數"":""0"",""投信買進股數"":""0"",""投信賣出股數"":""0"",""投信買賣超股數"":""0"",""自營商買賣超股數"":""7,000"",""自營商買進股數(自行買賣)"":""4,000"",""自營商賣出股數(自行買賣)"":""0"",""自營商買賣超股數(自行買賣)"":""4,000"",""自營商買進股數(避險)"":""3,000"",""自營商賣出股數(避險)"":""0"",""自營商買賣超股數(避險)"":""3,000"",""三大法人買賣超股數"":""-13,975""}"
2026-09-29,TWSE,5215,科嘉-KY         ,2000,16000,-14000,0,0,0,0,0,0,"{""證券代號"":""5215"",""證券名稱"":""科嘉-KY         "",""外陸資買進股數(不含外資自營商)"":""2,000"",""外陸資賣出股數(不含外資自營商)"":""16,000"",""外陸資買賣超股數(不含外資自營商)"":""-14,000"",""外資自營商買進股數"":""0"",""外資自營商賣出股數"":""0"",""外資自營商買賣超股數"":""0"",""投信買進股數"":""0"",""投信賣出股數"":""0"",""投信買賣超股數"":""0"",""自營商買賣超股數"":""0"",""自營商買進股數(自行買賣)"":""0"",""自營商賣出股數(自行買賣)"":""0"",""自營商買賣超股數(自行買賣)"":""0"",""自營商買進股數(避險)"":""0"",""自營商賣出股數(避險)"":""0"",""自營商買賣超股數(避險)"":""0"",""三大法人買賣超股數"":""-14,000""}"
2026-09-29,TWSE,3150,鈺寶-創         ,4000,16000,-12000,0,0,0,13000,15000,-2000,"{""證券代號"":""3150"",""證券名稱"":""鈺寶-創         "",""外陸資買進股數(不含外資自營商)"":""4,000"",""外陸資賣出股數(不含外資自營商)"":""16,000"",""外陸資買賣超股數(不含外資自營商)"":""-12,000"",""外資自營商買進股數"":""0"",""外資自營商賣出股數"":""0"",""外資自營商買賣超股數"":""0"",""投信買進股數"":""0"",""投信賣出股數"":""0"",""投信買賣超股數"":""0"",""自營商買賣超股數"":""-2,000"",""自營商買進股數(自行買賣)"":""0"",""自營商賣出股數(自行買賣)"":""0"",""自營商買賣超股數(自行買賣)"":""0"",""自營商買進股數(避險)"":""13,000"",""自營商賣出股數(避險)"":""15,000"",""自營商買賣超股數(避險)"":""-2,000"",""三大法人買賣超股數"":""-14,000""}"
2026-09-29,TWSE,2440,太空梭          ,15000,29000,-14000,0,0,0,0,0,0,"{""證券代號"":""2440"",""證券名稱"":""太空梭          "",""外陸資買進股數(不含外資自營商)"":""15,000"",""外陸資賣出股數(不含外資自營商)"":""29,000"",""外陸資買賣超股數(不含外資自營商)"":""-14,000"",""外資自營商買進股數"":""0"",""外資自營商賣出股數"":""0"",""外資自營商買賣超股數"":""0"",""投信買進股數"":""0"",""投信賣出股數"":""0"",""投信買賣超股數"":""0"",""自營商買賣超股數"":""0"",""自營商買進股數(自行買賣)"":""0"",""自營商賣出股數(自行買賣)"":""0"",""自營商買賣超股數(自行買賣)"":""0"",""自營商買進股數(避險)"":""0"",""自營商賣出股數(避險)"":""0"",""自營商買賣超股數(避險)"":""0"",""三大法人買賣超股數"":""-14,000""}"
2026-09-29,TWSE,1906,寶隆            ,7000,19000,-12000,0,0,0,0,0,-2000,"{""證券代號"":""1906"",""證券名稱"":""寶隆            "",""外陸資買進股數(不含外資自營商)"":""7,000"",""外陸資賣出股數(不含外資自營商)"":""19,000"",""外陸資買賣超股數(不含外資自營商)"":""-12,000"",""外資自營商買進股數"":""0"",""外資自營商賣出股數"":""0"",""外資自營商買賣超股數"":""0"",""投信買進股數"":""0"",""投信賣出股數"":""0"",""投信買賣超股數"":""0"",""自營商買賣超股數"":""-2,000"",""自營商買進股數(自行買賣)"":""0"",""自營商賣出股數(自行買賣)"":""2,000"",""自營商買賣超股數(自行買賣)"":""-2,000"",""自營商買進股數(避險)"":""0"",""自營商賣出股數(避險)"":""0"",""自營商買賣超股數(避險)"":""0"",""三大法人買賣超股數"":""-14,000""}"
2026-09-29,TWSE,1762,中化生          ,2000,20000,-18000,0,0,0,0,0,4000,"{""證券代號"":""1762"",""證券名稱"":""中化生          "",""外陸資買進股數(不含外資自營商)"":""2,000"",""外陸資賣出股數(不含外資自營商)"":""20,000"",""外陸資買賣超股數(不含外資自營商)"":""-18,000"",""外資自營商買進股數"":""0"",""外資自營商賣出股數"":""0"",""外資自營商買賣超股數"":""0"",""投信買進股數"":""0"",""投信賣出股數"":""0"",""投信買賣超股數"":""0"",""自營商買賣超股數"":""4,000"",""自營商買進股數(自行買賣)"":""4,000"",""自營商賣出股數(自行買賣)"":""0"",""自營商買賣超股數(自行買賣)"":""4,000"",""自營商買進股數(避險)"":""0"",""自營商賣出股數(避險)"":""0"",""自營商買賣超股數(避險)"":""0"",""三大法人買賣超股數"":""-14,000""}"
2026-09-29,TWSE,2705,六福            ,4000,18000,-14000,0,0,0,0,0,0,"{""證券代號"":""2705"",""證券名稱"":""六福            "",""外陸資買進股數(不含外資自營商)"":""4,000"",""外陸資賣出股數(不含外資自營商)"":""18,000"",""外陸資買賣超股數(不含外資自營商)"":""-14,000"",""外資自營商買進股數"":""0"",""外資自營商賣出股數"":""0"",""外資自營商買賣超股數"":""0"",""投信買進股數"":""0"",""投信賣出股數"":""0"",""投信買賣超股數"":""0"",""自營商買賣超股數"":""0"",""自營商買進股數(自行買賣)"":""0"",""自營商賣出股數(自行買賣)"":""0"",""自營商買賣超股數(自行買賣)"":""0"",""自營商買進股數(避險)"":""0"",""自營商賣出股數(避險)"":""0"",""自營商買賣超股數(避險)"":""0"",""三大法人買賣超股數"":""-14,000""}"
2026-09-29,TWSE,1623,大東電          ,1030,15040,-14010,0,0,0,0,0,0,"{""證券代號"":""1623"",""證券名稱"":""大東電          "",""外陸資買進股數(不含外資自營商)"":""1,030"",""外陸資賣出股數(不含外資自營商)"":""15,040"",""外陸資買賣超股數(不含外資自營商)"":""-14,010"",""外資自營商買進股數"":""0"",""外資自營商賣出股數"":""0"",""外資自營商買賣超股數"":""0"",""投信買進股數"":""0"",""投信賣出股數"":""0"",""投信買賣超股數"":""0"",""自營商買賣超股數"":""0"",""自營商買進股數(自行買賣)"":""0"",""自營商賣出股數(自行買賣)"":""0"",""自營商買賣超股數(自行買賣)"":""0"",""自營商買進股數(避險)"":""0"",""自營商賣出股數(避險)"":""0"",""自營商買賣超股數(避險)"":""0"",""三大法人買賣超股數"":""-14,010""}"
2026-09-29,TWSE,3046,建碁            ,20000,34122,-14122,0,0,0,0,0,0,"{""證券代號"":""3046"",""證券名稱"":""建碁            "",""外陸資買進股數(不含外資自營商)"":""20,000"",""外陸資賣出股數(不含外資自營商)"":""34,122"",""外陸資買賣超股數(不含外資自營商)"":""-14,122"",""外資自營商買進股數"":""0"",""外資自營商賣出股數"":""0"",""外資自營商買賣超股數"":""0"",""投信買進股數"":""0"",""投信賣出股數"":""0"",""投信買賣超股數"":""0"",""自營商買賣超股數"":""0"",""自營商買進股數(自行買賣)"":""0"",""自營商賣出股數(自行買賣)"":""0"",""自營商買賣超股數(自行買賣)"":""0"",""自營商買進股數(避險)"":""0"",""自營商賣出股數(避險)"":""0"",""自營商買賣超股數(避險)"":""0"",""三大法人買賣超股數"":""-14,122""}"
2026-09-29,TWSE,2477,美隆電          ,16000,34376,-18376,3400,0,3400,0,0,0,"{""證券代號"":""2477"",""證券名稱"":""美隆電          "",""外陸資買進股數(不含外資自營商)"":""16,000"",""外陸資賣出股數(不含外資自營商)"":""34,376"",""外陸資買賣超股數(不含外資自營商)"":""-18,376"",""外資自營商買進股數"":""0"",""外資自營商賣出股數"":""0"",""外資自營商買賣超股數"":""0"",""投信買進股數"":""3,400"",""投信賣出股數"":""0"",""投信買賣超股數"":""3,400"",""自營商買賣超股數"":""0"",""自營商買進股數(自行買賣)"":""0"",""自營商賣出股數(自行買賣)"":""0"",""自營商買賣超股數(自行買賣)"":""0"",""自營商買進股數(避險)"":""0"",""自營商賣出股數(避險)"":""0"",""自營商買賣超股數(避險)"":""0"",""三大法人買賣超股數"":""-14,976""}"
2026-09-29,TWSE,1531,高林股          ,9000,24000,-15000,0,0,0,0,0,0,"{""證券代號"":""1531"",""證券名稱"":""高林股          "",""外陸資買進股數(不含外資自營商)"":""9,000"",""外陸資賣出股數(不含外資自營商)"":""24,000"",""外陸資買賣超股數(不含外資自營商)"":""-15,000"",""外資自營商買進股數"":""0"",""外資自營商賣出股數"":""0"",""外資自營商買賣超股數"":""0"",""投信買進股數"":""0"",""投信賣出股數"":""0"",""投信買賣超股數"":""0"",""自營商買賣超股數"":""0"",""自營商買進股數(自行買賣)"":""1,000"",""自營商賣出股數(自行買賣)"":""1,000"",""自營商買賣超股數(自行買賣)"":""0"",""自營商買進股數(避險)"":""0"",""自營商賣出股數(避險)"":""0"",""自營商買賣超股數(避險)"":""0"",""三大法人買賣超股數"":""-15,000""}"
2026-09-29,TWSE,2450,神腦            ,3000,18000,-15000,0,0,0,0,0,0,"{""證券代號"":""2450"",""證券名稱"":""神腦            "",""外陸資買進股數(不含外資自營商)"":""3,000"",""外陸資賣出股數(不含外資自營商)"":""18,000"",""外陸資買賣超股數(不含外資自營商)"":""-15,000"",""外資自營商買進股數"":""0"",""外資自營商賣出股數"":""0"",""外資自營商買賣超股數"":""0"",""投信買進股數"":""0"",""投信賣出股數"":""0"",""投信買賣超股數"":""0"",""自營商買賣超股數"":""0"",""自營商買進股數(自行買賣)"":""0"",""自營商賣出股數(自行買賣)"":""0"",""自營商買賣超股數(自行買賣)"":""0"",""自營商買進股數(避險)"":""0"",""自營商賣出股數(避險)"":""0"",""自營商買賣超股數(避險)"":""0"",""三大法人買賣超股數"":""-15,000""}"
2026-09-29,TWSE,2616,山隆            ,1000,16000,-15000,0,0,0,0,0,0,"{""證券代號"":""2616"",""證券名稱"":""山隆            "",""外陸資買進股數(不含外資自營商)"":""1,000"",""外陸資賣出股數(不含外資自營商)"":""16,000"",""外陸資買賣超股數(不含外資自營商)"":""-15,000"",""外資自營商買進股數"":""0"",""外資自營商賣出股數"":""0"",""外資自營商買賣超股數"":""0"",""投信買進股數"":""0"",""投信賣出股數"":""0"",""投信買賣超股數"":""0"",""自營商買賣超股數"":""0"",""自營商買進股數(自行買賣)"":""0"",""自營商賣出股數(自行買賣)"":""0"",""自營商買賣超股數(自行買賣)"":""0"",""自營商買進股數(避險)"":""0"",""自營商賣出股數(避險)"":""0"",""自營商買賣超股數(避險)"":""0"",""三大法人買賣超股數"":""-15,000""}"
2026-09-29,TWSE,5007,三星            ,4000,19000,-15000,0,0,0,0,0,0,"{""證券代號"":""5007"",""證券名稱"":""三星            "",""外陸資買進股數(不含外資自營商)"":""4,000"",""外陸資賣出股數(不含外資自營商)"":""19,000"",""外陸資買賣超股數(不含外資自營商)"":""-15,000"",""外資自營商買進股數"":""0"",""外資自營商賣出股數"":""0"",""外資自營商買賣超股數"":""0"",""投信買進股數"":""0"",""投信賣出股數"":""0"",""投信買賣超股數"":""0"",""自營商買賣超股數"":""0"",""自營商買進股數(自行買賣)"":""0"",""自營商賣出股數(自行買賣)"":""0"",""自營商買賣超股數(自行買賣)"":""0"",""自營商買進股數(避險)"":""0"",""自營商賣出股數(避險)"":""0"",""自營商買賣超股數(避險)"":""0"",""三大法人買賣超股數"":""-15,000""}"
2026-09-29,TWSE,4942,嘉彰            ,3000,18000,-15000,0,0,0,0,0,0,"{""證券代號"":""4942"",""證券名稱"":""嘉彰            "",""外陸資買進股數(不含外資自營商)"":""3,000"",""外陸資賣出股數(不含外資自營商)"":""18,000"",""外陸資買賣超股數(不含外資自營商)"":""-15,000"",""外資自營商買進股數"":""0"",""外資自營商賣出股數"":""0"",""外資自營商買賣超股數"":""0"",""投信買進股數"":""0"",""投信賣出股數"":""0"",""投信買賣超股數"":""0"",""自營商買賣超股數"":""0"",""自營商買進股數(自行買賣)"":""0"",""自營商賣出股數(自行買賣)"":""0"",""自營商買賣超股數(自行買賣)"":""0"",""自營商買進股數(避險)"":""0"",""自營商賣出股數(避險)"":""0"",""自營商買賣超股數(避險)"":""0"",""三大法人買賣超股數"":""-15,000""}"
2026-09-29,TWSE,9937,全國            ,3000,18000,-15000,0,0,0,0,0,0,"{""證券代號"":""9937"",""證券名稱"":""全國            "",""外陸資買進股數(不含外資自營商)"":""3,000"",""外陸資賣出股數(不含外資自營商)"":""18,000"",""外陸資買賣超股數(不含外資自營商)"":""-15,000"",""外資自營商買進股數"":""0"",""外資自營商賣出股數"":""0"",""外資自營商買賣超股數"":""0"",""投信買進股數"":""0"",""投信賣出股數"":""0"",""投信買賣超股數"":""0"",""自營商買賣超股數"":""0"",""自營商買進股數(自行買賣)"":""0"",""自營商賣出股數(自行買賣)"":""0"",""自營商買賣超股數(自行買賣)"":""0"",""自營商買進股數(避險)"":""0"",""自營商賣出股數(避險)"":""0"",""自營商買賣超股數(避險)"":""0"",""三大法人買賣超股數"":""-15,000""}"
2026-09-29,TWSE,1337,再生-KY         ,20000,35813,-15813,0,0,0,0,0,0,"{""證券代號"":""1337"",""證券名稱"":""再生-KY         "",""外陸資買進股數(不含外資自營商)"":""20,000"",""外陸資賣出股數(不含外資自營商)"":""35,813"",""外陸資買賣超股數(不含外資自營商)"":""-15,813"",""外資自營商買進股數"":""0"",""外資自營商賣出股數"":""0"",""外資自營商買賣超股數"":""0"",""投信買進股數"":""0"",""投信賣出股數"":""0"",""投信買賣超股數"":""0"",""自營商買賣超股數"":""0"",""自營商買進股數(自行買賣)"":""0"",""自營商賣出股數(自行買賣)"":""0"",""自營商買賣超股數(自行買賣)"":""0"",""自營商買進股數(避險)"":""0"",""自營商賣出股數(避險)"":""0"",""自營商買賣超股數(避險)"":""0"",""三大法人買賣超股數"":""-15,813""}"
2026-09-29,TWSE,1587,吉茂            ,38000,54000,-16000,0,0,0,0,0,0,"{""證券代號"":""1587"",""證券名稱"":""吉茂            "",""外陸資買進股數(不含外資自營商)"":""38,000"",""外陸資賣出股數(不含外資自營商)"":""54,000"",""外陸資買賣超股數(不含外資自營商)"":""-16,000"",""外資自營商買進股數"":""0"",""外資自營商賣出股數"":""0"",""外資自營商買賣超股數"":""0"",""投信買進股數"":""0"",""投信賣出股數"":""0"",""投信買賣超股數"":""0"",""自營商買賣超股數"":""0"",""自營商買進股數(自行買賣)"":""0"",""自營商賣出股數(自行買賣)"":""0"",""自營商買賣超股數(自行買賣)"":""0"",""自營商買進股數(避險)"":""0"",""自營商賣出股數(避險)"":""0"",""自營商買賣超股數(避險)"":""0"",""三大法人買賣超股數"":""-16,000""}"
2026-09-29,TWSE,2516,新建            ,18000,34000,-16000,0,0,0,0,0,0,"{""證券代號"":""2516"",""證券名稱"":""新建            "",""外陸資買進股數(不含外資自營商)"":""18,000"",""外陸資賣出股數(不含外資自營商)"":""34,000"",""外陸資買賣超股數(不含外資自營商)"":""-16,000"",""外資自營商買進股數"":""0"",""外資自營商賣出股數"":""0"",""外資自營商買賣超股數"":""0"",""投信買進股數"":""0"",""投信賣出股數"":""0"",""投信買賣超股數"":""0"",""自營商買賣超股數"":""0"",""自營商買進股數(自行買賣)"":""0"",""自營商賣出股數(自行買賣)"":""0"",""自營商買賣超股數(自行買賣)"":""0"",""自營商買進股數(避險)"":""0"",""自營商賣出股數(避險)"":""0"",""自營商買賣超股數(避險)"":""0"",""三大法人買賣超股數"":""-16,000""}"
2026-09-29,TWSE,6931,青松健康        ,3000,21000,-18000,0,0,0,0,0,2000,"{""證券代號"":""6931"",""證券名稱"":""青松健康        "",""外陸資買進股數(不含外資自營商)"":""3,000"",""外陸資賣出股數(不含外資自營商)"":""21,000"",""外陸資買賣超股數(不含外資自營商)"":""-18,000"",""外資自營商買進股數"":""0"",""外資自營商賣出股數"":""0"",""外資自營商買賣超股數"":""0"",""投信買進股數"":""0"",""投信賣出股數"":""0"",""投信買賣超股數"":""0"",""自營商買賣超股數"":""2,000"",""自營商買進股數(自行買賣)"":""2,000"",""自營商賣出股數(自行買賣)"":""0"",""自營商買賣超股數(自行買賣)"":""2,000"",""自營商買進股數(避險)"":""0"",""自營商賣出股數(避險)"":""0"",""自營商買賣超股數(避險)"":""0"",""三大法人買賣超股數"":""-16,000""}"
2026-09-29,TWSE,3266,昇陽            ,2000,19000,-17000,0,0,0,0,0,1000,"{""證券代號"":""3266"",""證券名稱"":""昇陽            "",""外陸資買進股數(不含外資自營商)"":""2,000"",""外陸資賣出股數(不含外資自營商)"":""19,000"",""外陸資買賣超股數(不含外資自營商)"":""-17,000"",""外資自營商買進股數"":""0"",""外資自營商賣出股數"":""0"",""外資自營商買賣超股數"":""0"",""投信買進股數"":""0"",""投信賣出股數"":""0"",""投信買賣超股數"":""0"",""自營商買賣超股數"":""1,000"",""自營商買進股數(自行買賣)"":""1,000"",""自營商賣出股數(自行買賣)"":""0"",""自營商買賣超股數(自行買賣)"":""1,000"",""自營商買進股數(避險)"":""0"",""自營商賣出股數(避險)"":""0"",""自營商買賣超股數(避險)"":""0"",""三大法人買賣超股數"":""-16,000""}"
2026-09-29,TWSE,6409,旭隼            ,146868,159019,-12151,0,4000,-4000,10937,9812,125,"{""證券代號"":""6409"",""證券名稱"":""旭隼            "",""外陸資買進股數(不含外資自營商)"":""146,868"",""外陸資賣出股數(不含外資自營商)"":""159,019"",""外陸資買賣超股數(不含外資自營商)"":""-12,151"",""外資自營商買進股數"":""0"",""外資自營商賣出股數"":""0"",""外資自營商買賣超股數"":""0"",""投信買進股數"":""0"",""投信賣出股數"":""4,000"",""投信買賣超股數"":""-4,000"",""自營商買賣超股數"":""125"",""自營商買進股數(自行買賣)"":""0"",""自營商賣出股數(自行買賣)"":""1,000"",""自營商買賣超股數(自行買賣)"":""-1,000"",""自營商買進股數(避險)"":""10,937"",""自營商賣出股數(避險)"":""9,812"",""自營商買賣超股數(避險)"":""1,125"",""三大法人買賣超股數"":""-16,026""}"
2026-09-29,TWSE,6863,永道-KY         ,11000,26000,-15000,0,0,0,0,0,-1505,"{""證券代號"":""6863"",""證券名稱"":""永道-KY         "",""外陸資買進股數(不含外資自營商)"":""11,000"",""外陸資賣出股數(不含外資自營商)"":""26,000"",""外陸資買賣超股數(不含外資自營商)"":""-15,000"",""外資自營商買進股數"":""0"",""外資自營商賣出股數"":""0"",""外資自營商買賣超股數"":""0"",""投信買進股數"":""0"",""投信賣出股數"":""0"",""投信買賣超股數"":""0"",""自營商買賣超股數"":""-1,505"",""自營商買進股數(自行買賣)"":""0"",""自營商賣出股數(自行買賣)"":""1,505"",""自營商買賣超股數(自行買賣)"":""-1,505"",""自營商買進股數(避險)"":""0"",""自營商賣出股數(避險)"":""0"",""自營商買賣超股數(避險)"":""0"",""三大法人買賣超股數"":""-16,505""}"
2026-09-29,TWSE,00711B,復華彭博新興債  ,0,0,0,0,0,0,122999,139800,-16801,"{""證券代號"":""00711B"",""證券名稱"":""復華彭博新興債  "",""外陸資買進股數(不含外資自營商)"":""0"",""外陸資賣出股數(不含外資自營商)"":""0"",""外陸資買賣超股數(不含外資自營商)"":""0"",""外資自營商買進股數"":""0"",""外資自營商賣出股數"":""0"",""外資自營商買賣超股數"":""0"",""投信買進股數"":""0"",""投信賣出股數"":""0"",""投信買賣超股數"":""0"",""自營商買賣超股數"":""-16,801"",""自營商買進股數(自行買賣)"":""0"",""自營商賣出股數(自行買賣)"":""0"",""自營商買賣超股數(自行買賣)"":""0"",""自營商買進股數(避險)"":""122,999"",""自營商賣出股數(避險)"":""139,800"",""自營商買賣超股數(避險)"":""-16,801"",""三大法人買賣超股數"":""-16,801""}"
2026-09-29,TWSE,1232,大統益          ,10012,27000,-16988,0,0,0,0,0,0,"{""證券代號"":""1232"",""證券名稱"":""大統益          "",""外陸資買進股數(不含外資自營商)"":""10,012"",""外陸資賣出股數(不含外資自營商)"":""27,000"",""外陸資買賣超股數(不含外資自營商)"":""-16,988"",""外資自營商買進股數"":""0"",""外資自營商賣出股數"":""0"",""外資自營商買賣超股數"":""0"",""投信買進股數"":""0"",""投信賣出股數"":""0"",""投信買賣超股數"":""0"",""自營商買賣超股數"":""0"",""自營商買進股數(自行買賣)"":""0"",""自營商賣出股數(自行買賣)"":""0"",""自營商買賣超股數(自行買賣)"":""0"",""自營商買進股數(避險)"":""0"",""自營商賣出股數(避險)"":""0"",""自營商買賣超股數(避險)"":""0"",""三大法人買賣超股數"":""-16,988""}"
2026-09-29,TWSE,3038,全台            ,20000,37000,-17000,0,0,0,0,0,0,"{""證券代號"":""3038"",""證券名稱"":""全台            "",""外陸資買進股數(不含外資自營商)"":""20,000"",""外陸資賣出股數(不含外資自營商)"":""37,000"",""外陸資買賣超股數(不含外資自營商)"":""-17,000"",""外資自營商買進股數"":""0"",""外資自營商賣出股數"":""0"",""外資自營商買賣超股數"":""0"",""投信買進股數"":""0"",""投信賣出股數"":""0"",""投信買賣超股數"":""0"",""自營商買賣超股數"":""0"",""自營商買進股數(自行買賣)"":""0"",""自營商賣出股數(自行買賣)"":""0"",""自營商買賣超股數(自行買賣)"":""0"",""自營商買進股數(避險)"":""0"",""自營商賣出股數(避險)"":""0"",""自營商買賣超股數(避險)"":""0"",""三大法人買賣超股數"":""-17,000""}"
2026-09-29,TWSE,2911,麗嬰房          ,9000,26000,-17000,0,0,0,0,0,0,"{""證券代號"":""2911"",""證券名稱"":""麗嬰房          "",""外陸資買進股數(不含外資自營商)"":""9,000"",""外陸資賣出股數(不含外資自營商)"":""26,000"",""外陸資買賣超股數(不含外資自營商)"":""-17,000"",""外資自營商買進股數"":""0"",""外資自營商賣出股數"":""0"",""外資自營商買賣超股數"":""0"",""投信買進股數"":""0"",""投信賣出股數"":""0"",""投信買賣超股數"":""0"",""自營商買賣超股數"":""0"",""自營商買進股數(自行買賣)"":""0"",""自營商賣出股數(自行買賣)"":""0"",""自營商買賣超股數(自行買賣)"":""0"",""自營商買進股數(避險)"":""0"",""自營商賣出股數(避險)"":""0"",""自營商買賣超股數(避險)"":""0"",""三大法人買賣超股數"":""-17,000""}"
2026-09-29,TWSE,2227,裕日車          ,0,17086,-17086,0,0,0,0,0,0,"{""證券代號"":""2227"",""證券名稱"":""裕日車          "",""外陸資買進股數(不含外資自營商)"":""0"",""外陸資賣出股數(不含外資自營商)"":""17,086"",""外陸資買賣超股數(不含外資自營商)"":""-17,086"",""外資自營商買進股數"":""0"",""外資自營商賣出股數"":""0"",""外資自營商買賣超股數"":""0"",""投信買進股數"":""0"",""投信賣出股數"":""0"",""投信買賣超股數"":""0"",""自營商買賣超股數"":""0"",""自營商買進股數(自行買賣)"":""0"",""自營商賣出股數(自行買賣)"":""0"",""自營商買賣超股數(自行買賣)"":""0"",""自營商買進股數(避險)"":""0"",""自營商賣出股數(避險)"":""0"",""自營商買賣超股數(避險)"":""0"",""三大法人買賣超股數"":""-17,086""}"
2026-09-29,TWSE,2239,英利-KY         ,2000,20000,-18000,0,0,0,0,0,0,"{""證券代號"":""2239"",""證券名稱"":""英利-KY         "",""外陸資買進股數(不含外資自營商)"":""2,000"",""外陸資賣出股數(不含外資自營商)"":""20,000"",""外陸資買賣超股數(不含外資自營商)"":""-18,000"",""外資自營商買進股數"":""0"",""外資自營商賣出股數"":""0"",""外資自營商買賣超股數"":""0"",""投信買進股數"":""0"",""投信賣出股數"":""0"",""投信買賣超股數"":""0"",""自營商買賣超股數"":""0"",""自營商買進股數(自行買賣)"":""0"",""自營商賣出股數(自行買賣)"":""0"",""自營商買賣超股數(自行買賣)"":""0"",""自營商買進股數(避險)"":""0"",""自營商賣出股數(避險)"":""0"",""自營商買賣超股數(避險)"":""0"",""三大法人買賣超股數"":""-18,000""}"
2026-09-29,TWSE,9906,欣巴巴          ,5000,23000,-18000,0,0,0,0,0,0,"{""證券代號"":""9906"",""證券名稱"":""欣巴巴          "",""外陸資買進股數(不含外資自營商)"":""5,000"",""外陸資賣出股數(不含外資自營商)"":""23,000"",""外陸資買賣超股數(不含外資自營商)"":""-18,000"",""外資自營商買進股數"":""0"",""外資自營商賣出股數"":""0"",""外資自營商買賣超股數"":""0"",""投信買進股數"":""0"",""投信賣出股數"":""0"",""投信買賣超股數"":""0"",""自營商買賣超股數"":""0"",""自營商買進股數(自行買賣)"":""0"",""自營商賣出股數(自行買賣)"":""0"",""自營商買賣超股數(自行買賣)"":""0"",""自營商買進股數(避險)"":""0"",""自營商賣出股數(避險)"":""0"",""自營商買賣超股數(避險)"":""0"",""三大法人買賣超股數"":""-18,000""}"
2026-09-29,TWSE,3060,銘異            ,666217,686610,-20393,0,0,0,298,1,2297,"{""證券代號"":""3060"",""證券名稱"":""銘異            "",""外陸資買進股數(不含外資自營商)"":""666,217"",""外陸資賣出股數(不含外資自營商)"":""686,610"",""外陸資買賣超股數(不含外資自營商)"":""-20,393"",""外資自營商買進股數"":""0"",""外資自營商賣出股數"":""0"",""外資自營商買賣超股數"":""0"",""投信買進股數"":""0"",""投信賣出股數"":""0"",""投信買賣超股數"":""0"",""自營商買賣超股數"":""2,297"",""自營商買進股數(自行買賣)"":""2,000"",""自營商賣出股數(自行買賣)"":""0"",""自營商買賣超股數(自行買賣)"":""2,000"",""自營商買進股數(避險)"":""298"",""自營商賣出股數(避險)"":""1"",""自營商買賣超股數(避險)"":""297"",""三大法人買賣超股數"":""-18,096""}"
2026-09-29,TWSE,6243,迅杰            ,88333,107000,-18667,0,0,0,1800,1514,286,"{""證券代號"":""6243"",""證券名稱"":""迅杰            "",""外陸資買進股數(不含外資自營商)"":""88,333"",""外陸資賣出股數(不含外資自營商)"":""107,000"",""外陸資買賣超股數(不含外資自營商)"":""-18,667"",""外資自營商買進股數"":""0"",""外資自營商賣出股數"":""0"",""外資自營商買賣超股數"":""0"",""投信買進股數"":""0"",""投信賣出股數"":""0"",""投信買賣超股數"":""0"",""自營商買賣超股數"":""286"",""自營商買進股數(自行買賣)"":""0"",""自營商賣出股數(自行買賣)"":""0"",""自營商買賣超股數(自行買賣)"":""0"",""自營商買進股數(避險)"":""1,800"",""自營商賣出股數(避險)"":""1,514"",""自營商買賣超股數(避險)"":""286"",""三大法人買賣超股數"":""-18,381""}"
2026-09-29,TWSE,6115,鎰勝            ,33000,53000,-20000,0,0,0,0,0,1000,"{""證券代號"":""6115"",""證券名稱"":""鎰勝            "",""外陸資買進股數(不含外資自營商)"":""33,000"",""外陸資賣出股數(不含外資自營商)"":""53,000"",""外陸資買賣超股數(不含外資自營商)"":""-20,000"",""外資自營商買進股數"":""0"",""外資自營商賣出股數"":""0"",""外資自營商買賣超股數"":""0"",""投信買進股數"":""0"",""投信賣出股數"":""0"",""投信買賣超股數"":""0"",""自營商買賣超股數"":""1,000"",""自營商買進股數(自行買賣)"":""1,000"",""自營商賣出股數(自行買賣)"":""0"",""自營商買賣超股數(自行買賣)"":""1,000"",""自營商買進股數(避險)"":""0"",""自營商賣出股數(避險)"":""0"",""自營商買賣超股數(避險)"":""0"",""三大法人買賣超股數"":""-19,000""}"
2026-09-29,TWSE,7765,中華資安        ,18000,36000,-18000,0,0,0,0,0,-1000,"{""證券代號"":""7765"",""證券名稱"":""中華資安        "",""外陸資買進股數(不含外資自營商)"":""18,000"",""外陸資賣出股數(不含外資自營商)"":""36,000"",""外陸資買賣超股數(不含外資自營商)"":""-18,000"",""外資自營商買進股數"":""0"",""外資自營商賣出股數"":""0"",""外資自營商買賣超股數"":""0"",""投信買進股數"":""0"",""投信賣出股數"":""0"",""投信買賣超股數"":""0"",""自營商買賣超股數"":""-1,000"",""自營商買進股數(自行買賣)"":""0"",""自營商賣出股數(自行買賣)"":""1,000"",""自營商買賣超股數(自行買賣)"":""-1,000"",""自營商買進股數(避險)"":""0"",""自營商賣出股數(避險)"":""0"",""自營商買賣超股數(避險)"":""0"",""三大法人買賣超股數"":""-19,000""}"
2026-09-29,TWSE,1445,大宇            ,3000,22000,-19000,0,0,0,0,0,0,"{""證券代號"":""1445"",""證券名稱"":""大宇            "",""外陸資買進股數(不含外資自營商)"":""3,000"",""外陸資賣出股數(不含外資自營商)"":""22,000"",""外陸資買賣超股數(不含外資自營商)"":""-19,000"",""外資自營商買進股數"":""0"",""外資自營商賣出股數"":""0"",""外資自營商買賣超股數"":""0"",""投信買進股數"":""0"",""投信賣出股數"":""0"",""投信買賣超股數"":""0"",""自營商買賣超股數"":""0"",""自營商買進股數(自行買賣)"":""0"",""自營商賣出股數(自行買賣)"":""0"",""自營商買賣超股數(自行買賣)"":""0"",""自營商買進股數(避險)"":""0"",""自營商賣出股數(避險)"":""0"",""自營商買賣超股數(避險)"":""0"",""三大法人買賣超股數"":""-19,000""}"
2026-09-29,TWSE,2701,萬企            ,5000,24000,-19000,0,0,0,0,0,0,"{""證券代號"":""2701"",""證券名稱"":""萬企            "",""外陸資買進股數(不含外資自營商)"":""5,000"",""外陸資賣出股數(不含外資自營商)"":""24,000"",""外陸資買賣超股數(不含外資自營商)"":""-19,000"",""外資自營商買進股數"":""0"",""外資自營商賣出股數"":""0"",""外資自營商買賣超股數"":""0"",""投信買進股數"":""0"",""投信賣出股數"":""0"",""投信買賣超股數"":""0"",""自營商買賣超股數"":""0"",""自營商買進股數(自行買賣)"":""0"",""自營商賣出股數(自行買賣)"":""0"",""自營商買賣超股數(自行買賣)"":""0"",""自營商買進股數(避險)"":""0"",""自營商賣出股數(避險)"":""0"",""自營商買賣超股數(避險)"":""0"",""三大法人買賣超股數"":""-19,000""}"
2026-09-29,TWSE,2514,龍邦            ,5000,24000,-19000,0,0,0,0,0,0,"{""證券代號"":""2514"",""證券名稱"":""龍邦            "",""外陸資買進股數(不含外資自營商)"":""5,000"",""外陸資賣出股數(不含外資自營商)"":""24,000"",""外陸資買賣超股數(不含外資自營商)"":""-19,000"",""外資自營商買進股數"":""0"",""外資自營商賣出股數"":""0"",""外資自營商買賣超股數"":""0"",""投信買進股數"":""0"",""投信賣出股數"":""0"",""投信買賣超股數"":""0"",""自營商買賣超股數"":""0"",""自營商買進股數(自行買賣)"":""0"",""自營商賣出股數(自行買賣)"":""0"",""自營商買賣超股數(自行買賣)"":""0"",""自營商買進股數(避險)"":""0"",""自營商賣出股數(避險)"":""0"",""自營商買賣超股數(避險)"":""0"",""三大法人買賣超股數"":""-19,000""}"
2026-09-29,TWSE,6958,日盛台駿        ,6000,26000,-20000,0,0,0,0,0,0,"{""證券代號"":""6958"",""證券名稱"":""日盛台駿        "",""外陸資買進股數(不含外資自營商)"":""6,000"",""外陸資賣出股數(不含外資自營商)"":""26,000"",""外陸資買賣超股數(不含外資自營商)"":""-20,000"",""外資自營商買進股數"":""0"",""外資自營商賣出股數"":""0"",""外資自營商買賣超股數"":""0"",""投信買進股數"":""0"",""投信賣出股數"":""0"",""投信買賣超股數"":""0"",""自營商買賣超股數"":""0"",""自營商買進股數(自行買賣)"":""0"",""自營商賣出股數(自行買賣)"":""0"",""自營商買賣超股數(自行買賣)"":""0"",""自營商買進股數(避險)"":""0"",""自營商賣出股數(避險)"":""0"",""自營商買賣超股數(避險)"":""0"",""三大法人買賣超股數"":""-20,000""}"
2026-09-29,TWSE,1109,信大            ,3000,23000,-20000,0,0,0,0,0,0,"{""證券代號"":""1109"",""證券名稱"":""信大            "",""外陸資買進股數(不含外資自營商)"":""3,000"",""外陸資賣出股數(不含外資自營商)"":""23,000"",""外陸資買賣超股數(不含外資自營商)"":""-20,000"",""外資自營商買進股數"":""0"",""外資自營商賣出股數"":""0"",""外資自營商買賣超股數"":""0"",""投信買進股數"":""0"",""投信賣出股數"":""0"",""投信買賣超股數"":""0"",""自營商買賣超股數"":""0"",""自營商買進股數(自行買賣)"":""0"",""自營商賣出股數(自行買賣)"":""0"",""自營商買賣超股數(自行買賣)"":""0"",""自營商買進股數(避險)"":""0"",""自營商賣出股數(避險)"":""0"",""自營商買賣超股數(避險)"":""0"",""三大法人買賣超股數"":""-20,000""}"
2026-09-29,TWSE,5907,大洋-KY         ,9000,29000,-20000,0,0,0,0,0,0,"{""證券代號"":""5907"",""證券名稱"":""大洋-KY         "",""外陸資買進股數(不含外資自營商)"":""9,000"",""外陸資賣出股數(不含外資自營商)"":""29,000"",""外陸資買賣超股數(不含外資自營商)"":""-20,000"",""外資自營商買進股數"":""0"",""外資自營商賣出股數"":""0"",""外資自營商買賣超股數"":""0"",""投信買進股數"":""0"",""投信賣出股數"":""0"",""投信買賣超股數"":""0"",""自營商買賣超股數"":""0"",""自營商買進股數(自行買賣)"":""0"",""自營商賣出股數(自行買賣)"":""0"",""自營商買賣超股數(自行買賣)"":""0"",""自營商買進股數(避險)"":""0"",""自營商賣出股數(避險)"":""0"",""自營商買賣超股數(避險)"":""0"",""三大法人買賣超股數"":""-20,000""}"
2026-09-29,TWSE,5306,桂盟            ,14000,34000,-20000,0,0,0,0,0,0,"{""證券代號"":""5306"",""證券名稱"":""桂盟            "",""外陸資買進股數(不含外資自營商)"":""14,000"",""外陸資賣出股數(不含外資自營商)"":""34,000"",""外陸資買賣超股數(不含外資自營商)"":""-20,000"",""外資自營商買進股數"":""0"",""外資自營商賣出股數"":""0"",""外資自營商買賣超股數"":""0"",""投信買進股數"":""0"",""投信賣出股數"":""0"",""投信買賣超股數"":""0"",""自營商買賣超股數"":""0"",""自營商買進股數(自行買賣)"":""0"",""自營商賣出股數(自行買賣)"":""0"",""自營商買賣超股數(自行買賣)"":""0"",""自營商買進股數(避險)"":""0"",""自營商賣出股數(避險)"":""0"",""自營商買賣超股數(避險)"":""0"",""三大法人買賣超股數"":""-20,000""}"
2026-09-29,TWSE,6591,動力-KY         ,17000,37000,-20000,0,0,0,0,0,-301,"{""證券代號"":""6591"",""證券名稱"":""動力-KY         "",""外陸資買進股數(不含外資自營商)"":""17,000"",""外陸資賣出股數(不含外資自營商)"":""37,000"",""外陸資買賣超股數(不含外資自營商)"":""-20,000"",""外資自營商買進股數"":""0"",""外資自營商賣出股數"":""0"",""外資自營商買賣超股數"":""0"",""投信買進股數"":""0"",""投信賣出股數"":""0"",""投信買賣超股數"":""0"",""自營商買賣超股數"":""-301"",""自營商買進股數(自行買賣)"":""0"",""自營商賣出股數(自行買賣)"":""301"",""自營商買賣超股數(自行買賣)"":""-301"",""自營商買進股數(避險)"":""0"",""自營商賣出股數(避險)"":""0"",""自營商買賣超股數(避險)"":""0"",""三大法人買賣超股數"":""-20,301""}"
2026-09-29,TWSE,6916,華凌            ,1000,21000,-20000,0,0,0,0,0,-618,"{""證券代號"":""6916"",""證券名稱"":""華凌            "",""外陸資買進股數(不含外資自營商)"":""1,000"",""外陸資賣出股數(不含外資自營商)"":""21,000"",""外陸資買賣超股數(不含外資自營商)"":""-20,000"",""外資自營商買進股數"":""0"",""外資自營商賣出股數"":""0"",""外資自營商買賣超股數"":""0"",""投信買進股數"":""0"",""投信賣出股數"":""0"",""投信買賣超股數"":""0"",""自營商買賣超股數"":""-618"",""自營商買進股數(自行買賣)"":""0"",""自營商賣出股數(自行買賣)"":""618"",""自營商買賣超股數(自行買賣)"":""-618"",""自營商買進股數(避險)"":""0"",""自營商賣出股數(避險)"":""0"",""自營商買賣超股數(避險)"":""0"",""三大法人買賣超股數"":""-20,618""}"
2026-09-29,TWSE,4119,旭富            ,18454,38000,-19546,0,0,0,4000,4125,-1125,"{""證券代號"":""4119"",""證券名稱"":""旭富            "",""外陸資買進股數(不含外資自營商)"":""18,454"",""外陸資賣出股數(不含外資自營商)"":""38,000"",""外陸資買賣超股數(不含外資自營商)"":""-19,546"",""外資自營商買進股數"":""0"",""外資自營商賣出股數"":""0"",""外資自營商買賣超股數"":""0"",""投信買進股數"":""0"",""投信賣出股數"":""0"",""投信買賣超股數"":""0"",""自營商買賣超股數"":""-1,125"",""自營商買進股數(自行買賣)"":""0"",""自營商賣出股數(自行買賣)"":""1,000"",""自營商買賣超股數(自行買賣)"":""-1,000"",""自營商買進股數(避險)"":""4,000"",""自營商賣出股數(避險)"":""4,125"",""自營商買賣超股數(避險)"":""-125"",""三大法人買賣超股數"":""-20,671""}"
2026-09-29,TWSE,00642U,期元大S&P石油   ,59000,96134,-37134,0,0,0,536289,519906,16383,"{""證券代號"":""00642U"",""證券名稱"":""期元大S&P石油   "",""外陸資買進股數(不含外資自營商)"":""59,000"",""外陸資賣出股數(不含外資自營商)"":""96,134"",""外陸資買賣超股數(不含外資自營商)"":""-37,134"",""外資自營商買進股數"":""0"",""外資自營商賣出股數"":""0"",""外資自營商買賣超股數"":""0"",""投信買進股數"":""0"",""投信賣出股數"":""0"",""投信買賣超股數"":""0"",""自營商買賣超股數"":""16,383"",""自營商買進股數(自行買賣)"":""0"",""自營商賣出股數(自行買賣)"":""0"",""自營商買賣超股數(自行買賣)"":""0"",""自營商買進股數(避險)"":""536,289"",""自營商賣出股數(避險)"":""519,906"",""自營商買賣超股數(避險)"":""16,383"",""三大法人買賣超股數"":""-20,751""}"
2026-09-29,TWSE,006206,元大上證50      ,0,0,0,0,0,0,292000,312910,-20910,"{""證券代號"":""006206"",""證券名稱"":""元大上證50      "",""外陸資買進股數(不含外資自營商)"":""0"",""外陸資賣出股數(不含外資自營商)"":""0"",""外陸資買賣超股數(不含外資自營商)"":""0"",""外資自營商買進股數"":""0"",""外資自營商賣出股數"":""0"",""外資自營商買賣超股數"":""0"",""投信買進股數"":""0"",""投信賣出股數"":""0"",""投信買賣超股數"":""0"",""自營商買賣超股數"":""-20,910"",""自營商買進股數(自行買賣)"":""0"",""自營商賣出股數(自行買賣)"":""0"",""自營商買賣超股數(自行買賣)"":""0"",""自營商買進股數(避險)"":""292,000"",""自營商賣出股數(避險)"":""312,910"",""自營商買賣超股數(避險)"":""-20,910"",""三大法人買賣超股數"":""-20,910""}"
2026-09-29,TWSE,3450,聯鈞            ,1938404,1921000,17404,0,0,0,18919,19824,-38345,"{""證券代號"":""3450"",""證券名稱"":""聯鈞            "",""外陸資買進股數(不含外資自營商)"":""1,938,404"",""外陸資賣出股數(不含外資自營商)"":""1,921,000"",""外陸資買賣超股數(不含外資自營商)"":""17,404"",""外資自營商買進股數"":""0"",""外資自營商賣出股數"":""0"",""外資自營商買賣超股數"":""0"",""投信買進股數"":""0"",""投信賣出股數"":""0"",""投信買賣超股數"":""0"",""自營商買賣超股數"":""-38,345"",""自營商買進股數(自行買賣)"":""17,000"",""自營商賣出股數(自行買賣)"":""54,440"",""自營商買賣超股數(自行買賣)"":""-37,440"",""自營商買進股數(避險)"":""18,919"",""自營商賣出股數(避險)"":""19,824"",""自營商買賣超股數(避險)"":""-905"",""三大法人買賣超股數"":""-20,941""}"
2026-09-29,TWSE,2237,華德動能-創     ,0,21000,-21000,0,0,0,0,0,0,"{""證券代號"":""2237"",""證券名稱"":""華德動能-創     "",""外陸資買進股數(不含外資自營商)"":""0"",""外陸資賣出股數(不含外資自營商)"":""21,000"",""外陸資買賣超股數(不含外資自營商)"":""-21,000"",""外資自營商買進股數"":""0"",""外資自營商賣出股數"":""0"",""外資自營商買賣超股數"":""0"",""投信買進股數"":""0"",""投信賣出股數"":""0"",""投信買賣超股數"":""0"",""自營商買賣超股數"":""0"",""自營商買進股數(自行買賣)"":""0"",""自營商賣出股數(自行買賣)"":""0"",""自營商買賣超股數(自行買賣)"":""0"",""自營商買進股數(避險)"":""0"",""自營商賣出股數(避險)"":""0"",""自營商買賣超股數(避險)"":""0"",""三大法人買賣超股數"":""-21,000""}"
2026-09-29,TWSE,5434,崇越            ,282881,301100,-18219,0,0,0,3308,6390,-3082,"{""證券代號"":""5434"",""證券名稱"":""崇越            "",""外陸資買進股數(不含外資自營商)"":""282,881"",""外陸資賣出股數(不含外資自營商)"":""301,100"",""外陸資買賣超股數(不含外資自營商)"":""-18,219"",""外資自營商買進股數"":""0"",""外資自營商賣出股數"":""0"",""外資自營商買賣超股數"":""0"",""投信買進股數"":""0"",""投信賣出股數"":""0"",""投信買賣超股數"":""0"",""自營商買賣超股數"":""-3,082"",""自營商買進股數(自行買賣)"":""0"",""自營商賣出股數(自行買賣)"":""0"",""自營商買賣超股數(自行買賣)"":""0"",""自營商買進股數(避險)"":""3,308"",""自營商賣出股數(避險)"":""6,390"",""自營商買賣超股數(避險)"":""-3,082"",""三大法人買賣超股數"":""-21,301""}"
2026-09-29,TWSE,6790,永豐實          ,13000,38000,-25000,3000,0,3000,1000,698,302,"{""證券代號"":""6790"",""證券名稱"":""永豐實          "",""外陸資買進股數(不含外資自營商)"":""13,000"",""外陸資賣出股數(不含外資自營商)"":""38,000"",""外陸資買賣超股數(不含外資自營商)"":""-25,000"",""外資自營商買進股數"":""0"",""外資自營商賣出股數"":""0"",""外資自營商買賣超股數"":""0"",""投信買進股數"":""3,000"",""投信賣出股數"":""0"",""投信買賣超股數"":""3,000"",""自營商買賣超股數"":""302"",""自營商買進股數(自行買賣)"":""0"",""自營商賣出股數(自行買賣)"":""0"",""自營商買賣超股數(自行買賣)"":""0"",""自營商買進股數(避險)"":""1,000"",""自營商賣出股數(避險)"":""698"",""自營商買賣超股數(避險)"":""302"",""三大法人買賣超股數"":""-21,698""}"
2026-09-29,TWSE,0051,元大中型100     ,0,1000,-1000,0,0,0,1000,21785,-20785,"{""證券代號"":""0051"",""證券名稱"":""元大中型100     "",""外陸資買進股數(不含外資自營商)"":""0"",""外陸資賣出股數(不含外資自營商)"":""1,000"",""外陸資買賣超股數(不含外資自營商)"":""-1,000"",""外資自營商買進股數"":""0"",""外資自營商賣出股數"":""0"",""外資自營商買賣超股數"":""0"",""投信買進股數"":""0"",""投信賣出股數"":""0"",""投信買賣超股數"":""0"",""自營商買賣超股數"":""-20,785"",""自營商買進股數(自行買賣)"":""0"",""自營商賣出股數(自行買賣)"":""0"",""自營商買賣超股數(自行買賣)"":""0"",""自營商買進股數(避險)"":""1,000"",""自營商賣出股數(避險)"":""21,785"",""自營商買賣超股數(避險)"":""-20,785"",""三大法人買賣超股數"":""-21,785""}"
2026-09-29,TWSE,2546,根基            ,49912,78009,-28097,0,0,0,0,0,6000,"{""證券代號"":""2546"",""證券名稱"":""根基            "",""外陸資買進股數(不含外資自營商)"":""49,912"",""外陸資賣出股數(不含外資自營商)"":""78,009"",""外陸資買賣超股數(不含外資自營商)"":""-28,097"",""外資自營商買進股數"":""0"",""外資自營商賣出股數"":""0"",""外資自營商買賣超股數"":""0"",""投信買進股數"":""0"",""投信賣出股數"":""0"",""投信買賣超股數"":""0"",""自營商買賣超股數"":""6,000"",""自營商買進股數(自行買賣)"":""6,000"",""自營商賣出股數(自行買賣)"":""0"",""自營商買賣超股數(自行買賣)"":""6,000"",""自營商買進股數(避險)"":""0"",""自營商賣出股數(避險)"":""0"",""自營商買賣超股數(避險)"":""0"",""三大法人買賣超股數"":""-22,097""}"
2026-09-29,TWSE,3135,凌航            ,35352,54695,-19343,0,0,0,0,880,-2880,"{""證券代號"":""3135"",""證券名稱"":""凌航            "",""外陸資買進股數(不含外資自營商)"":""35,352"",""外陸資賣出股數(不含外資自營商)"":""54,695"",""外陸資買賣超股數(不含外資自營商)"":""-19,343"",""外資自營商買進股數"":""0"",""外資自營商賣出股數"":""0"",""外資自營商買賣超股數"":""0"",""投信買進股數"":""0"",""投信賣出股數"":""0"",""投信買賣超股數"":""0"",""自營商買賣超股數"":""-2,880"",""自營商買進股數(自行買賣)"":""0"",""自營商賣出股數(自行買賣)"":""2,000"",""自營商買賣超股數(自行買賣)"":""-2,000"",""自營商買進股數(避險)"":""0"",""自營商賣出股數(避險)"":""880"",""自營商買賣超股數(避險)"":""-880"",""三大法人買賣超股數"":""-22,223""}"
2026-09-29,TWSE,5525,順天            ,0,23000,-23000,0,0,0,0,0,0,"{""證券代號"":""5525"",""證券名稱"":""順天            "",""外陸資買進股數(不含外資自營商)"":""0"",""外陸資賣出股數(不含外資自營商)"":""23,000"",""外陸資買賣超股數(不含外資自營商)"":""-23,000"",""外資自營商買進股數"":""0"",""外資自營商賣出股數"":""0"",""外資自營商買賣超股數"":""0"",""投信買進股數"":""0"",""投信賣出股數"":""0"",""投信買賣超股數"":""0"",""自營商買賣超股數"":""0"",""自營商買進股數(自行買賣)"":""0"",""自營商賣出股數(自行買賣)"":""0"",""自營商買賣超股數(自行買賣)"":""0"",""自營商買進股數(避險)"":""0"",""自營商賣出股數(避險)"":""0"",""自營商買賣超股數(避險)"":""0"",""三大法人買賣超股數"":""-23,000""}"
2026-09-29,TWSE,1614,三洋電          ,1000,24000,-23000,0,0,0,0,0,0,"{""證券代號"":""1614"",""證券名稱"":""三洋電          "",""外陸資買進股數(不含外資自營商)"":""1,000"",""外陸資賣出股數(不含外資自營商)"":""24,000"",""外陸資買賣超股數(不含外資自營商)"":""-23,000"",""外資自營商買進股數"":""0"",""外資自營商賣出股數"":""0"",""外資自營商買賣超股數"":""0"",""投信買進股數"":""0"",""投信賣出股數"":""0"",""投信買賣超股數"":""0"",""自營商買賣超股數"":""0"",""自營商買進股數(自行買賣)"":""0"",""自營商賣出股數(自行買賣)"":""0"",""自營商買賣超股數(自行買賣)"":""0"",""自營商買進股數(避險)"":""0"",""自營商賣出股數(避險)"":""0"",""自營商買賣超股數(避險)"":""0"",""三大法人買賣超股數"":""-23,000""}"
2026-09-29,TWSE,1321,大洋            ,5000,30000,-25000,0,0,0,0,0,2000,"{""證券代號"":""1321"",""證券名稱"":""大洋            "",""外陸資買進股數(不含外資自營商)"":""5,000"",""外陸資賣出股數(不含外資自營商)"":""30,000"",""外陸資買賣超股數(不含外資自營商)"":""-25,000"",""外資自營商買進股數"":""0"",""外資自營商賣出股數"":""0"",""外資自營商買賣超股數"":""0"",""投信買進股數"":""0"",""投信賣出股數"":""0"",""投信買賣超股數"":""0"",""自營商買賣超股數"":""2,000"",""自營商買進股數(自行買賣)"":""2,000"",""自營商賣出股數(自行買賣)"":""0"",""自營商買賣超股數(自行買賣)"":""2,000"",""自營商買進股數(避險)"":""0"",""自營商賣出股數(避險)"":""0"",""自營商買賣超股數(避險)"":""0"",""三大法人買賣超股數"":""-23,000""}"
2026-09-29,TWSE,8462,柏文            ,14000,37082,-23082,0,0,0,0,0,-30,"{""證券代號"":""8462"",""證券名稱"":""柏文            "",""外陸資買進股數(不含外資自營商)"":""14,000"",""外陸資賣出股數(不含外資自營商)"":""37,082"",""外陸資買賣超股數(不含外資自營商)"":""-23,082"",""外資自營商買進股數"":""0"",""外資自營商賣出股數"":""0"",""外資自營商買賣超股數"":""0"",""投信買進股數"":""0"",""投信賣出股數"":""0"",""投信買賣超股數"":""0"",""自營商買賣超股數"":""-30"",""自營商買進股數(自行買賣)"":""0"",""自營商賣出股數(自行買賣)"":""30"",""自營商買賣超股數(自行買賣)"":""-30"",""自營商買進股數(避險)"":""0"",""自營商賣出股數(避險)"":""0"",""自營商買賣超股數(避險)"":""0"",""三大法人買賣超股數"":""-23,112""}"
2026-09-29,TWSE,1524,耿鼎            ,28056,52000,-23944,0,0,0,0,0,0,"{""證券代號"":""1524"",""證券名稱"":""耿鼎            "",""外陸資買進股數(不含外資自營商)"":""28,056"",""外陸資賣出股數(不含外資自營商)"":""52,000"",""外陸資買賣超股數(不含外資自營商)"":""-23,944"",""外資自營商買進股數"":""0"",""外資自營商賣出股數"":""0"",""外資自營商買賣超股數"":""0"",""投信買進股數"":""0"",""投信賣出股數"":""0"",""投信買賣超股數"":""0"",""自營商買賣超股數"":""0"",""自營商買進股數(自行買賣)"":""0"",""自營商賣出股數(自行買賣)"":""0"",""自營商買賣超股數(自行買賣)"":""0"",""自營商買進股數(避險)"":""0"",""自營商賣出股數(避險)"":""0"",""自營商買賣超股數(避險)"":""0"",""三大法人買賣超股數"":""-23,944""}"
2026-09-29,TWSE,8341,日友            ,17000,41000,-24000,0,0,0,0,0,0,"{""證券代號"":""8341"",""證券名稱"":""日友            "",""外陸資買進股數(不含外資自營商)"":""17,000"",""外陸資賣出股數(不含外資自營商)"":""41,000"",""外陸資買賣超股數(不含外資自營商)"":""-24,000"",""外資自營商買進股數"":""0"",""外資自營商賣出股數"":""0"",""外資自營商買賣超股數"":""0"",""投信買進股數"":""0"",""投信賣出股數"":""0"",""投信買賣超股數"":""0"",""自營商買賣超股數"":""0"",""自營商買進股數(自行買賣)"":""0"",""自營商賣出股數(自行買賣)"":""0"",""自營商買賣超股數(自行買賣)"":""0"",""自營商買進股數(避險)"":""0"",""自營商賣出股數(避險)"":""0"",""自營商買賣超股數(避險)"":""0"",""三大法人買賣超股數"":""-24,000""}"
2026-09-29,TWSE,1473,台南            ,2000,26000,-24000,0,0,0,0,0,0,"{""證券代號"":""1473"",""證券名稱"":""台南            "",""外陸資買進股數(不含外資自營商)"":""2,000"",""外陸資賣出股數(不含外資自營商)"":""26,000"",""外陸資買賣超股數(不含外資自營商)"":""-24,000"",""外資自營商買進股數"":""0"",""外資自營商賣出股數"":""0"",""外資自營商買賣超股數"":""0"",""投信買進股數"":""0"",""投信賣出股數"":""0"",""投信買賣超股數"":""0"",""自營商買賣超股數"":""0"",""自營商買進股數(自行買賣)"":""0"",""自營商賣出股數(自行買賣)"":""0"",""自營商買賣超股數(自行買賣)"":""0"",""自營商買進股數(避險)"":""0"",""自營商賣出股數(避險)"":""0"",""自營商買賣超股數(避險)"":""0"",""三大法人買賣超股數"":""-24,000""}"
2026-09-29,TWSE,6715,嘉基            ,51000,69000,-18000,0,0,0,2000,3663,-6020,"{""證券代號"":""6715"",""證券名稱"":""嘉基            "",""外陸資買進股數(不含外資自營商)"":""51,000"",""外陸資賣出股數(不含外資自營商)"":""69,000"",""外陸資買賣超股數(不含外資自營商)"":""-18,000"",""外資自營商買進股數"":""0"",""外資自營商賣出股數"":""0"",""外資自營商買賣超股數"":""0"",""投信買進股數"":""0"",""投信賣出股數"":""0"",""投信買賣超股數"":""0"",""自營商買賣超股數"":""-6,020"",""自營商買進股數(自行買賣)"":""1,000"",""自營商賣出股數(自行買賣)"":""5,357"",""自營商買賣超股數(自行買賣)"":""-4,357"",""自營商買進股數(避險)"":""2,000"",""自營商賣出股數(避險)"":""3,663"",""自營商買賣超股數(避險)"":""-1,663"",""三大法人買賣超股數"":""-24,020""}"
2026-09-29,TWSE,1529,樂事綠能        ,94772,119306,-24534,0,0,0,0,0,0,"{""證券代號"":""1529"",""證券名稱"":""樂事綠能        "",""外陸資買進股數(不含外資自營商)"":""94,772"",""外陸資賣出股數(不含外資自營商)"":""119,306"",""外陸資買賣超股數(不含外資自營商)"":""-24,534"",""外資自營商買進股數"":""0"",""外資自營商賣出股數"":""0"",""外資自營商買賣超股數"":""0"",""投信買進股數"":""0"",""投信賣出股數"":""0"",""投信買賣超股數"":""0"",""自營商買賣超股數"":""0"",""自營商買進股數(自行買賣)"":""0"",""自營商賣出股數(自行買賣)"":""0"",""自營商買賣超股數(自行買賣)"":""0"",""自營商買進股數(避險)"":""0"",""自營商賣出股數(避險)"":""0"",""自營商買賣超股數(避險)"":""0"",""三大法人買賣超股數"":""-24,534""}"
2026-09-29,TWSE,2497,怡利電          ,31407,56845,-25438,0,0,0,0,130,870,"{""證券代號"":""2497"",""證券名稱"":""怡利電          "",""外陸資買進股數(不含外資自營商)"":""31,407"",""外陸資賣出股數(不含外資自營商)"":""56,845"",""外陸資買賣超股數(不含外資自營商)"":""-25,438"",""外資自營商買進股數"":""0"",""外資自營商賣出股數"":""0"",""外資自營商買賣超股數"":""0"",""投信買進股數"":""0"",""投信賣出股數"":""0"",""投信買賣超股數"":""0"",""自營商買賣超股數"":""870"",""自營商買進股數(自行買賣)"":""1,000"",""自營商賣出股數(自行買賣)"":""0"",""自營商買賣超股數(自行買賣)"":""1,000"",""自營商買進股數(避險)"":""0"",""自營商賣出股數(避險)"":""130"",""自營商買賣超股數(避險)"":""-130"",""三大法人買賣超股數"":""-24,568""}"
2026-09-29,TWSE,1235,興泰            ,8000,33000,-25000,0,0,0,0,0,0,"{""證券代號"":""1235"",""證券名稱"":""興泰            "",""外陸資買進股數(不含外資自營商)"":""8,000"",""外陸資賣出股數(不含外資自營商)"":""33,000"",""外陸資買賣超股數(不含外資自營商)"":""-25,000"",""外資自營商買進股數"":""0"",""外資自營商賣出股數"":""0"",""外資自營商買賣超股數"":""0"",""投信買進股數"":""0"",""投信賣出股數"":""0"",""投信買賣超股數"":""0"",""自營商買賣超股數"":""0"",""自營商買進股數(自行買賣)"":""0"",""自營商賣出股數(自行買賣)"":""0"",""自營商買賣超股數(自行買賣)"":""0"",""自營商買進股數(避險)"":""0"",""自營商賣出股數(避險)"":""0"",""自營商買賣超股數(避險)"":""0"",""三大法人買賣超股數"":""-25,000""}"
2026-09-29,TWSE,6645,金萬林-創       ,5000,30000,-25000,0,0,0,5000,5000,0,"{""證券代號"":""6645"",""證券名稱"":""金萬林-創       "",""外陸資買進股數(不含外資自營商)"":""5,000"",""外陸資賣出股數(不含外資自營商)"":""30,000"",""外陸資買賣超股數(不含外資自營商)"":""-25,000"",""外資自營商買進股數"":""0"",""外資自營商賣出股數"":""0"",""外資自營商買賣超股數"":""0"",""投信買進股數"":""0"",""投信賣出股數"":""0"",""投信買賣超股數"":""0"",""自營商買賣超股數"":""0"",""自營商買進股數(自行買賣)"":""1,000"",""自營商賣出股數(自行買賣)"":""1,000"",""自營商買賣超股數(自行買賣)"":""0"",""自營商買進股數(避險)"":""5,000"",""自營商賣出股數(避險)"":""5,000"",""自營商買賣超股數(避險)"":""0"",""三大法人買賣超股數"":""-25,000""}"
2026-09-29,TWSE,1452,宏益            ,3000,28004,-25004,0,0,0,0,0,0,"{""證券代號"":""1452"",""證券名稱"":""宏益            "",""外陸資買進股數(不含外資自營商)"":""3,000"",""外陸資賣出股數(不含外資自營商)"":""28,004"",""外陸資買賣超股數(不含外資自營商)"":""-25,004"",""外資自營商買進股數"":""0"",""外資自營商賣出股數"":""0"",""外資自營商買賣超股數"":""0"",""投信買進股數"":""0"",""投信賣出股數"":""0"",""投信買賣超股數"":""0"",""自營商買賣超股數"":""0"",""自營商買進股數(自行買賣)"":""0"",""自營商賣出股數(自行買賣)"":""0"",""自營商買賣超股數(自行買賣)"":""0"",""自營商買進股數(避險)"":""0"",""自營商賣出股數(避險)"":""0"",""自營商買賣超股數(避險)"":""0"",""三大法人買賣超股數"":""-25,004""}"
2026-09-29,TWSE,00989A,主動摩根美國科技,0,1619000,-1619000,0,0,0,1826000,233477,1592523,"{""證券代號"":""00989A"",""證券名稱"":""主動摩根美國科技"",""外陸資買進股數(不含外資自營商)"":""0"",""外陸資賣出股數(不含外資自營商)"":""1,619,000"",""外陸資買賣超股數(不含外資自營商)"":""-1,619,000"",""外資自營商買進股數"":""0"",""外資自營商賣出股數"":""0"",""外資自營商買賣超股數"":""0"",""投信買進股數"":""0"",""投信賣出股數"":""0"",""投信買賣超股數"":""0"",""自營商買賣超股數"":""1,592,523"",""自營商買進股數(自行買賣)"":""0"",""自營商賣出股數(自行買賣)"":""0"",""自營商買賣超股數(自行買賣)"":""0"",""自營商買進股數(避險)"":""1,826,000"",""自營商賣出股數(避險)"":""233,477"",""自營商買賣超股數(避險)"":""1,592,523"",""三大法人買賣超股數"":""-26,477""}"
2026-09-29,TWSE,3704,合勤控          ,497000,526000,-29000,0,0,0,3880,2317,2508,"{""證券代號"":""3704"",""證券名稱"":""合勤控          "",""外陸資買進股數(不含外資自營商)"":""497,000"",""外陸資賣出股數(不含外資自營商)"":""526,000"",""外陸資買賣超股數(不含外資自營商)"":""-29,000"",""外資自營商買進股數"":""0"",""外資自營商賣出股數"":""0"",""外資自營商買賣超股數"":""0"",""投信買進股數"":""0"",""投信賣出股數"":""0"",""投信買賣超股數"":""0"",""自營商買賣超股數"":""2,508"",""自營商買進股數(自行買賣)"":""1,000"",""自營商賣出股數(自行買賣)"":""55"",""自營商買賣超股數(自行買賣)"":""945"",""自營商買進股數(避險)"":""3,880"",""自營商賣出股數(避險)"":""2,317"",""自營商買賣超股數(避險)"":""1,563"",""三大法人買賣超股數"":""-26,492""}"
2026-09-29,TWSE,00982T,平衡兆豐台美動能,0,0,0,0,0,0,8658,35164,-26506,"{""證券代號"":""00982T"",""證券名稱"":""平衡兆豐台美動能"",""外陸資買進股數(不含外資自營商)"":""0"",""外陸資賣出股數(不含外資自營商)"":""0"",""外陸資買賣超股數(不含外資自營商)"":""0"",""外資自營商買進股數"":""0"",""外資自營商賣出股數"":""0"",""外資自營商買賣超股數"":""0"",""投信買進股數"":""0"",""投信賣出股數"":""0"",""投信買賣超股數"":""0"",""自營商買賣超股數"":""-26,506"",""自營商買進股數(自行買賣)"":""0"",""自營商賣出股數(自行買賣)"":""0"",""自營商買賣超股數(自行買賣)"":""0"",""自營商買進股數(避險)"":""8,658"",""自營商賣出股數(避險)"":""35,164"",""自營商買賣超股數(避險)"":""-26,506"",""三大法人買賣超股數"":""-26,506""}"
2026-09-29,TWSE,2434,統懋            ,61278,88000,-26722,0,0,0,0,0,0,"{""證券代號"":""2434"",""證券名稱"":""統懋            "",""外陸資買進股數(不含外資自營商)"":""61,278"",""外陸資賣出股數(不含外資自營商)"":""88,000"",""外陸資買賣超股數(不含外資自營商)"":""-26,722"",""外資自營商買進股數"":""0"",""外資自營商賣出股數"":""0"",""外資自營商買賣超股數"":""0"",""投信買進股數"":""0"",""投信賣出股數"":""0"",""投信買賣超股數"":""0"",""自營商買賣超股數"":""0"",""自營商買進股數(自行買賣)"":""0"",""自營商賣出股數(自行買賣)"":""0"",""自營商買賣超股數(自行買賣)"":""0"",""自營商買進股數(避險)"":""0"",""自營商賣出股數(避險)"":""0"",""自營商買賣超股數(避險)"":""0"",""三大法人買賣超股數"":""-26,722""}"
2026-09-29,TWSE,4736,泰博            ,47190,74000,-26810,0,0,0,0,0,0,"{""證券代號"":""4736"",""證券名稱"":""泰博            "",""外陸資買進股數(不含外資自營商)"":""47,190"",""外陸資賣出股數(不含外資自營商)"":""74,000"",""外陸資買賣超股數(不含外資自營商)"":""-26,810"",""外資自營商買進股數"":""0"",""外資自營商賣出股數"":""0"",""外資自營商買賣超股數"":""0"",""投信買進股數"":""0"",""投信賣出股數"":""0"",""投信買賣超股數"":""0"",""自營商買賣超股數"":""0"",""自營商買進股數(自行買賣)"":""0"",""自營商賣出股數(自行買賣)"":""0"",""自營商買賣超股數(自行買賣)"":""0"",""自營商買進股數(避險)"":""0"",""自營商賣出股數(避險)"":""0"",""自營商買賣超股數(避險)"":""0"",""三大法人買賣超股數"":""-26,810""}"
2026-09-29,TWSE,00638R,元大滬深300反1  ,0,0,0,0,0,0,208049,235000,-26951,"{""證券代號"":""00638R"",""證券名稱"":""元大滬深300反1  "",""外陸資買進股數(不含外資自營商)"":""0"",""外陸資賣出股數(不含外資自營商)"":""0"",""外陸資買賣超股數(不含外資自營商)"":""0"",""外資自營商買進股數"":""0"",""外資自營商賣出股數"":""0"",""外資自營商買賣超股數"":""0"",""投信買進股數"":""0"",""投信賣出股數"":""0"",""投信買賣超股數"":""0"",""自營商買賣超股數"":""-26,951"",""自營商買進股數(自行買賣)"":""0"",""自營商賣出股數(自行買賣)"":""0"",""自營商買賣超股數(自行買賣)"":""0"",""自營商買進股數(避險)"":""208,049"",""自營商賣出股數(避險)"":""235,000"",""自營商買賣超股數(避險)"":""-26,951"",""三大法人買賣超股數"":""-26,951""}"
2026-09-29,TWSE,1419,新紡            ,14000,47000,-33000,0,0,0,0,0,6000,"{""證券代號"":""1419"",""證券名稱"":""新紡            "",""外陸資買進股數(不含外資自營商)"":""14,000"",""外陸資賣出股數(不含外資自營商)"":""47,000"",""外陸資買賣超股數(不含外資自營商)"":""-33,000"",""外資自營商買進股數"":""0"",""外資自營商賣出股數"":""0"",""外資自營商買賣超股數"":""0"",""投信買進股數"":""0"",""投信賣出股數"":""0"",""投信買賣超股數"":""0"",""自營商買賣超股數"":""6,000"",""自營商買進股數(自行買賣)"":""6,000"",""自營商賣出股數(自行買賣)"":""0"",""自營商買賣超股數(自行買賣)"":""6,000"",""自營商買進股數(避險)"":""0"",""自營商賣出股數(避險)"":""0"",""自營商買賣超股數(避險)"":""0"",""三大法人買賣超股數"":""-27,000""}"
2026-09-29,TWSE,3002,歐格            ,16000,43000,-27000,0,0,0,0,114,-114,"{""證券代號"":""3002"",""證券名稱"":""歐格            "",""外陸資買進股數(不含外資自營商)"":""16,000"",""外陸資賣出股數(不含外資自營商)"":""43,000"",""外陸資買賣超股數(不含外資自營商)"":""-27,000"",""外資自營商買進股數"":""0"",""外資自營商賣出股數"":""0"",""外資自營商買賣超股數"":""0"",""投信買進股數"":""0"",""投信賣出股數"":""0"",""投信買賣超股數"":""0"",""自營商買賣超股數"":""-114"",""自營商買進股數(自行買賣)"":""0"",""自營商賣出股數(自行買賣)"":""0"",""自營商買賣超股數(自行買賣)"":""0"",""自營商買進股數(避險)"":""0"",""自營商賣出股數(避險)"":""114"",""自營商買賣超股數(避險)"":""-114"",""三大法人買賣超股數"":""-27,114""}"
2026-09-29,TWSE,7722,LINEPAY         ,1100,26283,-25183,0,0,0,0,0,-2000,"{""證券代號"":""7722"",""證券名稱"":""LINEPAY         "",""外陸資買進股數(不含外資自營商)"":""1,100"",""外陸資賣出股數(不含外資自營商)"":""26,283"",""外陸資買賣超股數(不含外資自營商)"":""-25,183"",""外資自營商買進股數"":""0"",""外資自營商賣出股數"":""0"",""外資自營商買賣超股數"":""0"",""投信買進股數"":""0"",""投信賣出股數"":""0"",""投信買賣超股數"":""0"",""自營商買賣超股數"":""-2,000"",""自營商買進股數(自行買賣)"":""0"",""自營商賣出股數(自行買賣)"":""2,000"",""自營商買賣超股數(自行買賣)"":""-2,000"",""自營商買進股數(避險)"":""0"",""自營商賣出股數(避險)"":""0"",""自營商買賣超股數(避險)"":""0"",""三大法人買賣超股數"":""-27,183""}"
2026-09-29,TWSE,9942,茂順            ,6000,35000,-29000,0,0,0,0,0,0,"{""證券代號"":""9942"",""證券名稱"":""茂順            "",""外陸資買進股數(不含外資自營商)"":""6,000"",""外陸資賣出股數(不含外資自營商)"":""35,000"",""外陸資買賣超股數(不含外資自營商)"":""-29,000"",""外資自營商買進股數"":""0"",""外資自營商賣出股數"":""0"",""外資自營商買賣超股數"":""0"",""投信買進股數"":""0"",""投信賣出股數"":""0"",""投信買賣超股數"":""0"",""自營商買賣超股數"":""0"",""自營商買進股數(自行買賣)"":""0"",""自營商賣出股數(自行買賣)"":""0"",""自營商買賣超股數(自行買賣)"":""0"",""自營商買進股數(避險)"":""0"",""自營商賣出股數(避險)"":""0"",""自營商買賣超股數(避險)"":""0"",""三大法人買賣超股數"":""-29,000""}"
2026-09-29,TWSE,2706,第一店          ,0,29000,-29000,0,0,0,0,0,0,"{""證券代號"":""2706"",""證券名稱"":""第一店          "",""外陸資買進股數(不含外資自營商)"":""0"",""外陸資賣出股數(不含外資自營商)"":""29,000"",""外陸資買賣超股數(不含外資自營商)"":""-29,000"",""外資自營商買進股數"":""0"",""外資自營商賣出股數"":""0"",""外資自營商買賣超股數"":""0"",""投信買進股數"":""0"",""投信賣出股數"":""0"",""投信買賣超股數"":""0"",""自營商買賣超股數"":""0"",""自營商買進股數(自行買賣)"":""0"",""自營商賣出股數(自行買賣)"":""0"",""自營商買賣超股數(自行買賣)"":""0"",""自營商買進股數(避險)"":""0"",""自營商賣出股數(避險)"":""0"",""自營商買賣超股數(避險)"":""0"",""三大法人買賣超股數"":""-29,000""}"
2026-09-29,TWSE,2524,京城            ,7000,38000,-31000,0,0,0,0,0,2000,"{""證券代號"":""2524"",""證券名稱"":""京城            "",""外陸資買進股數(不含外資自營商)"":""7,000"",""外陸資賣出股數(不含外資自營商)"":""38,000"",""外陸資買賣超股數(不含外資自營商)"":""-31,000"",""外資自營商買進股數"":""0"",""外資自營商賣出股數"":""0"",""外資自營商買賣超股數"":""0"",""投信買進股數"":""0"",""投信賣出股數"":""0"",""投信買賣超股數"":""0"",""自營商買賣超股數"":""2,000"",""自營商買進股數(自行買賣)"":""2,000"",""自營商賣出股數(自行買賣)"":""0"",""自營商買賣超股數(自行買賣)"":""2,000"",""自營商買進股數(避險)"":""0"",""自營商賣出股數(避險)"":""0"",""自營商買賣超股數(避險)"":""0"",""三大法人買賣超股數"":""-29,000""}"
2026-09-29,TWSE,1457,宜進            ,4000,33000,-29000,0,0,0,0,0,0,"{""證券代號"":""1457"",""證券名稱"":""宜進            "",""外陸資買進股數(不含外資自營商)"":""4,000"",""外陸資賣出股數(不含外資自營商)"":""33,000"",""外陸資買賣超股數(不含外資自營商)"":""-29,000"",""外資自營商買進股數"":""0"",""外資自營商賣出股數"":""0"",""外資自營商買賣超股數"":""0"",""投信買進股數"":""0"",""投信賣出股數"":""0"",""投信買賣超股數"":""0"",""自營商買賣超股數"":""0"",""自營商買進股數(自行買賣)"":""0"",""自營商賣出股數(自行買賣)"":""0"",""自營商買賣超股數(自行買賣)"":""0"",""自營商買進股數(避險)"":""0"",""自營商賣出股數(避險)"":""0"",""自營商買賣超股數(避險)"":""0"",""三大法人買賣超股數"":""-29,000""}"
2026-09-29,TWSE,1540,喬福            ,9100,39000,-29900,0,0,0,0,0,0,"{""證券代號"":""1540"",""證券名稱"":""喬福            "",""外陸資買進股數(不含外資自營商)"":""9,100"",""外陸資賣出股數(不含外資自營商)"":""39,000"",""外陸資買賣超股數(不含外資自營商)"":""-29,900"",""外資自營商買進股數"":""0"",""外資自營商賣出股數"":""0"",""外資自營商買賣超股數"":""0"",""投信買進股數"":""0"",""投信賣出股數"":""0"",""投信買賣超股數"":""0"",""自營商買賣超股數"":""0"",""自營商買進股數(自行買賣)"":""0"",""自營商賣出股數(自行買賣)"":""0"",""自營商買賣超股數(自行買賣)"":""0"",""自營商買進股數(避險)"":""0"",""自營商賣出股數(避險)"":""0"",""自營商買賣超股數(避險)"":""0"",""三大法人買賣超股數"":""-29,900""}"
2026-09-29,TWSE,1459,聯發            ,8000,26000,-18000,0,0,0,0,0,-12000,"{""證券代號"":""1459"",""證券名稱"":""聯發            "",""外陸資買進股數(不含外資自營商)"":""8,000"",""外陸資賣出股數(不含外資自營商)"":""26,000"",""外陸資買賣超股數(不含外資自營商)"":""-18,000"",""外資自營商買進股數"":""0"",""外資自營商賣出股數"":""0"",""外資自營商買賣超股數"":""0"",""投信買進股數"":""0"",""投信賣出股數"":""0"",""投信買賣超股數"":""0"",""自營商買賣超股數"":""-12,000"",""自營商買進股數(自行買賣)"":""0"",""自營商賣出股數(自行買賣)"":""12,000"",""自營商買賣超股數(自行買賣)"":""-12,000"",""自營商買進股數(避險)"":""0"",""自營商賣出股數(避險)"":""0"",""自營商買賣超股數(避險)"":""0"",""三大法人買賣超股數"":""-30,000""}"
2026-09-29,TWSE,4108,懷特            ,4000,39000,-35000,0,0,0,0,0,5000,"{""證券代號"":""4108"",""證券名稱"":""懷特            "",""外陸資買進股數(不含外資自營商)"":""4,000"",""外陸資賣出股數(不含外資自營商)"":""39,000"",""外陸資買賣超股數(不含外資自營商)"":""-35,000"",""外資自營商買進股數"":""0"",""外資自營商賣出股數"":""0"",""外資自營商買賣超股數"":""0"",""投信買進股數"":""0"",""投信賣出股數"":""0"",""投信買賣超股數"":""0"",""自營商買賣超股數"":""5,000"",""自營商買進股數(自行買賣)"":""5,000"",""自營商賣出股數(自行買賣)"":""0"",""自營商買賣超股數(自行買賣)"":""5,000"",""自營商買進股數(避險)"":""0"",""自營商賣出股數(避險)"":""0"",""自營商買賣超股數(避險)"":""0"",""三大法人買賣超股數"":""-30,000""}"
2026-09-29,TWSE,7768,頌勝科技        ,11000,41000,-30000,0,0,0,0,0,0,"{""證券代號"":""7768"",""證券名稱"":""頌勝科技        "",""外陸資買進股數(不含外資自營商)"":""11,000"",""外陸資賣出股數(不含外資自營商)"":""41,000"",""外陸資買賣超股數(不含外資自營商)"":""-30,000"",""外資自營商買進股數"":""0"",""外資自營商賣出股數"":""0"",""外資自營商買賣超股數"":""0"",""投信買進股數"":""0"",""投信賣出股數"":""0"",""投信買賣超股數"":""0"",""自營商買賣超股數"":""0"",""自營商買進股數(自行買賣)"":""0"",""自營商賣出股數(自行買賣)"":""0"",""自營商買賣超股數(自行買賣)"":""0"",""自營商買進股數(避險)"":""0"",""自營商賣出股數(避險)"":""0"",""自營商買賣超股數(避險)"":""0"",""三大法人買賣超股數"":""-30,000""}"
2026-09-29,TWSE,2611,志信            ,63459,105000,-41541,0,0,0,0,0,11000,"{""證券代號"":""2611"",""證券名稱"":""志信            "",""外陸資買進股數(不含外資自營商)"":""63,459"",""外陸資賣出股數(不含外資自營商)"":""105,000"",""外陸資買賣超股數(不含外資自營商)"":""-41,541"",""外資自營商買進股數"":""0"",""外資自營商賣出股數"":""0"",""外資自營商買賣超股數"":""0"",""投信買進股數"":""0"",""投信賣出股數"":""0"",""投信買賣超股數"":""0"",""自營商買賣超股數"":""11,000"",""自營商買進股數(自行買賣)"":""11,000"",""自營商賣出股數(自行買賣)"":""0"",""自營商買賣超股數(自行買賣)"":""11,000"",""自營商買進股數(避險)"":""0"",""自營商賣出股數(避險)"":""0"",""自營商買賣超股數(避險)"":""0"",""三大法人買賣超股數"":""-30,541""}"
2026-09-29,TWSE,3130,一零四          ,0,31000,-31000,0,0,0,0,0,0,"{""證券代號"":""3130"",""證券名稱"":""一零四          "",""外陸資買進股數(不含外資自營商)"":""0"",""外陸資賣出股數(不含外資自營商)"":""31,000"",""外陸資買賣超股數(不含外資自營商)"":""-31,000"",""外資自營商買進股數"":""0"",""外資自營商賣出股數"":""0"",""外資自營商買賣超股數"":""0"",""投信買進股數"":""0"",""投信賣出股數"":""0"",""投信買賣超股數"":""0"",""自營商買賣超股數"":""0"",""自營商買進股數(自行買賣)"":""0"",""自營商賣出股數(自行買賣)"":""0"",""自營商買賣超股數(自行買賣)"":""0"",""自營商買進股數(避險)"":""0"",""自營商賣出股數(避險)"":""0"",""自營商買賣超股數(避險)"":""0"",""三大法人買賣超股數"":""-31,000""}"
2026-09-29,TWSE,6781,AES-KY          ,79175,113392,-34217,0,0,0,6661,3851,2810,"{""證券代號"":""6781"",""證券名稱"":""AES-KY          "",""外陸資買進股數(不含外資自營商)"":""79,175"",""外陸資賣出股數(不含外資自營商)"":""113,392"",""外陸資買賣超股數(不含外資自營商)"":""-34,217"",""外資自營商買進股數"":""0"",""外資自營商賣出股數"":""0"",""外資自營商買賣超股數"":""0"",""投信買進股數"":""0"",""投信賣出股數"":""0"",""投信買賣超股數"":""0"",""自營商買賣超股數"":""2,810"",""自營商買進股數(自行買賣)"":""2,000"",""自營商賣出股數(自行買賣)"":""2,000"",""自營商買賣超股數(自行買賣)"":""0"",""自營商買進股數(避險)"":""6,661"",""自營商賣出股數(避險)"":""3,851"",""自營商買賣超股數(避險)"":""2,810"",""三大法人買賣超股數"":""-31,407""}"
2026-09-29,TWSE,3015,全漢            ,117500,151000,-33500,0,0,0,0,0,2000,"{""證券代號"":""3015"",""證券名稱"":""全漢            "",""外陸資買進股數(不含外資自營商)"":""117,500"",""外陸資賣出股數(不含外資自營商)"":""151,000"",""外陸資買賣超股數(不含外資自營商)"":""-33,500"",""外資自營商買進股數"":""0"",""外資自營商賣出股數"":""0"",""外資自營商買賣超股數"":""0"",""投信買進股數"":""0"",""投信賣出股數"":""0"",""投信買賣超股數"":""0"",""自營商買賣超股數"":""2,000"",""自營商買進股數(自行買賣)"":""2,000"",""自營商賣出股數(自行買賣)"":""0"",""自營商買賣超股數(自行買賣)"":""2,000"",""自營商買進股數(避險)"":""0"",""自營商賣出股數(避險)"":""0"",""自營商買賣超股數(避險)"":""0"",""三大法人買賣超股數"":""-31,500""}"
2026-09-29,TWSE,4552,力達-KY         ,6000,40000,-34000,0,0,0,0,0,2000,"{""證券代號"":""4552"",""證券名稱"":""力達-KY         "",""外陸資買進股數(不含外資自營商)"":""6,000"",""外陸資賣出股數(不含外資自營商)"":""40,000"",""外陸資買賣超股數(不含外資自營商)"":""-34,000"",""外資自營商買進股數"":""0"",""外資自營商賣出股數"":""0"",""外資自營商買賣超股數"":""0"",""投信買進股數"":""0"",""投信賣出股數"":""0"",""投信買賣超股數"":""0"",""自營商買賣超股數"":""2,000"",""自營商買進股數(自行買賣)"":""2,000"",""自營商賣出股數(自行買賣)"":""0"",""自營商買賣超股數(自行買賣)"":""2,000"",""自營商買進股數(避險)"":""0"",""自營商賣出股數(避險)"":""0"",""自營商買賣超股數(避險)"":""0"",""三大法人買賣超股數"":""-32,000""}"
2026-09-29,TWSE,6142,友勁            ,47000,79000,-32000,0,0,0,0,0,0,"{""證券代號"":""6142"",""證券名稱"":""友勁            "",""外陸資買進股數(不含外資自營商)"":""47,000"",""外陸資賣出股數(不含外資自營商)"":""79,000"",""外陸資買賣超股數(不含外資自營商)"":""-32,000"",""外資自營商買進股數"":""0"",""外資自營商賣出股數"":""0"",""外資自營商買賣超股數"":""0"",""投信買進股數"":""0"",""投信賣出股數"":""0"",""投信買賣超股數"":""0"",""自營商買賣超股數"":""0"",""自營商買進股數(自行買賣)"":""0"",""自營商賣出股數(自行買賣)"":""0"",""自營商買賣超股數(自行買賣)"":""0"",""自營商買進股數(避險)"":""0"",""自營商賣出股數(避險)"":""0"",""自營商買賣超股數(避險)"":""0"",""三大法人買賣超股數"":""-32,000""}"
2026-09-29,TWSE,8374,羅昇            ,22000,38000,-16000,0,0,0,0,1045,-16045,"{""證券代號"":""8374"",""證券名稱"":""羅昇            "",""外陸資買進股數(不含外資自營商)"":""22,000"",""外陸資賣出股數(不含外資自營商)"":""38,000"",""外陸資買賣超股數(不含外資自營商)"":""-16,000"",""外資自營商買進股數"":""0"",""外資自營商賣出股數"":""0"",""外資自營商買賣超股數"":""0"",""投信買進股數"":""0"",""投信賣出股數"":""0"",""投信買賣超股數"":""0"",""自營商買賣超股數"":""-16,045"",""自營商買進股數(自行買賣)"":""0"",""自營商賣出股數(自行買賣)"":""15,000"",""自營商買賣超股數(自行買賣)"":""-15,000"",""自營商買進股數(避險)"":""0"",""自營商賣出股數(避險)"":""1,045"",""自營商買賣超股數(避險)"":""-1,045"",""三大法人買賣超股數"":""-32,045""}"
2026-09-29,TWSE,2423,固緯            ,12443,45144,-32701,0,0,0,0,0,0,"{""證券代號"":""2423"",""證券名稱"":""固緯            "",""外陸資買進股數(不含外資自營商)"":""12,443"",""外陸資賣出股數(不含外資自營商)"":""45,144"",""外陸資買賣超股數(不含外資自營商)"":""-32,701"",""外資自營商買進股數"":""0"",""外資自營商賣出股數"":""0"",""外資自營商買賣超股數"":""0"",""投信買進股數"":""0"",""投信賣出股數"":""0"",""投信買賣超股數"":""0"",""自營商買賣超股數"":""0"",""自營商買進股數(自行買賣)"":""0"",""自營商賣出股數(自行買賣)"":""0"",""自營商買賣超股數(自行買賣)"":""0"",""自營商買進股數(避險)"":""0"",""自營商賣出股數(避險)"":""0"",""自營商買賣超股數(避險)"":""0"",""三大法人買賣超股數"":""-32,701""}"
2026-09-29,TWSE,1451,年興            ,1000,34000,-33000,0,0,0,0,0,0,"{""證券代號"":""1451"",""證券名稱"":""年興            "",""外陸資買進股數(不含外資自營商)"":""1,000"",""外陸資賣出股數(不含外資自營商)"":""34,000"",""外陸資買賣超股數(不含外資自營商)"":""-33,000"",""外資自營商買進股數"":""0"",""外資自營商賣出股數"":""0"",""外資自營商買賣超股數"":""0"",""投信買進股數"":""0"",""投信賣出股數"":""0"",""投信買賣超股數"":""0"",""自營商買賣超股數"":""0"",""自營商買進股數(自行買賣)"":""0"",""自營商賣出股數(自行買賣)"":""0"",""自營商買賣超股數(自行買賣)"":""0"",""自營商買進股數(避險)"":""0"",""自營商賣出股數(避險)"":""0"",""自營商買賣超股數(避險)"":""0"",""三大法人買賣超股數"":""-33,000""}"
2026-09-29,TWSE,2923,鼎固-KY         ,47010,105000,-57990,0,0,0,0,0,24000,"{""證券代號"":""2923"",""證券名稱"":""鼎固-KY         "",""外陸資買進股數(不含外資自營商)"":""47,010"",""外陸資賣出股數(不含外資自營商)"":""105,000"",""外陸資買賣超股數(不含外資自營商)"":""-57,990"",""外資自營商買進股數"":""0"",""外資自營商賣出股數"":""0"",""外資自營商買賣超股數"":""0"",""投信買進股數"":""0"",""投信賣出股數"":""0"",""投信買賣超股數"":""0"",""自營商買賣超股數"":""24,000"",""自營商買進股數(自行買賣)"":""29,000"",""自營商賣出股數(自行買賣)"":""5,000"",""自營商買賣超股數(自行買賣)"":""24,000"",""自營商買進股數(避險)"":""0"",""自營商賣出股數(避險)"":""0"",""自營商買賣超股數(避險)"":""0"",""三大法人買賣超股數"":""-33,990""}"
2026-09-29,TWSE,1446,宏和            ,10000,44000,-34000,0,0,0,0,0,0,"{""證券代號"":""1446"",""證券名稱"":""宏和            "",""外陸資買進股數(不含外資自營商)"":""10,000"",""外陸資賣出股數(不含外資自營商)"":""44,000"",""外陸資買賣超股數(不含外資自營商)"":""-34,000"",""外資自營商買進股數"":""0"",""外資自營商賣出股數"":""0"",""外資自營商買賣超股數"":""0"",""投信買進股數"":""0"",""投信賣出股數"":""0"",""投信買賣超股數"":""0"",""自營商買賣超股數"":""0"",""自營商買進股數(自行買賣)"":""0"",""自營商賣出股數(自行買賣)"":""0"",""自營商買賣超股數(自行買賣)"":""0"",""自營商買進股數(避險)"":""0"",""自營商賣出股數(避險)"":""0"",""自營商買賣超股數(避險)"":""0"",""三大法人買賣超股數"":""-34,000""}"
2026-09-29,TWSE,6873,泓德能源        ,33000,66072,-33072,0,0,0,0,1000,-1000,"{""證券代號"":""6873"",""證券名稱"":""泓德能源        "",""外陸資買進股數(不含外資自營商)"":""33,000"",""外陸資賣出股數(不含外資自營商)"":""66,072"",""外陸資買賣超股數(不含外資自營商)"":""-33,072"",""外資自營商買進股數"":""0"",""外資自營商賣出股數"":""0"",""外資自營商買賣超股數"":""0"",""投信買進股數"":""0"",""投信賣出股數"":""0"",""投信買賣超股數"":""0"",""自營商買賣超股數"":""-1,000"",""自營商買進股數(自行買賣)"":""0"",""自營商賣出股數(自行買賣)"":""0"",""自營商買賣超股數(自行買賣)"":""0"",""自營商買進股數(避險)"":""0"",""自營商賣出股數(避險)"":""1,000"",""自營商買賣超股數(避險)"":""-1,000"",""三大法人買賣超股數"":""-34,072""}"
2026-09-29,TWSE,2608,嘉里大榮        ,75000,112000,-37000,0,0,0,3000,3440,1560,"{""證券代號"":""2608"",""證券名稱"":""嘉里大榮        "",""外陸資買進股數(不含外資自營商)"":""75,000"",""外陸資賣出股數(不含外資自營商)"":""112,000"",""外陸資買賣超股數(不含外資自營商)"":""-37,000"",""外資自營商買進股數"":""0"",""外資自營商賣出股數"":""0"",""外資自營商買賣超股數"":""0"",""投信買進股數"":""0"",""投信賣出股數"":""0"",""投信買賣超股數"":""0"",""自營商買賣超股數"":""1,560"",""自營商買進股數(自行買賣)"":""2,000"",""自營商賣出股數(自行買賣)"":""0"",""自營商買賣超股數(自行買賣)"":""2,000"",""自營商買進股數(避險)"":""3,000"",""自營商賣出股數(避險)"":""3,440"",""自營商買賣超股數(避險)"":""-440"",""三大法人買賣超股數"":""-35,440""}"
2026-09-29,TWSE,5225,東科-KY         ,22000,58000,-36000,0,0,0,0,0,403,"{""證券代號"":""5225"",""證券名稱"":""東科-KY         "",""外陸資買進股數(不含外資自營商)"":""22,000"",""外陸資賣出股數(不含外資自營商)"":""58,000"",""外陸資買賣超股數(不含外資自營商)"":""-36,000"",""外資自營商買進股數"":""0"",""外資自營商賣出股數"":""0"",""外資自營商買賣超股數"":""0"",""投信買進股數"":""0"",""投信賣出股數"":""0"",""投信買賣超股數"":""0"",""自營商買賣超股數"":""403"",""自營商買進股數(自行買賣)"":""1,000"",""自營商賣出股數(自行買賣)"":""597"",""自營商買賣超股數(自行買賣)"":""403"",""自營商買進股數(避險)"":""0"",""自營商賣出股數(避險)"":""0"",""自營商買賣超股數(避險)"":""0"",""三大法人買賣超股數"":""-35,597""}"
2026-09-29,TWSE,5222,全訊            ,34000,69002,-35002,0,0,0,1000,1677,-677,"{""證券代號"":""5222"",""證券名稱"":""全訊            "",""外陸資買進股數(不含外資自營商)"":""34,000"",""外陸資賣出股數(不含外資自營商)"":""69,002"",""外陸資買賣超股數(不含外資自營商)"":""-35,002"",""外資自營商買進股數"":""0"",""外資自營商賣出股數"":""0"",""外資自營商買賣超股數"":""0"",""投信買進股數"":""0"",""投信賣出股數"":""0"",""投信買賣超股數"":""0"",""自營商買賣超股數"":""-677"",""自營商買進股數(自行買賣)"":""0"",""自營商賣出股數(自行買賣)"":""0"",""自營商買賣超股數(自行買賣)"":""0"",""自營商買進股數(避險)"":""1,000"",""自營商賣出股數(避險)"":""1,677"",""自營商買賣超股數(避險)"":""-677"",""三大法人買賣超股數"":""-35,679""}"
2026-09-29,TWSE,2480,敦陽科          ,54804,91090,-36286,0,0,0,0,0,421,"{""證券代號"":""2480"",""證券名稱"":""敦陽科          "",""外陸資買進股數(不含外資自營商)"":""54,804"",""外陸資賣出股數(不含外資自營商)"":""91,090"",""外陸資買賣超股數(不含外資自營商)"":""-36,286"",""外資自營商買進股數"":""0"",""外資自營商賣出股數"":""0"",""外資自營商買賣超股數"":""0"",""投信買進股數"":""0"",""投信賣出股數"":""0"",""投信買賣超股數"":""0"",""自營商買賣超股數"":""421"",""自營商買進股數(自行買賣)"":""421"",""自營商賣出股數(自行買賣)"":""0"",""自營商買賣超股數(自行買賣)"":""421"",""自營商買進股數(避險)"":""0"",""自營商賣出股數(避險)"":""0"",""自營商買賣超股數(避險)"":""0"",""三大法人買賣超股數"":""-35,865""}"
2026-09-29,TWSE,5522,遠雄            ,221000,288422,-67422,10519,1000,9519,0,0,22000,"{""證券代號"":""5522"",""證券名稱"":""遠雄            "",""外陸資買進股數(不含外資自營商)"":""221,000"",""外陸資賣出股數(不含外資自營商)"":""288,422"",""外陸資買賣超股數(不含外資自營商)"":""-67,422"",""外資自營商買進股數"":""0"",""外資自營商賣出股數"":""0"",""外資自營商買賣超股數"":""0"",""投信買進股數"":""10,519"",""投信賣出股數"":""1,000"",""投信買賣超股數"":""9,519"",""自營商買賣超股數"":""22,000"",""自營商買進股數(自行買賣)"":""22,000"",""自營商賣出股數(自行買賣)"":""0"",""自營商買賣超股數(自行買賣)"":""22,000"",""自營商買進股數(避險)"":""0"",""自營商賣出股數(避險)"":""0"",""自營商買賣超股數(避險)"":""0"",""三大法人買賣超股數"":""-35,903""}"
2026-09-29,TWSE,1713,國化            ,11000,47000,-36000,0,0,0,0,0,0,"{""證券代號"":""1713"",""證券名稱"":""國化            "",""外陸資買進股數(不含外資自營商)"":""11,000"",""外陸資賣出股數(不含外資自營商)"":""47,000"",""外陸資買賣超股數(不含外資自營商)"":""-36,000"",""外資自營商買進股數"":""0"",""外資自營商賣出股數"":""0"",""外資自營商買賣超股數"":""0"",""投信買進股數"":""0"",""投信賣出股數"":""0"",""投信買賣超股數"":""0"",""自營商買賣超股數"":""0"",""自營商買進股數(自行買賣)"":""0"",""自營商賣出股數(自行買賣)"":""0"",""自營商買賣超股數(自行買賣)"":""0"",""自營商買進股數(避險)"":""0"",""自營商賣出股數(避險)"":""0"",""自營商買賣超股數(避險)"":""0"",""三大法人買賣超股數"":""-36,000""}"
2026-09-29,TWSE,1805,寶徠            ,1000,41000,-40000,0,0,0,0,0,4000,"{""證券代號"":""1805"",""證券名稱"":""寶徠            "",""外陸資買進股數(不含外資自營商)"":""1,000"",""外陸資賣出股數(不含外資自營商)"":""41,000"",""外陸資買賣超股數(不含外資自營商)"":""-40,000"",""外資自營商買進股數"":""0"",""外資自營商賣出股數"":""0"",""外資自營商買賣超股數"":""0"",""投信買進股數"":""0"",""投信賣出股數"":""0"",""投信買賣超股數"":""0"",""自營商買賣超股數"":""4,000"",""自營商買進股數(自行買賣)"":""4,000"",""自營商賣出股數(自行買賣)"":""0"",""自營商買賣超股數(自行買賣)"":""4,000"",""自營商買進股數(避險)"":""0"",""自營商賣出股數(避險)"":""0"",""自營商買賣超股數(避險)"":""0"",""三大法人買賣超股數"":""-36,000""}"
2026-09-29,TWSE,7610,聯友金屬-創     ,110018,146660,-36642,0,0,0,34000,34230,-220,"{""證券代號"":""7610"",""證券名稱"":""聯友金屬-創     "",""外陸資買進股數(不含外資自營商)"":""110,018"",""外陸資賣出股數(不含外資自營商)"":""146,660"",""外陸資買賣超股數(不含外資自營商)"":""-36,642"",""外資自營商買進股數"":""0"",""外資自營商賣出股數"":""0"",""外資自營商買賣超股數"":""0"",""投信買進股數"":""0"",""投信賣出股數"":""0"",""投信買賣超股數"":""0"",""自營商買賣超股數"":""-220"",""自營商買進股數(自行買賣)"":""10"",""自營商賣出股數(自行買賣)"":""0"",""自營商買賣超股數(自行買賣)"":""10"",""自營商買進股數(避險)"":""34,000"",""自營商賣出股數(避險)"":""34,230"",""自營商買賣超股數(避險)"":""-230"",""三大法人買賣超股數"":""-36,862""}"
2026-09-29,TWSE,6923,中台            ,6000,43000,-37000,0,0,0,0,0,0,"{""證券代號"":""6923"",""證券名稱"":""中台            "",""外陸資買進股數(不含外資自營商)"":""6,000"",""外陸資賣出股數(不含外資自營商)"":""43,000"",""外陸資買賣超股數(不含外資自營商)"":""-37,000"",""外資自營商買進股數"":""0"",""外資自營商賣出股數"":""0"",""外資自營商買賣超股數"":""0"",""投信買進股數"":""0"",""投信賣出股數"":""0"",""投信買賣超股數"":""0"",""自營商買賣超股數"":""0"",""自營商買進股數(自行買賣)"":""0"",""自營商賣出股數(自行買賣)"":""0"",""自營商買賣超股數(自行買賣)"":""0"",""自營商買進股數(避險)"":""0"",""自營商賣出股數(避險)"":""0"",""自營商買賣超股數(避險)"":""0"",""三大法人買賣超股數"":""-37,000""}"
2026-09-29,TWSE,00669R,國泰美國道瓊反1 ,0,0,0,0,0,0,25000,62000,-37000,"{""證券代號"":""00669R"",""證券名稱"":""國泰美國道瓊反1 "",""外陸資買進股數(不含外資自營商)"":""0"",""外陸資賣出股數(不含外資自營商)"":""0"",""外陸資買賣超股數(不含外資自營商)"":""0"",""外資自營商買進股數"":""0"",""外資自營商賣出股數"":""0"",""外資自營商買賣超股數"":""0"",""投信買進股數"":""0"",""投信賣出股數"":""0"",""投信買賣超股數"":""0"",""自營商買賣超股數"":""-37,000"",""自營商買進股數(自行買賣)"":""0"",""自營商賣出股數(自行買賣)"":""0"",""自營商買賣超股數(自行買賣)"":""0"",""自營商買進股數(避險)"":""25,000"",""自營商賣出股數(避險)"":""62,000"",""自營商買賣超股數(避險)"":""-37,000"",""三大法人買賣超股數"":""-37,000""}"
2026-09-29,TWSE,2012,春雨            ,1000,42000,-41000,0,0,0,0,0,4000,"{""證券代號"":""2012"",""證券名稱"":""春雨            "",""外陸資買進股數(不含外資自營商)"":""1,000"",""外陸資賣出股數(不含外資自營商)"":""42,000"",""外陸資買賣超股數(不含外資自營商)"":""-41,000"",""外資自營商買進股數"":""0"",""外資自營商賣出股數"":""0"",""外資自營商買賣超股數"":""0"",""投信買進股數"":""0"",""投信賣出股數"":""0"",""投信買賣超股數"":""0"",""自營商買賣超股數"":""4,000"",""自營商買進股數(自行買賣)"":""7,000"",""自營商賣出股數(自行買賣)"":""3,000"",""自營商買賣超股數(自行買賣)"":""4,000"",""自營商買進股數(避險)"":""0"",""自營商賣出股數(避險)"":""0"",""自營商買賣超股數(避險)"":""0"",""三大法人買賣超股數"":""-37,000""}"
2026-09-29,TWSE,4536,拓凱            ,48011,85000,-36989,0,0,0,0,0,-32,"{""證券代號"":""4536"",""證券名稱"":""拓凱            "",""外陸資買進股數(不含外資自營商)"":""48,011"",""外陸資賣出股數(不含外資自營商)"":""85,000"",""外陸資買賣超股數(不含外資自營商)"":""-36,989"",""外資自營商買進股數"":""0"",""外資自營商賣出股數"":""0"",""外資自營商買賣超股數"":""0"",""投信買進股數"":""0"",""投信賣出股數"":""0"",""投信買賣超股數"":""0"",""自營商買賣超股數"":""-32"",""自營商買進股數(自行買賣)"":""0"",""自營商賣出股數(自行買賣)"":""32"",""自營商買賣超股數(自行買賣)"":""-32"",""自營商買進股數(避險)"":""0"",""自營商賣出股數(避險)"":""0"",""自營商買賣超股數(避險)"":""0"",""三大法人買賣超股數"":""-37,021""}"
2026-09-29,TWSE,2033,佳大            ,699119,736145,-37026,0,0,0,0,0,0,"{""證券代號"":""2033"",""證券名稱"":""佳大            "",""外陸資買進股數(不含外資自營商)"":""699,119"",""外陸資賣出股數(不含外資自營商)"":""736,145"",""外陸資買賣超股數(不含外資自營商)"":""-37,026"",""外資自營商買進股數"":""0"",""外資自營商賣出股數"":""0"",""外資自營商買賣超股數"":""0"",""投信買進股數"":""0"",""投信賣出股數"":""0"",""投信買賣超股數"":""0"",""自營商買賣超股數"":""0"",""自營商買進股數(自行買賣)"":""0"",""自營商賣出股數(自行買賣)"":""0"",""自營商買賣超股數(自行買賣)"":""0"",""自營商買進股數(避險)"":""0"",""自營商賣出股數(避險)"":""0"",""自營商買賣超股數(避險)"":""0"",""三大法人買賣超股數"":""-37,026""}"
2026-09-29,TWSE,2753,八方雲集        ,17000,56325,-39325,2007,0,2007,0,0,0,"{""證券代號"":""2753"",""證券名稱"":""八方雲集        "",""外陸資買進股數(不含外資自營商)"":""17,000"",""外陸資賣出股數(不含外資自營商)"":""56,325"",""外陸資買賣超股數(不含外資自營商)"":""-39,325"",""外資自營商買進股數"":""0"",""外資自營商賣出股數"":""0"",""外資自營商買賣超股數"":""0"",""投信買進股數"":""2,007"",""投信賣出股數"":""0"",""投信買賣超股數"":""2,007"",""自營商買賣超股數"":""0"",""自營商買進股數(自行買賣)"":""0"",""自營商賣出股數(自行買賣)"":""0"",""自營商買賣超股數(自行買賣)"":""0"",""自營商買進股數(避險)"":""0"",""自營商賣出股數(避險)"":""0"",""自營商買賣超股數(避險)"":""0"",""三大法人買賣超股數"":""-37,318""}"
2026-09-29,TWSE,009808,華南永昌優選50  ,110000,1000,109000,0,0,0,3000,149394,-146394,"{""證券代號"":""009808"",""證券名稱"":""華南永昌優選50  "",""外陸資買進股數(不含外資自營商)"":""110,000"",""外陸資賣出股數(不含外資自營商)"":""1,000"",""外陸資買賣超股數(不含外資自營商)"":""109,000"",""外資自營商買進股數"":""0"",""外資自營商賣出股數"":""0"",""外資自營商買賣超股數"":""0"",""投信買進股數"":""0"",""投信賣出股數"":""0"",""投信買賣超股數"":""0"",""自營商買賣超股數"":""-146,394"",""自營商買進股數(自行買賣)"":""0"",""自營商賣出股數(自行買賣)"":""0"",""自營商買賣超股數(自行買賣)"":""0"",""自營商買進股數(避險)"":""3,000"",""自營商賣出股數(避險)"":""149,394"",""自營商買賣超股數(避險)"":""-146,394"",""三大法人買賣超股數"":""-37,394""}"
2026-09-29,TWSE,6451,訊芯-KY         ,262559,301488,-38929,0,0,0,6399,5305,658,"{""證券代號"":""6451"",""證券名稱"":""訊芯-KY         "",""外陸資買進股數(不含外資自營商)"":""262,559"",""外陸資賣出股數(不含外資自營商)"":""301,488"",""外陸資買賣超股數(不含外資自營商)"":""-38,929"",""外資自營商買進股數"":""0"",""外資自營商賣出股數"":""0"",""外資自營商買賣超股數"":""0"",""投信買進股數"":""0"",""投信賣出股數"":""0"",""投信買賣超股數"":""0"",""自營商買賣超股數"":""658"",""自營商買進股數(自行買賣)"":""0"",""自營商賣出股數(自行買賣)"":""436"",""自營商買賣超股數(自行買賣)"":""-436"",""自營商買進股數(避險)"":""6,399"",""自營商賣出股數(避險)"":""5,305"",""自營商買賣超股數(避險)"":""1,094"",""三大法人買賣超股數"":""-38,271""}"
2026-09-29,TWSE,2062,橋椿            ,6000,45253,-39253,0,0,0,0,0,284,"{""證券代號"":""2062"",""證券名稱"":""橋椿            "",""外陸資買進股數(不含外資自營商)"":""6,000"",""外陸資賣出股數(不含外資自營商)"":""45,253"",""外陸資買賣超股數(不含外資自營商)"":""-39,253"",""外資自營商買進股數"":""0"",""外資自營商賣出股數"":""0"",""外資自營商買賣超股數"":""0"",""投信買進股數"":""0"",""投信賣出股數"":""0"",""投信買賣超股數"":""0"",""自營商買賣超股數"":""284"",""自營商買進股數(自行買賣)"":""1,000"",""自營商賣出股數(自行買賣)"":""716"",""自營商買賣超股數(自行買賣)"":""284"",""自營商買進股數(避險)"":""0"",""自營商賣出股數(避險)"":""0"",""自營商買賣超股數(避險)"":""0"",""三大法人買賣超股數"":""-38,969""}"
2026-09-29,TWSE,2243,宏旭-KY         ,21001,62000,-40999,0,0,0,0,0,2000,"{""證券代號"":""2243"",""證券名稱"":""宏旭-KY         "",""外陸資買進股數(不含外資自營商)"":""21,001"",""外陸資賣出股數(不含外資自營商)"":""62,000"",""外陸資買賣超股數(不含外資自營商)"":""-40,999"",""外資自營商買進股數"":""0"",""外資自營商賣出股數"":""0"",""外資自營商買賣超股數"":""0"",""投信買進股數"":""0"",""投信賣出股數"":""0"",""投信買賣超股數"":""0"",""自營商買賣超股數"":""2,000"",""自營商買進股數(自行買賣)"":""2,000"",""自營商賣出股數(自行買賣)"":""0"",""自營商買賣超股數(自行買賣)"":""2,000"",""自營商買進股數(避險)"":""0"",""自營商賣出股數(避險)"":""0"",""自營商買賣超股數(避險)"":""0"",""三大法人買賣超股數"":""-38,999""}"
2026-09-29,TWSE,9905,大華            ,4000,43000,-39000,0,0,0,0,0,0,"{""證券代號"":""9905"",""證券名稱"":""大華            "",""外陸資買進股數(不含外資自營商)"":""4,000"",""外陸資賣出股數(不含外資自營商)"":""43,000"",""外陸資買賣超股數(不含外資自營商)"":""-39,000"",""外資自營商買進股數"":""0"",""外資自營商賣出股數"":""0"",""外資自營商買賣超股數"":""0"",""投信買進股數"":""0"",""投信賣出股數"":""0"",""投信買賣超股數"":""0"",""自營商買賣超股數"":""0"",""自營商買進股數(自行買賣)"":""0"",""自營商賣出股數(自行買賣)"":""0"",""自營商買賣超股數(自行買賣)"":""0"",""自營商買進股數(避險)"":""0"",""自營商賣出股數(避險)"":""0"",""自營商買賣超股數(避險)"":""0"",""三大法人買賣超股數"":""-39,000""}"
2026-09-29,TWSE,006207,復華滬深        ,300,262000,-261700,0,0,0,577038,354815,222223,"{""證券代號"":""006207"",""證券名稱"":""復華滬深        "",""外陸資買進股數(不含外資自營商)"":""300"",""外陸資賣出股數(不含外資自營商)"":""262,000"",""外陸資買賣超股數(不含外資自營商)"":""-261,700"",""外資自營商買進股數"":""0"",""外資自營商賣出股數"":""0"",""外資自營商買賣超股數"":""0"",""投信買進股數"":""0"",""投信賣出股數"":""0"",""投信買賣超股數"":""0"",""自營商買賣超股數"":""222,223"",""自營商買進股數(自行買賣)"":""0"",""自營商賣出股數(自行買賣)"":""0"",""自營商買賣超股數(自行買賣)"":""0"",""自營商買進股數(避險)"":""577,038"",""自營商賣出股數(避險)"":""354,815"",""自營商買賣超股數(避險)"":""222,223"",""三大法人買賣超股數"":""-39,477""}"
2026-09-29,TWSE,2390,云辰            ,36000,80000,-44000,0,0,0,0,0,4000,"{""證券代號"":""2390"",""證券名稱"":""云辰            "",""外陸資買進股數(不含外資自營商)"":""36,000"",""外陸資賣出股數(不含外資自營商)"":""80,000"",""外陸資買賣超股數(不含外資自營商)"":""-44,000"",""外資自營商買進股數"":""0"",""外資自營商賣出股數"":""0"",""外資自營商買賣超股數"":""0"",""投信買進股數"":""0"",""投信賣出股數"":""0"",""投信買賣超股數"":""0"",""自營商買賣超股數"":""4,000"",""自營商買進股數(自行買賣)"":""7,000"",""自營商賣出股數(自行買賣)"":""3,000"",""自營商買賣超股數(自行買賣)"":""4,000"",""自營商買進股數(避險)"":""0"",""自營商賣出股數(避險)"":""0"",""自營商買賣超股數(避險)"":""0"",""三大法人買賣超股數"":""-40,000""}"
2026-09-29,TWSE,9955,佳龍            ,104000,146000,-42000,0,0,0,0,0,1000,"{""證券代號"":""9955"",""證券名稱"":""佳龍            "",""外陸資買進股數(不含外資自營商)"":""104,000"",""外陸資賣出股數(不含外資自營商)"":""146,000"",""外陸資買賣超股數(不含外資自營商)"":""-42,000"",""外資自營商買進股數"":""0"",""外資自營商賣出股數"":""0"",""外資自營商買賣超股數"":""0"",""投信買進股數"":""0"",""投信賣出股數"":""0"",""投信買賣超股數"":""0"",""自營商買賣超股數"":""1,000"",""自營商買進股數(自行買賣)"":""3,000"",""自營商賣出股數(自行買賣)"":""2,000"",""自營商買賣超股數(自行買賣)"":""1,000"",""自營商買進股數(避險)"":""0"",""自營商賣出股數(避險)"":""0"",""自營商買賣超股數(避險)"":""0"",""三大法人買賣超股數"":""-41,000""}"
2026-09-29,TWSE,6598,ABC-KY          ,10000,53000,-43000,0,0,0,0,0,2000,"{""證券代號"":""6598"",""證券名稱"":""ABC-KY          "",""外陸資買進股數(不含外資自營商)"":""10,000"",""外陸資賣出股數(不含外資自營商)"":""53,000"",""外陸資買賣超股數(不含外資自營商)"":""-43,000"",""外資自營商買進股數"":""0"",""外資自營商賣出股數"":""0"",""外資自營商買賣超股數"":""0"",""投信買進股數"":""0"",""投信賣出股數"":""0"",""投信買賣超股數"":""0"",""自營商買賣超股數"":""2,000"",""自營商買進股數(自行買賣)"":""2,000"",""自營商賣出股數(自行買賣)"":""0"",""自營商買賣超股數(自行買賣)"":""2,000"",""自營商買進股數(避險)"":""0"",""自營商賣出股數(避險)"":""0"",""自營商買賣超股數(避險)"":""0"",""三大法人買賣超股數"":""-41,000""}"
2026-09-29,TWSE,3043,科風            ,8000,50000,-42000,0,0,0,0,0,0,"{""證券代號"":""3043"",""證券名稱"":""科風            "",""外陸資買進股數(不含外資自營商)"":""8,000"",""外陸資賣出股數(不含外資自營商)"":""50,000"",""外陸資買賣超股數(不含外資自營商)"":""-42,000"",""外資自營商買進股數"":""0"",""外資自營商賣出股數"":""0"",""外資自營商買賣超股數"":""0"",""投信買進股數"":""0"",""投信賣出股數"":""0"",""投信買賣超股數"":""0"",""自營商買賣超股數"":""0"",""自營商買進股數(自行買賣)"":""0"",""自營商賣出股數(自行買賣)"":""0"",""自營商買賣超股數(自行買賣)"":""0"",""自營商買進股數(避險)"":""0"",""自營商賣出股數(避險)"":""0"",""自營商買賣超股數(避險)"":""0"",""三大法人買賣超股數"":""-42,000""}"
2026-09-29,TWSE,00852L,國泰美國道瓊正2 ,0,0,0,0,0,0,0,42023,-42023,"{""證券代號"":""00852L"",""證券名稱"":""國泰美國道瓊正2 "",""外陸資買進股數(不含外資自營商)"":""0"",""外陸資賣出股數(不含外資自營商)"":""0"",""外陸資買賣超股數(不含外資自營商)"":""0"",""外資自營商買進股數"":""0"",""外資自營商賣出股數"":""0"",""外資自營商買賣超股數"":""0"",""投信買進股數"":""0"",""投信賣出股數"":""0"",""投信買賣超股數"":""0"",""自營商買賣超股數"":""-42,023"",""自營商買進股數(自行買賣)"":""0"",""自營商賣出股數(自行買賣)"":""0"",""自營商買賣超股數(自行買賣)"":""0"",""自營商買進股數(避險)"":""0"",""自營商賣出股數(避險)"":""42,023"",""自營商買賣超股數(避險)"":""-42,023"",""三大法人買賣超股數"":""-42,023""}"
2026-09-29,TWSE,9908,大台北          ,1000,44000,-43000,0,0,0,0,0,650,"{""證券代號"":""9908"",""證券名稱"":""大台北          "",""外陸資買進股數(不含外資自營商)"":""1,000"",""外陸資賣出股數(不含外資自營商)"":""44,000"",""外陸資買賣超股數(不含外資自營商)"":""-43,000"",""外資自營商買進股數"":""0"",""外資自營商賣出股數"":""0"",""外資自營商買賣超股數"":""0"",""投信買進股數"":""0"",""投信賣出股數"":""0"",""投信買賣超股數"":""0"",""自營商買賣超股數"":""650"",""自營商買進股數(自行買賣)"":""1,000"",""自營商賣出股數(自行買賣)"":""350"",""自營商買賣超股數(自行買賣)"":""650"",""自營商買進股數(避險)"":""0"",""自營商賣出股數(避險)"":""0"",""自營商買賣超股數(避險)"":""0"",""三大法人買賣超股數"":""-42,350""}"
2026-09-29,TWSE,2359,所羅門          ,153000,194017,-41017,0,0,0,4000,5869,-1869,"{""證券代號"":""2359"",""證券名稱"":""所羅門          "",""外陸資買進股數(不含外資自營商)"":""153,000"",""外陸資賣出股數(不含外資自營商)"":""194,017"",""外陸資買賣超股數(不含外資自營商)"":""-41,017"",""外資自營商買進股數"":""0"",""外資自營商賣出股數"":""0"",""外資自營商買賣超股數"":""0"",""投信買進股數"":""0"",""投信賣出股數"":""0"",""投信買賣超股數"":""0"",""自營商買賣超股數"":""-1,869"",""自營商買進股數(自行買賣)"":""0"",""自營商賣出股數(自行買賣)"":""0"",""自營商買賣超股數(自行買賣)"":""0"",""自營商買進股數(避險)"":""4,000"",""自營商賣出股數(避險)"":""5,869"",""自營商買賣超股數(避險)"":""-1,869"",""三大法人買賣超股數"":""-42,886""}"
2026-09-29,TWSE,1325,恆大            ,31000,74023,-43023,0,0,0,0,0,0,"{""證券代號"":""1325"",""證券名稱"":""恆大            "",""外陸資買進股數(不含外資自營商)"":""31,000"",""外陸資賣出股數(不含外資自營商)"":""74,023"",""外陸資買賣超股數(不含外資自營商)"":""-43,023"",""外資自營商買進股數"":""0"",""外資自營商賣出股數"":""0"",""外資自營商買賣超股數"":""0"",""投信買進股數"":""0"",""投信賣出股數"":""0"",""投信買賣超股數"":""0"",""自營商買賣超股數"":""0"",""自營商買進股數(自行買賣)"":""0"",""自營商賣出股數(自行買賣)"":""0"",""自營商買賣超股數(自行買賣)"":""0"",""自營商買進股數(避險)"":""0"",""自營商賣出股數(避險)"":""0"",""自營商買賣超股數(避險)"":""0"",""三大法人買賣超股數"":""-43,023""}"
2026-09-29,TWSE,6192,巨路            ,8000,51000,-43000,0,0,0,0,0,-50,"{""證券代號"":""6192"",""證券名稱"":""巨路            "",""外陸資買進股數(不含外資自營商)"":""8,000"",""外陸資賣出股數(不含外資自營商)"":""51,000"",""外陸資買賣超股數(不含外資自營商)"":""-43,000"",""外資自營商買進股數"":""0"",""外資自營商賣出股數"":""0"",""外資自營商買賣超股數"":""0"",""投信買進股數"":""0"",""投信賣出股數"":""0"",""投信買賣超股數"":""0"",""自營商買賣超股數"":""-50"",""自營商買進股數(自行買賣)"":""0"",""自營商賣出股數(自行買賣)"":""50"",""自營商買賣超股數(自行買賣)"":""-50"",""自營商買進股數(避險)"":""0"",""自營商賣出股數(避險)"":""0"",""自營商買賣超股數(避險)"":""0"",""三大法人買賣超股數"":""-43,050""}"
2026-09-29,TWSE,4764,雙鍵            ,565341,399000,166341,0,205521,-205521,2527,785,-4258,"{""證券代號"":""4764"",""證券名稱"":""雙鍵            "",""外陸資買進股數(不含外資自營商)"":""565,341"",""外陸資賣出股數(不含外資自營商)"":""399,000"",""外陸資買賣超股數(不含外資自營商)"":""166,341"",""外資自營商買進股數"":""0"",""外資自營商賣出股數"":""0"",""外資自營商買賣超股數"":""0"",""投信買進股數"":""0"",""投信賣出股數"":""205,521"",""投信買賣超股數"":""-205,521"",""自營商買賣超股數"":""-4,258"",""自營商買進股數(自行買賣)"":""1,000"",""自營商賣出股數(自行買賣)"":""7,000"",""自營商買賣超股數(自行買賣)"":""-6,000"",""自營商買進股數(避險)"":""2,527"",""自營商賣出股數(避險)"":""785"",""自營商買賣超股數(避險)"":""1,742"",""三大法人買賣超股數"":""-43,438""}"
2026-09-29,TWSE,2820,華票            ,1332000,1427507,-95507,0,0,0,0,0,52000,"{""證券代號"":""2820"",""證券名稱"":""華票            "",""外陸資買進股數(不含外資自營商)"":""1,332,000"",""外陸資賣出股數(不含外資自營商)"":""1,427,507"",""外陸資買賣超股數(不含外資自營商)"":""-95,507"",""外資自營商買進股數"":""0"",""外資自營商賣出股數"":""0"",""外資自營商買賣超股數"":""0"",""投信買進股數"":""0"",""投信賣出股數"":""0"",""投信買賣超股數"":""0"",""自營商買賣超股數"":""52,000"",""自營商買進股數(自行買賣)"":""52,000"",""自營商賣出股數(自行買賣)"":""0"",""自營商買賣超股數(自行買賣)"":""52,000"",""自營商買進股數(避險)"":""0"",""自營商賣出股數(避險)"":""0"",""自營商買賣超股數(避險)"":""0"",""三大法人買賣超股數"":""-43,507""}"
2026-09-29,TWSE,1618,合機            ,71000,114000,-43000,0,0,0,0,536,-536,"{""證券代號"":""1618"",""證券名稱"":""合機            "",""外陸資買進股數(不含外資自營商)"":""71,000"",""外陸資賣出股數(不含外資自營商)"":""114,000"",""外陸資買賣超股數(不含外資自營商)"":""-43,000"",""外資自營商買進股數"":""0"",""外資自營商賣出股數"":""0"",""外資自營商買賣超股數"":""0"",""投信買進股數"":""0"",""投信賣出股數"":""0"",""投信買賣超股數"":""0"",""自營商買賣超股數"":""-536"",""自營商買進股數(自行買賣)"":""0"",""自營商賣出股數(自行買賣)"":""0"",""自營商買賣超股數(自行買賣)"":""0"",""自營商買進股數(避險)"":""0"",""自營商賣出股數(避險)"":""536"",""自營商買賣超股數(避險)"":""-536"",""三大法人買賣超股數"":""-43,536""}"
2026-09-29,TWSE,6768,志強-KY         ,28000,75000,-47000,3000,0,3000,0,26,-26,"{""證券代號"":""6768"",""證券名稱"":""志強-KY         "",""外陸資買進股數(不含外資自營商)"":""28,000"",""外陸資賣出股數(不含外資自營商)"":""75,000"",""外陸資買賣超股數(不含外資自營商)"":""-47,000"",""外資自營商買進股數"":""0"",""外資自營商賣出股數"":""0"",""外資自營商買賣超股數"":""0"",""投信買進股數"":""3,000"",""投信賣出股數"":""0"",""投信買賣超股數"":""3,000"",""自營商買賣超股數"":""-26"",""自營商買進股數(自行買賣)"":""0"",""自營商賣出股數(自行買賣)"":""0"",""自營商買賣超股數(自行買賣)"":""0"",""自營商買進股數(避險)"":""0"",""自營商賣出股數(避險)"":""26"",""自營商買賣超股數(避險)"":""-26"",""三大法人買賣超股數"":""-44,026""}"
2026-09-29,TWSE,6582,申豐            ,4000,49000,-45000,0,0,0,0,0,0,"{""證券代號"":""6582"",""證券名稱"":""申豐            "",""外陸資買進股數(不含外資自營商)"":""4,000"",""外陸資賣出股數(不含外資自營商)"":""49,000"",""外陸資買賣超股數(不含外資自營商)"":""-45,000"",""外資自營商買進股數"":""0"",""外資自營商賣出股數"":""0"",""外資自營商買賣超股數"":""0"",""投信買進股數"":""0"",""投信賣出股數"":""0"",""投信買賣超股數"":""0"",""自營商買賣超股數"":""0"",""自營商買進股數(自行買賣)"":""0"",""自營商賣出股數(自行買賣)"":""0"",""自營商買賣超股數(自行買賣)"":""0"",""自營商買進股數(避險)"":""0"",""自營商賣出股數(避險)"":""0"",""自營商買賣超股數(避險)"":""0"",""三大法人買賣超股數"":""-45,000""}"
2026-09-29,TWSE,9939,宏全            ,176047,220000,-43953,0,0,0,0,0,-1487,"{""證券代號"":""9939"",""證券名稱"":""宏全            "",""外陸資買進股數(不含外資自營商)"":""176,047"",""外陸資賣出股數(不含外資自營商)"":""220,000"",""外陸資買賣超股數(不含外資自營商)"":""-43,953"",""外資自營商買進股數"":""0"",""外資自營商賣出股數"":""0"",""外資自營商買賣超股數"":""0"",""投信買進股數"":""0"",""投信賣出股數"":""0"",""投信買賣超股數"":""0"",""自營商買賣超股數"":""-1,487"",""自營商買進股數(自行買賣)"":""3,000"",""自營商賣出股數(自行買賣)"":""4,487"",""自營商買賣超股數(自行買賣)"":""-1,487"",""自營商買進股數(避險)"":""0"",""自營商賣出股數(避險)"":""0"",""自營商買賣超股數(避險)"":""0"",""三大法人買賣超股數"":""-45,440""}"
2026-09-29,TWSE,1734,杏輝            ,10371,56000,-45629,0,0,0,0,0,0,"{""證券代號"":""1734"",""證券名稱"":""杏輝            "",""外陸資買進股數(不含外資自營商)"":""10,371"",""外陸資賣出股數(不含外資自營商)"":""56,000"",""外陸資買賣超股數(不含外資自營商)"":""-45,629"",""外資自營商買進股數"":""0"",""外資自營商賣出股數"":""0"",""外資自營商買賣超股數"":""0"",""投信買進股數"":""0"",""投信賣出股數"":""0"",""投信買賣超股數"":""0"",""自營商買賣超股數"":""0"",""自營商買進股數(自行買賣)"":""0"",""自營商賣出股數(自行買賣)"":""0"",""自營商買賣超股數(自行買賣)"":""0"",""自營商買進股數(避險)"":""0"",""自營商賣出股數(避險)"":""0"",""自營商買賣超股數(避險)"":""0"",""三大法人買賣超股數"":""-45,629""}"
2026-09-29,TWSE,1604,聲寶            ,13072,59000,-45928,0,0,0,0,0,0,"{""證券代號"":""1604"",""證券名稱"":""聲寶            "",""外陸資買進股數(不含外資自營商)"":""13,072"",""外陸資賣出股數(不含外資自營商)"":""59,000"",""外陸資買賣超股數(不含外資自營商)"":""-45,928"",""外資自營商買進股數"":""0"",""外資自營商賣出股數"":""0"",""外資自營商買賣超股數"":""0"",""投信買進股數"":""0"",""投信賣出股數"":""0"",""投信買賣超股數"":""0"",""自營商買賣超股數"":""0"",""自營商買進股數(自行買賣)"":""0"",""自營商賣出股數(自行買賣)"":""0"",""自營商買賣超股數(自行買賣)"":""0"",""自營商買進股數(避險)"":""0"",""自營商賣出股數(避險)"":""0"",""自營商買賣超股數(避險)"":""0"",""三大法人買賣超股數"":""-45,928""}"
2026-09-29,TWSE,6024,群益期          ,62000,108000,-46000,0,0,0,0,0,0,"{""證券代號"":""6024"",""證券名稱"":""群益期          "",""外陸資買進股數(不含外資自營商)"":""62,000"",""外陸資賣出股數(不含外資自營商)"":""108,000"",""外陸資買賣超股數(不含外資自營商)"":""-46,000"",""外資自營商買進股數"":""0"",""外資自營商賣出股數"":""0"",""外資自營商買賣超股數"":""0"",""投信買進股數"":""0"",""投信賣出股數"":""0"",""投信買賣超股數"":""0"",""自營商買賣超股數"":""0"",""自營商買進股數(自行買賣)"":""0"",""自營商賣出股數(自行買賣)"":""0"",""自營商買賣超股數(自行買賣)"":""0"",""自營商買進股數(避險)"":""0"",""自營商賣出股數(避險)"":""0"",""自營商買賣超股數(避險)"":""0"",""三大法人買賣超股數"":""-46,000""}"
2026-09-29,TWSE,3013,晟銘電          ,296000,342000,-46000,0,0,0,2000,2316,-316,"{""證券代號"":""3013"",""證券名稱"":""晟銘電          "",""外陸資買進股數(不含外資自營商)"":""296,000"",""外陸資賣出股數(不含外資自營商)"":""342,000"",""外陸資買賣超股數(不含外資自營商)"":""-46,000"",""外資自營商買進股數"":""0"",""外資自營商賣出股數"":""0"",""外資自營商買賣超股數"":""0"",""投信買進股數"":""0"",""投信賣出股數"":""0"",""投信買賣超股數"":""0"",""自營商買賣超股數"":""-316"",""自營商買進股數(自行買賣)"":""0"",""自營商賣出股數(自行買賣)"":""0"",""自營商買賣超股數(自行買賣)"":""0"",""自營商買進股數(避險)"":""2,000"",""自營商賣出股數(避險)"":""2,316"",""自營商買賣超股數(避險)"":""-316"",""三大法人買賣超股數"":""-46,316""}"
2026-09-29,TWSE,5519,隆大            ,14650,61000,-46350,0,0,0,0,0,-359,"{""證券代號"":""5519"",""證券名稱"":""隆大            "",""外陸資買進股數(不含外資自營商)"":""14,650"",""外陸資賣出股數(不含外資自營商)"":""61,000"",""外陸資買賣超股數(不含外資自營商)"":""-46,350"",""外資自營商買進股數"":""0"",""外資自營商賣出股數"":""0"",""外資自營商買賣超股數"":""0"",""投信買進股數"":""0"",""投信賣出股數"":""0"",""投信買賣超股數"":""0"",""自營商買賣超股數"":""-359"",""自營商買進股數(自行買賣)"":""0"",""自營商賣出股數(自行買賣)"":""359"",""自營商買賣超股數(自行買賣)"":""-359"",""自營商買進股數(避險)"":""0"",""自營商賣出股數(避險)"":""0"",""自營商買賣超股數(避險)"":""0"",""三大法人買賣超股數"":""-46,709""}"
2026-09-29,TWSE,1615,大山            ,16000,63000,-47000,0,0,0,0,0,0,"{""證券代號"":""1615"",""證券名稱"":""大山            "",""外陸資買進股數(不含外資自營商)"":""16,000"",""外陸資賣出股數(不含外資自營商)"":""63,000"",""外陸資買賣超股數(不含外資自營商)"":""-47,000"",""外資自營商買進股數"":""0"",""外資自營商賣出股數"":""0"",""外資自營商買賣超股數"":""0"",""投信買進股數"":""0"",""投信賣出股數"":""0"",""投信買賣超股數"":""0"",""自營商買賣超股數"":""0"",""自營商買進股數(自行買賣)"":""0"",""自營商賣出股數(自行買賣)"":""0"",""自營商買賣超股數(自行買賣)"":""0"",""自營商買進股數(避險)"":""0"",""自營商賣出股數(避險)"":""0"",""自營商買賣超股數(避險)"":""0"",""三大法人買賣超股數"":""-47,000""}"
2026-09-29,TWSE,3032,偉訓            ,31060,79000,-47940,0,0,0,0,0,0,"{""證券代號"":""3032"",""證券名稱"":""偉訓            "",""外陸資買進股數(不含外資自營商)"":""31,060"",""外陸資賣出股數(不含外資自營商)"":""79,000"",""外陸資買賣超股數(不含外資自營商)"":""-47,940"",""外資自營商買進股數"":""0"",""外資自營商賣出股數"":""0"",""外資自營商買賣超股數"":""0"",""投信買進股數"":""0"",""投信賣出股數"":""0"",""投信買賣超股數"":""0"",""自營商買賣超股數"":""0"",""自營商買進股數(自行買賣)"":""0"",""自營商賣出股數(自行買賣)"":""0"",""自營商買賣超股數(自行買賣)"":""0"",""自營商買進股數(避險)"":""0"",""自營商賣出股數(避險)"":""0"",""自營商買賣超股數(避險)"":""0"",""三大法人買賣超股數"":""-47,940""}"
2026-09-29,TWSE,6838,台新藥          ,35000,83000,-48000,0,0,0,0,0,-1000,"{""證券代號"":""6838"",""證券名稱"":""台新藥          "",""外陸資買進股數(不含外資自營商)"":""35,000"",""外陸資賣出股數(不含外資自營商)"":""83,000"",""外陸資買賣超股數(不含外資自營商)"":""-48,000"",""外資自營商買進股數"":""0"",""外資自營商賣出股數"":""0"",""外資自營商買賣超股數"":""0"",""投信買進股數"":""0"",""投信賣出股數"":""0"",""投信買賣超股數"":""0"",""自營商買賣超股數"":""-1,000"",""自營商買進股數(自行買賣)"":""0"",""自營商賣出股數(自行買賣)"":""1,000"",""自營商買賣超股數(自行買賣)"":""-1,000"",""自營商買進股數(避險)"":""0"",""自營商賣出股數(避險)"":""0"",""自營商買賣超股數(避險)"":""0"",""三大法人買賣超股數"":""-49,000""}"
2026-09-29,TWSE,1789,神隆            ,49000,111177,-62177,0,0,0,0,78,12922,"{""證券代號"":""1789"",""證券名稱"":""神隆            "",""外陸資買進股數(不含外資自營商)"":""49,000"",""外陸資賣出股數(不含外資自營商)"":""111,177"",""外陸資買賣超股數(不含外資自營商)"":""-62,177"",""外資自營商買進股數"":""0"",""外資自營商賣出股數"":""0"",""外資自營商買賣超股數"":""0"",""投信買進股數"":""0"",""投信賣出股數"":""0"",""投信買賣超股數"":""0"",""自營商買賣超股數"":""12,922"",""自營商買進股數(自行買賣)"":""13,000"",""自營商賣出股數(自行買賣)"":""0"",""自營商買賣超股數(自行買賣)"":""13,000"",""自營商買進股數(避險)"":""0"",""自營商賣出股數(避險)"":""78"",""自營商買賣超股數(避險)"":""-78"",""三大法人買賣超股數"":""-49,255""}"
2026-09-29,TWSE,6412,群電            ,105000,133000,-28000,0,0,0,3000,24621,-21621,"{""證券代號"":""6412"",""證券名稱"":""群電            "",""外陸資買進股數(不含外資自營商)"":""105,000"",""外陸資賣出股數(不含外資自營商)"":""133,000"",""外陸資買賣超股數(不含外資自營商)"":""-28,000"",""外資自營商買進股數"":""0"",""外資自營商賣出股數"":""0"",""外資自營商買賣超股數"":""0"",""投信買進股數"":""0"",""投信賣出股數"":""0"",""投信買賣超股數"":""0"",""自營商買賣超股數"":""-21,621"",""自營商買進股數(自行買賣)"":""0"",""自營商賣出股數(自行買賣)"":""0"",""自營商買賣超股數(自行買賣)"":""0"",""自營商買進股數(避險)"":""3,000"",""自營商賣出股數(避險)"":""24,621"",""自營商買賣超股數(避險)"":""-21,621"",""三大法人買賣超股數"":""-49,621""}"
2026-09-29,TWSE,1720,生達            ,16537,66301,-49764,0,0,0,0,0,0,"{""證券代號"":""1720"",""證券名稱"":""生達            "",""外陸資買進股數(不含外資自營商)"":""16,537"",""外陸資賣出股數(不含外資自營商)"":""66,301"",""外陸資買賣超股數(不含外資自營商)"":""-49,764"",""外資自營商買進股數"":""0"",""外資自營商賣出股數"":""0"",""外資自營商買賣超股數"":""0"",""投信買進股數"":""0"",""投信賣出股數"":""0"",""投信買賣超股數"":""0"",""自營商買賣超股數"":""0"",""自營商買進股數(自行買賣)"":""0"",""自營商賣出股數(自行買賣)"":""0"",""自營商買賣超股數(自行買賣)"":""0"",""自營商買進股數(避險)"":""0"",""自營商賣出股數(避險)"":""0"",""自營商買賣超股數(避險)"":""0"",""三大法人買賣超股數"":""-49,764""}"
2026-09-29,TWSE,7827,漢康-KY創       ,102570,155182,-52612,0,0,0,10340,10226,114,"{""證券代號"":""7827"",""證券名稱"":""漢康-KY創       "",""外陸資買進股數(不含外資自營商)"":""102,570"",""外陸資賣出股數(不含外資自營商)"":""155,182"",""外陸資買賣超股數(不含外資自營商)"":""-52,612"",""外資自營商買進股數"":""0"",""外資自營商賣出股數"":""0"",""外資自營商買賣超股數"":""0"",""投信買進股數"":""0"",""投信賣出股數"":""0"",""投信買賣超股數"":""0"",""自營商買賣超股數"":""114"",""自營商買進股數(自行買賣)"":""2,000"",""自營商賣出股數(自行買賣)"":""2,000"",""自營商買賣超股數(自行買賣)"":""0"",""自營商買進股數(避險)"":""10,340"",""自營商賣出股數(避險)"":""10,226"",""自營商買賣超股數(避險)"":""114"",""三大法人買賣超股數"":""-52,498""}"
2026-09-29,TWSE,2102,泰豐            ,82937,136000,-53063,0,0,0,0,0,0,"{""證券代號"":""2102"",""證券名稱"":""泰豐            "",""外陸資買進股數(不含外資自營商)"":""82,937"",""外陸資賣出股數(不含外資自營商)"":""136,000"",""外陸資買賣超股數(不含外資自營商)"":""-53,063"",""外資自營商買進股數"":""0"",""外資自營商賣出股數"":""0"",""外資自營商買賣超股數"":""0"",""投信買進股數"":""0"",""投信賣出股數"":""0"",""投信買賣超股數"":""0"",""自營商買賣超股數"":""0"",""自營商買進股數(自行買賣)"":""0"",""自營商賣出股數(自行買賣)"":""0"",""自營商買賣超股數(自行買賣)"":""0"",""自營商買進股數(避險)"":""0"",""自營商賣出股數(避險)"":""0"",""自營商買賣超股數(避險)"":""0"",""三大法人買賣超股數"":""-53,063""}"
2026-09-29,TWSE,8033,雷虎            ,337009,391000,-53991,0,0,0,0,0,473,"{""證券代號"":""8033"",""證券名稱"":""雷虎            "",""外陸資買進股數(不含外資自營商)"":""337,009"",""外陸資賣出股數(不含外資自營商)"":""391,000"",""外陸資買賣超股數(不含外資自營商)"":""-53,991"",""外資自營商買進股數"":""0"",""外資自營商賣出股數"":""0"",""外資自營商買賣超股數"":""0"",""投信買進股數"":""0"",""投信賣出股數"":""0"",""投信買賣超股數"":""0"",""自營商買賣超股數"":""473"",""自營商買進股數(自行買賣)"":""14,081"",""自營商賣出股數(自行買賣)"":""13,608"",""自營商買賣超股數(自行買賣)"":""473"",""自營商買進股數(避險)"":""0"",""自營商賣出股數(避險)"":""0"",""自營商買賣超股數(避險)"":""0"",""三大法人買賣超股數"":""-53,518""}"
2026-09-29,TWSE,2540,愛山林          ,201000,254780,-53780,0,0,0,0,0,0,"{""證券代號"":""2540"",""證券名稱"":""愛山林          "",""外陸資買進股數(不含外資自營商)"":""201,000"",""外陸資賣出股數(不含外資自營商)"":""254,780"",""外陸資買賣超股數(不含外資自營商)"":""-53,780"",""外資自營商買進股數"":""0"",""外資自營商賣出股數"":""0"",""外資自營商買賣超股數"":""0"",""投信買進股數"":""0"",""投信賣出股數"":""0"",""投信買賣超股數"":""0"",""自營商買賣超股數"":""0"",""自營商買進股數(自行買賣)"":""0"",""自營商賣出股數(自行買賣)"":""0"",""自營商買賣超股數(自行買賣)"":""0"",""自營商買進股數(避險)"":""0"",""自營商賣出股數(避險)"":""0"",""自營商買賣超股數(避險)"":""0"",""三大法人買賣超股數"":""-53,780""}"
2026-09-29,TWSE,6446,藥華藥          ,857930,807205,50725,0,0,0,979,5090,-105607,"{""證券代號"":""6446"",""證券名稱"":""藥華藥          "",""外陸資買進股數(不含外資自營商)"":""857,930"",""外陸資賣出股數(不含外資自營商)"":""807,205"",""外陸資買賣超股數(不含外資自營商)"":""50,725"",""外資自營商買進股數"":""0"",""外資自營商賣出股數"":""0"",""外資自營商買賣超股數"":""0"",""投信買進股數"":""0"",""投信賣出股數"":""0"",""投信買賣超股數"":""0"",""自營商買賣超股數"":""-105,607"",""自營商買進股數(自行買賣)"":""23,010"",""自營商賣出股數(自行買賣)"":""124,506"",""自營商買賣超股數(自行買賣)"":""-101,496"",""自營商買進股數(避險)"":""979"",""自營商賣出股數(避險)"":""5,090"",""自營商買賣超股數(避險)"":""-4,111"",""三大法人買賣超股數"":""-54,882""}"
2026-09-29,TWSE,1449,佳和            ,28716,86001,-57285,0,0,0,0,2,998,"{""證券代號"":""1449"",""證券名稱"":""佳和            "",""外陸資買進股數(不含外資自營商)"":""28,716"",""外陸資賣出股數(不含外資自營商)"":""86,001"",""外陸資買賣超股數(不含外資自營商)"":""-57,285"",""外資自營商買進股數"":""0"",""外資自營商賣出股數"":""0"",""外資自營商買賣超股數"":""0"",""投信買進股數"":""0"",""投信賣出股數"":""0"",""投信買賣超股數"":""0"",""自營商買賣超股數"":""998"",""自營商買進股數(自行買賣)"":""1,000"",""自營商賣出股數(自行買賣)"":""0"",""自營商買賣超股數(自行買賣)"":""1,000"",""自營商買進股數(避險)"":""0"",""自營商賣出股數(避險)"":""2"",""自營商買賣超股數(避險)"":""-2"",""三大法人買賣超股數"":""-56,287""}"
2026-09-29,TWSE,2462,良得電          ,16000,73000,-57000,0,0,0,0,0,0,"{""證券代號"":""2462"",""證券名稱"":""良得電          "",""外陸資買進股數(不含外資自營商)"":""16,000"",""外陸資賣出股數(不含外資自營商)"":""73,000"",""外陸資買賣超股數(不含外資自營商)"":""-57,000"",""外資自營商買進股數"":""0"",""外資自營商賣出股數"":""0"",""外資自營商買賣超股數"":""0"",""投信買進股數"":""0"",""投信賣出股數"":""0"",""投信買賣超股數"":""0"",""自營商買賣超股數"":""0"",""自營商買進股數(自行買賣)"":""0"",""自營商賣出股數(自行買賣)"":""0"",""自營商買賣超股數(自行買賣)"":""0"",""自營商買進股數(避險)"":""0"",""自營商賣出股數(避險)"":""0"",""自營商買賣超股數(避險)"":""0"",""三大法人買賣超股數"":""-57,000""}"
2026-09-29,TWSE,2645,長榮航太        ,115013,186000,-70987,0,0,0,24616,14000,13616,"{""證券代號"":""2645"",""證券名稱"":""長榮航太        "",""外陸資買進股數(不含外資自營商)"":""115,013"",""外陸資賣出股數(不含外資自營商)"":""186,000"",""外陸資買賣超股數(不含外資自營商)"":""-70,987"",""外資自營商買進股數"":""0"",""外資自營商賣出股數"":""0"",""外資自營商買賣超股數"":""0"",""投信買進股數"":""0"",""投信賣出股數"":""0"",""投信買賣超股數"":""0"",""自營商買賣超股數"":""13,616"",""自營商買進股數(自行買賣)"":""8,000"",""自營商賣出股數(自行買賣)"":""5,000"",""自營商買賣超股數(自行買賣)"":""3,000"",""自營商買進股數(避險)"":""24,616"",""自營商賣出股數(避險)"":""14,000"",""自營商買賣超股數(避險)"":""10,616"",""三大法人買賣超股數"":""-57,371""}"
2026-09-29,TWSE,2348,海悅            ,40000,94000,-54000,0,0,0,0,6361,-3486,"{""證券代號"":""2348"",""證券名稱"":""海悅            "",""外陸資買進股數(不含外資自營商)"":""40,000"",""外陸資賣出股數(不含外資自營商)"":""94,000"",""外陸資買賣超股數(不含外資自營商)"":""-54,000"",""外資自營商買進股數"":""0"",""外資自營商賣出股數"":""0"",""外資自營商買賣超股數"":""0"",""投信買進股數"":""0"",""投信賣出股數"":""0"",""投信買賣超股數"":""0"",""自營商買賣超股數"":""-3,486"",""自營商買進股數(自行買賣)"":""3,000"",""自營商賣出股數(自行買賣)"":""125"",""自營商買賣超股數(自行買賣)"":""2,875"",""自營商買進股數(避險)"":""0"",""自營商賣出股數(避險)"":""6,361"",""自營商買賣超股數(避險)"":""-6,361"",""三大法人買賣超股數"":""-57,486""}"
2026-09-29,TWSE,9103,美德醫療-DR     ,44000,102000,-58000,0,0,0,0,320,-320,"{""證券代號"":""9103"",""證券名稱"":""美德醫療-DR     "",""外陸資買進股數(不含外資自營商)"":""44,000"",""外陸資賣出股數(不含外資自營商)"":""102,000"",""外陸資買賣超股數(不含外資自營商)"":""-58,000"",""外資自營商買進股數"":""0"",""外資自營商賣出股數"":""0"",""外資自營商買賣超股數"":""0"",""投信買進股數"":""0"",""投信賣出股數"":""0"",""投信買賣超股數"":""0"",""自營商買賣超股數"":""-320"",""自營商買進股數(自行買賣)"":""0"",""自營商賣出股數(自行買賣)"":""0"",""自營商買賣超股數(自行買賣)"":""0"",""自營商買進股數(避險)"":""0"",""自營商賣出股數(避險)"":""320"",""自營商買賣超股數(避險)"":""-320"",""三大法人買賣超股數"":""-58,320""}"
2026-09-29,TWSE,4989,榮科            ,385301,446000,-60699,0,0,0,2942,586,2356,"{""證券代號"":""4989"",""證券名稱"":""榮科            "",""外陸資買進股數(不含外資自營商)"":""385,301"",""外陸資賣出股數(不含外資自營商)"":""446,000"",""外陸資買賣超股數(不含外資自營商)"":""-60,699"",""外資自營商買進股數"":""0"",""外資自營商賣出股數"":""0"",""外資自營商買賣超股數"":""0"",""投信買進股數"":""0"",""投信賣出股數"":""0"",""投信買賣超股數"":""0"",""自營商買賣超股數"":""2,356"",""自營商買進股數(自行買賣)"":""0"",""自營商賣出股數(自行買賣)"":""0"",""自營商買賣超股數(自行買賣)"":""0"",""自營商買進股數(避險)"":""2,942"",""自營商賣出股數(避險)"":""586"",""自營商買賣超股數(避險)"":""2,356"",""三大法人買賣超股數"":""-58,343""}"
2026-09-29,TWSE,3040,遠見            ,4000,63000,-59000,0,0,0,0,0,0,"{""證券代號"":""3040"",""證券名稱"":""遠見            "",""外陸資買進股數(不含外資自營商)"":""4,000"",""外陸資賣出股數(不含外資自營商)"":""63,000"",""外陸資買賣超股數(不含外資自營商)"":""-59,000"",""外資自營商買進股數"":""0"",""外資自營商賣出股數"":""0"",""外資自營商買賣超股數"":""0"",""投信買進股數"":""0"",""投信賣出股數"":""0"",""投信買賣超股數"":""0"",""自營商買賣超股數"":""0"",""自營商買進股數(自行買賣)"":""0"",""自營商賣出股數(自行買賣)"":""0"",""自營商買賣超股數(自行買賣)"":""0"",""自營商買進股數(避險)"":""0"",""自營商賣出股數(避險)"":""0"",""自營商買賣超股數(避險)"":""0"",""三大法人買賣超股數"":""-59,000""}"
2026-09-29,TWSE,2816,旺旺保          ,98180,158000,-59820,0,0,0,0,0,0,"{""證券代號"":""2816"",""證券名稱"":""旺旺保          "",""外陸資買進股數(不含外資自營商)"":""98,180"",""外陸資賣出股數(不含外資自營商)"":""158,000"",""外陸資買賣超股數(不含外資自營商)"":""-59,820"",""外資自營商買進股數"":""0"",""外資自營商賣出股數"":""0"",""外資自營商買賣超股數"":""0"",""投信買進股數"":""0"",""投信賣出股數"":""0"",""投信買賣超股數"":""0"",""自營商買賣超股數"":""0"",""自營商買進股數(自行買賣)"":""0"",""自營商賣出股數(自行買賣)"":""0"",""自營商買賣超股數(自行買賣)"":""0"",""自營商買進股數(避險)"":""0"",""自營商賣出股數(避險)"":""0"",""自營商買賣超股數(避險)"":""0"",""三大法人買賣超股數"":""-59,820""}"
2026-09-29,TWSE,3543,州巧            ,969384,1031000,-61616,0,0,0,0,0,1,"{""證券代號"":""3543"",""證券名稱"":""州巧            "",""外陸資買進股數(不含外資自營商)"":""969,384"",""外陸資賣出股數(不含外資自營商)"":""1,031,000"",""外陸資買賣超股數(不含外資自營商)"":""-61,616"",""外資自營商買進股數"":""0"",""外資自營商賣出股數"":""0"",""外資自營商買賣超股數"":""0"",""投信買進股數"":""0"",""投信賣出股數"":""0"",""投信買賣超股數"":""0"",""自營商買賣超股數"":""1"",""自營商買進股數(自行買賣)"":""1"",""自營商賣出股數(自行買賣)"":""0"",""自營商買賣超股數(自行買賣)"":""1"",""自營商買進股數(避險)"":""0"",""自營商賣出股數(避險)"":""0"",""自營商買賣超股數(避險)"":""0"",""三大法人買賣超股數"":""-61,615""}"
2026-09-29,TWSE,2849,安泰銀          ,29000,112000,-83000,0,0,0,0,0,21000,"{""證券代號"":""2849"",""證券名稱"":""安泰銀          "",""外陸資買進股數(不含外資自營商)"":""29,000"",""外陸資賣出股數(不含外資自營商)"":""112,000"",""外陸資買賣超股數(不含外資自營商)"":""-83,000"",""外資自營商買進股數"":""0"",""外資自營商賣出股數"":""0"",""外資自營商買賣超股數"":""0"",""投信買進股數"":""0"",""投信賣出股數"":""0"",""投信買賣超股數"":""0"",""自營商買賣超股數"":""21,000"",""自營商買進股數(自行買賣)"":""21,000"",""自營商賣出股數(自行買賣)"":""0"",""自營商買賣超股數(自行買賣)"":""21,000"",""自營商買進股數(避險)"":""0"",""自營商賣出股數(避險)"":""0"",""自營商買賣超股數(避險)"":""0"",""三大法人買賣超股數"":""-62,000""}"
2026-09-29,TWSE,2509,全坤建          ,11000,74000,-63000,0,0,0,0,0,0,"{""證券代號"":""2509"",""證券名稱"":""全坤建          "",""外陸資買進股數(不含外資自營商)"":""11,000"",""外陸資賣出股數(不含外資自營商)"":""74,000"",""外陸資買賣超股數(不含外資自營商)"":""-63,000"",""外資自營商買進股數"":""0"",""外資自營商賣出股數"":""0"",""外資自營商買賣超股數"":""0"",""投信買進股數"":""0"",""投信賣出股數"":""0"",""投信買賣超股數"":""0"",""自營商買賣超股數"":""0"",""自營商買進股數(自行買賣)"":""0"",""自營商賣出股數(自行買賣)"":""0"",""自營商買賣超股數(自行買賣)"":""0"",""自營商買進股數(避險)"":""0"",""自營商賣出股數(避險)"":""0"",""自營商買賣超股數(避險)"":""0"",""三大法人買賣超股數"":""-63,000""}"
2026-09-29,TWSE,2630,亞航            ,81401,122000,-40599,0,0,0,5149,28199,-23050,"{""證券代號"":""2630"",""證券名稱"":""亞航            "",""外陸資買進股數(不含外資自營商)"":""81,401"",""外陸資賣出股數(不含外資自營商)"":""122,000"",""外陸資買賣超股數(不含外資自營商)"":""-40,599"",""外資自營商買進股數"":""0"",""外資自營商賣出股數"":""0"",""外資自營商買賣超股數"":""0"",""投信買進股數"":""0"",""投信賣出股數"":""0"",""投信買賣超股數"":""0"",""自營商買賣超股數"":""-23,050"",""自營商買進股數(自行買賣)"":""0"",""自營商賣出股數(自行買賣)"":""0"",""自營商買賣超股數(自行買賣)"":""0"",""自營商買進股數(避險)"":""5,149"",""自營商賣出股數(避險)"":""28,199"",""自營商買賣超股數(避險)"":""-23,050"",""三大法人買賣超股數"":""-63,649""}"
2026-09-29,TWSE,8072,陞泰            ,5000,69000,-64000,0,0,0,0,0,0,"{""證券代號"":""8072"",""證券名稱"":""陞泰            "",""外陸資買進股數(不含外資自營商)"":""5,000"",""外陸資賣出股數(不含外資自營商)"":""69,000"",""外陸資買賣超股數(不含外資自營商)"":""-64,000"",""外資自營商買進股數"":""0"",""外資自營商賣出股數"":""0"",""外資自營商買賣超股數"":""0"",""投信買進股數"":""0"",""投信賣出股數"":""0"",""投信買賣超股數"":""0"",""自營商買賣超股數"":""0"",""自營商買進股數(自行買賣)"":""0"",""自營商賣出股數(自行買賣)"":""0"",""自營商買賣超股數(自行買賣)"":""0"",""自營商買進股數(避險)"":""0"",""自營商賣出股數(避險)"":""0"",""自營商買賣超股數(避險)"":""0"",""三大法人買賣超股數"":""-64,000""}"
2026-09-29,TWSE,6988,威力暘-創       ,2000,68000,-66000,0,0,0,24000,22000,2000,"{""證券代號"":""6988"",""證券名稱"":""威力暘-創       "",""外陸資買進股數(不含外資自營商)"":""2,000"",""外陸資賣出股數(不含外資自營商)"":""68,000"",""外陸資買賣超股數(不含外資自營商)"":""-66,000"",""外資自營商買進股數"":""0"",""外資自營商賣出股數"":""0"",""外資自營商買賣超股數"":""0"",""投信買進股數"":""0"",""投信賣出股數"":""0"",""投信買賣超股數"":""0"",""自營商買賣超股數"":""2,000"",""自營商買進股數(自行買賣)"":""2,000"",""自營商賣出股數(自行買賣)"":""2,000"",""自營商買賣超股數(自行買賣)"":""0"",""自營商買進股數(避險)"":""24,000"",""自營商賣出股數(避險)"":""22,000"",""自營商買賣超股數(避險)"":""2,000"",""三大法人買賣超股數"":""-64,000""}"
2026-09-29,TWSE,1460,宏遠            ,1766,66002,-64236,0,0,0,0,0,0,"{""證券代號"":""1460"",""證券名稱"":""宏遠            "",""外陸資買進股數(不含外資自營商)"":""1,766"",""外陸資賣出股數(不含外資自營商)"":""66,002"",""外陸資買賣超股數(不含外資自營商)"":""-64,236"",""外資自營商買進股數"":""0"",""外資自營商賣出股數"":""0"",""外資自營商買賣超股數"":""0"",""投信買進股數"":""0"",""投信賣出股數"":""0"",""投信買賣超股數"":""0"",""自營商買賣超股數"":""0"",""自營商買進股數(自行買賣)"":""0"",""自營商賣出股數(自行買賣)"":""0"",""自營商買賣超股數(自行買賣)"":""0"",""自營商買進股數(避險)"":""0"",""自營商賣出股數(避險)"":""0"",""自營商買賣超股數(避險)"":""0"",""三大法人買賣超股數"":""-64,236""}"
2026-09-29,TWSE,1434,福懋            ,507269,573040,-65771,0,0,0,0,0,0,"{""證券代號"":""1434"",""證券名稱"":""福懋            "",""外陸資買進股數(不含外資自營商)"":""507,269"",""外陸資賣出股數(不含外資自營商)"":""573,040"",""外陸資買賣超股數(不含外資自營商)"":""-65,771"",""外資自營商買進股數"":""0"",""外資自營商賣出股數"":""0"",""外資自營商買賣超股數"":""0"",""投信買進股數"":""0"",""投信賣出股數"":""0"",""投信買賣超股數"":""0"",""自營商買賣超股數"":""0"",""自營商買進股數(自行買賣)"":""0"",""自營商賣出股數(自行買賣)"":""0"",""自營商買賣超股數(自行買賣)"":""0"",""自營商買進股數(避險)"":""0"",""自營商賣出股數(避險)"":""0"",""自營商買賣超股數(避險)"":""0"",""三大法人買賣超股數"":""-65,771""}"
2026-09-29,TWSE,2020,美亞            ,838252,917000,-78748,0,0,0,0,0,10922,"{""證券代號"":""2020"",""證券名稱"":""美亞            "",""外陸資買進股數(不含外資自營商)"":""838,252"",""外陸資賣出股數(不含外資自營商)"":""917,000"",""外陸資買賣超股數(不含外資自營商)"":""-78,748"",""外資自營商買進股數"":""0"",""外資自營商賣出股數"":""0"",""外資自營商買賣超股數"":""0"",""投信買進股數"":""0"",""投信賣出股數"":""0"",""投信買賣超股數"":""0"",""自營商買賣超股數"":""10,922"",""自營商買進股數(自行買賣)"":""25,922"",""自營商賣出股數(自行買賣)"":""15,000"",""自營商買賣超股數(自行買賣)"":""10,922"",""自營商買進股數(避險)"":""0"",""自營商賣出股數(避險)"":""0"",""自營商買賣超股數(避險)"":""0"",""三大法人買賣超股數"":""-67,826""}"
2026-09-29,TWSE,1416,廣豐            ,5000,72000,-67000,0,0,0,0,0,-1000,"{""證券代號"":""1416"",""證券名稱"":""廣豐            "",""外陸資買進股數(不含外資自營商)"":""5,000"",""外陸資賣出股數(不含外資自營商)"":""72,000"",""外陸資買賣超股數(不含外資自營商)"":""-67,000"",""外資自營商買進股數"":""0"",""外資自營商賣出股數"":""0"",""外資自營商買賣超股數"":""0"",""投信買進股數"":""0"",""投信賣出股數"":""0"",""投信買賣超股數"":""0"",""自營商買賣超股數"":""-1,000"",""自營商買進股數(自行買賣)"":""8,000"",""自營商賣出股數(自行買賣)"":""9,000"",""自營商買賣超股數(自行買賣)"":""-1,000"",""自營商買進股數(避險)"":""0"",""自營商賣出股數(避險)"":""0"",""自營商買賣超股數(避險)"":""0"",""三大法人買賣超股數"":""-68,000""}"
2026-09-29,TWSE,2107,厚生            ,15662,84000,-68338,0,0,0,0,0,0,"{""證券代號"":""2107"",""證券名稱"":""厚生            "",""外陸資買進股數(不含外資自營商)"":""15,662"",""外陸資賣出股數(不含外資自營商)"":""84,000"",""外陸資買賣超股數(不含外資自營商)"":""-68,338"",""外資自營商買進股數"":""0"",""外資自營商賣出股數"":""0"",""外資自營商買賣超股數"":""0"",""投信買進股數"":""0"",""投信賣出股數"":""0"",""投信買賣超股數"":""0"",""自營商買賣超股數"":""0"",""自營商買進股數(自行買賣)"":""0"",""自營商賣出股數(自行買賣)"":""0"",""自營商買賣超股數(自行買賣)"":""0"",""自營商買進股數(避險)"":""0"",""自營商賣出股數(避險)"":""0"",""自營商買賣超股數(避險)"":""0"",""三大法人買賣超股數"":""-68,338""}"
2026-09-29,TWSE,1733,五鼎            ,23000,92001,-69001,0,0,0,0,0,0,"{""證券代號"":""1733"",""證券名稱"":""五鼎            "",""外陸資買進股數(不含外資自營商)"":""23,000"",""外陸資賣出股數(不含外資自營商)"":""92,001"",""外陸資買賣超股數(不含外資自營商)"":""-69,001"",""外資自營商買進股數"":""0"",""外資自營商賣出股數"":""0"",""外資自營商買賣超股數"":""0"",""投信買進股數"":""0"",""投信賣出股數"":""0"",""投信買賣超股數"":""0"",""自營商買賣超股數"":""0"",""自營商買進股數(自行買賣)"":""0"",""自營商賣出股數(自行買賣)"":""0"",""自營商買賣超股數(自行買賣)"":""0"",""自營商買進股數(避險)"":""0"",""自營商賣出股數(避險)"":""0"",""自營商買賣超股數(避險)"":""0"",""三大法人買賣超股數"":""-69,001""}"
2026-09-29,TWSE,0053,元大電子        ,1013,1000,13,0,0,0,100000,169658,-69658,"{""證券代號"":""0053"",""證券名稱"":""元大電子        "",""外陸資買進股數(不含外資自營商)"":""1,013"",""外陸資賣出股數(不含外資自營商)"":""1,000"",""外陸資買賣超股數(不含外資自營商)"":""13"",""外資自營商買進股數"":""0"",""外資自營商賣出股數"":""0"",""外資自營商買賣超股數"":""0"",""投信買進股數"":""0"",""投信賣出股數"":""0"",""投信買賣超股數"":""0"",""自營商買賣超股數"":""-69,658"",""自營商買進股數(自行買賣)"":""0"",""自營商賣出股數(自行買賣)"":""0"",""自營商買賣超股數(自行買賣)"":""0"",""自營商買進股數(避險)"":""100,000"",""自營商賣出股數(避險)"":""169,658"",""自營商買賣超股數(避險)"":""-69,658"",""三大法人買賣超股數"":""-69,645""}"
2026-09-29,TWSE,4590,富田-創         ,4050,74000,-69950,0,0,0,1000,860,140,"{""證券代號"":""4590"",""證券名稱"":""富田-創         "",""外陸資買進股數(不含外資自營商)"":""4,050"",""外陸資賣出股數(不含外資自營商)"":""74,000"",""外陸資買賣超股數(不含外資自營商)"":""-69,950"",""外資自營商買進股數"":""0"",""外資自營商賣出股數"":""0"",""外資自營商買賣超股數"":""0"",""投信買進股數"":""0"",""投信賣出股數"":""0"",""投信買賣超股數"":""0"",""自營商買賣超股數"":""140"",""自營商買進股數(自行買賣)"":""0"",""自營商賣出股數(自行買賣)"":""0"",""自營商買賣超股數(自行買賣)"":""0"",""自營商買進股數(避險)"":""1,000"",""自營商賣出股數(避險)"":""860"",""自營商買賣超股數(避險)"":""140"",""三大法人買賣超股數"":""-69,810""}"
2026-09-29,TWSE,1234,黑松            ,4000,74000,-70000,0,0,0,0,462,-462,"{""證券代號"":""1234"",""證券名稱"":""黑松            "",""外陸資買進股數(不含外資自營商)"":""4,000"",""外陸資賣出股數(不含外資自營商)"":""74,000"",""外陸資買賣超股數(不含外資自營商)"":""-70,000"",""外資自營商買進股數"":""0"",""外資自營商賣出股數"":""0"",""外資自營商買賣超股數"":""0"",""投信買進股數"":""0"",""投信賣出股數"":""0"",""投信買賣超股數"":""0"",""自營商買賣超股數"":""-462"",""自營商買進股數(自行買賣)"":""0"",""自營商賣出股數(自行買賣)"":""0"",""自營商買賣超股數(自行買賣)"":""0"",""自營商買進股數(避險)"":""0"",""自營商賣出股數(避險)"":""462"",""自營商買賣超股數(避險)"":""-462"",""三大法人買賣超股數"":""-70,462""}"
2026-09-29,TWSE,2109,華豐            ,2000,73000,-71000,0,0,0,0,0,0,"{""證券代號"":""2109"",""證券名稱"":""華豐            "",""外陸資買進股數(不含外資自營商)"":""2,000"",""外陸資賣出股數(不含外資自營商)"":""73,000"",""外陸資買賣超股數(不含外資自營商)"":""-71,000"",""外資自營商買進股數"":""0"",""外資自營商賣出股數"":""0"",""外資自營商買賣超股數"":""0"",""投信買進股數"":""0"",""投信賣出股數"":""0"",""投信買賣超股數"":""0"",""自營商買賣超股數"":""0"",""自營商買進股數(自行買賣)"":""0"",""自營商賣出股數(自行買賣)"":""0"",""自營商買賣超股數(自行買賣)"":""0"",""自營商買進股數(避險)"":""0"",""自營商賣出股數(避險)"":""0"",""自營商買賣超股數(避險)"":""0"",""三大法人買賣超股數"":""-71,000""}"
2026-09-29,TWSE,4155,訊映            ,3000,74000,-71000,0,0,0,0,0,0,"{""證券代號"":""4155"",""證券名稱"":""訊映            "",""外陸資買進股數(不含外資自營商)"":""3,000"",""外陸資賣出股數(不含外資自營商)"":""74,000"",""外陸資買賣超股數(不含外資自營商)"":""-71,000"",""外資自營商買進股數"":""0"",""外資自營商賣出股數"":""0"",""外資自營商買賣超股數"":""0"",""投信買進股數"":""0"",""投信賣出股數"":""0"",""投信買賣超股數"":""0"",""自營商買賣超股數"":""0"",""自營商買進股數(自行買賣)"":""0"",""自營商賣出股數(自行買賣)"":""0"",""自營商買賣超股數(自行買賣)"":""0"",""自營商買進股數(避險)"":""0"",""自營商賣出股數(避險)"":""0"",""自營商買賣超股數(避險)"":""0"",""三大法人買賣超股數"":""-71,000""}"
2026-09-29,TWSE,009812,野村日本東證    ,75,12000,-11925,0,0,0,1149000,1208149,-59149,"{""證券代號"":""009812"",""證券名稱"":""野村日本東證    "",""外陸資買進股數(不含外資自營商)"":""75"",""外陸資賣出股數(不含外資自營商)"":""12,000"",""外陸資買賣超股數(不含外資自營商)"":""-11,925"",""外資自營商買進股數"":""0"",""外資自營商賣出股數"":""0"",""外資自營商買賣超股數"":""0"",""投信買進股數"":""0"",""投信賣出股數"":""0"",""投信買賣超股數"":""0"",""自營商買賣超股數"":""-59,149"",""自營商買進股數(自行買賣)"":""0"",""自營商賣出股數(自行買賣)"":""0"",""自營商買賣超股數(自行買賣)"":""0"",""自營商買進股數(避險)"":""1,149,000"",""自營商賣出股數(避險)"":""1,208,149"",""自營商買賣超股數(避險)"":""-59,149"",""三大法人買賣超股數"":""-71,074""}"
2026-09-29,TWSE,3406,玉晶光          ,1259269,1283180,-23911,0,9000,-9000,40733,42102,-40369,"{""證券代號"":""3406"",""證券名稱"":""玉晶光          "",""外陸資買進股數(不含外資自營商)"":""1,259,269"",""外陸資賣出股數(不含外資自營商)"":""1,283,180"",""外陸資買賣超股數(不含外資自營商)"":""-23,911"",""外資自營商買進股數"":""0"",""外資自營商賣出股數"":""0"",""外資自營商買賣超股數"":""0"",""投信買進股數"":""0"",""投信賣出股數"":""9,000"",""投信買賣超股數"":""-9,000"",""自營商買賣超股數"":""-40,369"",""自營商買進股數(自行買賣)"":""23,200"",""自營商賣出股數(自行買賣)"":""62,200"",""自營商買賣超股數(自行買賣)"":""-39,000"",""自營商買進股數(避險)"":""40,733"",""自營商賣出股數(避險)"":""42,102"",""自營商買賣超股數(避險)"":""-1,369"",""三大法人買賣超股數"":""-73,280""}"
2026-09-29,TWSE,2538,基泰            ,175000,244000,-69000,0,0,0,0,0,-5000,"{""證券代號"":""2538"",""證券名稱"":""基泰            "",""外陸資買進股數(不含外資自營商)"":""175,000"",""外陸資賣出股數(不含外資自營商)"":""244,000"",""外陸資買賣超股數(不含外資自營商)"":""-69,000"",""外資自營商買進股數"":""0"",""外資自營商賣出股數"":""0"",""外資自營商買賣超股數"":""0"",""投信買進股數"":""0"",""投信賣出股數"":""0"",""投信買賣超股數"":""0"",""自營商買賣超股數"":""-5,000"",""自營商買進股數(自行買賣)"":""0"",""自營商賣出股數(自行買賣)"":""5,000"",""自營商買賣超股數(自行買賣)"":""-5,000"",""自營商買進股數(避險)"":""0"",""自營商賣出股數(避險)"":""0"",""自營商買賣超股數(避險)"":""0"",""三大法人買賣超股數"":""-74,000""}"
2026-09-29,TWSE,9935,慶豐富          ,52388,131000,-78612,4183,0,4183,0,0,0,"{""證券代號"":""9935"",""證券名稱"":""慶豐富          "",""外陸資買進股數(不含外資自營商)"":""52,388"",""外陸資賣出股數(不含外資自營商)"":""131,000"",""外陸資買賣超股數(不含外資自營商)"":""-78,612"",""外資自營商買進股數"":""0"",""外資自營商賣出股數"":""0"",""外資自營商買賣超股數"":""0"",""投信買進股數"":""4,183"",""投信賣出股數"":""0"",""投信買賣超股數"":""4,183"",""自營商買賣超股數"":""0"",""自營商買進股數(自行買賣)"":""0"",""自營商賣出股數(自行買賣)"":""0"",""自營商買賣超股數(自行買賣)"":""0"",""自營商買進股數(避險)"":""0"",""自營商賣出股數(避險)"":""0"",""自營商買賣超股數(避險)"":""0"",""三大法人買賣超股數"":""-74,429""}"
2026-09-29,TWSE,00675L,富邦臺灣加權正2 ,79000,60000,19000,0,0,0,141752,235668,-93916,"{""證券代號"":""00675L"",""證券名稱"":""富邦臺灣加權正2 "",""外陸資買進股數(不含外資自營商)"":""79,000"",""外陸資賣出股數(不含外資自營商)"":""60,000"",""外陸資買賣超股數(不含外資自營商)"":""19,000"",""外資自營商買進股數"":""0"",""外資自營商賣出股數"":""0"",""外資自營商買賣超股數"":""0"",""投信買進股數"":""0"",""投信賣出股數"":""0"",""投信買賣超股數"":""0"",""自營商買賣超股數"":""-93,916"",""自營商買進股數(自行買賣)"":""0"",""自營商賣出股數(自行買賣)"":""0"",""自營商買賣超股數(自行買賣)"":""0"",""自營商買進股數(避險)"":""141,752"",""自營商賣出股數(避險)"":""235,668"",""自營商買賣超股數(避險)"":""-93,916"",""三大法人買賣超股數"":""-74,916""}"
2026-09-29,TWSE,2387,精元            ,15000,99000,-84000,7795,0,7795,0,0,-342,"{""證券代號"":""2387"",""證券名稱"":""精元            "",""外陸資買進股數(不含外資自營商)"":""15,000"",""外陸資賣出股數(不含外資自營商)"":""99,000"",""外陸資買賣超股數(不含外資自營商)"":""-84,000"",""外資自營商買進股數"":""0"",""外資自營商賣出股數"":""0"",""外資自營商買賣超股數"":""0"",""投信買進股數"":""7,795"",""投信賣出股數"":""0"",""投信買賣超股數"":""7,795"",""自營商買賣超股數"":""-342"",""自營商買進股數(自行買賣)"":""0"",""自營商賣出股數(自行買賣)"":""342"",""自營商買賣超股數(自行買賣)"":""-342"",""自營商買進股數(避險)"":""0"",""自營商賣出股數(避險)"":""0"",""自營商買賣超股數(避險)"":""0"",""三大法人買賣超股數"":""-76,547""}"
2026-09-29,TWSE,6969,成信實業*-創    ,21000,96000,-75000,0,0,0,8000,8720,-1720,"{""證券代號"":""6969"",""證券名稱"":""成信實業*-創    "",""外陸資買進股數(不含外資自營商)"":""21,000"",""外陸資賣出股數(不含外資自營商)"":""96,000"",""外陸資買賣超股數(不含外資自營商)"":""-75,000"",""外資自營商買進股數"":""0"",""外資自營商賣出股數"":""0"",""外資自營商買賣超股數"":""0"",""投信買進股數"":""0"",""投信賣出股數"":""0"",""投信買賣超股數"":""0"",""自營商買賣超股數"":""-1,720"",""自營商買進股數(自行買賣)"":""0"",""自營商賣出股數(自行買賣)"":""1,000"",""自營商買賣超股數(自行買賣)"":""-1,000"",""自營商買進股數(避險)"":""8,000"",""自營商賣出股數(避險)"":""8,720"",""自營商買賣超股數(避險)"":""-720"",""三大法人買賣超股數"":""-76,720""}"
2026-09-29,TWSE,9917,中保科          ,125048,213743,-88695,1000,0,1000,0,0,10000,"{""證券代號"":""9917"",""證券名稱"":""中保科          "",""外陸資買進股數(不含外資自營商)"":""125,048"",""外陸資賣出股數(不含外資自營商)"":""213,743"",""外陸資買賣超股數(不含外資自營商)"":""-88,695"",""外資自營商買進股數"":""0"",""外資自營商賣出股數"":""0"",""外資自營商買賣超股數"":""0"",""投信買進股數"":""1,000"",""投信賣出股數"":""0"",""投信買賣超股數"":""1,000"",""自營商買賣超股數"":""10,000"",""自營商買進股數(自行買賣)"":""10,000"",""自營商賣出股數(自行買賣)"":""0"",""自營商買賣超股數(自行買賣)"":""10,000"",""自營商買進股數(避險)"":""0"",""自營商賣出股數(避險)"":""0"",""自營商買賣超股數(避險)"":""0"",""三大法人買賣超股數"":""-77,695""}"
2026-09-29,TWSE,3010,華立            ,139050,214000,-74950,0,1000,-1000,0,1947,-1947,"{""證券代號"":""3010"",""證券名稱"":""華立            "",""外陸資買進股數(不含外資自營商)"":""139,050"",""外陸資賣出股數(不含外資自營商)"":""214,000"",""外陸資買賣超股數(不含外資自營商)"":""-74,950"",""外資自營商買進股數"":""0"",""外資自營商賣出股數"":""0"",""外資自營商買賣超股數"":""0"",""投信買進股數"":""0"",""投信賣出股數"":""1,000"",""投信買賣超股數"":""-1,000"",""自營商買賣超股數"":""-1,947"",""自營商買進股數(自行買賣)"":""0"",""自營商賣出股數(自行買賣)"":""0"",""自營商買賣超股數(自行買賣)"":""0"",""自營商買進股數(避險)"":""0"",""自營商賣出股數(避險)"":""1,947"",""自營商買賣超股數(避險)"":""-1,947"",""三大法人買賣超股數"":""-77,897""}"
2026-09-29,TWSE,00670L,富邦NASDAQ正2   ,9000,32000,-23000,0,0,0,109664,184735,-57071,"{""證券代號"":""00670L"",""證券名稱"":""富邦NASDAQ正2   "",""外陸資買進股數(不含外資自營商)"":""9,000"",""外陸資賣出股數(不含外資自營商)"":""32,000"",""外陸資買賣超股數(不含外資自營商)"":""-23,000"",""外資自營商買進股數"":""0"",""外資自營商賣出股數"":""0"",""外資自營商買賣超股數"":""0"",""投信買進股數"":""0"",""投信賣出股數"":""0"",""投信買賣超股數"":""0"",""自營商買賣超股數"":""-57,071"",""自營商買進股數(自行買賣)"":""18,000"",""自營商賣出股數(自行買賣)"":""0"",""自營商買賣超股數(自行買賣)"":""18,000"",""自營商買進股數(避險)"":""109,664"",""自營商賣出股數(避險)"":""184,735"",""自營商買賣超股數(避險)"":""-75,071"",""三大法人買賣超股數"":""-80,071""}"
2026-09-29,TWSE,7799,禾榮科          ,129250,208909,-79659,0,0,0,0,1000,-1000,"{""證券代號"":""7799"",""證券名稱"":""禾榮科          "",""外陸資買進股數(不含外資自營商)"":""129,250"",""外陸資賣出股數(不含外資自營商)"":""208,909"",""外陸資買賣超股數(不含外資自營商)"":""-79,659"",""外資自營商買進股數"":""0"",""外資自營商賣出股數"":""0"",""外資自營商買賣超股數"":""0"",""投信買進股數"":""0"",""投信賣出股數"":""0"",""投信買賣超股數"":""0"",""自營商買賣超股數"":""-1,000"",""自營商買進股數(自行買賣)"":""0"",""自營商賣出股數(自行買賣)"":""0"",""自營商買賣超股數(自行買賣)"":""0"",""自營商買進股數(避險)"":""0"",""自營商賣出股數(避險)"":""1,000"",""自營商買賣超股數(避險)"":""-1,000"",""三大法人買賣超股數"":""-80,659""}"
2026-09-29,TWSE,6902,GOGOLOOK        ,155154,234000,-78846,0,0,0,0,0,-2000,"{""證券代號"":""6902"",""證券名稱"":""GOGOLOOK        "",""外陸資買進股數(不含外資自營商)"":""155,154"",""外陸資賣出股數(不含外資自營商)"":""234,000"",""外陸資買賣超股數(不含外資自營商)"":""-78,846"",""外資自營商買進股數"":""0"",""外資自營商賣出股數"":""0"",""外資自營商買賣超股數"":""0"",""投信買進股數"":""0"",""投信賣出股數"":""0"",""投信買賣超股數"":""0"",""自營商買賣超股數"":""-2,000"",""自營商買進股數(自行買賣)"":""2,000"",""自營商賣出股數(自行買賣)"":""4,000"",""自營商買賣超股數(自行買賣)"":""-2,000"",""自營商買進股數(避險)"":""0"",""自營商賣出股數(避險)"":""0"",""自營商買賣超股數(避險)"":""0"",""三大法人買賣超股數"":""-80,846""}"
2026-09-29,TWSE,3045,台灣大          ,3305454,3516485,-211031,3000,3000,0,217322,80000,129509,"{""證券代號"":""3045"",""證券名稱"":""台灣大          "",""外陸資買進股數(不含外資自營商)"":""3,305,454"",""外陸資賣出股數(不含外資自營商)"":""3,516,485"",""外陸資買賣超股數(不含外資自營商)"":""-211,031"",""外資自營商買進股數"":""0"",""外資自營商賣出股數"":""0"",""外資自營商買賣超股數"":""0"",""投信買進股數"":""3,000"",""投信賣出股數"":""3,000"",""投信買賣超股數"":""0"",""自營商買賣超股數"":""129,509"",""自營商買進股數(自行買賣)"":""12,000"",""自營商賣出股數(自行買賣)"":""19,813"",""自營商買賣超股數(自行買賣)"":""-7,813"",""自營商買進股數(避險)"":""217,322"",""自營商賣出股數(避險)"":""80,000"",""自營商買賣超股數(避險)"":""137,322"",""三大法人買賣超股數"":""-81,522""}"
2026-09-29,TWSE,8454,富邦媒          ,173072,254172,-81100,0,0,0,4000,3866,-866,"{""證券代號"":""8454"",""證券名稱"":""富邦媒          "",""外陸資買進股數(不含外資自營商)"":""173,072"",""外陸資賣出股數(不含外資自營商)"":""254,172"",""外陸資買賣超股數(不含外資自營商)"":""-81,100"",""外資自營商買進股數"":""0"",""外資自營商賣出股數"":""0"",""外資自營商買賣超股數"":""0"",""投信買進股數"":""0"",""投信賣出股數"":""0"",""投信買賣超股數"":""0"",""自營商買賣超股數"":""-866"",""自營商買進股數(自行買賣)"":""0"",""自營商賣出股數(自行買賣)"":""1,000"",""自營商買賣超股數(自行買賣)"":""-1,000"",""自營商買進股數(避險)"":""4,000"",""自營商賣出股數(避險)"":""3,866"",""自營商買賣超股數(避險)"":""134"",""三大法人買賣超股數"":""-81,966""}"
2026-09-29,TWSE,1536,和大            ,141000,223080,-82080,0,0,0,4000,4094,-94,"{""證券代號"":""1536"",""證券名稱"":""和大            "",""外陸資買進股數(不含外資自營商)"":""141,000"",""外陸資賣出股數(不含外資自營商)"":""223,080"",""外陸資買賣超股數(不含外資自營商)"":""-82,080"",""外資自營商買進股數"":""0"",""外資自營商賣出股數"":""0"",""外資自營商買賣超股數"":""0"",""投信買進股數"":""0"",""投信賣出股數"":""0"",""投信買賣超股數"":""0"",""自營商買賣超股數"":""-94"",""自營商買進股數(自行買賣)"":""0"",""自營商賣出股數(自行買賣)"":""0"",""自營商買賣超股數(自行買賣)"":""0"",""自營商買進股數(避險)"":""4,000"",""自營商賣出股數(避險)"":""4,094"",""自營商買賣超股數(避險)"":""-94"",""三大法人買賣超股數"":""-82,174""}"
2026-09-29,TWSE,2419,仲琦            ,266484,367255,-100771,0,0,0,5000,3000,18000,"{""證券代號"":""2419"",""證券名稱"":""仲琦            "",""外陸資買進股數(不含外資自營商)"":""266,484"",""外陸資賣出股數(不含外資自營商)"":""367,255"",""外陸資買賣超股數(不含外資自營商)"":""-100,771"",""外資自營商買進股數"":""0"",""外資自營商賣出股數"":""0"",""外資自營商買賣超股數"":""0"",""投信買進股數"":""0"",""投信賣出股數"":""0"",""投信買賣超股數"":""0"",""自營商買賣超股數"":""18,000"",""自營商買進股數(自行買賣)"":""16,000"",""自營商賣出股數(自行買賣)"":""0"",""自營商買賣超股數(自行買賣)"":""16,000"",""自營商買進股數(避險)"":""5,000"",""自營商賣出股數(避險)"":""3,000"",""自營商買賣超股數(避險)"":""2,000"",""三大法人買賣超股數"":""-82,771""}"
2026-09-29,TWSE,3501,維熹            ,2000,85000,-83000,0,0,0,0,0,0,"{""證券代號"":""3501"",""證券名稱"":""維熹            "",""外陸資買進股數(不含外資自營商)"":""2,000"",""外陸資賣出股數(不含外資自營商)"":""85,000"",""外陸資買賣超股數(不含外資自營商)"":""-83,000"",""外資自營商買進股數"":""0"",""外資自營商賣出股數"":""0"",""外資自營商買賣超股數"":""0"",""投信買進股數"":""0"",""投信賣出股數"":""0"",""投信買賣超股數"":""0"",""自營商買賣超股數"":""0"",""自營商買進股數(自行買賣)"":""0"",""自營商賣出股數(自行買賣)"":""0"",""自營商買賣超股數(自行買賣)"":""0"",""自營商買進股數(避險)"":""0"",""自營商賣出股數(避險)"":""0"",""自營商買賣超股數(避險)"":""0"",""三大法人買賣超股數"":""-83,000""}"
2026-09-29,TWSE,6415,矽力*-KY        ,2046695,1988992,57703,8000,141000,-133000,46156,50135,-7979,"{""證券代號"":""6415"",""證券名稱"":""矽力*-KY        "",""外陸資買進股數(不含外資自營商)"":""2,046,695"",""外陸資賣出股數(不含外資自營商)"":""1,988,992"",""外陸資買賣超股數(不含外資自營商)"":""57,703"",""外資自營商買進股數"":""0"",""外資自營商賣出股數"":""0"",""外資自營商買賣超股數"":""0"",""投信買進股數"":""8,000"",""投信賣出股數"":""141,000"",""投信買賣超股數"":""-133,000"",""自營商買賣超股數"":""-7,979"",""自營商買進股數(自行買賣)"":""0"",""自營商賣出股數(自行買賣)"":""4,000"",""自營商買賣超股數(自行買賣)"":""-4,000"",""自營商買進股數(避險)"":""46,156"",""自營商賣出股數(避險)"":""50,135"",""自營商買賣超股數(避險)"":""-3,979"",""三大法人買賣超股數"":""-83,276""}"
2026-09-29,TWSE,2704,國賓            ,15000,101000,-86000,0,0,0,0,0,2000,"{""證券代號"":""2704"",""證券名稱"":""國賓            "",""外陸資買進股數(不含外資自營商)"":""15,000"",""外陸資賣出股數(不含外資自營商)"":""101,000"",""外陸資買賣超股數(不含外資自營商)"":""-86,000"",""外資自營商買進股數"":""0"",""外資自營商賣出股數"":""0"",""外資自營商買賣超股數"":""0"",""投信買進股數"":""0"",""投信賣出股數"":""0"",""投信買賣超股數"":""0"",""自營商買賣超股數"":""2,000"",""自營商買進股數(自行買賣)"":""2,000"",""自營商賣出股數(自行買賣)"":""0"",""自營商買賣超股數(自行買賣)"":""2,000"",""自營商買進股數(避險)"":""0"",""自營商賣出股數(避險)"":""0"",""自營商買賣超股數(避險)"":""0"",""三大法人買賣超股數"":""-84,000""}"
2026-09-29,TWSE,1532,勤美            ,71049,156000,-84951,0,0,0,0,0,0,"{""證券代號"":""1532"",""證券名稱"":""勤美            "",""外陸資買進股數(不含外資自營商)"":""71,049"",""外陸資賣出股數(不含外資自營商)"":""156,000"",""外陸資買賣超股數(不含外資自營商)"":""-84,951"",""外資自營商買進股數"":""0"",""外資自營商賣出股數"":""0"",""外資自營商買賣超股數"":""0"",""投信買進股數"":""0"",""投信賣出股數"":""0"",""投信買賣超股數"":""0"",""自營商買賣超股數"":""0"",""自營商買進股數(自行買賣)"":""0"",""自營商賣出股數(自行買賣)"":""0"",""自營商買賣超股數(自行買賣)"":""0"",""自營商買進股數(避險)"":""0"",""自營商賣出股數(避險)"":""0"",""自營商買賣超股數(避險)"":""0"",""三大法人買賣超股數"":""-84,951""}"
2026-09-29,TWSE,1464,得力            ,15000,100000,-85000,0,0,0,0,0,0,"{""證券代號"":""1464"",""證券名稱"":""得力            "",""外陸資買進股數(不含外資自營商)"":""15,000"",""外陸資賣出股數(不含外資自營商)"":""100,000"",""外陸資買賣超股數(不含外資自營商)"":""-85,000"",""外資自營商買進股數"":""0"",""外資自營商賣出股數"":""0"",""外資自營商買賣超股數"":""0"",""投信買進股數"":""0"",""投信賣出股數"":""0"",""投信買賣超股數"":""0"",""自營商買賣超股數"":""0"",""自營商買進股數(自行買賣)"":""0"",""自營商賣出股數(自行買賣)"":""0"",""自營商買賣超股數(自行買賣)"":""0"",""自營商買進股數(避險)"":""0"",""自營商賣出股數(避險)"":""0"",""自營商買賣超股數(避險)"":""0"",""三大法人買賣超股數"":""-85,000""}"
2026-09-29,TWSE,009802,富邦旗艦50      ,1144000,187000,957000,0,0,0,942439,1985090,-1042651,"{""證券代號"":""009802"",""證券名稱"":""富邦旗艦50      "",""外陸資買進股數(不含外資自營商)"":""1,144,000"",""外陸資賣出股數(不含外資自營商)"":""187,000"",""外陸資買賣超股數(不含外資自營商)"":""957,000"",""外資自營商買進股數"":""0"",""外資自營商賣出股數"":""0"",""外資自營商買賣超股數"":""0"",""投信買進股數"":""0"",""投信賣出股數"":""0"",""投信買賣超股數"":""0"",""自營商買賣超股數"":""-1,042,651"",""自營商買進股數(自行買賣)"":""0"",""自營商賣出股數(自行買賣)"":""0"",""自營商買賣超股數(自行買賣)"":""0"",""自營商買進股數(避險)"":""942,439"",""自營商賣出股數(避險)"":""1,985,090"",""自營商買賣超股數(避險)"":""-1,042,651"",""三大法人買賣超股數"":""-85,651""}"
2026-09-29,TWSE,3443,創意            ,404899,371397,33502,0,175000,-175000,39414,15362,54611,"{""證券代號"":""3443"",""證券名稱"":""創意            "",""外陸資買進股數(不含外資自營商)"":""404,899"",""外陸資賣出股數(不含外資自營商)"":""371,397"",""外陸資買賣超股數(不含外資自營商)"":""33,502"",""外資自營商買進股數"":""0"",""外資自營商賣出股數"":""0"",""外資自營商買賣超股數"":""0"",""投信買進股數"":""0"",""投信賣出股數"":""175,000"",""投信買賣超股數"":""-175,000"",""自營商買賣超股數"":""54,611"",""自營商買進股數(自行買賣)"":""67,640"",""自營商賣出股數(自行買賣)"":""37,081"",""自營商買賣超股數(自行買賣)"":""30,559"",""自營商買進股數(避險)"":""39,414"",""自營商賣出股數(避險)"":""15,362"",""自營商買賣超股數(避險)"":""24,052"",""三大法人買賣超股數"":""-86,887""}"
2026-09-29,TWSE,8162,微矽電子-創     ,54200,127146,-72946,0,0,0,12321,12000,-14679,"{""證券代號"":""8162"",""證券名稱"":""微矽電子-創     "",""外陸資買進股數(不含外資自營商)"":""54,200"",""外陸資賣出股數(不含外資自營商)"":""127,146"",""外陸資買賣超股數(不含外資自營商)"":""-72,946"",""外資自營商買進股數"":""0"",""外資自營商賣出股數"":""0"",""外資自營商買賣超股數"":""0"",""投信買進股數"":""0"",""投信賣出股數"":""0"",""投信買賣超股數"":""0"",""自營商買賣超股數"":""-14,679"",""自營商買進股數(自行買賣)"":""0"",""自營商賣出股數(自行買賣)"":""15,000"",""自營商買賣超股數(自行買賣)"":""-15,000"",""自營商買進股數(避險)"":""12,321"",""自營商賣出股數(避險)"":""12,000"",""自營商買賣超股數(避險)"":""321"",""三大法人買賣超股數"":""-87,625""}"
2026-09-29,TWSE,6753,龍德造船        ,5025,80000,-74975,0,0,0,7000,19780,-12780,"{""證券代號"":""6753"",""證券名稱"":""龍德造船        "",""外陸資買進股數(不含外資自營商)"":""5,025"",""外陸資賣出股數(不含外資自營商)"":""80,000"",""外陸資買賣超股數(不含外資自營商)"":""-74,975"",""外資自營商買進股數"":""0"",""外資自營商賣出股數"":""0"",""外資自營商買賣超股數"":""0"",""投信買進股數"":""0"",""投信賣出股數"":""0"",""投信買賣超股數"":""0"",""自營商買賣超股數"":""-12,780"",""自營商買進股數(自行買賣)"":""0"",""自營商賣出股數(自行買賣)"":""0"",""自營商買賣超股數(自行買賣)"":""0"",""自營商買進股數(避險)"":""7,000"",""自營商賣出股數(避險)"":""19,780"",""自營商買賣超股數(避險)"":""-12,780"",""三大法人買賣超股數"":""-87,755""}"
2026-09-29,TWSE,4977,眾達-KY         ,286316,425000,-138684,0,0,0,59579,9857,49722,"{""證券代號"":""4977"",""證券名稱"":""眾達-KY         "",""外陸資買進股數(不含外資自營商)"":""286,316"",""外陸資賣出股數(不含外資自營商)"":""425,000"",""外陸資買賣超股數(不含外資自營商)"":""-138,684"",""外資自營商買進股數"":""0"",""外資自營商賣出股數"":""0"",""外資自營商買賣超股數"":""0"",""投信買進股數"":""0"",""投信賣出股數"":""0"",""投信買賣超股數"":""0"",""自營商買賣超股數"":""49,722"",""自營商買進股數(自行買賣)"":""0"",""自營商賣出股數(自行買賣)"":""0"",""自營商買賣超股數(自行買賣)"":""0"",""自營商買進股數(避險)"":""59,579"",""自營商賣出股數(避險)"":""9,857"",""自營商買賣超股數(避險)"":""49,722"",""三大法人買賣超股數"":""-88,962""}"
2026-09-29,TWSE,5607,遠雄港          ,423000,514000,-91000,0,0,0,0,0,1000,"{""證券代號"":""5607"",""證券名稱"":""遠雄港          "",""外陸資買進股數(不含外資自營商)"":""423,000"",""外陸資賣出股數(不含外資自營商)"":""514,000"",""外陸資買賣超股數(不含外資自營商)"":""-91,000"",""外資自營商買進股數"":""0"",""外資自營商賣出股數"":""0"",""外資自營商買賣超股數"":""0"",""投信買進股數"":""0"",""投信賣出股數"":""0"",""投信買賣超股數"":""0"",""自營商買賣超股數"":""1,000"",""自營商買進股數(自行買賣)"":""1,000"",""自營商賣出股數(自行買賣)"":""0"",""自營商買賣超股數(自行買賣)"":""1,000"",""自營商買進股數(避險)"":""0"",""自營商賣出股數(避險)"":""0"",""自營商買賣超股數(避險)"":""0"",""三大法人買賣超股數"":""-90,000""}"
2026-09-29,TWSE,5521,工信            ,82000,172000,-90000,0,0,0,0,0,-109,"{""證券代號"":""5521"",""證券名稱"":""工信            "",""外陸資買進股數(不含外資自營商)"":""82,000"",""外陸資賣出股數(不含外資自營商)"":""172,000"",""外陸資買賣超股數(不含外資自營商)"":""-90,000"",""外資自營商買進股數"":""0"",""外資自營商賣出股數"":""0"",""外資自營商買賣超股數"":""0"",""投信買進股數"":""0"",""投信賣出股數"":""0"",""投信買賣超股數"":""0"",""自營商買賣超股數"":""-109"",""自營商買進股數(自行買賣)"":""0"",""自營商賣出股數(自行買賣)"":""109"",""自營商買賣超股數(自行買賣)"":""-109"",""自營商買進股數(避險)"":""0"",""自營商賣出股數(避險)"":""0"",""自營商買賣超股數(避險)"":""0"",""三大法人買賣超股數"":""-90,109""}"
2026-09-29,TWSE,009827,玉山未來全球算力,155000,113000,42000,0,0,0,1135000,1267982,-132982,"{""證券代號"":""009827"",""證券名稱"":""玉山未來全球算力"",""外陸資買進股數(不含外資自營商)"":""155,000"",""外陸資賣出股數(不含外資自營商)"":""113,000"",""外陸資買賣超股數(不含外資自營商)"":""42,000"",""外資自營商買進股數"":""0"",""外資自營商賣出股數"":""0"",""外資自營商買賣超股數"":""0"",""投信買進股數"":""0"",""投信賣出股數"":""0"",""投信買賣超股數"":""0"",""自營商買賣超股數"":""-132,982"",""自營商買進股數(自行買賣)"":""0"",""自營商賣出股數(自行買賣)"":""0"",""自營商買賣超股數(自行買賣)"":""0"",""自營商買進股數(避險)"":""1,135,000"",""自營商賣出股數(避險)"":""1,267,982"",""自營商買賣超股數(避險)"":""-132,982"",""三大法人買賣超股數"":""-90,982""}"
2026-09-29,TWSE,8271,宇瞻            ,155000,258000,-103000,0,0,0,9000,999,9001,"{""證券代號"":""8271"",""證券名稱"":""宇瞻            "",""外陸資買進股數(不含外資自營商)"":""155,000"",""外陸資賣出股數(不含外資自營商)"":""258,000"",""外陸資買賣超股數(不含外資自營商)"":""-103,000"",""外資自營商買進股數"":""0"",""外資自營商賣出股數"":""0"",""外資自營商買賣超股數"":""0"",""投信買進股數"":""0"",""投信賣出股數"":""0"",""投信買賣超股數"":""0"",""自營商買賣超股數"":""9,001"",""自營商買進股數(自行買賣)"":""1,000"",""自營商賣出股數(自行買賣)"":""0"",""自營商買賣超股數(自行買賣)"":""1,000"",""自營商買進股數(避險)"":""9,000"",""自營商賣出股數(避險)"":""999"",""自營商買賣超股數(避險)"":""8,001"",""三大法人買賣超股數"":""-93,999""}"
2026-09-29,TWSE,2207,和泰車          ,114445,208660,-94215,1000,0,1000,0,1000,-991,"{""證券代號"":""2207"",""證券名稱"":""和泰車          "",""外陸資買進股數(不含外資自營商)"":""114,445"",""外陸資賣出股數(不含外資自營商)"":""208,660"",""外陸資買賣超股數(不含外資自營商)"":""-94,215"",""外資自營商買進股數"":""0"",""外資自營商賣出股數"":""0"",""外資自營商買賣超股數"":""0"",""投信買進股數"":""1,000"",""投信賣出股數"":""0"",""投信買賣超股數"":""1,000"",""自營商買賣超股數"":""-991"",""自營商買進股數(自行買賣)"":""2,000"",""自營商賣出股數(自行買賣)"":""1,991"",""自營商買賣超股數(自行買賣)"":""9"",""自營商買進股數(避險)"":""0"",""自營商賣出股數(避險)"":""1,000"",""自營商買賣超股數(避險)"":""-1,000"",""三大法人買賣超股數"":""-94,206""}"
2026-09-29,TWSE,2851,中再保          ,971131,1033471,-62340,0,4000,-4000,3125,1748,-28623,"{""證券代號"":""2851"",""證券名稱"":""中再保          "",""外陸資買進股數(不含外資自營商)"":""971,131"",""外陸資賣出股數(不含外資自營商)"":""1,033,471"",""外陸資買賣超股數(不含外資自營商)"":""-62,340"",""外資自營商買進股數"":""0"",""外資自營商賣出股數"":""0"",""外資自營商買賣超股數"":""0"",""投信買進股數"":""0"",""投信賣出股數"":""4,000"",""投信買賣超股數"":""-4,000"",""自營商買賣超股數"":""-28,623"",""自營商買進股數(自行買賣)"":""10,000"",""自營商賣出股數(自行買賣)"":""40,000"",""自營商買賣超股數(自行買賣)"":""-30,000"",""自營商買進股數(避險)"":""3,125"",""自營商賣出股數(避險)"":""1,748"",""自營商買賣超股數(避險)"":""1,377"",""三大法人買賣超股數"":""-94,963""}"
2026-09-29,TWSE,2832,台產            ,16000,115080,-99080,4377,0,4377,2000,2433,-433,"{""證券代號"":""2832"",""證券名稱"":""台產            "",""外陸資買進股數(不含外資自營商)"":""16,000"",""外陸資賣出股數(不含外資自營商)"":""115,080"",""外陸資買賣超股數(不含外資自營商)"":""-99,080"",""外資自營商買進股數"":""0"",""外資自營商賣出股數"":""0"",""外資自營商買賣超股數"":""0"",""投信買進股數"":""4,377"",""投信賣出股數"":""0"",""投信買賣超股數"":""4,377"",""自營商買賣超股數"":""-433"",""自營商買進股數(自行買賣)"":""0"",""自營商賣出股數(自行買賣)"":""0"",""自營商買賣超股數(自行買賣)"":""0"",""自營商買進股數(避險)"":""2,000"",""自營商賣出股數(避險)"":""2,433"",""自營商買賣超股數(避險)"":""-433"",""三大法人買賣超股數"":""-95,136""}"
2026-09-29,TWSE,2636,台驊控股        ,24000,124000,-100000,0,0,0,0,0,4739,"{""證券代號"":""2636"",""證券名稱"":""台驊控股        "",""外陸資買進股數(不含外資自營商)"":""24,000"",""外陸資賣出股數(不含外資自營商)"":""124,000"",""外陸資買賣超股數(不含外資自營商)"":""-100,000"",""外資自營商買進股數"":""0"",""外資自營商賣出股數"":""0"",""外資自營商買賣超股數"":""0"",""投信買進股數"":""0"",""投信賣出股數"":""0"",""投信買賣超股數"":""0"",""自營商買賣超股數"":""4,739"",""自營商買進股數(自行買賣)"":""5,000"",""自營商賣出股數(自行買賣)"":""261"",""自營商買賣超股數(自行買賣)"":""4,739"",""自營商買進股數(避險)"":""0"",""自營商賣出股數(避險)"":""0"",""自營商買賣超股數(避險)"":""0"",""三大法人買賣超股數"":""-95,261""}"
2026-09-29,TWSE,2707,晶華            ,6025,101000,-94975,0,0,0,0,0,-395,"{""證券代號"":""2707"",""證券名稱"":""晶華            "",""外陸資買進股數(不含外資自營商)"":""6,025"",""外陸資賣出股數(不含外資自營商)"":""101,000"",""外陸資買賣超股數(不含外資自營商)"":""-94,975"",""外資自營商買進股數"":""0"",""外資自營商賣出股數"":""0"",""外資自營商買賣超股數"":""0"",""投信買進股數"":""0"",""投信賣出股數"":""0"",""投信買賣超股數"":""0"",""自營商買賣超股數"":""-395"",""自營商買進股數(自行買賣)"":""0"",""自營商賣出股數(自行買賣)"":""395"",""自營商買賣超股數(自行買賣)"":""-395"",""自營商買進股數(避險)"":""0"",""自營商賣出股數(避險)"":""0"",""自營商買賣超股數(避險)"":""0"",""三大法人買賣超股數"":""-95,370""}"
2026-09-29,TWSE,3596,智易            ,152326,250000,-97674,0,0,0,1000,1314,2283,"{""證券代號"":""3596"",""證券名稱"":""智易            "",""外陸資買進股數(不含外資自營商)"":""152,326"",""外陸資賣出股數(不含外資自營商)"":""250,000"",""外陸資買賣超股數(不含外資自營商)"":""-97,674"",""外資自營商買進股數"":""0"",""外資自營商賣出股數"":""0"",""外資自營商買賣超股數"":""0"",""投信買進股數"":""0"",""投信賣出股數"":""0"",""投信買賣超股數"":""0"",""自營商買賣超股數"":""2,283"",""自營商買進股數(自行買賣)"":""4,000"",""自營商賣出股數(自行買賣)"":""1,403"",""自營商買賣超股數(自行買賣)"":""2,597"",""自營商買進股數(避險)"":""1,000"",""自營商賣出股數(避險)"":""1,314"",""自營商買賣超股數(避險)"":""-314"",""三大法人買賣超股數"":""-95,391""}"
2026-09-29,TWSE,2852,第一保          ,31000,127000,-96000,0,0,0,0,0,0,"{""證券代號"":""2852"",""證券名稱"":""第一保          "",""外陸資買進股數(不含外資自營商)"":""31,000"",""外陸資賣出股數(不含外資自營商)"":""127,000"",""外陸資買賣超股數(不含外資自營商)"":""-96,000"",""外資自營商買進股數"":""0"",""外資自營商賣出股數"":""0"",""外資自營商買賣超股數"":""0"",""投信買進股數"":""0"",""投信賣出股數"":""0"",""投信買賣超股數"":""0"",""自營商買賣超股數"":""0"",""自營商買進股數(自行買賣)"":""0"",""自營商賣出股數(自行買賣)"":""0"",""自營商買賣超股數(自行買賣)"":""0"",""自營商買進股數(避險)"":""0"",""自營商賣出股數(避險)"":""0"",""自營商買賣超股數(避險)"":""0"",""三大法人買賣超股數"":""-96,000""}"
2026-09-29,TWSE,3056,富華新          ,75000,172000,-97000,0,0,0,0,0,0,"{""證券代號"":""3056"",""證券名稱"":""富華新          "",""外陸資買進股數(不含外資自營商)"":""75,000"",""外陸資賣出股數(不含外資自營商)"":""172,000"",""外陸資買賣超股數(不含外資自營商)"":""-97,000"",""外資自營商買進股數"":""0"",""外資自營商賣出股數"":""0"",""外資自營商買賣超股數"":""0"",""投信買進股數"":""0"",""投信賣出股數"":""0"",""投信買賣超股數"":""0"",""自營商買賣超股數"":""0"",""自營商買進股數(自行買賣)"":""0"",""自營商賣出股數(自行買賣)"":""0"",""自營商買賣超股數(自行買賣)"":""0"",""自營商買進股數(避險)"":""0"",""自營商賣出股數(避險)"":""0"",""自營商買賣超股數(避險)"":""0"",""三大法人買賣超股數"":""-97,000""}"
2026-09-29,TWSE,9934,成霖            ,60157,181000,-120843,0,0,0,0,0,22000,"{""證券代號"":""9934"",""證券名稱"":""成霖            "",""外陸資買進股數(不含外資自營商)"":""60,157"",""外陸資賣出股數(不含外資自營商)"":""181,000"",""外陸資買賣超股數(不含外資自營商)"":""-120,843"",""外資自營商買進股數"":""0"",""外資自營商賣出股數"":""0"",""外資自營商買賣超股數"":""0"",""投信買進股數"":""0"",""投信賣出股數"":""0"",""投信買賣超股數"":""0"",""自營商買賣超股數"":""22,000"",""自營商買進股數(自行買賣)"":""22,000"",""自營商賣出股數(自行買賣)"":""0"",""自營商買賣超股數(自行買賣)"":""22,000"",""自營商買進股數(避險)"":""0"",""自營商賣出股數(避險)"":""0"",""自營商買賣超股數(避險)"":""0"",""三大法人買賣超股數"":""-98,843""}"
2026-09-29,TWSE,1737,臺鹽            ,17000,118123,-101123,0,0,0,0,0,0,"{""證券代號"":""1737"",""證券名稱"":""臺鹽            "",""外陸資買進股數(不含外資自營商)"":""17,000"",""外陸資賣出股數(不含外資自營商)"":""118,123"",""外陸資買賣超股數(不含外資自營商)"":""-101,123"",""外資自營商買進股數"":""0"",""外資自營商賣出股數"":""0"",""外資自營商買賣超股數"":""0"",""投信買進股數"":""0"",""投信賣出股數"":""0"",""投信買賣超股數"":""0"",""自營商買賣超股數"":""0"",""自營商買進股數(自行買賣)"":""0"",""自營商賣出股數(自行買賣)"":""0"",""自營商買賣超股數(自行買賣)"":""0"",""自營商買進股數(避險)"":""0"",""自營商賣出股數(避險)"":""0"",""自營商買賣超股數(避險)"":""0"",""三大法人買賣超股數"":""-101,123""}"
2026-09-29,TWSE,4306,炎洲            ,218017,322000,-103983,0,0,0,0,0,2000,"{""證券代號"":""4306"",""證券名稱"":""炎洲            "",""外陸資買進股數(不含外資自營商)"":""218,017"",""外陸資賣出股數(不含外資自營商)"":""322,000"",""外陸資買賣超股數(不含外資自營商)"":""-103,983"",""外資自營商買進股數"":""0"",""外資自營商賣出股數"":""0"",""外資自營商買賣超股數"":""0"",""投信買進股數"":""0"",""投信賣出股數"":""0"",""投信買賣超股數"":""0"",""自營商買賣超股數"":""2,000"",""自營商買進股數(自行買賣)"":""2,000"",""自營商賣出股數(自行買賣)"":""0"",""自營商買賣超股數(自行買賣)"":""2,000"",""自營商買進股數(避險)"":""0"",""自營商賣出股數(避險)"":""0"",""自營商買賣超股數(避險)"":""0"",""三大法人買賣超股數"":""-101,983""}"
2026-09-29,TWSE,6541,泰福-KY         ,436150,538406,-102256,0,0,0,0,0,-128,"{""證券代號"":""6541"",""證券名稱"":""泰福-KY         "",""外陸資買進股數(不含外資自營商)"":""436,150"",""外陸資賣出股數(不含外資自營商)"":""538,406"",""外陸資買賣超股數(不含外資自營商)"":""-102,256"",""外資自營商買進股數"":""0"",""外資自營商賣出股數"":""0"",""外資自營商買賣超股數"":""0"",""投信買進股數"":""0"",""投信賣出股數"":""0"",""投信買賣超股數"":""0"",""自營商買賣超股數"":""-128"",""自營商買進股數(自行買賣)"":""0"",""自營商賣出股數(自行買賣)"":""128"",""自營商買賣超股數(自行買賣)"":""-128"",""自營商買進股數(避險)"":""0"",""自營商賣出股數(避險)"":""0"",""自營商買賣超股數(避險)"":""0"",""三大法人買賣超股數"":""-102,384""}"
2026-09-29,TWSE,00763U,期街口道瓊銅    ,0,15000,-15000,0,0,0,218000,305667,-87667,"{""證券代號"":""00763U"",""證券名稱"":""期街口道瓊銅    "",""外陸資買進股數(不含外資自營商)"":""0"",""外陸資賣出股數(不含外資自營商)"":""15,000"",""外陸資買賣超股數(不含外資自營商)"":""-15,000"",""外資自營商買進股數"":""0"",""外資自營商賣出股數"":""0"",""外資自營商買賣超股數"":""0"",""投信買進股數"":""0"",""投信賣出股數"":""0"",""投信買賣超股數"":""0"",""自營商買賣超股數"":""-87,667"",""自營商買進股數(自行買賣)"":""0"",""自營商賣出股數(自行買賣)"":""0"",""自營商買賣超股數(自行買賣)"":""0"",""自營商買進股數(避險)"":""218,000"",""自營商賣出股數(避險)"":""305,667"",""自營商買賣超股數(避險)"":""-87,667"",""三大法人買賣超股數"":""-102,667""}"
2026-09-29,TWSE,3229,晟鈦            ,249555,353000,-103445,0,0,0,0,0,0,"{""證券代號"":""3229"",""證券名稱"":""晟鈦            "",""外陸資買進股數(不含外資自營商)"":""249,555"",""外陸資賣出股數(不含外資自營商)"":""353,000"",""外陸資買賣超股數(不含外資自營商)"":""-103,445"",""外資自營商買進股數"":""0"",""外資自營商賣出股數"":""0"",""外資自營商買賣超股數"":""0"",""投信買進股數"":""0"",""投信賣出股數"":""0"",""投信買賣超股數"":""0"",""自營商買賣超股數"":""0"",""自營商買進股數(自行買賣)"":""0"",""自營商賣出股數(自行買賣)"":""0"",""自營商買賣超股數(自行買賣)"":""0"",""自營商買進股數(避險)"":""0"",""自營商賣出股數(避險)"":""0"",""自營商買賣超股數(避險)"":""0"",""三大法人買賣超股數"":""-103,445""}"
2026-09-29,TWSE,0061,元大寶滬深      ,4000,175000,-171000,0,0,0,92000,25125,66875,"{""證券代號"":""0061"",""證券名稱"":""元大寶滬深      "",""外陸資買進股數(不含外資自營商)"":""4,000"",""外陸資賣出股數(不含外資自營商)"":""175,000"",""外陸資買賣超股數(不含外資自營商)"":""-171,000"",""外資自營商買進股數"":""0"",""外資自營商賣出股數"":""0"",""外資自營商買賣超股數"":""0"",""投信買進股數"":""0"",""投信賣出股數"":""0"",""投信買賣超股數"":""0"",""自營商買賣超股數"":""66,875"",""自營商買進股數(自行買賣)"":""0"",""自營商賣出股數(自行買賣)"":""0"",""自營商買賣超股數(自行買賣)"":""0"",""自營商買進股數(避險)"":""92,000"",""自營商賣出股數(避險)"":""25,125"",""自營商買賣超股數(避險)"":""66,875"",""三大法人買賣超股數"":""-104,125""}"
2026-09-29,TWSE,8213,志超            ,331000,436000,-105000,0,0,0,0,305,-305,"{""證券代號"":""8213"",""證券名稱"":""志超            "",""外陸資買進股數(不含外資自營商)"":""331,000"",""外陸資賣出股數(不含外資自營商)"":""436,000"",""外陸資買賣超股數(不含外資自營商)"":""-105,000"",""外資自營商買進股數"":""0"",""外資自營商賣出股數"":""0"",""外資自營商買賣超股數"":""0"",""投信買進股數"":""0"",""投信賣出股數"":""0"",""投信買賣超股數"":""0"",""自營商買賣超股數"":""-305"",""自營商買進股數(自行買賣)"":""0"",""自營商賣出股數(自行買賣)"":""0"",""自營商買賣超股數(自行買賣)"":""0"",""自營商買進股數(避險)"":""0"",""自營商賣出股數(避險)"":""305"",""自營商買賣超股數(避險)"":""-305"",""三大法人買賣超股數"":""-105,305""}"
2026-09-29,TWSE,3376,新日興          ,737350,801070,-63720,0,0,0,47000,25144,-42144,"{""證券代號"":""3376"",""證券名稱"":""新日興          "",""外陸資買進股數(不含外資自營商)"":""737,350"",""外陸資賣出股數(不含外資自營商)"":""801,070"",""外陸資買賣超股數(不含外資自營商)"":""-63,720"",""外資自營商買進股數"":""0"",""外資自營商賣出股數"":""0"",""外資自營商買賣超股數"":""0"",""投信買進股數"":""0"",""投信賣出股數"":""0"",""投信買賣超股數"":""0"",""自營商買賣超股數"":""-42,144"",""自營商買進股數(自行買賣)"":""0"",""自營商賣出股數(自行買賣)"":""64,000"",""自營商買賣超股數(自行買賣)"":""-64,000"",""自營商買進股數(避險)"":""47,000"",""自營商賣出股數(避險)"":""25,144"",""自營商買賣超股數(避險)"":""21,856"",""三大法人買賣超股數"":""-105,864""}"
2026-09-29,TWSE,00994A,主動第一金台股優,222000,553000,-331000,0,0,0,582317,357326,224991,"{""證券代號"":""00994A"",""證券名稱"":""主動第一金台股優"",""外陸資買進股數(不含外資自營商)"":""222,000"",""外陸資賣出股數(不含外資自營商)"":""553,000"",""外陸資買賣超股數(不含外資自營商)"":""-331,000"",""外資自營商買進股數"":""0"",""外資自營商賣出股數"":""0"",""外資自營商買賣超股數"":""0"",""投信買進股數"":""0"",""投信賣出股數"":""0"",""投信買賣超股數"":""0"",""自營商買賣超股數"":""224,991"",""自營商買進股數(自行買賣)"":""0"",""自營商賣出股數(自行買賣)"":""0"",""自營商買賣超股數(自行買賣)"":""0"",""自營商買進股數(避險)"":""582,317"",""自營商賣出股數(避險)"":""357,326"",""自營商買賣超股數(避險)"":""224,991"",""三大法人買賣超股數"":""-106,009""}"
2026-09-29,TWSE,2612,中航            ,105406,151000,-45594,0,0,0,244,0,-60756,"{""證券代號"":""2612"",""證券名稱"":""中航            "",""外陸資買進股數(不含外資自營商)"":""105,406"",""外陸資賣出股數(不含外資自營商)"":""151,000"",""外陸資買賣超股數(不含外資自營商)"":""-45,594"",""外資自營商買進股數"":""0"",""外資自營商賣出股數"":""0"",""外資自營商買賣超股數"":""0"",""投信買進股數"":""0"",""投信賣出股數"":""0"",""投信買賣超股數"":""0"",""自營商買賣超股數"":""-60,756"",""自營商買進股數(自行買賣)"":""0"",""自營商賣出股數(自行買賣)"":""61,000"",""自營商買賣超股數(自行買賣)"":""-61,000"",""自營商買進股數(避險)"":""244"",""自營商賣出股數(避險)"":""0"",""自營商買賣超股數(避險)"":""244"",""三大法人買賣超股數"":""-106,350""}"
2026-09-29,TWSE,00982D,主動富邦動態入息,1000,31000,-30000,0,0,0,4190406,4267000,-76594,"{""證券代號"":""00982D"",""證券名稱"":""主動富邦動態入息"",""外陸資買進股數(不含外資自營商)"":""1,000"",""外陸資賣出股數(不含外資自營商)"":""31,000"",""外陸資買賣超股數(不含外資自營商)"":""-30,000"",""外資自營商買進股數"":""0"",""外資自營商賣出股數"":""0"",""外資自營商買賣超股數"":""0"",""投信買進股數"":""0"",""投信賣出股數"":""0"",""投信買賣超股數"":""0"",""自營商買賣超股數"":""-76,594"",""自營商買進股數(自行買賣)"":""0"",""自營商賣出股數(自行買賣)"":""0"",""自營商買賣超股數(自行買賣)"":""0"",""自營商買進股數(避險)"":""4,190,406"",""自營商賣出股數(避險)"":""4,267,000"",""自營商買賣超股數(避險)"":""-76,594"",""三大法人買賣超股數"":""-106,594""}"
2026-09-29,TWSE,7855,和運租車        ,1000,108000,-107000,0,0,0,0,0,0,"{""證券代號"":""7855"",""證券名稱"":""和運租車        "",""外陸資買進股數(不含外資自營商)"":""1,000"",""外陸資賣出股數(不含外資自營商)"":""108,000"",""外陸資買賣超股數(不含外資自營商)"":""-107,000"",""外資自營商買進股數"":""0"",""外資自營商賣出股數"":""0"",""外資自營商買賣超股數"":""0"",""投信買進股數"":""0"",""投信賣出股數"":""0"",""投信買賣超股數"":""0"",""自營商買賣超股數"":""0"",""自營商買進股數(自行買賣)"":""0"",""自營商賣出股數(自行買賣)"":""0"",""自營商買賣超股數(自行買賣)"":""0"",""自營商買進股數(避險)"":""0"",""自營商賣出股數(避險)"":""0"",""自營商買賣超股數(避險)"":""0"",""三大法人買賣超股數"":""-107,000""}"
2026-09-29,TWSE,1436,華友聯          ,17000,125000,-108000,0,0,0,0,0,0,"{""證券代號"":""1436"",""證券名稱"":""華友聯          "",""外陸資買進股數(不含外資自營商)"":""17,000"",""外陸資賣出股數(不含外資自營商)"":""125,000"",""外陸資買賣超股數(不含外資自營商)"":""-108,000"",""外資自營商買進股數"":""0"",""外資自營商賣出股數"":""0"",""外資自營商買賣超股數"":""0"",""投信買進股數"":""0"",""投信賣出股數"":""0"",""投信買賣超股數"":""0"",""自營商買賣超股數"":""0"",""自營商買進股數(自行買賣)"":""0"",""自營商賣出股數(自行買賣)"":""0"",""自營商買賣超股數(自行買賣)"":""0"",""自營商買進股數(避險)"":""0"",""自營商賣出股數(避險)"":""0"",""自營商買賣超股數(避險)"":""0"",""三大法人買賣超股數"":""-108,000""}"
2026-09-29,TWSE,1455,集盛            ,119000,310000,-191000,0,0,0,0,21,82979,"{""證券代號"":""1455"",""證券名稱"":""集盛            "",""外陸資買進股數(不含外資自營商)"":""119,000"",""外陸資賣出股數(不含外資自營商)"":""310,000"",""外陸資買賣超股數(不含外資自營商)"":""-191,000"",""外資自營商買進股數"":""0"",""外資自營商賣出股數"":""0"",""外資自營商買賣超股數"":""0"",""投信買進股數"":""0"",""投信賣出股數"":""0"",""投信買賣超股數"":""0"",""自營商買賣超股數"":""82,979"",""自營商買進股數(自行買賣)"":""83,000"",""自營商賣出股數(自行買賣)"":""0"",""自營商買賣超股數(自行買賣)"":""83,000"",""自營商買進股數(避險)"":""0"",""自營商賣出股數(避險)"":""21"",""自營商買賣超股數(避險)"":""-21"",""三大法人買賣超股數"":""-108,021""}"
2026-09-29,TWSE,6515,穎崴            ,131600,172520,-40920,2000,70000,-68000,2385,890,-567,"{""證券代號"":""6515"",""證券名稱"":""穎崴            "",""外陸資買進股數(不含外資自營商)"":""131,600"",""外陸資賣出股數(不含外資自營商)"":""172,520"",""外陸資買賣超股數(不含外資自營商)"":""-40,920"",""外資自營商買進股數"":""0"",""外資自營商賣出股數"":""0"",""外資自營商買賣超股數"":""0"",""投信買進股數"":""2,000"",""投信賣出股數"":""70,000"",""投信買賣超股數"":""-68,000"",""自營商買賣超股數"":""-567"",""自營商買進股數(自行買賣)"":""46,000"",""自營商賣出股數(自行買賣)"":""48,062"",""自營商買賣超股數(自行買賣)"":""-2,062"",""自營商買進股數(避險)"":""2,385"",""自營商賣出股數(避險)"":""890"",""自營商買賣超股數(避險)"":""1,495"",""三大法人買賣超股數"":""-109,487""}"
2026-09-29,TWSE,1506,正道            ,0,111000,-111000,0,0,0,0,0,0,"{""證券代號"":""1506"",""證券名稱"":""正道            "",""外陸資買進股數(不含外資自營商)"":""0"",""外陸資賣出股數(不含外資自營商)"":""111,000"",""外陸資買賣超股數(不含外資自營商)"":""-111,000"",""外資自營商買進股數"":""0"",""外資自營商賣出股數"":""0"",""外資自營商買賣超股數"":""0"",""投信買進股數"":""0"",""投信賣出股數"":""0"",""投信買賣超股數"":""0"",""自營商買賣超股數"":""0"",""自營商買進股數(自行買賣)"":""0"",""自營商賣出股數(自行買賣)"":""0"",""自營商買賣超股數(自行買賣)"":""0"",""自營商買進股數(避險)"":""0"",""自營商賣出股數(避險)"":""0"",""自營商買賣超股數(避險)"":""0"",""三大法人買賣超股數"":""-111,000""}"
2026-09-29,TWSE,3661,世芯-KY         ,480133,572836,-92703,3000,5000,-2000,32270,45513,-16448,"{""證券代號"":""3661"",""證券名稱"":""世芯-KY         "",""外陸資買進股數(不含外資自營商)"":""480,133"",""外陸資賣出股數(不含外資自營商)"":""572,836"",""外陸資買賣超股數(不含外資自營商)"":""-92,703"",""外資自營商買進股數"":""0"",""外資自營商賣出股數"":""0"",""外資自營商買賣超股數"":""0"",""投信買進股數"":""3,000"",""投信賣出股數"":""5,000"",""投信買賣超股數"":""-2,000"",""自營商買賣超股數"":""-16,448"",""自營商買進股數(自行買賣)"":""6,200"",""自營商賣出股數(自行買賣)"":""9,405"",""自營商買賣超股數(自行買賣)"":""-3,205"",""自營商買進股數(避險)"":""32,270"",""自營商賣出股數(避險)"":""45,513"",""自營商買賣超股數(避險)"":""-13,243"",""三大法人買賣超股數"":""-111,151""}"
2026-09-29,TWSE,1504,東元            ,1730821,1852135,-121314,2000,5000,-3000,17000,31136,10864,"{""證券代號"":""1504"",""證券名稱"":""東元            "",""外陸資買進股數(不含外資自營商)"":""1,730,821"",""外陸資賣出股數(不含外資自營商)"":""1,852,135"",""外陸資買賣超股數(不含外資自營商)"":""-121,314"",""外資自營商買進股數"":""0"",""外資自營商賣出股數"":""0"",""外資自營商買賣超股數"":""0"",""投信買進股數"":""2,000"",""投信賣出股數"":""5,000"",""投信買賣超股數"":""-3,000"",""自營商買賣超股數"":""10,864"",""自營商買進股數(自行買賣)"":""25,000"",""自營商賣出股數(自行買賣)"":""0"",""自營商買賣超股數(自行買賣)"":""25,000"",""自營商買進股數(避險)"":""17,000"",""自營商賣出股數(避險)"":""31,136"",""自營商買賣超股數(避險)"":""-14,136"",""三大法人買賣超股數"":""-113,450""}"
2026-09-29,TWSE,6177,達麗            ,221103,358000,-136897,22804,0,22804,0,0,0,"{""證券代號"":""6177"",""證券名稱"":""達麗            "",""外陸資買進股數(不含外資自營商)"":""221,103"",""外陸資賣出股數(不含外資自營商)"":""358,000"",""外陸資買賣超股數(不含外資自營商)"":""-136,897"",""外資自營商買進股數"":""0"",""外資自營商賣出股數"":""0"",""外資自營商買賣超股數"":""0"",""投信買進股數"":""22,804"",""投信賣出股數"":""0"",""投信買賣超股數"":""22,804"",""自營商買賣超股數"":""0"",""自營商買進股數(自行買賣)"":""0"",""自營商賣出股數(自行買賣)"":""0"",""自營商買賣超股數(自行買賣)"":""0"",""自營商買進股數(避險)"":""0"",""自營商賣出股數(避險)"":""0"",""自營商買賣超股數(避險)"":""0"",""三大法人買賣超股數"":""-114,093""}"
2026-09-29,TWSE,00991B,貝萊德A級公司債 ,0,334000,-334000,0,0,0,353000,135901,217099,"{""證券代號"":""00991B"",""證券名稱"":""貝萊德A級公司債 "",""外陸資買進股數(不含外資自營商)"":""0"",""外陸資賣出股數(不含外資自營商)"":""334,000"",""外陸資買賣超股數(不含外資自營商)"":""-334,000"",""外資自營商買進股數"":""0"",""外資自營商賣出股數"":""0"",""外資自營商買賣超股數"":""0"",""投信買進股數"":""0"",""投信賣出股數"":""0"",""投信買賣超股數"":""0"",""自營商買賣超股數"":""217,099"",""自營商買進股數(自行買賣)"":""0"",""自營商賣出股數(自行買賣)"":""0"",""自營商買賣超股數(自行買賣)"":""0"",""自營商買進股數(避險)"":""353,000"",""自營商賣出股數(避險)"":""135,901"",""自營商買賣超股數(避險)"":""217,099"",""三大法人買賣超股數"":""-116,901""}"
2026-09-29,TWSE,2461,光群雷          ,50000,172033,-122033,0,0,0,0,0,1000,"{""證券代號"":""2461"",""證券名稱"":""光群雷          "",""外陸資買進股數(不含外資自營商)"":""50,000"",""外陸資賣出股數(不含外資自營商)"":""172,033"",""外陸資買賣超股數(不含外資自營商)"":""-122,033"",""外資自營商買進股數"":""0"",""外資自營商賣出股數"":""0"",""外資自營商買賣超股數"":""0"",""投信買進股數"":""0"",""投信賣出股數"":""0"",""投信買賣超股數"":""0"",""自營商買賣超股數"":""1,000"",""自營商買進股數(自行買賣)"":""2,000"",""自營商賣出股數(自行買賣)"":""1,000"",""自營商買賣超股數(自行買賣)"":""1,000"",""自營商買進股數(避險)"":""0"",""自營商賣出股數(避險)"":""0"",""自營商買賣超股數(避險)"":""0"",""三大法人買賣超股數"":""-121,033""}"
2026-09-29,TWSE,8411,福貞-KY         ,0,26000,-26000,0,0,0,0,0,-100000,"{""證券代號"":""8411"",""證券名稱"":""福貞-KY         "",""外陸資買進股數(不含外資自營商)"":""0"",""外陸資賣出股數(不含外資自營商)"":""26,000"",""外陸資買賣超股數(不含外資自營商)"":""-26,000"",""外資自營商買進股數"":""0"",""外資自營商賣出股數"":""0"",""外資自營商買賣超股數"":""0"",""投信買進股數"":""0"",""投信賣出股數"":""0"",""投信買賣超股數"":""0"",""自營商買賣超股數"":""-100,000"",""自營商買進股數(自行買賣)"":""0"",""自營商賣出股數(自行買賣)"":""100,000"",""自營商買賣超股數(自行買賣)"":""-100,000"",""自營商買進股數(避險)"":""0"",""自營商賣出股數(避險)"":""0"",""自營商買賣超股數(避險)"":""0"",""三大法人買賣超股數"":""-126,000""}"
2026-09-29,TWSE,2025,千興            ,519409,643482,-124073,0,0,0,0,0,-3000,"{""證券代號"":""2025"",""證券名稱"":""千興            "",""外陸資買進股數(不含外資自營商)"":""519,409"",""外陸資賣出股數(不含外資自營商)"":""643,482"",""外陸資買賣超股數(不含外資自營商)"":""-124,073"",""外資自營商買進股數"":""0"",""外資自營商賣出股數"":""0"",""外資自營商買賣超股數"":""0"",""投信買進股數"":""0"",""投信賣出股數"":""0"",""投信買賣超股數"":""0"",""自營商買賣超股數"":""-3,000"",""自營商買進股數(自行買賣)"":""0"",""自營商賣出股數(自行買賣)"":""3,000"",""自營商買賣超股數(自行買賣)"":""-3,000"",""自營商買進股數(避險)"":""0"",""自營商賣出股數(避險)"":""0"",""自營商買賣超股數(避險)"":""0"",""三大法人買賣超股數"":""-127,073""}"
2026-09-29,TWSE,00651R,復華香港反1     ,0,82000,-82000,0,0,0,18998,64248,-45250,"{""證券代號"":""00651R"",""證券名稱"":""復華香港反1     "",""外陸資買進股數(不含外資自營商)"":""0"",""外陸資賣出股數(不含外資自營商)"":""82,000"",""外陸資買賣超股數(不含外資自營商)"":""-82,000"",""外資自營商買進股數"":""0"",""外資自營商賣出股數"":""0"",""外資自營商買賣超股數"":""0"",""投信買進股數"":""0"",""投信賣出股數"":""0"",""投信買賣超股數"":""0"",""自營商買賣超股數"":""-45,250"",""自營商買進股數(自行買賣)"":""0"",""自營商賣出股數(自行買賣)"":""0"",""自營商買賣超股數(自行買賣)"":""0"",""自營商買進股數(避險)"":""18,998"",""自營商賣出股數(避險)"":""64,248"",""自營商買賣超股數(避險)"":""-45,250"",""三大法人買賣超股數"":""-127,250""}"
2026-09-29,TWSE,1417,嘉裕            ,3000,133000,-130000,0,0,0,0,0,0,"{""證券代號"":""1417"",""證券名稱"":""嘉裕            "",""外陸資買進股數(不含外資自營商)"":""3,000"",""外陸資賣出股數(不含外資自營商)"":""133,000"",""外陸資買賣超股數(不含外資自營商)"":""-130,000"",""外資自營商買進股數"":""0"",""外資自營商賣出股數"":""0"",""外資自營商買賣超股數"":""0"",""投信買進股數"":""0"",""投信賣出股數"":""0"",""投信買賣超股數"":""0"",""自營商買賣超股數"":""0"",""自營商買進股數(自行買賣)"":""0"",""自營商賣出股數(自行買賣)"":""0"",""自營商買賣超股數(自行買賣)"":""0"",""自營商買進股數(避險)"":""0"",""自營商賣出股數(避險)"":""0"",""自營商買賣超股數(避險)"":""0"",""三大法人買賣超股數"":""-130,000""}"
2026-09-29,TWSE,2915,潤泰全          ,320995,467000,-146005,0,0,0,0,5150,14943,"{""證券代號"":""2915"",""證券名稱"":""潤泰全          "",""外陸資買進股數(不含外資自營商)"":""320,995"",""外陸資賣出股數(不含外資自營商)"":""467,000"",""外陸資買賣超股數(不含外資自營商)"":""-146,005"",""外資自營商買進股數"":""0"",""外資自營商賣出股數"":""0"",""外資自營商買賣超股數"":""0"",""投信買進股數"":""0"",""投信賣出股數"":""0"",""投信買賣超股數"":""0"",""自營商買賣超股數"":""14,943"",""自營商買進股數(自行買賣)"":""20,093"",""自營商賣出股數(自行買賣)"":""0"",""自營商買賣超股數(自行買賣)"":""20,093"",""自營商買進股數(避險)"":""0"",""自營商賣出股數(避險)"":""5,150"",""自營商買賣超股數(避險)"":""-5,150"",""三大法人買賣超股數"":""-131,062""}"
2026-09-29,TWSE,3028,增你強          ,89116,199000,-109884,6100,0,6100,1000,6333,-28333,"{""證券代號"":""3028"",""證券名稱"":""增你強          "",""外陸資買進股數(不含外資自營商)"":""89,116"",""外陸資賣出股數(不含外資自營商)"":""199,000"",""外陸資買賣超股數(不含外資自營商)"":""-109,884"",""外資自營商買進股數"":""0"",""外資自營商賣出股數"":""0"",""外資自營商買賣超股數"":""0"",""投信買進股數"":""6,100"",""投信賣出股數"":""0"",""投信買賣超股數"":""6,100"",""自營商買賣超股數"":""-28,333"",""自營商買進股數(自行買賣)"":""4,000"",""自營商賣出股數(自行買賣)"":""27,000"",""自營商買賣超股數(自行買賣)"":""-23,000"",""自營商買進股數(避險)"":""1,000"",""自營商賣出股數(避險)"":""6,333"",""自營商買賣超股數(避險)"":""-5,333"",""三大法人買賣超股數"":""-132,117""}"
2026-09-29,TWSE,2607,榮運            ,134661,273000,-138339,0,0,0,5303,5010,293,"{""證券代號"":""2607"",""證券名稱"":""榮運            "",""外陸資買進股數(不含外資自營商)"":""134,661"",""外陸資賣出股數(不含外資自營商)"":""273,000"",""外陸資買賣超股數(不含外資自營商)"":""-138,339"",""外資自營商買進股數"":""0"",""外資自營商賣出股數"":""0"",""外資自營商買賣超股數"":""0"",""投信買進股數"":""0"",""投信賣出股數"":""0"",""投信買賣超股數"":""0"",""自營商買賣超股數"":""293"",""自營商買進股數(自行買賣)"":""0"",""自營商賣出股數(自行買賣)"":""0"",""自營商買賣超股數(自行買賣)"":""0"",""自營商買進股數(避險)"":""5,303"",""自營商賣出股數(避險)"":""5,010"",""自營商買賣超股數(避險)"":""293"",""三大法人買賣超股數"":""-138,046""}"
2026-09-29,TWSE,2204,中華            ,93000,257049,-164049,18598,0,18598,9000,8807,7193,"{""證券代號"":""2204"",""證券名稱"":""中華            "",""外陸資買進股數(不含外資自營商)"":""93,000"",""外陸資賣出股數(不含外資自營商)"":""257,049"",""外陸資買賣超股數(不含外資自營商)"":""-164,049"",""外資自營商買進股數"":""0"",""外資自營商賣出股數"":""0"",""外資自營商買賣超股數"":""0"",""投信買進股數"":""18,598"",""投信賣出股數"":""0"",""投信買賣超股數"":""18,598"",""自營商買賣超股數"":""7,193"",""自營商買進股數(自行買賣)"":""7,000"",""自營商賣出股數(自行買賣)"":""0"",""自營商買賣超股數(自行買賣)"":""7,000"",""自營商買進股數(避險)"":""9,000"",""自營商賣出股數(避險)"":""8,807"",""自營商買賣超股數(避險)"":""193"",""三大法人買賣超股數"":""-138,258""}"
2026-09-29,TWSE,2101,南港            ,546438,692000,-145562,0,0,0,1498,4945,5553,"{""證券代號"":""2101"",""證券名稱"":""南港            "",""外陸資買進股數(不含外資自營商)"":""546,438"",""外陸資賣出股數(不含外資自營商)"":""692,000"",""外陸資買賣超股數(不含外資自營商)"":""-145,562"",""外資自營商買進股數"":""0"",""外資自營商賣出股數"":""0"",""外資自營商買賣超股數"":""0"",""投信買進股數"":""0"",""投信賣出股數"":""0"",""投信買賣超股數"":""0"",""自營商買賣超股數"":""5,553"",""自營商買進股數(自行買賣)"":""9,000"",""自營商賣出股數(自行買賣)"":""0"",""自營商買賣超股數(自行買賣)"":""9,000"",""自營商買進股數(避險)"":""1,498"",""自營商賣出股數(避險)"":""4,945"",""自營商買賣超股數(避險)"":""-3,447"",""三大法人買賣超股數"":""-140,009""}"
2026-09-29,TWSE,9925,新保            ,85000,225000,-140000,0,0,0,2000,2297,-297,"{""證券代號"":""9925"",""證券名稱"":""新保            "",""外陸資買進股數(不含外資自營商)"":""85,000"",""外陸資賣出股數(不含外資自營商)"":""225,000"",""外陸資買賣超股數(不含外資自營商)"":""-140,000"",""外資自營商買進股數"":""0"",""外資自營商賣出股數"":""0"",""外資自營商買賣超股數"":""0"",""投信買進股數"":""0"",""投信賣出股數"":""0"",""投信買賣超股數"":""0"",""自營商買賣超股數"":""-297"",""自營商買進股數(自行買賣)"":""0"",""自營商賣出股數(自行買賣)"":""0"",""自營商買賣超股數(自行買賣)"":""0"",""自營商買進股數(避險)"":""2,000"",""自營商賣出股數(避險)"":""2,297"",""自營商買賣超股數(避險)"":""-297"",""三大法人買賣超股數"":""-140,297""}"
2026-09-29,TWSE,6271,同欣電          ,443429,598756,-155327,0,0,0,59375,49402,10973,"{""證券代號"":""6271"",""證券名稱"":""同欣電          "",""外陸資買進股數(不含外資自營商)"":""443,429"",""外陸資賣出股數(不含外資自營商)"":""598,756"",""外陸資買賣超股數(不含外資自營商)"":""-155,327"",""外資自營商買進股數"":""0"",""外資自營商賣出股數"":""0"",""外資自營商買賣超股數"":""0"",""投信買進股數"":""0"",""投信賣出股數"":""0"",""投信買賣超股數"":""0"",""自營商買賣超股數"":""10,973"",""自營商買進股數(自行買賣)"":""1,000"",""自營商賣出股數(自行買賣)"":""0"",""自營商買賣超股數(自行買賣)"":""1,000"",""自營商買進股數(避險)"":""59,375"",""自營商賣出股數(避險)"":""49,402"",""自營商買賣超股數(避險)"":""9,973"",""三大法人買賣超股數"":""-144,354""}"
2026-09-29,TWSE,009811,統一美國50      ,1000,21000,-20000,0,0,0,320112,445548,-125436,"{""證券代號"":""009811"",""證券名稱"":""統一美國50      "",""外陸資買進股數(不含外資自營商)"":""1,000"",""外陸資賣出股數(不含外資自營商)"":""21,000"",""外陸資買賣超股數(不含外資自營商)"":""-20,000"",""外資自營商買進股數"":""0"",""外資自營商賣出股數"":""0"",""外資自營商買賣超股數"":""0"",""投信買進股數"":""0"",""投信賣出股數"":""0"",""投信買賣超股數"":""0"",""自營商買賣超股數"":""-125,436"",""自營商買進股數(自行買賣)"":""0"",""自營商賣出股數(自行買賣)"":""0"",""自營商買賣超股數(自行買賣)"":""0"",""自營商買進股數(避險)"":""320,112"",""自營商賣出股數(避險)"":""445,548"",""自營商買賣超股數(避險)"":""-125,436"",""三大法人買賣超股數"":""-145,436""}"
2026-09-29,TWSE,6691,洋基工程        ,340713,451492,-110779,0,26600,-26600,14932,27329,-14097,"{""證券代號"":""6691"",""證券名稱"":""洋基工程        "",""外陸資買進股數(不含外資自營商)"":""340,713"",""外陸資賣出股數(不含外資自營商)"":""451,492"",""外陸資買賣超股數(不含外資自營商)"":""-110,779"",""外資自營商買進股數"":""0"",""外資自營商賣出股數"":""0"",""外資自營商買賣超股數"":""0"",""投信買進股數"":""0"",""投信賣出股數"":""26,600"",""投信買賣超股數"":""-26,600"",""自營商買賣超股數"":""-14,097"",""自營商買進股數(自行買賣)"":""2,306"",""自營商賣出股數(自行買賣)"":""4,006"",""自營商買賣超股數(自行買賣)"":""-1,700"",""自營商買進股數(避險)"":""14,932"",""自營商賣出股數(避險)"":""27,329"",""自營商買賣超股數(避險)"":""-12,397"",""三大法人買賣超股數"":""-151,476""}"
2026-09-29,TWSE,1477,聚陽            ,146038,309814,-163776,15001,2000,13001,23,4805,-3786,"{""證券代號"":""1477"",""證券名稱"":""聚陽            "",""外陸資買進股數(不含外資自營商)"":""146,038"",""外陸資賣出股數(不含外資自營商)"":""309,814"",""外陸資買賣超股數(不含外資自營商)"":""-163,776"",""外資自營商買進股數"":""0"",""外資自營商賣出股數"":""0"",""外資自營商買賣超股數"":""0"",""投信買進股數"":""15,001"",""投信賣出股數"":""2,000"",""投信買賣超股數"":""13,001"",""自營商買賣超股數"":""-3,786"",""自營商買進股數(自行買賣)"":""1,000"",""自營商賣出股數(自行買賣)"":""4"",""自營商買賣超股數(自行買賣)"":""996"",""自營商買進股數(避險)"":""23"",""自營商賣出股數(避險)"":""4,805"",""自營商買賣超股數(避險)"":""-4,782"",""三大法人買賣超股數"":""-154,561""}"
2026-09-29,TWSE,2015,豐興            ,100087,258000,-157913,0,0,0,1000,0,3000,"{""證券代號"":""2015"",""證券名稱"":""豐興            "",""外陸資買進股數(不含外資自營商)"":""100,087"",""外陸資賣出股數(不含外資自營商)"":""258,000"",""外陸資買賣超股數(不含外資自營商)"":""-157,913"",""外資自營商買進股數"":""0"",""外資自營商賣出股數"":""0"",""外資自營商買賣超股數"":""0"",""投信買進股數"":""0"",""投信賣出股數"":""0"",""投信買賣超股數"":""0"",""自營商買賣超股數"":""3,000"",""自營商買進股數(自行買賣)"":""2,000"",""自營商賣出股數(自行買賣)"":""0"",""自營商買賣超股數(自行買賣)"":""2,000"",""自營商買進股數(避險)"":""1,000"",""自營商賣出股數(避險)"":""0"",""自營商買賣超股數(避險)"":""1,000"",""三大法人買賣超股數"":""-154,913""}"
2026-09-29,TWSE,1103,嘉泥            ,9000,166000,-157000,0,0,0,0,0,0,"{""證券代號"":""1103"",""證券名稱"":""嘉泥            "",""外陸資買進股數(不含外資自營商)"":""9,000"",""外陸資賣出股數(不含外資自營商)"":""166,000"",""外陸資買賣超股數(不含外資自營商)"":""-157,000"",""外資自營商買進股數"":""0"",""外資自營商賣出股數"":""0"",""外資自營商買賣超股數"":""0"",""投信買進股數"":""0"",""投信賣出股數"":""0"",""投信買賣超股數"":""0"",""自營商買賣超股數"":""0"",""自營商買進股數(自行買賣)"":""0"",""自營商賣出股數(自行買賣)"":""0"",""自營商買賣超股數(自行買賣)"":""0"",""自營商買進股數(避險)"":""0"",""自營商賣出股數(避險)"":""0"",""自營商買賣超股數(避險)"":""0"",""三大法人買賣超股數"":""-157,000""}"
2026-09-29,TWSE,2537,聯上發          ,30000,189062,-159062,0,0,0,0,0,0,"{""證券代號"":""2537"",""證券名稱"":""聯上發          "",""外陸資買進股數(不含外資自營商)"":""30,000"",""外陸資賣出股數(不含外資自營商)"":""189,062"",""外陸資買賣超股數(不含外資自營商)"":""-159,062"",""外資自營商買進股數"":""0"",""外資自營商賣出股數"":""0"",""外資自營商買賣超股數"":""0"",""投信買進股數"":""0"",""投信賣出股數"":""0"",""投信買賣超股數"":""0"",""自營商買賣超股數"":""0"",""自營商買進股數(自行買賣)"":""0"",""自營商賣出股數(自行買賣)"":""0"",""自營商買賣超股數(自行買賣)"":""0"",""自營商買進股數(避險)"":""0"",""自營商賣出股數(避險)"":""0"",""自營商買賣超股數(避險)"":""0"",""三大法人買賣超股數"":""-159,062""}"
2026-09-29,TWSE,2038,海光            ,339772,500698,-160926,0,0,0,0,0,1000,"{""證券代號"":""2038"",""證券名稱"":""海光            "",""外陸資買進股數(不含外資自營商)"":""339,772"",""外陸資賣出股數(不含外資自營商)"":""500,698"",""外陸資買賣超股數(不含外資自營商)"":""-160,926"",""外資自營商買進股數"":""0"",""外資自營商賣出股數"":""0"",""外資自營商買賣超股數"":""0"",""投信買進股數"":""0"",""投信賣出股數"":""0"",""投信買賣超股數"":""0"",""自營商買賣超股數"":""1,000"",""自營商買進股數(自行買賣)"":""3,000"",""自營商賣出股數(自行買賣)"":""2,000"",""自營商買賣超股數(自行買賣)"":""1,000"",""自營商買進股數(避險)"":""0"",""自營商賣出股數(避險)"":""0"",""自營商買賣超股數(避險)"":""0"",""三大法人買賣超股數"":""-159,926""}"
2026-09-29,TWSE,2108,南帝            ,115407,297167,-181760,0,0,0,101,3665,20436,"{""證券代號"":""2108"",""證券名稱"":""南帝            "",""外陸資買進股數(不含外資自營商)"":""115,407"",""外陸資賣出股數(不含外資自營商)"":""297,167"",""外陸資買賣超股數(不含外資自營商)"":""-181,760"",""外資自營商買進股數"":""0"",""外資自營商賣出股數"":""0"",""外資自營商買賣超股數"":""0"",""投信買進股數"":""0"",""投信賣出股數"":""0"",""投信買賣超股數"":""0"",""自營商買賣超股數"":""20,436"",""自營商買進股數(自行買賣)"":""24,000"",""自營商賣出股數(自行買賣)"":""0"",""自營商買賣超股數(自行買賣)"":""24,000"",""自營商買進股數(避險)"":""101"",""自營商賣出股數(避險)"":""3,665"",""自營商買賣超股數(避險)"":""-3,564"",""三大法人買賣超股數"":""-161,324""}"
2026-09-29,TWSE,3563,牧德            ,495840,688010,-192170,0,0,0,52941,51742,30324,"{""證券代號"":""3563"",""證券名稱"":""牧德            "",""外陸資買進股數(不含外資自營商)"":""495,840"",""外陸資賣出股數(不含外資自營商)"":""688,010"",""外陸資買賣超股數(不含外資自營商)"":""-192,170"",""外資自營商買進股數"":""0"",""外資自營商賣出股數"":""0"",""外資自營商買賣超股數"":""0"",""投信買進股數"":""0"",""投信賣出股數"":""0"",""投信買賣超股數"":""0"",""自營商買賣超股數"":""30,324"",""自營商買進股數(自行買賣)"":""30,125"",""自營商賣出股數(自行買賣)"":""1,000"",""自營商買賣超股數(自行買賣)"":""29,125"",""自營商買進股數(避險)"":""52,941"",""自營商賣出股數(避險)"":""51,742"",""自營商買賣超股數(避險)"":""1,199"",""三大法人買賣超股數"":""-161,846""}"
2026-09-29,TWSE,1316,上曜            ,197317,360000,-162683,0,0,0,0,0,0,"{""證券代號"":""1316"",""證券名稱"":""上曜            "",""外陸資買進股數(不含外資自營商)"":""197,317"",""外陸資賣出股數(不含外資自營商)"":""360,000"",""外陸資買賣超股數(不含外資自營商)"":""-162,683"",""外資自營商買進股數"":""0"",""外資自營商賣出股數"":""0"",""外資自營商買賣超股數"":""0"",""投信買進股數"":""0"",""投信賣出股數"":""0"",""投信買賣超股數"":""0"",""自營商買賣超股數"":""0"",""自營商買進股數(自行買賣)"":""0"",""自營商賣出股數(自行買賣)"":""0"",""自營商買賣超股數(自行買賣)"":""0"",""自營商買進股數(避險)"":""0"",""自營商賣出股數(避險)"":""0"",""自營商買賣超股數(避險)"":""0"",""三大法人買賣超股數"":""-162,683""}"
2026-09-29,TWSE,2457,飛宏            ,218195,373000,-154805,0,0,0,2000,1652,-10227,"{""證券代號"":""2457"",""證券名稱"":""飛宏            "",""外陸資買進股數(不含外資自營商)"":""218,195"",""外陸資賣出股數(不含外資自營商)"":""373,000"",""外陸資買賣超股數(不含外資自營商)"":""-154,805"",""外資自營商買進股數"":""0"",""外資自營商賣出股數"":""0"",""外資自營商買賣超股數"":""0"",""投信買進股數"":""0"",""投信賣出股數"":""0"",""投信買賣超股數"":""0"",""自營商買賣超股數"":""-10,227"",""自營商買進股數(自行買賣)"":""9,000"",""自營商賣出股數(自行買賣)"":""19,575"",""自營商買賣超股數(自行買賣)"":""-10,575"",""自營商買進股數(避險)"":""2,000"",""自營商賣出股數(避險)"":""1,652"",""自營商買賣超股數(避險)"":""348"",""三大法人買賣超股數"":""-165,032""}"
2026-09-29,TWSE,00408A,主動第一金優股息,24000,6000,18000,0,0,0,182969,369595,-186626,"{""證券代號"":""00408A"",""證券名稱"":""主動第一金優股息"",""外陸資買進股數(不含外資自營商)"":""24,000"",""外陸資賣出股數(不含外資自營商)"":""6,000"",""外陸資買賣超股數(不含外資自營商)"":""18,000"",""外資自營商買進股數"":""0"",""外資自營商賣出股數"":""0"",""外資自營商買賣超股數"":""0"",""投信買進股數"":""0"",""投信賣出股數"":""0"",""投信買賣超股數"":""0"",""自營商買賣超股數"":""-186,626"",""自營商買進股數(自行買賣)"":""0"",""自營商賣出股數(自行買賣)"":""0"",""自營商買賣超股數(自行買賣)"":""0"",""自營商買進股數(避險)"":""182,969"",""自營商賣出股數(避險)"":""369,595"",""自營商買賣超股數(避險)"":""-186,626"",""三大法人買賣超股數"":""-168,626""}"
2026-09-29,TWSE,3708,上緯投控        ,52590,222000,-169410,0,0,0,3,22,-19,"{""證券代號"":""3708"",""證券名稱"":""上緯投控        "",""外陸資買進股數(不含外資自營商)"":""52,590"",""外陸資賣出股數(不含外資自營商)"":""222,000"",""外陸資買賣超股數(不含外資自營商)"":""-169,410"",""外資自營商買進股數"":""0"",""外資自營商賣出股數"":""0"",""外資自營商買賣超股數"":""0"",""投信買進股數"":""0"",""投信賣出股數"":""0"",""投信買賣超股數"":""0"",""自營商買賣超股數"":""-19"",""自營商買進股數(自行買賣)"":""0"",""自營商賣出股數(自行買賣)"":""0"",""自營商買賣超股數(自行買賣)"":""0"",""自營商買進股數(避險)"":""3"",""自營商賣出股數(避險)"":""22"",""自營商買賣超股數(避險)"":""-19"",""三大法人買賣超股數"":""-169,429""}"
2026-09-29,TWSE,2206,三陽工業        ,153705,335939,-182234,2000,0,2000,0,0,7000,"{""證券代號"":""2206"",""證券名稱"":""三陽工業        "",""外陸資買進股數(不含外資自營商)"":""153,705"",""外陸資賣出股數(不含外資自營商)"":""335,939"",""外陸資買賣超股數(不含外資自營商)"":""-182,234"",""外資自營商買進股數"":""0"",""外資自營商賣出股數"":""0"",""外資自營商買賣超股數"":""0"",""投信買進股數"":""2,000"",""投信賣出股數"":""0"",""投信買賣超股數"":""2,000"",""自營商買賣超股數"":""7,000"",""自營商買進股數(自行買賣)"":""7,000"",""自營商賣出股數(自行買賣)"":""0"",""自營商買賣超股數(自行買賣)"":""7,000"",""自營商買進股數(避險)"":""0"",""自營商賣出股數(避險)"":""0"",""自營商買賣超股數(避險)"":""0"",""三大法人買賣超股數"":""-173,234""}"
2026-09-29,TWSE,2412,中華電          ,7838512,7991457,-152945,10000,77000,-67000,33000,0,46000,"{""證券代號"":""2412"",""證券名稱"":""中華電          "",""外陸資買進股數(不含外資自營商)"":""7,838,512"",""外陸資賣出股數(不含外資自營商)"":""7,991,457"",""外陸資買賣超股數(不含外資自營商)"":""-152,945"",""外資自營商買進股數"":""0"",""外資自營商賣出股數"":""0"",""外資自營商買賣超股數"":""0"",""投信買進股數"":""10,000"",""投信賣出股數"":""77,000"",""投信買賣超股數"":""-67,000"",""自營商買賣超股數"":""46,000"",""自營商買進股數(自行買賣)"":""13,000"",""自營商賣出股數(自行買賣)"":""0"",""自營商買賣超股數(自行買賣)"":""13,000"",""自營商買進股數(避險)"":""33,000"",""自營商賣出股數(避險)"":""0"",""自營商買賣超股數(避險)"":""33,000"",""三大法人買賣超股數"":""-173,945""}"
2026-09-29,TWSE,3653,健策            ,632453,941488,-309035,137000,9262,127738,8842,5638,5592,"{""證券代號"":""3653"",""證券名稱"":""健策            "",""外陸資買進股數(不含外資自營商)"":""632,453"",""外陸資賣出股數(不含外資自營商)"":""941,488"",""外陸資買賣超股數(不含外資自營商)"":""-309,035"",""外資自營商買進股數"":""0"",""外資自營商賣出股數"":""0"",""外資自營商買賣超股數"":""0"",""投信買進股數"":""137,000"",""投信賣出股數"":""9,262"",""投信買賣超股數"":""127,738"",""自營商買賣超股數"":""5,592"",""自營商買進股數(自行買賣)"":""28,288"",""自營商賣出股數(自行買賣)"":""25,900"",""自營商買賣超股數(自行買賣)"":""2,388"",""自營商買進股數(避險)"":""8,842"",""自營商賣出股數(避險)"":""5,638"",""自營商買賣超股數(避險)"":""3,204"",""三大法人買賣超股數"":""-175,705""}"
2026-09-29,TWSE,2010,春源            ,662544,836000,-173456,0,0,0,0,3000,-3000,"{""證券代號"":""2010"",""證券名稱"":""春源            "",""外陸資買進股數(不含外資自營商)"":""662,544"",""外陸資賣出股數(不含外資自營商)"":""836,000"",""外陸資買賣超股數(不含外資自營商)"":""-173,456"",""外資自營商買進股數"":""0"",""外資自營商賣出股數"":""0"",""外資自營商買賣超股數"":""0"",""投信買進股數"":""0"",""投信賣出股數"":""0"",""投信買賣超股數"":""0"",""自營商買賣超股數"":""-3,000"",""自營商買進股數(自行買賣)"":""0"",""自營商賣出股數(自行買賣)"":""0"",""自營商買賣超股數(自行買賣)"":""0"",""自營商買進股數(避險)"":""0"",""自營商賣出股數(避險)"":""3,000"",""自營商買賣超股數(避險)"":""-3,000"",""三大法人買賣超股數"":""-176,456""}"
2026-09-29,TWSE,7769,鴻勁            ,530248,463412,66836,1300,251449,-250149,90835,86530,5305,"{""證券代號"":""7769"",""證券名稱"":""鴻勁            "",""外陸資買進股數(不含外資自營商)"":""530,248"",""外陸資賣出股數(不含外資自營商)"":""463,412"",""外陸資買賣超股數(不含外資自營商)"":""66,836"",""外資自營商買進股數"":""0"",""外資自營商賣出股數"":""0"",""外資自營商買賣超股數"":""0"",""投信買進股數"":""1,300"",""投信賣出股數"":""251,449"",""投信買賣超股數"":""-250,149"",""自營商買賣超股數"":""5,305"",""自營商買進股數(自行買賣)"":""3,000"",""自營商賣出股數(自行買賣)"":""2,000"",""自營商買賣超股數(自行買賣)"":""1,000"",""自營商買進股數(避險)"":""90,835"",""自營商賣出股數(避險)"":""86,530"",""自營商買賣超股數(避險)"":""4,305"",""三大法人買賣超股數"":""-178,008""}"
2026-09-29,TWSE,2528,皇普            ,47000,177000,-130000,10268,0,10268,0,0,-59000,"{""證券代號"":""2528"",""證券名稱"":""皇普            "",""外陸資買進股數(不含外資自營商)"":""47,000"",""外陸資賣出股數(不含外資自營商)"":""177,000"",""外陸資買賣超股數(不含外資自營商)"":""-130,000"",""外資自營商買進股數"":""0"",""外資自營商賣出股數"":""0"",""外資自營商買賣超股數"":""0"",""投信買進股數"":""10,268"",""投信賣出股數"":""0"",""投信買賣超股數"":""10,268"",""自營商買賣超股數"":""-59,000"",""自營商買進股數(自行買賣)"":""0"",""自營商賣出股數(自行買賣)"":""59,000"",""自營商買賣超股數(自行買賣)"":""-59,000"",""自營商買進股數(避險)"":""0"",""自營商賣出股數(避險)"":""0"",""自營商買賣超股數(避險)"":""0"",""三大法人買賣超股數"":""-178,732""}"
2026-09-29,TWSE,3037,欣興            ,5827955,6593879,-765924,546693,63000,483693,84572,51884,103228,"{""證券代號"":""3037"",""證券名稱"":""欣興            "",""外陸資買進股數(不含外資自營商)"":""5,827,955"",""外陸資賣出股數(不含外資自營商)"":""6,593,879"",""外陸資買賣超股數(不含外資自營商)"":""-765,924"",""外資自營商買進股數"":""0"",""外資自營商賣出股數"":""0"",""外資自營商買賣超股數"":""0"",""投信買進股數"":""546,693"",""投信賣出股數"":""63,000"",""投信買賣超股數"":""483,693"",""自營商買賣超股數"":""103,228"",""自營商買進股數(自行買賣)"":""191,540"",""自營商賣出股數(自行買賣)"":""121,000"",""自營商買賣超股數(自行買賣)"":""70,540"",""自營商買進股數(避險)"":""84,572"",""自營商賣出股數(避險)"":""51,884"",""自營商買賣超股數(避險)"":""32,688"",""三大法人買賣超股數"":""-179,003""}"
2026-09-29,TWSE,1611,中電            ,66000,235000,-169000,0,0,0,0,0,-14000,"{""證券代號"":""1611"",""證券名稱"":""中電            "",""外陸資買進股數(不含外資自營商)"":""66,000"",""外陸資賣出股數(不含外資自營商)"":""235,000"",""外陸資買賣超股數(不含外資自營商)"":""-169,000"",""外資自營商買進股數"":""0"",""外資自營商賣出股數"":""0"",""外資自營商買賣超股數"":""0"",""投信買進股數"":""0"",""投信賣出股數"":""0"",""投信買賣超股數"":""0"",""自營商買賣超股數"":""-14,000"",""自營商買進股數(自行買賣)"":""14,000"",""自營商賣出股數(自行買賣)"":""28,000"",""自營商買賣超股數(自行買賣)"":""-14,000"",""自營商買進股數(避險)"":""0"",""自營商賣出股數(避險)"":""0"",""自營商買賣超股數(避險)"":""0"",""三大法人買賣超股數"":""-183,000""}"
2026-09-29,TWSE,9927,泰銘            ,17000,202035,-185035,0,0,0,0,0,0,"{""證券代號"":""9927"",""證券名稱"":""泰銘            "",""外陸資買進股數(不含外資自營商)"":""17,000"",""外陸資賣出股數(不含外資自營商)"":""202,035"",""外陸資買賣超股數(不含外資自營商)"":""-185,035"",""外資自營商買進股數"":""0"",""外資自營商賣出股數"":""0"",""外資自營商買賣超股數"":""0"",""投信買進股數"":""0"",""投信賣出股數"":""0"",""投信買賣超股數"":""0"",""自營商買賣超股數"":""0"",""自營商買進股數(自行買賣)"":""0"",""自營商賣出股數(自行買賣)"":""0"",""自營商買賣超股數(自行買賣)"":""0"",""自營商買進股數(避險)"":""0"",""自營商賣出股數(避險)"":""0"",""自營商買賣超股數(避險)"":""0"",""三大法人買賣超股數"":""-185,035""}"
2026-09-29,TWSE,8404,百和興業-KY     ,23000,210000,-187000,0,0,0,0,0,595,"{""證券代號"":""8404"",""證券名稱"":""百和興業-KY     "",""外陸資買進股數(不含外資自營商)"":""23,000"",""外陸資賣出股數(不含外資自營商)"":""210,000"",""外陸資買賣超股數(不含外資自營商)"":""-187,000"",""外資自營商買進股數"":""0"",""外資自營商賣出股數"":""0"",""外資自營商買賣超股數"":""0"",""投信買進股數"":""0"",""投信賣出股數"":""0"",""投信買賣超股數"":""0"",""自營商買賣超股數"":""595"",""自營商買進股數(自行買賣)"":""3,000"",""自營商賣出股數(自行買賣)"":""2,405"",""自營商買賣超股數(自行買賣)"":""595"",""自營商買進股數(避險)"":""0"",""自營商賣出股數(避險)"":""0"",""自營商買賣超股數(避險)"":""0"",""三大法人買賣超股數"":""-186,405""}"
2026-09-29,TWSE,2908,特力            ,10349,200000,-189651,0,0,0,0,0,0,"{""證券代號"":""2908"",""證券名稱"":""特力            "",""外陸資買進股數(不含外資自營商)"":""10,349"",""外陸資賣出股數(不含外資自營商)"":""200,000"",""外陸資買賣超股數(不含外資自營商)"":""-189,651"",""外資自營商買進股數"":""0"",""外資自營商賣出股數"":""0"",""外資自營商買賣超股數"":""0"",""投信買進股數"":""0"",""投信賣出股數"":""0"",""投信買賣超股數"":""0"",""自營商買賣超股數"":""0"",""自營商買進股數(自行買賣)"":""0"",""自營商賣出股數(自行買賣)"":""0"",""自營商買賣超股數(自行買賣)"":""0"",""自營商買進股數(避險)"":""0"",""自營商賣出股數(避險)"":""0"",""自營商買賣超股數(避險)"":""0"",""三大法人買賣超股數"":""-189,651""}"
2026-09-29,TWSE,6282,康舒            ,827244,904000,-76756,0,10000,-10000,17687,45891,-103204,"{""證券代號"":""6282"",""證券名稱"":""康舒            "",""外陸資買進股數(不含外資自營商)"":""827,244"",""外陸資賣出股數(不含外資自營商)"":""904,000"",""外陸資買賣超股數(不含外資自營商)"":""-76,756"",""外資自營商買進股數"":""0"",""外資自營商賣出股數"":""0"",""外資自營商買賣超股數"":""0"",""投信買進股數"":""0"",""投信賣出股數"":""10,000"",""投信買賣超股數"":""-10,000"",""自營商買賣超股數"":""-103,204"",""自營商買進股數(自行買賣)"":""17,000"",""自營商賣出股數(自行買賣)"":""92,000"",""自營商買賣超股數(自行買賣)"":""-75,000"",""自營商買進股數(避險)"":""17,687"",""自營商賣出股數(避險)"":""45,891"",""自營商買賣超股數(避險)"":""-28,204"",""三大法人買賣超股數"":""-189,960""}"
2026-09-29,TWSE,1319,東陽            ,396180,595000,-198820,3000,0,3000,5000,1213,5787,"{""證券代號"":""1319"",""證券名稱"":""東陽            "",""外陸資買進股數(不含外資自營商)"":""396,180"",""外陸資賣出股數(不含外資自營商)"":""595,000"",""外陸資買賣超股數(不含外資自營商)"":""-198,820"",""外資自營商買進股數"":""0"",""外資自營商賣出股數"":""0"",""外資自營商買賣超股數"":""0"",""投信買進股數"":""3,000"",""投信賣出股數"":""0"",""投信買賣超股數"":""3,000"",""自營商買賣超股數"":""5,787"",""自營商買進股數(自行買賣)"":""2,000"",""自營商賣出股數(自行買賣)"":""0"",""自營商買賣超股數(自行買賣)"":""2,000"",""自營商買進股數(避險)"":""5,000"",""自營商賣出股數(避險)"":""1,213"",""自營商買賣超股數(避險)"":""3,787"",""三大法人買賣超股數"":""-190,033""}"
2026-09-29,TWSE,00985A,主動野村台灣50  ,243100,226000,17100,0,0,0,1011446,1238413,-210967,"{""證券代號"":""00985A"",""證券名稱"":""主動野村台灣50  "",""外陸資買進股數(不含外資自營商)"":""243,100"",""外陸資賣出股數(不含外資自營商)"":""226,000"",""外陸資買賣超股數(不含外資自營商)"":""17,100"",""外資自營商買進股數"":""0"",""外資自營商賣出股數"":""0"",""外資自營商買賣超股數"":""0"",""投信買進股數"":""0"",""投信賣出股數"":""0"",""投信買賣超股數"":""0"",""自營商買賣超股數"":""-210,967"",""自營商買進股數(自行買賣)"":""16,000"",""自營商賣出股數(自行買賣)"":""0"",""自營商買賣超股數(自行買賣)"":""16,000"",""自營商買進股數(避險)"":""1,011,446"",""自營商賣出股數(避險)"":""1,238,413"",""自營商買賣超股數(避險)"":""-226,967"",""三大法人買賣超股數"":""-193,867""}"
2026-09-29,TWSE,1201,味全            ,119000,313000,-194000,0,0,0,0,0,0,"{""證券代號"":""1201"",""證券名稱"":""味全            "",""外陸資買進股數(不含外資自營商)"":""119,000"",""外陸資賣出股數(不含外資自營商)"":""313,000"",""外陸資買賣超股數(不含外資自營商)"":""-194,000"",""外資自營商買進股數"":""0"",""外資自營商賣出股數"":""0"",""外資自營商買賣超股數"":""0"",""投信買進股數"":""0"",""投信賣出股數"":""0"",""投信買賣超股數"":""0"",""自營商買賣超股數"":""0"",""自營商買進股數(自行買賣)"":""0"",""自營商賣出股數(自行買賣)"":""0"",""自營商買賣超股數(自行買賣)"":""0"",""自營商買進股數(避險)"":""0"",""自營商賣出股數(避險)"":""0"",""自營商買賣超股數(避險)"":""0"",""三大法人買賣超股數"":""-194,000""}"
2026-09-29,TWSE,2441,超豐            ,781366,1056000,-274634,60000,6000,54000,26001,19104,24897,"{""證券代號"":""2441"",""證券名稱"":""超豐            "",""外陸資買進股數(不含外資自營商)"":""781,366"",""外陸資賣出股數(不含外資自營商)"":""1,056,000"",""外陸資買賣超股數(不含外資自營商)"":""-274,634"",""外資自營商買進股數"":""0"",""外資自營商賣出股數"":""0"",""外資自營商買賣超股數"":""0"",""投信買進股數"":""60,000"",""投信賣出股數"":""6,000"",""投信買賣超股數"":""54,000"",""自營商買賣超股數"":""24,897"",""自營商買進股數(自行買賣)"":""19,000"",""自營商賣出股數(自行買賣)"":""1,000"",""自營商買賣超股數(自行買賣)"":""18,000"",""自營商買進股數(避險)"":""26,001"",""自營商賣出股數(避險)"":""19,104"",""自營商買賣超股數(避險)"":""6,897"",""三大法人買賣超股數"":""-195,737""}"
2026-09-29,TWSE,2505,國揚            ,10357,202000,-191643,0,0,0,0,0,-5000,"{""證券代號"":""2505"",""證券名稱"":""國揚            "",""外陸資買進股數(不含外資自營商)"":""10,357"",""外陸資賣出股數(不含外資自營商)"":""202,000"",""外陸資買賣超股數(不含外資自營商)"":""-191,643"",""外資自營商買進股數"":""0"",""外資自營商賣出股數"":""0"",""外資自營商買賣超股數"":""0"",""投信買進股數"":""0"",""投信賣出股數"":""0"",""投信買賣超股數"":""0"",""自營商買賣超股數"":""-5,000"",""自營商買進股數(自行買賣)"":""0"",""自營商賣出股數(自行買賣)"":""5,000"",""自營商買賣超股數(自行買賣)"":""-5,000"",""自營商買進股數(避險)"":""0"",""自營商賣出股數(避險)"":""0"",""自營商買賣超股數(避險)"":""0"",""三大法人買賣超股數"":""-196,643""}"
2026-09-29,TWSE,00993A,主動安聯台灣    ,244000,274000,-30000,0,0,0,753100,923287,-170187,"{""證券代號"":""00993A"",""證券名稱"":""主動安聯台灣    "",""外陸資買進股數(不含外資自營商)"":""244,000"",""外陸資賣出股數(不含外資自營商)"":""274,000"",""外陸資買賣超股數(不含外資自營商)"":""-30,000"",""外資自營商買進股數"":""0"",""外資自營商賣出股數"":""0"",""外資自營商買賣超股數"":""0"",""投信買進股數"":""0"",""投信賣出股數"":""0"",""投信買賣超股數"":""0"",""自營商買賣超股數"":""-170,187"",""自營商買進股數(自行買賣)"":""0"",""自營商賣出股數(自行買賣)"":""0"",""自營商買賣超股數(自行買賣)"":""0"",""自營商買進股數(避險)"":""753,100"",""自營商賣出股數(避險)"":""923,287"",""自營商買賣超股數(避險)"":""-170,187"",""三大法人買賣超股數"":""-200,187""}"
2026-09-29,TWSE,3380,明泰            ,1346017,1576000,-229983,1000,0,1000,1049,4660,27389,"{""證券代號"":""3380"",""證券名稱"":""明泰            "",""外陸資買進股數(不含外資自營商)"":""1,346,017"",""外陸資賣出股數(不含外資自營商)"":""1,576,000"",""外陸資買賣超股數(不含外資自營商)"":""-229,983"",""外資自營商買進股數"":""0"",""外資自營商賣出股數"":""0"",""外資自營商買賣超股數"":""0"",""投信買進股數"":""1,000"",""投信賣出股數"":""0"",""投信買賣超股數"":""1,000"",""自營商買賣超股數"":""27,389"",""自營商買進股數(自行買賣)"":""52,000"",""自營商賣出股數(自行買賣)"":""21,000"",""自營商買賣超股數(自行買賣)"":""31,000"",""自營商買進股數(避險)"":""1,049"",""自營商賣出股數(避險)"":""4,660"",""自營商買賣超股數(避險)"":""-3,611"",""三大法人買賣超股數"":""-201,594""}"
2026-09-29,TWSE,5534,長虹            ,118063,239067,-121004,0,83000,-83000,0,699,1572,"{""證券代號"":""5534"",""證券名稱"":""長虹            "",""外陸資買進股數(不含外資自營商)"":""118,063"",""外陸資賣出股數(不含外資自營商)"":""239,067"",""外陸資買賣超股數(不含外資自營商)"":""-121,004"",""外資自營商買進股數"":""0"",""外資自營商賣出股數"":""0"",""外資自營商買賣超股數"":""0"",""投信買進股數"":""0"",""投信賣出股數"":""83,000"",""投信買賣超股數"":""-83,000"",""自營商買賣超股數"":""1,572"",""自營商買進股數(自行買賣)"":""5,000"",""自營商賣出股數(自行買賣)"":""2,729"",""自營商買賣超股數(自行買賣)"":""2,271"",""自營商買進股數(避險)"":""0"",""自營商賣出股數(避險)"":""699"",""自營商買賣超股數(避險)"":""-699"",""三大法人買賣超股數"":""-202,432""}"
2026-09-29,TWSE,9136,巨騰-DR         ,38000,244000,-206000,0,0,0,0,0,0,"{""證券代號"":""9136"",""證券名稱"":""巨騰-DR         "",""外陸資買進股數(不含外資自營商)"":""38,000"",""外陸資賣出股數(不含外資自營商)"":""244,000"",""外陸資買賣超股數(不含外資自營商)"":""-206,000"",""外資自營商買進股數"":""0"",""外資自營商賣出股數"":""0"",""外資自營商買賣超股數"":""0"",""投信買進股數"":""0"",""投信賣出股數"":""0"",""投信買賣超股數"":""0"",""自營商買賣超股數"":""0"",""自營商買進股數(自行買賣)"":""0"",""自營商賣出股數(自行買賣)"":""0"",""自營商買賣超股數(自行買賣)"":""0"",""自營商買進股數(避險)"":""0"",""自營商賣出股數(避險)"":""0"",""自營商買賣超股數(避險)"":""0"",""三大法人買賣超股數"":""-206,000""}"
2026-09-29,TWSE,4195,基米-創         ,56000,117000,-61000,0,0,0,7290,6428,-148138,"{""證券代號"":""4195"",""證券名稱"":""基米-創         "",""外陸資買進股數(不含外資自營商)"":""56,000"",""外陸資賣出股數(不含外資自營商)"":""117,000"",""外陸資買賣超股數(不含外資自營商)"":""-61,000"",""外資自營商買進股數"":""0"",""外資自營商賣出股數"":""0"",""外資自營商買賣超股數"":""0"",""投信買進股數"":""0"",""投信賣出股數"":""0"",""投信買賣超股數"":""0"",""自營商買賣超股數"":""-148,138"",""自營商買進股數(自行買賣)"":""1,000"",""自營商賣出股數(自行買賣)"":""150,000"",""自營商買賣超股數(自行買賣)"":""-149,000"",""自營商買進股數(避險)"":""7,290"",""自營商賣出股數(避險)"":""6,428"",""自營商買賣超股數(避險)"":""862"",""三大法人買賣超股數"":""-209,138""}"
2026-09-29,TWSE,00650L,復華香港正2     ,27000,59000,-32000,0,0,0,426159,606772,-180613,"{""證券代號"":""00650L"",""證券名稱"":""復華香港正2     "",""外陸資買進股數(不含外資自營商)"":""27,000"",""外陸資賣出股數(不含外資自營商)"":""59,000"",""外陸資買賣超股數(不含外資自營商)"":""-32,000"",""外資自營商買進股數"":""0"",""外資自營商賣出股數"":""0"",""外資自營商買賣超股數"":""0"",""投信買進股數"":""0"",""投信賣出股數"":""0"",""投信買賣超股數"":""0"",""自營商買賣超股數"":""-180,613"",""自營商買進股數(自行買賣)"":""0"",""自營商賣出股數(自行買賣)"":""0"",""自營商買賣超股數(自行買賣)"":""0"",""自營商買進股數(避險)"":""426,159"",""自營商賣出股數(避險)"":""606,772"",""自營商買賣超股數(避險)"":""-180,613"",""三大法人買賣超股數"":""-212,613""}"
2026-09-29,TWSE,4770,上品            ,542211,781557,-239346,0,0,0,32950,15823,26127,"{""證券代號"":""4770"",""證券名稱"":""上品            "",""外陸資買進股數(不含外資自營商)"":""542,211"",""外陸資賣出股數(不含外資自營商)"":""781,557"",""外陸資買賣超股數(不含外資自營商)"":""-239,346"",""外資自營商買進股數"":""0"",""外資自營商賣出股數"":""0"",""外資自營商買賣超股數"":""0"",""投信買進股數"":""0"",""投信賣出股數"":""0"",""投信買賣超股數"":""0"",""自營商買賣超股數"":""26,127"",""自營商買進股數(自行買賣)"":""9,000"",""自營商賣出股數(自行買賣)"":""0"",""自營商買賣超股數(自行買賣)"":""9,000"",""自營商買進股數(避險)"":""32,950"",""自營商賣出股數(避險)"":""15,823"",""自營商買賣超股數(避險)"":""17,127"",""三大法人買賣超股數"":""-213,219""}"
2026-09-29,TWSE,2329,華泰            ,214989,431000,-216011,0,0,0,6550,15715,1835,"{""證券代號"":""2329"",""證券名稱"":""華泰            "",""外陸資買進股數(不含外資自營商)"":""214,989"",""外陸資賣出股數(不含外資自營商)"":""431,000"",""外陸資買賣超股數(不含外資自營商)"":""-216,011"",""外資自營商買進股數"":""0"",""外資自營商賣出股數"":""0"",""外資自營商買賣超股數"":""0"",""投信買進股數"":""0"",""投信賣出股數"":""0"",""投信買賣超股數"":""0"",""自營商買賣超股數"":""1,835"",""自營商買進股數(自行買賣)"":""17,000"",""自營商賣出股數(自行買賣)"":""6,000"",""自營商買賣超股數(自行買賣)"":""11,000"",""自營商買進股數(避險)"":""6,550"",""自營商賣出股數(避險)"":""15,715"",""自營商買賣超股數(避險)"":""-9,165"",""三大法人買賣超股數"":""-214,176""}"
2026-09-29,TWSE,006205,富邦上証        ,1000,6000,-5000,101000,0,101000,52000,362672,-310672,"{""證券代號"":""006205"",""證券名稱"":""富邦上証        "",""外陸資買進股數(不含外資自營商)"":""1,000"",""外陸資賣出股數(不含外資自營商)"":""6,000"",""外陸資買賣超股數(不含外資自營商)"":""-5,000"",""外資自營商買進股數"":""0"",""外資自營商賣出股數"":""0"",""外資自營商買賣超股數"":""0"",""投信買進股數"":""101,000"",""投信賣出股數"":""0"",""投信買賣超股數"":""101,000"",""自營商買賣超股數"":""-310,672"",""自營商買進股數(自行買賣)"":""0"",""自營商賣出股數(自行買賣)"":""0"",""自營商買賣超股數(自行買賣)"":""0"",""自營商買進股數(避險)"":""52,000"",""自營商賣出股數(避險)"":""362,672"",""自營商買賣超股數(避險)"":""-310,672"",""三大法人買賣超股數"":""-214,672""}"
2026-09-29,TWSE,2349,錸德            ,325000,543550,-218550,0,0,0,0,0,3000,"{""證券代號"":""2349"",""證券名稱"":""錸德            "",""外陸資買進股數(不含外資自營商)"":""325,000"",""外陸資賣出股數(不含外資自營商)"":""543,550"",""外陸資買賣超股數(不含外資自營商)"":""-218,550"",""外資自營商買進股數"":""0"",""外資自營商賣出股數"":""0"",""外資自營商買賣超股數"":""0"",""投信買進股數"":""0"",""投信賣出股數"":""0"",""投信買賣超股數"":""0"",""自營商買賣超股數"":""3,000"",""自營商買進股數(自行買賣)"":""3,000"",""自營商賣出股數(自行買賣)"":""0"",""自營商買賣超股數(自行買賣)"":""3,000"",""自營商買進股數(避險)"":""0"",""自營商賣出股數(避險)"":""0"",""自營商買賣超股數(避險)"":""0"",""三大法人買賣超股數"":""-215,550""}"
2026-09-29,TWSE,2428,興勤            ,169402,379000,-209598,0,1000,-1000,3000,8380,-4988,"{""證券代號"":""2428"",""證券名稱"":""興勤            "",""外陸資買進股數(不含外資自營商)"":""169,402"",""外陸資賣出股數(不含外資自營商)"":""379,000"",""外陸資買賣超股數(不含外資自營商)"":""-209,598"",""外資自營商買進股數"":""0"",""外資自營商賣出股數"":""0"",""外資自營商買賣超股數"":""0"",""投信買進股數"":""0"",""投信賣出股數"":""1,000"",""投信買賣超股數"":""-1,000"",""自營商買賣超股數"":""-4,988"",""自營商買進股數(自行買賣)"":""3,000"",""自營商賣出股數(自行買賣)"":""2,608"",""自營商買賣超股數(自行買賣)"":""392"",""自營商買進股數(避險)"":""3,000"",""自營商賣出股數(避險)"":""8,380"",""自營商買賣超股數(避險)"":""-5,380"",""三大法人買賣超股數"":""-215,586""}"
2026-09-29,TWSE,2331,精英            ,155000,378000,-223000,0,0,0,0,0,0,"{""證券代號"":""2331"",""證券名稱"":""精英            "",""外陸資買進股數(不含外資自營商)"":""155,000"",""外陸資賣出股數(不含外資自營商)"":""378,000"",""外陸資買賣超股數(不含外資自營商)"":""-223,000"",""外資自營商買進股數"":""0"",""外資自營商賣出股數"":""0"",""外資自營商買賣超股數"":""0"",""投信買進股數"":""0"",""投信賣出股數"":""0"",""投信買賣超股數"":""0"",""自營商買賣超股數"":""0"",""自營商買進股數(自行買賣)"":""0"",""自營商賣出股數(自行買賣)"":""0"",""自營商買賣超股數(自行買賣)"":""0"",""自營商買進股數(避險)"":""0"",""自營商賣出股數(避險)"":""0"",""自營商買賣超股數(避險)"":""0"",""三大法人買賣超股數"":""-223,000""}"
2026-09-29,TWSE,6449,鈺邦            ,107000,329264,-222264,0,0,0,16050,17551,-1501,"{""證券代號"":""6449"",""證券名稱"":""鈺邦            "",""外陸資買進股數(不含外資自營商)"":""107,000"",""外陸資賣出股數(不含外資自營商)"":""329,264"",""外陸資買賣超股數(不含外資自營商)"":""-222,264"",""外資自營商買進股數"":""0"",""外資自營商賣出股數"":""0"",""外資自營商買賣超股數"":""0"",""投信買進股數"":""0"",""投信賣出股數"":""0"",""投信買賣超股數"":""0"",""自營商買賣超股數"":""-1,501"",""自營商買進股數(自行買賣)"":""0"",""自營商賣出股數(自行買賣)"":""0"",""自營商買賣超股數(自行買賣)"":""0"",""自營商買進股數(避險)"":""16,050"",""自營商賣出股數(避險)"":""17,551"",""自營商買賣超股數(避險)"":""-1,501"",""三大法人買賣超股數"":""-223,765""}"
2026-09-29,TWSE,1723,中碳            ,70395,294046,-223651,0,0,0,176,370,-4194,"{""證券代號"":""1723"",""證券名稱"":""中碳            "",""外陸資買進股數(不含外資自營商)"":""70,395"",""外陸資賣出股數(不含外資自營商)"":""294,046"",""外陸資買賣超股數(不含外資自營商)"":""-223,651"",""外資自營商買進股數"":""0"",""外資自營商賣出股數"":""0"",""外資自營商買賣超股數"":""0"",""投信買進股數"":""0"",""投信賣出股數"":""0"",""投信買賣超股數"":""0"",""自營商買賣超股數"":""-4,194"",""自營商買進股數(自行買賣)"":""0"",""自營商賣出股數(自行買賣)"":""4,000"",""自營商買賣超股數(自行買賣)"":""-4,000"",""自營商買進股數(避險)"":""176"",""自營商賣出股數(避險)"":""370"",""自營商買賣超股數(避險)"":""-194"",""三大法人買賣超股數"":""-227,845""}"
2026-09-29,TWSE,6214,精誠            ,471490,694535,-223045,10000,0,10000,0,19383,-19383,"{""證券代號"":""6214"",""證券名稱"":""精誠            "",""外陸資買進股數(不含外資自營商)"":""471,490"",""外陸資賣出股數(不含外資自營商)"":""694,535"",""外陸資買賣超股數(不含外資自營商)"":""-223,045"",""外資自營商買進股數"":""0"",""外資自營商賣出股數"":""0"",""外資自營商買賣超股數"":""0"",""投信買進股數"":""10,000"",""投信賣出股數"":""0"",""投信買賣超股數"":""10,000"",""自營商買賣超股數"":""-19,383"",""自營商買進股數(自行買賣)"":""0"",""自營商賣出股數(自行買賣)"":""0"",""自營商買賣超股數(自行買賣)"":""0"",""自營商買進股數(避險)"":""0"",""自營商賣出股數(避險)"":""19,383"",""自營商買賣超股數(避險)"":""-19,383"",""三大法人買賣超股數"":""-232,428""}"
2026-09-29,TWSE,009817,國泰日本不動產  ,0,0,0,0,0,0,77000,310423,-233423,"{""證券代號"":""009817"",""證券名稱"":""國泰日本不動產  "",""外陸資買進股數(不含外資自營商)"":""0"",""外陸資賣出股數(不含外資自營商)"":""0"",""外陸資買賣超股數(不含外資自營商)"":""0"",""外資自營商買進股數"":""0"",""外資自營商賣出股數"":""0"",""外資自營商買賣超股數"":""0"",""投信買進股數"":""0"",""投信賣出股數"":""0"",""投信買賣超股數"":""0"",""自營商買賣超股數"":""-233,423"",""自營商買進股數(自行買賣)"":""0"",""自營商賣出股數(自行買賣)"":""0"",""自營商買賣超股數(自行買賣)"":""0"",""自營商買進股數(避險)"":""77,000"",""自營商賣出股數(避險)"":""310,423"",""自營商買賣超股數(避險)"":""-233,423"",""三大法人買賣超股數"":""-233,423""}"
2026-09-29,TWSE,2458,義隆            ,476406,703000,-226594,10000,7000,3000,4000,28821,-10821,"{""證券代號"":""2458"",""證券名稱"":""義隆            "",""外陸資買進股數(不含外資自營商)"":""476,406"",""外陸資賣出股數(不含外資自營商)"":""703,000"",""外陸資買賣超股數(不含外資自營商)"":""-226,594"",""外資自營商買進股數"":""0"",""外資自營商賣出股數"":""0"",""外資自營商買賣超股數"":""0"",""投信買進股數"":""10,000"",""投信賣出股數"":""7,000"",""投信買賣超股數"":""3,000"",""自營商買賣超股數"":""-10,821"",""自營商買進股數(自行買賣)"":""34,000"",""自營商賣出股數(自行買賣)"":""20,000"",""自營商買賣超股數(自行買賣)"":""14,000"",""自營商買進股數(避險)"":""4,000"",""自營商賣出股數(避險)"":""28,821"",""自營商買賣超股數(避險)"":""-24,821"",""三大法人買賣超股數"":""-234,415""}"
2026-09-29,TWSE,2506,太設            ,6000,242000,-236000,0,0,0,0,0,0,"{""證券代號"":""2506"",""證券名稱"":""太設            "",""外陸資買進股數(不含外資自營商)"":""6,000"",""外陸資賣出股數(不含外資自營商)"":""242,000"",""外陸資買賣超股數(不含外資自營商)"":""-236,000"",""外資自營商買進股數"":""0"",""外資自營商賣出股數"":""0"",""外資自營商買賣超股數"":""0"",""投信買進股數"":""0"",""投信賣出股數"":""0"",""投信買賣超股數"":""0"",""自營商買賣超股數"":""0"",""自營商買進股數(自行買賣)"":""0"",""自營商賣出股數(自行買賣)"":""0"",""自營商買賣超股數(自行買賣)"":""0"",""自營商買進股數(避險)"":""0"",""自營商賣出股數(避險)"":""0"",""自營商買賣超股數(避險)"":""0"",""三大法人買賣超股數"":""-236,000""}"
2026-09-29,TWSE,1309,台達化          ,412421,630646,-218225,0,0,0,3008,5851,-17843,"{""證券代號"":""1309"",""證券名稱"":""台達化          "",""外陸資買進股數(不含外資自營商)"":""412,421"",""外陸資賣出股數(不含外資自營商)"":""630,646"",""外陸資買賣超股數(不含外資自營商)"":""-218,225"",""外資自營商買進股數"":""0"",""外資自營商賣出股數"":""0"",""外資自營商買賣超股數"":""0"",""投信買進股數"":""0"",""投信賣出股數"":""0"",""投信買賣超股數"":""0"",""自營商買賣超股數"":""-17,843"",""自營商買進股數(自行買賣)"":""5,000"",""自營商賣出股數(自行買賣)"":""20,000"",""自營商買賣超股數(自行買賣)"":""-15,000"",""自營商買進股數(避險)"":""3,008"",""自營商賣出股數(避險)"":""5,851"",""自營商買賣超股數(避險)"":""-2,843"",""三大法人買賣超股數"":""-236,068""}"
2026-09-29,TWSE,3024,憶聲            ,127291,368000,-240709,0,0,0,0,0,1000,"{""證券代號"":""3024"",""證券名稱"":""憶聲            "",""外陸資買進股數(不含外資自營商)"":""127,291"",""外陸資賣出股數(不含外資自營商)"":""368,000"",""外陸資買賣超股數(不含外資自營商)"":""-240,709"",""外資自營商買進股數"":""0"",""外資自營商賣出股數"":""0"",""外資自營商買賣超股數"":""0"",""投信買進股數"":""0"",""投信賣出股數"":""0"",""投信買賣超股數"":""0"",""自營商買賣超股數"":""1,000"",""自營商買進股數(自行買賣)"":""1,000"",""自營商賣出股數(自行買賣)"":""0"",""自營商買賣超股數(自行買賣)"":""1,000"",""自營商買進股數(避險)"":""0"",""自營商賣出股數(避險)"":""0"",""自營商買賣超股數(避險)"":""0"",""三大法人買賣超股數"":""-239,709""}"
2026-09-29,TWSE,4938,和碩            ,7661672,8296216,-634544,10000,106000,-96000,461097,80084,488170,"{""證券代號"":""4938"",""證券名稱"":""和碩            "",""外陸資買進股數(不含外資自營商)"":""7,661,672"",""外陸資賣出股數(不含外資自營商)"":""8,296,216"",""外陸資買賣超股數(不含外資自營商)"":""-634,544"",""外資自營商買進股數"":""0"",""外資自營商賣出股數"":""0"",""外資自營商買賣超股數"":""0"",""投信買進股數"":""10,000"",""投信賣出股數"":""106,000"",""投信買賣超股數"":""-96,000"",""自營商買賣超股數"":""488,170"",""自營商買進股數(自行買賣)"":""113,000"",""自營商賣出股數(自行買賣)"":""5,843"",""自營商買賣超股數(自行買賣)"":""107,157"",""自營商買進股數(避險)"":""461,097"",""自營商賣出股數(避險)"":""80,084"",""自營商買賣超股數(避險)"":""381,013"",""三大法人買賣超股數"":""-242,374""}"
2026-09-29,TWSE,2211,長榮鋼          ,173275,438000,-264725,5000,0,5000,4000,0,14846,"{""證券代號"":""2211"",""證券名稱"":""長榮鋼          "",""外陸資買進股數(不含外資自營商)"":""173,275"",""外陸資賣出股數(不含外資自營商)"":""438,000"",""外陸資買賣超股數(不含外資自營商)"":""-264,725"",""外資自營商買進股數"":""0"",""外資自營商賣出股數"":""0"",""外資自營商買賣超股數"":""0"",""投信買進股數"":""5,000"",""投信賣出股數"":""0"",""投信買賣超股數"":""5,000"",""自營商買賣超股數"":""14,846"",""自營商買進股數(自行買賣)"":""20,000"",""自營商賣出股數(自行買賣)"":""9,154"",""自營商買賣超股數(自行買賣)"":""10,846"",""自營商買進股數(避險)"":""4,000"",""自營商賣出股數(避險)"":""0"",""自營商買賣超股數(避險)"":""4,000"",""三大法人買賣超股數"":""-244,879""}"
2026-09-29,TWSE,1707,葡萄王          ,37000,284746,-247746,2000,0,2000,5000,4460,540,"{""證券代號"":""1707"",""證券名稱"":""葡萄王          "",""外陸資買進股數(不含外資自營商)"":""37,000"",""外陸資賣出股數(不含外資自營商)"":""284,746"",""外陸資買賣超股數(不含外資自營商)"":""-247,746"",""外資自營商買進股數"":""0"",""外資自營商賣出股數"":""0"",""外資自營商買賣超股數"":""0"",""投信買進股數"":""2,000"",""投信賣出股數"":""0"",""投信買賣超股數"":""2,000"",""自營商買賣超股數"":""540"",""自營商買進股數(自行買賣)"":""0"",""自營商賣出股數(自行買賣)"":""0"",""自營商買賣超股數(自行買賣)"":""0"",""自營商買進股數(避險)"":""5,000"",""自營商賣出股數(避險)"":""4,460"",""自營商買賣超股數(避險)"":""540"",""三大法人買賣超股數"":""-245,206""}"
2026-09-29,TWSE,6442,光聖            ,143370,385020,-241650,0,0,0,15028,22722,-7784,"{""證券代號"":""6442"",""證券名稱"":""光聖            "",""外陸資買進股數(不含外資自營商)"":""143,370"",""外陸資賣出股數(不含外資自營商)"":""385,020"",""外陸資買賣超股數(不含外資自營商)"":""-241,650"",""外資自營商買進股數"":""0"",""外資自營商賣出股數"":""0"",""外資自營商買賣超股數"":""0"",""投信買進股數"":""0"",""投信賣出股數"":""0"",""投信買賣超股數"":""0"",""自營商買賣超股數"":""-7,784"",""自營商買進股數(自行買賣)"":""43,547"",""自營商賣出股數(自行買賣)"":""43,637"",""自營商買賣超股數(自行買賣)"":""-90"",""自營商買進股數(避險)"":""15,028"",""自營商賣出股數(避險)"":""22,722"",""自營商買賣超股數(避險)"":""-7,694"",""三大法人買賣超股數"":""-249,434""}"
2026-09-29,TWSE,9914,美利達          ,1052000,1074000,-22000,0,236000,-236000,6010,5590,4420,"{""證券代號"":""9914"",""證券名稱"":""美利達          "",""外陸資買進股數(不含外資自營商)"":""1,052,000"",""外陸資賣出股數(不含外資自營商)"":""1,074,000"",""外陸資買賣超股數(不含外資自營商)"":""-22,000"",""外資自營商買進股數"":""0"",""外資自營商賣出股數"":""0"",""外資自營商買賣超股數"":""0"",""投信買進股數"":""0"",""投信賣出股數"":""236,000"",""投信買賣超股數"":""-236,000"",""自營商買賣超股數"":""4,420"",""自營商買進股數(自行買賣)"":""11,000"",""自營商賣出股數(自行買賣)"":""7,000"",""自營商買賣超股數(自行買賣)"":""4,000"",""自營商買進股數(避險)"":""6,010"",""自營商賣出股數(避險)"":""5,590"",""自營商買賣超股數(避險)"":""420"",""三大法人買賣超股數"":""-253,580""}"
2026-09-29,TWSE,1907,永豐餘          ,444564,688140,-243576,3000,0,3000,0,13000,-19000,"{""證券代號"":""1907"",""證券名稱"":""永豐餘          "",""外陸資買進股數(不含外資自營商)"":""444,564"",""外陸資賣出股數(不含外資自營商)"":""688,140"",""外陸資買賣超股數(不含外資自營商)"":""-243,576"",""外資自營商買進股數"":""0"",""外資自營商賣出股數"":""0"",""外資自營商買賣超股數"":""0"",""投信買進股數"":""3,000"",""投信賣出股數"":""0"",""投信買賣超股數"":""3,000"",""自營商買賣超股數"":""-19,000"",""自營商買進股數(自行買賣)"":""0"",""自營商賣出股數(自行買賣)"":""6,000"",""自營商買賣超股數(自行買賣)"":""-6,000"",""自營商買進股數(避險)"":""0"",""自營商賣出股數(避險)"":""13,000"",""自營商買賣超股數(避險)"":""-13,000"",""三大法人買賣超股數"":""-259,576""}"
2026-09-29,TWSE,2362,藍天            ,112226,381000,-268774,0,0,0,0,198,1802,"{""證券代號"":""2362"",""證券名稱"":""藍天            "",""外陸資買進股數(不含外資自營商)"":""112,226"",""外陸資賣出股數(不含外資自營商)"":""381,000"",""外陸資買賣超股數(不含外資自營商)"":""-268,774"",""外資自營商買進股數"":""0"",""外資自營商賣出股數"":""0"",""外資自營商買賣超股數"":""0"",""投信買進股數"":""0"",""投信賣出股數"":""0"",""投信買賣超股數"":""0"",""自營商買賣超股數"":""1,802"",""自營商買進股數(自行買賣)"":""6,000"",""自營商賣出股數(自行買賣)"":""4,000"",""自營商買賣超股數(自行買賣)"":""2,000"",""自營商買進股數(避險)"":""0"",""自營商賣出股數(避險)"":""198"",""自營商買賣超股數(避險)"":""-198"",""三大法人買賣超股數"":""-266,972""}"
2026-09-29,TWSE,1442,名軒            ,235300,218000,17300,0,0,0,0,0,-284602,"{""證券代號"":""1442"",""證券名稱"":""名軒            "",""外陸資買進股數(不含外資自營商)"":""235,300"",""外陸資賣出股數(不含外資自營商)"":""218,000"",""外陸資買賣超股數(不含外資自營商)"":""17,300"",""外資自營商買進股數"":""0"",""外資自營商賣出股數"":""0"",""外資自營商買賣超股數"":""0"",""投信買進股數"":""0"",""投信賣出股數"":""0"",""投信買賣超股數"":""0"",""自營商買賣超股數"":""-284,602"",""自營商買進股數(自行買賣)"":""1,000"",""自營商賣出股數(自行買賣)"":""285,602"",""自營商買賣超股數(自行買賣)"":""-284,602"",""自營商買進股數(避險)"":""0"",""自營商賣出股數(避險)"":""0"",""自營商買賣超股數(避險)"":""0"",""三大法人買賣超股數"":""-267,302""}"
2026-09-29,TWSE,6669,緯穎            ,659516,829332,-169816,0,91000,-91000,82130,90659,-8429,"{""證券代號"":""6669"",""證券名稱"":""緯穎            "",""外陸資買進股數(不含外資自營商)"":""659,516"",""外陸資賣出股數(不含外資自營商)"":""829,332"",""外陸資買賣超股數(不含外資自營商)"":""-169,816"",""外資自營商買進股數"":""0"",""外資自營商賣出股數"":""0"",""外資自營商買賣超股數"":""0"",""投信買進股數"":""0"",""投信賣出股數"":""91,000"",""投信買賣超股數"":""-91,000"",""自營商買賣超股數"":""-8,429"",""自營商買進股數(自行買賣)"":""22,580"",""自營商賣出股數(自行買賣)"":""22,480"",""自營商買賣超股數(自行買賣)"":""100"",""自營商買進股數(避險)"":""82,130"",""自營商賣出股數(避險)"":""90,659"",""自營商買賣超股數(避險)"":""-8,529"",""三大法人買賣超股數"":""-269,245""}"
2026-09-29,TWSE,2520,冠德            ,283456,538000,-254544,0,0,0,60292,60000,-21857,"{""證券代號"":""2520"",""證券名稱"":""冠德            "",""外陸資買進股數(不含外資自營商)"":""283,456"",""外陸資賣出股數(不含外資自營商)"":""538,000"",""外陸資買賣超股數(不含外資自營商)"":""-254,544"",""外資自營商買進股數"":""0"",""外資自營商賣出股數"":""0"",""外資自營商買賣超股數"":""0"",""投信買進股數"":""0"",""投信賣出股數"":""0"",""投信買賣超股數"":""0"",""自營商買賣超股數"":""-21,857"",""自營商買進股數(自行買賣)"":""0"",""自營商賣出股數(自行買賣)"":""22,149"",""自營商買賣超股數(自行買賣)"":""-22,149"",""自營商買進股數(避險)"":""60,292"",""自營商賣出股數(避險)"":""60,000"",""自營商買賣超股數(避險)"":""292"",""三大法人買賣超股數"":""-276,401""}"
2026-09-29,TWSE,2069,運錩            ,535287,811730,-276443,0,0,0,0,0,-2000,"{""證券代號"":""2069"",""證券名稱"":""運錩            "",""外陸資買進股數(不含外資自營商)"":""535,287"",""外陸資賣出股數(不含外資自營商)"":""811,730"",""外陸資買賣超股數(不含外資自營商)"":""-276,443"",""外資自營商買進股數"":""0"",""外資自營商賣出股數"":""0"",""外資自營商買賣超股數"":""0"",""投信買進股數"":""0"",""投信賣出股數"":""0"",""投信買賣超股數"":""0"",""自營商買賣超股數"":""-2,000"",""自營商買進股數(自行買賣)"":""0"",""自營商賣出股數(自行買賣)"":""2,000"",""自營商買賣超股數(自行買賣)"":""-2,000"",""自營商買進股數(避險)"":""0"",""自營商賣出股數(避險)"":""0"",""自營商買賣超股數(避險)"":""0"",""三大法人買賣超股數"":""-278,443""}"
2026-09-29,TWSE,1808,潤隆            ,39000,336000,-297000,0,0,0,0,0,16000,"{""證券代號"":""1808"",""證券名稱"":""潤隆            "",""外陸資買進股數(不含外資自營商)"":""39,000"",""外陸資賣出股數(不含外資自營商)"":""336,000"",""外陸資買賣超股數(不含外資自營商)"":""-297,000"",""外資自營商買進股數"":""0"",""外資自營商賣出股數"":""0"",""外資自營商買賣超股數"":""0"",""投信買進股數"":""0"",""投信賣出股數"":""0"",""投信買賣超股數"":""0"",""自營商買賣超股數"":""16,000"",""自營商買進股數(自行買賣)"":""16,000"",""自營商賣出股數(自行買賣)"":""0"",""自營商買賣超股數(自行買賣)"":""16,000"",""自營商買進股數(避險)"":""0"",""自營商賣出股數(避險)"":""0"",""自營商買賣超股數(避險)"":""0"",""三大法人買賣超股數"":""-281,000""}"
2026-09-29,TWSE,00641R,富邦日本反1     ,0,0,0,0,0,0,49000,332000,-283000,"{""證券代號"":""00641R"",""證券名稱"":""富邦日本反1     "",""外陸資買進股數(不含外資自營商)"":""0"",""外陸資賣出股數(不含外資自營商)"":""0"",""外陸資買賣超股數(不含外資自營商)"":""0"",""外資自營商買進股數"":""0"",""外資自營商賣出股數"":""0"",""外資自營商買賣超股數"":""0"",""投信買進股數"":""0"",""投信賣出股數"":""0"",""投信買賣超股數"":""0"",""自營商買賣超股數"":""-283,000"",""自營商買進股數(自行買賣)"":""0"",""自營商賣出股數(自行買賣)"":""0"",""自營商買賣超股數(自行買賣)"":""0"",""自營商買進股數(避險)"":""49,000"",""自營商賣出股數(避險)"":""332,000"",""自營商買賣超股數(避險)"":""-283,000"",""三大法人買賣超股數"":""-283,000""}"
2026-09-29,TWSE,3048,益登            ,230000,527000,-297000,0,0,0,0,0,5683,"{""證券代號"":""3048"",""證券名稱"":""益登            "",""外陸資買進股數(不含外資自營商)"":""230,000"",""外陸資賣出股數(不含外資自營商)"":""527,000"",""外陸資買賣超股數(不含外資自營商)"":""-297,000"",""外資自營商買進股數"":""0"",""外資自營商賣出股數"":""0"",""外資自營商買賣超股數"":""0"",""投信買進股數"":""0"",""投信賣出股數"":""0"",""投信買賣超股數"":""0"",""自營商買賣超股數"":""5,683"",""自營商買進股數(自行買賣)"":""8,000"",""自營商賣出股數(自行買賣)"":""2,317"",""自營商買賣超股數(自行買賣)"":""5,683"",""自營商買進股數(避險)"":""0"",""自營商賣出股數(避險)"":""0"",""自營商買賣超股數(避險)"":""0"",""三大法人買賣超股數"":""-291,317""}"
2026-09-29,TWSE,2014,中鴻            ,1539253,1840150,-300897,0,0,0,0,0,0,"{""證券代號"":""2014"",""證券名稱"":""中鴻            "",""外陸資買進股數(不含外資自營商)"":""1,539,253"",""外陸資賣出股數(不含外資自營商)"":""1,840,150"",""外陸資買賣超股數(不含外資自營商)"":""-300,897"",""外資自營商買進股數"":""0"",""外資自營商賣出股數"":""0"",""外資自營商買賣超股數"":""0"",""投信買進股數"":""0"",""投信賣出股數"":""0"",""投信買賣超股數"":""0"",""自營商買賣超股數"":""0"",""自營商買進股數(自行買賣)"":""0"",""自營商賣出股數(自行買賣)"":""0"",""自營商買賣超股數(自行買賣)"":""0"",""自營商買進股數(避險)"":""0"",""自營商賣出股數(避險)"":""0"",""自營商買賣超股數(避險)"":""0"",""三大法人買賣超股數"":""-300,897""}"
2026-09-29,TWSE,00715L,期街口布蘭特正2 ,234000,531000,-297000,0,0,0,1632226,1636762,-4536,"{""證券代號"":""00715L"",""證券名稱"":""期街口布蘭特正2 "",""外陸資買進股數(不含外資自營商)"":""234,000"",""外陸資賣出股數(不含外資自營商)"":""531,000"",""外陸資買賣超股數(不含外資自營商)"":""-297,000"",""外資自營商買進股數"":""0"",""外資自營商賣出股數"":""0"",""外資自營商買賣超股數"":""0"",""投信買進股數"":""0"",""投信賣出股數"":""0"",""投信買賣超股數"":""0"",""自營商買賣超股數"":""-4,536"",""自營商買進股數(自行買賣)"":""0"",""自營商賣出股數(自行買賣)"":""0"",""自營商買賣超股數(自行買賣)"":""0"",""自營商買進股數(避險)"":""1,632,226"",""自營商賣出股數(避險)"":""1,636,762"",""自營商買賣超股數(避險)"":""-4,536"",""三大法人買賣超股數"":""-301,536""}"
2026-09-29,TWSE,1727,中華化          ,8632102,8885643,-253541,0,0,0,372972,147574,-48602,"{""證券代號"":""1727"",""證券名稱"":""中華化          "",""外陸資買進股數(不含外資自營商)"":""8,632,102"",""外陸資賣出股數(不含外資自營商)"":""8,885,643"",""外陸資買賣超股數(不含外資自營商)"":""-253,541"",""外資自營商買進股數"":""0"",""外資自營商賣出股數"":""0"",""外資自營商買賣超股數"":""0"",""投信買進股數"":""0"",""投信賣出股數"":""0"",""投信買賣超股數"":""0"",""自營商買賣超股數"":""-48,602"",""自營商買進股數(自行買賣)"":""70,000"",""自營商賣出股數(自行買賣)"":""344,000"",""自營商買賣超股數(自行買賣)"":""-274,000"",""自營商買進股數(避險)"":""372,972"",""自營商賣出股數(避險)"":""147,574"",""自營商買賣超股數(避險)"":""225,398"",""三大法人買賣超股數"":""-302,143""}"
2026-09-29,TWSE,1104,環泥            ,34070,337375,-303305,1000,0,1000,0,0,0,"{""證券代號"":""1104"",""證券名稱"":""環泥            "",""外陸資買進股數(不含外資自營商)"":""34,070"",""外陸資賣出股數(不含外資自營商)"":""337,375"",""外陸資買賣超股數(不含外資自營商)"":""-303,305"",""外資自營商買進股數"":""0"",""外資自營商賣出股數"":""0"",""外資自營商買賣超股數"":""0"",""投信買進股數"":""1,000"",""投信賣出股數"":""0"",""投信買賣超股數"":""1,000"",""自營商買賣超股數"":""0"",""自營商買進股數(自行買賣)"":""0"",""自營商賣出股數(自行買賣)"":""0"",""自營商買賣超股數(自行買賣)"":""0"",""自營商買進股數(避險)"":""0"",""自營商賣出股數(避險)"":""0"",""自營商買賣超股數(避險)"":""0"",""三大法人買賣超股數"":""-302,305""}"
2026-09-29,TWSE,1503,士電            ,216916,501587,-284671,1000,2000,-1000,22000,23074,-22074,"{""證券代號"":""1503"",""證券名稱"":""士電            "",""外陸資買進股數(不含外資自營商)"":""216,916"",""外陸資賣出股數(不含外資自營商)"":""501,587"",""外陸資買賣超股數(不含外資自營商)"":""-284,671"",""外資自營商買進股數"":""0"",""外資自營商賣出股數"":""0"",""外資自營商買賣超股數"":""0"",""投信買進股數"":""1,000"",""投信賣出股數"":""2,000"",""投信買賣超股數"":""-1,000"",""自營商買賣超股數"":""-22,074"",""自營商買進股數(自行買賣)"":""10,000"",""自營商賣出股數(自行買賣)"":""31,000"",""自營商買賣超股數(自行買賣)"":""-21,000"",""自營商買進股數(避險)"":""22,000"",""自營商賣出股數(避險)"":""23,074"",""自營商買賣超股數(避險)"":""-1,074"",""三大法人買賣超股數"":""-307,745""}"
2026-09-29,TWSE,6558,興能高          ,171130,479000,-307870,0,0,0,0,0,0,"{""證券代號"":""6558"",""證券名稱"":""興能高          "",""外陸資買進股數(不含外資自營商)"":""171,130"",""外陸資賣出股數(不含外資自營商)"":""479,000"",""外陸資買賣超股數(不含外資自營商)"":""-307,870"",""外資自營商買進股數"":""0"",""外資自營商賣出股數"":""0"",""外資自營商買賣超股數"":""0"",""投信買進股數"":""0"",""投信賣出股數"":""0"",""投信買賣超股數"":""0"",""自營商買賣超股數"":""0"",""自營商買進股數(自行買賣)"":""0"",""自營商賣出股數(自行買賣)"":""0"",""自營商買賣超股數(自行買賣)"":""0"",""自營商買進股數(避險)"":""0"",""自營商賣出股數(避險)"":""0"",""自營商買賣超股數(避險)"":""0"",""三大法人買賣超股數"":""-307,870""}"
2026-09-29,TWSE,2006,東和鋼鐵        ,981096,1287521,-306425,4000,4000,0,5001,3346,-2345,"{""證券代號"":""2006"",""證券名稱"":""東和鋼鐵        "",""外陸資買進股數(不含外資自營商)"":""981,096"",""外陸資賣出股數(不含外資自營商)"":""1,287,521"",""外陸資買賣超股數(不含外資自營商)"":""-306,425"",""外資自營商買進股數"":""0"",""外資自營商賣出股數"":""0"",""外資自營商買賣超股數"":""0"",""投信買進股數"":""4,000"",""投信賣出股數"":""4,000"",""投信買賣超股數"":""0"",""自營商買賣超股數"":""-2,345"",""自營商買進股數(自行買賣)"":""1,000"",""自營商賣出股數(自行買賣)"":""5,000"",""自營商買賣超股數(自行買賣)"":""-4,000"",""自營商買進股數(避險)"":""5,001"",""自營商賣出股數(避險)"":""3,346"",""自營商買賣超股數(避險)"":""1,655"",""三大法人買賣超股數"":""-308,770""}"
2026-09-29,TWSE,2201,裕隆            ,867086,1194000,-326914,0,0,0,3000,4914,15086,"{""證券代號"":""2201"",""證券名稱"":""裕隆            "",""外陸資買進股數(不含外資自營商)"":""867,086"",""外陸資賣出股數(不含外資自營商)"":""1,194,000"",""外陸資買賣超股數(不含外資自營商)"":""-326,914"",""外資自營商買進股數"":""0"",""外資自營商賣出股數"":""0"",""外資自營商買賣超股數"":""0"",""投信買進股數"":""0"",""投信賣出股數"":""0"",""投信買賣超股數"":""0"",""自營商買賣超股數"":""15,086"",""自營商買進股數(自行買賣)"":""17,000"",""自營商賣出股數(自行買賣)"":""0"",""自營商買賣超股數(自行買賣)"":""17,000"",""自營商買進股數(避險)"":""3,000"",""自營商賣出股數(避險)"":""4,914"",""自營商買賣超股數(避險)"":""-1,914"",""三大法人買賣超股數"":""-311,828""}"
2026-09-29,TWSE,2421,建準            ,719910,929025,-209115,31000,36000,-5000,0,91759,-98819,"{""證券代號"":""2421"",""證券名稱"":""建準            "",""外陸資買進股數(不含外資自營商)"":""719,910"",""外陸資賣出股數(不含外資自營商)"":""929,025"",""外陸資買賣超股數(不含外資自營商)"":""-209,115"",""外資自營商買進股數"":""0"",""外資自營商賣出股數"":""0"",""外資自營商買賣超股數"":""0"",""投信買進股數"":""31,000"",""投信賣出股數"":""36,000"",""投信買賣超股數"":""-5,000"",""自營商買賣超股數"":""-98,819"",""自營商買進股數(自行買賣)"":""0"",""自營商賣出股數(自行買賣)"":""7,060"",""自營商買賣超股數(自行買賣)"":""-7,060"",""自營商買進股數(避險)"":""0"",""自營商賣出股數(避險)"":""91,759"",""自營商買賣超股數(避險)"":""-91,759"",""三大法人買賣超股數"":""-312,934""}"
2026-09-29,TWSE,8926,台汽電          ,345135,667000,-321865,1000,0,1000,11000,4122,6954,"{""證券代號"":""8926"",""證券名稱"":""台汽電          "",""外陸資買進股數(不含外資自營商)"":""345,135"",""外陸資賣出股數(不含外資自營商)"":""667,000"",""外陸資買賣超股數(不含外資自營商)"":""-321,865"",""外資自營商買進股數"":""0"",""外資自營商賣出股數"":""0"",""外資自營商買賣超股數"":""0"",""投信買進股數"":""1,000"",""投信賣出股數"":""0"",""投信買賣超股數"":""1,000"",""自營商買賣超股數"":""6,954"",""自營商買進股數(自行買賣)"":""1,000"",""自營商賣出股數(自行買賣)"":""924"",""自營商買賣超股數(自行買賣)"":""76"",""自營商買進股數(避險)"":""11,000"",""自營商賣出股數(避險)"":""4,122"",""自營商買賣超股數(避險)"":""6,878"",""三大法人買賣超股數"":""-313,911""}"
2026-09-29,TWSE,6834,天二科技        ,578549,908000,-329451,0,0,0,52109,40829,14280,"{""證券代號"":""6834"",""證券名稱"":""天二科技        "",""外陸資買進股數(不含外資自營商)"":""578,549"",""外陸資賣出股數(不含外資自營商)"":""908,000"",""外陸資買賣超股數(不含外資自營商)"":""-329,451"",""外資自營商買進股數"":""0"",""外資自營商賣出股數"":""0"",""外資自營商買賣超股數"":""0"",""投信買進股數"":""0"",""投信賣出股數"":""0"",""投信買賣超股數"":""0"",""自營商買賣超股數"":""14,280"",""自營商買進股數(自行買賣)"":""3,000"",""自營商賣出股數(自行買賣)"":""0"",""自營商買賣超股數(自行買賣)"":""3,000"",""自營商買進股數(避險)"":""52,109"",""自營商賣出股數(避險)"":""40,829"",""自營商買賣超股數(避險)"":""11,280"",""三大法人買賣超股數"":""-315,171""}"
2026-09-29,TWSE,2472,立隆電          ,387809,689968,-302159,0,0,0,26000,45791,-19791,"{""證券代號"":""2472"",""證券名稱"":""立隆電          "",""外陸資買進股數(不含外資自營商)"":""387,809"",""外陸資賣出股數(不含外資自營商)"":""689,968"",""外陸資買賣超股數(不含外資自營商)"":""-302,159"",""外資自營商買進股數"":""0"",""外資自營商賣出股數"":""0"",""外資自營商買賣超股數"":""0"",""投信買進股數"":""0"",""投信賣出股數"":""0"",""投信買賣超股數"":""0"",""自營商買賣超股數"":""-19,791"",""自營商買進股數(自行買賣)"":""0"",""自營商賣出股數(自行買賣)"":""0"",""自營商買賣超股數(自行買賣)"":""0"",""自營商買進股數(避險)"":""26,000"",""自營商賣出股數(避險)"":""45,791"",""自營商買賣超股數(避險)"":""-19,791"",""三大法人買賣超股數"":""-321,950""}"
2026-09-29,TWSE,00995A,主動中信台灣卓越,627000,491000,136000,0,0,0,986236,1445219,-458983,"{""證券代號"":""00995A"",""證券名稱"":""主動中信台灣卓越"",""外陸資買進股數(不含外資自營商)"":""627,000"",""外陸資賣出股數(不含外資自營商)"":""491,000"",""外陸資買賣超股數(不含外資自營商)"":""136,000"",""外資自營商買進股數"":""0"",""外資自營商賣出股數"":""0"",""外資自營商買賣超股數"":""0"",""投信買進股數"":""0"",""投信賣出股數"":""0"",""投信買賣超股數"":""0"",""自營商買賣超股數"":""-458,983"",""自營商買進股數(自行買賣)"":""0"",""自營商賣出股數(自行買賣)"":""0"",""自營商買賣超股數(自行買賣)"":""0"",""自營商買進股數(避險)"":""986,236"",""自營商賣出股數(避險)"":""1,445,219"",""自營商買賣超股數(避險)"":""-458,983"",""三大法人買賣超股數"":""-322,983""}"
2026-09-29,TWSE,2371,大同            ,2154364,2740000,-585636,0,0,0,252931,13000,261931,"{""證券代號"":""2371"",""證券名稱"":""大同            "",""外陸資買進股數(不含外資自營商)"":""2,154,364"",""外陸資賣出股數(不含外資自營商)"":""2,740,000"",""外陸資買賣超股數(不含外資自營商)"":""-585,636"",""外資自營商買進股數"":""0"",""外資自營商賣出股數"":""0"",""外資自營商買賣超股數"":""0"",""投信買進股數"":""0"",""投信賣出股數"":""0"",""投信買賣超股數"":""0"",""自營商買賣超股數"":""261,931"",""自營商買進股數(自行買賣)"":""90,000"",""自營商賣出股數(自行買賣)"":""68,000"",""自營商買賣超股數(自行買賣)"":""22,000"",""自營商買進股數(避險)"":""252,931"",""自營商賣出股數(避險)"":""13,000"",""自營商買賣超股數(避險)"":""239,931"",""三大法人買賣超股數"":""-323,705""}"
2026-09-29,TWSE,1326,台化            ,10225266,10021465,203801,0,0,0,168813,682697,-529884,"{""證券代號"":""1326"",""證券名稱"":""台化            "",""外陸資買進股數(不含外資自營商)"":""10,225,266"",""外陸資賣出股數(不含外資自營商)"":""10,021,465"",""外陸資買賣超股數(不含外資自營商)"":""203,801"",""外資自營商買進股數"":""0"",""外資自營商賣出股數"":""0"",""外資自營商買賣超股數"":""0"",""投信買進股數"":""0"",""投信賣出股數"":""0"",""投信買賣超股數"":""0"",""自營商買賣超股數"":""-529,884"",""自營商買進股數(自行買賣)"":""287,000"",""自營商賣出股數(自行買賣)"":""303,000"",""自營商買賣超股數(自行買賣)"":""-16,000"",""自營商買進股數(避險)"":""168,813"",""自營商賣出股數(避險)"":""682,697"",""自營商買賣超股數(避險)"":""-513,884"",""三大法人買賣超股數"":""-326,083""}"
2026-09-29,TWSE,3008,大立光          ,605340,883484,-278144,1000,0,1000,110064,125390,-51289,"{""證券代號"":""3008"",""證券名稱"":""大立光          "",""外陸資買進股數(不含外資自營商)"":""605,340"",""外陸資賣出股數(不含外資自營商)"":""883,484"",""外陸資買賣超股數(不含外資自營商)"":""-278,144"",""外資自營商買進股數"":""0"",""外資自營商賣出股數"":""0"",""外資自營商買賣超股數"":""0"",""投信買進股數"":""1,000"",""投信賣出股數"":""0"",""投信買賣超股數"":""1,000"",""自營商買賣超股數"":""-51,289"",""自營商買進股數(自行買賣)"":""27,000"",""自營商賣出股數(自行買賣)"":""62,963"",""自營商買賣超股數(自行買賣)"":""-35,963"",""自營商買進股數(避險)"":""110,064"",""自營商賣出股數(避險)"":""125,390"",""自營商買賣超股數(避險)"":""-15,326"",""三大法人買賣超股數"":""-328,433""}"
2026-09-29,TWSE,2342,茂矽            ,5133276,5612603,-479327,0,0,0,61867,2138,145670,"{""證券代號"":""2342"",""證券名稱"":""茂矽            "",""外陸資買進股數(不含外資自營商)"":""5,133,276"",""外陸資賣出股數(不含外資自營商)"":""5,612,603"",""外陸資買賣超股數(不含外資自營商)"":""-479,327"",""外資自營商買進股數"":""0"",""外資自營商賣出股數"":""0"",""外資自營商買賣超股數"":""0"",""投信買進股數"":""0"",""投信賣出股數"":""0"",""投信買賣超股數"":""0"",""自營商買賣超股數"":""145,670"",""自營商買進股數(自行買賣)"":""123,560"",""自營商賣出股數(自行買賣)"":""37,619"",""自營商買賣超股數(自行買賣)"":""85,941"",""自營商買進股數(避險)"":""61,867"",""自營商賣出股數(避險)"":""2,138"",""自營商買賣超股數(避險)"":""59,729"",""三大法人買賣超股數"":""-333,657""}"
2026-09-29,TWSE,3209,全科            ,127106,465000,-337894,0,0,0,0,169,-1169,"{""證券代號"":""3209"",""證券名稱"":""全科            "",""外陸資買進股數(不含外資自營商)"":""127,106"",""外陸資賣出股數(不含外資自營商)"":""465,000"",""外陸資買賣超股數(不含外資自營商)"":""-337,894"",""外資自營商買進股數"":""0"",""外資自營商賣出股數"":""0"",""外資自營商買賣超股數"":""0"",""投信買進股數"":""0"",""投信賣出股數"":""0"",""投信買賣超股數"":""0"",""自營商買賣超股數"":""-1,169"",""自營商買進股數(自行買賣)"":""0"",""自營商賣出股數(自行買賣)"":""1,000"",""自營商買賣超股數(自行買賣)"":""-1,000"",""自營商買進股數(避險)"":""0"",""自營商賣出股數(避險)"":""169"",""自營商買賣超股數(避險)"":""-169"",""三大法人買賣超股數"":""-339,063""}"
2026-09-29,TWSE,6196,帆宣            ,695557,1033101,-337544,0,0,0,41000,50723,-7723,"{""證券代號"":""6196"",""證券名稱"":""帆宣            "",""外陸資買進股數(不含外資自營商)"":""695,557"",""外陸資賣出股數(不含外資自營商)"":""1,033,101"",""外陸資買賣超股數(不含外資自營商)"":""-337,544"",""外資自營商買進股數"":""0"",""外資自營商賣出股數"":""0"",""外資自營商買賣超股數"":""0"",""投信買進股數"":""0"",""投信賣出股數"":""0"",""投信買賣超股數"":""0"",""自營商買賣超股數"":""-7,723"",""自營商買進股數(自行買賣)"":""4,000"",""自營商賣出股數(自行買賣)"":""2,000"",""自營商買賣超股數(自行買賣)"":""2,000"",""自營商買進股數(避險)"":""41,000"",""自營商賣出股數(避險)"":""50,723"",""自營商買賣超股數(避險)"":""-9,723"",""三大法人買賣超股數"":""-345,267""}"
2026-09-29,TWSE,2548,華固            ,277057,633237,-356180,3300,0,3300,0,4686,5619,"{""證券代號"":""2548"",""證券名稱"":""華固            "",""外陸資買進股數(不含外資自營商)"":""277,057"",""外陸資賣出股數(不含外資自營商)"":""633,237"",""外陸資買賣超股數(不含外資自營商)"":""-356,180"",""外資自營商買進股數"":""0"",""外資自營商賣出股數"":""0"",""外資自營商買賣超股數"":""0"",""投信買進股數"":""3,300"",""投信賣出股數"":""0"",""投信買賣超股數"":""3,300"",""自營商買賣超股數"":""5,619"",""自營商買進股數(自行買賣)"":""46,000"",""自營商賣出股數(自行買賣)"":""35,695"",""自營商買賣超股數(自行買賣)"":""10,305"",""自營商買進股數(避險)"":""0"",""自營商賣出股數(避險)"":""4,686"",""自營商買賣超股數(避險)"":""-4,686"",""三大法人買賣超股數"":""-347,261""}"
2026-09-29,TWSE,2106,建大            ,167000,527000,-360000,0,0,0,0,417,-417,"{""證券代號"":""2106"",""證券名稱"":""建大            "",""外陸資買進股數(不含外資自營商)"":""167,000"",""外陸資賣出股數(不含外資自營商)"":""527,000"",""外陸資買賣超股數(不含外資自營商)"":""-360,000"",""外資自營商買進股數"":""0"",""外資自營商賣出股數"":""0"",""外資自營商買賣超股數"":""0"",""投信買進股數"":""0"",""投信賣出股數"":""0"",""投信買賣超股數"":""0"",""自營商買賣超股數"":""-417"",""自營商買進股數(自行買賣)"":""0"",""自營商賣出股數(自行買賣)"":""0"",""自營商買賣超股數(自行買賣)"":""0"",""自營商買進股數(避險)"":""0"",""自營商賣出股數(避險)"":""417"",""自營商買賣超股數(避險)"":""-417"",""三大法人買賣超股數"":""-360,417""}"
2026-09-29,TWSE,2241,艾姆勒          ,440302,806391,-366089,0,0,0,0,0,18,"{""證券代號"":""2241"",""證券名稱"":""艾姆勒          "",""外陸資買進股數(不含外資自營商)"":""440,302"",""外陸資賣出股數(不含外資自營商)"":""806,391"",""外陸資買賣超股數(不含外資自營商)"":""-366,089"",""外資自營商買進股數"":""0"",""外資自營商賣出股數"":""0"",""外資自營商買賣超股數"":""0"",""投信買進股數"":""0"",""投信賣出股數"":""0"",""投信買賣超股數"":""0"",""自營商買賣超股數"":""18"",""自營商買進股數(自行買賣)"":""1,000"",""自營商賣出股數(自行買賣)"":""982"",""自營商買賣超股數(自行買賣)"":""18"",""自營商買進股數(避險)"":""0"",""自營商賣出股數(避險)"":""0"",""自營商買賣超股數(避險)"":""0"",""三大法人買賣超股數"":""-366,071""}"
2026-09-29,TWSE,6592,和潤企業        ,62000,451391,-389391,0,0,0,7000,7386,19614,"{""證券代號"":""6592"",""證券名稱"":""和潤企業        "",""外陸資買進股數(不含外資自營商)"":""62,000"",""外陸資賣出股數(不含外資自營商)"":""451,391"",""外陸資買賣超股數(不含外資自營商)"":""-389,391"",""外資自營商買進股數"":""0"",""外資自營商賣出股數"":""0"",""外資自營商買賣超股數"":""0"",""投信買進股數"":""0"",""投信賣出股數"":""0"",""投信買賣超股數"":""0"",""自營商買賣超股數"":""19,614"",""自營商買進股數(自行買賣)"":""20,000"",""自營商賣出股數(自行買賣)"":""0"",""自營商買賣超股數(自行買賣)"":""20,000"",""自營商買進股數(避險)"":""7,000"",""自營商賣出股數(避險)"":""7,386"",""自營商買賣超股數(避險)"":""-386"",""三大法人買賣超股數"":""-369,777""}"
2026-09-29,TWSE,1310,台苯            ,619653,1009520,-389867,0,0,0,0,0,20000,"{""證券代號"":""1310"",""證券名稱"":""台苯            "",""外陸資買進股數(不含外資自營商)"":""619,653"",""外陸資賣出股數(不含外資自營商)"":""1,009,520"",""外陸資買賣超股數(不含外資自營商)"":""-389,867"",""外資自營商買進股數"":""0"",""外資自營商賣出股數"":""0"",""外資自營商買賣超股數"":""0"",""投信買進股數"":""0"",""投信賣出股數"":""0"",""投信買賣超股數"":""0"",""自營商買賣超股數"":""20,000"",""自營商買進股數(自行買賣)"":""20,000"",""自營商賣出股數(自行買賣)"":""0"",""自營商買賣超股數(自行買賣)"":""20,000"",""自營商買進股數(避險)"":""0"",""自營商賣出股數(避險)"":""0"",""自營商買賣超股數(避險)"":""0"",""三大法人買賣超股數"":""-369,867""}"
2026-09-29,TWSE,5531,鄉林            ,74000,448000,-374000,0,0,0,0,0,0,"{""證券代號"":""5531"",""證券名稱"":""鄉林            "",""外陸資買進股數(不含外資自營商)"":""74,000"",""外陸資賣出股數(不含外資自營商)"":""448,000"",""外陸資買賣超股數(不含外資自營商)"":""-374,000"",""外資自營商買進股數"":""0"",""外資自營商賣出股數"":""0"",""外資自營商買賣超股數"":""0"",""投信買進股數"":""0"",""投信賣出股數"":""0"",""投信買賣超股數"":""0"",""自營商買賣超股數"":""0"",""自營商買進股數(自行買賣)"":""0"",""自營商賣出股數(自行買賣)"":""0"",""自營商買賣超股數(自行買賣)"":""0"",""自營商買進股數(避險)"":""0"",""自營商賣出股數(避險)"":""0"",""自營商買賣超股數(避險)"":""0"",""三大法人買賣超股數"":""-374,000""}"
2026-09-29,TWSE,2030,彰源            ,0,336000,-336000,0,0,0,0,0,-65295,"{""證券代號"":""2030"",""證券名稱"":""彰源            "",""外陸資買進股數(不含外資自營商)"":""0"",""外陸資賣出股數(不含外資自營商)"":""336,000"",""外陸資買賣超股數(不含外資自營商)"":""-336,000"",""外資自營商買進股數"":""0"",""外資自營商賣出股數"":""0"",""外資自營商買賣超股數"":""0"",""投信買進股數"":""0"",""投信賣出股數"":""0"",""投信買賣超股數"":""0"",""自營商買賣超股數"":""-65,295"",""自營商買進股數(自行買賣)"":""17,841"",""自營商賣出股數(自行買賣)"":""83,136"",""自營商買賣超股數(自行買賣)"":""-65,295"",""自營商買進股數(避險)"":""0"",""自營商賣出股數(避險)"":""0"",""自營商買賣超股數(避險)"":""0"",""三大法人買賣超股數"":""-401,295""}"
2026-09-29,TWSE,3029,零壹            ,244317,641000,-396683,0,0,0,0,12987,-8145,"{""證券代號"":""3029"",""證券名稱"":""零壹            "",""外陸資買進股數(不含外資自營商)"":""244,317"",""外陸資賣出股數(不含外資自營商)"":""641,000"",""外陸資買賣超股數(不含外資自營商)"":""-396,683"",""外資自營商買進股數"":""0"",""外資自營商賣出股數"":""0"",""外資自營商買賣超股數"":""0"",""投信買進股數"":""0"",""投信賣出股數"":""0"",""投信買賣超股數"":""0"",""自營商買賣超股數"":""-8,145"",""自營商買進股數(自行買賣)"":""12,000"",""自營商賣出股數(自行買賣)"":""7,158"",""自營商買賣超股數(自行買賣)"":""4,842"",""自營商買進股數(避險)"":""0"",""自營商賣出股數(避險)"":""12,987"",""自營商買賣超股數(避險)"":""-12,987"",""三大法人買賣超股數"":""-404,828""}"
2026-09-29,TWSE,3605,宏致            ,3926972,4354532,-427560,0,0,0,37930,32016,14914,"{""證券代號"":""3605"",""證券名稱"":""宏致            "",""外陸資買進股數(不含外資自營商)"":""3,926,972"",""外陸資賣出股數(不含外資自營商)"":""4,354,532"",""外陸資買賣超股數(不含外資自營商)"":""-427,560"",""外資自營商買進股數"":""0"",""外資自營商賣出股數"":""0"",""外資自營商買賣超股數"":""0"",""投信買進股數"":""0"",""投信賣出股數"":""0"",""投信買賣超股數"":""0"",""自營商買賣超股數"":""14,914"",""自營商買進股數(自行買賣)"":""41,000"",""自營商賣出股數(自行買賣)"":""32,000"",""自營商買賣超股數(自行買賣)"":""9,000"",""自營商買進股數(避險)"":""37,930"",""自營商賣出股數(避險)"":""32,016"",""自營商買賣超股數(避險)"":""5,914"",""三大法人買賣超股數"":""-412,646""}"
2026-09-29,TWSE,2478,大毅            ,284620,723504,-438884,0,0,0,32000,22575,11425,"{""證券代號"":""2478"",""證券名稱"":""大毅            "",""外陸資買進股數(不含外資自營商)"":""284,620"",""外陸資賣出股數(不含外資自營商)"":""723,504"",""外陸資買賣超股數(不含外資自營商)"":""-438,884"",""外資自營商買進股數"":""0"",""外資自營商賣出股數"":""0"",""外資自營商買賣超股數"":""0"",""投信買進股數"":""0"",""投信賣出股數"":""0"",""投信買賣超股數"":""0"",""自營商買賣超股數"":""11,425"",""自營商買進股數(自行買賣)"":""2,000"",""自營商賣出股數(自行買賣)"":""0"",""自營商買賣超股數(自行買賣)"":""2,000"",""自營商買進股數(避險)"":""32,000"",""自營商賣出股數(避險)"":""22,575"",""自營商買賣超股數(避險)"":""9,425"",""三大法人買賣超股數"":""-427,459""}"
2026-09-29,TWSE,2912,統一超          ,559362,1004726,-445364,1000,16000,-15000,31000,0,31000,"{""證券代號"":""2912"",""證券名稱"":""統一超          "",""外陸資買進股數(不含外資自營商)"":""559,362"",""外陸資賣出股數(不含外資自營商)"":""1,004,726"",""外陸資買賣超股數(不含外資自營商)"":""-445,364"",""外資自營商買進股數"":""0"",""外資自營商賣出股數"":""0"",""外資自營商買賣超股數"":""0"",""投信買進股數"":""1,000"",""投信賣出股數"":""16,000"",""投信買賣超股數"":""-15,000"",""自營商買賣超股數"":""31,000"",""自營商買進股數(自行買賣)"":""0"",""自營商賣出股數(自行買賣)"":""0"",""自營商買賣超股數(自行買賣)"":""0"",""自營商買進股數(避險)"":""31,000"",""自營商賣出股數(避險)"":""0"",""自營商買賣超股數(避險)"":""31,000"",""三大法人買賣超股數"":""-429,364""}"
2026-09-29,TWSE,1712,興農            ,68052,515000,-446948,16996,0,16996,0,0,237,"{""證券代號"":""1712"",""證券名稱"":""興農            "",""外陸資買進股數(不含外資自營商)"":""68,052"",""外陸資賣出股數(不含外資自營商)"":""515,000"",""外陸資買賣超股數(不含外資自營商)"":""-446,948"",""外資自營商買進股數"":""0"",""外資自營商賣出股數"":""0"",""外資自營商買賣超股數"":""0"",""投信買進股數"":""16,996"",""投信賣出股數"":""0"",""投信買賣超股數"":""16,996"",""自營商買賣超股數"":""237"",""自營商買進股數(自行買賣)"":""2,000"",""自營商賣出股數(自行買賣)"":""1,763"",""自營商買賣超股數(自行買賣)"":""237"",""自營商買進股數(避險)"":""0"",""自營商賣出股數(避險)"":""0"",""自營商買賣超股數(避險)"":""0"",""三大法人買賣超股數"":""-429,715""}"
2026-09-29,TWSE,2009,第一銅          ,241325,661000,-419675,0,0,0,7011,19320,-12309,"{""證券代號"":""2009"",""證券名稱"":""第一銅          "",""外陸資買進股數(不含外資自營商)"":""241,325"",""外陸資賣出股數(不含外資自營商)"":""661,000"",""外陸資買賣超股數(不含外資自營商)"":""-419,675"",""外資自營商買進股數"":""0"",""外資自營商賣出股數"":""0"",""外資自營商買賣超股數"":""0"",""投信買進股數"":""0"",""投信賣出股數"":""0"",""投信買賣超股數"":""0"",""自營商買賣超股數"":""-12,309"",""自營商買進股數(自行買賣)"":""0"",""自營商賣出股數(自行買賣)"":""0"",""自營商買賣超股數(自行買賣)"":""0"",""自營商買進股數(避險)"":""7,011"",""自營商賣出股數(避險)"":""19,320"",""自營商買賣超股數(避險)"":""-12,309"",""三大法人買賣超股數"":""-431,984""}"
2026-09-29,TWSE,2368,金像電          ,2684082,4113759,-1429677,818000,14090,803910,148532,99152,193180,"{""證券代號"":""2368"",""證券名稱"":""金像電          "",""外陸資買進股數(不含外資自營商)"":""2,684,082"",""外陸資賣出股數(不含外資自營商)"":""4,113,759"",""外陸資買賣超股數(不含外資自營商)"":""-1,429,677"",""外資自營商買進股數"":""0"",""外資自營商賣出股數"":""0"",""外資自營商買賣超股數"":""0"",""投信買進股數"":""818,000"",""投信賣出股數"":""14,090"",""投信買賣超股數"":""803,910"",""自營商買賣超股數"":""193,180"",""自營商買進股數(自行買賣)"":""219,100"",""自營商賣出股數(自行買賣)"":""75,300"",""自營商買賣超股數(自行買賣)"":""143,800"",""自營商買進股數(避險)"":""148,532"",""自營商賣出股數(避險)"":""99,152"",""自營商買賣超股數(避險)"":""49,380"",""三大法人買賣超股數"":""-432,587""}"
2026-09-29,TWSE,9941,裕融            ,317000,430740,-113740,0,328402,-328402,26000,32195,-6798,"{""證券代號"":""9941"",""證券名稱"":""裕融            "",""外陸資買進股數(不含外資自營商)"":""317,000"",""外陸資賣出股數(不含外資自營商)"":""430,740"",""外陸資買賣超股數(不含外資自營商)"":""-113,740"",""外資自營商買進股數"":""0"",""外資自營商賣出股數"":""0"",""外資自營商買賣超股數"":""0"",""投信買進股數"":""0"",""投信賣出股數"":""328,402"",""投信買賣超股數"":""-328,402"",""自營商買賣超股數"":""-6,798"",""自營商買進股數(自行買賣)"":""25,000"",""自營商賣出股數(自行買賣)"":""25,603"",""自營商買賣超股數(自行買賣)"":""-603"",""自營商買進股數(避險)"":""26,000"",""自營商賣出股數(避險)"":""32,195"",""自營商買賣超股數(避險)"":""-6,195"",""三大法人買賣超股數"":""-448,940""}"
2026-09-29,TWSE,2617,台航            ,620069,1060369,-440300,0,0,0,0,24505,-9505,"{""證券代號"":""2617"",""證券名稱"":""台航            "",""外陸資買進股數(不含外資自營商)"":""620,069"",""外陸資賣出股數(不含外資自營商)"":""1,060,369"",""外陸資買賣超股數(不含外資自營商)"":""-440,300"",""外資自營商買進股數"":""0"",""外資自營商賣出股數"":""0"",""外資自營商買賣超股數"":""0"",""投信買進股數"":""0"",""投信賣出股數"":""0"",""投信買賣超股數"":""0"",""自營商買賣超股數"":""-9,505"",""自營商買進股數(自行買賣)"":""15,000"",""自營商賣出股數(自行買賣)"":""0"",""自營商買賣超股數(自行買賣)"":""15,000"",""自營商買進股數(避險)"":""0"",""自營商賣出股數(避險)"":""24,505"",""自營商買賣超股數(避險)"":""-24,505"",""三大法人買賣超股數"":""-449,805""}"
2026-09-29,TWSE,4904,遠傳            ,3251354,4043662,-792308,13000,13000,0,339216,2000,339216,"{""證券代號"":""4904"",""證券名稱"":""遠傳            "",""外陸資買進股數(不含外資自營商)"":""3,251,354"",""外陸資賣出股數(不含外資自營商)"":""4,043,662"",""外陸資買賣超股數(不含外資自營商)"":""-792,308"",""外資自營商買進股數"":""0"",""外資自營商賣出股數"":""0"",""外資自營商買賣超股數"":""0"",""投信買進股數"":""13,000"",""投信賣出股數"":""13,000"",""投信買賣超股數"":""0"",""自營商買賣超股數"":""339,216"",""自營商買進股數(自行買賣)"":""2,000"",""自營商賣出股數(自行買賣)"":""0"",""自營商買賣超股數(自行買賣)"":""2,000"",""自營商買進股數(避險)"":""339,216"",""自營商賣出股數(避險)"":""2,000"",""自營商買賣超股數(避險)"":""337,216"",""三大法人買賣超股數"":""-453,092""}"
2026-09-29,TWSE,1308,亞聚            ,575807,1025292,-449485,0,0,0,2000,673,-12673,"{""證券代號"":""1308"",""證券名稱"":""亞聚            "",""外陸資買進股數(不含外資自營商)"":""575,807"",""外陸資賣出股數(不含外資自營商)"":""1,025,292"",""外陸資買賣超股數(不含外資自營商)"":""-449,485"",""外資自營商買進股數"":""0"",""外資自營商賣出股數"":""0"",""外資自營商買賣超股數"":""0"",""投信買進股數"":""0"",""投信賣出股數"":""0"",""投信買賣超股數"":""0"",""自營商買賣超股數"":""-12,673"",""自營商買進股數(自行買賣)"":""0"",""自營商賣出股數(自行買賣)"":""14,000"",""自營商買賣超股數(自行買賣)"":""-14,000"",""自營商買進股數(避險)"":""2,000"",""自營商賣出股數(避險)"":""673"",""自營商買賣超股數(避險)"":""1,327"",""三大法人買賣超股數"":""-462,158""}"
2026-09-29,TWSE,3044,健鼎            ,1285494,1656772,-371278,1000,119000,-118000,50172,32021,24098,"{""證券代號"":""3044"",""證券名稱"":""健鼎            "",""外陸資買進股數(不含外資自營商)"":""1,285,494"",""外陸資賣出股數(不含外資自營商)"":""1,656,772"",""外陸資買賣超股數(不含外資自營商)"":""-371,278"",""外資自營商買進股數"":""0"",""外資自營商賣出股數"":""0"",""外資自營商買賣超股數"":""0"",""投信買進股數"":""1,000"",""投信賣出股數"":""119,000"",""投信買賣超股數"":""-118,000"",""自營商買賣超股數"":""24,098"",""自營商買進股數(自行買賣)"":""7,000"",""自營商賣出股數(自行買賣)"":""1,053"",""自營商買賣超股數(自行買賣)"":""5,947"",""自營商買進股數(避險)"":""50,172"",""自營商賣出股數(避險)"":""32,021"",""自營商買賣超股數(避險)"":""18,151"",""三大法人買賣超股數"":""-465,180""}"
2026-09-29,TWSE,1227,佳格            ,679000,1148000,-469000,0,0,0,0,0,244,"{""證券代號"":""1227"",""證券名稱"":""佳格            "",""外陸資買進股數(不含外資自營商)"":""679,000"",""外陸資賣出股數(不含外資自營商)"":""1,148,000"",""外陸資買賣超股數(不含外資自營商)"":""-469,000"",""外資自營商買進股數"":""0"",""外資自營商賣出股數"":""0"",""外資自營商買賣超股數"":""0"",""投信買進股數"":""0"",""投信賣出股數"":""0"",""投信買賣超股數"":""0"",""自營商買賣超股數"":""244"",""自營商買進股數(自行買賣)"":""1,000"",""自營商賣出股數(自行買賣)"":""756"",""自營商買賣超股數(自行買賣)"":""244"",""自營商買進股數(避險)"":""0"",""自營商賣出股數(避險)"":""0"",""自營商買賣超股數(避險)"":""0"",""三大法人買賣超股數"":""-468,756""}"
2026-09-29,TWSE,2383,台光電          ,1042750,1325173,-282423,55000,242675,-187675,67325,47327,-9154,"{""證券代號"":""2383"",""證券名稱"":""台光電          "",""外陸資買進股數(不含外資自營商)"":""1,042,750"",""外陸資賣出股數(不含外資自營商)"":""1,325,173"",""外陸資買賣超股數(不含外資自營商)"":""-282,423"",""外資自營商買進股數"":""0"",""外資自營商賣出股數"":""0"",""外資自營商買賣超股數"":""0"",""投信買進股數"":""55,000"",""投信賣出股數"":""242,675"",""投信買賣超股數"":""-187,675"",""自營商買賣超股數"":""-9,154"",""自營商買進股數(自行買賣)"":""31,751"",""自營商賣出股數(自行買賣)"":""60,903"",""自營商買賣超股數(自行買賣)"":""-29,152"",""自營商買進股數(避險)"":""67,325"",""自營商賣出股數(避險)"":""47,327"",""自營商買賣超股數(避險)"":""19,998"",""三大法人買賣超股數"":""-479,252""}"
2026-09-29,TWSE,2103,台橡            ,918189,1416003,-497814,0,0,0,13000,8243,17757,"{""證券代號"":""2103"",""證券名稱"":""台橡            "",""外陸資買進股數(不含外資自營商)"":""918,189"",""外陸資賣出股數(不含外資自營商)"":""1,416,003"",""外陸資買賣超股數(不含外資自營商)"":""-497,814"",""外資自營商買進股數"":""0"",""外資自營商賣出股數"":""0"",""外資自營商買賣超股數"":""0"",""投信買進股數"":""0"",""投信賣出股數"":""0"",""投信買賣超股數"":""0"",""自營商買賣超股數"":""17,757"",""自營商買進股數(自行買賣)"":""16,000"",""自營商賣出股數(自行買賣)"":""3,000"",""自營商買賣超股數(自行買賣)"":""13,000"",""自營商買進股數(避險)"":""13,000"",""自營商賣出股數(避險)"":""8,243"",""自營商買賣超股數(避險)"":""4,757"",""三大法人買賣超股數"":""-480,057""}"
2026-09-29,TWSE,1519,華城            ,223550,732761,-509211,35000,1000,34000,2018,12274,-6318,"{""證券代號"":""1519"",""證券名稱"":""華城            "",""外陸資買進股數(不含外資自營商)"":""223,550"",""外陸資賣出股數(不含外資自營商)"":""732,761"",""外陸資買賣超股數(不含外資自營商)"":""-509,211"",""外資自營商買進股數"":""0"",""外資自營商賣出股數"":""0"",""外資自營商買賣超股數"":""0"",""投信買進股數"":""35,000"",""投信賣出股數"":""1,000"",""投信買賣超股數"":""34,000"",""自營商買賣超股數"":""-6,318"",""自營商買進股數(自行買賣)"":""36,000"",""自營商賣出股數(自行買賣)"":""32,062"",""自營商買賣超股數(自行買賣)"":""3,938"",""自營商買進股數(避險)"":""2,018"",""自營商賣出股數(避險)"":""12,274"",""自營商買賣超股數(避險)"":""-10,256"",""三大法人買賣超股數"":""-481,529""}"
2026-09-29,TWSE,4915,致伸            ,629623,1088098,-458475,3000,0,3000,391,31304,-26130,"{""證券代號"":""4915"",""證券名稱"":""致伸            "",""外陸資買進股數(不含外資自營商)"":""629,623"",""外陸資賣出股數(不含外資自營商)"":""1,088,098"",""外陸資買賣超股數(不含外資自營商)"":""-458,475"",""外資自營商買進股數"":""0"",""外資自營商賣出股數"":""0"",""外資自營商買賣超股數"":""0"",""投信買進股數"":""3,000"",""投信賣出股數"":""0"",""投信買賣超股數"":""3,000"",""自營商買賣超股數"":""-26,130"",""自營商買進股數(自行買賣)"":""8,000"",""自營商賣出股數(自行買賣)"":""3,217"",""自營商買賣超股數(自行買賣)"":""4,783"",""自營商買進股數(避險)"":""391"",""自營商賣出股數(避險)"":""31,304"",""自營商買賣超股數(避險)"":""-30,913"",""三大法人買賣超股數"":""-481,605""}"
2026-09-29,TWSE,1210,大成            ,134133,639189,-505056,1000,0,1000,0,0,19532,"{""證券代號"":""1210"",""證券名稱"":""大成            "",""外陸資買進股數(不含外資自營商)"":""134,133"",""外陸資賣出股數(不含外資自營商)"":""639,189"",""外陸資買賣超股數(不含外資自營商)"":""-505,056"",""外資自營商買進股數"":""0"",""外資自營商賣出股數"":""0"",""外資自營商買賣超股數"":""0"",""投信買進股數"":""1,000"",""投信賣出股數"":""0"",""投信買賣超股數"":""1,000"",""自營商買賣超股數"":""19,532"",""自營商買進股數(自行買賣)"":""24,000"",""自營商賣出股數(自行買賣)"":""4,468"",""自營商買賣超股數(自行買賣)"":""19,532"",""自營商買進股數(避險)"":""0"",""自營商賣出股數(避險)"":""0"",""自營商買賣超股數(避險)"":""0"",""三大法人買賣超股數"":""-484,524""}"
2026-09-29,TWSE,1909,榮成            ,438414,936000,-497586,0,0,0,0,0,9000,"{""證券代號"":""1909"",""證券名稱"":""榮成            "",""外陸資買進股數(不含外資自營商)"":""438,414"",""外陸資賣出股數(不含外資自營商)"":""936,000"",""外陸資買賣超股數(不含外資自營商)"":""-497,586"",""外資自營商買進股數"":""0"",""外資自營商賣出股數"":""0"",""外資自營商買賣超股數"":""0"",""投信買進股數"":""0"",""投信賣出股數"":""0"",""投信買賣超股數"":""0"",""自營商買賣超股數"":""9,000"",""自營商買進股數(自行買賣)"":""9,000"",""自營商賣出股數(自行買賣)"":""0"",""自營商買賣超股數(自行買賣)"":""9,000"",""自營商買進股數(避險)"":""0"",""自營商賣出股數(避險)"":""0"",""自營商買賣超股數(避險)"":""0"",""三大法人買賣超股數"":""-488,586""}"
2026-09-29,TWSE,2360,致茂            ,1270427,1296033,-25606,14000,460000,-446000,98166,92434,-18887,"{""證券代號"":""2360"",""證券名稱"":""致茂            "",""外陸資買進股數(不含外資自營商)"":""1,270,427"",""外陸資賣出股數(不含外資自營商)"":""1,296,033"",""外陸資買賣超股數(不含外資自營商)"":""-25,606"",""外資自營商買進股數"":""0"",""外資自營商賣出股數"":""0"",""外資自營商買賣超股數"":""0"",""投信買進股數"":""14,000"",""投信賣出股數"":""460,000"",""投信買賣超股數"":""-446,000"",""自營商買賣超股數"":""-18,887"",""自營商買進股數(自行買賣)"":""18,505"",""自營商賣出股數(自行買賣)"":""43,124"",""自營商買賣超股數(自行買賣)"":""-24,619"",""自營商買進股數(避險)"":""98,166"",""自營商賣出股數(避險)"":""92,434"",""自營商買賣超股數(避險)"":""5,732"",""三大法人買賣超股數"":""-490,493""}"
2026-09-29,TWSE,3055,蔚華科          ,1676161,2161665,-485504,0,0,0,6518,26294,-13776,"{""證券代號"":""3055"",""證券名稱"":""蔚華科          "",""外陸資買進股數(不含外資自營商)"":""1,676,161"",""外陸資賣出股數(不含外資自營商)"":""2,161,665"",""外陸資買賣超股數(不含外資自營商)"":""-485,504"",""外資自營商買進股數"":""0"",""外資自營商賣出股數"":""0"",""外資自營商買賣超股數"":""0"",""投信買進股數"":""0"",""投信賣出股數"":""0"",""投信買賣超股數"":""0"",""自營商買賣超股數"":""-13,776"",""自營商買進股數(自行買賣)"":""8,000"",""自營商賣出股數(自行買賣)"":""2,000"",""自營商買賣超股數(自行買賣)"":""6,000"",""自營商買進股數(避險)"":""6,518"",""自營商賣出股數(避險)"":""26,294"",""自營商買賣超股數(避險)"":""-19,776"",""三大法人買賣超股數"":""-499,280""}"
2026-09-29,TWSE,6426,統新            ,600946,1176000,-575054,0,0,0,55357,58597,69760,"{""證券代號"":""6426"",""證券名稱"":""統新            "",""外陸資買進股數(不含外資自營商)"":""600,946"",""外陸資賣出股數(不含外資自營商)"":""1,176,000"",""外陸資買賣超股數(不含外資自營商)"":""-575,054"",""外資自營商買進股數"":""0"",""外資自營商賣出股數"":""0"",""外資自營商買賣超股數"":""0"",""投信買進股數"":""0"",""投信賣出股數"":""0"",""投信買賣超股數"":""0"",""自營商買賣超股數"":""69,760"",""自營商買進股數(自行買賣)"":""73,000"",""自營商賣出股數(自行買賣)"":""0"",""自營商買賣超股數(自行買賣)"":""73,000"",""自營商買進股數(避險)"":""55,357"",""自營商賣出股數(避險)"":""58,597"",""自營商買賣超股數(避險)"":""-3,240"",""三大法人買賣超股數"":""-505,294""}"
2026-09-29,TWSE,2404,漢唐            ,889868,1738558,-848690,414000,11000,403000,50148,111698,-60990,"{""證券代號"":""2404"",""證券名稱"":""漢唐            "",""外陸資買進股數(不含外資自營商)"":""889,868"",""外陸資賣出股數(不含外資自營商)"":""1,738,558"",""外陸資買賣超股數(不含外資自營商)"":""-848,690"",""外資自營商買進股數"":""0"",""外資自營商賣出股數"":""0"",""外資自營商買賣超股數"":""0"",""投信買進股數"":""414,000"",""投信賣出股數"":""11,000"",""投信買賣超股數"":""403,000"",""自營商買賣超股數"":""-60,990"",""自營商買進股數(自行買賣)"":""35,400"",""自營商賣出股數(自行買賣)"":""34,840"",""自營商買賣超股數(自行買賣)"":""560"",""自營商買進股數(避險)"":""50,148"",""自營商賣出股數(避險)"":""111,698"",""自營商買賣超股數(避險)"":""-61,550"",""三大法人買賣超股數"":""-506,680""}"
2026-09-29,TWSE,0055,元大MSCI金融    ,126109,69000,57109,0,0,0,95000,659742,-564742,"{""證券代號"":""0055"",""證券名稱"":""元大MSCI金融    "",""外陸資買進股數(不含外資自營商)"":""126,109"",""外陸資賣出股數(不含外資自營商)"":""69,000"",""外陸資買賣超股數(不含外資自營商)"":""57,109"",""外資自營商買進股數"":""0"",""外資自營商賣出股數"":""0"",""外資自營商買賣超股數"":""0"",""投信買進股數"":""0"",""投信賣出股數"":""0"",""投信買賣超股數"":""0"",""自營商買賣超股數"":""-564,742"",""自營商買進股數(自行買賣)"":""0"",""自營商賣出股數(自行買賣)"":""0"",""自營商買賣超股數(自行買賣)"":""0"",""自營商買進股數(避險)"":""95,000"",""自營商賣出股數(避險)"":""659,742"",""自營商買賣超股數(避險)"":""-564,742"",""三大法人買賣超股數"":""-507,633""}"
2026-09-29,TWSE,00681R,元大美債20反1   ,1000,0,1000,0,0,0,30000,549000,-519000,"{""證券代號"":""00681R"",""證券名稱"":""元大美債20反1   "",""外陸資買進股數(不含外資自營商)"":""1,000"",""外陸資賣出股數(不含外資自營商)"":""0"",""外陸資買賣超股數(不含外資自營商)"":""1,000"",""外資自營商買進股數"":""0"",""外資自營商賣出股數"":""0"",""外資自營商買賣超股數"":""0"",""投信買進股數"":""0"",""投信賣出股數"":""0"",""投信買賣超股數"":""0"",""自營商買賣超股數"":""-519,000"",""自營商買進股數(自行買賣)"":""0"",""自營商賣出股數(自行買賣)"":""0"",""自營商買賣超股數(自行買賣)"":""0"",""自營商買進股數(避險)"":""30,000"",""自營商賣出股數(避險)"":""549,000"",""自營商買賣超股數(避險)"":""-519,000"",""三大法人買賣超股數"":""-518,000""}"
2026-09-29,TWSE,1101,台泥            ,16545540,16846783,-301243,6000,5000,1000,232125,469127,-220002,"{""證券代號"":""1101"",""證券名稱"":""台泥            "",""外陸資買進股數(不含外資自營商)"":""16,545,540"",""外陸資賣出股數(不含外資自營商)"":""16,846,783"",""外陸資買賣超股數(不含外資自營商)"":""-301,243"",""外資自營商買進股數"":""0"",""外資自營商賣出股數"":""0"",""外資自營商買賣超股數"":""0"",""投信買進股數"":""6,000"",""投信賣出股數"":""5,000"",""投信買賣超股數"":""1,000"",""自營商買賣超股數"":""-220,002"",""自營商買進股數(自行買賣)"":""35,000"",""自營商賣出股數(自行買賣)"":""18,000"",""自營商買賣超股數(自行買賣)"":""17,000"",""自營商買進股數(避險)"":""232,125"",""自營商賣出股數(避險)"":""469,127"",""自營商買賣超股數(避險)"":""-237,002"",""三大法人買賣超股數"":""-520,245""}"
2026-09-29,TWSE,8996,高力            ,1493467,2221280,-727813,198000,9000,189000,33000,4000,11930,"{""證券代號"":""8996"",""證券名稱"":""高力            "",""外陸資買進股數(不含外資自營商)"":""1,493,467"",""外陸資賣出股數(不含外資自營商)"":""2,221,280"",""外陸資買賣超股數(不含外資自營商)"":""-727,813"",""外資自營商買進股數"":""0"",""外資自營商賣出股數"":""0"",""外資自營商買賣超股數"":""0"",""投信買進股數"":""198,000"",""投信賣出股數"":""9,000"",""投信買賣超股數"":""189,000"",""自營商買賣超股數"":""11,930"",""自營商買進股數(自行買賣)"":""33,174"",""自營商賣出股數(自行買賣)"":""50,244"",""自營商買賣超股數(自行買賣)"":""-17,070"",""自營商買進股數(避險)"":""33,000"",""自營商賣出股數(避險)"":""4,000"",""自營商買賣超股數(避險)"":""29,000"",""三大法人買賣超股數"":""-526,883""}"
2026-09-29,TWSE,1722,台肥            ,996109,1528000,-531891,1000,0,1000,0,0,0,"{""證券代號"":""1722"",""證券名稱"":""台肥            "",""外陸資買進股數(不含外資自營商)"":""996,109"",""外陸資賣出股數(不含外資自營商)"":""1,528,000"",""外陸資買賣超股數(不含外資自營商)"":""-531,891"",""外資自營商買進股數"":""0"",""外資自營商賣出股數"":""0"",""外資自營商買賣超股數"":""0"",""投信買進股數"":""1,000"",""投信賣出股數"":""0"",""投信買賣超股數"":""1,000"",""自營商買賣超股數"":""0"",""自營商買進股數(自行買賣)"":""0"",""自營商賣出股數(自行買賣)"":""0"",""自營商買賣超股數(自行買賣)"":""0"",""自營商買進股數(避險)"":""0"",""自營商賣出股數(避險)"":""0"",""自營商買賣超股數(避險)"":""0"",""三大法人買賣超股數"":""-530,891""}"
2026-09-29,TWSE,6933,AMAX-KY         ,958009,1506882,-548873,0,0,0,43035,30591,13172,"{""證券代號"":""6933"",""證券名稱"":""AMAX-KY         "",""外陸資買進股數(不含外資自營商)"":""958,009"",""外陸資賣出股數(不含外資自營商)"":""1,506,882"",""外陸資買賣超股數(不含外資自營商)"":""-548,873"",""外資自營商買進股數"":""0"",""外資自營商賣出股數"":""0"",""外資自營商買賣超股數"":""0"",""投信買進股數"":""0"",""投信賣出股數"":""0"",""投信買賣超股數"":""0"",""自營商買賣超股數"":""13,172"",""自營商買進股數(自行買賣)"":""14,000"",""自營商賣出股數(自行買賣)"":""13,272"",""自營商買賣超股數(自行買賣)"":""728"",""自營商買進股數(避險)"":""43,035"",""自營商賣出股數(避險)"":""30,591"",""自營商買賣超股數(避險)"":""12,444"",""三大法人買賣超股數"":""-535,701""}"
2026-09-29,TWSE,1313,聯成            ,485245,1060489,-575244,0,0,0,3000,7210,11790,"{""證券代號"":""1313"",""證券名稱"":""聯成            "",""外陸資買進股數(不含外資自營商)"":""485,245"",""外陸資賣出股數(不含外資自營商)"":""1,060,489"",""外陸資買賣超股數(不含外資自營商)"":""-575,244"",""外資自營商買進股數"":""0"",""外資自營商賣出股數"":""0"",""外資自營商買賣超股數"":""0"",""投信買進股數"":""0"",""投信賣出股數"":""0"",""投信買賣超股數"":""0"",""自營商買賣超股數"":""11,790"",""自營商買進股數(自行買賣)"":""16,000"",""自營商賣出股數(自行買賣)"":""0"",""自營商買賣超股數(自行買賣)"":""16,000"",""自營商買進股數(避險)"":""3,000"",""自營商賣出股數(避險)"":""7,210"",""自營商買賣超股數(避險)"":""-4,210"",""三大法人買賣超股數"":""-563,454""}"
2026-09-29,TWSE,3702,大聯大          ,4893055,5342325,-449270,2000,23000,-21000,185179,97220,-101041,"{""證券代號"":""3702"",""證券名稱"":""大聯大          "",""外陸資買進股數(不含外資自營商)"":""4,893,055"",""外陸資賣出股數(不含外資自營商)"":""5,342,325"",""外陸資買賣超股數(不含外資自營商)"":""-449,270"",""外資自營商買進股數"":""0"",""外資自營商賣出股數"":""0"",""外資自營商買賣超股數"":""0"",""投信買進股數"":""2,000"",""投信賣出股數"":""23,000"",""投信買賣超股數"":""-21,000"",""自營商買賣超股數"":""-101,041"",""自營商買進股數(自行買賣)"":""34,000"",""自營商賣出股數(自行買賣)"":""223,000"",""自營商買賣超股數(自行買賣)"":""-189,000"",""自營商買進股數(避險)"":""185,179"",""自營商賣出股數(避險)"":""97,220"",""自營商買賣超股數(避險)"":""87,959"",""三大法人買賣超股數"":""-571,311""}"
2026-09-29,TWSE,2023,燁輝            ,185529,778000,-592471,2000,0,2000,0,0,0,"{""證券代號"":""2023"",""證券名稱"":""燁輝            "",""外陸資買進股數(不含外資自營商)"":""185,529"",""外陸資賣出股數(不含外資自營商)"":""778,000"",""外陸資買賣超股數(不含外資自營商)"":""-592,471"",""外資自營商買進股數"":""0"",""外資自營商賣出股數"":""0"",""外資自營商買賣超股數"":""0"",""投信買進股數"":""2,000"",""投信賣出股數"":""0"",""投信買賣超股數"":""2,000"",""自營商買賣超股數"":""0"",""自營商買進股數(自行買賣)"":""0"",""自營商賣出股數(自行買賣)"":""0"",""自營商買賣超股數(自行買賣)"":""0"",""自營商買進股數(避險)"":""0"",""自營商賣出股數(避險)"":""0"",""自營商買賣超股數(避險)"":""0"",""三大法人買賣超股數"":""-590,471""}"
2026-09-29,TWSE,3167,大量            ,954749,1537302,-582553,0,0,0,700,999,-9543,"{""證券代號"":""3167"",""證券名稱"":""大量            "",""外陸資買進股數(不含外資自營商)"":""954,749"",""外陸資賣出股數(不含外資自營商)"":""1,537,302"",""外陸資買賣超股數(不含外資自營商)"":""-582,553"",""外資自營商買進股數"":""0"",""外資自營商賣出股數"":""0"",""外資自營商買賣超股數"":""0"",""投信買進股數"":""0"",""投信賣出股數"":""0"",""投信買賣超股數"":""0"",""自營商買賣超股數"":""-9,543"",""自營商買進股數(自行買賣)"":""49,000"",""自營商賣出股數(自行買賣)"":""58,244"",""自營商買賣超股數(自行買賣)"":""-9,244"",""自營商買進股數(避險)"":""700"",""自營商賣出股數(避險)"":""999"",""自營商買賣超股數(避險)"":""-299"",""三大法人買賣超股數"":""-592,096""}"
2026-09-29,TWSE,6205,詮欣            ,347785,944268,-596483,0,0,0,4000,4036,3964,"{""證券代號"":""6205"",""證券名稱"":""詮欣            "",""外陸資買進股數(不含外資自營商)"":""347,785"",""外陸資賣出股數(不含外資自營商)"":""944,268"",""外陸資買賣超股數(不含外資自營商)"":""-596,483"",""外資自營商買進股數"":""0"",""外資自營商賣出股數"":""0"",""外資自營商買賣超股數"":""0"",""投信買進股數"":""0"",""投信賣出股數"":""0"",""投信買賣超股數"":""0"",""自營商買賣超股數"":""3,964"",""自營商買進股數(自行買賣)"":""4,000"",""自營商賣出股數(自行買賣)"":""0"",""自營商買賣超股數(自行買賣)"":""4,000"",""自營商買進股數(避險)"":""4,000"",""自營商賣出股數(避險)"":""4,036"",""自營商買賣超股數(避險)"":""-36"",""三大法人買賣超股數"":""-592,519""}"
2026-09-29,TWSE,2474,可成            ,518801,1140944,-622143,5000,11000,-6000,36744,15448,21296,"{""證券代號"":""2474"",""證券名稱"":""可成            "",""外陸資買進股數(不含外資自營商)"":""518,801"",""外陸資賣出股數(不含外資自營商)"":""1,140,944"",""外陸資買賣超股數(不含外資自營商)"":""-622,143"",""外資自營商買進股數"":""0"",""外資自營商賣出股數"":""0"",""外資自營商買賣超股數"":""0"",""投信買進股數"":""5,000"",""投信賣出股數"":""11,000"",""投信買賣超股數"":""-6,000"",""自營商買賣超股數"":""21,296"",""自營商買進股數(自行買賣)"":""0"",""自營商賣出股數(自行買賣)"":""0"",""自營商買賣超股數(自行買賣)"":""0"",""自營商買進股數(避險)"":""36,744"",""自營商賣出股數(避險)"":""15,448"",""自營商買賣超股數(避險)"":""21,296"",""三大法人買賣超股數"":""-606,847""}"
2026-09-29,TWSE,6550,北極星藥業-KY   ,69000,726374,-657374,0,0,0,0,0,39000,"{""證券代號"":""6550"",""證券名稱"":""北極星藥業-KY   "",""外陸資買進股數(不含外資自營商)"":""69,000"",""外陸資賣出股數(不含外資自營商)"":""726,374"",""外陸資買賣超股數(不含外資自營商)"":""-657,374"",""外資自營商買進股數"":""0"",""外資自營商賣出股數"":""0"",""外資自營商買賣超股數"":""0"",""投信買進股數"":""0"",""投信賣出股數"":""0"",""投信買賣超股數"":""0"",""自營商買賣超股數"":""39,000"",""自營商買進股數(自行買賣)"":""39,000"",""自營商賣出股數(自行買賣)"":""0"",""自營商買賣超股數(自行買賣)"":""39,000"",""自營商買進股數(避險)"":""0"",""自營商賣出股數(避險)"":""0"",""自營商買賣超股數(避險)"":""0"",""三大法人買賣超股數"":""-618,374""}"
2026-09-29,TWSE,009804,聯邦台精彩50    ,86000,137000,-51000,0,0,0,30000,602024,-572024,"{""證券代號"":""009804"",""證券名稱"":""聯邦台精彩50    "",""外陸資買進股數(不含外資自營商)"":""86,000"",""外陸資賣出股數(不含外資自營商)"":""137,000"",""外陸資買賣超股數(不含外資自營商)"":""-51,000"",""外資自營商買進股數"":""0"",""外資自營商賣出股數"":""0"",""外資自營商買賣超股數"":""0"",""投信買進股數"":""0"",""投信賣出股數"":""0"",""投信買賣超股數"":""0"",""自營商買賣超股數"":""-572,024"",""自營商買進股數(自行買賣)"":""0"",""自營商賣出股數(自行買賣)"":""0"",""自營商買賣超股數(自行買賣)"":""0"",""自營商買進股數(避險)"":""30,000"",""自營商賣出股數(避險)"":""602,024"",""自營商買賣超股數(避險)"":""-572,024"",""三大法人買賣超股數"":""-623,024""}"
2026-09-29,TWSE,2208,台船            ,625000,1252561,-627561,0,0,0,0,0,2000,"{""證券代號"":""2208"",""證券名稱"":""台船            "",""外陸資買進股數(不含外資自營商)"":""625,000"",""外陸資賣出股數(不含外資自營商)"":""1,252,561"",""外陸資買賣超股數(不含外資自營商)"":""-627,561"",""外資自營商買進股數"":""0"",""外資自營商賣出股數"":""0"",""外資自營商買賣超股數"":""0"",""投信買進股數"":""0"",""投信賣出股數"":""0"",""投信買賣超股數"":""0"",""自營商買賣超股數"":""2,000"",""自營商買進股數(自行買賣)"":""2,000"",""自營商賣出股數(自行買賣)"":""0"",""自營商買賣超股數(自行買賣)"":""2,000"",""自營商買進股數(避險)"":""0"",""自營商賣出股數(避險)"":""0"",""自營商買賣超股數(避險)"":""0"",""三大法人買賣超股數"":""-625,561""}"
2026-09-29,TWSE,3090,日電貿          ,236110,831000,-594890,0,0,0,39000,44541,-35980,"{""證券代號"":""3090"",""證券名稱"":""日電貿          "",""外陸資買進股數(不含外資自營商)"":""236,110"",""外陸資賣出股數(不含外資自營商)"":""831,000"",""外陸資買賣超股數(不含外資自營商)"":""-594,890"",""外資自營商買進股數"":""0"",""外資自營商賣出股數"":""0"",""外資自營商買賣超股數"":""0"",""投信買進股數"":""0"",""投信賣出股數"":""0"",""投信買賣超股數"":""0"",""自營商買賣超股數"":""-35,980"",""自營商買進股數(自行買賣)"":""5,000"",""自營商賣出股數(自行買賣)"":""35,439"",""自營商買賣超股數(自行買賣)"":""-30,439"",""自營商買進股數(避險)"":""39,000"",""自營商賣出股數(避險)"":""44,541"",""自營商買賣超股數(避險)"":""-5,541"",""三大法人買賣超股數"":""-630,870""}"
2026-09-29,TWSE,3673,TPK-KY          ,2960683,3804201,-843518,0,0,0,298924,19964,210960,"{""證券代號"":""3673"",""證券名稱"":""TPK-KY          "",""外陸資買進股數(不含外資自營商)"":""2,960,683"",""外陸資賣出股數(不含外資自營商)"":""3,804,201"",""外陸資買賣超股數(不含外資自營商)"":""-843,518"",""外資自營商買進股數"":""0"",""外資自營商賣出股數"":""0"",""外資自營商買賣超股數"":""0"",""投信買進股數"":""0"",""投信賣出股數"":""0"",""投信買賣超股數"":""0"",""自營商買賣超股數"":""210,960"",""自營商買進股數(自行買賣)"":""68,000"",""自營商賣出股數(自行買賣)"":""136,000"",""自營商買賣超股數(自行買賣)"":""-68,000"",""自營商買進股數(避險)"":""298,924"",""自營商賣出股數(避險)"":""19,964"",""自營商買賣超股數(避險)"":""278,960"",""三大法人買賣超股數"":""-632,558""}"
2026-09-29,TWSE,8210,勤誠            ,170082,803280,-633198,0,0,0,7175,13028,-9225,"{""證券代號"":""8210"",""證券名稱"":""勤誠            "",""外陸資買進股數(不含外資自營商)"":""170,082"",""外陸資賣出股數(不含外資自營商)"":""803,280"",""外陸資買賣超股數(不含外資自營商)"":""-633,198"",""外資自營商買進股數"":""0"",""外資自營商賣出股數"":""0"",""外資自營商買賣超股數"":""0"",""投信買進股數"":""0"",""投信賣出股數"":""0"",""投信買賣超股數"":""0"",""自營商買賣超股數"":""-9,225"",""自營商買進股數(自行買賣)"":""59,000"",""自營商賣出股數(自行買賣)"":""62,372"",""自營商買賣超股數(自行買賣)"":""-3,372"",""自營商買進股數(避險)"":""7,175"",""自營商賣出股數(避險)"":""13,028"",""自營商買賣超股數(避險)"":""-5,853"",""三大法人買賣超股數"":""-642,423""}"
2026-09-29,TWSE,6919,康霈*           ,383780,1015121,-631341,0,0,0,3000,17219,-14219,"{""證券代號"":""6919"",""證券名稱"":""康霈*           "",""外陸資買進股數(不含外資自營商)"":""383,780"",""外陸資賣出股數(不含外資自營商)"":""1,015,121"",""外陸資買賣超股數(不含外資自營商)"":""-631,341"",""外資自營商買進股數"":""0"",""外資自營商賣出股數"":""0"",""外資自營商買賣超股數"":""0"",""投信買進股數"":""0"",""投信賣出股數"":""0"",""投信買賣超股數"":""0"",""自營商買賣超股數"":""-14,219"",""自營商買進股數(自行買賣)"":""0"",""自營商賣出股數(自行買賣)"":""0"",""自營商買賣超股數(自行買賣)"":""0"",""自營商買進股數(避險)"":""3,000"",""自營商賣出股數(避險)"":""17,219"",""自營商買賣超股數(避險)"":""-14,219"",""三大法人買賣超股數"":""-645,560""}"
2026-09-29,TWSE,6949,沛爾生醫*-創    ,758000,1355429,-597429,0,0,0,27415,36013,-58598,"{""證券代號"":""6949"",""證券名稱"":""沛爾生醫*-創    "",""外陸資買進股數(不含外資自營商)"":""758,000"",""外陸資賣出股數(不含外資自營商)"":""1,355,429"",""外陸資買賣超股數(不含外資自營商)"":""-597,429"",""外資自營商買進股數"":""0"",""外資自營商賣出股數"":""0"",""外資自營商買賣超股數"":""0"",""投信買進股數"":""0"",""投信賣出股數"":""0"",""投信買賣超股數"":""0"",""自營商買賣超股數"":""-58,598"",""自營商買進股數(自行買賣)"":""0"",""自營商賣出股數(自行買賣)"":""50,000"",""自營商買賣超股數(自行買賣)"":""-50,000"",""自營商買進股數(避險)"":""27,415"",""自營商賣出股數(避險)"":""36,013"",""自營商買賣超股數(避險)"":""-8,598"",""三大法人買賣超股數"":""-656,027""}"
2026-09-29,TWSE,2903,遠百            ,200266,904000,-703734,0,0,0,0,0,34933,"{""證券代號"":""2903"",""證券名稱"":""遠百            "",""外陸資買進股數(不含外資自營商)"":""200,266"",""外陸資賣出股數(不含外資自營商)"":""904,000"",""外陸資買賣超股數(不含外資自營商)"":""-703,734"",""外資自營商買進股數"":""0"",""外資自營商賣出股數"":""0"",""外資自營商買賣超股數"":""0"",""投信買進股數"":""0"",""投信賣出股數"":""0"",""投信買賣超股數"":""0"",""自營商買賣超股數"":""34,933"",""自營商買進股數(自行買賣)"":""35,000"",""自營商賣出股數(自行買賣)"":""67"",""自營商買賣超股數(自行買賣)"":""34,933"",""自營商買進股數(避險)"":""0"",""自營商賣出股數(避險)"":""0"",""自營商買賣超股數(避險)"":""0"",""三大法人買賣超股數"":""-668,801""}"
2026-09-29,TWSE,2466,冠西電          ,286591,989509,-702918,0,0,0,0,0,2000,"{""證券代號"":""2466"",""證券名稱"":""冠西電          "",""外陸資買進股數(不含外資自營商)"":""286,591"",""外陸資賣出股數(不含外資自營商)"":""989,509"",""外陸資買賣超股數(不含外資自營商)"":""-702,918"",""外資自營商買進股數"":""0"",""外資自營商賣出股數"":""0"",""外資自營商買賣超股數"":""0"",""投信買進股數"":""0"",""投信賣出股數"":""0"",""投信買賣超股數"":""0"",""自營商買賣超股數"":""2,000"",""自營商買進股數(自行買賣)"":""2,000"",""自營商賣出股數(自行買賣)"":""0"",""自營商買賣超股數(自行買賣)"":""2,000"",""自營商買進股數(避險)"":""0"",""自營商賣出股數(避險)"":""0"",""自營商買賣超股數(避險)"":""0"",""三大法人買賣超股數"":""-700,918""}"
2026-09-29,TWSE,3703,欣陸            ,161000,862000,-701000,0,0,0,0,0,0,"{""證券代號"":""3703"",""證券名稱"":""欣陸            "",""外陸資買進股數(不含外資自營商)"":""161,000"",""外陸資賣出股數(不含外資自營商)"":""862,000"",""外陸資買賣超股數(不含外資自營商)"":""-701,000"",""外資自營商買進股數"":""0"",""外資自營商賣出股數"":""0"",""外資自營商買賣超股數"":""0"",""投信買進股數"":""0"",""投信賣出股數"":""0"",""投信買賣超股數"":""0"",""自營商買賣超股數"":""0"",""自營商買進股數(自行買賣)"":""0"",""自營商賣出股數(自行買賣)"":""0"",""自營商買賣超股數(自行買賣)"":""0"",""自營商買進股數(避險)"":""0"",""自營商賣出股數(避險)"":""0"",""自營商買賣超股數(避險)"":""0"",""三大法人買賣超股數"":""-701,000""}"
2026-09-29,TWSE,2406,國碩            ,744684,1462000,-717316,0,0,0,1429,668,4761,"{""證券代號"":""2406"",""證券名稱"":""國碩            "",""外陸資買進股數(不含外資自營商)"":""744,684"",""外陸資賣出股數(不含外資自營商)"":""1,462,000"",""外陸資買賣超股數(不含外資自營商)"":""-717,316"",""外資自營商買進股數"":""0"",""外資自營商賣出股數"":""0"",""外資自營商買賣超股數"":""0"",""投信買進股數"":""0"",""投信賣出股數"":""0"",""投信買賣超股數"":""0"",""自營商買賣超股數"":""4,761"",""自營商買進股數(自行買賣)"":""4,000"",""自營商賣出股數(自行買賣)"":""0"",""自營商買賣超股數(自行買賣)"":""4,000"",""自營商買進股數(避險)"":""1,429"",""自營商賣出股數(避險)"":""668"",""自營商買賣超股數(避險)"":""761"",""三大法人買賣超股數"":""-712,555""}"
2026-09-29,TWSE,6176,瑞儀            ,379165,1074000,-694835,0,30000,-30000,32000,37562,1438,"{""證券代號"":""6176"",""證券名稱"":""瑞儀            "",""外陸資買進股數(不含外資自營商)"":""379,165"",""外陸資賣出股數(不含外資自營商)"":""1,074,000"",""外陸資買賣超股數(不含外資自營商)"":""-694,835"",""外資自營商買進股數"":""0"",""外資自營商賣出股數"":""0"",""外資自營商買賣超股數"":""0"",""投信買進股數"":""0"",""投信賣出股數"":""30,000"",""投信買賣超股數"":""-30,000"",""自營商買賣超股數"":""1,438"",""自營商買進股數(自行買賣)"":""7,000"",""自營商賣出股數(自行買賣)"":""0"",""自營商買賣超股數(自行買賣)"":""7,000"",""自營商買進股數(避險)"":""32,000"",""自營商賣出股數(避險)"":""37,562"",""自營商買賣超股數(避險)"":""-5,562"",""三大法人買賣超股數"":""-723,397""}"
2026-09-29,TWSE,1304,台聚            ,914000,1532309,-618309,0,0,0,5000,120044,-115044,"{""證券代號"":""1304"",""證券名稱"":""台聚            "",""外陸資買進股數(不含外資自營商)"":""914,000"",""外陸資賣出股數(不含外資自營商)"":""1,532,309"",""外陸資買賣超股數(不含外資自營商)"":""-618,309"",""外資自營商買進股數"":""0"",""外資自營商賣出股數"":""0"",""外資自營商買賣超股數"":""0"",""投信買進股數"":""0"",""投信賣出股數"":""0"",""投信買賣超股數"":""0"",""自營商買賣超股數"":""-115,044"",""自營商買進股數(自行買賣)"":""0"",""自營商賣出股數(自行買賣)"":""0"",""自營商買賣超股數(自行買賣)"":""0"",""自營商買進股數(避險)"":""5,000"",""自營商賣出股數(避險)"":""120,044"",""自營商買賣超股數(避險)"":""-115,044"",""三大法人買賣超股數"":""-733,353""}"
2026-09-29,TWSE,3026,禾伸堂          ,1168290,2045747,-877457,195000,10000,185000,72280,75535,-56255,"{""證券代號"":""3026"",""證券名稱"":""禾伸堂          "",""外陸資買進股數(不含外資自營商)"":""1,168,290"",""外陸資賣出股數(不含外資自營商)"":""2,045,747"",""外陸資買賣超股數(不含外資自營商)"":""-877,457"",""外資自營商買進股數"":""0"",""外資自營商賣出股數"":""0"",""外資自營商買賣超股數"":""0"",""投信買進股數"":""195,000"",""投信賣出股數"":""10,000"",""投信買賣超股數"":""185,000"",""自營商買賣超股數"":""-56,255"",""自營商買進股數(自行買賣)"":""7,000"",""自營商賣出股數(自行買賣)"":""60,000"",""自營商買賣超股數(自行買賣)"":""-53,000"",""自營商買進股數(避險)"":""72,280"",""自營商賣出股數(避險)"":""75,535"",""自營商買賣超股數(避險)"":""-3,255"",""三大法人買賣超股數"":""-748,712""}"
2026-09-29,TWSE,8039,台虹            ,3888040,4897193,-1009153,70000,0,70000,325470,78763,187669,"{""證券代號"":""8039"",""證券名稱"":""台虹            "",""外陸資買進股數(不含外資自營商)"":""3,888,040"",""外陸資賣出股數(不含外資自營商)"":""4,897,193"",""外陸資買賣超股數(不含外資自營商)"":""-1,009,153"",""外資自營商買進股數"":""0"",""外資自營商賣出股數"":""0"",""外資自營商買賣超股數"":""0"",""投信買進股數"":""70,000"",""投信賣出股數"":""0"",""投信買賣超股數"":""70,000"",""自營商買賣超股數"":""187,669"",""自營商買進股數(自行買賣)"":""186,000"",""自營商賣出股數(自行買賣)"":""245,038"",""自營商買賣超股數(自行買賣)"":""-59,038"",""自營商買進股數(避險)"":""325,470"",""自營商賣出股數(避險)"":""78,763"",""自營商買賣超股數(避險)"":""246,707"",""三大法人買賣超股數"":""-751,484""}"
2026-09-29,TWSE,1440,南紡            ,773001,1547334,-774333,0,0,0,0,0,20000,"{""證券代號"":""1440"",""證券名稱"":""南紡            "",""外陸資買進股數(不含外資自營商)"":""773,001"",""外陸資賣出股數(不含外資自營商)"":""1,547,334"",""外陸資買賣超股數(不含外資自營商)"":""-774,333"",""外資自營商買進股數"":""0"",""外資自營商賣出股數"":""0"",""外資自營商買賣超股數"":""0"",""投信買進股數"":""0"",""投信賣出股數"":""0"",""投信買賣超股數"":""0"",""自營商買賣超股數"":""20,000"",""自營商買進股數(自行買賣)"":""26,000"",""自營商賣出股數(自行買賣)"":""6,000"",""自營商買賣超股數(自行買賣)"":""20,000"",""自營商買進股數(避險)"":""0"",""自營商賣出股數(避險)"":""0"",""自營商買賣超股數(避險)"":""0"",""三大法人買賣超股數"":""-754,333""}"
2026-09-29,TWSE,00663L,國泰臺灣加權正2 ,74000,84000,-10000,0,0,0,1179819,1939610,-759791,"{""證券代號"":""00663L"",""證券名稱"":""國泰臺灣加權正2 "",""外陸資買進股數(不含外資自營商)"":""74,000"",""外陸資賣出股數(不含外資自營商)"":""84,000"",""外陸資買賣超股數(不含外資自營商)"":""-10,000"",""外資自營商買進股數"":""0"",""外資自營商賣出股數"":""0"",""外資自營商買賣超股數"":""0"",""投信買進股數"":""0"",""投信賣出股數"":""0"",""投信買賣超股數"":""0"",""自營商買賣超股數"":""-759,791"",""自營商買進股數(自行買賣)"":""0"",""自營商賣出股數(自行買賣)"":""0"",""自營商買賣超股數(自行買賣)"":""0"",""自營商買進股數(避險)"":""1,179,819"",""自營商賣出股數(避險)"":""1,939,610"",""自營商買賣超股數(避險)"":""-759,791"",""三大法人買賣超股數"":""-769,791""}"
2026-09-29,TWSE,1608,華榮            ,216366,1065000,-848634,0,0,0,2000,3787,4213,"{""證券代號"":""1608"",""證券名稱"":""華榮            "",""外陸資買進股數(不含外資自營商)"":""216,366"",""外陸資賣出股數(不含外資自營商)"":""1,065,000"",""外陸資買賣超股數(不含外資自營商)"":""-848,634"",""外資自營商買進股數"":""0"",""外資自營商賣出股數"":""0"",""外資自營商買賣超股數"":""0"",""投信買進股數"":""0"",""投信賣出股數"":""0"",""投信買賣超股數"":""0"",""自營商買賣超股數"":""4,213"",""自營商買進股數(自行買賣)"":""10,000"",""自營商賣出股數(自行買賣)"":""4,000"",""自營商買賣超股數(自行買賣)"":""6,000"",""自營商買進股數(避險)"":""2,000"",""自營商賣出股數(避險)"":""3,787"",""自營商買賣超股數(避險)"":""-1,787"",""三大法人買賣超股數"":""-844,421""}"
2026-09-29,TWSE,1904,正隆            ,542169,1423645,-881476,0,0,0,50000,49000,13000,"{""證券代號"":""1904"",""證券名稱"":""正隆            "",""外陸資買進股數(不含外資自營商)"":""542,169"",""外陸資賣出股數(不含外資自營商)"":""1,423,645"",""外陸資買賣超股數(不含外資自營商)"":""-881,476"",""外資自營商買進股數"":""0"",""外資自營商賣出股數"":""0"",""外資自營商買賣超股數"":""0"",""投信買進股數"":""0"",""投信賣出股數"":""0"",""投信買賣超股數"":""0"",""自營商買賣超股數"":""13,000"",""自營商買進股數(自行買賣)"":""30,000"",""自營商賣出股數(自行買賣)"":""18,000"",""自營商買賣超股數(自行買賣)"":""12,000"",""自營商買進股數(避險)"":""50,000"",""自營商賣出股數(避險)"":""49,000"",""自營商買賣超股數(避險)"":""1,000"",""三大法人買賣超股數"":""-868,476""}"
2026-09-29,TWSE,4763,材料*-KY        ,2820130,3748224,-928094,8000,0,8000,41664,16242,30422,"{""證券代號"":""4763"",""證券名稱"":""材料*-KY        "",""外陸資買進股數(不含外資自營商)"":""2,820,130"",""外陸資賣出股數(不含外資自營商)"":""3,748,224"",""外陸資買賣超股數(不含外資自營商)"":""-928,094"",""外資自營商買進股數"":""0"",""外資自營商賣出股數"":""0"",""外資自營商買賣超股數"":""0"",""投信買進股數"":""8,000"",""投信賣出股數"":""0"",""投信買賣超股數"":""8,000"",""自營商買賣超股數"":""30,422"",""自營商買進股數(自行買賣)"":""5,000"",""自營商賣出股數(自行買賣)"":""0"",""自營商買賣超股數(自行買賣)"":""5,000"",""自營商買進股數(避險)"":""41,664"",""自營商賣出股數(避險)"":""16,242"",""自營商買賣超股數(避險)"":""25,422"",""三大法人買賣超股數"":""-889,672""}"
2026-09-29,TWSE,3017,奇鋐            ,1670951,2123743,-452792,61000,574100,-513100,202227,190367,46804,"{""證券代號"":""3017"",""證券名稱"":""奇鋐            "",""外陸資買進股數(不含外資自營商)"":""1,670,951"",""外陸資賣出股數(不含外資自營商)"":""2,123,743"",""外陸資買賣超股數(不含外資自營商)"":""-452,792"",""外資自營商買進股數"":""0"",""外資自營商賣出股數"":""0"",""外資自營商買賣超股數"":""0"",""投信買進股數"":""61,000"",""投信賣出股數"":""574,100"",""投信買賣超股數"":""-513,100"",""自營商買賣超股數"":""46,804"",""自營商買進股數(自行買賣)"":""95,500"",""自營商賣出股數(自行買賣)"":""60,556"",""自營商買賣超股數(自行買賣)"":""34,944"",""自營商買進股數(避險)"":""202,227"",""自營商賣出股數(避險)"":""190,367"",""自營商買賣超股數(避險)"":""11,860"",""三大法人買賣超股數"":""-919,088""}"
2026-09-29,TWSE,9933,中鼎            ,285010,1281751,-996741,1000,0,1000,0,0,68757,"{""證券代號"":""9933"",""證券名稱"":""中鼎            "",""外陸資買進股數(不含外資自營商)"":""285,010"",""外陸資賣出股數(不含外資自營商)"":""1,281,751"",""外陸資買賣超股數(不含外資自營商)"":""-996,741"",""外資自營商買進股數"":""0"",""外資自營商賣出股數"":""0"",""外資自營商買賣超股數"":""0"",""投信買進股數"":""1,000"",""投信賣出股數"":""0"",""投信買賣超股數"":""1,000"",""自營商買賣超股數"":""68,757"",""自營商買進股數(自行買賣)"":""73,000"",""自營商賣出股數(自行買賣)"":""4,243"",""自營商買賣超股數(自行買賣)"":""68,757"",""自營商買進股數(避險)"":""0"",""自營商賣出股數(避險)"":""0"",""自營商買賣超股數(避險)"":""0"",""三大法人買賣超股數"":""-926,984""}"
2026-09-29,TWSE,1609,大亞            ,817827,1755210,-937383,0,0,0,0,1562,-1562,"{""證券代號"":""1609"",""證券名稱"":""大亞            "",""外陸資買進股數(不含外資自營商)"":""817,827"",""外陸資賣出股數(不含外資自營商)"":""1,755,210"",""外陸資買賣超股數(不含外資自營商)"":""-937,383"",""外資自營商買進股數"":""0"",""外資自營商賣出股數"":""0"",""外資自營商買賣超股數"":""0"",""投信買進股數"":""0"",""投信賣出股數"":""0"",""投信買賣超股數"":""0"",""自營商買賣超股數"":""-1,562"",""自營商買進股數(自行買賣)"":""0"",""自營商賣出股數(自行買賣)"":""0"",""自營商買賣超股數(自行買賣)"":""0"",""自營商買進股數(避險)"":""0"",""自營商賣出股數(避險)"":""1,562"",""自營商買賣超股數(避險)"":""-1,562"",""三大法人買賣超股數"":""-938,945""}"
2026-09-29,TWSE,2885,元大金          ,12815696,15766381,-2950685,2278000,947000,1331000,762528,104984,679344,"{""證券代號"":""2885"",""證券名稱"":""元大金          "",""外陸資買進股數(不含外資自營商)"":""12,815,696"",""外陸資賣出股數(不含外資自營商)"":""15,766,381"",""外陸資買賣超股數(不含外資自營商)"":""-2,950,685"",""外資自營商買進股數"":""0"",""外資自營商賣出股數"":""0"",""外資自營商買賣超股數"":""0"",""投信買進股數"":""2,278,000"",""投信賣出股數"":""947,000"",""投信買賣超股數"":""1,331,000"",""自營商買賣超股數"":""679,344"",""自營商買進股數(自行買賣)"":""80,000"",""自營商賣出股數(自行買賣)"":""58,200"",""自營商買賣超股數(自行買賣)"":""21,800"",""自營商買進股數(避險)"":""762,528"",""自營商賣出股數(避險)"":""104,984"",""自營商買賣超股數(避險)"":""657,544"",""三大法人買賣超股數"":""-940,341""}"
2026-09-29,TWSE,6672,騰輝電子-KY     ,2105015,3005010,-899995,0,0,0,69730,104319,-47589,"{""證券代號"":""6672"",""證券名稱"":""騰輝電子-KY     "",""外陸資買進股數(不含外資自營商)"":""2,105,015"",""外陸資賣出股數(不含外資自營商)"":""3,005,010"",""外陸資買賣超股數(不含外資自營商)"":""-899,995"",""外資自營商買進股數"":""0"",""外資自營商賣出股數"":""0"",""外資自營商買賣超股數"":""0"",""投信買進股數"":""0"",""投信賣出股數"":""0"",""投信買賣超股數"":""0"",""自營商買賣超股數"":""-47,589"",""自營商買進股數(自行買賣)"":""4,000"",""自營商賣出股數(自行買賣)"":""17,000"",""自營商買賣超股數(自行買賣)"":""-13,000"",""自營商買進股數(避險)"":""69,730"",""自營商賣出股數(避險)"":""104,319"",""自營商買賣超股數(避險)"":""-34,589"",""三大法人買賣超股數"":""-947,584""}"
2026-09-29,TWSE,6285,啟碁            ,904553,1789417,-884864,2000,0,2000,55976,173634,-121658,"{""證券代號"":""6285"",""證券名稱"":""啟碁            "",""外陸資買進股數(不含外資自營商)"":""904,553"",""外陸資賣出股數(不含外資自營商)"":""1,789,417"",""外陸資買賣超股數(不含外資自營商)"":""-884,864"",""外資自營商買進股數"":""0"",""外資自營商賣出股數"":""0"",""外資自營商買賣超股數"":""0"",""投信買進股數"":""2,000"",""投信賣出股數"":""0"",""投信買賣超股數"":""2,000"",""自營商買賣超股數"":""-121,658"",""自營商買進股數(自行買賣)"":""14,000"",""自營商賣出股數(自行買賣)"":""18,000"",""自營商買賣超股數(自行買賣)"":""-4,000"",""自營商買進股數(避險)"":""55,976"",""自營商賣出股數(避險)"":""173,634"",""自營商買賣超股數(避險)"":""-117,658"",""三大法人買賣超股數"":""-1,004,522""}"
2026-09-29,TWSE,6155,鈞寶            ,1274610,2338144,-1063534,0,0,0,43735,4107,46626,"{""證券代號"":""6155"",""證券名稱"":""鈞寶            "",""外陸資買進股數(不含外資自營商)"":""1,274,610"",""外陸資賣出股數(不含外資自營商)"":""2,338,144"",""外陸資買賣超股數(不含外資自營商)"":""-1,063,534"",""外資自營商買進股數"":""0"",""外資自營商賣出股數"":""0"",""外資自營商買賣超股數"":""0"",""投信買進股數"":""0"",""投信賣出股數"":""0"",""投信買賣超股數"":""0"",""自營商買賣超股數"":""46,626"",""自營商買進股數(自行買賣)"":""7,000"",""自營商賣出股數(自行買賣)"":""2"",""自營商買賣超股數(自行買賣)"":""6,998"",""自營商買進股數(避險)"":""43,735"",""自營商賣出股數(避險)"":""4,107"",""自營商買賣超股數(避險)"":""39,628"",""三大法人買賣超股數"":""-1,016,908""}"
2026-09-29,TWSE,2634,漢翔            ,433144,1529000,-1095856,2000,0,2000,24954,11106,11848,"{""證券代號"":""2634"",""證券名稱"":""漢翔            "",""外陸資買進股數(不含外資自營商)"":""433,144"",""外陸資賣出股數(不含外資自營商)"":""1,529,000"",""外陸資買賣超股數(不含外資自營商)"":""-1,095,856"",""外資自營商買進股數"":""0"",""外資自營商賣出股數"":""0"",""外資自營商買賣超股數"":""0"",""投信買進股數"":""2,000"",""投信賣出股數"":""0"",""投信買賣超股數"":""2,000"",""自營商買賣超股數"":""11,848"",""自營商買進股數(自行買賣)"":""0"",""自營商賣出股數(自行買賣)"":""2,000"",""自營商買賣超股數(自行買賣)"":""-2,000"",""自營商買進股數(避險)"":""24,954"",""自營商賣出股數(避險)"":""11,106"",""自營商買賣超股數(避險)"":""13,848"",""三大法人買賣超股數"":""-1,082,008""}"
2026-09-29,TWSE,009805,台新美國電力基建,34180,493000,-458820,0,0,0,105000,739639,-624639,"{""證券代號"":""009805"",""證券名稱"":""台新美國電力基建"",""外陸資買進股數(不含外資自營商)"":""34,180"",""外陸資賣出股數(不含外資自營商)"":""493,000"",""外陸資買賣超股數(不含外資自營商)"":""-458,820"",""外資自營商買進股數"":""0"",""外資自營商賣出股數"":""0"",""外資自營商買賣超股數"":""0"",""投信買進股數"":""0"",""投信賣出股數"":""0"",""投信買賣超股數"":""0"",""自營商買賣超股數"":""-624,639"",""自營商買進股數(自行買賣)"":""10,000"",""自營商賣出股數(自行買賣)"":""0"",""自營商買賣超股數(自行買賣)"":""10,000"",""自營商買進股數(避險)"":""105,000"",""自營商賣出股數(避險)"":""739,639"",""自營商買賣超股數(避險)"":""-634,639"",""三大法人買賣超股數"":""-1,083,459""}"
2026-09-29,TWSE,00655L,國泰中國A50正2  ,120000,14000,106000,0,0,0,361522,1553403,-1191881,"{""證券代號"":""00655L"",""證券名稱"":""國泰中國A50正2  "",""外陸資買進股數(不含外資自營商)"":""120,000"",""外陸資賣出股數(不含外資自營商)"":""14,000"",""外陸資買賣超股數(不含外資自營商)"":""106,000"",""外資自營商買進股數"":""0"",""外資自營商賣出股數"":""0"",""外資自營商買賣超股數"":""0"",""投信買進股數"":""0"",""投信賣出股數"":""0"",""投信買賣超股數"":""0"",""自營商買賣超股數"":""-1,191,881"",""自營商買進股數(自行買賣)"":""0"",""自營商賣出股數(自行買賣)"":""0"",""自營商買賣超股數(自行買賣)"":""0"",""自營商買進股數(避險)"":""361,522"",""自營商賣出股數(避險)"":""1,553,403"",""自營商買賣超股數(避險)"":""-1,191,881"",""三大法人買賣超股數"":""-1,085,881""}"
2026-09-29,TWSE,4919,新唐            ,2285219,3458534,-1173315,11000,0,11000,87135,81637,26498,"{""證券代號"":""4919"",""證券名稱"":""新唐            "",""外陸資買進股數(不含外資自營商)"":""2,285,219"",""外陸資賣出股數(不含外資自營商)"":""3,458,534"",""外陸資買賣超股數(不含外資自營商)"":""-1,173,315"",""外資自營商買進股數"":""0"",""外資自營商賣出股數"":""0"",""外資自營商買賣超股數"":""0"",""投信買進股數"":""11,000"",""投信賣出股數"":""0"",""投信買賣超股數"":""11,000"",""自營商買賣超股數"":""26,498"",""自營商買進股數(自行買賣)"":""45,000"",""自營商賣出股數(自行買賣)"":""24,000"",""自營商買賣超股數(自行買賣)"":""21,000"",""自營商買進股數(避險)"":""87,135"",""自營商賣出股數(避險)"":""81,637"",""自營商買賣超股數(避險)"":""5,498"",""三大法人買賣超股數"":""-1,135,817""}"
2026-09-29,TWSE,2836,高雄銀          ,274510,1446000,-1171490,0,0,0,0,0,0,"{""證券代號"":""2836"",""證券名稱"":""高雄銀          "",""外陸資買進股數(不含外資自營商)"":""274,510"",""外陸資賣出股數(不含外資自營商)"":""1,446,000"",""外陸資買賣超股數(不含外資自營商)"":""-1,171,490"",""外資自營商買進股數"":""0"",""外資自營商賣出股數"":""0"",""外資自營商買賣超股數"":""0"",""投信買進股數"":""0"",""投信賣出股數"":""0"",""投信買賣超股數"":""0"",""自營商買賣超股數"":""0"",""自營商買進股數(自行買賣)"":""0"",""自營商賣出股數(自行買賣)"":""0"",""自營商買賣超股數(自行買賣)"":""0"",""自營商買進股數(避險)"":""0"",""自營商賣出股數(避險)"":""0"",""自營商買賣超股數(避險)"":""0"",""三大法人買賣超股數"":""-1,171,490""}"
2026-09-29,TWSE,2504,國產            ,278000,1525622,-1247622,35499,6000,29499,0,14000,14758,"{""證券代號"":""2504"",""證券名稱"":""國產            "",""外陸資買進股數(不含外資自營商)"":""278,000"",""外陸資賣出股數(不含外資自營商)"":""1,525,622"",""外陸資買賣超股數(不含外資自營商)"":""-1,247,622"",""外資自營商買進股數"":""0"",""外資自營商賣出股數"":""0"",""外資自營商買賣超股數"":""0"",""投信買進股數"":""35,499"",""投信賣出股數"":""6,000"",""投信買賣超股數"":""29,499"",""自營商買賣超股數"":""14,758"",""自營商買進股數(自行買賣)"":""29,000"",""自營商賣出股數(自行買賣)"":""242"",""自營商買賣超股數(自行買賣)"":""28,758"",""自營商買進股數(避險)"":""0"",""自營商賣出股數(避險)"":""14,000"",""自營商買賣超股數(避險)"":""-14,000"",""三大法人買賣超股數"":""-1,203,365""}"
2026-09-29,TWSE,9907,統一實          ,810140,2086000,-1275860,46305,0,46305,0,0,212,"{""證券代號"":""9907"",""證券名稱"":""統一實          "",""外陸資買進股數(不含外資自營商)"":""810,140"",""外陸資賣出股數(不含外資自營商)"":""2,086,000"",""外陸資買賣超股數(不含外資自營商)"":""-1,275,860"",""外資自營商買進股數"":""0"",""外資自營商賣出股數"":""0"",""外資自營商買賣超股數"":""0"",""投信買進股數"":""46,305"",""投信賣出股數"":""0"",""投信買賣超股數"":""46,305"",""自營商買賣超股數"":""212"",""自營商買進股數(自行買賣)"":""1,000"",""自營商賣出股數(自行買賣)"":""788"",""自營商買賣超股數(自行買賣)"":""212"",""自營商買進股數(避險)"":""0"",""自營商賣出股數(避險)"":""0"",""自營商買賣超股數(避險)"":""0"",""三大法人買賣超股數"":""-1,229,343""}"
2026-09-29,TWSE,2354,鴻準            ,1283103,2366274,-1083171,2000,0,2000,14000,165206,-157206,"{""證券代號"":""2354"",""證券名稱"":""鴻準            "",""外陸資買進股數(不含外資自營商)"":""1,283,103"",""外陸資賣出股數(不含外資自營商)"":""2,366,274"",""外陸資買賣超股數(不含外資自營商)"":""-1,083,171"",""外資自營商買進股數"":""0"",""外資自營商賣出股數"":""0"",""外資自營商買賣超股數"":""0"",""投信買進股數"":""2,000"",""投信賣出股數"":""0"",""投信買賣超股數"":""2,000"",""自營商買賣超股數"":""-157,206"",""自營商買進股數(自行買賣)"":""2,000"",""自營商賣出股數(自行買賣)"":""8,000"",""自營商買賣超股數(自行買賣)"":""-6,000"",""自營商買進股數(避險)"":""14,000"",""自營商賣出股數(避險)"":""165,206"",""自營商買賣超股數(避險)"":""-151,206"",""三大法人買賣超股數"":""-1,238,377""}"
2026-09-29,TWSE,3031,佰鴻            ,1825663,3073000,-1247337,0,0,0,0,0,-2746,"{""證券代號"":""3031"",""證券名稱"":""佰鴻            "",""外陸資買進股數(不含外資自營商)"":""1,825,663"",""外陸資賣出股數(不含外資自營商)"":""3,073,000"",""外陸資買賣超股數(不含外資自營商)"":""-1,247,337"",""外資自營商買進股數"":""0"",""外資自營商賣出股數"":""0"",""外資自營商買賣超股數"":""0"",""投信買進股數"":""0"",""投信賣出股數"":""0"",""投信買賣超股數"":""0"",""自營商買賣超股數"":""-2,746"",""自營商買進股數(自行買賣)"":""12,000"",""自營商賣出股數(自行買賣)"":""14,746"",""自營商買賣超股數(自行買賣)"":""-2,746"",""自營商買進股數(避險)"":""0"",""自營商賣出股數(避險)"":""0"",""自營商買賣超股數(避險)"":""0"",""三大法人買賣超股數"":""-1,250,083""}"
2026-09-29,TWSE,2646,星宇航空        ,347200,1531099,-1183899,2000,0,2000,0,26000,-76000,"{""證券代號"":""2646"",""證券名稱"":""星宇航空        "",""外陸資買進股數(不含外資自營商)"":""347,200"",""外陸資賣出股數(不含外資自營商)"":""1,531,099"",""外陸資買賣超股數(不含外資自營商)"":""-1,183,899"",""外資自營商買進股數"":""0"",""外資自營商賣出股數"":""0"",""外資自營商買賣超股數"":""0"",""投信買進股數"":""2,000"",""投信賣出股數"":""0"",""投信買賣超股數"":""2,000"",""自營商買賣超股數"":""-76,000"",""自營商買進股數(自行買賣)"":""0"",""自營商賣出股數(自行買賣)"":""50,000"",""自營商買賣超股數(自行買賣)"":""-50,000"",""自營商買進股數(避險)"":""0"",""自營商賣出股數(避險)"":""26,000"",""自營商買賣超股數(避險)"":""-26,000"",""三大法人買賣超股數"":""-1,257,899""}"
2026-09-29,TWSE,2104,國際中橡        ,1503000,2806346,-1303346,0,0,0,0,0,30773,"{""證券代號"":""2104"",""證券名稱"":""國際中橡        "",""外陸資買進股數(不含外資自營商)"":""1,503,000"",""外陸資賣出股數(不含外資自營商)"":""2,806,346"",""外陸資買賣超股數(不含外資自營商)"":""-1,303,346"",""外資自營商買進股數"":""0"",""外資自營商賣出股數"":""0"",""外資自營商買賣超股數"":""0"",""投信買進股數"":""0"",""投信賣出股數"":""0"",""投信買賣超股數"":""0"",""自營商買賣超股數"":""30,773"",""自營商買進股數(自行買賣)"":""31,000"",""自營商賣出股數(自行買賣)"":""227"",""自營商買賣超股數(自行買賣)"":""30,773"",""自營商買進股數(避險)"":""0"",""自營商賣出股數(避險)"":""0"",""自營商買賣超股數(避險)"":""0"",""三大法人買賣超股數"":""-1,272,573""}"
2026-09-29,TWSE,3042,晶技            ,9457555,12096236,-2638681,1051000,1000,1050000,496544,348313,315231,"{""證券代號"":""3042"",""證券名稱"":""晶技            "",""外陸資買進股數(不含外資自營商)"":""9,457,555"",""外陸資賣出股數(不含外資自營商)"":""12,096,236"",""外陸資買賣超股數(不含外資自營商)"":""-2,638,681"",""外資自營商買進股數"":""0"",""外資自營商賣出股數"":""0"",""外資自營商買賣超股數"":""0"",""投信買進股數"":""1,051,000"",""投信賣出股數"":""1,000"",""投信買賣超股數"":""1,050,000"",""自營商買賣超股數"":""315,231"",""自營商買進股數(自行買賣)"":""345,000"",""自營商賣出股數(自行買賣)"":""178,000"",""自營商買賣超股數(自行買賣)"":""167,000"",""自營商買進股數(避險)"":""496,544"",""自營商賣出股數(避險)"":""348,313"",""自營商買賣超股數(避險)"":""148,231"",""三大法人買賣超股數"":""-1,273,450""}"
2026-09-29,TWSE,1216,統一            ,3471035,5190764,-1719729,0,69000,-69000,491808,2000,494144,"{""證券代號"":""1216"",""證券名稱"":""統一            "",""外陸資買進股數(不含外資自營商)"":""3,471,035"",""外陸資賣出股數(不含外資自營商)"":""5,190,764"",""外陸資買賣超股數(不含外資自營商)"":""-1,719,729"",""外資自營商買進股數"":""0"",""外資自營商賣出股數"":""0"",""外資自營商買賣超股數"":""0"",""投信買進股數"":""0"",""投信賣出股數"":""69,000"",""投信買賣超股數"":""-69,000"",""自營商買賣超股數"":""494,144"",""自營商買進股數(自行買賣)"":""5,000"",""自營商賣出股數(自行買賣)"":""664"",""自營商買賣超股數(自行買賣)"":""4,336"",""自營商買進股數(避險)"":""491,808"",""自營商賣出股數(避險)"":""2,000"",""自營商買賣超股數(避險)"":""489,808"",""三大法人買賣超股數"":""-1,294,585""}"
2026-09-29,TWSE,00865B,國泰US短期公債  ,50000,262000,-212000,0,0,0,0,1098137,-1098137,"{""證券代號"":""00865B"",""證券名稱"":""國泰US短期公債  "",""外陸資買進股數(不含外資自營商)"":""50,000"",""外陸資賣出股數(不含外資自營商)"":""262,000"",""外陸資買賣超股數(不含外資自營商)"":""-212,000"",""外資自營商買進股數"":""0"",""外資自營商賣出股數"":""0"",""外資自營商買賣超股數"":""0"",""投信買進股數"":""0"",""投信賣出股數"":""0"",""投信買賣超股數"":""0"",""自營商買賣超股數"":""-1,098,137"",""自營商買進股數(自行買賣)"":""0"",""自營商賣出股數(自行買賣)"":""0"",""自營商買賣超股數(自行買賣)"":""0"",""自營商買進股數(避險)"":""0"",""自營商賣出股數(避險)"":""1,098,137"",""自營商買賣超股數(避險)"":""-1,098,137"",""三大法人買賣超股數"":""-1,310,137""}"
2026-09-29,TWSE,2345,智邦            ,1930141,2562236,-632095,11480,747526,-736046,115761,118624,1908,"{""證券代號"":""2345"",""證券名稱"":""智邦            "",""外陸資買進股數(不含外資自營商)"":""1,930,141"",""外陸資賣出股數(不含外資自營商)"":""2,562,236"",""外陸資買賣超股數(不含外資自營商)"":""-632,095"",""外資自營商買進股數"":""0"",""外資自營商賣出股數"":""0"",""外資自營商買賣超股數"":""0"",""投信買進股數"":""11,480"",""投信賣出股數"":""747,526"",""投信買賣超股數"":""-736,046"",""自營商買賣超股數"":""1,908"",""自營商買進股數(自行買賣)"":""54,300"",""自營商賣出股數(自行買賣)"":""49,529"",""自營商買賣超股數(自行買賣)"":""4,771"",""自營商買進股數(避險)"":""115,761"",""自營商賣出股數(避險)"":""118,624"",""自營商買賣超股數(避險)"":""-2,863"",""三大法人買賣超股數"":""-1,366,233""}"
2026-09-29,TWSE,5880,合庫金          ,9559066,11810013,-2250947,16000,17000,-1000,261000,110348,846568,"{""證券代號"":""5880"",""證券名稱"":""合庫金          "",""外陸資買進股數(不含外資自營商)"":""9,559,066"",""外陸資賣出股數(不含外資自營商)"":""11,810,013"",""外陸資買賣超股數(不含外資自營商)"":""-2,250,947"",""外資自營商買進股數"":""0"",""外資自營商賣出股數"":""0"",""外資自營商買賣超股數"":""0"",""投信買進股數"":""16,000"",""投信賣出股數"":""17,000"",""投信買賣超股數"":""-1,000"",""自營商買賣超股數"":""846,568"",""自營商買進股數(自行買賣)"":""709,000"",""自營商賣出股數(自行買賣)"":""13,084"",""自營商買賣超股數(自行買賣)"":""695,916"",""自營商買進股數(避險)"":""261,000"",""自營商賣出股數(避險)"":""110,348"",""自營商買賣超股數(避險)"":""150,652"",""三大法人買賣超股數"":""-1,405,379""}"
2026-09-29,TWSE,2801,彰銀            ,14239847,15520990,-1281143,13000,111000,-98000,119000,106763,-27763,"{""證券代號"":""2801"",""證券名稱"":""彰銀            "",""外陸資買進股數(不含外資自營商)"":""14,239,847"",""外陸資賣出股數(不含外資自營商)"":""15,520,990"",""外陸資買賣超股數(不含外資自營商)"":""-1,281,143"",""外資自營商買進股數"":""0"",""外資自營商賣出股數"":""0"",""外資自營商買賣超股數"":""0"",""投信買進股數"":""13,000"",""投信賣出股數"":""111,000"",""投信買賣超股數"":""-98,000"",""自營商買賣超股數"":""-27,763"",""自營商買進股數(自行買賣)"":""31,000"",""自營商賣出股數(自行買賣)"":""71,000"",""自營商買賣超股數(自行買賣)"":""-40,000"",""自營商買進股數(避險)"":""119,000"",""自營商賣出股數(避險)"":""106,763"",""自營商買賣超股數(避險)"":""12,237"",""三大法人買賣超股數"":""-1,406,906""}"
2026-09-29,TWSE,1708,東鹼            ,541217,2014589,-1473372,0,0,0,9364,21188,-11824,"{""證券代號"":""1708"",""證券名稱"":""東鹼            "",""外陸資買進股數(不含外資自營商)"":""541,217"",""外陸資賣出股數(不含外資自營商)"":""2,014,589"",""外陸資買賣超股數(不含外資自營商)"":""-1,473,372"",""外資自營商買進股數"":""0"",""外資自營商賣出股數"":""0"",""外資自營商買賣超股數"":""0"",""投信買進股數"":""0"",""投信賣出股數"":""0"",""投信買賣超股數"":""0"",""自營商買賣超股數"":""-11,824"",""自營商買進股數(自行買賣)"":""0"",""自營商賣出股數(自行買賣)"":""0"",""自營商買賣超股數(自行買賣)"":""0"",""自營商買進股數(避險)"":""9,364"",""自營商賣出股數(避險)"":""21,188"",""自營商買賣超股數(避險)"":""-11,824"",""三大法人買賣超股數"":""-1,485,196""}"
2026-09-29,TWSE,2880,華南金          ,7879707,10706445,-2826738,14000,67000,-53000,1392633,14097,1385118,"{""證券代號"":""2880"",""證券名稱"":""華南金          "",""外陸資買進股數(不含外資自營商)"":""7,879,707"",""外陸資賣出股數(不含外資自營商)"":""10,706,445"",""外陸資買賣超股數(不含外資自營商)"":""-2,826,738"",""外資自營商買進股數"":""0"",""外資自營商賣出股數"":""0"",""外資自營商買賣超股數"":""0"",""投信買進股數"":""14,000"",""投信賣出股數"":""67,000"",""投信買賣超股數"":""-53,000"",""自營商買賣超股數"":""1,385,118"",""自營商買進股數(自行買賣)"":""76,000"",""自營商賣出股數(自行買賣)"":""69,418"",""自營商買賣超股數(自行買賣)"":""6,582"",""自營商買進股數(避險)"":""1,392,633"",""自營商賣出股數(避險)"":""14,097"",""自營商買賣超股數(避險)"":""1,378,536"",""三大法人買賣超股數"":""-1,494,620""}"
2026-09-29,TWSE,6531,愛普*           ,1341135,2735129,-1393994,0,5000,-5000,136037,148556,-96610,"{""證券代號"":""6531"",""證券名稱"":""愛普*           "",""外陸資買進股數(不含外資自營商)"":""1,341,135"",""外陸資賣出股數(不含外資自營商)"":""2,735,129"",""外陸資買賣超股數(不含外資自營商)"":""-1,393,994"",""外資自營商買進股數"":""0"",""外資自營商賣出股數"":""0"",""外資自營商買賣超股數"":""0"",""投信買進股數"":""0"",""投信賣出股數"":""5,000"",""投信買賣超股數"":""-5,000"",""自營商買賣超股數"":""-96,610"",""自營商買進股數(自行買賣)"":""14,000"",""自營商賣出股數(自行買賣)"":""98,091"",""自營商買賣超股數(自行買賣)"":""-84,091"",""自營商買進股數(避險)"":""136,037"",""自營商賣出股數(避險)"":""148,556"",""自營商買賣超股數(避險)"":""-12,519"",""三大法人買賣超股數"":""-1,495,604""}"
2026-09-29,TWSE,9945,潤泰新          ,3016000,4500000,-1484000,0,0,0,4000,25097,-21316,"{""證券代號"":""9945"",""證券名稱"":""潤泰新          "",""外陸資買進股數(不含外資自營商)"":""3,016,000"",""外陸資賣出股數(不含外資自營商)"":""4,500,000"",""外陸資買賣超股數(不含外資自營商)"":""-1,484,000"",""外資自營商買進股數"":""0"",""外資自營商賣出股數"":""0"",""外資自營商買賣超股數"":""0"",""投信買進股數"":""0"",""投信賣出股數"":""0"",""投信買賣超股數"":""0"",""自營商買賣超股數"":""-21,316"",""自營商買進股數(自行買賣)"":""13,200"",""自營商賣出股數(自行買賣)"":""13,419"",""自營商買賣超股數(自行買賣)"":""-219"",""自營商買進股數(避險)"":""4,000"",""自營商賣出股數(避險)"":""25,097"",""自營商買賣超股數(避險)"":""-21,097"",""三大法人買賣超股數"":""-1,505,316""}"
2026-09-29,TWSE,2637,慧洋-KY         ,1639433,3137436,-1498003,1000,0,1000,0,33573,-29949,"{""證券代號"":""2637"",""證券名稱"":""慧洋-KY         "",""外陸資買進股數(不含外資自營商)"":""1,639,433"",""外陸資賣出股數(不含外資自營商)"":""3,137,436"",""外陸資買賣超股數(不含外資自營商)"":""-1,498,003"",""外資自營商買進股數"":""0"",""外資自營商賣出股數"":""0"",""外資自營商買賣超股數"":""0"",""投信買進股數"":""1,000"",""投信賣出股數"":""0"",""投信買賣超股數"":""1,000"",""自營商買賣超股數"":""-29,949"",""自營商買進股數(自行買賣)"":""17,000"",""自營商賣出股數(自行買賣)"":""13,376"",""自營商買賣超股數(自行買賣)"":""3,624"",""自營商買進股數(避險)"":""0"",""自營商賣出股數(避險)"":""33,573"",""自營商買賣超股數(避險)"":""-33,573"",""三大法人買賣超股數"":""-1,526,952""}"
2026-09-29,TWSE,00405A,主動富邦台灣龍耀,5978610,7507245,-1528635,0,0,0,9151521,9158404,-7883,"{""證券代號"":""00405A"",""證券名稱"":""主動富邦台灣龍耀"",""外陸資買進股數(不含外資自營商)"":""5,978,610"",""外陸資賣出股數(不含外資自營商)"":""7,507,245"",""外陸資買賣超股數(不含外資自營商)"":""-1,528,635"",""外資自營商買進股數"":""0"",""外資自營商賣出股數"":""0"",""外資自營商買賣超股數"":""0"",""投信買進股數"":""0"",""投信賣出股數"":""0"",""投信買賣超股數"":""0"",""自營商買賣超股數"":""-7,883"",""自營商買進股數(自行買賣)"":""0"",""自營商賣出股數(自行買賣)"":""1,000"",""自營商買賣超股數(自行買賣)"":""-1,000"",""自營商買進股數(避險)"":""9,151,521"",""自營商賣出股數(避險)"":""9,158,404"",""自營商買賣超股數(避險)"":""-6,883"",""三大法人買賣超股數"":""-1,536,518""}"
2026-09-29,TWSE,5388,中磊            ,174027,1719418,-1545391,0,0,0,8000,17453,5843,"{""證券代號"":""5388"",""證券名稱"":""中磊            "",""外陸資買進股數(不含外資自營商)"":""174,027"",""外陸資賣出股數(不含外資自營商)"":""1,719,418"",""外陸資買賣超股數(不含外資自營商)"":""-1,545,391"",""外資自營商買進股數"":""0"",""外資自營商賣出股數"":""0"",""外資自營商買賣超股數"":""0"",""投信買進股數"":""0"",""投信賣出股數"":""0"",""投信買賣超股數"":""0"",""自營商買賣超股數"":""5,843"",""自營商買進股數(自行買賣)"":""25,000"",""自營商賣出股數(自行買賣)"":""9,704"",""自營商買賣超股數(自行買賣)"":""15,296"",""自營商買進股數(避險)"":""8,000"",""自營商賣出股數(避險)"":""17,453"",""自營商買賣超股數(避險)"":""-9,453"",""三大法人買賣超股數"":""-1,539,548""}"
2026-09-29,TWSE,2392,正崴            ,293000,1721000,-1428000,0,0,0,2000,125125,-143311,"{""證券代號"":""2392"",""證券名稱"":""正崴            "",""外陸資買進股數(不含外資自營商)"":""293,000"",""外陸資賣出股數(不含外資自營商)"":""1,721,000"",""外陸資買賣超股數(不含外資自營商)"":""-1,428,000"",""外資自營商買進股數"":""0"",""外資自營商賣出股數"":""0"",""外資自營商買賣超股數"":""0"",""投信買進股數"":""0"",""投信賣出股數"":""0"",""投信買賣超股數"":""0"",""自營商買賣超股數"":""-143,311"",""自營商買進股數(自行買賣)"":""3,000"",""自營商賣出股數(自行買賣)"":""23,186"",""自營商買賣超股數(自行買賣)"":""-20,186"",""自營商買進股數(避險)"":""2,000"",""自營商賣出股數(避險)"":""125,125"",""自營商買賣超股數(避險)"":""-123,125"",""三大法人買賣超股數"":""-1,571,311""}"
2026-09-29,TWSE,2886,兆豐金          ,13742712,17407242,-3664530,542000,55000,487000,1547624,0,1565023,"{""證券代號"":""2886"",""證券名稱"":""兆豐金          "",""外陸資買進股數(不含外資自營商)"":""13,742,712"",""外陸資賣出股數(不含外資自營商)"":""17,407,242"",""外陸資買賣超股數(不含外資自營商)"":""-3,664,530"",""外資自營商買進股數"":""0"",""外資自營商賣出股數"":""0"",""外資自營商買賣超股數"":""0"",""投信買進股數"":""542,000"",""投信賣出股數"":""55,000"",""投信買賣超股數"":""487,000"",""自營商買賣超股數"":""1,565,023"",""自營商買進股數(自行買賣)"":""169,000"",""自營商賣出股數(自行買賣)"":""151,601"",""自營商買賣超股數(自行買賣)"":""17,399"",""自營商買進股數(避險)"":""1,547,624"",""自營商賣出股數(避險)"":""0"",""自營商買賣超股數(避險)"":""1,547,624"",""三大法人買賣超股數"":""-1,612,507""}"
2026-09-29,TWSE,2884,玉山金          ,23432605,26159645,-2727040,221000,0,221000,904638,72489,850654,"{""證券代號"":""2884"",""證券名稱"":""玉山金          "",""外陸資買進股數(不含外資自營商)"":""23,432,605"",""外陸資賣出股數(不含外資自營商)"":""26,159,645"",""外陸資買賣超股數(不含外資自營商)"":""-2,727,040"",""外資自營商買進股數"":""0"",""外資自營商賣出股數"":""0"",""外資自營商買賣超股數"":""0"",""投信買進股數"":""221,000"",""投信賣出股數"":""0"",""投信買賣超股數"":""221,000"",""自營商買賣超股數"":""850,654"",""自營商買進股數(自行買賣)"":""56,511"",""自營商賣出股數(自行買賣)"":""38,006"",""自營商買賣超股數(自行買賣)"":""18,505"",""自營商買進股數(避險)"":""904,638"",""自營商賣出股數(避險)"":""72,489"",""自營商買賣超股數(避險)"":""832,149"",""三大法人買賣超股數"":""-1,655,386""}"
2026-09-29,TWSE,1402,遠東新          ,3215742,4856121,-1640379,23000,19000,4000,4000,82192,-45192,"{""證券代號"":""1402"",""證券名稱"":""遠東新          "",""外陸資買進股數(不含外資自營商)"":""3,215,742"",""外陸資賣出股數(不含外資自營商)"":""4,856,121"",""外陸資買賣超股數(不含外資自營商)"":""-1,640,379"",""外資自營商買進股數"":""0"",""外資自營商賣出股數"":""0"",""外資自營商買賣超股數"":""0"",""投信買進股數"":""23,000"",""投信賣出股數"":""19,000"",""投信買賣超股數"":""4,000"",""自營商買賣超股數"":""-45,192"",""自營商買進股數(自行買賣)"":""33,000"",""自營商賣出股數(自行買賣)"":""0"",""自營商買賣超股數(自行買賣)"":""33,000"",""自營商買進股數(避險)"":""4,000"",""自營商賣出股數(避險)"":""82,192"",""自營商買賣超股數(避險)"":""-78,192"",""三大法人買賣超股數"":""-1,681,571""}"
2026-09-29,TWSE,2353,宏碁            ,1585977,3307891,-1721914,22000,6000,16000,229035,203069,23247,"{""證券代號"":""2353"",""證券名稱"":""宏碁            "",""外陸資買進股數(不含外資自營商)"":""1,585,977"",""外陸資賣出股數(不含外資自營商)"":""3,307,891"",""外陸資買賣超股數(不含外資自營商)"":""-1,721,914"",""外資自營商買進股數"":""0"",""外資自營商賣出股數"":""0"",""外資自營商買賣超股數"":""0"",""投信買進股數"":""22,000"",""投信賣出股數"":""6,000"",""投信買賣超股數"":""16,000"",""自營商買賣超股數"":""23,247"",""自營商買進股數(自行買賣)"":""3,000"",""自營商賣出股數(自行買賣)"":""5,719"",""自營商買賣超股數(自行買賣)"":""-2,719"",""自營商買進股數(避險)"":""229,035"",""自營商賣出股數(避險)"":""203,069"",""自營商買賣超股數(避險)"":""25,966"",""三大法人買賣超股數"":""-1,682,667""}"
2026-09-29,TWSE,3711,日月光投控      ,8740243,9464226,-723983,756000,1683000,-927000,102813,68086,-39273,"{""證券代號"":""3711"",""證券名稱"":""日月光投控      "",""外陸資買進股數(不含外資自營商)"":""8,740,243"",""外陸資賣出股數(不含外資自營商)"":""9,464,226"",""外陸資買賣超股數(不含外資自營商)"":""-723,983"",""外資自營商買進股數"":""0"",""外資自營商賣出股數"":""0"",""外資自營商買賣超股數"":""0"",""投信買進股數"":""756,000"",""投信賣出股數"":""1,683,000"",""投信買賣超股數"":""-927,000"",""自營商買賣超股數"":""-39,273"",""自營商買進股數(自行買賣)"":""85,300"",""自營商賣出股數(自行買賣)"":""159,300"",""自營商買賣超股數(自行買賣)"":""-74,000"",""自營商買進股數(避險)"":""102,813"",""自營商賣出股數(避險)"":""68,086"",""自營商買賣超股數(避險)"":""34,727"",""三大法人買賣超股數"":""-1,690,256""}"
2026-09-29,TWSE,006208,富邦台50        ,117269,513645,-396376,0,125000,-125000,441857,1529424,-1186567,"{""證券代號"":""006208"",""證券名稱"":""富邦台50        "",""外陸資買進股數(不含外資自營商)"":""117,269"",""外陸資賣出股數(不含外資自營商)"":""513,645"",""外陸資買賣超股數(不含外資自營商)"":""-396,376"",""外資自營商買進股數"":""0"",""外資自營商賣出股數"":""0"",""外資自營商買賣超股數"":""0"",""投信買進股數"":""0"",""投信賣出股數"":""125,000"",""投信買賣超股數"":""-125,000"",""自營商買賣超股數"":""-1,186,567"",""自營商買進股數(自行買賣)"":""0"",""自營商賣出股數(自行買賣)"":""99,000"",""自營商買賣超股數(自行買賣)"":""-99,000"",""自營商買進股數(避險)"":""441,857"",""自營商賣出股數(避險)"":""1,529,424"",""自營商買賣超股數(避險)"":""-1,087,567"",""三大法人買賣超股數"":""-1,707,943""}"
2026-09-29,TWSE,2618,長榮航          ,8315658,11383940,-3068282,1180000,256000,924000,478449,50026,420505,"{""證券代號"":""2618"",""證券名稱"":""長榮航          "",""外陸資買進股數(不含外資自營商)"":""8,315,658"",""外陸資賣出股數(不含外資自營商)"":""11,383,940"",""外陸資買賣超股數(不含外資自營商)"":""-3,068,282"",""外資自營商買進股數"":""0"",""外資自營商賣出股數"":""0"",""外資自營商買賣超股數"":""0"",""投信買進股數"":""1,180,000"",""投信賣出股數"":""256,000"",""投信買賣超股數"":""924,000"",""自營商買賣超股數"":""420,505"",""自營商買進股數(自行買賣)"":""6,000"",""自營商賣出股數(自行買賣)"":""13,918"",""自營商買賣超股數(自行買賣)"":""-7,918"",""自營商買進股數(避險)"":""478,449"",""自營商賣出股數(避險)"":""50,026"",""自營商買賣超股數(避險)"":""428,423"",""三大法人買賣超股數"":""-1,723,777""}"
2026-09-29,TWSE,6139,亞翔            ,612410,2222019,-1609609,0,1000,-1000,150100,219236,-114251,"{""證券代號"":""6139"",""證券名稱"":""亞翔            "",""外陸資買進股數(不含外資自營商)"":""612,410"",""外陸資賣出股數(不含外資自營商)"":""2,222,019"",""外陸資買賣超股數(不含外資自營商)"":""-1,609,609"",""外資自營商買進股數"":""0"",""外資自營商賣出股數"":""0"",""外資自營商買賣超股數"":""0"",""投信買進股數"":""0"",""投信賣出股數"":""1,000"",""投信買賣超股數"":""-1,000"",""自營商買賣超股數"":""-114,251"",""自營商買進股數(自行買賣)"":""15,128"",""自營商賣出股數(自行買賣)"":""60,243"",""自營商買賣超股數(自行買賣)"":""-45,115"",""自營商買進股數(避險)"":""150,100"",""自營商賣出股數(避險)"":""219,236"",""自營商買賣超股數(避險)"":""-69,136"",""三大法人買賣超股數"":""-1,724,860""}"
2026-09-29,TWSE,00981T,平衡凱基雙核收息,25000,33000,-8000,0,0,0,200000,1921244,-1721244,"{""證券代號"":""00981T"",""證券名稱"":""平衡凱基雙核收息"",""外陸資買進股數(不含外資自營商)"":""25,000"",""外陸資賣出股數(不含外資自營商)"":""33,000"",""外陸資買賣超股數(不含外資自營商)"":""-8,000"",""外資自營商買進股數"":""0"",""外資自營商賣出股數"":""0"",""外資自營商買賣超股數"":""0"",""投信買進股數"":""0"",""投信賣出股數"":""0"",""投信買賣超股數"":""0"",""自營商買賣超股數"":""-1,721,244"",""自營商買進股數(自行買賣)"":""0"",""自營商賣出股數(自行買賣)"":""0"",""自營商買賣超股數(自行買賣)"":""0"",""自營商買進股數(避險)"":""200,000"",""自營商賣出股數(避險)"":""1,921,244"",""自營商買賣超股數(避險)"":""-1,721,244"",""三大法人買賣超股數"":""-1,729,244""}"
2026-09-29,TWSE,00401A,主動摩根台灣鑫收,806000,3222000,-2416000,0,0,0,2866000,2222594,641406,"{""證券代號"":""00401A"",""證券名稱"":""主動摩根台灣鑫收"",""外陸資買進股數(不含外資自營商)"":""806,000"",""外陸資賣出股數(不含外資自營商)"":""3,222,000"",""外陸資買賣超股數(不含外資自營商)"":""-2,416,000"",""外資自營商買進股數"":""0"",""外資自營商賣出股數"":""0"",""外資自營商買賣超股數"":""0"",""投信買進股數"":""0"",""投信賣出股數"":""0"",""投信買賣超股數"":""0"",""自營商買賣超股數"":""641,406"",""自營商買進股數(自行買賣)"":""0"",""自營商賣出股數(自行買賣)"":""2,000"",""自營商買賣超股數(自行買賣)"":""-2,000"",""自營商買進股數(避險)"":""2,866,000"",""自營商賣出股數(避險)"":""2,222,594"",""自營商買賣超股數(避險)"":""643,406"",""三大法人買賣超股數"":""-1,774,594""}"
2026-09-29,TWSE,009819,中信數據及電力  ,55000,1058000,-1003000,0,0,0,0,771954,-771954,"{""證券代號"":""009819"",""證券名稱"":""中信數據及電力  "",""外陸資買進股數(不含外資自營商)"":""55,000"",""外陸資賣出股數(不含外資自營商)"":""1,058,000"",""外陸資買賣超股數(不含外資自營商)"":""-1,003,000"",""外資自營商買進股數"":""0"",""外資自營商賣出股數"":""0"",""外資自營商買賣超股數"":""0"",""投信買進股數"":""0"",""投信賣出股數"":""0"",""投信買賣超股數"":""0"",""自營商買賣超股數"":""-771,954"",""自營商買進股數(自行買賣)"":""0"",""自營商賣出股數(自行買賣)"":""0"",""自營商買賣超股數(自行買賣)"":""0"",""自營商買進股數(避險)"":""0"",""自營商賣出股數(避險)"":""771,954"",""自營商買賣超股數(避險)"":""-771,954"",""三大法人買賣超股數"":""-1,774,954""}"
2026-09-29,TWSE,2027,大成鋼          ,5538384,7107954,-1569570,3000,5000,-2000,428694,735347,-251174,"{""證券代號"":""2027"",""證券名稱"":""大成鋼          "",""外陸資買進股數(不含外資自營商)"":""5,538,384"",""外陸資賣出股數(不含外資自營商)"":""7,107,954"",""外陸資買賣超股數(不含外資自營商)"":""-1,569,570"",""外資自營商買進股數"":""0"",""外資自營商賣出股數"":""0"",""外資自營商買賣超股數"":""0"",""投信買進股數"":""3,000"",""投信賣出股數"":""5,000"",""投信買賣超股數"":""-2,000"",""自營商買賣超股數"":""-251,174"",""自營商買進股數(自行買賣)"":""59,000"",""自營商賣出股數(自行買賣)"":""3,521"",""自營商買賣超股數(自行買賣)"":""55,479"",""自營商買進股數(避險)"":""428,694"",""自營商賣出股數(避險)"":""735,347"",""自營商買賣超股數(避險)"":""-306,653"",""三大法人買賣超股數"":""-1,822,744""}"
2026-09-29,TWSE,2610,華航            ,2268665,3976623,-1707958,31000,247000,-216000,52000,26762,47238,"{""證券代號"":""2610"",""證券名稱"":""華航            "",""外陸資買進股數(不含外資自營商)"":""2,268,665"",""外陸資賣出股數(不含外資自營商)"":""3,976,623"",""外陸資買賣超股數(不含外資自營商)"":""-1,707,958"",""外資自營商買進股數"":""0"",""外資自營商賣出股數"":""0"",""外資自營商買賣超股數"":""0"",""投信買進股數"":""31,000"",""投信賣出股數"":""247,000"",""投信買賣超股數"":""-216,000"",""自營商買賣超股數"":""47,238"",""自營商買進股數(自行買賣)"":""60,000"",""自營商賣出股數(自行買賣)"":""38,000"",""自營商買賣超股數(自行買賣)"":""22,000"",""自營商買進股數(避險)"":""52,000"",""自營商賣出股數(避險)"":""26,762"",""自營商買賣超股數(避險)"":""25,238"",""三大法人買賣超股數"":""-1,876,720""}"
2026-09-29,TWSE,009803,玉山市值動能50  ,40080,719000,-678920,0,0,0,423000,1628887,-1205887,"{""證券代號"":""009803"",""證券名稱"":""玉山市值動能50  "",""外陸資買進股數(不含外資自營商)"":""40,080"",""外陸資賣出股數(不含外資自營商)"":""719,000"",""外陸資買賣超股數(不含外資自營商)"":""-678,920"",""外資自營商買進股數"":""0"",""外資自營商賣出股數"":""0"",""外資自營商買賣超股數"":""0"",""投信買進股數"":""0"",""投信賣出股數"":""0"",""投信買賣超股數"":""0"",""自營商買賣超股數"":""-1,205,887"",""自營商買進股數(自行買賣)"":""0"",""自營商賣出股數(自行買賣)"":""0"",""自營商買賣超股數(自行買賣)"":""0"",""自營商買進股數(避險)"":""423,000"",""自營商賣出股數(避險)"":""1,628,887"",""自營商買賣超股數(避險)"":""-1,205,887"",""三大法人買賣超股數"":""-1,884,807""}"
2026-09-29,TWSE,1229,聯華            ,377198,2336783,-1959585,3000,0,3000,8000,15683,-4553,"{""證券代號"":""1229"",""證券名稱"":""聯華            "",""外陸資買進股數(不含外資自營商)"":""377,198"",""外陸資賣出股數(不含外資自營商)"":""2,336,783"",""外陸資買賣超股數(不含外資自營商)"":""-1,959,585"",""外資自營商買進股數"":""0"",""外資自營商賣出股數"":""0"",""外資自營商買賣超股數"":""0"",""投信買進股數"":""3,000"",""投信賣出股數"":""0"",""投信買賣超股數"":""3,000"",""自營商買賣超股數"":""-4,553"",""自營商買進股數(自行買賣)"":""11,000"",""自營商賣出股數(自行買賣)"":""7,870"",""自營商買賣超股數(自行買賣)"":""3,130"",""自營商買進股數(避險)"":""8,000"",""自營商賣出股數(避險)"":""15,683"",""自營商買賣超股數(避險)"":""-7,683"",""三大法人買賣超股數"":""-1,961,138""}"
2026-09-29,TWSE,1905,華紙            ,429000,2413152,-1984152,0,0,0,5000,60568,-37568,"{""證券代號"":""1905"",""證券名稱"":""華紙            "",""外陸資買進股數(不含外資自營商)"":""429,000"",""外陸資賣出股數(不含外資自營商)"":""2,413,152"",""外陸資買賣超股數(不含外資自營商)"":""-1,984,152"",""外資自營商買進股數"":""0"",""外資自營商賣出股數"":""0"",""外資自營商買賣超股數"":""0"",""投信買進股數"":""0"",""投信賣出股數"":""0"",""投信買賣超股數"":""0"",""自營商買賣超股數"":""-37,568"",""自營商買進股數(自行買賣)"":""30,000"",""自營商賣出股數(自行買賣)"":""12,000"",""自營商買賣超股數(自行買賣)"":""18,000"",""自營商買進股數(避險)"":""5,000"",""自營商賣出股數(避險)"":""60,568"",""自營商買賣超股數(避險)"":""-55,568"",""三大法人買賣超股數"":""-2,021,720""}"
2026-09-29,TWSE,6005,群益證          ,806157,2836219,-2030062,4000,0,4000,0,0,0,"{""證券代號"":""6005"",""證券名稱"":""群益證          "",""外陸資買進股數(不含外資自營商)"":""806,157"",""外陸資賣出股數(不含外資自營商)"":""2,836,219"",""外陸資買賣超股數(不含外資自營商)"":""-2,030,062"",""外資自營商買進股數"":""0"",""外資自營商賣出股數"":""0"",""外資自營商買賣超股數"":""0"",""投信買進股數"":""4,000"",""投信賣出股數"":""0"",""投信買賣超股數"":""4,000"",""自營商買賣超股數"":""0"",""自營商買進股數(自行買賣)"":""0"",""自營商賣出股數(自行買賣)"":""0"",""自營商買賣超股數(自行買賣)"":""0"",""自營商買進股數(避險)"":""0"",""自營商賣出股數(避險)"":""0"",""自營商買賣超股數(避險)"":""0"",""三大法人買賣超股數"":""-2,026,062""}"
2026-09-29,TWSE,2515,中工            ,651000,2627114,-1976114,0,0,0,0,15590,-56951,"{""證券代號"":""2515"",""證券名稱"":""中工            "",""外陸資買進股數(不含外資自營商)"":""651,000"",""外陸資賣出股數(不含外資自營商)"":""2,627,114"",""外陸資買賣超股數(不含外資自營商)"":""-1,976,114"",""外資自營商買進股數"":""0"",""外資自營商賣出股數"":""0"",""外資自營商買賣超股數"":""0"",""投信買進股數"":""0"",""投信賣出股數"":""0"",""投信買賣超股數"":""0"",""自營商買賣超股數"":""-56,951"",""自營商買進股數(自行買賣)"":""0"",""自營商賣出股數(自行買賣)"":""41,361"",""自營商買賣超股數(自行買賣)"":""-41,361"",""自營商買進股數(避險)"":""0"",""自營商賣出股數(避險)"":""15,590"",""自營商買賣超股數(避險)"":""-15,590"",""三大法人買賣超股數"":""-2,033,065""}"
2026-09-29,TWSE,2323,中環            ,446000,2496123,-2050123,0,0,0,0,14000,-15148,"{""證券代號"":""2323"",""證券名稱"":""中環            "",""外陸資買進股數(不含外資自營商)"":""446,000"",""外陸資賣出股數(不含外資自營商)"":""2,496,123"",""外陸資買賣超股數(不含外資自營商)"":""-2,050,123"",""外資自營商買進股數"":""0"",""外資自營商賣出股數"":""0"",""外資自營商買賣超股數"":""0"",""投信買進股數"":""0"",""投信賣出股數"":""0"",""投信買賣超股數"":""0"",""自營商買賣超股數"":""-15,148"",""自營商買進股數(自行買賣)"":""1,000"",""自營商賣出股數(自行買賣)"":""2,148"",""自營商買賣超股數(自行買賣)"":""-1,148"",""自營商買進股數(避險)"":""0"",""自營商賣出股數(避險)"":""14,000"",""自營商買賣超股數(避險)"":""-14,000"",""三大法人買賣超股數"":""-2,065,271""}"
2026-09-29,TWSE,2606,裕民            ,1440872,3485445,-2044573,1000,0,1000,7000,65150,-39153,"{""證券代號"":""2606"",""證券名稱"":""裕民            "",""外陸資買進股數(不含外資自營商)"":""1,440,872"",""外陸資賣出股數(不含外資自營商)"":""3,485,445"",""外陸資買賣超股數(不含外資自營商)"":""-2,044,573"",""外資自營商買進股數"":""0"",""外資自營商賣出股數"":""0"",""外資自營商買賣超股數"":""0"",""投信買進股數"":""1,000"",""投信賣出股數"":""0"",""投信買賣超股數"":""1,000"",""自營商買賣超股數"":""-39,153"",""自營商買進股數(自行買賣)"":""26,000"",""自營商賣出股數(自行買賣)"":""7,003"",""自營商買賣超股數(自行買賣)"":""18,997"",""自營商買進股數(避險)"":""7,000"",""自營商賣出股數(避險)"":""65,150"",""自營商買賣超股數(避險)"":""-58,150"",""三大法人買賣超股數"":""-2,082,726""}"
2026-09-29,TWSE,8112,至上            ,294000,2359656,-2065656,1000,28000,-27000,38000,54107,-14671,"{""證券代號"":""8112"",""證券名稱"":""至上            "",""外陸資買進股數(不含外資自營商)"":""294,000"",""外陸資賣出股數(不含外資自營商)"":""2,359,656"",""外陸資買賣超股數(不含外資自營商)"":""-2,065,656"",""外資自營商買進股數"":""0"",""外資自營商賣出股數"":""0"",""外資自營商買賣超股數"":""0"",""投信買進股數"":""1,000"",""投信賣出股數"":""28,000"",""投信買賣超股數"":""-27,000"",""自營商買賣超股數"":""-14,671"",""自營商買進股數(自行買賣)"":""6,000"",""自營商賣出股數(自行買賣)"":""4,564"",""自營商買賣超股數(自行買賣)"":""1,436"",""自營商買進股數(避險)"":""38,000"",""自營商賣出股數(避險)"":""54,107"",""自營商買賣超股數(避險)"":""-16,107"",""三大法人買賣超股數"":""-2,107,327""}"
2026-09-29,TWSE,1802,台玻            ,1680562,3719401,-2038839,2000,2000,0,68198,171529,-80331,"{""證券代號"":""1802"",""證券名稱"":""台玻            "",""外陸資買進股數(不含外資自營商)"":""1,680,562"",""外陸資賣出股數(不含外資自營商)"":""3,719,401"",""外陸資買賣超股數(不含外資自營商)"":""-2,038,839"",""外資自營商買進股數"":""0"",""外資自營商賣出股數"":""0"",""外資自營商買賣超股數"":""0"",""投信買進股數"":""2,000"",""投信賣出股數"":""2,000"",""投信買賣超股數"":""0"",""自營商買賣超股數"":""-80,331"",""自營商買進股數(自行買賣)"":""148,000"",""自營商賣出股數(自行買賣)"":""125,000"",""自營商買賣超股數(自行買賣)"":""23,000"",""自營商買進股數(避險)"":""68,198"",""自營商賣出股數(避險)"":""171,529"",""自營商買賣超股數(避險)"":""-103,331"",""三大法人買賣超股數"":""-2,119,170""}"
2026-09-29,TWSE,2303,聯電            ,36541036,49323650,-12782614,11267000,1730000,9537000,985828,131212,1096624,"{""證券代號"":""2303"",""證券名稱"":""聯電            "",""外陸資買進股數(不含外資自營商)"":""36,541,036"",""外陸資賣出股數(不含外資自營商)"":""49,323,650"",""外陸資買賣超股數(不含外資自營商)"":""-12,782,614"",""外資自營商買進股數"":""0"",""外資自營商賣出股數"":""0"",""外資自營商買賣超股數"":""0"",""投信買進股數"":""11,267,000"",""投信賣出股數"":""1,730,000"",""投信買賣超股數"":""9,537,000"",""自營商買賣超股數"":""1,096,624"",""自營商買進股數(自行買賣)"":""1,032,000"",""自營商賣出股數(自行買賣)"":""789,992"",""自營商買賣超股數(自行買賣)"":""242,008"",""自營商買進股數(避險)"":""985,828"",""自營商賣出股數(避險)"":""131,212"",""自營商買賣超股數(避險)"":""854,616"",""三大法人買賣超股數"":""-2,148,990""}"
2026-09-29,TWSE,2034,允強            ,4070773,6258994,-2188221,0,0,0,45656,14511,28145,"{""證券代號"":""2034"",""證券名稱"":""允強            "",""外陸資買進股數(不含外資自營商)"":""4,070,773"",""外陸資賣出股數(不含外資自營商)"":""6,258,994"",""外陸資買賣超股數(不含外資自營商)"":""-2,188,221"",""外資自營商買進股數"":""0"",""外資自營商賣出股數"":""0"",""外資自營商買賣超股數"":""0"",""投信買進股數"":""0"",""投信賣出股數"":""0"",""投信買賣超股數"":""0"",""自營商買賣超股數"":""28,145"",""自營商買進股數(自行買賣)"":""26,000"",""自營商賣出股數(自行買賣)"":""29,000"",""自營商買賣超股數(自行買賣)"":""-3,000"",""自營商買進股數(避險)"":""45,656"",""自營商賣出股數(避險)"":""14,511"",""自營商買賣超股數(避險)"":""31,145"",""三大法人買賣超股數"":""-2,160,076""}"
2026-09-29,TWSE,6257,矽格            ,1712103,3838557,-2126454,22000,0,22000,47909,115032,-101123,"{""證券代號"":""6257"",""證券名稱"":""矽格            "",""外陸資買進股數(不含外資自營商)"":""1,712,103"",""外陸資賣出股數(不含外資自營商)"":""3,838,557"",""外陸資買賣超股數(不含外資自營商)"":""-2,126,454"",""外資自營商買進股數"":""0"",""外資自營商賣出股數"":""0"",""外資自營商買賣超股數"":""0"",""投信買進股數"":""22,000"",""投信賣出股數"":""0"",""投信買賣超股數"":""22,000"",""自營商買賣超股數"":""-101,123"",""自營商買進股數(自行買賣)"":""0"",""自營商賣出股數(自行買賣)"":""34,000"",""自營商買賣超股數(自行買賣)"":""-34,000"",""自營商買進股數(避險)"":""47,909"",""自營商賣出股數(避險)"":""115,032"",""自營商買賣超股數(避險)"":""-67,123"",""三大法人買賣超股數"":""-2,205,577""}"
2026-09-29,TWSE,2897,王道銀行        ,1093264,3307209,-2213945,0,0,0,0,0,0,"{""證券代號"":""2897"",""證券名稱"":""王道銀行        "",""外陸資買進股數(不含外資自營商)"":""1,093,264"",""外陸資賣出股數(不含外資自營商)"":""3,307,209"",""外陸資買賣超股數(不含外資自營商)"":""-2,213,945"",""外資自營商買進股數"":""0"",""外資自營商賣出股數"":""0"",""外資自營商買賣超股數"":""0"",""投信買進股數"":""0"",""投信賣出股數"":""0"",""投信買賣超股數"":""0"",""自營商買賣超股數"":""0"",""自營商買進股數(自行買賣)"":""0"",""自營商賣出股數(自行買賣)"":""0"",""自營商買賣超股數(自行買賣)"":""0"",""自營商買進股數(避險)"":""0"",""自營商賣出股數(避險)"":""0"",""自營商買賣超股數(避險)"":""0"",""三大法人買賣超股數"":""-2,213,945""}"
2026-09-29,TWSE,5871,中租-KY         ,1682045,4026343,-2344298,7000,40000,-33000,30000,10994,23951,"{""證券代號"":""5871"",""證券名稱"":""中租-KY         "",""外陸資買進股數(不含外資自營商)"":""1,682,045"",""外陸資賣出股數(不含外資自營商)"":""4,026,343"",""外陸資買賣超股數(不含外資自營商)"":""-2,344,298"",""外資自營商買進股數"":""0"",""外資自營商賣出股數"":""0"",""外資自營商買賣超股數"":""0"",""投信買進股數"":""7,000"",""投信賣出股數"":""40,000"",""投信買賣超股數"":""-33,000"",""自營商買賣超股數"":""23,951"",""自營商買進股數(自行買賣)"":""11,000"",""自營商賣出股數(自行買賣)"":""6,055"",""自營商買賣超股數(自行買賣)"":""4,945"",""自營商買進股數(避險)"":""30,000"",""自營商賣出股數(避險)"":""10,994"",""自營商買賣超股數(避險)"":""19,006"",""三大法人買賣超股數"":""-2,353,347""}"
2026-09-29,TWSE,2308,台達電          ,7030166,9820368,-2790202,431972,52000,379972,212805,237727,-3784,"{""證券代號"":""2308"",""證券名稱"":""台達電          "",""外陸資買進股數(不含外資自營商)"":""7,030,166"",""外陸資賣出股數(不含外資自營商)"":""9,820,368"",""外陸資買賣超股數(不含外資自營商)"":""-2,790,202"",""外資自營商買進股數"":""0"",""外資自營商賣出股數"":""0"",""外資自營商買賣超股數"":""0"",""投信買進股數"":""431,972"",""投信賣出股數"":""52,000"",""投信買賣超股數"":""379,972"",""自營商買賣超股數"":""-3,784"",""自營商買進股數(自行買賣)"":""112,338"",""自營商賣出股數(自行買賣)"":""91,200"",""自營商買賣超股數(自行買賣)"":""21,138"",""自營商買進股數(避險)"":""212,805"",""自營商賣出股數(避險)"":""237,727"",""自營商買賣超股數(避險)"":""-24,922"",""三大法人買賣超股數"":""-2,414,014""}"
2026-09-29,TWSE,2838,聯邦銀          ,991000,3479963,-2488963,5000,0,5000,71000,36211,34789,"{""證券代號"":""2838"",""證券名稱"":""聯邦銀          "",""外陸資買進股數(不含外資自營商)"":""991,000"",""外陸資賣出股數(不含外資自營商)"":""3,479,963"",""外陸資買賣超股數(不含外資自營商)"":""-2,488,963"",""外資自營商買進股數"":""0"",""外資自營商賣出股數"":""0"",""外資自營商買賣超股數"":""0"",""投信買進股數"":""5,000"",""投信賣出股數"":""0"",""投信買賣超股數"":""5,000"",""自營商買賣超股數"":""34,789"",""自營商買進股數(自行買賣)"":""0"",""自營商賣出股數(自行買賣)"":""0"",""自營商買賣超股數(自行買賣)"":""0"",""自營商買進股數(避險)"":""71,000"",""自營商賣出股數(避險)"":""36,211"",""自營商買賣超股數(避險)"":""34,789"",""三大法人買賣超股數"":""-2,449,174""}"
2026-09-29,TWSE,2845,遠東銀          ,2908000,5496000,-2588000,0,0,0,12000,12076,-17076,"{""證券代號"":""2845"",""證券名稱"":""遠東銀          "",""外陸資買進股數(不含外資自營商)"":""2,908,000"",""外陸資賣出股數(不含外資自營商)"":""5,496,000"",""外陸資買賣超股數(不含外資自營商)"":""-2,588,000"",""外資自營商買進股數"":""0"",""外資自營商賣出股數"":""0"",""外資自營商買賣超股數"":""0"",""投信買進股數"":""0"",""投信賣出股數"":""0"",""投信買賣超股數"":""0"",""自營商買賣超股數"":""-17,076"",""自營商買進股數(自行買賣)"":""44,000"",""自營商賣出股數(自行買賣)"":""61,000"",""自營商買賣超股數(自行買賣)"":""-17,000"",""自營商買進股數(避險)"":""12,000"",""自營商賣出股數(避險)"":""12,076"",""自營商買賣超股數(避險)"":""-76"",""三大法人買賣超股數"":""-2,605,076""}"
2026-09-29,TWSE,1312,國喬            ,2794431,5423000,-2628569,0,0,0,98492,114653,-2161,"{""證券代號"":""1312"",""證券名稱"":""國喬            "",""外陸資買進股數(不含外資自營商)"":""2,794,431"",""外陸資賣出股數(不含外資自營商)"":""5,423,000"",""外陸資買賣超股數(不含外資自營商)"":""-2,628,569"",""外資自營商買進股數"":""0"",""外資自營商賣出股數"":""0"",""外資自營商買賣超股數"":""0"",""投信買進股數"":""0"",""投信賣出股數"":""0"",""投信買賣超股數"":""0"",""自營商買賣超股數"":""-2,161"",""自營商買進股數(自行買賣)"":""36,000"",""自營商賣出股數(自行買賣)"":""22,000"",""自營商買賣超股數(自行買賣)"":""14,000"",""自營商買進股數(避險)"":""98,492"",""自營商賣出股數(避險)"":""114,653"",""自營商買賣超股數(避險)"":""-16,161"",""三大法人買賣超股數"":""-2,630,730""}"
2026-09-29,TWSE,2542,興富發          ,4042743,6577000,-2534257,102500,262000,-159500,106000,22928,52083,"{""證券代號"":""2542"",""證券名稱"":""興富發          "",""外陸資買進股數(不含外資自營商)"":""4,042,743"",""外陸資賣出股數(不含外資自營商)"":""6,577,000"",""外陸資買賣超股數(不含外資自營商)"":""-2,534,257"",""外資自營商買進股數"":""0"",""外資自營商賣出股數"":""0"",""外資自營商買賣超股數"":""0"",""投信買進股數"":""102,500"",""投信賣出股數"":""262,000"",""投信買賣超股數"":""-159,500"",""自營商買賣超股數"":""52,083"",""自營商買進股數(自行買賣)"":""51,000"",""自營商賣出股數(自行買賣)"":""81,989"",""自營商買賣超股數(自行買賣)"":""-30,989"",""自營商買進股數(避險)"":""106,000"",""自營商賣出股數(避險)"":""22,928"",""自營商買賣超股數(避險)"":""83,072"",""三大法人買賣超股數"":""-2,641,674""}"
2026-09-29,TWSE,2855,統一證          ,1150327,3792000,-2641673,12400,13000,-600,0,0,0,"{""證券代號"":""2855"",""證券名稱"":""統一證          "",""外陸資買進股數(不含外資自營商)"":""1,150,327"",""外陸資賣出股數(不含外資自營商)"":""3,792,000"",""外陸資買賣超股數(不含外資自營商)"":""-2,641,673"",""外資自營商買進股數"":""0"",""外資自營商賣出股數"":""0"",""外資自營商買賣超股數"":""0"",""投信買進股數"":""12,400"",""投信賣出股數"":""13,000"",""投信買賣超股數"":""-600"",""自營商買賣超股數"":""0"",""自營商買進股數(自行買賣)"":""0"",""自營商賣出股數(自行買賣)"":""0"",""自營商買賣超股數(自行買賣)"":""0"",""自營商買進股數(避險)"":""0"",""自營商賣出股數(避險)"":""0"",""自營商買賣超股數(避險)"":""0"",""三大法人買賣超股數"":""-2,642,273""}"
2026-09-29,TWSE,2890,永豐金          ,24516841,27833951,-3317110,193000,390000,-197000,888161,60047,858906,"{""證券代號"":""2890"",""證券名稱"":""永豐金          "",""外陸資買進股數(不含外資自營商)"":""24,516,841"",""外陸資賣出股數(不含外資自營商)"":""27,833,951"",""外陸資買賣超股數(不含外資自營商)"":""-3,317,110"",""外資自營商買進股數"":""0"",""外資自營商賣出股數"":""0"",""外資自營商買賣超股數"":""0"",""投信買進股數"":""193,000"",""投信賣出股數"":""390,000"",""投信買賣超股數"":""-197,000"",""自營商買賣超股數"":""858,906"",""自營商買進股數(自行買賣)"":""177,000"",""自營商賣出股數(自行買賣)"":""146,208"",""自營商買賣超股數(自行買賣)"":""30,792"",""自營商買進股數(避險)"":""888,161"",""自營商賣出股數(避險)"":""60,047"",""自營商買賣超股數(避險)"":""828,114"",""三大法人買賣超股數"":""-2,655,204""}"
2026-09-29,TWSE,1809,中釉            ,4358553,7214203,-2855650,0,0,0,235735,188779,46956,"{""證券代號"":""1809"",""證券名稱"":""中釉            "",""外陸資買進股數(不含外資自營商)"":""4,358,553"",""外陸資賣出股數(不含外資自營商)"":""7,214,203"",""外陸資買賣超股數(不含外資自營商)"":""-2,855,650"",""外資自營商買進股數"":""0"",""外資自營商賣出股數"":""0"",""外資自營商買賣超股數"":""0"",""投信買進股數"":""0"",""投信賣出股數"":""0"",""投信買賣超股數"":""0"",""自營商買賣超股數"":""46,956"",""自營商買進股數(自行買賣)"":""0"",""自營商賣出股數(自行買賣)"":""0"",""自營商買賣超股數(自行買賣)"":""0"",""自營商買進股數(避險)"":""235,735"",""自營商賣出股數(避險)"":""188,779"",""自營商買賣超股數(避險)"":""46,956"",""三大法人買賣超股數"":""-2,808,694""}"
2026-09-29,TWSE,2330,台積電          ,18650377,22386759,-3736382,642676,14000,628676,194290,70893,117497,"{""證券代號"":""2330"",""證券名稱"":""台積電          "",""外陸資買進股數(不含外資自營商)"":""18,650,377"",""外陸資賣出股數(不含外資自營商)"":""22,386,759"",""外陸資買賣超股數(不含外資自營商)"":""-3,736,382"",""外資自營商買進股數"":""0"",""外資自營商賣出股數"":""0"",""外資自營商買賣超股數"":""0"",""投信買進股數"":""642,676"",""投信賣出股數"":""14,000"",""投信買賣超股數"":""628,676"",""自營商買賣超股數"":""117,497"",""自營商買進股數(自行買賣)"":""101,100"",""自營商賣出股數(自行買賣)"":""107,000"",""自營商買賣超股數(自行買賣)"":""-5,900"",""自營商買進股數(避險)"":""194,290"",""自營商賣出股數(避險)"":""70,893"",""自營商買賣超股數(避險)"":""123,397"",""三大法人買賣超股數"":""-2,990,209""}"
2026-09-29,TWSE,2892,第一金          ,17966175,21503120,-3536945,512000,130000,382000,106403,48176,70421,"{""證券代號"":""2892"",""證券名稱"":""第一金          "",""外陸資買進股數(不含外資自營商)"":""17,966,175"",""外陸資賣出股數(不含外資自營商)"":""21,503,120"",""外陸資買賣超股數(不含外資自營商)"":""-3,536,945"",""外資自營商買進股數"":""0"",""外資自營商賣出股數"":""0"",""外資自營商買賣超股數"":""0"",""投信買進股數"":""512,000"",""投信賣出股數"":""130,000"",""投信買賣超股數"":""382,000"",""自營商買賣超股數"":""70,421"",""自營商買進股數(自行買賣)"":""40,126"",""自營商賣出股數(自行買賣)"":""27,932"",""自營商買賣超股數(自行買賣)"":""12,194"",""自營商買進股數(避險)"":""106,403"",""自營商賣出股數(避險)"":""48,176"",""自營商買賣超股數(避險)"":""58,227"",""三大法人買賣超股數"":""-3,084,524""}"
2026-09-29,TWSE,2603,長榮            ,1381714,4603569,-3221855,8900,9000,-100,191677,108236,19322,"{""證券代號"":""2603"",""證券名稱"":""長榮            "",""外陸資買進股數(不含外資自營商)"":""1,381,714"",""外陸資賣出股數(不含外資自營商)"":""4,603,569"",""外陸資買賣超股數(不含外資自營商)"":""-3,221,855"",""外資自營商買進股數"":""0"",""外資自營商賣出股數"":""0"",""外資自營商買賣超股數"":""0"",""投信買進股數"":""8,900"",""投信賣出股數"":""9,000"",""投信買賣超股數"":""-100"",""自營商買賣超股數"":""19,322"",""自營商買進股數(自行買賣)"":""12,000"",""自營商賣出股數(自行買賣)"":""76,119"",""自營商買賣超股數(自行買賣)"":""-64,119"",""自營商買進股數(避險)"":""191,677"",""自營商賣出股數(避險)"":""108,236"",""自營商買賣超股數(避險)"":""83,441"",""三大法人買賣超股數"":""-3,202,633""}"
2026-09-29,TWSE,2301,光寶科          ,6313765,9543981,-3230216,2000,0,2000,227063,235035,-33673,"{""證券代號"":""2301"",""證券名稱"":""光寶科          "",""外陸資買進股數(不含外資自營商)"":""6,313,765"",""外陸資賣出股數(不含外資自營商)"":""9,543,981"",""外陸資買賣超股數(不含外資自營商)"":""-3,230,216"",""外資自營商買進股數"":""0"",""外資自營商賣出股數"":""0"",""外資自營商買賣超股數"":""0"",""投信買進股數"":""2,000"",""投信賣出股數"":""0"",""投信買賣超股數"":""2,000"",""自營商買賣超股數"":""-33,673"",""自營商買進股數(自行買賣)"":""7,000"",""自營商賣出股數(自行買賣)"":""32,701"",""自營商買賣超股數(自行買賣)"":""-25,701"",""自營商買進股數(避險)"":""227,063"",""自營商賣出股數(避險)"":""235,035"",""自營商買賣超股數(避險)"":""-7,972"",""三大法人買賣超股數"":""-3,261,889""}"
2026-09-29,TWSE,2615,萬海            ,2805648,4913460,-2107812,2000,39000,-37000,47000,1151433,-1210433,"{""證券代號"":""2615"",""證券名稱"":""萬海            "",""外陸資買進股數(不含外資自營商)"":""2,805,648"",""外陸資賣出股數(不含外資自營商)"":""4,913,460"",""外陸資買賣超股數(不含外資自營商)"":""-2,107,812"",""外資自營商買進股數"":""0"",""外資自營商賣出股數"":""0"",""外資自營商買賣超股數"":""0"",""投信買進股數"":""2,000"",""投信賣出股數"":""39,000"",""投信買賣超股數"":""-37,000"",""自營商買賣超股數"":""-1,210,433"",""自營商買進股數(自行買賣)"":""28,000"",""自營商賣出股數(自行買賣)"":""134,000"",""自營商買賣超股數(自行買賣)"":""-106,000"",""自營商買進股數(避險)"":""47,000"",""自營商賣出股數(避險)"":""1,151,433"",""自營商買賣超股數(避險)"":""-1,104,433"",""三大法人買賣超股數"":""-3,355,245""}"
2026-09-29,TWSE,2481,強茂            ,4302071,7494931,-3192860,180000,0,180000,38082,169555,-407473,"{""證券代號"":""2481"",""證券名稱"":""強茂            "",""外陸資買進股數(不含外資自營商)"":""4,302,071"",""外陸資賣出股數(不含外資自營商)"":""7,494,931"",""外陸資買賣超股數(不含外資自營商)"":""-3,192,860"",""外資自營商買進股數"":""0"",""外資自營商賣出股數"":""0"",""外資自營商買賣超股數"":""0"",""投信買進股數"":""180,000"",""投信賣出股數"":""0"",""投信買賣超股數"":""180,000"",""自營商買賣超股數"":""-407,473"",""自營商買進股數(自行買賣)"":""132,000"",""自營商賣出股數(自行買賣)"":""408,000"",""自營商買賣超股數(自行買賣)"":""-276,000"",""自營商買進股數(避險)"":""38,082"",""自營商賣出股數(避險)"":""169,555"",""自營商買賣超股數(避險)"":""-131,473"",""三大法人買賣超股數"":""-3,420,333""}"
2026-09-29,TWSE,00633L,富邦上証正2     ,301000,56000,245000,0,0,0,143369,3818035,-3674666,"{""證券代號"":""00633L"",""證券名稱"":""富邦上証正2     "",""外陸資買進股數(不含外資自營商)"":""301,000"",""外陸資賣出股數(不含外資自營商)"":""56,000"",""外陸資買賣超股數(不含外資自營商)"":""245,000"",""外資自營商買進股數"":""0"",""外資自營商賣出股數"":""0"",""外資自營商買賣超股數"":""0"",""投信買進股數"":""0"",""投信賣出股數"":""0"",""投信買賣超股數"":""0"",""自營商買賣超股數"":""-3,674,666"",""自營商買進股數(自行買賣)"":""0"",""自營商賣出股數(自行買賣)"":""0"",""自營商買賣超股數(自行買賣)"":""0"",""自營商買進股數(避險)"":""143,369"",""自營商賣出股數(避險)"":""3,818,035"",""自營商買賣超股數(避險)"":""-3,674,666"",""三大法人買賣超股數"":""-3,429,666""}"
2026-09-29,TWSE,2889,國票金          ,3390000,7021000,-3631000,0,0,0,2000,1959,41,"{""證券代號"":""2889"",""證券名稱"":""國票金          "",""外陸資買進股數(不含外資自營商)"":""3,390,000"",""外陸資賣出股數(不含外資自營商)"":""7,021,000"",""外陸資買賣超股數(不含外資自營商)"":""-3,631,000"",""外資自營商買進股數"":""0"",""外資自營商賣出股數"":""0"",""外資自營商買賣超股數"":""0"",""投信買進股數"":""0"",""投信賣出股數"":""0"",""投信買賣超股數"":""0"",""自營商買賣超股數"":""41"",""自營商買進股數(自行買賣)"":""0"",""自營商賣出股數(自行買賣)"":""0"",""自營商買賣超股數(自行買賣)"":""0"",""自營商買進股數(避險)"":""2,000"",""自營商賣出股數(避險)"":""1,959"",""自營商買賣超股數(避險)"":""41"",""三大法人買賣超股數"":""-3,630,959""}"
2026-09-29,TWSE,6239,力成            ,906990,4618562,-3711572,27000,0,27000,138353,151036,-52176,"{""證券代號"":""6239"",""證券名稱"":""力成            "",""外陸資買進股數(不含外資自營商)"":""906,990"",""外陸資賣出股數(不含外資自營商)"":""4,618,562"",""外陸資買賣超股數(不含外資自營商)"":""-3,711,572"",""外資自營商買進股數"":""0"",""外資自營商賣出股數"":""0"",""外資自營商買賣超股數"":""0"",""投信買進股數"":""27,000"",""投信賣出股數"":""0"",""投信買賣超股數"":""27,000"",""自營商買賣超股數"":""-52,176"",""自營商買進股數(自行買賣)"":""25,000"",""自營商賣出股數(自行買賣)"":""64,493"",""自營商買賣超股數(自行買賣)"":""-39,493"",""自營商買進股數(避險)"":""138,353"",""自營商賣出股數(避險)"":""151,036"",""自營商買賣超股數(避險)"":""-12,683"",""三大法人買賣超股數"":""-3,736,748""}"
2026-09-29,TWSE,00688L,國泰20年美債正2 ,3000,1271000,-1268000,0,0,0,5510000,8150905,-2640905,"{""證券代號"":""00688L"",""證券名稱"":""國泰20年美債正2 "",""外陸資買進股數(不含外資自營商)"":""3,000"",""外陸資賣出股數(不含外資自營商)"":""1,271,000"",""外陸資買賣超股數(不含外資自營商)"":""-1,268,000"",""外資自營商買進股數"":""0"",""外資自營商賣出股數"":""0"",""外資自營商買賣超股數"":""0"",""投信買進股數"":""0"",""投信賣出股數"":""0"",""投信買賣超股數"":""0"",""自營商買賣超股數"":""-2,640,905"",""自營商買進股數(自行買賣)"":""0"",""自營商賣出股數(自行買賣)"":""0"",""自營商買賣超股數(自行買賣)"":""0"",""自營商買進股數(避險)"":""5,510,000"",""自營商賣出股數(避險)"":""8,150,905"",""自營商買賣超股數(避險)"":""-2,640,905"",""三大法人買賣超股數"":""-3,908,905""}"
2026-09-29,TWSE,00708L,期元大S&P黃金正2,421300,398000,23300,0,0,0,1753000,5555533,-4019533,"{""證券代號"":""00708L"",""證券名稱"":""期元大S&P黃金正2"",""外陸資買進股數(不含外資自營商)"":""421,300"",""外陸資賣出股數(不含外資自營商)"":""398,000"",""外陸資買賣超股數(不含外資自營商)"":""23,300"",""外資自營商買進股數"":""0"",""外資自營商賣出股數"":""0"",""外資自營商買賣超股數"":""0"",""投信買進股數"":""0"",""投信賣出股數"":""0"",""投信買賣超股數"":""0"",""自營商買賣超股數"":""-4,019,533"",""自營商買進股數(自行買賣)"":""0"",""自營商賣出股數(自行買賣)"":""217,000"",""自營商買賣超股數(自行買賣)"":""-217,000"",""自營商買進股數(避險)"":""1,753,000"",""自營商賣出股數(避險)"":""5,555,533"",""自營商買賣超股數(避險)"":""-3,802,533"",""三大法人買賣超股數"":""-3,996,233""}"
2026-09-29,TWSE,2356,英業達          ,2303445,6362755,-4059310,9000,76000,-67000,500456,380342,102124,"{""證券代號"":""2356"",""證券名稱"":""英業達          "",""外陸資買進股數(不含外資自營商)"":""2,303,445"",""外陸資賣出股數(不含外資自營商)"":""6,362,755"",""外陸資買賣超股數(不含外資自營商)"":""-4,059,310"",""外資自營商買進股數"":""0"",""外資自營商賣出股數"":""0"",""外資自營商買賣超股數"":""0"",""投信買進股數"":""9,000"",""投信賣出股數"":""76,000"",""投信買賣超股數"":""-67,000"",""自營商買賣超股數"":""102,124"",""自營商買進股數(自行買賣)"":""10,000"",""自營商賣出股數(自行買賣)"":""27,990"",""自營商買賣超股數(自行買賣)"":""-17,990"",""自營商買進股數(避險)"":""500,456"",""自營商賣出股數(避險)"":""380,342"",""自營商買賣超股數(避險)"":""120,114"",""三大法人買賣超股數"":""-4,024,186""}"
2026-09-29,TWSE,00992A,主動群益科技創新,4292810,6544000,-2251190,0,0,0,2618755,3367900,-1844145,"{""證券代號"":""00992A"",""證券名稱"":""主動群益科技創新"",""外陸資買進股數(不含外資自營商)"":""4,292,810"",""外陸資賣出股數(不含外資自營商)"":""6,544,000"",""外陸資買賣超股數(不含外資自營商)"":""-2,251,190"",""外資自營商買進股數"":""0"",""外資自營商賣出股數"":""0"",""外資自營商買賣超股數"":""0"",""投信買進股數"":""0"",""投信賣出股數"":""0"",""投信買賣超股數"":""0"",""自營商買賣超股數"":""-1,844,145"",""自營商買進股數(自行買賣)"":""630,000"",""自營商賣出股數(自行買賣)"":""1,725,000"",""自營商買賣超股數(自行買賣)"":""-1,095,000"",""自營商買進股數(避險)"":""2,618,755"",""自營商賣出股數(避險)"":""3,367,900"",""自營商買賣超股數(避險)"":""-749,145"",""三大法人買賣超股數"":""-4,095,335""}"
2026-09-29,TWSE,0052,富邦科技        ,944126,4231260,-3287134,0,0,0,1834000,3585351,-835219,"{""證券代號"":""0052"",""證券名稱"":""富邦科技        "",""外陸資買進股數(不含外資自營商)"":""944,126"",""外陸資賣出股數(不含外資自營商)"":""4,231,260"",""外陸資買賣超股數(不含外資自營商)"":""-3,287,134"",""外資自營商買進股數"":""0"",""外資自營商賣出股數"":""0"",""外資自營商買賣超股數"":""0"",""投信買進股數"":""0"",""投信賣出股數"":""0"",""投信買賣超股數"":""0"",""自營商買賣超股數"":""-835,219"",""自營商買進股數(自行買賣)"":""1,266,000"",""自營商賣出股數(自行買賣)"":""349,868"",""自營商買賣超股數(自行買賣)"":""916,132"",""自營商買進股數(避險)"":""1,834,000"",""自營商賣出股數(避險)"":""3,585,351"",""自營商買賣超股數(避險)"":""-1,751,351"",""三大法人買賣超股數"":""-4,122,353""}"
2026-09-29,TWSE,1605,華新            ,2004644,5898967,-3894323,4000,0,4000,292000,542599,-276599,"{""證券代號"":""1605"",""證券名稱"":""華新            "",""外陸資買進股數(不含外資自營商)"":""2,004,644"",""外陸資賣出股數(不含外資自營商)"":""5,898,967"",""外陸資買賣超股數(不含外資自營商)"":""-3,894,323"",""外資自營商買進股數"":""0"",""外資自營商賣出股數"":""0"",""外資自營商買賣超股數"":""0"",""投信買進股數"":""4,000"",""投信賣出股數"":""0"",""投信買賣超股數"":""4,000"",""自營商買賣超股數"":""-276,599"",""自營商買進股數(自行買賣)"":""0"",""自營商賣出股數(自行買賣)"":""26,000"",""自營商買賣超股數(自行買賣)"":""-26,000"",""自營商買進股數(避險)"":""292,000"",""自營商賣出股數(避險)"":""542,599"",""自營商買賣超股數(避險)"":""-250,599"",""三大法人買賣超股數"":""-4,166,922""}"
2026-09-29,TWSE,00404A,主動聯博動能50  ,346000,2210000,-1864000,0,0,0,2149019,4752948,-2603929,"{""證券代號"":""00404A"",""證券名稱"":""主動聯博動能50  "",""外陸資買進股數(不含外資自營商)"":""346,000"",""外陸資賣出股數(不含外資自營商)"":""2,210,000"",""外陸資買賣超股數(不含外資自營商)"":""-1,864,000"",""外資自營商買進股數"":""0"",""外資自營商賣出股數"":""0"",""外資自營商買賣超股數"":""0"",""投信買進股數"":""0"",""投信賣出股數"":""0"",""投信買賣超股數"":""0"",""自營商買賣超股數"":""-2,603,929"",""自營商買進股數(自行買賣)"":""0"",""自營商賣出股數(自行買賣)"":""0"",""自營商買賣超股數(自行買賣)"":""0"",""自營商買進股數(避險)"":""2,149,019"",""自營商賣出股數(避險)"":""4,752,948"",""自營商買賣超股數(避險)"":""-2,603,929"",""三大法人買賣超股數"":""-4,467,929""}"
2026-09-29,TWSE,00980A,主動野村臺灣優選,920040,2132000,-1211960,0,0,0,1173075,4104930,-3281855,"{""證券代號"":""00980A"",""證券名稱"":""主動野村臺灣優選"",""外陸資買進股數(不含外資自營商)"":""920,040"",""外陸資賣出股數(不含外資自營商)"":""2,132,000"",""外陸資買賣超股數(不含外資自營商)"":""-1,211,960"",""外資自營商買進股數"":""0"",""外資自營商賣出股數"":""0"",""外資自營商買賣超股數"":""0"",""投信買進股數"":""0"",""投信賣出股數"":""0"",""投信買賣超股數"":""0"",""自營商買賣超股數"":""-3,281,855"",""自營商買進股數(自行買賣)"":""0"",""自營商賣出股數(自行買賣)"":""350,000"",""自營商買賣超股數(自行買賣)"":""-350,000"",""自營商買進股數(避險)"":""1,173,075"",""自營商賣出股數(避險)"":""4,104,930"",""自營商買賣超股數(避險)"":""-2,931,855"",""三大法人買賣超股數"":""-4,493,815""}"
2026-09-29,TWSE,2454,聯發科          ,4310036,8979425,-4669389,136556,196000,-59444,201788,219042,-85383,"{""證券代號"":""2454"",""證券名稱"":""聯發科          "",""外陸資買進股數(不含外資自營商)"":""4,310,036"",""外陸資賣出股數(不含外資自營商)"":""8,979,425"",""外陸資買賣超股數(不含外資自營商)"":""-4,669,389"",""外資自營商買進股數"":""0"",""外資自營商賣出股數"":""0"",""外資自營商買賣超股數"":""0"",""投信買進股數"":""136,556"",""投信賣出股數"":""196,000"",""投信買賣超股數"":""-59,444"",""自營商買賣超股數"":""-85,383"",""自營商買進股數(自行買賣)"":""109,251"",""自營商賣出股數(自行買賣)"":""177,380"",""自營商買賣超股數(自行買賣)"":""-68,129"",""自營商買進股數(避險)"":""201,788"",""自營商賣出股數(避險)"":""219,042"",""自營商買賣超股數(避險)"":""-17,254"",""三大法人買賣超股數"":""-4,814,216""}"
2026-09-29,TWSE,00985B,群益ESG投等債0-5,46000,4191000,-4145000,0,0,0,1638500,2536590,-898090,"{""證券代號"":""00985B"",""證券名稱"":""群益ESG投等債0-5"",""外陸資買進股數(不含外資自營商)"":""46,000"",""外陸資賣出股數(不含外資自營商)"":""4,191,000"",""外陸資買賣超股數(不含外資自營商)"":""-4,145,000"",""外資自營商買進股數"":""0"",""外資自營商賣出股數"":""0"",""外資自營商買賣超股數"":""0"",""投信買進股數"":""0"",""投信賣出股數"":""0"",""投信買賣超股數"":""0"",""自營商買賣超股數"":""-898,090"",""自營商買進股數(自行買賣)"":""0"",""自營商賣出股數(自行買賣)"":""0"",""自營商買賣超股數(自行買賣)"":""0"",""自營商買進股數(避險)"":""1,638,500"",""自營商賣出股數(避險)"":""2,536,590"",""自營商買賣超股數(避險)"":""-898,090"",""三大法人買賣超股數"":""-5,043,090""}"
2026-09-29,TWSE,2633,台灣高鐵        ,673159,5840000,-5166841,80000,0,80000,21000,16000,4935,"{""證券代號"":""2633"",""證券名稱"":""台灣高鐵        "",""外陸資買進股數(不含外資自營商)"":""673,159"",""外陸資賣出股數(不含外資自營商)"":""5,840,000"",""外陸資買賣超股數(不含外資自營商)"":""-5,166,841"",""外資自營商買進股數"":""0"",""外資自營商賣出股數"":""0"",""外資自營商買賣超股數"":""0"",""投信買進股數"":""80,000"",""投信賣出股數"":""0"",""投信買賣超股數"":""80,000"",""自營商買賣超股數"":""4,935"",""自營商買進股數(自行買賣)"":""0"",""自營商賣出股數(自行買賣)"":""65"",""自營商買賣超股數(自行買賣)"":""-65"",""自營商買進股數(避險)"":""21,000"",""自營商賣出股數(避險)"":""16,000"",""自營商買賣超股數(避險)"":""5,000"",""三大法人買賣超股數"":""-5,081,906""}"
2026-09-29,TWSE,2605,新興            ,1352133,6056000,-4703867,0,200000,-200000,40000,80459,-330897,"{""證券代號"":""2605"",""證券名稱"":""新興            "",""外陸資買進股數(不含外資自營商)"":""1,352,133"",""外陸資賣出股數(不含外資自營商)"":""6,056,000"",""外陸資買賣超股數(不含外資自營商)"":""-4,703,867"",""外資自營商買進股數"":""0"",""外資自營商賣出股數"":""0"",""外資自營商買賣超股數"":""0"",""投信買進股數"":""0"",""投信賣出股數"":""200,000"",""投信買賣超股數"":""-200,000"",""自營商買賣超股數"":""-330,897"",""自營商買進股數(自行買賣)"":""9,000"",""自營商賣出股數(自行買賣)"":""299,438"",""自營商買賣超股數(自行買賣)"":""-290,438"",""自營商買進股數(避險)"":""40,000"",""自營商賣出股數(避險)"":""80,459"",""自營商買賣超股數(避險)"":""-40,459"",""三大法人買賣超股數"":""-5,234,764""}"
2026-09-29,TWSE,00635U,期元大S&P黃金   ,104215,201999,-97784,0,0,0,160000,5601745,-5431745,"{""證券代號"":""00635U"",""證券名稱"":""期元大S&P黃金   "",""外陸資買進股數(不含外資自營商)"":""104,215"",""外陸資賣出股數(不含外資自營商)"":""201,999"",""外陸資買賣超股數(不含外資自營商)"":""-97,784"",""外資自營商買進股數"":""0"",""外資自營商賣出股數"":""0"",""外資自營商買賣超股數"":""0"",""投信買進股數"":""0"",""投信賣出股數"":""0"",""投信買賣超股數"":""0"",""自營商買賣超股數"":""-5,431,745"",""自營商買進股數(自行買賣)"":""10,000"",""自營商賣出股數(自行買賣)"":""0"",""自營商買賣超股數(自行買賣)"":""10,000"",""自營商買進股數(避險)"":""160,000"",""自營商賣出股數(避險)"":""5,601,745"",""自營商買賣超股數(避險)"":""-5,441,745"",""三大法人買賣超股數"":""-5,529,529""}"
2026-09-29,TWSE,009828,中信台日韓PCB   ,3270800,4245000,-974200,0,0,0,5250000,9412911,-4562911,"{""證券代號"":""009828"",""證券名稱"":""中信台日韓PCB   "",""外陸資買進股數(不含外資自營商)"":""3,270,800"",""外陸資賣出股數(不含外資自營商)"":""4,245,000"",""外陸資買賣超股數(不含外資自營商)"":""-974,200"",""外資自營商買進股數"":""0"",""外資自營商賣出股數"":""0"",""外資自營商買賣超股數"":""0"",""投信買進股數"":""0"",""投信賣出股數"":""0"",""投信買賣超股數"":""0"",""自營商買賣超股數"":""-4,562,911"",""自營商買進股數(自行買賣)"":""0"",""自營商賣出股數(自行買賣)"":""400,000"",""自營商買賣超股數(自行買賣)"":""-400,000"",""自營商買進股數(避險)"":""5,250,000"",""自營商賣出股數(避險)"":""9,412,911"",""自營商買賣超股數(避險)"":""-4,162,911"",""三大法人買賣超股數"":""-5,537,111""}"
2026-09-29,TWSE,00665L,富邦恒生國企正2 ,546000,695000,-149000,0,0,0,1173000,6626178,-5453178,"{""證券代號"":""00665L"",""證券名稱"":""富邦恒生國企正2 "",""外陸資買進股數(不含外資自營商)"":""546,000"",""外陸資賣出股數(不含外資自營商)"":""695,000"",""外陸資買賣超股數(不含外資自營商)"":""-149,000"",""外資自營商買進股數"":""0"",""外資自營商賣出股數"":""0"",""外資自營商買賣超股數"":""0"",""投信買進股數"":""0"",""投信賣出股數"":""0"",""投信買賣超股數"":""0"",""自營商買賣超股數"":""-5,453,178"",""自營商買進股數(自行買賣)"":""0"",""自營商賣出股數(自行買賣)"":""0"",""自營商買賣超股數(自行買賣)"":""0"",""自營商買進股數(避險)"":""1,173,000"",""自營商賣出股數(避險)"":""6,626,178"",""自營商買賣超股數(避險)"":""-5,453,178"",""三大法人買賣超股數"":""-5,602,178""}"
2026-09-29,TWSE,00738U,期元大道瓊白銀  ,190610,171000,19610,0,0,0,58000,5837918,-5779918,"{""證券代號"":""00738U"",""證券名稱"":""期元大道瓊白銀  "",""外陸資買進股數(不含外資自營商)"":""190,610"",""外陸資賣出股數(不含外資自營商)"":""171,000"",""外陸資買賣超股數(不含外資自營商)"":""19,610"",""外資自營商買進股數"":""0"",""外資自營商賣出股數"":""0"",""外資自營商買賣超股數"":""0"",""投信買進股數"":""0"",""投信賣出股數"":""0"",""投信買賣超股數"":""0"",""自營商買賣超股數"":""-5,779,918"",""自營商買進股數(自行買賣)"":""0"",""自營商賣出股數(自行買賣)"":""0"",""自營商買賣超股數(自行買賣)"":""0"",""自營商買進股數(避險)"":""58,000"",""自營商賣出股數(避險)"":""5,837,918"",""自營商買賣超股數(避險)"":""-5,779,918"",""三大法人買賣超股數"":""-5,760,308""}"
2026-09-29,TWSE,00982A,主動群益台灣強棒,2085044,4194000,-2108956,0,0,0,791950,4692041,-3829091,"{""證券代號"":""00982A"",""證券名稱"":""主動群益台灣強棒"",""外陸資買進股數(不含外資自營商)"":""2,085,044"",""外陸資賣出股數(不含外資自營商)"":""4,194,000"",""外陸資買賣超股數(不含外資自營商)"":""-2,108,956"",""外資自營商買進股數"":""0"",""外資自營商賣出股數"":""0"",""外資自營商買賣超股數"":""0"",""投信買進股數"":""0"",""投信賣出股數"":""0"",""投信買賣超股數"":""0"",""自營商買賣超股數"":""-3,829,091"",""自營商買進股數(自行買賣)"":""75,000"",""自營商賣出股數(自行買賣)"":""4,000"",""自營商買賣超股數(自行買賣)"":""71,000"",""自營商買進股數(避險)"":""791,950"",""自營商賣出股數(避險)"":""4,692,041"",""自營商買賣超股數(避險)"":""-3,900,091"",""三大法人買賣超股數"":""-5,938,047""}"
2026-09-29,TWSE,2609,陽明            ,9384988,15288072,-5903084,11000,0,11000,51000,276939,-338494,"{""證券代號"":""2609"",""證券名稱"":""陽明            "",""外陸資買進股數(不含外資自營商)"":""9,384,988"",""外陸資賣出股數(不含外資自營商)"":""15,288,072"",""外陸資買賣超股數(不含外資自營商)"":""-5,903,084"",""外資自營商買進股數"":""0"",""外資自營商賣出股數"":""0"",""外資自營商買賣超股數"":""0"",""投信買進股數"":""11,000"",""投信賣出股數"":""0"",""投信買賣超股數"":""11,000"",""自營商買賣超股數"":""-338,494"",""自營商買進股數(自行買賣)"":""33,000"",""自營商賣出股數(自行買賣)"":""145,555"",""自營商買賣超股數(自行買賣)"":""-112,555"",""自營商買進股數(避險)"":""51,000"",""自營商賣出股數(避險)"":""276,939"",""自營商買賣超股數(避險)"":""-225,939"",""三大法人買賣超股數"":""-6,230,578""}"
2026-09-29,TWSE,00409A,主動復華全球50  ,483599,10079000,-9595401,0,0,0,3154998,50354,3104644,"{""證券代號"":""00409A"",""證券名稱"":""主動復華全球50  "",""外陸資買進股數(不含外資自營商)"":""483,599"",""外陸資賣出股數(不含外資自營商)"":""10,079,000"",""外陸資買賣超股數(不含外資自營商)"":""-9,595,401"",""外資自營商買進股數"":""0"",""外資自營商賣出股數"":""0"",""外資自營商買賣超股數"":""0"",""投信買進股數"":""0"",""投信賣出股數"":""0"",""投信買賣超股數"":""0"",""自營商買賣超股數"":""3,104,644"",""自營商買進股數(自行買賣)"":""0"",""自營商賣出股數(自行買賣)"":""0"",""自營商買賣超股數(自行買賣)"":""0"",""自營商買進股數(避險)"":""3,154,998"",""自營商賣出股數(避險)"":""50,354"",""自營商買賣超股數(避險)"":""3,104,644"",""三大法人買賣超股數"":""-6,490,757""}"
2026-09-29,TWSE,2492,華新科          ,7055950,14615623,-7559673,1000,62000,-61000,126567,219702,-479791,"{""證券代號"":""2492"",""證券名稱"":""華新科          "",""外陸資買進股數(不含外資自營商)"":""7,055,950"",""外陸資賣出股數(不含外資自營商)"":""14,615,623"",""外陸資買賣超股數(不含外資自營商)"":""-7,559,673"",""外資自營商買進股數"":""0"",""外資自營商賣出股數"":""0"",""外資自營商買賣超股數"":""0"",""投信買進股數"":""1,000"",""投信賣出股數"":""62,000"",""投信買賣超股數"":""-61,000"",""自營商買賣超股數"":""-479,791"",""自營商買進股數(自行買賣)"":""52,000"",""自營商賣出股數(自行買賣)"":""438,656"",""自營商買賣超股數(自行買賣)"":""-386,656"",""自營商買進股數(避險)"":""126,567"",""自營商賣出股數(避險)"":""219,702"",""自營商買賣超股數(避險)"":""-93,135"",""三大法人買賣超股數"":""-8,100,464""}"
2026-09-29,TWSE,2834,臺企銀          ,10232234,18420509,-8188275,9000,0,9000,38000,52759,-4759,"{""證券代號"":""2834"",""證券名稱"":""臺企銀          "",""外陸資買進股數(不含外資自營商)"":""10,232,234"",""外陸資賣出股數(不含外資自營商)"":""18,420,509"",""外陸資買賣超股數(不含外資自營商)"":""-8,188,275"",""外資自營商買進股數"":""0"",""外資自營商賣出股數"":""0"",""外資自營商買賣超股數"":""0"",""投信買進股數"":""9,000"",""投信賣出股數"":""0"",""投信買賣超股數"":""9,000"",""自營商買賣超股數"":""-4,759"",""自營商買進股數(自行買賣)"":""10,000"",""自營商賣出股數(自行買賣)"":""0"",""自營商買賣超股數(自行買賣)"":""10,000"",""自營商買進股數(避險)"":""38,000"",""自營商賣出股數(避險)"":""52,759"",""自營商買賣超股數(避險)"":""-14,759"",""三大法人買賣超股數"":""-8,184,034""}"
2026-09-29,TWSE,009826,貝萊德世界股票  ,33850,574000,-540150,0,0,0,400000,8129258,-7729258,"{""證券代號"":""009826"",""證券名稱"":""貝萊德世界股票  "",""外陸資買進股數(不含外資自營商)"":""33,850"",""外陸資賣出股數(不含外資自營商)"":""574,000"",""外陸資買賣超股數(不含外資自營商)"":""-540,150"",""外資自營商買進股數"":""0"",""外資自營商賣出股數"":""0"",""外資自營商買賣超股數"":""0"",""投信買進股數"":""0"",""投信賣出股數"":""0"",""投信買賣超股數"":""0"",""自營商買賣超股數"":""-7,729,258"",""自營商買進股數(自行買賣)"":""0"",""自營商賣出股數(自行買賣)"":""0"",""自營商買賣超股數(自行買賣)"":""0"",""自營商買進股數(避險)"":""400,000"",""自營商賣出股數(避險)"":""8,129,258"",""自營商買賣超股數(避險)"":""-7,729,258"",""三大法人買賣超股數"":""-8,269,408""}"
2026-09-29,TWSE,00991A,主動復華未來50  ,7250363,17209000,-9958637,0,0,0,4565000,3505626,972417,"{""證券代號"":""00991A"",""證券名稱"":""主動復華未來50  "",""外陸資買進股數(不含外資自營商)"":""7,250,363"",""外陸資賣出股數(不含外資自營商)"":""17,209,000"",""外陸資買賣超股數(不含外資自營商)"":""-9,958,637"",""外資自營商買進股數"":""0"",""外資自營商賣出股數"":""0"",""外資自營商買賣超股數"":""0"",""投信買進股數"":""0"",""投信賣出股數"":""0"",""投信買賣超股數"":""0"",""自營商買賣超股數"":""972,417"",""自營商買進股數(自行買賣)"":""182,000"",""自營商賣出股數(自行買賣)"":""268,957"",""自營商買賣超股數(自行買賣)"":""-86,957"",""自營商買進股數(避險)"":""4,565,000"",""自營商賣出股數(避險)"":""3,505,626"",""自營商買賣超股數(避險)"":""1,059,374"",""三大法人買賣超股數"":""-8,986,220""}"
2026-09-29,TWSE,2887,台新新光金      ,20782517,32447600,-11665083,778000,116000,662000,1333584,416416,966978,"{""證券代號"":""2887"",""證券名稱"":""台新新光金      "",""外陸資買進股數(不含外資自營商)"":""20,782,517"",""外陸資賣出股數(不含外資自營商)"":""32,447,600"",""外陸資買賣超股數(不含外資自營商)"":""-11,665,083"",""外資自營商買進股數"":""0"",""外資自營商賣出股數"":""0"",""外資自營商買賣超股數"":""0"",""投信買進股數"":""778,000"",""投信賣出股數"":""116,000"",""投信買賣超股數"":""662,000"",""自營商買賣超股數"":""966,978"",""自營商買進股數(自行買賣)"":""86,000"",""自營商賣出股數(自行買賣)"":""36,190"",""自營商買賣超股數(自行買賣)"":""49,810"",""自營商買進股數(避險)"":""1,333,584"",""自營商賣出股數(避險)"":""416,416"",""自營商買賣超股數(避險)"":""917,168"",""三大法人買賣超股數"":""-10,036,105""}"
2026-09-29,TWSE,009829,大華韓國KOSPI50 ,9278016,598000,8680016,0,0,0,5087000,24336502,-19229502,"{""證券代號"":""009829"",""證券名稱"":""大華韓國KOSPI50 "",""外陸資買進股數(不含外資自營商)"":""9,278,016"",""外陸資賣出股數(不含外資自營商)"":""598,000"",""外陸資買賣超股數(不含外資自營商)"":""8,680,016"",""外資自營商買進股數"":""0"",""外資自營商賣出股數"":""0"",""外資自營商買賣超股數"":""0"",""投信買進股數"":""0"",""投信賣出股數"":""0"",""投信買賣超股數"":""0"",""自營商買賣超股數"":""-19,229,502"",""自營商買進股數(自行買賣)"":""20,000"",""自營商賣出股數(自行買賣)"":""0"",""自營商買賣超股數(自行買賣)"":""20,000"",""自營商買進股數(避險)"":""5,087,000"",""自營商賣出股數(避險)"":""24,336,502"",""自營商買賣超股數(避險)"":""-19,249,502"",""三大法人買賣超股數"":""-10,549,486""}"
2026-09-29,TWSE,1314,中石化          ,9841835,20613074,-10771239,0,0,0,0,0,-62025,"{""證券代號"":""1314"",""證券名稱"":""中石化          "",""外陸資買進股數(不含外資自營商)"":""9,841,835"",""外陸資賣出股數(不含外資自營商)"":""20,613,074"",""外陸資買賣超股數(不含外資自營商)"":""-10,771,239"",""外資自營商買進股數"":""0"",""外資自營商賣出股數"":""0"",""外資自營商買賣超股數"":""0"",""投信買進股數"":""0"",""投信賣出股數"":""0"",""投信買賣超股數"":""0"",""自營商買賣超股數"":""-62,025"",""自營商買進股數(自行買賣)"":""126,000"",""自營商賣出股數(自行買賣)"":""188,025"",""自營商買賣超股數(自行買賣)"":""-62,025"",""自營商買進股數(避險)"":""0"",""自營商賣出股數(避險)"":""0"",""自營商買賣超股數(避險)"":""0"",""三大法人買賣超股數"":""-10,833,264""}"
2026-09-29,TWSE,009821,野村稀土關鍵資源,142000,1484000,-1342000,0,0,0,267000,10078161,-9811161,"{""證券代號"":""009821"",""證券名稱"":""野村稀土關鍵資源"",""外陸資買進股數(不含外資自營商)"":""142,000"",""外陸資賣出股數(不含外資自營商)"":""1,484,000"",""外陸資買賣超股數(不含外資自營商)"":""-1,342,000"",""外資自營商買進股數"":""0"",""外資自營商賣出股數"":""0"",""外資自營商買賣超股數"":""0"",""投信買進股數"":""0"",""投信賣出股數"":""0"",""投信買賣超股數"":""0"",""自營商買賣超股數"":""-9,811,161"",""自營商買進股數(自行買賣)"":""0"",""自營商賣出股數(自行買賣)"":""0"",""自營商買賣超股數(自行買賣)"":""0"",""自營商買進股數(避險)"":""267,000"",""自營商賣出股數(避險)"":""10,078,161"",""自營商買賣超股數(避險)"":""-9,811,161"",""三大法人買賣超股數"":""-11,153,161""}"
2026-09-29,TWSE,2812,台中銀          ,2954216,14587335,-11633119,0,0,0,32000,80146,-48146,"{""證券代號"":""2812"",""證券名稱"":""台中銀          "",""外陸資買進股數(不含外資自營商)"":""2,954,216"",""外陸資賣出股數(不含外資自營商)"":""14,587,335"",""外陸資買賣超股數(不含外資自營商)"":""-11,633,119"",""外資自營商買進股數"":""0"",""外資自營商賣出股數"":""0"",""外資自營商買賣超股數"":""0"",""投信買進股數"":""0"",""投信賣出股數"":""0"",""投信買賣超股數"":""0"",""自營商買賣超股數"":""-48,146"",""自營商買進股數(自行買賣)"":""0"",""自營商賣出股數(自行買賣)"":""0"",""自營商買賣超股數(自行買賣)"":""0"",""自營商買進股數(避險)"":""32,000"",""自營商賣出股數(避險)"":""80,146"",""自營商買賣超股數(避險)"":""-48,146"",""三大法人買賣超股數"":""-11,681,265""}"
2026-09-29,TWSE,00400A,主動國泰動能高息,4102800,10613040,-6510240,0,0,0,1651000,7973030,-6302030,"{""證券代號"":""00400A"",""證券名稱"":""主動國泰動能高息"",""外陸資買進股數(不含外資自營商)"":""4,102,800"",""外陸資賣出股數(不含外資自營商)"":""10,613,040"",""外陸資買賣超股數(不含外資自營商)"":""-6,510,240"",""外資自營商買進股數"":""0"",""外資自營商賣出股數"":""0"",""外資自營商買賣超股數"":""0"",""投信買進股數"":""0"",""投信賣出股數"":""0"",""投信買賣超股數"":""0"",""自營商買賣超股數"":""-6,302,030"",""自營商買進股數(自行買賣)"":""20,000"",""自營商賣出股數(自行買賣)"":""0"",""自營商買賣超股數(自行買賣)"":""20,000"",""自營商買進股數(避險)"":""1,651,000"",""自營商賣出股數(避險)"":""7,973,030"",""自營商買賣超股數(避險)"":""-6,322,030"",""三大法人買賣超股數"":""-12,812,270""}"
2026-09-29,TWSE,00753L,中信中國50正2   ,1540000,5727000,-4187000,0,0,0,1181000,9919604,-8738604,"{""證券代號"":""00753L"",""證券名稱"":""中信中國50正2   "",""外陸資買進股數(不含外資自營商)"":""1,540,000"",""外陸資賣出股數(不含外資自營商)"":""5,727,000"",""外陸資買賣超股數(不含外資自營商)"":""-4,187,000"",""外資自營商買進股數"":""0"",""外資自營商賣出股數"":""0"",""外資自營商買賣超股數"":""0"",""投信買進股數"":""0"",""投信賣出股數"":""0"",""投信買賣超股數"":""0"",""自營商買賣超股數"":""-8,738,604"",""自營商買進股數(自行買賣)"":""0"",""自營商賣出股數(自行買賣)"":""0"",""自營商買賣超股數(自行買賣)"":""0"",""自營商買進股數(避險)"":""1,181,000"",""自營商賣出股數(避險)"":""9,919,604"",""自營商買賣超股數(避險)"":""-8,738,604"",""三大法人買賣超股數"":""-12,925,604""}"
2026-09-29,TWSE,2449,京元電子        ,5558979,18193160,-12634181,121000,120000,1000,119725,316699,-548218,"{""證券代號"":""2449"",""證券名稱"":""京元電子        "",""外陸資買進股數(不含外資自營商)"":""5,558,979"",""外陸資賣出股數(不含外資自營商)"":""18,193,160"",""外陸資買賣超股數(不含外資自營商)"":""-12,634,181"",""外資自營商買進股數"":""0"",""外資自營商賣出股數"":""0"",""外資自營商買賣超股數"":""0"",""投信買進股數"":""121,000"",""投信賣出股數"":""120,000"",""投信買賣超股數"":""1,000"",""自營商買賣超股數"":""-548,218"",""自營商買進股數(自行買賣)"":""225,200"",""自營商賣出股數(自行買賣)"":""576,444"",""自營商買賣超股數(自行買賣)"":""-351,244"",""自營商買進股數(避險)"":""119,725"",""自營商賣出股數(避險)"":""316,699"",""自營商買賣超股數(避險)"":""-196,974"",""三大法人買賣超股數"":""-13,181,399""}"
2026-09-29,TWSE,00673R,期元大S&P原油反1,258000,479000,-221000,0,0,0,1926000,15093960,-13167960,"{""證券代號"":""00673R"",""證券名稱"":""期元大S&P原油反1"",""外陸資買進股數(不含外資自營商)"":""258,000"",""外陸資賣出股數(不含外資自營商)"":""479,000"",""外陸資買賣超股數(不含外資自營商)"":""-221,000"",""外資自營商買進股數"":""0"",""外資自營商賣出股數"":""0"",""外資自營商買賣超股數"":""0"",""投信買進股數"":""0"",""投信賣出股數"":""0"",""投信買賣超股數"":""0"",""自營商買賣超股數"":""-13,167,960"",""自營商買進股數(自行買賣)"":""0"",""自營商賣出股數(自行買賣)"":""0"",""自營商買賣超股數(自行買賣)"":""0"",""自營商買進股數(避險)"":""1,926,000"",""自營商賣出股數(避險)"":""15,093,960"",""自營商買賣超股數(避險)"":""-13,167,960"",""三大法人買賣超股數"":""-13,388,960""}"
2026-09-29,TWSE,2324,仁寶            ,8627785,22587000,-13959215,11000,0,11000,384072,144338,217402,"{""證券代號"":""2324"",""證券名稱"":""仁寶            "",""外陸資買進股數(不含外資自營商)"":""8,627,785"",""外陸資賣出股數(不含外資自營商)"":""22,587,000"",""外陸資買賣超股數(不含外資自營商)"":""-13,959,215"",""外資自營商買進股數"":""0"",""外資自營商賣出股數"":""0"",""外資自營商買賣超股數"":""0"",""投信買進股數"":""11,000"",""投信賣出股數"":""0"",""投信買賣超股數"":""11,000"",""自營商買賣超股數"":""217,402"",""自營商買進股數(自行買賣)"":""36,000"",""自營商賣出股數(自行買賣)"":""58,332"",""自營商買賣超股數(自行買賣)"":""-22,332"",""自營商買進股數(避險)"":""384,072"",""自營商賣出股數(避險)"":""144,338"",""自營商買賣超股數(避險)"":""239,734"",""三大法人買賣超股數"":""-13,730,813""}"
2026-09-29,TWSE,2327,國巨*           ,11411664,26928602,-15516938,31416,1550000,-1518584,52467,203420,-377894,"{""證券代號"":""2327"",""證券名稱"":""國巨*           "",""外陸資買進股數(不含外資自營商)"":""11,411,664"",""外陸資賣出股數(不含外資自營商)"":""26,928,602"",""外陸資買賣超股數(不含外資自營商)"":""-15,516,938"",""外資自營商買進股數"":""0"",""外資自營商賣出股數"":""0"",""外資自營商買賣超股數"":""0"",""投信買進股數"":""31,416"",""投信賣出股數"":""1,550,000"",""投信買賣超股數"":""-1,518,584"",""自營商買賣超股數"":""-377,894"",""自營商買進股數(自行買賣)"":""96,243"",""自營商賣出股數(自行買賣)"":""323,184"",""自營商買賣超股數(自行買賣)"":""-226,941"",""自營商買進股數(避險)"":""52,467"",""自營商賣出股數(避險)"":""203,420"",""自營商買賣超股數(避險)"":""-150,953"",""三大法人買賣超股數"":""-17,413,416""}"
2026-09-29,TWSE,00984D,主動聯博全球非投,336000,1081000,-745000,0,19000,-19000,1091000,19025000,-17934000,"{""證券代號"":""00984D"",""證券名稱"":""主動聯博全球非投"",""外陸資買進股數(不含外資自營商)"":""336,000"",""外陸資賣出股數(不含外資自營商)"":""1,081,000"",""外陸資買賣超股數(不含外資自營商)"":""-745,000"",""外資自營商買進股數"":""0"",""外資自營商賣出股數"":""0"",""外資自營商買賣超股數"":""0"",""投信買進股數"":""0"",""投信賣出股數"":""19,000"",""投信買賣超股數"":""-19,000"",""自營商買賣超股數"":""-17,934,000"",""自營商買進股數(自行買賣)"":""0"",""自營商賣出股數(自行買賣)"":""0"",""自營商買賣超股數(自行買賣)"":""0"",""自營商買進股數(避險)"":""1,091,000"",""自營商賣出股數(避險)"":""19,025,000"",""自營商買賣超股數(避險)"":""-17,934,000"",""三大法人買賣超股數"":""-18,698,000""}"
2026-09-29,TWSE,00680L,元大美債20正2   ,366000,2445000,-2079000,0,0,0,4035000,21312716,-16677716,"{""證券代號"":""00680L"",""證券名稱"":""元大美債20正2   "",""外陸資買進股數(不含外資自營商)"":""366,000"",""外陸資賣出股數(不含外資自營商)"":""2,445,000"",""外陸資買賣超股數(不含外資自營商)"":""-2,079,000"",""外資自營商買進股數"":""0"",""外資自營商賣出股數"":""0"",""外資自營商買賣超股數"":""0"",""投信買進股數"":""0"",""投信賣出股數"":""0"",""投信買賣超股數"":""0"",""自營商買賣超股數"":""-16,677,716"",""自營商買進股數(自行買賣)"":""600,000"",""自營商賣出股數(自行買賣)"":""0"",""自營商買賣超股數(自行買賣)"":""600,000"",""自營商買進股數(避險)"":""4,035,000"",""自營商賣出股數(避險)"":""21,312,716"",""自營商買賣超股數(避險)"":""-17,277,716"",""三大法人買賣超股數"":""-18,756,716""}"
2026-09-29,TWSE,00637L,元大滬深300正2  ,988000,257000,731000,0,0,0,3094000,24235343,-21141343,"{""證券代號"":""00637L"",""證券名稱"":""元大滬深300正2  "",""外陸資買進股數(不含外資自營商)"":""988,000"",""外陸資賣出股數(不含外資自營商)"":""257,000"",""外陸資買賣超股數(不含外資自營商)"":""731,000"",""外資自營商買進股數"":""0"",""外資自營商賣出股數"":""0"",""外資自營商買賣超股數"":""0"",""投信買進股數"":""0"",""投信賣出股數"":""0"",""投信買賣超股數"":""0"",""自營商買賣超股數"":""-21,141,343"",""自營商買進股數(自行買賣)"":""0"",""自營商賣出股數(自行買賣)"":""0"",""自營商買賣超股數(自行買賣)"":""0"",""自營商買進股數(避險)"":""3,094,000"",""自營商賣出股數(避險)"":""24,235,343"",""自營商買賣超股數(避險)"":""-21,141,343"",""三大法人買賣超股數"":""-20,410,343""}"
2026-09-29,TWSE,8150,南茂            ,10181894,30808510,-20626616,1000,0,1000,216870,686443,-676573,"{""證券代號"":""8150"",""證券名稱"":""南茂            "",""外陸資買進股數(不含外資自營商)"":""10,181,894"",""外陸資賣出股數(不含外資自營商)"":""30,808,510"",""外陸資買賣超股數(不含外資自營商)"":""-20,626,616"",""外資自營商買進股數"":""0"",""外資自營商賣出股數"":""0"",""外資自營商買賣超股數"":""0"",""投信買進股數"":""1,000"",""投信賣出股數"":""0"",""投信買賣超股數"":""1,000"",""自營商買賣超股數"":""-676,573"",""自營商買進股數(自行買賣)"":""147,000"",""自營商賣出股數(自行買賣)"":""354,000"",""自營商買賣超股數(自行買賣)"":""-207,000"",""自營商買進股數(避險)"":""216,870"",""自營商賣出股數(避險)"":""686,443"",""自營商買賣超股數(避險)"":""-469,573"",""三大法人買賣超股數"":""-21,302,189""}"
2026-09-29,TWSE,0056,元大高股息      ,1302145,6391136,-5088991,262000,0,262000,165000,22939421,-22594421,"{""證券代號"":""0056"",""證券名稱"":""元大高股息      "",""外陸資買進股數(不含外資自營商)"":""1,302,145"",""外陸資賣出股數(不含外資自營商)"":""6,391,136"",""外陸資買賣超股數(不含外資自營商)"":""-5,088,991"",""外資自營商買進股數"":""0"",""外資自營商賣出股數"":""0"",""外資自營商買賣超股數"":""0"",""投信買進股數"":""262,000"",""投信賣出股數"":""0"",""投信買賣超股數"":""262,000"",""自營商買賣超股數"":""-22,594,421"",""自營商買進股數(自行買賣)"":""180,000"",""自營商賣出股數(自行買賣)"":""0"",""自營商買賣超股數(自行買賣)"":""180,000"",""自營商買進股數(避險)"":""165,000"",""自營商賣出股數(避險)"":""22,939,421"",""自營商買賣超股數(避險)"":""-22,774,421"",""三大法人買賣超股數"":""-27,421,412""}"
2026-09-29,TWSE,00953B,群益優選非投等債,34000,9583000,-9549000,0,0,0,5806500,26234087,-20427587,"{""證券代號"":""00953B"",""證券名稱"":""群益優選非投等債"",""外陸資買進股數(不含外資自營商)"":""34,000"",""外陸資賣出股數(不含外資自營商)"":""9,583,000"",""外陸資買賣超股數(不含外資自營商)"":""-9,549,000"",""外資自營商買進股數"":""0"",""外資自營商賣出股數"":""0"",""外資自營商買賣超股數"":""0"",""投信買進股數"":""0"",""投信賣出股數"":""0"",""投信買賣超股數"":""0"",""自營商買賣超股數"":""-20,427,587"",""自營商買進股數(自行買賣)"":""0"",""自營商賣出股數(自行買賣)"":""0"",""自營商買賣超股數(自行買賣)"":""0"",""自營商買進股數(避險)"":""5,806,500"",""自營商賣出股數(避險)"":""26,234,087"",""自營商買賣超股數(避險)"":""-20,427,587"",""三大法人買賣超股數"":""-29,976,587""}"
2026-09-29,TWSE,00981A,主動統一台股增長,20635903,36073311,-15437408,0,0,0,11920415,25319429,-14918160,"{""證券代號"":""00981A"",""證券名稱"":""主動統一台股增長"",""外陸資買進股數(不含外資自營商)"":""20,635,903"",""外陸資賣出股數(不含外資自營商)"":""36,073,311"",""外陸資買賣超股數(不含外資自營商)"":""-15,437,408"",""外資自營商買進股數"":""0"",""外資自營商賣出股數"":""0"",""外資自營商買賣超股數"":""0"",""投信買進股數"":""0"",""投信賣出股數"":""0"",""投信買賣超股數"":""0"",""自營商買賣超股數"":""-14,918,160"",""自營商買進股數(自行買賣)"":""1,151,000"",""自營商賣出股數(自行買賣)"":""2,670,146"",""自營商買賣超股數(自行買賣)"":""-1,519,146"",""自營商買進股數(避險)"":""11,920,415"",""自營商賣出股數(避險)"":""25,319,429"",""自營商買賣超股數(避險)"":""-13,399,014"",""三大法人買賣超股數"":""-30,355,568""}"
2026-09-29,TWSE,00631L,元大台灣50正2   ,6577365,14058000,-7480635,0,0,0,12893237,41133019,-28000699,"{""證券代號"":""00631L"",""證券名稱"":""元大台灣50正2   "",""外陸資買進股數(不含外資自營商)"":""6,577,365"",""外陸資賣出股數(不含外資自營商)"":""14,058,000"",""外陸資買賣超股數(不含外資自營商)"":""-7,480,635"",""外資自營商買進股數"":""0"",""外資自營商賣出股數"":""0"",""外資自營商買賣超股數"":""0"",""投信買進股數"":""0"",""投信賣出股數"":""0"",""投信買賣超股數"":""0"",""自營商買賣超股數"":""-28,000,699"",""自營商買進股數(自行買賣)"":""239,083"",""自營商賣出股數(自行買賣)"":""0"",""自營商買賣超股數(自行買賣)"":""239,083"",""自營商買進股數(避險)"":""12,893,237"",""自營商賣出股數(避險)"":""41,133,019"",""自營商買賣超股數(避險)"":""-28,239,782"",""三大法人買賣超股數"":""-35,481,334""}"
2026-09-29,TWSE,0050,元大台灣50      ,12760611,80882337,-68121726,2250000,0,2250000,11070449,12684979,-344370,"{""證券代號"":""0050"",""證券名稱"":""元大台灣50      "",""外陸資買進股數(不含外資自營商)"":""12,760,611"",""外陸資賣出股數(不含外資自營商)"":""80,882,337"",""外陸資買賣超股數(不含外資自營商)"":""-68,121,726"",""外資自營商買進股數"":""0"",""外資自營商賣出股數"":""0"",""外資自營商買賣超股數"":""0"",""投信買進股數"":""2,250,000"",""投信賣出股數"":""0"",""投信買賣超股數"":""2,250,000"",""自營商買賣超股數"":""-344,370"",""自營商買進股數(自行買賣)"":""2,183,630"",""自營商賣出股數(自行買賣)"":""913,470"",""自營商買賣超股數(自行買賣)"":""1,270,160"",""自營商買進股數(避險)"":""11,070,449"",""自營商賣出股數(避險)"":""12,684,979"",""自營商買賣超股數(避險)"":""-1,614,530"",""三大法人買賣超股數"":""-66,216,096""}"
2026-09-29,TWSE,00685L,群益臺灣加權正2 ,1683400,2701000,-1017600,0,0,0,18277689,100602065,-84152376,"{""證券代號"":""00685L"",""證券名稱"":""群益臺灣加權正2 "",""外陸資買進股數(不含外資自營商)"":""1,683,400"",""外陸資賣出股數(不含外資自營商)"":""2,701,000"",""外陸資買賣超股數(不含外資自營商)"":""-1,017,600"",""外資自營商買進股數"":""0"",""外資自營商賣出股數"":""0"",""外資自營商買賣超股數"":""0"",""投信買進股數"":""0"",""投信賣出股數"":""0"",""投信買賣超股數"":""0"",""自營商買賣超股數"":""-84,152,376"",""自營商買進股數(自行買賣)"":""0"",""自營商賣出股數(自行買賣)"":""1,828,000"",""自營商買賣超股數(自行買賣)"":""-1,828,000"",""自營商買進股數(避險)"":""18,277,689"",""自營商賣出股數(避險)"":""100,602,065"",""自營商買賣超股數(避險)"":""-82,324,376"",""三大法人買賣超股數"":""-85,169,976""}"
2026-09-29,TWSE,009816,凱基台灣TOP50   ,4989515,15615000,-10625485,0,0,0,4332000,82521626,-78239626,"{""證券代號"":""009816"",""證券名稱"":""凱基台灣TOP50   "",""外陸資買進股數(不含外資自營商)"":""4,989,515"",""外陸資賣出股數(不含外資自營商)"":""15,615,000"",""外陸資買賣超股數(不含外資自營商)"":""-10,625,485"",""外資自營商買進股數"":""0"",""外資自營商賣出股數"":""0"",""外資自營商買賣超股數"":""0"",""投信買進股數"":""0"",""投信賣出股數"":""0"",""投信買賣超股數"":""0"",""自營商買賣超股數"":""-78,239,626"",""自營商買進股數(自行買賣)"":""0"",""自營商賣出股數(自行買賣)"":""50,000"",""自營商買賣超股數(自行買賣)"":""-50,000"",""自營商買進股數(避險)"":""4,332,000"",""自營商賣出股數(避險)"":""82,521,626"",""自營商買賣超股數(避險)"":""-78,189,626"",""三大法人買賣超股數"":""-88,865,111""}"
2026-09-29,TWSE,00406A,主動中信台灣收益,7175239,69293250,-62118011,0,0,0,6471610,502378736,-495907126,"{""證券代號"":""00406A"",""證券名稱"":""主動中信台灣收益"",""外陸資買進股數(不含外資自營商)"":""7,175,239"",""外陸資賣出股數(不含外資自營商)"":""69,293,250"",""外陸資買賣超股數(不含外資自營商)"":""-62,118,011"",""外資自營商買進股數"":""0"",""外資自營商賣出股數"":""0"",""外資自營商買賣超股數"":""0"",""投信買進股數"":""0"",""投信賣出股數"":""0"",""投信買賣超股數"":""0"",""自營商買賣超股數"":""-495,907,126"",""自營商買進股數(自行買賣)"":""0"",""自營商賣出股數(自行買賣)"":""0"",""自營商買賣超股數(自行買賣)"":""0"",""自營商買進股數(避險)"":""6,471,610"",""自營商賣出股數(避險)"":""502,378,736"",""自營商買賣超股數(避險)"":""-495,907,126"",""三大法人買賣超股數"":""-558,025,137""}"
