trade_date,market,stock_id,name,foreign_buy,foreign_sell,foreign_net,trust_buy,trust_sell,trust_net,dealer_buy,dealer_sell,dealer_net,raw_json
2026-09-24,TWSE,00403A,主動統一升級50  ,82945186,18449050,64496136,0,0,0,144284386,16464000,127820386,"{""證券代號"":""00403A"",""證券名稱"":""主動統一升級50  "",""外陸資買進股數(不含外資自營商)"":""82,945,186"",""外陸資賣出股數(不含外資自營商)"":""18,449,050"",""外陸資買賣超股數(不含外資自營商)"":""64,496,136"",""外資自營商買進股數"":""0"",""外資自營商賣出股數"":""0"",""外資自營商買賣超股數"":""0"",""投信買進股數"":""0"",""投信賣出股數"":""0"",""投信買賣超股數"":""0"",""自營商買賣超股數"":""127,820,386"",""自營商買進股數(自行買賣)"":""0"",""自營商賣出股數(自行買賣)"":""0"",""自營商買賣超股數(自行買賣)"":""0"",""自營商買進股數(避險)"":""144,284,386"",""自營商賣出股數(避險)"":""16,464,000"",""自營商買賣超股數(避險)"":""127,820,386"",""三大法人買賣超股數"":""192,316,522""}"
2026-09-24,TWSE,00981A,主動統一台股增長,58788463,22341820,36446643,0,0,0,56835986,12542936,46032153,"{""證券代號"":""00981A"",""證券名稱"":""主動統一台股增長"",""外陸資買進股數(不含外資自營商)"":""58,788,463"",""外陸資賣出股數(不含外資自營商)"":""22,341,820"",""外陸資買賣超股數(不含外資自營商)"":""36,446,643"",""外資自營商買進股數"":""0"",""外資自營商賣出股數"":""0"",""外資自營商買賣超股數"":""0"",""投信買進股數"":""0"",""投信賣出股數"":""0"",""投信買賣超股數"":""0"",""自營商買賣超股數"":""46,032,153"",""自營商買進股數(自行買賣)"":""1,739,103"",""自營商賣出股數(自行買賣)"":""0"",""自營商買賣超股數(自行買賣)"":""1,739,103"",""自營商買進股數(避險)"":""56,835,986"",""自營商賣出股數(避險)"":""12,542,936"",""自營商買賣超股數(避險)"":""44,293,050"",""三大法人買賣超股數"":""82,478,796""}"
2026-09-24,TWSE,00407A,主動凱基台灣    ,6271000,9353000,-3082000,0,0,0,40628348,4518098,36110250,"{""證券代號"":""00407A"",""證券名稱"":""主動凱基台灣    "",""外陸資買進股數(不含外資自營商)"":""6,271,000"",""外陸資賣出股數(不含外資自營商)"":""9,353,000"",""外陸資買賣超股數(不含外資自營商)"":""-3,082,000"",""外資自營商買進股數"":""0"",""外資自營商賣出股數"":""0"",""外資自營商買賣超股數"":""0"",""投信買進股數"":""0"",""投信賣出股數"":""0"",""投信買賣超股數"":""0"",""自營商買賣超股數"":""36,110,250"",""自營商買進股數(自行買賣)"":""0"",""自營商賣出股數(自行買賣)"":""0"",""自營商買賣超股數(自行買賣)"":""0"",""自營商買進股數(避險)"":""40,628,348"",""自營商賣出股數(避險)"":""4,518,098"",""自營商買賣超股數(避險)"":""36,110,250"",""三大法人買賣超股數"":""33,028,250""}"
2026-09-24,TWSE,00991A,主動復華未來50  ,23124354,13454000,9670354,0,0,0,23725433,6226589,17629666,"{""證券代號"":""00991A"",""證券名稱"":""主動復華未來50  "",""外陸資買進股數(不含外資自營商)"":""23,124,354"",""外陸資賣出股數(不含外資自營商)"":""13,454,000"",""外陸資買賣超股數(不含外資自營商)"":""9,670,354"",""外資自營商買進股數"":""0"",""外資自營商賣出股數"":""0"",""外資自營商買賣超股數"":""0"",""投信買進股數"":""0"",""投信賣出股數"":""0"",""投信買賣超股數"":""0"",""自營商買賣超股數"":""17,629,666"",""自營商買進股數(自行買賣)"":""430,822"",""自營商賣出股數(自行買賣)"":""300,000"",""自營商買賣超股數(自行買賣)"":""130,822"",""自營商買進股數(避險)"":""23,725,433"",""自營商賣出股數(避險)"":""6,226,589"",""自營商買賣超股數(避險)"":""17,498,844"",""三大法人買賣超股數"":""27,300,020""}"
2026-09-24,TWSE,00405A,主動富邦台灣龍耀,9234000,12394199,-3160199,0,0,0,41220349,11703056,29367293,"{""證券代號"":""00405A"",""證券名稱"":""主動富邦台灣龍耀"",""外陸資買進股數(不含外資自營商)"":""9,234,000"",""外陸資賣出股數(不含外資自營商)"":""12,394,199"",""外陸資買賣超股數(不含外資自營商)"":""-3,160,199"",""外資自營商買進股數"":""0"",""外資自營商賣出股數"":""0"",""外資自營商買賣超股數"":""0"",""投信買進股數"":""0"",""投信賣出股數"":""0"",""投信買賣超股數"":""0"",""自營商買賣超股數"":""29,367,293"",""自營商買進股數(自行買賣)"":""0"",""自營商賣出股數(自行買賣)"":""150,000"",""自營商買賣超股數(自行買賣)"":""-150,000"",""自營商買進股數(避險)"":""41,220,349"",""自營商賣出股數(避險)"":""11,703,056"",""自營商買賣超股數(避險)"":""29,517,293"",""三大法人買賣超股數"":""26,207,094""}"
2026-09-24,TWSE,00632R,元大台灣50反1   ,2474000,809000,1665000,0,0,0,21574519,4686494,16888025,"{""證券代號"":""00632R"",""證券名稱"":""元大台灣50反1   "",""外陸資買進股數(不含外資自營商)"":""2,474,000"",""外陸資賣出股數(不含外資自營商)"":""809,000"",""外陸資買賣超股數(不含外資自營商)"":""1,665,000"",""外資自營商買進股數"":""0"",""外資自營商賣出股數"":""0"",""外資自營商買賣超股數"":""0"",""投信買進股數"":""0"",""投信賣出股數"":""0"",""投信買賣超股數"":""0"",""自營商買賣超股數"":""16,888,025"",""自營商買進股數(自行買賣)"":""0"",""自營商賣出股數(自行買賣)"":""0"",""自營商買賣超股數(自行買賣)"":""0"",""自營商買進股數(避險)"":""21,574,519"",""自營商賣出股數(避險)"":""4,686,494"",""自營商買賣超股數(避險)"":""16,888,025"",""三大法人買賣超股數"":""18,553,025""}"
2026-09-24,TWSE,00409A,主動復華全球50  ,14141000,794000,13347000,0,0,0,10812000,9234839,1577161,"{""證券代號"":""00409A"",""證券名稱"":""主動復華全球50  "",""外陸資買進股數(不含外資自營商)"":""14,141,000"",""外陸資賣出股數(不含外資自營商)"":""794,000"",""外陸資買賣超股數(不含外資自營商)"":""13,347,000"",""外資自營商買進股數"":""0"",""外資自營商賣出股數"":""0"",""外資自營商買賣超股數"":""0"",""投信買進股數"":""0"",""投信賣出股數"":""0"",""投信買賣超股數"":""0"",""自營商買賣超股數"":""1,577,161"",""自營商買進股數(自行買賣)"":""0"",""自營商賣出股數(自行買賣)"":""0"",""自營商買賣超股數(自行買賣)"":""0"",""自營商買進股數(避險)"":""10,812,000"",""自營商賣出股數(避險)"":""9,234,839"",""自營商買賣超股數(避險)"":""1,577,161"",""三大法人買賣超股數"":""14,924,161""}"
2026-09-24,TWSE,1303,南亞            ,31998826,14196569,17802257,579000,5646000,-5067000,898227,167099,1504545,"{""證券代號"":""1303"",""證券名稱"":""南亞            "",""外陸資買進股數(不含外資自營商)"":""31,998,826"",""外陸資賣出股數(不含外資自營商)"":""14,196,569"",""外陸資買賣超股數(不含外資自營商)"":""17,802,257"",""外資自營商買進股數"":""0"",""外資自營商賣出股數"":""0"",""外資自營商買賣超股數"":""0"",""投信買進股數"":""579,000"",""投信賣出股數"":""5,646,000"",""投信買賣超股數"":""-5,067,000"",""自營商買賣超股數"":""1,504,545"",""自營商買進股數(自行買賣)"":""1,066,417"",""自營商賣出股數(自行買賣)"":""293,000"",""自營商買賣超股數(自行買賣)"":""773,417"",""自營商買進股數(避險)"":""898,227"",""自營商賣出股數(避險)"":""167,099"",""自營商買賣超股數(避險)"":""731,128"",""三大法人買賣超股數"":""14,239,802""}"
2026-09-24,TWSE,8150,南茂            ,40932634,26283489,14649145,10000,0,10000,728659,534617,-773958,"{""證券代號"":""8150"",""證券名稱"":""南茂            "",""外陸資買進股數(不含外資自營商)"":""40,932,634"",""外陸資賣出股數(不含外資自營商)"":""26,283,489"",""外陸資買賣超股數(不含外資自營商)"":""14,649,145"",""外資自營商買進股數"":""0"",""外資自營商賣出股數"":""0"",""外資自營商買賣超股數"":""0"",""投信買進股數"":""10,000"",""投信賣出股數"":""0"",""投信買賣超股數"":""10,000"",""自營商買賣超股數"":""-773,958"",""自營商買進股數(自行買賣)"":""1,056,000"",""自營商賣出股數(自行買賣)"":""2,024,000"",""自營商買賣超股數(自行買賣)"":""-968,000"",""自營商買進股數(避險)"":""728,659"",""自營商賣出股數(避險)"":""534,617"",""自營商買賣超股數(避險)"":""194,042"",""三大法人買賣超股數"":""13,885,187""}"
2026-09-24,TWSE,00992A,主動群益科技創新,9793250,3700000,6093250,0,0,0,10179421,4184831,6947590,"{""證券代號"":""00992A"",""證券名稱"":""主動群益科技創新"",""外陸資買進股數(不含外資自營商)"":""9,793,250"",""外陸資賣出股數(不含外資自營商)"":""3,700,000"",""外陸資買賣超股數(不含外資自營商)"":""6,093,250"",""外資自營商買進股數"":""0"",""外資自營商賣出股數"":""0"",""外資自營商買賣超股數"":""0"",""投信買進股數"":""0"",""投信賣出股數"":""0"",""投信買賣超股數"":""0"",""自營商買賣超股數"":""6,947,590"",""自營商買進股數(自行買賣)"":""1,053,000"",""自營商賣出股數(自行買賣)"":""100,000"",""自營商買賣超股數(自行買賣)"":""953,000"",""自營商買進股數(避險)"":""10,179,421"",""自營商賣出股數(避險)"":""4,184,831"",""自營商買賣超股數(避險)"":""5,994,590"",""三大法人買賣超股數"":""13,040,840""}"
2026-09-24,TWSE,009828,中信台日韓PCB   ,21321000,15030000,6291000,0,0,0,16804530,11948219,4856311,"{""證券代號"":""009828"",""證券名稱"":""中信台日韓PCB   "",""外陸資買進股數(不含外資自營商)"":""21,321,000"",""外陸資賣出股數(不含外資自營商)"":""15,030,000"",""外陸資買賣超股數(不含外資自營商)"":""6,291,000"",""外資自營商買進股數"":""0"",""外資自營商賣出股數"":""0"",""外資自營商買賣超股數"":""0"",""投信買進股數"":""0"",""投信賣出股數"":""0"",""投信買賣超股數"":""0"",""自營商買賣超股數"":""4,856,311"",""自營商買進股數(自行買賣)"":""0"",""自營商賣出股數(自行買賣)"":""0"",""自營商買賣超股數(自行買賣)"":""0"",""自營商買進股數(避險)"":""16,804,530"",""自營商賣出股數(避險)"":""11,948,219"",""自營商買賣超股數(避險)"":""4,856,311"",""三大法人買賣超股數"":""11,147,311""}"
2026-09-24,TWSE,3016,嘉晶            ,16756990,8500891,8256099,0,0,0,519145,180767,307378,"{""證券代號"":""3016"",""證券名稱"":""嘉晶            "",""外陸資買進股數(不含外資自營商)"":""16,756,990"",""外陸資賣出股數(不含外資自營商)"":""8,500,891"",""外陸資買賣超股數(不含外資自營商)"":""8,256,099"",""外資自營商買進股數"":""0"",""外資自營商賣出股數"":""0"",""外資自營商買賣超股數"":""0"",""投信買進股數"":""0"",""投信賣出股數"":""0"",""投信買賣超股數"":""0"",""自營商買賣超股數"":""307,378"",""自營商買進股數(自行買賣)"":""93,000"",""自營商賣出股數(自行買賣)"":""124,000"",""自營商買賣超股數(自行買賣)"":""-31,000"",""自營商買進股數(避險)"":""519,145"",""自營商賣出股數(避險)"":""180,767"",""自營商買賣超股數(避險)"":""338,378"",""三大法人買賣超股數"":""8,563,477""}"
2026-09-24,TWSE,3189,景碩            ,15321645,8487435,6834210,1094001,110000,984001,815991,706378,517243,"{""證券代號"":""3189"",""證券名稱"":""景碩            "",""外陸資買進股數(不含外資自營商)"":""15,321,645"",""外陸資賣出股數(不含外資自營商)"":""8,487,435"",""外陸資買賣超股數(不含外資自營商)"":""6,834,210"",""外資自營商買進股數"":""0"",""外資自營商賣出股數"":""0"",""外資自營商買賣超股數"":""0"",""投信買進股數"":""1,094,001"",""投信賣出股數"":""110,000"",""投信買賣超股數"":""984,001"",""自營商買賣超股數"":""517,243"",""自營商買進股數(自行買賣)"":""588,824"",""自營商賣出股數(自行買賣)"":""181,194"",""自營商買賣超股數(自行買賣)"":""407,630"",""自營商買進股數(避險)"":""815,991"",""自營商賣出股數(避險)"":""706,378"",""自營商買賣超股數(避險)"":""109,613"",""三大法人買賣超股數"":""8,335,454""}"
2026-09-24,TWSE,3231,緯創            ,22876405,15003321,7873084,439000,1393000,-954000,559862,78224,661588,"{""證券代號"":""3231"",""證券名稱"":""緯創            "",""外陸資買進股數(不含外資自營商)"":""22,876,405"",""外陸資賣出股數(不含外資自營商)"":""15,003,321"",""外陸資買賣超股數(不含外資自營商)"":""7,873,084"",""外資自營商買進股數"":""0"",""外資自營商賣出股數"":""0"",""外資自營商買賣超股數"":""0"",""投信買進股數"":""439,000"",""投信賣出股數"":""1,393,000"",""投信買賣超股數"":""-954,000"",""自營商買賣超股數"":""661,588"",""自營商買進股數(自行買賣)"":""236,000"",""自營商賣出股數(自行買賣)"":""56,050"",""自營商買賣超股數(自行買賣)"":""179,950"",""自營商買進股數(避險)"":""559,862"",""自營商賣出股數(避險)"":""78,224"",""自營商買賣超股數(避險)"":""481,638"",""三大法人買賣超股數"":""7,580,672""}"
2026-09-24,TWSE,009820,元大納斯達克精選,743000,72000,671000,0,0,0,6855263,952782,5902481,"{""證券代號"":""009820"",""證券名稱"":""元大納斯達克精選"",""外陸資買進股數(不含外資自營商)"":""743,000"",""外陸資賣出股數(不含外資自營商)"":""72,000"",""外陸資買賣超股數(不含外資自營商)"":""671,000"",""外資自營商買進股數"":""0"",""外資自營商賣出股數"":""0"",""外資自營商買賣超股數"":""0"",""投信買進股數"":""0"",""投信賣出股數"":""0"",""投信買賣超股數"":""0"",""自營商買賣超股數"":""5,902,481"",""自營商買進股數(自行買賣)"":""0"",""自營商賣出股數(自行買賣)"":""0"",""自營商買賣超股數(自行買賣)"":""0"",""自營商買進股數(避險)"":""6,855,263"",""自營商賣出股數(避險)"":""952,782"",""自營商買賣超股數(避險)"":""5,902,481"",""三大法人買賣超股數"":""6,573,481""}"
2026-09-24,TWSE,00982A,主動群益台灣強棒,5101650,1651000,3450650,0,0,0,4705711,1719437,3056274,"{""證券代號"":""00982A"",""證券名稱"":""主動群益台灣強棒"",""外陸資買進股數(不含外資自營商)"":""5,101,650"",""外陸資賣出股數(不含外資自營商)"":""1,651,000"",""外陸資買賣超股數(不含外資自營商)"":""3,450,650"",""外資自營商買進股數"":""0"",""外資自營商賣出股數"":""0"",""外資自營商買賣超股數"":""0"",""投信買進股數"":""0"",""投信賣出股數"":""0"",""投信買賣超股數"":""0"",""自營商買賣超股數"":""3,056,274"",""自營商買進股數(自行買賣)"":""70,000"",""自營商賣出股數(自行買賣)"":""0"",""自營商買賣超股數(自行買賣)"":""70,000"",""自營商買進股數(避險)"":""4,705,711"",""自營商賣出股數(避險)"":""1,719,437"",""自營商買賣超股數(避險)"":""2,986,274"",""三大法人買賣超股數"":""6,506,924""}"
2026-09-24,TWSE,00988A,主動統一全球創新,4856020,2444000,2412020,0,132000,-132000,3619000,198000,3371000,"{""證券代號"":""00988A"",""證券名稱"":""主動統一全球創新"",""外陸資買進股數(不含外資自營商)"":""4,856,020"",""外陸資賣出股數(不含外資自營商)"":""2,444,000"",""外陸資買賣超股數(不含外資自營商)"":""2,412,020"",""外資自營商買進股數"":""0"",""外資自營商賣出股數"":""0"",""外資自營商買賣超股數"":""0"",""投信買進股數"":""0"",""投信賣出股數"":""132,000"",""投信買賣超股數"":""-132,000"",""自營商買賣超股數"":""3,371,000"",""自營商買進股數(自行買賣)"":""0"",""自營商賣出股數(自行買賣)"":""50,000"",""自營商買賣超股數(自行買賣)"":""-50,000"",""自營商買進股數(避險)"":""3,619,000"",""自營商賣出股數(避險)"":""198,000"",""自營商買賣超股數(避險)"":""3,421,000"",""三大法人買賣超股數"":""5,651,020""}"
2026-09-24,TWSE,00400A,主動國泰動能高息,7228500,2365400,4863100,0,0,0,4294530,3719386,575144,"{""證券代號"":""00400A"",""證券名稱"":""主動國泰動能高息"",""外陸資買進股數(不含外資自營商)"":""7,228,500"",""外陸資賣出股數(不含外資自營商)"":""2,365,400"",""外陸資買賣超股數(不含外資自營商)"":""4,863,100"",""外資自營商買進股數"":""0"",""外資自營商賣出股數"":""0"",""外資自營商買賣超股數"":""0"",""投信買進股數"":""0"",""投信賣出股數"":""0"",""投信買賣超股數"":""0"",""自營商買賣超股數"":""575,144"",""自營商買進股數(自行買賣)"":""0"",""自營商賣出股數(自行買賣)"":""0"",""自營商買賣超股數(自行買賣)"":""0"",""自營商買進股數(避險)"":""4,294,530"",""自營商賣出股數(避險)"":""3,719,386"",""自營商買賣超股數(避險)"":""575,144"",""三大法人買賣超股數"":""5,438,244""}"
2026-09-24,TWSE,00402A,主動安聯美國科技,6468066,132900,6335166,0,0,0,2220383,3167420,-947037,"{""證券代號"":""00402A"",""證券名稱"":""主動安聯美國科技"",""外陸資買進股數(不含外資自營商)"":""6,468,066"",""外陸資賣出股數(不含外資自營商)"":""132,900"",""外陸資買賣超股數(不含外資自營商)"":""6,335,166"",""外資自營商買進股數"":""0"",""外資自營商賣出股數"":""0"",""外資自營商買賣超股數"":""0"",""投信買進股數"":""0"",""投信賣出股數"":""0"",""投信買賣超股數"":""0"",""自營商買賣超股數"":""-947,037"",""自營商買進股數(自行買賣)"":""0"",""自營商賣出股數(自行買賣)"":""0"",""自營商買賣超股數(自行買賣)"":""0"",""自營商買進股數(避險)"":""2,220,383"",""自營商賣出股數(避險)"":""3,167,420"",""自營商買賣超股數(避險)"":""-947,037"",""三大法人買賣超股數"":""5,388,129""}"
2026-09-24,TWSE,9105,泰金寶-DR       ,4739000,425000,4314000,0,0,0,148035,7000,141035,"{""證券代號"":""9105"",""證券名稱"":""泰金寶-DR       "",""外陸資買進股數(不含外資自營商)"":""4,739,000"",""外陸資賣出股數(不含外資自營商)"":""425,000"",""外陸資買賣超股數(不含外資自營商)"":""4,314,000"",""外資自營商買進股數"":""0"",""外資自營商賣出股數"":""0"",""外資自營商買賣超股數"":""0"",""投信買進股數"":""0"",""投信賣出股數"":""0"",""投信買賣超股數"":""0"",""自營商買賣超股數"":""141,035"",""自營商買進股數(自行買賣)"":""0"",""自營商賣出股數(自行買賣)"":""0"",""自營商買賣超股數(自行買賣)"":""0"",""自營商買進股數(避險)"":""148,035"",""自營商賣出股數(避險)"":""7,000"",""自營商買賣超股數(避險)"":""141,035"",""三大法人買賣超股數"":""4,455,035""}"
2026-09-24,TWSE,00990A,主動元大AI新經濟,2409000,489140,1919860,0,0,0,2476000,362941,2113059,"{""證券代號"":""00990A"",""證券名稱"":""主動元大AI新經濟"",""外陸資買進股數(不含外資自營商)"":""2,409,000"",""外陸資賣出股數(不含外資自營商)"":""489,140"",""外陸資買賣超股數(不含外資自營商)"":""1,919,860"",""外資自營商買進股數"":""0"",""外資自營商賣出股數"":""0"",""外資自營商買賣超股數"":""0"",""投信買進股數"":""0"",""投信賣出股數"":""0"",""投信買賣超股數"":""0"",""自營商買賣超股數"":""2,113,059"",""自營商買進股數(自行買賣)"":""0"",""自營商賣出股數(自行買賣)"":""0"",""自營商買賣超股數(自行買賣)"":""0"",""自營商買進股數(避險)"":""2,476,000"",""自營商賣出股數(避險)"":""362,941"",""自營商買賣超股數(避險)"":""2,113,059"",""三大法人買賣超股數"":""4,032,919""}"
2026-09-24,TWSE,2027,大成鋼          ,5738768,3593295,2145473,468000,13000,455000,941739,22570,930169,"{""證券代號"":""2027"",""證券名稱"":""大成鋼          "",""外陸資買進股數(不含外資自營商)"":""5,738,768"",""外陸資賣出股數(不含外資自營商)"":""3,593,295"",""外陸資買賣超股數(不含外資自營商)"":""2,145,473"",""外資自營商買進股數"":""0"",""外資自營商賣出股數"":""0"",""外資自營商買賣超股數"":""0"",""投信買進股數"":""468,000"",""投信賣出股數"":""13,000"",""投信買賣超股數"":""455,000"",""自營商買賣超股數"":""930,169"",""自營商買進股數(自行買賣)"":""11,000"",""自營商賣出股數(自行買賣)"":""0"",""自營商買賣超股數(自行買賣)"":""11,000"",""自營商買進股數(避險)"":""941,739"",""自營商賣出股數(避險)"":""22,570"",""自營商買賣超股數(避險)"":""919,169"",""三大法人買賣超股數"":""3,530,642""}"
2026-09-24,TWSE,3702,大聯大          ,4754124,1895885,2858239,1324000,910000,414000,181184,41946,179238,"{""證券代號"":""3702"",""證券名稱"":""大聯大          "",""外陸資買進股數(不含外資自營商)"":""4,754,124"",""外陸資賣出股數(不含外資自營商)"":""1,895,885"",""外陸資買賣超股數(不含外資自營商)"":""2,858,239"",""外資自營商買進股數"":""0"",""外資自營商賣出股數"":""0"",""外資自營商買賣超股數"":""0"",""投信買進股數"":""1,324,000"",""投信賣出股數"":""910,000"",""投信買賣超股數"":""414,000"",""自營商買賣超股數"":""179,238"",""自營商買進股數(自行買賣)"":""40,000"",""自營商賣出股數(自行買賣)"":""0"",""自營商買賣超股數(自行買賣)"":""40,000"",""自營商買進股數(避險)"":""181,184"",""自營商賣出股數(避險)"":""41,946"",""自營商買賣超股數(避險)"":""139,238"",""三大法人買賣超股數"":""3,451,477""}"
2026-09-24,TWSE,2492,華新科          ,6427869,3283336,3144533,1000,0,1000,138319,31099,251770,"{""證券代號"":""2492"",""證券名稱"":""華新科          "",""外陸資買進股數(不含外資自營商)"":""6,427,869"",""外陸資賣出股數(不含外資自營商)"":""3,283,336"",""外陸資買賣超股數(不含外資自營商)"":""3,144,533"",""外資自營商買進股數"":""0"",""外資自營商賣出股數"":""0"",""外資自營商買賣超股數"":""0"",""投信買進股數"":""1,000"",""投信賣出股數"":""0"",""投信買賣超股數"":""1,000"",""自營商買賣超股數"":""251,770"",""自營商買進股數(自行買賣)"":""168,550"",""自營商賣出股數(自行買賣)"":""24,000"",""自營商買賣超股數(自行買賣)"":""144,550"",""自營商買進股數(避險)"":""138,319"",""自營商賣出股數(避險)"":""31,099"",""自營商買賣超股數(避險)"":""107,220"",""三大法人買賣超股數"":""3,397,303""}"
2026-09-24,TWSE,00993A,主動安聯台灣    ,1129000,730000,399000,0,0,0,4378013,1502248,2875765,"{""證券代號"":""00993A"",""證券名稱"":""主動安聯台灣    "",""外陸資買進股數(不含外資自營商)"":""1,129,000"",""外陸資賣出股數(不含外資自營商)"":""730,000"",""外陸資買賣超股數(不含外資自營商)"":""399,000"",""外資自營商買進股數"":""0"",""外資自營商賣出股數"":""0"",""外資自營商買賣超股數"":""0"",""投信買進股數"":""0"",""投信賣出股數"":""0"",""投信買賣超股數"":""0"",""自營商買賣超股數"":""2,875,765"",""自營商買進股數(自行買賣)"":""0"",""自營商賣出股數(自行買賣)"":""0"",""自營商買賣超股數(自行買賣)"":""0"",""自營商買進股數(避險)"":""4,378,013"",""自營商賣出股數(避險)"":""1,502,248"",""自營商買賣超股數(避險)"":""2,875,765"",""三大法人買賣超股數"":""3,274,765""}"
2026-09-24,TWSE,3026,禾伸堂          ,5077460,2147764,2929696,164000,0,164000,192899,176849,3050,"{""證券代號"":""3026"",""證券名稱"":""禾伸堂          "",""外陸資買進股數(不含外資自營商)"":""5,077,460"",""外陸資賣出股數(不含外資自營商)"":""2,147,764"",""外陸資買賣超股數(不含外資自營商)"":""2,929,696"",""外資自營商買進股數"":""0"",""外資自營商賣出股數"":""0"",""外資自營商買賣超股數"":""0"",""投信買進股數"":""164,000"",""投信賣出股數"":""0"",""投信買賣超股數"":""164,000"",""自營商買賣超股數"":""3,050"",""自營商買進股數(自行買賣)"":""43,000"",""自營商賣出股數(自行買賣)"":""56,000"",""自營商買賣超股數(自行買賣)"":""-13,000"",""自營商買進股數(避險)"":""192,899"",""自營商賣出股數(避險)"":""176,849"",""自營商買賣超股數(避險)"":""16,050"",""三大法人買賣超股數"":""3,096,746""}"
2026-09-24,TWSE,6672,騰輝電子-KY     ,5273963,2418050,2855913,0,3000,-3000,176352,132518,87834,"{""證券代號"":""6672"",""證券名稱"":""騰輝電子-KY     "",""外陸資買進股數(不含外資自營商)"":""5,273,963"",""外陸資賣出股數(不含外資自營商)"":""2,418,050"",""外陸資買賣超股數(不含外資自營商)"":""2,855,913"",""外資自營商買進股數"":""0"",""外資自營商賣出股數"":""0"",""外資自營商買賣超股數"":""0"",""投信買進股數"":""0"",""投信賣出股數"":""3,000"",""投信買賣超股數"":""-3,000"",""自營商買賣超股數"":""87,834"",""自營商買進股數(自行買賣)"":""52,000"",""自營商賣出股數(自行買賣)"":""8,000"",""自營商買賣超股數(自行買賣)"":""44,000"",""自營商買進股數(避險)"":""176,352"",""自營商賣出股數(避險)"":""132,518"",""自營商買賣超股數(避險)"":""43,834"",""三大法人買賣超股數"":""2,940,747""}"
2026-09-24,TWSE,4566,時碩工業        ,3528844,637430,2891414,0,0,0,17847,16000,6847,"{""證券代號"":""4566"",""證券名稱"":""時碩工業        "",""外陸資買進股數(不含外資自營商)"":""3,528,844"",""外陸資賣出股數(不含外資自營商)"":""637,430"",""外陸資買賣超股數(不含外資自營商)"":""2,891,414"",""外資自營商買進股數"":""0"",""外資自營商賣出股數"":""0"",""外資自營商買賣超股數"":""0"",""投信買進股數"":""0"",""投信賣出股數"":""0"",""投信買賣超股數"":""0"",""自營商買賣超股數"":""6,847"",""自營商買進股數(自行買賣)"":""5,000"",""自營商賣出股數(自行買賣)"":""0"",""自營商買賣超股數(自行買賣)"":""5,000"",""自營商買進股數(避險)"":""17,847"",""自營商賣出股數(避險)"":""16,000"",""自營商買賣超股數(避險)"":""1,847"",""三大法人買賣超股數"":""2,898,261""}"
2026-09-24,TWSE,00997A,主動群益美國增長,3269000,920000,2349000,0,0,0,2223105,1764320,458785,"{""證券代號"":""00997A"",""證券名稱"":""主動群益美國增長"",""外陸資買進股數(不含外資自營商)"":""3,269,000"",""外陸資賣出股數(不含外資自營商)"":""920,000"",""外陸資買賣超股數(不含外資自營商)"":""2,349,000"",""外資自營商買進股數"":""0"",""外資自營商賣出股數"":""0"",""外資自營商買賣超股數"":""0"",""投信買進股數"":""0"",""投信賣出股數"":""0"",""投信買賣超股數"":""0"",""自營商買賣超股數"":""458,785"",""自營商買進股數(自行買賣)"":""0"",""自營商賣出股數(自行買賣)"":""0"",""自營商買賣超股數(自行買賣)"":""0"",""自營商買進股數(避險)"":""2,223,105"",""自營商賣出股數(避險)"":""1,764,320"",""自營商買賣超股數(避險)"":""458,785"",""三大法人買賣超股數"":""2,807,785""}"
2026-09-24,TWSE,009824,群益美國科技巨頭,1018000,42000,976000,0,0,0,2239000,408437,1830563,"{""證券代號"":""009824"",""證券名稱"":""群益美國科技巨頭"",""外陸資買進股數(不含外資自營商)"":""1,018,000"",""外陸資賣出股數(不含外資自營商)"":""42,000"",""外陸資買賣超股數(不含外資自營商)"":""976,000"",""外資自營商買進股數"":""0"",""外資自營商賣出股數"":""0"",""外資自營商買賣超股數"":""0"",""投信買進股數"":""0"",""投信賣出股數"":""0"",""投信買賣超股數"":""0"",""自營商買賣超股數"":""1,830,563"",""自營商買進股數(自行買賣)"":""0"",""自營商賣出股數(自行買賣)"":""0"",""自營商買賣超股數(自行買賣)"":""0"",""自營商買進股數(避險)"":""2,239,000"",""自營商賣出股數(避險)"":""408,437"",""自營商買賣超股數(避險)"":""1,830,563"",""三大法人買賣超股數"":""2,806,563""}"
2026-09-24,TWSE,2412,中華電          ,4609185,1746522,2862663,85000,6000,79000,35000,219020,-194020,"{""證券代號"":""2412"",""證券名稱"":""中華電          "",""外陸資買進股數(不含外資自營商)"":""4,609,185"",""外陸資賣出股數(不含外資自營商)"":""1,746,522"",""外陸資買賣超股數(不含外資自營商)"":""2,862,663"",""外資自營商買進股數"":""0"",""外資自營商賣出股數"":""0"",""外資自營商買賣超股數"":""0"",""投信買進股數"":""85,000"",""投信賣出股數"":""6,000"",""投信買賣超股數"":""79,000"",""自營商買賣超股數"":""-194,020"",""自營商買進股數(自行買賣)"":""0"",""自營商賣出股數(自行買賣)"":""10,000"",""自營商買賣超股數(自行買賣)"":""-10,000"",""自營商買進股數(避險)"":""35,000"",""自營商賣出股數(避險)"":""219,020"",""自營商買賣超股數(避險)"":""-184,020"",""三大法人買賣超股數"":""2,747,643""}"
2026-09-24,TWSE,2030,彰源            ,4128687,1632042,2496645,0,0,0,0,0,54197,"{""證券代號"":""2030"",""證券名稱"":""彰源            "",""外陸資買進股數(不含外資自營商)"":""4,128,687"",""外陸資賣出股數(不含外資自營商)"":""1,632,042"",""外陸資買賣超股數(不含外資自營商)"":""2,496,645"",""外資自營商買進股數"":""0"",""外資自營商賣出股數"":""0"",""外資自營商買賣超股數"":""0"",""投信買進股數"":""0"",""投信賣出股數"":""0"",""投信買賣超股數"":""0"",""自營商買賣超股數"":""54,197"",""自營商買進股數(自行買賣)"":""67,197"",""自營商賣出股數(自行買賣)"":""13,000"",""自營商買賣超股數(自行買賣)"":""54,197"",""自營商買進股數(避險)"":""0"",""自營商賣出股數(避險)"":""0"",""自營商買賣超股數(避險)"":""0"",""三大法人買賣超股數"":""2,550,842""}"
2026-09-24,TWSE,2034,允強            ,3411786,977147,2434639,0,0,0,45312,45064,13248,"{""證券代號"":""2034"",""證券名稱"":""允強            "",""外陸資買進股數(不含外資自營商)"":""3,411,786"",""外陸資賣出股數(不含外資自營商)"":""977,147"",""外陸資買賣超股數(不含外資自營商)"":""2,434,639"",""外資自營商買進股數"":""0"",""外資自營商賣出股數"":""0"",""外資自營商買賣超股數"":""0"",""投信買進股數"":""0"",""投信賣出股數"":""0"",""投信買賣超股數"":""0"",""自營商買賣超股數"":""13,248"",""自營商買進股數(自行買賣)"":""14,000"",""自營商賣出股數(自行買賣)"":""1,000"",""自營商買賣超股數(自行買賣)"":""13,000"",""自營商買進股數(避險)"":""45,312"",""自營商賣出股數(避險)"":""45,064"",""自營商買賣超股數(避險)"":""248"",""三大法人買賣超股數"":""2,447,887""}"
2026-09-24,TWSE,2892,第一金          ,8392592,6821283,1571309,759000,116000,643000,190358,72431,147909,"{""證券代號"":""2892"",""證券名稱"":""第一金          "",""外陸資買進股數(不含外資自營商)"":""8,392,592"",""外陸資賣出股數(不含外資自營商)"":""6,821,283"",""外陸資買賣超股數(不含外資自營商)"":""1,571,309"",""外資自營商買進股數"":""0"",""外資自營商賣出股數"":""0"",""外資自營商買賣超股數"":""0"",""投信買進股數"":""759,000"",""投信賣出股數"":""116,000"",""投信買賣超股數"":""643,000"",""自營商買賣超股數"":""147,909"",""自營商買進股數(自行買賣)"":""30,000"",""自營商賣出股數(自行買賣)"":""18"",""自營商買賣超股數(自行買賣)"":""29,982"",""自營商買進股數(避險)"":""190,358"",""自營商賣出股數(避險)"":""72,431"",""自營商買賣超股數(避險)"":""117,927"",""三大法人買賣超股數"":""2,362,218""}"
2026-09-24,TWSE,2327,國巨*           ,14609264,12476784,2132480,84000,350000,-266000,190629,64255,472468,"{""證券代號"":""2327"",""證券名稱"":""國巨*           "",""外陸資買進股數(不含外資自營商)"":""14,609,264"",""外陸資賣出股數(不含外資自營商)"":""12,476,784"",""外陸資買賣超股數(不含外資自營商)"":""2,132,480"",""外資自營商買進股數"":""0"",""外資自營商賣出股數"":""0"",""外資自營商買賣超股數"":""0"",""投信買進股數"":""84,000"",""投信賣出股數"":""350,000"",""投信買賣超股數"":""-266,000"",""自營商買賣超股數"":""472,468"",""自營商買進股數(自行買賣)"":""378,723"",""自營商賣出股數(自行買賣)"":""32,629"",""自營商買賣超股數(自行買賣)"":""346,094"",""自營商買進股數(避險)"":""190,629"",""自營商賣出股數(避險)"":""64,255"",""自營商買賣超股數(避險)"":""126,374"",""三大法人買賣超股數"":""2,338,948""}"
2026-09-24,TWSE,1301,台塑            ,8515528,7047341,1468187,0,0,0,385257,23802,485588,"{""證券代號"":""1301"",""證券名稱"":""台塑            "",""外陸資買進股數(不含外資自營商)"":""8,515,528"",""外陸資賣出股數(不含外資自營商)"":""7,047,341"",""外陸資買賣超股數(不含外資自營商)"":""1,468,187"",""外資自營商買進股數"":""0"",""外資自營商賣出股數"":""0"",""外資自營商買賣超股數"":""0"",""投信買進股數"":""0"",""投信賣出股數"":""0"",""投信買賣超股數"":""0"",""自營商買賣超股數"":""485,588"",""自營商買進股數(自行買賣)"":""126,000"",""自營商賣出股數(自行買賣)"":""1,867"",""自營商買賣超股數(自行買賣)"":""124,133"",""自營商買進股數(避險)"":""385,257"",""自營商賣出股數(避險)"":""23,802"",""自營商買賣超股數(避險)"":""361,455"",""三大法人買賣超股數"":""1,953,775""}"
2026-09-24,TWSE,8028,昇陽半導體      ,2317936,2867263,-549327,2309000,0,2309000,201134,32607,174445,"{""證券代號"":""8028"",""證券名稱"":""昇陽半導體      "",""外陸資買進股數(不含外資自營商)"":""2,317,936"",""外陸資賣出股數(不含外資自營商)"":""2,867,263"",""外陸資買賣超股數(不含外資自營商)"":""-549,327"",""外資自營商買進股數"":""0"",""外資自營商賣出股數"":""0"",""外資自營商買賣超股數"":""0"",""投信買進股數"":""2,309,000"",""投信賣出股數"":""0"",""投信買賣超股數"":""2,309,000"",""自營商買賣超股數"":""174,445"",""自營商買進股數(自行買賣)"":""51,000"",""自營商賣出股數(自行買賣)"":""45,082"",""自營商買賣超股數(自行買賣)"":""5,918"",""自營商買進股數(避險)"":""201,134"",""自營商賣出股數(避險)"":""32,607"",""自營商買賣超股數(避險)"":""168,527"",""三大法人買賣超股數"":""1,934,118""}"
2026-09-24,TWSE,2014,中鴻            ,2330000,403000,1927000,0,0,0,0,0,7000,"{""證券代號"":""2014"",""證券名稱"":""中鴻            "",""外陸資買進股數(不含外資自營商)"":""2,330,000"",""外陸資賣出股數(不含外資自營商)"":""403,000"",""外陸資買賣超股數(不含外資自營商)"":""1,927,000"",""外資自營商買進股數"":""0"",""外資自營商賣出股數"":""0"",""外資自營商買賣超股數"":""0"",""投信買進股數"":""0"",""投信賣出股數"":""0"",""投信買賣超股數"":""0"",""自營商買賣超股數"":""7,000"",""自營商買進股數(自行買賣)"":""13,000"",""自營商賣出股數(自行買賣)"":""6,000"",""自營商買賣超股數(自行買賣)"":""7,000"",""自營商買進股數(避險)"":""0"",""自營商賣出股數(避險)"":""0"",""自營商買賣超股數(避險)"":""0"",""三大法人買賣超股數"":""1,934,000""}"
2026-09-24,TWSE,00996A,主動兆豐台灣豐收,309000,386000,-77000,0,0,0,2227495,264370,1963125,"{""證券代號"":""00996A"",""證券名稱"":""主動兆豐台灣豐收"",""外陸資買進股數(不含外資自營商)"":""309,000"",""外陸資賣出股數(不含外資自營商)"":""386,000"",""外陸資買賣超股數(不含外資自營商)"":""-77,000"",""外資自營商買進股數"":""0"",""外資自營商賣出股數"":""0"",""外資自營商買賣超股數"":""0"",""投信買進股數"":""0"",""投信賣出股數"":""0"",""投信買賣超股數"":""0"",""自營商買賣超股數"":""1,963,125"",""自營商買進股數(自行買賣)"":""0"",""自營商賣出股數(自行買賣)"":""0"",""自營商買賣超股數(自行買賣)"":""0"",""自營商買進股數(避險)"":""2,227,495"",""自營商賣出股數(避險)"":""264,370"",""自營商買賣超股數(避險)"":""1,963,125"",""三大法人買賣超股數"":""1,886,125""}"
2026-09-24,TWSE,3037,欣興            ,9499649,7692273,1807376,431000,309001,121999,101342,183738,-115700,"{""證券代號"":""3037"",""證券名稱"":""欣興            "",""外陸資買進股數(不含外資自營商)"":""9,499,649"",""外陸資賣出股數(不含外資自營商)"":""7,692,273"",""外陸資買賣超股數(不含外資自營商)"":""1,807,376"",""外資自營商買進股數"":""0"",""外資自營商賣出股數"":""0"",""外資自營商買賣超股數"":""0"",""投信買進股數"":""431,000"",""投信賣出股數"":""309,001"",""投信買賣超股數"":""121,999"",""自營商買賣超股數"":""-115,700"",""自營商買進股數(自行買賣)"":""132,696"",""自營商賣出股數(自行買賣)"":""166,000"",""自營商買賣超股數(自行買賣)"":""-33,304"",""自營商買進股數(避險)"":""101,342"",""自營商賣出股數(避險)"":""183,738"",""自營商買賣超股數(避險)"":""-82,396"",""三大法人買賣超股數"":""1,813,675""}"
2026-09-24,TWSE,6213,聯茂            ,2782998,1949777,833221,600000,0,600000,26997,5275,367657,"{""證券代號"":""6213"",""證券名稱"":""聯茂            "",""外陸資買進股數(不含外資自營商)"":""2,782,998"",""外陸資賣出股數(不含外資自營商)"":""1,949,777"",""外陸資買賣超股數(不含外資自營商)"":""833,221"",""外資自營商買進股數"":""0"",""外資自營商賣出股數"":""0"",""外資自營商買賣超股數"":""0"",""投信買進股數"":""600,000"",""投信賣出股數"":""0"",""投信買賣超股數"":""600,000"",""自營商買賣超股數"":""367,657"",""自營商買進股數(自行買賣)"":""596,935"",""自營商賣出股數(自行買賣)"":""251,000"",""自營商買賣超股數(自行買賣)"":""345,935"",""自營商買進股數(避險)"":""26,997"",""自營商賣出股數(避險)"":""5,275"",""自營商買賣超股數(避險)"":""21,722"",""三大法人買賣超股數"":""1,800,878""}"
2026-09-24,TWSE,6168,宏齊            ,2647100,902931,1744169,0,0,0,0,0,21000,"{""證券代號"":""6168"",""證券名稱"":""宏齊            "",""外陸資買進股數(不含外資自營商)"":""2,647,100"",""外陸資賣出股數(不含外資自營商)"":""902,931"",""外陸資買賣超股數(不含外資自營商)"":""1,744,169"",""外資自營商買進股數"":""0"",""外資自營商賣出股數"":""0"",""外資自營商買賣超股數"":""0"",""投信買進股數"":""0"",""投信賣出股數"":""0"",""投信買賣超股數"":""0"",""自營商買賣超股數"":""21,000"",""自營商買進股數(自行買賣)"":""21,000"",""自營商賣出股數(自行買賣)"":""0"",""自營商買賣超股數(自行買賣)"":""21,000"",""自營商買進股數(避險)"":""0"",""自營商賣出股數(避險)"":""0"",""自營商買賣超股數(避險)"":""0"",""三大法人買賣超股數"":""1,765,169""}"
2026-09-24,TWSE,2351,順德            ,2809050,1054016,1755034,0,0,0,14053,53801,-72748,"{""證券代號"":""2351"",""證券名稱"":""順德            "",""外陸資買進股數(不含外資自營商)"":""2,809,050"",""外陸資賣出股數(不含外資自營商)"":""1,054,016"",""外陸資買賣超股數(不含外資自營商)"":""1,755,034"",""外資自營商買進股數"":""0"",""外資自營商賣出股數"":""0"",""外資自營商買賣超股數"":""0"",""投信買進股數"":""0"",""投信賣出股數"":""0"",""投信買賣超股數"":""0"",""自營商買賣超股數"":""-72,748"",""自營商買進股數(自行買賣)"":""20,000"",""自營商賣出股數(自行買賣)"":""53,000"",""自營商買賣超股數(自行買賣)"":""-33,000"",""自營商買進股數(避險)"":""14,053"",""自營商賣出股數(避險)"":""53,801"",""自營商買賣超股數(避險)"":""-39,748"",""三大法人買賣超股數"":""1,682,286""}"
2026-09-24,TWSE,1708,東鹼            ,2507054,869807,1637247,0,0,0,40428,8004,32424,"{""證券代號"":""1708"",""證券名稱"":""東鹼            "",""外陸資買進股數(不含外資自營商)"":""2,507,054"",""外陸資賣出股數(不含外資自營商)"":""869,807"",""外陸資買賣超股數(不含外資自營商)"":""1,637,247"",""外資自營商買進股數"":""0"",""外資自營商賣出股數"":""0"",""外資自營商買賣超股數"":""0"",""投信買進股數"":""0"",""投信賣出股數"":""0"",""投信買賣超股數"":""0"",""自營商買賣超股數"":""32,424"",""自營商買進股數(自行買賣)"":""0"",""自營商賣出股數(自行買賣)"":""0"",""自營商買賣超股數(自行買賣)"":""0"",""自營商買進股數(避險)"":""40,428"",""自營商賣出股數(避險)"":""8,004"",""自營商買賣超股數(避險)"":""32,424"",""三大法人買賣超股數"":""1,669,671""}"
2026-09-24,TWSE,6285,啟碁            ,2652975,1433022,1219953,2000,0,2000,288560,9482,433048,"{""證券代號"":""6285"",""證券名稱"":""啟碁            "",""外陸資買進股數(不含外資自營商)"":""2,652,975"",""外陸資賣出股數(不含外資自營商)"":""1,433,022"",""外陸資買賣超股數(不含外資自營商)"":""1,219,953"",""外資自營商買進股數"":""0"",""外資自營商賣出股數"":""0"",""外資自營商買賣超股數"":""0"",""投信買進股數"":""2,000"",""投信賣出股數"":""0"",""投信買賣超股數"":""2,000"",""自營商買賣超股數"":""433,048"",""自營商買進股數(自行買賣)"":""157,000"",""自營商賣出股數(自行買賣)"":""3,030"",""自營商買賣超股數(自行買賣)"":""153,970"",""自營商買進股數(避險)"":""288,560"",""自營商賣出股數(避險)"":""9,482"",""自營商買賣超股數(避險)"":""279,078"",""三大法人買賣超股數"":""1,655,001""}"
2026-09-24,TWSE,00994A,主動第一金台股優,828000,422000,406000,0,0,0,1894199,714777,1179422,"{""證券代號"":""00994A"",""證券名稱"":""主動第一金台股優"",""外陸資買進股數(不含外資自營商)"":""828,000"",""外陸資賣出股數(不含外資自營商)"":""422,000"",""外陸資買賣超股數(不含外資自營商)"":""406,000"",""外資自營商買進股數"":""0"",""外資自營商賣出股數"":""0"",""外資自營商買賣超股數"":""0"",""投信買進股數"":""0"",""投信賣出股數"":""0"",""投信買賣超股數"":""0"",""自營商買賣超股數"":""1,179,422"",""自營商買進股數(自行買賣)"":""0"",""自營商賣出股數(自行買賣)"":""0"",""自營商買賣超股數(自行買賣)"":""0"",""自營商買進股數(避險)"":""1,894,199"",""自營商賣出股數(避險)"":""714,777"",""自營商買賣超股數(避險)"":""1,179,422"",""三大法人買賣超股數"":""1,585,422""}"
2026-09-24,TWSE,8046,南電            ,6132907,4801433,1331474,321000,165000,156000,224607,211412,38195,"{""證券代號"":""8046"",""證券名稱"":""南電            "",""外陸資買進股數(不含外資自營商)"":""6,132,907"",""外陸資賣出股數(不含外資自營商)"":""4,801,433"",""外陸資買賣超股數(不含外資自營商)"":""1,331,474"",""外資自營商買進股數"":""0"",""外資自營商賣出股數"":""0"",""外資自營商買賣超股數"":""0"",""投信買進股數"":""321,000"",""投信賣出股數"":""165,000"",""投信買賣超股數"":""156,000"",""自營商買賣超股數"":""38,195"",""自營商買進股數(自行買賣)"":""232,700"",""自營商賣出股數(自行買賣)"":""207,700"",""自營商買賣超股數(自行買賣)"":""25,000"",""自營商買進股數(避險)"":""224,607"",""自營商賣出股數(避險)"":""211,412"",""自營商買賣超股數(避險)"":""13,195"",""三大法人買賣超股數"":""1,525,669""}"
2026-09-24,TWSE,00999A,主動野村臺灣高息,1446000,731000,715000,0,0,0,3578296,2831372,746924,"{""證券代號"":""00999A"",""證券名稱"":""主動野村臺灣高息"",""外陸資買進股數(不含外資自營商)"":""1,446,000"",""外陸資賣出股數(不含外資自營商)"":""731,000"",""外陸資買賣超股數(不含外資自營商)"":""715,000"",""外資自營商買進股數"":""0"",""外資自營商賣出股數"":""0"",""外資自營商買賣超股數"":""0"",""投信買進股數"":""0"",""投信賣出股數"":""0"",""投信買賣超股數"":""0"",""自營商買賣超股數"":""746,924"",""自營商買進股數(自行買賣)"":""0"",""自營商賣出股數(自行買賣)"":""0"",""自營商買賣超股數(自行買賣)"":""0"",""自營商買進股數(避險)"":""3,578,296"",""自營商賣出股數(避險)"":""2,831,372"",""自營商買賣超股數(避險)"":""746,924"",""三大法人買賣超股數"":""1,461,924""}"
2026-09-24,TWSE,2884,玉山金          ,10871385,12908416,-2037031,3073000,21000,3052000,392204,128000,338871,"{""證券代號"":""2884"",""證券名稱"":""玉山金          "",""外陸資買進股數(不含外資自營商)"":""10,871,385"",""外陸資賣出股數(不含外資自營商)"":""12,908,416"",""外陸資買賣超股數(不含外資自營商)"":""-2,037,031"",""外資自營商買進股數"":""0"",""外資自營商賣出股數"":""0"",""外資自營商買賣超股數"":""0"",""投信買進股數"":""3,073,000"",""投信賣出股數"":""21,000"",""投信買賣超股數"":""3,052,000"",""自營商買賣超股數"":""338,871"",""自營商買進股數(自行買賣)"":""77,000"",""自營商賣出股數(自行買賣)"":""2,333"",""自營商買賣超股數(自行買賣)"":""74,667"",""自營商買進股數(避險)"":""392,204"",""自營商賣出股數(避險)"":""128,000"",""自營商買賣超股數(避險)"":""264,204"",""三大法人買賣超股數"":""1,353,840""}"
2026-09-24,TWSE,2353,宏碁            ,4694749,3825030,869719,114000,20000,94000,385585,8963,376620,"{""證券代號"":""2353"",""證券名稱"":""宏碁            "",""外陸資買進股數(不含外資自營商)"":""4,694,749"",""外陸資賣出股數(不含外資自營商)"":""3,825,030"",""外陸資買賣超股數(不含外資自營商)"":""869,719"",""外資自營商買進股數"":""0"",""外資自營商賣出股數"":""0"",""外資自營商買賣超股數"":""0"",""投信買進股數"":""114,000"",""投信賣出股數"":""20,000"",""投信買賣超股數"":""94,000"",""自營商買賣超股數"":""376,620"",""自營商買進股數(自行買賣)"":""0"",""自營商賣出股數(自行買賣)"":""2"",""自營商買賣超股數(自行買賣)"":""-2"",""自營商買進股數(避險)"":""385,585"",""自營商賣出股數(避險)"":""8,963"",""自營商買賣超股數(避險)"":""376,622"",""三大法人買賣超股數"":""1,340,339""}"
2026-09-24,TWSE,6533,晶心科          ,1764827,499000,1265827,0,0,0,108333,70742,63400,"{""證券代號"":""6533"",""證券名稱"":""晶心科          "",""外陸資買進股數(不含外資自營商)"":""1,764,827"",""外陸資賣出股數(不含外資自營商)"":""499,000"",""外陸資買賣超股數(不含外資自營商)"":""1,265,827"",""外資自營商買進股數"":""0"",""外資自營商賣出股數"":""0"",""外資自營商買賣超股數"":""0"",""投信買進股數"":""0"",""投信賣出股數"":""0"",""投信買賣超股數"":""0"",""自營商買賣超股數"":""63,400"",""自營商買進股數(自行買賣)"":""26,000"",""自營商賣出股數(自行買賣)"":""191"",""自營商買賣超股數(自行買賣)"":""25,809"",""自營商買進股數(避險)"":""108,333"",""自營商賣出股數(避險)"":""70,742"",""自營商買賣超股數(避險)"":""37,591"",""三大法人買賣超股數"":""1,329,227""}"
2026-09-24,TWSE,009802,富邦旗艦50      ,533000,285000,248000,0,0,0,1558400,542783,1015617,"{""證券代號"":""009802"",""證券名稱"":""富邦旗艦50      "",""外陸資買進股數(不含外資自營商)"":""533,000"",""外陸資賣出股數(不含外資自營商)"":""285,000"",""外陸資買賣超股數(不含外資自營商)"":""248,000"",""外資自營商買進股數"":""0"",""外資自營商賣出股數"":""0"",""外資自營商買賣超股數"":""0"",""投信買進股數"":""0"",""投信賣出股數"":""0"",""投信買賣超股數"":""0"",""自營商買賣超股數"":""1,015,617"",""自營商買進股數(自行買賣)"":""0"",""自營商賣出股數(自行買賣)"":""0"",""自營商買賣超股數(自行買賣)"":""0"",""自營商買進股數(避險)"":""1,558,400"",""自營商賣出股數(避險)"":""542,783"",""自營商買賣超股數(避險)"":""1,015,617"",""三大法人買賣超股數"":""1,263,617""}"
2026-09-24,TWSE,2615,萬海            ,3821066,2580160,1240906,0,66000,-66000,49934,15550,82384,"{""證券代號"":""2615"",""證券名稱"":""萬海            "",""外陸資買進股數(不含外資自營商)"":""3,821,066"",""外陸資賣出股數(不含外資自營商)"":""2,580,160"",""外陸資買賣超股數(不含外資自營商)"":""1,240,906"",""外資自營商買進股數"":""0"",""外資自營商賣出股數"":""0"",""外資自營商買賣超股數"":""0"",""投信買進股數"":""0"",""投信賣出股數"":""66,000"",""投信買賣超股數"":""-66,000"",""自營商買賣超股數"":""82,384"",""自營商買進股數(自行買賣)"":""66,000"",""自營商賣出股數(自行買賣)"":""18,000"",""自營商買賣超股數(自行買賣)"":""48,000"",""自營商買進股數(避險)"":""49,934"",""自營商賣出股數(避險)"":""15,550"",""自營商買賣超股數(避險)"":""34,384"",""三大法人買賣超股數"":""1,257,290""}"
2026-09-24,TWSE,3035,智原            ,2265310,1081000,1184310,20000,0,20000,165258,146465,46617,"{""證券代號"":""3035"",""證券名稱"":""智原            "",""外陸資買進股數(不含外資自營商)"":""2,265,310"",""外陸資賣出股數(不含外資自營商)"":""1,081,000"",""外陸資買賣超股數(不含外資自營商)"":""1,184,310"",""外資自營商買進股數"":""0"",""外資自營商賣出股數"":""0"",""外資自營商買賣超股數"":""0"",""投信買進股數"":""20,000"",""投信賣出股數"":""0"",""投信買賣超股數"":""20,000"",""自營商買賣超股數"":""46,617"",""自營商買進股數(自行買賣)"":""31,824"",""自營商賣出股數(自行買賣)"":""4,000"",""自營商買賣超股數(自行買賣)"":""27,824"",""自營商買進股數(避險)"":""165,258"",""自營商賣出股數(避險)"":""146,465"",""自營商買賣超股數(避險)"":""18,793"",""三大法人買賣超股數"":""1,250,927""}"
2026-09-24,TWSE,00641R,富邦日本反1     ,0,0,0,0,0,0,1304000,60000,1244000,"{""證券代號"":""00641R"",""證券名稱"":""富邦日本反1     "",""外陸資買進股數(不含外資自營商)"":""0"",""外陸資賣出股數(不含外資自營商)"":""0"",""外陸資買賣超股數(不含外資自營商)"":""0"",""外資自營商買進股數"":""0"",""外資自營商賣出股數"":""0"",""外資自營商買賣超股數"":""0"",""投信買進股數"":""0"",""投信賣出股數"":""0"",""投信買賣超股數"":""0"",""自營商買賣超股數"":""1,244,000"",""自營商買進股數(自行買賣)"":""0"",""自營商賣出股數(自行買賣)"":""0"",""自營商買賣超股數(自行買賣)"":""0"",""自營商買進股數(避險)"":""1,304,000"",""自營商賣出股數(避險)"":""60,000"",""自營商買賣超股數(避險)"":""1,244,000"",""三大法人買賣超股數"":""1,244,000""}"
2026-09-24,TWSE,00671R,富邦NASDAQ反1   ,0,0,0,0,0,0,1252000,24000,1228000,"{""證券代號"":""00671R"",""證券名稱"":""富邦NASDAQ反1   "",""外陸資買進股數(不含外資自營商)"":""0"",""外陸資賣出股數(不含外資自營商)"":""0"",""外陸資買賣超股數(不含外資自營商)"":""0"",""外資自營商買進股數"":""0"",""外資自營商賣出股數"":""0"",""外資自營商買賣超股數"":""0"",""投信買進股數"":""0"",""投信賣出股數"":""0"",""投信買賣超股數"":""0"",""自營商買賣超股數"":""1,228,000"",""自營商買進股數(自行買賣)"":""0"",""自營商賣出股數(自行買賣)"":""0"",""自營商買賣超股數(自行買賣)"":""0"",""自營商買進股數(避險)"":""1,252,000"",""自營商賣出股數(避險)"":""24,000"",""自營商買賣超股數(避險)"":""1,228,000"",""三大法人買賣超股數"":""1,228,000""}"
2026-09-24,TWSE,1714,和桐            ,1967281,774000,1193281,0,0,0,7000,347,7653,"{""證券代號"":""1714"",""證券名稱"":""和桐            "",""外陸資買進股數(不含外資自營商)"":""1,967,281"",""外陸資賣出股數(不含外資自營商)"":""774,000"",""外陸資買賣超股數(不含外資自營商)"":""1,193,281"",""外資自營商買進股數"":""0"",""外資自營商賣出股數"":""0"",""外資自營商買賣超股數"":""0"",""投信買進股數"":""0"",""投信賣出股數"":""0"",""投信買賣超股數"":""0"",""自營商買賣超股數"":""7,653"",""自營商買進股數(自行買賣)"":""1,000"",""自營商賣出股數(自行買賣)"":""0"",""自營商買賣超股數(自行買賣)"":""1,000"",""自營商買進股數(避險)"":""7,000"",""自營商賣出股數(避險)"":""347"",""自營商買賣超股數(避險)"":""6,653"",""三大法人買賣超股數"":""1,200,934""}"
2026-09-24,TWSE,1409,新纖            ,2435100,1108127,1326973,0,0,0,98044,106346,-193302,"{""證券代號"":""1409"",""證券名稱"":""新纖            "",""外陸資買進股數(不含外資自營商)"":""2,435,100"",""外陸資賣出股數(不含外資自營商)"":""1,108,127"",""外陸資買賣超股數(不含外資自營商)"":""1,326,973"",""外資自營商買進股數"":""0"",""外資自營商賣出股數"":""0"",""外資自營商買賣超股數"":""0"",""投信買進股數"":""0"",""投信賣出股數"":""0"",""投信買賣超股數"":""0"",""自營商買賣超股數"":""-193,302"",""自營商買進股數(自行買賣)"":""0"",""自營商賣出股數(自行買賣)"":""185,000"",""自營商買賣超股數(自行買賣)"":""-185,000"",""自營商買進股數(避險)"":""98,044"",""自營商賣出股數(避險)"":""106,346"",""自營商買賣超股數(避險)"":""-8,302"",""三大法人買賣超股數"":""1,133,671""}"
2026-09-24,TWSE,00987A,主動台新優勢成長,337000,54117,282883,0,0,0,1090092,308702,781390,"{""證券代號"":""00987A"",""證券名稱"":""主動台新優勢成長"",""外陸資買進股數(不含外資自營商)"":""337,000"",""外陸資賣出股數(不含外資自營商)"":""54,117"",""外陸資買賣超股數(不含外資自營商)"":""282,883"",""外資自營商買進股數"":""0"",""外資自營商賣出股數"":""0"",""外資自營商買賣超股數"":""0"",""投信買進股數"":""0"",""投信賣出股數"":""0"",""投信買賣超股數"":""0"",""自營商買賣超股數"":""781,390"",""自營商買進股數(自行買賣)"":""0"",""自營商賣出股數(自行買賣)"":""0"",""自營商買賣超股數(自行買賣)"":""0"",""自營商買進股數(避險)"":""1,090,092"",""自營商賣出股數(避險)"":""308,702"",""自營商買賣超股數(避險)"":""781,390"",""三大法人買賣超股數"":""1,064,273""}"
2026-09-24,TWSE,6526,達發            ,1766684,851167,915517,102000,10000,92000,84033,132255,28588,"{""證券代號"":""6526"",""證券名稱"":""達發            "",""外陸資買進股數(不含外資自營商)"":""1,766,684"",""外陸資賣出股數(不含外資自營商)"":""851,167"",""外陸資買賣超股數(不含外資自營商)"":""915,517"",""外資自營商買進股數"":""0"",""外資自營商賣出股數"":""0"",""外資自營商買賣超股數"":""0"",""投信買進股數"":""102,000"",""投信賣出股數"":""10,000"",""投信買賣超股數"":""92,000"",""自營商買賣超股數"":""28,588"",""自營商買進股數(自行買賣)"":""96,810"",""自營商賣出股數(自行買賣)"":""20,000"",""自營商買賣超股數(自行買賣)"":""76,810"",""自營商買進股數(避險)"":""84,033"",""自營商賣出股數(避險)"":""132,255"",""自營商買賣超股數(避險)"":""-48,222"",""三大法人買賣超股數"":""1,036,105""}"
2026-09-24,TWSE,2436,偉詮電          ,2545886,1789000,756886,20000,0,20000,279987,27230,250757,"{""證券代號"":""2436"",""證券名稱"":""偉詮電          "",""外陸資買進股數(不含外資自營商)"":""2,545,886"",""外陸資賣出股數(不含外資自營商)"":""1,789,000"",""外陸資買賣超股數(不含外資自營商)"":""756,886"",""外資自營商買進股數"":""0"",""外資自營商賣出股數"":""0"",""外資自營商買賣超股數"":""0"",""投信買進股數"":""20,000"",""投信賣出股數"":""0"",""投信買賣超股數"":""20,000"",""自營商買賣超股數"":""250,757"",""自營商買進股數(自行買賣)"":""0"",""自營商賣出股數(自行買賣)"":""2,000"",""自營商買賣超股數(自行買賣)"":""-2,000"",""自營商買進股數(避險)"":""279,987"",""自營商賣出股數(避險)"":""27,230"",""自營商買賣超股數(避險)"":""252,757"",""三大法人買賣超股數"":""1,027,643""}"
2026-09-24,TWSE,2890,永豐金          ,6791718,8080554,-1288836,2180000,123000,2057000,269755,46000,253801,"{""證券代號"":""2890"",""證券名稱"":""永豐金          "",""外陸資買進股數(不含外資自營商)"":""6,791,718"",""外陸資賣出股數(不含外資自營商)"":""8,080,554"",""外陸資買賣超股數(不含外資自營商)"":""-1,288,836"",""外資自營商買進股數"":""0"",""外資自營商賣出股數"":""0"",""外資自營商買賣超股數"":""0"",""投信買進股數"":""2,180,000"",""投信賣出股數"":""123,000"",""投信買賣超股數"":""2,057,000"",""自營商買賣超股數"":""253,801"",""自營商買進股數(自行買賣)"":""42,000"",""自營商賣出股數(自行買賣)"":""11,954"",""自營商買賣超股數(自行買賣)"":""30,046"",""自營商買進股數(避險)"":""269,755"",""自營商賣出股數(避險)"":""46,000"",""自營商買賣超股數(避險)"":""223,755"",""三大法人買賣超股數"":""1,021,965""}"
2026-09-24,TWSE,6153,嘉聯益          ,1220883,266000,954883,0,0,0,0,0,51099,"{""證券代號"":""6153"",""證券名稱"":""嘉聯益          "",""外陸資買進股數(不含外資自營商)"":""1,220,883"",""外陸資賣出股數(不含外資自營商)"":""266,000"",""外陸資買賣超股數(不含外資自營商)"":""954,883"",""外資自營商買進股數"":""0"",""外資自營商賣出股數"":""0"",""外資自營商買賣超股數"":""0"",""投信買進股數"":""0"",""投信賣出股數"":""0"",""投信買賣超股數"":""0"",""自營商買賣超股數"":""51,099"",""自營商買進股數(自行買賣)"":""56,099"",""自營商賣出股數(自行買賣)"":""5,000"",""自營商買賣超股數(自行買賣)"":""51,099"",""自營商買進股數(避險)"":""0"",""自營商賣出股數(避險)"":""0"",""自營商買賣超股數(避險)"":""0"",""三大法人買賣超股數"":""1,005,982""}"
2026-09-24,TWSE,00410A,主動永豐科技趨勢,113000,168000,-55000,0,0,0,1490406,464186,1026220,"{""證券代號"":""00410A"",""證券名稱"":""主動永豐科技趨勢"",""外陸資買進股數(不含外資自營商)"":""113,000"",""外陸資賣出股數(不含外資自營商)"":""168,000"",""外陸資買賣超股數(不含外資自營商)"":""-55,000"",""外資自營商買進股數"":""0"",""外資自營商賣出股數"":""0"",""外資自營商買賣超股數"":""0"",""投信買進股數"":""0"",""投信賣出股數"":""0"",""投信買賣超股數"":""0"",""自營商買賣超股數"":""1,026,220"",""自營商買進股數(自行買賣)"":""0"",""自營商賣出股數(自行買賣)"":""0"",""自營商買賣超股數(自行買賣)"":""0"",""自營商買進股數(避險)"":""1,490,406"",""自營商賣出股數(避險)"":""464,186"",""自營商買賣超股數(避險)"":""1,026,220"",""三大法人買賣超股數"":""971,220""}"
2026-09-24,TWSE,3045,台灣大          ,3549623,2115231,1434392,51000,284000,-233000,76130,2000,-234870,"{""證券代號"":""3045"",""證券名稱"":""台灣大          "",""外陸資買進股數(不含外資自營商)"":""3,549,623"",""外陸資賣出股數(不含外資自營商)"":""2,115,231"",""外陸資買賣超股數(不含外資自營商)"":""1,434,392"",""外資自營商買進股數"":""0"",""外資自營商賣出股數"":""0"",""外資自營商買賣超股數"":""0"",""投信買進股數"":""51,000"",""投信賣出股數"":""284,000"",""投信買賣超股數"":""-233,000"",""自營商買賣超股數"":""-234,870"",""自營商買進股數(自行買賣)"":""1,000"",""自營商賣出股數(自行買賣)"":""310,000"",""自營商買賣超股數(自行買賣)"":""-309,000"",""自營商買進股數(避險)"":""76,130"",""自營商賣出股數(避險)"":""2,000"",""自營商買賣超股數(避險)"":""74,130"",""三大法人買賣超股數"":""966,522""}"
2026-09-24,TWSE,3518,柏騰            ,2162047,1241000,921047,0,0,0,0,0,1968,"{""證券代號"":""3518"",""證券名稱"":""柏騰            "",""外陸資買進股數(不含外資自營商)"":""2,162,047"",""外陸資賣出股數(不含外資自營商)"":""1,241,000"",""外陸資買賣超股數(不含外資自營商)"":""921,047"",""外資自營商買進股數"":""0"",""外資自營商賣出股數"":""0"",""外資自營商買賣超股數"":""0"",""投信買進股數"":""0"",""投信賣出股數"":""0"",""投信買賣超股數"":""0"",""自營商買賣超股數"":""1,968"",""自營商買進股數(自行買賣)"":""1,968"",""自營商賣出股數(自行買賣)"":""0"",""自營商買賣超股數(自行買賣)"":""1,968"",""自營商買進股數(避險)"":""0"",""自營商賣出股數(避險)"":""0"",""自營商買賣超股數(避險)"":""0"",""三大法人買賣超股數"":""923,015""}"
2026-09-24,TWSE,3167,大量            ,2468880,1525356,943524,0,0,0,4465,2000,-23196,"{""證券代號"":""3167"",""證券名稱"":""大量            "",""外陸資買進股數(不含外資自營商)"":""2,468,880"",""外陸資賣出股數(不含外資自營商)"":""1,525,356"",""外陸資買賣超股數(不含外資自營商)"":""943,524"",""外資自營商買進股數"":""0"",""外資自營商賣出股數"":""0"",""外資自營商買賣超股數"":""0"",""投信買進股數"":""0"",""投信賣出股數"":""0"",""投信買賣超股數"":""0"",""自營商買賣超股數"":""-23,196"",""自營商買進股數(自行買賣)"":""64,669"",""自營商賣出股數(自行買賣)"":""90,330"",""自營商買賣超股數(自行買賣)"":""-25,661"",""自營商買進股數(避險)"":""4,465"",""自營商賣出股數(避險)"":""2,000"",""自營商買賣超股數(避險)"":""2,465"",""三大法人買賣超股數"":""920,328""}"
2026-09-24,TWSE,1727,中華化          ,12625680,12044296,581384,0,0,0,259513,386117,314396,"{""證券代號"":""1727"",""證券名稱"":""中華化          "",""外陸資買進股數(不含外資自營商)"":""12,625,680"",""外陸資賣出股數(不含外資自營商)"":""12,044,296"",""外陸資買賣超股數(不含外資自營商)"":""581,384"",""外資自營商買進股數"":""0"",""外資自營商賣出股數"":""0"",""外資自營商買賣超股數"":""0"",""投信買進股數"":""0"",""投信賣出股數"":""0"",""投信買賣超股數"":""0"",""自營商買賣超股數"":""314,396"",""自營商買進股數(自行買賣)"":""754,000"",""自營商賣出股數(自行買賣)"":""313,000"",""自營商買賣超股數(自行買賣)"":""441,000"",""自營商買進股數(避險)"":""259,513"",""自營商賣出股數(避險)"":""386,117"",""自營商買賣超股數(避險)"":""-126,604"",""三大法人買賣超股數"":""895,780""}"
2026-09-24,TWSE,3605,宏致            ,4228674,4244805,-16131,974000,0,974000,32360,46956,-76596,"{""證券代號"":""3605"",""證券名稱"":""宏致            "",""外陸資買進股數(不含外資自營商)"":""4,228,674"",""外陸資賣出股數(不含外資自營商)"":""4,244,805"",""外陸資買賣超股數(不含外資自營商)"":""-16,131"",""外資自營商買進股數"":""0"",""外資自營商賣出股數"":""0"",""外資自營商買賣超股數"":""0"",""投信買進股數"":""974,000"",""投信賣出股數"":""0"",""投信買賣超股數"":""974,000"",""自營商買賣超股數"":""-76,596"",""自營商買進股數(自行買賣)"":""74,000"",""自營商賣出股數(自行買賣)"":""136,000"",""自營商買賣超股數(自行買賣)"":""-62,000"",""自營商買進股數(避險)"":""32,360"",""自營商賣出股數(避險)"":""46,956"",""自營商買賣超股數(避險)"":""-14,596"",""三大法人買賣超股數"":""881,273""}"
2026-09-24,TWSE,00953B,群益優選非投等債,6106000,7029000,-923000,0,0,0,12009500,10215023,1794477,"{""證券代號"":""00953B"",""證券名稱"":""群益優選非投等債"",""外陸資買進股數(不含外資自營商)"":""6,106,000"",""外陸資賣出股數(不含外資自營商)"":""7,029,000"",""外陸資買賣超股數(不含外資自營商)"":""-923,000"",""外資自營商買進股數"":""0"",""外資自營商賣出股數"":""0"",""外資自營商買賣超股數"":""0"",""投信買進股數"":""0"",""投信賣出股數"":""0"",""投信買賣超股數"":""0"",""自營商買賣超股數"":""1,794,477"",""自營商買進股數(自行買賣)"":""0"",""自營商賣出股數(自行買賣)"":""0"",""自營商買賣超股數(自行買賣)"":""0"",""自營商買進股數(避險)"":""12,009,500"",""自營商賣出股數(避險)"":""10,215,023"",""自營商買賣超股數(避險)"":""1,794,477"",""三大法人買賣超股數"":""871,477""}"
2026-09-24,TWSE,1402,遠東新          ,3573207,2825973,747234,115000,2000,113000,4649,11174,-6525,"{""證券代號"":""1402"",""證券名稱"":""遠東新          "",""外陸資買進股數(不含外資自營商)"":""3,573,207"",""外陸資賣出股數(不含外資自營商)"":""2,825,973"",""外陸資買賣超股數(不含外資自營商)"":""747,234"",""外資自營商買進股數"":""0"",""外資自營商賣出股數"":""0"",""外資自營商買賣超股數"":""0"",""投信買進股數"":""115,000"",""投信賣出股數"":""2,000"",""投信買賣超股數"":""113,000"",""自營商買賣超股數"":""-6,525"",""自營商買進股數(自行買賣)"":""0"",""自營商賣出股數(自行買賣)"":""0"",""自營商買賣超股數(自行買賣)"":""0"",""自營商買進股數(避險)"":""4,649"",""自營商賣出股數(避險)"":""11,174"",""自營商買賣超股數(避險)"":""-6,525"",""三大法人買賣超股數"":""853,709""}"
2026-09-24,TWSE,00980A,主動野村臺灣優選,402050,333246,68804,0,0,0,1092662,1579225,683437,"{""證券代號"":""00980A"",""證券名稱"":""主動野村臺灣優選"",""外陸資買進股數(不含外資自營商)"":""402,050"",""外陸資賣出股數(不含外資自營商)"":""333,246"",""外陸資買賣超股數(不含外資自營商)"":""68,804"",""外資自營商買進股數"":""0"",""外資自營商賣出股數"":""0"",""外資自營商買賣超股數"":""0"",""投信買進股數"":""0"",""投信賣出股數"":""0"",""投信買賣超股數"":""0"",""自營商買賣超股數"":""683,437"",""自營商買進股數(自行買賣)"":""1,170,000"",""自營商賣出股數(自行買賣)"":""0"",""自營商買賣超股數(自行買賣)"":""1,170,000"",""自營商買進股數(避險)"":""1,092,662"",""自營商賣出股數(避險)"":""1,579,225"",""自營商買賣超股數(避險)"":""-486,563"",""三大法人買賣超股數"":""752,241""}"
2026-09-24,TWSE,2449,京元電子        ,10675194,9541650,1133544,28000,205710,-177710,135184,162685,-218231,"{""證券代號"":""2449"",""證券名稱"":""京元電子        "",""外陸資買進股數(不含外資自營商)"":""10,675,194"",""外陸資賣出股數(不含外資自營商)"":""9,541,650"",""外陸資買賣超股數(不含外資自營商)"":""1,133,544"",""外資自營商買進股數"":""0"",""外資自營商賣出股數"":""0"",""外資自營商買賣超股數"":""0"",""投信買進股數"":""28,000"",""投信賣出股數"":""205,710"",""投信買賣超股數"":""-177,710"",""自營商買賣超股數"":""-218,231"",""自營商買進股數(自行買賣)"":""214,891"",""自營商賣出股數(自行買賣)"":""405,621"",""自營商買賣超股數(自行買賣)"":""-190,730"",""自營商買進股數(避險)"":""135,184"",""自營商賣出股數(避險)"":""162,685"",""自營商買賣超股數(避險)"":""-27,501"",""三大法人買賣超股數"":""737,603""}"
2026-09-24,TWSE,00408A,主動第一金優股息,81000,14000,67000,0,0,0,947000,293297,653703,"{""證券代號"":""00408A"",""證券名稱"":""主動第一金優股息"",""外陸資買進股數(不含外資自營商)"":""81,000"",""外陸資賣出股數(不含外資自營商)"":""14,000"",""外陸資買賣超股數(不含外資自營商)"":""67,000"",""外資自營商買進股數"":""0"",""外資自營商賣出股數"":""0"",""外資自營商買賣超股數"":""0"",""投信買進股數"":""0"",""投信賣出股數"":""0"",""投信買賣超股數"":""0"",""自營商買賣超股數"":""653,703"",""自營商買進股數(自行買賣)"":""0"",""自營商賣出股數(自行買賣)"":""0"",""自營商買賣超股數(自行買賣)"":""0"",""自營商買進股數(避險)"":""947,000"",""自營商賣出股數(避險)"":""293,297"",""自營商買賣超股數(避險)"":""653,703"",""三大法人買賣超股數"":""720,703""}"
2026-09-24,TWSE,3576,聯合再生        ,9456963,8758250,698713,0,0,0,0,0,-2000,"{""證券代號"":""3576"",""證券名稱"":""聯合再生        "",""外陸資買進股數(不含外資自營商)"":""9,456,963"",""外陸資賣出股數(不含外資自營商)"":""8,758,250"",""外陸資買賣超股數(不含外資自營商)"":""698,713"",""外資自營商買進股數"":""0"",""外資自營商賣出股數"":""0"",""外資自營商買賣超股數"":""0"",""投信買進股數"":""0"",""投信賣出股數"":""0"",""投信買賣超股數"":""0"",""自營商買賣超股數"":""-2,000"",""自營商買進股數(自行買賣)"":""0"",""自營商賣出股數(自行買賣)"":""2,000"",""自營商買賣超股數(自行買賣)"":""-2,000"",""自營商買進股數(避險)"":""0"",""自營商賣出股數(避險)"":""0"",""自營商買賣超股數(避險)"":""0"",""三大法人買賣超股數"":""696,713""}"
2026-09-24,TWSE,2454,聯發科          ,3908707,3082160,826547,33000,321900,-288900,100092,77880,133111,"{""證券代號"":""2454"",""證券名稱"":""聯發科          "",""外陸資買進股數(不含外資自營商)"":""3,908,707"",""外陸資賣出股數(不含外資自營商)"":""3,082,160"",""外陸資買賣超股數(不含外資自營商)"":""826,547"",""外資自營商買進股數"":""0"",""外資自營商賣出股數"":""0"",""外資自營商買賣超股數"":""0"",""投信買進股數"":""33,000"",""投信賣出股數"":""321,900"",""投信買賣超股數"":""-288,900"",""自營商買賣超股數"":""133,111"",""自營商買進股數(自行買賣)"":""187,940"",""自營商賣出股數(自行買賣)"":""77,041"",""自營商買賣超股數(自行買賣)"":""110,899"",""自營商買進股數(避險)"":""100,092"",""自營商賣出股數(避險)"":""77,880"",""自營商買賣超股數(避險)"":""22,212"",""三大法人買賣超股數"":""670,758""}"
2026-09-24,TWSE,00676R,富邦臺灣加權反1 ,18000,1000,17000,0,0,0,1421056,768600,652456,"{""證券代號"":""00676R"",""證券名稱"":""富邦臺灣加權反1 "",""外陸資買進股數(不含外資自營商)"":""18,000"",""外陸資賣出股數(不含外資自營商)"":""1,000"",""外陸資買賣超股數(不含外資自營商)"":""17,000"",""外資自營商買進股數"":""0"",""外資自營商賣出股數"":""0"",""外資自營商買賣超股數"":""0"",""投信買進股數"":""0"",""投信賣出股數"":""0"",""投信買賣超股數"":""0"",""自營商買賣超股數"":""652,456"",""自營商買進股數(自行買賣)"":""0"",""自營商賣出股數(自行買賣)"":""0"",""自營商買賣超股數(自行買賣)"":""0"",""自營商買進股數(避險)"":""1,421,056"",""自營商賣出股數(避險)"":""768,600"",""自營商買賣超股數(避險)"":""652,456"",""三大法人買賣超股數"":""669,456""}"
2026-09-24,TWSE,2466,冠西電          ,1111573,444000,667573,0,0,0,0,0,0,"{""證券代號"":""2466"",""證券名稱"":""冠西電          "",""外陸資買進股數(不含外資自營商)"":""1,111,573"",""外陸資賣出股數(不含外資自營商)"":""444,000"",""外陸資買賣超股數(不含外資自營商)"":""667,573"",""外資自營商買進股數"":""0"",""外資自營商賣出股數"":""0"",""外資自營商買賣超股數"":""0"",""投信買進股數"":""0"",""投信賣出股數"":""0"",""投信買賣超股數"":""0"",""自營商買賣超股數"":""0"",""自營商買進股數(自行買賣)"":""0"",""自營商賣出股數(自行買賣)"":""0"",""自營商買賣超股數(自行買賣)"":""0"",""自營商買進股數(避險)"":""0"",""自營商賣出股數(避險)"":""0"",""自營商買賣超股數(避險)"":""0"",""三大法人買賣超股數"":""667,573""}"
2026-09-24,TWSE,2006,東和鋼鐵        ,955003,488283,466720,201000,2258,198742,9741,8000,1741,"{""證券代號"":""2006"",""證券名稱"":""東和鋼鐵        "",""外陸資買進股數(不含外資自營商)"":""955,003"",""外陸資賣出股數(不含外資自營商)"":""488,283"",""外陸資買賣超股數(不含外資自營商)"":""466,720"",""外資自營商買進股數"":""0"",""外資自營商賣出股數"":""0"",""外資自營商買賣超股數"":""0"",""投信買進股數"":""201,000"",""投信賣出股數"":""2,258"",""投信買賣超股數"":""198,742"",""自營商買賣超股數"":""1,741"",""自營商買進股數(自行買賣)"":""0"",""自營商賣出股數(自行買賣)"":""0"",""自營商買賣超股數(自行買賣)"":""0"",""自營商買進股數(避險)"":""9,741"",""自營商賣出股數(避險)"":""8,000"",""自營商買賣超股數(避險)"":""1,741"",""三大法人買賣超股數"":""667,203""}"
2026-09-24,TWSE,2855,統一證          ,2399563,1719000,680563,0,20187,-20187,0,0,0,"{""證券代號"":""2855"",""證券名稱"":""統一證          "",""外陸資買進股數(不含外資自營商)"":""2,399,563"",""外陸資賣出股數(不含外資自營商)"":""1,719,000"",""外陸資買賣超股數(不含外資自營商)"":""680,563"",""外資自營商買進股數"":""0"",""外資自營商賣出股數"":""0"",""外資自營商買賣超股數"":""0"",""投信買進股數"":""0"",""投信賣出股數"":""20,187"",""投信買賣超股數"":""-20,187"",""自營商買賣超股數"":""0"",""自營商買進股數(自行買賣)"":""0"",""自營商賣出股數(自行買賣)"":""0"",""自營商買賣超股數(自行買賣)"":""0"",""自營商買進股數(避險)"":""0"",""自營商賣出股數(避險)"":""0"",""自營商買賣超股數(避險)"":""0"",""三大法人買賣超股數"":""660,376""}"
2026-09-24,TWSE,1809,中釉            ,1386000,829150,556850,0,0,0,62992,0,62992,"{""證券代號"":""1809"",""證券名稱"":""中釉            "",""外陸資買進股數(不含外資自營商)"":""1,386,000"",""外陸資賣出股數(不含外資自營商)"":""829,150"",""外陸資買賣超股數(不含外資自營商)"":""556,850"",""外資自營商買進股數"":""0"",""外資自營商賣出股數"":""0"",""外資自營商買賣超股數"":""0"",""投信買進股數"":""0"",""投信賣出股數"":""0"",""投信買賣超股數"":""0"",""自營商買賣超股數"":""62,992"",""自營商買進股數(自行買賣)"":""1,000"",""自營商賣出股數(自行買賣)"":""1,000"",""自營商買賣超股數(自行買賣)"":""0"",""自營商買進股數(避險)"":""62,992"",""自營商賣出股數(避險)"":""0"",""自營商買賣超股數(避險)"":""62,992"",""三大法人買賣超股數"":""619,842""}"
2026-09-24,TWSE,4770,上品            ,1299864,1422182,-122318,730000,0,730000,17311,27736,-10425,"{""證券代號"":""4770"",""證券名稱"":""上品            "",""外陸資買進股數(不含外資自營商)"":""1,299,864"",""外陸資賣出股數(不含外資自營商)"":""1,422,182"",""外陸資買賣超股數(不含外資自營商)"":""-122,318"",""外資自營商買進股數"":""0"",""外資自營商賣出股數"":""0"",""外資自營商買賣超股數"":""0"",""投信買進股數"":""730,000"",""投信賣出股數"":""0"",""投信買賣超股數"":""730,000"",""自營商買賣超股數"":""-10,425"",""自營商買進股數(自行買賣)"":""2,000"",""自營商賣出股數(自行買賣)"":""2,000"",""自營商買賣超股數(自行買賣)"":""0"",""自營商買進股數(避險)"":""17,311"",""自營商賣出股數(避險)"":""27,736"",""自營商買賣超股數(避險)"":""-10,425"",""三大法人買賣超股數"":""597,257""}"
2026-09-24,TWSE,1513,中興電          ,801443,254819,546624,0,0,0,33721,5000,30721,"{""證券代號"":""1513"",""證券名稱"":""中興電          "",""外陸資買進股數(不含外資自營商)"":""801,443"",""外陸資賣出股數(不含外資自營商)"":""254,819"",""外陸資買賣超股數(不含外資自營商)"":""546,624"",""外資自營商買進股數"":""0"",""外資自營商賣出股數"":""0"",""外資自營商買賣超股數"":""0"",""投信買進股數"":""0"",""投信賣出股數"":""0"",""投信買賣超股數"":""0"",""自營商買賣超股數"":""30,721"",""自營商買進股數(自行買賣)"":""2,000"",""自營商賣出股數(自行買賣)"":""0"",""自營商買賣超股數(自行買賣)"":""2,000"",""自營商買進股數(避險)"":""33,721"",""自營商賣出股數(避險)"":""5,000"",""自營商買賣超股數(避險)"":""28,721"",""三大法人買賣超股數"":""577,345""}"
2026-09-24,TWSE,2395,研華            ,1586624,1038723,547901,195000,231000,-36000,68722,26165,64594,"{""證券代號"":""2395"",""證券名稱"":""研華            "",""外陸資買進股數(不含外資自營商)"":""1,586,624"",""外陸資賣出股數(不含外資自營商)"":""1,038,723"",""外陸資買賣超股數(不含外資自營商)"":""547,901"",""外資自營商買進股數"":""0"",""外資自營商賣出股數"":""0"",""外資自營商買賣超股數"":""0"",""投信買進股數"":""195,000"",""投信賣出股數"":""231,000"",""投信買賣超股數"":""-36,000"",""自營商買賣超股數"":""64,594"",""自營商買進股數(自行買賣)"":""34,037"",""自營商賣出股數(自行買賣)"":""12,000"",""自營商買賣超股數(自行買賣)"":""22,037"",""自營商買進股數(避險)"":""68,722"",""自營商賣出股數(避險)"":""26,165"",""自營商買賣超股數(避險)"":""42,557"",""三大法人買賣超股數"":""576,495""}"
2026-09-24,TWSE,2542,興富發          ,4378000,5598106,-1220106,1977000,178000,1799000,53000,41256,-31556,"{""證券代號"":""2542"",""證券名稱"":""興富發          "",""外陸資買進股數(不含外資自營商)"":""4,378,000"",""外陸資賣出股數(不含外資自營商)"":""5,598,106"",""外陸資買賣超股數(不含外資自營商)"":""-1,220,106"",""外資自營商買進股數"":""0"",""外資自營商賣出股數"":""0"",""外資自營商買賣超股數"":""0"",""投信買進股數"":""1,977,000"",""投信賣出股數"":""178,000"",""投信買賣超股數"":""1,799,000"",""自營商買賣超股數"":""-31,556"",""自營商買進股數(自行買賣)"":""12,000"",""自營商賣出股數(自行買賣)"":""55,300"",""自營商買賣超股數(自行買賣)"":""-43,300"",""自營商買進股數(避險)"":""53,000"",""自營商賣出股數(避險)"":""41,256"",""自營商買賣超股數(避險)"":""11,744"",""三大法人買賣超股數"":""547,338""}"
2026-09-24,TWSE,6155,鈞寶            ,1342183,805389,536794,0,0,0,7453,23000,-15545,"{""證券代號"":""6155"",""證券名稱"":""鈞寶            "",""外陸資買進股數(不含外資自營商)"":""1,342,183"",""外陸資賣出股數(不含外資自營商)"":""805,389"",""外陸資買賣超股數(不含外資自營商)"":""536,794"",""外資自營商買進股數"":""0"",""外資自營商賣出股數"":""0"",""外資自營商買賣超股數"":""0"",""投信買進股數"":""0"",""投信賣出股數"":""0"",""投信買賣超股數"":""0"",""自營商買賣超股數"":""-15,545"",""自營商買進股數(自行買賣)"":""2"",""自營商賣出股數(自行買賣)"":""0"",""自營商買賣超股數(自行買賣)"":""2"",""自營商買進股數(避險)"":""7,453"",""自營商賣出股數(避險)"":""23,000"",""自營商買賣超股數(避險)"":""-15,547"",""三大法人買賣超股數"":""521,249""}"
2026-09-24,TWSE,2455,全新            ,769124,568008,201116,0,8000,-8000,42974,10799,321656,"{""證券代號"":""2455"",""證券名稱"":""全新            "",""外陸資買進股數(不含外資自營商)"":""769,124"",""外陸資賣出股數(不含外資自營商)"":""568,008"",""外陸資買賣超股數(不含外資自營商)"":""201,116"",""外資自營商買進股數"":""0"",""外資自營商賣出股數"":""0"",""外資自營商買賣超股數"":""0"",""投信買進股數"":""0"",""投信賣出股數"":""8,000"",""投信買賣超股數"":""-8,000"",""自營商買賣超股數"":""321,656"",""自營商買進股數(自行買賣)"":""311,999"",""自營商賣出股數(自行買賣)"":""22,518"",""自營商買賣超股數(自行買賣)"":""289,481"",""自營商買進股數(避險)"":""42,974"",""自營商賣出股數(避險)"":""10,799"",""自營商買賣超股數(避險)"":""32,175"",""三大法人買賣超股數"":""514,772""}"
2026-09-24,TWSE,6166,凌華            ,704082,419197,284885,0,0,0,68797,3986,228811,"{""證券代號"":""6166"",""證券名稱"":""凌華            "",""外陸資買進股數(不含外資自營商)"":""704,082"",""外陸資賣出股數(不含外資自營商)"":""419,197"",""外陸資買賣超股數(不含外資自營商)"":""284,885"",""外資自營商買進股數"":""0"",""外資自營商賣出股數"":""0"",""外資自營商買賣超股數"":""0"",""投信買進股數"":""0"",""投信賣出股數"":""0"",""投信買賣超股數"":""0"",""自營商買賣超股數"":""228,811"",""自營商買進股數(自行買賣)"":""164,000"",""自營商賣出股數(自行買賣)"":""0"",""自營商買賣超股數(自行買賣)"":""164,000"",""自營商買進股數(避險)"":""68,797"",""自營商賣出股數(避險)"":""3,986"",""自營商買賣超股數(避險)"":""64,811"",""三大法人買賣超股數"":""513,696""}"
2026-09-24,TWSE,2360,致茂            ,1485010,804047,680963,23000,260000,-237000,52568,21596,68809,"{""證券代號"":""2360"",""證券名稱"":""致茂            "",""外陸資買進股數(不含外資自營商)"":""1,485,010"",""外陸資賣出股數(不含外資自營商)"":""804,047"",""外陸資買賣超股數(不含外資自營商)"":""680,963"",""外資自營商買進股數"":""0"",""外資自營商賣出股數"":""0"",""外資自營商買賣超股數"":""0"",""投信買進股數"":""23,000"",""投信賣出股數"":""260,000"",""投信買賣超股數"":""-237,000"",""自營商買賣超股數"":""68,809"",""自營商買進股數(自行買賣)"":""38,137"",""自營商賣出股數(自行買賣)"":""300"",""自營商買賣超股數(自行買賣)"":""37,837"",""自營商買進股數(避險)"":""52,568"",""自營商賣出股數(避險)"":""21,596"",""自營商買賣超股數(避險)"":""30,972"",""三大法人買賣超股數"":""512,772""}"
2026-09-24,TWSE,3029,零壹            ,886553,390000,496553,1000,1661,-661,1077,3000,-1923,"{""證券代號"":""3029"",""證券名稱"":""零壹            "",""外陸資買進股數(不含外資自營商)"":""886,553"",""外陸資賣出股數(不含外資自營商)"":""390,000"",""外陸資買賣超股數(不含外資自營商)"":""496,553"",""外資自營商買進股數"":""0"",""外資自營商賣出股數"":""0"",""外資自營商買賣超股數"":""0"",""投信買進股數"":""1,000"",""投信賣出股數"":""1,661"",""投信買賣超股數"":""-661"",""自營商買賣超股數"":""-1,923"",""自營商買進股數(自行買賣)"":""0"",""自營商賣出股數(自行買賣)"":""0"",""自營商買賣超股數(自行買賣)"":""0"",""自營商買進股數(避險)"":""1,077"",""自營商賣出股數(避險)"":""3,000"",""自營商買賣超股數(避險)"":""-1,923"",""三大法人買賣超股數"":""493,969""}"
2026-09-24,TWSE,5608,四維航          ,1256182,764952,491230,0,0,0,0,0,585,"{""證券代號"":""5608"",""證券名稱"":""四維航          "",""外陸資買進股數(不含外資自營商)"":""1,256,182"",""外陸資賣出股數(不含外資自營商)"":""764,952"",""外陸資買賣超股數(不含外資自營商)"":""491,230"",""外資自營商買進股數"":""0"",""外資自營商賣出股數"":""0"",""外資自營商買賣超股數"":""0"",""投信買進股數"":""0"",""投信賣出股數"":""0"",""投信買賣超股數"":""0"",""自營商買賣超股數"":""585"",""自營商買進股數(自行買賣)"":""1,000"",""自營商賣出股數(自行買賣)"":""415"",""自營商買賣超股數(自行買賣)"":""585"",""自營商買進股數(避險)"":""0"",""自營商賣出股數(避險)"":""0"",""自營商買賣超股數(避險)"":""0"",""三大法人買賣超股數"":""491,815""}"
2026-09-24,TWSE,1312,國喬            ,2990129,2371000,619129,0,0,0,42000,138656,-134656,"{""證券代號"":""1312"",""證券名稱"":""國喬            "",""外陸資買進股數(不含外資自營商)"":""2,990,129"",""外陸資賣出股數(不含外資自營商)"":""2,371,000"",""外陸資買賣超股數(不含外資自營商)"":""619,129"",""外資自營商買進股數"":""0"",""外資自營商賣出股數"":""0"",""外資自營商買賣超股數"":""0"",""投信買進股數"":""0"",""投信賣出股數"":""0"",""投信買賣超股數"":""0"",""自營商買賣超股數"":""-134,656"",""自營商買進股數(自行買賣)"":""0"",""自營商賣出股數(自行買賣)"":""38,000"",""自營商買賣超股數(自行買賣)"":""-38,000"",""自營商買進股數(避險)"":""42,000"",""自營商賣出股數(避險)"":""138,656"",""自營商買賣超股數(避險)"":""-96,656"",""三大法人買賣超股數"":""484,473""}"
2026-09-24,TWSE,00985A,主動野村台灣50  ,240271,189000,51271,0,0,0,1643483,1216575,426908,"{""證券代號"":""00985A"",""證券名稱"":""主動野村台灣50  "",""外陸資買進股數(不含外資自營商)"":""240,271"",""外陸資賣出股數(不含外資自營商)"":""189,000"",""外陸資買賣超股數(不含外資自營商)"":""51,271"",""外資自營商買進股數"":""0"",""外資自營商賣出股數"":""0"",""外資自營商買賣超股數"":""0"",""投信買進股數"":""0"",""投信賣出股數"":""0"",""投信買賣超股數"":""0"",""自營商買賣超股數"":""426,908"",""自營商買進股數(自行買賣)"":""0"",""自營商賣出股數(自行買賣)"":""0"",""自營商買賣超股數(自行買賣)"":""0"",""自營商買進股數(避險)"":""1,643,483"",""自營商賣出股數(避險)"":""1,216,575"",""自營商買賣超股數(避險)"":""426,908"",""三大法人買賣超股數"":""478,179""}"
2026-09-24,TWSE,6214,精誠            ,693401,198886,494515,0,23000,-23000,3000,1000,2070,"{""證券代號"":""6214"",""證券名稱"":""精誠            "",""外陸資買進股數(不含外資自營商)"":""693,401"",""外陸資賣出股數(不含外資自營商)"":""198,886"",""外陸資買賣超股數(不含外資自營商)"":""494,515"",""外資自營商買進股數"":""0"",""外資自營商賣出股數"":""0"",""外資自營商買賣超股數"":""0"",""投信買進股數"":""0"",""投信賣出股數"":""23,000"",""投信買賣超股數"":""-23,000"",""自營商買賣超股數"":""2,070"",""自營商買進股數(自行買賣)"":""70"",""自營商賣出股數(自行買賣)"":""0"",""自營商買賣超股數(自行買賣)"":""70"",""自營商買進股數(避險)"":""3,000"",""自營商賣出股數(避險)"":""1,000"",""自營商買賣超股數(避險)"":""2,000"",""三大法人買賣超股數"":""473,585""}"
2026-09-24,TWSE,2377,微星            ,1556500,1074000,482500,26000,41000,-15000,38733,32976,2757,"{""證券代號"":""2377"",""證券名稱"":""微星            "",""外陸資買進股數(不含外資自營商)"":""1,556,500"",""外陸資賣出股數(不含外資自營商)"":""1,074,000"",""外陸資買賣超股數(不含外資自營商)"":""482,500"",""外資自營商買進股數"":""0"",""外資自營商賣出股數"":""0"",""外資自營商買賣超股數"":""0"",""投信買進股數"":""26,000"",""投信賣出股數"":""41,000"",""投信買賣超股數"":""-15,000"",""自營商買賣超股數"":""2,757"",""自營商買進股數(自行買賣)"":""3,000"",""自營商賣出股數(自行買賣)"":""6,000"",""自營商買賣超股數(自行買賣)"":""-3,000"",""自營商買進股數(避險)"":""38,733"",""自營商賣出股數(避險)"":""32,976"",""自營商買賣超股數(避險)"":""5,757"",""三大法人買賣超股數"":""470,257""}"
2026-09-24,TWSE,2636,台驊控股        ,612637,134397,478240,0,0,0,0,0,-10000,"{""證券代號"":""2636"",""證券名稱"":""台驊控股        "",""外陸資買進股數(不含外資自營商)"":""612,637"",""外陸資賣出股數(不含外資自營商)"":""134,397"",""外陸資買賣超股數(不含外資自營商)"":""478,240"",""外資自營商買進股數"":""0"",""外資自營商賣出股數"":""0"",""外資自營商買賣超股數"":""0"",""投信買進股數"":""0"",""投信賣出股數"":""0"",""投信買賣超股數"":""0"",""自營商買賣超股數"":""-10,000"",""自營商買進股數(自行買賣)"":""4,000"",""自營商賣出股數(自行買賣)"":""14,000"",""自營商買賣超股數(自行買賣)"":""-10,000"",""自營商買進股數(避險)"":""0"",""自營商賣出股數(避險)"":""0"",""自營商買賣超股數(避險)"":""0"",""三大法人買賣超股數"":""468,240""}"
2026-09-24,TWSE,2367,燿華            ,1113252,618051,495201,0,0,0,1000,2240,-30240,"{""證券代號"":""2367"",""證券名稱"":""燿華            "",""外陸資買進股數(不含外資自營商)"":""1,113,252"",""外陸資賣出股數(不含外資自營商)"":""618,051"",""外陸資買賣超股數(不含外資自營商)"":""495,201"",""外資自營商買進股數"":""0"",""外資自營商賣出股數"":""0"",""外資自營商買賣超股數"":""0"",""投信買進股數"":""0"",""投信賣出股數"":""0"",""投信買賣超股數"":""0"",""自營商買賣超股數"":""-30,240"",""自營商買進股數(自行買賣)"":""4,000"",""自營商賣出股數(自行買賣)"":""33,000"",""自營商買賣超股數(自行買賣)"":""-29,000"",""自營商買進股數(避險)"":""1,000"",""自營商賣出股數(避險)"":""2,240"",""自營商買賣超股數(避險)"":""-1,240"",""三大法人買賣超股數"":""464,961""}"
2026-09-24,TWSE,1310,台苯            ,1075000,603000,472000,0,0,0,0,0,-8000,"{""證券代號"":""1310"",""證券名稱"":""台苯            "",""外陸資買進股數(不含外資自營商)"":""1,075,000"",""外陸資賣出股數(不含外資自營商)"":""603,000"",""外陸資買賣超股數(不含外資自營商)"":""472,000"",""外資自營商買進股數"":""0"",""外資自營商賣出股數"":""0"",""外資自營商買賣超股數"":""0"",""投信買進股數"":""0"",""投信賣出股數"":""0"",""投信買賣超股數"":""0"",""自營商買賣超股數"":""-8,000"",""自營商買進股數(自行買賣)"":""0"",""自營商賣出股數(自行買賣)"":""8,000"",""自營商買賣超股數(自行買賣)"":""-8,000"",""自營商買進股數(避險)"":""0"",""自營商賣出股數(避險)"":""0"",""自營商買賣超股數(避險)"":""0"",""三大法人買賣超股數"":""464,000""}"
2026-09-24,TWSE,3031,佰鴻            ,1691336,1231553,459783,0,0,0,0,0,316,"{""證券代號"":""3031"",""證券名稱"":""佰鴻            "",""外陸資買進股數(不含外資自營商)"":""1,691,336"",""外陸資賣出股數(不含外資自營商)"":""1,231,553"",""外陸資買賣超股數(不含外資自營商)"":""459,783"",""外資自營商買進股數"":""0"",""外資自營商賣出股數"":""0"",""外資自營商買賣超股數"":""0"",""投信買進股數"":""0"",""投信賣出股數"":""0"",""投信買賣超股數"":""0"",""自營商買賣超股數"":""316"",""自營商買進股數(自行買賣)"":""7,037"",""自營商賣出股數(自行買賣)"":""6,721"",""自營商買賣超股數(自行買賣)"":""316"",""自營商買進股數(避險)"":""0"",""自營商賣出股數(避險)"":""0"",""自營商買賣超股數(避險)"":""0"",""三大法人買賣超股數"":""460,099""}"
2026-09-24,TWSE,6209,今國光          ,1267017,821100,445917,0,0,0,102978,55460,9959,"{""證券代號"":""6209"",""證券名稱"":""今國光          "",""外陸資買進股數(不含外資自營商)"":""1,267,017"",""外陸資賣出股數(不含外資自營商)"":""821,100"",""外陸資買賣超股數(不含外資自營商)"":""445,917"",""外資自營商買進股數"":""0"",""外資自營商賣出股數"":""0"",""外資自營商買賣超股數"":""0"",""投信買進股數"":""0"",""投信賣出股數"":""0"",""投信買賣超股數"":""0"",""自營商買賣超股數"":""9,959"",""自營商買進股數(自行買賣)"":""0"",""自營商賣出股數(自行買賣)"":""37,559"",""自營商買賣超股數(自行買賣)"":""-37,559"",""自營商買進股數(避險)"":""102,978"",""自營商賣出股數(避險)"":""55,460"",""自營商買賣超股數(避險)"":""47,518"",""三大法人買賣超股數"":""455,876""}"
2026-09-24,TWSE,1560,中砂            ,1279719,608662,671057,13000,208000,-195000,4221,25414,-20943,"{""證券代號"":""1560"",""證券名稱"":""中砂            "",""外陸資買進股數(不含外資自營商)"":""1,279,719"",""外陸資賣出股數(不含外資自營商)"":""608,662"",""外陸資買賣超股數(不含外資自營商)"":""671,057"",""外資自營商買進股數"":""0"",""外資自營商賣出股數"":""0"",""外資自營商買賣超股數"":""0"",""投信買進股數"":""13,000"",""投信賣出股數"":""208,000"",""投信買賣超股數"":""-195,000"",""自營商買賣超股數"":""-20,943"",""自營商買進股數(自行買賣)"":""250"",""自營商賣出股數(自行買賣)"":""0"",""自營商買賣超股數(自行買賣)"":""250"",""自營商買進股數(避險)"":""4,221"",""自營商賣出股數(避險)"":""25,414"",""自營商買賣超股數(避險)"":""-21,193"",""三大法人買賣超股數"":""455,114""}"
2026-09-24,TWSE,2031,新光鋼          ,526140,72513,453627,0,3898,-3898,13373,5017,-644,"{""證券代號"":""2031"",""證券名稱"":""新光鋼          "",""外陸資買進股數(不含外資自營商)"":""526,140"",""外陸資賣出股數(不含外資自營商)"":""72,513"",""外陸資買賣超股數(不含外資自營商)"":""453,627"",""外資自營商買進股數"":""0"",""外資自營商賣出股數"":""0"",""外資自營商買賣超股數"":""0"",""投信買進股數"":""0"",""投信賣出股數"":""3,898"",""投信買賣超股數"":""-3,898"",""自營商買賣超股數"":""-644"",""自營商買進股數(自行買賣)"":""2,000"",""自營商賣出股數(自行買賣)"":""11,000"",""自營商買賣超股數(自行買賣)"":""-9,000"",""自營商買進股數(避險)"":""13,373"",""自營商賣出股數(避險)"":""5,017"",""自營商買賣超股數(避險)"":""8,356"",""三大法人買賣超股數"":""449,085""}"
2026-09-24,TWSE,00983A,主動中信ARK創新 ,19000,10000,9000,0,0,0,755145,198296,435849,"{""證券代號"":""00983A"",""證券名稱"":""主動中信ARK創新 "",""外陸資買進股數(不含外資自營商)"":""19,000"",""外陸資賣出股數(不含外資自營商)"":""10,000"",""外陸資買賣超股數(不含外資自營商)"":""9,000"",""外資自營商買進股數"":""0"",""外資自營商賣出股數"":""0"",""外資自營商買賣超股數"":""0"",""投信買進股數"":""0"",""投信賣出股數"":""0"",""投信買賣超股數"":""0"",""自營商買賣超股數"":""435,849"",""自營商買進股數(自行買賣)"":""0"",""自營商賣出股數(自行買賣)"":""121,000"",""自營商買賣超股數(自行買賣)"":""-121,000"",""自營商買進股數(避險)"":""755,145"",""自營商賣出股數(避險)"":""198,296"",""自營商買賣超股數(避險)"":""556,849"",""三大法人買賣超股數"":""444,849""}"
2026-09-24,TWSE,1326,台化            ,8320778,8356388,-35610,0,0,0,436893,99142,476751,"{""證券代號"":""1326"",""證券名稱"":""台化            "",""外陸資買進股數(不含外資自營商)"":""8,320,778"",""外陸資賣出股數(不含外資自營商)"":""8,356,388"",""外陸資買賣超股數(不含外資自營商)"":""-35,610"",""外資自營商買進股數"":""0"",""外資自營商賣出股數"":""0"",""外資自營商買賣超股數"":""0"",""投信買進股數"":""0"",""投信賣出股數"":""0"",""投信買賣超股數"":""0"",""自營商買賣超股數"":""476,751"",""自營商買進股數(自行買賣)"":""251,000"",""自營商賣出股數(自行買賣)"":""112,000"",""自營商買賣超股數(自行買賣)"":""139,000"",""自營商買進股數(避險)"":""436,893"",""自營商賣出股數(避險)"":""99,142"",""自營商買賣超股數(避險)"":""337,751"",""三大法人買賣超股數"":""441,141""}"
2026-09-24,TWSE,3022,威強電          ,830685,362000,468685,0,0,0,11445,41059,-27614,"{""證券代號"":""3022"",""證券名稱"":""威強電          "",""外陸資買進股數(不含外資自營商)"":""830,685"",""外陸資賣出股數(不含外資自營商)"":""362,000"",""外陸資買賣超股數(不含外資自營商)"":""468,685"",""外資自營商買進股數"":""0"",""外資自營商賣出股數"":""0"",""外資自營商買賣超股數"":""0"",""投信買進股數"":""0"",""投信賣出股數"":""0"",""投信買賣超股數"":""0"",""自營商買賣超股數"":""-27,614"",""自營商買進股數(自行買賣)"":""5,000"",""自營商賣出股數(自行買賣)"":""3,000"",""自營商買賣超股數(自行買賣)"":""2,000"",""自營商買進股數(避險)"":""11,445"",""自營商賣出股數(避險)"":""41,059"",""自營商買賣超股數(避險)"":""-29,614"",""三大法人買賣超股數"":""441,071""}"
2026-09-24,TWSE,8926,台汽電          ,558000,297050,260950,181000,0,181000,0,1467,-1728,"{""證券代號"":""8926"",""證券名稱"":""台汽電          "",""外陸資買進股數(不含外資自營商)"":""558,000"",""外陸資賣出股數(不含外資自營商)"":""297,050"",""外陸資買賣超股數(不含外資自營商)"":""260,950"",""外資自營商買進股數"":""0"",""外資自營商賣出股數"":""0"",""外資自營商買賣超股數"":""0"",""投信買進股數"":""181,000"",""投信賣出股數"":""0"",""投信買賣超股數"":""181,000"",""自營商買賣超股數"":""-1,728"",""自營商買進股數(自行買賣)"":""0"",""自營商賣出股數(自行買賣)"":""261"",""自營商買賣超股數(自行買賣)"":""-261"",""自營商買進股數(避險)"":""0"",""自營商賣出股數(避險)"":""1,467"",""自營商買賣超股數(避險)"":""-1,467"",""三大法人買賣超股數"":""440,222""}"
2026-09-24,TWSE,009804,聯邦台精彩50    ,306020,16000,290020,0,0,0,178633,39843,138790,"{""證券代號"":""009804"",""證券名稱"":""聯邦台精彩50    "",""外陸資買進股數(不含外資自營商)"":""306,020"",""外陸資賣出股數(不含外資自營商)"":""16,000"",""外陸資買賣超股數(不含外資自營商)"":""290,020"",""外資自營商買進股數"":""0"",""外資自營商賣出股數"":""0"",""外資自營商買賣超股數"":""0"",""投信買進股數"":""0"",""投信賣出股數"":""0"",""投信買賣超股數"":""0"",""自營商買賣超股數"":""138,790"",""自營商買進股數(自行買賣)"":""0"",""自營商賣出股數(自行買賣)"":""0"",""自營商買賣超股數(自行買賣)"":""0"",""自營商買進股數(避險)"":""178,633"",""自營商賣出股數(避險)"":""39,843"",""自營商買賣超股數(避險)"":""138,790"",""三大法人買賣超股數"":""428,810""}"
2026-09-24,TWSE,1304,台聚            ,1283973,682089,601884,0,0,0,1000,157532,-177532,"{""證券代號"":""1304"",""證券名稱"":""台聚            "",""外陸資買進股數(不含外資自營商)"":""1,283,973"",""外陸資賣出股數(不含外資自營商)"":""682,089"",""外陸資買賣超股數(不含外資自營商)"":""601,884"",""外資自營商買進股數"":""0"",""外資自營商賣出股數"":""0"",""外資自營商買賣超股數"":""0"",""投信買進股數"":""0"",""投信賣出股數"":""0"",""投信買賣超股數"":""0"",""自營商買賣超股數"":""-177,532"",""自營商買進股數(自行買賣)"":""0"",""自營商賣出股數(自行買賣)"":""21,000"",""自營商買賣超股數(自行買賣)"":""-21,000"",""自營商買進股數(避險)"":""1,000"",""自營商賣出股數(避險)"":""157,532"",""自營商買賣超股數(避險)"":""-156,532"",""三大法人買賣超股數"":""424,352""}"
2026-09-24,TWSE,6269,台郡            ,1179000,772000,407000,0,0,0,16955,6623,9380,"{""證券代號"":""6269"",""證券名稱"":""台郡            "",""外陸資買進股數(不含外資自營商)"":""1,179,000"",""外陸資賣出股數(不含外資自營商)"":""772,000"",""外陸資買賣超股數(不含外資自營商)"":""407,000"",""外資自營商買進股數"":""0"",""外資自營商賣出股數"":""0"",""外資自營商買賣超股數"":""0"",""投信買進股數"":""0"",""投信賣出股數"":""0"",""投信買賣超股數"":""0"",""自營商買賣超股數"":""9,380"",""自營商買進股數(自行買賣)"":""3,000"",""自營商賣出股數(自行買賣)"":""3,952"",""自營商買賣超股數(自行買賣)"":""-952"",""自營商買進股數(避險)"":""16,955"",""自營商賣出股數(避險)"":""6,623"",""自營商買賣超股數(避險)"":""10,332"",""三大法人買賣超股數"":""416,380""}"
2026-09-24,TWSE,4915,致伸            ,626973,459036,167937,240000,2185,237815,39,2828,7386,"{""證券代號"":""4915"",""證券名稱"":""致伸            "",""外陸資買進股數(不含外資自營商)"":""626,973"",""外陸資賣出股數(不含外資自營商)"":""459,036"",""外陸資買賣超股數(不含外資自營商)"":""167,937"",""外資自營商買進股數"":""0"",""外資自營商賣出股數"":""0"",""外資自營商買賣超股數"":""0"",""投信買進股數"":""240,000"",""投信賣出股數"":""2,185"",""投信買賣超股數"":""237,815"",""自營商買賣超股數"":""7,386"",""自營商買進股數(自行買賣)"":""14,000"",""自營商賣出股數(自行買賣)"":""3,825"",""自營商買賣超股數(自行買賣)"":""10,175"",""自營商買進股數(避險)"":""39"",""自營商賣出股數(避險)"":""2,828"",""自營商買賣超股數(避險)"":""-2,789"",""三大法人買賣超股數"":""413,138""}"
2026-09-24,TWSE,6505,台塑化          ,5250758,4976137,274621,113000,16000,97000,67318,73679,34452,"{""證券代號"":""6505"",""證券名稱"":""台塑化          "",""外陸資買進股數(不含外資自營商)"":""5,250,758"",""外陸資賣出股數(不含外資自營商)"":""4,976,137"",""外陸資買賣超股數(不含外資自營商)"":""274,621"",""外資自營商買進股數"":""0"",""外資自營商賣出股數"":""0"",""外資自營商買賣超股數"":""0"",""投信買進股數"":""113,000"",""投信賣出股數"":""16,000"",""投信買賣超股數"":""97,000"",""自營商買賣超股數"":""34,452"",""自營商買進股數(自行買賣)"":""77,100"",""自營商賣出股數(自行買賣)"":""36,287"",""自營商買賣超股數(自行買賣)"":""40,813"",""自營商買進股數(避險)"":""67,318"",""自營商賣出股數(避險)"":""73,679"",""自營商買賣超股數(避險)"":""-6,361"",""三大法人買賣超股數"":""406,073""}"
2026-09-24,TWSE,2404,漢唐            ,898139,1093876,-195737,622000,9000,613000,73332,97623,-14632,"{""證券代號"":""2404"",""證券名稱"":""漢唐            "",""外陸資買進股數(不含外資自營商)"":""898,139"",""外陸資賣出股數(不含外資自營商)"":""1,093,876"",""外陸資買賣超股數(不含外資自營商)"":""-195,737"",""外資自營商買進股數"":""0"",""外資自營商賣出股數"":""0"",""外資自營商買賣超股數"":""0"",""投信買進股數"":""622,000"",""投信賣出股數"":""9,000"",""投信買賣超股數"":""613,000"",""自營商買賣超股數"":""-14,632"",""自營商買進股數(自行買賣)"":""15,959"",""自營商賣出股數(自行買賣)"":""6,300"",""自營商買賣超股數(自行買賣)"":""9,659"",""自營商買進股數(避險)"":""73,332"",""自營商賣出股數(避險)"":""97,623"",""自營商買賣超股數(避險)"":""-24,291"",""三大法人買賣超股數"":""402,631""}"
2026-09-24,TWSE,1802,台玻            ,3088552,2581010,507542,0,0,0,35841,70580,-109739,"{""證券代號"":""1802"",""證券名稱"":""台玻            "",""外陸資買進股數(不含外資自營商)"":""3,088,552"",""外陸資賣出股數(不含外資自營商)"":""2,581,010"",""外陸資買賣超股數(不含外資自營商)"":""507,542"",""外資自營商買進股數"":""0"",""外資自營商賣出股數"":""0"",""外資自營商買賣超股數"":""0"",""投信買進股數"":""0"",""投信賣出股數"":""0"",""投信買賣超股數"":""0"",""自營商買賣超股數"":""-109,739"",""自營商買進股數(自行買賣)"":""22,000"",""自營商賣出股數(自行買賣)"":""97,000"",""自營商買賣超股數(自行買賣)"":""-75,000"",""自營商買進股數(避險)"":""35,841"",""自營商賣出股數(避險)"":""70,580"",""自營商買賣超股數(避險)"":""-34,739"",""三大法人買賣超股數"":""397,803""}"
2026-09-24,TWSE,4906,正文            ,947870,524100,423770,0,0,0,9115,36631,-27516,"{""證券代號"":""4906"",""證券名稱"":""正文            "",""外陸資買進股數(不含外資自營商)"":""947,870"",""外陸資賣出股數(不含外資自營商)"":""524,100"",""外陸資買賣超股數(不含外資自營商)"":""423,770"",""外資自營商買進股數"":""0"",""外資自營商賣出股數"":""0"",""外資自營商買賣超股數"":""0"",""投信買進股數"":""0"",""投信賣出股數"":""0"",""投信買賣超股數"":""0"",""自營商買賣超股數"":""-27,516"",""自營商買進股數(自行買賣)"":""0"",""自營商賣出股數(自行買賣)"":""0"",""自營商買賣超股數(自行買賣)"":""0"",""自營商買進股數(避險)"":""9,115"",""自營商賣出股數(避險)"":""36,631"",""自營商買賣超股數(避險)"":""-27,516"",""三大法人買賣超股數"":""396,254""}"
2026-09-24,TWSE,2305,全友            ,732050,339000,393050,0,0,0,1000,0,3000,"{""證券代號"":""2305"",""證券名稱"":""全友            "",""外陸資買進股數(不含外資自營商)"":""732,050"",""外陸資賣出股數(不含外資自營商)"":""339,000"",""外陸資買賣超股數(不含外資自營商)"":""393,050"",""外資自營商買進股數"":""0"",""外資自營商賣出股數"":""0"",""外資自營商買賣超股數"":""0"",""投信買進股數"":""0"",""投信賣出股數"":""0"",""投信買賣超股數"":""0"",""自營商買賣超股數"":""3,000"",""自營商買進股數(自行買賣)"":""2,000"",""自營商賣出股數(自行買賣)"":""0"",""自營商買賣超股數(自行買賣)"":""2,000"",""自營商買進股數(避險)"":""1,000"",""自營商賣出股數(避險)"":""0"",""自營商買賣超股數(避險)"":""1,000"",""三大法人買賣超股數"":""396,050""}"
2026-09-24,TWSE,1904,正隆            ,794686,391711,402975,0,0,0,4372,9000,-15628,"{""證券代號"":""1904"",""證券名稱"":""正隆            "",""外陸資買進股數(不含外資自營商)"":""794,686"",""外陸資賣出股數(不含外資自營商)"":""391,711"",""外陸資買賣超股數(不含外資自營商)"":""402,975"",""外資自營商買進股數"":""0"",""外資自營商賣出股數"":""0"",""外資自營商買賣超股數"":""0"",""投信買進股數"":""0"",""投信賣出股數"":""0"",""投信買賣超股數"":""0"",""自營商買賣超股數"":""-15,628"",""自營商買進股數(自行買賣)"":""8,000"",""自營商賣出股數(自行買賣)"":""19,000"",""自營商買賣超股數(自行買賣)"":""-11,000"",""自營商買進股數(避險)"":""4,372"",""自營商賣出股數(避險)"":""9,000"",""自營商買賣超股數(避險)"":""-4,628"",""三大法人買賣超股數"":""387,347""}"
2026-09-24,TWSE,00693U,期街口S&P黃豆   ,0,0,0,0,0,0,371802,240,371562,"{""證券代號"":""00693U"",""證券名稱"":""期街口S&P黃豆   "",""外陸資買進股數(不含外資自營商)"":""0"",""外陸資賣出股數(不含外資自營商)"":""0"",""外陸資買賣超股數(不含外資自營商)"":""0"",""外資自營商買進股數"":""0"",""外資自營商賣出股數"":""0"",""外資自營商買賣超股數"":""0"",""投信買進股數"":""0"",""投信賣出股數"":""0"",""投信買賣超股數"":""0"",""自營商買賣超股數"":""371,562"",""自營商買進股數(自行買賣)"":""0"",""自營商賣出股數(自行買賣)"":""0"",""自營商買賣超股數(自行買賣)"":""0"",""自營商買進股數(避險)"":""371,802"",""自營商賣出股數(避險)"":""240"",""自營商買賣超股數(避險)"":""371,562"",""三大法人買賣超股數"":""371,562""}"
2026-09-24,TWSE,1308,亞聚            ,684616,304254,380362,0,0,0,0,10774,-10774,"{""證券代號"":""1308"",""證券名稱"":""亞聚            "",""外陸資買進股數(不含外資自營商)"":""684,616"",""外陸資賣出股數(不含外資自營商)"":""304,254"",""外陸資買賣超股數(不含外資自營商)"":""380,362"",""外資自營商買進股數"":""0"",""外資自營商賣出股數"":""0"",""外資自營商買賣超股數"":""0"",""投信買進股數"":""0"",""投信賣出股數"":""0"",""投信買賣超股數"":""0"",""自營商買賣超股數"":""-10,774"",""自營商買進股數(自行買賣)"":""0"",""自營商賣出股數(自行買賣)"":""0"",""自營商買賣超股數(自行買賣)"":""0"",""自營商買進股數(避險)"":""0"",""自營商賣出股數(避險)"":""10,774"",""自營商買賣超股數(避險)"":""-10,774"",""三大法人買賣超股數"":""369,588""}"
2026-09-24,TWSE,2010,春源            ,727000,308000,419000,0,0,0,0,7000,-54000,"{""證券代號"":""2010"",""證券名稱"":""春源            "",""外陸資買進股數(不含外資自營商)"":""727,000"",""外陸資賣出股數(不含外資自營商)"":""308,000"",""外陸資買賣超股數(不含外資自營商)"":""419,000"",""外資自營商買進股數"":""0"",""外資自營商賣出股數"":""0"",""外資自營商買賣超股數"":""0"",""投信買進股數"":""0"",""投信賣出股數"":""0"",""投信買賣超股數"":""0"",""自營商買賣超股數"":""-54,000"",""自營商買進股數(自行買賣)"":""0"",""自營商賣出股數(自行買賣)"":""47,000"",""自營商買賣超股數(自行買賣)"":""-47,000"",""自營商買進股數(避險)"":""0"",""自營商賣出股數(避險)"":""7,000"",""自營商買賣超股數(避險)"":""-7,000"",""三大法人買賣超股數"":""365,000""}"
2026-09-24,TWSE,2421,建準            ,1094347,724584,369763,0,78000,-78000,76608,10451,66067,"{""證券代號"":""2421"",""證券名稱"":""建準            "",""外陸資買進股數(不含外資自營商)"":""1,094,347"",""外陸資賣出股數(不含外資自營商)"":""724,584"",""外陸資買賣超股數(不含外資自營商)"":""369,763"",""外資自營商買進股數"":""0"",""外資自營商賣出股數"":""0"",""外資自營商買賣超股數"":""0"",""投信買進股數"":""0"",""投信賣出股數"":""78,000"",""投信買賣超股數"":""-78,000"",""自營商買賣超股數"":""66,067"",""自營商買進股數(自行買賣)"":""2,000"",""自營商賣出股數(自行買賣)"":""2,090"",""自營商買賣超股數(自行買賣)"":""-90"",""自營商買進股數(避險)"":""76,608"",""自營商賣出股數(避險)"":""10,451"",""自營商買賣超股數(避險)"":""66,157"",""三大法人買賣超股數"":""357,830""}"
2026-09-24,TWSE,2032,新鋼            ,785846,430682,355164,0,0,0,0,0,-3952,"{""證券代號"":""2032"",""證券名稱"":""新鋼            "",""外陸資買進股數(不含外資自營商)"":""785,846"",""外陸資賣出股數(不含外資自營商)"":""430,682"",""外陸資買賣超股數(不含外資自營商)"":""355,164"",""外資自營商買進股數"":""0"",""外資自營商賣出股數"":""0"",""外資自營商買賣超股數"":""0"",""投信買進股數"":""0"",""投信賣出股數"":""0"",""投信買賣超股數"":""0"",""自營商買賣超股數"":""-3,952"",""自營商買進股數(自行買賣)"":""1,001"",""自營商賣出股數(自行買賣)"":""4,953"",""自營商買賣超股數(自行買賣)"":""-3,952"",""自營商買進股數(避險)"":""0"",""自營商賣出股數(避險)"":""0"",""自營商買賣超股數(避險)"":""0"",""三大法人買賣超股數"":""351,212""}"
2026-09-24,TWSE,4532,瑞智            ,448921,95000,353921,0,6563,-6563,0,0,0,"{""證券代號"":""4532"",""證券名稱"":""瑞智            "",""外陸資買進股數(不含外資自營商)"":""448,921"",""外陸資賣出股數(不含外資自營商)"":""95,000"",""外陸資買賣超股數(不含外資自營商)"":""353,921"",""外資自營商買進股數"":""0"",""外資自營商賣出股數"":""0"",""外資自營商買賣超股數"":""0"",""投信買進股數"":""0"",""投信賣出股數"":""6,563"",""投信買賣超股數"":""-6,563"",""自營商買賣超股數"":""0"",""自營商買進股數(自行買賣)"":""0"",""自營商賣出股數(自行買賣)"":""0"",""自營商買賣超股數(自行買賣)"":""0"",""自營商買進股數(避險)"":""0"",""自營商賣出股數(避險)"":""0"",""自營商買賣超股數(避險)"":""0"",""三大法人買賣超股數"":""347,358""}"
2026-09-24,TWSE,8103,瀚荃            ,1131096,755352,375744,0,0,0,10996,15351,-44355,"{""證券代號"":""8103"",""證券名稱"":""瀚荃            "",""外陸資買進股數(不含外資自營商)"":""1,131,096"",""外陸資賣出股數(不含外資自營商)"":""755,352"",""外陸資買賣超股數(不含外資自營商)"":""375,744"",""外資自營商買進股數"":""0"",""外資自營商賣出股數"":""0"",""外資自營商買賣超股數"":""0"",""投信買進股數"":""0"",""投信賣出股數"":""0"",""投信買賣超股數"":""0"",""自營商買賣超股數"":""-44,355"",""自營商買進股數(自行買賣)"":""0"",""自營商賣出股數(自行買賣)"":""40,000"",""自營商買賣超股數(自行買賣)"":""-40,000"",""自營商買進股數(避險)"":""10,996"",""自營商賣出股數(避險)"":""15,351"",""自營商買賣超股數(避險)"":""-4,355"",""三大法人買賣超股數"":""331,389""}"
2026-09-24,TWSE,2312,金寶            ,1134100,796017,338083,0,0,0,15021,34230,-11209,"{""證券代號"":""2312"",""證券名稱"":""金寶            "",""外陸資買進股數(不含外資自營商)"":""1,134,100"",""外陸資賣出股數(不含外資自營商)"":""796,017"",""外陸資買賣超股數(不含外資自營商)"":""338,083"",""外資自營商買進股數"":""0"",""外資自營商賣出股數"":""0"",""外資自營商買賣超股數"":""0"",""投信買進股數"":""0"",""投信賣出股數"":""0"",""投信買賣超股數"":""0"",""自營商買賣超股數"":""-11,209"",""自營商買進股數(自行買賣)"":""12,000"",""自營商賣出股數(自行買賣)"":""4,000"",""自營商買賣超股數(自行買賣)"":""8,000"",""自營商買進股數(避險)"":""15,021"",""自營商賣出股數(避險)"":""34,230"",""自營商買賣超股數(避險)"":""-19,209"",""三大法人買賣超股數"":""326,874""}"
2026-09-24,TWSE,6108,競國            ,569290,238474,330816,0,0,0,0,0,-8000,"{""證券代號"":""6108"",""證券名稱"":""競國            "",""外陸資買進股數(不含外資自營商)"":""569,290"",""外陸資賣出股數(不含外資自營商)"":""238,474"",""外陸資買賣超股數(不含外資自營商)"":""330,816"",""外資自營商買進股數"":""0"",""外資自營商賣出股數"":""0"",""外資自營商買賣超股數"":""0"",""投信買進股數"":""0"",""投信賣出股數"":""0"",""投信買賣超股數"":""0"",""自營商買賣超股數"":""-8,000"",""自營商買進股數(自行買賣)"":""0"",""自營商賣出股數(自行買賣)"":""8,000"",""自營商買賣超股數(自行買賣)"":""-8,000"",""自營商買進股數(避險)"":""0"",""自營商賣出股數(避險)"":""0"",""自營商買賣超股數(避險)"":""0"",""三大法人買賣超股數"":""322,816""}"
2026-09-24,TWSE,00715L,期街口布蘭特正2 ,503000,125000,378000,0,0,0,936611,993359,-56748,"{""證券代號"":""00715L"",""證券名稱"":""期街口布蘭特正2 "",""外陸資買進股數(不含外資自營商)"":""503,000"",""外陸資賣出股數(不含外資自營商)"":""125,000"",""外陸資買賣超股數(不含外資自營商)"":""378,000"",""外資自營商買進股數"":""0"",""外資自營商賣出股數"":""0"",""外資自營商買賣超股數"":""0"",""投信買進股數"":""0"",""投信賣出股數"":""0"",""投信買賣超股數"":""0"",""自營商買賣超股數"":""-56,748"",""自營商買進股數(自行買賣)"":""0"",""自營商賣出股數(自行買賣)"":""0"",""自營商買賣超股數(自行買賣)"":""0"",""自營商買進股數(避險)"":""936,611"",""自營商賣出股數(避險)"":""993,359"",""自營商買賣超股數(避險)"":""-56,748"",""三大法人買賣超股數"":""321,252""}"
2026-09-24,TWSE,2393,億光            ,1515222,861047,654175,1000,332252,-331252,355,6101,-6726,"{""證券代號"":""2393"",""證券名稱"":""億光            "",""外陸資買進股數(不含外資自營商)"":""1,515,222"",""外陸資賣出股數(不含外資自營商)"":""861,047"",""外陸資買賣超股數(不含外資自營商)"":""654,175"",""外資自營商買進股數"":""0"",""外資自營商賣出股數"":""0"",""外資自營商買賣超股數"":""0"",""投信買進股數"":""1,000"",""投信賣出股數"":""332,252"",""投信買賣超股數"":""-331,252"",""自營商買賣超股數"":""-6,726"",""自營商買進股數(自行買賣)"":""20"",""自營商賣出股數(自行買賣)"":""1,000"",""自營商買賣超股數(自行買賣)"":""-980"",""自營商買進股數(避險)"":""355"",""自營商賣出股數(避險)"":""6,101"",""自營商買賣超股數(避險)"":""-5,746"",""三大法人買賣超股數"":""316,197""}"
2026-09-24,TWSE,1229,聯華            ,718003,413070,304933,0,1000,-1000,0,0,0,"{""證券代號"":""1229"",""證券名稱"":""聯華            "",""外陸資買進股數(不含外資自營商)"":""718,003"",""外陸資賣出股數(不含外資自營商)"":""413,070"",""外陸資買賣超股數(不含外資自營商)"":""304,933"",""外資自營商買進股數"":""0"",""外資自營商賣出股數"":""0"",""外資自營商買賣超股數"":""0"",""投信買進股數"":""0"",""投信賣出股數"":""1,000"",""投信買賣超股數"":""-1,000"",""自營商買賣超股數"":""0"",""自營商買進股數(自行買賣)"":""0"",""自營商賣出股數(自行買賣)"":""0"",""自營商買賣超股數(自行買賣)"":""0"",""自營商買進股數(避險)"":""0"",""自營商賣出股數(避險)"":""0"",""自營商買賣超股數(避險)"":""0"",""三大法人買賣超股數"":""303,933""}"
2026-09-24,TWSE,4904,遠傳            ,1191682,1150861,40821,64000,3000,61000,199640,0,199640,"{""證券代號"":""4904"",""證券名稱"":""遠傳            "",""外陸資買進股數(不含外資自營商)"":""1,191,682"",""外陸資賣出股數(不含外資自營商)"":""1,150,861"",""外陸資買賣超股數(不含外資自營商)"":""40,821"",""外資自營商買進股數"":""0"",""外資自營商賣出股數"":""0"",""外資自營商買賣超股數"":""0"",""投信買進股數"":""64,000"",""投信賣出股數"":""3,000"",""投信買賣超股數"":""61,000"",""自營商買賣超股數"":""199,640"",""自營商買進股數(自行買賣)"":""0"",""自營商賣出股數(自行買賣)"":""0"",""自營商買賣超股數(自行買賣)"":""0"",""自營商買進股數(避險)"":""199,640"",""自營商賣出股數(避險)"":""0"",""自營商買賣超股數(避險)"":""199,640"",""三大法人買賣超股數"":""301,461""}"
2026-09-24,TWSE,2476,鉅祥            ,365050,161182,203868,0,0,0,108189,12362,95827,"{""證券代號"":""2476"",""證券名稱"":""鉅祥            "",""外陸資買進股數(不含外資自營商)"":""365,050"",""外陸資賣出股數(不含外資自營商)"":""161,182"",""外陸資買賣超股數(不含外資自營商)"":""203,868"",""外資自營商買進股數"":""0"",""外資自營商賣出股數"":""0"",""外資自營商買賣超股數"":""0"",""投信買進股數"":""0"",""投信賣出股數"":""0"",""投信買賣超股數"":""0"",""自營商買賣超股數"":""95,827"",""自營商買進股數(自行買賣)"":""0"",""自營商賣出股數(自行買賣)"":""0"",""自營商買賣超股數(自行買賣)"":""0"",""自營商買進股數(避險)"":""108,189"",""自營商賣出股數(避險)"":""12,362"",""自營商買賣超股數(避險)"":""95,827"",""三大法人買賣超股數"":""299,695""}"
2026-09-24,TWSE,2727,王品            ,415288,44310,370978,0,49000,-49000,0,0,-23000,"{""證券代號"":""2727"",""證券名稱"":""王品            "",""外陸資買進股數(不含外資自營商)"":""415,288"",""外陸資賣出股數(不含外資自營商)"":""44,310"",""外陸資買賣超股數(不含外資自營商)"":""370,978"",""外資自營商買進股數"":""0"",""外資自營商賣出股數"":""0"",""外資自營商買賣超股數"":""0"",""投信買進股數"":""0"",""投信賣出股數"":""49,000"",""投信買賣超股數"":""-49,000"",""自營商買賣超股數"":""-23,000"",""自營商買進股數(自行買賣)"":""1,000"",""自營商賣出股數(自行買賣)"":""24,000"",""自營商買賣超股數(自行買賣)"":""-23,000"",""自營商買進股數(避險)"":""0"",""自營商賣出股數(避險)"":""0"",""自營商買賣超股數(避險)"":""0"",""三大法人買賣超股數"":""298,978""}"
2026-09-24,TWSE,4927,泰鼎-KY         ,1098510,836437,262073,0,0,0,25000,0,24000,"{""證券代號"":""4927"",""證券名稱"":""泰鼎-KY         "",""外陸資買進股數(不含外資自營商)"":""1,098,510"",""外陸資賣出股數(不含外資自營商)"":""836,437"",""外陸資買賣超股數(不含外資自營商)"":""262,073"",""外資自營商買進股數"":""0"",""外資自營商賣出股數"":""0"",""外資自營商買賣超股數"":""0"",""投信買進股數"":""0"",""投信賣出股數"":""0"",""投信買賣超股數"":""0"",""自營商買賣超股數"":""24,000"",""自營商買進股數(自行買賣)"":""0"",""自營商賣出股數(自行買賣)"":""1,000"",""自營商買賣超股數(自行買賣)"":""-1,000"",""自營商買進股數(避險)"":""25,000"",""自營商賣出股數(避險)"":""0"",""自營商買賣超股數(避險)"":""25,000"",""三大法人買賣超股數"":""286,073""}"
2026-09-24,TWSE,00984A,主動安聯台灣高息,643000,121000,522000,0,0,0,858702,1093621,-237919,"{""證券代號"":""00984A"",""證券名稱"":""主動安聯台灣高息"",""外陸資買進股數(不含外資自營商)"":""643,000"",""外陸資賣出股數(不含外資自營商)"":""121,000"",""外陸資買賣超股數(不含外資自營商)"":""522,000"",""外資自營商買進股數"":""0"",""外資自營商賣出股數"":""0"",""外資自營商買賣超股數"":""0"",""投信買進股數"":""0"",""投信賣出股數"":""0"",""投信買賣超股數"":""0"",""自營商買賣超股數"":""-237,919"",""自營商買進股數(自行買賣)"":""0"",""自營商賣出股數(自行買賣)"":""3,000"",""自營商買賣超股數(自行買賣)"":""-3,000"",""自營商買進股數(避險)"":""858,702"",""自營商賣出股數(避險)"":""1,093,621"",""自營商買賣超股數(避險)"":""-234,919"",""三大法人買賣超股數"":""284,081""}"
2026-09-24,TWSE,2478,大毅            ,652871,337000,315871,0,29000,-29000,6000,13001,-7001,"{""證券代號"":""2478"",""證券名稱"":""大毅            "",""外陸資買進股數(不含外資自營商)"":""652,871"",""外陸資賣出股數(不含外資自營商)"":""337,000"",""外陸資買賣超股數(不含外資自營商)"":""315,871"",""外資自營商買進股數"":""0"",""外資自營商賣出股數"":""0"",""外資自營商買賣超股數"":""0"",""投信買進股數"":""0"",""投信賣出股數"":""29,000"",""投信買賣超股數"":""-29,000"",""自營商買賣超股數"":""-7,001"",""自營商買進股數(自行買賣)"":""0"",""自營商賣出股數(自行買賣)"":""0"",""自營商買賣超股數(自行買賣)"":""0"",""自營商買進股數(避險)"":""6,000"",""自營商賣出股數(避險)"":""13,001"",""自營商買賣超股數(避險)"":""-7,001"",""三大法人買賣超股數"":""279,870""}"
2026-09-24,TWSE,2444,兆勁            ,534146,258382,275764,0,0,0,0,0,0,"{""證券代號"":""2444"",""證券名稱"":""兆勁            "",""外陸資買進股數(不含外資自營商)"":""534,146"",""外陸資賣出股數(不含外資自營商)"":""258,382"",""外陸資買賣超股數(不含外資自營商)"":""275,764"",""外資自營商買進股數"":""0"",""外資自營商賣出股數"":""0"",""外資自營商買賣超股數"":""0"",""投信買進股數"":""0"",""投信賣出股數"":""0"",""投信買賣超股數"":""0"",""自營商買賣超股數"":""0"",""自營商買進股數(自行買賣)"":""0"",""自營商賣出股數(自行買賣)"":""0"",""自營商買賣超股數(自行買賣)"":""0"",""自營商買進股數(避險)"":""0"",""自營商賣出股數(避險)"":""0"",""自營商買賣超股數(避險)"":""0"",""三大法人買賣超股數"":""275,764""}"
2026-09-24,TWSE,1434,福懋            ,635948,363495,272453,0,0,0,0,0,0,"{""證券代號"":""1434"",""證券名稱"":""福懋            "",""外陸資買進股數(不含外資自營商)"":""635,948"",""外陸資賣出股數(不含外資自營商)"":""363,495"",""外陸資買賣超股數(不含外資自營商)"":""272,453"",""外資自營商買進股數"":""0"",""外資自營商賣出股數"":""0"",""外資自營商買賣超股數"":""0"",""投信買進股數"":""0"",""投信賣出股數"":""0"",""投信買賣超股數"":""0"",""自營商買賣超股數"":""0"",""自營商買進股數(自行買賣)"":""0"",""自營商賣出股數(自行買賣)"":""0"",""自營商買賣超股數(自行買賣)"":""0"",""自營商買進股數(避險)"":""0"",""自營商賣出股數(避險)"":""0"",""自營商買賣超股數(避險)"":""0"",""三大法人買賣超股數"":""272,453""}"
2026-09-24,TWSE,2915,潤泰全          ,752246,480000,272246,0,0,0,0,4000,-911,"{""證券代號"":""2915"",""證券名稱"":""潤泰全          "",""外陸資買進股數(不含外資自營商)"":""752,246"",""外陸資賣出股數(不含外資自營商)"":""480,000"",""外陸資買賣超股數(不含外資自營商)"":""272,246"",""外資自營商買進股數"":""0"",""外資自營商賣出股數"":""0"",""外資自營商買賣超股數"":""0"",""投信買進股數"":""0"",""投信賣出股數"":""0"",""投信買賣超股數"":""0"",""自營商買賣超股數"":""-911"",""自營商買進股數(自行買賣)"":""3,089"",""自營商賣出股數(自行買賣)"":""0"",""自營商買賣超股數(自行買賣)"":""3,089"",""自營商買進股數(避險)"":""0"",""自營商賣出股數(避險)"":""4,000"",""自營商買賣超股數(避險)"":""-4,000"",""三大法人買賣超股數"":""271,335""}"
2026-09-24,TWSE,2301,光寶科          ,4379820,4114597,265223,27000,161000,-134000,180881,58171,139879,"{""證券代號"":""2301"",""證券名稱"":""光寶科          "",""外陸資買進股數(不含外資自營商)"":""4,379,820"",""外陸資賣出股數(不含外資自營商)"":""4,114,597"",""外陸資買賣超股數(不含外資自營商)"":""265,223"",""外資自營商買進股數"":""0"",""外資自營商賣出股數"":""0"",""外資自營商買賣超股數"":""0"",""投信買進股數"":""27,000"",""投信賣出股數"":""161,000"",""投信買賣超股數"":""-134,000"",""自營商買賣超股數"":""139,879"",""自營商買進股數(自行買賣)"":""56,000"",""自營商賣出股數(自行買賣)"":""38,831"",""自營商買賣超股數(自行買賣)"":""17,169"",""自營商買進股數(避險)"":""180,881"",""自營商賣出股數(避險)"":""58,171"",""自營商買賣超股數(避險)"":""122,710"",""三大法人買賣超股數"":""271,102""}"
2026-09-24,TWSE,00989A,主動摩根美國科技,1148000,17000,1131000,0,0,0,593063,1458000,-864937,"{""證券代號"":""00989A"",""證券名稱"":""主動摩根美國科技"",""外陸資買進股數(不含外資自營商)"":""1,148,000"",""外陸資賣出股數(不含外資自營商)"":""17,000"",""外陸資買賣超股數(不含外資自營商)"":""1,131,000"",""外資自營商買進股數"":""0"",""外資自營商賣出股數"":""0"",""外資自營商買賣超股數"":""0"",""投信買進股數"":""0"",""投信賣出股數"":""0"",""投信買賣超股數"":""0"",""自營商買賣超股數"":""-864,937"",""自營商買進股數(自行買賣)"":""0"",""自營商賣出股數(自行買賣)"":""0"",""自營商買賣超股數(自行買賣)"":""0"",""自營商買進股數(避險)"":""593,063"",""自營商賣出股數(避險)"":""1,458,000"",""自營商買賣超股數(避險)"":""-864,937"",""三大法人買賣超股數"":""266,063""}"
2026-09-24,TWSE,2880,華南金          ,3867402,4290042,-422640,111000,56000,55000,668582,50041,618290,"{""證券代號"":""2880"",""證券名稱"":""華南金          "",""外陸資買進股數(不含外資自營商)"":""3,867,402"",""外陸資賣出股數(不含外資自營商)"":""4,290,042"",""外陸資買賣超股數(不含外資自營商)"":""-422,640"",""外資自營商買進股數"":""0"",""外資自營商賣出股數"":""0"",""外資自營商買賣超股數"":""0"",""投信買進股數"":""111,000"",""投信賣出股數"":""56,000"",""投信買賣超股數"":""55,000"",""自營商買賣超股數"":""618,290"",""自營商買進股數(自行買賣)"":""11,000"",""自營商賣出股數(自行買賣)"":""11,251"",""自營商買賣超股數(自行買賣)"":""-251"",""自營商買進股數(避險)"":""668,582"",""自營商賣出股數(避險)"":""50,041"",""自營商買賣超股數(避險)"":""618,541"",""三大法人買賣超股數"":""250,650""}"
2026-09-24,TWSE,3149,正達            ,956431,708000,248431,0,0,0,4000,3519,481,"{""證券代號"":""3149"",""證券名稱"":""正達            "",""外陸資買進股數(不含外資自營商)"":""956,431"",""外陸資賣出股數(不含外資自營商)"":""708,000"",""外陸資買賣超股數(不含外資自營商)"":""248,431"",""外資自營商買進股數"":""0"",""外資自營商賣出股數"":""0"",""外資自營商買賣超股數"":""0"",""投信買進股數"":""0"",""投信賣出股數"":""0"",""投信買賣超股數"":""0"",""自營商買賣超股數"":""481"",""自營商買進股數(自行買賣)"":""0"",""自營商賣出股數(自行買賣)"":""0"",""自營商買賣超股數(自行買賣)"":""0"",""自營商買進股數(避險)"":""4,000"",""自營商賣出股數(避險)"":""3,519"",""自營商買賣超股數(避險)"":""481"",""三大法人買賣超股數"":""248,912""}"
2026-09-24,TWSE,3021,鴻名            ,492000,242000,250000,0,0,0,0,0,-1292,"{""證券代號"":""3021"",""證券名稱"":""鴻名            "",""外陸資買進股數(不含外資自營商)"":""492,000"",""外陸資賣出股數(不含外資自營商)"":""242,000"",""外陸資買賣超股數(不含外資自營商)"":""250,000"",""外資自營商買進股數"":""0"",""外資自營商賣出股數"":""0"",""外資自營商買賣超股數"":""0"",""投信買進股數"":""0"",""投信賣出股數"":""0"",""投信買賣超股數"":""0"",""自營商買賣超股數"":""-1,292"",""自營商買進股數(自行買賣)"":""708"",""自營商賣出股數(自行買賣)"":""2,000"",""自營商買賣超股數(自行買賣)"":""-1,292"",""自營商買進股數(避險)"":""0"",""自營商賣出股數(避險)"":""0"",""自營商買賣超股數(避險)"":""0"",""三大法人買賣超股數"":""248,708""}"
2026-09-24,TWSE,6885,全福生技        ,545604,297000,248604,0,0,0,0,0,0,"{""證券代號"":""6885"",""證券名稱"":""全福生技        "",""外陸資買進股數(不含外資自營商)"":""545,604"",""外陸資賣出股數(不含外資自營商)"":""297,000"",""外陸資買賣超股數(不含外資自營商)"":""248,604"",""外資自營商買進股數"":""0"",""外資自營商賣出股數"":""0"",""外資自營商買賣超股數"":""0"",""投信買進股數"":""0"",""投信賣出股數"":""0"",""投信買賣超股數"":""0"",""自營商買賣超股數"":""0"",""自營商買進股數(自行買賣)"":""1,000"",""自營商賣出股數(自行買賣)"":""1,000"",""自營商買賣超股數(自行買賣)"":""0"",""自營商買進股數(避險)"":""0"",""自營商賣出股數(避險)"":""0"",""自營商買賣超股數(避險)"":""0"",""三大法人買賣超股數"":""248,604""}"
2026-09-24,TWSE,8021,尖點            ,211151,34200,176951,0,0,0,57000,0,70000,"{""證券代號"":""8021"",""證券名稱"":""尖點            "",""外陸資買進股數(不含外資自營商)"":""211,151"",""外陸資賣出股數(不含外資自營商)"":""34,200"",""外陸資買賣超股數(不含外資自營商)"":""176,951"",""外資自營商買進股數"":""0"",""外資自營商賣出股數"":""0"",""外資自營商買賣超股數"":""0"",""投信買進股數"":""0"",""投信賣出股數"":""0"",""投信買賣超股數"":""0"",""自營商買賣超股數"":""70,000"",""自營商買進股數(自行買賣)"":""13,000"",""自營商賣出股數(自行買賣)"":""0"",""自營商買賣超股數(自行買賣)"":""13,000"",""自營商買進股數(避險)"":""57,000"",""自營商賣出股數(避險)"":""0"",""自營商買賣超股數(避險)"":""57,000"",""三大法人買賣超股數"":""246,951""}"
2026-09-24,TWSE,1319,東陽            ,453300,195036,258264,1000,2051,-1051,0,6000,-12000,"{""證券代號"":""1319"",""證券名稱"":""東陽            "",""外陸資買進股數(不含外資自營商)"":""453,300"",""外陸資賣出股數(不含外資自營商)"":""195,036"",""外陸資買賣超股數(不含外資自營商)"":""258,264"",""外資自營商買進股數"":""0"",""外資自營商賣出股數"":""0"",""外資自營商買賣超股數"":""0"",""投信買進股數"":""1,000"",""投信賣出股數"":""2,051"",""投信買賣超股數"":""-1,051"",""自營商買賣超股數"":""-12,000"",""自營商買進股數(自行買賣)"":""14,000"",""自營商賣出股數(自行買賣)"":""20,000"",""自營商買賣超股數(自行買賣)"":""-6,000"",""自營商買進股數(避險)"":""0"",""自營商賣出股數(避險)"":""6,000"",""自營商買賣超股數(避險)"":""-6,000"",""三大法人買賣超股數"":""245,213""}"
2026-09-24,TWSE,3673,TPK-KY          ,1224010,941113,282897,0,0,0,5168,55106,-44054,"{""證券代號"":""3673"",""證券名稱"":""TPK-KY          "",""外陸資買進股數(不含外資自營商)"":""1,224,010"",""外陸資賣出股數(不含外資自營商)"":""941,113"",""外陸資買賣超股數(不含外資自營商)"":""282,897"",""外資自營商買進股數"":""0"",""外資自營商賣出股數"":""0"",""外資自營商買賣超股數"":""0"",""投信買進股數"":""0"",""投信賣出股數"":""0"",""投信買賣超股數"":""0"",""自營商買賣超股數"":""-44,054"",""自營商買進股數(自行買賣)"":""8,000"",""自營商賣出股數(自行買賣)"":""2,116"",""自營商買賣超股數(自行買賣)"":""5,884"",""自營商買進股數(避險)"":""5,168"",""自營商賣出股數(避險)"":""55,106"",""自營商買賣超股數(避險)"":""-49,938"",""三大法人買賣超股數"":""238,843""}"
2026-09-24,TWSE,2308,台達電          ,4682441,5009611,-327170,548000,128000,420000,212013,167639,141673,"{""證券代號"":""2308"",""證券名稱"":""台達電          "",""外陸資買進股數(不含外資自營商)"":""4,682,441"",""外陸資賣出股數(不含外資自營商)"":""5,009,611"",""外陸資買賣超股數(不含外資自營商)"":""-327,170"",""外資自營商買進股數"":""0"",""外資自營商賣出股數"":""0"",""外資自營商買賣超股數"":""0"",""投信買進股數"":""548,000"",""投信賣出股數"":""128,000"",""投信買賣超股數"":""420,000"",""自營商買賣超股數"":""141,673"",""自營商買進股數(自行買賣)"":""141,299"",""自營商賣出股數(自行買賣)"":""44,000"",""自營商買賣超股數(自行買賣)"":""97,299"",""自營商買進股數(避險)"":""212,013"",""自營商賣出股數(避險)"":""167,639"",""自營商買賣超股數(避險)"":""44,374"",""三大法人買賣超股數"":""234,503""}"
2026-09-24,TWSE,3003,健和興          ,274346,38000,236346,0,0,0,8,3758,-6750,"{""證券代號"":""3003"",""證券名稱"":""健和興          "",""外陸資買進股數(不含外資自營商)"":""274,346"",""外陸資賣出股數(不含外資自營商)"":""38,000"",""外陸資買賣超股數(不含外資自營商)"":""236,346"",""外資自營商買進股數"":""0"",""外資自營商賣出股數"":""0"",""外資自營商買賣超股數"":""0"",""投信買進股數"":""0"",""投信賣出股數"":""0"",""投信買賣超股數"":""0"",""自營商買賣超股數"":""-6,750"",""自營商買進股數(自行買賣)"":""0"",""自營商賣出股數(自行買賣)"":""3,000"",""自營商買賣超股數(自行買賣)"":""-3,000"",""自營商買進股數(避險)"":""8"",""自營商賣出股數(避險)"":""3,758"",""自營商買賣超股數(避險)"":""-3,750"",""三大法人買賣超股數"":""229,596""}"
2026-09-24,TWSE,2850,新產            ,284245,60000,224245,0,0,0,0,0,-1401,"{""證券代號"":""2850"",""證券名稱"":""新產            "",""外陸資買進股數(不含外資自營商)"":""284,245"",""外陸資賣出股數(不含外資自營商)"":""60,000"",""外陸資買賣超股數(不含外資自營商)"":""224,245"",""外資自營商買進股數"":""0"",""外資自營商賣出股數"":""0"",""外資自營商買賣超股數"":""0"",""投信買進股數"":""0"",""投信賣出股數"":""0"",""投信買賣超股數"":""0"",""自營商買賣超股數"":""-1,401"",""自營商買進股數(自行買賣)"":""2,000"",""自營商賣出股數(自行買賣)"":""3,401"",""自營商買賣超股數(自行買賣)"":""-1,401"",""自營商買進股數(避險)"":""0"",""自營商賣出股數(避險)"":""0"",""自營商買賣超股數(避險)"":""0"",""三大法人買賣超股數"":""222,844""}"
2026-09-24,TWSE,2069,運錩            ,802369,568694,233675,0,0,0,0,0,-11000,"{""證券代號"":""2069"",""證券名稱"":""運錩            "",""外陸資買進股數(不含外資自營商)"":""802,369"",""外陸資賣出股數(不含外資自營商)"":""568,694"",""外陸資買賣超股數(不含外資自營商)"":""233,675"",""外資自營商買進股數"":""0"",""外資自營商賣出股數"":""0"",""外資自營商買賣超股數"":""0"",""投信買進股數"":""0"",""投信賣出股數"":""0"",""投信買賣超股數"":""0"",""自營商買賣超股數"":""-11,000"",""自營商買進股數(自行買賣)"":""2,000"",""自營商賣出股數(自行買賣)"":""13,000"",""自營商買賣超股數(自行買賣)"":""-11,000"",""自營商買進股數(避險)"":""0"",""自營商賣出股數(避險)"":""0"",""自營商買賣超股數(避險)"":""0"",""三大法人買賣超股數"":""222,675""}"
2026-09-24,TWSE,2020,美亞            ,301000,74000,227000,0,0,0,0,0,-6000,"{""證券代號"":""2020"",""證券名稱"":""美亞            "",""外陸資買進股數(不含外資自營商)"":""301,000"",""外陸資賣出股數(不含外資自營商)"":""74,000"",""外陸資買賣超股數(不含外資自營商)"":""227,000"",""外資自營商買進股數"":""0"",""外資自營商賣出股數"":""0"",""外資自營商買賣超股數"":""0"",""投信買進股數"":""0"",""投信賣出股數"":""0"",""投信買賣超股數"":""0"",""自營商買賣超股數"":""-6,000"",""自營商買進股數(自行買賣)"":""0"",""自營商賣出股數(自行買賣)"":""6,000"",""自營商買賣超股數(自行買賣)"":""-6,000"",""自營商買進股數(避險)"":""0"",""自營商賣出股數(避險)"":""0"",""自營商買賣超股數(避險)"":""0"",""三大法人買賣超股數"":""221,000""}"
2026-09-24,TWSE,3017,奇鋐            ,1040352,874488,165864,128000,117001,10999,56400,40403,42977,"{""證券代號"":""3017"",""證券名稱"":""奇鋐            "",""外陸資買進股數(不含外資自營商)"":""1,040,352"",""外陸資賣出股數(不含外資自營商)"":""874,488"",""外陸資買賣超股數(不含外資自營商)"":""165,864"",""外資自營商買進股數"":""0"",""外資自營商賣出股數"":""0"",""外資自營商買賣超股數"":""0"",""投信買進股數"":""128,000"",""投信賣出股數"":""117,001"",""投信買賣超股數"":""10,999"",""自營商買賣超股數"":""42,977"",""自營商買進股數(自行買賣)"":""35,980"",""自營商賣出股數(自行買賣)"":""9,000"",""自營商買賣超股數(自行買賣)"":""26,980"",""自營商買進股數(避險)"":""56,400"",""自營商賣出股數(避險)"":""40,403"",""自營商買賣超股數(避險)"":""15,997"",""三大法人買賣超股數"":""219,840""}"
2026-09-24,TWSE,5471,松翰            ,519068,297895,221173,0,0,0,0,2326,-2326,"{""證券代號"":""5471"",""證券名稱"":""松翰            "",""外陸資買進股數(不含外資自營商)"":""519,068"",""外陸資賣出股數(不含外資自營商)"":""297,895"",""外陸資買賣超股數(不含外資自營商)"":""221,173"",""外資自營商買進股數"":""0"",""外資自營商賣出股數"":""0"",""外資自營商買賣超股數"":""0"",""投信買進股數"":""0"",""投信賣出股數"":""0"",""投信買賣超股數"":""0"",""自營商買賣超股數"":""-2,326"",""自營商買進股數(自行買賣)"":""0"",""自營商賣出股數(自行買賣)"":""0"",""自營商買賣超股數(自行買賣)"":""0"",""自營商買進股數(避險)"":""0"",""自營商賣出股數(避險)"":""2,326"",""自營商買賣超股數(避險)"":""-2,326"",""三大法人買賣超股數"":""218,847""}"
2026-09-24,TWSE,2369,菱生            ,1041100,817001,224099,0,0,0,1042,8571,-5529,"{""證券代號"":""2369"",""證券名稱"":""菱生            "",""外陸資買進股數(不含外資自營商)"":""1,041,100"",""外陸資賣出股數(不含外資自營商)"":""817,001"",""外陸資買賣超股數(不含外資自營商)"":""224,099"",""外資自營商買進股數"":""0"",""外資自營商賣出股數"":""0"",""外資自營商買賣超股數"":""0"",""投信買進股數"":""0"",""投信賣出股數"":""0"",""投信買賣超股數"":""0"",""自營商買賣超股數"":""-5,529"",""自營商買進股數(自行買賣)"":""2,000"",""自營商賣出股數(自行買賣)"":""0"",""自營商買賣超股數(自行買賣)"":""2,000"",""自營商買進股數(避險)"":""1,042"",""自營商賣出股數(避險)"":""8,571"",""自營商買賣超股數(避險)"":""-7,529"",""三大法人買賣超股數"":""218,570""}"
2026-09-24,TWSE,2385,群光            ,880607,664048,216559,30000,39286,-9286,23690,14000,9625,"{""證券代號"":""2385"",""證券名稱"":""群光            "",""外陸資買進股數(不含外資自營商)"":""880,607"",""外陸資賣出股數(不含外資自營商)"":""664,048"",""外陸資買賣超股數(不含外資自營商)"":""216,559"",""外資自營商買進股數"":""0"",""外資自營商賣出股數"":""0"",""外資自營商買賣超股數"":""0"",""投信買進股數"":""30,000"",""投信賣出股數"":""39,286"",""投信買賣超股數"":""-9,286"",""自營商買賣超股數"":""9,625"",""自營商買進股數(自行買賣)"":""1,000"",""自營商賣出股數(自行買賣)"":""1,065"",""自營商買賣超股數(自行買賣)"":""-65"",""自營商買進股數(避險)"":""23,690"",""自營商賣出股數(避險)"":""14,000"",""自營商買賣超股數(避險)"":""9,690"",""三大法人買賣超股數"":""216,898""}"
2026-09-24,TWSE,2025,千興            ,543210,326111,217099,0,0,0,0,0,-1000,"{""證券代號"":""2025"",""證券名稱"":""千興            "",""外陸資買進股數(不含外資自營商)"":""543,210"",""外陸資賣出股數(不含外資自營商)"":""326,111"",""外陸資買賣超股數(不含外資自營商)"":""217,099"",""外資自營商買進股數"":""0"",""外資自營商賣出股數"":""0"",""外資自營商買賣超股數"":""0"",""投信買進股數"":""0"",""投信賣出股數"":""0"",""投信買賣超股數"":""0"",""自營商買賣超股數"":""-1,000"",""自營商買進股數(自行買賣)"":""0"",""自營商賣出股數(自行買賣)"":""1,000"",""自營商買賣超股數(自行買賣)"":""-1,000"",""自營商買進股數(避險)"":""0"",""自營商賣出股數(避險)"":""0"",""自營商買賣超股數(避險)"":""0"",""三大法人買賣超股數"":""216,099""}"
2026-09-24,TWSE,4540,全球傳動        ,418404,207000,211404,0,0,0,0,0,0,"{""證券代號"":""4540"",""證券名稱"":""全球傳動        "",""外陸資買進股數(不含外資自營商)"":""418,404"",""外陸資賣出股數(不含外資自營商)"":""207,000"",""外陸資買賣超股數(不含外資自營商)"":""211,404"",""外資自營商買進股數"":""0"",""外資自營商賣出股數"":""0"",""外資自營商買賣超股數"":""0"",""投信買進股數"":""0"",""投信賣出股數"":""0"",""投信買賣超股數"":""0"",""自營商買賣超股數"":""0"",""自營商買進股數(自行買賣)"":""0"",""自營商賣出股數(自行買賣)"":""0"",""自營商買賣超股數(自行買賣)"":""0"",""自營商買進股數(避險)"":""0"",""自營商賣出股數(避險)"":""0"",""自營商買賣超股數(避險)"":""0"",""三大法人買賣超股數"":""211,404""}"
2026-09-24,TWSE,009817,國泰日本不動產  ,27000,11000,16000,0,0,0,1513000,1326940,186060,"{""證券代號"":""009817"",""證券名稱"":""國泰日本不動產  "",""外陸資買進股數(不含外資自營商)"":""27,000"",""外陸資賣出股數(不含外資自營商)"":""11,000"",""外陸資買賣超股數(不含外資自營商)"":""16,000"",""外資自營商買進股數"":""0"",""外資自營商賣出股數"":""0"",""外資自營商買賣超股數"":""0"",""投信買進股數"":""0"",""投信賣出股數"":""0"",""投信買賣超股數"":""0"",""自營商買賣超股數"":""186,060"",""自營商買進股數(自行買賣)"":""0"",""自營商賣出股數(自行買賣)"":""0"",""自營商買賣超股數(自行買賣)"":""0"",""自營商買進股數(避險)"":""1,513,000"",""自營商賣出股數(避險)"":""1,326,940"",""自營商買賣超股數(避險)"":""186,060"",""三大法人買賣超股數"":""202,060""}"
2026-09-24,TWSE,1810,和成            ,341150,144100,197050,0,0,0,0,0,1000,"{""證券代號"":""1810"",""證券名稱"":""和成            "",""外陸資買進股數(不含外資自營商)"":""341,150"",""外陸資賣出股數(不含外資自營商)"":""144,100"",""外陸資買賣超股數(不含外資自營商)"":""197,050"",""外資自營商買進股數"":""0"",""外資自營商賣出股數"":""0"",""外資自營商買賣超股數"":""0"",""投信買進股數"":""0"",""投信賣出股數"":""0"",""投信買賣超股數"":""0"",""自營商買賣超股數"":""1,000"",""自營商買進股數(自行買賣)"":""1,000"",""自營商賣出股數(自行買賣)"":""0"",""自營商買賣超股數(自行買賣)"":""1,000"",""自營商買進股數(避險)"":""0"",""自營商賣出股數(避險)"":""0"",""自營商買賣超股數(避險)"":""0"",""三大法人買賣超股數"":""198,050""}"
2026-09-24,TWSE,2520,冠德            ,435660,245057,190603,0,0,0,22468,22992,7046,"{""證券代號"":""2520"",""證券名稱"":""冠德            "",""外陸資買進股數(不含外資自營商)"":""435,660"",""外陸資賣出股數(不含外資自營商)"":""245,057"",""外陸資買賣超股數(不含外資自營商)"":""190,603"",""外資自營商買進股數"":""0"",""外資自營商賣出股數"":""0"",""外資自營商買賣超股數"":""0"",""投信買進股數"":""0"",""投信賣出股數"":""0"",""投信買賣超股數"":""0"",""自營商買賣超股數"":""7,046"",""自營商買進股數(自行買賣)"":""23,566"",""自營商賣出股數(自行買賣)"":""15,996"",""自營商買賣超股數(自行買賣)"":""7,570"",""自營商買進股數(避險)"":""22,468"",""自營商賣出股數(避險)"":""22,992"",""自營商買賣超股數(避險)"":""-524"",""三大法人買賣超股數"":""197,649""}"
2026-09-24,TWSE,6691,洋基工程        ,309031,107618,201413,0,0,0,34596,29834,-5103,"{""證券代號"":""6691"",""證券名稱"":""洋基工程        "",""外陸資買進股數(不含外資自營商)"":""309,031"",""外陸資賣出股數(不含外資自營商)"":""107,618"",""外陸資買賣超股數(不含外資自營商)"":""201,413"",""外資自營商買進股數"":""0"",""外資自營商賣出股數"":""0"",""外資自營商買賣超股數"":""0"",""投信買進股數"":""0"",""投信賣出股數"":""0"",""投信買賣超股數"":""0"",""自營商買賣超股數"":""-5,103"",""自營商買進股數(自行買賣)"":""135"",""自營商賣出股數(自行買賣)"":""10,000"",""自營商買賣超股數(自行買賣)"":""-9,865"",""自營商買進股數(避險)"":""34,596"",""自營商賣出股數(避險)"":""29,834"",""自營商買賣超股數(避險)"":""4,762"",""三大法人買賣超股數"":""196,310""}"
2026-09-24,TWSE,2355,敬鵬            ,648000,448000,200000,0,0,0,7153,206,-5053,"{""證券代號"":""2355"",""證券名稱"":""敬鵬            "",""外陸資買進股數(不含外資自營商)"":""648,000"",""外陸資賣出股數(不含外資自營商)"":""448,000"",""外陸資買賣超股數(不含外資自營商)"":""200,000"",""外資自營商買進股數"":""0"",""外資自營商賣出股數"":""0"",""外資自營商買賣超股數"":""0"",""投信買進股數"":""0"",""投信賣出股數"":""0"",""投信買賣超股數"":""0"",""自營商買賣超股數"":""-5,053"",""自營商買進股數(自行買賣)"":""16,000"",""自營商賣出股數(自行買賣)"":""28,000"",""自營商買賣超股數(自行買賣)"":""-12,000"",""自營商買進股數(避險)"":""7,153"",""自營商賣出股數(避險)"":""206"",""自營商買賣超股數(避險)"":""6,947"",""三大法人買賣超股數"":""194,947""}"
2026-09-24,TWSE,6202,盛群            ,427199,212000,215199,20000,0,20000,8168,149,-42981,"{""證券代號"":""6202"",""證券名稱"":""盛群            "",""外陸資買進股數(不含外資自營商)"":""427,199"",""外陸資賣出股數(不含外資自營商)"":""212,000"",""外陸資買賣超股數(不含外資自營商)"":""215,199"",""外資自營商買進股數"":""0"",""外資自營商賣出股數"":""0"",""外資自營商買賣超股數"":""0"",""投信買進股數"":""20,000"",""投信賣出股數"":""0"",""投信買賣超股數"":""20,000"",""自營商買賣超股數"":""-42,981"",""自營商買進股數(自行買賣)"":""0"",""自營商賣出股數(自行買賣)"":""51,000"",""自營商買賣超股數(自行買賣)"":""-51,000"",""自營商買進股數(避險)"":""8,168"",""自營商賣出股數(避險)"":""149"",""自營商買賣超股數(避險)"":""8,019"",""三大法人買賣超股數"":""192,218""}"
2026-09-24,TWSE,1536,和大            ,461080,270000,191080,0,0,0,2040,2352,-312,"{""證券代號"":""1536"",""證券名稱"":""和大            "",""外陸資買進股數(不含外資自營商)"":""461,080"",""外陸資賣出股數(不含外資自營商)"":""270,000"",""外陸資買賣超股數(不含外資自營商)"":""191,080"",""外資自營商買進股數"":""0"",""外資自營商賣出股數"":""0"",""外資自營商買賣超股數"":""0"",""投信買進股數"":""0"",""投信賣出股數"":""0"",""投信買賣超股數"":""0"",""自營商買賣超股數"":""-312"",""自營商買進股數(自行買賣)"":""2,000"",""自營商賣出股數(自行買賣)"":""2,000"",""自營商買賣超股數(自行買賣)"":""0"",""自營商買進股數(避險)"":""2,040"",""自營商賣出股數(避險)"":""2,352"",""自營商買賣超股數(避險)"":""-312"",""三大法人買賣超股數"":""190,768""}"
2026-09-24,TWSE,2347,聯強            ,1364435,1391099,-26664,171000,9961,161039,62392,9261,55131,"{""證券代號"":""2347"",""證券名稱"":""聯強            "",""外陸資買進股數(不含外資自營商)"":""1,364,435"",""外陸資賣出股數(不含外資自營商)"":""1,391,099"",""外陸資買賣超股數(不含外資自營商)"":""-26,664"",""外資自營商買進股數"":""0"",""外資自營商賣出股數"":""0"",""外資自營商買賣超股數"":""0"",""投信買進股數"":""171,000"",""投信賣出股數"":""9,961"",""投信買賣超股數"":""161,039"",""自營商買賣超股數"":""55,131"",""自營商買進股數(自行買賣)"":""3,000"",""自營商賣出股數(自行買賣)"":""1,000"",""自營商買賣超股數(自行買賣)"":""2,000"",""自營商買進股數(避險)"":""62,392"",""自營商賣出股數(避險)"":""9,261"",""自營商買賣超股數(避險)"":""53,131"",""三大法人買賣超股數"":""189,506""}"
2026-09-24,TWSE,9940,信義            ,271000,69000,202000,0,0,0,9000,9522,-14522,"{""證券代號"":""9940"",""證券名稱"":""信義            "",""外陸資買進股數(不含外資自營商)"":""271,000"",""外陸資賣出股數(不含外資自營商)"":""69,000"",""外陸資買賣超股數(不含外資自營商)"":""202,000"",""外資自營商買進股數"":""0"",""外資自營商賣出股數"":""0"",""外資自營商買賣超股數"":""0"",""投信買進股數"":""0"",""投信賣出股數"":""0"",""投信買賣超股數"":""0"",""自營商買賣超股數"":""-14,522"",""自營商買進股數(自行買賣)"":""0"",""自營商賣出股數(自行買賣)"":""14,000"",""自營商買賣超股數(自行買賣)"":""-14,000"",""自營商買進股數(避險)"":""9,000"",""自營商賣出股數(避險)"":""9,522"",""自營商買賣超股數(避險)"":""-522"",""三大法人買賣超股數"":""187,478""}"
2026-09-24,TWSE,3550,聯穎            ,274001,90476,183525,0,0,0,0,0,0,"{""證券代號"":""3550"",""證券名稱"":""聯穎            "",""外陸資買進股數(不含外資自營商)"":""274,001"",""外陸資賣出股數(不含外資自營商)"":""90,476"",""外陸資買賣超股數(不含外資自營商)"":""183,525"",""外資自營商買進股數"":""0"",""外資自營商賣出股數"":""0"",""外資自營商買賣超股數"":""0"",""投信買進股數"":""0"",""投信賣出股數"":""0"",""投信買賣超股數"":""0"",""自營商買賣超股數"":""0"",""自營商買進股數(自行買賣)"":""0"",""自營商賣出股數(自行買賣)"":""0"",""自營商買賣超股數(自行買賣)"":""0"",""自營商買進股數(避險)"":""0"",""自營商賣出股數(避險)"":""0"",""自營商買賣超股數(避險)"":""0"",""三大法人買賣超股數"":""183,525""}"
2026-09-24,TWSE,3030,德律            ,260311,77012,183299,0,0,0,12519,13183,-694,"{""證券代號"":""3030"",""證券名稱"":""德律            "",""外陸資買進股數(不含外資自營商)"":""260,311"",""外陸資賣出股數(不含外資自營商)"":""77,012"",""外陸資買賣超股數(不含外資自營商)"":""183,299"",""外資自營商買進股數"":""0"",""外資自營商賣出股數"":""0"",""外資自營商買賣超股數"":""0"",""投信買進股數"":""0"",""投信賣出股數"":""0"",""投信買賣超股數"":""0"",""自營商買賣超股數"":""-694"",""自營商買進股數(自行買賣)"":""0"",""自營商賣出股數(自行買賣)"":""30"",""自營商買賣超股數(自行買賣)"":""-30"",""自營商買進股數(避險)"":""12,519"",""自營商賣出股數(避險)"":""13,183"",""自營商買賣超股數(避險)"":""-664"",""三大法人買賣超股數"":""182,605""}"
2026-09-24,TWSE,2851,中再保          ,1088896,855000,233896,0,0,0,2119,6772,-51653,"{""證券代號"":""2851"",""證券名稱"":""中再保          "",""外陸資買進股數(不含外資自營商)"":""1,088,896"",""外陸資賣出股數(不含外資自營商)"":""855,000"",""外陸資買賣超股數(不含外資自營商)"":""233,896"",""外資自營商買進股數"":""0"",""外資自營商賣出股數"":""0"",""外資自營商買賣超股數"":""0"",""投信買進股數"":""0"",""投信賣出股數"":""0"",""投信買賣超股數"":""0"",""自營商買賣超股數"":""-51,653"",""自營商買進股數(自行買賣)"":""0"",""自營商賣出股數(自行買賣)"":""47,000"",""自營商買賣超股數(自行買賣)"":""-47,000"",""自營商買進股數(避險)"":""2,119"",""自營商賣出股數(避險)"":""6,772"",""自營商買賣超股數(避險)"":""-4,653"",""三大法人買賣超股數"":""182,243""}"
2026-09-24,TWSE,3543,州巧            ,329000,147000,182000,0,0,0,0,0,0,"{""證券代號"":""3543"",""證券名稱"":""州巧            "",""外陸資買進股數(不含外資自營商)"":""329,000"",""外陸資賣出股數(不含外資自營商)"":""147,000"",""外陸資買賣超股數(不含外資自營商)"":""182,000"",""外資自營商買進股數"":""0"",""外資自營商賣出股數"":""0"",""外資自營商買賣超股數"":""0"",""投信買進股數"":""0"",""投信賣出股數"":""0"",""投信買賣超股數"":""0"",""自營商買賣超股數"":""0"",""自營商買進股數(自行買賣)"":""0"",""自營商賣出股數(自行買賣)"":""0"",""自營商買賣超股數(自行買賣)"":""0"",""自營商買進股數(避險)"":""0"",""自營商賣出股數(避險)"":""0"",""自營商買賣超股數(避險)"":""0"",""三大法人買賣超股數"":""182,000""}"
2026-09-24,TWSE,2402,毅嘉            ,384325,193000,191325,0,0,0,5062,18513,-13801,"{""證券代號"":""2402"",""證券名稱"":""毅嘉            "",""外陸資買進股數(不含外資自營商)"":""384,325"",""外陸資賣出股數(不含外資自營商)"":""193,000"",""外陸資買賣超股數(不含外資自營商)"":""191,325"",""外資自營商買進股數"":""0"",""外資自營商賣出股數"":""0"",""外資自營商買賣超股數"":""0"",""投信買進股數"":""0"",""投信賣出股數"":""0"",""投信買賣超股數"":""0"",""自營商買賣超股數"":""-13,801"",""自營商買進股數(自行買賣)"":""0"",""自營商賣出股數(自行買賣)"":""350"",""自營商買賣超股數(自行買賣)"":""-350"",""自營商買進股數(避險)"":""5,062"",""自營商賣出股數(避險)"":""18,513"",""自營商買賣超股數(避險)"":""-13,451"",""三大法人買賣超股數"":""177,524""}"
2026-09-24,TWSE,9921,巨大            ,496503,311000,185503,0,0,0,3020,13303,-9301,"{""證券代號"":""9921"",""證券名稱"":""巨大            "",""外陸資買進股數(不含外資自營商)"":""496,503"",""外陸資賣出股數(不含外資自營商)"":""311,000"",""外陸資買賣超股數(不含外資自營商)"":""185,503"",""外資自營商買進股數"":""0"",""外資自營商賣出股數"":""0"",""外資自營商買賣超股數"":""0"",""投信買進股數"":""0"",""投信賣出股數"":""0"",""投信買賣超股數"":""0"",""自營商買賣超股數"":""-9,301"",""自營商買進股數(自行買賣)"":""2,229"",""自營商賣出股數(自行買賣)"":""1,247"",""自營商買賣超股數(自行買賣)"":""982"",""自營商買進股數(避險)"":""3,020"",""自營商賣出股數(避險)"":""13,303"",""自營商買賣超股數(避險)"":""-10,283"",""三大法人買賣超股數"":""176,202""}"
2026-09-24,TWSE,4764,雙鍵            ,539150,253000,286150,0,110000,-110000,238,4299,-4061,"{""證券代號"":""4764"",""證券名稱"":""雙鍵            "",""外陸資買進股數(不含外資自營商)"":""539,150"",""外陸資賣出股數(不含外資自營商)"":""253,000"",""外陸資買賣超股數(不含外資自營商)"":""286,150"",""外資自營商買進股數"":""0"",""外資自營商賣出股數"":""0"",""外資自營商買賣超股數"":""0"",""投信買進股數"":""0"",""投信賣出股數"":""110,000"",""投信買賣超股數"":""-110,000"",""自營商買賣超股數"":""-4,061"",""自營商買進股數(自行買賣)"":""0"",""自營商賣出股數(自行買賣)"":""0"",""自營商買賣超股數(自行買賣)"":""0"",""自營商買進股數(避險)"":""238"",""自營商賣出股數(避險)"":""4,299"",""自營商買賣超股數(避險)"":""-4,061"",""三大法人買賣超股數"":""172,089""}"
2026-09-24,TWSE,9958,世紀鋼          ,285979,321000,-35021,210000,0,210000,1015,6000,-5985,"{""證券代號"":""9958"",""證券名稱"":""世紀鋼          "",""外陸資買進股數(不含外資自營商)"":""285,979"",""外陸資賣出股數(不含外資自營商)"":""321,000"",""外陸資買賣超股數(不含外資自營商)"":""-35,021"",""外資自營商買進股數"":""0"",""外資自營商賣出股數"":""0"",""外資自營商買賣超股數"":""0"",""投信買進股數"":""210,000"",""投信賣出股數"":""0"",""投信買賣超股數"":""210,000"",""自營商買賣超股數"":""-5,985"",""自營商買進股數(自行買賣)"":""0"",""自營商賣出股數(自行買賣)"":""1,000"",""自營商買賣超股數(自行買賣)"":""-1,000"",""自營商買進股數(避險)"":""1,015"",""自營商賣出股數(避險)"":""6,000"",""自營商買賣超股數(避險)"":""-4,985"",""三大法人買賣超股數"":""168,994""}"
2026-09-24,TWSE,6271,同欣電          ,743266,568433,174833,0,37000,-37000,34254,4347,29980,"{""證券代號"":""6271"",""證券名稱"":""同欣電          "",""外陸資買進股數(不含外資自營商)"":""743,266"",""外陸資賣出股數(不含外資自營商)"":""568,433"",""外陸資買賣超股數(不含外資自營商)"":""174,833"",""外資自營商買進股數"":""0"",""外資自營商賣出股數"":""0"",""外資自營商買賣超股數"":""0"",""投信買進股數"":""0"",""投信賣出股數"":""37,000"",""投信買賣超股數"":""-37,000"",""自營商買賣超股數"":""29,980"",""自營商買進股數(自行買賣)"":""4,073"",""自營商賣出股數(自行買賣)"":""4,000"",""自營商買賣超股數(自行買賣)"":""73"",""自營商買進股數(避險)"":""34,254"",""自營商賣出股數(避險)"":""4,347"",""自營商買賣超股數(避險)"":""29,907"",""三大法人買賣超股數"":""167,813""}"
2026-09-24,TWSE,3036,文曄            ,4965298,4863179,102119,0,2000,-2000,70589,34926,67663,"{""證券代號"":""3036"",""證券名稱"":""文曄            "",""外陸資買進股數(不含外資自營商)"":""4,965,298"",""外陸資賣出股數(不含外資自營商)"":""4,863,179"",""外陸資買賣超股數(不含外資自營商)"":""102,119"",""外資自營商買進股數"":""0"",""外資自營商賣出股數"":""0"",""外資自營商買賣超股數"":""0"",""投信買進股數"":""0"",""投信賣出股數"":""2,000"",""投信買賣超股數"":""-2,000"",""自營商買賣超股數"":""67,663"",""自營商買進股數(自行買賣)"":""32,000"",""自營商賣出股數(自行買賣)"":""0"",""自營商買賣超股數(自行買賣)"":""32,000"",""自營商買進股數(避險)"":""70,589"",""自營商賣出股數(避險)"":""34,926"",""自營商買賣超股數(避險)"":""35,663"",""三大法人買賣超股數"":""167,782""}"
2026-09-24,TWSE,1609,大亞            ,580737,417026,163711,0,0,0,4000,3766,1234,"{""證券代號"":""1609"",""證券名稱"":""大亞            "",""外陸資買進股數(不含外資自營商)"":""580,737"",""外陸資賣出股數(不含外資自營商)"":""417,026"",""外陸資買賣超股數(不含外資自營商)"":""163,711"",""外資自營商買進股數"":""0"",""外資自營商賣出股數"":""0"",""外資自營商買賣超股數"":""0"",""投信買進股數"":""0"",""投信賣出股數"":""0"",""投信買賣超股數"":""0"",""自營商買賣超股數"":""1,234"",""自營商買進股數(自行買賣)"":""1,000"",""自營商賣出股數(自行買賣)"":""0"",""自營商買賣超股數(自行買賣)"":""1,000"",""自營商買進股數(避險)"":""4,000"",""自營商賣出股數(避險)"":""3,766"",""自營商買賣超股數(避險)"":""234"",""三大法人買賣超股數"":""164,945""}"
2026-09-24,TWSE,8163,達方            ,331408,164000,167408,0,0,0,0,839,-3228,"{""證券代號"":""8163"",""證券名稱"":""達方            "",""外陸資買進股數(不含外資自營商)"":""331,408"",""外陸資賣出股數(不含外資自營商)"":""164,000"",""外陸資買賣超股數(不含外資自營商)"":""167,408"",""外資自營商買進股數"":""0"",""外資自營商賣出股數"":""0"",""外資自營商買賣超股數"":""0"",""投信買進股數"":""0"",""投信賣出股數"":""0"",""投信買賣超股數"":""0"",""自營商買賣超股數"":""-3,228"",""自營商買進股數(自行買賣)"":""1,000"",""自營商賣出股數(自行買賣)"":""3,389"",""自營商買賣超股數(自行買賣)"":""-2,389"",""自營商買進股數(避險)"":""0"",""自營商賣出股數(避險)"":""839"",""自營商買賣超股數(避險)"":""-839"",""三大法人買賣超股數"":""164,180""}"
2026-09-24,TWSE,6197,佳必琪          ,341219,181211,160008,0,0,0,38644,32199,1475,"{""證券代號"":""6197"",""證券名稱"":""佳必琪          "",""外陸資買進股數(不含外資自營商)"":""341,219"",""外陸資賣出股數(不含外資自營商)"":""181,211"",""外陸資買賣超股數(不含外資自營商)"":""160,008"",""外資自營商買進股數"":""0"",""外資自營商賣出股數"":""0"",""外資自營商買賣超股數"":""0"",""投信買進股數"":""0"",""投信賣出股數"":""0"",""投信買賣超股數"":""0"",""自營商買賣超股數"":""1,475"",""自營商買進股數(自行買賣)"":""30"",""自營商賣出股數(自行買賣)"":""5,000"",""自營商買賣超股數(自行買賣)"":""-4,970"",""自營商買進股數(避險)"":""38,644"",""自營商賣出股數(避險)"":""32,199"",""自營商買賣超股數(避險)"":""6,445"",""三大法人買賣超股數"":""161,483""}"
2026-09-24,TWSE,2340,台亞            ,1186056,1019361,166695,0,0,0,26931,15673,-7742,"{""證券代號"":""2340"",""證券名稱"":""台亞            "",""外陸資買進股數(不含外資自營商)"":""1,186,056"",""外陸資賣出股數(不含外資自營商)"":""1,019,361"",""外陸資買賣超股數(不含外資自營商)"":""166,695"",""外資自營商買進股數"":""0"",""外資自營商賣出股數"":""0"",""外資自營商買賣超股數"":""0"",""投信買進股數"":""0"",""投信賣出股數"":""0"",""投信買賣超股數"":""0"",""自營商買賣超股數"":""-7,742"",""自營商買進股數(自行買賣)"":""19,000"",""自營商賣出股數(自行買賣)"":""38,000"",""自營商買賣超股數(自行買賣)"":""-19,000"",""自營商買進股數(避險)"":""26,931"",""自營商賣出股數(避險)"":""15,673"",""自營商買賣超股數(避險)"":""11,258"",""三大法人買賣超股數"":""158,953""}"
2026-09-24,TWSE,3028,增你強          ,371235,213050,158185,0,0,0,5333,0,323,"{""證券代號"":""3028"",""證券名稱"":""增你強          "",""外陸資買進股數(不含外資自營商)"":""371,235"",""外陸資賣出股數(不含外資自營商)"":""213,050"",""外陸資買賣超股數(不含外資自營商)"":""158,185"",""外資自營商買進股數"":""0"",""外資自營商賣出股數"":""0"",""外資自營商買賣超股數"":""0"",""投信買進股數"":""0"",""投信賣出股數"":""0"",""投信買賣超股數"":""0"",""自營商買賣超股數"":""323"",""自營商買進股數(自行買賣)"":""0"",""自營商賣出股數(自行買賣)"":""5,010"",""自營商買賣超股數(自行買賣)"":""-5,010"",""自營商買進股數(避險)"":""5,333"",""自營商賣出股數(避險)"":""0"",""自營商買賣超股數(避險)"":""5,333"",""三大法人買賣超股數"":""158,508""}"
2026-09-24,TWSE,2405,輔信            ,289000,132000,157000,0,0,0,0,0,0,"{""證券代號"":""2405"",""證券名稱"":""輔信            "",""外陸資買進股數(不含外資自營商)"":""289,000"",""外陸資賣出股數(不含外資自營商)"":""132,000"",""外陸資買賣超股數(不含外資自營商)"":""157,000"",""外資自營商買進股數"":""0"",""外資自營商賣出股數"":""0"",""外資自營商買賣超股數"":""0"",""投信買進股數"":""0"",""投信賣出股數"":""0"",""投信買賣超股數"":""0"",""自營商買賣超股數"":""0"",""自營商買進股數(自行買賣)"":""0"",""自營商賣出股數(自行買賣)"":""0"",""自營商買賣超股數(自行買賣)"":""0"",""自營商買進股數(避險)"":""0"",""自營商賣出股數(避險)"":""0"",""自營商買賣超股數(避險)"":""0"",""三大法人買賣超股數"":""157,000""}"
2026-09-24,TWSE,6196,帆宣            ,549669,361132,188537,0,0,0,27180,60513,-32333,"{""證券代號"":""6196"",""證券名稱"":""帆宣            "",""外陸資買進股數(不含外資自營商)"":""549,669"",""外陸資賣出股數(不含外資自營商)"":""361,132"",""外陸資買賣超股數(不含外資自營商)"":""188,537"",""外資自營商買進股數"":""0"",""外資自營商賣出股數"":""0"",""外資自營商買賣超股數"":""0"",""投信買進股數"":""0"",""投信賣出股數"":""0"",""投信買賣超股數"":""0"",""自營商買賣超股數"":""-32,333"",""自營商買進股數(自行買賣)"":""1,000"",""自營商賣出股數(自行買賣)"":""0"",""自營商買賣超股數(自行買賣)"":""1,000"",""自營商買進股數(避險)"":""27,180"",""自營商賣出股數(避險)"":""60,513"",""自營商買賣超股數(避險)"":""-33,333"",""三大法人買賣超股數"":""156,204""}"
2026-09-24,TWSE,4142,國光生          ,334000,179000,155000,0,0,0,700,0,700,"{""證券代號"":""4142"",""證券名稱"":""國光生          "",""外陸資買進股數(不含外資自營商)"":""334,000"",""外陸資賣出股數(不含外資自營商)"":""179,000"",""外陸資買賣超股數(不含外資自營商)"":""155,000"",""外資自營商買進股數"":""0"",""外資自營商賣出股數"":""0"",""外資自營商買賣超股數"":""0"",""投信買進股數"":""0"",""投信賣出股數"":""0"",""投信買賣超股數"":""0"",""自營商買賣超股數"":""700"",""自營商買進股數(自行買賣)"":""0"",""自營商賣出股數(自行買賣)"":""0"",""自營商買賣超股數(自行買賣)"":""0"",""自營商買進股數(避險)"":""700"",""自營商賣出股數(避險)"":""0"",""自營商買賣超股數(避險)"":""700"",""三大法人買賣超股數"":""155,700""}"
2026-09-24,TWSE,6438,迅得            ,372813,231000,141813,0,0,0,16326,3375,12951,"{""證券代號"":""6438"",""證券名稱"":""迅得            "",""外陸資買進股數(不含外資自營商)"":""372,813"",""外陸資賣出股數(不含外資自營商)"":""231,000"",""外陸資買賣超股數(不含外資自營商)"":""141,813"",""外資自營商買進股數"":""0"",""外資自營商賣出股數"":""0"",""外資自營商買賣超股數"":""0"",""投信買進股數"":""0"",""投信賣出股數"":""0"",""投信買賣超股數"":""0"",""自營商買賣超股數"":""12,951"",""自營商買進股數(自行買賣)"":""0"",""自營商賣出股數(自行買賣)"":""0"",""自營商買賣超股數(自行買賣)"":""0"",""自營商買進股數(避險)"":""16,326"",""自營商賣出股數(避險)"":""3,375"",""自營商買賣超股數(避險)"":""12,951"",""三大法人買賣超股數"":""154,764""}"
2026-09-24,TWSE,8072,陞泰            ,207143,56000,151143,0,0,0,0,0,0,"{""證券代號"":""8072"",""證券名稱"":""陞泰            "",""外陸資買進股數(不含外資自營商)"":""207,143"",""外陸資賣出股數(不含外資自營商)"":""56,000"",""外陸資買賣超股數(不含外資自營商)"":""151,143"",""外資自營商買進股數"":""0"",""外資自營商賣出股數"":""0"",""外資自營商買賣超股數"":""0"",""投信買進股數"":""0"",""投信賣出股數"":""0"",""投信買賣超股數"":""0"",""自營商買賣超股數"":""0"",""自營商買進股數(自行買賣)"":""0"",""自營商賣出股數(自行買賣)"":""0"",""自營商買賣超股數(自行買賣)"":""0"",""自營商買進股數(避險)"":""0"",""自營商賣出股數(避險)"":""0"",""自營商買賣超股數(避險)"":""0"",""三大法人買賣超股數"":""151,143""}"
2026-09-24,TWSE,1522,堤維西          ,236214,92000,144214,0,0,0,0,0,0,"{""證券代號"":""1522"",""證券名稱"":""堤維西          "",""外陸資買進股數(不含外資自營商)"":""236,214"",""外陸資賣出股數(不含外資自營商)"":""92,000"",""外陸資買賣超股數(不含外資自營商)"":""144,214"",""外資自營商買進股數"":""0"",""外資自營商賣出股數"":""0"",""外資自營商買賣超股數"":""0"",""投信買進股數"":""0"",""投信賣出股數"":""0"",""投信買賣超股數"":""0"",""自營商買賣超股數"":""0"",""自營商買進股數(自行買賣)"":""0"",""自營商賣出股數(自行買賣)"":""0"",""自營商買賣超股數(自行買賣)"":""0"",""自營商買進股數(避險)"":""0"",""自營商賣出股數(避險)"":""0"",""自營商買賣超股數(避險)"":""0"",""三大法人買賣超股數"":""144,214""}"
2026-09-24,TWSE,2413,環科            ,550195,406000,144195,0,0,0,2000,2701,-701,"{""證券代號"":""2413"",""證券名稱"":""環科            "",""外陸資買進股數(不含外資自營商)"":""550,195"",""外陸資賣出股數(不含外資自營商)"":""406,000"",""外陸資買賣超股數(不含外資自營商)"":""144,195"",""外資自營商買進股數"":""0"",""外資自營商賣出股數"":""0"",""外資自營商買賣超股數"":""0"",""投信買進股數"":""0"",""投信賣出股數"":""0"",""投信買賣超股數"":""0"",""自營商買賣超股數"":""-701"",""自營商買進股數(自行買賣)"":""0"",""自營商賣出股數(自行買賣)"":""0"",""自營商買賣超股數(自行買賣)"":""0"",""自營商買進股數(避險)"":""2,000"",""自營商賣出股數(避險)"":""2,701"",""自營商買賣超股數(避險)"":""-701"",""三大法人買賣超股數"":""143,494""}"
2026-09-24,TWSE,1736,喬山            ,199882,56194,143688,0,0,0,1497,1689,-1192,"{""證券代號"":""1736"",""證券名稱"":""喬山            "",""外陸資買進股數(不含外資自營商)"":""199,882"",""外陸資賣出股數(不含外資自營商)"":""56,194"",""外陸資買賣超股數(不含外資自營商)"":""143,688"",""外資自營商買進股數"":""0"",""外資自營商賣出股數"":""0"",""外資自營商買賣超股數"":""0"",""投信買進股數"":""0"",""投信賣出股數"":""0"",""投信買賣超股數"":""0"",""自營商買賣超股數"":""-1,192"",""自營商買進股數(自行買賣)"":""0"",""自營商賣出股數(自行買賣)"":""1,000"",""自營商買賣超股數(自行買賣)"":""-1,000"",""自營商買進股數(避險)"":""1,497"",""自營商賣出股數(避險)"":""1,689"",""自營商買賣超股數(避險)"":""-192"",""三大法人買賣超股數"":""142,496""}"
2026-09-24,TWSE,6944,兆聯實業        ,204419,72659,131760,0,0,0,15330,8205,7125,"{""證券代號"":""6944"",""證券名稱"":""兆聯實業        "",""外陸資買進股數(不含外資自營商)"":""204,419"",""外陸資賣出股數(不含外資自營商)"":""72,659"",""外陸資買賣超股數(不含外資自營商)"":""131,760"",""外資自營商買進股數"":""0"",""外資自營商賣出股數"":""0"",""外資自營商買賣超股數"":""0"",""投信買進股數"":""0"",""投信賣出股數"":""0"",""投信買賣超股數"":""0"",""自營商買賣超股數"":""7,125"",""自營商買進股數(自行買賣)"":""0"",""自營商賣出股數(自行買賣)"":""0"",""自營商買賣超股數(自行買賣)"":""0"",""自營商買進股數(避險)"":""15,330"",""自營商賣出股數(避險)"":""8,205"",""自營商買賣超股數(避險)"":""7,125"",""三大法人買賣超股數"":""138,885""}"
2026-09-24,TWSE,2516,新建            ,185000,55031,129969,0,0,0,0,0,4000,"{""證券代號"":""2516"",""證券名稱"":""新建            "",""外陸資買進股數(不含外資自營商)"":""185,000"",""外陸資賣出股數(不含外資自營商)"":""55,031"",""外陸資買賣超股數(不含外資自營商)"":""129,969"",""外資自營商買進股數"":""0"",""外資自營商賣出股數"":""0"",""外資自營商買賣超股數"":""0"",""投信買進股數"":""0"",""投信賣出股數"":""0"",""投信買賣超股數"":""0"",""自營商買賣超股數"":""4,000"",""自營商買進股數(自行買賣)"":""4,000"",""自營商賣出股數(自行買賣)"":""0"",""自營商買賣超股數(自行買賣)"":""4,000"",""自營商買進股數(避險)"":""0"",""自營商賣出股數(避險)"":""0"",""自營商買賣超股數(避險)"":""0"",""三大法人買賣超股數"":""133,969""}"
2026-09-24,TWSE,5876,上海商銀        ,1491368,2422410,-931042,760000,3000,757000,306920,0,304576,"{""證券代號"":""5876"",""證券名稱"":""上海商銀        "",""外陸資買進股數(不含外資自營商)"":""1,491,368"",""外陸資賣出股數(不含外資自營商)"":""2,422,410"",""外陸資買賣超股數(不含外資自營商)"":""-931,042"",""外資自營商買進股數"":""0"",""外資自營商賣出股數"":""0"",""外資自營商買賣超股數"":""0"",""投信買進股數"":""760,000"",""投信賣出股數"":""3,000"",""投信買賣超股數"":""757,000"",""自營商買賣超股數"":""304,576"",""自營商買進股數(自行買賣)"":""0"",""自營商賣出股數(自行買賣)"":""2,344"",""自營商買賣超股數(自行買賣)"":""-2,344"",""自營商買進股數(避險)"":""306,920"",""自營商賣出股數(避險)"":""0"",""自營商買賣超股數(避險)"":""306,920"",""三大法人買賣超股數"":""130,534""}"
2026-09-24,TWSE,2439,美律            ,435000,224000,211000,0,1000,-1000,2721,467,-85259,"{""證券代號"":""2439"",""證券名稱"":""美律            "",""外陸資買進股數(不含外資自營商)"":""435,000"",""外陸資賣出股數(不含外資自營商)"":""224,000"",""外陸資買賣超股數(不含外資自營商)"":""211,000"",""外資自營商買進股數"":""0"",""外資自營商賣出股數"":""0"",""外資自營商買賣超股數"":""0"",""投信買進股數"":""0"",""投信賣出股數"":""1,000"",""投信買賣超股數"":""-1,000"",""自營商買賣超股數"":""-85,259"",""自營商買進股數(自行買賣)"":""5,000"",""自營商賣出股數(自行買賣)"":""92,513"",""自營商買賣超股數(自行買賣)"":""-87,513"",""自營商買進股數(避險)"":""2,721"",""自營商賣出股數(避險)"":""467"",""自營商買賣超股數(避險)"":""2,254"",""三大法人買賣超股數"":""124,741""}"
2026-09-24,TWSE,00404A,主動聯博動能50  ,1306000,332000,974000,0,0,0,1197000,2047320,-850320,"{""證券代號"":""00404A"",""證券名稱"":""主動聯博動能50  "",""外陸資買進股數(不含外資自營商)"":""1,306,000"",""外陸資賣出股數(不含外資自營商)"":""332,000"",""外陸資買賣超股數(不含外資自營商)"":""974,000"",""外資自營商買進股數"":""0"",""外資自營商賣出股數"":""0"",""外資自營商買賣超股數"":""0"",""投信買進股數"":""0"",""投信賣出股數"":""0"",""投信買賣超股數"":""0"",""自營商買賣超股數"":""-850,320"",""自營商買進股數(自行買賣)"":""0"",""自營商賣出股數(自行買賣)"":""0"",""自營商買賣超股數(自行買賣)"":""0"",""自營商買進股數(避險)"":""1,197,000"",""自營商賣出股數(避險)"":""2,047,320"",""自營商買賣超股數(避險)"":""-850,320"",""三大法人買賣超股數"":""123,680""}"
2026-09-24,TWSE,00763U,期街口道瓊銅    ,0,3000,-3000,0,0,0,213060,87503,125557,"{""證券代號"":""00763U"",""證券名稱"":""期街口道瓊銅    "",""外陸資買進股數(不含外資自營商)"":""0"",""外陸資賣出股數(不含外資自營商)"":""3,000"",""外陸資買賣超股數(不含外資自營商)"":""-3,000"",""外資自營商買進股數"":""0"",""外資自營商賣出股數"":""0"",""外資自營商買賣超股數"":""0"",""投信買進股數"":""0"",""投信賣出股數"":""0"",""投信買賣超股數"":""0"",""自營商買賣超股數"":""125,557"",""自營商買進股數(自行買賣)"":""0"",""自營商賣出股數(自行買賣)"":""0"",""自營商買賣超股數(自行買賣)"":""0"",""自營商買進股數(避險)"":""213,060"",""自營商賣出股數(避險)"":""87,503"",""自營商買賣超股數(避險)"":""125,557"",""三大法人買賣超股數"":""122,557""}"
2026-09-24,TWSE,00648R,元大S&P500反1   ,0,0,0,0,0,0,120240,0,120240,"{""證券代號"":""00648R"",""證券名稱"":""元大S&P500反1   "",""外陸資買進股數(不含外資自營商)"":""0"",""外陸資賣出股數(不含外資自營商)"":""0"",""外陸資買賣超股數(不含外資自營商)"":""0"",""外資自營商買進股數"":""0"",""外資自營商賣出股數"":""0"",""外資自營商買賣超股數"":""0"",""投信買進股數"":""0"",""投信賣出股數"":""0"",""投信買賣超股數"":""0"",""自營商買賣超股數"":""120,240"",""自營商買進股數(自行買賣)"":""0"",""自營商賣出股數(自行買賣)"":""0"",""自營商買賣超股數(自行買賣)"":""0"",""自營商買進股數(避險)"":""120,240"",""自營商賣出股數(避險)"":""0"",""自營商買賣超股數(避險)"":""120,240"",""三大法人買賣超股數"":""120,240""}"
2026-09-24,TWSE,8476,台境*           ,213000,75000,138000,0,0,0,0,0,-18000,"{""證券代號"":""8476"",""證券名稱"":""台境*           "",""外陸資買進股數(不含外資自營商)"":""213,000"",""外陸資賣出股數(不含外資自營商)"":""75,000"",""外陸資買賣超股數(不含外資自營商)"":""138,000"",""外資自營商買進股數"":""0"",""外資自營商賣出股數"":""0"",""外資自營商買賣超股數"":""0"",""投信買進股數"":""0"",""投信賣出股數"":""0"",""投信買賣超股數"":""0"",""自營商買賣超股數"":""-18,000"",""自營商買進股數(自行買賣)"":""0"",""自營商賣出股數(自行買賣)"":""18,000"",""自營商買賣超股數(自行買賣)"":""-18,000"",""自營商買進股數(避險)"":""0"",""自營商賣出股數(避險)"":""0"",""自營商買賣超股數(避險)"":""0"",""三大法人買賣超股數"":""120,000""}"
2026-09-24,TWSE,3024,憶聲            ,316000,193000,123000,0,0,0,0,0,-3000,"{""證券代號"":""3024"",""證券名稱"":""憶聲            "",""外陸資買進股數(不含外資自營商)"":""316,000"",""外陸資賣出股數(不含外資自營商)"":""193,000"",""外陸資買賣超股數(不含外資自營商)"":""123,000"",""外資自營商買進股數"":""0"",""外資自營商賣出股數"":""0"",""外資自營商買賣超股數"":""0"",""投信買進股數"":""0"",""投信賣出股數"":""0"",""投信買賣超股數"":""0"",""自營商買賣超股數"":""-3,000"",""自營商買進股數(自行買賣)"":""2,000"",""自營商賣出股數(自行買賣)"":""5,000"",""自營商買賣超股數(自行買賣)"":""-3,000"",""自營商買進股數(避險)"":""0"",""自營商賣出股數(避險)"":""0"",""自營商買賣超股數(避險)"":""0"",""三大法人買賣超股數"":""120,000""}"
2026-09-24,TWSE,00401A,主動摩根台灣鑫收,722000,374000,348000,0,0,0,3182000,3431320,-229320,"{""證券代號"":""00401A"",""證券名稱"":""主動摩根台灣鑫收"",""外陸資買進股數(不含外資自營商)"":""722,000"",""外陸資賣出股數(不含外資自營商)"":""374,000"",""外陸資買賣超股數(不含外資自營商)"":""348,000"",""外資自營商買進股數"":""0"",""外資自營商賣出股數"":""0"",""外資自營商買賣超股數"":""0"",""投信買進股數"":""0"",""投信賣出股數"":""0"",""投信買賣超股數"":""0"",""自營商買賣超股數"":""-229,320"",""自營商買進股數(自行買賣)"":""20,000"",""自營商賣出股數(自行買賣)"":""0"",""自營商買賣超股數(自行買賣)"":""20,000"",""自營商買進股數(避險)"":""3,182,000"",""自營商賣出股數(避險)"":""3,431,320"",""自營商買賣超股數(避險)"":""-249,320"",""三大法人買賣超股數"":""118,680""}"
2026-09-24,TWSE,2017,官田鋼          ,160575,42100,118475,0,0,0,0,0,0,"{""證券代號"":""2017"",""證券名稱"":""官田鋼          "",""外陸資買進股數(不含外資自營商)"":""160,575"",""外陸資賣出股數(不含外資自營商)"":""42,100"",""外陸資買賣超股數(不含外資自營商)"":""118,475"",""外資自營商買進股數"":""0"",""外資自營商賣出股數"":""0"",""外資自營商買賣超股數"":""0"",""投信買進股數"":""0"",""投信賣出股數"":""0"",""投信買賣超股數"":""0"",""自營商買賣超股數"":""0"",""自營商買進股數(自行買賣)"":""0"",""自營商賣出股數(自行買賣)"":""0"",""自營商買賣超股數(自行買賣)"":""0"",""自營商買進股數(避險)"":""0"",""自營商賣出股數(避險)"":""0"",""自營商買賣超股數(避險)"":""0"",""三大法人買賣超股數"":""118,475""}"
2026-09-24,TWSE,5515,建國            ,270140,135001,135139,0,0,0,0,1000,-17000,"{""證券代號"":""5515"",""證券名稱"":""建國            "",""外陸資買進股數(不含外資自營商)"":""270,140"",""外陸資賣出股數(不含外資自營商)"":""135,001"",""外陸資買賣超股數(不含外資自營商)"":""135,139"",""外資自營商買進股數"":""0"",""外資自營商賣出股數"":""0"",""外資自營商買賣超股數"":""0"",""投信買進股數"":""0"",""投信賣出股數"":""0"",""投信買賣超股數"":""0"",""自營商買賣超股數"":""-17,000"",""自營商買進股數(自行買賣)"":""0"",""自營商賣出股數(自行買賣)"":""16,000"",""自營商買賣超股數(自行買賣)"":""-16,000"",""自營商買進股數(避險)"":""0"",""自營商賣出股數(避險)"":""1,000"",""自營商買賣超股數(避險)"":""-1,000"",""三大法人買賣超股數"":""118,139""}"
2026-09-24,TWSE,3413,京鼎            ,250026,130007,120019,0,0,0,2000,4697,-2697,"{""證券代號"":""3413"",""證券名稱"":""京鼎            "",""外陸資買進股數(不含外資自營商)"":""250,026"",""外陸資賣出股數(不含外資自營商)"":""130,007"",""外陸資買賣超股數(不含外資自營商)"":""120,019"",""外資自營商買進股數"":""0"",""外資自營商賣出股數"":""0"",""外資自營商買賣超股數"":""0"",""投信買進股數"":""0"",""投信賣出股數"":""0"",""投信買賣超股數"":""0"",""自營商買賣超股數"":""-2,697"",""自營商買進股數(自行買賣)"":""0"",""自營商賣出股數(自行買賣)"":""0"",""自營商買賣超股數(自行買賣)"":""0"",""自營商買進股數(避險)"":""2,000"",""自營商賣出股數(避險)"":""4,697"",""自營商買賣超股數(避險)"":""-2,697"",""三大法人買賣超股數"":""117,322""}"
2026-09-24,TWSE,3050,鈺德            ,187000,75000,112000,0,0,0,0,0,0,"{""證券代號"":""3050"",""證券名稱"":""鈺德            "",""外陸資買進股數(不含外資自營商)"":""187,000"",""外陸資賣出股數(不含外資自營商)"":""75,000"",""外陸資買賣超股數(不含外資自營商)"":""112,000"",""外資自營商買進股數"":""0"",""外資自營商賣出股數"":""0"",""外資自營商買賣超股數"":""0"",""投信買進股數"":""0"",""投信賣出股數"":""0"",""投信買賣超股數"":""0"",""自營商買賣超股數"":""0"",""自營商買進股數(自行買賣)"":""0"",""自營商賣出股數(自行買賣)"":""0"",""自營商買賣超股數(自行買賣)"":""0"",""自營商買進股數(避險)"":""0"",""自營商賣出股數(避險)"":""0"",""自營商買賣超股數(避險)"":""0"",""三大法人買賣超股數"":""112,000""}"
2026-09-24,TWSE,2471,資通            ,201000,92000,109000,0,0,0,0,0,-1000,"{""證券代號"":""2471"",""證券名稱"":""資通            "",""外陸資買進股數(不含外資自營商)"":""201,000"",""外陸資賣出股數(不含外資自營商)"":""92,000"",""外陸資買賣超股數(不含外資自營商)"":""109,000"",""外資自營商買進股數"":""0"",""外資自營商賣出股數"":""0"",""外資自營商買賣超股數"":""0"",""投信買進股數"":""0"",""投信賣出股數"":""0"",""投信買賣超股數"":""0"",""自營商買賣超股數"":""-1,000"",""自營商買進股數(自行買賣)"":""0"",""自營商賣出股數(自行買賣)"":""1,000"",""自營商買賣超股數(自行買賣)"":""-1,000"",""自營商買進股數(避險)"":""0"",""自營商賣出股數(避險)"":""0"",""自營商買賣超股數(避險)"":""0"",""三大法人買賣超股數"":""108,000""}"
2026-09-24,TWSE,5607,遠雄港          ,187754,76477,111277,0,0,0,0,0,-4000,"{""證券代號"":""5607"",""證券名稱"":""遠雄港          "",""外陸資買進股數(不含外資自營商)"":""187,754"",""外陸資賣出股數(不含外資自營商)"":""76,477"",""外陸資買賣超股數(不含外資自營商)"":""111,277"",""外資自營商買進股數"":""0"",""外資自營商賣出股數"":""0"",""外資自營商買賣超股數"":""0"",""投信買進股數"":""0"",""投信賣出股數"":""0"",""投信買賣超股數"":""0"",""自營商買賣超股數"":""-4,000"",""自營商買進股數(自行買賣)"":""0"",""自營商賣出股數(自行買賣)"":""4,000"",""自營商買賣超股數(自行買賣)"":""-4,000"",""自營商買進股數(避險)"":""0"",""自營商賣出股數(避險)"":""0"",""自營商買賣超股數(避險)"":""0"",""三大法人買賣超股數"":""107,277""}"
2026-09-24,TWSE,6426,統新            ,1583406,1468100,115306,0,0,0,32226,44593,-10367,"{""證券代號"":""6426"",""證券名稱"":""統新            "",""外陸資買進股數(不含外資自營商)"":""1,583,406"",""外陸資賣出股數(不含外資自營商)"":""1,468,100"",""外陸資買賣超股數(不含外資自營商)"":""115,306"",""外資自營商買進股數"":""0"",""外資自營商賣出股數"":""0"",""外資自營商買賣超股數"":""0"",""投信買進股數"":""0"",""投信賣出股數"":""0"",""投信買賣超股數"":""0"",""自營商買賣超股數"":""-10,367"",""自營商買進股數(自行買賣)"":""2,000"",""自營商賣出股數(自行買賣)"":""0"",""自營商買賣超股數(自行買賣)"":""2,000"",""自營商買進股數(避險)"":""32,226"",""自營商賣出股數(避險)"":""44,593"",""自營商買賣超股數(避險)"":""-12,367"",""三大法人買賣超股數"":""104,939""}"
2026-09-24,TWSE,2461,光群雷          ,166000,53002,112998,0,0,0,0,0,-14000,"{""證券代號"":""2461"",""證券名稱"":""光群雷          "",""外陸資買進股數(不含外資自營商)"":""166,000"",""外陸資賣出股數(不含外資自營商)"":""53,002"",""外陸資買賣超股數(不含外資自營商)"":""112,998"",""外資自營商買進股數"":""0"",""外資自營商賣出股數"":""0"",""外資自營商買賣超股數"":""0"",""投信買進股數"":""0"",""投信賣出股數"":""0"",""投信買賣超股數"":""0"",""自營商買賣超股數"":""-14,000"",""自營商買進股數(自行買賣)"":""0"",""自營商賣出股數(自行買賣)"":""14,000"",""自營商買賣超股數(自行買賣)"":""-14,000"",""自營商買進股數(避險)"":""0"",""自營商賣出股數(避險)"":""0"",""自營商買賣超股數(避險)"":""0"",""三大法人買賣超股數"":""98,998""}"
2026-09-24,TWSE,4916,事欣科          ,576218,517447,58771,0,0,0,53266,13113,40153,"{""證券代號"":""4916"",""證券名稱"":""事欣科          "",""外陸資買進股數(不含外資自營商)"":""576,218"",""外陸資賣出股數(不含外資自營商)"":""517,447"",""外陸資買賣超股數(不含外資自營商)"":""58,771"",""外資自營商買進股數"":""0"",""外資自營商賣出股數"":""0"",""外資自營商買賣超股數"":""0"",""投信買進股數"":""0"",""投信賣出股數"":""0"",""投信買賣超股數"":""0"",""自營商買賣超股數"":""40,153"",""自營商買進股數(自行買賣)"":""0"",""自營商賣出股數(自行買賣)"":""0"",""自營商買賣超股數(自行買賣)"":""0"",""自營商買進股數(避險)"":""53,266"",""自營商賣出股數(避險)"":""13,113"",""自營商買賣超股數(避險)"":""40,153"",""三大法人買賣超股數"":""98,924""}"
2026-09-24,TWSE,6937,天虹            ,259462,176000,83462,0,0,0,31470,16201,15294,"{""證券代號"":""6937"",""證券名稱"":""天虹            "",""外陸資買進股數(不含外資自營商)"":""259,462"",""外陸資賣出股數(不含外資自營商)"":""176,000"",""外陸資買賣超股數(不含外資自營商)"":""83,462"",""外資自營商買進股數"":""0"",""外資自營商賣出股數"":""0"",""外資自營商買賣超股數"":""0"",""投信買進股數"":""0"",""投信賣出股數"":""0"",""投信買賣超股數"":""0"",""自營商買賣超股數"":""15,294"",""自營商買進股數(自行買賣)"":""25"",""自營商賣出股數(自行買賣)"":""0"",""自營商買賣超股數(自行買賣)"":""25"",""自營商買進股數(避險)"":""31,470"",""自營商賣出股數(避險)"":""16,201"",""自營商買賣超股數(避險)"":""15,269"",""三大法人買賣超股數"":""98,756""}"
2026-09-24,TWSE,8081,致新            ,149807,74652,75155,21000,1000,20000,0,6,-21,"{""證券代號"":""8081"",""證券名稱"":""致新            "",""外陸資買進股數(不含外資自營商)"":""149,807"",""外陸資賣出股數(不含外資自營商)"":""74,652"",""外陸資買賣超股數(不含外資自營商)"":""75,155"",""外資自營商買進股數"":""0"",""外資自營商賣出股數"":""0"",""外資自營商買賣超股數"":""0"",""投信買進股數"":""21,000"",""投信賣出股數"":""1,000"",""投信買賣超股數"":""20,000"",""自營商買賣超股數"":""-21"",""自營商買進股數(自行買賣)"":""0"",""自營商賣出股數(自行買賣)"":""15"",""自營商買賣超股數(自行買賣)"":""-15"",""自營商買進股數(避險)"":""0"",""自營商賣出股數(避險)"":""6"",""自營商買賣超股數(避險)"":""-6"",""三大法人買賣超股數"":""95,134""}"
2026-09-24,TWSE,1515,力山            ,190800,97000,93800,0,0,0,3000,2723,277,"{""證券代號"":""1515"",""證券名稱"":""力山            "",""外陸資買進股數(不含外資自營商)"":""190,800"",""外陸資賣出股數(不含外資自營商)"":""97,000"",""外陸資買賣超股數(不含外資自營商)"":""93,800"",""外資自營商買進股數"":""0"",""外資自營商賣出股數"":""0"",""外資自營商買賣超股數"":""0"",""投信買進股數"":""0"",""投信賣出股數"":""0"",""投信買賣超股數"":""0"",""自營商買賣超股數"":""277"",""自營商買進股數(自行買賣)"":""0"",""自營商賣出股數(自行買賣)"":""0"",""自營商買賣超股數(自行買賣)"":""0"",""自營商買進股數(避險)"":""3,000"",""自營商賣出股數(避險)"":""2,723"",""自營商買賣超股數(避險)"":""277"",""三大法人買賣超股數"":""94,077""}"
2026-09-24,TWSE,2316,楠梓電          ,268415,181549,86866,0,0,0,12526,5593,5933,"{""證券代號"":""2316"",""證券名稱"":""楠梓電          "",""外陸資買進股數(不含外資自營商)"":""268,415"",""外陸資賣出股數(不含外資自營商)"":""181,549"",""外陸資買賣超股數(不含外資自營商)"":""86,866"",""外資自營商買進股數"":""0"",""外資自營商賣出股數"":""0"",""外資自營商買賣超股數"":""0"",""投信買進股數"":""0"",""投信賣出股數"":""0"",""投信買賣超股數"":""0"",""自營商買賣超股數"":""5,933"",""自營商買進股數(自行買賣)"":""0"",""自營商賣出股數(自行買賣)"":""1,000"",""自營商買賣超股數(自行買賣)"":""-1,000"",""自營商買進股數(避險)"":""12,526"",""自營商賣出股數(避險)"":""5,593"",""自營商買賣超股數(避險)"":""6,933"",""三大法人買賣超股數"":""92,799""}"
2026-09-24,TWSE,3209,全科            ,244000,151056,92944,0,0,0,169,898,-729,"{""證券代號"":""3209"",""證券名稱"":""全科            "",""外陸資買進股數(不含外資自營商)"":""244,000"",""外陸資賣出股數(不含外資自營商)"":""151,056"",""外陸資買賣超股數(不含外資自營商)"":""92,944"",""外資自營商買進股數"":""0"",""外資自營商賣出股數"":""0"",""外資自營商買賣超股數"":""0"",""投信買進股數"":""0"",""投信賣出股數"":""0"",""投信買賣超股數"":""0"",""自營商買賣超股數"":""-729"",""自營商買進股數(自行買賣)"":""0"",""自營商賣出股數(自行買賣)"":""0"",""自營商買賣超股數(自行買賣)"":""0"",""自營商買進股數(避險)"":""169"",""自營商賣出股數(避險)"":""898"",""自營商買賣超股數(避險)"":""-729"",""三大法人買賣超股數"":""92,215""}"
2026-09-24,TWSE,3041,揚智            ,197000,105000,92000,0,0,0,0,0,0,"{""證券代號"":""3041"",""證券名稱"":""揚智            "",""外陸資買進股數(不含外資自營商)"":""197,000"",""外陸資賣出股數(不含外資自營商)"":""105,000"",""外陸資買賣超股數(不含外資自營商)"":""92,000"",""外資自營商買進股數"":""0"",""外資自營商賣出股數"":""0"",""外資自營商買賣超股數"":""0"",""投信買進股數"":""0"",""投信賣出股數"":""0"",""投信買賣超股數"":""0"",""自營商買賣超股數"":""0"",""自營商買進股數(自行買賣)"":""0"",""自營商賣出股數(自行買賣)"":""0"",""自營商買賣超股數(自行買賣)"":""0"",""自營商買進股數(避險)"":""0"",""自營商賣出股數(避險)"":""0"",""自營商買賣超股數(避險)"":""0"",""三大法人買賣超股數"":""92,000""}"
2026-09-24,TWSE,2059,川湖            ,279482,170163,109319,3000,45000,-42000,18391,5648,24003,"{""證券代號"":""2059"",""證券名稱"":""川湖            "",""外陸資買進股數(不含外資自營商)"":""279,482"",""外陸資賣出股數(不含外資自營商)"":""170,163"",""外陸資買賣超股數(不含外資自營商)"":""109,319"",""外資自營商買進股數"":""0"",""外資自營商賣出股數"":""0"",""外資自營商買賣超股數"":""0"",""投信買進股數"":""3,000"",""投信賣出股數"":""45,000"",""投信買賣超股數"":""-42,000"",""自營商買賣超股數"":""24,003"",""自營商買進股數(自行買賣)"":""13,954"",""自營商賣出股數(自行買賣)"":""2,694"",""自營商買賣超股數(自行買賣)"":""11,260"",""自營商買進股數(避險)"":""18,391"",""自營商賣出股數(避險)"":""5,648"",""自營商買賣超股數(避險)"":""12,743"",""三大法人買賣超股數"":""91,322""}"
2026-09-24,TWSE,5469,瀚宇博          ,280000,184000,96000,0,0,0,0,1000,-5000,"{""證券代號"":""5469"",""證券名稱"":""瀚宇博          "",""外陸資買進股數(不含外資自營商)"":""280,000"",""外陸資賣出股數(不含外資自營商)"":""184,000"",""外陸資買賣超股數(不含外資自營商)"":""96,000"",""外資自營商買進股數"":""0"",""外資自營商賣出股數"":""0"",""外資自營商買賣超股數"":""0"",""投信買進股數"":""0"",""投信賣出股數"":""0"",""投信買賣超股數"":""0"",""自營商買賣超股數"":""-5,000"",""自營商買進股數(自行買賣)"":""0"",""自營商賣出股數(自行買賣)"":""4,000"",""自營商買賣超股數(自行買賣)"":""-4,000"",""自營商買進股數(避險)"":""0"",""自營商賣出股數(避險)"":""1,000"",""自營商買賣超股數(避險)"":""-1,000"",""三大法人買賣超股數"":""91,000""}"
2026-09-24,TWSE,1449,佳和            ,123051,34011,89040,0,0,0,0,0,0,"{""證券代號"":""1449"",""證券名稱"":""佳和            "",""外陸資買進股數(不含外資自營商)"":""123,051"",""外陸資賣出股數(不含外資自營商)"":""34,011"",""外陸資買賣超股數(不含外資自營商)"":""89,040"",""外資自營商買進股數"":""0"",""外資自營商賣出股數"":""0"",""外資自營商買賣超股數"":""0"",""投信買進股數"":""0"",""投信賣出股數"":""0"",""投信買賣超股數"":""0"",""自營商買賣超股數"":""0"",""自營商買進股數(自行買賣)"":""0"",""自營商賣出股數(自行買賣)"":""0"",""自營商買賣超股數(自行買賣)"":""0"",""自營商買進股數(避險)"":""0"",""自營商賣出股數(避險)"":""0"",""自營商買賣超股數(避險)"":""0"",""三大法人買賣超股數"":""89,040""}"
2026-09-24,TWSE,4526,東台            ,366000,276000,90000,0,0,0,0,1096,-1096,"{""證券代號"":""4526"",""證券名稱"":""東台            "",""外陸資買進股數(不含外資自營商)"":""366,000"",""外陸資賣出股數(不含外資自營商)"":""276,000"",""外陸資買賣超股數(不含外資自營商)"":""90,000"",""外資自營商買進股數"":""0"",""外資自營商賣出股數"":""0"",""外資自營商買賣超股數"":""0"",""投信買進股數"":""0"",""投信賣出股數"":""0"",""投信買賣超股數"":""0"",""自營商買賣超股數"":""-1,096"",""自營商買進股數(自行買賣)"":""0"",""自營商賣出股數(自行買賣)"":""0"",""自營商買賣超股數(自行買賣)"":""0"",""自營商買進股數(避險)"":""0"",""自營商賣出股數(避險)"":""1,096"",""自營商買賣超股數(避險)"":""-1,096"",""三大法人買賣超股數"":""88,904""}"
2026-09-24,TWSE,2236,百達-KY         ,200068,105720,94348,0,0,0,0,583,-5583,"{""證券代號"":""2236"",""證券名稱"":""百達-KY         "",""外陸資買進股數(不含外資自營商)"":""200,068"",""外陸資賣出股數(不含外資自營商)"":""105,720"",""外陸資買賣超股數(不含外資自營商)"":""94,348"",""外資自營商買進股數"":""0"",""外資自營商賣出股數"":""0"",""外資自營商買賣超股數"":""0"",""投信買進股數"":""0"",""投信賣出股數"":""0"",""投信買賣超股數"":""0"",""自營商買賣超股數"":""-5,583"",""自營商買進股數(自行買賣)"":""2,000"",""自營商賣出股數(自行買賣)"":""7,000"",""自營商買賣超股數(自行買賣)"":""-5,000"",""自營商買進股數(避險)"":""0"",""自營商賣出股數(避險)"":""583"",""自營商買賣超股數(避險)"":""-583"",""三大法人買賣超股數"":""88,765""}"
2026-09-24,TWSE,2495,普安            ,320970,227257,93713,0,0,0,1000,6110,-5110,"{""證券代號"":""2495"",""證券名稱"":""普安            "",""外陸資買進股數(不含外資自營商)"":""320,970"",""外陸資賣出股數(不含外資自營商)"":""227,257"",""外陸資買賣超股數(不含外資自營商)"":""93,713"",""外資自營商買進股數"":""0"",""外資自營商賣出股數"":""0"",""外資自營商買賣超股數"":""0"",""投信買進股數"":""0"",""投信賣出股數"":""0"",""投信買賣超股數"":""0"",""自營商買賣超股數"":""-5,110"",""自營商買進股數(自行買賣)"":""0"",""自營商賣出股數(自行買賣)"":""0"",""自營商買賣超股數(自行買賣)"":""0"",""自營商買進股數(避險)"":""1,000"",""自營商賣出股數(避險)"":""6,110"",""自營商買賣超股數(避險)"":""-5,110"",""三大法人買賣超股數"":""88,603""}"
2026-09-24,TWSE,2617,台航            ,327000,242000,85000,0,0,0,977,400,577,"{""證券代號"":""2617"",""證券名稱"":""台航            "",""外陸資買進股數(不含外資自營商)"":""327,000"",""外陸資賣出股數(不含外資自營商)"":""242,000"",""外陸資買賣超股數(不含外資自營商)"":""85,000"",""外資自營商買進股數"":""0"",""外資自營商賣出股數"":""0"",""外資自營商買賣超股數"":""0"",""投信買進股數"":""0"",""投信賣出股數"":""0"",""投信買賣超股數"":""0"",""自營商買賣超股數"":""577"",""自營商買進股數(自行買賣)"":""0"",""自營商賣出股數(自行買賣)"":""0"",""自營商買賣超股數(自行買賣)"":""0"",""自營商買進股數(避險)"":""977"",""自營商賣出股數(避險)"":""400"",""自營商買賣超股數(避險)"":""577"",""三大法人買賣超股數"":""85,577""}"
2026-09-24,TWSE,3051,力特            ,121263,37000,84263,0,0,0,0,0,0,"{""證券代號"":""3051"",""證券名稱"":""力特            "",""外陸資買進股數(不含外資自營商)"":""121,263"",""外陸資賣出股數(不含外資自營商)"":""37,000"",""外陸資買賣超股數(不含外資自營商)"":""84,263"",""外資自營商買進股數"":""0"",""外資自營商賣出股數"":""0"",""外資自營商買賣超股數"":""0"",""投信買進股數"":""0"",""投信賣出股數"":""0"",""投信買賣超股數"":""0"",""自營商買賣超股數"":""0"",""自營商買進股數(自行買賣)"":""0"",""自營商賣出股數(自行買賣)"":""0"",""自營商買賣超股數(自行買賣)"":""0"",""自營商買進股數(避險)"":""0"",""自營商賣出股數(避險)"":""0"",""自營商買賣超股數(避險)"":""0"",""三大法人買賣超股數"":""84,263""}"
2026-09-24,TWSE,4536,拓凱            ,132000,48000,84000,0,0,0,0,0,0,"{""證券代號"":""4536"",""證券名稱"":""拓凱            "",""外陸資買進股數(不含外資自營商)"":""132,000"",""外陸資賣出股數(不含外資自營商)"":""48,000"",""外陸資買賣超股數(不含外資自營商)"":""84,000"",""外資自營商買進股數"":""0"",""外資自營商賣出股數"":""0"",""外資自營商買賣超股數"":""0"",""投信買進股數"":""0"",""投信賣出股數"":""0"",""投信買賣超股數"":""0"",""自營商買賣超股數"":""0"",""自營商買進股數(自行買賣)"":""0"",""自營商賣出股數(自行買賣)"":""0"",""自營商買賣超股數(自行買賣)"":""0"",""自營商買進股數(避險)"":""0"",""自營商賣出股數(避險)"":""0"",""自營商買賣超股數(避險)"":""0"",""三大法人買賣超股數"":""84,000""}"
2026-09-24,TWSE,7822,倍利科          ,100320,59000,41320,36000,0,36000,12937,7250,5687,"{""證券代號"":""7822"",""證券名稱"":""倍利科          "",""外陸資買進股數(不含外資自營商)"":""100,320"",""外陸資賣出股數(不含外資自營商)"":""59,000"",""外陸資買賣超股數(不含外資自營商)"":""41,320"",""外資自營商買進股數"":""0"",""外資自營商賣出股數"":""0"",""外資自營商買賣超股數"":""0"",""投信買進股數"":""36,000"",""投信賣出股數"":""0"",""投信買賣超股數"":""36,000"",""自營商買賣超股數"":""5,687"",""自營商買進股數(自行買賣)"":""0"",""自營商賣出股數(自行買賣)"":""0"",""自營商買賣超股數(自行買賣)"":""0"",""自營商買進股數(避險)"":""12,937"",""自營商賣出股數(避險)"":""7,250"",""自營商買賣超股數(避險)"":""5,687"",""三大法人買賣超股數"":""83,007""}"
2026-09-24,TWSE,8473,山林水          ,123026,41000,82026,0,0,0,0,0,0,"{""證券代號"":""8473"",""證券名稱"":""山林水          "",""外陸資買進股數(不含外資自營商)"":""123,026"",""外陸資賣出股數(不含外資自營商)"":""41,000"",""外陸資買賣超股數(不含外資自營商)"":""82,026"",""外資自營商買進股數"":""0"",""外資自營商賣出股數"":""0"",""外資自營商買賣超股數"":""0"",""投信買進股數"":""0"",""投信賣出股數"":""0"",""投信買賣超股數"":""0"",""自營商買賣超股數"":""0"",""自營商買進股數(自行買賣)"":""0"",""自營商賣出股數(自行買賣)"":""0"",""自營商買賣超股數(自行買賣)"":""0"",""自營商買進股數(避險)"":""0"",""自營商賣出股數(避險)"":""0"",""自營商買賣超股數(避險)"":""0"",""三大法人買賣超股數"":""82,026""}"
2026-09-24,TWSE,1612,宏泰            ,188382,66000,122382,0,4561,-4561,410,0,-36590,"{""證券代號"":""1612"",""證券名稱"":""宏泰            "",""外陸資買進股數(不含外資自營商)"":""188,382"",""外陸資賣出股數(不含外資自營商)"":""66,000"",""外陸資買賣超股數(不含外資自營商)"":""122,382"",""外資自營商買進股數"":""0"",""外資自營商賣出股數"":""0"",""外資自營商買賣超股數"":""0"",""投信買進股數"":""0"",""投信賣出股數"":""4,561"",""投信買賣超股數"":""-4,561"",""自營商買賣超股數"":""-36,590"",""自營商買進股數(自行買賣)"":""0"",""自營商賣出股數(自行買賣)"":""37,000"",""自營商買賣超股數(自行買賣)"":""-37,000"",""自營商買進股數(避險)"":""410"",""自營商賣出股數(避險)"":""0"",""自營商買賣超股數(避險)"":""410"",""三大法人買賣超股數"":""81,231""}"
2026-09-24,TWSE,7610,聯友金屬-創     ,188791,109000,79791,0,0,0,9014,8351,663,"{""證券代號"":""7610"",""證券名稱"":""聯友金屬-創     "",""外陸資買進股數(不含外資自營商)"":""188,791"",""外陸資賣出股數(不含外資自營商)"":""109,000"",""外陸資買賣超股數(不含外資自營商)"":""79,791"",""外資自營商買進股數"":""0"",""外資自營商賣出股數"":""0"",""外資自營商買賣超股數"":""0"",""投信買進股數"":""0"",""投信賣出股數"":""0"",""投信買賣超股數"":""0"",""自營商買賣超股數"":""663"",""自營商買進股數(自行買賣)"":""6,000"",""自營商賣出股數(自行買賣)"":""6,000"",""自營商買賣超股數(自行買賣)"":""0"",""自營商買進股數(避險)"":""9,014"",""自營商賣出股數(避險)"":""8,351"",""自營商買賣超股數(避險)"":""663"",""三大法人買賣超股數"":""80,454""}"
2026-09-24,TWSE,6142,友勁            ,94000,15000,79000,0,0,0,0,0,0,"{""證券代號"":""6142"",""證券名稱"":""友勁            "",""外陸資買進股數(不含外資自營商)"":""94,000"",""外陸資賣出股數(不含外資自營商)"":""15,000"",""外陸資買賣超股數(不含外資自營商)"":""79,000"",""外資自營商買進股數"":""0"",""外資自營商賣出股數"":""0"",""外資自營商買賣超股數"":""0"",""投信買進股數"":""0"",""投信賣出股數"":""0"",""投信買賣超股數"":""0"",""自營商買賣超股數"":""0"",""自營商買進股數(自行買賣)"":""0"",""自營商賣出股數(自行買賣)"":""0"",""自營商買賣超股數(自行買賣)"":""0"",""自營商買進股數(避險)"":""0"",""自營商賣出股數(避險)"":""0"",""自營商買賣超股數(避險)"":""0"",""三大法人買賣超股數"":""79,000""}"
2026-09-24,TWSE,6225,天瀚            ,138000,59000,79000,0,0,0,0,0,0,"{""證券代號"":""6225"",""證券名稱"":""天瀚            "",""外陸資買進股數(不含外資自營商)"":""138,000"",""外陸資賣出股數(不含外資自營商)"":""59,000"",""外陸資買賣超股數(不含外資自營商)"":""79,000"",""外資自營商買進股數"":""0"",""外資自營商賣出股數"":""0"",""外資自營商買賣超股數"":""0"",""投信買進股數"":""0"",""投信賣出股數"":""0"",""投信買賣超股數"":""0"",""自營商買賣超股數"":""0"",""自營商買進股數(自行買賣)"":""0"",""自營商賣出股數(自行買賣)"":""0"",""自營商買賣超股數(自行買賣)"":""0"",""自營商買進股數(避險)"":""0"",""自營商賣出股數(避險)"":""0"",""自營商買賣超股數(避險)"":""0"",""三大法人買賣超股數"":""79,000""}"
2026-09-24,TWSE,4564,元翎            ,132000,57000,75000,0,0,0,0,0,0,"{""證券代號"":""4564"",""證券名稱"":""元翎            "",""外陸資買進股數(不含外資自營商)"":""132,000"",""外陸資賣出股數(不含外資自營商)"":""57,000"",""外陸資買賣超股數(不含外資自營商)"":""75,000"",""外資自營商買進股數"":""0"",""外資自營商賣出股數"":""0"",""外資自營商買賣超股數"":""0"",""投信買進股數"":""0"",""投信賣出股數"":""0"",""投信買賣超股數"":""0"",""自營商買賣超股數"":""0"",""自營商買進股數(自行買賣)"":""0"",""自營商賣出股數(自行買賣)"":""0"",""自營商買賣超股數(自行買賣)"":""0"",""自營商買進股數(避險)"":""0"",""自營商賣出股數(避險)"":""0"",""自營商買賣超股數(避險)"":""0"",""三大法人買賣超股數"":""75,000""}"
2026-09-24,TWSE,2419,仲琦            ,309121,238128,70993,0,0,0,3000,3100,900,"{""證券代號"":""2419"",""證券名稱"":""仲琦            "",""外陸資買進股數(不含外資自營商)"":""309,121"",""外陸資賣出股數(不含外資自營商)"":""238,128"",""外陸資買賣超股數(不含外資自營商)"":""70,993"",""外資自營商買進股數"":""0"",""外資自營商賣出股數"":""0"",""外資自營商買賣超股數"":""0"",""投信買進股數"":""0"",""投信賣出股數"":""0"",""投信買賣超股數"":""0"",""自營商買賣超股數"":""900"",""自營商買進股數(自行買賣)"":""1,000"",""自營商賣出股數(自行買賣)"":""0"",""自營商買賣超股數(自行買賣)"":""1,000"",""自營商買進股數(避險)"":""3,000"",""自營商賣出股數(避險)"":""3,100"",""自營商買賣超股數(避險)"":""-100"",""三大法人買賣超股數"":""71,893""}"
2026-09-24,TWSE,3311,閎暉            ,268156,197287,70869,0,0,0,0,0,0,"{""證券代號"":""3311"",""證券名稱"":""閎暉            "",""外陸資買進股數(不含外資自營商)"":""268,156"",""外陸資賣出股數(不含外資自營商)"":""197,287"",""外陸資買賣超股數(不含外資自營商)"":""70,869"",""外資自營商買進股數"":""0"",""外資自營商賣出股數"":""0"",""外資自營商買賣超股數"":""0"",""投信買進股數"":""0"",""投信賣出股數"":""0"",""投信買賣超股數"":""0"",""自營商買賣超股數"":""0"",""自營商買進股數(自行買賣)"":""0"",""自營商賣出股數(自行買賣)"":""0"",""自營商買賣超股數(自行買賣)"":""0"",""自營商買進股數(避險)"":""0"",""自營商賣出股數(避險)"":""0"",""自營商買賣超股數(避險)"":""0"",""三大法人買賣超股數"":""70,869""}"
2026-09-24,TWSE,4961,天鈺            ,250564,196686,53878,20000,1000,19000,0,2176,-2176,"{""證券代號"":""4961"",""證券名稱"":""天鈺            "",""外陸資買進股數(不含外資自營商)"":""250,564"",""外陸資賣出股數(不含外資自營商)"":""196,686"",""外陸資買賣超股數(不含外資自營商)"":""53,878"",""外資自營商買進股數"":""0"",""外資自營商賣出股數"":""0"",""外資自營商買賣超股數"":""0"",""投信買進股數"":""20,000"",""投信賣出股數"":""1,000"",""投信買賣超股數"":""19,000"",""自營商買賣超股數"":""-2,176"",""自營商買進股數(自行買賣)"":""0"",""自營商賣出股數(自行買賣)"":""0"",""自營商買賣超股數(自行買賣)"":""0"",""自營商買進股數(避險)"":""0"",""自營商賣出股數(避險)"":""2,176"",""自營商買賣超股數(避險)"":""-2,176"",""三大法人買賣超股數"":""70,702""}"
2026-09-24,TWSE,6491,晶碩            ,133500,69000,64500,0,0,0,1812,1000,1812,"{""證券代號"":""6491"",""證券名稱"":""晶碩            "",""外陸資買進股數(不含外資自營商)"":""133,500"",""外陸資賣出股數(不含外資自營商)"":""69,000"",""外陸資買賣超股數(不含外資自營商)"":""64,500"",""外資自營商買進股數"":""0"",""外資自營商賣出股數"":""0"",""外資自營商買賣超股數"":""0"",""投信買進股數"":""0"",""投信賣出股數"":""0"",""投信買賣超股數"":""0"",""自營商買賣超股數"":""1,812"",""自營商買進股數(自行買賣)"":""1,000"",""自營商賣出股數(自行買賣)"":""0"",""自營商買賣超股數(自行買賣)"":""1,000"",""自營商買進股數(避險)"":""1,812"",""自營商賣出股數(避險)"":""1,000"",""自營商買賣超股數(避險)"":""812"",""三大法人買賣超股數"":""66,312""}"
2026-09-24,TWSE,2392,正崴            ,677000,605000,72000,0,0,0,4785,13683,-5925,"{""證券代號"":""2392"",""證券名稱"":""正崴            "",""外陸資買進股數(不含外資自營商)"":""677,000"",""外陸資賣出股數(不含外資自營商)"":""605,000"",""外陸資買賣超股數(不含外資自營商)"":""72,000"",""外資自營商買進股數"":""0"",""外資自營商賣出股數"":""0"",""外資自營商買賣超股數"":""0"",""投信買進股數"":""0"",""投信賣出股數"":""0"",""投信買賣超股數"":""0"",""自營商買賣超股數"":""-5,925"",""自營商買進股數(自行買賣)"":""8,000"",""自營商賣出股數(自行買賣)"":""5,027"",""自營商買賣超股數(自行買賣)"":""2,973"",""自營商買進股數(避險)"":""4,785"",""自營商賣出股數(避險)"":""13,683"",""自營商買賣超股數(避險)"":""-8,898"",""三大法人買賣超股數"":""66,075""}"
2026-09-24,TWSE,6224,聚鼎            ,347000,280320,66680,0,0,0,0,0,-1000,"{""證券代號"":""6224"",""證券名稱"":""聚鼎            "",""外陸資買進股數(不含外資自營商)"":""347,000"",""外陸資賣出股數(不含外資自營商)"":""280,320"",""外陸資買賣超股數(不含外資自營商)"":""66,680"",""外資自營商買進股數"":""0"",""外資自營商賣出股數"":""0"",""外資自營商買賣超股數"":""0"",""投信買進股數"":""0"",""投信賣出股數"":""0"",""投信買賣超股數"":""0"",""自營商買賣超股數"":""-1,000"",""自營商買進股數(自行買賣)"":""1,000"",""自營商賣出股數(自行買賣)"":""2,000"",""自營商買賣超股數(自行買賣)"":""-1,000"",""自營商買進股數(避險)"":""0"",""自營商賣出股數(避險)"":""0"",""自營商買賣超股數(避險)"":""0"",""三大法人買賣超股數"":""65,680""}"
2026-09-24,TWSE,2603,長榮            ,2022186,2874303,-852117,952000,10804,941196,146005,145682,-24677,"{""證券代號"":""2603"",""證券名稱"":""長榮            "",""外陸資買進股數(不含外資自營商)"":""2,022,186"",""外陸資賣出股數(不含外資自營商)"":""2,874,303"",""外陸資買賣超股數(不含外資自營商)"":""-852,117"",""外資自營商買進股數"":""0"",""外資自營商賣出股數"":""0"",""外資自營商買賣超股數"":""0"",""投信買進股數"":""952,000"",""投信賣出股數"":""10,804"",""投信買賣超股數"":""941,196"",""自營商買賣超股數"":""-24,677"",""自營商買進股數(自行買賣)"":""14,000"",""自營商賣出股數(自行買賣)"":""39,000"",""自營商買賣超股數(自行買賣)"":""-25,000"",""自營商買進股數(避險)"":""146,005"",""自營商賣出股數(避險)"":""145,682"",""自營商買賣超股數(避險)"":""323"",""三大法人買賣超股數"":""64,402""}"
2026-09-24,TWSE,2486,一詮            ,487184,421467,65717,0,0,0,13000,15314,-2314,"{""證券代號"":""2486"",""證券名稱"":""一詮            "",""外陸資買進股數(不含外資自營商)"":""487,184"",""外陸資賣出股數(不含外資自營商)"":""421,467"",""外陸資買賣超股數(不含外資自營商)"":""65,717"",""外資自營商買進股數"":""0"",""外資自營商賣出股數"":""0"",""外資自營商買賣超股數"":""0"",""投信買進股數"":""0"",""投信賣出股數"":""0"",""投信買賣超股數"":""0"",""自營商買賣超股數"":""-2,314"",""自營商買進股數(自行買賣)"":""0"",""自營商賣出股數(自行買賣)"":""0"",""自營商買賣超股數(自行買賣)"":""0"",""自營商買進股數(避險)"":""13,000"",""自營商賣出股數(避險)"":""15,314"",""自營商買賣超股數(避險)"":""-2,314"",""三大法人買賣超股數"":""63,403""}"
2026-09-24,TWSE,3694,海華            ,107000,44000,63000,0,0,0,0,0,0,"{""證券代號"":""3694"",""證券名稱"":""海華            "",""外陸資買進股數(不含外資自營商)"":""107,000"",""外陸資賣出股數(不含外資自營商)"":""44,000"",""外陸資買賣超股數(不含外資自營商)"":""63,000"",""外資自營商買進股數"":""0"",""外資自營商賣出股數"":""0"",""外資自營商買賣超股數"":""0"",""投信買進股數"":""0"",""投信賣出股數"":""0"",""投信買賣超股數"":""0"",""自營商買賣超股數"":""0"",""自營商買進股數(自行買賣)"":""0"",""自營商賣出股數(自行買賣)"":""0"",""自營商買賣超股數(自行買賣)"":""0"",""自營商買進股數(避險)"":""0"",""自營商賣出股數(避險)"":""0"",""自營商買賣超股數(避險)"":""0"",""三大法人買賣超股數"":""63,000""}"
2026-09-24,TWSE,1563,巧新            ,203554,133204,70350,0,0,0,301,1,-9700,"{""證券代號"":""1563"",""證券名稱"":""巧新            "",""外陸資買進股數(不含外資自營商)"":""203,554"",""外陸資賣出股數(不含外資自營商)"":""133,204"",""外陸資買賣超股數(不含外資自營商)"":""70,350"",""外資自營商買進股數"":""0"",""外資自營商賣出股數"":""0"",""外資自營商買賣超股數"":""0"",""投信買進股數"":""0"",""投信賣出股數"":""0"",""投信買賣超股數"":""0"",""自營商買賣超股數"":""-9,700"",""自營商買進股數(自行買賣)"":""0"",""自營商賣出股數(自行買賣)"":""10,000"",""自營商買賣超股數(自行買賣)"":""-10,000"",""自營商買進股數(避險)"":""301"",""自營商賣出股數(避險)"":""1"",""自營商買賣超股數(避險)"":""300"",""三大法人買賣超股數"":""60,650""}"
2026-09-24,TWSE,1721,國慶科技        ,190000,130007,59993,0,0,0,0,0,0,"{""證券代號"":""1721"",""證券名稱"":""國慶科技        "",""外陸資買進股數(不含外資自營商)"":""190,000"",""外陸資賣出股數(不含外資自營商)"":""130,007"",""外陸資買賣超股數(不含外資自營商)"":""59,993"",""外資自營商買進股數"":""0"",""外資自營商賣出股數"":""0"",""外資自營商買賣超股數"":""0"",""投信買進股數"":""0"",""投信賣出股數"":""0"",""投信買賣超股數"":""0"",""自營商買賣超股數"":""0"",""自營商買進股數(自行買賣)"":""0"",""自營商賣出股數(自行買賣)"":""0"",""自營商買賣超股數(自行買賣)"":""0"",""自營商買進股數(避險)"":""0"",""自營商賣出股數(避險)"":""0"",""自營商買賣超股數(避險)"":""0"",""三大法人買賣超股數"":""59,993""}"
2026-09-24,TWSE,6658,聯策            ,152062,92000,60062,0,0,0,1327,1429,-107,"{""證券代號"":""6658"",""證券名稱"":""聯策            "",""外陸資買進股數(不含外資自營商)"":""152,062"",""外陸資賣出股數(不含外資自營商)"":""92,000"",""外陸資買賣超股數(不含外資自營商)"":""60,062"",""外資自營商買進股數"":""0"",""外資自營商賣出股數"":""0"",""外資自營商買賣超股數"":""0"",""投信買進股數"":""0"",""投信賣出股數"":""0"",""投信買賣超股數"":""0"",""自營商買賣超股數"":""-107"",""自營商買進股數(自行買賣)"":""0"",""自營商賣出股數(自行買賣)"":""5"",""自營商買賣超股數(自行買賣)"":""-5"",""自營商買進股數(避險)"":""1,327"",""自營商賣出股數(避險)"":""1,429"",""自營商買賣超股數(避險)"":""-102"",""三大法人買賣超股數"":""59,955""}"
2026-09-24,TWSE,2607,榮運            ,163031,92000,71031,0,0,0,0,5000,-13000,"{""證券代號"":""2607"",""證券名稱"":""榮運            "",""外陸資買進股數(不含外資自營商)"":""163,031"",""外陸資賣出股數(不含外資自營商)"":""92,000"",""外陸資買賣超股數(不含外資自營商)"":""71,031"",""外資自營商買進股數"":""0"",""外資自營商賣出股數"":""0"",""外資自營商買賣超股數"":""0"",""投信買進股數"":""0"",""投信賣出股數"":""0"",""投信買賣超股數"":""0"",""自營商買賣超股數"":""-13,000"",""自營商買進股數(自行買賣)"":""0"",""自營商賣出股數(自行買賣)"":""8,000"",""自營商買賣超股數(自行買賣)"":""-8,000"",""自營商買進股數(避險)"":""0"",""自營商賣出股數(避險)"":""5,000"",""自營商買賣超股數(避險)"":""-5,000"",""三大法人買賣超股數"":""58,031""}"
2026-09-24,TWSE,3617,碩天            ,102000,47009,54991,0,0,0,300,297,3,"{""證券代號"":""3617"",""證券名稱"":""碩天            "",""外陸資買進股數(不含外資自營商)"":""102,000"",""外陸資賣出股數(不含外資自營商)"":""47,009"",""外陸資買賣超股數(不含外資自營商)"":""54,991"",""外資自營商買進股數"":""0"",""外資自營商賣出股數"":""0"",""外資自營商買賣超股數"":""0"",""投信買進股數"":""0"",""投信賣出股數"":""0"",""投信買賣超股數"":""0"",""自營商買賣超股數"":""3"",""自營商買進股數(自行買賣)"":""0"",""自營商賣出股數(自行買賣)"":""0"",""自營商買賣超股數(自行買賣)"":""0"",""自營商買進股數(避險)"":""300"",""自營商賣出股數(避險)"":""297"",""自營商買賣超股數(避險)"":""3"",""三大法人買賣超股數"":""54,994""}"
2026-09-24,TWSE,2427,三商電          ,121042,67000,54042,0,0,0,0,0,0,"{""證券代號"":""2427"",""證券名稱"":""三商電          "",""外陸資買進股數(不含外資自營商)"":""121,042"",""外陸資賣出股數(不含外資自營商)"":""67,000"",""外陸資買賣超股數(不含外資自營商)"":""54,042"",""外資自營商買進股數"":""0"",""外資自營商賣出股數"":""0"",""外資自營商買賣超股數"":""0"",""投信買進股數"":""0"",""投信賣出股數"":""0"",""投信買賣超股數"":""0"",""自營商買賣超股數"":""0"",""自營商買進股數(自行買賣)"":""0"",""自營商賣出股數(自行買賣)"":""0"",""自營商買賣超股數(自行買賣)"":""0"",""自營商買進股數(避險)"":""0"",""自營商賣出股數(避險)"":""0"",""自營商買賣超股數(避險)"":""0"",""三大法人買賣超股數"":""54,042""}"
2026-09-24,TWSE,4155,訊映            ,109000,40000,69000,0,0,0,0,0,-15000,"{""證券代號"":""4155"",""證券名稱"":""訊映            "",""外陸資買進股數(不含外資自營商)"":""109,000"",""外陸資賣出股數(不含外資自營商)"":""40,000"",""外陸資買賣超股數(不含外資自營商)"":""69,000"",""外資自營商買進股數"":""0"",""外資自營商賣出股數"":""0"",""外資自營商買賣超股數"":""0"",""投信買進股數"":""0"",""投信賣出股數"":""0"",""投信買賣超股數"":""0"",""自營商買賣超股數"":""-15,000"",""自營商買進股數(自行買賣)"":""0"",""自營商賣出股數(自行買賣)"":""15,000"",""自營商買賣超股數(自行買賣)"":""-15,000"",""自營商買進股數(避險)"":""0"",""自營商賣出股數(避險)"":""0"",""自營商買賣超股數(避險)"":""0"",""三大法人買賣超股數"":""54,000""}"
2026-09-24,TWSE,2543,皇昌            ,150909,97067,53842,0,0,0,0,0,0,"{""證券代號"":""2543"",""證券名稱"":""皇昌            "",""外陸資買進股數(不含外資自營商)"":""150,909"",""外陸資賣出股數(不含外資自營商)"":""97,067"",""外陸資買賣超股數(不含外資自營商)"":""53,842"",""外資自營商買進股數"":""0"",""外資自營商賣出股數"":""0"",""外資自營商買賣超股數"":""0"",""投信買進股數"":""0"",""投信賣出股數"":""0"",""投信買賣超股數"":""0"",""自營商買賣超股數"":""0"",""自營商買進股數(自行買賣)"":""0"",""自營商賣出股數(自行買賣)"":""0"",""自營商買賣超股數(自行買賣)"":""0"",""自營商買進股數(避險)"":""0"",""自營商賣出股數(避險)"":""0"",""自營商買賣超股數(避險)"":""0"",""三大法人買賣超股數"":""53,842""}"
2026-09-24,TWSE,8162,微矽電子-創     ,314000,210000,104000,0,0,0,19035,25699,-50664,"{""證券代號"":""8162"",""證券名稱"":""微矽電子-創     "",""外陸資買進股數(不含外資自營商)"":""314,000"",""外陸資賣出股數(不含外資自營商)"":""210,000"",""外陸資買賣超股數(不含外資自營商)"":""104,000"",""外資自營商買進股數"":""0"",""外資自營商賣出股數"":""0"",""外資自營商買賣超股數"":""0"",""投信買進股數"":""0"",""投信賣出股數"":""0"",""投信買賣超股數"":""0"",""自營商買賣超股數"":""-50,664"",""自營商買進股數(自行買賣)"":""0"",""自營商賣出股數(自行買賣)"":""44,000"",""自營商買賣超股數(自行買賣)"":""-44,000"",""自營商買進股數(避險)"":""19,035"",""自營商賣出股數(避險)"":""25,699"",""自營商買賣超股數(避險)"":""-6,664"",""三大法人買賣超股數"":""53,336""}"
2026-09-24,TWSE,1219,福壽            ,112000,59000,53000,0,0,0,0,0,0,"{""證券代號"":""1219"",""證券名稱"":""福壽            "",""外陸資買進股數(不含外資自營商)"":""112,000"",""外陸資賣出股數(不含外資自營商)"":""59,000"",""外陸資買賣超股數(不含外資自營商)"":""53,000"",""外資自營商買進股數"":""0"",""外資自營商賣出股數"":""0"",""外資自營商買賣超股數"":""0"",""投信買進股數"":""0"",""投信賣出股數"":""0"",""投信買賣超股數"":""0"",""自營商買賣超股數"":""0"",""自營商買進股數(自行買賣)"":""0"",""自營商賣出股數(自行買賣)"":""0"",""自營商買賣超股數(自行買賣)"":""0"",""自營商買進股數(避險)"":""0"",""自營商賣出股數(避險)"":""0"",""自營商買賣超股數(避險)"":""0"",""三大法人買賣超股數"":""53,000""}"
2026-09-24,TWSE,6152,百一            ,135539,82100,53439,0,0,0,0,0,-1000,"{""證券代號"":""6152"",""證券名稱"":""百一            "",""外陸資買進股數(不含外資自營商)"":""135,539"",""外陸資賣出股數(不含外資自營商)"":""82,100"",""外陸資買賣超股數(不含外資自營商)"":""53,439"",""外資自營商買進股數"":""0"",""外資自營商賣出股數"":""0"",""外資自營商買賣超股數"":""0"",""投信買進股數"":""0"",""投信賣出股數"":""0"",""投信買賣超股數"":""0"",""自營商買賣超股數"":""-1,000"",""自營商買進股數(自行買賣)"":""0"",""自營商賣出股數(自行買賣)"":""1,000"",""自營商買賣超股數(自行買賣)"":""-1,000"",""自營商買進股數(避險)"":""0"",""自營商賣出股數(避險)"":""0"",""自營商買賣超股數(避險)"":""0"",""三大法人買賣超股數"":""52,439""}"
2026-09-24,TWSE,8114,振樺電          ,112000,58000,54000,0,1000,-1000,0,0,-801,"{""證券代號"":""8114"",""證券名稱"":""振樺電          "",""外陸資買進股數(不含外資自營商)"":""112,000"",""外陸資賣出股數(不含外資自營商)"":""58,000"",""外陸資買賣超股數(不含外資自營商)"":""54,000"",""外資自營商買進股數"":""0"",""外資自營商賣出股數"":""0"",""外資自營商買賣超股數"":""0"",""投信買進股數"":""0"",""投信賣出股數"":""1,000"",""投信買賣超股數"":""-1,000"",""自營商買賣超股數"":""-801"",""自營商買進股數(自行買賣)"":""1,000"",""自營商賣出股數(自行買賣)"":""1,801"",""自營商買賣超股數(自行買賣)"":""-801"",""自營商買進股數(避險)"":""0"",""自營商賣出股數(避險)"":""0"",""自營商買賣超股數(避險)"":""0"",""三大法人買賣超股數"":""52,199""}"
2026-09-24,TWSE,2467,志聖            ,349236,304107,45129,0,0,0,15617,9956,5661,"{""證券代號"":""2467"",""證券名稱"":""志聖            "",""外陸資買進股數(不含外資自營商)"":""349,236"",""外陸資賣出股數(不含外資自營商)"":""304,107"",""外陸資買賣超股數(不含外資自營商)"":""45,129"",""外資自營商買進股數"":""0"",""外資自營商賣出股數"":""0"",""外資自營商買賣超股數"":""0"",""投信買進股數"":""0"",""投信賣出股數"":""0"",""投信買賣超股數"":""0"",""自營商買賣超股數"":""5,661"",""自營商買進股數(自行買賣)"":""0"",""自營商賣出股數(自行買賣)"":""0"",""自營商買賣超股數(自行買賣)"":""0"",""自營商買進股數(避險)"":""15,617"",""自營商賣出股數(避險)"":""9,956"",""自營商買賣超股數(避險)"":""5,661"",""三大法人買賣超股數"":""50,790""}"
2026-09-24,TWSE,6139,亞翔            ,1235319,1135761,99558,0,51000,-51000,134022,117898,1924,"{""證券代號"":""6139"",""證券名稱"":""亞翔            "",""外陸資買進股數(不含外資自營商)"":""1,235,319"",""外陸資賣出股數(不含外資自營商)"":""1,135,761"",""外陸資買賣超股數(不含外資自營商)"":""99,558"",""外資自營商買進股數"":""0"",""外資自營商賣出股數"":""0"",""外資自營商買賣超股數"":""0"",""投信買進股數"":""0"",""投信賣出股數"":""51,000"",""投信買賣超股數"":""-51,000"",""自營商買賣超股數"":""1,924"",""自營商買進股數(自行買賣)"":""3,305"",""自營商賣出股數(自行買賣)"":""17,505"",""自營商買賣超股數(自行買賣)"":""-14,200"",""自營商買進股數(避險)"":""134,022"",""自營商賣出股數(避險)"":""117,898"",""自營商買賣超股數(避險)"":""16,124"",""三大法人買賣超股數"":""50,482""}"
2026-09-24,TWSE,7768,頌勝科技        ,70000,21000,49000,0,0,0,0,0,0,"{""證券代號"":""7768"",""證券名稱"":""頌勝科技        "",""外陸資買進股數(不含外資自營商)"":""70,000"",""外陸資賣出股數(不含外資自營商)"":""21,000"",""外陸資買賣超股數(不含外資自營商)"":""49,000"",""外資自營商買進股數"":""0"",""外資自營商賣出股數"":""0"",""外資自營商買賣超股數"":""0"",""投信買進股數"":""0"",""投信賣出股數"":""0"",""投信買賣超股數"":""0"",""自營商買賣超股數"":""0"",""自營商買進股數(自行買賣)"":""0"",""自營商賣出股數(自行買賣)"":""0"",""自營商買賣超股數(自行買賣)"":""0"",""自營商買進股數(避險)"":""0"",""自營商賣出股數(避險)"":""0"",""自營商買賣超股數(避險)"":""0"",""三大法人買賣超股數"":""49,000""}"
2026-09-24,TWSE,2468,華經            ,55000,6000,49000,0,0,0,0,0,0,"{""證券代號"":""2468"",""證券名稱"":""華經            "",""外陸資買進股數(不含外資自營商)"":""55,000"",""外陸資賣出股數(不含外資自營商)"":""6,000"",""外陸資買賣超股數(不含外資自營商)"":""49,000"",""外資自營商買進股數"":""0"",""外資自營商賣出股數"":""0"",""外資自營商買賣超股數"":""0"",""投信買進股數"":""0"",""投信賣出股數"":""0"",""投信買賣超股數"":""0"",""自營商買賣超股數"":""0"",""自營商買進股數(自行買賣)"":""0"",""自營商賣出股數(自行買賣)"":""0"",""自營商買賣超股數(自行買賣)"":""0"",""自營商買進股數(避險)"":""0"",""自營商賣出股數(避險)"":""0"",""自營商買賣超股數(避險)"":""0"",""三大法人買賣超股數"":""49,000""}"
2026-09-24,TWSE,3015,全漢            ,98776,50022,48754,0,0,0,0,1706,-1706,"{""證券代號"":""3015"",""證券名稱"":""全漢            "",""外陸資買進股數(不含外資自營商)"":""98,776"",""外陸資賣出股數(不含外資自營商)"":""50,022"",""外陸資買賣超股數(不含外資自營商)"":""48,754"",""外資自營商買進股數"":""0"",""外資自營商賣出股數"":""0"",""外資自營商買賣超股數"":""0"",""投信買進股數"":""0"",""投信賣出股數"":""0"",""投信買賣超股數"":""0"",""自營商買賣超股數"":""-1,706"",""自營商買進股數(自行買賣)"":""0"",""自營商賣出股數(自行買賣)"":""0"",""自營商買賣超股數(自行買賣)"":""0"",""自營商買進股數(避險)"":""0"",""自營商賣出股數(避險)"":""1,706"",""自營商買賣超股數(避險)"":""-1,706"",""三大法人買賣超股數"":""47,048""}"
2026-09-24,TWSE,2254,巨鎧精密-創     ,596000,549000,47000,0,0,0,13758,13988,-230,"{""證券代號"":""2254"",""證券名稱"":""巨鎧精密-創     "",""外陸資買進股數(不含外資自營商)"":""596,000"",""外陸資賣出股數(不含外資自營商)"":""549,000"",""外陸資買賣超股數(不含外資自營商)"":""47,000"",""外資自營商買進股數"":""0"",""外資自營商賣出股數"":""0"",""外資自營商買賣超股數"":""0"",""投信買進股數"":""0"",""投信賣出股數"":""0"",""投信買賣超股數"":""0"",""自營商買賣超股數"":""-230"",""自營商買進股數(自行買賣)"":""0"",""自營商賣出股數(自行買賣)"":""0"",""自營商買賣超股數(自行買賣)"":""0"",""自營商買進股數(避險)"":""13,758"",""自營商賣出股數(避險)"":""13,988"",""自營商買賣超股數(避險)"":""-230"",""三大法人買賣超股數"":""46,770""}"
2026-09-24,TWSE,1305,華夏            ,279067,214306,64761,0,0,0,0,0,-18000,"{""證券代號"":""1305"",""證券名稱"":""華夏            "",""外陸資買進股數(不含外資自營商)"":""279,067"",""外陸資賣出股數(不含外資自營商)"":""214,306"",""外陸資買賣超股數(不含外資自營商)"":""64,761"",""外資自營商買進股數"":""0"",""外資自營商賣出股數"":""0"",""外資自營商買賣超股數"":""0"",""投信買進股數"":""0"",""投信賣出股數"":""0"",""投信買賣超股數"":""0"",""自營商買賣超股數"":""-18,000"",""自營商買進股數(自行買賣)"":""0"",""自營商賣出股數(自行買賣)"":""18,000"",""自營商買賣超股數(自行買賣)"":""-18,000"",""自營商買進股數(避險)"":""0"",""自營商賣出股數(避險)"":""0"",""自營商買賣超股數(避險)"":""0"",""三大法人買賣超股數"":""46,761""}"
2026-09-24,TWSE,3056,富華新          ,116000,68000,48000,0,0,0,0,1280,-1280,"{""證券代號"":""3056"",""證券名稱"":""富華新          "",""外陸資買進股數(不含外資自營商)"":""116,000"",""外陸資賣出股數(不含外資自營商)"":""68,000"",""外陸資買賣超股數(不含外資自營商)"":""48,000"",""外資自營商買進股數"":""0"",""外資自營商賣出股數"":""0"",""外資自營商買賣超股數"":""0"",""投信買進股數"":""0"",""投信賣出股數"":""0"",""投信買賣超股數"":""0"",""自營商買賣超股數"":""-1,280"",""自營商買進股數(自行買賣)"":""0"",""自營商賣出股數(自行買賣)"":""0"",""自營商買賣超股數(自行買賣)"":""0"",""自營商買進股數(避險)"":""0"",""自營商賣出股數(避險)"":""1,280"",""自營商買賣超股數(避險)"":""-1,280"",""三大法人買賣超股數"":""46,720""}"
2026-09-24,TWSE,6743,安普新          ,149241,103000,46241,0,0,0,0,0,0,"{""證券代號"":""6743"",""證券名稱"":""安普新          "",""外陸資買進股數(不含外資自營商)"":""149,241"",""外陸資賣出股數(不含外資自營商)"":""103,000"",""外陸資買賣超股數(不含外資自營商)"":""46,241"",""外資自營商買進股數"":""0"",""外資自營商賣出股數"":""0"",""外資自營商買賣超股數"":""0"",""投信買進股數"":""0"",""投信賣出股數"":""0"",""投信買賣超股數"":""0"",""自營商買賣超股數"":""0"",""自營商買進股數(自行買賣)"":""1,000"",""自營商賣出股數(自行買賣)"":""1,000"",""自營商買賣超股數(自行買賣)"":""0"",""自營商買進股數(避險)"":""0"",""自營商賣出股數(避險)"":""0"",""自營商買賣超股數(避險)"":""0"",""三大法人買賣超股數"":""46,241""}"
2026-09-24,TWSE,4590,富田-創         ,74548,33000,41548,0,0,0,8000,3492,4508,"{""證券代號"":""4590"",""證券名稱"":""富田-創         "",""外陸資買進股數(不含外資自營商)"":""74,548"",""外陸資賣出股數(不含外資自營商)"":""33,000"",""外陸資買賣超股數(不含外資自營商)"":""41,548"",""外資自營商買進股數"":""0"",""外資自營商賣出股數"":""0"",""外資自營商買賣超股數"":""0"",""投信買進股數"":""0"",""投信賣出股數"":""0"",""投信買賣超股數"":""0"",""自營商買賣超股數"":""4,508"",""自營商買進股數(自行買賣)"":""0"",""自營商賣出股數(自行買賣)"":""0"",""自營商買賣超股數(自行買賣)"":""0"",""自營商買進股數(避險)"":""8,000"",""自營商賣出股數(避險)"":""3,492"",""自營商買賣超股數(避險)"":""4,508"",""三大法人買賣超股數"":""46,056""}"
2026-09-24,TWSE,4968,立積            ,83315,67000,16315,30000,0,30000,352,1139,-866,"{""證券代號"":""4968"",""證券名稱"":""立積            "",""外陸資買進股數(不含外資自營商)"":""83,315"",""外陸資賣出股數(不含外資自營商)"":""67,000"",""外陸資買賣超股數(不含外資自營商)"":""16,315"",""外資自營商買進股數"":""0"",""外資自營商賣出股數"":""0"",""外資自營商買賣超股數"":""0"",""投信買進股數"":""30,000"",""投信賣出股數"":""0"",""投信買賣超股數"":""30,000"",""自營商買賣超股數"":""-866"",""自營商買進股數(自行買賣)"":""122"",""自營商賣出股數(自行買賣)"":""201"",""自營商買賣超股數(自行買賣)"":""-79"",""自營商買進股數(避險)"":""352"",""自營商賣出股數(避險)"":""1,139"",""自營商買賣超股數(避險)"":""-787"",""三大法人買賣超股數"":""45,449""}"
2026-09-24,TWSE,3588,通嘉            ,86000,42000,44000,0,0,0,1000,686,1314,"{""證券代號"":""3588"",""證券名稱"":""通嘉            "",""外陸資買進股數(不含外資自營商)"":""86,000"",""外陸資賣出股數(不含外資自營商)"":""42,000"",""外陸資買賣超股數(不含外資自營商)"":""44,000"",""外資自營商買進股數"":""0"",""外資自營商賣出股數"":""0"",""外資自營商買賣超股數"":""0"",""投信買進股數"":""0"",""投信賣出股數"":""0"",""投信買賣超股數"":""0"",""自營商買賣超股數"":""1,314"",""自營商買進股數(自行買賣)"":""1,000"",""自營商賣出股數(自行買賣)"":""0"",""自營商買賣超股數(自行買賣)"":""1,000"",""自營商買進股數(避險)"":""1,000"",""自營商賣出股數(避險)"":""686"",""自營商買賣超股數(避險)"":""314"",""三大法人買賣超股數"":""45,314""}"
2026-09-24,TWSE,3011,今皓            ,84000,39000,45000,0,0,0,0,0,0,"{""證券代號"":""3011"",""證券名稱"":""今皓            "",""外陸資買進股數(不含外資自營商)"":""84,000"",""外陸資賣出股數(不含外資自營商)"":""39,000"",""外陸資買賣超股數(不含外資自營商)"":""45,000"",""外資自營商買進股數"":""0"",""外資自營商賣出股數"":""0"",""外資自營商買賣超股數"":""0"",""投信買進股數"":""0"",""投信賣出股數"":""0"",""投信買賣超股數"":""0"",""自營商買賣超股數"":""0"",""自營商買進股數(自行買賣)"":""0"",""自營商賣出股數(自行買賣)"":""0"",""自營商買賣超股數(自行買賣)"":""0"",""自營商買進股數(避險)"":""0"",""自營商賣出股數(避險)"":""0"",""自營商買賣超股數(避險)"":""0"",""三大法人買賣超股數"":""45,000""}"
2026-09-24,TWSE,2357,華碩            ,796496,819635,-23139,37000,11278,25722,50696,9701,41985,"{""證券代號"":""2357"",""證券名稱"":""華碩            "",""外陸資買進股數(不含外資自營商)"":""796,496"",""外陸資賣出股數(不含外資自營商)"":""819,635"",""外陸資買賣超股數(不含外資自營商)"":""-23,139"",""外資自營商買進股數"":""0"",""外資自營商賣出股數"":""0"",""外資自營商買賣超股數"":""0"",""投信買進股數"":""37,000"",""投信賣出股數"":""11,278"",""投信買賣超股數"":""25,722"",""自營商買賣超股數"":""41,985"",""自營商買進股數(自行買賣)"":""1,000"",""自營商賣出股數(自行買賣)"":""10"",""自營商買賣超股數(自行買賣)"":""990"",""自營商買進股數(避險)"":""50,696"",""自營商賣出股數(避險)"":""9,701"",""自營商買賣超股數(避險)"":""40,995"",""三大法人買賣超股數"":""44,568""}"
2026-09-24,TWSE,2233,宇隆            ,160000,115000,45000,0,0,0,2000,2679,-679,"{""證券代號"":""2233"",""證券名稱"":""宇隆            "",""外陸資買進股數(不含外資自營商)"":""160,000"",""外陸資賣出股數(不含外資自營商)"":""115,000"",""外陸資買賣超股數(不含外資自營商)"":""45,000"",""外資自營商買進股數"":""0"",""外資自營商賣出股數"":""0"",""外資自營商買賣超股數"":""0"",""投信買進股數"":""0"",""投信賣出股數"":""0"",""投信買賣超股數"":""0"",""自營商買賣超股數"":""-679"",""自營商買進股數(自行買賣)"":""0"",""自營商賣出股數(自行買賣)"":""0"",""自營商買賣超股數(自行買賣)"":""0"",""自營商買進股數(避險)"":""2,000"",""自營商賣出股數(避險)"":""2,679"",""自營商買賣超股數(避險)"":""-679"",""三大法人買賣超股數"":""44,321""}"
2026-09-24,TWSE,8105,凌巨            ,265100,221126,43974,0,0,0,0,0,0,"{""證券代號"":""8105"",""證券名稱"":""凌巨            "",""外陸資買進股數(不含外資自營商)"":""265,100"",""外陸資賣出股數(不含外資自營商)"":""221,126"",""外陸資買賣超股數(不含外資自營商)"":""43,974"",""外資自營商買進股數"":""0"",""外資自營商賣出股數"":""0"",""外資自營商買賣超股數"":""0"",""投信買進股數"":""0"",""投信賣出股數"":""0"",""投信買賣超股數"":""0"",""自營商買賣超股數"":""0"",""自營商買進股數(自行買賣)"":""0"",""自營商賣出股數(自行買賣)"":""0"",""自營商買賣超股數(自行買賣)"":""0"",""自營商買進股數(避險)"":""0"",""自營商賣出股數(避險)"":""0"",""自營商買賣超股數(避險)"":""0"",""三大法人買賣超股數"":""43,974""}"
2026-09-24,TWSE,2106,建大            ,235000,191606,43394,0,0,0,0,0,0,"{""證券代號"":""2106"",""證券名稱"":""建大            "",""外陸資買進股數(不含外資自營商)"":""235,000"",""外陸資賣出股數(不含外資自營商)"":""191,606"",""外陸資買賣超股數(不含外資自營商)"":""43,394"",""外資自營商買進股數"":""0"",""外資自營商賣出股數"":""0"",""外資自營商買賣超股數"":""0"",""投信買進股數"":""0"",""投信賣出股數"":""0"",""投信買賣超股數"":""0"",""自營商買賣超股數"":""0"",""自營商買進股數(自行買賣)"":""0"",""自營商賣出股數(自行買賣)"":""0"",""自營商買賣超股數(自行買賣)"":""0"",""自營商買進股數(避險)"":""0"",""自營商賣出股數(避險)"":""0"",""自營商買賣超股數(避險)"":""0"",""三大法人買賣超股數"":""43,394""}"
2026-09-24,TWSE,6668,中揚光          ,632323,589000,43323,0,0,0,0,0,0,"{""證券代號"":""6668"",""證券名稱"":""中揚光          "",""外陸資買進股數(不含外資自營商)"":""632,323"",""外陸資賣出股數(不含外資自營商)"":""589,000"",""外陸資買賣超股數(不含外資自營商)"":""43,323"",""外資自營商買進股數"":""0"",""外資自營商賣出股數"":""0"",""外資自營商買賣超股數"":""0"",""投信買進股數"":""0"",""投信賣出股數"":""0"",""投信買賣超股數"":""0"",""自營商買賣超股數"":""0"",""自營商買進股數(自行買賣)"":""0"",""自營商賣出股數(自行買賣)"":""0"",""自營商買賣超股數(自行買賣)"":""0"",""自營商買進股數(避險)"":""0"",""自營商賣出股數(避險)"":""0"",""自營商買賣超股數(避險)"":""0"",""三大法人買賣超股數"":""43,323""}"
2026-09-24,TWSE,6416,瑞祺電通        ,141739,104547,37192,0,0,0,0,0,4892,"{""證券代號"":""6416"",""證券名稱"":""瑞祺電通        "",""外陸資買進股數(不含外資自營商)"":""141,739"",""外陸資賣出股數(不含外資自營商)"":""104,547"",""外陸資買賣超股數(不含外資自營商)"":""37,192"",""外資自營商買進股數"":""0"",""外資自營商賣出股數"":""0"",""外資自營商買賣超股數"":""0"",""投信買進股數"":""0"",""投信賣出股數"":""0"",""投信買賣超股數"":""0"",""自營商買賣超股數"":""4,892"",""自營商買進股數(自行買賣)"":""5,000"",""自營商賣出股數(自行買賣)"":""108"",""自營商買賣超股數(自行買賣)"":""4,892"",""自營商買進股數(避險)"":""0"",""自營商賣出股數(避險)"":""0"",""自營商買賣超股數(避險)"":""0"",""三大法人買賣超股數"":""42,084""}"
2026-09-24,TWSE,3419,譁裕            ,55000,12000,43000,0,0,0,0,0,-1000,"{""證券代號"":""3419"",""證券名稱"":""譁裕            "",""外陸資買進股數(不含外資自營商)"":""55,000"",""外陸資賣出股數(不含外資自營商)"":""12,000"",""外陸資買賣超股數(不含外資自營商)"":""43,000"",""外資自營商買進股數"":""0"",""外資自營商賣出股數"":""0"",""外資自營商買賣超股數"":""0"",""投信買進股數"":""0"",""投信賣出股數"":""0"",""投信買賣超股數"":""0"",""自營商買賣超股數"":""-1,000"",""自營商買進股數(自行買賣)"":""1,000"",""自營商賣出股數(自行買賣)"":""2,000"",""自營商買賣超股數(自行買賣)"":""-1,000"",""自營商買進股數(避險)"":""0"",""自營商賣出股數(避險)"":""0"",""自營商買賣超股數(避險)"":""0"",""三大法人買賣超股數"":""42,000""}"
2026-09-24,TWSE,2108,南帝            ,104614,71832,32782,0,0,0,9000,0,8000,"{""證券代號"":""2108"",""證券名稱"":""南帝            "",""外陸資買進股數(不含外資自營商)"":""104,614"",""外陸資賣出股數(不含外資自營商)"":""71,832"",""外陸資買賣超股數(不含外資自營商)"":""32,782"",""外資自營商買進股數"":""0"",""外資自營商賣出股數"":""0"",""外資自營商買賣超股數"":""0"",""投信買進股數"":""0"",""投信賣出股數"":""0"",""投信買賣超股數"":""0"",""自營商買賣超股數"":""8,000"",""自營商買進股數(自行買賣)"":""0"",""自營商賣出股數(自行買賣)"":""1,000"",""自營商買賣超股數(自行買賣)"":""-1,000"",""自營商買進股數(避險)"":""9,000"",""自營商賣出股數(避險)"":""0"",""自營商買賣超股數(避險)"":""9,000"",""三大法人買賣超股數"":""40,782""}"
2026-09-24,TWSE,3059,華晶科          ,211026,167000,44026,0,0,0,0,3642,-3642,"{""證券代號"":""3059"",""證券名稱"":""華晶科          "",""外陸資買進股數(不含外資自營商)"":""211,026"",""外陸資賣出股數(不含外資自營商)"":""167,000"",""外陸資買賣超股數(不含外資自營商)"":""44,026"",""外資自營商買進股數"":""0"",""外資自營商賣出股數"":""0"",""外資自營商買賣超股數"":""0"",""投信買進股數"":""0"",""投信賣出股數"":""0"",""投信買賣超股數"":""0"",""自營商買賣超股數"":""-3,642"",""自營商買進股數(自行買賣)"":""0"",""自營商賣出股數(自行買賣)"":""0"",""自營商買賣超股數(自行買賣)"":""0"",""自營商買進股數(避險)"":""0"",""自營商賣出股數(避險)"":""3,642"",""自營商買賣超股數(避險)"":""-3,642"",""三大法人買賣超股數"":""40,384""}"
2026-09-24,TWSE,7740,熙特爾-創       ,135290,95000,40290,0,0,0,18931,19008,-77,"{""證券代號"":""7740"",""證券名稱"":""熙特爾-創       "",""外陸資買進股數(不含外資自營商)"":""135,290"",""外陸資賣出股數(不含外資自營商)"":""95,000"",""外陸資買賣超股數(不含外資自營商)"":""40,290"",""外資自營商買進股數"":""0"",""外資自營商賣出股數"":""0"",""外資自營商買賣超股數"":""0"",""投信買進股數"":""0"",""投信賣出股數"":""0"",""投信買賣超股數"":""0"",""自營商買賣超股數"":""-77"",""自營商買進股數(自行買賣)"":""0"",""自營商賣出股數(自行買賣)"":""0"",""自營商買賣超股數(自行買賣)"":""0"",""自營商買進股數(避險)"":""18,931"",""自營商賣出股數(避險)"":""19,008"",""自營商買賣超股數(避險)"":""-77"",""三大法人買賣超股數"":""40,213""}"
2026-09-24,TWSE,6909,創控            ,58000,18000,40000,0,0,0,0,0,0,"{""證券代號"":""6909"",""證券名稱"":""創控            "",""外陸資買進股數(不含外資自營商)"":""58,000"",""外陸資賣出股數(不含外資自營商)"":""18,000"",""外陸資買賣超股數(不含外資自營商)"":""40,000"",""外資自營商買進股數"":""0"",""外資自營商賣出股數"":""0"",""外資自營商買賣超股數"":""0"",""投信買進股數"":""0"",""投信賣出股數"":""0"",""投信買賣超股數"":""0"",""自營商買賣超股數"":""0"",""自營商買進股數(自行買賣)"":""0"",""自營商賣出股數(自行買賣)"":""0"",""自營商買賣超股數(自行買賣)"":""0"",""自營商買進股數(避險)"":""0"",""自營商賣出股數(避險)"":""0"",""自營商買賣超股數(避險)"":""0"",""三大法人買賣超股數"":""40,000""}"
2026-09-24,TWSE,6189,豐藝            ,114464,68000,46464,0,3436,-3436,1603,13,-3410,"{""證券代號"":""6189"",""證券名稱"":""豐藝            "",""外陸資買進股數(不含外資自營商)"":""114,464"",""外陸資賣出股數(不含外資自營商)"":""68,000"",""外陸資買賣超股數(不含外資自營商)"":""46,464"",""外資自營商買進股數"":""0"",""外資自營商賣出股數"":""0"",""外資自營商買賣超股數"":""0"",""投信買進股數"":""0"",""投信賣出股數"":""3,436"",""投信買賣超股數"":""-3,436"",""自營商買賣超股數"":""-3,410"",""自營商買進股數(自行買賣)"":""0"",""自營商賣出股數(自行買賣)"":""5,000"",""自營商買賣超股數(自行買賣)"":""-5,000"",""自營商買進股數(避險)"":""1,603"",""自營商賣出股數(避險)"":""13"",""自營商買賣超股數(避險)"":""1,590"",""三大法人買賣超股數"":""39,618""}"
2026-09-24,TWSE,6719,力智            ,117219,90145,27074,20000,0,20000,3347,11131,-7784,"{""證券代號"":""6719"",""證券名稱"":""力智            "",""外陸資買進股數(不含外資自營商)"":""117,219"",""外陸資賣出股數(不含外資自營商)"":""90,145"",""外陸資買賣超股數(不含外資自營商)"":""27,074"",""外資自營商買進股數"":""0"",""外資自營商賣出股數"":""0"",""外資自營商買賣超股數"":""0"",""投信買進股數"":""20,000"",""投信賣出股數"":""0"",""投信買賣超股數"":""20,000"",""自營商買賣超股數"":""-7,784"",""自營商買進股數(自行買賣)"":""0"",""自營商賣出股數(自行買賣)"":""0"",""自營商買賣超股數(自行買賣)"":""0"",""自營商買進股數(避險)"":""3,347"",""自營商賣出股數(避險)"":""11,131"",""自營商買賣超股數(避險)"":""-7,784"",""三大法人買賣超股數"":""39,290""}"
2026-09-24,TWSE,6605,帝寶            ,59860,21016,38844,0,0,0,0,0,-281,"{""證券代號"":""6605"",""證券名稱"":""帝寶            "",""外陸資買進股數(不含外資自營商)"":""59,860"",""外陸資賣出股數(不含外資自營商)"":""21,016"",""外陸資買賣超股數(不含外資自營商)"":""38,844"",""外資自營商買進股數"":""0"",""外資自營商賣出股數"":""0"",""外資自營商買賣超股數"":""0"",""投信買進股數"":""0"",""投信賣出股數"":""0"",""投信買賣超股數"":""0"",""自營商買賣超股數"":""-281"",""自營商買進股數(自行買賣)"":""0"",""自營商賣出股數(自行買賣)"":""281"",""自營商買賣超股數(自行買賣)"":""-281"",""自營商買進股數(避險)"":""0"",""自營商賣出股數(避險)"":""0"",""自營商買賣超股數(避險)"":""0"",""三大法人買賣超股數"":""38,563""}"
2026-09-24,TWSE,00634R,富邦上証反1     ,0,0,0,0,0,0,38200,0,38200,"{""證券代號"":""00634R"",""證券名稱"":""富邦上証反1     "",""外陸資買進股數(不含外資自營商)"":""0"",""外陸資賣出股數(不含外資自營商)"":""0"",""外陸資買賣超股數(不含外資自營商)"":""0"",""外資自營商買進股數"":""0"",""外資自營商賣出股數"":""0"",""外資自營商買賣超股數"":""0"",""投信買進股數"":""0"",""投信賣出股數"":""0"",""投信買賣超股數"":""0"",""自營商買賣超股數"":""38,200"",""自營商買進股數(自行買賣)"":""0"",""自營商賣出股數(自行買賣)"":""0"",""自營商買賣超股數(自行買賣)"":""0"",""自營商買進股數(避險)"":""38,200"",""自營商賣出股數(避險)"":""0"",""自營商買賣超股數(避險)"":""38,200"",""三大法人買賣超股數"":""38,200""}"
2026-09-24,TWSE,1227,佳格            ,248000,211249,36751,0,0,0,0,0,0,"{""證券代號"":""1227"",""證券名稱"":""佳格            "",""外陸資買進股數(不含外資自營商)"":""248,000"",""外陸資賣出股數(不含外資自營商)"":""211,249"",""外陸資買賣超股數(不含外資自營商)"":""36,751"",""外資自營商買進股數"":""0"",""外資自營商賣出股數"":""0"",""外資自營商買賣超股數"":""0"",""投信買進股數"":""0"",""投信賣出股數"":""0"",""投信買賣超股數"":""0"",""自營商買賣超股數"":""0"",""自營商買進股數(自行買賣)"":""0"",""自營商賣出股數(自行買賣)"":""0"",""自營商買賣超股數(自行買賣)"":""0"",""自營商買進股數(避險)"":""0"",""自營商賣出股數(避險)"":""0"",""自營商買賣超股數(避險)"":""0"",""三大法人買賣超股數"":""36,751""}"
2026-09-24,TWSE,4766,南寶            ,51207,15006,36201,0,0,0,0,0,0,"{""證券代號"":""4766"",""證券名稱"":""南寶            "",""外陸資買進股數(不含外資自營商)"":""51,207"",""外陸資賣出股數(不含外資自營商)"":""15,006"",""外陸資買賣超股數(不含外資自營商)"":""36,201"",""外資自營商買進股數"":""0"",""外資自營商賣出股數"":""0"",""外資自營商買賣超股數"":""0"",""投信買進股數"":""0"",""投信賣出股數"":""0"",""投信買賣超股數"":""0"",""自營商買賣超股數"":""0"",""自營商買進股數(自行買賣)"":""0"",""自營商賣出股數(自行買賣)"":""0"",""自營商買賣超股數(自行買賣)"":""0"",""自營商買進股數(避險)"":""0"",""自營商賣出股數(避險)"":""0"",""自營商買賣超股數(避險)"":""0"",""三大法人買賣超股數"":""36,201""}"
2026-09-24,TWSE,1463,強盛新          ,46000,11000,35000,0,0,0,0,0,1000,"{""證券代號"":""1463"",""證券名稱"":""強盛新          "",""外陸資買進股數(不含外資自營商)"":""46,000"",""外陸資賣出股數(不含外資自營商)"":""11,000"",""外陸資買賣超股數(不含外資自營商)"":""35,000"",""外資自營商買進股數"":""0"",""外資自營商賣出股數"":""0"",""外資自營商買賣超股數"":""0"",""投信買進股數"":""0"",""投信賣出股數"":""0"",""投信買賣超股數"":""0"",""自營商買賣超股數"":""1,000"",""自營商買進股數(自行買賣)"":""1,000"",""自營商賣出股數(自行買賣)"":""0"",""自營商買賣超股數(自行買賣)"":""1,000"",""自營商買進股數(避險)"":""0"",""自營商賣出股數(避險)"":""0"",""自營商買賣超股數(避險)"":""0"",""三大法人買賣超股數"":""36,000""}"
2026-09-24,TWSE,8213,志超            ,102000,67000,35000,0,0,0,787,0,787,"{""證券代號"":""8213"",""證券名稱"":""志超            "",""外陸資買進股數(不含外資自營商)"":""102,000"",""外陸資賣出股數(不含外資自營商)"":""67,000"",""外陸資買賣超股數(不含外資自營商)"":""35,000"",""外資自營商買進股數"":""0"",""外資自營商賣出股數"":""0"",""外資自營商買賣超股數"":""0"",""投信買進股數"":""0"",""投信賣出股數"":""0"",""投信買賣超股數"":""0"",""自營商買賣超股數"":""787"",""自營商買進股數(自行買賣)"":""0"",""自營商賣出股數(自行買賣)"":""0"",""自營商買賣超股數(自行買賣)"":""0"",""自營商買進股數(避險)"":""787"",""自營商賣出股數(避險)"":""0"",""自營商買賣超股數(避險)"":""787"",""三大法人買賣超股數"":""35,787""}"
2026-09-24,TWSE,3528,安馳            ,216040,178000,38040,0,0,0,0,0,-3000,"{""證券代號"":""3528"",""證券名稱"":""安馳            "",""外陸資買進股數(不含外資自營商)"":""216,040"",""外陸資賣出股數(不含外資自營商)"":""178,000"",""外陸資買賣超股數(不含外資自營商)"":""38,040"",""外資自營商買進股數"":""0"",""外資自營商賣出股數"":""0"",""外資自營商買賣超股數"":""0"",""投信買進股數"":""0"",""投信賣出股數"":""0"",""投信買賣超股數"":""0"",""自營商買賣超股數"":""-3,000"",""自營商買進股數(自行買賣)"":""0"",""自營商賣出股數(自行買賣)"":""3,000"",""自營商買賣超股數(自行買賣)"":""-3,000"",""自營商買進股數(避險)"":""0"",""自營商賣出股數(避險)"":""0"",""自營商買賣超股數(避險)"":""0"",""三大法人買賣超股數"":""35,040""}"
2026-09-24,TWSE,4560,強信-KY         ,302000,257000,45000,0,0,0,0,0,-10000,"{""證券代號"":""4560"",""證券名稱"":""強信-KY         "",""外陸資買進股數(不含外資自營商)"":""302,000"",""外陸資賣出股數(不含外資自營商)"":""257,000"",""外陸資買賣超股數(不含外資自營商)"":""45,000"",""外資自營商買進股數"":""0"",""外資自營商賣出股數"":""0"",""外資自營商買賣超股數"":""0"",""投信買進股數"":""0"",""投信賣出股數"":""0"",""投信買賣超股數"":""0"",""自營商買賣超股數"":""-10,000"",""自營商買進股數(自行買賣)"":""0"",""自營商賣出股數(自行買賣)"":""10,000"",""自營商買賣超股數(自行買賣)"":""-10,000"",""自營商買進股數(避險)"":""0"",""自營商賣出股數(避險)"":""0"",""自營商買賣超股數(避險)"":""0"",""三大法人買賣超股數"":""35,000""}"
2026-09-24,TWSE,1442,名軒            ,233380,198000,35380,0,0,0,0,0,-398,"{""證券代號"":""1442"",""證券名稱"":""名軒            "",""外陸資買進股數(不含外資自營商)"":""233,380"",""外陸資賣出股數(不含外資自營商)"":""198,000"",""外陸資買賣超股數(不含外資自營商)"":""35,380"",""外資自營商買進股數"":""0"",""外資自營商賣出股數"":""0"",""外資自營商買賣超股數"":""0"",""投信買進股數"":""0"",""投信賣出股數"":""0"",""投信買賣超股數"":""0"",""自營商買賣超股數"":""-398"",""自營商買進股數(自行買賣)"":""1,000"",""自營商賣出股數(自行買賣)"":""1,398"",""自營商買賣超股數(自行買賣)"":""-398"",""自營商買進股數(避險)"":""0"",""自營商賣出股數(避險)"":""0"",""自營商買賣超股數(避險)"":""0"",""三大法人買賣超股數"":""34,982""}"
2026-09-24,TWSE,2480,敦陽科          ,63210,30218,32992,0,1161,-1161,0,0,0,"{""證券代號"":""2480"",""證券名稱"":""敦陽科          "",""外陸資買進股數(不含外資自營商)"":""63,210"",""外陸資賣出股數(不含外資自營商)"":""30,218"",""外陸資買賣超股數(不含外資自營商)"":""32,992"",""外資自營商買進股數"":""0"",""外資自營商賣出股數"":""0"",""外資自營商買賣超股數"":""0"",""投信買進股數"":""0"",""投信賣出股數"":""1,161"",""投信買賣超股數"":""-1,161"",""自營商買賣超股數"":""0"",""自營商買進股數(自行買賣)"":""0"",""自營商賣出股數(自行買賣)"":""0"",""自營商買賣超股數(自行買賣)"":""0"",""自營商買進股數(避險)"":""0"",""自營商賣出股數(避險)"":""0"",""自營商買賣超股數(避險)"":""0"",""三大法人買賣超股數"":""31,831""}"
2026-09-24,TWSE,00638R,元大滬深300反1  ,1000,0,1000,0,0,0,32022,2000,30022,"{""證券代號"":""00638R"",""證券名稱"":""元大滬深300反1  "",""外陸資買進股數(不含外資自營商)"":""1,000"",""外陸資賣出股數(不含外資自營商)"":""0"",""外陸資買賣超股數(不含外資自營商)"":""1,000"",""外資自營商買進股數"":""0"",""外資自營商賣出股數"":""0"",""外資自營商買賣超股數"":""0"",""投信買進股數"":""0"",""投信賣出股數"":""0"",""投信買賣超股數"":""0"",""自營商買賣超股數"":""30,022"",""自營商買進股數(自行買賣)"":""0"",""自營商賣出股數(自行買賣)"":""0"",""自營商買賣超股數(自行買賣)"":""0"",""自營商買進股數(避險)"":""32,022"",""自營商賣出股數(避險)"":""2,000"",""自營商買賣超股數(避險)"":""30,022"",""三大法人買賣超股數"":""31,022""}"
2026-09-24,TWSE,2425,承啟            ,92000,61000,31000,0,0,0,0,0,0,"{""證券代號"":""2425"",""證券名稱"":""承啟            "",""外陸資買進股數(不含外資自營商)"":""92,000"",""外陸資賣出股數(不含外資自營商)"":""61,000"",""外陸資買賣超股數(不含外資自營商)"":""31,000"",""外資自營商買進股數"":""0"",""外資自營商賣出股數"":""0"",""外資自營商買賣超股數"":""0"",""投信買進股數"":""0"",""投信賣出股數"":""0"",""投信買賣超股數"":""0"",""自營商買賣超股數"":""0"",""自營商買進股數(自行買賣)"":""0"",""自營商賣出股數(自行買賣)"":""0"",""自營商買賣超股數(自行買賣)"":""0"",""自營商買進股數(避險)"":""0"",""自營商賣出股數(避險)"":""0"",""自營商買賣超股數(避險)"":""0"",""三大法人買賣超股數"":""31,000""}"
2026-09-24,TWSE,2328,廣宇            ,358520,278000,80520,0,0,0,13000,11000,-50000,"{""證券代號"":""2328"",""證券名稱"":""廣宇            "",""外陸資買進股數(不含外資自營商)"":""358,520"",""外陸資賣出股數(不含外資自營商)"":""278,000"",""外陸資買賣超股數(不含外資自營商)"":""80,520"",""外資自營商買進股數"":""0"",""外資自營商賣出股數"":""0"",""外資自營商買賣超股數"":""0"",""投信買進股數"":""0"",""投信賣出股數"":""0"",""投信買賣超股數"":""0"",""自營商買賣超股數"":""-50,000"",""自營商買進股數(自行買賣)"":""10,000"",""自營商賣出股數(自行買賣)"":""62,000"",""自營商買賣超股數(自行買賣)"":""-52,000"",""自營商買進股數(避險)"":""13,000"",""自營商賣出股數(避險)"":""11,000"",""自營商買賣超股數(避險)"":""2,000"",""三大法人買賣超股數"":""30,520""}"
2026-09-24,TWSE,2612,中航            ,144000,114000,30000,0,0,0,438,1,437,"{""證券代號"":""2612"",""證券名稱"":""中航            "",""外陸資買進股數(不含外資自營商)"":""144,000"",""外陸資賣出股數(不含外資自營商)"":""114,000"",""外陸資買賣超股數(不含外資自營商)"":""30,000"",""外資自營商買進股數"":""0"",""外資自營商賣出股數"":""0"",""外資自營商買賣超股數"":""0"",""投信買進股數"":""0"",""投信賣出股數"":""0"",""投信買賣超股數"":""0"",""自營商買賣超股數"":""437"",""自營商買進股數(自行買賣)"":""0"",""自營商賣出股數(自行買賣)"":""0"",""自營商買賣超股數(自行買賣)"":""0"",""自營商買進股數(避險)"":""438"",""自營商賣出股數(避險)"":""1"",""自營商買賣超股數(避險)"":""437"",""三大法人買賣超股數"":""30,437""}"
2026-09-24,TWSE,6776,展碁國際        ,36000,6000,30000,0,0,0,0,0,0,"{""證券代號"":""6776"",""證券名稱"":""展碁國際        "",""外陸資買進股數(不含外資自營商)"":""36,000"",""外陸資賣出股數(不含外資自營商)"":""6,000"",""外陸資買賣超股數(不含外資自營商)"":""30,000"",""外資自營商買進股數"":""0"",""外資自營商賣出股數"":""0"",""外資自營商買賣超股數"":""0"",""投信買進股數"":""0"",""投信賣出股數"":""0"",""投信買賣超股數"":""0"",""自營商買賣超股數"":""0"",""自營商買進股數(自行買賣)"":""0"",""自營商賣出股數(自行買賣)"":""0"",""自營商買賣超股數(自行買賣)"":""0"",""自營商買進股數(避險)"":""0"",""自營商賣出股數(避險)"":""0"",""自營商買賣超股數(避險)"":""0"",""三大法人買賣超股數"":""30,000""}"
2026-09-24,TWSE,1808,潤隆            ,802600,279000,523600,0,329000,-329000,0,0,-165000,"{""證券代號"":""1808"",""證券名稱"":""潤隆            "",""外陸資買進股數(不含外資自營商)"":""802,600"",""外陸資賣出股數(不含外資自營商)"":""279,000"",""外陸資買賣超股數(不含外資自營商)"":""523,600"",""外資自營商買進股數"":""0"",""外資自營商賣出股數"":""0"",""外資自營商買賣超股數"":""0"",""投信買進股數"":""0"",""投信賣出股數"":""329,000"",""投信買賣超股數"":""-329,000"",""自營商買賣超股數"":""-165,000"",""自營商買進股數(自行買賣)"":""0"",""自營商賣出股數(自行買賣)"":""165,000"",""自營商買賣超股數(自行買賣)"":""-165,000"",""自營商買進股數(避險)"":""0"",""自營商賣出股數(避險)"":""0"",""自營商買賣超股數(避險)"":""0"",""三大法人買賣超股數"":""29,600""}"
2026-09-24,TWSE,3447,展達            ,42000,13000,29000,0,0,0,0,0,0,"{""證券代號"":""3447"",""證券名稱"":""展達            "",""外陸資買進股數(不含外資自營商)"":""42,000"",""外陸資賣出股數(不含外資自營商)"":""13,000"",""外陸資買賣超股數(不含外資自營商)"":""29,000"",""外資自營商買進股數"":""0"",""外資自營商賣出股數"":""0"",""外資自營商買賣超股數"":""0"",""投信買進股數"":""0"",""投信賣出股數"":""0"",""投信買賣超股數"":""0"",""自營商買賣超股數"":""0"",""自營商買進股數(自行買賣)"":""0"",""自營商賣出股數(自行買賣)"":""0"",""自營商買賣超股數(自行買賣)"":""0"",""自營商買進股數(避險)"":""0"",""自營商賣出股數(避險)"":""0"",""自營商買賣超股數(避險)"":""0"",""三大法人買賣超股數"":""29,000""}"
2026-09-24,TWSE,2397,友通            ,46000,14000,32000,0,0,0,0,0,-3000,"{""證券代號"":""2397"",""證券名稱"":""友通            "",""外陸資買進股數(不含外資自營商)"":""46,000"",""外陸資賣出股數(不含外資自營商)"":""14,000"",""外陸資買賣超股數(不含外資自營商)"":""32,000"",""外資自營商買進股數"":""0"",""外資自營商賣出股數"":""0"",""外資自營商買賣超股數"":""0"",""投信買進股數"":""0"",""投信賣出股數"":""0"",""投信買賣超股數"":""0"",""自營商買賣超股數"":""-3,000"",""自營商買進股數(自行買賣)"":""3,000"",""自營商賣出股數(自行買賣)"":""6,000"",""自營商買賣超股數(自行買賣)"":""-3,000"",""自營商買進股數(避險)"":""0"",""自營商賣出股數(避險)"":""0"",""自營商買賣超股數(避險)"":""0"",""三大法人買賣超股數"":""29,000""}"
2026-09-24,TWSE,5285,界霖            ,415426,386694,28732,0,0,0,4143,4125,18,"{""證券代號"":""5285"",""證券名稱"":""界霖            "",""外陸資買進股數(不含外資自營商)"":""415,426"",""外陸資賣出股數(不含外資自營商)"":""386,694"",""外陸資買賣超股數(不含外資自營商)"":""28,732"",""外資自營商買進股數"":""0"",""外資自營商賣出股數"":""0"",""外資自營商買賣超股數"":""0"",""投信買進股數"":""0"",""投信賣出股數"":""0"",""投信買賣超股數"":""0"",""自營商買賣超股數"":""18"",""自營商買進股數(自行買賣)"":""0"",""自營商賣出股數(自行買賣)"":""0"",""自營商買賣超股數(自行買賣)"":""0"",""自營商買進股數(避險)"":""4,143"",""自營商賣出股數(避險)"":""4,125"",""自營商買賣超股數(避險)"":""18"",""三大法人買賣超股數"":""28,750""}"
2026-09-24,TWSE,1217,愛之味          ,172000,144000,28000,0,0,0,0,0,0,"{""證券代號"":""1217"",""證券名稱"":""愛之味          "",""外陸資買進股數(不含外資自營商)"":""172,000"",""外陸資賣出股數(不含外資自營商)"":""144,000"",""外陸資買賣超股數(不含外資自營商)"":""28,000"",""外資自營商買進股數"":""0"",""外資自營商賣出股數"":""0"",""外資自營商買賣超股數"":""0"",""投信買進股數"":""0"",""投信賣出股數"":""0"",""投信買賣超股數"":""0"",""自營商買賣超股數"":""0"",""自營商買進股數(自行買賣)"":""0"",""自營商賣出股數(自行買賣)"":""0"",""自營商買賣超股數(自行買賣)"":""0"",""自營商買進股數(避險)"":""0"",""自營商賣出股數(避險)"":""0"",""自營商買賣超股數(避險)"":""0"",""三大法人買賣超股數"":""28,000""}"
2026-09-24,TWSE,3535,晶彩科          ,372042,391000,-18958,0,0,0,50561,4035,46526,"{""證券代號"":""3535"",""證券名稱"":""晶彩科          "",""外陸資買進股數(不含外資自營商)"":""372,042"",""外陸資賣出股數(不含外資自營商)"":""391,000"",""外陸資買賣超股數(不含外資自營商)"":""-18,958"",""外資自營商買進股數"":""0"",""外資自營商賣出股數"":""0"",""外資自營商買賣超股數"":""0"",""投信買進股數"":""0"",""投信賣出股數"":""0"",""投信買賣超股數"":""0"",""自營商買賣超股數"":""46,526"",""自營商買進股數(自行買賣)"":""0"",""自營商賣出股數(自行買賣)"":""0"",""自營商買賣超股數(自行買賣)"":""0"",""自營商買進股數(避險)"":""50,561"",""自營商賣出股數(避險)"":""4,035"",""自營商買賣超股數(避險)"":""46,526"",""三大法人買賣超股數"":""27,568""}"
2026-09-24,TWSE,7711,永擎            ,150112,115000,35112,0,0,0,3302,10787,-7687,"{""證券代號"":""7711"",""證券名稱"":""永擎            "",""外陸資買進股數(不含外資自營商)"":""150,112"",""外陸資賣出股數(不含外資自營商)"":""115,000"",""外陸資買賣超股數(不含外資自營商)"":""35,112"",""外資自營商買進股數"":""0"",""外資自營商賣出股數"":""0"",""外資自營商買賣超股數"":""0"",""投信買進股數"":""0"",""投信賣出股數"":""0"",""投信買賣超股數"":""0"",""自營商買賣超股數"":""-7,687"",""自營商買進股數(自行買賣)"":""1,000"",""自營商賣出股數(自行買賣)"":""1,202"",""自營商買賣超股數(自行買賣)"":""-202"",""自營商買進股數(避險)"":""3,302"",""自營商賣出股數(避險)"":""10,787"",""自營商買賣超股數(避險)"":""-7,485"",""三大法人買賣超股數"":""27,425""}"
2026-09-24,TWSE,5258,虹堡            ,73000,47000,26000,0,0,0,0,0,644,"{""證券代號"":""5258"",""證券名稱"":""虹堡            "",""外陸資買進股數(不含外資自營商)"":""73,000"",""外陸資賣出股數(不含外資自營商)"":""47,000"",""外陸資買賣超股數(不含外資自營商)"":""26,000"",""外資自營商買進股數"":""0"",""外資自營商賣出股數"":""0"",""外資自營商買賣超股數"":""0"",""投信買進股數"":""0"",""投信賣出股數"":""0"",""投信買賣超股數"":""0"",""自營商買賣超股數"":""644"",""自營商買進股數(自行買賣)"":""1,000"",""自營商賣出股數(自行買賣)"":""356"",""自營商買賣超股數(自行買賣)"":""644"",""自營商買進股數(避險)"":""0"",""自營商賣出股數(避險)"":""0"",""自營商買賣超股數(避險)"":""0"",""三大法人買賣超股數"":""26,644""}"
2026-09-24,TWSE,6206,飛捷            ,132379,102018,30361,0,2576,-2576,2228,4854,-2626,"{""證券代號"":""6206"",""證券名稱"":""飛捷            "",""外陸資買進股數(不含外資自營商)"":""132,379"",""外陸資賣出股數(不含外資自營商)"":""102,018"",""外陸資買賣超股數(不含外資自營商)"":""30,361"",""外資自營商買進股數"":""0"",""外資自營商賣出股數"":""0"",""外資自營商買賣超股數"":""0"",""投信買進股數"":""0"",""投信賣出股數"":""2,576"",""投信買賣超股數"":""-2,576"",""自營商買賣超股數"":""-2,626"",""自營商買進股數(自行買賣)"":""0"",""自營商賣出股數(自行買賣)"":""0"",""自營商買賣超股數(自行買賣)"":""0"",""自營商買進股數(避險)"":""2,228"",""自營商賣出股數(避險)"":""4,854"",""自營商買賣超股數(避險)"":""-2,626"",""三大法人買賣超股數"":""25,159""}"
2026-09-24,TWSE,4545,銘鈺            ,32000,7000,25000,0,0,0,0,0,0,"{""證券代號"":""4545"",""證券名稱"":""銘鈺            "",""外陸資買進股數(不含外資自營商)"":""32,000"",""外陸資賣出股數(不含外資自營商)"":""7,000"",""外陸資買賣超股數(不含外資自營商)"":""25,000"",""外資自營商買進股數"":""0"",""外資自營商賣出股數"":""0"",""外資自營商買賣超股數"":""0"",""投信買進股數"":""0"",""投信賣出股數"":""0"",""投信買賣超股數"":""0"",""自營商買賣超股數"":""0"",""自營商買進股數(自行買賣)"":""0"",""自營商賣出股數(自行買賣)"":""0"",""自營商買賣超股數(自行買賣)"":""0"",""自營商買進股數(避險)"":""0"",""自營商賣出股數(避險)"":""0"",""自營商買賣超股數(避險)"":""0"",""三大法人買賣超股數"":""25,000""}"
2026-09-24,TWSE,2365,昆盈            ,105000,80000,25000,0,0,0,0,0,0,"{""證券代號"":""2365"",""證券名稱"":""昆盈            "",""外陸資買進股數(不含外資自營商)"":""105,000"",""外陸資賣出股數(不含外資自營商)"":""80,000"",""外陸資買賣超股數(不含外資自營商)"":""25,000"",""外資自營商買進股數"":""0"",""外資自營商賣出股數"":""0"",""外資自營商買賣超股數"":""0"",""投信買進股數"":""0"",""投信賣出股數"":""0"",""投信買賣超股數"":""0"",""自營商買賣超股數"":""0"",""自營商買進股數(自行買賣)"":""0"",""自營商賣出股數(自行買賣)"":""0"",""自營商買賣超股數(自行買賣)"":""0"",""自營商買進股數(避險)"":""0"",""自營商賣出股數(避險)"":""0"",""自營商買賣超股數(避險)"":""0"",""三大法人買賣超股數"":""25,000""}"
2026-09-24,TWSE,6670,復盛應用        ,74360,49012,25348,19000,610,18390,0,0,-19000,"{""證券代號"":""6670"",""證券名稱"":""復盛應用        "",""外陸資買進股數(不含外資自營商)"":""74,360"",""外陸資賣出股數(不含外資自營商)"":""49,012"",""外陸資買賣超股數(不含外資自營商)"":""25,348"",""外資自營商買進股數"":""0"",""外資自營商賣出股數"":""0"",""外資自營商買賣超股數"":""0"",""投信買進股數"":""19,000"",""投信賣出股數"":""610"",""投信買賣超股數"":""18,390"",""自營商買賣超股數"":""-19,000"",""自營商買進股數(自行買賣)"":""1,000"",""自營商賣出股數(自行買賣)"":""20,000"",""自營商買賣超股數(自行買賣)"":""-19,000"",""自營商買進股數(避險)"":""0"",""自營商賣出股數(避險)"":""0"",""自營商買賣超股數(避險)"":""0"",""三大法人買賣超股數"":""24,738""}"
2026-09-24,TWSE,1524,耿鼎            ,56310,32009,24301,0,0,0,0,0,0,"{""證券代號"":""1524"",""證券名稱"":""耿鼎            "",""外陸資買進股數(不含外資自營商)"":""56,310"",""外陸資賣出股數(不含外資自營商)"":""32,009"",""外陸資買賣超股數(不含外資自營商)"":""24,301"",""外資自營商買進股數"":""0"",""外資自營商賣出股數"":""0"",""外資自營商買賣超股數"":""0"",""投信買進股數"":""0"",""投信賣出股數"":""0"",""投信買賣超股數"":""0"",""自營商買賣超股數"":""0"",""自營商買進股數(自行買賣)"":""0"",""自營商賣出股數(自行買賣)"":""0"",""自營商買賣超股數(自行買賣)"":""0"",""自營商買進股數(避險)"":""0"",""自營商賣出股數(避險)"":""0"",""自營商買賣超股數(避險)"":""0"",""三大法人買賣超股數"":""24,301""}"
2026-09-24,TWSE,6957,裕慶-KY         ,130132,108000,22132,0,0,0,0,0,1983,"{""證券代號"":""6957"",""證券名稱"":""裕慶-KY         "",""外陸資買進股數(不含外資自營商)"":""130,132"",""外陸資賣出股數(不含外資自營商)"":""108,000"",""外陸資買賣超股數(不含外資自營商)"":""22,132"",""外資自營商買進股數"":""0"",""外資自營商賣出股數"":""0"",""外資自營商買賣超股數"":""0"",""投信買進股數"":""0"",""投信賣出股數"":""0"",""投信買賣超股數"":""0"",""自營商買賣超股數"":""1,983"",""自營商買進股數(自行買賣)"":""2,000"",""自營商賣出股數(自行買賣)"":""17"",""自營商買賣超股數(自行買賣)"":""1,983"",""自營商買進股數(避險)"":""0"",""自營商賣出股數(避險)"":""0"",""自營商買賣超股數(避險)"":""0"",""三大法人買賣超股數"":""24,115""}"
2026-09-24,TWSE,1231,聯華食          ,44000,21000,23000,0,0,0,0,0,237,"{""證券代號"":""1231"",""證券名稱"":""聯華食          "",""外陸資買進股數(不含外資自營商)"":""44,000"",""外陸資賣出股數(不含外資自營商)"":""21,000"",""外陸資買賣超股數(不含外資自營商)"":""23,000"",""外資自營商買進股數"":""0"",""外資自營商賣出股數"":""0"",""外資自營商買賣超股數"":""0"",""投信買進股數"":""0"",""投信賣出股數"":""0"",""投信買賣超股數"":""0"",""自營商買賣超股數"":""237"",""自營商買進股數(自行買賣)"":""1,000"",""自營商賣出股數(自行買賣)"":""763"",""自營商買賣超股數(自行買賣)"":""237"",""自營商買進股數(避險)"":""0"",""自營商賣出股數(避險)"":""0"",""自營商買賣超股數(避險)"":""0"",""三大法人買賣超股數"":""23,237""}"
2026-09-24,TWSE,1786,科妍            ,38000,15000,23000,0,0,0,0,0,133,"{""證券代號"":""1786"",""證券名稱"":""科妍            "",""外陸資買進股數(不含外資自營商)"":""38,000"",""外陸資賣出股數(不含外資自營商)"":""15,000"",""外陸資買賣超股數(不含外資自營商)"":""23,000"",""外資自營商買進股數"":""0"",""外資自營商賣出股數"":""0"",""外資自營商買賣超股數"":""0"",""投信買進股數"":""0"",""投信賣出股數"":""0"",""投信買賣超股數"":""0"",""自營商買賣超股數"":""133"",""自營商買進股數(自行買賣)"":""1,000"",""自營商賣出股數(自行買賣)"":""867"",""自營商買賣超股數(自行買賣)"":""133"",""自營商買進股數(避險)"":""0"",""自營商賣出股數(避險)"":""0"",""自營商買賣超股數(避險)"":""0"",""三大法人買賣超股數"":""23,133""}"
2026-09-24,TWSE,3025,星通            ,49000,26000,23000,0,0,0,0,0,0,"{""證券代號"":""3025"",""證券名稱"":""星通            "",""外陸資買進股數(不含外資自營商)"":""49,000"",""外陸資賣出股數(不含外資自營商)"":""26,000"",""外陸資買賣超股數(不含外資自營商)"":""23,000"",""外資自營商買進股數"":""0"",""外資自營商賣出股數"":""0"",""外資自營商買賣超股數"":""0"",""投信買進股數"":""0"",""投信賣出股數"":""0"",""投信買賣超股數"":""0"",""自營商買賣超股數"":""0"",""自營商買進股數(自行買賣)"":""0"",""自營商賣出股數(自行買賣)"":""0"",""自營商買賣超股數(自行買賣)"":""0"",""自營商買進股數(避險)"":""0"",""自營商賣出股數(避險)"":""0"",""自營商買賣超股數(避險)"":""0"",""三大法人買賣超股數"":""23,000""}"
2026-09-24,TWSE,8464,億豐            ,129000,104018,24982,0,0,0,0,2001,-2001,"{""證券代號"":""8464"",""證券名稱"":""億豐            "",""外陸資買進股數(不含外資自營商)"":""129,000"",""外陸資賣出股數(不含外資自營商)"":""104,018"",""外陸資買賣超股數(不含外資自營商)"":""24,982"",""外資自營商買進股數"":""0"",""外資自營商賣出股數"":""0"",""外資自營商買賣超股數"":""0"",""投信買進股數"":""0"",""投信賣出股數"":""0"",""投信買賣超股數"":""0"",""自營商買賣超股數"":""-2,001"",""自營商買進股數(自行買賣)"":""0"",""自營商賣出股數(自行買賣)"":""0"",""自營商買賣超股數(自行買賣)"":""0"",""自營商買進股數(避險)"":""0"",""自營商賣出股數(避險)"":""2,001"",""自營商買賣超股數(避險)"":""-2,001"",""三大法人買賣超股數"":""22,981""}"
2026-09-24,TWSE,3338,泰碩            ,65031,42131,22900,0,0,0,0,0,0,"{""證券代號"":""3338"",""證券名稱"":""泰碩            "",""外陸資買進股數(不含外資自營商)"":""65,031"",""外陸資賣出股數(不含外資自營商)"":""42,131"",""外陸資買賣超股數(不含外資自營商)"":""22,900"",""外資自營商買進股數"":""0"",""外資自營商賣出股數"":""0"",""外資自營商買賣超股數"":""0"",""投信買進股數"":""0"",""投信賣出股數"":""0"",""投信買賣超股數"":""0"",""自營商買賣超股數"":""0"",""自營商買進股數(自行買賣)"":""0"",""自營商賣出股數(自行買賣)"":""0"",""自營商買賣超股數(自行買賣)"":""0"",""自營商買進股數(避險)"":""0"",""自營商賣出股數(避險)"":""0"",""自營商買賣超股數(避險)"":""0"",""三大法人買賣超股數"":""22,900""}"
2026-09-24,TWSE,009818,華南永昌NASDAQxT,0,1000,-1000,0,0,0,24000,288,23712,"{""證券代號"":""009818"",""證券名稱"":""華南永昌NASDAQxT"",""外陸資買進股數(不含外資自營商)"":""0"",""外陸資賣出股數(不含外資自營商)"":""1,000"",""外陸資買賣超股數(不含外資自營商)"":""-1,000"",""外資自營商買進股數"":""0"",""外資自營商賣出股數"":""0"",""外資自營商買賣超股數"":""0"",""投信買進股數"":""0"",""投信賣出股數"":""0"",""投信買賣超股數"":""0"",""自營商買賣超股數"":""23,712"",""自營商買進股數(自行買賣)"":""0"",""自營商賣出股數(自行買賣)"":""0"",""自營商買賣超股數(自行買賣)"":""0"",""自營商買進股數(避險)"":""24,000"",""自營商賣出股數(避險)"":""288"",""自營商買賣超股數(避險)"":""23,712"",""三大法人買賣超股數"":""22,712""}"
2026-09-24,TWSE,006207,復華滬深        ,0,1000,-1000,0,0,0,136006,112450,23556,"{""證券代號"":""006207"",""證券名稱"":""復華滬深        "",""外陸資買進股數(不含外資自營商)"":""0"",""外陸資賣出股數(不含外資自營商)"":""1,000"",""外陸資買賣超股數(不含外資自營商)"":""-1,000"",""外資自營商買進股數"":""0"",""外資自營商賣出股數"":""0"",""外資自營商買賣超股數"":""0"",""投信買進股數"":""0"",""投信賣出股數"":""0"",""投信買賣超股數"":""0"",""自營商買賣超股數"":""23,556"",""自營商買進股數(自行買賣)"":""0"",""自營商賣出股數(自行買賣)"":""0"",""自營商買賣超股數(自行買賣)"":""0"",""自營商買進股數(避險)"":""136,006"",""自營商賣出股數(避險)"":""112,450"",""自營商買賣超股數(避險)"":""23,556"",""三大法人買賣超股數"":""22,556""}"
2026-09-24,TWSE,1568,倉佑            ,65165,36000,29165,0,0,0,0,0,-7000,"{""證券代號"":""1568"",""證券名稱"":""倉佑            "",""外陸資買進股數(不含外資自營商)"":""65,165"",""外陸資賣出股數(不含外資自營商)"":""36,000"",""外陸資買賣超股數(不含外資自營商)"":""29,165"",""外資自營商買進股數"":""0"",""外資自營商賣出股數"":""0"",""外資自營商買賣超股數"":""0"",""投信買進股數"":""0"",""投信賣出股數"":""0"",""投信買賣超股數"":""0"",""自營商買賣超股數"":""-7,000"",""自營商買進股數(自行買賣)"":""0"",""自營商賣出股數(自行買賣)"":""7,000"",""自營商買賣超股數(自行買賣)"":""-7,000"",""自營商買進股數(避險)"":""0"",""自營商賣出股數(避險)"":""0"",""自營商買賣超股數(避險)"":""0"",""三大法人買賣超股數"":""22,165""}"
2026-09-24,TWSE,6674,鋐寶科技        ,26000,4000,22000,0,0,0,0,0,0,"{""證券代號"":""6674"",""證券名稱"":""鋐寶科技        "",""外陸資買進股數(不含外資自營商)"":""26,000"",""外陸資賣出股數(不含外資自營商)"":""4,000"",""外陸資買賣超股數(不含外資自營商)"":""22,000"",""外資自營商買進股數"":""0"",""外資自營商賣出股數"":""0"",""外資自營商買賣超股數"":""0"",""投信買進股數"":""0"",""投信賣出股數"":""0"",""投信買賣超股數"":""0"",""自營商買賣超股數"":""0"",""自營商買進股數(自行買賣)"":""0"",""自營商賣出股數(自行買賣)"":""0"",""自營商買賣超股數(自行買賣)"":""0"",""自營商買進股數(避險)"":""0"",""自營商賣出股數(避險)"":""0"",""自營商買賣超股數(避險)"":""0"",""三大法人買賣超股數"":""22,000""}"
2026-09-24,TWSE,5288,豐祥-KY         ,41040,19000,22040,0,0,0,0,0,-950,"{""證券代號"":""5288"",""證券名稱"":""豐祥-KY         "",""外陸資買進股數(不含外資自營商)"":""41,040"",""外陸資賣出股數(不含外資自營商)"":""19,000"",""外陸資買賣超股數(不含外資自營商)"":""22,040"",""外資自營商買進股數"":""0"",""外資自營商賣出股數"":""0"",""外資自營商買賣超股數"":""0"",""投信買進股數"":""0"",""投信賣出股數"":""0"",""投信買賣超股數"":""0"",""自營商買賣超股數"":""-950"",""自營商買進股數(自行買賣)"":""50"",""自營商賣出股數(自行買賣)"":""1,000"",""自營商買賣超股數(自行買賣)"":""-950"",""自營商買進股數(避險)"":""0"",""自營商賣出股數(避險)"":""0"",""自營商買賣超股數(避險)"":""0"",""三大法人買賣超股數"":""21,090""}"
2026-09-24,TWSE,4133,亞諾法          ,26000,5000,21000,0,0,0,0,0,0,"{""證券代號"":""4133"",""證券名稱"":""亞諾法          "",""外陸資買進股數(不含外資自營商)"":""26,000"",""外陸資賣出股數(不含外資自營商)"":""5,000"",""外陸資買賣超股數(不含外資自營商)"":""21,000"",""外資自營商買進股數"":""0"",""外資自營商賣出股數"":""0"",""外資自營商買賣超股數"":""0"",""投信買進股數"":""0"",""投信賣出股數"":""0"",""投信買賣超股數"":""0"",""自營商買賣超股數"":""0"",""自營商買進股數(自行買賣)"":""0"",""自營商賣出股數(自行買賣)"":""0"",""自營商買賣超股數(自行買賣)"":""0"",""自營商買進股數(避險)"":""0"",""自營商賣出股數(避險)"":""0"",""自營商買賣超股數(避險)"":""0"",""三大法人買賣超股數"":""21,000""}"
2026-09-24,TWSE,3305,昇貿            ,106671,94000,12671,0,0,0,15500,7573,7927,"{""證券代號"":""3305"",""證券名稱"":""昇貿            "",""外陸資買進股數(不含外資自營商)"":""106,671"",""外陸資賣出股數(不含外資自營商)"":""94,000"",""外陸資買賣超股數(不含外資自營商)"":""12,671"",""外資自營商買進股數"":""0"",""外資自營商賣出股數"":""0"",""外資自營商買賣超股數"":""0"",""投信買進股數"":""0"",""投信賣出股數"":""0"",""投信買賣超股數"":""0"",""自營商買賣超股數"":""7,927"",""自營商買進股數(自行買賣)"":""0"",""自營商賣出股數(自行買賣)"":""0"",""自營商買賣超股數(自行買賣)"":""0"",""自營商買進股數(避險)"":""15,500"",""自營商賣出股數(避險)"":""7,573"",""自營商買賣超股數(避險)"":""7,927"",""三大法人買賣超股數"":""20,598""}"
2026-09-24,TWSE,3038,全台            ,31246,11000,20246,0,0,0,0,0,0,"{""證券代號"":""3038"",""證券名稱"":""全台            "",""外陸資買進股數(不含外資自營商)"":""31,246"",""外陸資賣出股數(不含外資自營商)"":""11,000"",""外陸資買賣超股數(不含外資自營商)"":""20,246"",""外資自營商買進股數"":""0"",""外資自營商賣出股數"":""0"",""外資自營商買賣超股數"":""0"",""投信買進股數"":""0"",""投信賣出股數"":""0"",""投信買賣超股數"":""0"",""自營商買賣超股數"":""0"",""自營商買進股數(自行買賣)"":""0"",""自營商賣出股數(自行買賣)"":""0"",""自營商買賣超股數(自行買賣)"":""0"",""自營商買進股數(避險)"":""0"",""自營商賣出股數(避險)"":""0"",""自營商買賣超股數(避險)"":""0"",""三大法人買賣超股數"":""20,246""}"
2026-09-24,TWSE,3092,鴻碩            ,40000,20000,20000,0,0,0,0,0,0,"{""證券代號"":""3092"",""證券名稱"":""鴻碩            "",""外陸資買進股數(不含外資自營商)"":""40,000"",""外陸資賣出股數(不含外資自營商)"":""20,000"",""外陸資買賣超股數(不含外資自營商)"":""20,000"",""外資自營商買進股數"":""0"",""外資自營商賣出股數"":""0"",""外資自營商買賣超股數"":""0"",""投信買進股數"":""0"",""投信賣出股數"":""0"",""投信買賣超股數"":""0"",""自營商買賣超股數"":""0"",""自營商買進股數(自行買賣)"":""0"",""自營商賣出股數(自行買賣)"":""0"",""自營商買賣超股數(自行買賣)"":""0"",""自營商買進股數(避險)"":""0"",""自營商賣出股數(避險)"":""0"",""自營商買賣超股數(避險)"":""0"",""三大法人買賣超股數"":""20,000""}"
2026-09-24,TWSE,6579,研揚            ,43767,39000,4767,0,0,0,21250,4000,15229,"{""證券代號"":""6579"",""證券名稱"":""研揚            "",""外陸資買進股數(不含外資自營商)"":""43,767"",""外陸資賣出股數(不含外資自營商)"":""39,000"",""外陸資買賣超股數(不含外資自營商)"":""4,767"",""外資自營商買進股數"":""0"",""外資自營商賣出股數"":""0"",""外資自營商買賣超股數"":""0"",""投信買進股數"":""0"",""投信賣出股數"":""0"",""投信買賣超股數"":""0"",""自營商買賣超股數"":""15,229"",""自營商買進股數(自行買賣)"":""0"",""自營商賣出股數(自行買賣)"":""2,021"",""自營商買賣超股數(自行買賣)"":""-2,021"",""自營商買進股數(避險)"":""21,250"",""自營商賣出股數(避險)"":""4,000"",""自營商買賣超股數(避險)"":""17,250"",""三大法人買賣超股數"":""19,996""}"
2026-09-24,TWSE,6715,嘉基            ,94000,50000,44000,0,0,0,2900,3099,-24544,"{""證券代號"":""6715"",""證券名稱"":""嘉基            "",""外陸資買進股數(不含外資自營商)"":""94,000"",""外陸資賣出股數(不含外資自營商)"":""50,000"",""外陸資買賣超股數(不含外資自營商)"":""44,000"",""外資自營商買進股數"":""0"",""外資自營商賣出股數"":""0"",""外資自營商買賣超股數"":""0"",""投信買進股數"":""0"",""投信賣出股數"":""0"",""投信買賣超股數"":""0"",""自營商買賣超股數"":""-24,544"",""自營商買進股數(自行買賣)"":""2,000"",""自營商賣出股數(自行買賣)"":""26,345"",""自營商買賣超股數(自行買賣)"":""-24,345"",""自營商買進股數(避險)"":""2,900"",""自營商賣出股數(避險)"":""3,099"",""自營商買賣超股數(避險)"":""-199"",""三大法人買賣超股數"":""19,456""}"
2026-09-24,TWSE,2028,威致            ,52000,35000,17000,0,0,0,0,0,2000,"{""證券代號"":""2028"",""證券名稱"":""威致            "",""外陸資買進股數(不含外資自營商)"":""52,000"",""外陸資賣出股數(不含外資自營商)"":""35,000"",""外陸資買賣超股數(不含外資自營商)"":""17,000"",""外資自營商買進股數"":""0"",""外資自營商賣出股數"":""0"",""外資自營商買賣超股數"":""0"",""投信買進股數"":""0"",""投信賣出股數"":""0"",""投信買賣超股數"":""0"",""自營商買賣超股數"":""2,000"",""自營商買進股數(自行買賣)"":""4,000"",""自營商賣出股數(自行買賣)"":""2,000"",""自營商買賣超股數(自行買賣)"":""2,000"",""自營商買進股數(避險)"":""0"",""自營商賣出股數(避險)"":""0"",""自營商買賣超股數(避險)"":""0"",""三大法人買賣超股數"":""19,000""}"
2026-09-24,TWSE,6834,天二科技        ,1598530,1602190,-3660,0,0,0,110601,88162,22439,"{""證券代號"":""6834"",""證券名稱"":""天二科技        "",""外陸資買進股數(不含外資自營商)"":""1,598,530"",""外陸資賣出股數(不含外資自營商)"":""1,602,190"",""外陸資買賣超股數(不含外資自營商)"":""-3,660"",""外資自營商買進股數"":""0"",""外資自營商賣出股數"":""0"",""外資自營商買賣超股數"":""0"",""投信買進股數"":""0"",""投信賣出股數"":""0"",""投信買賣超股數"":""0"",""自營商買賣超股數"":""22,439"",""自營商買進股數(自行買賣)"":""0"",""自營商賣出股數(自行買賣)"":""0"",""自營商買賣超股數(自行買賣)"":""0"",""自營商買進股數(避險)"":""110,601"",""自營商賣出股數(避險)"":""88,162"",""自營商買賣超股數(避險)"":""22,439"",""三大法人買賣超股數"":""18,779""}"
2026-09-24,TWSE,5225,東科-KY         ,72000,54000,18000,0,0,0,0,0,0,"{""證券代號"":""5225"",""證券名稱"":""東科-KY         "",""外陸資買進股數(不含外資自營商)"":""72,000"",""外陸資賣出股數(不含外資自營商)"":""54,000"",""外陸資買賣超股數(不含外資自營商)"":""18,000"",""外資自營商買進股數"":""0"",""外資自營商賣出股數"":""0"",""外資自營商買賣超股數"":""0"",""投信買進股數"":""0"",""投信賣出股數"":""0"",""投信買賣超股數"":""0"",""自營商買賣超股數"":""0"",""自營商買進股數(自行買賣)"":""0"",""自營商賣出股數(自行買賣)"":""0"",""自營商買賣超股數(自行買賣)"":""0"",""自營商買進股數(避險)"":""0"",""自營商賣出股數(避險)"":""0"",""自營商買賣超股數(避險)"":""0"",""三大法人買賣超股數"":""18,000""}"
2026-09-24,TWSE,6552,易華電          ,23000,5000,18000,0,0,0,0,0,-1000,"{""證券代號"":""6552"",""證券名稱"":""易華電          "",""外陸資買進股數(不含外資自營商)"":""23,000"",""外陸資賣出股數(不含外資自營商)"":""5,000"",""外陸資買賣超股數(不含外資自營商)"":""18,000"",""外資自營商買進股數"":""0"",""外資自營商賣出股數"":""0"",""外資自營商買賣超股數"":""0"",""投信買進股數"":""0"",""投信賣出股數"":""0"",""投信買賣超股數"":""0"",""自營商買賣超股數"":""-1,000"",""自營商買進股數(自行買賣)"":""0"",""自營商賣出股數(自行買賣)"":""1,000"",""自營商買賣超股數(自行買賣)"":""-1,000"",""自營商買進股數(避險)"":""0"",""自營商賣出股數(避險)"":""0"",""自營商買賣超股數(避險)"":""0"",""三大法人買賣超股數"":""17,000""}"
2026-09-24,TWSE,8104,錸寶            ,76000,59000,17000,0,0,0,0,0,0,"{""證券代號"":""8104"",""證券名稱"":""錸寶            "",""外陸資買進股數(不含外資自營商)"":""76,000"",""外陸資賣出股數(不含外資自營商)"":""59,000"",""外陸資買賣超股數(不含外資自營商)"":""17,000"",""外資自營商買進股數"":""0"",""外資自營商賣出股數"":""0"",""外資自營商買賣超股數"":""0"",""投信買進股數"":""0"",""投信賣出股數"":""0"",""投信買賣超股數"":""0"",""自營商買賣超股數"":""0"",""自營商買進股數(自行買賣)"":""0"",""自營商賣出股數(自行買賣)"":""0"",""自營商買賣超股數(自行買賣)"":""0"",""自營商買進股數(避險)"":""0"",""自營商賣出股數(避險)"":""0"",""自營商買賣超股數(避險)"":""0"",""三大法人買賣超股數"":""17,000""}"
2026-09-24,TWSE,1537,廣隆            ,32000,15000,17000,0,0,0,0,0,-161,"{""證券代號"":""1537"",""證券名稱"":""廣隆            "",""外陸資買進股數(不含外資自營商)"":""32,000"",""外陸資賣出股數(不含外資自營商)"":""15,000"",""外陸資買賣超股數(不含外資自營商)"":""17,000"",""外資自營商買進股數"":""0"",""外資自營商賣出股數"":""0"",""外資自營商買賣超股數"":""0"",""投信買進股數"":""0"",""投信賣出股數"":""0"",""投信買賣超股數"":""0"",""自營商買賣超股數"":""-161"",""自營商買進股數(自行買賣)"":""0"",""自營商賣出股數(自行買賣)"":""161"",""自營商買賣超股數(自行買賣)"":""-161"",""自營商買進股數(避險)"":""0"",""自營商賣出股數(避險)"":""0"",""自營商買賣超股數(避險)"":""0"",""三大法人買賣超股數"":""16,839""}"
2026-09-24,TWSE,00710B,復華彭博非投等債,0,5000,-5000,0,0,0,149430,128188,21242,"{""證券代號"":""00710B"",""證券名稱"":""復華彭博非投等債"",""外陸資買進股數(不含外資自營商)"":""0"",""外陸資賣出股數(不含外資自營商)"":""5,000"",""外陸資買賣超股數(不含外資自營商)"":""-5,000"",""外資自營商買進股數"":""0"",""外資自營商賣出股數"":""0"",""外資自營商買賣超股數"":""0"",""投信買進股數"":""0"",""投信賣出股數"":""0"",""投信買賣超股數"":""0"",""自營商買賣超股數"":""21,242"",""自營商買進股數(自行買賣)"":""0"",""自營商賣出股數(自行買賣)"":""0"",""自營商買賣超股數(自行買賣)"":""0"",""自營商買進股數(避險)"":""149,430"",""自營商賣出股數(避險)"":""128,188"",""自營商買賣超股數(避險)"":""21,242"",""三大法人買賣超股數"":""16,242""}"
2026-09-24,TWSE,4722,國精化          ,274035,253000,21035,0,0,0,1000,6567,-5567,"{""證券代號"":""4722"",""證券名稱"":""國精化          "",""外陸資買進股數(不含外資自營商)"":""274,035"",""外陸資賣出股數(不含外資自營商)"":""253,000"",""外陸資買賣超股數(不含外資自營商)"":""21,035"",""外資自營商買進股數"":""0"",""外資自營商賣出股數"":""0"",""外資自營商買賣超股數"":""0"",""投信買進股數"":""0"",""投信賣出股數"":""0"",""投信買賣超股數"":""0"",""自營商買賣超股數"":""-5,567"",""自營商買進股數(自行買賣)"":""0"",""自營商賣出股數(自行買賣)"":""0"",""自營商買賣超股數(自行買賣)"":""0"",""自營商買進股數(避險)"":""1,000"",""自營商賣出股數(避險)"":""6,567"",""自營商買賣超股數(避險)"":""-5,567"",""三大法人買賣超股數"":""15,468""}"
2026-09-24,TWSE,2546,根基            ,42576,22013,20563,0,0,0,0,0,-5173,"{""證券代號"":""2546"",""證券名稱"":""根基            "",""外陸資買進股數(不含外資自營商)"":""42,576"",""外陸資賣出股數(不含外資自營商)"":""22,013"",""外陸資買賣超股數(不含外資自營商)"":""20,563"",""外資自營商買進股數"":""0"",""外資自營商賣出股數"":""0"",""外資自營商買賣超股數"":""0"",""投信買進股數"":""0"",""投信賣出股數"":""0"",""投信買賣超股數"":""0"",""自營商買賣超股數"":""-5,173"",""自營商買進股數(自行買賣)"":""0"",""自營商賣出股數(自行買賣)"":""5,173"",""自營商買賣超股數(自行買賣)"":""-5,173"",""自營商買進股數(避險)"":""0"",""自營商賣出股數(避險)"":""0"",""自營商買賣超股數(避險)"":""0"",""三大法人買賣超股數"":""15,390""}"
2026-09-24,TWSE,7827,漢康-KY創       ,218005,205000,13005,0,0,0,28000,27926,2074,"{""證券代號"":""7827"",""證券名稱"":""漢康-KY創       "",""外陸資買進股數(不含外資自營商)"":""218,005"",""外陸資賣出股數(不含外資自營商)"":""205,000"",""外陸資買賣超股數(不含外資自營商)"":""13,005"",""外資自營商買進股數"":""0"",""外資自營商賣出股數"":""0"",""外資自營商買賣超股數"":""0"",""投信買進股數"":""0"",""投信賣出股數"":""0"",""投信買賣超股數"":""0"",""自營商買賣超股數"":""2,074"",""自營商買進股數(自行買賣)"":""2,000"",""自營商賣出股數(自行買賣)"":""0"",""自營商買賣超股數(自行買賣)"":""2,000"",""自營商買進股數(避險)"":""28,000"",""自營商賣出股數(避險)"":""27,926"",""自營商買賣超股數(避險)"":""74"",""三大法人買賣超股數"":""15,079""}"
2026-09-24,TWSE,5203,訊連            ,42000,27000,15000,0,0,0,0,0,0,"{""證券代號"":""5203"",""證券名稱"":""訊連            "",""外陸資買進股數(不含外資自營商)"":""42,000"",""外陸資賣出股數(不含外資自營商)"":""27,000"",""外陸資買賣超股數(不含外資自營商)"":""15,000"",""外資自營商買進股數"":""0"",""外資自營商賣出股數"":""0"",""外資自營商買賣超股數"":""0"",""投信買進股數"":""0"",""投信賣出股數"":""0"",""投信買賣超股數"":""0"",""自營商買賣超股數"":""0"",""自營商買進股數(自行買賣)"":""0"",""自營商賣出股數(自行買賣)"":""0"",""自營商買賣超股數(自行買賣)"":""0"",""自營商買進股數(避險)"":""0"",""自營商賣出股數(避險)"":""0"",""自營商買賣超股數(避險)"":""0"",""三大法人買賣超股數"":""15,000""}"
2026-09-24,TWSE,6534,正瀚-創         ,22000,7000,15000,0,0,0,0,0,0,"{""證券代號"":""6534"",""證券名稱"":""正瀚-創         "",""外陸資買進股數(不含外資自營商)"":""22,000"",""外陸資賣出股數(不含外資自營商)"":""7,000"",""外陸資買賣超股數(不含外資自營商)"":""15,000"",""外資自營商買進股數"":""0"",""外資自營商賣出股數"":""0"",""外資自營商買賣超股數"":""0"",""投信買進股數"":""0"",""投信賣出股數"":""0"",""投信買賣超股數"":""0"",""自營商買賣超股數"":""0"",""自營商買進股數(自行買賣)"":""0"",""自營商賣出股數(自行買賣)"":""0"",""自營商買賣超股數(自行買賣)"":""0"",""自營商買進股數(避險)"":""0"",""自營商賣出股數(避險)"":""0"",""自營商買賣超股數(避險)"":""0"",""三大法人買賣超股數"":""15,000""}"
2026-09-24,TWSE,2611,志信            ,72000,61000,11000,0,0,0,0,0,4000,"{""證券代號"":""2611"",""證券名稱"":""志信            "",""外陸資買進股數(不含外資自營商)"":""72,000"",""外陸資賣出股數(不含外資自營商)"":""61,000"",""外陸資買賣超股數(不含外資自營商)"":""11,000"",""外資自營商買進股數"":""0"",""外資自營商賣出股數"":""0"",""外資自營商買賣超股數"":""0"",""投信買進股數"":""0"",""投信賣出股數"":""0"",""投信買賣超股數"":""0"",""自營商買賣超股數"":""4,000"",""自營商買進股數(自行買賣)"":""4,000"",""自營商賣出股數(自行買賣)"":""0"",""自營商買賣超股數(自行買賣)"":""4,000"",""自營商買進股數(避險)"":""0"",""自營商賣出股數(避險)"":""0"",""自營商買賣超股數(避險)"":""0"",""三大法人買賣超股數"":""15,000""}"
2026-09-24,TWSE,2434,統懋            ,94000,79000,15000,0,0,0,0,0,0,"{""證券代號"":""2434"",""證券名稱"":""統懋            "",""外陸資買進股數(不含外資自營商)"":""94,000"",""外陸資賣出股數(不含外資自營商)"":""79,000"",""外陸資買賣超股數(不含外資自營商)"":""15,000"",""外資自營商買進股數"":""0"",""外資自營商賣出股數"":""0"",""外資自營商買賣超股數"":""0"",""投信買進股數"":""0"",""投信賣出股數"":""0"",""投信買賣超股數"":""0"",""自營商買賣超股數"":""0"",""自營商買進股數(自行買賣)"":""0"",""自營商賣出股數(自行買賣)"":""0"",""自營商買賣超股數(自行買賣)"":""0"",""自營商買進股數(避險)"":""0"",""自營商賣出股數(避險)"":""0"",""自營商買賣超股數(避險)"":""0"",""三大法人買賣超股數"":""15,000""}"
2026-09-24,TWSE,00656R,國泰中國A50反1  ,0,0,0,0,0,0,15000,14,14986,"{""證券代號"":""00656R"",""證券名稱"":""國泰中國A50反1  "",""外陸資買進股數(不含外資自營商)"":""0"",""外陸資賣出股數(不含外資自營商)"":""0"",""外陸資買賣超股數(不含外資自營商)"":""0"",""外資自營商買進股數"":""0"",""外資自營商賣出股數"":""0"",""外資自營商買賣超股數"":""0"",""投信買進股數"":""0"",""投信賣出股數"":""0"",""投信買賣超股數"":""0"",""自營商買賣超股數"":""14,986"",""自營商買進股數(自行買賣)"":""0"",""自營商賣出股數(自行買賣)"":""0"",""自營商買賣超股數(自行買賣)"":""0"",""自營商買進股數(避險)"":""15,000"",""自營商賣出股數(避險)"":""14"",""自營商買賣超股數(避險)"":""14,986"",""三大法人買賣超股數"":""14,986""}"
2026-09-24,TWSE,1702,南僑            ,46000,32000,14000,0,0,0,0,0,688,"{""證券代號"":""1702"",""證券名稱"":""南僑            "",""外陸資買進股數(不含外資自營商)"":""46,000"",""外陸資賣出股數(不含外資自營商)"":""32,000"",""外陸資買賣超股數(不含外資自營商)"":""14,000"",""外資自營商買進股數"":""0"",""外資自營商賣出股數"":""0"",""外資自營商買賣超股數"":""0"",""投信買進股數"":""0"",""投信賣出股數"":""0"",""投信買賣超股數"":""0"",""自營商買賣超股數"":""688"",""自營商買進股數(自行買賣)"":""1,000"",""自營商賣出股數(自行買賣)"":""312"",""自營商買賣超股數(自行買賣)"":""688"",""自營商買進股數(避險)"":""0"",""自營商賣出股數(避險)"":""0"",""自營商買賣超股數(避險)"":""0"",""三大法人買賣超股數"":""14,688""}"
2026-09-24,TWSE,2613,中櫃            ,52058,38000,14058,0,0,0,0,0,0,"{""證券代號"":""2613"",""證券名稱"":""中櫃            "",""外陸資買進股數(不含外資自營商)"":""52,058"",""外陸資賣出股數(不含外資自營商)"":""38,000"",""外陸資買賣超股數(不含外資自營商)"":""14,058"",""外資自營商買進股數"":""0"",""外資自營商賣出股數"":""0"",""外資自營商買賣超股數"":""0"",""投信買進股數"":""0"",""投信賣出股數"":""0"",""投信買賣超股數"":""0"",""自營商買賣超股數"":""0"",""自營商買進股數(自行買賣)"":""0"",""自營商賣出股數(自行買賣)"":""0"",""自營商買賣超股數(自行買賣)"":""0"",""自營商買進股數(避險)"":""0"",""自營商賣出股數(避險)"":""0"",""自營商買賣超股數(避險)"":""0"",""三大法人買賣超股數"":""14,058""}"
2026-09-24,TWSE,2540,愛山林          ,130142,116000,14142,0,0,0,0,0,-1000,"{""證券代號"":""2540"",""證券名稱"":""愛山林          "",""外陸資買進股數(不含外資自營商)"":""130,142"",""外陸資賣出股數(不含外資自營商)"":""116,000"",""外陸資買賣超股數(不含外資自營商)"":""14,142"",""外資自營商買進股數"":""0"",""外資自營商賣出股數"":""0"",""外資自營商買賣超股數"":""0"",""投信買進股數"":""0"",""投信賣出股數"":""0"",""投信買賣超股數"":""0"",""自營商買賣超股數"":""-1,000"",""自營商買進股數(自行買賣)"":""0"",""自營商賣出股數(自行買賣)"":""1,000"",""自營商買賣超股數(自行買賣)"":""-1,000"",""自營商買進股數(避險)"":""0"",""自營商賣出股數(避險)"":""0"",""自營商買賣超股數(避險)"":""0"",""三大法人買賣超股數"":""13,142""}"
2026-09-24,TWSE,6272,驊陞            ,39020,26000,13020,0,0,0,0,0,0,"{""證券代號"":""6272"",""證券名稱"":""驊陞            "",""外陸資買進股數(不含外資自營商)"":""39,020"",""外陸資賣出股數(不含外資自營商)"":""26,000"",""外陸資買賣超股數(不含外資自營商)"":""13,020"",""外資自營商買進股數"":""0"",""外資自營商賣出股數"":""0"",""外資自營商買賣超股數"":""0"",""投信買進股數"":""0"",""投信賣出股數"":""0"",""投信買賣超股數"":""0"",""自營商買賣超股數"":""0"",""自營商買進股數(自行買賣)"":""0"",""自營商賣出股數(自行買賣)"":""0"",""自營商買賣超股數(自行買賣)"":""0"",""自營商買進股數(避險)"":""0"",""自營商賣出股數(避險)"":""0"",""自營商買賣超股數(避險)"":""0"",""三大法人買賣超股數"":""13,020""}"
2026-09-24,TWSE,2431,聯昌            ,16000,3000,13000,0,0,0,0,0,0,"{""證券代號"":""2431"",""證券名稱"":""聯昌            "",""外陸資買進股數(不含外資自營商)"":""16,000"",""外陸資賣出股數(不含外資自營商)"":""3,000"",""外陸資買賣超股數(不含外資自營商)"":""13,000"",""外資自營商買進股數"":""0"",""外資自營商賣出股數"":""0"",""外資自營商買賣超股數"":""0"",""投信買進股數"":""0"",""投信賣出股數"":""0"",""投信買賣超股數"":""0"",""自營商買賣超股數"":""0"",""自營商買進股數(自行買賣)"":""0"",""自營商賣出股數(自行買賣)"":""0"",""自營商買賣超股數(自行買賣)"":""0"",""自營商買進股數(避險)"":""0"",""自營商賣出股數(避險)"":""0"",""自營商買賣超股數(避險)"":""0"",""三大法人買賣超股數"":""13,000""}"
2026-09-24,TWSE,4441,振大環球        ,21000,8000,13000,0,0,0,0,0,0,"{""證券代號"":""4441"",""證券名稱"":""振大環球        "",""外陸資買進股數(不含外資自營商)"":""21,000"",""外陸資賣出股數(不含外資自營商)"":""8,000"",""外陸資買賣超股數(不含外資自營商)"":""13,000"",""外資自營商買進股數"":""0"",""外資自營商賣出股數"":""0"",""外資自營商買賣超股數"":""0"",""投信買進股數"":""0"",""投信賣出股數"":""0"",""投信買賣超股數"":""0"",""自營商買賣超股數"":""0"",""自營商買進股數(自行買賣)"":""0"",""自營商賣出股數(自行買賣)"":""0"",""自營商買賣超股數(自行買賣)"":""0"",""自營商買進股數(避險)"":""0"",""自營商賣出股數(避險)"":""0"",""自營商買賣超股數(避險)"":""0"",""三大法人買賣超股數"":""13,000""}"
2026-09-24,TWSE,4576,大銀微系統      ,267919,247000,20919,0,0,0,8554,10520,-7966,"{""證券代號"":""4576"",""證券名稱"":""大銀微系統      "",""外陸資買進股數(不含外資自營商)"":""267,919"",""外陸資賣出股數(不含外資自營商)"":""247,000"",""外陸資買賣超股數(不含外資自營商)"":""20,919"",""外資自營商買進股數"":""0"",""外資自營商賣出股數"":""0"",""外資自營商買賣超股數"":""0"",""投信買進股數"":""0"",""投信賣出股數"":""0"",""投信買賣超股數"":""0"",""自營商買賣超股數"":""-7,966"",""自營商買進股數(自行買賣)"":""1,000"",""自營商賣出股數(自行買賣)"":""7,000"",""自營商買賣超股數(自行買賣)"":""-6,000"",""自營商買進股數(避險)"":""8,554"",""自營商賣出股數(避險)"":""10,520"",""自營商買賣超股數(避險)"":""-1,966"",""三大法人買賣超股數"":""12,953""}"
2026-09-24,TWSE,009808,華南永昌優選50  ,6000,8000,-2000,0,0,0,17000,2810,14190,"{""證券代號"":""009808"",""證券名稱"":""華南永昌優選50  "",""外陸資買進股數(不含外資自營商)"":""6,000"",""外陸資賣出股數(不含外資自營商)"":""8,000"",""外陸資買賣超股數(不含外資自營商)"":""-2,000"",""外資自營商買進股數"":""0"",""外資自營商賣出股數"":""0"",""外資自營商買賣超股數"":""0"",""投信買進股數"":""0"",""投信賣出股數"":""0"",""投信買賣超股數"":""0"",""自營商買賣超股數"":""14,190"",""自營商買進股數(自行買賣)"":""0"",""自營商賣出股數(自行買賣)"":""0"",""自營商買賣超股數(自行買賣)"":""0"",""自營商買進股數(避險)"":""17,000"",""自營商賣出股數(避險)"":""2,810"",""自營商買賣超股數(避險)"":""14,190"",""三大法人買賣超股數"":""12,190""}"
2026-09-24,TWSE,5269,祥碩            ,126663,119235,7428,10000,0,10000,6879,8925,-5246,"{""證券代號"":""5269"",""證券名稱"":""祥碩            "",""外陸資買進股數(不含外資自營商)"":""126,663"",""外陸資賣出股數(不含外資自營商)"":""119,235"",""外陸資買賣超股數(不含外資自營商)"":""7,428"",""外資自營商買進股數"":""0"",""外資自營商賣出股數"":""0"",""外資自營商買賣超股數"":""0"",""投信買進股數"":""10,000"",""投信賣出股數"":""0"",""投信買賣超股數"":""10,000"",""自營商買賣超股數"":""-5,246"",""自營商買進股數(自行買賣)"":""100"",""自營商賣出股數(自行買賣)"":""3,300"",""自營商買賣超股數(自行買賣)"":""-3,200"",""自營商買進股數(避險)"":""6,879"",""自營商賣出股數(避險)"":""8,925"",""自營商買賣超股數(避險)"":""-2,046"",""三大法人買賣超股數"":""12,182""}"
2026-09-24,TWSE,1731,美吾華          ,17000,5000,12000,0,0,0,0,0,0,"{""證券代號"":""1731"",""證券名稱"":""美吾華          "",""外陸資買進股數(不含外資自營商)"":""17,000"",""外陸資賣出股數(不含外資自營商)"":""5,000"",""外陸資買賣超股數(不含外資自營商)"":""12,000"",""外資自營商買進股數"":""0"",""外資自營商賣出股數"":""0"",""外資自營商買賣超股數"":""0"",""投信買進股數"":""0"",""投信賣出股數"":""0"",""投信買賣超股數"":""0"",""自營商買賣超股數"":""0"",""自營商買進股數(自行買賣)"":""0"",""自營商賣出股數(自行買賣)"":""0"",""自營商買賣超股數(自行買賣)"":""0"",""自營商買進股數(避險)"":""0"",""自營商賣出股數(避險)"":""0"",""自營商買賣超股數(避險)"":""0"",""三大法人買賣超股數"":""12,000""}"
2026-09-24,TWSE,2072,世紀風電        ,80000,68000,12000,0,0,0,0,0,0,"{""證券代號"":""2072"",""證券名稱"":""世紀風電        "",""外陸資買進股數(不含外資自營商)"":""80,000"",""外陸資賣出股數(不含外資自營商)"":""68,000"",""外陸資買賣超股數(不含外資自營商)"":""12,000"",""外資自營商買進股數"":""0"",""外資自營商賣出股數"":""0"",""外資自營商買賣超股數"":""0"",""投信買進股數"":""0"",""投信賣出股數"":""0"",""投信買賣超股數"":""0"",""自營商買賣超股數"":""0"",""自營商買進股數(自行買賣)"":""0"",""自營商賣出股數(自行買賣)"":""0"",""自營商買賣超股數(自行買賣)"":""0"",""自營商買進股數(避險)"":""0"",""自營商賣出股數(避險)"":""0"",""自營商買賣超股數(避險)"":""0"",""三大法人買賣超股數"":""12,000""}"
2026-09-24,TWSE,2401,凌陽            ,454022,459237,-5215,30000,0,30000,0,7137,-13137,"{""證券代號"":""2401"",""證券名稱"":""凌陽            "",""外陸資買進股數(不含外資自營商)"":""454,022"",""外陸資賣出股數(不含外資自營商)"":""459,237"",""外陸資買賣超股數(不含外資自營商)"":""-5,215"",""外資自營商買進股數"":""0"",""外資自營商賣出股數"":""0"",""外資自營商買賣超股數"":""0"",""投信買進股數"":""30,000"",""投信賣出股數"":""0"",""投信買賣超股數"":""30,000"",""自營商買賣超股數"":""-13,137"",""自營商買進股數(自行買賣)"":""0"",""自營商賣出股數(自行買賣)"":""6,000"",""自營商買賣超股數(自行買賣)"":""-6,000"",""自營商買進股數(避險)"":""0"",""自營商賣出股數(避險)"":""7,137"",""自營商買賣超股數(避險)"":""-7,137"",""三大法人買賣超股數"":""11,648""}"
2026-09-24,TWSE,7823,奧義賽博-KY創   ,15000,4000,11000,0,0,0,2140,1583,557,"{""證券代號"":""7823"",""證券名稱"":""奧義賽博-KY創   "",""外陸資買進股數(不含外資自營商)"":""15,000"",""外陸資賣出股數(不含外資自營商)"":""4,000"",""外陸資買賣超股數(不含外資自營商)"":""11,000"",""外資自營商買進股數"":""0"",""外資自營商賣出股數"":""0"",""外資自營商買賣超股數"":""0"",""投信買進股數"":""0"",""投信賣出股數"":""0"",""投信買賣超股數"":""0"",""自營商買賣超股數"":""557"",""自營商買進股數(自行買賣)"":""0"",""自營商賣出股數(自行買賣)"":""0"",""自營商買賣超股數(自行買賣)"":""0"",""自營商買進股數(避險)"":""2,140"",""自營商賣出股數(避險)"":""1,583"",""自營商買賣超股數(避險)"":""557"",""三大法人買賣超股數"":""11,557""}"
2026-09-24,TWSE,1735,日勝化          ,12000,1000,11000,0,0,0,1000,600,400,"{""證券代號"":""1735"",""證券名稱"":""日勝化          "",""外陸資買進股數(不含外資自營商)"":""12,000"",""外陸資賣出股數(不含外資自營商)"":""1,000"",""外陸資買賣超股數(不含外資自營商)"":""11,000"",""外資自營商買進股數"":""0"",""外資自營商賣出股數"":""0"",""外資自營商買賣超股數"":""0"",""投信買進股數"":""0"",""投信賣出股數"":""0"",""投信買賣超股數"":""0"",""自營商買賣超股數"":""400"",""自營商買進股數(自行買賣)"":""0"",""自營商賣出股數(自行買賣)"":""0"",""自營商買賣超股數(自行買賣)"":""0"",""自營商買進股數(避險)"":""1,000"",""自營商賣出股數(避險)"":""600"",""自營商買賣超股數(避險)"":""400"",""三大法人買賣超股數"":""11,400""}"
2026-09-24,TWSE,2362,藍天            ,132130,119000,13130,0,0,0,0,0,-2000,"{""證券代號"":""2362"",""證券名稱"":""藍天            "",""外陸資買進股數(不含外資自營商)"":""132,130"",""外陸資賣出股數(不含外資自營商)"":""119,000"",""外陸資買賣超股數(不含外資自營商)"":""13,130"",""外資自營商買進股數"":""0"",""外資自營商賣出股數"":""0"",""外資自營商買賣超股數"":""0"",""投信買進股數"":""0"",""投信賣出股數"":""0"",""投信買賣超股數"":""0"",""自營商買賣超股數"":""-2,000"",""自營商買進股數(自行買賣)"":""0"",""自營商賣出股數(自行買賣)"":""2,000"",""自營商買賣超股數(自行買賣)"":""-2,000"",""自營商買進股數(避險)"":""0"",""自營商賣出股數(避險)"":""0"",""自營商買賣超股數(避險)"":""0"",""三大法人買賣超股數"":""11,130""}"
2026-09-24,TWSE,0051,元大中型100     ,3000,4000,-1000,0,0,0,15000,2880,12120,"{""證券代號"":""0051"",""證券名稱"":""元大中型100     "",""外陸資買進股數(不含外資自營商)"":""3,000"",""外陸資賣出股數(不含外資自營商)"":""4,000"",""外陸資買賣超股數(不含外資自營商)"":""-1,000"",""外資自營商買進股數"":""0"",""外資自營商賣出股數"":""0"",""外資自營商買賣超股數"":""0"",""投信買進股數"":""0"",""投信賣出股數"":""0"",""投信買賣超股數"":""0"",""自營商買賣超股數"":""12,120"",""自營商買進股數(自行買賣)"":""0"",""自營商賣出股數(自行買賣)"":""0"",""自營商買賣超股數(自行買賣)"":""0"",""自營商買進股數(避險)"":""15,000"",""自營商賣出股數(避險)"":""2,880"",""自營商買賣超股數(避險)"":""12,120"",""三大法人買賣超股數"":""11,120""}"
2026-09-24,TWSE,8016,矽創            ,180020,187011,-6991,20000,1798,18202,1000,1138,-170,"{""證券代號"":""8016"",""證券名稱"":""矽創            "",""外陸資買進股數(不含外資自營商)"":""180,020"",""外陸資賣出股數(不含外資自營商)"":""187,011"",""外陸資買賣超股數(不含外資自營商)"":""-6,991"",""外資自營商買進股數"":""0"",""外資自營商賣出股數"":""0"",""外資自營商買賣超股數"":""0"",""投信買進股數"":""20,000"",""投信賣出股數"":""1,798"",""投信買賣超股數"":""18,202"",""自營商買賣超股數"":""-170"",""自營商買進股數(自行買賣)"":""0"",""自營商賣出股數(自行買賣)"":""32"",""自營商買賣超股數(自行買賣)"":""-32"",""自營商買進股數(避險)"":""1,000"",""自營商賣出股數(避險)"":""1,138"",""自營商買賣超股數(避險)"":""-138"",""三大法人買賣超股數"":""11,041""}"
2026-09-24,TWSE,8222,寶一            ,36000,25000,11000,0,0,0,0,0,0,"{""證券代號"":""8222"",""證券名稱"":""寶一            "",""外陸資買進股數(不含外資自營商)"":""36,000"",""外陸資賣出股數(不含外資自營商)"":""25,000"",""外陸資買賣超股數(不含外資自營商)"":""11,000"",""外資自營商買進股數"":""0"",""外資自營商賣出股數"":""0"",""外資自營商買賣超股數"":""0"",""投信買進股數"":""0"",""投信賣出股數"":""0"",""投信買賣超股數"":""0"",""自營商買賣超股數"":""0"",""自營商買進股數(自行買賣)"":""0"",""自營商賣出股數(自行買賣)"":""0"",""自營商買賣超股數(自行買賣)"":""0"",""自營商買進股數(避險)"":""0"",""自營商賣出股數(避險)"":""0"",""自營商買賣超股數(避險)"":""0"",""三大法人買賣超股數"":""11,000""}"
2026-09-24,TWSE,6906,現觀科          ,14000,3000,11000,0,0,0,0,0,0,"{""證券代號"":""6906"",""證券名稱"":""現觀科          "",""外陸資買進股數(不含外資自營商)"":""14,000"",""外陸資賣出股數(不含外資自營商)"":""3,000"",""外陸資買賣超股數(不含外資自營商)"":""11,000"",""外資自營商買進股數"":""0"",""外資自營商賣出股數"":""0"",""外資自營商買賣超股數"":""0"",""投信買進股數"":""0"",""投信賣出股數"":""0"",""投信買賣超股數"":""0"",""自營商買賣超股數"":""0"",""自營商買進股數(自行買賣)"":""0"",""自營商賣出股數(自行買賣)"":""0"",""自營商買賣超股數(自行買賣)"":""0"",""自營商買進股數(避險)"":""0"",""自營商賣出股數(避險)"":""0"",""自營商買賣超股數(避險)"":""0"",""三大法人買賣超股數"":""11,000""}"
2026-09-24,TWSE,6698,旭暉應材        ,24000,13000,11000,0,0,0,0,0,0,"{""證券代號"":""6698"",""證券名稱"":""旭暉應材        "",""外陸資買進股數(不含外資自營商)"":""24,000"",""外陸資賣出股數(不含外資自營商)"":""13,000"",""外陸資買賣超股數(不含外資自營商)"":""11,000"",""外資自營商買進股數"":""0"",""外資自營商賣出股數"":""0"",""外資自營商買賣超股數"":""0"",""投信買進股數"":""0"",""投信賣出股數"":""0"",""投信買賣超股數"":""0"",""自營商買賣超股數"":""0"",""自營商買進股數(自行買賣)"":""0"",""自營商賣出股數(自行買賣)"":""0"",""自營商買賣超股數(自行買賣)"":""0"",""自營商買進股數(避險)"":""0"",""自營商賣出股數(避險)"":""0"",""自營商買賣超股數(避險)"":""0"",""三大法人買賣超股數"":""11,000""}"
2026-09-24,TWSE,1466,聚隆            ,28000,17057,10943,0,0,0,0,0,0,"{""證券代號"":""1466"",""證券名稱"":""聚隆            "",""外陸資買進股數(不含外資自營商)"":""28,000"",""外陸資賣出股數(不含外資自營商)"":""17,057"",""外陸資買賣超股數(不含外資自營商)"":""10,943"",""外資自營商買進股數"":""0"",""外資自營商賣出股數"":""0"",""外資自營商買賣超股數"":""0"",""投信買進股數"":""0"",""投信賣出股數"":""0"",""投信買賣超股數"":""0"",""自營商買賣超股數"":""0"",""自營商買進股數(自行買賣)"":""0"",""自營商賣出股數(自行買賣)"":""0"",""自營商買賣超股數(自行買賣)"":""0"",""自營商買進股數(避險)"":""0"",""自營商賣出股數(避險)"":""0"",""自營商買賣超股數(避險)"":""0"",""三大法人買賣超股數"":""10,943""}"
2026-09-24,TWSE,2534,宏盛            ,64000,53000,11000,0,0,0,0,0,-355,"{""證券代號"":""2534"",""證券名稱"":""宏盛            "",""外陸資買進股數(不含外資自營商)"":""64,000"",""外陸資賣出股數(不含外資自營商)"":""53,000"",""外陸資買賣超股數(不含外資自營商)"":""11,000"",""外資自營商買進股數"":""0"",""外資自營商賣出股數"":""0"",""外資自營商買賣超股數"":""0"",""投信買進股數"":""0"",""投信賣出股數"":""0"",""投信買賣超股數"":""0"",""自營商買賣超股數"":""-355"",""自營商買進股數(自行買賣)"":""1,000"",""自營商賣出股數(自行買賣)"":""1,355"",""自營商買賣超股數(自行買賣)"":""-355"",""自營商買進股數(避險)"":""0"",""自營商賣出股數(避險)"":""0"",""自營商買賣超股數(避險)"":""0"",""三大法人買賣超股數"":""10,645""}"
2026-09-24,TWSE,2204,中華            ,103115,89000,14115,0,2929,-2929,3000,3550,-550,"{""證券代號"":""2204"",""證券名稱"":""中華            "",""外陸資買進股數(不含外資自營商)"":""103,115"",""外陸資賣出股數(不含外資自營商)"":""89,000"",""外陸資買賣超股數(不含外資自營商)"":""14,115"",""外資自營商買進股數"":""0"",""外資自營商賣出股數"":""0"",""外資自營商買賣超股數"":""0"",""投信買進股數"":""0"",""投信賣出股數"":""2,929"",""投信買賣超股數"":""-2,929"",""自營商買賣超股數"":""-550"",""自營商買進股數(自行買賣)"":""0"",""自營商賣出股數(自行買賣)"":""0"",""自營商買賣超股數(自行買賣)"":""0"",""自營商買進股數(避險)"":""3,000"",""自營商賣出股數(避險)"":""3,550"",""自營商買賣超股數(避險)"":""-550"",""三大法人買賣超股數"":""10,636""}"
2026-09-24,TWSE,00666R,富邦恒生國企反1 ,0,17000,-17000,0,0,0,29142,2000,27142,"{""證券代號"":""00666R"",""證券名稱"":""富邦恒生國企反1 "",""外陸資買進股數(不含外資自營商)"":""0"",""外陸資賣出股數(不含外資自營商)"":""17,000"",""外陸資買賣超股數(不含外資自營商)"":""-17,000"",""外資自營商買進股數"":""0"",""外資自營商賣出股數"":""0"",""外資自營商買賣超股數"":""0"",""投信買進股數"":""0"",""投信賣出股數"":""0"",""投信買賣超股數"":""0"",""自營商買賣超股數"":""27,142"",""自營商買進股數(自行買賣)"":""0"",""自營商賣出股數(自行買賣)"":""0"",""自營商買賣超股數(自行買賣)"":""0"",""自營商買進股數(避險)"":""29,142"",""自營商賣出股數(避險)"":""2,000"",""自營商買賣超股數(避險)"":""27,142"",""三大法人買賣超股數"":""10,142""}"
2026-09-24,TWSE,1423,利華            ,12000,2000,10000,0,0,0,0,0,0,"{""證券代號"":""1423"",""證券名稱"":""利華            "",""外陸資買進股數(不含外資自營商)"":""12,000"",""外陸資賣出股數(不含外資自營商)"":""2,000"",""外陸資買賣超股數(不含外資自營商)"":""10,000"",""外資自營商買進股數"":""0"",""外資自營商賣出股數"":""0"",""外資自營商買賣超股數"":""0"",""投信買進股數"":""0"",""投信賣出股數"":""0"",""投信買賣超股數"":""0"",""自營商買賣超股數"":""0"",""自營商買進股數(自行買賣)"":""0"",""自營商賣出股數(自行買賣)"":""0"",""自營商買賣超股數(自行買賣)"":""0"",""自營商買進股數(避險)"":""0"",""自營商賣出股數(避險)"":""0"",""自營商買賣超股數(避險)"":""0"",""三大法人買賣超股數"":""10,000""}"
2026-09-24,TWSE,1615,大山            ,23000,13000,10000,0,0,0,0,0,0,"{""證券代號"":""1615"",""證券名稱"":""大山            "",""外陸資買進股數(不含外資自營商)"":""23,000"",""外陸資賣出股數(不含外資自營商)"":""13,000"",""外陸資買賣超股數(不含外資自營商)"":""10,000"",""外資自營商買進股數"":""0"",""外資自營商賣出股數"":""0"",""外資自營商買賣超股數"":""0"",""投信買進股數"":""0"",""投信賣出股數"":""0"",""投信買賣超股數"":""0"",""自營商買賣超股數"":""0"",""自營商買進股數(自行買賣)"":""0"",""自營商賣出股數(自行買賣)"":""0"",""自營商買賣超股數(自行買賣)"":""0"",""自營商買進股數(避險)"":""0"",""自營商賣出股數(避險)"":""0"",""自營商買賣超股數(避險)"":""0"",""三大法人買賣超股數"":""10,000""}"
2026-09-24,TWSE,6136,富爾特          ,41000,31000,10000,0,0,0,0,0,0,"{""證券代號"":""6136"",""證券名稱"":""富爾特          "",""外陸資買進股數(不含外資自營商)"":""41,000"",""外陸資賣出股數(不含外資自營商)"":""31,000"",""外陸資買賣超股數(不含外資自營商)"":""10,000"",""外資自營商買進股數"":""0"",""外資自營商賣出股數"":""0"",""外資自營商買賣超股數"":""0"",""投信買進股數"":""0"",""投信賣出股數"":""0"",""投信買賣超股數"":""0"",""自營商買賣超股數"":""0"",""自營商買進股數(自行買賣)"":""0"",""自營商賣出股數(自行買賣)"":""0"",""自營商買賣超股數(自行買賣)"":""0"",""自營商買進股數(避險)"":""0"",""自營商賣出股數(避險)"":""0"",""自營商買賣超股數(避險)"":""0"",""三大法人買賣超股數"":""10,000""}"
2026-09-24,TWSE,6962,奕力-KY         ,223000,233000,-10000,20000,0,20000,0,201,-201,"{""證券代號"":""6962"",""證券名稱"":""奕力-KY         "",""外陸資買進股數(不含外資自營商)"":""223,000"",""外陸資賣出股數(不含外資自營商)"":""233,000"",""外陸資買賣超股數(不含外資自營商)"":""-10,000"",""外資自營商買進股數"":""0"",""外資自營商賣出股數"":""0"",""外資自營商買賣超股數"":""0"",""投信買進股數"":""20,000"",""投信賣出股數"":""0"",""投信買賣超股數"":""20,000"",""自營商買賣超股數"":""-201"",""自營商買進股數(自行買賣)"":""0"",""自營商賣出股數(自行買賣)"":""0"",""自營商買賣超股數(自行買賣)"":""0"",""自營商買進股數(避險)"":""0"",""自營商賣出股數(避險)"":""201"",""自營商買賣超股數(避險)"":""-201"",""三大法人買賣超股數"":""9,799""}"
2026-09-24,TWSE,3004,豐達科          ,29100,20000,9100,0,0,0,1000,797,203,"{""證券代號"":""3004"",""證券名稱"":""豐達科          "",""外陸資買進股數(不含外資自營商)"":""29,100"",""外陸資賣出股數(不含外資自營商)"":""20,000"",""外陸資買賣超股數(不含外資自營商)"":""9,100"",""外資自營商買進股數"":""0"",""外資自營商賣出股數"":""0"",""外資自營商買賣超股數"":""0"",""投信買進股數"":""0"",""投信賣出股數"":""0"",""投信買賣超股數"":""0"",""自營商買賣超股數"":""203"",""自營商買進股數(自行買賣)"":""0"",""自營商賣出股數(自行買賣)"":""0"",""自營商買賣超股數(自行買賣)"":""0"",""自營商買進股數(避險)"":""1,000"",""自營商賣出股數(避險)"":""797"",""自營商買賣超股數(避險)"":""203"",""三大法人買賣超股數"":""9,303""}"
2026-09-24,TWSE,7786,東方風能        ,45179,36000,9179,0,0,0,0,0,0,"{""證券代號"":""7786"",""證券名稱"":""東方風能        "",""外陸資買進股數(不含外資自營商)"":""45,179"",""外陸資賣出股數(不含外資自營商)"":""36,000"",""外陸資買賣超股數(不含外資自營商)"":""9,179"",""外資自營商買進股數"":""0"",""外資自營商賣出股數"":""0"",""外資自營商買賣超股數"":""0"",""投信買進股數"":""0"",""投信賣出股數"":""0"",""投信買賣超股數"":""0"",""自營商買賣超股數"":""0"",""自營商買進股數(自行買賣)"":""0"",""自營商賣出股數(自行買賣)"":""0"",""自營商買賣超股數(自行買賣)"":""0"",""自營商買進股數(避險)"":""0"",""自營商賣出股數(避險)"":""0"",""自營商買賣超股數(避險)"":""0"",""三大法人買賣超股數"":""9,179""}"
2026-09-24,TWSE,2428,興勤            ,162733,135160,27573,0,17000,-17000,1472,3084,-1612,"{""證券代號"":""2428"",""證券名稱"":""興勤            "",""外陸資買進股數(不含外資自營商)"":""162,733"",""外陸資賣出股數(不含外資自營商)"":""135,160"",""外陸資買賣超股數(不含外資自營商)"":""27,573"",""外資自營商買進股數"":""0"",""外資自營商賣出股數"":""0"",""外資自營商買賣超股數"":""0"",""投信買進股數"":""0"",""投信賣出股數"":""17,000"",""投信買賣超股數"":""-17,000"",""自營商買賣超股數"":""-1,612"",""自營商買進股數(自行買賣)"":""0"",""自營商賣出股數(自行買賣)"":""0"",""自營商買賣超股數(自行買賣)"":""0"",""自營商買進股數(避險)"":""1,472"",""自營商賣出股數(避險)"":""3,084"",""自營商買賣超股數(避險)"":""-1,612"",""三大法人買賣超股數"":""8,961""}"
2026-09-24,TWSE,8045,達運光電        ,41773,33000,8773,0,0,0,0,0,144,"{""證券代號"":""8045"",""證券名稱"":""達運光電        "",""外陸資買進股數(不含外資自營商)"":""41,773"",""外陸資賣出股數(不含外資自營商)"":""33,000"",""外陸資買賣超股數(不含外資自營商)"":""8,773"",""外資自營商買進股數"":""0"",""外資自營商賣出股數"":""0"",""外資自營商買賣超股數"":""0"",""投信買進股數"":""0"",""投信賣出股數"":""0"",""投信買賣超股數"":""0"",""自營商買賣超股數"":""144"",""自營商買進股數(自行買賣)"":""144"",""自營商賣出股數(自行買賣)"":""0"",""自營商買賣超股數(自行買賣)"":""144"",""自營商買進股數(避險)"":""0"",""自營商賣出股數(避險)"":""0"",""自營商買賣超股數(避險)"":""0"",""三大法人買賣超股數"":""8,917""}"
2026-09-24,TWSE,6753,龍德造船        ,63626,46863,16763,0,0,0,3000,11303,-8303,"{""證券代號"":""6753"",""證券名稱"":""龍德造船        "",""外陸資買進股數(不含外資自營商)"":""63,626"",""外陸資賣出股數(不含外資自營商)"":""46,863"",""外陸資買賣超股數(不含外資自營商)"":""16,763"",""外資自營商買進股數"":""0"",""外資自營商賣出股數"":""0"",""外資自營商買賣超股數"":""0"",""投信買進股數"":""0"",""投信賣出股數"":""0"",""投信買賣超股數"":""0"",""自營商買賣超股數"":""-8,303"",""自營商買進股數(自行買賣)"":""0"",""自營商賣出股數(自行買賣)"":""0"",""自營商買賣超股數(自行買賣)"":""0"",""自營商買進股數(避險)"":""3,000"",""自營商賣出股數(避險)"":""11,303"",""自營商買賣超股數(避險)"":""-8,303"",""三大法人買賣超股數"":""8,460""}"
2026-09-24,TWSE,3708,上緯投控        ,94100,83000,11100,0,0,0,77,3000,-2923,"{""證券代號"":""3708"",""證券名稱"":""上緯投控        "",""外陸資買進股數(不含外資自營商)"":""94,100"",""外陸資賣出股數(不含外資自營商)"":""83,000"",""外陸資買賣超股數(不含外資自營商)"":""11,100"",""外資自營商買進股數"":""0"",""外資自營商賣出股數"":""0"",""外資自營商買賣超股數"":""0"",""投信買進股數"":""0"",""投信賣出股數"":""0"",""投信買賣超股數"":""0"",""自營商買賣超股數"":""-2,923"",""自營商買進股數(自行買賣)"":""0"",""自營商賣出股數(自行買賣)"":""0"",""自營商買賣超股數(自行買賣)"":""0"",""自營商買進股數(避險)"":""77"",""自營商賣出股數(避險)"":""3,000"",""自營商買賣超股數(避險)"":""-2,923"",""三大法人買賣超股數"":""8,177""}"
2026-09-24,TWSE,3054,立萬利          ,28000,21000,7000,0,0,0,0,0,1000,"{""證券代號"":""3054"",""證券名稱"":""立萬利          "",""外陸資買進股數(不含外資自營商)"":""28,000"",""外陸資賣出股數(不含外資自營商)"":""21,000"",""外陸資買賣超股數(不含外資自營商)"":""7,000"",""外資自營商買進股數"":""0"",""外資自營商賣出股數"":""0"",""外資自營商買賣超股數"":""0"",""投信買進股數"":""0"",""投信賣出股數"":""0"",""投信買賣超股數"":""0"",""自營商買賣超股數"":""1,000"",""自營商買進股數(自行買賣)"":""1,000"",""自營商賣出股數(自行買賣)"":""0"",""自營商買賣超股數(自行買賣)"":""1,000"",""自營商買進股數(避險)"":""0"",""自營商賣出股數(避險)"":""0"",""自營商買賣超股數(避險)"":""0"",""三大法人買賣超股數"":""8,000""}"
2026-09-24,TWSE,3437,榮創            ,586000,576000,10000,0,0,0,0,0,-2000,"{""證券代號"":""3437"",""證券名稱"":""榮創            "",""外陸資買進股數(不含外資自營商)"":""586,000"",""外陸資賣出股數(不含外資自營商)"":""576,000"",""外陸資買賣超股數(不含外資自營商)"":""10,000"",""外資自營商買進股數"":""0"",""外資自營商賣出股數"":""0"",""外資自營商買賣超股數"":""0"",""投信買進股數"":""0"",""投信賣出股數"":""0"",""投信買賣超股數"":""0"",""自營商買賣超股數"":""-2,000"",""自營商買進股數(自行買賣)"":""0"",""自營商賣出股數(自行買賣)"":""2,000"",""自營商買賣超股數(自行買賣)"":""-2,000"",""自營商買進股數(避險)"":""0"",""自營商賣出股數(避險)"":""0"",""自營商買賣超股數(避險)"":""0"",""三大法人買賣超股數"":""8,000""}"
2026-09-24,TWSE,8499,鼎炫-KY         ,9000,1000,8000,0,0,0,0,0,0,"{""證券代號"":""8499"",""證券名稱"":""鼎炫-KY         "",""外陸資買進股數(不含外資自營商)"":""9,000"",""外陸資賣出股數(不含外資自營商)"":""1,000"",""外陸資買賣超股數(不含外資自營商)"":""8,000"",""外資自營商買進股數"":""0"",""外資自營商賣出股數"":""0"",""外資自營商買賣超股數"":""0"",""投信買進股數"":""0"",""投信賣出股數"":""0"",""投信買賣超股數"":""0"",""自營商買賣超股數"":""0"",""自營商買進股數(自行買賣)"":""0"",""自營商賣出股數(自行買賣)"":""0"",""自營商買賣超股數(自行買賣)"":""0"",""自營商買進股數(避險)"":""0"",""自營商賣出股數(避險)"":""0"",""自營商買賣超股數(避險)"":""0"",""三大法人買賣超股數"":""8,000""}"
2026-09-24,TWSE,8070,長華*           ,653000,665000,-12000,0,4371,-4371,4104,19107,23997,"{""證券代號"":""8070"",""證券名稱"":""長華*           "",""外陸資買進股數(不含外資自營商)"":""653,000"",""外陸資賣出股數(不含外資自營商)"":""665,000"",""外陸資買賣超股數(不含外資自營商)"":""-12,000"",""外資自營商買進股數"":""0"",""外資自營商賣出股數"":""0"",""外資自營商買賣超股數"":""0"",""投信買進股數"":""0"",""投信賣出股數"":""4,371"",""投信買賣超股數"":""-4,371"",""自營商買賣超股數"":""23,997"",""自營商買進股數(自行買賣)"":""60,000"",""自營商賣出股數(自行買賣)"":""21,000"",""自營商買賣超股數(自行買賣)"":""39,000"",""自營商買進股數(避險)"":""4,104"",""自營商賣出股數(避險)"":""19,107"",""自營商買賣超股數(避險)"":""-15,003"",""三大法人買賣超股數"":""7,626""}"
2026-09-24,TWSE,4952,凌通            ,47000,41411,5589,0,0,0,0,0,2000,"{""證券代號"":""4952"",""證券名稱"":""凌通            "",""外陸資買進股數(不含外資自營商)"":""47,000"",""外陸資賣出股數(不含外資自營商)"":""41,411"",""外陸資買賣超股數(不含外資自營商)"":""5,589"",""外資自營商買進股數"":""0"",""外資自營商賣出股數"":""0"",""外資自營商買賣超股數"":""0"",""投信買進股數"":""0"",""投信賣出股數"":""0"",""投信買賣超股數"":""0"",""自營商買賣超股數"":""2,000"",""自營商買進股數(自行買賣)"":""2,000"",""自營商賣出股數(自行買賣)"":""0"",""自營商買賣超股數(自行買賣)"":""2,000"",""自營商買進股數(避險)"":""0"",""自營商賣出股數(避險)"":""0"",""自營商買賣超股數(避險)"":""0"",""三大法人買賣超股數"":""7,589""}"
2026-09-24,TWSE,00683L,期元大美元指正2 ,0,0,0,0,0,0,12260,5000,7260,"{""證券代號"":""00683L"",""證券名稱"":""期元大美元指正2 "",""外陸資買進股數(不含外資自營商)"":""0"",""外陸資賣出股數(不含外資自營商)"":""0"",""外陸資買賣超股數(不含外資自營商)"":""0"",""外資自營商買進股數"":""0"",""外資自營商賣出股數"":""0"",""外資自營商買賣超股數"":""0"",""投信買進股數"":""0"",""投信賣出股數"":""0"",""投信買賣超股數"":""0"",""自營商買賣超股數"":""7,260"",""自營商買進股數(自行買賣)"":""0"",""自營商賣出股數(自行買賣)"":""0"",""自營商買賣超股數(自行買賣)"":""0"",""自營商買進股數(避險)"":""12,260"",""自營商賣出股數(避險)"":""5,000"",""自營商買賣超股數(避險)"":""7,260"",""三大法人買賣超股數"":""7,260""}"
2026-09-24,TWSE,00674R,期元大S&P黃金反1,0,0,0,0,0,0,45529,38300,7229,"{""證券代號"":""00674R"",""證券名稱"":""期元大S&P黃金反1"",""外陸資買進股數(不含外資自營商)"":""0"",""外陸資賣出股數(不含外資自營商)"":""0"",""外陸資買賣超股數(不含外資自營商)"":""0"",""外資自營商買進股數"":""0"",""外資自營商賣出股數"":""0"",""外資自營商買賣超股數"":""0"",""投信買進股數"":""0"",""投信賣出股數"":""0"",""投信買賣超股數"":""0"",""自營商買賣超股數"":""7,229"",""自營商買進股數(自行買賣)"":""0"",""自營商賣出股數(自行買賣)"":""0"",""自營商買賣超股數(自行買賣)"":""0"",""自營商買進股數(避險)"":""45,529"",""自營商賣出股數(避險)"":""38,300"",""自營商買賣超股數(避險)"":""7,229"",""三大法人買賣超股數"":""7,229""}"
2026-09-24,TWSE,6165,浪凡            ,62000,55000,7000,0,0,0,0,0,0,"{""證券代號"":""6165"",""證券名稱"":""浪凡            "",""外陸資買進股數(不含外資自營商)"":""62,000"",""外陸資賣出股數(不含外資自營商)"":""55,000"",""外陸資買賣超股數(不含外資自營商)"":""7,000"",""外資自營商買進股數"":""0"",""外資自營商賣出股數"":""0"",""外資自營商買賣超股數"":""0"",""投信買進股數"":""0"",""投信賣出股數"":""0"",""投信買賣超股數"":""0"",""自營商買賣超股數"":""0"",""自營商買進股數(自行買賣)"":""0"",""自營商賣出股數(自行買賣)"":""0"",""自營商買賣超股數(自行買賣)"":""0"",""自營商買進股數(避險)"":""0"",""自營商賣出股數(避險)"":""0"",""自營商買賣超股數(避險)"":""0"",""三大法人買賣超股數"":""7,000""}"
2026-09-24,TWSE,1516,川飛            ,9000,2000,7000,0,0,0,0,0,0,"{""證券代號"":""1516"",""證券名稱"":""川飛            "",""外陸資買進股數(不含外資自營商)"":""9,000"",""外陸資賣出股數(不含外資自營商)"":""2,000"",""外陸資買賣超股數(不含外資自營商)"":""7,000"",""外資自營商買進股數"":""0"",""外資自營商賣出股數"":""0"",""外資自營商買賣超股數"":""0"",""投信買進股數"":""0"",""投信賣出股數"":""0"",""投信買賣超股數"":""0"",""自營商買賣超股數"":""0"",""自營商買進股數(自行買賣)"":""0"",""自營商賣出股數(自行買賣)"":""0"",""自營商買賣超股數(自行買賣)"":""0"",""自營商買進股數(避險)"":""0"",""自營商賣出股數(避險)"":""0"",""自營商買賣超股數(避險)"":""0"",""三大法人買賣超股數"":""7,000""}"
2026-09-24,TWSE,2723,美食-KY         ,53808,47000,6808,0,0,0,0,0,0,"{""證券代號"":""2723"",""證券名稱"":""美食-KY         "",""外陸資買進股數(不含外資自營商)"":""53,808"",""外陸資賣出股數(不含外資自營商)"":""47,000"",""外陸資買賣超股數(不含外資自營商)"":""6,808"",""外資自營商買進股數"":""0"",""外資自營商賣出股數"":""0"",""外資自營商買賣超股數"":""0"",""投信買進股數"":""0"",""投信賣出股數"":""0"",""投信買賣超股數"":""0"",""自營商買賣超股數"":""0"",""自營商買進股數(自行買賣)"":""0"",""自營商賣出股數(自行買賣)"":""0"",""自營商買賣超股數(自行買賣)"":""0"",""自營商買進股數(避險)"":""0"",""自營商賣出股數(避險)"":""0"",""自營商買賣超股數(避險)"":""0"",""三大法人買賣超股數"":""6,808""}"
2026-09-24,TWSE,1342,八貫            ,18100,12000,6100,0,0,0,0,0,0,"{""證券代號"":""1342"",""證券名稱"":""八貫            "",""外陸資買進股數(不含外資自營商)"":""18,100"",""外陸資賣出股數(不含外資自營商)"":""12,000"",""外陸資買賣超股數(不含外資自營商)"":""6,100"",""外資自營商買進股數"":""0"",""外資自營商賣出股數"":""0"",""外資自營商買賣超股數"":""0"",""投信買進股數"":""0"",""投信賣出股數"":""0"",""投信買賣超股數"":""0"",""自營商買賣超股數"":""0"",""自營商買進股數(自行買賣)"":""0"",""自營商賣出股數(自行買賣)"":""0"",""自營商買賣超股數(自行買賣)"":""0"",""自營商買進股數(避險)"":""0"",""自營商賣出股數(避險)"":""0"",""自營商買賣超股數(避險)"":""0"",""三大法人買賣超股數"":""6,100""}"
2026-09-24,TWSE,2387,精元            ,27000,21000,6000,0,0,0,0,0,0,"{""證券代號"":""2387"",""證券名稱"":""精元            "",""外陸資買進股數(不含外資自營商)"":""27,000"",""外陸資賣出股數(不含外資自營商)"":""21,000"",""外陸資買賣超股數(不含外資自營商)"":""6,000"",""外資自營商買進股數"":""0"",""外資自營商賣出股數"":""0"",""外資自營商買賣超股數"":""0"",""投信買進股數"":""0"",""投信賣出股數"":""0"",""投信買賣超股數"":""0"",""自營商買賣超股數"":""0"",""自營商買進股數(自行買賣)"":""0"",""自營商賣出股數(自行買賣)"":""0"",""自營商買賣超股數(自行買賣)"":""0"",""自營商買進股數(避險)"":""0"",""自營商賣出股數(避險)"":""0"",""自營商買賣超股數(避險)"":""0"",""三大法人買賣超股數"":""6,000""}"
2026-09-24,TWSE,4426,利勤            ,12000,6000,6000,0,0,0,0,0,0,"{""證券代號"":""4426"",""證券名稱"":""利勤            "",""外陸資買進股數(不含外資自營商)"":""12,000"",""外陸資賣出股數(不含外資自營商)"":""6,000"",""外陸資買賣超股數(不含外資自營商)"":""6,000"",""外資自營商買進股數"":""0"",""外資自營商賣出股數"":""0"",""外資自營商買賣超股數"":""0"",""投信買進股數"":""0"",""投信賣出股數"":""0"",""投信買賣超股數"":""0"",""自營商買賣超股數"":""0"",""自營商買進股數(自行買賣)"":""0"",""自營商賣出股數(自行買賣)"":""0"",""自營商買賣超股數(自行買賣)"":""0"",""自營商買進股數(避險)"":""0"",""自營商賣出股數(避險)"":""0"",""自營商買賣超股數(避險)"":""0"",""三大法人買賣超股數"":""6,000""}"
2026-09-24,TWSE,6934,心誠鎂          ,16000,10000,6000,0,0,0,0,0,0,"{""證券代號"":""6934"",""證券名稱"":""心誠鎂          "",""外陸資買進股數(不含外資自營商)"":""16,000"",""外陸資賣出股數(不含外資自營商)"":""10,000"",""外陸資買賣超股數(不含外資自營商)"":""6,000"",""外資自營商買進股數"":""0"",""外資自營商賣出股數"":""0"",""外資自營商買賣超股數"":""0"",""投信買進股數"":""0"",""投信賣出股數"":""0"",""投信買賣超股數"":""0"",""自營商買賣超股數"":""0"",""自營商買進股數(自行買賣)"":""0"",""自營商賣出股數(自行買賣)"":""0"",""自營商買賣超股數(自行買賣)"":""0"",""自營商買進股數(避險)"":""0"",""自營商賣出股數(避險)"":""0"",""自營商買賣超股數(避險)"":""0"",""三大法人買賣超股數"":""6,000""}"
2026-09-24,TWSE,2477,美隆電          ,21000,15000,6000,0,0,0,0,0,0,"{""證券代號"":""2477"",""證券名稱"":""美隆電          "",""外陸資買進股數(不含外資自營商)"":""21,000"",""外陸資賣出股數(不含外資自營商)"":""15,000"",""外陸資買賣超股數(不含外資自營商)"":""6,000"",""外資自營商買進股數"":""0"",""外資自營商賣出股數"":""0"",""外資自營商買賣超股數"":""0"",""投信買進股數"":""0"",""投信賣出股數"":""0"",""投信買賣超股數"":""0"",""自營商買賣超股數"":""0"",""自營商買進股數(自行買賣)"":""0"",""自營商賣出股數(自行買賣)"":""0"",""自營商買賣超股數(自行買賣)"":""0"",""自營商買進股數(避險)"":""0"",""自營商賣出股數(避險)"":""0"",""自營商買賣超股數(避險)"":""0"",""三大法人買賣超股數"":""6,000""}"
2026-09-24,TWSE,2415,錩新            ,38000,31000,7000,0,0,0,0,0,-1015,"{""證券代號"":""2415"",""證券名稱"":""錩新            "",""外陸資買進股數(不含外資自營商)"":""38,000"",""外陸資賣出股數(不含外資自營商)"":""31,000"",""外陸資買賣超股數(不含外資自營商)"":""7,000"",""外資自營商買進股數"":""0"",""外資自營商賣出股數"":""0"",""外資自營商買賣超股數"":""0"",""投信買進股數"":""0"",""投信賣出股數"":""0"",""投信買賣超股數"":""0"",""自營商買賣超股數"":""-1,015"",""自營商買進股數(自行買賣)"":""0"",""自營商賣出股數(自行買賣)"":""1,015"",""自營商買賣超股數(自行買賣)"":""-1,015"",""自營商買進股數(避險)"":""0"",""自營商賣出股數(避險)"":""0"",""自營商買賣超股數(避險)"":""0"",""三大法人買賣超股數"":""5,985""}"
2026-09-24,TWSE,2630,亞航            ,139000,47106,91894,0,0,0,0,86266,-86266,"{""證券代號"":""2630"",""證券名稱"":""亞航            "",""外陸資買進股數(不含外資自營商)"":""139,000"",""外陸資賣出股數(不含外資自營商)"":""47,106"",""外陸資買賣超股數(不含外資自營商)"":""91,894"",""外資自營商買進股數"":""0"",""外資自營商賣出股數"":""0"",""外資自營商買賣超股數"":""0"",""投信買進股數"":""0"",""投信賣出股數"":""0"",""投信買賣超股數"":""0"",""自營商買賣超股數"":""-86,266"",""自營商買進股數(自行買賣)"":""0"",""自營商賣出股數(自行買賣)"":""0"",""自營商買賣超股數(自行買賣)"":""0"",""自營商買進股數(避險)"":""0"",""自營商賣出股數(避險)"":""86,266"",""自營商買賣超股數(避險)"":""-86,266"",""三大法人買賣超股數"":""5,628""}"
2026-09-24,TWSE,1597,直得            ,182000,187721,-5721,0,0,0,19131,8121,11010,"{""證券代號"":""1597"",""證券名稱"":""直得            "",""外陸資買進股數(不含外資自營商)"":""182,000"",""外陸資賣出股數(不含外資自營商)"":""187,721"",""外陸資買賣超股數(不含外資自營商)"":""-5,721"",""外資自營商買進股數"":""0"",""外資自營商賣出股數"":""0"",""外資自營商買賣超股數"":""0"",""投信買進股數"":""0"",""投信賣出股數"":""0"",""投信買賣超股數"":""0"",""自營商買賣超股數"":""11,010"",""自營商買進股數(自行買賣)"":""0"",""自營商賣出股數(自行買賣)"":""0"",""自營商買賣超股數(自行買賣)"":""0"",""自營商買進股數(避險)"":""19,131"",""自營商賣出股數(避險)"":""8,121"",""自營商買賣超股數(避險)"":""11,010"",""三大法人買賣超股數"":""5,289""}"
2026-09-24,TWSE,7631,聚賢研發-創     ,8000,2000,6000,0,0,0,1000,828,-828,"{""證券代號"":""7631"",""證券名稱"":""聚賢研發-創     "",""外陸資買進股數(不含外資自營商)"":""8,000"",""外陸資賣出股數(不含外資自營商)"":""2,000"",""外陸資買賣超股數(不含外資自營商)"":""6,000"",""外資自營商買進股數"":""0"",""外資自營商賣出股數"":""0"",""外資自營商買賣超股數"":""0"",""投信買進股數"":""0"",""投信賣出股數"":""0"",""投信買賣超股數"":""0"",""自營商買賣超股數"":""-828"",""自營商買進股數(自行買賣)"":""0"",""自營商賣出股數(自行買賣)"":""1,000"",""自營商買賣超股數(自行買賣)"":""-1,000"",""自營商買進股數(避險)"":""1,000"",""自營商賣出股數(避險)"":""828"",""自營商買賣超股數(避險)"":""172"",""三大法人買賣超股數"":""5,172""}"
2026-09-24,TWSE,6606,建德工業        ,21000,16000,5000,0,0,0,0,0,0,"{""證券代號"":""6606"",""證券名稱"":""建德工業        "",""外陸資買進股數(不含外資自營商)"":""21,000"",""外陸資賣出股數(不含外資自營商)"":""16,000"",""外陸資買賣超股數(不含外資自營商)"":""5,000"",""外資自營商買進股數"":""0"",""外資自營商賣出股數"":""0"",""外資自營商買賣超股數"":""0"",""投信買進股數"":""0"",""投信賣出股數"":""0"",""投信買賣超股數"":""0"",""自營商買賣超股數"":""0"",""自營商買進股數(自行買賣)"":""0"",""自營商賣出股數(自行買賣)"":""0"",""自營商買賣超股數(自行買賣)"":""0"",""自營商買進股數(避險)"":""0"",""自營商賣出股數(避險)"":""0"",""自營商買賣超股數(避險)"":""0"",""三大法人買賣超股數"":""5,000""}"
2026-09-24,TWSE,1340,勝悅-KY         ,8000,3000,5000,0,0,0,0,0,0,"{""證券代號"":""1340"",""證券名稱"":""勝悅-KY         "",""外陸資買進股數(不含外資自營商)"":""8,000"",""外陸資賣出股數(不含外資自營商)"":""3,000"",""外陸資買賣超股數(不含外資自營商)"":""5,000"",""外資自營商買進股數"":""0"",""外資自營商賣出股數"":""0"",""外資自營商買賣超股數"":""0"",""投信買進股數"":""0"",""投信賣出股數"":""0"",""投信買賣超股數"":""0"",""自營商買賣超股數"":""0"",""自營商買進股數(自行買賣)"":""0"",""自營商賣出股數(自行買賣)"":""0"",""自營商買賣超股數(自行買賣)"":""0"",""自營商買進股數(避險)"":""0"",""自營商賣出股數(避險)"":""0"",""自營商買賣超股數(避險)"":""0"",""三大法人買賣超股數"":""5,000""}"
2026-09-24,TWSE,6928,攸泰科技        ,13000,8000,5000,0,0,0,0,0,0,"{""證券代號"":""6928"",""證券名稱"":""攸泰科技        "",""外陸資買進股數(不含外資自營商)"":""13,000"",""外陸資賣出股數(不含外資自營商)"":""8,000"",""外陸資買賣超股數(不含外資自營商)"":""5,000"",""外資自營商買進股數"":""0"",""外資自營商賣出股數"":""0"",""外資自營商買賣超股數"":""0"",""投信買進股數"":""0"",""投信賣出股數"":""0"",""投信買賣超股數"":""0"",""自營商買賣超股數"":""0"",""自營商買進股數(自行買賣)"":""0"",""自營商賣出股數(自行買賣)"":""0"",""自營商買賣超股數(自行買賣)"":""0"",""自營商買進股數(避險)"":""0"",""自營商賣出股數(避險)"":""0"",""自營商買賣超股數(避險)"":""0"",""三大法人買賣超股數"":""5,000""}"
2026-09-24,TWSE,6794,向榮生技        ,6000,1000,5000,0,0,0,0,0,0,"{""證券代號"":""6794"",""證券名稱"":""向榮生技        "",""外陸資買進股數(不含外資自營商)"":""6,000"",""外陸資賣出股數(不含外資自營商)"":""1,000"",""外陸資買賣超股數(不含外資自營商)"":""5,000"",""外資自營商買進股數"":""0"",""外資自營商賣出股數"":""0"",""外資自營商買賣超股數"":""0"",""投信買進股數"":""0"",""投信賣出股數"":""0"",""投信買賣超股數"":""0"",""自營商買賣超股數"":""0"",""自營商買進股數(自行買賣)"":""0"",""自營商賣出股數(自行買賣)"":""0"",""自營商買賣超股數(自行買賣)"":""0"",""自營商買進股數(避險)"":""0"",""自營商賣出股數(避險)"":""0"",""自營商買賣超股數(避險)"":""0"",""三大法人買賣超股數"":""5,000""}"
2026-09-24,TWSE,7689,大鵬科CLMX      ,6000,1000,5000,0,0,0,0,0,0,"{""證券代號"":""7689"",""證券名稱"":""大鵬科CLMX      "",""外陸資買進股數(不含外資自營商)"":""6,000"",""外陸資賣出股數(不含外資自營商)"":""1,000"",""外陸資買賣超股數(不含外資自營商)"":""5,000"",""外資自營商買進股數"":""0"",""外資自營商賣出股數"":""0"",""外資自營商買賣超股數"":""0"",""投信買進股數"":""0"",""投信賣出股數"":""0"",""投信買賣超股數"":""0"",""自營商買賣超股數"":""0"",""自營商買進股數(自行買賣)"":""0"",""自營商賣出股數(自行買賣)"":""0"",""自營商買賣超股數(自行買賣)"":""0"",""自營商買進股數(避險)"":""0"",""自營商賣出股數(避險)"":""0"",""自營商買賣超股數(避險)"":""0"",""三大法人買賣超股數"":""5,000""}"
2026-09-24,TWSE,6921,嘉雨思-創       ,6000,1000,5000,0,0,0,5000,5100,-100,"{""證券代號"":""6921"",""證券名稱"":""嘉雨思-創       "",""外陸資買進股數(不含外資自營商)"":""6,000"",""外陸資賣出股數(不含外資自營商)"":""1,000"",""外陸資買賣超股數(不含外資自營商)"":""5,000"",""外資自營商買進股數"":""0"",""外資自營商賣出股數"":""0"",""外資自營商買賣超股數"":""0"",""投信買進股數"":""0"",""投信賣出股數"":""0"",""投信買賣超股數"":""0"",""自營商買賣超股數"":""-100"",""自營商買進股數(自行買賣)"":""0"",""自營商賣出股數(自行買賣)"":""0"",""自營商買賣超股數(自行買賣)"":""0"",""自營商買進股數(避險)"":""5,000"",""自營商賣出股數(避險)"":""5,100"",""自營商買賣超股數(避險)"":""-100"",""三大法人買賣超股數"":""4,900""}"
2026-09-24,TWSE,1558,伸興            ,14319,8000,6319,0,0,0,0,0,-2000,"{""證券代號"":""1558"",""證券名稱"":""伸興            "",""外陸資買進股數(不含外資自營商)"":""14,319"",""外陸資賣出股數(不含外資自營商)"":""8,000"",""外陸資買賣超股數(不含外資自營商)"":""6,319"",""外資自營商買進股數"":""0"",""外資自營商賣出股數"":""0"",""外資自營商買賣超股數"":""0"",""投信買進股數"":""0"",""投信賣出股數"":""0"",""投信買賣超股數"":""0"",""自營商買賣超股數"":""-2,000"",""自營商買進股數(自行買賣)"":""0"",""自營商賣出股數(自行買賣)"":""2,000"",""自營商買賣超股數(自行買賣)"":""-2,000"",""自營商買進股數(避險)"":""0"",""自營商賣出股數(避險)"":""0"",""自營商買賣超股數(避險)"":""0"",""三大法人買賣超股數"":""4,319""}"
2026-09-24,TWSE,8249,菱光            ,25100,21000,4100,0,0,0,0,0,0,"{""證券代號"":""8249"",""證券名稱"":""菱光            "",""外陸資買進股數(不含外資自營商)"":""25,100"",""外陸資賣出股數(不含外資自營商)"":""21,000"",""外陸資買賣超股數(不含外資自營商)"":""4,100"",""外資自營商買進股數"":""0"",""外資自營商賣出股數"":""0"",""外資自營商買賣超股數"":""0"",""投信買進股數"":""0"",""投信賣出股數"":""0"",""投信買賣超股數"":""0"",""自營商買賣超股數"":""0"",""自營商買進股數(自行買賣)"":""0"",""自營商賣出股數(自行買賣)"":""0"",""自營商買賣超股數(自行買賣)"":""0"",""自營商買進股數(避險)"":""0"",""自營商賣出股數(避險)"":""0"",""自營商買賣超股數(避險)"":""0"",""三大法人買賣超股數"":""4,100""}"
2026-09-24,TWSE,3607,谷崧            ,21000,17000,4000,0,0,0,0,0,0,"{""證券代號"":""3607"",""證券名稱"":""谷崧            "",""外陸資買進股數(不含外資自營商)"":""21,000"",""外陸資賣出股數(不含外資自營商)"":""17,000"",""外陸資買賣超股數(不含外資自營商)"":""4,000"",""外資自營商買進股數"":""0"",""外資自營商賣出股數"":""0"",""外資自營商買賣超股數"":""0"",""投信買進股數"":""0"",""投信賣出股數"":""0"",""投信買賣超股數"":""0"",""自營商買賣超股數"":""0"",""自營商買進股數(自行買賣)"":""0"",""自營商賣出股數(自行買賣)"":""0"",""自營商買賣超股數(自行買賣)"":""0"",""自營商買進股數(避險)"":""0"",""自營商賣出股數(避險)"":""0"",""自營商買賣超股數(避險)"":""0"",""三大法人買賣超股數"":""4,000""}"
2026-09-24,TWSE,3040,遠見            ,6000,2000,4000,0,0,0,0,0,0,"{""證券代號"":""3040"",""證券名稱"":""遠見            "",""外陸資買進股數(不含外資自營商)"":""6,000"",""外陸資賣出股數(不含外資自營商)"":""2,000"",""外陸資買賣超股數(不含外資自營商)"":""4,000"",""外資自營商買進股數"":""0"",""外資自營商賣出股數"":""0"",""外資自營商買賣超股數"":""0"",""投信買進股數"":""0"",""投信賣出股數"":""0"",""投信買賣超股數"":""0"",""自營商買賣超股數"":""0"",""自營商買進股數(自行買賣)"":""0"",""自營商賣出股數(自行買賣)"":""0"",""自營商買賣超股數(自行買賣)"":""0"",""自營商買進股數(避險)"":""0"",""自營商賣出股數(避險)"":""0"",""自營商買賣超股數(避險)"":""0"",""三大法人買賣超股數"":""4,000""}"
2026-09-24,TWSE,1783,和康生          ,8000,4000,4000,0,0,0,0,0,0,"{""證券代號"":""1783"",""證券名稱"":""和康生          "",""外陸資買進股數(不含外資自營商)"":""8,000"",""外陸資賣出股數(不含外資自營商)"":""4,000"",""外陸資買賣超股數(不含外資自營商)"":""4,000"",""外資自營商買進股數"":""0"",""外資自營商賣出股數"":""0"",""外資自營商買賣超股數"":""0"",""投信買進股數"":""0"",""投信賣出股數"":""0"",""投信買賣超股數"":""0"",""自營商買賣超股數"":""0"",""自營商買進股數(自行買賣)"":""0"",""自營商賣出股數(自行買賣)"":""0"",""自營商買賣超股數(自行買賣)"":""0"",""自營商買進股數(避險)"":""0"",""自營商賣出股數(避險)"":""0"",""自營商買賣超股數(避險)"":""0"",""三大法人買賣超股數"":""4,000""}"
2026-09-24,TWSE,1806,冠軍            ,13000,9000,4000,0,0,0,0,0,0,"{""證券代號"":""1806"",""證券名稱"":""冠軍            "",""外陸資買進股數(不含外資自營商)"":""13,000"",""外陸資賣出股數(不含外資自營商)"":""9,000"",""外陸資買賣超股數(不含外資自營商)"":""4,000"",""外資自營商買進股數"":""0"",""外資自營商賣出股數"":""0"",""外資自營商買賣超股數"":""0"",""投信買進股數"":""0"",""投信賣出股數"":""0"",""投信買賣超股數"":""0"",""自營商買賣超股數"":""0"",""自營商買進股數(自行買賣)"":""0"",""自營商賣出股數(自行買賣)"":""0"",""自營商買賣超股數(自行買賣)"":""0"",""自營商買進股數(避險)"":""0"",""自營商賣出股數(避險)"":""0"",""自營商買賣超股數(避險)"":""0"",""三大法人買賣超股數"":""4,000""}"
2026-09-24,TWSE,00654R,富邦印度反1     ,0,0,0,0,0,0,121000,117062,3938,"{""證券代號"":""00654R"",""證券名稱"":""富邦印度反1     "",""外陸資買進股數(不含外資自營商)"":""0"",""外陸資賣出股數(不含外資自營商)"":""0"",""外陸資買賣超股數(不含外資自營商)"":""0"",""外資自營商買進股數"":""0"",""外資自營商賣出股數"":""0"",""外資自營商買賣超股數"":""0"",""投信買進股數"":""0"",""投信賣出股數"":""0"",""投信買賣超股數"":""0"",""自營商買賣超股數"":""3,938"",""自營商買進股數(自行買賣)"":""0"",""自營商賣出股數(自行買賣)"":""0"",""自營商買賣超股數(自行買賣)"":""0"",""自營商買進股數(避險)"":""121,000"",""自營商賣出股數(避險)"":""117,062"",""自營商買賣超股數(避險)"":""3,938"",""三大法人買賣超股數"":""3,938""}"
2026-09-24,TWSE,2906,高林            ,7000,25000,-18000,0,0,0,0,156,21844,"{""證券代號"":""2906"",""證券名稱"":""高林            "",""外陸資買進股數(不含外資自營商)"":""7,000"",""外陸資賣出股數(不含外資自營商)"":""25,000"",""外陸資買賣超股數(不含外資自營商)"":""-18,000"",""外資自營商買進股數"":""0"",""外資自營商賣出股數"":""0"",""外資自營商買賣超股數"":""0"",""投信買進股數"":""0"",""投信賣出股數"":""0"",""投信買賣超股數"":""0"",""自營商買賣超股數"":""21,844"",""自營商買進股數(自行買賣)"":""22,000"",""自營商賣出股數(自行買賣)"":""0"",""自營商買賣超股數(自行買賣)"":""22,000"",""自營商買進股數(避險)"":""0"",""自營商賣出股數(避險)"":""156"",""自營商買賣超股數(避險)"":""-156"",""三大法人買賣超股數"":""3,844""}"
2026-09-24,TWSE,6278,台表科          ,1961791,2235598,-273807,0,55000,-55000,168432,88057,332375,"{""證券代號"":""6278"",""證券名稱"":""台表科          "",""外陸資買進股數(不含外資自營商)"":""1,961,791"",""外陸資賣出股數(不含外資自營商)"":""2,235,598"",""外陸資買賣超股數(不含外資自營商)"":""-273,807"",""外資自營商買進股數"":""0"",""外資自營商賣出股數"":""0"",""外資自營商買賣超股數"":""0"",""投信買進股數"":""0"",""投信賣出股數"":""55,000"",""投信買賣超股數"":""-55,000"",""自營商買賣超股數"":""332,375"",""自營商買進股數(自行買賣)"":""282,000"",""自營商賣出股數(自行買賣)"":""30,000"",""自營商買賣超股數(自行買賣)"":""252,000"",""自營商買進股數(避險)"":""168,432"",""自營商賣出股數(避險)"":""88,057"",""自營商買賣超股數(避險)"":""80,375"",""三大法人買賣超股數"":""3,568""}"
2026-09-24,TWSE,00681R,元大美債20反1   ,59000,0,59000,0,0,0,9080,65060,-55980,"{""證券代號"":""00681R"",""證券名稱"":""元大美債20反1   "",""外陸資買進股數(不含外資自營商)"":""59,000"",""外陸資賣出股數(不含外資自營商)"":""0"",""外陸資買賣超股數(不含外資自營商)"":""59,000"",""外資自營商買進股數"":""0"",""外資自營商賣出股數"":""0"",""外資自營商買賣超股數"":""0"",""投信買進股數"":""0"",""投信賣出股數"":""0"",""投信買賣超股數"":""0"",""自營商買賣超股數"":""-55,980"",""自營商買進股數(自行買賣)"":""0"",""自營商賣出股數(自行買賣)"":""0"",""自營商買賣超股數(自行買賣)"":""0"",""自營商買進股數(避險)"":""9,080"",""自營商賣出股數(避險)"":""65,060"",""自營商買賣超股數(避險)"":""-55,980"",""三大法人買賣超股數"":""3,020""}"
2026-09-24,TWSE,1438,三地開發        ,12000,6000,6000,0,0,0,0,0,-3000,"{""證券代號"":""1438"",""證券名稱"":""三地開發        "",""外陸資買進股數(不含外資自營商)"":""12,000"",""外陸資賣出股數(不含外資自營商)"":""6,000"",""外陸資買賣超股數(不含外資自營商)"":""6,000"",""外資自營商買進股數"":""0"",""外資自營商賣出股數"":""0"",""外資自營商買賣超股數"":""0"",""投信買進股數"":""0"",""投信賣出股數"":""0"",""投信買賣超股數"":""0"",""自營商買賣超股數"":""-3,000"",""自營商買進股數(自行買賣)"":""1,000"",""自營商賣出股數(自行買賣)"":""4,000"",""自營商買賣超股數(自行買賣)"":""-3,000"",""自營商買進股數(避險)"":""0"",""自營商賣出股數(避險)"":""0"",""自營商買賣超股數(避險)"":""0"",""三大法人買賣超股數"":""3,000""}"
2026-09-24,TWSE,2545,皇翔            ,25000,22000,3000,0,0,0,0,0,0,"{""證券代號"":""2545"",""證券名稱"":""皇翔            "",""外陸資買進股數(不含外資自營商)"":""25,000"",""外陸資賣出股數(不含外資自營商)"":""22,000"",""外陸資買賣超股數(不含外資自營商)"":""3,000"",""外資自營商買進股數"":""0"",""外資自營商賣出股數"":""0"",""外資自營商買賣超股數"":""0"",""投信買進股數"":""0"",""投信賣出股數"":""0"",""投信買賣超股數"":""0"",""自營商買賣超股數"":""0"",""自營商買進股數(自行買賣)"":""0"",""自營商賣出股數(自行買賣)"":""0"",""自營商買賣超股數(自行買賣)"":""0"",""自營商買進股數(避險)"":""0"",""自營商賣出股數(避險)"":""0"",""自營商買賣超股數(避險)"":""0"",""三大法人買賣超股數"":""3,000""}"
2026-09-24,TWSE,6936,永鴻生技        ,3000,0,3000,0,0,0,0,0,0,"{""證券代號"":""6936"",""證券名稱"":""永鴻生技        "",""外陸資買進股數(不含外資自營商)"":""3,000"",""外陸資賣出股數(不含外資自營商)"":""0"",""外陸資買賣超股數(不含外資自營商)"":""3,000"",""外資自營商買進股數"":""0"",""外資自營商賣出股數"":""0"",""外資自營商買賣超股數"":""0"",""投信買進股數"":""0"",""投信賣出股數"":""0"",""投信買賣超股數"":""0"",""自營商買賣超股數"":""0"",""自營商買進股數(自行買賣)"":""0"",""自營商賣出股數(自行買賣)"":""0"",""自營商買賣超股數(自行買賣)"":""0"",""自營商買進股數(避險)"":""0"",""自營商賣出股數(避險)"":""0"",""自營商買賣超股數(避險)"":""0"",""三大法人買賣超股數"":""3,000""}"
2026-09-24,TWSE,7791,皇家可口        ,3000,0,3000,0,0,0,0,0,0,"{""證券代號"":""7791"",""證券名稱"":""皇家可口        "",""外陸資買進股數(不含外資自營商)"":""3,000"",""外陸資賣出股數(不含外資自營商)"":""0"",""外陸資買賣超股數(不含外資自營商)"":""3,000"",""外資自營商買進股數"":""0"",""外資自營商賣出股數"":""0"",""外資自營商買賣超股數"":""0"",""投信買進股數"":""0"",""投信賣出股數"":""0"",""投信買賣超股數"":""0"",""自營商買賣超股數"":""0"",""自營商買進股數(自行買賣)"":""0"",""自營商賣出股數(自行買賣)"":""0"",""自營商買賣超股數(自行買賣)"":""0"",""自營商買進股數(避險)"":""0"",""自營商賣出股數(避險)"":""0"",""自營商買賣超股數(避險)"":""0"",""三大法人買賣超股數"":""3,000""}"
2026-09-24,TWSE,2939,永邑-KY         ,3000,0,3000,0,0,0,0,0,0,"{""證券代號"":""2939"",""證券名稱"":""永邑-KY         "",""外陸資買進股數(不含外資自營商)"":""3,000"",""外陸資賣出股數(不含外資自營商)"":""0"",""外陸資買賣超股數(不含外資自營商)"":""3,000"",""外資自營商買進股數"":""0"",""外資自營商賣出股數"":""0"",""外資自營商買賣超股數"":""0"",""投信買進股數"":""0"",""投信賣出股數"":""0"",""投信買賣超股數"":""0"",""自營商買賣超股數"":""0"",""自營商買進股數(自行買賣)"":""0"",""自營商賣出股數(自行買賣)"":""0"",""自營商買賣超股數(自行買賣)"":""0"",""自營商買進股數(避險)"":""0"",""自營商賣出股數(避險)"":""0"",""自營商買賣超股數(避險)"":""0"",""三大法人買賣超股數"":""3,000""}"
2026-09-24,TWSE,3557,嘉威            ,8000,5000,3000,0,0,0,0,0,0,"{""證券代號"":""3557"",""證券名稱"":""嘉威            "",""外陸資買進股數(不含外資自營商)"":""8,000"",""外陸資賣出股數(不含外資自營商)"":""5,000"",""外陸資買賣超股數(不含外資自營商)"":""3,000"",""外資自營商買進股數"":""0"",""外資自營商賣出股數"":""0"",""外資自營商買賣超股數"":""0"",""投信買進股數"":""0"",""投信賣出股數"":""0"",""投信買賣超股數"":""0"",""自營商買賣超股數"":""0"",""自營商買進股數(自行買賣)"":""1,000"",""自營商賣出股數(自行買賣)"":""1,000"",""自營商買賣超股數(自行買賣)"":""0"",""自營商買進股數(避險)"":""0"",""自營商賣出股數(避險)"":""0"",""自營商買賣超股數(避險)"":""0"",""三大法人買賣超股數"":""3,000""}"
2026-09-24,TWSE,4104,佳醫            ,17000,14000,3000,0,0,0,0,0,0,"{""證券代號"":""4104"",""證券名稱"":""佳醫            "",""外陸資買進股數(不含外資自營商)"":""17,000"",""外陸資賣出股數(不含外資自營商)"":""14,000"",""外陸資買賣超股數(不含外資自營商)"":""3,000"",""外資自營商買進股數"":""0"",""外資自營商賣出股數"":""0"",""外資自營商買賣超股數"":""0"",""投信買進股數"":""0"",""投信賣出股數"":""0"",""投信買賣超股數"":""0"",""自營商買賣超股數"":""0"",""自營商買進股數(自行買賣)"":""0"",""自營商賣出股數(自行買賣)"":""0"",""自營商買賣超股數(自行買賣)"":""0"",""自營商買進股數(避險)"":""0"",""自營商賣出股數(避險)"":""0"",""自營商買賣超股數(避險)"":""0"",""三大法人買賣超股數"":""3,000""}"
2026-09-24,TWSE,9942,茂順            ,12000,9231,2769,0,0,0,0,0,0,"{""證券代號"":""9942"",""證券名稱"":""茂順            "",""外陸資買進股數(不含外資自營商)"":""12,000"",""外陸資賣出股數(不含外資自營商)"":""9,231"",""外陸資買賣超股數(不含外資自營商)"":""2,769"",""外資自營商買進股數"":""0"",""外資自營商賣出股數"":""0"",""外資自營商買賣超股數"":""0"",""投信買進股數"":""0"",""投信賣出股數"":""0"",""投信買賣超股數"":""0"",""自營商買賣超股數"":""0"",""自營商買進股數(自行買賣)"":""0"",""自營商賣出股數(自行買賣)"":""0"",""自營商買賣超股數(自行買賣)"":""0"",""自營商買進股數(避險)"":""0"",""自營商賣出股數(避險)"":""0"",""自營商買賣超股數(避險)"":""0"",""三大法人買賣超股數"":""2,769""}"
2026-09-24,TWSE,4571,鈞興-KY         ,19559,17000,2559,0,0,0,0,0,0,"{""證券代號"":""4571"",""證券名稱"":""鈞興-KY         "",""外陸資買進股數(不含外資自營商)"":""19,559"",""外陸資賣出股數(不含外資自營商)"":""17,000"",""外陸資買賣超股數(不含外資自營商)"":""2,559"",""外資自營商買進股數"":""0"",""外資自營商賣出股數"":""0"",""外資自營商買賣超股數"":""0"",""投信買進股數"":""0"",""投信賣出股數"":""0"",""投信買賣超股數"":""0"",""自營商買賣超股數"":""0"",""自營商買進股數(自行買賣)"":""0"",""自營商賣出股數(自行買賣)"":""0"",""自營商買賣超股數(自行買賣)"":""0"",""自營商買進股數(避險)"":""0"",""自營商賣出股數(避險)"":""0"",""自營商買賣超股數(避險)"":""0"",""三大法人買賣超股數"":""2,559""}"
2026-09-24,TWSE,0057,富邦摩台        ,1000,0,1000,0,0,0,22443,21117,1326,"{""證券代號"":""0057"",""證券名稱"":""富邦摩台        "",""外陸資買進股數(不含外資自營商)"":""1,000"",""外陸資賣出股數(不含外資自營商)"":""0"",""外陸資買賣超股數(不含外資自營商)"":""1,000"",""外資自營商買進股數"":""0"",""外資自營商賣出股數"":""0"",""外資自營商買賣超股數"":""0"",""投信買進股數"":""0"",""投信賣出股數"":""0"",""投信買賣超股數"":""0"",""自營商買賣超股數"":""1,326"",""自營商買進股數(自行買賣)"":""0"",""自營商賣出股數(自行買賣)"":""0"",""自營商買賣超股數(自行買賣)"":""0"",""自營商買進股數(避險)"":""22,443"",""自營商賣出股數(避險)"":""21,117"",""自營商買賣超股數(避險)"":""1,326"",""三大法人買賣超股數"":""2,326""}"
2026-09-24,TWSE,7730,暉盛-創         ,4302,2000,2302,0,0,0,2000,2000,0,"{""證券代號"":""7730"",""證券名稱"":""暉盛-創         "",""外陸資買進股數(不含外資自營商)"":""4,302"",""外陸資賣出股數(不含外資自營商)"":""2,000"",""外陸資買賣超股數(不含外資自營商)"":""2,302"",""外資自營商買進股數"":""0"",""外資自營商賣出股數"":""0"",""外資自營商買賣超股數"":""0"",""投信買進股數"":""0"",""投信賣出股數"":""0"",""投信買賣超股數"":""0"",""自營商買賣超股數"":""0"",""自營商買進股數(自行買賣)"":""0"",""自營商賣出股數(自行買賣)"":""0"",""自營商買賣超股數(自行買賣)"":""0"",""自營商買進股數(避險)"":""2,000"",""自營商賣出股數(避險)"":""2,000"",""自營商買賣超股數(避險)"":""0"",""三大法人買賣超股數"":""2,302""}"
2026-09-24,TWSE,7818,溢泰實業        ,5070,3046,2024,0,0,0,0,0,0,"{""證券代號"":""7818"",""證券名稱"":""溢泰實業        "",""外陸資買進股數(不含外資自營商)"":""5,070"",""外陸資賣出股數(不含外資自營商)"":""3,046"",""外陸資買賣超股數(不含外資自營商)"":""2,024"",""外資自營商買進股數"":""0"",""外資自營商賣出股數"":""0"",""外資自營商買賣超股數"":""0"",""投信買進股數"":""0"",""投信賣出股數"":""0"",""投信買賣超股數"":""0"",""自營商買賣超股數"":""0"",""自營商買進股數(自行買賣)"":""0"",""自營商賣出股數(自行買賣)"":""0"",""自營商買賣超股數(自行買賣)"":""0"",""自營商買進股數(避險)"":""0"",""自營商賣出股數(避險)"":""0"",""自營商買賣超股數(避險)"":""0"",""三大法人買賣超股數"":""2,024""}"
2026-09-24,TWSE,4949,有成精密        ,72028,70000,2028,0,0,0,0,0,-9,"{""證券代號"":""4949"",""證券名稱"":""有成精密        "",""外陸資買進股數(不含外資自營商)"":""72,028"",""外陸資賣出股數(不含外資自營商)"":""70,000"",""外陸資買賣超股數(不含外資自營商)"":""2,028"",""外資自營商買進股數"":""0"",""外資自營商賣出股數"":""0"",""外資自營商買賣超股數"":""0"",""投信買進股數"":""0"",""投信賣出股數"":""0"",""投信買賣超股數"":""0"",""自營商買賣超股數"":""-9"",""自營商買進股數(自行買賣)"":""0"",""自營商賣出股數(自行買賣)"":""9"",""自營商買賣超股數(自行買賣)"":""-9"",""自營商買進股數(避險)"":""0"",""自營商賣出股數(避險)"":""0"",""自營商買賣超股數(避險)"":""0"",""三大法人買賣超股數"":""2,019""}"
2026-09-24,TWSE,3679,新至陞          ,3000,1000,2000,0,0,0,0,0,0,"{""證券代號"":""3679"",""證券名稱"":""新至陞          "",""外陸資買進股數(不含外資自營商)"":""3,000"",""外陸資賣出股數(不含外資自營商)"":""1,000"",""外陸資買賣超股數(不含外資自營商)"":""2,000"",""外資自營商買進股數"":""0"",""外資自營商賣出股數"":""0"",""外資自營商買賣超股數"":""0"",""投信買進股數"":""0"",""投信賣出股數"":""0"",""投信買賣超股數"":""0"",""自營商買賣超股數"":""0"",""自營商買進股數(自行買賣)"":""0"",""自營商賣出股數(自行買賣)"":""0"",""自營商買賣超股數(自行買賣)"":""0"",""自營商買進股數(避險)"":""0"",""自營商賣出股數(避險)"":""0"",""自營商買賣超股數(避險)"":""0"",""三大法人買賣超股數"":""2,000""}"
2026-09-24,TWSE,8463,潤泰材          ,5000,3000,2000,0,0,0,0,0,0,"{""證券代號"":""8463"",""證券名稱"":""潤泰材          "",""外陸資買進股數(不含外資自營商)"":""5,000"",""外陸資賣出股數(不含外資自營商)"":""3,000"",""外陸資買賣超股數(不含外資自營商)"":""2,000"",""外資自營商買進股數"":""0"",""外資自營商賣出股數"":""0"",""外資自營商買賣超股數"":""0"",""投信買進股數"":""0"",""投信賣出股數"":""0"",""投信買賣超股數"":""0"",""自營商買賣超股數"":""0"",""自營商買進股數(自行買賣)"":""0"",""自營商賣出股數(自行買賣)"":""0"",""自營商買賣超股數(自行買賣)"":""0"",""自營商買進股數(避險)"":""0"",""自營商賣出股數(避險)"":""0"",""自營商買賣超股數(避險)"":""0"",""三大法人買賣超股數"":""2,000""}"
2026-09-24,TWSE,6431,光麗-KY         ,2000,0,2000,0,0,0,0,0,0,"{""證券代號"":""6431"",""證券名稱"":""光麗-KY         "",""外陸資買進股數(不含外資自營商)"":""2,000"",""外陸資賣出股數(不含外資自營商)"":""0"",""外陸資買賣超股數(不含外資自營商)"":""2,000"",""外資自營商買進股數"":""0"",""外資自營商賣出股數"":""0"",""外資自營商買賣超股數"":""0"",""投信買進股數"":""0"",""投信賣出股數"":""0"",""投信買賣超股數"":""0"",""自營商買賣超股數"":""0"",""自營商買進股數(自行買賣)"":""0"",""自營商賣出股數(自行買賣)"":""0"",""自營商買賣超股數(自行買賣)"":""0"",""自營商買進股數(避險)"":""0"",""自營商賣出股數(避險)"":""0"",""自營商買賣超股數(避險)"":""0"",""三大法人買賣超股數"":""2,000""}"
2026-09-24,TWSE,1539,巨庭            ,3000,1000,2000,0,0,0,0,0,0,"{""證券代號"":""1539"",""證券名稱"":""巨庭            "",""外陸資買進股數(不含外資自營商)"":""3,000"",""外陸資賣出股數(不含外資自營商)"":""1,000"",""外陸資買賣超股數(不含外資自營商)"":""2,000"",""外資自營商買進股數"":""0"",""外資自營商賣出股數"":""0"",""外資自營商買賣超股數"":""0"",""投信買進股數"":""0"",""投信賣出股數"":""0"",""投信買賣超股數"":""0"",""自營商買賣超股數"":""0"",""自營商買進股數(自行買賣)"":""0"",""自營商賣出股數(自行買賣)"":""0"",""自營商買賣超股數(自行買賣)"":""0"",""自營商買進股數(避險)"":""0"",""自營商賣出股數(避險)"":""0"",""自營商買賣超股數(避險)"":""0"",""三大法人買賣超股數"":""2,000""}"
2026-09-24,TWSE,1521,大億            ,5000,3000,2000,0,0,0,0,0,0,"{""證券代號"":""1521"",""證券名稱"":""大億            "",""外陸資買進股數(不含外資自營商)"":""5,000"",""外陸資賣出股數(不含外資自營商)"":""3,000"",""外陸資買賣超股數(不含外資自營商)"":""2,000"",""外資自營商買進股數"":""0"",""外資自營商賣出股數"":""0"",""外資自營商買賣超股數"":""0"",""投信買進股數"":""0"",""投信賣出股數"":""0"",""投信買賣超股數"":""0"",""自營商買賣超股數"":""0"",""自營商買進股數(自行買賣)"":""0"",""自營商賣出股數(自行買賣)"":""0"",""自營商買賣超股數(自行買賣)"":""0"",""自營商買進股數(避險)"":""0"",""自營商賣出股數(避險)"":""0"",""自營商買賣超股數(避險)"":""0"",""三大法人買賣超股數"":""2,000""}"
2026-09-24,TWSE,00707R,期元大S&P日圓反1,0,0,0,0,0,0,2000,0,2000,"{""證券代號"":""00707R"",""證券名稱"":""期元大S&P日圓反1"",""外陸資買進股數(不含外資自營商)"":""0"",""外陸資賣出股數(不含外資自營商)"":""0"",""外陸資買賣超股數(不含外資自營商)"":""0"",""外資自營商買進股數"":""0"",""外資自營商賣出股數"":""0"",""外資自營商買賣超股數"":""0"",""投信買進股數"":""0"",""投信賣出股數"":""0"",""投信買賣超股數"":""0"",""自營商買賣超股數"":""2,000"",""自營商買進股數(自行買賣)"":""0"",""自營商賣出股數(自行買賣)"":""0"",""自營商買賣超股數(自行買賣)"":""0"",""自營商買進股數(避險)"":""2,000"",""自營商賣出股數(避險)"":""0"",""自營商買賣超股數(避險)"":""2,000"",""三大法人買賣超股數"":""2,000""}"
2026-09-24,TWSE,2250,IKKA-KY         ,8000,6000,2000,0,0,0,0,0,0,"{""證券代號"":""2250"",""證券名稱"":""IKKA-KY         "",""外陸資買進股數(不含外資自營商)"":""8,000"",""外陸資賣出股數(不含外資自營商)"":""6,000"",""外陸資買賣超股數(不含外資自營商)"":""2,000"",""外資自營商買進股數"":""0"",""外資自營商賣出股數"":""0"",""外資自營商買賣超股數"":""0"",""投信買進股數"":""0"",""投信賣出股數"":""0"",""投信買賣超股數"":""0"",""自營商買賣超股數"":""0"",""自營商買進股數(自行買賣)"":""0"",""自營商賣出股數(自行買賣)"":""0"",""自營商買賣超股數(自行買賣)"":""0"",""自營商買進股數(避險)"":""0"",""自營商賣出股數(避險)"":""0"",""自營商買賣超股數(避險)"":""0"",""三大法人買賣超股數"":""2,000""}"
2026-09-24,TWSE,1587,吉茂            ,7000,5000,2000,0,0,0,0,0,-1,"{""證券代號"":""1587"",""證券名稱"":""吉茂            "",""外陸資買進股數(不含外資自營商)"":""7,000"",""外陸資賣出股數(不含外資自營商)"":""5,000"",""外陸資買賣超股數(不含外資自營商)"":""2,000"",""外資自營商買進股數"":""0"",""外資自營商賣出股數"":""0"",""外資自營商買賣超股數"":""0"",""投信買進股數"":""0"",""投信賣出股數"":""0"",""投信買賣超股數"":""0"",""自營商買賣超股數"":""-1"",""自營商買進股數(自行買賣)"":""0"",""自營商賣出股數(自行買賣)"":""1"",""自營商買賣超股數(自行買賣)"":""-1"",""自營商買進股數(避險)"":""0"",""自營商賣出股數(避險)"":""0"",""自營商買賣超股數(避險)"":""0"",""三大法人買賣超股數"":""1,999""}"
2026-09-24,TWSE,2015,豐興            ,22000,21038,962,0,0,0,1000,0,1000,"{""證券代號"":""2015"",""證券名稱"":""豐興            "",""外陸資買進股數(不含外資自營商)"":""22,000"",""外陸資賣出股數(不含外資自營商)"":""21,038"",""外陸資買賣超股數(不含外資自營商)"":""962"",""外資自營商買進股數"":""0"",""外資自營商賣出股數"":""0"",""外資自營商買賣超股數"":""0"",""投信買進股數"":""0"",""投信賣出股數"":""0"",""投信買賣超股數"":""0"",""自營商買賣超股數"":""1,000"",""自營商買進股數(自行買賣)"":""0"",""自營商賣出股數(自行買賣)"":""0"",""自營商買賣超股數(自行買賣)"":""0"",""自營商買進股數(避險)"":""1,000"",""自營商賣出股數(避險)"":""0"",""自營商買賣超股數(避險)"":""1,000"",""三大法人買賣超股數"":""1,962""}"
2026-09-24,TWSE,2707,晶華            ,23000,22011,989,0,0,0,0,0,515,"{""證券代號"":""2707"",""證券名稱"":""晶華            "",""外陸資買進股數(不含外資自營商)"":""23,000"",""外陸資賣出股數(不含外資自營商)"":""22,011"",""外陸資買賣超股數(不含外資自營商)"":""989"",""外資自營商買進股數"":""0"",""外資自營商賣出股數"":""0"",""外資自營商買賣超股數"":""0"",""投信買進股數"":""0"",""投信賣出股數"":""0"",""投信買賣超股數"":""0"",""自營商買賣超股數"":""515"",""自營商買進股數(自行買賣)"":""2,000"",""自營商賣出股數(自行買賣)"":""1,485"",""自營商買賣超股數(自行買賣)"":""515"",""自營商買進股數(避險)"":""0"",""自營商賣出股數(避險)"":""0"",""自營商買賣超股數(避險)"":""0"",""三大法人買賣超股數"":""1,504""}"
2026-09-24,TWSE,2609,陽明            ,5760262,5631558,128704,52000,2000,50000,73855,201519,-177279,"{""證券代號"":""2609"",""證券名稱"":""陽明            "",""外陸資買進股數(不含外資自營商)"":""5,760,262"",""外陸資賣出股數(不含外資自營商)"":""5,631,558"",""外陸資買賣超股數(不含外資自營商)"":""128,704"",""外資自營商買進股數"":""0"",""外資自營商賣出股數"":""0"",""外資自營商買賣超股數"":""0"",""投信買進股數"":""52,000"",""投信賣出股數"":""2,000"",""投信買賣超股數"":""50,000"",""自營商買賣超股數"":""-177,279"",""自營商買進股數(自行買賣)"":""237,000"",""自營商賣出股數(自行買賣)"":""286,615"",""自營商買賣超股數(自行買賣)"":""-49,615"",""自營商買進股數(避險)"":""73,855"",""自營商賣出股數(避險)"":""201,519"",""自營商買賣超股數(避險)"":""-127,664"",""三大法人買賣超股數"":""1,425""}"
2026-09-24,TWSE,6585,鼎基            ,11370,10210,1160,0,0,0,0,0,0,"{""證券代號"":""6585"",""證券名稱"":""鼎基            "",""外陸資買進股數(不含外資自營商)"":""11,370"",""外陸資賣出股數(不含外資自營商)"":""10,210"",""外陸資買賣超股數(不含外資自營商)"":""1,160"",""外資自營商買進股數"":""0"",""外資自營商賣出股數"":""0"",""外資自營商買賣超股數"":""0"",""投信買進股數"":""0"",""投信賣出股數"":""0"",""投信買賣超股數"":""0"",""自營商買賣超股數"":""0"",""自營商買進股數(自行買賣)"":""0"",""自營商賣出股數(自行買賣)"":""0"",""自營商買賣超股數(自行買賣)"":""0"",""自營商買進股數(避險)"":""0"",""自營商賣出股數(避險)"":""0"",""自營商買賣超股數(避險)"":""0"",""三大法人買賣超股數"":""1,160""}"
2026-09-24,TWSE,006203,元大MSCI台灣    ,0,0,0,0,0,0,1124,0,1124,"{""證券代號"":""006203"",""證券名稱"":""元大MSCI台灣    "",""外陸資買進股數(不含外資自營商)"":""0"",""外陸資賣出股數(不含外資自營商)"":""0"",""外陸資買賣超股數(不含外資自營商)"":""0"",""外資自營商買進股數"":""0"",""外資自營商賣出股數"":""0"",""外資自營商買賣超股數"":""0"",""投信買進股數"":""0"",""投信賣出股數"":""0"",""投信買賣超股數"":""0"",""自營商買賣超股數"":""1,124"",""自營商買進股數(自行買賣)"":""0"",""自營商賣出股數(自行買賣)"":""0"",""自營商買賣超股數(自行買賣)"":""0"",""自營商買進股數(避險)"":""1,124"",""自營商賣出股數(避險)"":""0"",""自營商買賣超股數(避險)"":""1,124"",""三大法人買賣超股數"":""1,124""}"
2026-09-24,TWSE,2482,連宇            ,4000,3000,1000,0,0,0,0,0,68,"{""證券代號"":""2482"",""證券名稱"":""連宇            "",""外陸資買進股數(不含外資自營商)"":""4,000"",""外陸資賣出股數(不含外資自營商)"":""3,000"",""外陸資買賣超股數(不含外資自營商)"":""1,000"",""外資自營商買進股數"":""0"",""外資自營商賣出股數"":""0"",""外資自營商買賣超股數"":""0"",""投信買進股數"":""0"",""投信賣出股數"":""0"",""投信買賣超股數"":""0"",""自營商買賣超股數"":""68"",""自營商買進股數(自行買賣)"":""1,000"",""自營商賣出股數(自行買賣)"":""932"",""自營商買賣超股數(自行買賣)"":""68"",""自營商買進股數(避險)"":""0"",""自營商賣出股數(避險)"":""0"",""自營商買賣超股數(避險)"":""0"",""三大法人買賣超股數"":""1,068""}"
2026-09-24,TWSE,2538,基泰            ,94000,93000,1000,0,0,0,0,0,0,"{""證券代號"":""2538"",""證券名稱"":""基泰            "",""外陸資買進股數(不含外資自營商)"":""94,000"",""外陸資賣出股數(不含外資自營商)"":""93,000"",""外陸資買賣超股數(不含外資自營商)"":""1,000"",""外資自營商買進股數"":""0"",""外資自營商賣出股數"":""0"",""外資自營商買賣超股數"":""0"",""投信買進股數"":""0"",""投信賣出股數"":""0"",""投信買賣超股數"":""0"",""自營商買賣超股數"":""0"",""自營商買進股數(自行買賣)"":""0"",""自營商賣出股數(自行買賣)"":""0"",""自營商買賣超股數(自行買賣)"":""0"",""自營商買進股數(避險)"":""0"",""自營商賣出股數(避險)"":""0"",""自營商買賣超股數(避險)"":""0"",""三大法人買賣超股數"":""1,000""}"
2026-09-24,TWSE,2114,鑫永銓          ,1000,0,1000,0,0,0,0,0,0,"{""證券代號"":""2114"",""證券名稱"":""鑫永銓          "",""外陸資買進股數(不含外資自營商)"":""1,000"",""外陸資賣出股數(不含外資自營商)"":""0"",""外陸資買賣超股數(不含外資自營商)"":""1,000"",""外資自營商買進股數"":""0"",""外資自營商賣出股數"":""0"",""外資自營商買賣超股數"":""0"",""投信買進股數"":""0"",""投信賣出股數"":""0"",""投信買賣超股數"":""0"",""自營商買賣超股數"":""0"",""自營商買進股數(自行買賣)"":""0"",""自營商賣出股數(自行買賣)"":""0"",""自營商買賣超股數(自行買賣)"":""0"",""自營商買進股數(避險)"":""0"",""自營商賣出股數(避險)"":""0"",""自營商買賣超股數(避險)"":""0"",""三大法人買賣超股數"":""1,000""}"
2026-09-24,TWSE,1527,鑽全            ,21000,20000,1000,0,0,0,0,0,0,"{""證券代號"":""1527"",""證券名稱"":""鑽全            "",""外陸資買進股數(不含外資自營商)"":""21,000"",""外陸資賣出股數(不含外資自營商)"":""20,000"",""外陸資買賣超股數(不含外資自營商)"":""1,000"",""外資自營商買進股數"":""0"",""外資自營商賣出股數"":""0"",""外資自營商買賣超股數"":""0"",""投信買進股數"":""0"",""投信賣出股數"":""0"",""投信買賣超股數"":""0"",""自營商買賣超股數"":""0"",""自營商買進股數(自行買賣)"":""0"",""自營商賣出股數(自行買賣)"":""0"",""自營商買賣超股數(自行買賣)"":""0"",""自營商買進股數(避險)"":""0"",""自營商賣出股數(避險)"":""0"",""自營商買賣超股數(避險)"":""0"",""三大法人買賣超股數"":""1,000""}"
2026-09-24,TWSE,6201,亞弘電          ,5000,4000,1000,0,0,0,0,0,0,"{""證券代號"":""6201"",""證券名稱"":""亞弘電          "",""外陸資買進股數(不含外資自營商)"":""5,000"",""外陸資賣出股數(不含外資自營商)"":""4,000"",""外陸資買賣超股數(不含外資自營商)"":""1,000"",""外資自營商買進股數"":""0"",""外資自營商賣出股數"":""0"",""外資自營商買賣超股數"":""0"",""投信買進股數"":""0"",""投信賣出股數"":""0"",""投信買賣超股數"":""0"",""自營商買賣超股數"":""0"",""自營商買進股數(自行買賣)"":""0"",""自營商賣出股數(自行買賣)"":""0"",""自營商買賣超股數(自行買賣)"":""0"",""自營商買進股數(避險)"":""0"",""自營商賣出股數(避險)"":""0"",""自營商買賣超股數(避險)"":""0"",""三大法人買賣超股數"":""1,000""}"
2026-09-24,TWSE,6914,阜爾運通        ,8000,7000,1000,0,0,0,0,0,0,"{""證券代號"":""6914"",""證券名稱"":""阜爾運通        "",""外陸資買進股數(不含外資自營商)"":""8,000"",""外陸資賣出股數(不含外資自營商)"":""7,000"",""外陸資買賣超股數(不含外資自營商)"":""1,000"",""外資自營商買進股數"":""0"",""外資自營商賣出股數"":""0"",""外資自營商買賣超股數"":""0"",""投信買進股數"":""0"",""投信賣出股數"":""0"",""投信買賣超股數"":""0"",""自營商買賣超股數"":""0"",""自營商買進股數(自行買賣)"":""0"",""自營商賣出股數(自行買賣)"":""0"",""自營商買賣超股數(自行買賣)"":""0"",""自營商買進股數(避險)"":""0"",""自營商賣出股數(避險)"":""0"",""自營商買賣超股數(避險)"":""0"",""三大法人買賣超股數"":""1,000""}"
2026-09-24,TWSE,6754,匯僑設計        ,1000,0,1000,0,0,0,0,0,0,"{""證券代號"":""6754"",""證券名稱"":""匯僑設計        "",""外陸資買進股數(不含外資自營商)"":""1,000"",""外陸資賣出股數(不含外資自營商)"":""0"",""外陸資買賣超股數(不含外資自營商)"":""1,000"",""外資自營商買進股數"":""0"",""外資自營商賣出股數"":""0"",""外資自營商買賣超股數"":""0"",""投信買進股數"":""0"",""投信賣出股數"":""0"",""投信買賣超股數"":""0"",""自營商買賣超股數"":""0"",""自營商買進股數(自行買賣)"":""0"",""自營商賣出股數(自行買賣)"":""0"",""自營商買賣超股數(自行買賣)"":""0"",""自營商買進股數(避險)"":""0"",""自營商賣出股數(避險)"":""0"",""自營商買賣超股數(避險)"":""0"",""三大法人買賣超股數"":""1,000""}"
2026-09-24,TWSE,6666,羅麗芬-KY       ,2000,1000,1000,0,0,0,0,0,0,"{""證券代號"":""6666"",""證券名稱"":""羅麗芬-KY       "",""外陸資買進股數(不含外資自營商)"":""2,000"",""外陸資賣出股數(不含外資自營商)"":""1,000"",""外陸資買賣超股數(不含外資自營商)"":""1,000"",""外資自營商買進股數"":""0"",""外資自營商賣出股數"":""0"",""外資自營商買賣超股數"":""0"",""投信買進股數"":""0"",""投信賣出股數"":""0"",""投信買賣超股數"":""0"",""自營商買賣超股數"":""0"",""自營商買進股數(自行買賣)"":""0"",""自營商賣出股數(自行買賣)"":""0"",""自營商買賣超股數(自行買賣)"":""0"",""自營商買進股數(避險)"":""0"",""自營商賣出股數(避險)"":""0"",""自營商買賣超股數(避險)"":""0"",""三大法人買賣超股數"":""1,000""}"
2026-09-24,TWSE,7803,雲象科技-創     ,6000,4000,2000,0,0,0,3000,3000,-1000,"{""證券代號"":""7803"",""證券名稱"":""雲象科技-創     "",""外陸資買進股數(不含外資自營商)"":""6,000"",""外陸資賣出股數(不含外資自營商)"":""4,000"",""外陸資買賣超股數(不含外資自營商)"":""2,000"",""外資自營商買進股數"":""0"",""外資自營商賣出股數"":""0"",""外資自營商買賣超股數"":""0"",""投信買進股數"":""0"",""投信賣出股數"":""0"",""投信買賣超股數"":""0"",""自營商買賣超股數"":""-1,000"",""自營商買進股數(自行買賣)"":""0"",""自營商賣出股數(自行買賣)"":""1,000"",""自營商買賣超股數(自行買賣)"":""-1,000"",""自營商買進股數(避險)"":""3,000"",""自營商賣出股數(避險)"":""3,000"",""自營商買賣超股數(避險)"":""0"",""三大法人買賣超股數"":""1,000""}"
2026-09-24,TWSE,9944,新麗            ,2000,1000,1000,0,0,0,0,0,0,"{""證券代號"":""9944"",""證券名稱"":""新麗            "",""外陸資買進股數(不含外資自營商)"":""2,000"",""外陸資賣出股數(不含外資自營商)"":""1,000"",""外陸資買賣超股數(不含外資自營商)"":""1,000"",""外資自營商買進股數"":""0"",""外資自營商賣出股數"":""0"",""外資自營商買賣超股數"":""0"",""投信買進股數"":""0"",""投信賣出股數"":""0"",""投信買賣超股數"":""0"",""自營商買賣超股數"":""0"",""自營商買進股數(自行買賣)"":""0"",""自營商賣出股數(自行買賣)"":""0"",""自營商買賣超股數(自行買賣)"":""0"",""自營商買進股數(避險)"":""0"",""自營商賣出股數(避險)"":""0"",""自營商買賣超股數(避險)"":""0"",""三大法人買賣超股數"":""1,000""}"
2026-09-24,TWSE,8482,商億-KY         ,1000,0,1000,0,0,0,0,0,0,"{""證券代號"":""8482"",""證券名稱"":""商億-KY         "",""外陸資買進股數(不含外資自營商)"":""1,000"",""外陸資賣出股數(不含外資自營商)"":""0"",""外陸資買賣超股數(不含外資自營商)"":""1,000"",""外資自營商買進股數"":""0"",""外資自營商賣出股數"":""0"",""外資自營商買賣超股數"":""0"",""投信買進股數"":""0"",""投信賣出股數"":""0"",""投信買賣超股數"":""0"",""自營商買賣超股數"":""0"",""自營商買進股數(自行買賣)"":""0"",""自營商賣出股數(自行買賣)"":""0"",""自營商買賣超股數(自行買賣)"":""0"",""自營商買進股數(避險)"":""0"",""自營商賣出股數(避險)"":""0"",""自營商買賣超股數(避險)"":""0"",""三大法人買賣超股數"":""1,000""}"
2026-09-24,TWSE,9110,越南控-DR       ,1000,0,1000,0,0,0,0,0,0,"{""證券代號"":""9110"",""證券名稱"":""越南控-DR       "",""外陸資買進股數(不含外資自營商)"":""1,000"",""外陸資賣出股數(不含外資自營商)"":""0"",""外陸資買賣超股數(不含外資自營商)"":""1,000"",""外資自營商買進股數"":""0"",""外資自營商賣出股數"":""0"",""外資自營商買賣超股數"":""0"",""投信買進股數"":""0"",""投信賣出股數"":""0"",""投信買賣超股數"":""0"",""自營商買賣超股數"":""0"",""自營商買進股數(自行買賣)"":""0"",""自營商賣出股數(自行買賣)"":""0"",""自營商買賣超股數(自行買賣)"":""0"",""自營商買進股數(避險)"":""0"",""自營商賣出股數(避險)"":""0"",""自營商買賣超股數(避險)"":""0"",""三大法人買賣超股數"":""1,000""}"
2026-09-24,TWSE,4439,冠星-KY         ,6000,5000,1000,0,0,0,0,0,0,"{""證券代號"":""4439"",""證券名稱"":""冠星-KY         "",""外陸資買進股數(不含外資自營商)"":""6,000"",""外陸資賣出股數(不含外資自營商)"":""5,000"",""外陸資買賣超股數(不含外資自營商)"":""1,000"",""外資自營商買進股數"":""0"",""外資自營商賣出股數"":""0"",""外資自營商買賣超股數"":""0"",""投信買進股數"":""0"",""投信賣出股數"":""0"",""投信買賣超股數"":""0"",""自營商買賣超股數"":""0"",""自營商買進股數(自行買賣)"":""0"",""自營商賣出股數(自行買賣)"":""0"",""自營商買賣超股數(自行買賣)"":""0"",""自營商買進股數(避險)"":""0"",""自營商賣出股數(避險)"":""0"",""自營商買賣超股數(避險)"":""0"",""三大法人買賣超股數"":""1,000""}"
2026-09-24,TWSE,2929,淘帝-KY         ,21000,20000,1000,0,0,0,0,0,0,"{""證券代號"":""2929"",""證券名稱"":""淘帝-KY         "",""外陸資買進股數(不含外資自營商)"":""21,000"",""外陸資賣出股數(不含外資自營商)"":""20,000"",""外陸資買賣超股數(不含外資自營商)"":""1,000"",""外資自營商買進股數"":""0"",""外資自營商賣出股數"":""0"",""外資自營商買賣超股數"":""0"",""投信買進股數"":""0"",""投信賣出股數"":""0"",""投信買賣超股數"":""0"",""自營商買賣超股數"":""0"",""自營商買進股數(自行買賣)"":""0"",""自營商賣出股數(自行買賣)"":""0"",""自營商買賣超股數(自行買賣)"":""0"",""自營商買進股數(避險)"":""0"",""自營商賣出股數(避險)"":""0"",""自營商買賣超股數(避險)"":""0"",""三大法人買賣超股數"":""1,000""}"
2026-09-24,TWSE,1457,宜進            ,5000,4000,1000,0,0,0,0,0,0,"{""證券代號"":""1457"",""證券名稱"":""宜進            "",""外陸資買進股數(不含外資自營商)"":""5,000"",""外陸資賣出股數(不含外資自營商)"":""4,000"",""外陸資買賣超股數(不含外資自營商)"":""1,000"",""外資自營商買進股數"":""0"",""外資自營商賣出股數"":""0"",""外資自營商買賣超股數"":""0"",""投信買進股數"":""0"",""投信賣出股數"":""0"",""投信買賣超股數"":""0"",""自營商買賣超股數"":""0"",""自營商買進股數(自行買賣)"":""0"",""自營商賣出股數(自行買賣)"":""0"",""自營商買賣超股數(自行買賣)"":""0"",""自營商買進股數(避險)"":""0"",""自營商賣出股數(避險)"":""0"",""自營商買賣超股數(避險)"":""0"",""三大法人買賣超股數"":""1,000""}"
2026-09-24,TWSE,2380,虹光            ,3000,2000,1000,0,0,0,0,0,0,"{""證券代號"":""2380"",""證券名稱"":""虹光            "",""外陸資買進股數(不含外資自營商)"":""3,000"",""外陸資賣出股數(不含外資自營商)"":""2,000"",""外陸資買賣超股數(不含外資自營商)"":""1,000"",""外資自營商買進股數"":""0"",""外資自營商賣出股數"":""0"",""外資自營商買賣超股數"":""0"",""投信買進股數"":""0"",""投信賣出股數"":""0"",""投信買賣超股數"":""0"",""自營商買賣超股數"":""0"",""自營商買進股數(自行買賣)"":""0"",""自營商賣出股數(自行買賣)"":""0"",""自營商買賣超股數(自行買賣)"":""0"",""自營商買進股數(避險)"":""0"",""自營商賣出股數(避險)"":""0"",""自營商買賣超股數(避險)"":""0"",""三大法人買賣超股數"":""1,000""}"
2026-09-24,TWSE,6955,邦睿生技-創     ,1000,0,1000,0,0,0,0,11,-11,"{""證券代號"":""6955"",""證券名稱"":""邦睿生技-創     "",""外陸資買進股數(不含外資自營商)"":""1,000"",""外陸資賣出股數(不含外資自營商)"":""0"",""外陸資買賣超股數(不含外資自營商)"":""1,000"",""外資自營商買進股數"":""0"",""外資自營商賣出股數"":""0"",""外資自營商買賣超股數"":""0"",""投信買進股數"":""0"",""投信賣出股數"":""0"",""投信買賣超股數"":""0"",""自營商買賣超股數"":""-11"",""自營商買進股數(自行買賣)"":""0"",""自營商賣出股數(自行買賣)"":""0"",""自營商買賣超股數(自行買賣)"":""0"",""自營商買進股數(避險)"":""0"",""自營商賣出股數(避險)"":""11"",""自營商買賣超股數(避險)"":""-11"",""三大法人買賣超股數"":""989""}"
2026-09-24,TWSE,8487,愛爾達-創       ,0,0,0,0,0,0,723,0,723,"{""證券代號"":""8487"",""證券名稱"":""愛爾達-創       "",""外陸資買進股數(不含外資自營商)"":""0"",""外陸資賣出股數(不含外資自營商)"":""0"",""外陸資買賣超股數(不含外資自營商)"":""0"",""外資自營商買進股數"":""0"",""外資自營商賣出股數"":""0"",""外資自營商買賣超股數"":""0"",""投信買進股數"":""0"",""投信賣出股數"":""0"",""投信買賣超股數"":""0"",""自營商買賣超股數"":""723"",""自營商買進股數(自行買賣)"":""0"",""自營商賣出股數(自行買賣)"":""0"",""自營商買賣超股數(自行買賣)"":""0"",""自營商買進股數(避險)"":""723"",""自營商賣出股數(避險)"":""0"",""自營商買賣超股數(避險)"":""723"",""三大法人買賣超股數"":""723""}"
2026-09-24,TWSE,5236,凌陽創新        ,6000,23574,-17574,20000,0,20000,0,0,-2000,"{""證券代號"":""5236"",""證券名稱"":""凌陽創新        "",""外陸資買進股數(不含外資自營商)"":""6,000"",""外陸資賣出股數(不含外資自營商)"":""23,574"",""外陸資買賣超股數(不含外資自營商)"":""-17,574"",""外資自營商買進股數"":""0"",""外資自營商賣出股數"":""0"",""外資自營商買賣超股數"":""0"",""投信買進股數"":""20,000"",""投信賣出股數"":""0"",""投信買賣超股數"":""20,000"",""自營商買賣超股數"":""-2,000"",""自營商買進股數(自行買賣)"":""0"",""自營商賣出股數(自行買賣)"":""2,000"",""自營商買賣超股數(自行買賣)"":""-2,000"",""自營商買進股數(避險)"":""0"",""自營商賣出股數(避險)"":""0"",""自營商買賣超股數(避險)"":""0"",""三大法人買賣超股數"":""426""}"
2026-09-24,TWSE,3592,瑞鼎            ,112078,130012,-17934,20000,1699,18301,0,0,0,"{""證券代號"":""3592"",""證券名稱"":""瑞鼎            "",""外陸資買進股數(不含外資自營商)"":""112,078"",""外陸資賣出股數(不含外資自營商)"":""130,012"",""外陸資買賣超股數(不含外資自營商)"":""-17,934"",""外資自營商買進股數"":""0"",""外資自營商賣出股數"":""0"",""外資自營商買賣超股數"":""0"",""投信買進股數"":""20,000"",""投信賣出股數"":""1,699"",""投信買賣超股數"":""18,301"",""自營商買賣超股數"":""0"",""自營商買進股數(自行買賣)"":""0"",""自營商賣出股數(自行買賣)"":""0"",""自營商買賣超股數(自行買賣)"":""0"",""自營商買進股數(避險)"":""0"",""自營商賣出股數(避險)"":""0"",""自營商買賣超股數(避險)"":""0"",""三大法人買賣超股數"":""367""}"
2026-09-24,TWSE,1446,宏和            ,1244,2000,-756,0,0,0,0,0,1000,"{""證券代號"":""1446"",""證券名稱"":""宏和            "",""外陸資買進股數(不含外資自營商)"":""1,244"",""外陸資賣出股數(不含外資自營商)"":""2,000"",""外陸資買賣超股數(不含外資自營商)"":""-756"",""外資自營商買進股數"":""0"",""外資自營商賣出股數"":""0"",""外資自營商買賣超股數"":""0"",""投信買進股數"":""0"",""投信賣出股數"":""0"",""投信買賣超股數"":""0"",""自營商買賣超股數"":""1,000"",""自營商買進股數(自行買賣)"":""1,000"",""自營商賣出股數(自行買賣)"":""0"",""自營商買賣超股數(自行買賣)"":""1,000"",""自營商買進股數(避險)"":""0"",""自營商賣出股數(避險)"":""0"",""自營商買賣超股數(避險)"":""0"",""三大法人買賣超股數"":""244""}"
2026-09-24,TWSE,6862,三集瑞-KY       ,12189,12000,189,0,0,0,0,0,0,"{""證券代號"":""6862"",""證券名稱"":""三集瑞-KY       "",""外陸資買進股數(不含外資自營商)"":""12,189"",""外陸資賣出股數(不含外資自營商)"":""12,000"",""外陸資買賣超股數(不含外資自營商)"":""189"",""外資自營商買進股數"":""0"",""外資自營商賣出股數"":""0"",""外資自營商買賣超股數"":""0"",""投信買進股數"":""0"",""投信賣出股數"":""0"",""投信買賣超股數"":""0"",""自營商買賣超股數"":""0"",""自營商買進股數(自行買賣)"":""0"",""自營商賣出股數(自行買賣)"":""0"",""自營商買賣超股數(自行買賣)"":""0"",""自營商買進股數(避險)"":""0"",""自營商賣出股數(避險)"":""0"",""自營商買賣超股數(避險)"":""0"",""三大法人買賣超股數"":""189""}"
2026-09-24,TWSE,00689R,國泰20年美債反1 ,0,0,0,0,0,0,106000,106000,0,"{""證券代號"":""00689R"",""證券名稱"":""國泰20年美債反1 "",""外陸資買進股數(不含外資自營商)"":""0"",""外陸資賣出股數(不含外資自營商)"":""0"",""外陸資買賣超股數(不含外資自營商)"":""0"",""外資自營商買進股數"":""0"",""外資自營商賣出股數"":""0"",""外資自營商買賣超股數"":""0"",""投信買進股數"":""0"",""投信賣出股數"":""0"",""投信買賣超股數"":""0"",""自營商買賣超股數"":""0"",""自營商買進股數(自行買賣)"":""0"",""自營商賣出股數(自行買賣)"":""0"",""自營商買賣超股數(自行買賣)"":""0"",""自營商買進股數(避險)"":""106,000"",""自營商賣出股數(避險)"":""106,000"",""自營商買賣超股數(避險)"":""0"",""三大法人買賣超股數"":""0""}"
2026-09-24,TWSE,00668K,國泰美國道瓊+U  ,0,0,0,0,0,0,200,200,0,"{""證券代號"":""00668K"",""證券名稱"":""國泰美國道瓊+U  "",""外陸資買進股數(不含外資自營商)"":""0"",""外陸資賣出股數(不含外資自營商)"":""0"",""外陸資買賣超股數(不含外資自營商)"":""0"",""外資自營商買進股數"":""0"",""外資自營商賣出股數"":""0"",""外資自營商買賣超股數"":""0"",""投信買進股數"":""0"",""投信賣出股數"":""0"",""投信買賣超股數"":""0"",""自營商買賣超股數"":""0"",""自營商買進股數(自行買賣)"":""0"",""自營商賣出股數(自行買賣)"":""0"",""自營商買賣超股數(自行買賣)"":""0"",""自營商買進股數(避險)"":""200"",""自營商賣出股數(避險)"":""200"",""自營商買賣超股數(避險)"":""0"",""三大法人買賣超股數"":""0""}"
2026-09-24,TWSE,1453,大將            ,4000,4000,0,0,0,0,0,0,0,"{""證券代號"":""1453"",""證券名稱"":""大將            "",""外陸資買進股數(不含外資自營商)"":""4,000"",""外陸資賣出股數(不含外資自營商)"":""4,000"",""外陸資買賣超股數(不含外資自營商)"":""0"",""外資自營商買進股數"":""0"",""外資自營商賣出股數"":""0"",""外資自營商買賣超股數"":""0"",""投信買進股數"":""0"",""投信賣出股數"":""0"",""投信買賣超股數"":""0"",""自營商買賣超股數"":""0"",""自營商買進股數(自行買賣)"":""0"",""自營商賣出股數(自行買賣)"":""0"",""自營商買賣超股數(自行買賣)"":""0"",""自營商買進股數(避險)"":""0"",""自營商賣出股數(避險)"":""0"",""自營商買賣超股數(避險)"":""0"",""三大法人買賣超股數"":""0""}"
2026-09-24,TWSE,1454,台富            ,2000,2000,0,0,0,0,0,0,0,"{""證券代號"":""1454"",""證券名稱"":""台富            "",""外陸資買進股數(不含外資自營商)"":""2,000"",""外陸資賣出股數(不含外資自營商)"":""2,000"",""外陸資買賣超股數(不含外資自營商)"":""0"",""外資自營商買進股數"":""0"",""外資自營商賣出股數"":""0"",""外資自營商買賣超股數"":""0"",""投信買進股數"":""0"",""投信賣出股數"":""0"",""投信買賣超股數"":""0"",""自營商買賣超股數"":""0"",""自營商買進股數(自行買賣)"":""0"",""自營商賣出股數(自行買賣)"":""0"",""自營商買賣超股數(自行買賣)"":""0"",""自營商買進股數(避險)"":""0"",""自營商賣出股數(避險)"":""0"",""自營商買賣超股數(避險)"":""0"",""三大法人買賣超股數"":""0""}"
2026-09-24,TWSE,1432,大魯閣          ,8000,8000,0,0,0,0,0,0,0,"{""證券代號"":""1432"",""證券名稱"":""大魯閣          "",""外陸資買進股數(不含外資自營商)"":""8,000"",""外陸資賣出股數(不含外資自營商)"":""8,000"",""外陸資買賣超股數(不含外資自營商)"":""0"",""外資自營商買進股數"":""0"",""外資自營商賣出股數"":""0"",""外資自營商買賣超股數"":""0"",""投信買進股數"":""0"",""投信賣出股數"":""0"",""投信買賣超股數"":""0"",""自營商買賣超股數"":""0"",""自營商買進股數(自行買賣)"":""0"",""自營商賣出股數(自行買賣)"":""0"",""自營商買賣超股數(自行買賣)"":""0"",""自營商買進股數(避險)"":""0"",""自營商賣出股數(避險)"":""0"",""自營商買賣超股數(避險)"":""0"",""三大法人買賣超股數"":""0""}"
2026-09-24,TWSE,1225,福懋油          ,4000,4000,0,0,0,0,0,0,0,"{""證券代號"":""1225"",""證券名稱"":""福懋油          "",""外陸資買進股數(不含外資自營商)"":""4,000"",""外陸資賣出股數(不含外資自營商)"":""4,000"",""外陸資買賣超股數(不含外資自營商)"":""0"",""外資自營商買進股數"":""0"",""外資自營商賣出股數"":""0"",""外資自營商買賣超股數"":""0"",""投信買進股數"":""0"",""投信賣出股數"":""0"",""投信買賣超股數"":""0"",""自營商買賣超股數"":""0"",""自營商買進股數(自行買賣)"":""0"",""自營商賣出股數(自行買賣)"":""0"",""自營商買賣超股數(自行買賣)"":""0"",""自營商買進股數(避險)"":""0"",""自營商賣出股數(避險)"":""0"",""自營商買賣超股數(避險)"":""0"",""三大法人買賣超股數"":""0""}"
2026-09-24,TWSE,00636K,國泰中國A50+U   ,0,0,0,0,0,0,200,200,0,"{""證券代號"":""00636K"",""證券名稱"":""國泰中國A50+U   "",""外陸資買進股數(不含外資自營商)"":""0"",""外陸資賣出股數(不含外資自營商)"":""0"",""外陸資買賣超股數(不含外資自營商)"":""0"",""外資自營商買進股數"":""0"",""外資自營商賣出股數"":""0"",""外資自營商買賣超股數"":""0"",""投信買進股數"":""0"",""投信賣出股數"":""0"",""投信買賣超股數"":""0"",""自營商買賣超股數"":""0"",""自營商買進股數(自行買賣)"":""0"",""自營商賣出股數(自行買賣)"":""0"",""自營商買賣超股數(自行買賣)"":""0"",""自營商買進股數(避險)"":""200"",""自營商賣出股數(避險)"":""200"",""自營商買賣超股數(避險)"":""0"",""三大法人買賣超股數"":""0""}"
2026-09-24,TWSE,00657K,國泰日經225+U   ,0,0,0,0,0,0,200,200,0,"{""證券代號"":""00657K"",""證券名稱"":""國泰日經225+U   "",""外陸資買進股數(不含外資自營商)"":""0"",""外陸資賣出股數(不含外資自營商)"":""0"",""外陸資買賣超股數(不含外資自營商)"":""0"",""外資自營商買進股數"":""0"",""外資自營商賣出股數"":""0"",""外資自營商買賣超股數"":""0"",""投信買進股數"":""0"",""投信賣出股數"":""0"",""投信買賣超股數"":""0"",""自營商買賣超股數"":""0"",""自營商買進股數(自行買賣)"":""0"",""自營商賣出股數(自行買賣)"":""0"",""自營商買賣超股數(自行買賣)"":""0"",""自營商買進股數(避險)"":""200"",""自營商賣出股數(避險)"":""200"",""自營商買賣超股數(避險)"":""0"",""三大法人買賣超股數"":""0""}"
2026-09-24,TWSE,00775B,台新投等債15+   ,0,0,0,0,0,0,80000,80000,0,"{""證券代號"":""00775B"",""證券名稱"":""台新投等債15+   "",""外陸資買進股數(不含外資自營商)"":""0"",""外陸資賣出股數(不含外資自營商)"":""0"",""外陸資買賣超股數(不含外資自營商)"":""0"",""外資自營商買進股數"":""0"",""外資自營商賣出股數"":""0"",""外資自營商買賣超股數"":""0"",""投信買進股數"":""0"",""投信賣出股數"":""0"",""投信買賣超股數"":""0"",""自營商買賣超股數"":""0"",""自營商買進股數(自行買賣)"":""0"",""自營商賣出股數(自行買賣)"":""0"",""自營商買賣超股數(自行買賣)"":""0"",""自營商買進股數(避險)"":""80,000"",""自營商賣出股數(避險)"":""80,000"",""自營商買賣超股數(避險)"":""0"",""三大法人買賣超股數"":""0""}"
2026-09-24,TWSE,1472,三洋實業        ,3000,3000,0,0,0,0,0,0,0,"{""證券代號"":""1472"",""證券名稱"":""三洋實業        "",""外陸資買進股數(不含外資自營商)"":""3,000"",""外陸資賣出股數(不含外資自營商)"":""3,000"",""外陸資買賣超股數(不含外資自營商)"":""0"",""外資自營商買進股數"":""0"",""外資自營商賣出股數"":""0"",""外資自營商買賣超股數"":""0"",""投信買進股數"":""0"",""投信賣出股數"":""0"",""投信買賣超股數"":""0"",""自營商買賣超股數"":""0"",""自營商買進股數(自行買賣)"":""0"",""自營商賣出股數(自行買賣)"":""0"",""自營商買賣超股數(自行買賣)"":""0"",""自營商買進股數(避險)"":""0"",""自營商賣出股數(避險)"":""0"",""自營商買賣超股數(避險)"":""0"",""三大法人買賣超股數"":""0""}"
2026-09-24,TWSE,1475,業旺            ,1000,1000,0,0,0,0,0,0,0,"{""證券代號"":""1475"",""證券名稱"":""業旺            "",""外陸資買進股數(不含外資自營商)"":""1,000"",""外陸資賣出股數(不含外資自營商)"":""1,000"",""外陸資買賣超股數(不含外資自營商)"":""0"",""外資自營商買進股數"":""0"",""外資自營商賣出股數"":""0"",""外資自營商買賣超股數"":""0"",""投信買進股數"":""0"",""投信賣出股數"":""0"",""投信買賣超股數"":""0"",""自營商買賣超股數"":""0"",""自營商買進股數(自行買賣)"":""0"",""自營商賣出股數(自行買賣)"":""0"",""自營商買賣超股數(自行買賣)"":""0"",""自營商買進股數(避險)"":""0"",""自營商賣出股數(避險)"":""0"",""自營商買賣超股數(避險)"":""0"",""三大法人買賣超股數"":""0""}"
2026-09-24,TWSE,1732,毛寶            ,4000,4000,0,0,0,0,0,0,0,"{""證券代號"":""1732"",""證券名稱"":""毛寶            "",""外陸資買進股數(不含外資自營商)"":""4,000"",""外陸資賣出股數(不含外資自營商)"":""4,000"",""外陸資買賣超股數(不含外資自營商)"":""0"",""外資自營商買進股數"":""0"",""外資自營商賣出股數"":""0"",""外資自營商買賣超股數"":""0"",""投信買進股數"":""0"",""投信賣出股數"":""0"",""投信買賣超股數"":""0"",""自營商買賣超股數"":""0"",""自營商買進股數(自行買賣)"":""0"",""自營商賣出股數(自行買賣)"":""0"",""自營商買賣超股數(自行買賣)"":""0"",""自營商買進股數(避險)"":""0"",""自營商賣出股數(避險)"":""0"",""自營商買賣超股數(避險)"":""0"",""三大法人買賣超股數"":""0""}"
2026-09-24,TWSE,6835,圓裕            ,4000,4000,0,0,0,0,0,0,0,"{""證券代號"":""6835"",""證券名稱"":""圓裕            "",""外陸資買進股數(不含外資自營商)"":""4,000"",""外陸資賣出股數(不含外資自營商)"":""4,000"",""外陸資買賣超股數(不含外資自營商)"":""0"",""外資自營商買進股數"":""0"",""外資自營商賣出股數"":""0"",""外資自營商買賣超股數"":""0"",""投信買進股數"":""0"",""投信賣出股數"":""0"",""投信買賣超股數"":""0"",""自營商買賣超股數"":""0"",""自營商買進股數(自行買賣)"":""0"",""自營商賣出股數(自行買賣)"":""0"",""自營商買賣超股數(自行買賣)"":""0"",""自營商買進股數(避險)"":""0"",""自營商賣出股數(避險)"":""0"",""自營商買賣超股數(避險)"":""0"",""三大法人買賣超股數"":""0""}"
2026-09-24,TWSE,6641,基士德-KY       ,1000,0,1000,0,0,0,0,0,-1000,"{""證券代號"":""6641"",""證券名稱"":""基士德-KY       "",""外陸資買進股數(不含外資自營商)"":""1,000"",""外陸資賣出股數(不含外資自營商)"":""0"",""外陸資買賣超股數(不含外資自營商)"":""1,000"",""外資自營商買進股數"":""0"",""外資自營商賣出股數"":""0"",""外資自營商買賣超股數"":""0"",""投信買進股數"":""0"",""投信賣出股數"":""0"",""投信買賣超股數"":""0"",""自營商買賣超股數"":""-1,000"",""自營商買進股數(自行買賣)"":""0"",""自營商賣出股數(自行買賣)"":""1,000"",""自營商買賣超股數(自行買賣)"":""-1,000"",""自營商買進股數(避險)"":""0"",""自營商賣出股數(避險)"":""0"",""自營商買賣超股數(避險)"":""0"",""三大法人買賣超股數"":""0""}"
2026-09-24,TWSE,6671,三能-KY         ,2000,2000,0,0,0,0,0,0,0,"{""證券代號"":""6671"",""證券名稱"":""三能-KY         "",""外陸資買進股數(不含外資自營商)"":""2,000"",""外陸資賣出股數(不含外資自營商)"":""2,000"",""外陸資買賣超股數(不含外資自營商)"":""0"",""外資自營商買進股數"":""0"",""外資自營商賣出股數"":""0"",""外資自營商買賣超股數"":""0"",""投信買進股數"":""0"",""投信賣出股數"":""0"",""投信買賣超股數"":""0"",""自營商買賣超股數"":""0"",""自營商買進股數(自行買賣)"":""0"",""自營商賣出股數(自行買賣)"":""0"",""自營商買賣超股數(自行買賣)"":""0"",""自營商買進股數(避險)"":""0"",""自營商賣出股數(避險)"":""0"",""自營商買賣超股數(避險)"":""0"",""三大法人買賣超股數"":""0""}"
2026-09-24,TWSE,6464,台數科          ,1000,1000,0,0,0,0,0,0,0,"{""證券代號"":""6464"",""證券名稱"":""台數科          "",""外陸資買進股數(不含外資自營商)"":""1,000"",""外陸資賣出股數(不含外資自營商)"":""1,000"",""外陸資買賣超股數(不含外資自營商)"":""0"",""外資自營商買進股數"":""0"",""外資自營商賣出股數"":""0"",""外資自營商買賣超股數"":""0"",""投信買進股數"":""0"",""投信賣出股數"":""0"",""投信買賣超股數"":""0"",""自營商買賣超股數"":""0"",""自營商買進股數(自行買賣)"":""0"",""自營商賣出股數(自行買賣)"":""0"",""自營商買賣超股數(自行買賣)"":""0"",""自營商買進股數(避險)"":""0"",""自營商賣出股數(避險)"":""0"",""自營商買賣超股數(避險)"":""0"",""三大法人買賣超股數"":""0""}"
2026-09-24,TWSE,6283,淳安            ,4000,4000,0,0,0,0,0,0,0,"{""證券代號"":""6283"",""證券名稱"":""淳安            "",""外陸資買進股數(不含外資自營商)"":""4,000"",""外陸資賣出股數(不含外資自營商)"":""4,000"",""外陸資買賣超股數(不含外資自營商)"":""0"",""外資自營商買進股數"":""0"",""外資自營商賣出股數"":""0"",""外資自營商買賣超股數"":""0"",""投信買進股數"":""0"",""投信賣出股數"":""0"",""投信買賣超股數"":""0"",""自營商買賣超股數"":""0"",""自營商買進股數(自行買賣)"":""0"",""自營商賣出股數(自行買賣)"":""0"",""自營商買賣超股數(自行買賣)"":""0"",""自營商買進股數(避險)"":""0"",""自營商賣出股數(避險)"":""0"",""自營商買賣超股數(避險)"":""0"",""三大法人買賣超股數"":""0""}"
2026-09-24,TWSE,1470,大統新創        ,0,1000,-1000,0,0,0,0,0,1000,"{""證券代號"":""1470"",""證券名稱"":""大統新創        "",""外陸資買進股數(不含外資自營商)"":""0"",""外陸資賣出股數(不含外資自營商)"":""1,000"",""外陸資買賣超股數(不含外資自營商)"":""-1,000"",""外資自營商買進股數"":""0"",""外資自營商賣出股數"":""0"",""外資自營商買賣超股數"":""0"",""投信買進股數"":""0"",""投信賣出股數"":""0"",""投信買賣超股數"":""0"",""自營商買賣超股數"":""1,000"",""自營商買進股數(自行買賣)"":""1,000"",""自營商賣出股數(自行買賣)"":""0"",""自營商買賣超股數(自行買賣)"":""1,000"",""自營商買進股數(避險)"":""0"",""自營商賣出股數(避險)"":""0"",""自營商買賣超股數(避險)"":""0"",""三大法人買賣超股數"":""0""}"
2026-09-24,TWSE,8341,日友            ,20000,20000,0,0,0,0,0,0,0,"{""證券代號"":""8341"",""證券名稱"":""日友            "",""外陸資買進股數(不含外資自營商)"":""20,000"",""外陸資賣出股數(不含外資自營商)"":""20,000"",""外陸資買賣超股數(不含外資自營商)"":""0"",""外資自營商買進股數"":""0"",""外資自營商賣出股數"":""0"",""外資自營商買賣超股數"":""0"",""投信買進股數"":""0"",""投信賣出股數"":""0"",""投信買賣超股數"":""0"",""自營商買賣超股數"":""0"",""自營商買進股數(自行買賣)"":""0"",""自營商賣出股數(自行買賣)"":""0"",""自營商買賣超股數(自行買賣)"":""0"",""自營商買進股數(避險)"":""0"",""自營商賣出股數(避險)"":""0"",""自營商買賣超股數(避險)"":""0"",""三大法人買賣超股數"":""0""}"
2026-09-24,TWSE,8201,無敵            ,6000,6000,0,0,0,0,0,0,0,"{""證券代號"":""8201"",""證券名稱"":""無敵            "",""外陸資買進股數(不含外資自營商)"":""6,000"",""外陸資賣出股數(不含外資自營商)"":""6,000"",""外陸資買賣超股數(不含外資自營商)"":""0"",""外資自營商買進股數"":""0"",""外資自營商賣出股數"":""0"",""外資自營商買賣超股數"":""0"",""投信買進股數"":""0"",""投信賣出股數"":""0"",""投信買賣超股數"":""0"",""自營商買賣超股數"":""0"",""自營商買進股數(自行買賣)"":""0"",""自營商賣出股數(自行買賣)"":""0"",""自營商買賣超股數(自行買賣)"":""0"",""自營商買進股數(避險)"":""0"",""自營商賣出股數(避險)"":""0"",""自營商買賣超股數(避險)"":""0"",""三大法人買賣超股數"":""0""}"
2026-09-24,TWSE,3593,力銘            ,1000,1000,0,0,0,0,0,0,0,"{""證券代號"":""3593"",""證券名稱"":""力銘            "",""外陸資買進股數(不含外資自營商)"":""1,000"",""外陸資賣出股數(不含外資自營商)"":""1,000"",""外陸資買賣超股數(不含外資自營商)"":""0"",""外資自營商買進股數"":""0"",""外資自營商賣出股數"":""0"",""外資自營商買賣超股數"":""0"",""投信買進股數"":""0"",""投信賣出股數"":""0"",""投信買賣超股數"":""0"",""自營商買賣超股數"":""0"",""自營商買進股數(自行買賣)"":""0"",""自營商賣出股數(自行買賣)"":""0"",""自營商買賣超股數(自行買賣)"":""0"",""自營商買進股數(避險)"":""0"",""自營商賣出股數(避險)"":""0"",""自營商買賣超股數(避險)"":""0"",""三大法人買賣超股數"":""0""}"
2026-09-24,TWSE,5484,慧友            ,5000,5000,0,0,0,0,0,0,0,"{""證券代號"":""5484"",""證券名稱"":""慧友            "",""外陸資買進股數(不含外資自營商)"":""5,000"",""外陸資賣出股數(不含外資自營商)"":""5,000"",""外陸資買賣超股數(不含外資自營商)"":""0"",""外資自營商買進股數"":""0"",""外資自營商賣出股數"":""0"",""外資自營商買賣超股數"":""0"",""投信買進股數"":""0"",""投信賣出股數"":""0"",""投信買賣超股數"":""0"",""自營商買賣超股數"":""0"",""自營商買進股數(自行買賣)"":""0"",""自營商賣出股數(自行買賣)"":""0"",""自營商買賣超股數(自行買賣)"":""0"",""自營商買進股數(避險)"":""0"",""自營商賣出股數(避險)"":""0"",""自營商買賣超股數(避險)"":""0"",""三大法人買賣超股數"":""0""}"
2026-09-24,TWSE,2722,夏都            ,2000,2000,0,0,0,0,0,0,0,"{""證券代號"":""2722"",""證券名稱"":""夏都            "",""外陸資買進股數(不含外資自營商)"":""2,000"",""外陸資賣出股數(不含外資自營商)"":""2,000"",""外陸資買賣超股數(不含外資自營商)"":""0"",""外資自營商買進股數"":""0"",""外資自營商賣出股數"":""0"",""外資自營商買賣超股數"":""0"",""投信買進股數"":""0"",""投信賣出股數"":""0"",""投信買賣超股數"":""0"",""自營商買賣超股數"":""0"",""自營商買進股數(自行買賣)"":""0"",""自營商賣出股數(自行買賣)"":""0"",""自營商買賣超股數(自行買賣)"":""0"",""自營商買進股數(避險)"":""0"",""自營商賣出股數(避險)"":""0"",""自營商買賣超股數(避險)"":""0"",""三大法人買賣超股數"":""0""}"
2026-09-24,TWSE,2438,翔耀            ,9000,9000,0,0,0,0,0,0,0,"{""證券代號"":""2438"",""證券名稱"":""翔耀            "",""外陸資買進股數(不含外資自營商)"":""9,000"",""外陸資賣出股數(不含外資自營商)"":""9,000"",""外陸資買賣超股數(不含外資自營商)"":""0"",""外資自營商買進股數"":""0"",""外資自營商賣出股數"":""0"",""外資自營商買賣超股數"":""0"",""投信買進股數"":""0"",""投信賣出股數"":""0"",""投信買賣超股數"":""0"",""自營商買賣超股數"":""0"",""自營商買進股數(自行買賣)"":""0"",""自營商賣出股數(自行買賣)"":""0"",""自營商買賣超股數(自行買賣)"":""0"",""自營商買進股數(避險)"":""0"",""自營商賣出股數(避險)"":""0"",""自營商買賣超股數(避險)"":""0"",""三大法人買賣超股數"":""0""}"
2026-09-24,TWSE,3257,虹冠電          ,18000,18000,0,0,0,0,0,0,0,"{""證券代號"":""3257"",""證券名稱"":""虹冠電          "",""外陸資買進股數(不含外資自營商)"":""18,000"",""外陸資賣出股數(不含外資自營商)"":""18,000"",""外陸資買賣超股數(不含外資自營商)"":""0"",""外資自營商買進股數"":""0"",""外資自營商賣出股數"":""0"",""外資自營商買賣超股數"":""0"",""投信買進股數"":""0"",""投信賣出股數"":""0"",""投信買賣超股數"":""0"",""自營商買賣超股數"":""0"",""自營商買進股數(自行買賣)"":""0"",""自營商賣出股數(自行買賣)"":""0"",""自營商買賣超股數(自行買賣)"":""0"",""自營商買進股數(避險)"":""0"",""自營商賣出股數(避險)"":""0"",""自營商買賣超股數(避險)"":""0"",""三大法人買賣超股數"":""0""}"
2026-09-24,TWSE,1614,三洋電          ,3000,3000,0,0,0,0,0,0,0,"{""證券代號"":""1614"",""證券名稱"":""三洋電          "",""外陸資買進股數(不含外資自營商)"":""3,000"",""外陸資賣出股數(不含外資自營商)"":""3,000"",""外陸資買賣超股數(不含外資自營商)"":""0"",""外資自營商買進股數"":""0"",""外資自營商賣出股數"":""0"",""外資自營商買賣超股數"":""0"",""投信買進股數"":""0"",""投信賣出股數"":""0"",""投信買賣超股數"":""0"",""自營商買賣超股數"":""0"",""自營商買進股數(自行買賣)"":""0"",""自營商賣出股數(自行買賣)"":""0"",""自營商買賣超股數(自行買賣)"":""0"",""自營商買進股數(避險)"":""0"",""自營商賣出股數(避險)"":""0"",""自營商買賣超股數(避險)"":""0"",""三大法人買賣超股數"":""0""}"
2026-09-24,TWSE,4999,鑫禾            ,2000,2000,0,0,0,0,0,0,-28,"{""證券代號"":""4999"",""證券名稱"":""鑫禾            "",""外陸資買進股數(不含外資自營商)"":""2,000"",""外陸資賣出股數(不含外資自營商)"":""2,000"",""外陸資買賣超股數(不含外資自營商)"":""0"",""外資自營商買進股數"":""0"",""外資自營商賣出股數"":""0"",""外資自營商買賣超股數"":""0"",""投信買進股數"":""0"",""投信賣出股數"":""0"",""投信買賣超股數"":""0"",""自營商買賣超股數"":""-28"",""自營商買進股數(自行買賣)"":""0"",""自營商賣出股數(自行買賣)"":""28"",""自營商買賣超股數(自行買賣)"":""-28"",""自營商買進股數(避險)"":""0"",""自營商賣出股數(避險)"":""0"",""自營商買賣超股數(避險)"":""0"",""三大法人買賣超股數"":""-28""}"
2026-09-24,TWSE,1418,東華            ,9000,9065,-65,0,0,0,0,0,0,"{""證券代號"":""1418"",""證券名稱"":""東華            "",""外陸資買進股數(不含外資自營商)"":""9,000"",""外陸資賣出股數(不含外資自營商)"":""9,065"",""外陸資買賣超股數(不含外資自營商)"":""-65"",""外資自營商買進股數"":""0"",""外資自營商賣出股數"":""0"",""外資自營商買賣超股數"":""0"",""投信買進股數"":""0"",""投信賣出股數"":""0"",""投信買賣超股數"":""0"",""自營商買賣超股數"":""0"",""自營商買進股數(自行買賣)"":""0"",""自營商賣出股數(自行買賣)"":""0"",""自營商買賣超股數(自行買賣)"":""0"",""自營商買進股數(避險)"":""0"",""自營商賣出股數(避險)"":""0"",""自營商買賣超股數(避險)"":""0"",""三大法人買賣超股數"":""-65""}"
2026-09-24,TWSE,3135,凌航            ,72148,71301,847,0,0,0,11000,11945,-945,"{""證券代號"":""3135"",""證券名稱"":""凌航            "",""外陸資買進股數(不含外資自營商)"":""72,148"",""外陸資賣出股數(不含外資自營商)"":""71,301"",""外陸資買賣超股數(不含外資自營商)"":""847"",""外資自營商買進股數"":""0"",""外資自營商賣出股數"":""0"",""外資自營商買賣超股數"":""0"",""投信買進股數"":""0"",""投信賣出股數"":""0"",""投信買賣超股數"":""0"",""自營商買賣超股數"":""-945"",""自營商買進股數(自行買賣)"":""0"",""自營商賣出股數(自行買賣)"":""0"",""自營商買賣超股數(自行買賣)"":""0"",""自營商買進股數(避險)"":""11,000"",""自營商賣出股數(避險)"":""11,945"",""自營商買賣超股數(避險)"":""-945"",""三大法人買賣超股數"":""-98""}"
2026-09-24,TWSE,006204,永豐臺灣加權    ,0,0,0,0,0,0,20023,20121,-98,"{""證券代號"":""006204"",""證券名稱"":""永豐臺灣加權    "",""外陸資買進股數(不含外資自營商)"":""0"",""外陸資賣出股數(不含外資自營商)"":""0"",""外陸資買賣超股數(不含外資自營商)"":""0"",""外資自營商買進股數"":""0"",""外資自營商賣出股數"":""0"",""外資自營商買賣超股數"":""0"",""投信買進股數"":""0"",""投信賣出股數"":""0"",""投信買賣超股數"":""0"",""自營商買賣超股數"":""-98"",""自營商買進股數(自行買賣)"":""0"",""自營商賣出股數(自行買賣)"":""0"",""自營商買賣超股數(自行買賣)"":""0"",""自營商買進股數(避險)"":""20,023"",""自營商賣出股數(避險)"":""20,121"",""自營商買賣超股數(避險)"":""-98"",""三大法人買賣超股數"":""-98""}"
2026-09-24,TWSE,2062,橋椿            ,9000,9214,-214,0,0,0,0,0,0,"{""證券代號"":""2062"",""證券名稱"":""橋椿            "",""外陸資買進股數(不含外資自營商)"":""9,000"",""外陸資賣出股數(不含外資自營商)"":""9,214"",""外陸資買賣超股數(不含外資自營商)"":""-214"",""外資自營商買進股數"":""0"",""外資自營商賣出股數"":""0"",""外資自營商買賣超股數"":""0"",""投信買進股數"":""0"",""投信賣出股數"":""0"",""投信買賣超股數"":""0"",""自營商買賣超股數"":""0"",""自營商買進股數(自行買賣)"":""0"",""自營商賣出股數(自行買賣)"":""0"",""自營商買賣超股數(自行買賣)"":""0"",""自營商買進股數(避險)"":""0"",""自營商賣出股數(避險)"":""0"",""自營商買賣超股數(避險)"":""0"",""三大法人買賣超股數"":""-214""}"
2026-09-24,TWSE,4588,玖鼎電力        ,9000,9000,0,0,0,0,0,0,-288,"{""證券代號"":""4588"",""證券名稱"":""玖鼎電力        "",""外陸資買進股數(不含外資自營商)"":""9,000"",""外陸資賣出股數(不含外資自營商)"":""9,000"",""外陸資買賣超股數(不含外資自營商)"":""0"",""外資自營商買進股數"":""0"",""外資自營商賣出股數"":""0"",""外資自營商買賣超股數"":""0"",""投信買進股數"":""0"",""投信賣出股數"":""0"",""投信買賣超股數"":""0"",""自營商買賣超股數"":""-288"",""自營商買進股數(自行買賣)"":""0"",""自營商賣出股數(自行買賣)"":""288"",""自營商買賣超股數(自行買賣)"":""-288"",""自營商買進股數(避險)"":""0"",""自營商賣出股數(避險)"":""0"",""自營商買賣超股數(避險)"":""0"",""三大法人買賣超股數"":""-288""}"
2026-09-24,TWSE,1339,昭輝            ,5000,6000,-1000,0,0,0,0,0,484,"{""證券代號"":""1339"",""證券名稱"":""昭輝            "",""外陸資買進股數(不含外資自營商)"":""5,000"",""外陸資賣出股數(不含外資自營商)"":""6,000"",""外陸資買賣超股數(不含外資自營商)"":""-1,000"",""外資自營商買進股數"":""0"",""外資自營商賣出股數"":""0"",""外資自營商買賣超股數"":""0"",""投信買進股數"":""0"",""投信賣出股數"":""0"",""投信買賣超股數"":""0"",""自營商買賣超股數"":""484"",""自營商買進股數(自行買賣)"":""1,000"",""自營商賣出股數(自行買賣)"":""516"",""自營商買賣超股數(自行買賣)"":""484"",""自營商買進股數(避險)"":""0"",""自營商賣出股數(避險)"":""0"",""自營商買賣超股數(避險)"":""0"",""三大法人買賣超股數"":""-516""}"
2026-09-24,TWSE,1232,大統益          ,6287,7156,-869,0,0,0,0,0,0,"{""證券代號"":""1232"",""證券名稱"":""大統益          "",""外陸資買進股數(不含外資自營商)"":""6,287"",""外陸資賣出股數(不含外資自營商)"":""7,156"",""外陸資買賣超股數(不含外資自營商)"":""-869"",""外資自營商買進股數"":""0"",""外資自營商賣出股數"":""0"",""外資自營商買賣超股數"":""0"",""投信買進股數"":""0"",""投信賣出股數"":""0"",""投信買賣超股數"":""0"",""自營商買賣超股數"":""0"",""自營商買進股數(自行買賣)"":""0"",""自營商賣出股數(自行買賣)"":""0"",""自營商買賣超股數(自行買賣)"":""0"",""自營商買進股數(避險)"":""0"",""自營商賣出股數(避險)"":""0"",""自營商買賣超股數(避險)"":""0"",""三大法人買賣超股數"":""-869""}"
2026-09-24,TWSE,00647L,元大S&P500正2   ,0,0,0,0,0,0,55,987,-932,"{""證券代號"":""00647L"",""證券名稱"":""元大S&P500正2   "",""外陸資買進股數(不含外資自營商)"":""0"",""外陸資賣出股數(不含外資自營商)"":""0"",""外陸資買賣超股數(不含外資自營商)"":""0"",""外資自營商買進股數"":""0"",""外資自營商賣出股數"":""0"",""外資自營商買賣超股數"":""0"",""投信買進股數"":""0"",""投信賣出股數"":""0"",""投信買賣超股數"":""0"",""自營商買賣超股數"":""-932"",""自營商買進股數(自行買賣)"":""0"",""自營商賣出股數(自行買賣)"":""0"",""自營商買賣超股數(自行買賣)"":""0"",""自營商買進股數(避險)"":""55"",""自營商賣出股數(避險)"":""987"",""自營商買賣超股數(避險)"":""-932"",""三大法人買賣超股數"":""-932""}"
2026-09-24,TWSE,2514,龍邦            ,9000,10000,-1000,0,0,0,0,0,0,"{""證券代號"":""2514"",""證券名稱"":""龍邦            "",""外陸資買進股數(不含外資自營商)"":""9,000"",""外陸資賣出股數(不含外資自營商)"":""10,000"",""外陸資買賣超股數(不含外資自營商)"":""-1,000"",""外資自營商買進股數"":""0"",""外資自營商賣出股數"":""0"",""外資自營商買賣超股數"":""0"",""投信買進股數"":""0"",""投信賣出股數"":""0"",""投信買賣超股數"":""0"",""自營商買賣超股數"":""0"",""自營商買進股數(自行買賣)"":""0"",""自營商賣出股數(自行買賣)"":""0"",""自營商買賣超股數(自行買賣)"":""0"",""自營商買進股數(避險)"":""0"",""自營商賣出股數(避險)"":""0"",""自營商買賣超股數(避險)"":""0"",""三大法人買賣超股數"":""-1,000""}"
2026-09-24,TWSE,2702,華園            ,3000,4000,-1000,0,0,0,0,0,0,"{""證券代號"":""2702"",""證券名稱"":""華園            "",""外陸資買進股數(不含外資自營商)"":""3,000"",""外陸資賣出股數(不含外資自營商)"":""4,000"",""外陸資買賣超股數(不含外資自營商)"":""-1,000"",""外資自營商買進股數"":""0"",""外資自營商賣出股數"":""0"",""外資自營商買賣超股數"":""0"",""投信買進股數"":""0"",""投信賣出股數"":""0"",""投信買賣超股數"":""0"",""自營商買賣超股數"":""0"",""自營商買進股數(自行買賣)"":""0"",""自營商賣出股數(自行買賣)"":""0"",""自營商買賣超股數(自行買賣)"":""0"",""自營商買進股數(避險)"":""0"",""自營商賣出股數(避險)"":""0"",""自營商買賣超股數(避險)"":""0"",""三大法人買賣超股數"":""-1,000""}"
2026-09-24,TWSE,2705,六福            ,12000,13000,-1000,0,0,0,0,0,0,"{""證券代號"":""2705"",""證券名稱"":""六福            "",""外陸資買進股數(不含外資自營商)"":""12,000"",""外陸資賣出股數(不含外資自營商)"":""13,000"",""外陸資買賣超股數(不含外資自營商)"":""-1,000"",""外資自營商買進股數"":""0"",""外資自營商賣出股數"":""0"",""外資自營商買賣超股數"":""0"",""投信買進股數"":""0"",""投信賣出股數"":""0"",""投信買賣超股數"":""0"",""自營商買賣超股數"":""0"",""自營商買進股數(自行買賣)"":""0"",""自營商賣出股數(自行買賣)"":""0"",""自營商買賣超股數(自行買賣)"":""0"",""自營商買進股數(避險)"":""0"",""自營商賣出股數(避險)"":""0"",""自營商買賣超股數(避險)"":""0"",""三大法人買賣超股數"":""-1,000""}"
2026-09-24,TWSE,9929,秋雨            ,0,1000,-1000,0,0,0,0,0,0,"{""證券代號"":""9929"",""證券名稱"":""秋雨            "",""外陸資買進股數(不含外資自營商)"":""0"",""外陸資賣出股數(不含外資自營商)"":""1,000"",""外陸資買賣超股數(不含外資自營商)"":""-1,000"",""外資自營商買進股數"":""0"",""外資自營商賣出股數"":""0"",""外資自營商買賣超股數"":""0"",""投信買進股數"":""0"",""投信賣出股數"":""0"",""投信買賣超股數"":""0"",""自營商買賣超股數"":""0"",""自營商買進股數(自行買賣)"":""0"",""自營商賣出股數(自行買賣)"":""0"",""自營商買賣超股數(自行買賣)"":""0"",""自營商買進股數(避險)"":""0"",""自營商賣出股數(避險)"":""0"",""自營商買賣超股數(避險)"":""0"",""三大法人買賣超股數"":""-1,000""}"
2026-09-24,TWSE,1338,廣華-KY         ,18000,19000,-1000,0,0,0,0,0,0,"{""證券代號"":""1338"",""證券名稱"":""廣華-KY         "",""外陸資買進股數(不含外資自營商)"":""18,000"",""外陸資賣出股數(不含外資自營商)"":""19,000"",""外陸資買賣超股數(不含外資自營商)"":""-1,000"",""外資自營商買進股數"":""0"",""外資自營商賣出股數"":""0"",""外資自營商買賣超股數"":""0"",""投信買進股數"":""0"",""投信賣出股數"":""0"",""投信買賣超股數"":""0"",""自營商買賣超股數"":""0"",""自營商買進股數(自行買賣)"":""0"",""自營商賣出股數(自行買賣)"":""0"",""自營商買賣超股數(自行買賣)"":""0"",""自營商買進股數(避險)"":""0"",""自營商賣出股數(避險)"":""0"",""自營商買賣超股數(避險)"":""0"",""三大法人買賣超股數"":""-1,000""}"
2026-09-24,TWSE,1435,中福            ,1000,2000,-1000,0,0,0,0,0,0,"{""證券代號"":""1435"",""證券名稱"":""中福            "",""外陸資買進股數(不含外資自營商)"":""1,000"",""外陸資賣出股數(不含外資自營商)"":""2,000"",""外陸資買賣超股數(不含外資自營商)"":""-1,000"",""外資自營商買進股數"":""0"",""外資自營商賣出股數"":""0"",""外資自營商買賣超股數"":""0"",""投信買進股數"":""0"",""投信賣出股數"":""0"",""投信買賣超股數"":""0"",""自營商買賣超股數"":""0"",""自營商買進股數(自行買賣)"":""0"",""自營商賣出股數(自行買賣)"":""0"",""自營商買賣超股數(自行買賣)"":""0"",""自營商買進股數(避險)"":""0"",""自營商賣出股數(避險)"":""0"",""自營商買賣超股數(避險)"":""0"",""三大法人買賣超股數"":""-1,000""}"
2026-09-24,TWSE,1451,年興            ,2000,3000,-1000,0,0,0,0,0,0,"{""證券代號"":""1451"",""證券名稱"":""年興            "",""外陸資買進股數(不含外資自營商)"":""2,000"",""外陸資賣出股數(不含外資自營商)"":""3,000"",""外陸資買賣超股數(不含外資自營商)"":""-1,000"",""外資自營商買進股數"":""0"",""外資自營商賣出股數"":""0"",""外資自營商買賣超股數"":""0"",""投信買進股數"":""0"",""投信賣出股數"":""0"",""投信買賣超股數"":""0"",""自營商買賣超股數"":""0"",""自營商買進股數(自行買賣)"":""0"",""自營商賣出股數(自行買賣)"":""0"",""自營商買賣超股數(自行買賣)"":""0"",""自營商買進股數(避險)"":""0"",""自營商賣出股數(避險)"":""0"",""自營商買賣超股數(避險)"":""0"",""三大法人買賣超股數"":""-1,000""}"
2026-09-24,TWSE,1439,雋揚            ,1000,2000,-1000,0,0,0,0,0,0,"{""證券代號"":""1439"",""證券名稱"":""雋揚            "",""外陸資買進股數(不含外資自營商)"":""1,000"",""外陸資賣出股數(不含外資自營商)"":""2,000"",""外陸資買賣超股數(不含外資自營商)"":""-1,000"",""外資自營商買進股數"":""0"",""外資自營商賣出股數"":""0"",""外資自營商買賣超股數"":""0"",""投信買進股數"":""0"",""投信賣出股數"":""0"",""投信買賣超股數"":""0"",""自營商買賣超股數"":""0"",""自營商買進股數(自行買賣)"":""0"",""自營商賣出股數(自行買賣)"":""0"",""自營商買賣超股數(自行買賣)"":""0"",""自營商買進股數(避險)"":""0"",""自營商賣出股數(避險)"":""0"",""自營商買賣超股數(避險)"":""0"",""三大法人買賣超股數"":""-1,000""}"
2026-09-24,TWSE,00711B,復華彭博新興債  ,0,0,0,0,0,0,120999,121999,-1000,"{""證券代號"":""00711B"",""證券名稱"":""復華彭博新興債  "",""外陸資買進股數(不含外資自營商)"":""0"",""外陸資賣出股數(不含外資自營商)"":""0"",""外陸資買賣超股數(不含外資自營商)"":""0"",""外資自營商買進股數"":""0"",""外資自營商賣出股數"":""0"",""外資自營商買賣超股數"":""0"",""投信買進股數"":""0"",""投信賣出股數"":""0"",""投信買賣超股數"":""0"",""自營商買賣超股數"":""-1,000"",""自營商買進股數(自行買賣)"":""0"",""自營商賣出股數(自行買賣)"":""0"",""自營商買賣超股數(自行買賣)"":""0"",""自營商買進股數(避險)"":""120,999"",""自營商賣出股數(避險)"":""121,999"",""自營商買賣超股數(避險)"":""-1,000"",""三大法人買賣超股數"":""-1,000""}"
2026-09-24,TWSE,00684R,期元大美元指反1 ,0,0,0,0,0,0,0,1000,-1000,"{""證券代號"":""00684R"",""證券名稱"":""期元大美元指反1 "",""外陸資買進股數(不含外資自營商)"":""0"",""外陸資賣出股數(不含外資自營商)"":""0"",""外陸資買賣超股數(不含外資自營商)"":""0"",""外資自營商買進股數"":""0"",""外資自營商賣出股數"":""0"",""外資自營商買賣超股數"":""0"",""投信買進股數"":""0"",""投信賣出股數"":""0"",""投信買賣超股數"":""0"",""自營商買賣超股數"":""-1,000"",""自營商買進股數(自行買賣)"":""0"",""自營商賣出股數(自行買賣)"":""0"",""自營商買賣超股數(自行買賣)"":""0"",""自營商買進股數(避險)"":""0"",""自營商賣出股數(避險)"":""1,000"",""自營商買賣超股數(避險)"":""-1,000"",""三大法人買賣超股數"":""-1,000""}"
2026-09-24,TWSE,2024,志聯            ,1000,2000,-1000,0,0,0,0,0,0,"{""證券代號"":""2024"",""證券名稱"":""志聯            "",""外陸資買進股數(不含外資自營商)"":""1,000"",""外陸資賣出股數(不含外資自營商)"":""2,000"",""外陸資買賣超股數(不含外資自營商)"":""-1,000"",""外資自營商買進股數"":""0"",""外資自營商賣出股數"":""0"",""外資自營商買賣超股數"":""0"",""投信買進股數"":""0"",""投信賣出股數"":""0"",""投信買賣超股數"":""0"",""自營商買賣超股數"":""0"",""自營商買進股數(自行買賣)"":""0"",""自營商賣出股數(自行買賣)"":""0"",""自營商買賣超股數(自行買賣)"":""0"",""自營商買進股數(避險)"":""0"",""自營商賣出股數(避險)"":""0"",""自營商買賣超股數(避險)"":""0"",""三大法人買賣超股數"":""-1,000""}"
2026-09-24,TWSE,2008,高興昌          ,1000,2000,-1000,0,0,0,0,0,0,"{""證券代號"":""2008"",""證券名稱"":""高興昌          "",""外陸資買進股數(不含外資自營商)"":""1,000"",""外陸資賣出股數(不含外資自營商)"":""2,000"",""外陸資買賣超股數(不含外資自營商)"":""-1,000"",""外資自營商買進股數"":""0"",""外資自營商賣出股數"":""0"",""外資自營商買賣超股數"":""0"",""投信買進股數"":""0"",""投信賣出股數"":""0"",""投信買賣超股數"":""0"",""自營商買賣超股數"":""0"",""自營商買進股數(自行買賣)"":""0"",""自營商賣出股數(自行買賣)"":""0"",""自營商買賣超股數(自行買賣)"":""0"",""自營商買進股數(避險)"":""0"",""自營商賣出股數(避險)"":""0"",""自營商買賣超股數(避險)"":""0"",""三大法人買賣超股數"":""-1,000""}"
2026-09-24,TWSE,1535,中宇            ,6000,7000,-1000,0,0,0,0,0,0,"{""證券代號"":""1535"",""證券名稱"":""中宇            "",""外陸資買進股數(不含外資自營商)"":""6,000"",""外陸資賣出股數(不含外資自營商)"":""7,000"",""外陸資買賣超股數(不含外資自營商)"":""-1,000"",""外資自營商買進股數"":""0"",""外資自營商賣出股數"":""0"",""外資自營商買賣超股數"":""0"",""投信買進股數"":""0"",""投信賣出股數"":""0"",""投信買賣超股數"":""0"",""自營商買賣超股數"":""0"",""自營商買進股數(自行買賣)"":""0"",""自營商賣出股數(自行買賣)"":""0"",""自營商買賣超股數(自行買賣)"":""0"",""自營商買進股數(避險)"":""0"",""自營商賣出股數(避險)"":""0"",""自營商買賣超股數(避險)"":""0"",""三大法人買賣超股數"":""-1,000""}"
2026-09-24,TWSE,2373,震旦行          ,1000,2000,-1000,0,0,0,0,0,0,"{""證券代號"":""2373"",""證券名稱"":""震旦行          "",""外陸資買進股數(不含外資自營商)"":""1,000"",""外陸資賣出股數(不含外資自營商)"":""2,000"",""外陸資買賣超股數(不含外資自營商)"":""-1,000"",""外資自營商買進股數"":""0"",""外資自營商賣出股數"":""0"",""外資自營商買賣超股數"":""0"",""投信買進股數"":""0"",""投信賣出股數"":""0"",""投信買賣超股數"":""0"",""自營商買賣超股數"":""0"",""自營商買進股數(自行買賣)"":""0"",""自營商賣出股數(自行買賣)"":""0"",""自營商買賣超股數(自行買賣)"":""0"",""自營商買進股數(避險)"":""0"",""自營商賣出股數(避險)"":""0"",""自營商買賣超股數(避險)"":""0"",""三大法人買賣超股數"":""-1,000""}"
2026-09-24,TWSE,2433,互盛電          ,1000,2000,-1000,0,0,0,0,0,0,"{""證券代號"":""2433"",""證券名稱"":""互盛電          "",""外陸資買進股數(不含外資自營商)"":""1,000"",""外陸資賣出股數(不含外資自營商)"":""2,000"",""外陸資買賣超股數(不含外資自營商)"":""-1,000"",""外資自營商買進股數"":""0"",""外資自營商賣出股數"":""0"",""外資自營商買賣超股數"":""0"",""投信買進股數"":""0"",""投信賣出股數"":""0"",""投信買賣超股數"":""0"",""自營商買賣超股數"":""0"",""自營商買進股數(自行買賣)"":""0"",""自營商賣出股數(自行買賣)"":""0"",""自營商買賣超股數(自行買賣)"":""0"",""自營商買進股數(避險)"":""0"",""自營商賣出股數(避險)"":""0"",""自營商買賣超股數(避險)"":""0"",""三大法人買賣超股數"":""-1,000""}"
2026-09-24,TWSE,3164,景岳            ,2000,3000,-1000,0,0,0,0,0,0,"{""證券代號"":""3164"",""證券名稱"":""景岳            "",""外陸資買進股數(不含外資自營商)"":""2,000"",""外陸資賣出股數(不含外資自營商)"":""3,000"",""外陸資買賣超股數(不含外資自營商)"":""-1,000"",""外資自營商買進股數"":""0"",""外資自營商賣出股數"":""0"",""外資自營商買賣超股數"":""0"",""投信買進股數"":""0"",""投信賣出股數"":""0"",""投信買賣超股數"":""0"",""自營商買賣超股數"":""0"",""自營商買進股數(自行買賣)"":""0"",""自營商賣出股數(自行買賣)"":""0"",""自營商買賣超股數(自行買賣)"":""0"",""自營商買進股數(避險)"":""0"",""自營商賣出股數(避險)"":""0"",""自營商買賣超股數(避險)"":""0"",""三大法人買賣超股數"":""-1,000""}"
2026-09-24,TWSE,3494,誠研            ,2000,3000,-1000,0,0,0,0,0,0,"{""證券代號"":""3494"",""證券名稱"":""誠研            "",""外陸資買進股數(不含外資自營商)"":""2,000"",""外陸資賣出股數(不含外資自營商)"":""3,000"",""外陸資買賣超股數(不含外資自營商)"":""-1,000"",""外資自營商買進股數"":""0"",""外資自營商賣出股數"":""0"",""外資自營商買賣超股數"":""0"",""投信買進股數"":""0"",""投信賣出股數"":""0"",""投信買賣超股數"":""0"",""自營商買賣超股數"":""0"",""自營商買進股數(自行買賣)"":""0"",""自營商賣出股數(自行買賣)"":""0"",""自營商買賣超股數(自行買賣)"":""0"",""自營商買進股數(避險)"":""0"",""自營商賣出股數(避險)"":""0"",""自營商買賣超股數(避險)"":""0"",""三大法人買賣超股數"":""-1,000""}"
2026-09-24,TWSE,2904,匯僑            ,1000,2000,-1000,0,0,0,0,0,0,"{""證券代號"":""2904"",""證券名稱"":""匯僑            "",""外陸資買進股數(不含外資自營商)"":""1,000"",""外陸資賣出股數(不含外資自營商)"":""2,000"",""外陸資買賣超股數(不含外資自營商)"":""-1,000"",""外資自營商買進股數"":""0"",""外資自營商賣出股數"":""0"",""外資自營商買賣超股數"":""0"",""投信買進股數"":""0"",""投信賣出股數"":""0"",""投信買賣超股數"":""0"",""自營商買賣超股數"":""0"",""自營商買進股數(自行買賣)"":""0"",""自營商賣出股數(自行買賣)"":""0"",""自營商買賣超股數(自行買賣)"":""0"",""自營商買進股數(避險)"":""0"",""自營商賣出股數(避險)"":""0"",""自營商買賣超股數(避險)"":""0"",""三大法人買賣超股數"":""-1,000""}"
2026-09-24,TWSE,4148,全宇生技-KY     ,7000,7000,0,0,0,0,0,0,-1000,"{""證券代號"":""4148"",""證券名稱"":""全宇生技-KY     "",""外陸資買進股數(不含外資自營商)"":""7,000"",""外陸資賣出股數(不含外資自營商)"":""7,000"",""外陸資買賣超股數(不含外資自營商)"":""0"",""外資自營商買進股數"":""0"",""外資自營商賣出股數"":""0"",""外資自營商買賣超股數"":""0"",""投信買進股數"":""0"",""投信賣出股數"":""0"",""投信買賣超股數"":""0"",""自營商買賣超股數"":""-1,000"",""自營商買進股數(自行買賣)"":""0"",""自營商賣出股數(自行買賣)"":""1,000"",""自營商買賣超股數(自行買賣)"":""-1,000"",""自營商買進股數(避險)"":""0"",""自營商賣出股數(避險)"":""0"",""自營商買賣超股數(避險)"":""0"",""三大法人買賣超股數"":""-1,000""}"
2026-09-24,TWSE,4572,駐龍            ,2000,3000,-1000,0,0,0,0,0,0,"{""證券代號"":""4572"",""證券名稱"":""駐龍            "",""外陸資買進股數(不含外資自營商)"":""2,000"",""外陸資賣出股數(不含外資自營商)"":""3,000"",""外陸資買賣超股數(不含外資自營商)"":""-1,000"",""外資自營商買進股數"":""0"",""外資自營商賣出股數"":""0"",""外資自營商買賣超股數"":""0"",""投信買進股數"":""0"",""投信賣出股數"":""0"",""投信買賣超股數"":""0"",""自營商買賣超股數"":""0"",""自營商買進股數(自行買賣)"":""0"",""自營商賣出股數(自行買賣)"":""0"",""自營商買賣超股數(自行買賣)"":""0"",""自營商買進股數(避險)"":""0"",""自營商賣出股數(避險)"":""0"",""自營商買賣超股數(避險)"":""0"",""三大法人買賣超股數"":""-1,000""}"
2026-09-24,TWSE,4569,六方科-KY       ,7000,8000,-1000,0,0,0,0,0,0,"{""證券代號"":""4569"",""證券名稱"":""六方科-KY       "",""外陸資買進股數(不含外資自營商)"":""7,000"",""外陸資賣出股數(不含外資自營商)"":""8,000"",""外陸資買賣超股數(不含外資自營商)"":""-1,000"",""外資自營商買進股數"":""0"",""外資自營商賣出股數"":""0"",""外資自營商買賣超股數"":""0"",""投信買進股數"":""0"",""投信賣出股數"":""0"",""投信買賣超股數"":""0"",""自營商買賣超股數"":""0"",""自營商買進股數(自行買賣)"":""0"",""自營商賣出股數(自行買賣)"":""0"",""自營商買賣超股數(自行買賣)"":""0"",""自營商買進股數(避險)"":""0"",""自營商賣出股數(避險)"":""0"",""自營商買賣超股數(避險)"":""0"",""三大法人買賣超股數"":""-1,000""}"
2026-09-24,TWSE,9946,三發地產        ,71000,58000,13000,0,0,0,0,0,-14000,"{""證券代號"":""9946"",""證券名稱"":""三發地產        "",""外陸資買進股數(不含外資自營商)"":""71,000"",""外陸資賣出股數(不含外資自營商)"":""58,000"",""外陸資買賣超股數(不含外資自營商)"":""13,000"",""外資自營商買進股數"":""0"",""外資自營商賣出股數"":""0"",""外資自營商買賣超股數"":""0"",""投信買進股數"":""0"",""投信賣出股數"":""0"",""投信買賣超股數"":""0"",""自營商買賣超股數"":""-14,000"",""自營商買進股數(自行買賣)"":""0"",""自營商賣出股數(自行買賣)"":""14,000"",""自營商買賣超股數(自行買賣)"":""-14,000"",""自營商買進股數(避險)"":""0"",""自營商賣出股數(避險)"":""0"",""自營商買賣超股數(避險)"":""0"",""三大法人買賣超股數"":""-1,000""}"
2026-09-24,TWSE,9918,欣天然          ,2000,3000,-1000,0,0,0,0,0,0,"{""證券代號"":""9918"",""證券名稱"":""欣天然          "",""外陸資買進股數(不含外資自營商)"":""2,000"",""外陸資賣出股數(不含外資自營商)"":""3,000"",""外陸資買賣超股數(不含外資自營商)"":""-1,000"",""外資自營商買進股數"":""0"",""外資自營商賣出股數"":""0"",""外資自營商買賣超股數"":""0"",""投信買進股數"":""0"",""投信賣出股數"":""0"",""投信買賣超股數"":""0"",""自營商買賣超股數"":""0"",""自營商買進股數(自行買賣)"":""0"",""自營商賣出股數(自行買賣)"":""0"",""自營商買賣超股數(自行買賣)"":""0"",""自營商買進股數(避險)"":""0"",""自營商賣出股數(避險)"":""0"",""自營商買賣超股數(避險)"":""0"",""三大法人買賣超股數"":""-1,000""}"
2026-09-24,TWSE,9926,新海            ,1000,2000,-1000,0,0,0,0,0,0,"{""證券代號"":""9926"",""證券名稱"":""新海            "",""外陸資買進股數(不含外資自營商)"":""1,000"",""外陸資賣出股數(不含外資自營商)"":""2,000"",""外陸資買賣超股數(不含外資自營商)"":""-1,000"",""外資自營商買進股數"":""0"",""外資自營商賣出股數"":""0"",""外資自營商買賣超股數"":""0"",""投信買進股數"":""0"",""投信賣出股數"":""0"",""投信買賣超股數"":""0"",""自營商買賣超股數"":""0"",""自營商買進股數(自行買賣)"":""0"",""自營商賣出股數(自行買賣)"":""0"",""自營商買賣超股數(自行買賣)"":""0"",""自營商買進股數(避險)"":""0"",""自營商賣出股數(避險)"":""0"",""自營商買賣超股數(避險)"":""0"",""三大法人買賣超股數"":""-1,000""}"
2026-09-24,TWSE,9931,欣高            ,0,1000,-1000,0,0,0,0,0,0,"{""證券代號"":""9931"",""證券名稱"":""欣高            "",""外陸資買進股數(不含外資自營商)"":""0"",""外陸資賣出股數(不含外資自營商)"":""1,000"",""外陸資買賣超股數(不含外資自營商)"":""-1,000"",""外資自營商買進股數"":""0"",""外資自營商賣出股數"":""0"",""外資自營商買賣超股數"":""0"",""投信買進股數"":""0"",""投信賣出股數"":""0"",""投信買賣超股數"":""0"",""自營商買賣超股數"":""0"",""自營商買進股數(自行買賣)"":""0"",""自營商賣出股數(自行買賣)"":""0"",""自營商買賣超股數(自行買賣)"":""0"",""自營商買進股數(避險)"":""0"",""自營商賣出股數(避險)"":""0"",""自營商買賣超股數(避險)"":""0"",""三大法人買賣超股數"":""-1,000""}"
2026-09-24,TWSE,8367,建新國際        ,1000,2000,-1000,0,0,0,0,0,0,"{""證券代號"":""8367"",""證券名稱"":""建新國際        "",""外陸資買進股數(不含外資自營商)"":""1,000"",""外陸資賣出股數(不含外資自營商)"":""2,000"",""外陸資買賣超股數(不含外資自營商)"":""-1,000"",""外資自營商買進股數"":""0"",""外資自營商賣出股數"":""0"",""外資自營商買賣超股數"":""0"",""投信買進股數"":""0"",""投信賣出股數"":""0"",""投信買賣超股數"":""0"",""自營商買賣超股數"":""0"",""自營商買進股數(自行買賣)"":""0"",""自營商賣出股數(自行買賣)"":""0"",""自營商買賣超股數(自行買賣)"":""0"",""自營商買進股數(避險)"":""0"",""自營商賣出股數(避險)"":""0"",""自營商買賣超股數(避險)"":""0"",""三大法人買賣超股數"":""-1,000""}"
2026-09-24,TWSE,8467,波力-KY         ,0,1000,-1000,0,0,0,0,0,0,"{""證券代號"":""8467"",""證券名稱"":""波力-KY         "",""外陸資買進股數(不含外資自營商)"":""0"",""外陸資賣出股數(不含外資自營商)"":""1,000"",""外陸資買賣超股數(不含外資自營商)"":""-1,000"",""外資自營商買進股數"":""0"",""外資自營商賣出股數"":""0"",""外資自營商買賣超股數"":""0"",""投信買進股數"":""0"",""投信賣出股數"":""0"",""投信買賣超股數"":""0"",""自營商買賣超股數"":""0"",""自營商買進股數(自行買賣)"":""0"",""自營商賣出股數(自行買賣)"":""0"",""自營商買賣超股數(自行買賣)"":""0"",""自營商買進股數(避險)"":""0"",""自營商賣出股數(避險)"":""0"",""自營商買賣超股數(避險)"":""0"",""三大法人買賣超股數"":""-1,000""}"
2026-09-24,TWSE,7732,金興精密        ,1000,2000,-1000,0,0,0,0,0,0,"{""證券代號"":""7732"",""證券名稱"":""金興精密        "",""外陸資買進股數(不含外資自營商)"":""1,000"",""外陸資賣出股數(不含外資自營商)"":""2,000"",""外陸資買賣超股數(不含外資自營商)"":""-1,000"",""外資自營商買進股數"":""0"",""外資自營商賣出股數"":""0"",""外資自營商買賣超股數"":""0"",""投信買進股數"":""0"",""投信賣出股數"":""0"",""投信買賣超股數"":""0"",""自營商買賣超股數"":""0"",""自營商買進股數(自行買賣)"":""0"",""自營商賣出股數(自行買賣)"":""0"",""自營商買賣超股數(自行買賣)"":""0"",""自營商買進股數(避險)"":""0"",""自營商賣出股數(避險)"":""0"",""自營商買賣超股數(避險)"":""0"",""三大法人買賣超股數"":""-1,000""}"
2026-09-24,TWSE,7705,三商餐飲        ,1000,2000,-1000,0,0,0,0,0,0,"{""證券代號"":""7705"",""證券名稱"":""三商餐飲        "",""外陸資買進股數(不含外資自營商)"":""1,000"",""外陸資賣出股數(不含外資自營商)"":""2,000"",""外陸資買賣超股數(不含外資自營商)"":""-1,000"",""外資自營商買進股數"":""0"",""外資自營商賣出股數"":""0"",""外資自營商買賣超股數"":""0"",""投信買進股數"":""0"",""投信賣出股數"":""0"",""投信買賣超股數"":""0"",""自營商買賣超股數"":""0"",""自營商買進股數(自行買賣)"":""0"",""自營商賣出股數(自行買賣)"":""0"",""自營商買賣超股數(自行買賣)"":""0"",""自營商買進股數(避險)"":""0"",""自營商賣出股數(避險)"":""0"",""自營商買賣超股數(避險)"":""0"",""三大法人買賣超股數"":""-1,000""}"
2026-09-24,TWSE,6722,輝創            ,1000,2000,-1000,0,0,0,0,0,0,"{""證券代號"":""6722"",""證券名稱"":""輝創            "",""外陸資買進股數(不含外資自營商)"":""1,000"",""外陸資賣出股數(不含外資自營商)"":""2,000"",""外陸資買賣超股數(不含外資自營商)"":""-1,000"",""外資自營商買進股數"":""0"",""外資自營商賣出股數"":""0"",""外資自營商買賣超股數"":""0"",""投信買進股數"":""0"",""投信賣出股數"":""0"",""投信買賣超股數"":""0"",""自營商買賣超股數"":""0"",""自營商買進股數(自行買賣)"":""0"",""自營商賣出股數(自行買賣)"":""0"",""自營商買賣超股數(自行買賣)"":""0"",""自營商買進股數(避險)"":""0"",""自營商賣出股數(避險)"":""0"",""自營商買賣超股數(避險)"":""0"",""三大法人買賣超股數"":""-1,000""}"
2026-09-24,TWSE,6792,詠業            ,6000,7000,-1000,0,0,0,0,0,0,"{""證券代號"":""6792"",""證券名稱"":""詠業            "",""外陸資買進股數(不含外資自營商)"":""6,000"",""外陸資賣出股數(不含外資自營商)"":""7,000"",""外陸資買賣超股數(不含外資自營商)"":""-1,000"",""外資自營商買進股數"":""0"",""外資自營商賣出股數"":""0"",""外資自營商買賣超股數"":""0"",""投信買進股數"":""0"",""投信賣出股數"":""0"",""投信買賣超股數"":""0"",""自營商買賣超股數"":""0"",""自營商買進股數(自行買賣)"":""0"",""自營商賣出股數(自行買賣)"":""0"",""自營商買賣超股數(自行買賣)"":""0"",""自營商買進股數(避險)"":""0"",""自營商賣出股數(避險)"":""0"",""自營商買賣超股數(避險)"":""0"",""三大法人買賣超股數"":""-1,000""}"
2026-09-24,TWSE,6887,寶綠特-KY       ,0,1000,-1000,0,0,0,0,0,0,"{""證券代號"":""6887"",""證券名稱"":""寶綠特-KY       "",""外陸資買進股數(不含外資自營商)"":""0"",""外陸資賣出股數(不含外資自營商)"":""1,000"",""外陸資買賣超股數(不含外資自營商)"":""-1,000"",""外資自營商買進股數"":""0"",""外資自營商賣出股數"":""0"",""外資自營商買賣超股數"":""0"",""投信買進股數"":""0"",""投信賣出股數"":""0"",""投信買賣超股數"":""0"",""自營商買賣超股數"":""0"",""自營商買進股數(自行買賣)"":""0"",""自營商賣出股數(自行買賣)"":""0"",""自營商買賣超股數(自行買賣)"":""0"",""自營商買進股數(避險)"":""0"",""自營商賣出股數(避險)"":""0"",""自營商買賣超股數(避險)"":""0"",""三大法人買賣超股數"":""-1,000""}"
2026-09-24,TWSE,6918,愛派司          ,1000,2000,-1000,0,0,0,0,0,0,"{""證券代號"":""6918"",""證券名稱"":""愛派司          "",""外陸資買進股數(不含外資自營商)"":""1,000"",""外陸資賣出股數(不含外資自營商)"":""2,000"",""外陸資買賣超股數(不含外資自營商)"":""-1,000"",""外資自營商買進股數"":""0"",""外資自營商賣出股數"":""0"",""外資自營商買賣超股數"":""0"",""投信買進股數"":""0"",""投信賣出股數"":""0"",""投信買賣超股數"":""0"",""自營商買賣超股數"":""0"",""自營商買進股數(自行買賣)"":""0"",""自營商賣出股數(自行買賣)"":""0"",""自營商買賣超股數(自行買賣)"":""0"",""自營商買進股數(避險)"":""0"",""自營商賣出股數(避險)"":""0"",""自營商買賣超股數(避險)"":""0"",""三大法人買賣超股數"":""-1,000""}"
2026-09-24,TWSE,00682U,期元大美元指數  ,0,0,0,0,0,0,0,1001,-1001,"{""證券代號"":""00682U"",""證券名稱"":""期元大美元指數  "",""外陸資買進股數(不含外資自營商)"":""0"",""外陸資賣出股數(不含外資自營商)"":""0"",""外陸資買賣超股數(不含外資自營商)"":""0"",""外資自營商買進股數"":""0"",""外資自營商賣出股數"":""0"",""外資自營商買賣超股數"":""0"",""投信買進股數"":""0"",""投信賣出股數"":""0"",""投信買賣超股數"":""0"",""自營商買賣超股數"":""-1,001"",""自營商買進股數(自行買賣)"":""0"",""自營商賣出股數(自行買賣)"":""0"",""自營商買賣超股數(自行買賣)"":""0"",""自營商買進股數(避險)"":""0"",""自營商賣出股數(避險)"":""1,001"",""自營商買賣超股數(避險)"":""-1,001"",""三大法人買賣超股數"":""-1,001""}"
2026-09-24,TWSE,6916,華凌            ,5000,6100,-1100,0,0,0,0,0,0,"{""證券代號"":""6916"",""證券名稱"":""華凌            "",""外陸資買進股數(不含外資自營商)"":""5,000"",""外陸資賣出股數(不含外資自營商)"":""6,100"",""外陸資買賣超股數(不含外資自營商)"":""-1,100"",""外資自營商買進股數"":""0"",""外資自營商賣出股數"":""0"",""外資自營商買賣超股數"":""0"",""投信買進股數"":""0"",""投信賣出股數"":""0"",""投信買賣超股數"":""0"",""自營商買賣超股數"":""0"",""自營商買進股數(自行買賣)"":""0"",""自營商賣出股數(自行買賣)"":""0"",""自營商買賣超股數(自行買賣)"":""0"",""自營商買進股數(避險)"":""0"",""自營商賣出股數(避險)"":""0"",""自營商買賣超股數(避險)"":""0"",""三大法人買賣超股數"":""-1,100""}"
2026-09-24,TWSE,6625,必應            ,11000,8000,3000,0,0,0,0,0,-4178,"{""證券代號"":""6625"",""證券名稱"":""必應            "",""外陸資買進股數(不含外資自營商)"":""11,000"",""外陸資賣出股數(不含外資自營商)"":""8,000"",""外陸資買賣超股數(不含外資自營商)"":""3,000"",""外資自營商買進股數"":""0"",""外資自營商賣出股數"":""0"",""外資自營商買賣超股數"":""0"",""投信買進股數"":""0"",""投信賣出股數"":""0"",""投信買賣超股數"":""0"",""自營商買賣超股數"":""-4,178"",""自營商買進股數(自行買賣)"":""0"",""自營商賣出股數(自行買賣)"":""4,178"",""自營商買賣超股數(自行買賣)"":""-4,178"",""自營商買進股數(避險)"":""0"",""自營商賣出股數(避險)"":""0"",""自營商買賣超股數(避險)"":""0"",""三大法人買賣超股數"":""-1,178""}"
2026-09-24,TWSE,006206,元大上證50      ,0,1000,-1000,0,0,0,2000,2262,-262,"{""證券代號"":""006206"",""證券名稱"":""元大上證50      "",""外陸資買進股數(不含外資自營商)"":""0"",""外陸資賣出股數(不含外資自營商)"":""1,000"",""外陸資買賣超股數(不含外資自營商)"":""-1,000"",""外資自營商買進股數"":""0"",""外資自營商賣出股數"":""0"",""外資自營商買賣超股數"":""0"",""投信買進股數"":""0"",""投信賣出股數"":""0"",""投信買賣超股數"":""0"",""自營商買賣超股數"":""-262"",""自營商買進股數(自行買賣)"":""0"",""自營商賣出股數(自行買賣)"":""0"",""自營商買賣超股數(自行買賣)"":""0"",""自營商買進股數(避險)"":""2,000"",""自營商賣出股數(避險)"":""2,262"",""自營商買賣超股數(避險)"":""-262"",""三大法人買賣超股數"":""-1,262""}"
2026-09-24,TWSE,2497,怡利電          ,29000,30000,-1000,0,0,0,0,789,-789,"{""證券代號"":""2497"",""證券名稱"":""怡利電          "",""外陸資買進股數(不含外資自營商)"":""29,000"",""外陸資賣出股數(不含外資自營商)"":""30,000"",""外陸資買賣超股數(不含外資自營商)"":""-1,000"",""外資自營商買進股數"":""0"",""外資自營商賣出股數"":""0"",""外資自營商買賣超股數"":""0"",""投信買進股數"":""0"",""投信賣出股數"":""0"",""投信買賣超股數"":""0"",""自營商買賣超股數"":""-789"",""自營商買進股數(自行買賣)"":""0"",""自營商賣出股數(自行買賣)"":""0"",""自營商買賣超股數(自行買賣)"":""0"",""自營商買進股數(避險)"":""0"",""自營商賣出股數(避險)"":""789"",""自營商買賣超股數(避險)"":""-789"",""三大法人買賣超股數"":""-1,789""}"
2026-09-24,TWSE,2450,神腦            ,10000,12000,-2000,0,0,0,0,0,0,"{""證券代號"":""2450"",""證券名稱"":""神腦            "",""外陸資買進股數(不含外資自營商)"":""10,000"",""外陸資賣出股數(不含外資自營商)"":""12,000"",""外陸資買賣超股數(不含外資自營商)"":""-2,000"",""外資自營商買進股數"":""0"",""外資自營商賣出股數"":""0"",""外資自營商買賣超股數"":""0"",""投信買進股數"":""0"",""投信賣出股數"":""0"",""投信買賣超股數"":""0"",""自營商買賣超股數"":""0"",""自營商買進股數(自行買賣)"":""0"",""自營商賣出股數(自行買賣)"":""0"",""自營商買賣超股數(自行買賣)"":""0"",""自營商買進股數(避險)"":""0"",""自營商賣出股數(避險)"":""0"",""自營商買賣超股數(避險)"":""0"",""三大法人買賣超股數"":""-2,000""}"
2026-09-24,TWSE,2424,隴華            ,0,2000,-2000,0,0,0,0,0,0,"{""證券代號"":""2424"",""證券名稱"":""隴華            "",""外陸資買進股數(不含外資自營商)"":""0"",""外陸資賣出股數(不含外資自營商)"":""2,000"",""外陸資買賣超股數(不含外資自營商)"":""-2,000"",""外資自營商買進股數"":""0"",""外資自營商賣出股數"":""0"",""外資自營商買賣超股數"":""0"",""投信買進股數"":""0"",""投信賣出股數"":""0"",""投信買賣超股數"":""0"",""自營商買賣超股數"":""0"",""自營商買進股數(自行買賣)"":""0"",""自營商賣出股數(自行買賣)"":""0"",""自營商買賣超股數(自行買賣)"":""0"",""自營商買進股數(避險)"":""0"",""自營商賣出股數(避險)"":""0"",""自營商買賣超股數(避險)"":""0"",""三大法人買賣超股數"":""-2,000""}"
2026-09-24,TWSE,2414,精技            ,19000,21000,-2000,0,0,0,0,0,0,"{""證券代號"":""2414"",""證券名稱"":""精技            "",""外陸資買進股數(不含外資自營商)"":""19,000"",""外陸資賣出股數(不含外資自營商)"":""21,000"",""外陸資買賣超股數(不含外資自營商)"":""-2,000"",""外資自營商買進股數"":""0"",""外資自營商賣出股數"":""0"",""外資自營商買賣超股數"":""0"",""投信買進股數"":""0"",""投信賣出股數"":""0"",""投信買賣超股數"":""0"",""自營商買賣超股數"":""0"",""自營商買進股數(自行買賣)"":""0"",""自營商賣出股數(自行買賣)"":""0"",""自營商買賣超股數(自行買賣)"":""0"",""自營商買進股數(避險)"":""0"",""自營商賣出股數(避險)"":""0"",""自營商買賣超股數(避險)"":""0"",""三大法人買賣超股數"":""-2,000""}"
2026-09-24,TWSE,1533,車王電          ,7000,11000,-4000,0,0,0,0,0,2000,"{""證券代號"":""1533"",""證券名稱"":""車王電          "",""外陸資買進股數(不含外資自營商)"":""7,000"",""外陸資賣出股數(不含外資自營商)"":""11,000"",""外陸資買賣超股數(不含外資自營商)"":""-4,000"",""外資自營商買進股數"":""0"",""外資自營商賣出股數"":""0"",""外資自營商買賣超股數"":""0"",""投信買進股數"":""0"",""投信賣出股數"":""0"",""投信買賣超股數"":""0"",""自營商買賣超股數"":""2,000"",""自營商買進股數(自行買賣)"":""2,000"",""自營商賣出股數(自行買賣)"":""0"",""自營商買賣超股數(自行買賣)"":""2,000"",""自營商買進股數(避險)"":""0"",""自營商賣出股數(避險)"":""0"",""自營商買賣超股數(避險)"":""0"",""三大法人買賣超股數"":""-2,000""}"
2026-09-24,TWSE,1525,江申            ,0,2000,-2000,0,0,0,0,0,0,"{""證券代號"":""1525"",""證券名稱"":""江申            "",""外陸資買進股數(不含外資自營商)"":""0"",""外陸資賣出股數(不含外資自營商)"":""2,000"",""外陸資買賣超股數(不含外資自營商)"":""-2,000"",""外資自營商買進股數"":""0"",""外資自營商賣出股數"":""0"",""外資自營商買賣超股數"":""0"",""投信買進股數"":""0"",""投信賣出股數"":""0"",""投信買賣超股數"":""0"",""自營商買賣超股數"":""0"",""自營商買進股數(自行買賣)"":""0"",""自營商賣出股數(自行買賣)"":""0"",""自營商買賣超股數(自行買賣)"":""0"",""自營商買進股數(避險)"":""0"",""自營商賣出股數(避險)"":""0"",""自營商買賣超股數(避險)"":""0"",""三大法人買賣超股數"":""-2,000""}"
2026-09-24,TWSE,1512,瑞利            ,4000,6000,-2000,0,0,0,0,0,0,"{""證券代號"":""1512"",""證券名稱"":""瑞利            "",""外陸資買進股數(不含外資自營商)"":""4,000"",""外陸資賣出股數(不含外資自營商)"":""6,000"",""外陸資買賣超股數(不含外資自營商)"":""-2,000"",""外資自營商買進股數"":""0"",""外資自營商賣出股數"":""0"",""外資自營商買賣超股數"":""0"",""投信買進股數"":""0"",""投信賣出股數"":""0"",""投信買賣超股數"":""0"",""自營商買賣超股數"":""0"",""自營商買進股數(自行買賣)"":""0"",""自營商賣出股數(自行買賣)"":""0"",""自營商買賣超股數(自行買賣)"":""0"",""自營商買進股數(避險)"":""0"",""自營商賣出股數(避險)"":""0"",""自營商買賣超股數(避險)"":""0"",""三大法人買賣超股數"":""-2,000""}"
2026-09-24,TWSE,1583,程泰            ,0,2000,-2000,0,0,0,0,0,0,"{""證券代號"":""1583"",""證券名稱"":""程泰            "",""外陸資買進股數(不含外資自營商)"":""0"",""外陸資賣出股數(不含外資自營商)"":""2,000"",""外陸資買賣超股數(不含外資自營商)"":""-2,000"",""外資自營商買進股數"":""0"",""外資自營商賣出股數"":""0"",""外資自營商買賣超股數"":""0"",""投信買進股數"":""0"",""投信賣出股數"":""0"",""投信買賣超股數"":""0"",""自營商買賣超股數"":""0"",""自營商買進股數(自行買賣)"":""0"",""自營商賣出股數(自行買賣)"":""0"",""自營商買賣超股數(自行買賣)"":""0"",""自營商買進股數(避險)"":""0"",""自營商賣出股數(避險)"":""0"",""自營商買賣超股數(避險)"":""0"",""三大法人買賣超股數"":""-2,000""}"
2026-09-24,TWSE,1459,聯發            ,2000,4000,-2000,0,0,0,0,0,0,"{""證券代號"":""1459"",""證券名稱"":""聯發            "",""外陸資買進股數(不含外資自營商)"":""2,000"",""外陸資賣出股數(不含外資自營商)"":""4,000"",""外陸資買賣超股數(不含外資自營商)"":""-2,000"",""外資自營商買進股數"":""0"",""外資自營商賣出股數"":""0"",""外資自營商買賣超股數"":""0"",""投信買進股數"":""0"",""投信賣出股數"":""0"",""投信買賣超股數"":""0"",""自營商買賣超股數"":""0"",""自營商買進股數(自行買賣)"":""0"",""自營商賣出股數(自行買賣)"":""0"",""自營商買賣超股數(自行買賣)"":""0"",""自營商買進股數(避險)"":""0"",""自營商賣出股數(避險)"":""0"",""自營商買賣超股數(避險)"":""0"",""三大法人買賣超股數"":""-2,000""}"
2026-09-24,TWSE,1410,南染            ,12000,13000,-1000,0,0,0,0,0,-1000,"{""證券代號"":""1410"",""證券名稱"":""南染            "",""外陸資買進股數(不含外資自營商)"":""12,000"",""外陸資賣出股數(不含外資自營商)"":""13,000"",""外陸資買賣超股數(不含外資自營商)"":""-1,000"",""外資自營商買進股數"":""0"",""外資自營商賣出股數"":""0"",""外資自營商買賣超股數"":""0"",""投信買進股數"":""0"",""投信賣出股數"":""0"",""投信買賣超股數"":""0"",""自營商買賣超股數"":""-1,000"",""自營商買進股數(自行買賣)"":""0"",""自營商賣出股數(自行買賣)"":""1,000"",""自營商買賣超股數(自行買賣)"":""-1,000"",""自營商買進股數(避險)"":""0"",""自營商賣出股數(避險)"":""0"",""自營商買賣超股數(避險)"":""0"",""三大法人買賣超股數"":""-2,000""}"
2026-09-24,TWSE,6614,資拓宏宇        ,2000,4000,-2000,0,0,0,0,0,0,"{""證券代號"":""6614"",""證券名稱"":""資拓宏宇        "",""外陸資買進股數(不含外資自營商)"":""2,000"",""外陸資賣出股數(不含外資自營商)"":""4,000"",""外陸資買賣超股數(不含外資自營商)"":""-2,000"",""外資自營商買進股數"":""0"",""外資自營商賣出股數"":""0"",""外資自營商買賣超股數"":""0"",""投信買進股數"":""0"",""投信賣出股數"":""0"",""投信買賣超股數"":""0"",""自營商買賣超股數"":""0"",""自營商買進股數(自行買賣)"":""0"",""自營商賣出股數(自行買賣)"":""0"",""自營商買賣超股數(自行買賣)"":""0"",""自營商買進股數(避險)"":""0"",""自營商賣出股數(避險)"":""0"",""自營商買賣超股數(避險)"":""0"",""三大法人買賣超股數"":""-2,000""}"
2026-09-24,TWSE,7736,虎山            ,0,2000,-2000,0,0,0,0,0,0,"{""證券代號"":""7736"",""證券名稱"":""虎山            "",""外陸資買進股數(不含外資自營商)"":""0"",""外陸資賣出股數(不含外資自營商)"":""2,000"",""外陸資買賣超股數(不含外資自營商)"":""-2,000"",""外資自營商買進股數"":""0"",""外資自營商賣出股數"":""0"",""外資自營商買賣超股數"":""0"",""投信買進股數"":""0"",""投信賣出股數"":""0"",""投信買賣超股數"":""0"",""自營商買賣超股數"":""0"",""自營商買進股數(自行買賣)"":""0"",""自營商賣出股數(自行買賣)"":""0"",""自營商買賣超股數(自行買賣)"":""0"",""自營商買進股數(避險)"":""0"",""自營商賣出股數(避險)"":""0"",""自營商買賣超股數(避險)"":""0"",""三大法人買賣超股數"":""-2,000""}"
2026-09-24,TWSE,8481,政伸            ,0,2000,-2000,0,0,0,0,0,0,"{""證券代號"":""8481"",""證券名稱"":""政伸            "",""外陸資買進股數(不含外資自營商)"":""0"",""外陸資賣出股數(不含外資自營商)"":""2,000"",""外陸資買賣超股數(不含外資自營商)"":""-2,000"",""外資自營商買進股數"":""0"",""外資自營商賣出股數"":""0"",""外資自營商買賣超股數"":""0"",""投信買進股數"":""0"",""投信賣出股數"":""0"",""投信買賣超股數"":""0"",""自營商買賣超股數"":""0"",""自營商買進股數(自行買賣)"":""0"",""自營商賣出股數(自行買賣)"":""0"",""自營商買賣超股數(自行買賣)"":""0"",""自營商買進股數(避險)"":""0"",""自營商賣出股數(避險)"":""0"",""自營商買賣超股數(避險)"":""0"",""三大法人買賣超股數"":""-2,000""}"
2026-09-24,TWSE,9912,偉聯            ,1000,3000,-2000,0,0,0,0,0,0,"{""證券代號"":""9912"",""證券名稱"":""偉聯            "",""外陸資買進股數(不含外資自營商)"":""1,000"",""外陸資賣出股數(不含外資自營商)"":""3,000"",""外陸資買賣超股數(不含外資自營商)"":""-2,000"",""外資自營商買進股數"":""0"",""外資自營商賣出股數"":""0"",""外資自營商買賣超股數"":""0"",""投信買進股數"":""0"",""投信賣出股數"":""0"",""投信買賣超股數"":""0"",""自營商買賣超股數"":""0"",""自營商買進股數(自行買賣)"":""0"",""自營商賣出股數(自行買賣)"":""0"",""自營商買賣超股數(自行買賣)"":""0"",""自營商買進股數(避險)"":""0"",""自營商賣出股數(避險)"":""0"",""自營商買賣超股數(避險)"":""0"",""三大法人買賣超股數"":""-2,000""}"
2026-09-24,TWSE,9902,台火            ,7000,9000,-2000,0,0,0,0,0,0,"{""證券代號"":""9902"",""證券名稱"":""台火            "",""外陸資買進股數(不含外資自營商)"":""7,000"",""外陸資賣出股數(不含外資自營商)"":""9,000"",""外陸資買賣超股數(不含外資自營商)"":""-2,000"",""外資自營商買進股數"":""0"",""外資自營商賣出股數"":""0"",""外資自營商買賣超股數"":""0"",""投信買進股數"":""0"",""投信賣出股數"":""0"",""投信買賣超股數"":""0"",""自營商買賣超股數"":""0"",""自營商買進股數(自行買賣)"":""0"",""自營商賣出股數(自行買賣)"":""0"",""自營商買賣超股數(自行買賣)"":""0"",""自營商買進股數(避險)"":""0"",""自營商賣出股數(避險)"":""0"",""自營商買賣超股數(避險)"":""0"",""三大法人買賣超股數"":""-2,000""}"
2026-09-24,TWSE,1730,花仙子          ,1000,3000,-2000,0,0,0,0,0,0,"{""證券代號"":""1730"",""證券名稱"":""花仙子          "",""外陸資買進股數(不含外資自營商)"":""1,000"",""外陸資賣出股數(不含外資自營商)"":""3,000"",""外陸資買賣超股數(不含外資自營商)"":""-2,000"",""外資自營商買進股數"":""0"",""外資自營商賣出股數"":""0"",""外資自營商買賣超股數"":""0"",""投信買進股數"":""0"",""投信賣出股數"":""0"",""投信買賣超股數"":""0"",""自營商買賣超股數"":""0"",""自營商買進股數(自行買賣)"":""0"",""自營商賣出股數(自行買賣)"":""0"",""自營商買賣超股數(自行買賣)"":""0"",""自營商買進股數(避險)"":""0"",""自營商賣出股數(避險)"":""0"",""自營商買賣超股數(避險)"":""0"",""三大法人買賣超股數"":""-2,000""}"
2026-09-24,TWSE,4583,台灣精銳        ,4000,6000,-2000,0,0,0,0,0,0,"{""證券代號"":""4583"",""證券名稱"":""台灣精銳        "",""外陸資買進股數(不含外資自營商)"":""4,000"",""外陸資賣出股數(不含外資自營商)"":""6,000"",""外陸資買賣超股數(不含外資自營商)"":""-2,000"",""外資自營商買進股數"":""0"",""外資自營商賣出股數"":""0"",""外資自營商買賣超股數"":""0"",""投信買進股數"":""0"",""投信賣出股數"":""0"",""投信買賣超股數"":""0"",""自營商買賣超股數"":""0"",""自營商買進股數(自行買賣)"":""0"",""自營商賣出股數(自行買賣)"":""0"",""自營商買賣超股數(自行買賣)"":""0"",""自營商買進股數(避險)"":""0"",""自營商賣出股數(避險)"":""0"",""自營商買賣超股數(避險)"":""0"",""三大法人買賣超股數"":""-2,000""}"
2026-09-24,TWSE,3712,永崴投控        ,58000,60000,-2000,0,0,0,0,0,0,"{""證券代號"":""3712"",""證券名稱"":""永崴投控        "",""外陸資買進股數(不含外資自營商)"":""58,000"",""外陸資賣出股數(不含外資自營商)"":""60,000"",""外陸資買賣超股數(不含外資自營商)"":""-2,000"",""外資自營商買進股數"":""0"",""外資自營商賣出股數"":""0"",""外資自營商買賣超股數"":""0"",""投信買進股數"":""0"",""投信賣出股數"":""0"",""投信買賣超股數"":""0"",""自營商買賣超股數"":""0"",""自營商買進股數(自行買賣)"":""0"",""自營商賣出股數(自行買賣)"":""0"",""自營商買賣超股數(自行買賣)"":""0"",""自營商買進股數(避險)"":""0"",""自營商賣出股數(避險)"":""0"",""自營商買賣超股數(避險)"":""0"",""三大法人買賣超股數"":""-2,000""}"
2026-09-24,TWSE,4994,傳奇            ,1000,3000,-2000,0,0,0,0,0,0,"{""證券代號"":""4994"",""證券名稱"":""傳奇            "",""外陸資買進股數(不含外資自營商)"":""1,000"",""外陸資賣出股數(不含外資自營商)"":""3,000"",""外陸資買賣超股數(不含外資自營商)"":""-2,000"",""外資自營商買進股數"":""0"",""外資自營商賣出股數"":""0"",""外資自營商買賣超股數"":""0"",""投信買進股數"":""0"",""投信賣出股數"":""0"",""投信買賣超股數"":""0"",""自營商買賣超股數"":""0"",""自營商買進股數(自行買賣)"":""0"",""自營商賣出股數(自行買賣)"":""0"",""自營商買賣超股數(自行買賣)"":""0"",""自營商買進股數(避險)"":""0"",""自營商賣出股數(避險)"":""0"",""自營商買賣超股數(避險)"":""0"",""三大法人買賣超股數"":""-2,000""}"
2026-09-24,TWSE,5215,科嘉-KY         ,3000,5000,-2000,0,0,0,0,0,0,"{""證券代號"":""5215"",""證券名稱"":""科嘉-KY         "",""外陸資買進股數(不含外資自營商)"":""3,000"",""外陸資賣出股數(不含外資自營商)"":""5,000"",""外陸資買賣超股數(不含外資自營商)"":""-2,000"",""外資自營商買進股數"":""0"",""外資自營商賣出股數"":""0"",""外資自營商買賣超股數"":""0"",""投信買進股數"":""0"",""投信賣出股數"":""0"",""投信買賣超股數"":""0"",""自營商買賣超股數"":""0"",""自營商買進股數(自行買賣)"":""0"",""自營商賣出股數(自行買賣)"":""0"",""自營商買賣超股數(自行買賣)"":""0"",""自營商買進股數(避險)"":""0"",""自營商賣出股數(避險)"":""0"",""自營商買賣超股數(避險)"":""0"",""三大法人買賣超股數"":""-2,000""}"
2026-09-24,TWSE,2910,統領            ,0,2000,-2000,0,0,0,0,0,0,"{""證券代號"":""2910"",""證券名稱"":""統領            "",""外陸資買進股數(不含外資自營商)"":""0"",""外陸資賣出股數(不含外資自營商)"":""2,000"",""外陸資買賣超股數(不含外資自營商)"":""-2,000"",""外資自營商買進股數"":""0"",""外資自營商賣出股數"":""0"",""外資自營商買賣超股數"":""0"",""投信買進股數"":""0"",""投信賣出股數"":""0"",""投信買賣超股數"":""0"",""自營商買賣超股數"":""0"",""自營商買進股數(自行買賣)"":""0"",""自營商賣出股數(自行買賣)"":""0"",""自營商買賣超股數(自行買賣)"":""0"",""自營商買進股數(避險)"":""0"",""自營商賣出股數(避險)"":""0"",""自營商買賣超股數(避險)"":""0"",""三大法人買賣超股數"":""-2,000""}"
2026-09-24,TWSE,6952,大武山          ,0,2000,-2000,0,0,0,0,0,0,"{""證券代號"":""6952"",""證券名稱"":""大武山          "",""外陸資買進股數(不含外資自營商)"":""0"",""外陸資賣出股數(不含外資自營商)"":""2,000"",""外陸資買賣超股數(不含外資自營商)"":""-2,000"",""外資自營商買進股數"":""0"",""外資自營商賣出股數"":""0"",""外資自營商買賣超股數"":""0"",""投信買進股數"":""0"",""投信賣出股數"":""0"",""投信買賣超股數"":""0"",""自營商買賣超股數"":""0"",""自營商買進股數(自行買賣)"":""0"",""自營商賣出股數(自行買賣)"":""0"",""自營商買賣超股數(自行買賣)"":""0"",""自營商買進股數(避險)"":""0"",""自營商賣出股數(避險)"":""0"",""自營商買賣超股數(避險)"":""0"",""三大法人買賣超股數"":""-2,000""}"
2026-09-24,TWSE,1315,達新            ,2000,4000,-2000,0,0,0,0,0,0,"{""證券代號"":""1315"",""證券名稱"":""達新            "",""外陸資買進股數(不含外資自營商)"":""2,000"",""外陸資賣出股數(不含外資自營商)"":""4,000"",""外陸資買賣超股數(不含外資自營商)"":""-2,000"",""外資自營商買進股數"":""0"",""外資自營商賣出股數"":""0"",""外資自營商買賣超股數"":""0"",""投信買進股數"":""0"",""投信賣出股數"":""0"",""投信買賣超股數"":""0"",""自營商買賣超股數"":""0"",""自營商買進股數(自行買賣)"":""0"",""自營商賣出股數(自行買賣)"":""0"",""自營商買賣超股數(自行買賣)"":""0"",""自營商買進股數(避險)"":""0"",""自營商賣出股數(避險)"":""0"",""自營商買賣超股數(避險)"":""0"",""三大法人買賣超股數"":""-2,000""}"
2026-09-24,TWSE,6645,金萬林-創       ,0,2000,-2000,0,0,0,0,99,-99,"{""證券代號"":""6645"",""證券名稱"":""金萬林-創       "",""外陸資買進股數(不含外資自營商)"":""0"",""外陸資賣出股數(不含外資自營商)"":""2,000"",""外陸資買賣超股數(不含外資自營商)"":""-2,000"",""外資自營商買進股數"":""0"",""外資自營商賣出股數"":""0"",""外資自營商買賣超股數"":""0"",""投信買進股數"":""0"",""投信賣出股數"":""0"",""投信買賣超股數"":""0"",""自營商買賣超股數"":""-99"",""自營商買進股數(自行買賣)"":""0"",""自營商賣出股數(自行買賣)"":""0"",""自營商買賣超股數(自行買賣)"":""0"",""自營商買進股數(避險)"":""0"",""自營商賣出股數(避險)"":""99"",""自營商買賣超股數(避險)"":""-99"",""三大法人買賣超股數"":""-2,099""}"
2026-09-24,TWSE,1903,士紙            ,17000,17000,0,0,0,0,0,0,-2119,"{""證券代號"":""1903"",""證券名稱"":""士紙            "",""外陸資買進股數(不含外資自營商)"":""17,000"",""外陸資賣出股數(不含外資自營商)"":""17,000"",""外陸資買賣超股數(不含外資自營商)"":""0"",""外資自營商買進股數"":""0"",""外資自營商賣出股數"":""0"",""外資自營商買賣超股數"":""0"",""投信買進股數"":""0"",""投信賣出股數"":""0"",""投信買賣超股數"":""0"",""自營商買賣超股數"":""-2,119"",""自營商買進股數(自行買賣)"":""0"",""自營商賣出股數(自行買賣)"":""2,119"",""自營商買賣超股數(自行買賣)"":""-2,119"",""自營商買進股數(避險)"":""0"",""自營商賣出股數(避險)"":""0"",""自營商買賣超股數(避險)"":""0"",""三大法人買賣超股數"":""-2,119""}"
2026-09-24,TWSE,6768,志強-KY         ,20790,21000,-210,0,1983,-1983,0,0,0,"{""證券代號"":""6768"",""證券名稱"":""志強-KY         "",""外陸資買進股數(不含外資自營商)"":""20,790"",""外陸資賣出股數(不含外資自營商)"":""21,000"",""外陸資買賣超股數(不含外資自營商)"":""-210"",""外資自營商買進股數"":""0"",""外資自營商賣出股數"":""0"",""外資自營商買賣超股數"":""0"",""投信買進股數"":""0"",""投信賣出股數"":""1,983"",""投信買賣超股數"":""-1,983"",""自營商買賣超股數"":""0"",""自營商買進股數(自行買賣)"":""0"",""自營商賣出股數(自行買賣)"":""0"",""自營商買賣超股數(自行買賣)"":""0"",""自營商買進股數(避險)"":""0"",""自營商賣出股數(避險)"":""0"",""自營商買賣超股數(避險)"":""0"",""三大法人買賣超股數"":""-2,193""}"
2026-09-24,TWSE,1220,台榮            ,4000,6430,-2430,0,0,0,0,1,-1,"{""證券代號"":""1220"",""證券名稱"":""台榮            "",""外陸資買進股數(不含外資自營商)"":""4,000"",""外陸資賣出股數(不含外資自營商)"":""6,430"",""外陸資買賣超股數(不含外資自營商)"":""-2,430"",""外資自營商買進股數"":""0"",""外資自營商賣出股數"":""0"",""外資自營商買賣超股數"":""0"",""投信買進股數"":""0"",""投信賣出股數"":""0"",""投信買賣超股數"":""0"",""自營商買賣超股數"":""-1"",""自營商買進股數(自行買賣)"":""0"",""自營商賣出股數(自行買賣)"":""0"",""自營商買賣超股數(自行買賣)"":""0"",""自營商買進股數(避險)"":""0"",""自營商賣出股數(避險)"":""1"",""自營商買賣超股數(避險)"":""-1"",""三大法人買賣超股數"":""-2,431""}"
2026-09-24,TWSE,1776,展宇            ,0,3000,-3000,0,0,0,0,0,0,"{""證券代號"":""1776"",""證券名稱"":""展宇            "",""外陸資買進股數(不含外資自營商)"":""0"",""外陸資賣出股數(不含外資自營商)"":""3,000"",""外陸資買賣超股數(不含外資自營商)"":""-3,000"",""外資自營商買進股數"":""0"",""外資自營商賣出股數"":""0"",""外資自營商買賣超股數"":""0"",""投信買進股數"":""0"",""投信賣出股數"":""0"",""投信買賣超股數"":""0"",""自營商買賣超股數"":""0"",""自營商買進股數(自行買賣)"":""0"",""自營商賣出股數(自行買賣)"":""0"",""自營商買賣超股數(自行買賣)"":""0"",""自營商買進股數(避險)"":""0"",""自營商賣出股數(避險)"":""0"",""自營商買賣超股數(避險)"":""0"",""三大法人買賣超股數"":""-3,000""}"
2026-09-24,TWSE,1762,中化生          ,4000,7000,-3000,0,0,0,0,0,0,"{""證券代號"":""1762"",""證券名稱"":""中化生          "",""外陸資買進股數(不含外資自營商)"":""4,000"",""外陸資賣出股數(不含外資自營商)"":""7,000"",""外陸資買賣超股數(不含外資自營商)"":""-3,000"",""外資自營商買進股數"":""0"",""外資自營商賣出股數"":""0"",""外資自營商買賣超股數"":""0"",""投信買進股數"":""0"",""投信賣出股數"":""0"",""投信買賣超股數"":""0"",""自營商買賣超股數"":""0"",""自營商買進股數(自行買賣)"":""0"",""自營商賣出股數(自行買賣)"":""0"",""自營商買賣超股數(自行買賣)"":""0"",""自營商買進股數(避險)"":""0"",""自營商賣出股數(避險)"":""0"",""自營商買賣超股數(避險)"":""0"",""三大法人買賣超股數"":""-3,000""}"
2026-09-24,TWSE,1465,偉全            ,1000,4000,-3000,0,0,0,0,0,0,"{""證券代號"":""1465"",""證券名稱"":""偉全            "",""外陸資買進股數(不含外資自營商)"":""1,000"",""外陸資賣出股數(不含外資自營商)"":""4,000"",""外陸資買賣超股數(不含外資自營商)"":""-3,000"",""外資自營商買進股數"":""0"",""外資自營商賣出股數"":""0"",""外資自營商買賣超股數"":""0"",""投信買進股數"":""0"",""投信賣出股數"":""0"",""投信買賣超股數"":""0"",""自營商買賣超股數"":""0"",""自營商買進股數(自行買賣)"":""0"",""自營商賣出股數(自行買賣)"":""0"",""自營商買賣超股數(自行買賣)"":""0"",""自營商買進股數(避險)"":""0"",""自營商賣出股數(避險)"":""0"",""自營商買賣超股數(避險)"":""0"",""三大法人買賣超股數"":""-3,000""}"
2026-09-24,TWSE,1530,亞崴            ,0,3000,-3000,0,0,0,0,0,0,"{""證券代號"":""1530"",""證券名稱"":""亞崴            "",""外陸資買進股數(不含外資自營商)"":""0"",""外陸資賣出股數(不含外資自營商)"":""3,000"",""外陸資買賣超股數(不含外資自營商)"":""-3,000"",""外資自營商買進股數"":""0"",""外資自營商賣出股數"":""0"",""外資自營商買賣超股數"":""0"",""投信買進股數"":""0"",""投信賣出股數"":""0"",""投信買賣超股數"":""0"",""自營商買賣超股數"":""0"",""自營商買進股數(自行買賣)"":""0"",""自營商賣出股數(自行買賣)"":""0"",""自營商買賣超股數(自行買賣)"":""0"",""自營商買進股數(避險)"":""0"",""自營商賣出股數(避險)"":""0"",""自營商買賣超股數(避險)"":""0"",""三大法人買賣超股數"":""-3,000""}"
2026-09-24,TWSE,6796,晉弘            ,4000,7000,-3000,0,0,0,0,0,0,"{""證券代號"":""6796"",""證券名稱"":""晉弘            "",""外陸資買進股數(不含外資自營商)"":""4,000"",""外陸資賣出股數(不含外資自營商)"":""7,000"",""外陸資買賣超股數(不含外資自營商)"":""-3,000"",""外資自營商買進股數"":""0"",""外資自營商賣出股數"":""0"",""外資自營商買賣超股數"":""0"",""投信買進股數"":""0"",""投信賣出股數"":""0"",""投信買賣超股數"":""0"",""自營商買賣超股數"":""0"",""自營商買進股數(自行買賣)"":""0"",""自營商賣出股數(自行買賣)"":""0"",""自營商買賣超股數(自行買賣)"":""0"",""自營商買進股數(避險)"":""0"",""自營商賣出股數(避險)"":""0"",""自營商買賣超股數(避險)"":""0"",""三大法人買賣超股數"":""-3,000""}"
2026-09-24,TWSE,6183,關貿            ,2000,5000,-3000,0,0,0,0,0,0,"{""證券代號"":""6183"",""證券名稱"":""關貿            "",""外陸資買進股數(不含外資自營商)"":""2,000"",""外陸資賣出股數(不含外資自營商)"":""5,000"",""外陸資買賣超股數(不含外資自營商)"":""-3,000"",""外資自營商買進股數"":""0"",""外資自營商賣出股數"":""0"",""外資自營商買賣超股數"":""0"",""投信買進股數"":""0"",""投信賣出股數"":""0"",""投信買賣超股數"":""0"",""自營商買賣超股數"":""0"",""自營商買進股數(自行買賣)"":""0"",""自營商賣出股數(自行買賣)"":""0"",""自營商買賣超股數(自行買賣)"":""0"",""自營商買進股數(避險)"":""0"",""自營商賣出股數(避險)"":""0"",""自營商買賣超股數(避險)"":""0"",""三大法人買賣超股數"":""-3,000""}"
2026-09-24,TWSE,6281,全國電          ,4000,7000,-3000,0,0,0,0,0,0,"{""證券代號"":""6281"",""證券名稱"":""全國電          "",""外陸資買進股數(不含外資自營商)"":""4,000"",""外陸資賣出股數(不含外資自營商)"":""7,000"",""外陸資買賣超股數(不含外資自營商)"":""-3,000"",""外資自營商買進股數"":""0"",""外資自營商賣出股數"":""0"",""外資自營商買賣超股數"":""0"",""投信買進股數"":""0"",""投信賣出股數"":""0"",""投信買賣超股數"":""0"",""自營商買賣超股數"":""0"",""自營商買進股數(自行買賣)"":""0"",""自營商賣出股數(自行買賣)"":""0"",""自營商買賣超股數(自行買賣)"":""0"",""自營商買進股數(避險)"":""0"",""自營商賣出股數(避險)"":""0"",""自營商買賣超股數(避險)"":""0"",""三大法人買賣超股數"":""-3,000""}"
2026-09-24,TWSE,9924,福興            ,15000,18000,-3000,0,0,0,0,0,0,"{""證券代號"":""9924"",""證券名稱"":""福興            "",""外陸資買進股數(不含外資自營商)"":""15,000"",""外陸資賣出股數(不含外資自營商)"":""18,000"",""外陸資買賣超股數(不含外資自營商)"":""-3,000"",""外資自營商買進股數"":""0"",""外資自營商賣出股數"":""0"",""外資自營商買賣超股數"":""0"",""投信買進股數"":""0"",""投信賣出股數"":""0"",""投信買賣超股數"":""0"",""自營商買賣超股數"":""0"",""自營商買進股數(自行買賣)"":""0"",""自營商賣出股數(自行買賣)"":""0"",""自營商買賣超股數(自行買賣)"":""0"",""自營商買進股數(避險)"":""0"",""自營商賣出股數(避險)"":""0"",""自營商買賣超股數(避險)"":""0"",""三大法人買賣超股數"":""-3,000""}"
2026-09-24,TWSE,7721,微程式          ,8000,11000,-3000,0,0,0,0,0,0,"{""證券代號"":""7721"",""證券名稱"":""微程式          "",""外陸資買進股數(不含外資自營商)"":""8,000"",""外陸資賣出股數(不含外資自營商)"":""11,000"",""外陸資買賣超股數(不含外資自營商)"":""-3,000"",""外資自營商買進股數"":""0"",""外資自營商賣出股數"":""0"",""外資自營商買賣超股數"":""0"",""投信買進股數"":""0"",""投信賣出股數"":""0"",""投信買賣超股數"":""0"",""自營商買賣超股數"":""0"",""自營商買進股數(自行買賣)"":""0"",""自營商賣出股數(自行買賣)"":""0"",""自營商買賣超股數(自行買賣)"":""0"",""自營商買進股數(避險)"":""0"",""自營商賣出股數(避險)"":""0"",""自營商買賣超股數(避險)"":""0"",""三大法人買賣超股數"":""-3,000""}"
2026-09-24,TWSE,7760,享溫馨          ,1000,4000,-3000,0,0,0,0,0,0,"{""證券代號"":""7760"",""證券名稱"":""享溫馨          "",""外陸資買進股數(不含外資自營商)"":""1,000"",""外陸資賣出股數(不含外資自營商)"":""4,000"",""外陸資買賣超股數(不含外資自營商)"":""-3,000"",""外資自營商買進股數"":""0"",""外資自營商賣出股數"":""0"",""外資自營商買賣超股數"":""0"",""投信買進股數"":""0"",""投信賣出股數"":""0"",""投信買賣超股數"":""0"",""自營商買賣超股數"":""0"",""自營商買進股數(自行買賣)"":""0"",""自營商賣出股數(自行買賣)"":""0"",""自營商買賣超股數(自行買賣)"":""0"",""自營商買進股數(避險)"":""0"",""自營商賣出股數(避險)"":""0"",""自營商買賣超股數(避險)"":""0"",""三大法人買賣超股數"":""-3,000""}"
2026-09-24,TWSE,2712,遠雄來          ,0,3000,-3000,0,0,0,0,0,0,"{""證券代號"":""2712"",""證券名稱"":""遠雄來          "",""外陸資買進股數(不含外資自營商)"":""0"",""外陸資賣出股數(不含外資自營商)"":""3,000"",""外陸資買賣超股數(不含外資自營商)"":""-3,000"",""外資自營商買進股數"":""0"",""外資自營商賣出股數"":""0"",""外資自營商買賣超股數"":""0"",""投信買進股數"":""0"",""投信賣出股數"":""0"",""投信買賣超股數"":""0"",""自營商買賣超股數"":""0"",""自營商買進股數(自行買賣)"":""0"",""自營商賣出股數(自行買賣)"":""0"",""自營商買賣超股數(自行買賣)"":""0"",""自營商買進股數(避險)"":""0"",""自營商賣出股數(避險)"":""0"",""自營商買賣超股數(避險)"":""0"",""三大法人買賣超股數"":""-3,000""}"
2026-09-24,TWSE,4557,永新-KY         ,3000,5000,-2000,0,0,0,0,0,-1000,"{""證券代號"":""4557"",""證券名稱"":""永新-KY         "",""外陸資買進股數(不含外資自營商)"":""3,000"",""外陸資賣出股數(不含外資自營商)"":""5,000"",""外陸資買賣超股數(不含外資自營商)"":""-2,000"",""外資自營商買進股數"":""0"",""外資自營商賣出股數"":""0"",""外資自營商買賣超股數"":""0"",""投信買進股數"":""0"",""投信賣出股數"":""0"",""投信買賣超股數"":""0"",""自營商買賣超股數"":""-1,000"",""自營商買進股數(自行買賣)"":""0"",""自營商賣出股數(自行買賣)"":""1,000"",""自營商買賣超股數(自行買賣)"":""-1,000"",""自營商買進股數(避險)"":""0"",""自營商賣出股數(避險)"":""0"",""自營商買賣超股數(避險)"":""0"",""三大法人買賣超股數"":""-3,000""}"
2026-09-24,TWSE,5546,永固-KY         ,1000,3000,-2000,0,0,0,0,0,-1000,"{""證券代號"":""5546"",""證券名稱"":""永固-KY         "",""外陸資買進股數(不含外資自營商)"":""1,000"",""外陸資賣出股數(不含外資自營商)"":""3,000"",""外陸資買賣超股數(不含外資自營商)"":""-2,000"",""外資自營商買進股數"":""0"",""外資自營商賣出股數"":""0"",""外資自營商買賣超股數"":""0"",""投信買進股數"":""0"",""投信賣出股數"":""0"",""投信買賣超股數"":""0"",""自營商買賣超股數"":""-1,000"",""自營商買進股數(自行買賣)"":""3,000"",""自營商賣出股數(自行買賣)"":""4,000"",""自營商買賣超股數(自行買賣)"":""-1,000"",""自營商買進股數(避險)"":""0"",""自營商賣出股數(避險)"":""0"",""自營商買賣超股數(避險)"":""0"",""三大法人買賣超股數"":""-3,000""}"
2026-09-24,TWSE,4190,佐登-KY         ,0,3000,-3000,0,0,0,0,0,0,"{""證券代號"":""4190"",""證券名稱"":""佐登-KY         "",""外陸資買進股數(不含外資自營商)"":""0"",""外陸資賣出股數(不含外資自營商)"":""3,000"",""外陸資買賣超股數(不含外資自營商)"":""-3,000"",""外資自營商買進股數"":""0"",""外資自營商賣出股數"":""0"",""外資自營商買賣超股數"":""0"",""投信買進股數"":""0"",""投信賣出股數"":""0"",""投信買賣超股數"":""0"",""自營商買賣超股數"":""0"",""自營商買進股數(自行買賣)"":""0"",""自營商賣出股數(自行買賣)"":""0"",""自營商買賣超股數(自行買賣)"":""0"",""自營商買進股數(避險)"":""0"",""自營商賣出股數(避險)"":""0"",""自營商買賣超股數(避險)"":""0"",""三大法人買賣超股數"":""-3,000""}"
2026-09-24,TWSE,1443,立益物流        ,2000,5000,-3000,0,0,0,0,0,0,"{""證券代號"":""1443"",""證券名稱"":""立益物流        "",""外陸資買進股數(不含外資自營商)"":""2,000"",""外陸資賣出股數(不含外資自營商)"":""5,000"",""外陸資買賣超股數(不含外資自營商)"":""-3,000"",""外資自營商買進股數"":""0"",""外資自營商賣出股數"":""0"",""外資自營商買賣超股數"":""0"",""投信買進股數"":""0"",""投信賣出股數"":""0"",""投信買賣超股數"":""0"",""自營商買賣超股數"":""0"",""自營商買進股數(自行買賣)"":""0"",""自營商賣出股數(自行買賣)"":""0"",""自營商買賣超股數(自行買賣)"":""0"",""自營商買進股數(避險)"":""0"",""自營商賣出股數(避險)"":""0"",""自營商買賣超股數(避險)"":""0"",""三大法人買賣超股數"":""-3,000""}"
2026-09-24,TWSE,6581,鋼聯            ,0,3000,-3000,0,0,0,0,0,0,"{""證券代號"":""6581"",""證券名稱"":""鋼聯            "",""外陸資買進股數(不含外資自營商)"":""0"",""外陸資賣出股數(不含外資自營商)"":""3,000"",""外陸資買賣超股數(不含外資自營商)"":""-3,000"",""外資自營商買進股數"":""0"",""外資自營商賣出股數"":""0"",""外資自營商買賣超股數"":""0"",""投信買進股數"":""0"",""投信賣出股數"":""0"",""投信買賣超股數"":""0"",""自營商買賣超股數"":""0"",""自營商買進股數(自行買賣)"":""0"",""自營商賣出股數(自行買賣)"":""0"",""自營商買賣超股數(自行買賣)"":""0"",""自營商買進股數(避險)"":""0"",""自營商賣出股數(避險)"":""0"",""自營商買賣超股數(避險)"":""0"",""三大法人買賣超股數"":""-3,000""}"
2026-09-24,TWSE,4930,燦星網          ,1000,4000,-3000,0,0,0,0,0,0,"{""證券代號"":""4930"",""證券名稱"":""燦星網          "",""外陸資買進股數(不含外資自營商)"":""1,000"",""外陸資賣出股數(不含外資自營商)"":""4,000"",""外陸資買賣超股數(不含外資自營商)"":""-3,000"",""外資自營商買進股數"":""0"",""外資自營商賣出股數"":""0"",""外資自營商買賣超股數"":""0"",""投信買進股數"":""0"",""投信賣出股數"":""0"",""投信買賣超股數"":""0"",""自營商買賣超股數"":""0"",""自營商買進股數(自行買賣)"":""0"",""自營商賣出股數(自行買賣)"":""0"",""自營商買賣超股數(自行買賣)"":""0"",""自營商買進股數(避險)"":""0"",""自營商賣出股數(避險)"":""0"",""自營商買賣超股數(避險)"":""0"",""三大法人買賣超股數"":""-3,000""}"
2026-09-24,TWSE,3266,昇陽            ,6000,9000,-3000,0,0,0,0,0,0,"{""證券代號"":""3266"",""證券名稱"":""昇陽            "",""外陸資買進股數(不含外資自營商)"":""6,000"",""外陸資賣出股數(不含外資自營商)"":""9,000"",""外陸資買賣超股數(不含外資自營商)"":""-3,000"",""外資自營商買進股數"":""0"",""外資自營商賣出股數"":""0"",""外資自營商買賣超股數"":""0"",""投信買進股數"":""0"",""投信賣出股數"":""0"",""投信買賣超股數"":""0"",""自營商買賣超股數"":""0"",""自營商買進股數(自行買賣)"":""0"",""自營商賣出股數(自行買賣)"":""0"",""自營商買賣超股數(自行買賣)"":""0"",""自營商買進股數(避險)"":""0"",""自營商賣出股數(避險)"":""0"",""自營商買賣超股數(避險)"":""0"",""三大法人買賣超股數"":""-3,000""}"
2026-09-24,TWSE,009810,玉山全球藍籌100 ,0,0,0,0,0,0,165000,168025,-3025,"{""證券代號"":""009810"",""證券名稱"":""玉山全球藍籌100 "",""外陸資買進股數(不含外資自營商)"":""0"",""外陸資賣出股數(不含外資自營商)"":""0"",""外陸資買賣超股數(不含外資自營商)"":""0"",""外資自營商買進股數"":""0"",""外資自營商賣出股數"":""0"",""外資自營商買賣超股數"":""0"",""投信買進股數"":""0"",""投信賣出股數"":""0"",""投信買賣超股數"":""0"",""自營商買賣超股數"":""-3,025"",""自營商買進股數(自行買賣)"":""0"",""自營商賣出股數(自行買賣)"":""0"",""自營商買賣超股數(自行買賣)"":""0"",""自營商買進股數(避險)"":""165,000"",""自營商賣出股數(避險)"":""168,025"",""自營商買賣超股數(避險)"":""-3,025"",""三大法人買賣超股數"":""-3,025""}"
2026-09-24,TWSE,9930,中聯資源        ,21000,24000,-3000,0,0,0,0,147,-147,"{""證券代號"":""9930"",""證券名稱"":""中聯資源        "",""外陸資買進股數(不含外資自營商)"":""21,000"",""外陸資賣出股數(不含外資自營商)"":""24,000"",""外陸資買賣超股數(不含外資自營商)"":""-3,000"",""外資自營商買進股數"":""0"",""外資自營商賣出股數"":""0"",""外資自營商買賣超股數"":""0"",""投信買進股數"":""0"",""投信賣出股數"":""0"",""投信買賣超股數"":""0"",""自營商買賣超股數"":""-147"",""自營商買進股數(自行買賣)"":""0"",""自營商賣出股數(自行買賣)"":""0"",""自營商買賣超股數(自行買賣)"":""0"",""自營商買進股數(避險)"":""0"",""自營商賣出股數(避險)"":""147"",""自營商買賣超股數(避險)"":""-147"",""三大法人買賣超股數"":""-3,147""}"
2026-09-24,TWSE,1817,凱撒衛          ,1000,4000,-3000,0,0,0,0,165,-165,"{""證券代號"":""1817"",""證券名稱"":""凱撒衛          "",""外陸資買進股數(不含外資自營商)"":""1,000"",""外陸資賣出股數(不含外資自營商)"":""4,000"",""外陸資買賣超股數(不含外資自營商)"":""-3,000"",""外資自營商買進股數"":""0"",""外資自營商賣出股數"":""0"",""外資自營商買賣超股數"":""0"",""投信買進股數"":""0"",""投信賣出股數"":""0"",""投信買賣超股數"":""0"",""自營商買賣超股數"":""-165"",""自營商買進股數(自行買賣)"":""0"",""自營商賣出股數(自行買賣)"":""0"",""自營商買賣超股數(自行買賣)"":""0"",""自營商買進股數(避險)"":""0"",""自營商賣出股數(避險)"":""165"",""自營商買賣超股數(避險)"":""-165"",""三大法人買賣超股數"":""-3,165""}"
2026-09-24,TWSE,8462,柏文            ,25010,28220,-3210,0,0,0,0,0,-17,"{""證券代號"":""8462"",""證券名稱"":""柏文            "",""外陸資買進股數(不含外資自營商)"":""25,010"",""外陸資賣出股數(不含外資自營商)"":""28,220"",""外陸資買賣超股數(不含外資自營商)"":""-3,210"",""外資自營商買進股數"":""0"",""外資自營商賣出股數"":""0"",""外資自營商買賣超股數"":""0"",""投信買進股數"":""0"",""投信賣出股數"":""0"",""投信買賣超股數"":""0"",""自營商買賣超股數"":""-17"",""自營商買進股數(自行買賣)"":""0"",""自營商賣出股數(自行買賣)"":""17"",""自營商買賣超股數(自行買賣)"":""-17"",""自營商買進股數(避險)"":""0"",""自營商賣出股數(避險)"":""0"",""自營商買賣超股數(避險)"":""0"",""三大法人買賣超股數"":""-3,227""}"
2026-09-24,TWSE,6924,榮惠-KY創       ,6000,9000,-3000,0,0,0,1000,1230,-230,"{""證券代號"":""6924"",""證券名稱"":""榮惠-KY創       "",""外陸資買進股數(不含外資自營商)"":""6,000"",""外陸資賣出股數(不含外資自營商)"":""9,000"",""外陸資買賣超股數(不含外資自營商)"":""-3,000"",""外資自營商買進股數"":""0"",""外資自營商賣出股數"":""0"",""外資自營商買賣超股數"":""0"",""投信買進股數"":""0"",""投信賣出股數"":""0"",""投信買賣超股數"":""0"",""自營商買賣超股數"":""-230"",""自營商買進股數(自行買賣)"":""0"",""自營商賣出股數(自行買賣)"":""0"",""自營商買賣超股數(自行買賣)"":""0"",""自營商買進股數(避險)"":""1,000"",""自營商賣出股數(避險)"":""1,230"",""自營商買賣超股數(避險)"":""-230"",""三大法人買賣超股數"":""-3,230""}"
2026-09-24,TWSE,2231,為升            ,43220,47000,-3780,0,0,0,1000,792,208,"{""證券代號"":""2231"",""證券名稱"":""為升            "",""外陸資買進股數(不含外資自營商)"":""43,220"",""外陸資賣出股數(不含外資自營商)"":""47,000"",""外陸資買賣超股數(不含外資自營商)"":""-3,780"",""外資自營商買進股數"":""0"",""外資自營商賣出股數"":""0"",""外資自營商買賣超股數"":""0"",""投信買進股數"":""0"",""投信賣出股數"":""0"",""投信買賣超股數"":""0"",""自營商買賣超股數"":""208"",""自營商買進股數(自行買賣)"":""0"",""自營商賣出股數(自行買賣)"":""0"",""自營商買賣超股數(自行買賣)"":""0"",""自營商買進股數(避險)"":""1,000"",""自營商賣出股數(避險)"":""792"",""自營商買賣超股數(避險)"":""208"",""三大法人買賣超股數"":""-3,572""}"
2026-09-24,TWSE,6790,永豐實          ,14000,18000,-4000,0,0,0,1000,650,350,"{""證券代號"":""6790"",""證券名稱"":""永豐實          "",""外陸資買進股數(不含外資自營商)"":""14,000"",""外陸資賣出股數(不含外資自營商)"":""18,000"",""外陸資買賣超股數(不含外資自營商)"":""-4,000"",""外資自營商買進股數"":""0"",""外資自營商賣出股數"":""0"",""外資自營商買賣超股數"":""0"",""投信買進股數"":""0"",""投信賣出股數"":""0"",""投信買賣超股數"":""0"",""自營商買賣超股數"":""350"",""自營商買進股數(自行買賣)"":""0"",""自營商賣出股數(自行買賣)"":""0"",""自營商買賣超股數(自行買賣)"":""0"",""自營商買進股數(避險)"":""1,000"",""自營商賣出股數(避險)"":""650"",""自營商買賣超股數(避險)"":""350"",""三大法人買賣超股數"":""-3,650""}"
2026-09-24,TWSE,3716,中化控股        ,34280,38000,-3720,0,0,0,0,0,0,"{""證券代號"":""3716"",""證券名稱"":""中化控股        "",""外陸資買進股數(不含外資自營商)"":""34,280"",""外陸資賣出股數(不含外資自營商)"":""38,000"",""外陸資買賣超股數(不含外資自營商)"":""-3,720"",""外資自營商買進股數"":""0"",""外資自營商賣出股數"":""0"",""外資自營商買賣超股數"":""0"",""投信買進股數"":""0"",""投信賣出股數"":""0"",""投信買賣超股數"":""0"",""自營商買賣超股數"":""0"",""自營商買進股數(自行買賣)"":""0"",""自營商賣出股數(自行買賣)"":""0"",""自營商買賣超股數(自行買賣)"":""0"",""自營商買進股數(避險)"":""0"",""自營商賣出股數(避險)"":""0"",""自營商買賣超股數(避險)"":""0"",""三大法人買賣超股數"":""-3,720""}"
2026-09-24,TWSE,7750,新代            ,48280,58025,-9745,0,0,0,7639,1785,5925,"{""證券代號"":""7750"",""證券名稱"":""新代            "",""外陸資買進股數(不含外資自營商)"":""48,280"",""外陸資賣出股數(不含外資自營商)"":""58,025"",""外陸資買賣超股數(不含外資自營商)"":""-9,745"",""外資自營商買進股數"":""0"",""外資自營商賣出股數"":""0"",""外資自營商買賣超股數"":""0"",""投信買進股數"":""0"",""投信賣出股數"":""0"",""投信買賣超股數"":""0"",""自營商買賣超股數"":""5,925"",""自營商買進股數(自行買賣)"":""9,000"",""自營商賣出股數(自行買賣)"":""8,929"",""自營商買賣超股數(自行買賣)"":""71"",""自營商買進股數(避險)"":""7,639"",""自營商賣出股數(避險)"":""1,785"",""自營商買賣超股數(避險)"":""5,854"",""三大法人買賣超股數"":""-3,820""}"
2026-09-24,TWSE,4169,泰宗            ,0,4000,-4000,0,0,0,0,0,0,"{""證券代號"":""4169"",""證券名稱"":""泰宗            "",""外陸資買進股數(不含外資自營商)"":""0"",""外陸資賣出股數(不含外資自營商)"":""4,000"",""外陸資買賣超股數(不含外資自營商)"":""-4,000"",""外資自營商買進股數"":""0"",""外資自營商賣出股數"":""0"",""外資自營商買賣超股數"":""0"",""投信買進股數"":""0"",""投信賣出股數"":""0"",""投信買賣超股數"":""0"",""自營商買賣超股數"":""0"",""自營商買進股數(自行買賣)"":""0"",""自營商賣出股數(自行買賣)"":""0"",""自營商買賣超股數(自行買賣)"":""0"",""自營商買進股數(避險)"":""0"",""自營商賣出股數(避險)"":""0"",""自營商買賣超股數(避險)"":""0"",""三大法人買賣超股數"":""-4,000""}"
2026-09-24,TWSE,2748,雲品            ,2000,6000,-4000,0,0,0,0,0,0,"{""證券代號"":""2748"",""證券名稱"":""雲品            "",""外陸資買進股數(不含外資自營商)"":""2,000"",""外陸資賣出股數(不含外資自營商)"":""6,000"",""外陸資買賣超股數(不含外資自營商)"":""-4,000"",""外資自營商買進股數"":""0"",""外資自營商賣出股數"":""0"",""外資自營商買賣超股數"":""0"",""投信買進股數"":""0"",""投信賣出股數"":""0"",""投信買賣超股數"":""0"",""自營商買賣超股數"":""0"",""自營商買進股數(自行買賣)"":""0"",""自營商賣出股數(自行買賣)"":""0"",""自營商買賣超股數(自行買賣)"":""0"",""自營商買進股數(避險)"":""0"",""自營商賣出股數(避險)"":""0"",""自營商買賣超股數(避險)"":""0"",""三大法人買賣超股數"":""-4,000""}"
2026-09-24,TWSE,2642,宅配通          ,1000,5000,-4000,0,0,0,0,0,0,"{""證券代號"":""2642"",""證券名稱"":""宅配通          "",""外陸資買進股數(不含外資自營商)"":""1,000"",""外陸資賣出股數(不含外資自營商)"":""5,000"",""外陸資買賣超股數(不含外資自營商)"":""-4,000"",""外資自營商買進股數"":""0"",""外資自營商賣出股數"":""0"",""外資自營商買賣超股數"":""0"",""投信買進股數"":""0"",""投信賣出股數"":""0"",""投信買賣超股數"":""0"",""自營商買賣超股數"":""0"",""自營商買進股數(自行買賣)"":""0"",""自營商賣出股數(自行買賣)"":""0"",""自營商買賣超股數(自行買賣)"":""0"",""自營商買進股數(避險)"":""0"",""自營商賣出股數(避險)"":""0"",""自營商買賣超股數(避險)"":""0"",""三大法人買賣超股數"":""-4,000""}"
2026-09-24,TWSE,3150,鈺寶-創         ,0,1000,-1000,0,0,0,0,3000,-3000,"{""證券代號"":""3150"",""證券名稱"":""鈺寶-創         "",""外陸資買進股數(不含外資自營商)"":""0"",""外陸資賣出股數(不含外資自營商)"":""1,000"",""外陸資買賣超股數(不含外資自營商)"":""-1,000"",""外資自營商買進股數"":""0"",""外資自營商賣出股數"":""0"",""外資自營商買賣超股數"":""0"",""投信買進股數"":""0"",""投信賣出股數"":""0"",""投信買賣超股數"":""0"",""自營商買賣超股數"":""-3,000"",""自營商買進股數(自行買賣)"":""0"",""自營商賣出股數(自行買賣)"":""0"",""自營商買賣超股數(自行買賣)"":""0"",""自營商買進股數(避險)"":""0"",""自營商賣出股數(避險)"":""3,000"",""自營商買賣超股數(避險)"":""-3,000"",""三大法人買賣超股數"":""-4,000""}"
2026-09-24,TWSE,3308,聯德            ,6000,8000,-2000,0,0,0,0,0,-2000,"{""證券代號"":""3308"",""證券名稱"":""聯德            "",""外陸資買進股數(不含外資自營商)"":""6,000"",""外陸資賣出股數(不含外資自營商)"":""8,000"",""外陸資買賣超股數(不含外資自營商)"":""-2,000"",""外資自營商買進股數"":""0"",""外資自營商賣出股數"":""0"",""外資自營商買賣超股數"":""0"",""投信買進股數"":""0"",""投信賣出股數"":""0"",""投信買賣超股數"":""0"",""自營商買賣超股數"":""-2,000"",""自營商買進股數(自行買賣)"":""0"",""自營商賣出股數(自行買賣)"":""2,000"",""自營商買賣超股數(自行買賣)"":""-2,000"",""自營商買進股數(避險)"":""0"",""自營商賣出股數(避險)"":""0"",""自營商買賣超股數(避險)"":""0"",""三大法人買賣超股數"":""-4,000""}"
2026-09-24,TWSE,6931,青松健康        ,1000,5000,-4000,0,0,0,0,0,0,"{""證券代號"":""6931"",""證券名稱"":""青松健康        "",""外陸資買進股數(不含外資自營商)"":""1,000"",""外陸資賣出股數(不含外資自營商)"":""5,000"",""外陸資買賣超股數(不含外資自營商)"":""-4,000"",""外資自營商買進股數"":""0"",""外資自營商賣出股數"":""0"",""外資自營商買賣超股數"":""0"",""投信買進股數"":""0"",""投信賣出股數"":""0"",""投信買賣超股數"":""0"",""自營商買賣超股數"":""0"",""自營商買進股數(自行買賣)"":""0"",""自營商賣出股數(自行買賣)"":""0"",""自營商買賣超股數(自行買賣)"":""0"",""自營商買進股數(避險)"":""0"",""自營商賣出股數(避險)"":""0"",""自營商買賣超股數(避險)"":""0"",""三大法人買賣超股數"":""-4,000""}"
2026-09-24,TWSE,6965,中傑-KY         ,8000,12000,-4000,0,0,0,0,0,0,"{""證券代號"":""6965"",""證券名稱"":""中傑-KY         "",""外陸資買進股數(不含外資自營商)"":""8,000"",""外陸資賣出股數(不含外資自營商)"":""12,000"",""外陸資買賣超股數(不含外資自營商)"":""-4,000"",""外資自營商買進股數"":""0"",""外資自營商賣出股數"":""0"",""外資自營商買賣超股數"":""0"",""投信買進股數"":""0"",""投信賣出股數"":""0"",""投信買賣超股數"":""0"",""自營商買賣超股數"":""0"",""自營商買進股數(自行買賣)"":""0"",""自營商賣出股數(自行買賣)"":""0"",""自營商買賣超股數(自行買賣)"":""0"",""自營商買進股數(避險)"":""0"",""自營商賣出股數(避險)"":""0"",""自營商買賣超股數(避險)"":""0"",""三大法人買賣超股數"":""-4,000""}"
2026-09-24,TWSE,3043,科風            ,2000,7000,-5000,0,0,0,0,0,1000,"{""證券代號"":""3043"",""證券名稱"":""科風            "",""外陸資買進股數(不含外資自營商)"":""2,000"",""外陸資賣出股數(不含外資自營商)"":""7,000"",""外陸資買賣超股數(不含外資自營商)"":""-5,000"",""外資自營商買進股數"":""0"",""外資自營商賣出股數"":""0"",""外資自營商買賣超股數"":""0"",""投信買進股數"":""0"",""投信賣出股數"":""0"",""投信買賣超股數"":""0"",""自營商買賣超股數"":""1,000"",""自營商買進股數(自行買賣)"":""1,000"",""自營商賣出股數(自行買賣)"":""0"",""自營商買賣超股數(自行買賣)"":""1,000"",""自營商買進股數(避險)"":""0"",""自營商賣出股數(避險)"":""0"",""自營商買賣超股數(避險)"":""0"",""三大法人買賣超股數"":""-4,000""}"
2026-09-24,TWSE,2239,英利-KY         ,1000,5000,-4000,0,0,0,0,0,0,"{""證券代號"":""2239"",""證券名稱"":""英利-KY         "",""外陸資買進股數(不含外資自營商)"":""1,000"",""外陸資賣出股數(不含外資自營商)"":""5,000"",""外陸資買賣超股數(不含外資自營商)"":""-4,000"",""外資自營商買進股數"":""0"",""外資自營商賣出股數"":""0"",""外資自營商買賣超股數"":""0"",""投信買進股數"":""0"",""投信賣出股數"":""0"",""投信買賣超股數"":""0"",""自營商買賣超股數"":""0"",""自營商買進股數(自行買賣)"":""0"",""自營商賣出股數(自行買賣)"":""0"",""自營商買賣超股數(自行買賣)"":""0"",""自營商買進股數(避險)"":""0"",""自營商賣出股數(避險)"":""0"",""自營商買賣超股數(避險)"":""0"",""三大法人買賣超股數"":""-4,000""}"
2026-09-24,TWSE,1725,元禎            ,7000,11000,-4000,0,0,0,0,0,0,"{""證券代號"":""1725"",""證券名稱"":""元禎            "",""外陸資買進股數(不含外資自營商)"":""7,000"",""外陸資賣出股數(不含外資自營商)"":""11,000"",""外陸資買賣超股數(不含外資自營商)"":""-4,000"",""外資自營商買進股數"":""0"",""外資自營商賣出股數"":""0"",""外資自營商買賣超股數"":""0"",""投信買進股數"":""0"",""投信賣出股數"":""0"",""投信買賣超股數"":""0"",""自營商買賣超股數"":""0"",""自營商買進股數(自行買賣)"":""0"",""自營商賣出股數(自行買賣)"":""0"",""自營商買賣超股數(自行買賣)"":""0"",""自營商買進股數(避險)"":""0"",""自營商賣出股數(避險)"":""0"",""自營商買賣超股數(避險)"":""0"",""三大法人買賣超股數"":""-4,000""}"
2026-09-24,TWSE,1324,地球            ,0,4000,-4000,0,0,0,0,0,0,"{""證券代號"":""1324"",""證券名稱"":""地球            "",""外陸資買進股數(不含外資自營商)"":""0"",""外陸資賣出股數(不含外資自營商)"":""4,000"",""外陸資買賣超股數(不含外資自營商)"":""-4,000"",""外資自營商買進股數"":""0"",""外資自營商賣出股數"":""0"",""外資自營商買賣超股數"":""0"",""投信買進股數"":""0"",""投信賣出股數"":""0"",""投信買賣超股數"":""0"",""自營商買賣超股數"":""0"",""自營商買進股數(自行買賣)"":""0"",""自營商賣出股數(自行買賣)"":""0"",""自營商買賣超股數(自行買賣)"":""0"",""自營商買進股數(避險)"":""0"",""自營商賣出股數(避險)"":""0"",""自營商買賣超股數(避險)"":""0"",""三大法人買賣超股數"":""-4,000""}"
2026-09-24,TWSE,6277,宏正            ,38000,39040,-1040,0,0,0,0,3000,-3000,"{""證券代號"":""6277"",""證券名稱"":""宏正            "",""外陸資買進股數(不含外資自營商)"":""38,000"",""外陸資賣出股數(不含外資自營商)"":""39,040"",""外陸資買賣超股數(不含外資自營商)"":""-1,040"",""外資自營商買進股數"":""0"",""外資自營商賣出股數"":""0"",""外資自營商買賣超股數"":""0"",""投信買進股數"":""0"",""投信賣出股數"":""0"",""投信買賣超股數"":""0"",""自營商買賣超股數"":""-3,000"",""自營商買進股數(自行買賣)"":""0"",""自營商賣出股數(自行買賣)"":""0"",""自營商買賣超股數(自行買賣)"":""0"",""自營商買進股數(避險)"":""0"",""自營商賣出股數(避險)"":""3,000"",""自營商買賣超股數(避險)"":""-3,000"",""三大法人買賣超股數"":""-4,040""}"
2026-09-24,TWSE,00982T,平衡兆豐台美動能,0,0,0,0,0,0,31000,35049,-4049,"{""證券代號"":""00982T"",""證券名稱"":""平衡兆豐台美動能"",""外陸資買進股數(不含外資自營商)"":""0"",""外陸資賣出股數(不含外資自營商)"":""0"",""外陸資買賣超股數(不含外資自營商)"":""0"",""外資自營商買進股數"":""0"",""外資自營商賣出股數"":""0"",""外資自營商買賣超股數"":""0"",""投信買進股數"":""0"",""投信賣出股數"":""0"",""投信買賣超股數"":""0"",""自營商買賣超股數"":""-4,049"",""自營商買進股數(自行買賣)"":""0"",""自營商賣出股數(自行買賣)"":""0"",""自營商買賣超股數(自行買賣)"":""0"",""自營商買進股數(避險)"":""31,000"",""自營商賣出股數(避險)"":""35,049"",""自營商買賣超股數(避險)"":""-4,049"",""三大法人買賣超股數"":""-4,049""}"
2026-09-24,TWSE,6908,宏碁遊戲-創     ,0,2000,-2000,0,0,0,3000,5062,-2062,"{""證券代號"":""6908"",""證券名稱"":""宏碁遊戲-創     "",""外陸資買進股數(不含外資自營商)"":""0"",""外陸資賣出股數(不含外資自營商)"":""2,000"",""外陸資買賣超股數(不含外資自營商)"":""-2,000"",""外資自營商買進股數"":""0"",""外資自營商賣出股數"":""0"",""外資自營商買賣超股數"":""0"",""投信買進股數"":""0"",""投信賣出股數"":""0"",""投信買賣超股數"":""0"",""自營商買賣超股數"":""-2,062"",""自營商買進股數(自行買賣)"":""0"",""自營商賣出股數(自行買賣)"":""0"",""自營商買賣超股數(自行買賣)"":""0"",""自營商買進股數(避險)"":""3,000"",""自營商賣出股數(避險)"":""5,062"",""自營商買賣超股數(避險)"":""-2,062"",""三大法人買賣超股數"":""-4,062""}"
2026-09-24,TWSE,3027,盛達            ,45000,49000,-4000,0,0,0,0,0,-102,"{""證券代號"":""3027"",""證券名稱"":""盛達            "",""外陸資買進股數(不含外資自營商)"":""45,000"",""外陸資賣出股數(不含外資自營商)"":""49,000"",""外陸資買賣超股數(不含外資自營商)"":""-4,000"",""外資自營商買進股數"":""0"",""外資自營商賣出股數"":""0"",""外資自營商買賣超股數"":""0"",""投信買進股數"":""0"",""投信賣出股數"":""0"",""投信買賣超股數"":""0"",""自營商買賣超股數"":""-102"",""自營商買進股數(自行買賣)"":""0"",""自營商賣出股數(自行買賣)"":""102"",""自營商買賣超股數(自行買賣)"":""-102"",""自營商買進股數(避險)"":""0"",""自營商賣出股數(避險)"":""0"",""自營商買賣超股數(避險)"":""0"",""三大法人買賣超股數"":""-4,102""}"
2026-09-24,TWSE,0053,元大電子        ,5001,6000,-999,0,0,0,108000,111439,-3439,"{""證券代號"":""0053"",""證券名稱"":""元大電子        "",""外陸資買進股數(不含外資自營商)"":""5,001"",""外陸資賣出股數(不含外資自營商)"":""6,000"",""外陸資買賣超股數(不含外資自營商)"":""-999"",""外資自營商買進股數"":""0"",""外資自營商賣出股數"":""0"",""外資自營商買賣超股數"":""0"",""投信買進股數"":""0"",""投信賣出股數"":""0"",""投信買賣超股數"":""0"",""自營商買賣超股數"":""-3,439"",""自營商買進股數(自行買賣)"":""0"",""自營商賣出股數(自行買賣)"":""0"",""自營商買賣超股數(自行買賣)"":""0"",""自營商買進股數(避險)"":""108,000"",""自營商賣出股數(避險)"":""111,439"",""自營商買賣超股數(避險)"":""-3,439"",""三大法人買賣超股數"":""-4,438""}"
2026-09-24,TWSE,2901,欣欣            ,17000,18000,-1000,0,0,0,0,0,-3474,"{""證券代號"":""2901"",""證券名稱"":""欣欣            "",""外陸資買進股數(不含外資自營商)"":""17,000"",""外陸資賣出股數(不含外資自營商)"":""18,000"",""外陸資買賣超股數(不含外資自營商)"":""-1,000"",""外資自營商買進股數"":""0"",""外資自營商賣出股數"":""0"",""外資自營商買賣超股數"":""0"",""投信買進股數"":""0"",""投信賣出股數"":""0"",""投信買賣超股數"":""0"",""自營商買賣超股數"":""-3,474"",""自營商買進股數(自行買賣)"":""0"",""自營商賣出股數(自行買賣)"":""3,474"",""自營商買賣超股數(自行買賣)"":""-3,474"",""自營商買進股數(避險)"":""0"",""自營商賣出股數(避險)"":""0"",""自營商買賣超股數(避險)"":""0"",""三大法人買賣超股數"":""-4,474""}"
2026-09-24,TWSE,3010,華立            ,177435,175021,2414,0,1000,-1000,0,0,-6000,"{""證券代號"":""3010"",""證券名稱"":""華立            "",""外陸資買進股數(不含外資自營商)"":""177,435"",""外陸資賣出股數(不含外資自營商)"":""175,021"",""外陸資買賣超股數(不含外資自營商)"":""2,414"",""外資自營商買進股數"":""0"",""外資自營商賣出股數"":""0"",""外資自營商買賣超股數"":""0"",""投信買進股數"":""0"",""投信賣出股數"":""1,000"",""投信買賣超股數"":""-1,000"",""自營商買賣超股數"":""-6,000"",""自營商買進股數(自行買賣)"":""0"",""自營商賣出股數(自行買賣)"":""6,000"",""自營商買賣超股數(自行買賣)"":""-6,000"",""自營商買進股數(避險)"":""0"",""自營商賣出股數(避險)"":""0"",""自營商買賣超股數(避險)"":""0"",""三大法人買賣超股數"":""-4,586""}"
2026-09-24,TWSE,2753,八方雲集        ,4160,8076,-3916,0,925,-925,0,0,0,"{""證券代號"":""2753"",""證券名稱"":""八方雲集        "",""外陸資買進股數(不含外資自營商)"":""4,160"",""外陸資賣出股數(不含外資自營商)"":""8,076"",""外陸資買賣超股數(不含外資自營商)"":""-3,916"",""外資自營商買進股數"":""0"",""外資自營商賣出股數"":""0"",""外資自營商買賣超股數"":""0"",""投信買進股數"":""0"",""投信賣出股數"":""925"",""投信買賣超股數"":""-925"",""自營商買賣超股數"":""0"",""自營商買進股數(自行買賣)"":""0"",""自營商賣出股數(自行買賣)"":""0"",""自營商買賣超股數(自行買賣)"":""0"",""自營商買進股數(避險)"":""0"",""自營商賣出股數(避險)"":""0"",""自營商買賣超股數(避險)"":""0"",""三大法人買賣超股數"":""-4,841""}"
2026-09-24,TWSE,2488,漢平            ,14000,19000,-5000,0,0,0,0,0,15,"{""證券代號"":""2488"",""證券名稱"":""漢平            "",""外陸資買進股數(不含外資自營商)"":""14,000"",""外陸資賣出股數(不含外資自營商)"":""19,000"",""外陸資買賣超股數(不含外資自營商)"":""-5,000"",""外資自營商買進股數"":""0"",""外資自營商賣出股數"":""0"",""外資自營商買賣超股數"":""0"",""投信買進股數"":""0"",""投信賣出股數"":""0"",""投信買賣超股數"":""0"",""自營商買賣超股數"":""15"",""自營商買進股數(自行買賣)"":""15"",""自營商賣出股數(自行買賣)"":""0"",""自營商買賣超股數(自行買賣)"":""15"",""自營商買進股數(避險)"":""0"",""自營商賣出股數(避險)"":""0"",""自營商買賣超股數(避險)"":""0"",""三大法人買賣超股數"":""-4,985""}"
2026-09-24,TWSE,2483,百容            ,123005,128000,-4995,0,0,0,0,0,0,"{""證券代號"":""2483"",""證券名稱"":""百容            "",""外陸資買進股數(不含外資自營商)"":""123,005"",""外陸資賣出股數(不含外資自營商)"":""128,000"",""外陸資買賣超股數(不含外資自營商)"":""-4,995"",""外資自營商買進股數"":""0"",""外資自營商賣出股數"":""0"",""外資自營商買賣超股數"":""0"",""投信買進股數"":""0"",""投信賣出股數"":""0"",""投信買賣超股數"":""0"",""自營商買賣超股數"":""0"",""自營商買進股數(自行買賣)"":""0"",""自營商賣出股數(自行買賣)"":""0"",""自營商買賣超股數(自行買賣)"":""0"",""自營商買進股數(避險)"":""0"",""自營商賣出股數(避險)"":""0"",""自營商買賣超股數(避險)"":""0"",""三大法人買賣超股數"":""-4,995""}"
2026-09-24,TWSE,1468,昶和            ,0,2000,-2000,0,0,0,0,0,-3000,"{""證券代號"":""1468"",""證券名稱"":""昶和            "",""外陸資買進股數(不含外資自營商)"":""0"",""外陸資賣出股數(不含外資自營商)"":""2,000"",""外陸資買賣超股數(不含外資自營商)"":""-2,000"",""外資自營商買進股數"":""0"",""外資自營商賣出股數"":""0"",""外資自營商買賣超股數"":""0"",""投信買進股數"":""0"",""投信賣出股數"":""0"",""投信買賣超股數"":""0"",""自營商買賣超股數"":""-3,000"",""自營商買進股數(自行買賣)"":""0"",""自營商賣出股數(自行買賣)"":""3,000"",""自營商買賣超股數(自行買賣)"":""-3,000"",""自營商買進股數(避險)"":""0"",""自營商賣出股數(避險)"":""0"",""自營商買賣超股數(避險)"":""0"",""三大法人買賣超股數"":""-5,000""}"
2026-09-24,TWSE,1419,新紡            ,6000,11000,-5000,0,0,0,0,0,0,"{""證券代號"":""1419"",""證券名稱"":""新紡            "",""外陸資買進股數(不含外資自營商)"":""6,000"",""外陸資賣出股數(不含外資自營商)"":""11,000"",""外陸資買賣超股數(不含外資自營商)"":""-5,000"",""外資自營商買進股數"":""0"",""外資自營商賣出股數"":""0"",""外資自營商買賣超股數"":""0"",""投信買進股數"":""0"",""投信賣出股數"":""0"",""投信買賣超股數"":""0"",""自營商買賣超股數"":""0"",""自營商買進股數(自行買賣)"":""0"",""自營商賣出股數(自行買賣)"":""0"",""自營商買賣超股數(自行買賣)"":""0"",""自營商買進股數(避險)"":""0"",""自營商賣出股數(避險)"":""0"",""自營商買賣超股數(避險)"":""0"",""三大法人買賣超股數"":""-5,000""}"
2026-09-24,TWSE,1233,天仁            ,1000,6000,-5000,0,0,0,0,0,0,"{""證券代號"":""1233"",""證券名稱"":""天仁            "",""外陸資買進股數(不含外資自營商)"":""1,000"",""外陸資賣出股數(不含外資自營商)"":""6,000"",""外陸資買賣超股數(不含外資自營商)"":""-5,000"",""外資自營商買進股數"":""0"",""外資自營商賣出股數"":""0"",""外資自營商買賣超股數"":""0"",""投信買進股數"":""0"",""投信賣出股數"":""0"",""投信買賣超股數"":""0"",""自營商買賣超股數"":""0"",""自營商買進股數(自行買賣)"":""0"",""自營商賣出股數(自行買賣)"":""0"",""自營商買賣超股數(自行買賣)"":""0"",""自營商買進股數(避險)"":""0"",""自營商賣出股數(避險)"":""0"",""自營商買賣超股數(避險)"":""0"",""三大法人買賣超股數"":""-5,000""}"
2026-09-24,TWSE,2945,三商家購        ,0,5000,-5000,0,0,0,0,0,0,"{""證券代號"":""2945"",""證券名稱"":""三商家購        "",""外陸資買進股數(不含外資自營商)"":""0"",""外陸資賣出股數(不含外資自營商)"":""5,000"",""外陸資買賣超股數(不含外資自營商)"":""-5,000"",""外資自營商買進股數"":""0"",""外資自營商賣出股數"":""0"",""外資自營商買賣超股數"":""0"",""投信買進股數"":""0"",""投信賣出股數"":""0"",""投信買賣超股數"":""0"",""自營商買賣超股數"":""0"",""自營商買進股數(自行買賣)"":""0"",""自營商賣出股數(自行買賣)"":""0"",""自營商買賣超股數(自行買賣)"":""0"",""自營商買進股數(避險)"":""0"",""自營商賣出股數(避險)"":""0"",""自營商買賣超股數(避險)"":""0"",""三大法人買賣超股數"":""-5,000""}"
2026-09-24,TWSE,6128,上福            ,2000,7000,-5000,0,0,0,0,0,0,"{""證券代號"":""6128"",""證券名稱"":""上福            "",""外陸資買進股數(不含外資自營商)"":""2,000"",""外陸資賣出股數(不含外資自營商)"":""7,000"",""外陸資買賣超股數(不含外資自營商)"":""-5,000"",""外資自營商買進股數"":""0"",""外資自營商賣出股數"":""0"",""外資自營商買賣超股數"":""0"",""投信買進股數"":""0"",""投信賣出股數"":""0"",""投信買賣超股數"":""0"",""自營商買賣超股數"":""0"",""自營商買進股數(自行買賣)"":""0"",""自營商賣出股數(自行買賣)"":""0"",""自營商買賣超股數(自行買賣)"":""0"",""自營商買進股數(避險)"":""0"",""自營商賣出股數(避險)"":""0"",""自營商買賣超股數(避險)"":""0"",""三大法人買賣超股數"":""-5,000""}"
2026-09-24,TWSE,6115,鎰勝            ,16000,21000,-5000,0,0,0,0,0,0,"{""證券代號"":""6115"",""證券名稱"":""鎰勝            "",""外陸資買進股數(不含外資自營商)"":""16,000"",""外陸資賣出股數(不含外資自營商)"":""21,000"",""外陸資買賣超股數(不含外資自營商)"":""-5,000"",""外資自營商買進股數"":""0"",""外資自營商賣出股數"":""0"",""外資自營商買賣超股數"":""0"",""投信買進股數"":""0"",""投信賣出股數"":""0"",""投信買賣超股數"":""0"",""自營商買賣超股數"":""0"",""自營商買進股數(自行買賣)"":""0"",""自營商賣出股數(自行買賣)"":""0"",""自營商買賣超股數(自行買賣)"":""0"",""自營商買進股數(避險)"":""0"",""自營商賣出股數(避險)"":""0"",""自營商買賣超股數(避險)"":""0"",""三大法人買賣超股數"":""-5,000""}"
2026-09-24,TWSE,4942,嘉彰            ,3000,6000,-3000,0,0,0,0,0,-2000,"{""證券代號"":""4942"",""證券名稱"":""嘉彰            "",""外陸資買進股數(不含外資自營商)"":""3,000"",""外陸資賣出股數(不含外資自營商)"":""6,000"",""外陸資買賣超股數(不含外資自營商)"":""-3,000"",""外資自營商買進股數"":""0"",""外資自營商賣出股數"":""0"",""外資自營商買賣超股數"":""0"",""投信買進股數"":""0"",""投信賣出股數"":""0"",""投信買賣超股數"":""0"",""自營商買賣超股數"":""-2,000"",""自營商買進股數(自行買賣)"":""0"",""自營商賣出股數(自行買賣)"":""2,000"",""自營商買賣超股數(自行買賣)"":""-2,000"",""自營商買進股數(避險)"":""0"",""自營商賣出股數(避險)"":""0"",""自營商買賣超股數(避險)"":""0"",""三大法人買賣超股數"":""-5,000""}"
2026-09-24,TWSE,1413,宏洲            ,0,5000,-5000,0,0,0,0,0,0,"{""證券代號"":""1413"",""證券名稱"":""宏洲            "",""外陸資買進股數(不含外資自營商)"":""0"",""外陸資賣出股數(不含外資自營商)"":""5,000"",""外陸資買賣超股數(不含外資自營商)"":""-5,000"",""外資自營商買進股數"":""0"",""外資自營商賣出股數"":""0"",""外資自營商買賣超股數"":""0"",""投信買進股數"":""0"",""投信賣出股數"":""0"",""投信買賣超股數"":""0"",""自營商買賣超股數"":""0"",""自營商買進股數(自行買賣)"":""0"",""自營商賣出股數(自行買賣)"":""0"",""自營商買賣超股數(自行買賣)"":""0"",""自營商買進股數(避險)"":""0"",""自營商賣出股數(避險)"":""0"",""自營商買賣超股數(避險)"":""0"",""三大法人買賣超股數"":""-5,000""}"
2026-09-24,TWSE,009801,中信美國創新科技,136000,7000,129000,0,0,0,364000,498687,-134687,"{""證券代號"":""009801"",""證券名稱"":""中信美國創新科技"",""外陸資買進股數(不含外資自營商)"":""136,000"",""外陸資賣出股數(不含外資自營商)"":""7,000"",""外陸資買賣超股數(不含外資自營商)"":""129,000"",""外資自營商買進股數"":""0"",""外資自營商賣出股數"":""0"",""外資自營商買賣超股數"":""0"",""投信買進股數"":""0"",""投信賣出股數"":""0"",""投信買賣超股數"":""0"",""自營商買賣超股數"":""-134,687"",""自營商買進股數(自行買賣)"":""0"",""自營商賣出股數(自行買賣)"":""0"",""自營商買賣超股數(自行買賣)"":""0"",""自營商買進股數(避險)"":""364,000"",""自營商賣出股數(避險)"":""498,687"",""自營商買賣超股數(避險)"":""-134,687"",""三大法人買賣超股數"":""-5,687""}"
2026-09-24,TWSE,3296,勝德            ,8246,14000,-5754,0,0,0,0,0,0,"{""證券代號"":""3296"",""證券名稱"":""勝德            "",""外陸資買進股數(不含外資自營商)"":""8,246"",""外陸資賣出股數(不含外資自營商)"":""14,000"",""外陸資買賣超股數(不含外資自營商)"":""-5,754"",""外資自營商買進股數"":""0"",""外資自營商賣出股數"":""0"",""外資自營商買賣超股數"":""0"",""投信買進股數"":""0"",""投信賣出股數"":""0"",""投信買賣超股數"":""0"",""自營商買賣超股數"":""0"",""自營商買進股數(自行買賣)"":""0"",""自營商賣出股數(自行買賣)"":""0"",""自營商買賣超股數(自行買賣)"":""0"",""自營商買進股數(避險)"":""0"",""自營商賣出股數(避險)"":""0"",""自營商買賣超股數(避險)"":""0"",""三大法人買賣超股數"":""-5,754""}"
2026-09-24,TWSE,1203,味王            ,0,7000,-7000,0,0,0,0,0,1000,"{""證券代號"":""1203"",""證券名稱"":""味王            "",""外陸資買進股數(不含外資自營商)"":""0"",""外陸資賣出股數(不含外資自營商)"":""7,000"",""外陸資買賣超股數(不含外資自營商)"":""-7,000"",""外資自營商買進股數"":""0"",""外資自營商賣出股數"":""0"",""外資自營商買賣超股數"":""0"",""投信買進股數"":""0"",""投信賣出股數"":""0"",""投信買賣超股數"":""0"",""自營商買賣超股數"":""1,000"",""自營商買進股數(自行買賣)"":""1,000"",""自營商賣出股數(自行買賣)"":""0"",""自營商買賣超股數(自行買賣)"":""1,000"",""自營商買進股數(避險)"":""0"",""自營商賣出股數(避險)"":""0"",""自營商買賣超股數(避險)"":""0"",""三大法人買賣超股數"":""-6,000""}"
2026-09-24,TWSE,1445,大宇            ,1000,7000,-6000,0,0,0,0,0,0,"{""證券代號"":""1445"",""證券名稱"":""大宇            "",""外陸資買進股數(不含外資自營商)"":""1,000"",""外陸資賣出股數(不含外資自營商)"":""7,000"",""外陸資買賣超股數(不含外資自營商)"":""-6,000"",""外資自營商買進股數"":""0"",""外資自營商賣出股數"":""0"",""外資自營商買賣超股數"":""0"",""投信買進股數"":""0"",""投信賣出股數"":""0"",""投信買賣超股數"":""0"",""自營商買賣超股數"":""0"",""自營商買進股數(自行買賣)"":""0"",""自營商賣出股數(自行買賣)"":""0"",""自營商買賣超股數(自行買賣)"":""0"",""自營商買進股數(避險)"":""0"",""自營商賣出股數(避險)"":""0"",""自營商買賣超股數(避險)"":""0"",""三大法人買賣超股數"":""-6,000""}"
2026-09-24,TWSE,2430,燦坤            ,1000,6000,-5000,0,0,0,0,0,-1000,"{""證券代號"":""2430"",""證券名稱"":""燦坤            "",""外陸資買進股數(不含外資自營商)"":""1,000"",""外陸資賣出股數(不含外資自營商)"":""6,000"",""外陸資買賣超股數(不含外資自營商)"":""-5,000"",""外資自營商買進股數"":""0"",""外資自營商賣出股數"":""0"",""外資自營商買賣超股數"":""0"",""投信買進股數"":""0"",""投信賣出股數"":""0"",""投信買賣超股數"":""0"",""自營商買賣超股數"":""-1,000"",""自營商買進股數(自行買賣)"":""0"",""自營商賣出股數(自行買賣)"":""1,000"",""自營商買賣超股數(自行買賣)"":""-1,000"",""自營商買進股數(避險)"":""0"",""自營商賣出股數(避險)"":""0"",""自營商買賣超股數(避險)"":""0"",""三大法人買賣超股數"":""-6,000""}"
2026-09-24,TWSE,2248,華勝-KY         ,1000,6000,-5000,0,0,0,0,0,-1000,"{""證券代號"":""2248"",""證券名稱"":""華勝-KY         "",""外陸資買進股數(不含外資自營商)"":""1,000"",""外陸資賣出股數(不含外資自營商)"":""6,000"",""外陸資買賣超股數(不含外資自營商)"":""-5,000"",""外資自營商買進股數"":""0"",""外資自營商賣出股數"":""0"",""外資自營商買賣超股數"":""0"",""投信買進股數"":""0"",""投信賣出股數"":""0"",""投信買賣超股數"":""0"",""自營商買賣超股數"":""-1,000"",""自營商買進股數(自行買賣)"":""0"",""自營商賣出股數(自行買賣)"":""1,000"",""自營商買賣超股數(自行買賣)"":""-1,000"",""自營商買進股數(避險)"":""0"",""自營商賣出股數(避險)"":""0"",""自營商買賣超股數(避險)"":""0"",""三大法人買賣超股數"":""-6,000""}"
2026-09-24,TWSE,6117,迎廣            ,15000,21000,-6000,0,0,0,0,0,0,"{""證券代號"":""6117"",""證券名稱"":""迎廣            "",""外陸資買進股數(不含外資自營商)"":""15,000"",""外陸資賣出股數(不含外資自營商)"":""21,000"",""外陸資買賣超股數(不含外資自營商)"":""-6,000"",""外資自營商買進股數"":""0"",""外資自營商賣出股數"":""0"",""外資自營商買賣超股數"":""0"",""投信買進股數"":""0"",""投信賣出股數"":""0"",""投信買賣超股數"":""0"",""自營商買賣超股數"":""0"",""自營商買進股數(自行買賣)"":""0"",""自營商賣出股數(自行買賣)"":""0"",""自營商買賣超股數(自行買賣)"":""0"",""自營商買進股數(避險)"":""0"",""自營商賣出股數(避險)"":""0"",""自營商買賣超股數(避險)"":""0"",""三大法人買賣超股數"":""-6,000""}"
2026-09-24,TWSE,6504,南六            ,0,6000,-6000,0,0,0,0,0,0,"{""證券代號"":""6504"",""證券名稱"":""南六            "",""外陸資買進股數(不含外資自營商)"":""0"",""外陸資賣出股數(不含外資自營商)"":""6,000"",""外陸資買賣超股數(不含外資自營商)"":""-6,000"",""外資自營商買進股數"":""0"",""外資自營商賣出股數"":""0"",""外資自營商買賣超股數"":""0"",""投信買進股數"":""0"",""投信賣出股數"":""0"",""投信買賣超股數"":""0"",""自營商買賣超股數"":""0"",""自營商買進股數(自行買賣)"":""0"",""自營商賣出股數(自行買賣)"":""0"",""自營商買賣超股數(自行買賣)"":""0"",""自營商買進股數(避險)"":""0"",""自營商賣出股數(避險)"":""0"",""自營商買賣超股數(避險)"":""0"",""三大法人買賣超股數"":""-6,000""}"
2026-09-24,TWSE,9937,全國            ,2000,8000,-6000,0,0,0,0,0,0,"{""證券代號"":""9937"",""證券名稱"":""全國            "",""外陸資買進股數(不含外資自營商)"":""2,000"",""外陸資賣出股數(不含外資自營商)"":""8,000"",""外陸資買賣超股數(不含外資自營商)"":""-6,000"",""外資自營商買進股數"":""0"",""外資自營商賣出股數"":""0"",""外資自營商買賣超股數"":""0"",""投信買進股數"":""0"",""投信賣出股數"":""0"",""投信買賣超股數"":""0"",""自營商買賣超股數"":""0"",""自營商買進股數(自行買賣)"":""0"",""自營商賣出股數(自行買賣)"":""0"",""自營商買賣超股數(自行買賣)"":""0"",""自營商買進股數(避險)"":""0"",""自營商賣出股數(避險)"":""0"",""自營商買賣超股數(避險)"":""0"",""三大法人買賣超股數"":""-6,000""}"
2026-09-24,TWSE,7821,神數            ,0,6000,-6000,0,0,0,0,0,0,"{""證券代號"":""7821"",""證券名稱"":""神數            "",""外陸資買進股數(不含外資自營商)"":""0"",""外陸資賣出股數(不含外資自營商)"":""6,000"",""外陸資買賣超股數(不含外資自營商)"":""-6,000"",""外資自營商買進股數"":""0"",""外資自營商賣出股數"":""0"",""外資自營商買賣超股數"":""0"",""投信買進股數"":""0"",""投信賣出股數"":""0"",""投信買賣超股數"":""0"",""自營商買賣超股數"":""0"",""自營商買進股數(自行買賣)"":""0"",""自營商賣出股數(自行買賣)"":""0"",""自營商買賣超股數(自行買賣)"":""0"",""自營商買進股數(避險)"":""0"",""自營商賣出股數(避險)"":""0"",""自營商買賣超股數(避險)"":""0"",""三大法人買賣超股數"":""-6,000""}"
2026-09-24,TWSE,9943,好樂迪          ,3000,9000,-6000,0,0,0,0,0,0,"{""證券代號"":""9943"",""證券名稱"":""好樂迪          "",""外陸資買進股數(不含外資自營商)"":""3,000"",""外陸資賣出股數(不含外資自營商)"":""9,000"",""外陸資買賣超股數(不含外資自營商)"":""-6,000"",""外資自營商買進股數"":""0"",""外資自營商賣出股數"":""0"",""外資自營商買賣超股數"":""0"",""投信買進股數"":""0"",""投信賣出股數"":""0"",""投信買賣超股數"":""0"",""自營商買賣超股數"":""0"",""自營商買進股數(自行買賣)"":""0"",""自營商賣出股數(自行買賣)"":""0"",""自營商買賣超股數(自行買賣)"":""0"",""自營商買進股數(避險)"":""0"",""自營商賣出股數(避險)"":""0"",""自營商買賣超股數(避險)"":""0"",""三大法人買賣超股數"":""-6,000""}"
2026-09-24,TWSE,3018,隆銘綠能        ,1000,7000,-6000,0,0,0,0,0,0,"{""證券代號"":""3018"",""證券名稱"":""隆銘綠能        "",""外陸資買進股數(不含外資自營商)"":""1,000"",""外陸資賣出股數(不含外資自營商)"":""7,000"",""外陸資買賣超股數(不含外資自營商)"":""-6,000"",""外資自營商買進股數"":""0"",""外資自營商賣出股數"":""0"",""外資自營商買賣超股數"":""0"",""投信買進股數"":""0"",""投信賣出股數"":""0"",""投信買賣超股數"":""0"",""自營商買賣超股數"":""0"",""自營商買進股數(自行買賣)"":""0"",""自營商賣出股數(自行買賣)"":""0"",""自營商買賣超股數(自行買賣)"":""0"",""自營商買進股數(避險)"":""0"",""自營商賣出股數(避險)"":""0"",""自營商買賣超股數(避險)"":""0"",""三大法人買賣超股數"":""-6,000""}"
2026-09-24,TWSE,1414,東和            ,37000,33003,3997,0,0,0,0,0,-10000,"{""證券代號"":""1414"",""證券名稱"":""東和            "",""外陸資買進股數(不含外資自營商)"":""37,000"",""外陸資賣出股數(不含外資自營商)"":""33,003"",""外陸資買賣超股數(不含外資自營商)"":""3,997"",""外資自營商買進股數"":""0"",""外資自營商賣出股數"":""0"",""外資自營商買賣超股數"":""0"",""投信買進股數"":""0"",""投信賣出股數"":""0"",""投信買賣超股數"":""0"",""自營商買賣超股數"":""-10,000"",""自營商買進股數(自行買賣)"":""0"",""自營商賣出股數(自行買賣)"":""10,000"",""自營商買賣超股數(自行買賣)"":""-10,000"",""自營商買進股數(避險)"":""0"",""自營商賣出股數(避險)"":""0"",""自營商買賣超股數(避險)"":""0"",""三大法人買賣超股數"":""-6,003""}"
2026-09-24,TWSE,1618,合機            ,36000,41000,-5000,0,0,0,0,1058,-1058,"{""證券代號"":""1618"",""證券名稱"":""合機            "",""外陸資買進股數(不含外資自營商)"":""36,000"",""外陸資賣出股數(不含外資自營商)"":""41,000"",""外陸資買賣超股數(不含外資自營商)"":""-5,000"",""外資自營商買進股數"":""0"",""外資自營商賣出股數"":""0"",""外資自營商買賣超股數"":""0"",""投信買進股數"":""0"",""投信賣出股數"":""0"",""投信買賣超股數"":""0"",""自營商買賣超股數"":""-1,058"",""自營商買進股數(自行買賣)"":""0"",""自營商賣出股數(自行買賣)"":""0"",""自營商買賣超股數(自行買賣)"":""0"",""自營商買進股數(避險)"":""0"",""自營商賣出股數(避險)"":""1,058"",""自營商買賣超股數(避險)"":""-1,058"",""三大法人買賣超股數"":""-6,058""}"
2026-09-24,TWSE,2022,聚亨            ,54805,61000,-6195,0,0,0,0,0,0,"{""證券代號"":""2022"",""證券名稱"":""聚亨            "",""外陸資買進股數(不含外資自營商)"":""54,805"",""外陸資賣出股數(不含外資自營商)"":""61,000"",""外陸資買賣超股數(不含外資自營商)"":""-6,195"",""外資自營商買進股數"":""0"",""外資自營商賣出股數"":""0"",""外資自營商買賣超股數"":""0"",""投信買進股數"":""0"",""投信賣出股數"":""0"",""投信買賣超股數"":""0"",""自營商買賣超股數"":""0"",""自營商買進股數(自行買賣)"":""0"",""自營商賣出股數(自行買賣)"":""0"",""自營商買賣超股數(自行買賣)"":""0"",""自營商買進股數(避險)"":""0"",""自營商賣出股數(避險)"":""0"",""自營商買賣超股數(避險)"":""0"",""三大法人買賣超股數"":""-6,195""}"
2026-09-24,TWSE,5306,桂盟            ,3450,9983,-6533,0,0,0,0,0,0,"{""證券代號"":""5306"",""證券名稱"":""桂盟            "",""外陸資買進股數(不含外資自營商)"":""3,450"",""外陸資賣出股數(不含外資自營商)"":""9,983"",""外陸資買賣超股數(不含外資自營商)"":""-6,533"",""外資自營商買進股數"":""0"",""外資自營商賣出股數"":""0"",""外資自營商買賣超股數"":""0"",""投信買進股數"":""0"",""投信賣出股數"":""0"",""投信買賣超股數"":""0"",""自營商買賣超股數"":""0"",""自營商買進股數(自行買賣)"":""0"",""自營商賣出股數(自行買賣)"":""0"",""自營商買賣超股數(自行買賣)"":""0"",""自營商買進股數(避險)"":""0"",""自營商賣出股數(避險)"":""0"",""自營商買賣超股數(避險)"":""0"",""三大法人買賣超股數"":""-6,533""}"
2026-09-24,TWSE,4912,聯德控股-KY     ,144184,151000,-6816,0,0,0,0,0,0,"{""證券代號"":""4912"",""證券名稱"":""聯德控股-KY     "",""外陸資買進股數(不含外資自營商)"":""144,184"",""外陸資賣出股數(不含外資自營商)"":""151,000"",""外陸資買賣超股數(不含外資自營商)"":""-6,816"",""外資自營商買進股數"":""0"",""外資自營商賣出股數"":""0"",""外資自營商買賣超股數"":""0"",""投信買進股數"":""0"",""投信賣出股數"":""0"",""投信買賣超股數"":""0"",""自營商買賣超股數"":""0"",""自營商買進股數(自行買賣)"":""0"",""自營商賣出股數(自行買賣)"":""0"",""自營商買賣超股數(自行買賣)"":""0"",""自營商買進股數(避險)"":""0"",""自營商賣出股數(避險)"":""0"",""自營商買賣超股數(避險)"":""0"",""三大法人買賣超股數"":""-6,816""}"
2026-09-24,TWSE,6216,居易            ,1000,8000,-7000,0,0,0,0,0,115,"{""證券代號"":""6216"",""證券名稱"":""居易            "",""外陸資買進股數(不含外資自營商)"":""1,000"",""外陸資賣出股數(不含外資自營商)"":""8,000"",""外陸資買賣超股數(不含外資自營商)"":""-7,000"",""外資自營商買進股數"":""0"",""外資自營商賣出股數"":""0"",""外資自營商買賣超股數"":""0"",""投信買進股數"":""0"",""投信賣出股數"":""0"",""投信買賣超股數"":""0"",""自營商買賣超股數"":""115"",""自營商買進股數(自行買賣)"":""1,000"",""自營商賣出股數(自行買賣)"":""885"",""自營商買賣超股數(自行買賣)"":""115"",""自營商買進股數(避險)"":""0"",""自營商賣出股數(避險)"":""0"",""自營商買賣超股數(避險)"":""0"",""三大法人買賣超股數"":""-6,885""}"
2026-09-24,TWSE,1467,南緯            ,5000,12000,-7000,0,0,0,0,0,0,"{""證券代號"":""1467"",""證券名稱"":""南緯            "",""外陸資買進股數(不含外資自營商)"":""5,000"",""外陸資賣出股數(不含外資自營商)"":""12,000"",""外陸資買賣超股數(不含外資自營商)"":""-7,000"",""外資自營商買進股數"":""0"",""外資自營商賣出股數"":""0"",""外資自營商買賣超股數"":""0"",""投信買進股數"":""0"",""投信賣出股數"":""0"",""投信買賣超股數"":""0"",""自營商買賣超股數"":""0"",""自營商買進股數(自行買賣)"":""0"",""自營商賣出股數(自行買賣)"":""0"",""自營商買賣超股數(自行買賣)"":""0"",""自營商買進股數(避險)"":""0"",""自營商賣出股數(避險)"":""0"",""自營商買賣超股數(避險)"":""0"",""三大法人買賣超股數"":""-7,000""}"
2026-09-24,TWSE,2115,六暉-KY         ,1000,8000,-7000,0,0,0,0,0,0,"{""證券代號"":""2115"",""證券名稱"":""六暉-KY         "",""外陸資買進股數(不含外資自營商)"":""1,000"",""外陸資賣出股數(不含外資自營商)"":""8,000"",""外陸資買賣超股數(不含外資自營商)"":""-7,000"",""外資自營商買進股數"":""0"",""外資自營商賣出股數"":""0"",""外資自營商買賣超股數"":""0"",""投信買進股數"":""0"",""投信賣出股數"":""0"",""投信買賣超股數"":""0"",""自營商買賣超股數"":""0"",""自營商買進股數(自行買賣)"":""0"",""自營商賣出股數(自行買賣)"":""0"",""自營商買賣超股數(自行買賣)"":""0"",""自營商買進股數(避險)"":""0"",""自營商賣出股數(避險)"":""0"",""自營商買賣超股數(避險)"":""0"",""三大法人買賣超股數"":""-7,000""}"
2026-09-24,TWSE,2509,全坤建          ,0,7000,-7000,0,0,0,0,0,0,"{""證券代號"":""2509"",""證券名稱"":""全坤建          "",""外陸資買進股數(不含外資自營商)"":""0"",""外陸資賣出股數(不含外資自營商)"":""7,000"",""外陸資買賣超股數(不含外資自營商)"":""-7,000"",""外資自營商買進股數"":""0"",""外資自營商賣出股數"":""0"",""外資自營商買賣超股數"":""0"",""投信買進股數"":""0"",""投信賣出股數"":""0"",""投信買賣超股數"":""0"",""自營商買賣超股數"":""0"",""自營商買進股數(自行買賣)"":""0"",""自營商賣出股數(自行買賣)"":""0"",""自營商買賣超股數(自行買賣)"":""0"",""自營商買進股數(避險)"":""0"",""自營商賣出股數(避險)"":""0"",""自營商買賣超股數(避險)"":""0"",""三大法人買賣超股數"":""-7,000""}"
2026-09-24,TWSE,6771,平和環保-創     ,0,1000,-1000,0,0,0,0,4000,-6000,"{""證券代號"":""6771"",""證券名稱"":""平和環保-創     "",""外陸資買進股數(不含外資自營商)"":""0"",""外陸資賣出股數(不含外資自營商)"":""1,000"",""外陸資買賣超股數(不含外資自營商)"":""-1,000"",""外資自營商買進股數"":""0"",""外資自營商賣出股數"":""0"",""外資自營商買賣超股數"":""0"",""投信買進股數"":""0"",""投信賣出股數"":""0"",""投信買賣超股數"":""0"",""自營商買賣超股數"":""-6,000"",""自營商買進股數(自行買賣)"":""0"",""自營商賣出股數(自行買賣)"":""2,000"",""自營商買賣超股數(自行買賣)"":""-2,000"",""自營商買進股數(避險)"":""0"",""自營商賣出股數(避險)"":""4,000"",""自營商買賣超股數(避險)"":""-4,000"",""三大法人買賣超股數"":""-7,000""}"
2026-09-24,TWSE,4582,聚恆-創         ,0,5000,-5000,0,0,0,1000,3000,-2000,"{""證券代號"":""4582"",""證券名稱"":""聚恆-創         "",""外陸資買進股數(不含外資自營商)"":""0"",""外陸資賣出股數(不含外資自營商)"":""5,000"",""外陸資買賣超股數(不含外資自營商)"":""-5,000"",""外資自營商買進股數"":""0"",""外資自營商賣出股數"":""0"",""外資自營商買賣超股數"":""0"",""投信買進股數"":""0"",""投信賣出股數"":""0"",""投信買賣超股數"":""0"",""自營商買賣超股數"":""-2,000"",""自營商買進股數(自行買賣)"":""0"",""自營商賣出股數(自行買賣)"":""0"",""自營商買賣超股數(自行買賣)"":""0"",""自營商買進股數(避險)"":""1,000"",""自營商賣出股數(避險)"":""3,000"",""自營商買賣超股數(避險)"":""-2,000"",""三大法人買賣超股數"":""-7,000""}"
2026-09-24,TWSE,6958,日盛台駿        ,2000,9000,-7000,0,0,0,0,0,0,"{""證券代號"":""6958"",""證券名稱"":""日盛台駿        "",""外陸資買進股數(不含外資自營商)"":""2,000"",""外陸資賣出股數(不含外資自營商)"":""9,000"",""外陸資買賣超股數(不含外資自營商)"":""-7,000"",""外資自營商買進股數"":""0"",""外資自營商賣出股數"":""0"",""外資自營商買賣超股數"":""0"",""投信買進股數"":""0"",""投信賣出股數"":""0"",""投信買賣超股數"":""0"",""自營商買賣超股數"":""0"",""自營商買進股數(自行買賣)"":""0"",""自營商賣出股數(自行買賣)"":""0"",""自營商買賣超股數(自行買賣)"":""0"",""自營商買進股數(避險)"":""0"",""自營商賣出股數(避險)"":""0"",""自營商買賣超股數(避險)"":""0"",""三大法人買賣超股數"":""-7,000""}"
2026-09-24,TWSE,1325,恆大            ,38000,46000,-8000,0,0,0,0,0,0,"{""證券代號"":""1325"",""證券名稱"":""恆大            "",""外陸資買進股數(不含外資自營商)"":""38,000"",""外陸資賣出股數(不含外資自營商)"":""46,000"",""外陸資買賣超股數(不含外資自營商)"":""-8,000"",""外資自營商買進股數"":""0"",""外資自營商賣出股數"":""0"",""外資自營商買賣超股數"":""0"",""投信買進股數"":""0"",""投信賣出股數"":""0"",""投信買賣超股數"":""0"",""自營商買賣超股數"":""0"",""自營商買進股數(自行買賣)"":""0"",""自營商賣出股數(自行買賣)"":""0"",""自營商買賣超股數(自行買賣)"":""0"",""自營商買進股數(避險)"":""0"",""自營商賣出股數(避險)"":""0"",""自營商買賣超股數(避險)"":""0"",""三大法人買賣超股數"":""-8,000""}"
2026-09-24,TWSE,1752,南光            ,2000,10000,-8000,0,0,0,0,0,0,"{""證券代號"":""1752"",""證券名稱"":""南光            "",""外陸資買進股數(不含外資自營商)"":""2,000"",""外陸資賣出股數(不含外資自營商)"":""10,000"",""外陸資買賣超股數(不含外資自營商)"":""-8,000"",""外資自營商買進股數"":""0"",""外資自營商賣出股數"":""0"",""外資自營商買賣超股數"":""0"",""投信買進股數"":""0"",""投信賣出股數"":""0"",""投信買賣超股數"":""0"",""自營商買賣超股數"":""0"",""自營商買進股數(自行買賣)"":""0"",""自營商賣出股數(自行買賣)"":""0"",""自營商買賣超股數(自行買賣)"":""0"",""自營商買進股數(避險)"":""0"",""自營商賣出股數(避險)"":""0"",""自營商買賣超股數(避險)"":""0"",""三大法人買賣超股數"":""-8,000""}"
2026-09-24,TWSE,1805,寶徠            ,1000,9000,-8000,0,0,0,0,0,0,"{""證券代號"":""1805"",""證券名稱"":""寶徠            "",""外陸資買進股數(不含外資自營商)"":""1,000"",""外陸資賣出股數(不含外資自營商)"":""9,000"",""外陸資買賣超股數(不含外資自營商)"":""-8,000"",""外資自營商買進股數"":""0"",""外資自營商賣出股數"":""0"",""外資自營商買賣超股數"":""0"",""投信買進股數"":""0"",""投信賣出股數"":""0"",""投信買賣超股數"":""0"",""自營商買賣超股數"":""0"",""自營商買進股數(自行買賣)"":""0"",""自營商賣出股數(自行買賣)"":""0"",""自營商買賣超股數(自行買賣)"":""0"",""自營商買進股數(避險)"":""0"",""自營商賣出股數(避險)"":""0"",""自營商買賣超股數(避險)"":""0"",""三大法人買賣超股數"":""-8,000""}"
2026-09-24,TWSE,1526,日馳            ,4000,12000,-8000,0,0,0,0,0,0,"{""證券代號"":""1526"",""證券名稱"":""日馳            "",""外陸資買進股數(不含外資自營商)"":""4,000"",""外陸資賣出股數(不含外資自營商)"":""12,000"",""外陸資買賣超股數(不含外資自營商)"":""-8,000"",""外資自營商買進股數"":""0"",""外資自營商賣出股數"":""0"",""外資自營商買賣超股數"":""0"",""投信買進股數"":""0"",""投信賣出股數"":""0"",""投信買賣超股數"":""0"",""自營商買賣超股數"":""0"",""自營商買進股數(自行買賣)"":""0"",""自營商賣出股數(自行買賣)"":""0"",""自營商買賣超股數(自行買賣)"":""0"",""自營商買進股數(避險)"":""0"",""自營商賣出股數(避險)"":""0"",""自營商買賣超股數(避險)"":""0"",""三大法人買賣超股數"":""-8,000""}"
2026-09-24,TWSE,1626,艾美特-KY       ,5000,14000,-9000,0,0,0,0,0,1000,"{""證券代號"":""1626"",""證券名稱"":""艾美特-KY       "",""外陸資買進股數(不含外資自營商)"":""5,000"",""外陸資賣出股數(不含外資自營商)"":""14,000"",""外陸資買賣超股數(不含外資自營商)"":""-9,000"",""外資自營商買進股數"":""0"",""外資自營商賣出股數"":""0"",""外資自營商買賣超股數"":""0"",""投信買進股數"":""0"",""投信賣出股數"":""0"",""投信買賣超股數"":""0"",""自營商買賣超股數"":""1,000"",""自營商買進股數(自行買賣)"":""1,000"",""自營商賣出股數(自行買賣)"":""0"",""自營商買賣超股數(自行買賣)"":""1,000"",""自營商買進股數(避險)"":""0"",""自營商賣出股數(避險)"":""0"",""自營商買賣超股數(避險)"":""0"",""三大法人買賣超股數"":""-8,000""}"
2026-09-24,TWSE,6184,大豐電          ,4000,12000,-8000,0,0,0,0,0,0,"{""證券代號"":""6184"",""證券名稱"":""大豐電          "",""外陸資買進股數(不含外資自營商)"":""4,000"",""外陸資賣出股數(不含外資自營商)"":""12,000"",""外陸資買賣超股數(不含外資自營商)"":""-8,000"",""外資自營商買進股數"":""0"",""外資自營商賣出股數"":""0"",""外資自營商買賣超股數"":""0"",""投信買進股數"":""0"",""投信賣出股數"":""0"",""投信買賣超股數"":""0"",""自營商買賣超股數"":""0"",""自營商買進股數(自行買賣)"":""0"",""自營商賣出股數(自行買賣)"":""0"",""自營商買賣超股數(自行買賣)"":""0"",""自營商買進股數(避險)"":""0"",""自營商賣出股數(避險)"":""0"",""自營商買賣超股數(避險)"":""0"",""三大法人買賣超股數"":""-8,000""}"
2026-09-24,TWSE,9919,康那香          ,49000,57000,-8000,0,0,0,0,0,0,"{""證券代號"":""9919"",""證券名稱"":""康那香          "",""外陸資買進股數(不含外資自營商)"":""49,000"",""外陸資賣出股數(不含外資自營商)"":""57,000"",""外陸資買賣超股數(不含外資自營商)"":""-8,000"",""外資自營商買進股數"":""0"",""外資自營商賣出股數"":""0"",""外資自營商買賣超股數"":""0"",""投信買進股數"":""0"",""投信賣出股數"":""0"",""投信買賣超股數"":""0"",""自營商買賣超股數"":""0"",""自營商買進股數(自行買賣)"":""0"",""自營商賣出股數(自行買賣)"":""0"",""自營商買賣超股數(自行買賣)"":""0"",""自營商買進股數(避險)"":""0"",""自營商賣出股數(避險)"":""0"",""自營商買賣超股數(避險)"":""0"",""三大法人買賣超股數"":""-8,000""}"
2026-09-24,TWSE,6951,青新-創         ,1000,9000,-8000,0,0,0,0,0,0,"{""證券代號"":""6951"",""證券名稱"":""青新-創         "",""外陸資買進股數(不含外資自營商)"":""1,000"",""外陸資賣出股數(不含外資自營商)"":""9,000"",""外陸資買賣超股數(不含外資自營商)"":""-8,000"",""外資自營商買進股數"":""0"",""外資自營商賣出股數"":""0"",""外資自營商買賣超股數"":""0"",""投信買進股數"":""0"",""投信賣出股數"":""0"",""投信買賣超股數"":""0"",""自營商買賣超股數"":""0"",""自營商買進股數(自行買賣)"":""0"",""自營商賣出股數(自行買賣)"":""0"",""自營商買賣超股數(自行買賣)"":""0"",""自營商買進股數(避險)"":""0"",""自營商賣出股數(避險)"":""0"",""自營商買賣超股數(避險)"":""0"",""三大法人買賣超股數"":""-8,000""}"
2026-09-24,TWSE,5222,全訊            ,20000,28105,-8105,0,0,0,3000,3044,-44,"{""證券代號"":""5222"",""證券名稱"":""全訊            "",""外陸資買進股數(不含外資自營商)"":""20,000"",""外陸資賣出股數(不含外資自營商)"":""28,105"",""外陸資買賣超股數(不含外資自營商)"":""-8,105"",""外資自營商買進股數"":""0"",""外資自營商賣出股數"":""0"",""外資自營商買賣超股數"":""0"",""投信買進股數"":""0"",""投信賣出股數"":""0"",""投信買賣超股數"":""0"",""自營商買賣超股數"":""-44"",""自營商買進股數(自行買賣)"":""0"",""自營商賣出股數(自行買賣)"":""0"",""自營商買賣超股數(自行買賣)"":""0"",""自營商買進股數(避險)"":""3,000"",""自營商賣出股數(避險)"":""3,044"",""自營商買賣超股數(避險)"":""-44"",""三大法人買賣超股數"":""-8,149""}"
2026-09-24,TWSE,4551,智伸科          ,311000,324253,-13253,0,0,0,22820,16761,5043,"{""證券代號"":""4551"",""證券名稱"":""智伸科          "",""外陸資買進股數(不含外資自營商)"":""311,000"",""外陸資賣出股數(不含外資自營商)"":""324,253"",""外陸資買賣超股數(不含外資自營商)"":""-13,253"",""外資自營商買進股數"":""0"",""外資自營商賣出股數"":""0"",""外資自營商買賣超股數"":""0"",""投信買進股數"":""0"",""投信賣出股數"":""0"",""投信買賣超股數"":""0"",""自營商買賣超股數"":""5,043"",""自營商買進股數(自行買賣)"":""0"",""自營商賣出股數(自行買賣)"":""1,016"",""自營商買賣超股數(自行買賣)"":""-1,016"",""自營商買進股數(避險)"":""22,820"",""自營商賣出股數(避險)"":""16,761"",""自營商買賣超股數(避險)"":""6,059"",""三大法人買賣超股數"":""-8,210""}"
2026-09-24,TWSE,2537,聯上發          ,34420,43000,-8580,0,0,0,0,0,0,"{""證券代號"":""2537"",""證券名稱"":""聯上發          "",""外陸資買進股數(不含外資自營商)"":""34,420"",""外陸資賣出股數(不含外資自營商)"":""43,000"",""外陸資買賣超股數(不含外資自營商)"":""-8,580"",""外資自營商買進股數"":""0"",""外資自營商賣出股數"":""0"",""外資自營商買賣超股數"":""0"",""投信買進股數"":""0"",""投信賣出股數"":""0"",""投信買賣超股數"":""0"",""自營商買賣超股數"":""0"",""自營商買進股數(自行買賣)"":""0"",""自營商賣出股數(自行買賣)"":""0"",""自營商買賣超股數(自行買賣)"":""0"",""自營商買進股數(避險)"":""0"",""自營商賣出股數(避險)"":""0"",""自營商買賣超股數(避險)"":""0"",""三大法人買賣超股數"":""-8,580""}"
2026-09-24,TWSE,4585,達明            ,8000,18000,-10000,0,0,0,2000,899,1101,"{""證券代號"":""4585"",""證券名稱"":""達明            "",""外陸資買進股數(不含外資自營商)"":""8,000"",""外陸資賣出股數(不含外資自營商)"":""18,000"",""外陸資買賣超股數(不含外資自營商)"":""-10,000"",""外資自營商買進股數"":""0"",""外資自營商賣出股數"":""0"",""外資自營商買賣超股數"":""0"",""投信買進股數"":""0"",""投信賣出股數"":""0"",""投信買賣超股數"":""0"",""自營商買賣超股數"":""1,101"",""自營商買進股數(自行買賣)"":""0"",""自營商賣出股數(自行買賣)"":""0"",""自營商買賣超股數(自行買賣)"":""0"",""自營商買進股數(避險)"":""2,000"",""自營商賣出股數(避險)"":""899"",""自營商買賣超股數(避險)"":""1,101"",""三大法人買賣超股數"":""-8,899""}"
2026-09-24,TWSE,5244,弘凱            ,27000,36000,-9000,0,0,0,0,0,0,"{""證券代號"":""5244"",""證券名稱"":""弘凱            "",""外陸資買進股數(不含外資自營商)"":""27,000"",""外陸資賣出股數(不含外資自營商)"":""36,000"",""外陸資買賣超股數(不含外資自營商)"":""-9,000"",""外資自營商買進股數"":""0"",""外資自營商賣出股數"":""0"",""外資自營商買賣超股數"":""0"",""投信買進股數"":""0"",""投信賣出股數"":""0"",""投信買賣超股數"":""0"",""自營商買賣超股數"":""0"",""自營商買進股數(自行買賣)"":""0"",""自營商賣出股數(自行買賣)"":""0"",""自營商買賣超股數(自行買賣)"":""0"",""自營商買進股數(避險)"":""0"",""自營商賣出股數(避險)"":""0"",""自營商買賣超股數(避險)"":""0"",""三大法人買賣超股數"":""-9,000""}"
2026-09-24,TWSE,2911,麗嬰房          ,1000,10000,-9000,0,0,0,0,0,0,"{""證券代號"":""2911"",""證券名稱"":""麗嬰房          "",""外陸資買進股數(不含外資自營商)"":""1,000"",""外陸資賣出股數(不含外資自營商)"":""10,000"",""外陸資買賣超股數(不含外資自營商)"":""-9,000"",""外資自營商買進股數"":""0"",""外資自營商賣出股數"":""0"",""外資自營商買賣超股數"":""0"",""投信買進股數"":""0"",""投信賣出股數"":""0"",""投信買賣超股數"":""0"",""自營商買賣超股數"":""0"",""自營商買進股數(自行買賣)"":""0"",""自營商賣出股數(自行買賣)"":""0"",""自營商買賣超股數(自行買賣)"":""0"",""自營商買進股數(避險)"":""0"",""自營商賣出股數(避險)"":""0"",""自營商買賣超股數(避險)"":""0"",""三大法人買賣超股數"":""-9,000""}"
2026-09-24,TWSE,9906,欣巴巴          ,7000,16000,-9000,0,0,0,0,0,0,"{""證券代號"":""9906"",""證券名稱"":""欣巴巴          "",""外陸資買進股數(不含外資自營商)"":""7,000"",""外陸資賣出股數(不含外資自營商)"":""16,000"",""外陸資買賣超股數(不含外資自營商)"":""-9,000"",""外資自營商買進股數"":""0"",""外資自營商賣出股數"":""0"",""外資自營商買賣超股數"":""0"",""投信買進股數"":""0"",""投信賣出股數"":""0"",""投信買賣超股數"":""0"",""自營商買賣超股數"":""0"",""自營商買進股數(自行買賣)"":""0"",""自營商賣出股數(自行買賣)"":""0"",""自營商買賣超股數(自行買賣)"":""0"",""自營商買進股數(避險)"":""0"",""自營商賣出股數(避險)"":""0"",""自營商買賣超股數(避險)"":""0"",""三大法人買賣超股數"":""-9,000""}"
2026-09-24,TWSE,1323,永裕            ,0,7000,-7000,0,0,0,0,0,-2000,"{""證券代號"":""1323"",""證券名稱"":""永裕            "",""外陸資買進股數(不含外資自營商)"":""0"",""外陸資賣出股數(不含外資自營商)"":""7,000"",""外陸資買賣超股數(不含外資自營商)"":""-7,000"",""外資自營商買進股數"":""0"",""外資自營商賣出股數"":""0"",""外資自營商買賣超股數"":""0"",""投信買進股數"":""0"",""投信賣出股數"":""0"",""投信買賣超股數"":""0"",""自營商買賣超股數"":""-2,000"",""自營商買進股數(自行買賣)"":""0"",""自營商賣出股數(自行買賣)"":""2,000"",""自營商買賣超股數(自行買賣)"":""-2,000"",""自營商買進股數(避險)"":""0"",""自營商賣出股數(避險)"":""0"",""自營商買賣超股數(避險)"":""0"",""三大法人買賣超股數"":""-9,000""}"
2026-09-24,TWSE,2432,倚天酷碁-創     ,0,2000,-2000,0,0,0,0,7000,-7000,"{""證券代號"":""2432"",""證券名稱"":""倚天酷碁-創     "",""外陸資買進股數(不含外資自營商)"":""0"",""外陸資賣出股數(不含外資自營商)"":""2,000"",""外陸資買賣超股數(不含外資自營商)"":""-2,000"",""外資自營商買進股數"":""0"",""外資自營商賣出股數"":""0"",""外資自營商買賣超股數"":""0"",""投信買進股數"":""0"",""投信賣出股數"":""0"",""投信買賣超股數"":""0"",""自營商買賣超股數"":""-7,000"",""自營商買進股數(自行買賣)"":""0"",""自營商賣出股數(自行買賣)"":""0"",""自營商買賣超股數(自行買賣)"":""0"",""自營商買進股數(避險)"":""0"",""自營商賣出股數(避險)"":""7,000"",""自營商買賣超股數(避險)"":""-7,000"",""三大法人買賣超股數"":""-9,000""}"
2026-09-24,TWSE,1234,黑松            ,7000,16000,-9000,0,0,0,0,1,-1,"{""證券代號"":""1234"",""證券名稱"":""黑松            "",""外陸資買進股數(不含外資自營商)"":""7,000"",""外陸資賣出股數(不含外資自營商)"":""16,000"",""外陸資買賣超股數(不含外資自營商)"":""-9,000"",""外資自營商買進股數"":""0"",""外資自營商賣出股數"":""0"",""外資自營商買賣超股數"":""0"",""投信買進股數"":""0"",""投信賣出股數"":""0"",""投信買賣超股數"":""0"",""自營商買賣超股數"":""-1"",""自營商買進股數(自行買賣)"":""0"",""自營商賣出股數(自行買賣)"":""0"",""自營商買賣超股數(自行買賣)"":""0"",""自營商買進股數(避險)"":""0"",""自營商賣出股數(避險)"":""1"",""自營商買賣超股數(避險)"":""-1"",""三大法人買賣超股數"":""-9,001""}"
2026-09-24,TWSE,2227,裕日車          ,0,9044,-9044,0,0,0,0,0,0,"{""證券代號"":""2227"",""證券名稱"":""裕日車          "",""外陸資買進股數(不含外資自營商)"":""0"",""外陸資賣出股數(不含外資自營商)"":""9,044"",""外陸資買賣超股數(不含外資自營商)"":""-9,044"",""外資自營商買進股數"":""0"",""外資自營商賣出股數"":""0"",""外資自營商買賣超股數"":""0"",""投信買進股數"":""0"",""投信賣出股數"":""0"",""投信買賣超股數"":""0"",""自營商買賣超股數"":""0"",""自營商買進股數(自行買賣)"":""0"",""自營商賣出股數(自行買賣)"":""0"",""自營商買賣超股數(自行買賣)"":""0"",""自營商買進股數(避險)"":""0"",""自營商賣出股數(避險)"":""0"",""自營商買賣超股數(避險)"":""0"",""三大法人買賣超股數"":""-9,044""}"
2026-09-24,TWSE,2390,云辰            ,22000,31394,-9394,0,0,0,0,0,0,"{""證券代號"":""2390"",""證券名稱"":""云辰            "",""外陸資買進股數(不含外資自營商)"":""22,000"",""外陸資賣出股數(不含外資自營商)"":""31,394"",""外陸資買賣超股數(不含外資自營商)"":""-9,394"",""外資自營商買進股數"":""0"",""外資自營商賣出股數"":""0"",""外資自營商買賣超股數"":""0"",""投信買進股數"":""0"",""投信賣出股數"":""0"",""投信買賣超股數"":""0"",""自營商買賣超股數"":""0"",""自營商買進股數(自行買賣)"":""0"",""自營商賣出股數(自行買賣)"":""0"",""自營商買賣超股數(自行買賣)"":""0"",""自營商買進股數(避險)"":""0"",""自營商賣出股數(避險)"":""0"",""自營商買賣超股數(避險)"":""0"",""三大法人買賣超股數"":""-9,394""}"
2026-09-24,TWSE,2440,太空梭          ,23000,33000,-10000,0,0,0,0,0,0,"{""證券代號"":""2440"",""證券名稱"":""太空梭          "",""外陸資買進股數(不含外資自營商)"":""23,000"",""外陸資賣出股數(不含外資自營商)"":""33,000"",""外陸資買賣超股數(不含外資自營商)"":""-10,000"",""外資自營商買進股數"":""0"",""外資自營商賣出股數"":""0"",""外資自營商買賣超股數"":""0"",""投信買進股數"":""0"",""投信賣出股數"":""0"",""投信買賣超股數"":""0"",""自營商買賣超股數"":""0"",""自營商買進股數(自行買賣)"":""0"",""自營商賣出股數(自行買賣)"":""0"",""自營商買賣超股數(自行買賣)"":""0"",""自營商買進股數(避險)"":""0"",""自營商賣出股數(避險)"":""0"",""自營商買賣超股數(避險)"":""0"",""三大法人買賣超股數"":""-10,000""}"
2026-09-24,TWSE,1474,弘裕            ,2000,12000,-10000,0,0,0,0,0,0,"{""證券代號"":""1474"",""證券名稱"":""弘裕            "",""外陸資買進股數(不含外資自營商)"":""2,000"",""外陸資賣出股數(不含外資自營商)"":""12,000"",""外陸資買賣超股數(不含外資自營商)"":""-10,000"",""外資自營商買進股數"":""0"",""外資自營商賣出股數"":""0"",""外資自營商買賣超股數"":""0"",""投信買進股數"":""0"",""投信賣出股數"":""0"",""投信買賣超股數"":""0"",""自營商買賣超股數"":""0"",""自營商買進股數(自行買賣)"":""0"",""自營商賣出股數(自行買賣)"":""0"",""自營商買賣超股數(自行買賣)"":""0"",""自營商買進股數(避險)"":""0"",""自營商賣出股數(避險)"":""0"",""自營商買賣超股數(避險)"":""0"",""三大法人買賣超股數"":""-10,000""}"
2026-09-24,TWSE,6230,尼得科超眾      ,12000,22000,-10000,0,0,0,0,0,0,"{""證券代號"":""6230"",""證券名稱"":""尼得科超眾      "",""外陸資買進股數(不含外資自營商)"":""12,000"",""外陸資賣出股數(不含外資自營商)"":""22,000"",""外陸資買賣超股數(不含外資自營商)"":""-10,000"",""外資自營商買進股數"":""0"",""外資自營商賣出股數"":""0"",""外資自營商買賣超股數"":""0"",""投信買進股數"":""0"",""投信賣出股數"":""0"",""投信買賣超股數"":""0"",""自營商買賣超股數"":""0"",""自營商買進股數(自行買賣)"":""0"",""自營商賣出股數(自行買賣)"":""0"",""自營商買賣超股數(自行買賣)"":""0"",""自營商買進股數(避險)"":""0"",""自營商賣出股數(避險)"":""0"",""自營商買賣超股數(避險)"":""0"",""三大法人買賣超股數"":""-10,000""}"
2026-09-24,TWSE,3432,台端            ,1000,11000,-10000,0,0,0,0,0,0,"{""證券代號"":""3432"",""證券名稱"":""台端            "",""外陸資買進股數(不含外資自營商)"":""1,000"",""外陸資賣出股數(不含外資自營商)"":""11,000"",""外陸資買賣超股數(不含外資自營商)"":""-10,000"",""外資自營商買進股數"":""0"",""外資自營商賣出股數"":""0"",""外資自營商買賣超股數"":""0"",""投信買進股數"":""0"",""投信賣出股數"":""0"",""投信買賣超股數"":""0"",""自營商買賣超股數"":""0"",""自營商買進股數(自行買賣)"":""0"",""自營商賣出股數(自行買賣)"":""0"",""自營商買賣超股數(自行買賣)"":""0"",""自營商買進股數(避險)"":""0"",""自營商賣出股數(避險)"":""0"",""自營商買賣超股數(避險)"":""0"",""三大法人買賣超股數"":""-10,000""}"
2026-09-24,TWSE,4807,日成-KY         ,15000,28000,-13000,0,0,0,0,0,3000,"{""證券代號"":""4807"",""證券名稱"":""日成-KY         "",""外陸資買進股數(不含外資自營商)"":""15,000"",""外陸資賣出股數(不含外資自營商)"":""28,000"",""外陸資買賣超股數(不含外資自營商)"":""-13,000"",""外資自營商買進股數"":""0"",""外資自營商賣出股數"":""0"",""外資自營商買賣超股數"":""0"",""投信買進股數"":""0"",""投信賣出股數"":""0"",""投信買賣超股數"":""0"",""自營商買賣超股數"":""3,000"",""自營商買進股數(自行買賣)"":""3,000"",""自營商賣出股數(自行買賣)"":""0"",""自營商買賣超股數(自行買賣)"":""3,000"",""自營商買進股數(避險)"":""0"",""自營商賣出股數(避險)"":""0"",""自營商買賣超股數(避險)"":""0"",""三大法人買賣超股數"":""-10,000""}"
2026-09-24,TWSE,4552,力達-KY         ,12000,22000,-10000,0,0,0,0,0,0,"{""證券代號"":""4552"",""證券名稱"":""力達-KY         "",""外陸資買進股數(不含外資自營商)"":""12,000"",""外陸資賣出股數(不含外資自營商)"":""22,000"",""外陸資買賣超股數(不含外資自營商)"":""-10,000"",""外資自營商買進股數"":""0"",""外資自營商賣出股數"":""0"",""外資自營商買賣超股數"":""0"",""投信買進股數"":""0"",""投信賣出股數"":""0"",""投信買賣超股數"":""0"",""自營商買賣超股數"":""0"",""自營商買進股數(自行買賣)"":""0"",""自營商賣出股數(自行買賣)"":""0"",""自營商買賣超股數(自行買賣)"":""0"",""自營商買進股數(避險)"":""0"",""自營商賣出股數(避險)"":""0"",""自營商買賣超股數(避險)"":""0"",""三大法人買賣超股數"":""-10,000""}"
2026-09-24,TWSE,4440,宜新實業        ,1000,7000,-6000,0,0,0,0,0,-4000,"{""證券代號"":""4440"",""證券名稱"":""宜新實業        "",""外陸資買進股數(不含外資自營商)"":""1,000"",""外陸資賣出股數(不含外資自營商)"":""7,000"",""外陸資買賣超股數(不含外資自營商)"":""-6,000"",""外資自營商買進股數"":""0"",""外資自營商賣出股數"":""0"",""外資自營商買賣超股數"":""0"",""投信買進股數"":""0"",""投信賣出股數"":""0"",""投信買賣超股數"":""0"",""自營商買賣超股數"":""-4,000"",""自營商買進股數(自行買賣)"":""0"",""自營商賣出股數(自行買賣)"":""4,000"",""自營商買賣超股數(自行買賣)"":""-4,000"",""自營商買進股數(避險)"":""0"",""自營商賣出股數(避險)"":""0"",""自營商買賣超股數(避險)"":""0"",""三大法人買賣超股數"":""-10,000""}"
2026-09-24,TWSE,6582,申豐            ,2000,9000,-7000,0,0,0,0,0,-3000,"{""證券代號"":""6582"",""證券名稱"":""申豐            "",""外陸資買進股數(不含外資自營商)"":""2,000"",""外陸資賣出股數(不含外資自營商)"":""9,000"",""外陸資買賣超股數(不含外資自營商)"":""-7,000"",""外資自營商買進股數"":""0"",""外資自營商賣出股數"":""0"",""外資自營商買賣超股數"":""0"",""投信買進股數"":""0"",""投信賣出股數"":""0"",""投信買賣超股數"":""0"",""自營商買賣超股數"":""-3,000"",""自營商買進股數(自行買賣)"":""0"",""自營商賣出股數(自行買賣)"":""3,000"",""自營商買賣超股數(自行買賣)"":""-3,000"",""自營商買進股數(避險)"":""0"",""自營商賣出股數(避險)"":""0"",""自營商買賣超股數(避險)"":""0"",""三大法人買賣超股數"":""-10,000""}"
2026-09-24,TWSE,3652,精聯            ,32000,39000,-7000,0,0,0,0,0,-4000,"{""證券代號"":""3652"",""證券名稱"":""精聯            "",""外陸資買進股數(不含外資自營商)"":""32,000"",""外陸資賣出股數(不含外資自營商)"":""39,000"",""外陸資買賣超股數(不含外資自營商)"":""-7,000"",""外資自營商買進股數"":""0"",""外資自營商賣出股數"":""0"",""外資自營商買賣超股數"":""0"",""投信買進股數"":""0"",""投信賣出股數"":""0"",""投信買賣超股數"":""0"",""自營商買賣超股數"":""-4,000"",""自營商買進股數(自行買賣)"":""2,000"",""自營商賣出股數(自行買賣)"":""6,000"",""自營商買賣超股數(自行買賣)"":""-4,000"",""自營商買進股數(避險)"":""0"",""自營商賣出股數(避險)"":""0"",""自營商買賣超股數(避險)"":""0"",""三大法人買賣超股數"":""-11,000""}"
2026-09-24,TWSE,6947,台鎔科技        ,9000,20000,-11000,0,0,0,0,0,0,"{""證券代號"":""6947"",""證券名稱"":""台鎔科技        "",""外陸資買進股數(不含外資自營商)"":""9,000"",""外陸資賣出股數(不含外資自營商)"":""20,000"",""外陸資買賣超股數(不含外資自營商)"":""-11,000"",""外資自營商買進股數"":""0"",""外資自營商賣出股數"":""0"",""外資自營商買賣超股數"":""0"",""投信買進股數"":""0"",""投信賣出股數"":""0"",""投信買賣超股數"":""0"",""自營商買賣超股數"":""0"",""自營商買進股數(自行買賣)"":""0"",""自營商賣出股數(自行買賣)"":""0"",""自營商買賣超股數(自行買賣)"":""0"",""自營商買進股數(避險)"":""0"",""自營商賣出股數(避險)"":""0"",""自營商買賣超股數(避險)"":""0"",""三大法人買賣超股數"":""-11,000""}"
2026-09-24,TWSE,1906,寶隆            ,5000,14000,-9000,0,0,0,0,0,-2000,"{""證券代號"":""1906"",""證券名稱"":""寶隆            "",""外陸資買進股數(不含外資自營商)"":""5,000"",""外陸資賣出股數(不含外資自營商)"":""14,000"",""外陸資買賣超股數(不含外資自營商)"":""-9,000"",""外資自營商買進股數"":""0"",""外資自營商賣出股數"":""0"",""外資自營商買賣超股數"":""0"",""投信買進股數"":""0"",""投信賣出股數"":""0"",""投信買賣超股數"":""0"",""自營商買賣超股數"":""-2,000"",""自營商買進股數(自行買賣)"":""0"",""自營商賣出股數(自行買賣)"":""2,000"",""自營商買賣超股數(自行買賣)"":""-2,000"",""自營商買進股數(避險)"":""0"",""自營商賣出股數(避險)"":""0"",""自營商買賣超股數(避險)"":""0"",""三大法人買賣超股數"":""-11,000""}"
2026-09-24,TWSE,1236,宏亞            ,3000,14000,-11000,0,0,0,0,0,0,"{""證券代號"":""1236"",""證券名稱"":""宏亞            "",""外陸資買進股數(不含外資自營商)"":""3,000"",""外陸資賣出股數(不含外資自營商)"":""14,000"",""外陸資買賣超股數(不含外資自營商)"":""-11,000"",""外資自營商買進股數"":""0"",""外資自營商賣出股數"":""0"",""外資自營商買賣超股數"":""0"",""投信買進股數"":""0"",""投信賣出股數"":""0"",""投信買賣超股數"":""0"",""自營商買賣超股數"":""0"",""自營商買進股數(自行買賣)"":""0"",""自營商賣出股數(自行買賣)"":""0"",""自營商買賣超股數(自行買賣)"":""0"",""自營商買進股數(避險)"":""0"",""自營商賣出股數(避險)"":""0"",""自營商買賣超股數(避險)"":""0"",""三大法人買賣超股數"":""-11,000""}"
2026-09-24,TWSE,4562,穎漢            ,11000,22000,-11000,0,0,0,0,0,-238,"{""證券代號"":""4562"",""證券名稱"":""穎漢            "",""外陸資買進股數(不含外資自營商)"":""11,000"",""外陸資賣出股數(不含外資自營商)"":""22,000"",""外陸資買賣超股數(不含外資自營商)"":""-11,000"",""外資自營商買進股數"":""0"",""外資自營商賣出股數"":""0"",""外資自營商買賣超股數"":""0"",""投信買進股數"":""0"",""投信賣出股數"":""0"",""投信買賣超股數"":""0"",""自營商買賣超股數"":""-238"",""自營商買進股數(自行買賣)"":""0"",""自營商賣出股數(自行買賣)"":""238"",""自營商買賣超股數(自行買賣)"":""-238"",""自營商買進股數(避險)"":""0"",""自營商賣出股數(避險)"":""0"",""自營商買賣超股數(避險)"":""0"",""三大法人買賣超股數"":""-11,238""}"
2026-09-24,TWSE,5007,三星            ,3000,15000,-12000,0,0,0,0,0,0,"{""證券代號"":""5007"",""證券名稱"":""三星            "",""外陸資買進股數(不含外資自營商)"":""3,000"",""外陸資賣出股數(不含外資自營商)"":""15,000"",""外陸資買賣超股數(不含外資自營商)"":""-12,000"",""外資自營商買進股數"":""0"",""外資自營商賣出股數"":""0"",""外資自營商買賣超股數"":""0"",""投信買進股數"":""0"",""投信賣出股數"":""0"",""投信買賣超股數"":""0"",""自營商買賣超股數"":""0"",""自營商買進股數(自行買賣)"":""0"",""自營商賣出股數(自行買賣)"":""0"",""自營商買賣超股數(自行買賣)"":""0"",""自營商買進股數(避險)"":""0"",""自營商賣出股數(避險)"":""0"",""自營商買賣超股數(避險)"":""0"",""三大法人買賣超股數"":""-12,000""}"
2026-09-24,TWSE,5292,華懋            ,3000,7000,-4000,0,0,0,0,8000,-8000,"{""證券代號"":""5292"",""證券名稱"":""華懋            "",""外陸資買進股數(不含外資自營商)"":""3,000"",""外陸資賣出股數(不含外資自營商)"":""7,000"",""外陸資買賣超股數(不含外資自營商)"":""-4,000"",""外資自營商買進股數"":""0"",""外資自營商賣出股數"":""0"",""外資自營商買賣超股數"":""0"",""投信買進股數"":""0"",""投信賣出股數"":""0"",""投信買賣超股數"":""0"",""自營商買賣超股數"":""-8,000"",""自營商買進股數(自行買賣)"":""0"",""自營商賣出股數(自行買賣)"":""0"",""自營商買賣超股數(自行買賣)"":""0"",""自營商買進股數(避險)"":""0"",""自營商賣出股數(避險)"":""8,000"",""自營商買賣超股數(避險)"":""-8,000"",""三大法人買賣超股數"":""-12,000""}"
2026-09-24,TWSE,5533,皇鼎            ,4000,16000,-12000,0,0,0,0,0,0,"{""證券代號"":""5533"",""證券名稱"":""皇鼎            "",""外陸資買進股數(不含外資自營商)"":""4,000"",""外陸資賣出股數(不含外資自營商)"":""16,000"",""外陸資買賣超股數(不含外資自營商)"":""-12,000"",""外資自營商買進股數"":""0"",""外資自營商賣出股數"":""0"",""外資自營商買賣超股數"":""0"",""投信買進股數"":""0"",""投信賣出股數"":""0"",""投信買賣超股數"":""0"",""自營商買賣超股數"":""0"",""自營商買進股數(自行買賣)"":""0"",""自營商賣出股數(自行買賣)"":""0"",""自營商買賣超股數(自行買賣)"":""0"",""自營商買進股數(避險)"":""0"",""自營商賣出股數(避險)"":""0"",""自營商買賣超股數(避險)"":""0"",""三大法人買賣超股數"":""-12,000""}"
2026-09-24,TWSE,2704,國賓            ,5000,17000,-12000,0,0,0,0,0,0,"{""證券代號"":""2704"",""證券名稱"":""國賓            "",""外陸資買進股數(不含外資自營商)"":""5,000"",""外陸資賣出股數(不含外資自營商)"":""17,000"",""外陸資買賣超股數(不含外資自營商)"":""-12,000"",""外資自營商買進股數"":""0"",""外資自營商賣出股數"":""0"",""外資自營商買賣超股數"":""0"",""投信買進股數"":""0"",""投信賣出股數"":""0"",""投信買賣超股數"":""0"",""自營商買賣超股數"":""0"",""自營商買進股數(自行買賣)"":""0"",""自營商賣出股數(自行買賣)"":""0"",""自營商買賣超股數(自行買賣)"":""0"",""自營商買進股數(避險)"":""0"",""自營商賣出股數(避險)"":""0"",""自營商買賣超股數(避險)"":""0"",""三大法人買賣超股數"":""-12,000""}"
2026-09-24,TWSE,2706,第一店          ,0,12000,-12000,0,0,0,0,0,0,"{""證券代號"":""2706"",""證券名稱"":""第一店          "",""外陸資買進股數(不含外資自營商)"":""0"",""外陸資賣出股數(不含外資自營商)"":""12,000"",""外陸資買賣超股數(不含外資自營商)"":""-12,000"",""外資自營商買進股數"":""0"",""外資自營商賣出股數"":""0"",""外資自營商買賣超股數"":""0"",""投信買進股數"":""0"",""投信賣出股數"":""0"",""投信買賣超股數"":""0"",""自營商買賣超股數"":""0"",""自營商買進股數(自行買賣)"":""0"",""自營商賣出股數(自行買賣)"":""0"",""自營商買賣超股數(自行買賣)"":""0"",""自營商買進股數(避險)"":""0"",""自營商賣出股數(避險)"":""0"",""自營商買賣超股數(避險)"":""0"",""三大法人買賣超股數"":""-12,000""}"
2026-09-24,TWSE,8488,吉源-KY         ,178000,194000,-16000,0,0,0,0,0,4000,"{""證券代號"":""8488"",""證券名稱"":""吉源-KY         "",""外陸資買進股數(不含外資自營商)"":""178,000"",""外陸資賣出股數(不含外資自營商)"":""194,000"",""外陸資買賣超股數(不含外資自營商)"":""-16,000"",""外資自營商買進股數"":""0"",""外資自營商賣出股數"":""0"",""外資自營商買賣超股數"":""0"",""投信買進股數"":""0"",""投信賣出股數"":""0"",""投信買賣超股數"":""0"",""自營商買賣超股數"":""4,000"",""自營商買進股數(自行買賣)"":""4,000"",""自營商賣出股數(自行買賣)"":""0"",""自營商買賣超股數(自行買賣)"":""4,000"",""自營商買進股數(避險)"":""0"",""自營商賣出股數(避險)"":""0"",""自營商買賣超股數(避險)"":""0"",""三大法人買賣超股數"":""-12,000""}"
2026-09-24,TWSE,1517,利奇            ,25000,37000,-12000,0,0,0,0,0,-18,"{""證券代號"":""1517"",""證券名稱"":""利奇            "",""外陸資買進股數(不含外資自營商)"":""25,000"",""外陸資賣出股數(不含外資自營商)"":""37,000"",""外陸資買賣超股數(不含外資自營商)"":""-12,000"",""外資自營商買進股數"":""0"",""外資自營商賣出股數"":""0"",""外資自營商買賣超股數"":""0"",""投信買進股數"":""0"",""投信賣出股數"":""0"",""投信買賣超股數"":""0"",""自營商買賣超股數"":""-18"",""自營商買進股數(自行買賣)"":""0"",""自營商賣出股數(自行買賣)"":""18"",""自營商買賣超股數(自行買賣)"":""-18"",""自營商買進股數(避險)"":""0"",""自營商賣出股數(避險)"":""0"",""自營商買賣超股數(避險)"":""0"",""三大法人買賣超股數"":""-12,018""}"
2026-09-24,TWSE,1603,華電            ,31000,44000,-13000,0,0,0,0,0,0,"{""證券代號"":""1603"",""證券名稱"":""華電            "",""外陸資買進股數(不含外資自營商)"":""31,000"",""外陸資賣出股數(不含外資自營商)"":""44,000"",""外陸資買賣超股數(不含外資自營商)"":""-13,000"",""外資自營商買進股數"":""0"",""外資自營商賣出股數"":""0"",""外資自營商買賣超股數"":""0"",""投信買進股數"":""0"",""投信賣出股數"":""0"",""投信買賣超股數"":""0"",""自營商買賣超股數"":""0"",""自營商買進股數(自行買賣)"":""0"",""自營商賣出股數(自行買賣)"":""0"",""自營商買賣超股數(自行買賣)"":""0"",""自營商買進股數(避險)"":""0"",""自營商賣出股數(避險)"":""0"",""自營商買賣超股數(避險)"":""0"",""三大法人買賣超股數"":""-13,000""}"
2026-09-24,TWSE,2228,劍麟            ,8000,21000,-13000,0,0,0,0,0,0,"{""證券代號"":""2228"",""證券名稱"":""劍麟            "",""外陸資買進股數(不含外資自營商)"":""8,000"",""外陸資賣出股數(不含外資自營商)"":""21,000"",""外陸資買賣超股數(不含外資自營商)"":""-13,000"",""外資自營商買進股數"":""0"",""外資自營商賣出股數"":""0"",""外資自營商買賣超股數"":""0"",""投信買進股數"":""0"",""投信賣出股數"":""0"",""投信買賣超股數"":""0"",""自營商買賣超股數"":""0"",""自營商買進股數(自行買賣)"":""0"",""自營商賣出股數(自行買賣)"":""0"",""自營商買賣超股數(自行買賣)"":""0"",""自營商買進股數(避險)"":""0"",""自營商賣出股數(避險)"":""0"",""自營商買賣超股數(避險)"":""0"",""三大法人買賣超股數"":""-13,000""}"
2026-09-24,TWSE,2616,山隆            ,2000,15000,-13000,0,0,0,0,0,0,"{""證券代號"":""2616"",""證券名稱"":""山隆            "",""外陸資買進股數(不含外資自營商)"":""2,000"",""外陸資賣出股數(不含外資自營商)"":""15,000"",""外陸資買賣超股數(不含外資自營商)"":""-13,000"",""外資自營商買進股數"":""0"",""外資自營商賣出股數"":""0"",""外資自營商買賣超股數"":""0"",""投信買進股數"":""0"",""投信賣出股數"":""0"",""投信買賣超股數"":""0"",""自營商買賣超股數"":""0"",""自營商買進股數(自行買賣)"":""0"",""自營商賣出股數(自行買賣)"":""0"",""自營商買賣超股數(自行買賣)"":""0"",""自營商買進股數(避險)"":""0"",""自營商賣出股數(避險)"":""0"",""自營商買賣超股數(避險)"":""0"",""三大法人買賣超股數"":""-13,000""}"
2026-09-24,TWSE,1256,鮮活果汁-KY     ,9000,17000,-8000,0,0,0,0,0,-5000,"{""證券代號"":""1256"",""證券名稱"":""鮮活果汁-KY     "",""外陸資買進股數(不含外資自營商)"":""9,000"",""外陸資賣出股數(不含外資自營商)"":""17,000"",""外陸資買賣超股數(不含外資自營商)"":""-8,000"",""外資自營商買進股數"":""0"",""外資自營商賣出股數"":""0"",""外資自營商買賣超股數"":""0"",""投信買進股數"":""0"",""投信賣出股數"":""0"",""投信買賣超股數"":""0"",""自營商買賣超股數"":""-5,000"",""自營商買進股數(自行買賣)"":""0"",""自營商賣出股數(自行買賣)"":""5,000"",""自營商買賣超股數(自行買賣)"":""-5,000"",""自營商買進股數(避險)"":""0"",""自營商賣出股數(避險)"":""0"",""自營商買賣超股數(避險)"":""0"",""三大法人買賣超股數"":""-13,000""}"
2026-09-24,TWSE,4178,永笙-KY         ,1000,11000,-10000,0,0,0,0,0,-3000,"{""證券代號"":""4178"",""證券名稱"":""永笙-KY         "",""外陸資買進股數(不含外資自營商)"":""1,000"",""外陸資賣出股數(不含外資自營商)"":""11,000"",""外陸資買賣超股數(不含外資自營商)"":""-10,000"",""外資自營商買進股數"":""0"",""外資自營商賣出股數"":""0"",""外資自營商買賣超股數"":""0"",""投信買進股數"":""0"",""投信賣出股數"":""0"",""投信買賣超股數"":""0"",""自營商買賣超股數"":""-3,000"",""自營商買進股數(自行買賣)"":""0"",""自營商賣出股數(自行買賣)"":""3,000"",""自營商買賣超股數(自行買賣)"":""-3,000"",""自營商買進股數(避險)"":""0"",""自營商賣出股數(避險)"":""0"",""自營商買賣超股數(避險)"":""0"",""三大法人買賣超股數"":""-13,000""}"
2026-09-24,TWSE,8478,東哥遊艇        ,6000,19006,-13006,0,0,0,0,0,0,"{""證券代號"":""8478"",""證券名稱"":""東哥遊艇        "",""外陸資買進股數(不含外資自營商)"":""6,000"",""外陸資賣出股數(不含外資自營商)"":""19,006"",""外陸資買賣超股數(不含外資自營商)"":""-13,006"",""外資自營商買進股數"":""0"",""外資自營商賣出股數"":""0"",""外資自營商買賣超股數"":""0"",""投信買進股數"":""0"",""投信賣出股數"":""0"",""投信買賣超股數"":""0"",""自營商買賣超股數"":""0"",""自營商買進股數(自行買賣)"":""0"",""自營商賣出股數(自行買賣)"":""0"",""自營商買賣超股數(自行買賣)"":""0"",""自營商買進股數(避險)"":""0"",""自營商賣出股數(避險)"":""0"",""自營商買賣超股數(避險)"":""0"",""三大法人買賣超股數"":""-13,006""}"
2026-09-24,TWSE,4720,德淵            ,71000,85000,-14000,0,0,0,0,0,0,"{""證券代號"":""4720"",""證券名稱"":""德淵            "",""外陸資買進股數(不含外資自營商)"":""71,000"",""外陸資賣出股數(不含外資自營商)"":""85,000"",""外陸資買賣超股數(不含外資自營商)"":""-14,000"",""外資自營商買進股數"":""0"",""外資自營商賣出股數"":""0"",""外資自營商買賣超股數"":""0"",""投信買進股數"":""0"",""投信賣出股數"":""0"",""投信買賣超股數"":""0"",""自營商買賣超股數"":""0"",""自營商買進股數(自行買賣)"":""0"",""自營商賣出股數(自行買賣)"":""0"",""自營商買賣超股數(自行買賣)"":""0"",""自營商買進股數(避險)"":""0"",""自營商賣出股數(避險)"":""0"",""自營商買賣超股數(避險)"":""0"",""三大法人買賣超股數"":""-14,000""}"
2026-09-24,TWSE,5538,東明-KY         ,3000,17000,-14000,0,0,0,0,0,0,"{""證券代號"":""5538"",""證券名稱"":""東明-KY         "",""外陸資買進股數(不含外資自營商)"":""3,000"",""外陸資賣出股數(不含外資自營商)"":""17,000"",""外陸資買賣超股數(不含外資自營商)"":""-14,000"",""外資自營商買進股數"":""0"",""外資自營商賣出股數"":""0"",""外資自營商買賣超股數"":""0"",""投信買進股數"":""0"",""投信賣出股數"":""0"",""投信買賣超股數"":""0"",""自營商買賣超股數"":""0"",""自營商買進股數(自行買賣)"":""0"",""自營商賣出股數(自行買賣)"":""0"",""自營商買賣超股數(自行買賣)"":""0"",""自營商買進股數(避險)"":""0"",""自營商賣出股數(避險)"":""0"",""自營商買賣超股數(避險)"":""0"",""三大法人買賣超股數"":""-14,000""}"
2026-09-24,TWSE,3002,歐格            ,54000,68000,-14000,0,0,0,0,0,0,"{""證券代號"":""3002"",""證券名稱"":""歐格            "",""外陸資買進股數(不含外資自營商)"":""54,000"",""外陸資賣出股數(不含外資自營商)"":""68,000"",""外陸資買賣超股數(不含外資自營商)"":""-14,000"",""外資自營商買進股數"":""0"",""外資自營商賣出股數"":""0"",""外資自營商買賣超股數"":""0"",""投信買進股數"":""0"",""投信賣出股數"":""0"",""投信買賣超股數"":""0"",""自營商買賣超股數"":""0"",""自營商買進股數(自行買賣)"":""0"",""自營商賣出股數(自行買賣)"":""0"",""自營商買賣超股數(自行買賣)"":""0"",""自營商買進股數(避險)"":""0"",""自營商賣出股數(避險)"":""0"",""自營商買賣超股數(避險)"":""0"",""三大法人買賣超股數"":""-14,000""}"
2026-09-24,TWSE,3057,喬鼎            ,2000,17000,-15000,0,0,0,0,0,1000,"{""證券代號"":""3057"",""證券名稱"":""喬鼎            "",""外陸資買進股數(不含外資自營商)"":""2,000"",""外陸資賣出股數(不含外資自營商)"":""17,000"",""外陸資買賣超股數(不含外資自營商)"":""-15,000"",""外資自營商買進股數"":""0"",""外資自營商賣出股數"":""0"",""外資自營商買賣超股數"":""0"",""投信買進股數"":""0"",""投信賣出股數"":""0"",""投信買賣超股數"":""0"",""自營商買賣超股數"":""1,000"",""自營商買進股數(自行買賣)"":""1,000"",""自營商賣出股數(自行買賣)"":""0"",""自營商買賣超股數(自行買賣)"":""1,000"",""自營商買進股數(避險)"":""0"",""自營商賣出股數(避險)"":""0"",""自營商買賣超股數(避險)"":""0"",""三大法人買賣超股數"":""-14,000""}"
2026-09-24,TWSE,4555,氣立            ,33000,47000,-14000,0,0,0,0,0,-236,"{""證券代號"":""4555"",""證券名稱"":""氣立            "",""外陸資買進股數(不含外資自營商)"":""33,000"",""外陸資賣出股數(不含外資自營商)"":""47,000"",""外陸資買賣超股數(不含外資自營商)"":""-14,000"",""外資自營商買進股數"":""0"",""外資自營商賣出股數"":""0"",""外資自營商買賣超股數"":""0"",""投信買進股數"":""0"",""投信賣出股數"":""0"",""投信買賣超股數"":""0"",""自營商買賣超股數"":""-236"",""自營商買進股數(自行買賣)"":""0"",""自營商賣出股數(自行買賣)"":""236"",""自營商買賣超股數(自行買賣)"":""-236"",""自營商買進股數(避險)"":""0"",""自營商賣出股數(避險)"":""0"",""自營商買賣超股數(避險)"":""0"",""三大法人買賣超股數"":""-14,236""}"
2026-09-24,TWSE,4108,懷特            ,40000,55000,-15000,0,0,0,0,0,0,"{""證券代號"":""4108"",""證券名稱"":""懷特            "",""外陸資買進股數(不含外資自營商)"":""40,000"",""外陸資賣出股數(不含外資自營商)"":""55,000"",""外陸資買賣超股數(不含外資自營商)"":""-15,000"",""外資自營商買進股數"":""0"",""外資自營商賣出股數"":""0"",""外資自營商買賣超股數"":""0"",""投信買進股數"":""0"",""投信賣出股數"":""0"",""投信買賣超股數"":""0"",""自營商買賣超股數"":""0"",""自營商買進股數(自行買賣)"":""0"",""自營商賣出股數(自行買賣)"":""0"",""自營商買賣超股數(自行買賣)"":""0"",""自營商買進股數(避險)"":""0"",""自營商賣出股數(避險)"":""0"",""自營商買賣超股數(避險)"":""0"",""三大法人買賣超股數"":""-15,000""}"
2026-09-24,TWSE,6923,中台            ,12000,27000,-15000,0,0,0,0,0,0,"{""證券代號"":""6923"",""證券名稱"":""中台            "",""外陸資買進股數(不含外資自營商)"":""12,000"",""外陸資賣出股數(不含外資自營商)"":""27,000"",""外陸資買賣超股數(不含外資自營商)"":""-15,000"",""外資自營商買進股數"":""0"",""外資自營商賣出股數"":""0"",""外資自營商買賣超股數"":""0"",""投信買進股數"":""0"",""投信賣出股數"":""0"",""投信買賣超股數"":""0"",""自營商買賣超股數"":""0"",""自營商買進股數(自行買賣)"":""0"",""自營商賣出股數(自行買賣)"":""0"",""自營商買賣超股數(自行買賣)"":""0"",""自營商買進股數(避險)"":""0"",""自營商賣出股數(避險)"":""0"",""自營商買賣超股數(避險)"":""0"",""三大法人買賣超股數"":""-15,000""}"
2026-09-24,TWSE,2524,京城            ,2000,17000,-15000,0,0,0,0,0,0,"{""證券代號"":""2524"",""證券名稱"":""京城            "",""外陸資買進股數(不含外資自營商)"":""2,000"",""外陸資賣出股數(不含外資自營商)"":""17,000"",""外陸資買賣超股數(不含外資自營商)"":""-15,000"",""外資自營商買進股數"":""0"",""外資自營商賣出股數"":""0"",""外資自營商買賣超股數"":""0"",""投信買進股數"":""0"",""投信賣出股數"":""0"",""投信買賣超股數"":""0"",""自營商買賣超股數"":""0"",""自營商買進股數(自行買賣)"":""0"",""自營商賣出股數(自行買賣)"":""0"",""自營商買賣超股數(自行買賣)"":""0"",""自營商買進股數(避險)"":""0"",""自營商賣出股數(避險)"":""0"",""自營商買賣超股數(避險)"":""0"",""三大法人買賣超股數"":""-15,000""}"
2026-09-24,TWSE,2012,春雨            ,1000,14000,-13000,0,0,0,0,0,-2000,"{""證券代號"":""2012"",""證券名稱"":""春雨            "",""外陸資買進股數(不含外資自營商)"":""1,000"",""外陸資賣出股數(不含外資自營商)"":""14,000"",""外陸資買賣超股數(不含外資自營商)"":""-13,000"",""外資自營商買進股數"":""0"",""外資自營商賣出股數"":""0"",""外資自營商買賣超股數"":""0"",""投信買進股數"":""0"",""投信賣出股數"":""0"",""投信買賣超股數"":""0"",""自營商買賣超股數"":""-2,000"",""自營商買進股數(自行買賣)"":""0"",""自營商賣出股數(自行買賣)"":""2,000"",""自營商買賣超股數(自行買賣)"":""-2,000"",""自營商買進股數(避險)"":""0"",""自營商賣出股數(避險)"":""0"",""自營商買賣超股數(避險)"":""0"",""三大法人買賣超股數"":""-15,000""}"
2026-09-24,TWSE,4106,雃博            ,9000,24000,-15000,0,0,0,0,0,0,"{""證券代號"":""4106"",""證券名稱"":""雃博            "",""外陸資買進股數(不含外資自營商)"":""9,000"",""外陸資賣出股數(不含外資自營商)"":""24,000"",""外陸資買賣超股數(不含外資自營商)"":""-15,000"",""外資自營商買進股數"":""0"",""外資自營商賣出股數"":""0"",""外資自營商買賣超股數"":""0"",""投信買進股數"":""0"",""投信賣出股數"":""0"",""投信買賣超股數"":""0"",""自營商買賣超股數"":""0"",""自營商買進股數(自行買賣)"":""0"",""自營商賣出股數(自行買賣)"":""0"",""自營商買賣超股數(自行買賣)"":""0"",""自營商買進股數(避險)"":""0"",""自營商賣出股數(避險)"":""0"",""自營商買賣超股數(避險)"":""0"",""三大法人買賣超股數"":""-15,000""}"
2026-09-24,TWSE,4438,廣越            ,4000,19000,-15000,0,0,0,0,0,-61,"{""證券代號"":""4438"",""證券名稱"":""廣越            "",""外陸資買進股數(不含外資自營商)"":""4,000"",""外陸資賣出股數(不含外資自營商)"":""19,000"",""外陸資買賣超股數(不含外資自營商)"":""-15,000"",""外資自營商買進股數"":""0"",""外資自營商賣出股數"":""0"",""外資自營商買賣超股數"":""0"",""投信買進股數"":""0"",""投信賣出股數"":""0"",""投信買賣超股數"":""0"",""自營商買賣超股數"":""-61"",""自營商買進股數(自行買賣)"":""0"",""自營商賣出股數(自行買賣)"":""61"",""自營商買賣超股數(自行買賣)"":""-61"",""自營商買進股數(避險)"":""0"",""自營商賣出股數(避險)"":""0"",""自營商買賣超股數(避險)"":""0"",""三大法人買賣超股數"":""-15,061""}"
2026-09-24,TWSE,2484,希華            ,2529310,2517000,12310,0,0,0,35597,65776,-28179,"{""證券代號"":""2484"",""證券名稱"":""希華            "",""外陸資買進股數(不含外資自營商)"":""2,529,310"",""外陸資賣出股數(不含外資自營商)"":""2,517,000"",""外陸資買賣超股數(不含外資自營商)"":""12,310"",""外資自營商買進股數"":""0"",""外資自營商賣出股數"":""0"",""外資自營商買賣超股數"":""0"",""投信買進股數"":""0"",""投信賣出股數"":""0"",""投信買賣超股數"":""0"",""自營商買賣超股數"":""-28,179"",""自營商買進股數(自行買賣)"":""2,000"",""自營商賣出股數(自行買賣)"":""0"",""自營商買賣超股數(自行買賣)"":""2,000"",""自營商買進股數(避險)"":""35,597"",""自營商賣出股數(避險)"":""65,776"",""自營商買賣超股數(避險)"":""-30,179"",""三大法人買賣超股數"":""-15,869""}"
2026-09-24,TWSE,6591,動力-KY         ,40000,56000,-16000,0,0,0,0,0,0,"{""證券代號"":""6591"",""證券名稱"":""動力-KY         "",""外陸資買進股數(不含外資自營商)"":""40,000"",""外陸資賣出股數(不含外資自營商)"":""56,000"",""外陸資買賣超股數(不含外資自營商)"":""-16,000"",""外資自營商買進股數"":""0"",""外資自營商賣出股數"":""0"",""外資自營商買賣超股數"":""0"",""投信買進股數"":""0"",""投信賣出股數"":""0"",""投信買賣超股數"":""0"",""自營商買賣超股數"":""0"",""自營商買進股數(自行買賣)"":""0"",""自營商賣出股數(自行買賣)"":""0"",""自營商買賣超股數(自行買賣)"":""0"",""自營商買進股數(避險)"":""0"",""自營商賣出股數(避險)"":""0"",""自營商買賣超股數(避險)"":""0"",""三大法人買賣超股數"":""-16,000""}"
2026-09-24,TWSE,7812,稜研科技*-創    ,9000,25000,-16000,0,0,0,0,0,0,"{""證券代號"":""7812"",""證券名稱"":""稜研科技*-創    "",""外陸資買進股數(不含外資自營商)"":""9,000"",""外陸資賣出股數(不含外資自營商)"":""25,000"",""外陸資買賣超股數(不含外資自營商)"":""-16,000"",""外資自營商買進股數"":""0"",""外資自營商賣出股數"":""0"",""外資自營商買賣超股數"":""0"",""投信買進股數"":""0"",""投信賣出股數"":""0"",""投信買賣超股數"":""0"",""自營商買賣超股數"":""0"",""自營商買進股數(自行買賣)"":""0"",""自營商賣出股數(自行買賣)"":""0"",""自營商買賣超股數(自行買賣)"":""0"",""自營商買進股數(避險)"":""0"",""自營商賣出股數(避險)"":""0"",""自營商買賣超股數(避險)"":""0"",""三大法人買賣超股數"":""-16,000""}"
2026-09-24,TWSE,6573,虹揚-KY         ,21000,37000,-16000,0,0,0,0,0,0,"{""證券代號"":""6573"",""證券名稱"":""虹揚-KY         "",""外陸資買進股數(不含外資自營商)"":""21,000"",""外陸資賣出股數(不含外資自營商)"":""37,000"",""外陸資買賣超股數(不含外資自營商)"":""-16,000"",""外資自營商買進股數"":""0"",""外資自營商賣出股數"":""0"",""外資自營商買賣超股數"":""0"",""投信買進股數"":""0"",""投信賣出股數"":""0"",""投信買賣超股數"":""0"",""自營商買賣超股數"":""0"",""自營商買進股數(自行買賣)"":""0"",""自營商賣出股數(自行買賣)"":""0"",""自營商買賣超股數(自行買賣)"":""0"",""自營商買進股數(避險)"":""0"",""自營商賣出股數(避險)"":""0"",""自營商買賣超股數(避險)"":""0"",""三大法人買賣超股數"":""-16,000""}"
2026-09-24,TWSE,1540,喬福            ,9000,25000,-16000,0,0,0,0,0,0,"{""證券代號"":""1540"",""證券名稱"":""喬福            "",""外陸資買進股數(不含外資自營商)"":""9,000"",""外陸資賣出股數(不含外資自營商)"":""25,000"",""外陸資買賣超股數(不含外資自營商)"":""-16,000"",""外資自營商買進股數"":""0"",""外資自營商賣出股數"":""0"",""外資自營商買賣超股數"":""0"",""投信買進股數"":""0"",""投信賣出股數"":""0"",""投信買賣超股數"":""0"",""自營商買賣超股數"":""0"",""自營商買進股數(自行買賣)"":""0"",""自營商賣出股數(自行買賣)"":""0"",""自營商買賣超股數(自行買賣)"":""0"",""自營商買進股數(避險)"":""0"",""自營商賣出股數(避險)"":""0"",""自營商買賣超股數(避險)"":""0"",""三大法人買賣超股數"":""-16,000""}"
2026-09-24,TWSE,1452,宏益            ,4000,20003,-16003,0,0,0,0,0,0,"{""證券代號"":""1452"",""證券名稱"":""宏益            "",""外陸資買進股數(不含外資自營商)"":""4,000"",""外陸資賣出股數(不含外資自營商)"":""20,003"",""外陸資買賣超股數(不含外資自營商)"":""-16,003"",""外資自營商買進股數"":""0"",""外資自營商賣出股數"":""0"",""外資自營商買賣超股數"":""0"",""投信買進股數"":""0"",""投信賣出股數"":""0"",""投信買賣超股數"":""0"",""自營商買賣超股數"":""0"",""自營商買進股數(自行買賣)"":""0"",""自營商賣出股數(自行買賣)"":""0"",""自營商買賣超股數(自行買賣)"":""0"",""自營商買進股數(避險)"":""0"",""自營商賣出股數(避險)"":""0"",""自營商買賣超股數(避險)"":""0"",""三大法人買賣超股數"":""-16,003""}"
2026-09-24,TWSE,2102,泰豐            ,217820,234000,-16180,0,0,0,0,0,0,"{""證券代號"":""2102"",""證券名稱"":""泰豐            "",""外陸資買進股數(不含外資自營商)"":""217,820"",""外陸資賣出股數(不含外資自營商)"":""234,000"",""外陸資買賣超股數(不含外資自營商)"":""-16,180"",""外資自營商買進股數"":""0"",""外資自營商賣出股數"":""0"",""外資自營商買賣超股數"":""0"",""投信買進股數"":""0"",""投信賣出股數"":""0"",""投信買賣超股數"":""0"",""自營商買賣超股數"":""0"",""自營商買進股數(自行買賣)"":""0"",""自營商賣出股數(自行買賣)"":""0"",""自營商買賣超股數(自行買賣)"":""0"",""自營商買進股數(避險)"":""0"",""自營商賣出股數(避險)"":""0"",""自營商買賣超股數(避險)"":""0"",""三大法人買賣超股數"":""-16,180""}"
2026-09-24,TWSE,2429,銘旺科          ,13000,30000,-17000,0,0,0,0,0,0,"{""證券代號"":""2429"",""證券名稱"":""銘旺科          "",""外陸資買進股數(不含外資自營商)"":""13,000"",""外陸資賣出股數(不含外資自營商)"":""30,000"",""外陸資買賣超股數(不含外資自營商)"":""-17,000"",""外資自營商買進股數"":""0"",""外資自營商賣出股數"":""0"",""外資自營商買賣超股數"":""0"",""投信買進股數"":""0"",""投信賣出股數"":""0"",""投信買賣超股數"":""0"",""自營商買賣超股數"":""0"",""自營商買進股數(自行買賣)"":""0"",""自營商賣出股數(自行買賣)"":""0"",""自營商買賣超股數(自行買賣)"":""0"",""自營商買進股數(避險)"":""0"",""自營商賣出股數(避險)"":""0"",""自營商買賣超股數(避險)"":""0"",""三大法人買賣超股數"":""-17,000""}"
2026-09-24,TWSE,1218,泰山            ,116000,133000,-17000,0,0,0,0,0,0,"{""證券代號"":""1218"",""證券名稱"":""泰山            "",""外陸資買進股數(不含外資自營商)"":""116,000"",""外陸資賣出股數(不含外資自營商)"":""133,000"",""外陸資買賣超股數(不含外資自營商)"":""-17,000"",""外資自營商買進股數"":""0"",""外資自營商賣出股數"":""0"",""外資自營商買賣超股數"":""0"",""投信買進股數"":""0"",""投信賣出股數"":""0"",""投信買賣超股數"":""0"",""自營商買賣超股數"":""0"",""自營商買進股數(自行買賣)"":""0"",""自營商賣出股數(自行買賣)"":""0"",""自營商買賣超股數(自行買賣)"":""0"",""自營商買進股數(避險)"":""0"",""自營商賣出股數(避險)"":""0"",""自營商買賣超股數(避險)"":""0"",""三大法人買賣超股數"":""-17,000""}"
2026-09-24,TWSE,3130,一零四          ,2000,19000,-17000,0,0,0,0,0,0,"{""證券代號"":""3130"",""證券名稱"":""一零四          "",""外陸資買進股數(不含外資自營商)"":""2,000"",""外陸資賣出股數(不含外資自營商)"":""19,000"",""外陸資買賣超股數(不含外資自營商)"":""-17,000"",""外資自營商買進股數"":""0"",""外資自營商賣出股數"":""0"",""外資自營商買賣超股數"":""0"",""投信買進股數"":""0"",""投信賣出股數"":""0"",""投信買賣超股數"":""0"",""自營商買賣超股數"":""0"",""自營商買進股數(自行買賣)"":""0"",""自營商賣出股數(自行買賣)"":""0"",""自營商買賣超股數(自行買賣)"":""0"",""自營商買進股數(避險)"":""0"",""自營商賣出股數(避險)"":""0"",""自營商買賣超股數(避險)"":""0"",""三大法人買賣超股數"":""-17,000""}"
2026-09-24,TWSE,6902,GOGOLOOK        ,221000,240000,-19000,0,0,0,0,0,2000,"{""證券代號"":""6902"",""證券名稱"":""GOGOLOOK        "",""外陸資買進股數(不含外資自營商)"":""221,000"",""外陸資賣出股數(不含外資自營商)"":""240,000"",""外陸資買賣超股數(不含外資自營商)"":""-19,000"",""外資自營商買進股數"":""0"",""外資自營商賣出股數"":""0"",""外資自營商買賣超股數"":""0"",""投信買進股數"":""0"",""投信賣出股數"":""0"",""投信買賣超股數"":""0"",""自營商買賣超股數"":""2,000"",""自營商買進股數(自行買賣)"":""3,000"",""自營商賣出股數(自行買賣)"":""1,000"",""自營商買賣超股數(自行買賣)"":""2,000"",""自營商買進股數(避險)"":""0"",""自營商賣出股數(避險)"":""0"",""自營商買賣超股數(避險)"":""0"",""三大法人買賣超股數"":""-17,000""}"
2026-09-24,TWSE,6657,華安            ,22000,39000,-17000,0,0,0,0,0,0,"{""證券代號"":""6657"",""證券名稱"":""華安            "",""外陸資買進股數(不含外資自營商)"":""22,000"",""外陸資賣出股數(不含外資自營商)"":""39,000"",""外陸資買賣超股數(不含外資自營商)"":""-17,000"",""外資自營商買進股數"":""0"",""外資自營商賣出股數"":""0"",""外資自營商買賣超股數"":""0"",""投信買進股數"":""0"",""投信賣出股數"":""0"",""投信買賣超股數"":""0"",""自營商買賣超股數"":""0"",""自營商買進股數(自行買賣)"":""0"",""自營商賣出股數(自行買賣)"":""0"",""自營商買賣超股數(自行買賣)"":""0"",""自營商買進股數(避險)"":""0"",""自營商賣出股數(避險)"":""0"",""自營商買賣超股數(避險)"":""0"",""三大法人買賣超股數"":""-17,000""}"
2026-09-24,TWSE,5525,順天            ,1000,18000,-17000,0,0,0,0,0,0,"{""證券代號"":""5525"",""證券名稱"":""順天            "",""外陸資買進股數(不含外資自營商)"":""1,000"",""外陸資賣出股數(不含外資自營商)"":""18,000"",""外陸資買賣超股數(不含外資自營商)"":""-17,000"",""外資自營商買進股數"":""0"",""外資自營商賣出股數"":""0"",""外資自營商買賣超股數"":""0"",""投信買進股數"":""0"",""投信賣出股數"":""0"",""投信買賣超股數"":""0"",""自營商買賣超股數"":""0"",""自營商買進股數(自行買賣)"":""0"",""自營商賣出股數(自行買賣)"":""0"",""自營商買賣超股數(自行買賣)"":""0"",""自營商買進股數(避險)"":""0"",""自營商賣出股數(避險)"":""0"",""自營商買賣超股數(避險)"":""0"",""三大法人買賣超股數"":""-17,000""}"
2026-09-24,TWSE,4935,茂林-KY         ,10000,27000,-17000,0,0,0,0,0,-4,"{""證券代號"":""4935"",""證券名稱"":""茂林-KY         "",""外陸資買進股數(不含外資自營商)"":""10,000"",""外陸資賣出股數(不含外資自營商)"":""27,000"",""外陸資買賣超股數(不含外資自營商)"":""-17,000"",""外資自營商買進股數"":""0"",""外資自營商賣出股數"":""0"",""外資自營商買賣超股數"":""0"",""投信買進股數"":""0"",""投信賣出股數"":""0"",""投信買賣超股數"":""0"",""自營商買賣超股數"":""-4"",""自營商買進股數(自行買賣)"":""0"",""自營商賣出股數(自行買賣)"":""4"",""自營商買賣超股數(自行買賣)"":""-4"",""自營商買進股數(避險)"":""0"",""自營商賣出股數(避險)"":""0"",""自營商買賣超股數(避險)"":""0"",""三大法人買賣超股數"":""-17,004""}"
2026-09-24,TWSE,2247,汎德永業        ,8000,25070,-17070,0,0,0,0,0,0,"{""證券代號"":""2247"",""證券名稱"":""汎德永業        "",""外陸資買進股數(不含外資自營商)"":""8,000"",""外陸資賣出股數(不含外資自營商)"":""25,070"",""外陸資買賣超股數(不含外資自營商)"":""-17,070"",""外資自營商買進股數"":""0"",""外資自營商賣出股數"":""0"",""外資自營商買賣超股數"":""0"",""投信買進股數"":""0"",""投信賣出股數"":""0"",""投信買賣超股數"":""0"",""自營商買賣超股數"":""0"",""自營商買進股數(自行買賣)"":""0"",""自營商賣出股數(自行買賣)"":""0"",""自營商買賣超股數(自行買賣)"":""0"",""自營商買進股數(避險)"":""0"",""自營商賣出股數(避險)"":""0"",""自營商買賣超股數(避險)"":""0"",""三大法人買賣超股數"":""-17,070""}"
2026-09-24,TWSE,6442,光聖            ,359708,211001,148707,0,179000,-179000,14018,5773,12565,"{""證券代號"":""6442"",""證券名稱"":""光聖            "",""外陸資買進股數(不含外資自營商)"":""359,708"",""外陸資賣出股數(不含外資自營商)"":""211,001"",""外陸資買賣超股數(不含外資自營商)"":""148,707"",""外資自營商買進股數"":""0"",""外資自營商賣出股數"":""0"",""外資自營商買賣超股數"":""0"",""投信買進股數"":""0"",""投信賣出股數"":""179,000"",""投信買賣超股數"":""-179,000"",""自營商買賣超股數"":""12,565"",""自營商買進股數(自行買賣)"":""28,125"",""自營商賣出股數(自行買賣)"":""23,805"",""自營商買賣超股數(自行買賣)"":""4,320"",""自營商買進股數(避險)"":""14,018"",""自營商賣出股數(避險)"":""5,773"",""自營商買賣超股數(避險)"":""8,245"",""三大法人買賣超股數"":""-17,728""}"
2026-09-24,TWSE,6782,視陽            ,39904,55000,-15096,0,0,0,0,2845,-2855,"{""證券代號"":""6782"",""證券名稱"":""視陽            "",""外陸資買進股數(不含外資自營商)"":""39,904"",""外陸資賣出股數(不含外資自營商)"":""55,000"",""外陸資買賣超股數(不含外資自營商)"":""-15,096"",""外資自營商買進股數"":""0"",""外資自營商賣出股數"":""0"",""外資自營商買賣超股數"":""0"",""投信買進股數"":""0"",""投信賣出股數"":""0"",""投信買賣超股數"":""0"",""自營商買賣超股數"":""-2,855"",""自營商買進股數(自行買賣)"":""0"",""自營商賣出股數(自行買賣)"":""10"",""自營商買賣超股數(自行買賣)"":""-10"",""自營商買進股數(避險)"":""0"",""自營商賣出股數(避險)"":""2,845"",""自營商買賣超股數(避險)"":""-2,845"",""三大法人買賣超股數"":""-17,951""}"
2026-09-24,TWSE,9910,豐泰            ,318460,391522,-73062,55000,0,55000,111,1,108,"{""證券代號"":""9910"",""證券名稱"":""豐泰            "",""外陸資買進股數(不含外資自營商)"":""318,460"",""外陸資賣出股數(不含外資自營商)"":""391,522"",""外陸資買賣超股數(不含外資自營商)"":""-73,062"",""外資自營商買進股數"":""0"",""外資自營商賣出股數"":""0"",""外資自營商買賣超股數"":""0"",""投信買進股數"":""55,000"",""投信賣出股數"":""0"",""投信買賣超股數"":""55,000"",""自營商買賣超股數"":""108"",""自營商買進股數(自行買賣)"":""0"",""自營商賣出股數(自行買賣)"":""2"",""自營商買賣超股數(自行買賣)"":""-2"",""自營商買進股數(避險)"":""111"",""自營商賣出股數(避險)"":""1"",""自營商買賣超股數(避險)"":""110"",""三大法人買賣超股數"":""-17,954""}"
2026-09-24,TWSE,9905,大華            ,1000,19000,-18000,0,0,0,0,0,0,"{""證券代號"":""9905"",""證券名稱"":""大華            "",""外陸資買進股數(不含外資自營商)"":""1,000"",""外陸資賣出股數(不含外資自營商)"":""19,000"",""外陸資買賣超股數(不含外資自營商)"":""-18,000"",""外資自營商買進股數"":""0"",""外資自營商賣出股數"":""0"",""外資自營商買賣超股數"":""0"",""投信買進股數"":""0"",""投信賣出股數"":""0"",""投信買賣超股數"":""0"",""自營商買賣超股數"":""0"",""自營商買進股數(自行買賣)"":""0"",""自營商賣出股數(自行買賣)"":""0"",""自營商買賣超股數(自行買賣)"":""0"",""自營商買進股數(避險)"":""0"",""自營商賣出股數(避險)"":""0"",""自營商買賣超股數(避險)"":""0"",""三大法人買賣超股數"":""-18,000""}"
2026-09-24,TWSE,2237,華德動能-創     ,0,18000,-18000,0,0,0,1000,1000,0,"{""證券代號"":""2237"",""證券名稱"":""華德動能-創     "",""外陸資買進股數(不含外資自營商)"":""0"",""外陸資賣出股數(不含外資自營商)"":""18,000"",""外陸資買賣超股數(不含外資自營商)"":""-18,000"",""外資自營商買進股數"":""0"",""外資自營商賣出股數"":""0"",""外資自營商買賣超股數"":""0"",""投信買進股數"":""0"",""投信賣出股數"":""0"",""投信買賣超股數"":""0"",""自營商買賣超股數"":""0"",""自營商買進股數(自行買賣)"":""0"",""自營商賣出股數(自行買賣)"":""0"",""自營商買賣超股數(自行買賣)"":""0"",""自營商買進股數(避險)"":""1,000"",""自營商賣出股數(避險)"":""1,000"",""自營商買賣超股數(避險)"":""0"",""三大法人買賣超股數"":""-18,000""}"
2026-09-24,TWSE,6695,芯鼎            ,57000,75000,-18000,0,0,0,0,1,-1,"{""證券代號"":""6695"",""證券名稱"":""芯鼎            "",""外陸資買進股數(不含外資自營商)"":""57,000"",""外陸資賣出股數(不含外資自營商)"":""75,000"",""外陸資買賣超股數(不含外資自營商)"":""-18,000"",""外資自營商買進股數"":""0"",""外資自營商賣出股數"":""0"",""外資自營商買賣超股數"":""0"",""投信買進股數"":""0"",""投信賣出股數"":""0"",""投信買賣超股數"":""0"",""自營商買賣超股數"":""-1"",""自營商買進股數(自行買賣)"":""0"",""自營商賣出股數(自行買賣)"":""0"",""自營商買賣超股數(自行買賣)"":""0"",""自營商買進股數(避險)"":""0"",""自營商賣出股數(避險)"":""1"",""自營商買賣超股數(避險)"":""-1"",""三大法人買賣超股數"":""-18,001""}"
2026-09-24,TWSE,8374,羅昇            ,34000,50000,-16000,0,0,0,0,2063,-2063,"{""證券代號"":""8374"",""證券名稱"":""羅昇            "",""外陸資買進股數(不含外資自營商)"":""34,000"",""外陸資賣出股數(不含外資自營商)"":""50,000"",""外陸資買賣超股數(不含外資自營商)"":""-16,000"",""外資自營商買進股數"":""0"",""外資自營商賣出股數"":""0"",""外資自營商買賣超股數"":""0"",""投信買進股數"":""0"",""投信賣出股數"":""0"",""投信買賣超股數"":""0"",""自營商買賣超股數"":""-2,063"",""自營商買進股數(自行買賣)"":""0"",""自營商賣出股數(自行買賣)"":""0"",""自營商買賣超股數(自行買賣)"":""0"",""自營商買進股數(避險)"":""0"",""自營商賣出股數(避險)"":""2,063"",""自營商買賣超股數(避險)"":""-2,063"",""三大法人買賣超股數"":""-18,063""}"
2026-09-24,TWSE,8429,金麗-KY         ,1000,20000,-19000,0,0,0,0,0,0,"{""證券代號"":""8429"",""證券名稱"":""金麗-KY         "",""外陸資買進股數(不含外資自營商)"":""1,000"",""外陸資賣出股數(不含外資自營商)"":""20,000"",""外陸資買賣超股數(不含外資自營商)"":""-19,000"",""外資自營商買進股數"":""0"",""外資自營商賣出股數"":""0"",""外資自營商買賣超股數"":""0"",""投信買進股數"":""0"",""投信賣出股數"":""0"",""投信買賣超股數"":""0"",""自營商買賣超股數"":""0"",""自營商買進股數(自行買賣)"":""0"",""自營商賣出股數(自行買賣)"":""0"",""自營商買賣超股數(自行買賣)"":""0"",""自營商買進股數(避險)"":""0"",""自營商賣出股數(避險)"":""0"",""自營商買賣超股數(避險)"":""0"",""三大法人買賣超股數"":""-19,000""}"
2026-09-24,TWSE,4737,華廣            ,14000,33000,-19000,0,0,0,0,0,0,"{""證券代號"":""4737"",""證券名稱"":""華廣            "",""外陸資買進股數(不含外資自營商)"":""14,000"",""外陸資賣出股數(不含外資自營商)"":""33,000"",""外陸資買賣超股數(不含外資自營商)"":""-19,000"",""外資自營商買進股數"":""0"",""外資自營商賣出股數"":""0"",""外資自營商買賣超股數"":""0"",""投信買進股數"":""0"",""投信賣出股數"":""0"",""投信買賣超股數"":""0"",""自營商買賣超股數"":""0"",""自營商買進股數(自行買賣)"":""0"",""自營商賣出股數(自行買賣)"":""0"",""自營商買賣超股數(自行買賣)"":""0"",""自營商買進股數(避險)"":""0"",""自營商賣出股數(避險)"":""0"",""自營商買賣超股數(避險)"":""0"",""三大法人買賣超股數"":""-19,000""}"
2026-09-24,TWSE,2886,兆豐金          ,3807614,4826787,-1019173,418000,59000,359000,644580,21000,640769,"{""證券代號"":""2886"",""證券名稱"":""兆豐金          "",""外陸資買進股數(不含外資自營商)"":""3,807,614"",""外陸資賣出股數(不含外資自營商)"":""4,826,787"",""外陸資買賣超股數(不含外資自營商)"":""-1,019,173"",""外資自營商買進股數"":""0"",""外資自營商賣出股數"":""0"",""外資自營商買賣超股數"":""0"",""投信買進股數"":""418,000"",""投信賣出股數"":""59,000"",""投信買賣超股數"":""359,000"",""自營商買賣超股數"":""640,769"",""自營商買進股數(自行買賣)"":""33,000"",""自營商賣出股數(自行買賣)"":""15,811"",""自營商買賣超股數(自行買賣)"":""17,189"",""自營商買進股數(避險)"":""644,580"",""自營商賣出股數(避險)"":""21,000"",""自營商買賣超股數(避險)"":""623,580"",""三大法人買賣超股數"":""-19,404""}"
2026-09-24,TWSE,2364,倫飛            ,12041,32000,-19959,0,0,0,0,0,0,"{""證券代號"":""2364"",""證券名稱"":""倫飛            "",""外陸資買進股數(不含外資自營商)"":""12,041"",""外陸資賣出股數(不含外資自營商)"":""32,000"",""外陸資買賣超股數(不含外資自營商)"":""-19,959"",""外資自營商買進股數"":""0"",""外資自營商賣出股數"":""0"",""外資自營商買賣超股數"":""0"",""投信買進股數"":""0"",""投信賣出股數"":""0"",""投信買賣超股數"":""0"",""自營商買賣超股數"":""0"",""自營商買進股數(自行買賣)"":""0"",""自營商賣出股數(自行買賣)"":""0"",""自營商買賣超股數(自行買賣)"":""0"",""自營商買進股數(避險)"":""0"",""自營商賣出股數(避險)"":""0"",""自營商買賣超股數(避險)"":""0"",""三大法人買賣超股數"":""-19,959""}"
2026-09-24,TWSE,1720,生達            ,4996,25000,-20004,0,0,0,0,0,0,"{""證券代號"":""1720"",""證券名稱"":""生達            "",""外陸資買進股數(不含外資自營商)"":""4,996"",""外陸資賣出股數(不含外資自營商)"":""25,000"",""外陸資買賣超股數(不含外資自營商)"":""-20,004"",""外資自營商買進股數"":""0"",""外資自營商賣出股數"":""0"",""外資自營商買賣超股數"":""0"",""投信買進股數"":""0"",""投信賣出股數"":""0"",""投信買賣超股數"":""0"",""自營商買賣超股數"":""0"",""自營商買進股數(自行買賣)"":""0"",""自營商賣出股數(自行買賣)"":""0"",""自營商買賣超股數(自行買賣)"":""0"",""自營商買進股數(避險)"":""0"",""自營商賣出股數(避險)"":""0"",""自營商買賣超股數(避險)"":""0"",""三大法人買賣超股數"":""-20,004""}"
2026-09-24,TWSE,3406,玉晶光          ,1208384,1198662,9722,4000,88000,-84000,40073,39658,54127,"{""證券代號"":""3406"",""證券名稱"":""玉晶光          "",""外陸資買進股數(不含外資自營商)"":""1,208,384"",""外陸資賣出股數(不含外資自營商)"":""1,198,662"",""外陸資買賣超股數(不含外資自營商)"":""9,722"",""外資自營商買進股數"":""0"",""外資自營商賣出股數"":""0"",""外資自營商買賣超股數"":""0"",""投信買進股數"":""4,000"",""投信賣出股數"":""88,000"",""投信買賣超股數"":""-84,000"",""自營商買賣超股數"":""54,127"",""自營商買進股數(自行買賣)"":""68,212"",""自營商賣出股數(自行買賣)"":""14,500"",""自營商買賣超股數(自行買賣)"":""53,712"",""自營商買進股數(避險)"":""40,073"",""自營商賣出股數(避險)"":""39,658"",""自營商買賣超股數(避險)"":""415"",""三大法人買賣超股數"":""-20,151""}"
2026-09-24,TWSE,3530,晶相光          ,6000,27000,-21000,0,0,0,0,0,0,"{""證券代號"":""3530"",""證券名稱"":""晶相光          "",""外陸資買進股數(不含外資自營商)"":""6,000"",""外陸資賣出股數(不含外資自營商)"":""27,000"",""外陸資買賣超股數(不含外資自營商)"":""-21,000"",""外資自營商買進股數"":""0"",""外資自營商賣出股數"":""0"",""外資自營商買賣超股數"":""0"",""投信買進股數"":""0"",""投信賣出股數"":""0"",""投信買賣超股數"":""0"",""自營商買賣超股數"":""0"",""自營商買進股數(自行買賣)"":""0"",""自營商賣出股數(自行買賣)"":""0"",""自營商買賣超股數(自行買賣)"":""0"",""自營商買進股數(避險)"":""0"",""自營商賣出股數(避險)"":""0"",""自營商買賣超股數(避險)"":""0"",""三大法人買賣超股數"":""-21,000""}"
2026-09-24,TWSE,3046,建碁            ,26000,30070,-4070,0,0,0,0,0,-17000,"{""證券代號"":""3046"",""證券名稱"":""建碁            "",""外陸資買進股數(不含外資自營商)"":""26,000"",""外陸資賣出股數(不含外資自營商)"":""30,070"",""外陸資買賣超股數(不含外資自營商)"":""-4,070"",""外資自營商買進股數"":""0"",""外資自營商賣出股數"":""0"",""外資自營商買賣超股數"":""0"",""投信買進股數"":""0"",""投信賣出股數"":""0"",""投信買賣超股數"":""0"",""自營商買賣超股數"":""-17,000"",""自營商買進股數(自行買賣)"":""0"",""自營商賣出股數(自行買賣)"":""17,000"",""自營商買賣超股數(自行買賣)"":""-17,000"",""自營商買進股數(避險)"":""0"",""自營商賣出股數(避險)"":""0"",""自營商買賣超股數(避險)"":""0"",""三大法人買賣超股數"":""-21,070""}"
2026-09-24,TWSE,1416,廣豐            ,1000,22321,-21321,0,0,0,0,0,0,"{""證券代號"":""1416"",""證券名稱"":""廣豐            "",""外陸資買進股數(不含外資自營商)"":""1,000"",""外陸資賣出股數(不含外資自營商)"":""22,321"",""外陸資買賣超股數(不含外資自營商)"":""-21,321"",""外資自營商買進股數"":""0"",""外資自營商賣出股數"":""0"",""外資自營商買賣超股數"":""0"",""投信買進股數"":""0"",""投信賣出股數"":""0"",""投信買賣超股數"":""0"",""自營商買賣超股數"":""0"",""自營商買進股數(自行買賣)"":""0"",""自營商賣出股數(自行買賣)"":""0"",""自營商買賣超股數(自行買賣)"":""0"",""自營商買進股數(避險)"":""0"",""自營商賣出股數(避險)"":""0"",""自營商買賣超股數(避險)"":""0"",""三大法人買賣超股數"":""-21,321""}"
2026-09-24,TWSE,3545,敦泰            ,120550,162000,-41450,20000,0,20000,0,108,-108,"{""證券代號"":""3545"",""證券名稱"":""敦泰            "",""外陸資買進股數(不含外資自營商)"":""120,550"",""外陸資賣出股數(不含外資自營商)"":""162,000"",""外陸資買賣超股數(不含外資自營商)"":""-41,450"",""外資自營商買進股數"":""0"",""外資自營商賣出股數"":""0"",""外資自營商買賣超股數"":""0"",""投信買進股數"":""20,000"",""投信賣出股數"":""0"",""投信買賣超股數"":""20,000"",""自營商買賣超股數"":""-108"",""自營商買進股數(自行買賣)"":""0"",""自營商賣出股數(自行買賣)"":""0"",""自營商買賣超股數(自行買賣)"":""0"",""自營商買進股數(避險)"":""0"",""自營商賣出股數(避險)"":""108"",""自營商買賣超股數(避險)"":""-108"",""三大法人買賣超股數"":""-21,558""}"
2026-09-24,TWSE,3058,立德            ,48000,70000,-22000,0,0,0,0,0,0,"{""證券代號"":""3058"",""證券名稱"":""立德            "",""外陸資買進股數(不含外資自營商)"":""48,000"",""外陸資賣出股數(不含外資自營商)"":""70,000"",""外陸資買賣超股數(不含外資自營商)"":""-22,000"",""外資自營商買進股數"":""0"",""外資自營商賣出股數"":""0"",""外資自營商買賣超股數"":""0"",""投信買進股數"":""0"",""投信賣出股數"":""0"",""投信買賣超股數"":""0"",""自營商買賣超股數"":""0"",""自營商買進股數(自行買賣)"":""0"",""自營商賣出股數(自行買賣)"":""0"",""自營商買賣超股數(自行買賣)"":""0"",""自營商買進股數(避險)"":""0"",""自營商賣出股數(避險)"":""0"",""自營商買賣超股數(避險)"":""0"",""三大法人買賣超股數"":""-22,000""}"
2026-09-24,TWSE,1109,信大            ,0,22000,-22000,0,0,0,0,0,0,"{""證券代號"":""1109"",""證券名稱"":""信大            "",""外陸資買進股數(不含外資自營商)"":""0"",""外陸資賣出股數(不含外資自營商)"":""22,000"",""外陸資買賣超股數(不含外資自營商)"":""-22,000"",""外資自營商買進股數"":""0"",""外資自營商賣出股數"":""0"",""外資自營商買賣超股數"":""0"",""投信買進股數"":""0"",""投信賣出股數"":""0"",""投信買賣超股數"":""0"",""自營商買賣超股數"":""0"",""自營商買進股數(自行買賣)"":""0"",""自營商賣出股數(自行買賣)"":""0"",""自營商買賣超股數(自行買賣)"":""0"",""自營商買進股數(避險)"":""0"",""自營商賣出股數(避險)"":""0"",""自營商買賣超股數(避險)"":""0"",""三大法人買賣超股數"":""-22,000""}"
2026-09-24,TWSE,2459,敦吉            ,5000,27000,-22000,0,0,0,0,0,0,"{""證券代號"":""2459"",""證券名稱"":""敦吉            "",""外陸資買進股數(不含外資自營商)"":""5,000"",""外陸資賣出股數(不含外資自營商)"":""27,000"",""外陸資買賣超股數(不含外資自營商)"":""-22,000"",""外資自營商買進股數"":""0"",""外資自營商賣出股數"":""0"",""外資自營商買賣超股數"":""0"",""投信買進股數"":""0"",""投信賣出股數"":""0"",""投信買賣超股數"":""0"",""自營商買賣超股數"":""0"",""自營商買進股數(自行買賣)"":""0"",""自營商賣出股數(自行買賣)"":""0"",""自營商買賣超股數(自行買賣)"":""0"",""自營商買進股數(避險)"":""0"",""自營商賣出股數(避險)"":""0"",""自營商買賣超股數(避險)"":""0"",""三大法人買賣超股數"":""-22,000""}"
2026-09-24,TWSE,5283,禾聯碩          ,1000,23000,-22000,0,0,0,0,0,0,"{""證券代號"":""5283"",""證券名稱"":""禾聯碩          "",""外陸資買進股數(不含外資自營商)"":""1,000"",""外陸資賣出股數(不含外資自營商)"":""23,000"",""外陸資買賣超股數(不含外資自營商)"":""-22,000"",""外資自營商買進股數"":""0"",""外資自營商賣出股數"":""0"",""外資自營商買賣超股數"":""0"",""投信買進股數"":""0"",""投信賣出股數"":""0"",""投信買賣超股數"":""0"",""自營商買賣超股數"":""0"",""自營商買進股數(自行買賣)"":""0"",""自營商賣出股數(自行買賣)"":""0"",""自營商買賣超股數(自行買賣)"":""0"",""自營商買進股數(避險)"":""0"",""自營商賣出股數(避險)"":""0"",""自營商買賣超股數(避險)"":""0"",""三大法人買賣超股數"":""-22,000""}"
2026-09-24,TWSE,4414,如興            ,14000,23000,-9000,0,0,0,0,0,-13000,"{""證券代號"":""4414"",""證券名稱"":""如興            "",""外陸資買進股數(不含外資自營商)"":""14,000"",""外陸資賣出股數(不含外資自營商)"":""23,000"",""外陸資買賣超股數(不含外資自營商)"":""-9,000"",""外資自營商買進股數"":""0"",""外資自營商賣出股數"":""0"",""外資自營商買賣超股數"":""0"",""投信買進股數"":""0"",""投信賣出股數"":""0"",""投信買賣超股數"":""0"",""自營商買賣超股數"":""-13,000"",""自營商買進股數(自行買賣)"":""0"",""自營商賣出股數(自行買賣)"":""13,000"",""自營商買賣超股數(自行買賣)"":""-13,000"",""自營商買進股數(避險)"":""0"",""自營商賣出股數(避險)"":""0"",""自營商買賣超股數(避險)"":""0"",""三大法人買賣超股數"":""-22,000""}"
2026-09-24,TWSE,2451,創見            ,661177,668080,-6903,0,0,0,0,15977,-15778,"{""證券代號"":""2451"",""證券名稱"":""創見            "",""外陸資買進股數(不含外資自營商)"":""661,177"",""外陸資賣出股數(不含外資自營商)"":""668,080"",""外陸資買賣超股數(不含外資自營商)"":""-6,903"",""外資自營商買進股數"":""0"",""外資自營商賣出股數"":""0"",""外資自營商買賣超股數"":""0"",""投信買進股數"":""0"",""投信賣出股數"":""0"",""投信買賣超股數"":""0"",""自營商買賣超股數"":""-15,778"",""自營商買進股數(自行買賣)"":""1,000"",""自營商賣出股數(自行買賣)"":""801"",""自營商買賣超股數(自行買賣)"":""199"",""自營商買進股數(避險)"":""0"",""自營商賣出股數(避險)"":""15,977"",""自營商買賣超股數(避險)"":""-15,977"",""三大法人買賣超股數"":""-22,681""}"
2026-09-24,TWSE,2908,特力            ,31010,54000,-22990,0,0,0,0,0,0,"{""證券代號"":""2908"",""證券名稱"":""特力            "",""外陸資買進股數(不含外資自營商)"":""31,010"",""外陸資賣出股數(不含外資自營商)"":""54,000"",""外陸資買賣超股數(不含外資自營商)"":""-22,990"",""外資自營商買進股數"":""0"",""外資自營商賣出股數"":""0"",""外資自營商買賣超股數"":""0"",""投信買進股數"":""0"",""投信賣出股數"":""0"",""投信買賣超股數"":""0"",""自營商買賣超股數"":""0"",""自營商買進股數(自行買賣)"":""0"",""自營商賣出股數(自行買賣)"":""0"",""自營商買賣超股數(自行買賣)"":""0"",""自營商買進股數(避險)"":""0"",""自營商賣出股數(避險)"":""0"",""自營商買賣超股數(避險)"":""0"",""三大法人買賣超股數"":""-22,990""}"
2026-09-24,TWSE,3034,聯詠            ,1856953,1961997,-105044,48000,8408,39592,108884,70257,42457,"{""證券代號"":""3034"",""證券名稱"":""聯詠            "",""外陸資買進股數(不含外資自營商)"":""1,856,953"",""外陸資賣出股數(不含外資自營商)"":""1,961,997"",""外陸資買賣超股數(不含外資自營商)"":""-105,044"",""外資自營商買進股數"":""0"",""外資自營商賣出股數"":""0"",""外資自營商買賣超股數"":""0"",""投信買進股數"":""48,000"",""投信賣出股數"":""8,408"",""投信買賣超股數"":""39,592"",""自營商買賣超股數"":""42,457"",""自營商買進股數(自行買賣)"":""15,000"",""自營商賣出股數(自行買賣)"":""11,170"",""自營商買賣超股數(自行買賣)"":""3,830"",""自營商買進股數(避險)"":""108,884"",""自營商賣出股數(避險)"":""70,257"",""自營商買賣超股數(避險)"":""38,627"",""三大法人買賣超股數"":""-22,995""}"
2026-09-24,TWSE,1598,岱宇            ,36000,59000,-23000,0,0,0,0,0,0,"{""證券代號"":""1598"",""證券名稱"":""岱宇            "",""外陸資買進股數(不含外資自營商)"":""36,000"",""外陸資賣出股數(不含外資自營商)"":""59,000"",""外陸資買賣超股數(不含外資自營商)"":""-23,000"",""外資自營商買進股數"":""0"",""外資自營商賣出股數"":""0"",""外資自營商買賣超股數"":""0"",""投信買進股數"":""0"",""投信賣出股數"":""0"",""投信買賣超股數"":""0"",""自營商買賣超股數"":""0"",""自營商買進股數(自行買賣)"":""0"",""自營商賣出股數(自行買賣)"":""0"",""自營商買賣超股數(自行買賣)"":""0"",""自營商買進股數(避險)"":""0"",""自營商賣出股數(避險)"":""0"",""自營商買賣超股數(避險)"":""0"",""三大法人買賣超股數"":""-23,000""}"
2026-09-24,TWSE,2013,中鋼構          ,19000,43000,-24000,0,0,0,2000,1127,873,"{""證券代號"":""2013"",""證券名稱"":""中鋼構          "",""外陸資買進股數(不含外資自營商)"":""19,000"",""外陸資賣出股數(不含外資自營商)"":""43,000"",""外陸資買賣超股數(不含外資自營商)"":""-24,000"",""外資自營商買進股數"":""0"",""外資自營商賣出股數"":""0"",""外資自營商買賣超股數"":""0"",""投信買進股數"":""0"",""投信賣出股數"":""0"",""投信買賣超股數"":""0"",""自營商買賣超股數"":""873"",""自營商買進股數(自行買賣)"":""0"",""自營商賣出股數(自行買賣)"":""0"",""自營商買賣超股數(自行買賣)"":""0"",""自營商買進股數(避險)"":""2,000"",""自營商賣出股數(避險)"":""1,127"",""自營商買賣超股數(避險)"":""873"",""三大法人買賣超股數"":""-23,127""}"
2026-09-24,TWSE,1455,集盛            ,66000,55703,10297,0,0,0,0,90,-34090,"{""證券代號"":""1455"",""證券名稱"":""集盛            "",""外陸資買進股數(不含外資自營商)"":""66,000"",""外陸資賣出股數(不含外資自營商)"":""55,703"",""外陸資買賣超股數(不含外資自營商)"":""10,297"",""外資自營商買進股數"":""0"",""外資自營商賣出股數"":""0"",""外資自營商買賣超股數"":""0"",""投信買進股數"":""0"",""投信賣出股數"":""0"",""投信買賣超股數"":""0"",""自營商買賣超股數"":""-34,090"",""自營商買進股數(自行買賣)"":""2,000"",""自營商賣出股數(自行買賣)"":""36,000"",""自營商買賣超股數(自行買賣)"":""-34,000"",""自營商買進股數(避險)"":""0"",""自營商賣出股數(避險)"":""90"",""自營商買賣超股數(避險)"":""-90"",""三大法人買賣超股數"":""-23,793""}"
2026-09-24,TWSE,1456,怡華            ,18000,39000,-21000,0,0,0,0,0,-3000,"{""證券代號"":""1456"",""證券名稱"":""怡華            "",""外陸資買進股數(不含外資自營商)"":""18,000"",""外陸資賣出股數(不含外資自營商)"":""39,000"",""外陸資買賣超股數(不含外資自營商)"":""-21,000"",""外資自營商買進股數"":""0"",""外資自營商賣出股數"":""0"",""外資自營商買賣超股數"":""0"",""投信買進股數"":""0"",""投信賣出股數"":""0"",""投信買賣超股數"":""0"",""自營商買賣超股數"":""-3,000"",""自營商買進股數(自行買賣)"":""3,000"",""自營商賣出股數(自行買賣)"":""6,000"",""自營商買賣超股數(自行買賣)"":""-3,000"",""自營商買進股數(避險)"":""0"",""自營商賣出股數(避險)"":""0"",""自營商買賣超股數(避險)"":""0"",""三大法人買賣超股數"":""-24,000""}"
2026-09-24,TWSE,8466,美吉吉-KY       ,1000,25000,-24000,0,0,0,0,0,0,"{""證券代號"":""8466"",""證券名稱"":""美吉吉-KY       "",""外陸資買進股數(不含外資自營商)"":""1,000"",""外陸資賣出股數(不含外資自營商)"":""25,000"",""外陸資買賣超股數(不含外資自營商)"":""-24,000"",""外資自營商買進股數"":""0"",""外資自營商賣出股數"":""0"",""外資自營商買賣超股數"":""0"",""投信買進股數"":""0"",""投信賣出股數"":""0"",""投信買賣超股數"":""0"",""自營商買賣超股數"":""0"",""自營商買進股數(自行買賣)"":""0"",""自營商賣出股數(自行買賣)"":""0"",""自營商買賣超股數(自行買賣)"":""0"",""自營商買進股數(避險)"":""0"",""自營商賣出股數(避險)"":""0"",""自營商買賣超股數(避險)"":""0"",""三大法人買賣超股數"":""-24,000""}"
2026-09-24,TWSE,7722,LINEPAY         ,2000,26000,-24000,0,0,0,0,0,0,"{""證券代號"":""7722"",""證券名稱"":""LINEPAY         "",""外陸資買進股數(不含外資自營商)"":""2,000"",""外陸資賣出股數(不含外資自營商)"":""26,000"",""外陸資買賣超股數(不含外資自營商)"":""-24,000"",""外資自營商買進股數"":""0"",""外資自營商賣出股數"":""0"",""外資自營商買賣超股數"":""0"",""投信買進股數"":""0"",""投信賣出股數"":""0"",""投信買賣超股數"":""0"",""自營商買賣超股數"":""0"",""自營商買進股數(自行買賣)"":""0"",""自營商賣出股數(自行買賣)"":""0"",""自營商買賣超股數(自行買賣)"":""0"",""自營商買進股數(避險)"":""0"",""自營商賣出股數(避險)"":""0"",""自營商買賣超股數(避險)"":""0"",""三大法人買賣超股數"":""-24,000""}"
2026-09-24,TWSE,5907,大洋-KY         ,3000,27000,-24000,0,0,0,0,0,0,"{""證券代號"":""5907"",""證券名稱"":""大洋-KY         "",""外陸資買進股數(不含外資自營商)"":""3,000"",""外陸資賣出股數(不含外資自營商)"":""27,000"",""外陸資買賣超股數(不含外資自營商)"":""-24,000"",""外資自營商買進股數"":""0"",""外資自營商賣出股數"":""0"",""外資自營商買賣超股數"":""0"",""投信買進股數"":""0"",""投信賣出股數"":""0"",""投信買賣超股數"":""0"",""自營商買賣超股數"":""0"",""自營商買進股數(自行買賣)"":""0"",""自營商賣出股數(自行買賣)"":""0"",""自營商買賣超股數(自行買賣)"":""0"",""自營商買進股數(避險)"":""0"",""自營商賣出股數(避險)"":""0"",""自營商買賣超股數(避險)"":""0"",""三大法人買賣超股數"":""-24,000""}"
2026-09-24,TWSE,2453,凌群            ,63987,88000,-24013,0,0,0,0,0,0,"{""證券代號"":""2453"",""證券名稱"":""凌群            "",""外陸資買進股數(不含外資自營商)"":""63,987"",""外陸資賣出股數(不含外資自營商)"":""88,000"",""外陸資買賣超股數(不含外資自營商)"":""-24,013"",""外資自營商買進股數"":""0"",""外資自營商賣出股數"":""0"",""外資自營商買賣超股數"":""0"",""投信買進股數"":""0"",""投信賣出股數"":""0"",""投信買賣超股數"":""0"",""自營商買賣超股數"":""0"",""自營商買進股數(自行買賣)"":""0"",""自營商賣出股數(自行買賣)"":""0"",""自營商買賣超股數(自行買賣)"":""0"",""自營商買進股數(避險)"":""0"",""自營商賣出股數(避險)"":""0"",""自營商買賣超股數(避險)"":""0"",""三大法人買賣超股數"":""-24,013""}"
2026-09-24,TWSE,6756,威鋒電子        ,24000,48000,-24000,0,0,0,0,0,-54,"{""證券代號"":""6756"",""證券名稱"":""威鋒電子        "",""外陸資買進股數(不含外資自營商)"":""24,000"",""外陸資賣出股數(不含外資自營商)"":""48,000"",""外陸資買賣超股數(不含外資自營商)"":""-24,000"",""外資自營商買進股數"":""0"",""外資自營商賣出股數"":""0"",""外資自營商買賣超股數"":""0"",""投信買進股數"":""0"",""投信賣出股數"":""0"",""投信買賣超股數"":""0"",""自營商買賣超股數"":""-54"",""自營商買進股數(自行買賣)"":""0"",""自營商賣出股數(自行買賣)"":""54"",""自營商買賣超股數(自行買賣)"":""-54"",""自營商買進股數(避險)"":""0"",""自營商賣出股數(避險)"":""0"",""自營商買賣超股數(避險)"":""0"",""三大法人買賣超股數"":""-24,054""}"
2026-09-24,TWSE,6799,來頡            ,66301,91018,-24717,0,0,0,0,0,372,"{""證券代號"":""6799"",""證券名稱"":""來頡            "",""外陸資買進股數(不含外資自營商)"":""66,301"",""外陸資賣出股數(不含外資自營商)"":""91,018"",""外陸資買賣超股數(不含外資自營商)"":""-24,717"",""外資自營商買進股數"":""0"",""外資自營商賣出股數"":""0"",""外資自營商買賣超股數"":""0"",""投信買進股數"":""0"",""投信賣出股數"":""0"",""投信買賣超股數"":""0"",""自營商買賣超股數"":""372"",""自營商買進股數(自行買賣)"":""372"",""自營商賣出股數(自行買賣)"":""0"",""自營商買賣超股數(自行買賣)"":""372"",""自營商買進股數(避險)"":""0"",""自營商賣出股數(避險)"":""0"",""自營商買賣超股數(避險)"":""0"",""三大法人買賣超股數"":""-24,345""}"
2026-09-24,TWSE,6525,捷敏-KY         ,163015,189768,-26753,0,1887,-1887,6000,2024,3976,"{""證券代號"":""6525"",""證券名稱"":""捷敏-KY         "",""外陸資買進股數(不含外資自營商)"":""163,015"",""外陸資賣出股數(不含外資自營商)"":""189,768"",""外陸資買賣超股數(不含外資自營商)"":""-26,753"",""外資自營商買進股數"":""0"",""外資自營商賣出股數"":""0"",""外資自營商買賣超股數"":""0"",""投信買進股數"":""0"",""投信賣出股數"":""1,887"",""投信買賣超股數"":""-1,887"",""自營商買賣超股數"":""3,976"",""自營商買進股數(自行買賣)"":""0"",""自營商賣出股數(自行買賣)"":""0"",""自營商買賣超股數(自行買賣)"":""0"",""自營商買進股數(避險)"":""6,000"",""自營商賣出股數(避險)"":""2,024"",""自營商買賣超股數(避險)"":""3,976"",""三大法人買賣超股數"":""-24,664""}"
2026-09-24,TWSE,3701,大眾控          ,115226,137000,-21774,0,0,0,95,10,-2915,"{""證券代號"":""3701"",""證券名稱"":""大眾控          "",""外陸資買進股數(不含外資自營商)"":""115,226"",""外陸資賣出股數(不含外資自營商)"":""137,000"",""外陸資買賣超股數(不含外資自營商)"":""-21,774"",""外資自營商買進股數"":""0"",""外資自營商賣出股數"":""0"",""外資自營商買賣超股數"":""0"",""投信買進股數"":""0"",""投信賣出股數"":""0"",""投信買賣超股數"":""0"",""自營商買賣超股數"":""-2,915"",""自營商買進股數(自行買賣)"":""0"",""自營商賣出股數(自行買賣)"":""3,000"",""自營商買賣超股數(自行買賣)"":""-3,000"",""自營商買進股數(避險)"":""95"",""自營商賣出股數(避險)"":""10"",""自營商買賣超股數(避險)"":""85"",""三大法人買賣超股數"":""-24,689""}"
2026-09-24,TWSE,2462,良得電          ,3000,26000,-23000,0,0,0,0,0,-2000,"{""證券代號"":""2462"",""證券名稱"":""良得電          "",""外陸資買進股數(不含外資自營商)"":""3,000"",""外陸資賣出股數(不含外資自營商)"":""26,000"",""外陸資買賣超股數(不含外資自營商)"":""-23,000"",""外資自營商買進股數"":""0"",""外資自營商賣出股數"":""0"",""外資自營商買賣超股數"":""0"",""投信買進股數"":""0"",""投信賣出股數"":""0"",""投信買賣超股數"":""0"",""自營商買賣超股數"":""-2,000"",""自營商買進股數(自行買賣)"":""0"",""自營商賣出股數(自行買賣)"":""2,000"",""自營商買賣超股數(自行買賣)"":""-2,000"",""自營商買進股數(避險)"":""0"",""自營商賣出股數(避險)"":""0"",""自營商買賣超股數(避險)"":""0"",""三大法人買賣超股數"":""-25,000""}"
2026-09-24,TWSE,7788,松川精密        ,151000,169000,-18000,0,0,0,1010,8328,-7318,"{""證券代號"":""7788"",""證券名稱"":""松川精密        "",""外陸資買進股數(不含外資自營商)"":""151,000"",""外陸資賣出股數(不含外資自營商)"":""169,000"",""外陸資買賣超股數(不含外資自營商)"":""-18,000"",""外資自營商買進股數"":""0"",""外資自營商賣出股數"":""0"",""外資自營商買賣超股數"":""0"",""投信買進股數"":""0"",""投信賣出股數"":""0"",""投信買賣超股數"":""0"",""自營商買賣超股數"":""-7,318"",""自營商買進股數(自行買賣)"":""0"",""自營商賣出股數(自行買賣)"":""0"",""自營商買賣超股數(自行買賣)"":""0"",""自營商買進股數(避險)"":""1,010"",""自營商賣出股數(避險)"":""8,328"",""自營商買賣超股數(避險)"":""-7,318"",""三大法人買賣超股數"":""-25,318""}"
2026-09-24,TWSE,6830,汎銓            ,341180,361706,-20526,0,0,0,22249,28340,-5091,"{""證券代號"":""6830"",""證券名稱"":""汎銓            "",""外陸資買進股數(不含外資自營商)"":""341,180"",""外陸資賣出股數(不含外資自營商)"":""361,706"",""外陸資買賣超股數(不含外資自營商)"":""-20,526"",""外資自營商買進股數"":""0"",""外資自營商賣出股數"":""0"",""外資自營商買賣超股數"":""0"",""投信買進股數"":""0"",""投信賣出股數"":""0"",""投信買賣超股數"":""0"",""自營商買賣超股數"":""-5,091"",""自營商買進股數(自行買賣)"":""1,000"",""自營商賣出股數(自行買賣)"":""0"",""自營商買賣超股數(自行買賣)"":""1,000"",""自營商買進股數(避險)"":""22,249"",""自營商賣出股數(避險)"":""28,340"",""自營商買賣超股數(避險)"":""-6,091"",""三大法人買賣超股數"":""-25,617""}"
2026-09-24,TWSE,8442,威宏-KY         ,12000,35000,-23000,0,0,0,0,0,-3000,"{""證券代號"":""8442"",""證券名稱"":""威宏-KY         "",""外陸資買進股數(不含外資自營商)"":""12,000"",""外陸資賣出股數(不含外資自營商)"":""35,000"",""外陸資買賣超股數(不含外資自營商)"":""-23,000"",""外資自營商買進股數"":""0"",""外資自營商賣出股數"":""0"",""外資自營商買賣超股數"":""0"",""投信買進股數"":""0"",""投信賣出股數"":""0"",""投信買賣超股數"":""0"",""自營商買賣超股數"":""-3,000"",""自營商買進股數(自行買賣)"":""0"",""自營商賣出股數(自行買賣)"":""3,000"",""自營商買賣超股數(自行買賣)"":""-3,000"",""自營商買進股數(避險)"":""0"",""自營商賣出股數(避險)"":""0"",""自營商買賣超股數(避險)"":""0"",""三大法人買賣超股數"":""-26,000""}"
2026-09-24,TWSE,3686,達能            ,2000,28000,-26000,0,0,0,0,0,0,"{""證券代號"":""3686"",""證券名稱"":""達能            "",""外陸資買進股數(不含外資自營商)"":""2,000"",""外陸資賣出股數(不含外資自營商)"":""28,000"",""外陸資買賣超股數(不含外資自營商)"":""-26,000"",""外資自營商買進股數"":""0"",""外資自營商賣出股數"":""0"",""外資自營商買賣超股數"":""0"",""投信買進股數"":""0"",""投信賣出股數"":""0"",""投信買賣超股數"":""0"",""自營商買賣超股數"":""0"",""自營商買進股數(自行買賣)"":""0"",""自營商賣出股數(自行買賣)"":""0"",""自營商買賣超股數(自行買賣)"":""0"",""自營商買進股數(避險)"":""0"",""自營商賣出股數(避險)"":""0"",""自營商買賣超股數(避險)"":""0"",""三大法人買賣超股數"":""-26,000""}"
2026-09-24,TWSE,1733,五鼎            ,2000,28000,-26000,0,0,0,0,0,0,"{""證券代號"":""1733"",""證券名稱"":""五鼎            "",""外陸資買進股數(不含外資自營商)"":""2,000"",""外陸資賣出股數(不含外資自營商)"":""28,000"",""外陸資買賣超股數(不含外資自營商)"":""-26,000"",""外資自營商買進股數"":""0"",""外資自營商賣出股數"":""0"",""外資自營商買賣超股數"":""0"",""投信買進股數"":""0"",""投信賣出股數"":""0"",""投信買賣超股數"":""0"",""自營商買賣超股數"":""0"",""自營商買進股數(自行買賣)"":""0"",""自營商賣出股數(自行買賣)"":""0"",""自營商買賣超股數(自行買賣)"":""0"",""自營商買進股數(避險)"":""0"",""自營商賣出股數(避險)"":""0"",""自營商買賣超股數(避險)"":""0"",""三大法人買賣超股數"":""-26,000""}"
2026-09-24,TWSE,1471,首利            ,3000,27000,-24000,0,0,0,0,0,-2000,"{""證券代號"":""1471"",""證券名稱"":""首利            "",""外陸資買進股數(不含外資自營商)"":""3,000"",""外陸資賣出股數(不含外資自營商)"":""27,000"",""外陸資買賣超股數(不含外資自營商)"":""-24,000"",""外資自營商買進股數"":""0"",""外資自營商賣出股數"":""0"",""外資自營商買賣超股數"":""0"",""投信買進股數"":""0"",""投信賣出股數"":""0"",""投信買賣超股數"":""0"",""自營商買賣超股數"":""-2,000"",""自營商買進股數(自行買賣)"":""0"",""自營商賣出股數(自行買賣)"":""2,000"",""自營商買賣超股數(自行買賣)"":""-2,000"",""自營商買進股數(避險)"":""0"",""自營商賣出股數(避險)"":""0"",""自營商買賣超股數(避險)"":""0"",""三大法人買賣超股數"":""-26,000""}"
2026-09-24,TWSE,9136,巨騰-DR         ,42000,68000,-26000,0,0,0,0,0,0,"{""證券代號"":""9136"",""證券名稱"":""巨騰-DR         "",""外陸資買進股數(不含外資自營商)"":""42,000"",""外陸資賣出股數(不含外資自營商)"":""68,000"",""外陸資買賣超股數(不含外資自營商)"":""-26,000"",""外資自營商買進股數"":""0"",""外資自營商賣出股數"":""0"",""外資自營商買賣超股數"":""0"",""投信買進股數"":""0"",""投信賣出股數"":""0"",""投信買賣超股數"":""0"",""自營商買賣超股數"":""0"",""自營商買進股數(自行買賣)"":""0"",""自營商賣出股數(自行買賣)"":""0"",""自營商買賣超股數(自行買賣)"":""0"",""自營商買進股數(避險)"":""0"",""自營商賣出股數(避險)"":""0"",""自營商買賣超股數(避險)"":""0"",""三大法人買賣超股數"":""-26,000""}"
2026-09-24,TWSE,8271,宇瞻            ,278186,301000,-22814,0,0,0,3000,7814,-3386,"{""證券代號"":""8271"",""證券名稱"":""宇瞻            "",""外陸資買進股數(不含外資自營商)"":""278,186"",""外陸資賣出股數(不含外資自營商)"":""301,000"",""外陸資買賣超股數(不含外資自營商)"":""-22,814"",""外資自營商買進股數"":""0"",""外資自營商賣出股數"":""0"",""外資自營商買賣超股數"":""0"",""投信買進股數"":""0"",""投信賣出股數"":""0"",""投信買賣超股數"":""0"",""自營商買賣超股數"":""-3,386"",""自營商買進股數(自行買賣)"":""3,000"",""自營商賣出股數(自行買賣)"":""1,572"",""自營商買賣超股數(自行買賣)"":""1,428"",""自營商買進股數(避險)"":""3,000"",""自營商賣出股數(避險)"":""7,814"",""自營商買賣超股數(避險)"":""-4,814"",""三大法人買賣超股數"":""-26,200""}"
2026-09-24,TWSE,6164,華興            ,80737,107000,-26263,0,0,0,0,0,0,"{""證券代號"":""6164"",""證券名稱"":""華興            "",""外陸資買進股數(不含外資自營商)"":""80,737"",""外陸資賣出股數(不含外資自營商)"":""107,000"",""外陸資買賣超股數(不含外資自營商)"":""-26,263"",""外資自營商買進股數"":""0"",""外資自營商賣出股數"":""0"",""外資自營商買賣超股數"":""0"",""投信買進股數"":""0"",""投信賣出股數"":""0"",""投信買賣超股數"":""0"",""自營商買賣超股數"":""0"",""自營商買進股數(自行買賣)"":""0"",""自營商賣出股數(自行買賣)"":""0"",""自營商買賣超股數(自行買賣)"":""0"",""自營商買進股數(避險)"":""0"",""自營商賣出股數(避險)"":""0"",""自營商買賣超股數(避險)"":""0"",""三大法人買賣超股數"":""-26,263""}"
2026-09-24,TWSE,2608,嘉里大榮        ,26000,43000,-17000,0,0,0,0,10000,-10000,"{""證券代號"":""2608"",""證券名稱"":""嘉里大榮        "",""外陸資買進股數(不含外資自營商)"":""26,000"",""外陸資賣出股數(不含外資自營商)"":""43,000"",""外陸資買賣超股數(不含外資自營商)"":""-17,000"",""外資自營商買進股數"":""0"",""外資自營商賣出股數"":""0"",""外資自營商買賣超股數"":""0"",""投信買進股數"":""0"",""投信賣出股數"":""0"",""投信買賣超股數"":""0"",""自營商買賣超股數"":""-10,000"",""自營商買進股數(自行買賣)"":""0"",""自營商賣出股數(自行買賣)"":""0"",""自營商買賣超股數(自行買賣)"":""0"",""自營商買進股數(避險)"":""0"",""自營商賣出股數(避險)"":""10,000"",""自營商買賣超股數(避險)"":""-10,000"",""三大法人買賣超股數"":""-27,000""}"
2026-09-24,TWSE,2417,圓剛            ,83000,110000,-27000,0,0,0,0,0,0,"{""證券代號"":""2417"",""證券名稱"":""圓剛            "",""外陸資買進股數(不含外資自營商)"":""83,000"",""外陸資賣出股數(不含外資自營商)"":""110,000"",""外陸資買賣超股數(不含外資自營商)"":""-27,000"",""外資自營商買進股數"":""0"",""外資自營商賣出股數"":""0"",""外資自營商買賣超股數"":""0"",""投信買進股數"":""0"",""投信賣出股數"":""0"",""投信買賣超股數"":""0"",""自營商買賣超股數"":""0"",""自營商買進股數(自行買賣)"":""0"",""自營商賣出股數(自行買賣)"":""0"",""自營商買賣超股數(自行買賣)"":""0"",""自營商買進股數(避險)"":""0"",""自營商賣出股數(避險)"":""0"",""自營商買賣超股數(避險)"":""0"",""三大法人買賣超股數"":""-27,000""}"
2026-09-24,TWSE,6414,樺漢            ,359966,388465,-28499,2000,1000,1000,5502,5043,384,"{""證券代號"":""6414"",""證券名稱"":""樺漢            "",""外陸資買進股數(不含外資自營商)"":""359,966"",""外陸資賣出股數(不含外資自營商)"":""388,465"",""外陸資買賣超股數(不含外資自營商)"":""-28,499"",""外資自營商買進股數"":""0"",""外資自營商賣出股數"":""0"",""外資自營商買賣超股數"":""0"",""投信買進股數"":""2,000"",""投信賣出股數"":""1,000"",""投信買賣超股數"":""1,000"",""自營商買賣超股數"":""384"",""自營商買進股數(自行買賣)"":""0"",""自營商賣出股數(自行買賣)"":""75"",""自營商買賣超股數(自行買賣)"":""-75"",""自營商買進股數(避險)"":""5,502"",""自營商賣出股數(避險)"":""5,043"",""自營商買賣超股數(避險)"":""459"",""三大法人買賣超股數"":""-27,115""}"
2026-09-24,TWSE,6192,巨路            ,2000,27000,-25000,0,0,0,0,0,-2200,"{""證券代號"":""6192"",""證券名稱"":""巨路            "",""外陸資買進股數(不含外資自營商)"":""2,000"",""外陸資賣出股數(不含外資自營商)"":""27,000"",""外陸資買賣超股數(不含外資自營商)"":""-25,000"",""外資自營商買進股數"":""0"",""外資自營商賣出股數"":""0"",""外資自營商買賣超股數"":""0"",""投信買進股數"":""0"",""投信賣出股數"":""0"",""投信買賣超股數"":""0"",""自營商買賣超股數"":""-2,200"",""自營商買進股數(自行買賣)"":""0"",""自營商賣出股數(自行買賣)"":""2,200"",""自營商買賣超股數(自行買賣)"":""-2,200"",""自營商買進股數(避險)"":""0"",""自營商賣出股數(避險)"":""0"",""自營商買賣超股數(避險)"":""0"",""三大法人買賣超股數"":""-27,200""}"
2026-09-24,TWSE,6781,AES-KY          ,36396,60387,-23991,0,0,0,1000,4419,-3419,"{""證券代號"":""6781"",""證券名稱"":""AES-KY          "",""外陸資買進股數(不含外資自營商)"":""36,396"",""外陸資賣出股數(不含外資自營商)"":""60,387"",""外陸資買賣超股數(不含外資自營商)"":""-23,991"",""外資自營商買進股數"":""0"",""外資自營商賣出股數"":""0"",""外資自營商買賣超股數"":""0"",""投信買進股數"":""0"",""投信賣出股數"":""0"",""投信買賣超股數"":""0"",""自營商買賣超股數"":""-3,419"",""自營商買進股數(自行買賣)"":""0"",""自營商賣出股數(自行買賣)"":""0"",""自營商買賣超股數(自行買賣)"":""0"",""自營商買進股數(避險)"":""1,000"",""自營商賣出股數(避險)"":""4,419"",""自營商買賣超股數(避險)"":""-3,419"",""三大法人買賣超股數"":""-27,410""}"
2026-09-24,TWSE,1623,大東電          ,5000,33060,-28060,0,0,0,0,0,0,"{""證券代號"":""1623"",""證券名稱"":""大東電          "",""外陸資買進股數(不含外資自營商)"":""5,000"",""外陸資賣出股數(不含外資自營商)"":""33,060"",""外陸資買賣超股數(不含外資自營商)"":""-28,060"",""外資自營商買進股數"":""0"",""外資自營商賣出股數"":""0"",""外資自營商買賣超股數"":""0"",""投信買進股數"":""0"",""投信賣出股數"":""0"",""投信買賣超股數"":""0"",""自營商買賣超股數"":""0"",""自營商買進股數(自行買賣)"":""0"",""自營商賣出股數(自行買賣)"":""0"",""自營商買賣超股數(自行買賣)"":""0"",""自營商買進股數(避險)"":""0"",""自營商賣出股數(避險)"":""0"",""自營商買賣超股數(避險)"":""0"",""三大法人買賣超股數"":""-28,060""}"
2026-09-24,TWSE,4739,康普            ,102000,129920,-27920,0,0,0,375,521,-146,"{""證券代號"":""4739"",""證券名稱"":""康普            "",""外陸資買進股數(不含外資自營商)"":""102,000"",""外陸資賣出股數(不含外資自營商)"":""129,920"",""外陸資買賣超股數(不含外資自營商)"":""-27,920"",""外資自營商買進股數"":""0"",""外資自營商賣出股數"":""0"",""外資自營商買賣超股數"":""0"",""投信買進股數"":""0"",""投信賣出股數"":""0"",""投信買賣超股數"":""0"",""自營商買賣超股數"":""-146"",""自營商買進股數(自行買賣)"":""0"",""自營商賣出股數(自行買賣)"":""0"",""自營商買賣超股數(自行買賣)"":""0"",""自營商買進股數(避險)"":""375"",""自營商賣出股數(避險)"":""521"",""自營商買賣超股數(避險)"":""-146"",""三大法人買賣超股數"":""-28,066""}"
2026-09-24,TWSE,2038,海光            ,146598,174071,-27473,0,0,0,0,0,-1000,"{""證券代號"":""2038"",""證券名稱"":""海光            "",""外陸資買進股數(不含外資自營商)"":""146,598"",""外陸資賣出股數(不含外資自營商)"":""174,071"",""外陸資買賣超股數(不含外資自營商)"":""-27,473"",""外資自營商買進股數"":""0"",""外資自營商賣出股數"":""0"",""外資自營商買賣超股數"":""0"",""投信買進股數"":""0"",""投信賣出股數"":""0"",""投信買賣超股數"":""0"",""自營商買賣超股數"":""-1,000"",""自營商買進股數(自行買賣)"":""1,000"",""自營商賣出股數(自行買賣)"":""2,000"",""自營商買賣超股數(自行買賣)"":""-1,000"",""自營商買進股數(避險)"":""0"",""自營商賣出股數(避險)"":""0"",""自營商買賣超股數(避險)"":""0"",""三大法人買賣超股數"":""-28,473""}"
2026-09-24,TWSE,2023,燁輝            ,327749,356326,-28577,0,0,0,0,0,0,"{""證券代號"":""2023"",""證券名稱"":""燁輝            "",""外陸資買進股數(不含外資自營商)"":""327,749"",""外陸資賣出股數(不含外資自營商)"":""356,326"",""外陸資買賣超股數(不含外資自營商)"":""-28,577"",""外資自營商買進股數"":""0"",""外資自營商賣出股數"":""0"",""外資自營商買賣超股數"":""0"",""投信買進股數"":""0"",""投信賣出股數"":""0"",""投信買賣超股數"":""0"",""自營商買賣超股數"":""0"",""自營商買進股數(自行買賣)"":""0"",""自營商賣出股數(自行買賣)"":""0"",""自營商買賣超股數(自行買賣)"":""0"",""自營商買進股數(避險)"":""0"",""自營商賣出股數(避險)"":""0"",""自營商買賣超股數(避險)"":""0"",""三大法人買賣超股數"":""-28,577""}"
2026-09-24,TWSE,009809,富邦淨零ESG50   ,0,2000,-2000,0,0,0,283000,309687,-26687,"{""證券代號"":""009809"",""證券名稱"":""富邦淨零ESG50   "",""外陸資買進股數(不含外資自營商)"":""0"",""外陸資賣出股數(不含外資自營商)"":""2,000"",""外陸資買賣超股數(不含外資自營商)"":""-2,000"",""外資自營商買進股數"":""0"",""外資自營商賣出股數"":""0"",""外資自營商買賣超股數"":""0"",""投信買進股數"":""0"",""投信賣出股數"":""0"",""投信買賣超股數"":""0"",""自營商買賣超股數"":""-26,687"",""自營商買進股數(自行買賣)"":""0"",""自營商賣出股數(自行買賣)"":""0"",""自營商買賣超股數(自行買賣)"":""0"",""自營商買進股數(避險)"":""283,000"",""自營商賣出股數(避險)"":""309,687"",""自營商買賣超股數(避險)"":""-26,687"",""三大法人買賣超股數"":""-28,687""}"
2026-09-24,TWSE,3416,融程電          ,31000,58000,-27000,0,0,0,1000,2999,-2017,"{""證券代號"":""3416"",""證券名稱"":""融程電          "",""外陸資買進股數(不含外資自營商)"":""31,000"",""外陸資賣出股數(不含外資自營商)"":""58,000"",""外陸資買賣超股數(不含外資自營商)"":""-27,000"",""外資自營商買進股數"":""0"",""外資自營商賣出股數"":""0"",""外資自營商買賣超股數"":""0"",""投信買進股數"":""0"",""投信賣出股數"":""0"",""投信買賣超股數"":""0"",""自營商買賣超股數"":""-2,017"",""自營商買進股數(自行買賣)"":""0"",""自營商賣出股數(自行買賣)"":""18"",""自營商買賣超股數(自行買賣)"":""-18"",""自營商買進股數(避險)"":""1,000"",""自營商賣出股數(避險)"":""2,999"",""自營商買賣超股數(避險)"":""-1,999"",""三大法人買賣超股數"":""-29,017""}"
2026-09-24,TWSE,2376,技嘉            ,2567258,2328722,238536,0,210000,-210000,15998,65651,-57620,"{""證券代號"":""2376"",""證券名稱"":""技嘉            "",""外陸資買進股數(不含外資自營商)"":""2,567,258"",""外陸資賣出股數(不含外資自營商)"":""2,328,722"",""外陸資買賣超股數(不含外資自營商)"":""238,536"",""外資自營商買進股數"":""0"",""外資自營商賣出股數"":""0"",""外資自營商買賣超股數"":""0"",""投信買進股數"":""0"",""投信賣出股數"":""210,000"",""投信買賣超股數"":""-210,000"",""自營商買賣超股數"":""-57,620"",""自營商買進股數(自行買賣)"":""12,000"",""自營商賣出股數(自行買賣)"":""19,967"",""自營商買賣超股數(自行買賣)"":""-7,967"",""自營商買進股數(避險)"":""15,998"",""自營商賣出股數(避險)"":""65,651"",""自營商買賣超股數(避險)"":""-49,653"",""三大法人買賣超股數"":""-29,084""}"
2026-09-24,TWSE,4137,麗豐-KY         ,17000,46000,-29000,0,0,0,0,0,-149,"{""證券代號"":""4137"",""證券名稱"":""麗豐-KY         "",""外陸資買進股數(不含外資自營商)"":""17,000"",""外陸資賣出股數(不含外資自營商)"":""46,000"",""外陸資買賣超股數(不含外資自營商)"":""-29,000"",""外資自營商買進股數"":""0"",""外資自營商賣出股數"":""0"",""外資自營商買賣超股數"":""0"",""投信買進股數"":""0"",""投信賣出股數"":""0"",""投信買賣超股數"":""0"",""自營商買賣超股數"":""-149"",""自營商買進股數(自行買賣)"":""1,000"",""自營商賣出股數(自行買賣)"":""1,149"",""自營商買賣超股數(自行買賣)"":""-149"",""自營商買進股數(避險)"":""0"",""自營商賣出股數(避險)"":""0"",""自營商買賣超股數(避險)"":""0"",""三大法人買賣超股數"":""-29,149""}"
2026-09-24,TWSE,2107,厚生            ,31559,60000,-28441,0,0,0,0,0,-1000,"{""證券代號"":""2107"",""證券名稱"":""厚生            "",""外陸資買進股數(不含外資自營商)"":""31,559"",""外陸資賣出股數(不含外資自營商)"":""60,000"",""外陸資買賣超股數(不含外資自營商)"":""-28,441"",""外資自營商買進股數"":""0"",""外資自營商賣出股數"":""0"",""外資自營商買賣超股數"":""0"",""投信買進股數"":""0"",""投信賣出股數"":""0"",""投信買賣超股數"":""0"",""自營商買賣超股數"":""-1,000"",""自營商買進股數(自行買賣)"":""0"",""自營商賣出股數(自行買賣)"":""1,000"",""自營商買賣超股數(自行買賣)"":""-1,000"",""自營商買進股數(避險)"":""0"",""自營商賣出股數(避險)"":""0"",""自營商買賣超股數(避險)"":""0"",""三大法人買賣超股數"":""-29,441""}"
2026-09-24,TWSE,2762,世界健身-KY     ,8000,38000,-30000,0,0,0,0,0,0,"{""證券代號"":""2762"",""證券名稱"":""世界健身-KY     "",""外陸資買進股數(不含外資自營商)"":""8,000"",""外陸資賣出股數(不含外資自營商)"":""38,000"",""外陸資買賣超股數(不含外資自營商)"":""-30,000"",""外資自營商買進股數"":""0"",""外資自營商賣出股數"":""0"",""外資自營商買賣超股數"":""0"",""投信買進股數"":""0"",""投信賣出股數"":""0"",""投信買賣超股數"":""0"",""自營商買賣超股數"":""0"",""自營商買進股數(自行買賣)"":""0"",""自營商賣出股數(自行買賣)"":""0"",""自營商買賣超股數(自行買賣)"":""0"",""自營商買進股數(避險)"":""0"",""自營商賣出股數(避險)"":""0"",""自營商買賣超股數(避險)"":""0"",""三大法人買賣超股數"":""-30,000""}"
2026-09-24,TWSE,4755,三福化          ,21000,54000,-33000,0,0,0,3000,0,3000,"{""證券代號"":""4755"",""證券名稱"":""三福化          "",""外陸資買進股數(不含外資自營商)"":""21,000"",""外陸資賣出股數(不含外資自營商)"":""54,000"",""外陸資買賣超股數(不含外資自營商)"":""-33,000"",""外資自營商買進股數"":""0"",""外資自營商賣出股數"":""0"",""外資自營商買賣超股數"":""0"",""投信買進股數"":""0"",""投信賣出股數"":""0"",""投信買賣超股數"":""0"",""自營商買賣超股數"":""3,000"",""自營商買進股數(自行買賣)"":""0"",""自營商賣出股數(自行買賣)"":""0"",""自營商買賣超股數(自行買賣)"":""0"",""自營商買進股數(避險)"":""3,000"",""自營商賣出股數(避險)"":""0"",""自營商買賣超股數(避險)"":""3,000"",""三大法人買賣超股數"":""-30,000""}"
2026-09-24,TWSE,8011,台通            ,25000,55000,-30000,0,0,0,0,0,0,"{""證券代號"":""8011"",""證券名稱"":""台通            "",""外陸資買進股數(不含外資自營商)"":""25,000"",""外陸資賣出股數(不含外資自營商)"":""55,000"",""外陸資買賣超股數(不含外資自營商)"":""-30,000"",""外資自營商買進股數"":""0"",""外資自營商賣出股數"":""0"",""外資自營商買賣超股數"":""0"",""投信買進股數"":""0"",""投信賣出股數"":""0"",""投信買賣超股數"":""0"",""自營商買賣超股數"":""0"",""自營商買進股數(自行買賣)"":""0"",""自營商賣出股數(自行買賣)"":""0"",""自營商買賣超股數(自行買賣)"":""0"",""自營商買進股數(避險)"":""0"",""自營商賣出股數(避險)"":""0"",""自營商買賣超股數(避險)"":""0"",""三大法人買賣超股數"":""-30,000""}"
2026-09-24,TWSE,6282,康舒            ,767000,805360,-38360,0,0,0,4000,12558,7442,"{""證券代號"":""6282"",""證券名稱"":""康舒            "",""外陸資買進股數(不含外資自營商)"":""767,000"",""外陸資賣出股數(不含外資自營商)"":""805,360"",""外陸資買賣超股數(不含外資自營商)"":""-38,360"",""外資自營商買進股數"":""0"",""外資自營商賣出股數"":""0"",""外資自營商買賣超股數"":""0"",""投信買進股數"":""0"",""投信賣出股數"":""0"",""投信買賣超股數"":""0"",""自營商買賣超股數"":""7,442"",""自營商買進股數(自行買賣)"":""27,000"",""自營商賣出股數(自行買賣)"":""11,000"",""自營商買賣超股數(自行買賣)"":""16,000"",""自營商買進股數(避險)"":""4,000"",""自營商賣出股數(避險)"":""12,558"",""自營商買賣超股數(避險)"":""-8,558"",""三大法人買賣超股數"":""-30,918""}"
2026-09-24,TWSE,1108,幸福            ,4000,35000,-31000,0,0,0,0,0,0,"{""證券代號"":""1108"",""證券名稱"":""幸福            "",""外陸資買進股數(不含外資自營商)"":""4,000"",""外陸資賣出股數(不含外資自營商)"":""35,000"",""外陸資買賣超股數(不含外資自營商)"":""-31,000"",""外資自營商買進股數"":""0"",""外資自營商賣出股數"":""0"",""外資自營商買賣超股數"":""0"",""投信買進股數"":""0"",""投信賣出股數"":""0"",""投信買賣超股數"":""0"",""自營商買賣超股數"":""0"",""自營商買進股數(自行買賣)"":""0"",""自營商賣出股數(自行買賣)"":""0"",""自營商買賣超股數(自行買賣)"":""0"",""自營商買進股數(避險)"":""0"",""自營商賣出股數(避險)"":""0"",""自營商買賣超股數(避險)"":""0"",""三大法人買賣超股數"":""-31,000""}"
2026-09-24,TWSE,1321,大洋            ,0,31000,-31000,0,0,0,0,0,0,"{""證券代號"":""1321"",""證券名稱"":""大洋            "",""外陸資買進股數(不含外資自營商)"":""0"",""外陸資賣出股數(不含外資自營商)"":""31,000"",""外陸資買賣超股數(不含外資自營商)"":""-31,000"",""外資自營商買進股數"":""0"",""外資自營商賣出股數"":""0"",""外資自營商買賣超股數"":""0"",""投信買進股數"":""0"",""投信賣出股數"":""0"",""投信買賣超股數"":""0"",""自營商買賣超股數"":""0"",""自營商買進股數(自行買賣)"":""0"",""自營商賣出股數(自行買賣)"":""0"",""自營商買賣超股數(自行買賣)"":""0"",""自營商買進股數(避險)"":""0"",""自營商賣出股數(避險)"":""0"",""自營商買賣超股數(避險)"":""0"",""三大法人買賣超股數"":""-31,000""}"
2026-09-24,TWSE,2007,燁興            ,4000,35000,-31000,0,0,0,0,0,0,"{""證券代號"":""2007"",""證券名稱"":""燁興            "",""外陸資買進股數(不含外資自營商)"":""4,000"",""外陸資賣出股數(不含外資自營商)"":""35,000"",""外陸資買賣超股數(不含外資自營商)"":""-31,000"",""外資自營商買進股數"":""0"",""外資自營商賣出股數"":""0"",""外資自營商買賣超股數"":""0"",""投信買進股數"":""0"",""投信賣出股數"":""0"",""投信買賣超股數"":""0"",""自營商買賣超股數"":""0"",""自營商買進股數(自行買賣)"":""0"",""自營商賣出股數(自行買賣)"":""0"",""自營商買賣超股數(自行買賣)"":""0"",""自營商買進股數(避險)"":""0"",""自營商賣出股數(避險)"":""0"",""自營商買賣超股數(避險)"":""0"",""三大法人買賣超股數"":""-31,000""}"
2026-09-24,TWSE,2832,台產            ,15000,40096,-25096,0,0,0,2000,8123,-6123,"{""證券代號"":""2832"",""證券名稱"":""台產            "",""外陸資買進股數(不含外資自營商)"":""15,000"",""外陸資賣出股數(不含外資自營商)"":""40,096"",""外陸資買賣超股數(不含外資自營商)"":""-25,096"",""外資自營商買進股數"":""0"",""外資自營商賣出股數"":""0"",""外資自營商買賣超股數"":""0"",""投信買進股數"":""0"",""投信賣出股數"":""0"",""投信買賣超股數"":""0"",""自營商買賣超股數"":""-6,123"",""自營商買進股數(自行買賣)"":""0"",""自營商賣出股數(自行買賣)"":""0"",""自營商買賣超股數(自行買賣)"":""0"",""自營商買進股數(避險)"":""2,000"",""自營商賣出股數(避險)"":""8,123"",""自營商買賣超股數(避險)"":""-6,123"",""三大法人買賣超股數"":""-31,219""}"
2026-09-24,TWSE,3705,永信            ,36013,68000,-31987,0,0,0,0,0,0,"{""證券代號"":""3705"",""證券名稱"":""永信            "",""外陸資買進股數(不含外資自營商)"":""36,013"",""外陸資賣出股數(不含外資自營商)"":""68,000"",""外陸資買賣超股數(不含外資自營商)"":""-31,987"",""外資自營商買進股數"":""0"",""外資自營商賣出股數"":""0"",""外資自營商買賣超股數"":""0"",""投信買進股數"":""0"",""投信賣出股數"":""0"",""投信買賣超股數"":""0"",""自營商買賣超股數"":""0"",""自營商買進股數(自行買賣)"":""0"",""自營商賣出股數(自行買賣)"":""0"",""自營商買賣超股數(自行買賣)"":""0"",""自營商買進股數(避險)"":""0"",""自營商賣出股數(避險)"":""0"",""自營商買賣超股數(避險)"":""0"",""三大法人買賣超股數"":""-31,987""}"
2026-09-24,TWSE,9925,新保            ,81758,112000,-30242,0,0,0,0,0,-2000,"{""證券代號"":""9925"",""證券名稱"":""新保            "",""外陸資買進股數(不含外資自營商)"":""81,758"",""外陸資賣出股數(不含外資自營商)"":""112,000"",""外陸資買賣超股數(不含外資自營商)"":""-30,242"",""外資自營商買進股數"":""0"",""外資自營商賣出股數"":""0"",""外資自營商買賣超股數"":""0"",""投信買進股數"":""0"",""投信賣出股數"":""0"",""投信買賣超股數"":""0"",""自營商買賣超股數"":""-2,000"",""自營商買進股數(自行買賣)"":""0"",""自營商賣出股數(自行買賣)"":""2,000"",""自營商買賣超股數(自行買賣)"":""-2,000"",""自營商買進股數(避險)"":""0"",""自營商賣出股數(避險)"":""0"",""自營商買賣超股數(避險)"":""0"",""三大法人買賣超股數"":""-32,242""}"
2026-09-24,TWSE,9908,大台北          ,7000,39415,-32415,0,0,0,0,0,-107,"{""證券代號"":""9908"",""證券名稱"":""大台北          "",""外陸資買進股數(不含外資自營商)"":""7,000"",""外陸資賣出股數(不含外資自營商)"":""39,415"",""外陸資買賣超股數(不含外資自營商)"":""-32,415"",""外資自營商買進股數"":""0"",""外資自營商賣出股數"":""0"",""外資自營商買賣超股數"":""0"",""投信買進股數"":""0"",""投信賣出股數"":""0"",""投信買賣超股數"":""0"",""自營商買賣超股數"":""-107"",""自營商買進股數(自行買賣)"":""0"",""自營商賣出股數(自行買賣)"":""107"",""自營商買賣超股數(自行買賣)"":""-107"",""自營商買進股數(避險)"":""0"",""自營商賣出股數(避險)"":""0"",""自營商買賣超股數(避險)"":""0"",""三大法人買賣超股數"":""-32,522""}"
2026-09-24,TWSE,3321,同泰            ,14000,47000,-33000,0,0,0,0,0,0,"{""證券代號"":""3321"",""證券名稱"":""同泰            "",""外陸資買進股數(不含外資自營商)"":""14,000"",""外陸資賣出股數(不含外資自營商)"":""47,000"",""外陸資買賣超股數(不含外資自營商)"":""-33,000"",""外資自營商買進股數"":""0"",""外資自營商賣出股數"":""0"",""外資自營商買賣超股數"":""0"",""投信買進股數"":""0"",""投信賣出股數"":""0"",""投信買賣超股數"":""0"",""自營商買賣超股數"":""0"",""自營商買進股數(自行買賣)"":""0"",""自營商賣出股數(自行買賣)"":""0"",""自營商買賣超股數(自行買賣)"":""0"",""自營商買進股數(避險)"":""0"",""自營商賣出股數(避險)"":""0"",""自營商買賣超股數(避險)"":""0"",""三大法人買賣超股數"":""-33,000""}"
2026-09-24,TWSE,2243,宏旭-KY         ,61000,95021,-34021,0,0,0,0,0,-426,"{""證券代號"":""2243"",""證券名稱"":""宏旭-KY         "",""外陸資買進股數(不含外資自營商)"":""61,000"",""外陸資賣出股數(不含外資自營商)"":""95,021"",""外陸資買賣超股數(不含外資自營商)"":""-34,021"",""外資自營商買進股數"":""0"",""外資自營商賣出股數"":""0"",""外資自營商買賣超股數"":""0"",""投信買進股數"":""0"",""投信賣出股數"":""0"",""投信買賣超股數"":""0"",""自營商買賣超股數"":""-426"",""自營商買進股數(自行買賣)"":""0"",""自營商賣出股數(自行買賣)"":""426"",""自營商買賣超股數(自行買賣)"":""-426"",""自營商買進股數(避險)"":""0"",""自營商賣出股數(避險)"":""0"",""自營商買賣超股數(避險)"":""0"",""三大法人買賣超股數"":""-34,447""}"
2026-09-24,TWSE,7765,中華資安        ,9037,44000,-34963,0,0,0,0,0,0,"{""證券代號"":""7765"",""證券名稱"":""中華資安        "",""外陸資買進股數(不含外資自營商)"":""9,037"",""外陸資賣出股數(不含外資自營商)"":""44,000"",""外陸資買賣超股數(不含外資自營商)"":""-34,963"",""外資自營商買進股數"":""0"",""外資自營商賣出股數"":""0"",""外資自營商買賣超股數"":""0"",""投信買進股數"":""0"",""投信賣出股數"":""0"",""投信買賣超股數"":""0"",""自營商買賣超股數"":""0"",""自營商買進股數(自行買賣)"":""0"",""自營商賣出股數(自行買賣)"":""0"",""自營商買賣超股數(自行買賣)"":""0"",""自營商買進股數(避險)"":""0"",""自營商賣出股數(避險)"":""0"",""自營商買賣超股數(避險)"":""0"",""三大法人買賣超股數"":""-34,963""}"
2026-09-24,TWSE,1235,興泰            ,9000,44000,-35000,0,0,0,0,0,0,"{""證券代號"":""1235"",""證券名稱"":""興泰            "",""外陸資買進股數(不含外資自營商)"":""9,000"",""外陸資賣出股數(不含外資自營商)"":""44,000"",""外陸資買賣超股數(不含外資自營商)"":""-35,000"",""外資自營商買進股數"":""0"",""外資自營商賣出股數"":""0"",""外資自營商買賣超股數"":""0"",""投信買進股數"":""0"",""投信賣出股數"":""0"",""投信買賣超股數"":""0"",""自營商買賣超股數"":""0"",""自營商買進股數(自行買賣)"":""0"",""自營商賣出股數(自行買賣)"":""0"",""自營商買賣超股數(自行買賣)"":""0"",""自營商買進股數(避險)"":""0"",""自營商賣出股數(避險)"":""0"",""自營商買賣超股數(避險)"":""0"",""三大法人買賣超股數"":""-35,000""}"
2026-09-24,TWSE,5706,鳳凰            ,6000,32000,-26000,0,0,0,0,0,-9576,"{""證券代號"":""5706"",""證券名稱"":""鳳凰            "",""外陸資買進股數(不含外資自營商)"":""6,000"",""外陸資賣出股數(不含外資自營商)"":""32,000"",""外陸資買賣超股數(不含外資自營商)"":""-26,000"",""外資自營商買進股數"":""0"",""外資自營商賣出股數"":""0"",""外資自營商買賣超股數"":""0"",""投信買進股數"":""0"",""投信賣出股數"":""0"",""投信買賣超股數"":""0"",""自營商買賣超股數"":""-9,576"",""自營商買進股數(自行買賣)"":""0"",""自營商賣出股數(自行買賣)"":""9,576"",""自營商買賣超股數(自行買賣)"":""-9,576"",""自營商買進股數(避險)"":""0"",""自營商賣出股數(避險)"":""0"",""自營商買賣超股數(避險)"":""0"",""三大法人買賣超股數"":""-35,576""}"
2026-09-24,TWSE,006205,富邦上証        ,0,2000,-2000,99000,0,99000,10200,142886,-132686,"{""證券代號"":""006205"",""證券名稱"":""富邦上証        "",""外陸資買進股數(不含外資自營商)"":""0"",""外陸資賣出股數(不含外資自營商)"":""2,000"",""外陸資買賣超股數(不含外資自營商)"":""-2,000"",""外資自營商買進股數"":""0"",""外資自營商賣出股數"":""0"",""外資自營商買賣超股數"":""0"",""投信買進股數"":""99,000"",""投信賣出股數"":""0"",""投信買賣超股數"":""99,000"",""自營商買賣超股數"":""-132,686"",""自營商買進股數(自行買賣)"":""0"",""自營商賣出股數(自行買賣)"":""0"",""自營商買賣超股數(自行買賣)"":""0"",""自營商買進股數(避險)"":""10,200"",""自營商賣出股數(避險)"":""142,886"",""自營商買賣超股數(避險)"":""-132,686"",""三大法人買賣超股數"":""-35,686""}"
2026-09-24,TWSE,8404,百和興業-KY     ,50000,82000,-32000,0,0,0,0,0,-4000,"{""證券代號"":""8404"",""證券名稱"":""百和興業-KY     "",""外陸資買進股數(不含外資自營商)"":""50,000"",""外陸資賣出股數(不含外資自營商)"":""82,000"",""外陸資買賣超股數(不含外資自營商)"":""-32,000"",""外資自營商買進股數"":""0"",""外資自營商賣出股數"":""0"",""外資自營商買賣超股數"":""0"",""投信買進股數"":""0"",""投信賣出股數"":""0"",""投信買賣超股數"":""0"",""自營商買賣超股數"":""-4,000"",""自營商買進股數(自行買賣)"":""0"",""自營商賣出股數(自行買賣)"":""4,000"",""自營商買賣超股數(自行買賣)"":""-4,000"",""自營商買進股數(避險)"":""0"",""自營商賣出股數(避險)"":""0"",""自營商買賣超股數(避險)"":""0"",""三大法人買賣超股數"":""-36,000""}"
2026-09-24,TWSE,2420,新巨            ,11000,35000,-24000,0,0,0,0,210,-12210,"{""證券代號"":""2420"",""證券名稱"":""新巨            "",""外陸資買進股數(不含外資自營商)"":""11,000"",""外陸資賣出股數(不含外資自營商)"":""35,000"",""外陸資買賣超股數(不含外資自營商)"":""-24,000"",""外資自營商買進股數"":""0"",""外資自營商賣出股數"":""0"",""外資自營商買賣超股數"":""0"",""投信買進股數"":""0"",""投信賣出股數"":""0"",""投信買賣超股數"":""0"",""自營商買賣超股數"":""-12,210"",""自營商買進股數(自行買賣)"":""0"",""自營商賣出股數(自行買賣)"":""12,000"",""自營商買賣超股數(自行買賣)"":""-12,000"",""自營商買進股數(避險)"":""0"",""自營商賣出股數(避險)"":""210"",""自營商買賣超股數(避險)"":""-210"",""三大法人買賣超股數"":""-36,210""}"
2026-09-24,TWSE,5234,達興材料        ,19000,52000,-33000,0,0,0,2000,2273,-3273,"{""證券代號"":""5234"",""證券名稱"":""達興材料        "",""外陸資買進股數(不含外資自營商)"":""19,000"",""外陸資賣出股數(不含外資自營商)"":""52,000"",""外陸資買賣超股數(不含外資自營商)"":""-33,000"",""外資自營商買進股數"":""0"",""外資自營商賣出股數"":""0"",""外資自營商買賣超股數"":""0"",""投信買進股數"":""0"",""投信賣出股數"":""0"",""投信買賣超股數"":""0"",""自營商買賣超股數"":""-3,273"",""自營商買進股數(自行買賣)"":""1,000"",""自營商賣出股數(自行買賣)"":""4,000"",""自營商買賣超股數(自行買賣)"":""-3,000"",""自營商買進股數(避險)"":""2,000"",""自營商賣出股數(避險)"":""2,273"",""自營商買賣超股數(避險)"":""-273"",""三大法人買賣超股數"":""-36,273""}"
2026-09-24,TWSE,1464,得力            ,16000,52316,-36316,0,0,0,0,0,0,"{""證券代號"":""1464"",""證券名稱"":""得力            "",""外陸資買進股數(不含外資自營商)"":""16,000"",""外陸資賣出股數(不含外資自營商)"":""52,316"",""外陸資買賣超股數(不含外資自營商)"":""-36,316"",""外資自營商買進股數"":""0"",""外資自營商賣出股數"":""0"",""外資自營商買賣超股數"":""0"",""投信買進股數"":""0"",""投信賣出股數"":""0"",""投信買賣超股數"":""0"",""自營商買賣超股數"":""0"",""自營商買進股數(自行買賣)"":""0"",""自營商賣出股數(自行買賣)"":""0"",""自營商買賣超股數(自行買賣)"":""0"",""自營商買進股數(避險)"":""0"",""自營商賣出股數(避險)"":""0"",""自營商買賣超股數(避險)"":""0"",""三大法人買賣超股數"":""-36,316""}"
2026-09-24,TWSE,6412,群電            ,99000,122000,-23000,0,0,0,1000,14602,-13602,"{""證券代號"":""6412"",""證券名稱"":""群電            "",""外陸資買進股數(不含外資自營商)"":""99,000"",""外陸資賣出股數(不含外資自營商)"":""122,000"",""外陸資買賣超股數(不含外資自營商)"":""-23,000"",""外資自營商買進股數"":""0"",""外資自營商賣出股數"":""0"",""外資自營商買賣超股數"":""0"",""投信買進股數"":""0"",""投信賣出股數"":""0"",""投信買賣超股數"":""0"",""自營商買賣超股數"":""-13,602"",""自營商買進股數(自行買賣)"":""0"",""自營商賣出股數(自行買賣)"":""0"",""自營商買賣超股數(自行買賣)"":""0"",""自營商買進股數(避險)"":""1,000"",""自營商賣出股數(避險)"":""14,602"",""自營商買賣超股數(避險)"":""-13,602"",""三大法人買賣超股數"":""-36,602""}"
2026-09-24,TWSE,1604,聲寶            ,5003,42000,-36997,0,0,0,0,0,0,"{""證券代號"":""1604"",""證券名稱"":""聲寶            "",""外陸資買進股數(不含外資自營商)"":""5,003"",""外陸資賣出股數(不含外資自營商)"":""42,000"",""外陸資買賣超股數(不含外資自營商)"":""-36,997"",""外資自營商買進股數"":""0"",""外資自營商賣出股數"":""0"",""外資自營商買賣超股數"":""0"",""投信買進股數"":""0"",""投信賣出股數"":""0"",""投信買賣超股數"":""0"",""自營商買賣超股數"":""0"",""自營商買進股數(自行買賣)"":""0"",""自營商賣出股數(自行買賣)"":""0"",""自營商買賣超股數(自行買賣)"":""0"",""自營商買進股數(避險)"":""0"",""自營商賣出股數(避險)"":""0"",""自營商買賣超股數(避險)"":""0"",""三大法人買賣超股數"":""-36,997""}"
2026-09-24,TWSE,6863,永道-KY         ,0,40000,-40000,0,0,0,0,0,3000,"{""證券代號"":""6863"",""證券名稱"":""永道-KY         "",""外陸資買進股數(不含外資自營商)"":""0"",""外陸資賣出股數(不含外資自營商)"":""40,000"",""外陸資買賣超股數(不含外資自營商)"":""-40,000"",""外資自營商買進股數"":""0"",""外資自營商賣出股數"":""0"",""外資自營商買賣超股數"":""0"",""投信買進股數"":""0"",""投信賣出股數"":""0"",""投信買賣超股數"":""0"",""自營商買賣超股數"":""3,000"",""自營商買進股數(自行買賣)"":""3,000"",""自營商賣出股數(自行買賣)"":""0"",""自營商買賣超股數(自行買賣)"":""3,000"",""自營商買進股數(避險)"":""0"",""自營商賣出股數(避險)"":""0"",""自營商買賣超股數(避險)"":""0"",""三大法人買賣超股數"":""-37,000""}"
2026-09-24,TWSE,3669,圓展            ,10000,47000,-37000,0,0,0,0,0,0,"{""證券代號"":""3669"",""證券名稱"":""圓展            "",""外陸資買進股數(不含外資自營商)"":""10,000"",""外陸資賣出股數(不含外資自營商)"":""47,000"",""外陸資買賣超股數(不含外資自營商)"":""-37,000"",""外資自營商買進股數"":""0"",""外資自營商賣出股數"":""0"",""外資自營商買賣超股數"":""0"",""投信買進股數"":""0"",""投信賣出股數"":""0"",""投信買賣超股數"":""0"",""自營商買賣超股數"":""0"",""自營商買進股數(自行買賣)"":""0"",""自營商賣出股數(自行買賣)"":""0"",""自營商買賣超股數(自行買賣)"":""0"",""自營商買進股數(避險)"":""0"",""自營商賣出股數(避險)"":""0"",""自營商買賣超股數(避險)"":""0"",""三大法人買賣超股數"":""-37,000""}"
2026-09-24,TWSE,9935,慶豐富          ,8000,45010,-37010,0,0,0,0,0,0,"{""證券代號"":""9935"",""證券名稱"":""慶豐富          "",""外陸資買進股數(不含外資自營商)"":""8,000"",""外陸資賣出股數(不含外資自營商)"":""45,010"",""外陸資買賣超股數(不含外資自營商)"":""-37,010"",""外資自營商買進股數"":""0"",""外資自營商賣出股數"":""0"",""外資自營商買賣超股數"":""0"",""投信買進股數"":""0"",""投信賣出股數"":""0"",""投信買賣超股數"":""0"",""自營商買賣超股數"":""0"",""自營商買進股數(自行買賣)"":""0"",""自營商賣出股數(自行買賣)"":""0"",""自營商買賣超股數(自行買賣)"":""0"",""自營商買進股數(避險)"":""0"",""自營商賣出股數(避險)"":""0"",""自營商買賣超股數(避險)"":""0"",""三大法人買賣超股數"":""-37,010""}"
2026-09-24,TWSE,9917,中保科          ,7665,44111,-36446,0,1000,-1000,0,0,0,"{""證券代號"":""9917"",""證券名稱"":""中保科          "",""外陸資買進股數(不含外資自營商)"":""7,665"",""外陸資賣出股數(不含外資自營商)"":""44,111"",""外陸資買賣超股數(不含外資自營商)"":""-36,446"",""外資自營商買進股數"":""0"",""外資自營商賣出股數"":""0"",""外資自營商買賣超股數"":""0"",""投信買進股數"":""0"",""投信賣出股數"":""1,000"",""投信買賣超股數"":""-1,000"",""自營商買賣超股數"":""0"",""自營商買進股數(自行買賣)"":""0"",""自營商賣出股數(自行買賣)"":""0"",""自營商買賣超股數(自行買賣)"":""0"",""自營商買進股數(避險)"":""0"",""自營商賣出股數(避險)"":""0"",""自營商買賣超股數(避險)"":""0"",""三大法人買賣超股數"":""-37,446""}"
2026-09-24,TWSE,4977,眾達-KY         ,232372,255000,-22628,0,0,0,15644,30935,-15291,"{""證券代號"":""4977"",""證券名稱"":""眾達-KY         "",""外陸資買進股數(不含外資自營商)"":""232,372"",""外陸資賣出股數(不含外資自營商)"":""255,000"",""外陸資買賣超股數(不含外資自營商)"":""-22,628"",""外資自營商買進股數"":""0"",""外資自營商賣出股數"":""0"",""外資自營商買賣超股數"":""0"",""投信買進股數"":""0"",""投信賣出股數"":""0"",""投信買賣超股數"":""0"",""自營商買賣超股數"":""-15,291"",""自營商買進股數(自行買賣)"":""0"",""自營商賣出股數(自行買賣)"":""0"",""自營商買賣超股數(自行買賣)"":""0"",""自營商買進股數(避險)"":""15,644"",""自營商賣出股數(避險)"":""30,935"",""自營商買賣超股數(避險)"":""-15,291"",""三大法人買賣超股數"":""-37,919""}"
2026-09-24,TWSE,1760,寶齡富錦        ,7000,44946,-37946,0,0,0,0,0,0,"{""證券代號"":""1760"",""證券名稱"":""寶齡富錦        "",""外陸資買進股數(不含外資自營商)"":""7,000"",""外陸資賣出股數(不含外資自營商)"":""44,946"",""外陸資買賣超股數(不含外資自營商)"":""-37,946"",""外資自營商買進股數"":""0"",""外資自營商賣出股數"":""0"",""外資自營商買賣超股數"":""0"",""投信買進股數"":""0"",""投信賣出股數"":""0"",""投信買賣超股數"":""0"",""自營商買賣超股數"":""0"",""自營商買進股數(自行買賣)"":""0"",""自營商賣出股數(自行買賣)"":""0"",""自營商買賣超股數(自行買賣)"":""0"",""自營商買進股數(避險)"":""0"",""自營商賣出股數(避險)"":""0"",""自營商買賣超股數(避險)"":""0"",""三大法人買賣超股數"":""-37,946""}"
2026-09-24,TWSE,6988,威力暘-創       ,0,33000,-33000,0,0,0,11000,16000,-5000,"{""證券代號"":""6988"",""證券名稱"":""威力暘-創       "",""外陸資買進股數(不含外資自營商)"":""0"",""外陸資賣出股數(不含外資自營商)"":""33,000"",""外陸資買賣超股數(不含外資自營商)"":""-33,000"",""外資自營商買進股數"":""0"",""外資自營商賣出股數"":""0"",""外資自營商買賣超股數"":""0"",""投信買進股數"":""0"",""投信賣出股數"":""0"",""投信買賣超股數"":""0"",""自營商買賣超股數"":""-5,000"",""自營商買進股數(自行買賣)"":""0"",""自營商賣出股數(自行買賣)"":""0"",""自營商買賣超股數(自行買賣)"":""0"",""自營商買進股數(避險)"":""11,000"",""自營商賣出股數(避險)"":""16,000"",""自營商買賣超股數(避險)"":""-5,000"",""三大法人買賣超股數"":""-38,000""}"
2026-09-24,TWSE,1713,國化            ,6000,44000,-38000,0,0,0,0,0,0,"{""證券代號"":""1713"",""證券名稱"":""國化            "",""外陸資買進股數(不含外資自營商)"":""6,000"",""外陸資賣出股數(不含外資自營商)"":""44,000"",""外陸資買賣超股數(不含外資自營商)"":""-38,000"",""外資自營商買進股數"":""0"",""外資自營商賣出股數"":""0"",""外資自營商買賣超股數"":""0"",""投信買進股數"":""0"",""投信賣出股數"":""0"",""投信買賣超股數"":""0"",""自營商買賣超股數"":""0"",""自營商買進股數(自行買賣)"":""0"",""自營商賣出股數(自行買賣)"":""0"",""自營商買賣超股數(自行買賣)"":""0"",""自營商買進股數(避險)"":""0"",""自營商賣出股數(避險)"":""0"",""自營商買賣超股數(避險)"":""0"",""三大法人買賣超股數"":""-38,000""}"
2026-09-24,TWSE,3052,夆典            ,10000,49000,-39000,0,0,0,0,0,0,"{""證券代號"":""3052"",""證券名稱"":""夆典            "",""外陸資買進股數(不含外資自營商)"":""10,000"",""外陸資賣出股數(不含外資自營商)"":""49,000"",""外陸資買賣超股數(不含外資自營商)"":""-39,000"",""外資自營商買進股數"":""0"",""外資自營商賣出股數"":""0"",""外資自營商買賣超股數"":""0"",""投信買進股數"":""0"",""投信賣出股數"":""0"",""投信買賣超股數"":""0"",""自營商買賣超股數"":""0"",""自營商買進股數(自行買賣)"":""0"",""自營商賣出股數(自行買賣)"":""0"",""自營商買賣超股數(自行買賣)"":""0"",""自營商買進股數(避險)"":""0"",""自營商賣出股數(避險)"":""0"",""自營商買賣超股數(避險)"":""0"",""三大法人買賣超股數"":""-39,000""}"
2026-09-24,TWSE,1307,三芳            ,81000,100000,-19000,0,5001,-5001,0,15000,-15000,"{""證券代號"":""1307"",""證券名稱"":""三芳            "",""外陸資買進股數(不含外資自營商)"":""81,000"",""外陸資賣出股數(不含外資自營商)"":""100,000"",""外陸資買賣超股數(不含外資自營商)"":""-19,000"",""外資自營商買進股數"":""0"",""外資自營商賣出股數"":""0"",""外資自營商買賣超股數"":""0"",""投信買進股數"":""0"",""投信賣出股數"":""5,001"",""投信買賣超股數"":""-5,001"",""自營商買賣超股數"":""-15,000"",""自營商買進股數(自行買賣)"":""0"",""自營商賣出股數(自行買賣)"":""0"",""自營商買賣超股數(自行買賣)"":""0"",""自營商買進股數(避險)"":""0"",""自營商賣出股數(避險)"":""15,000"",""自營商買賣超股數(避險)"":""-15,000"",""三大法人買賣超股數"":""-39,001""}"
2026-09-24,TWSE,2460,建通            ,30000,68093,-38093,0,0,0,0,0,-1000,"{""證券代號"":""2460"",""證券名稱"":""建通            "",""外陸資買進股數(不含外資自營商)"":""30,000"",""外陸資賣出股數(不含外資自營商)"":""68,093"",""外陸資買賣超股數(不含外資自營商)"":""-38,093"",""外資自營商買進股數"":""0"",""外資自營商賣出股數"":""0"",""外資自營商買賣超股數"":""0"",""投信買進股數"":""0"",""投信賣出股數"":""0"",""投信買賣超股數"":""0"",""自營商買賣超股數"":""-1,000"",""自營商買進股數(自行買賣)"":""0"",""自營商賣出股數(自行買賣)"":""1,000"",""自營商買賣超股數(自行買賣)"":""-1,000"",""自營商買進股數(避險)"":""0"",""自營商賣出股數(避險)"":""0"",""自營商買賣超股數(避險)"":""0"",""三大法人買賣超股數"":""-39,093""}"
2026-09-24,TWSE,00675L,富邦臺灣加權正2 ,71000,33000,38000,0,0,0,160773,241227,-77454,"{""證券代號"":""00675L"",""證券名稱"":""富邦臺灣加權正2 "",""外陸資買進股數(不含外資自營商)"":""71,000"",""外陸資賣出股數(不含外資自營商)"":""33,000"",""外陸資買賣超股數(不含外資自營商)"":""38,000"",""外資自營商買進股數"":""0"",""外資自營商賣出股數"":""0"",""外資自營商買賣超股數"":""0"",""投信買進股數"":""0"",""投信賣出股數"":""0"",""投信買賣超股數"":""0"",""自營商買賣超股數"":""-77,454"",""自營商買進股數(自行買賣)"":""3,000"",""自營商賣出股數(自行買賣)"":""0"",""自營商買賣超股數(自行買賣)"":""3,000"",""自營商買進股數(避險)"":""160,773"",""自營商賣出股數(避險)"":""241,227"",""自營商買賣超股數(避險)"":""-80,454"",""三大法人買賣超股數"":""-39,454""}"
2026-09-24,TWSE,6226,光鼎            ,563176,603000,-39824,0,0,0,0,0,0,"{""證券代號"":""6226"",""證券名稱"":""光鼎            "",""外陸資買進股數(不含外資自營商)"":""563,176"",""外陸資賣出股數(不含外資自營商)"":""603,000"",""外陸資買賣超股數(不含外資自營商)"":""-39,824"",""外資自營商買進股數"":""0"",""外資自營商賣出股數"":""0"",""外資自營商買賣超股數"":""0"",""投信買進股數"":""0"",""投信賣出股數"":""0"",""投信買賣超股數"":""0"",""自營商買賣超股數"":""0"",""自營商買進股數(自行買賣)"":""0"",""自營商賣出股數(自行買賣)"":""0"",""自營商買賣超股數(自行買賣)"":""0"",""自營商買進股數(避險)"":""0"",""自營商賣出股數(避險)"":""0"",""自營商買賣超股數(避險)"":""0"",""三大法人買賣超股數"":""-39,824""}"
2026-09-24,TWSE,1436,華友聯          ,5000,45000,-40000,0,0,0,0,0,0,"{""證券代號"":""1436"",""證券名稱"":""華友聯          "",""外陸資買進股數(不含外資自營商)"":""5,000"",""外陸資賣出股數(不含外資自營商)"":""45,000"",""外陸資買賣超股數(不含外資自營商)"":""-40,000"",""外資自營商買進股數"":""0"",""外資自營商賣出股數"":""0"",""外資自營商買賣超股數"":""0"",""投信買進股數"":""0"",""投信賣出股數"":""0"",""投信買賣超股數"":""0"",""自營商買賣超股數"":""0"",""自營商買進股數(自行買賣)"":""0"",""自營商賣出股數(自行買賣)"":""0"",""自營商買賣超股數(自行買賣)"":""0"",""自營商買進股數(避險)"":""0"",""自營商賣出股數(避險)"":""0"",""自營商買賣超股數(避險)"":""0"",""三大法人買賣超股數"":""-40,000""}"
2026-09-24,TWSE,2539,櫻花建          ,415024,456000,-40976,0,0,0,0,0,-21,"{""證券代號"":""2539"",""證券名稱"":""櫻花建          "",""外陸資買進股數(不含外資自營商)"":""415,024"",""外陸資賣出股數(不含外資自營商)"":""456,000"",""外陸資買賣超股數(不含外資自營商)"":""-40,976"",""外資自營商買進股數"":""0"",""外資自營商賣出股數"":""0"",""外資自營商買賣超股數"":""0"",""投信買進股數"":""0"",""投信賣出股數"":""0"",""投信買賣超股數"":""0"",""自營商買賣超股數"":""-21"",""自營商買進股數(自行買賣)"":""4,000"",""自營商賣出股數(自行買賣)"":""4,021"",""自營商買賣超股數(自行買賣)"":""-21"",""自營商買進股數(避險)"":""0"",""自營商賣出股數(避險)"":""0"",""自營商買賣超股數(避險)"":""0"",""三大法人買賣超股數"":""-40,997""}"
2026-09-24,TWSE,2816,旺旺保          ,129907,171000,-41093,0,0,0,0,0,0,"{""證券代號"":""2816"",""證券名稱"":""旺旺保          "",""外陸資買進股數(不含外資自營商)"":""129,907"",""外陸資賣出股數(不含外資自營商)"":""171,000"",""外陸資買賣超股數(不含外資自營商)"":""-41,093"",""外資自營商買進股數"":""0"",""外資自營商賣出股數"":""0"",""外資自營商買賣超股數"":""0"",""投信買進股數"":""0"",""投信賣出股數"":""0"",""投信買賣超股數"":""0"",""自營商買賣超股數"":""0"",""自營商買進股數(自行買賣)"":""0"",""自營商賣出股數(自行買賣)"":""0"",""自營商買賣超股數(自行買賣)"":""0"",""自營商買進股數(避險)"":""0"",""自營商賣出股數(避險)"":""0"",""自營商買賣超股數(避險)"":""0"",""三大法人買賣超股數"":""-41,093""}"
2026-09-24,TWSE,3443,創意            ,614147,496933,117214,12000,264000,-252000,49988,17038,93677,"{""證券代號"":""3443"",""證券名稱"":""創意            "",""外陸資買進股數(不含外資自營商)"":""614,147"",""外陸資賣出股數(不含外資自營商)"":""496,933"",""外陸資買賣超股數(不含外資自營商)"":""117,214"",""外資自營商買進股數"":""0"",""外資自營商賣出股數"":""0"",""外資自營商買賣超股數"":""0"",""投信買進股數"":""12,000"",""投信賣出股數"":""264,000"",""投信買賣超股數"":""-252,000"",""自營商買賣超股數"":""93,677"",""自營商買進股數(自行買賣)"":""90,327"",""自營商賣出股數(自行買賣)"":""29,600"",""自營商買賣超股數(自行買賣)"":""60,727"",""自營商買進股數(避險)"":""49,988"",""自營商賣出股數(避險)"":""17,038"",""自營商買賣超股數(避險)"":""32,950"",""三大法人買賣超股數"":""-41,109""}"
2026-09-24,TWSE,6120,達運            ,632415,673000,-40585,0,0,0,1000,2099,-1099,"{""證券代號"":""6120"",""證券名稱"":""達運            "",""外陸資買進股數(不含外資自營商)"":""632,415"",""外陸資賣出股數(不含外資自營商)"":""673,000"",""外陸資買賣超股數(不含外資自營商)"":""-40,585"",""外資自營商買進股數"":""0"",""外資自營商賣出股數"":""0"",""外資自營商買賣超股數"":""0"",""投信買進股數"":""0"",""投信賣出股數"":""0"",""投信買賣超股數"":""0"",""自營商買賣超股數"":""-1,099"",""自營商買進股數(自行買賣)"":""0"",""自營商賣出股數(自行買賣)"":""0"",""自營商買賣超股數(自行買賣)"":""0"",""自營商買進股數(避險)"":""1,000"",""自營商賣出股數(避險)"":""2,099"",""自營商買賣超股數(避險)"":""-1,099"",""三大法人買賣超股數"":""-41,684""}"
2026-09-24,TWSE,1582,信錦            ,54000,93872,-39872,0,0,0,0,2001,-2001,"{""證券代號"":""1582"",""證券名稱"":""信錦            "",""外陸資買進股數(不含外資自營商)"":""54,000"",""外陸資賣出股數(不含外資自營商)"":""93,872"",""外陸資買賣超股數(不含外資自營商)"":""-39,872"",""外資自營商買進股數"":""0"",""外資自營商賣出股數"":""0"",""外資自營商買賣超股數"":""0"",""投信買進股數"":""0"",""投信賣出股數"":""0"",""投信買賣超股數"":""0"",""自營商買賣超股數"":""-2,001"",""自營商買進股數(自行買賣)"":""0"",""自營商賣出股數(自行買賣)"":""0"",""自營商買賣超股數(自行買賣)"":""0"",""自營商買進股數(避險)"":""0"",""自營商賣出股數(避險)"":""2,001"",""自營商買賣超股數(避險)"":""-2,001"",""三大法人買賣超股數"":""-41,873""}"
2026-09-24,TWSE,1337,再生-KY         ,141813,184000,-42187,0,0,0,0,0,0,"{""證券代號"":""1337"",""證券名稱"":""再生-KY         "",""外陸資買進股數(不含外資自營商)"":""141,813"",""外陸資賣出股數(不含外資自營商)"":""184,000"",""外陸資買賣超股數(不含外資自營商)"":""-42,187"",""外資自營商買進股數"":""0"",""外資自營商賣出股數"":""0"",""外資自營商買賣超股數"":""0"",""投信買進股數"":""0"",""投信賣出股數"":""0"",""投信買賣超股數"":""0"",""自營商買賣超股數"":""0"",""自營商買進股數(自行買賣)"":""0"",""自營商賣出股數(自行買賣)"":""0"",""自營商買賣超股數(自行買賣)"":""0"",""自營商買進股數(避險)"":""0"",""自營商賣出股數(避險)"":""0"",""自營商買賣超股數(避險)"":""0"",""三大法人買賣超股數"":""-42,187""}"
2026-09-24,TWSE,00640L,富邦日本正2     ,0,1000,-1000,0,0,0,25000,66638,-41638,"{""證券代號"":""00640L"",""證券名稱"":""富邦日本正2     "",""外陸資買進股數(不含外資自營商)"":""0"",""外陸資賣出股數(不含外資自營商)"":""1,000"",""外陸資買賣超股數(不含外資自營商)"":""-1,000"",""外資自營商買進股數"":""0"",""外資自營商賣出股數"":""0"",""外資自營商買賣超股數"":""0"",""投信買進股數"":""0"",""投信賣出股數"":""0"",""投信買賣超股數"":""0"",""自營商買賣超股數"":""-41,638"",""自營商買進股數(自行買賣)"":""0"",""自營商賣出股數(自行買賣)"":""0"",""自營商買賣超股數(自行買賣)"":""0"",""自營商買進股數(避險)"":""25,000"",""自營商賣出股數(避險)"":""66,638"",""自營商買賣超股數(避險)"":""-41,638"",""三大法人買賣超股數"":""-42,638""}"
2026-09-24,TWSE,6409,旭隼            ,145056,183728,-38672,0,1000,-1000,7000,10063,-3063,"{""證券代號"":""6409"",""證券名稱"":""旭隼            "",""外陸資買進股數(不含外資自營商)"":""145,056"",""外陸資賣出股數(不含外資自營商)"":""183,728"",""外陸資買賣超股數(不含外資自營商)"":""-38,672"",""外資自營商買進股數"":""0"",""外資自營商賣出股數"":""0"",""外資自營商買賣超股數"":""0"",""投信買進股數"":""0"",""投信賣出股數"":""1,000"",""投信買賣超股數"":""-1,000"",""自營商買賣超股數"":""-3,063"",""自營商買進股數(自行買賣)"":""0"",""自營商賣出股數(自行買賣)"":""0"",""自營商買賣超股數(自行買賣)"":""0"",""自營商買進股數(避險)"":""7,000"",""自營商賣出股數(避險)"":""10,063"",""自營商買賣超股數(避險)"":""-3,063"",""三大法人買賣超股數"":""-42,735""}"
2026-09-24,TWSE,9911,櫻花            ,26000,70000,-44000,1000,0,1000,0,0,0,"{""證券代號"":""9911"",""證券名稱"":""櫻花            "",""外陸資買進股數(不含外資自營商)"":""26,000"",""外陸資賣出股數(不含外資自營商)"":""70,000"",""外陸資買賣超股數(不含外資自營商)"":""-44,000"",""外資自營商買進股數"":""0"",""外資自營商賣出股數"":""0"",""外資自營商買賣超股數"":""0"",""投信買進股數"":""1,000"",""投信賣出股數"":""0"",""投信買賣超股數"":""1,000"",""自營商買賣超股數"":""0"",""自營商買進股數(自行買賣)"":""0"",""自營商賣出股數(自行買賣)"":""0"",""自營商買賣超股數(自行買賣)"":""0"",""自營商買進股數(避險)"":""0"",""自營商賣出股數(避險)"":""0"",""自營商買賣超股數(避險)"":""0"",""三大法人買賣超股數"":""-43,000""}"
2026-09-24,TWSE,1616,億泰            ,44000,88000,-44000,0,0,0,0,0,97,"{""證券代號"":""1616"",""證券名稱"":""億泰            "",""外陸資買進股數(不含外資自營商)"":""44,000"",""外陸資賣出股數(不含外資自營商)"":""88,000"",""外陸資買賣超股數(不含外資自營商)"":""-44,000"",""外資自營商買進股數"":""0"",""外資自營商賣出股數"":""0"",""外資自營商買賣超股數"":""0"",""投信買進股數"":""0"",""投信賣出股數"":""0"",""投信買賣超股數"":""0"",""自營商買賣超股數"":""97"",""自營商買進股數(自行買賣)"":""1,000"",""自營商賣出股數(自行買賣)"":""903"",""自營商買賣超股數(自行買賣)"":""97"",""自營商買進股數(避險)"":""0"",""自營商賣出股數(避險)"":""0"",""自營商買賣超股數(避險)"":""0"",""三大法人買賣超股數"":""-43,903""}"
2026-09-24,TWSE,1460,宏遠            ,4000,48137,-44137,0,0,0,0,0,0,"{""證券代號"":""1460"",""證券名稱"":""宏遠            "",""外陸資買進股數(不含外資自營商)"":""4,000"",""外陸資賣出股數(不含外資自營商)"":""48,137"",""外陸資買賣超股數(不含外資自營商)"":""-44,137"",""外資自營商買進股數"":""0"",""外資自營商賣出股數"":""0"",""外資自營商買賣超股數"":""0"",""投信買進股數"":""0"",""投信賣出股數"":""0"",""投信買賣超股數"":""0"",""自營商買賣超股數"":""0"",""自營商買進股數(自行買賣)"":""0"",""自營商賣出股數(自行買賣)"":""0"",""自營商買賣超股數(自行買賣)"":""0"",""自營商買進股數(避險)"":""0"",""自營商賣出股數(避險)"":""0"",""自營商買賣超股數(避險)"":""0"",""三大法人買賣超股數"":""-44,137""}"
2026-09-24,TWSE,5243,乙盛-KY         ,225005,257001,-31996,0,0,0,3398,8606,-12208,"{""證券代號"":""5243"",""證券名稱"":""乙盛-KY         "",""外陸資買進股數(不含外資自營商)"":""225,005"",""外陸資賣出股數(不含外資自營商)"":""257,001"",""外陸資買賣超股數(不含外資自營商)"":""-31,996"",""外資自營商買進股數"":""0"",""外資自營商賣出股數"":""0"",""外資自營商買賣超股數"":""0"",""投信買進股數"":""0"",""投信賣出股數"":""0"",""投信買賣超股數"":""0"",""自營商買賣超股數"":""-12,208"",""自營商買進股數(自行買賣)"":""0"",""自營商賣出股數(自行買賣)"":""7,000"",""自營商買賣超股數(自行買賣)"":""-7,000"",""自營商買進股數(避險)"":""3,398"",""自營商賣出股數(避險)"":""8,606"",""自營商買賣超股數(避險)"":""-5,208"",""三大法人買賣超股數"":""-44,204""}"
2026-09-24,TWSE,6598,ABC-KY          ,3000,45000,-42000,0,0,0,0,0,-3000,"{""證券代號"":""6598"",""證券名稱"":""ABC-KY          "",""外陸資買進股數(不含外資自營商)"":""3,000"",""外陸資賣出股數(不含外資自營商)"":""45,000"",""外陸資買賣超股數(不含外資自營商)"":""-42,000"",""外資自營商買進股數"":""0"",""外資自營商賣出股數"":""0"",""外資自營商買賣超股數"":""0"",""投信買進股數"":""0"",""投信賣出股數"":""0"",""投信買賣超股數"":""0"",""自營商買賣超股數"":""-3,000"",""自營商買進股數(自行買賣)"":""0"",""自營商賣出股數(自行買賣)"":""3,000"",""自營商買賣超股數(自行買賣)"":""-3,000"",""自營商買進股數(避險)"":""0"",""自營商賣出股數(避險)"":""0"",""自營商買賣超股數(避險)"":""0"",""三大法人買賣超股數"":""-45,000""}"
2026-09-24,TWSE,3346,麗清            ,144000,189000,-45000,0,0,0,0,0,-1,"{""證券代號"":""3346"",""證券名稱"":""麗清            "",""外陸資買進股數(不含外資自營商)"":""144,000"",""外陸資賣出股數(不含外資自營商)"":""189,000"",""外陸資買賣超股數(不含外資自營商)"":""-45,000"",""外資自營商買進股數"":""0"",""外資自營商賣出股數"":""0"",""外資自營商買賣超股數"":""0"",""投信買進股數"":""0"",""投信賣出股數"":""0"",""投信買賣超股數"":""0"",""自營商買賣超股數"":""-1"",""自營商買進股數(自行買賣)"":""0"",""自營商賣出股數(自行買賣)"":""1"",""自營商買賣超股數(自行買賣)"":""-1"",""自營商買進股數(避險)"":""0"",""自營商賣出股數(避險)"":""0"",""自營商買賣超股數(避險)"":""0"",""三大法人買賣超股數"":""-45,001""}"
2026-09-24,TWSE,009813,貝萊德標普卓越50,408420,7000,401420,0,0,0,215000,661999,-446999,"{""證券代號"":""009813"",""證券名稱"":""貝萊德標普卓越50"",""外陸資買進股數(不含外資自營商)"":""408,420"",""外陸資賣出股數(不含外資自營商)"":""7,000"",""外陸資買賣超股數(不含外資自營商)"":""401,420"",""外資自營商買進股數"":""0"",""外資自營商賣出股數"":""0"",""外資自營商買賣超股數"":""0"",""投信買進股數"":""0"",""投信賣出股數"":""0"",""投信買賣超股數"":""0"",""自營商買賣超股數"":""-446,999"",""自營商買進股數(自行買賣)"":""0"",""自營商賣出股數(自行買賣)"":""0"",""自營商買賣超股數(自行買賣)"":""0"",""自營商買進股數(避險)"":""215,000"",""自營商賣出股數(避險)"":""661,999"",""自營商買賣超股數(避險)"":""-446,999"",""三大法人買賣超股數"":""-45,579""}"
2026-09-24,TWSE,6994,富威電力        ,25000,71000,-46000,0,0,0,0,0,0,"{""證券代號"":""6994"",""證券名稱"":""富威電力        "",""外陸資買進股數(不含外資自營商)"":""25,000"",""外陸資賣出股數(不含外資自營商)"":""71,000"",""外陸資買賣超股數(不含外資自營商)"":""-46,000"",""外資自營商買進股數"":""0"",""外資自營商賣出股數"":""0"",""外資自營商買賣超股數"":""0"",""投信買進股數"":""0"",""投信賣出股數"":""0"",""投信買賣超股數"":""0"",""自營商買賣超股數"":""0"",""自營商買進股數(自行買賣)"":""0"",""自營商賣出股數(自行買賣)"":""0"",""自營商買賣超股數(自行買賣)"":""0"",""自營商買進股數(避險)"":""0"",""自營商賣出股數(避險)"":""0"",""自營商買賣超股數(避險)"":""0"",""三大法人買賣超股數"":""-46,000""}"
2026-09-24,TWSE,6890,來億-KY         ,55360,101000,-45640,0,0,0,359,3,-644,"{""證券代號"":""6890"",""證券名稱"":""來億-KY         "",""外陸資買進股數(不含外資自營商)"":""55,360"",""外陸資賣出股數(不含外資自營商)"":""101,000"",""外陸資買賣超股數(不含外資自營商)"":""-45,640"",""外資自營商買進股數"":""0"",""外資自營商賣出股數"":""0"",""外資自營商買賣超股數"":""0"",""投信買進股數"":""0"",""投信賣出股數"":""0"",""投信買賣超股數"":""0"",""自營商買賣超股數"":""-644"",""自營商買進股數(自行買賣)"":""0"",""自營商賣出股數(自行買賣)"":""1,000"",""自營商買賣超股數(自行買賣)"":""-1,000"",""自營商買進股數(避險)"":""359"",""自營商賣出股數(避險)"":""3"",""自營商買賣超股數(避險)"":""356"",""三大法人買賣超股數"":""-46,284""}"
2026-09-24,TWSE,2731,雄獅            ,35591,83000,-47409,0,0,0,0,0,-39,"{""證券代號"":""2731"",""證券名稱"":""雄獅            "",""外陸資買進股數(不含外資自營商)"":""35,591"",""外陸資賣出股數(不含外資自營商)"":""83,000"",""外陸資買賣超股數(不含外資自營商)"":""-47,409"",""外資自營商買進股數"":""0"",""外資自營商賣出股數"":""0"",""外資自營商買賣超股數"":""0"",""投信買進股數"":""0"",""投信賣出股數"":""0"",""投信買賣超股數"":""0"",""自營商買賣超股數"":""-39"",""自營商買進股數(自行買賣)"":""1,000"",""自營商賣出股數(自行買賣)"":""1,039"",""自營商買賣超股數(自行買賣)"":""-39"",""自營商買進股數(避險)"":""0"",""自營商賣出股數(避險)"":""0"",""自營商買賣超股數(避險)"":""0"",""三大法人買賣超股數"":""-47,448""}"
2026-09-24,TWSE,2739,寒舍            ,1000,51000,-50000,0,0,0,0,0,2000,"{""證券代號"":""2739"",""證券名稱"":""寒舍            "",""外陸資買進股數(不含外資自營商)"":""1,000"",""外陸資賣出股數(不含外資自營商)"":""51,000"",""外陸資買賣超股數(不含外資自營商)"":""-50,000"",""外資自營商買進股數"":""0"",""外資自營商賣出股數"":""0"",""外資自營商買賣超股數"":""0"",""投信買進股數"":""0"",""投信賣出股數"":""0"",""投信買賣超股數"":""0"",""自營商買賣超股數"":""2,000"",""自營商買進股數(自行買賣)"":""2,000"",""自營商賣出股數(自行買賣)"":""0"",""自營商買賣超股數(自行買賣)"":""2,000"",""自營商買進股數(避險)"":""0"",""自營商賣出股數(避險)"":""0"",""自營商買賣超股數(避險)"":""0"",""三大法人買賣超股數"":""-48,000""}"
2026-09-24,TWSE,4119,旭富            ,7390,56000,-48610,0,0,0,1318,1100,218,"{""證券代號"":""4119"",""證券名稱"":""旭富            "",""外陸資買進股數(不含外資自營商)"":""7,390"",""外陸資賣出股數(不含外資自營商)"":""56,000"",""外陸資買賣超股數(不含外資自營商)"":""-48,610"",""外資自營商買進股數"":""0"",""外資自營商賣出股數"":""0"",""外資自營商買賣超股數"":""0"",""投信買進股數"":""0"",""投信賣出股數"":""0"",""投信買賣超股數"":""0"",""自營商買賣超股數"":""218"",""自營商買進股數(自行買賣)"":""0"",""自營商賣出股數(自行買賣)"":""0"",""自營商買賣超股數(自行買賣)"":""0"",""自營商買進股數(避險)"":""1,318"",""自營商賣出股數(避險)"":""1,100"",""自營商買賣超股數(避險)"":""218"",""三大法人買賣超股數"":""-48,392""}"
2026-09-24,TWSE,4736,泰博            ,35373,78771,-43398,0,0,0,0,0,-6000,"{""證券代號"":""4736"",""證券名稱"":""泰博            "",""外陸資買進股數(不含外資自營商)"":""35,373"",""外陸資賣出股數(不含外資自營商)"":""78,771"",""外陸資買賣超股數(不含外資自營商)"":""-43,398"",""外資自營商買進股數"":""0"",""外資自營商賣出股數"":""0"",""外資自營商買賣超股數"":""0"",""投信買進股數"":""0"",""投信賣出股數"":""0"",""投信買賣超股數"":""0"",""自營商買賣超股數"":""-6,000"",""自營商買進股數(自行買賣)"":""2,000"",""自營商賣出股數(自行買賣)"":""8,000"",""自營商買賣超股數(自行買賣)"":""-6,000"",""自營商買進股數(避險)"":""0"",""自營商賣出股數(避險)"":""0"",""自營商買賣超股數(避險)"":""0"",""三大法人買賣超股數"":""-49,398""}"
2026-09-24,TWSE,6141,柏承            ,486000,535480,-49480,0,0,0,0,0,-1000,"{""證券代號"":""6141"",""證券名稱"":""柏承            "",""外陸資買進股數(不含外資自營商)"":""486,000"",""外陸資賣出股數(不含外資自營商)"":""535,480"",""外陸資買賣超股數(不含外資自營商)"":""-49,480"",""外資自營商買進股數"":""0"",""外資自營商賣出股數"":""0"",""外資自營商買賣超股數"":""0"",""投信買進股數"":""0"",""投信賣出股數"":""0"",""投信買賣超股數"":""0"",""自營商買賣超股數"":""-1,000"",""自營商買進股數(自行買賣)"":""0"",""自營商賣出股數(自行買賣)"":""1,000"",""自營商買賣超股數(自行買賣)"":""-1,000"",""自營商買進股數(避險)"":""0"",""自營商賣出股數(避險)"":""0"",""自營商買賣超股數(避險)"":""0"",""三大法人買賣超股數"":""-50,480""}"
2026-09-24,TWSE,5434,崇越            ,121303,163013,-41710,0,0,0,1000,10138,-9156,"{""證券代號"":""5434"",""證券名稱"":""崇越            "",""外陸資買進股數(不含外資自營商)"":""121,303"",""外陸資賣出股數(不含外資自營商)"":""163,013"",""外陸資買賣超股數(不含外資自營商)"":""-41,710"",""外資自營商買進股數"":""0"",""外資自營商賣出股數"":""0"",""外資自營商買賣超股數"":""0"",""投信買進股數"":""0"",""投信賣出股數"":""0"",""投信買賣超股數"":""0"",""自營商買賣超股數"":""-9,156"",""自營商買進股數(自行買賣)"":""1,000"",""自營商賣出股數(自行買賣)"":""1,018"",""自營商買賣超股數(自行買賣)"":""-18"",""自營商買進股數(避險)"":""1,000"",""自營商賣出股數(避險)"":""10,138"",""自營商買賣超股數(避險)"":""-9,138"",""三大法人買賣超股數"":""-50,866""}"
2026-09-24,TWSE,2349,錸德            ,305150,356052,-50902,0,0,0,0,0,0,"{""證券代號"":""2349"",""證券名稱"":""錸德            "",""外陸資買進股數(不含外資自營商)"":""305,150"",""外陸資賣出股數(不含外資自營商)"":""356,052"",""外陸資買賣超股數(不含外資自營商)"":""-50,902"",""外資自營商買進股數"":""0"",""外資自營商賣出股數"":""0"",""外資自營商買賣超股數"":""0"",""投信買進股數"":""0"",""投信賣出股數"":""0"",""投信買賣超股數"":""0"",""自營商買賣超股數"":""0"",""自營商買進股數(自行買賣)"":""0"",""自營商賣出股數(自行買賣)"":""0"",""自營商買賣超股數(自行買賣)"":""0"",""自營商買進股數(避險)"":""0"",""自營商賣出股數(避險)"":""0"",""自營商買賣超股數(避險)"":""0"",""三大法人買賣超股數"":""-50,902""}"
2026-09-24,TWSE,7749,意騰-KY         ,39040,109000,-69960,20000,0,20000,1000,1994,-994,"{""證券代號"":""7749"",""證券名稱"":""意騰-KY         "",""外陸資買進股數(不含外資自營商)"":""39,040"",""外陸資賣出股數(不含外資自營商)"":""109,000"",""外陸資買賣超股數(不含外資自營商)"":""-69,960"",""外資自營商買進股數"":""0"",""外資自營商賣出股數"":""0"",""外資自營商買賣超股數"":""0"",""投信買進股數"":""20,000"",""投信賣出股數"":""0"",""投信買賣超股數"":""20,000"",""自營商買賣超股數"":""-994"",""自營商買進股數(自行買賣)"":""0"",""自營商賣出股數(自行買賣)"":""0"",""自營商買賣超股數(自行買賣)"":""0"",""自營商買進股數(避險)"":""1,000"",""自營商賣出股數(避險)"":""1,994"",""自營商買賣超股數(避險)"":""-994"",""三大法人買賣超股數"":""-50,954""}"
2026-09-24,TWSE,00653L,富邦印度正2     ,4000,0,4000,0,0,0,6000,61079,-55079,"{""證券代號"":""00653L"",""證券名稱"":""富邦印度正2     "",""外陸資買進股數(不含外資自營商)"":""4,000"",""外陸資賣出股數(不含外資自營商)"":""0"",""外陸資買賣超股數(不含外資自營商)"":""4,000"",""外資自營商買進股數"":""0"",""外資自營商賣出股數"":""0"",""外資自營商買賣超股數"":""0"",""投信買進股數"":""0"",""投信賣出股數"":""0"",""投信買賣超股數"":""0"",""自營商買賣超股數"":""-55,079"",""自營商買進股數(自行買賣)"":""0"",""自營商賣出股數(自行買賣)"":""0"",""自營商買賣超股數(自行買賣)"":""0"",""自營商買進股數(避險)"":""6,000"",""自營商賣出股數(避險)"":""61,079"",""自營商買賣超股數(避險)"":""-55,079"",""三大法人買賣超股數"":""-51,079""}"
2026-09-24,TWSE,00706L,期元大S&P日圓正2,1000,0,1000,0,0,0,103000,155359,-52359,"{""證券代號"":""00706L"",""證券名稱"":""期元大S&P日圓正2"",""外陸資買進股數(不含外資自營商)"":""1,000"",""外陸資賣出股數(不含外資自營商)"":""0"",""外陸資買賣超股數(不含外資自營商)"":""1,000"",""外資自營商買進股數"":""0"",""外資自營商賣出股數"":""0"",""外資自營商買賣超股數"":""0"",""投信買進股數"":""0"",""投信賣出股數"":""0"",""投信買賣超股數"":""0"",""自營商買賣超股數"":""-52,359"",""自營商買進股數(自行買賣)"":""0"",""自營商賣出股數(自行買賣)"":""0"",""自營商買賣超股數(自行買賣)"":""0"",""自營商買進股數(避險)"":""103,000"",""自營商賣出股數(避險)"":""155,359"",""自營商買賣超股數(避險)"":""-52,359"",""三大法人買賣超股數"":""-51,359""}"
2026-09-24,TWSE,3005,神基            ,224150,278736,-54586,0,2632,-2632,21860,16047,5605,"{""證券代號"":""3005"",""證券名稱"":""神基            "",""外陸資買進股數(不含外資自營商)"":""224,150"",""外陸資賣出股數(不含外資自營商)"":""278,736"",""外陸資買賣超股數(不含外資自營商)"":""-54,586"",""外資自營商買進股數"":""0"",""外資自營商賣出股數"":""0"",""外資自營商買賣超股數"":""0"",""投信買進股數"":""0"",""投信賣出股數"":""2,632"",""投信買賣超股數"":""-2,632"",""自營商買賣超股數"":""5,605"",""自營商買進股數(自行買賣)"":""0"",""自營商賣出股數(自行買賣)"":""208"",""自營商買賣超股數(自行買賣)"":""-208"",""自營商買進股數(避險)"":""21,860"",""自營商賣出股數(避險)"":""16,047"",""自營商買賣超股數(避險)"":""5,813"",""三大法人買賣超股數"":""-51,613""}"
2026-09-24,TWSE,1437,勤益控          ,16006,68000,-51994,0,0,0,0,0,0,"{""證券代號"":""1437"",""證券名稱"":""勤益控          "",""外陸資買進股數(不含外資自營商)"":""16,006"",""外陸資賣出股數(不含外資自營商)"":""68,000"",""外陸資買賣超股數(不含外資自營商)"":""-51,994"",""外資自營商買進股數"":""0"",""外資自營商賣出股數"":""0"",""外資自營商買賣超股數"":""0"",""投信買進股數"":""0"",""投信賣出股數"":""0"",""投信買賣超股數"":""0"",""自營商買賣超股數"":""0"",""自營商買進股數(自行買賣)"":""0"",""自營商賣出股數(自行買賣)"":""0"",""自營商買賣超股數(自行買賣)"":""0"",""自營商買進股數(避險)"":""0"",""自營商賣出股數(避險)"":""0"",""自營商買賣超股數(避險)"":""0"",""三大法人買賣超股數"":""-51,994""}"
2026-09-24,TWSE,6024,群益期          ,13000,65170,-52170,0,0,0,0,0,0,"{""證券代號"":""6024"",""證券名稱"":""群益期          "",""外陸資買進股數(不含外資自營商)"":""13,000"",""外陸資賣出股數(不含外資自營商)"":""65,170"",""外陸資買賣超股數(不含外資自營商)"":""-52,170"",""外資自營商買進股數"":""0"",""外資自營商賣出股數"":""0"",""外資自營商買賣超股數"":""0"",""投信買進股數"":""0"",""投信賣出股數"":""0"",""投信買賣超股數"":""0"",""自營商買賣超股數"":""0"",""自營商買進股數(自行買賣)"":""0"",""自營商賣出股數(自行買賣)"":""0"",""自營商買賣超股數(自行買賣)"":""0"",""自營商買進股數(避險)"":""0"",""自營商賣出股數(避險)"":""0"",""自營商買賣超股數(避險)"":""0"",""三大法人買賣超股數"":""-52,170""}"
2026-09-24,TWSE,2701,萬企            ,4000,57000,-53000,0,0,0,0,0,0,"{""證券代號"":""2701"",""證券名稱"":""萬企            "",""外陸資買進股數(不含外資自營商)"":""4,000"",""外陸資賣出股數(不含外資自營商)"":""57,000"",""外陸資買賣超股數(不含外資自營商)"":""-53,000"",""外資自營商買進股數"":""0"",""外資自營商賣出股數"":""0"",""外資自營商買賣超股數"":""0"",""投信買進股數"":""0"",""投信賣出股數"":""0"",""投信買賣超股數"":""0"",""自營商買賣超股數"":""0"",""自營商買進股數(自行買賣)"":""0"",""自營商賣出股數(自行買賣)"":""0"",""自營商買賣超股數(自行買賣)"":""0"",""自營商買進股數(避險)"":""0"",""自營商賣出股數(避險)"":""0"",""自營商買賣超股數(避險)"":""0"",""三大法人買賣超股數"":""-53,000""}"
2026-09-24,TWSE,2206,三陽工業        ,102000,156041,-54041,0,0,0,0,0,0,"{""證券代號"":""2206"",""證券名稱"":""三陽工業        "",""外陸資買進股數(不含外資自營商)"":""102,000"",""外陸資賣出股數(不含外資自營商)"":""156,041"",""外陸資買賣超股數(不含外資自營商)"":""-54,041"",""外資自營商買進股數"":""0"",""外資自營商賣出股數"":""0"",""外資自營商買賣超股數"":""0"",""投信買進股數"":""0"",""投信賣出股數"":""0"",""投信買賣超股數"":""0"",""自營商買賣超股數"":""0"",""自營商買進股數(自行買賣)"":""0"",""自營商賣出股數(自行買賣)"":""0"",""自營商買賣超股數(自行買賣)"":""0"",""自營商買進股數(避險)"":""0"",""自營商賣出股數(避險)"":""0"",""自營商買賣超股數(避險)"":""0"",""三大法人買賣超股數"":""-54,041""}"
2026-09-24,TWSE,4195,基米-創         ,64000,14000,50000,0,0,0,2275,5000,-104725,"{""證券代號"":""4195"",""證券名稱"":""基米-創         "",""外陸資買進股數(不含外資自營商)"":""64,000"",""外陸資賣出股數(不含外資自營商)"":""14,000"",""外陸資買賣超股數(不含外資自營商)"":""50,000"",""外資自營商買進股數"":""0"",""外資自營商賣出股數"":""0"",""外資自營商買賣超股數"":""0"",""投信買進股數"":""0"",""投信賣出股數"":""0"",""投信買賣超股數"":""0"",""自營商買賣超股數"":""-104,725"",""自營商買進股數(自行買賣)"":""0"",""自營商賣出股數(自行買賣)"":""102,000"",""自營商買賣超股數(自行買賣)"":""-102,000"",""自營商買進股數(避險)"":""2,275"",""自營商賣出股數(避險)"":""5,000"",""自營商買賣超股數(避險)"":""-2,725"",""三大法人買賣超股數"":""-54,725""}"
2026-09-24,TWSE,9934,成霖            ,25000,80000,-55000,0,0,0,0,0,0,"{""證券代號"":""9934"",""證券名稱"":""成霖            "",""外陸資買進股數(不含外資自營商)"":""25,000"",""外陸資賣出股數(不含外資自營商)"":""80,000"",""外陸資買賣超股數(不含外資自營商)"":""-55,000"",""外資自營商買進股數"":""0"",""外資自營商賣出股數"":""0"",""外資自營商買賣超股數"":""0"",""投信買進股數"":""0"",""投信賣出股數"":""0"",""投信買賣超股數"":""0"",""自營商買賣超股數"":""0"",""自營商買進股數(自行買賣)"":""0"",""自營商賣出股數(自行買賣)"":""0"",""自營商買賣超股數(自行買賣)"":""0"",""自營商買進股數(避險)"":""0"",""自營商賣出股數(避險)"":""0"",""自營商買賣超股數(避險)"":""0"",""三大法人買賣超股數"":""-55,000""}"
2026-09-24,TWSE,3583,辛耘            ,90576,142381,-51805,0,0,0,6356,10098,-3742,"{""證券代號"":""3583"",""證券名稱"":""辛耘            "",""外陸資買進股數(不含外資自營商)"":""90,576"",""外陸資賣出股數(不含外資自營商)"":""142,381"",""外陸資買賣超股數(不含外資自營商)"":""-51,805"",""外資自營商買進股數"":""0"",""外資自營商賣出股數"":""0"",""外資自營商買賣超股數"":""0"",""投信買進股數"":""0"",""投信賣出股數"":""0"",""投信買賣超股數"":""0"",""自營商買賣超股數"":""-3,742"",""自營商買進股數(自行買賣)"":""0"",""自營商賣出股數(自行買賣)"":""0"",""自營商買賣超股數(自行買賣)"":""0"",""自營商買進股數(避險)"":""6,356"",""自營商賣出股數(避險)"":""10,098"",""自營商買賣超股數(避險)"":""-3,742"",""三大法人買賣超股數"":""-55,547""}"
2026-09-24,TWSE,2597,潤弘            ,49600,102015,-52415,0,0,0,0,2698,-3198,"{""證券代號"":""2597"",""證券名稱"":""潤弘            "",""外陸資買進股數(不含外資自營商)"":""49,600"",""外陸資賣出股數(不含外資自營商)"":""102,015"",""外陸資買賣超股數(不含外資自營商)"":""-52,415"",""外資自營商買進股數"":""0"",""外資自營商賣出股數"":""0"",""外資自營商買賣超股數"":""0"",""投信買進股數"":""0"",""投信賣出股數"":""0"",""投信買賣超股數"":""0"",""自營商買賣超股數"":""-3,198"",""自營商買進股數(自行買賣)"":""0"",""自營商賣出股數(自行買賣)"":""500"",""自營商買賣超股數(自行買賣)"":""-500"",""自營商買進股數(避險)"":""0"",""自營商賣出股數(避險)"":""2,698"",""自營商買賣超股數(避險)"":""-2,698"",""三大法人買賣超股數"":""-55,613""}"
2026-09-24,TWSE,3533,嘉澤            ,537993,610530,-72537,0,0,0,38599,26095,16704,"{""證券代號"":""3533"",""證券名稱"":""嘉澤            "",""外陸資買進股數(不含外資自營商)"":""537,993"",""外陸資賣出股數(不含外資自營商)"":""610,530"",""外陸資買賣超股數(不含外資自營商)"":""-72,537"",""外資自營商買進股數"":""0"",""外資自營商賣出股數"":""0"",""外資自營商買賣超股數"":""0"",""投信買進股數"":""0"",""投信賣出股數"":""0"",""投信買賣超股數"":""0"",""自營商買賣超股數"":""16,704"",""自營商買進股數(自行買賣)"":""11,900"",""自營商賣出股數(自行買賣)"":""7,700"",""自營商買賣超股數(自行買賣)"":""4,200"",""自營商買進股數(避險)"":""38,599"",""自營商賣出股數(避險)"":""26,095"",""自營商買賣超股數(避險)"":""12,504"",""三大法人買賣超股數"":""-55,833""}"
2026-09-24,TWSE,9955,佳龍            ,18000,74000,-56000,0,0,0,0,0,0,"{""證券代號"":""9955"",""證券名稱"":""佳龍            "",""外陸資買進股數(不含外資自營商)"":""18,000"",""外陸資賣出股數(不含外資自營商)"":""74,000"",""外陸資買賣超股數(不含外資自營商)"":""-56,000"",""外資自營商買進股數"":""0"",""外資自營商賣出股數"":""0"",""外資自營商買賣超股數"":""0"",""投信買進股數"":""0"",""投信賣出股數"":""0"",""投信買賣超股數"":""0"",""自營商買賣超股數"":""0"",""自營商買進股數(自行買賣)"":""0"",""自營商賣出股數(自行買賣)"":""0"",""自營商買賣超股數(自行買賣)"":""0"",""自營商買進股數(避險)"":""0"",""自營商賣出股數(避險)"":""0"",""自營商買賣超股數(避險)"":""0"",""三大法人買賣超股數"":""-56,000""}"
2026-09-24,TWSE,2506,太設            ,0,56000,-56000,0,0,0,0,0,0,"{""證券代號"":""2506"",""證券名稱"":""太設            "",""外陸資買進股數(不含外資自營商)"":""0"",""外陸資賣出股數(不含外資自營商)"":""56,000"",""外陸資買賣超股數(不含外資自營商)"":""-56,000"",""外資自營商買進股數"":""0"",""外資自營商賣出股數"":""0"",""外資自營商買賣超股數"":""0"",""投信買進股數"":""0"",""投信賣出股數"":""0"",""投信買賣超股數"":""0"",""自營商買賣超股數"":""0"",""自營商買進股數(自行買賣)"":""0"",""自營商賣出股數(自行買賣)"":""0"",""自營商買賣超股數(自行買賣)"":""0"",""自營商買進股數(避險)"":""0"",""自營商賣出股數(避險)"":""0"",""自營商買賣超股數(避險)"":""0"",""三大法人買賣超股數"":""-56,000""}"
2026-09-24,TWSE,2530,華建            ,88492,145000,-56508,0,0,0,0,0,0,"{""證券代號"":""2530"",""證券名稱"":""華建            "",""外陸資買進股數(不含外資自營商)"":""88,492"",""外陸資賣出股數(不含外資自營商)"":""145,000"",""外陸資買賣超股數(不含外資自營商)"":""-56,508"",""外資自營商買進股數"":""0"",""外資自營商賣出股數"":""0"",""外資自營商買賣超股數"":""0"",""投信買進股數"":""0"",""投信賣出股數"":""0"",""投信買賣超股數"":""0"",""自營商買賣超股數"":""0"",""自營商買進股數(自行買賣)"":""0"",""自營商賣出股數(自行買賣)"":""0"",""自營商買賣超股數(自行買賣)"":""0"",""自營商買進股數(避險)"":""0"",""自營商賣出股數(避險)"":""0"",""自營商買賣超股數(避險)"":""0"",""三大法人買賣超股數"":""-56,508""}"
2026-09-24,TWSE,9939,宏全            ,80978,139020,-58042,0,1448,-1448,0,0,2299,"{""證券代號"":""9939"",""證券名稱"":""宏全            "",""外陸資買進股數(不含外資自營商)"":""80,978"",""外陸資賣出股數(不含外資自營商)"":""139,020"",""外陸資買賣超股數(不含外資自營商)"":""-58,042"",""外資自營商買進股數"":""0"",""外資自營商賣出股數"":""0"",""外資自營商買賣超股數"":""0"",""投信買進股數"":""0"",""投信賣出股數"":""1,448"",""投信買賣超股數"":""-1,448"",""自營商買賣超股數"":""2,299"",""自營商買進股數(自行買賣)"":""4,000"",""自營商賣出股數(自行買賣)"":""1,701"",""自營商買賣超股數(自行買賣)"":""2,299"",""自營商買進股數(避險)"":""0"",""自營商賣出股數(避險)"":""0"",""自營商買賣超股數(避險)"":""0"",""三大法人買賣超股數"":""-57,191""}"
2026-09-24,TWSE,3515,華擎            ,32141,84000,-51859,0,0,0,0,6117,-6117,"{""證券代號"":""3515"",""證券名稱"":""華擎            "",""外陸資買進股數(不含外資自營商)"":""32,141"",""外陸資賣出股數(不含外資自營商)"":""84,000"",""外陸資買賣超股數(不含外資自營商)"":""-51,859"",""外資自營商買進股數"":""0"",""外資自營商賣出股數"":""0"",""外資自營商買賣超股數"":""0"",""投信買進股數"":""0"",""投信賣出股數"":""0"",""投信買賣超股數"":""0"",""自營商買賣超股數"":""-6,117"",""自營商買進股數(自行買賣)"":""1,000"",""自營商賣出股數(自行買賣)"":""1,000"",""自營商買賣超股數(自行買賣)"":""0"",""自營商買進股數(避險)"":""0"",""自營商賣出股數(避險)"":""6,117"",""自營商買賣超股數(避險)"":""-6,117"",""三大法人買賣超股數"":""-57,976""}"
2026-09-24,TWSE,1737,臺鹽            ,9000,68000,-59000,0,0,0,0,0,0,"{""證券代號"":""1737"",""證券名稱"":""臺鹽            "",""外陸資買進股數(不含外資自營商)"":""9,000"",""外陸資賣出股數(不含外資自營商)"":""68,000"",""外陸資買賣超股數(不含外資自營商)"":""-59,000"",""外資自營商買進股數"":""0"",""外資自營商賣出股數"":""0"",""外資自營商買賣超股數"":""0"",""投信買進股數"":""0"",""投信賣出股數"":""0"",""投信買賣超股數"":""0"",""自營商買賣超股數"":""0"",""自營商買進股數(自行買賣)"":""0"",""自營商賣出股數(自行買賣)"":""0"",""自營商買賣超股數(自行買賣)"":""0"",""自營商買進股數(避險)"":""0"",""自營商賣出股數(避險)"":""0"",""自營商買賣超股數(避險)"":""0"",""三大法人買賣超股數"":""-59,000""}"
2026-09-24,TWSE,1309,台達化          ,293508,311000,-17492,0,0,0,2000,4478,-43478,"{""證券代號"":""1309"",""證券名稱"":""台達化          "",""外陸資買進股數(不含外資自營商)"":""293,508"",""外陸資賣出股數(不含外資自營商)"":""311,000"",""外陸資買賣超股數(不含外資自營商)"":""-17,492"",""外資自營商買進股數"":""0"",""外資自營商賣出股數"":""0"",""外資自營商買賣超股數"":""0"",""投信買進股數"":""0"",""投信賣出股數"":""0"",""投信買賣超股數"":""0"",""自營商買賣超股數"":""-43,478"",""自營商買進股數(自行買賣)"":""0"",""自營商賣出股數(自行買賣)"":""41,000"",""自營商買賣超股數(自行買賣)"":""-41,000"",""自營商買進股數(避險)"":""2,000"",""自營商賣出股數(避險)"":""4,478"",""自營商買賣超股數(避險)"":""-2,478"",""三大法人買賣超股數"":""-60,970""}"
2026-09-24,TWSE,6531,愛普*           ,1380650,1492958,-112308,76000,10000,66000,20480,35264,-14784,"{""證券代號"":""6531"",""證券名稱"":""愛普*           "",""外陸資買進股數(不含外資自營商)"":""1,380,650"",""外陸資賣出股數(不含外資自營商)"":""1,492,958"",""外陸資買賣超股數(不含外資自營商)"":""-112,308"",""外資自營商買進股數"":""0"",""外資自營商賣出股數"":""0"",""外資自營商買賣超股數"":""0"",""投信買進股數"":""76,000"",""投信賣出股數"":""10,000"",""投信買賣超股數"":""66,000"",""自營商買賣超股數"":""-14,784"",""自營商買進股數(自行買賣)"":""1,000"",""自營商賣出股數(自行買賣)"":""1,000"",""自營商買賣超股數(自行買賣)"":""0"",""自營商買進股數(避險)"":""20,480"",""自營商賣出股數(避險)"":""35,264"",""自營商買賣超股數(避險)"":""-14,784"",""三大法人買賣超股數"":""-61,092""}"
2026-09-24,TWSE,1104,環泥            ,58057,119228,-61171,0,0,0,0,0,0,"{""證券代號"":""1104"",""證券名稱"":""環泥            "",""外陸資買進股數(不含外資自營商)"":""58,057"",""外陸資賣出股數(不含外資自營商)"":""119,228"",""外陸資買賣超股數(不含外資自營商)"":""-61,171"",""外資自營商買進股數"":""0"",""外資自營商賣出股數"":""0"",""外資自營商買賣超股數"":""0"",""投信買進股數"":""0"",""投信賣出股數"":""0"",""投信買賣超股數"":""0"",""自營商買賣超股數"":""0"",""自營商買進股數(自行買賣)"":""0"",""自營商賣出股數(自行買賣)"":""0"",""自營商買賣超股數(自行買賣)"":""0"",""自營商買進股數(避險)"":""0"",""自營商賣出股數(避險)"":""0"",""自營商買賣超股數(避險)"":""0"",""三大法人買賣超股數"":""-61,171""}"
2026-09-24,TWSE,1773,勝一            ,110000,169100,-59100,0,0,0,0,3568,-3102,"{""證券代號"":""1773"",""證券名稱"":""勝一            "",""外陸資買進股數(不含外資自營商)"":""110,000"",""外陸資賣出股數(不含外資自營商)"":""169,100"",""外陸資買賣超股數(不含外資自營商)"":""-59,100"",""外資自營商買進股數"":""0"",""外資自營商賣出股數"":""0"",""外資自營商買賣超股數"":""0"",""投信買進股數"":""0"",""投信賣出股數"":""0"",""投信買賣超股數"":""0"",""自營商買賣超股數"":""-3,102"",""自營商買進股數(自行買賣)"":""1,000"",""自營商賣出股數(自行買賣)"":""534"",""自營商買賣超股數(自行買賣)"":""466"",""自營商買進股數(避險)"":""0"",""自營商賣出股數(避險)"":""3,568"",""自營商買賣超股數(避險)"":""-3,568"",""三大法人買賣超股數"":""-62,202""}"
2026-09-24,TWSE,2535,達欣工          ,124623,181000,-56377,0,0,0,0,0,-6018,"{""證券代號"":""2535"",""證券名稱"":""達欣工          "",""外陸資買進股數(不含外資自營商)"":""124,623"",""外陸資賣出股數(不含外資自營商)"":""181,000"",""外陸資買賣超股數(不含外資自營商)"":""-56,377"",""外資自營商買進股數"":""0"",""外資自營商賣出股數"":""0"",""外資自營商買賣超股數"":""0"",""投信買進股數"":""0"",""投信賣出股數"":""0"",""投信買賣超股數"":""0"",""自營商買賣超股數"":""-6,018"",""自營商買進股數(自行買賣)"":""0"",""自營商賣出股數(自行買賣)"":""6,018"",""自營商買賣超股數(自行買賣)"":""-6,018"",""自營商買進股數(避險)"":""0"",""自營商賣出股數(避險)"":""0"",""自營商買賣超股數(避險)"":""0"",""三大法人買賣超股數"":""-62,395""}"
2026-09-24,TWSE,6969,成信實業*-創    ,19000,87000,-68000,0,0,0,15000,11115,4885,"{""證券代號"":""6969"",""證券名稱"":""成信實業*-創    "",""外陸資買進股數(不含外資自營商)"":""19,000"",""外陸資賣出股數(不含外資自營商)"":""87,000"",""外陸資買賣超股數(不含外資自營商)"":""-68,000"",""外資自營商買進股數"":""0"",""外資自營商賣出股數"":""0"",""外資自營商買賣超股數"":""0"",""投信買進股數"":""0"",""投信賣出股數"":""0"",""投信買賣超股數"":""0"",""自營商買賣超股數"":""4,885"",""自營商買進股數(自行買賣)"":""1,000"",""自營商賣出股數(自行買賣)"":""0"",""自營商買賣超股數(自行買賣)"":""1,000"",""自營商買進股數(避險)"":""15,000"",""自營商賣出股數(避險)"":""11,115"",""自營商買賣超股數(避險)"":""3,885"",""三大法人買賣超股數"":""-63,115""}"
2026-09-24,TWSE,2637,慧洋-KY         ,1250000,1314832,-64832,0,2281,-2281,5000,4846,3154,"{""證券代號"":""2637"",""證券名稱"":""慧洋-KY         "",""外陸資買進股數(不含外資自營商)"":""1,250,000"",""外陸資賣出股數(不含外資自營商)"":""1,314,832"",""外陸資買賣超股數(不含外資自營商)"":""-64,832"",""外資自營商買進股數"":""0"",""外資自營商賣出股數"":""0"",""外資自營商買賣超股數"":""0"",""投信買進股數"":""0"",""投信賣出股數"":""2,281"",""投信買賣超股數"":""-2,281"",""自營商買賣超股數"":""3,154"",""自營商買進股數(自行買賣)"":""3,000"",""自營商賣出股數(自行買賣)"":""0"",""自營商買賣超股數(自行買賣)"":""3,000"",""自營商買進股數(避險)"":""5,000"",""自營商賣出股數(避險)"":""4,846"",""自營商買賣超股數(避險)"":""154"",""三大法人買賣超股數"":""-63,959""}"
2026-09-24,TWSE,6215,和椿            ,97797,162373,-64576,0,0,0,0,257,-257,"{""證券代號"":""6215"",""證券名稱"":""和椿            "",""外陸資買進股數(不含外資自營商)"":""97,797"",""外陸資賣出股數(不含外資自營商)"":""162,373"",""外陸資買賣超股數(不含外資自營商)"":""-64,576"",""外資自營商買進股數"":""0"",""外資自營商賣出股數"":""0"",""外資自營商買賣超股數"":""0"",""投信買進股數"":""0"",""投信賣出股數"":""0"",""投信買賣超股數"":""0"",""自營商買賣超股數"":""-257"",""自營商買進股數(自行買賣)"":""0"",""自營商賣出股數(自行買賣)"":""0"",""自營商買賣超股數(自行買賣)"":""0"",""自營商買進股數(避險)"":""0"",""自營商賣出股數(避險)"":""257"",""自營商買賣超股數(避險)"":""-257"",""三大法人買賣超股數"":""-64,833""}"
2026-09-24,TWSE,6415,矽力*-KY        ,1060845,1132849,-72004,20000,10000,10000,2065,2907,-2842,"{""證券代號"":""6415"",""證券名稱"":""矽力*-KY        "",""外陸資買進股數(不含外資自營商)"":""1,060,845"",""外陸資賣出股數(不含外資自營商)"":""1,132,849"",""外陸資買賣超股數(不含外資自營商)"":""-72,004"",""外資自營商買進股數"":""0"",""外資自營商賣出股數"":""0"",""外資自營商買賣超股數"":""0"",""投信買進股數"":""20,000"",""投信賣出股數"":""10,000"",""投信買賣超股數"":""10,000"",""自營商買賣超股數"":""-2,842"",""自營商買進股數(自行買賣)"":""0"",""自營商賣出股數(自行買賣)"":""2,000"",""自營商買賣超股數(自行買賣)"":""-2,000"",""自營商買進股數(避險)"":""2,065"",""自營商賣出股數(避險)"":""2,907"",""自營商買賣超股數(避險)"":""-842"",""三大法人買賣超股數"":""-64,846""}"
2026-09-24,TWSE,00991B,貝萊德A級公司債 ,300000,1000,299000,0,0,0,1000,365085,-364085,"{""證券代號"":""00991B"",""證券名稱"":""貝萊德A級公司債 "",""外陸資買進股數(不含外資自營商)"":""300,000"",""外陸資賣出股數(不含外資自營商)"":""1,000"",""外陸資買賣超股數(不含外資自營商)"":""299,000"",""外資自營商買進股數"":""0"",""外資自營商賣出股數"":""0"",""外資自營商買賣超股數"":""0"",""投信買進股數"":""0"",""投信賣出股數"":""0"",""投信買賣超股數"":""0"",""自營商買賣超股數"":""-364,085"",""自營商買進股數(自行買賣)"":""0"",""自營商賣出股數(自行買賣)"":""0"",""自營商買賣超股數(自行買賣)"":""0"",""自營商買進股數(避險)"":""1,000"",""自營商賣出股數(避險)"":""365,085"",""自營商買賣超股數(避險)"":""-364,085"",""三大法人買賣超股數"":""-65,085""}"
2026-09-24,TWSE,00669R,國泰美國道瓊反1 ,0,0,0,0,0,0,170912,236000,-65088,"{""證券代號"":""00669R"",""證券名稱"":""國泰美國道瓊反1 "",""外陸資買進股數(不含外資自營商)"":""0"",""外陸資賣出股數(不含外資自營商)"":""0"",""外陸資買賣超股數(不含外資自營商)"":""0"",""外資自營商買進股數"":""0"",""外資自營商賣出股數"":""0"",""外資自營商買賣超股數"":""0"",""投信買進股數"":""0"",""投信賣出股數"":""0"",""投信買賣超股數"":""0"",""自營商買賣超股數"":""-65,088"",""自營商買進股數(自行買賣)"":""0"",""自營商賣出股數(自行買賣)"":""0"",""自營商買賣超股數(自行買賣)"":""0"",""自營商買進股數(避險)"":""170,912"",""自營商賣出股數(避險)"":""236,000"",""自營商買賣超股數(避險)"":""-65,088"",""三大法人買賣超股數"":""-65,088""}"
2026-09-24,TWSE,1532,勤美            ,92970,158421,-65451,0,0,0,0,0,0,"{""證券代號"":""1532"",""證券名稱"":""勤美            "",""外陸資買進股數(不含外資自營商)"":""92,970"",""外陸資賣出股數(不含外資自營商)"":""158,421"",""外陸資買賣超股數(不含外資自營商)"":""-65,451"",""外資自營商買進股數"":""0"",""外資自營商賣出股數"":""0"",""外資自營商買賣超股數"":""0"",""投信買進股數"":""0"",""投信賣出股數"":""0"",""投信買賣超股數"":""0"",""自營商買賣超股數"":""0"",""自營商買進股數(自行買賣)"":""0"",""自營商賣出股數(自行買賣)"":""0"",""自營商買賣超股數(自行買賣)"":""0"",""自營商買進股數(避險)"":""0"",""自營商賣出股數(避險)"":""0"",""自營商買賣超股數(避險)"":""0"",""三大法人買賣超股數"":""-65,451""}"
2026-09-24,TWSE,9103,美德醫療-DR     ,9000,74000,-65000,0,0,0,0,1091,-1091,"{""證券代號"":""9103"",""證券名稱"":""美德醫療-DR     "",""外陸資買進股數(不含外資自營商)"":""9,000"",""外陸資賣出股數(不含外資自營商)"":""74,000"",""外陸資買賣超股數(不含外資自營商)"":""-65,000"",""外資自營商買進股數"":""0"",""外資自營商賣出股數"":""0"",""外資自營商買賣超股數"":""0"",""投信買進股數"":""0"",""投信賣出股數"":""0"",""投信買賣超股數"":""0"",""自營商買賣超股數"":""-1,091"",""自營商買進股數(自行買賣)"":""0"",""自營商賣出股數(自行買賣)"":""0"",""自營商買賣超股數(自行買賣)"":""0"",""自營商買進股數(避險)"":""0"",""自營商賣出股數(避險)"":""1,091"",""自營商買賣超股數(避險)"":""-1,091"",""三大法人買賣超股數"":""-66,091""}"
2026-09-24,TWSE,1707,葡萄王          ,33000,99205,-66205,0,0,0,0,278,-278,"{""證券代號"":""1707"",""證券名稱"":""葡萄王          "",""外陸資買進股數(不含外資自營商)"":""33,000"",""外陸資賣出股數(不含外資自營商)"":""99,205"",""外陸資買賣超股數(不含外資自營商)"":""-66,205"",""外資自營商買進股數"":""0"",""外資自營商賣出股數"":""0"",""外資自營商買賣超股數"":""0"",""投信買進股數"":""0"",""投信賣出股數"":""0"",""投信買賣超股數"":""0"",""自營商買賣超股數"":""-278"",""自營商買進股數(自行買賣)"":""0"",""自營商賣出股數(自行買賣)"":""0"",""自營商買賣超股數(自行買賣)"":""0"",""自營商買進股數(避險)"":""0"",""自營商賣出股數(避險)"":""278"",""自營商買賣超股數(避險)"":""-278"",""三大法人買賣超股數"":""-66,483""}"
2026-09-24,TWSE,00651R,復華香港反1     ,0,26000,-26000,0,0,0,76448,117048,-40600,"{""證券代號"":""00651R"",""證券名稱"":""復華香港反1     "",""外陸資買進股數(不含外資自營商)"":""0"",""外陸資賣出股數(不含外資自營商)"":""26,000"",""外陸資買賣超股數(不含外資自營商)"":""-26,000"",""外資自營商買進股數"":""0"",""外資自營商賣出股數"":""0"",""外資自營商買賣超股數"":""0"",""投信買進股數"":""0"",""投信賣出股數"":""0"",""投信買賣超股數"":""0"",""自營商買賣超股數"":""-40,600"",""自營商買進股數(自行買賣)"":""0"",""自營商賣出股數(自行買賣)"":""0"",""自營商買賣超股數(自行買賣)"":""0"",""自營商買進股數(避險)"":""76,448"",""自營商賣出股數(避險)"":""117,048"",""自營商買賣超股數(避險)"":""-40,600"",""三大法人買賣超股數"":""-66,600""}"
2026-09-24,TWSE,4989,榮科            ,536205,587200,-50995,0,0,0,0,15870,-15870,"{""證券代號"":""4989"",""證券名稱"":""榮科            "",""外陸資買進股數(不含外資自營商)"":""536,205"",""外陸資賣出股數(不含外資自營商)"":""587,200"",""外陸資買賣超股數(不含外資自營商)"":""-50,995"",""外資自營商買進股數"":""0"",""外資自營商賣出股數"":""0"",""外資自營商買賣超股數"":""0"",""投信買進股數"":""0"",""投信賣出股數"":""0"",""投信買賣超股數"":""0"",""自營商買賣超股數"":""-15,870"",""自營商買進股數(自行買賣)"":""0"",""自營商賣出股數(自行買賣)"":""0"",""自營商買賣超股數(自行買賣)"":""0"",""自營商買進股數(避險)"":""0"",""自營商賣出股數(避險)"":""15,870"",""自營商買賣超股數(避險)"":""-15,870"",""三大法人買賣超股數"":""-66,865""}"
2026-09-24,TWSE,3060,銘異            ,70116,138000,-67884,0,0,0,0,1,-1,"{""證券代號"":""3060"",""證券名稱"":""銘異            "",""外陸資買進股數(不含外資自營商)"":""70,116"",""外陸資賣出股數(不含外資自營商)"":""138,000"",""外陸資買賣超股數(不含外資自營商)"":""-67,884"",""外資自營商買進股數"":""0"",""外資自營商賣出股數"":""0"",""外資自營商買賣超股數"":""0"",""投信買進股數"":""0"",""投信賣出股數"":""0"",""投信買賣超股數"":""0"",""自營商買賣超股數"":""-1"",""自營商買進股數(自行買賣)"":""0"",""自營商賣出股數(自行買賣)"":""0"",""自營商買賣超股數(自行買賣)"":""0"",""自營商買進股數(避險)"":""0"",""自營商賣出股數(避險)"":""1"",""自營商買賣超股數(避險)"":""-1"",""三大法人買賣超股數"":""-67,885""}"
2026-09-24,TWSE,3501,維熹            ,7000,75000,-68000,0,0,0,0,0,0,"{""證券代號"":""3501"",""證券名稱"":""維熹            "",""外陸資買進股數(不含外資自營商)"":""7,000"",""外陸資賣出股數(不含外資自營商)"":""75,000"",""外陸資買賣超股數(不含外資自營商)"":""-68,000"",""外資自營商買進股數"":""0"",""外資自營商賣出股數"":""0"",""外資自營商買賣超股數"":""0"",""投信買進股數"":""0"",""投信賣出股數"":""0"",""投信買賣超股數"":""0"",""自營商買賣超股數"":""0"",""自營商買進股數(自行買賣)"":""0"",""自營商賣出股數(自行買賣)"":""0"",""自營商買賣超股數(自行買賣)"":""0"",""自營商買進股數(避險)"":""0"",""自營商賣出股數(避險)"":""0"",""自營商買賣超股數(避險)"":""0"",""三大法人買賣超股數"":""-68,000""}"
2026-09-24,TWSE,1110,東泥            ,19000,88000,-69000,0,0,0,0,0,0,"{""證券代號"":""1110"",""證券名稱"":""東泥            "",""外陸資買進股數(不含外資自營商)"":""19,000"",""外陸資賣出股數(不含外資自營商)"":""88,000"",""外陸資買賣超股數(不含外資自營商)"":""-69,000"",""外資自營商買進股數"":""0"",""外資自營商賣出股數"":""0"",""外資自營商買賣超股數"":""0"",""投信買進股數"":""0"",""投信賣出股數"":""0"",""投信買賣超股數"":""0"",""自營商買賣超股數"":""0"",""自營商買進股數(自行買賣)"":""0"",""自營商賣出股數(自行買賣)"":""0"",""自營商買賣超股數(自行買賣)"":""0"",""自營商買進股數(避險)"":""0"",""自營商賣出股數(避險)"":""0"",""自營商買賣超股數(避險)"":""0"",""三大法人買賣超股數"":""-69,000""}"
2026-09-24,TWSE,2614,東森            ,60000,129000,-69000,0,0,0,0,0,0,"{""證券代號"":""2614"",""證券名稱"":""東森            "",""外陸資買進股數(不含外資自營商)"":""60,000"",""外陸資賣出股數(不含外資自營商)"":""129,000"",""外陸資買賣超股數(不含外資自營商)"":""-69,000"",""外資自營商買進股數"":""0"",""外資自營商賣出股數"":""0"",""外資自營商買賣超股數"":""0"",""投信買進股數"":""0"",""投信賣出股數"":""0"",""投信買賣超股數"":""0"",""自營商買賣超股數"":""0"",""自營商買進股數(自行買賣)"":""0"",""自營商賣出股數(自行買賣)"":""0"",""自營商買賣超股數(自行買賣)"":""0"",""自營商買進股數(避險)"":""0"",""自營商賣出股數(避險)"":""0"",""自營商買賣超股數(避險)"":""0"",""三大法人買賣超股數"":""-69,000""}"
2026-09-24,TWSE,1726,永記            ,14000,84000,-70000,0,0,0,0,0,0,"{""證券代號"":""1726"",""證券名稱"":""永記            "",""外陸資買進股數(不含外資自營商)"":""14,000"",""外陸資賣出股數(不含外資自營商)"":""84,000"",""外陸資買賣超股數(不含外資自營商)"":""-70,000"",""外資自營商買進股數"":""0"",""外資自營商賣出股數"":""0"",""外資自營商買賣超股數"":""0"",""投信買進股數"":""0"",""投信賣出股數"":""0"",""投信買賣超股數"":""0"",""自營商買賣超股數"":""0"",""自營商買進股數(自行買賣)"":""0"",""自營商賣出股數(自行買賣)"":""0"",""自營商買賣超股數(自行買賣)"":""0"",""自營商買進股數(避險)"":""0"",""自營商賣出股數(避險)"":""0"",""自營商買賣超股數(避險)"":""0"",""三大法人買賣超股數"":""-70,000""}"
2026-09-24,TWSE,1734,杏輝            ,8000,78080,-70080,0,0,0,0,0,0,"{""證券代號"":""1734"",""證券名稱"":""杏輝            "",""外陸資買進股數(不含外資自營商)"":""8,000"",""外陸資賣出股數(不含外資自營商)"":""78,080"",""外陸資買賣超股數(不含外資自營商)"":""-70,080"",""外資自營商買進股數"":""0"",""外資自營商賣出股數"":""0"",""外資自營商買賣超股數"":""0"",""投信買進股數"":""0"",""投信賣出股數"":""0"",""投信買賣超股數"":""0"",""自營商買賣超股數"":""0"",""自營商買進股數(自行買賣)"":""0"",""自營商賣出股數(自行買賣)"":""0"",""自營商買賣超股數(自行買賣)"":""0"",""自營商買進股數(避險)"":""0"",""自營商賣出股數(避險)"":""0"",""自營商買賣超股數(避險)"":""0"",""三大法人買賣超股數"":""-70,080""}"
2026-09-24,TWSE,2033,佳大            ,821000,891804,-70804,0,0,0,0,0,0,"{""證券代號"":""2033"",""證券名稱"":""佳大            "",""外陸資買進股數(不含外資自營商)"":""821,000"",""外陸資賣出股數(不含外資自營商)"":""891,804"",""外陸資買賣超股數(不含外資自營商)"":""-70,804"",""外資自營商買進股數"":""0"",""外資自營商賣出股數"":""0"",""外資自營商買賣超股數"":""0"",""投信買進股數"":""0"",""投信賣出股數"":""0"",""投信買賣超股數"":""0"",""自營商買賣超股數"":""0"",""自營商買進股數(自行買賣)"":""0"",""自營商賣出股數(自行買賣)"":""0"",""自營商買賣超股數(自行買賣)"":""0"",""自營商買進股數(避險)"":""0"",""自營商賣出股數(避險)"":""0"",""自營商買賣超股數(避險)"":""0"",""三大法人買賣超股數"":""-70,804""}"
2026-09-24,TWSE,2399,映泰            ,561020,630000,-68980,0,0,0,3381,5300,-1919,"{""證券代號"":""2399"",""證券名稱"":""映泰            "",""外陸資買進股數(不含外資自營商)"":""561,020"",""外陸資賣出股數(不含外資自營商)"":""630,000"",""外陸資買賣超股數(不含外資自營商)"":""-68,980"",""外資自營商買進股數"":""0"",""外資自營商賣出股數"":""0"",""外資自營商買賣超股數"":""0"",""投信買進股數"":""0"",""投信賣出股數"":""0"",""投信買賣超股數"":""0"",""自營商買賣超股數"":""-1,919"",""自營商買進股數(自行買賣)"":""0"",""自營商賣出股數(自行買賣)"":""0"",""自營商買賣超股數(自行買賣)"":""0"",""自營商買進股數(避險)"":""3,381"",""自營商賣出股數(避險)"":""5,300"",""自營商買賣超股數(避險)"":""-1,919"",""三大法人買賣超股數"":""-70,899""}"
2026-09-24,TWSE,9914,美利達          ,1271000,1342000,-71000,0,0,0,2000,2478,-478,"{""證券代號"":""9914"",""證券名稱"":""美利達          "",""外陸資買進股數(不含外資自營商)"":""1,271,000"",""外陸資賣出股數(不含外資自營商)"":""1,342,000"",""外陸資買賣超股數(不含外資自營商)"":""-71,000"",""外資自營商買進股數"":""0"",""外資自營商賣出股數"":""0"",""外資自營商買賣超股數"":""0"",""投信買進股數"":""0"",""投信賣出股數"":""0"",""投信買賣超股數"":""0"",""自營商買賣超股數"":""-478"",""自營商買進股數(自行買賣)"":""2,000"",""自營商賣出股數(自行買賣)"":""2,000"",""自營商買賣超股數(自行買賣)"":""0"",""自營商買進股數(避險)"":""2,000"",""自營商賣出股數(避險)"":""2,478"",""自營商買賣超股數(避險)"":""-478"",""三大法人買賣超股數"":""-71,478""}"
2026-09-24,TWSE,2485,兆赫            ,362290,422000,-59710,0,0,0,2655,16231,-12576,"{""證券代號"":""2485"",""證券名稱"":""兆赫            "",""外陸資買進股數(不含外資自營商)"":""362,290"",""外陸資賣出股數(不含外資自營商)"":""422,000"",""外陸資買賣超股數(不含外資自營商)"":""-59,710"",""外資自營商買進股數"":""0"",""外資自營商賣出股數"":""0"",""外資自營商買賣超股數"":""0"",""投信買進股數"":""0"",""投信賣出股數"":""0"",""投信買賣超股數"":""0"",""自營商買賣超股數"":""-12,576"",""自營商買進股數(自行買賣)"":""2,000"",""自營商賣出股數(自行買賣)"":""1,000"",""自營商買賣超股數(自行買賣)"":""1,000"",""自營商買進股數(避險)"":""2,655"",""自營商賣出股數(避險)"":""16,231"",""自營商買賣超股數(避險)"":""-13,576"",""三大法人買賣超股數"":""-72,286""}"
2026-09-24,TWSE,6854,錼創科技-KY創   ,18000,95000,-77000,0,0,0,8000,4426,3574,"{""證券代號"":""6854"",""證券名稱"":""錼創科技-KY創   "",""外陸資買進股數(不含外資自營商)"":""18,000"",""外陸資賣出股數(不含外資自營商)"":""95,000"",""外陸資買賣超股數(不含外資自營商)"":""-77,000"",""外資自營商買進股數"":""0"",""外資自營商賣出股數"":""0"",""外資自營商買賣超股數"":""0"",""投信買進股數"":""0"",""投信賣出股數"":""0"",""投信買賣超股數"":""0"",""自營商買賣超股數"":""3,574"",""自營商買進股數(自行買賣)"":""0"",""自營商賣出股數(自行買賣)"":""0"",""自營商買賣超股數(自行買賣)"":""0"",""自營商買進股數(避險)"":""8,000"",""自營商賣出股數(避險)"":""4,426"",""自營商買賣超股數(避險)"":""3,574"",""三大法人買賣超股數"":""-73,426""}"
2026-09-24,TWSE,2029,盛餘            ,42445,116215,-73770,0,0,0,0,0,0,"{""證券代號"":""2029"",""證券名稱"":""盛餘            "",""外陸資買進股數(不含外資自營商)"":""42,445"",""外陸資賣出股數(不含外資自營商)"":""116,215"",""外陸資買賣超股數(不含外資自營商)"":""-73,770"",""外資自營商買進股數"":""0"",""外資自營商賣出股數"":""0"",""外資自營商買賣超股數"":""0"",""投信買進股數"":""0"",""投信賣出股數"":""0"",""投信買賣超股數"":""0"",""自營商買賣超股數"":""0"",""自營商買進股數(自行買賣)"":""0"",""自營商賣出股數(自行買賣)"":""0"",""自營商買賣超股數(自行買賣)"":""0"",""自營商買進股數(避險)"":""0"",""自營商賣出股數(避險)"":""0"",""自營商買賣超股數(避險)"":""0"",""三大法人買賣超股數"":""-73,770""}"
2026-09-24,TWSE,2423,固緯            ,5085,79000,-73915,0,0,0,0,0,0,"{""證券代號"":""2423"",""證券名稱"":""固緯            "",""外陸資買進股數(不含外資自營商)"":""5,085"",""外陸資賣出股數(不含外資自營商)"":""79,000"",""外陸資買賣超股數(不含外資自營商)"":""-73,915"",""外資自營商買進股數"":""0"",""外資自營商賣出股數"":""0"",""外資自營商買賣超股數"":""0"",""投信買進股數"":""0"",""投信賣出股數"":""0"",""投信買賣超股數"":""0"",""自營商買賣超股數"":""0"",""自營商買進股數(自行買賣)"":""0"",""自營商賣出股數(自行買賣)"":""0"",""自營商買賣超股數(自行買賣)"":""0"",""自營商買進股數(避險)"":""0"",""自營商賣出股數(避險)"":""0"",""自營商買賣超股數(避險)"":""0"",""三大法人買賣超股數"":""-73,915""}"
2026-09-24,TWSE,1210,大成            ,316000,390058,-74058,0,0,0,0,0,0,"{""證券代號"":""1210"",""證券名稱"":""大成            "",""外陸資買進股數(不含外資自營商)"":""316,000"",""外陸資賣出股數(不含外資自營商)"":""390,058"",""外陸資買賣超股數(不含外資自營商)"":""-74,058"",""外資自營商買進股數"":""0"",""外資自營商賣出股數"":""0"",""外資自營商買賣超股數"":""0"",""投信買進股數"":""0"",""投信賣出股數"":""0"",""投信買賣超股數"":""0"",""自營商買賣超股數"":""0"",""自營商買進股數(自行買賣)"":""0"",""自營商賣出股數(自行買賣)"":""0"",""自營商買賣超股數(自行買賣)"":""0"",""自營商買進股數(避險)"":""0"",""自營商賣出股數(避險)"":""0"",""自營商買賣超股數(避險)"":""0"",""三大法人買賣超股數"":""-74,058""}"
2026-09-24,TWSE,2465,麗臺            ,171000,244312,-73312,0,0,0,0,0,-1000,"{""證券代號"":""2465"",""證券名稱"":""麗臺            "",""外陸資買進股數(不含外資自營商)"":""171,000"",""外陸資賣出股數(不含外資自營商)"":""244,312"",""外陸資買賣超股數(不含外資自營商)"":""-73,312"",""外資自營商買進股數"":""0"",""外資自營商賣出股數"":""0"",""外資自營商買賣超股數"":""0"",""投信買進股數"":""0"",""投信賣出股數"":""0"",""投信買賣超股數"":""0"",""自營商買賣超股數"":""-1,000"",""自營商買進股數(自行買賣)"":""0"",""自營商賣出股數(自行買賣)"":""1,000"",""自營商買賣超股數(自行買賣)"":""-1,000"",""自營商買進股數(避險)"":""0"",""自營商賣出股數(避險)"":""0"",""自營商買賣超股數(避險)"":""0"",""三大法人買賣超股數"":""-74,312""}"
2026-09-24,TWSE,3504,揚明光          ,265303,338000,-72697,0,0,0,3000,5002,-2002,"{""證券代號"":""3504"",""證券名稱"":""揚明光          "",""外陸資買進股數(不含外資自營商)"":""265,303"",""外陸資賣出股數(不含外資自營商)"":""338,000"",""外陸資買賣超股數(不含外資自營商)"":""-72,697"",""外資自營商買進股數"":""0"",""外資自營商賣出股數"":""0"",""外資自營商買賣超股數"":""0"",""投信買進股數"":""0"",""投信賣出股數"":""0"",""投信買賣超股數"":""0"",""自營商買賣超股數"":""-2,002"",""自營商買進股數(自行買賣)"":""0"",""自營商賣出股數(自行買賣)"":""0"",""自營商買賣超股數(自行買賣)"":""0"",""自營商買進股數(避險)"":""3,000"",""自營商賣出股數(避險)"":""5,002"",""自營商買賣超股數(避險)"":""-2,002"",""三大法人買賣超股數"":""-74,699""}"
2026-09-24,TWSE,5284,jpp-KY          ,42095,129136,-87041,0,0,0,36394,24661,11733,"{""證券代號"":""5284"",""證券名稱"":""jpp-KY          "",""外陸資買進股數(不含外資自營商)"":""42,095"",""外陸資賣出股數(不含外資自營商)"":""129,136"",""外陸資買賣超股數(不含外資自營商)"":""-87,041"",""外資自營商買進股數"":""0"",""外資自營商賣出股數"":""0"",""外資自營商買賣超股數"":""0"",""投信買進股數"":""0"",""投信賣出股數"":""0"",""投信買賣超股數"":""0"",""自營商買賣超股數"":""11,733"",""自營商買進股數(自行買賣)"":""0"",""自營商賣出股數(自行買賣)"":""0"",""自營商買賣超股數(自行買賣)"":""0"",""自營商買進股數(避險)"":""36,394"",""自營商賣出股數(避險)"":""24,661"",""自營商買賣超股數(避險)"":""11,733"",""三大法人買賣超股數"":""-75,308""}"
2026-09-24,TWSE,1907,永豐餘          ,337000,418070,-81070,0,0,0,0,0,4000,"{""證券代號"":""1907"",""證券名稱"":""永豐餘          "",""外陸資買進股數(不含外資自營商)"":""337,000"",""外陸資賣出股數(不含外資自營商)"":""418,070"",""外陸資買賣超股數(不含外資自營商)"":""-81,070"",""外資自營商買進股數"":""0"",""外資自營商賣出股數"":""0"",""外資自營商買賣超股數"":""0"",""投信買進股數"":""0"",""投信賣出股數"":""0"",""投信買賣超股數"":""0"",""自營商買賣超股數"":""4,000"",""自營商買進股數(自行買賣)"":""4,000"",""自營商賣出股數(自行買賣)"":""0"",""自營商買賣超股數(自行買賣)"":""4,000"",""自營商買進股數(避險)"":""0"",""自營商賣出股數(避險)"":""0"",""自營商買賣超股數(避險)"":""0"",""三大法人買賣超股數"":""-77,070""}"
2026-09-24,TWSE,00986A,主動台新龍頭成長,0,1000,-1000,0,0,0,17300,94081,-76781,"{""證券代號"":""00986A"",""證券名稱"":""主動台新龍頭成長"",""外陸資買進股數(不含外資自營商)"":""0"",""外陸資賣出股數(不含外資自營商)"":""1,000"",""外陸資買賣超股數(不含外資自營商)"":""-1,000"",""外資自營商買進股數"":""0"",""外資自營商賣出股數"":""0"",""外資自營商買賣超股數"":""0"",""投信買進股數"":""0"",""投信賣出股數"":""0"",""投信買賣超股數"":""0"",""自營商買賣超股數"":""-76,781"",""自營商買進股數(自行買賣)"":""0"",""自營商賣出股數(自行買賣)"":""0"",""自營商買賣超股數(自行買賣)"":""0"",""自營商買進股數(避險)"":""17,300"",""自營商賣出股數(避險)"":""94,081"",""自營商買賣超股數(避險)"":""-76,781"",""三大法人買賣超股數"":""-77,781""}"
2026-09-24,TWSE,3704,合勤控          ,378000,459000,-81000,0,0,0,2317,0,2034,"{""證券代號"":""3704"",""證券名稱"":""合勤控          "",""外陸資買進股數(不含外資自營商)"":""378,000"",""外陸資賣出股數(不含外資自營商)"":""459,000"",""外陸資買賣超股數(不含外資自營商)"":""-81,000"",""外資自營商買進股數"":""0"",""外資自營商賣出股數"":""0"",""外資自營商買賣超股數"":""0"",""投信買進股數"":""0"",""投信賣出股數"":""0"",""投信買賣超股數"":""0"",""自營商買賣超股數"":""2,034"",""自營商買進股數(自行買賣)"":""0"",""自營商賣出股數(自行買賣)"":""283"",""自營商買賣超股數(自行買賣)"":""-283"",""自營商買進股數(避險)"":""2,317"",""自營商賣出股數(避險)"":""0"",""自營商買賣超股數(避險)"":""2,317"",""三大法人買賣超股數"":""-78,966""}"
2026-09-24,TWSE,3622,洋華            ,52000,73000,-21000,0,0,0,0,0,-58000,"{""證券代號"":""3622"",""證券名稱"":""洋華            "",""外陸資買進股數(不含外資自營商)"":""52,000"",""外陸資賣出股數(不含外資自營商)"":""73,000"",""外陸資買賣超股數(不含外資自營商)"":""-21,000"",""外資自營商買進股數"":""0"",""外資自營商賣出股數"":""0"",""外資自營商買賣超股數"":""0"",""投信買進股數"":""0"",""投信賣出股數"":""0"",""投信買賣超股數"":""0"",""自營商買賣超股數"":""-58,000"",""自營商買進股數(自行買賣)"":""0"",""自營商賣出股數(自行買賣)"":""58,000"",""自營商買賣超股數(自行買賣)"":""-58,000"",""自營商買進股數(避險)"":""0"",""自營商賣出股數(避險)"":""0"",""自營商買賣超股數(避險)"":""0"",""三大法人買賣超股數"":""-79,000""}"
2026-09-24,TWSE,1531,高林股          ,4000,84000,-80000,0,0,0,0,0,0,"{""證券代號"":""1531"",""證券名稱"":""高林股          "",""外陸資買進股數(不含外資自營商)"":""4,000"",""外陸資賣出股數(不含外資自營商)"":""84,000"",""外陸資買賣超股數(不含外資自營商)"":""-80,000"",""外資自營商買進股數"":""0"",""外資自營商賣出股數"":""0"",""外資自營商買賣超股數"":""0"",""投信買進股數"":""0"",""投信賣出股數"":""0"",""投信買賣超股數"":""0"",""自營商買賣超股數"":""0"",""自營商買進股數(自行買賣)"":""0"",""自營商賣出股數(自行買賣)"":""0"",""自營商買賣超股數(自行買賣)"":""0"",""自營商買進股數(避險)"":""0"",""自營商賣出股數(避險)"":""0"",""自營商買賣超股數(避險)"":""0"",""三大法人買賣超股數"":""-80,000""}"
2026-09-24,TWSE,1503,士電            ,199676,277225,-77549,0,1000,-1000,4000,6024,-2024,"{""證券代號"":""1503"",""證券名稱"":""士電            "",""外陸資買進股數(不含外資自營商)"":""199,676"",""外陸資賣出股數(不含外資自營商)"":""277,225"",""外陸資買賣超股數(不含外資自營商)"":""-77,549"",""外資自營商買進股數"":""0"",""外資自營商賣出股數"":""0"",""外資自營商買賣超股數"":""0"",""投信買進股數"":""0"",""投信賣出股數"":""1,000"",""投信買賣超股數"":""-1,000"",""自營商買賣超股數"":""-2,024"",""自營商買進股數(自行買賣)"":""0"",""自營商賣出股數(自行買賣)"":""0"",""自營商買賣超股數(自行買賣)"":""0"",""自營商買進股數(避險)"":""4,000"",""自營商賣出股數(避險)"":""6,024"",""自營商買賣超股數(避險)"":""-2,024"",""三大法人買賣超股數"":""-80,573""}"
2026-09-24,TWSE,0061,元大寶滬深      ,0,12000,-12000,0,0,0,1387,70167,-68780,"{""證券代號"":""0061"",""證券名稱"":""元大寶滬深      "",""外陸資買進股數(不含外資自營商)"":""0"",""外陸資賣出股數(不含外資自營商)"":""12,000"",""外陸資買賣超股數(不含外資自營商)"":""-12,000"",""外資自營商買進股數"":""0"",""外資自營商賣出股數"":""0"",""外資自營商買賣超股數"":""0"",""投信買進股數"":""0"",""投信賣出股數"":""0"",""投信買賣超股數"":""0"",""自營商買賣超股數"":""-68,780"",""自營商買進股數(自行買賣)"":""0"",""自營商賣出股數(自行買賣)"":""0"",""自營商買賣超股數(自行買賣)"":""0"",""自營商買進股數(避險)"":""1,387"",""自營商賣出股數(避險)"":""70,167"",""自營商買賣超股數(避險)"":""-68,780"",""三大法人買賣超股數"":""-80,780""}"
2026-09-24,TWSE,1590,亞德客-KY       ,1083926,1159602,-75676,2000,0,2000,6646,8185,-7539,"{""證券代號"":""1590"",""證券名稱"":""亞德客-KY       "",""外陸資買進股數(不含外資自營商)"":""1,083,926"",""外陸資賣出股數(不含外資自營商)"":""1,159,602"",""外陸資買賣超股數(不含外資自營商)"":""-75,676"",""外資自營商買進股數"":""0"",""外資自營商賣出股數"":""0"",""外資自營商買賣超股數"":""0"",""投信買進股數"":""2,000"",""投信賣出股數"":""0"",""投信買賣超股數"":""2,000"",""自營商買賣超股數"":""-7,539"",""自營商買進股數(自行買賣)"":""2,000"",""自營商賣出股數(自行買賣)"":""8,000"",""自營商買賣超股數(自行買賣)"":""-6,000"",""自營商買進股數(避險)"":""6,646"",""自營商賣出股數(避險)"":""8,185"",""自營商買賣超股數(避險)"":""-1,539"",""三大法人買賣超股數"":""-81,215""}"
2026-09-24,TWSE,2348,海悅            ,46050,129000,-82950,0,0,0,0,990,-990,"{""證券代號"":""2348"",""證券名稱"":""海悅            "",""外陸資買進股數(不含外資自營商)"":""46,050"",""外陸資賣出股數(不含外資自營商)"":""129,000"",""外陸資買賣超股數(不含外資自營商)"":""-82,950"",""外資自營商買進股數"":""0"",""外資自營商賣出股數"":""0"",""外資自營商買賣超股數"":""0"",""投信買進股數"":""0"",""投信賣出股數"":""0"",""投信買賣超股數"":""0"",""自營商買賣超股數"":""-990"",""自營商買進股數(自行買賣)"":""0"",""自營商賣出股數(自行買賣)"":""0"",""自營商買賣超股數(自行買賣)"":""0"",""自營商買進股數(避險)"":""0"",""自營商賣出股數(避險)"":""990"",""自營商買賣超股數(避險)"":""-990"",""三大法人買賣超股數"":""-83,940""}"
2026-09-24,TWSE,00983D,主動富邦複合收益,5000,77000,-72000,0,0,0,228187,240805,-12618,"{""證券代號"":""00983D"",""證券名稱"":""主動富邦複合收益"",""外陸資買進股數(不含外資自營商)"":""5,000"",""外陸資賣出股數(不含外資自營商)"":""77,000"",""外陸資買賣超股數(不含外資自營商)"":""-72,000"",""外資自營商買進股數"":""0"",""外資自營商賣出股數"":""0"",""外資自營商買賣超股數"":""0"",""投信買進股數"":""0"",""投信賣出股數"":""0"",""投信買賣超股數"":""0"",""自營商買賣超股數"":""-12,618"",""自營商買進股數(自行買賣)"":""0"",""自營商賣出股數(自行買賣)"":""0"",""自營商買賣超股數(自行買賣)"":""0"",""自營商買進股數(避險)"":""228,187"",""自營商賣出股數(避險)"":""240,805"",""自營商買賣超股數(避險)"":""-12,618"",""三大法人買賣超股數"":""-84,618""}"
2026-09-24,TWSE,6558,興能高          ,14000,99000,-85000,0,0,0,0,0,0,"{""證券代號"":""6558"",""證券名稱"":""興能高          "",""外陸資買進股數(不含外資自營商)"":""14,000"",""外陸資賣出股數(不含外資自營商)"":""99,000"",""外陸資買賣超股數(不含外資自營商)"":""-85,000"",""外資自營商買進股數"":""0"",""外資自營商賣出股數"":""0"",""外資自營商買賣超股數"":""0"",""投信買進股數"":""0"",""投信賣出股數"":""0"",""投信買賣超股數"":""0"",""自營商買賣超股數"":""0"",""自營商買進股數(自行買賣)"":""0"",""自營商賣出股數(自行買賣)"":""0"",""自營商買賣超股數(自行買賣)"":""0"",""自營商買進股數(避險)"":""0"",""自營商賣出股數(避險)"":""0"",""自營商買賣超股數(避險)"":""0"",""三大法人買賣超股數"":""-85,000""}"
2026-09-24,TWSE,3013,晟銘電          ,241665,325196,-83531,0,0,0,4000,6162,-2162,"{""證券代號"":""3013"",""證券名稱"":""晟銘電          "",""外陸資買進股數(不含外資自營商)"":""241,665"",""外陸資賣出股數(不含外資自營商)"":""325,196"",""外陸資買賣超股數(不含外資自營商)"":""-83,531"",""外資自營商買進股數"":""0"",""外資自營商賣出股數"":""0"",""外資自營商買賣超股數"":""0"",""投信買進股數"":""0"",""投信賣出股數"":""0"",""投信買賣超股數"":""0"",""自營商買賣超股數"":""-2,162"",""自營商買進股數(自行買賣)"":""0"",""自營商賣出股數(自行買賣)"":""0"",""自營商買賣超股數(自行買賣)"":""0"",""自營商買進股數(避險)"":""4,000"",""自營商賣出股數(避險)"":""6,162"",""自營商買賣超股數(避險)"":""-2,162"",""三大法人買賣超股數"":""-85,693""}"
2026-09-24,TWSE,9927,泰銘            ,2000,90000,-88000,0,0,0,0,0,0,"{""證券代號"":""9927"",""證券名稱"":""泰銘            "",""外陸資買進股數(不含外資自營商)"":""2,000"",""外陸資賣出股數(不含外資自營商)"":""90,000"",""外陸資買賣超股數(不含外資自營商)"":""-88,000"",""外資自營商買進股數"":""0"",""外資自營商賣出股數"":""0"",""外資自營商買賣超股數"":""0"",""投信買進股數"":""0"",""投信賣出股數"":""0"",""投信買賣超股數"":""0"",""自營商買賣超股數"":""0"",""自營商買進股數(自行買賣)"":""0"",""自營商賣出股數(自行買賣)"":""0"",""自營商買賣超股數(自行買賣)"":""0"",""自營商買進股數(避險)"":""0"",""自營商賣出股數(避險)"":""0"",""自營商買賣超股數(避險)"":""0"",""三大法人買賣超股數"":""-88,000""}"
2026-09-24,TWSE,1711,永光            ,599593,619786,-20193,0,0,0,1388,69513,-68125,"{""證券代號"":""1711"",""證券名稱"":""永光            "",""外陸資買進股數(不含外資自營商)"":""599,593"",""外陸資賣出股數(不含外資自營商)"":""619,786"",""外陸資買賣超股數(不含外資自營商)"":""-20,193"",""外資自營商買進股數"":""0"",""外資自營商賣出股數"":""0"",""外資自營商買賣超股數"":""0"",""投信買進股數"":""0"",""投信賣出股數"":""0"",""投信買賣超股數"":""0"",""自營商買賣超股數"":""-68,125"",""自營商買進股數(自行買賣)"":""0"",""自營商賣出股數(自行買賣)"":""0"",""自營商買賣超股數(自行買賣)"":""0"",""自營商買進股數(避險)"":""1,388"",""自營商賣出股數(避險)"":""69,513"",""自營商買賣超股數(避險)"":""-68,125"",""三大法人買賣超股數"":""-88,318""}"
2026-09-24,TWSE,2109,華豐            ,1000,91000,-90000,0,0,0,0,0,0,"{""證券代號"":""2109"",""證券名稱"":""華豐            "",""外陸資買進股數(不含外資自營商)"":""1,000"",""外陸資賣出股數(不含外資自營商)"":""91,000"",""外陸資買賣超股數(不含外資自營商)"":""-90,000"",""外資自營商買進股數"":""0"",""外資自營商賣出股數"":""0"",""外資自營商買賣超股數"":""0"",""投信買進股數"":""0"",""投信賣出股數"":""0"",""投信買賣超股數"":""0"",""自營商買賣超股數"":""0"",""自營商買進股數(自行買賣)"":""0"",""自營商賣出股數(自行買賣)"":""0"",""自營商買賣超股數(自行買賣)"":""0"",""自營商買進股數(避險)"":""0"",""自營商賣出股數(避險)"":""0"",""自營商買賣超股數(避險)"":""0"",""三大法人買賣超股數"":""-90,000""}"
2026-09-24,TWSE,3044,健鼎            ,767049,838576,-71527,0,4000,-4000,21310,40904,-14594,"{""證券代號"":""3044"",""證券名稱"":""健鼎            "",""外陸資買進股數(不含外資自營商)"":""767,049"",""外陸資賣出股數(不含外資自營商)"":""838,576"",""外陸資買賣超股數(不含外資自營商)"":""-71,527"",""外資自營商買進股數"":""0"",""外資自營商賣出股數"":""0"",""外資自營商買賣超股數"":""0"",""投信買進股數"":""0"",""投信賣出股數"":""4,000"",""投信買賣超股數"":""-4,000"",""自營商買賣超股數"":""-14,594"",""自營商買進股數(自行買賣)"":""5,000"",""自營商賣出股數(自行買賣)"":""0"",""自營商買賣超股數(自行買賣)"":""5,000"",""自營商買進股數(避險)"":""21,310"",""自營商賣出股數(避險)"":""40,904"",""自營商買賣超股數(避險)"":""-19,594"",""三大法人買賣超股數"":""-90,121""}"
2026-09-24,TWSE,2505,國揚            ,61312,128000,-66688,0,0,0,0,0,-24000,"{""證券代號"":""2505"",""證券名稱"":""國揚            "",""外陸資買進股數(不含外資自營商)"":""61,312"",""外陸資賣出股數(不含外資自營商)"":""128,000"",""外陸資買賣超股數(不含外資自營商)"":""-66,688"",""外資自營商買進股數"":""0"",""外資自營商賣出股數"":""0"",""外資自營商買賣超股數"":""0"",""投信買進股數"":""0"",""投信賣出股數"":""0"",""投信買賣超股數"":""0"",""自營商買賣超股數"":""-24,000"",""自營商買進股數(自行買賣)"":""0"",""自營商賣出股數(自行買賣)"":""24,000"",""自營商買賣超股數(自行買賣)"":""-24,000"",""自營商買進股數(避險)"":""0"",""自營商賣出股數(避險)"":""0"",""自營商買賣超股數(避險)"":""0"",""三大法人買賣超股數"":""-90,688""}"
2026-09-24,TWSE,4771,望隼            ,13371,104001,-90630,0,0,0,0,1,-1001,"{""證券代號"":""4771"",""證券名稱"":""望隼            "",""外陸資買進股數(不含外資自營商)"":""13,371"",""外陸資賣出股數(不含外資自營商)"":""104,001"",""外陸資買賣超股數(不含外資自營商)"":""-90,630"",""外資自營商買進股數"":""0"",""外資自營商賣出股數"":""0"",""外資自營商買賣超股數"":""0"",""投信買進股數"":""0"",""投信賣出股數"":""0"",""投信買賣超股數"":""0"",""自營商買賣超股數"":""-1,001"",""自營商買進股數(自行買賣)"":""0"",""自營商賣出股數(自行買賣)"":""1,000"",""自營商買賣超股數(自行買賣)"":""-1,000"",""自營商買進股數(避險)"":""0"",""自營商賣出股數(避險)"":""1"",""自營商買賣超股數(避險)"":""-1"",""三大法人買賣超股數"":""-91,631""}"
2026-09-24,TWSE,7855,和運租車        ,2000,94000,-92000,0,0,0,0,0,0,"{""證券代號"":""7855"",""證券名稱"":""和運租車        "",""外陸資買進股數(不含外資自營商)"":""2,000"",""外陸資賣出股數(不含外資自營商)"":""94,000"",""外陸資買賣超股數(不含外資自營商)"":""-92,000"",""外資自營商買進股數"":""0"",""外資自營商賣出股數"":""0"",""外資自營商買賣超股數"":""0"",""投信買進股數"":""0"",""投信賣出股數"":""0"",""投信買賣超股數"":""0"",""自營商買賣超股數"":""0"",""自營商買進股數(自行買賣)"":""0"",""自營商賣出股數(自行買賣)"":""0"",""自營商買賣超股數(自行買賣)"":""0"",""自營商買進股數(避險)"":""0"",""自營商賣出股數(避險)"":""0"",""自營商買賣超股數(避險)"":""0"",""三大法人買賣超股數"":""-92,000""}"
2026-09-24,TWSE,2258,鴻華先進-創     ,8000,96000,-88000,0,0,0,0,6000,-6000,"{""證券代號"":""2258"",""證券名稱"":""鴻華先進-創     "",""外陸資買進股數(不含外資自營商)"":""8,000"",""外陸資賣出股數(不含外資自營商)"":""96,000"",""外陸資買賣超股數(不含外資自營商)"":""-88,000"",""外資自營商買進股數"":""0"",""外資自營商賣出股數"":""0"",""外資自營商買賣超股數"":""0"",""投信買進股數"":""0"",""投信賣出股數"":""0"",""投信買賣超股數"":""0"",""自營商買賣超股數"":""-6,000"",""自營商買進股數(自行買賣)"":""0"",""自營商賣出股數(自行買賣)"":""0"",""自營商買賣超股數(自行買賣)"":""0"",""自營商買進股數(避險)"":""0"",""自營商賣出股數(避險)"":""6,000"",""自營商買賣超股數(避險)"":""-6,000"",""三大法人買賣超股數"":""-94,000""}"
2026-09-24,TWSE,3023,信邦            ,155193,234013,-78820,0,2000,-2000,6180,1000,-14403,"{""證券代號"":""3023"",""證券名稱"":""信邦            "",""外陸資買進股數(不含外資自營商)"":""155,193"",""外陸資賣出股數(不含外資自營商)"":""234,013"",""外陸資買賣超股數(不含外資自營商)"":""-78,820"",""外資自營商買進股數"":""0"",""外資自營商賣出股數"":""0"",""外資自營商買賣超股數"":""0"",""投信買進股數"":""0"",""投信賣出股數"":""2,000"",""投信買賣超股數"":""-2,000"",""自營商買賣超股數"":""-14,403"",""自營商買進股數(自行買賣)"":""0"",""自營商賣出股數(自行買賣)"":""19,583"",""自營商買賣超股數(自行買賣)"":""-19,583"",""自營商買進股數(避險)"":""6,180"",""自營商賣出股數(避險)"":""1,000"",""自營商買賣超股數(避險)"":""5,180"",""三大法人買賣超股數"":""-95,223""}"
2026-09-24,TWSE,2528,皇普            ,10000,107000,-97000,0,0,0,0,0,0,"{""證券代號"":""2528"",""證券名稱"":""皇普            "",""外陸資買進股數(不含外資自營商)"":""10,000"",""外陸資賣出股數(不含外資自營商)"":""107,000"",""外陸資買賣超股數(不含外資自營商)"":""-97,000"",""外資自營商買進股數"":""0"",""外資自營商賣出股數"":""0"",""外資自營商買賣超股數"":""0"",""投信買進股數"":""0"",""投信賣出股數"":""0"",""投信買賣超股數"":""0"",""自營商買賣超股數"":""0"",""自營商買進股數(自行買賣)"":""0"",""自營商賣出股數(自行買賣)"":""0"",""自營商買賣超股數(自行買賣)"":""0"",""自營商買進股數(避險)"":""0"",""自營商賣出股數(避險)"":""0"",""自營商買賣超股數(避險)"":""0"",""三大法人買賣超股數"":""-97,000""}"
2026-09-24,TWSE,6449,鈺邦            ,113336,209000,-95664,0,0,0,4667,5192,-1582,"{""證券代號"":""6449"",""證券名稱"":""鈺邦            "",""外陸資買進股數(不含外資自營商)"":""113,336"",""外陸資賣出股數(不含外資自營商)"":""209,000"",""外陸資買賣超股數(不含外資自營商)"":""-95,664"",""外資自營商買進股數"":""0"",""外資自營商賣出股數"":""0"",""外資自營商買賣超股數"":""0"",""投信買進股數"":""0"",""投信賣出股數"":""0"",""投信買賣超股數"":""0"",""自營商買賣超股數"":""-1,582"",""自營商買進股數(自行買賣)"":""0"",""自營商賣出股數(自行買賣)"":""1,057"",""自營商買賣超股數(自行買賣)"":""-1,057"",""自營商買進股數(避險)"":""4,667"",""自營商賣出股數(避險)"":""5,192"",""自營商買賣超股數(避險)"":""-525"",""三大法人買賣超股數"":""-97,246""}"
2026-09-24,TWSE,2049,上銀            ,777304,892668,-115364,0,0,0,31765,19103,15172,"{""證券代號"":""2049"",""證券名稱"":""上銀            "",""外陸資買進股數(不含外資自營商)"":""777,304"",""外陸資賣出股數(不含外資自營商)"":""892,668"",""外陸資買賣超股數(不含外資自營商)"":""-115,364"",""外資自營商買進股數"":""0"",""外資自營商賣出股數"":""0"",""外資自營商買賣超股數"":""0"",""投信買進股數"":""0"",""投信賣出股數"":""0"",""投信買賣超股數"":""0"",""自營商買賣超股數"":""15,172"",""自營商買進股數(自行買賣)"":""2,550"",""自營商賣出股數(自行買賣)"":""40"",""自營商買賣超股數(自行買賣)"":""2,510"",""自營商買進股數(避險)"":""31,765"",""自營商賣出股數(避險)"":""19,103"",""自營商買賣超股數(避險)"":""12,662"",""三大法人買賣超股數"":""-100,192""}"
2026-09-24,TWSE,2923,鼎固-KY         ,30000,133000,-103000,0,0,0,0,0,2000,"{""證券代號"":""2923"",""證券名稱"":""鼎固-KY         "",""外陸資買進股數(不含外資自營商)"":""30,000"",""外陸資賣出股數(不含外資自營商)"":""133,000"",""外陸資買賣超股數(不含外資自營商)"":""-103,000"",""外資自營商買進股數"":""0"",""外資自營商賣出股數"":""0"",""外資自營商買賣超股數"":""0"",""投信買進股數"":""0"",""投信賣出股數"":""0"",""投信買賣超股數"":""0"",""自營商買賣超股數"":""2,000"",""自營商買進股數(自行買賣)"":""2,000"",""自營商賣出股數(自行買賣)"":""0"",""自營商買賣超股數(自行買賣)"":""2,000"",""自營商買進股數(避險)"":""0"",""自營商賣出股數(避險)"":""0"",""自營商買賣超股數(避險)"":""0"",""三大法人買賣超股數"":""-101,000""}"
2026-09-24,TWSE,2849,安泰銀          ,3000,105000,-102000,0,0,0,0,0,0,"{""證券代號"":""2849"",""證券名稱"":""安泰銀          "",""外陸資買進股數(不含外資自營商)"":""3,000"",""外陸資賣出股數(不含外資自營商)"":""105,000"",""外陸資買賣超股數(不含外資自營商)"":""-102,000"",""外資自營商買進股數"":""0"",""外資自營商賣出股數"":""0"",""外資自營商買賣超股數"":""0"",""投信買進股數"":""0"",""投信賣出股數"":""0"",""投信買賣超股數"":""0"",""自營商買賣超股數"":""0"",""自營商買進股數(自行買賣)"":""0"",""自營商賣出股數(自行買賣)"":""0"",""自營商買賣超股數(自行買賣)"":""0"",""自營商買進股數(避險)"":""0"",""自營商賣出股數(避險)"":""0"",""自營商買賣超股數(避險)"":""0"",""三大法人買賣超股數"":""-102,000""}"
2026-09-24,TWSE,2852,第一保          ,18000,121090,-103090,0,0,0,0,0,0,"{""證券代號"":""2852"",""證券名稱"":""第一保          "",""外陸資買進股數(不含外資自營商)"":""18,000"",""外陸資賣出股數(不含外資自營商)"":""121,090"",""外陸資買賣超股數(不含外資自營商)"":""-103,090"",""外資自營商買進股數"":""0"",""外資自營商賣出股數"":""0"",""外資自營商買賣超股數"":""0"",""投信買進股數"":""0"",""投信賣出股數"":""0"",""投信買賣超股數"":""0"",""自營商買賣超股數"":""0"",""自營商買進股數(自行買賣)"":""0"",""自營商賣出股數(自行買賣)"":""0"",""自營商買賣超股數(自行買賣)"":""0"",""自營商買進股數(避險)"":""0"",""自營商賣出股數(避險)"":""0"",""自營商買賣超股數(避險)"":""0"",""三大法人買賣超股數"":""-103,090""}"
2026-09-24,TWSE,8454,富邦媒          ,43000,147080,-104080,0,0,0,2000,2013,987,"{""證券代號"":""8454"",""證券名稱"":""富邦媒          "",""外陸資買進股數(不含外資自營商)"":""43,000"",""外陸資賣出股數(不含外資自營商)"":""147,080"",""外陸資買賣超股數(不含外資自營商)"":""-104,080"",""外資自營商買進股數"":""0"",""外資自營商賣出股數"":""0"",""外資自營商買賣超股數"":""0"",""投信買進股數"":""0"",""投信賣出股數"":""0"",""投信買賣超股數"":""0"",""自營商買賣超股數"":""987"",""自營商買進股數(自行買賣)"":""1,000"",""自營商賣出股數(自行買賣)"":""0"",""自營商買賣超股數(自行買賣)"":""1,000"",""自營商買進股數(避險)"":""2,000"",""自營商賣出股數(避險)"":""2,013"",""自營商買賣超股數(避險)"":""-13"",""三大法人買賣超股數"":""-103,093""}"
2026-09-24,TWSE,1723,中碳            ,49000,152000,-103000,0,0,0,0,1119,-1119,"{""證券代號"":""1723"",""證券名稱"":""中碳            "",""外陸資買進股數(不含外資自營商)"":""49,000"",""外陸資賣出股數(不含外資自營商)"":""152,000"",""外陸資買賣超股數(不含外資自營商)"":""-103,000"",""外資自營商買進股數"":""0"",""外資自營商賣出股數"":""0"",""外資自營商買賣超股數"":""0"",""投信買進股數"":""0"",""投信賣出股數"":""0"",""投信買賣超股數"":""0"",""自營商買賣超股數"":""-1,119"",""自營商買進股數(自行買賣)"":""0"",""自營商賣出股數(自行買賣)"":""0"",""自營商買賣超股數(自行買賣)"":""0"",""自營商買進股數(避險)"":""0"",""自營商賣出股數(避險)"":""1,119"",""自營商買賣超股數(避險)"":""-1,119"",""三大法人買賣超股數"":""-104,119""}"
2026-09-24,TWSE,1473,台南            ,0,106000,-106000,0,0,0,0,0,0,"{""證券代號"":""1473"",""證券名稱"":""台南            "",""外陸資買進股數(不含外資自營商)"":""0"",""外陸資賣出股數(不含外資自營商)"":""106,000"",""外陸資買賣超股數(不含外資自營商)"":""-106,000"",""外資自營商買進股數"":""0"",""外資自營商賣出股數"":""0"",""外資自營商買賣超股數"":""0"",""投信買進股數"":""0"",""投信賣出股數"":""0"",""投信買賣超股數"":""0"",""自營商買賣超股數"":""0"",""自營商買進股數(自行買賣)"":""0"",""自營商賣出股數(自行買賣)"":""0"",""自營商買賣超股數(自行買賣)"":""0"",""自營商買進股數(避險)"":""0"",""自營商賣出股數(避險)"":""0"",""自營商買賣超股數(避險)"":""0"",""三大法人買賣超股數"":""-106,000""}"
2026-09-24,TWSE,3653,健策            ,943970,1282116,-338146,307000,60000,247000,23426,58419,-16813,"{""證券代號"":""3653"",""證券名稱"":""健策            "",""外陸資買進股數(不含外資自營商)"":""943,970"",""外陸資賣出股數(不含外資自營商)"":""1,282,116"",""外陸資買賣超股數(不含外資自營商)"":""-338,146"",""外資自營商買進股數"":""0"",""外資自營商賣出股數"":""0"",""外資自營商買賣超股數"":""0"",""投信買進股數"":""307,000"",""投信賣出股數"":""60,000"",""投信買賣超股數"":""247,000"",""自營商買賣超股數"":""-16,813"",""自營商買進股數(自行買賣)"":""52,760"",""自營商賣出股數(自行買賣)"":""34,580"",""自營商買賣超股數(自行買賣)"":""18,180"",""自營商買進股數(避險)"":""23,426"",""自營商賣出股數(避險)"":""58,419"",""自營商買賣超股數(避險)"":""-34,993"",""三大法人買賣超股數"":""-107,959""}"
2026-09-24,TWSE,2645,長榮航太        ,424000,310000,114000,0,0,0,16880,2958,-224773,"{""證券代號"":""2645"",""證券名稱"":""長榮航太        "",""外陸資買進股數(不含外資自營商)"":""424,000"",""外陸資賣出股數(不含外資自營商)"":""310,000"",""外陸資買賣超股數(不含外資自營商)"":""114,000"",""外資自營商買進股數"":""0"",""外資自營商賣出股數"":""0"",""外資自營商買賣超股數"":""0"",""投信買進股數"":""0"",""投信賣出股數"":""0"",""投信買賣超股數"":""0"",""自營商買賣超股數"":""-224,773"",""自營商買進股數(自行買賣)"":""2,000"",""自營商賣出股數(自行買賣)"":""240,695"",""自營商買賣超股數(自行買賣)"":""-238,695"",""自營商買進股數(避險)"":""16,880"",""自營商賣出股數(避險)"":""2,958"",""自營商買賣超股數(避險)"":""13,922"",""三大法人買賣超股數"":""-110,773""}"
2026-09-24,TWSE,6451,訊芯-KY         ,260100,363950,-103850,0,0,0,12867,21424,-8563,"{""證券代號"":""6451"",""證券名稱"":""訊芯-KY         "",""外陸資買進股數(不含外資自營商)"":""260,100"",""外陸資賣出股數(不含外資自營商)"":""363,950"",""外陸資買賣超股數(不含外資自營商)"":""-103,850"",""外資自營商買進股數"":""0"",""外資自營商賣出股數"":""0"",""外資自營商買賣超股數"":""0"",""投信買進股數"":""0"",""投信賣出股數"":""0"",""投信買賣超股數"":""0"",""自營商買賣超股數"":""-8,563"",""自營商買進股數(自行買賣)"":""3,000"",""自營商賣出股數(自行買賣)"":""3,006"",""自營商買賣超股數(自行買賣)"":""-6"",""自營商買進股數(避險)"":""12,867"",""自營商賣出股數(避險)"":""21,424"",""自營商買賣超股數(避險)"":""-8,557"",""三大法人買賣超股數"":""-112,413""}"
2026-09-24,TWSE,006208,富邦台50        ,173827,50457,123370,0,0,0,50000,243875,-235875,"{""證券代號"":""006208"",""證券名稱"":""富邦台50        "",""外陸資買進股數(不含外資自營商)"":""173,827"",""外陸資賣出股數(不含外資自營商)"":""50,457"",""外陸資買賣超股數(不含外資自營商)"":""123,370"",""外資自營商買進股數"":""0"",""外資自營商賣出股數"":""0"",""外資自營商買賣超股數"":""0"",""投信買進股數"":""0"",""投信賣出股數"":""0"",""投信買賣超股數"":""0"",""自營商買賣超股數"":""-235,875"",""自營商買進股數(自行買賣)"":""1,000"",""自營商賣出股數(自行買賣)"":""43,000"",""自營商買賣超股數(自行買賣)"":""-42,000"",""自營商買進股數(避險)"":""50,000"",""自營商賣出股數(避險)"":""243,875"",""自營商買賣超股數(避險)"":""-193,875"",""三大法人買賣超股數"":""-112,505""}"
2026-09-24,TWSE,1103,嘉泥            ,5040,117956,-112916,0,0,0,0,0,0,"{""證券代號"":""1103"",""證券名稱"":""嘉泥            "",""外陸資買進股數(不含外資自營商)"":""5,040"",""外陸資賣出股數(不含外資自營商)"":""117,956"",""外陸資買賣超股數(不含外資自營商)"":""-112,916"",""外資自營商買進股數"":""0"",""外資自營商賣出股數"":""0"",""外資自營商買賣超股數"":""0"",""投信買進股數"":""0"",""投信賣出股數"":""0"",""投信買賣超股數"":""0"",""自營商買賣超股數"":""0"",""自營商買進股數(自行買賣)"":""0"",""自營商賣出股數(自行買賣)"":""0"",""自營商買賣超股數(自行買賣)"":""0"",""自營商買進股數(避險)"":""0"",""自營商賣出股數(避險)"":""0"",""自營商買賣超股數(避險)"":""0"",""三大法人買賣超股數"":""-112,916""}"
2026-09-24,TWSE,2903,遠百            ,103068,402094,-299026,185000,0,185000,0,0,0,"{""證券代號"":""2903"",""證券名稱"":""遠百            "",""外陸資買進股數(不含外資自營商)"":""103,068"",""外陸資賣出股數(不含外資自營商)"":""402,094"",""外陸資買賣超股數(不含外資自營商)"":""-299,026"",""外資自營商買進股數"":""0"",""外資自營商賣出股數"":""0"",""外資自營商買賣超股數"":""0"",""投信買進股數"":""185,000"",""投信賣出股數"":""0"",""投信買賣超股數"":""185,000"",""自營商買賣超股數"":""0"",""自營商買進股數(自行買賣)"":""0"",""自營商賣出股數(自行買賣)"":""0"",""自營商買賣超股數(自行買賣)"":""0"",""自營商買進股數(避險)"":""0"",""自營商賣出股數(避險)"":""0"",""自營商買賣超股數(避險)"":""0"",""三大法人買賣超股數"":""-114,026""}"
2026-09-24,TWSE,2634,漢翔            ,673053,822100,-149047,0,0,0,17215,17678,33537,"{""證券代號"":""2634"",""證券名稱"":""漢翔            "",""外陸資買進股數(不含外資自營商)"":""673,053"",""外陸資賣出股數(不含外資自營商)"":""822,100"",""外陸資買賣超股數(不含外資自營商)"":""-149,047"",""外資自營商買進股數"":""0"",""外資自營商賣出股數"":""0"",""外資自營商買賣超股數"":""0"",""投信買進股數"":""0"",""投信賣出股數"":""0"",""投信買賣超股數"":""0"",""自營商買賣超股數"":""33,537"",""自營商買進股數(自行買賣)"":""79,000"",""自營商賣出股數(自行買賣)"":""45,000"",""自營商買賣超股數(自行買賣)"":""34,000"",""自營商買進股數(避險)"":""17,215"",""自營商賣出股數(避險)"":""17,678"",""自營商買賣超股數(避險)"":""-463"",""三大法人買賣超股數"":""-115,510""}"
2026-09-24,TWSE,5388,中磊            ,283884,730719,-446835,0,0,0,30110,7485,331189,"{""證券代號"":""5388"",""證券名稱"":""中磊            "",""外陸資買進股數(不含外資自營商)"":""283,884"",""外陸資賣出股數(不含外資自營商)"":""730,719"",""外陸資買賣超股數(不含外資自營商)"":""-446,835"",""外資自營商買進股數"":""0"",""外資自營商賣出股數"":""0"",""外資自營商買賣超股數"":""0"",""投信買進股數"":""0"",""投信賣出股數"":""0"",""投信買賣超股數"":""0"",""自營商買賣超股數"":""331,189"",""自營商買進股數(自行買賣)"":""312,000"",""自營商賣出股數(自行買賣)"":""3,436"",""自營商買賣超股數(自行買賣)"":""308,564"",""自營商買進股數(避險)"":""30,110"",""自營商賣出股數(避險)"":""7,485"",""自營商買賣超股數(避險)"":""22,625"",""三大法人買賣超股數"":""-115,646""}"
2026-09-24,TWSE,8411,福貞-KY         ,5000,22000,-17000,0,0,0,0,0,-100000,"{""證券代號"":""8411"",""證券名稱"":""福貞-KY         "",""外陸資買進股數(不含外資自營商)"":""5,000"",""外陸資賣出股數(不含外資自營商)"":""22,000"",""外陸資買賣超股數(不含外資自營商)"":""-17,000"",""外資自營商買進股數"":""0"",""外資自營商賣出股數"":""0"",""外資自營商買賣超股數"":""0"",""投信買進股數"":""0"",""投信賣出股數"":""0"",""投信買賣超股數"":""0"",""自營商買賣超股數"":""-100,000"",""自營商買進股數(自行買賣)"":""3,000"",""自營商賣出股數(自行買賣)"":""103,000"",""自營商買賣超股數(自行買賣)"":""-100,000"",""自營商買進股數(避險)"":""0"",""自營商賣出股數(避險)"":""0"",""自營商買賣超股數(避險)"":""0"",""三大法人買賣超股數"":""-117,000""}"
2026-09-24,TWSE,2359,所羅門          ,141000,232000,-91000,0,0,0,10000,37957,-27957,"{""證券代號"":""2359"",""證券名稱"":""所羅門          "",""外陸資買進股數(不含外資自營商)"":""141,000"",""外陸資賣出股數(不含外資自營商)"":""232,000"",""外陸資買賣超股數(不含外資自營商)"":""-91,000"",""外資自營商買進股數"":""0"",""外資自營商賣出股數"":""0"",""外資自營商買賣超股數"":""0"",""投信買進股數"":""0"",""投信賣出股數"":""0"",""投信買賣超股數"":""0"",""自營商買賣超股數"":""-27,957"",""自營商買進股數(自行買賣)"":""0"",""自營商賣出股數(自行買賣)"":""0"",""自營商買賣超股數(自行買賣)"":""0"",""自營商買進股數(避險)"":""10,000"",""自營商賣出股數(避險)"":""37,957"",""自營商買賣超股數(避險)"":""-27,957"",""三大法人買賣超股數"":""-118,957""}"
2026-09-24,TWSE,1789,神隆            ,26000,145000,-119000,0,0,0,0,65,-65,"{""證券代號"":""1789"",""證券名稱"":""神隆            "",""外陸資買進股數(不含外資自營商)"":""26,000"",""外陸資賣出股數(不含外資自營商)"":""145,000"",""外陸資買賣超股數(不含外資自營商)"":""-119,000"",""外資自營商買進股數"":""0"",""外資自營商賣出股數"":""0"",""外資自營商買賣超股數"":""0"",""投信買進股數"":""0"",""投信賣出股數"":""0"",""投信買賣超股數"":""0"",""自營商買賣超股數"":""-65"",""自營商買進股數(自行買賣)"":""0"",""自營商賣出股數(自行買賣)"":""0"",""自營商買賣超股數(自行買賣)"":""0"",""自營商買進股數(避險)"":""0"",""自營商賣出股數(避險)"":""65"",""自營商買賣超股數(避險)"":""-65"",""三大法人買賣超股數"":""-119,065""}"
2026-09-24,TWSE,8131,福懋科          ,175000,293501,-118501,0,1000,-1000,4000,3568,432,"{""證券代號"":""8131"",""證券名稱"":""福懋科          "",""外陸資買進股數(不含外資自營商)"":""175,000"",""外陸資賣出股數(不含外資自營商)"":""293,501"",""外陸資買賣超股數(不含外資自營商)"":""-118,501"",""外資自營商買進股數"":""0"",""外資自營商賣出股數"":""0"",""外資自營商買賣超股數"":""0"",""投信買進股數"":""0"",""投信賣出股數"":""1,000"",""投信買賣超股數"":""-1,000"",""自營商買賣超股數"":""432"",""自營商買進股數(自行買賣)"":""0"",""自營商賣出股數(自行買賣)"":""0"",""自營商買賣超股數(自行買賣)"":""0"",""自營商買進股數(避險)"":""4,000"",""自營商賣出股數(避險)"":""3,568"",""自營商買賣超股數(避險)"":""432"",""三大法人買賣超股數"":""-119,069""}"
2026-09-24,TWSE,1440,南紡            ,2013512,2150000,-136488,0,0,0,0,0,16000,"{""證券代號"":""1440"",""證券名稱"":""南紡            "",""外陸資買進股數(不含外資自營商)"":""2,013,512"",""外陸資賣出股數(不含外資自營商)"":""2,150,000"",""外陸資買賣超股數(不含外資自營商)"":""-136,488"",""外資自營商買進股數"":""0"",""外資自營商賣出股數"":""0"",""外資自營商買賣超股數"":""0"",""投信買進股數"":""0"",""投信賣出股數"":""0"",""投信買賣超股數"":""0"",""自營商買賣超股數"":""16,000"",""自營商買進股數(自行買賣)"":""18,000"",""自營商賣出股數(自行買賣)"":""2,000"",""自營商買賣超股數(自行買賣)"":""16,000"",""自營商買進股數(避險)"":""0"",""自營商賣出股數(避險)"":""0"",""自營商買賣超股數(避險)"":""0"",""三大法人買賣超股數"":""-120,488""}"
2026-09-24,TWSE,5534,長虹            ,77000,110027,-33027,0,86000,-86000,0,883,-1883,"{""證券代號"":""5534"",""證券名稱"":""長虹            "",""外陸資買進股數(不含外資自營商)"":""77,000"",""外陸資賣出股數(不含外資自營商)"":""110,027"",""外陸資買賣超股數(不含外資自營商)"":""-33,027"",""外資自營商買進股數"":""0"",""外資自營商賣出股數"":""0"",""外資自營商買賣超股數"":""0"",""投信買進股數"":""0"",""投信賣出股數"":""86,000"",""投信買賣超股數"":""-86,000"",""自營商買賣超股數"":""-1,883"",""自營商買進股數(自行買賣)"":""0"",""自營商賣出股數(自行買賣)"":""1,000"",""自營商買賣超股數(自行買賣)"":""-1,000"",""自營商買進股數(避險)"":""0"",""自營商賣出股數(避險)"":""883"",""自營商買賣超股數(避險)"":""-883"",""三大法人買賣超股數"":""-120,910""}"
2026-09-24,TWSE,4164,承業醫          ,145000,267000,-122000,0,0,0,0,0,928,"{""證券代號"":""4164"",""證券名稱"":""承業醫          "",""外陸資買進股數(不含外資自營商)"":""145,000"",""外陸資賣出股數(不含外資自營商)"":""267,000"",""外陸資買賣超股數(不含外資自營商)"":""-122,000"",""外資自營商買進股數"":""0"",""外資自營商賣出股數"":""0"",""外資自營商買賣超股數"":""0"",""投信買進股數"":""0"",""投信賣出股數"":""0"",""投信買賣超股數"":""0"",""自營商買賣超股數"":""928"",""自營商買進股數(自行買賣)"":""3,000"",""自營商賣出股數(自行買賣)"":""2,072"",""自營商買賣超股數(自行買賣)"":""928"",""自營商買進股數(避險)"":""0"",""自營商賣出股數(避險)"":""0"",""自營商買賣超股數(避險)"":""0"",""三大法人買賣超股數"":""-121,072""}"
2026-09-24,TWSE,8210,勤誠            ,120090,222003,-101913,0,20000,-20000,2000,2206,-879,"{""證券代號"":""8210"",""證券名稱"":""勤誠            "",""外陸資買進股數(不含外資自營商)"":""120,090"",""外陸資賣出股數(不含外資自營商)"":""222,003"",""外陸資買賣超股數(不含外資自營商)"":""-101,913"",""外資自營商買進股數"":""0"",""外資自營商賣出股數"":""0"",""外資自營商買賣超股數"":""0"",""投信買進股數"":""0"",""投信賣出股數"":""20,000"",""投信買賣超股數"":""-20,000"",""自營商買賣超股數"":""-879"",""自營商買進股數(自行買賣)"":""40,000"",""自營商賣出股數(自行買賣)"":""40,673"",""自營商買賣超股數(自行買賣)"":""-673"",""自營商買進股數(避險)"":""2,000"",""自營商賣出股數(避險)"":""2,206"",""自營商買賣超股數(避險)"":""-206"",""三大法人買賣超股數"":""-122,792""}"
2026-09-24,TWSE,2331,精英            ,98000,221000,-123000,0,0,0,0,0,0,"{""證券代號"":""2331"",""證券名稱"":""精英            "",""外陸資買進股數(不含外資自營商)"":""98,000"",""外陸資賣出股數(不含外資自營商)"":""221,000"",""外陸資買賣超股數(不含外資自營商)"":""-123,000"",""外資自營商買進股數"":""0"",""外資自營商賣出股數"":""0"",""外資自營商買賣超股數"":""0"",""投信買進股數"":""0"",""投信賣出股數"":""0"",""投信買賣超股數"":""0"",""自營商買賣超股數"":""0"",""自營商買進股數(自行買賣)"":""0"",""自營商賣出股數(自行買賣)"":""0"",""自營商買賣超股數(自行買賣)"":""0"",""自營商買進股數(避險)"":""0"",""自營商賣出股數(避險)"":""0"",""自營商買賣超股數(避險)"":""0"",""三大法人買賣超股數"":""-123,000""}"
2026-09-24,TWSE,6405,悅城            ,127000,250000,-123000,0,0,0,2000,2034,-34,"{""證券代號"":""6405"",""證券名稱"":""悅城            "",""外陸資買進股數(不含外資自營商)"":""127,000"",""外陸資賣出股數(不含外資自營商)"":""250,000"",""外陸資買賣超股數(不含外資自營商)"":""-123,000"",""外資自營商買進股數"":""0"",""外資自營商賣出股數"":""0"",""外資自營商買賣超股數"":""0"",""投信買進股數"":""0"",""投信賣出股數"":""0"",""投信買賣超股數"":""0"",""自營商買賣超股數"":""-34"",""自營商買進股數(自行買賣)"":""0"",""自營商賣出股數(自行買賣)"":""0"",""自營商買賣超股數(自行買賣)"":""0"",""自營商買進股數(避險)"":""2,000"",""自營商賣出股數(避險)"":""2,034"",""自營商買賣超股數(避險)"":""-34"",""三大法人買賣超股數"":""-123,034""}"
2026-09-24,TWSE,6689,伊雲谷          ,74000,198000,-124000,0,0,0,0,0,0,"{""證券代號"":""6689"",""證券名稱"":""伊雲谷          "",""外陸資買進股數(不含外資自營商)"":""74,000"",""外陸資賣出股數(不含外資自營商)"":""198,000"",""外陸資買賣超股數(不含外資自營商)"":""-124,000"",""外資自營商買進股數"":""0"",""外資自營商賣出股數"":""0"",""外資自營商買賣超股數"":""0"",""投信買進股數"":""0"",""投信賣出股數"":""0"",""投信買賣超股數"":""0"",""自營商買賣超股數"":""0"",""自營商買進股數(自行買賣)"":""0"",""自營商賣出股數(自行買賣)"":""0"",""自營商買賣超股數(自行買賣)"":""0"",""自營商買進股數(避險)"":""0"",""自營商賣出股數(避險)"":""0"",""自營商買賣超股數(避險)"":""0"",""三大法人買賣超股數"":""-124,000""}"
2026-09-24,TWSE,2374,佳能            ,229000,343973,-114973,0,0,0,0,9536,-9536,"{""證券代號"":""2374"",""證券名稱"":""佳能            "",""外陸資買進股數(不含外資自營商)"":""229,000"",""外陸資賣出股數(不含外資自營商)"":""343,973"",""外陸資買賣超股數(不含外資自營商)"":""-114,973"",""外資自營商買進股數"":""0"",""外資自營商賣出股數"":""0"",""外資自營商買賣超股數"":""0"",""投信買進股數"":""0"",""投信賣出股數"":""0"",""投信買賣超股數"":""0"",""自營商買賣超股數"":""-9,536"",""自營商買進股數(自行買賣)"":""0"",""自營商賣出股數(自行買賣)"":""0"",""自營商買賣超股數(自行買賣)"":""0"",""自營商買進股數(避險)"":""0"",""自營商賣出股數(避險)"":""9,536"",""自營商買賣超股數(避險)"":""-9,536"",""三大法人買賣超股數"":""-124,509""}"
2026-09-24,TWSE,6472,保瑞            ,112020,159864,-47844,0,1000,-1000,1336,76101,-75765,"{""證券代號"":""6472"",""證券名稱"":""保瑞            "",""外陸資買進股數(不含外資自營商)"":""112,020"",""外陸資賣出股數(不含外資自營商)"":""159,864"",""外陸資買賣超股數(不含外資自營商)"":""-47,844"",""外資自營商買進股數"":""0"",""外資自營商賣出股數"":""0"",""外資自營商買賣超股數"":""0"",""投信買進股數"":""0"",""投信賣出股數"":""1,000"",""投信買賣超股數"":""-1,000"",""自營商買賣超股數"":""-75,765"",""自營商買進股數(自行買賣)"":""0"",""自營商賣出股數(自行買賣)"":""1,000"",""自營商買賣超股數(自行買賣)"":""-1,000"",""自營商買進股數(避險)"":""1,336"",""自營商賣出股數(避險)"":""76,101"",""自營商買賣超股數(避險)"":""-74,765"",""三大法人買賣超股數"":""-124,609""}"
2026-09-24,TWSE,1444,力麗            ,265000,226223,38777,0,0,0,0,0,-164000,"{""證券代號"":""1444"",""證券名稱"":""力麗            "",""外陸資買進股數(不含外資自營商)"":""265,000"",""外陸資賣出股數(不含外資自營商)"":""226,223"",""外陸資買賣超股數(不含外資自營商)"":""38,777"",""外資自營商買進股數"":""0"",""外資自營商賣出股數"":""0"",""外資自營商買賣超股數"":""0"",""投信買進股數"":""0"",""投信賣出股數"":""0"",""投信買賣超股數"":""0"",""自營商買賣超股數"":""-164,000"",""自營商買進股數(自行買賣)"":""0"",""自營商賣出股數(自行買賣)"":""164,000"",""自營商買賣超股數(自行買賣)"":""-164,000"",""自營商買進股數(避險)"":""0"",""自營商賣出股數(避險)"":""0"",""自營商買賣超股數(避險)"":""0"",""三大法人買賣超股數"":""-125,223""}"
2026-09-24,TWSE,2606,裕民            ,1370000,1579753,-209753,52000,0,52000,26104,11071,31236,"{""證券代號"":""2606"",""證券名稱"":""裕民            "",""外陸資買進股數(不含外資自營商)"":""1,370,000"",""外陸資賣出股數(不含外資自營商)"":""1,579,753"",""外陸資買賣超股數(不含外資自營商)"":""-209,753"",""外資自營商買進股數"":""0"",""外資自營商賣出股數"":""0"",""外資自營商買賣超股數"":""0"",""投信買進股數"":""52,000"",""投信賣出股數"":""0"",""投信買賣超股數"":""52,000"",""自營商買賣超股數"":""31,236"",""自營商買進股數(自行買賣)"":""22,203"",""自營商賣出股數(自行買賣)"":""6,000"",""自營商買賣超股數(自行買賣)"":""16,203"",""自營商買進股數(避險)"":""26,104"",""自營商賣出股數(避險)"":""11,071"",""自營商買賣超股數(避險)"":""15,033"",""三大法人買賣超股數"":""-126,517""}"
2026-09-24,TWSE,3563,牧德            ,325000,474010,-149010,0,0,0,44399,22941,21458,"{""證券代號"":""3563"",""證券名稱"":""牧德            "",""外陸資買進股數(不含外資自營商)"":""325,000"",""外陸資賣出股數(不含外資自營商)"":""474,010"",""外陸資買賣超股數(不含外資自營商)"":""-149,010"",""外資自營商買進股數"":""0"",""外資自營商賣出股數"":""0"",""外資自營商買賣超股數"":""0"",""投信買進股數"":""0"",""投信賣出股數"":""0"",""投信買賣超股數"":""0"",""自營商買賣超股數"":""21,458"",""自營商買進股數(自行買賣)"":""0"",""自營商賣出股數(自行買賣)"":""0"",""自營商買賣超股數(自行買賣)"":""0"",""自營商買進股數(避險)"":""44,399"",""自營商賣出股數(避險)"":""22,941"",""自營商買賣超股數(避險)"":""21,458"",""三大法人買賣超股數"":""-127,552""}"
2026-09-24,TWSE,6838,台新藥          ,27000,156000,-129000,0,0,0,0,0,-1000,"{""證券代號"":""6838"",""證券名稱"":""台新藥          "",""外陸資買進股數(不含外資自營商)"":""27,000"",""外陸資賣出股數(不含外資自營商)"":""156,000"",""外陸資買賣超股數(不含外資自營商)"":""-129,000"",""外資自營商買進股數"":""0"",""外資自營商賣出股數"":""0"",""外資自營商買賣超股數"":""0"",""投信買進股數"":""0"",""投信賣出股數"":""0"",""投信買賣超股數"":""0"",""自營商買賣超股數"":""-1,000"",""自營商買進股數(自行買賣)"":""2,000"",""自營商賣出股數(自行買賣)"":""3,000"",""自營商買賣超股數(自行買賣)"":""-1,000"",""自營商買進股數(避險)"":""0"",""自營商賣出股數(避險)"":""0"",""自營商買賣超股數(避險)"":""0"",""三大法人買賣超股數"":""-130,000""}"
2026-09-24,TWSE,009812,野村日本東證    ,1000,6000,-5000,0,0,0,429000,555775,-126775,"{""證券代號"":""009812"",""證券名稱"":""野村日本東證    "",""外陸資買進股數(不含外資自營商)"":""1,000"",""外陸資賣出股數(不含外資自營商)"":""6,000"",""外陸資買賣超股數(不含外資自營商)"":""-5,000"",""外資自營商買進股數"":""0"",""外資自營商賣出股數"":""0"",""外資自營商買賣超股數"":""0"",""投信買進股數"":""0"",""投信賣出股數"":""0"",""投信買賣超股數"":""0"",""自營商買賣超股數"":""-126,775"",""自營商買進股數(自行買賣)"":""0"",""自營商賣出股數(自行買賣)"":""0"",""自營商買賣超股數(自行買賣)"":""0"",""自營商買進股數(避險)"":""429,000"",""自營商賣出股數(避險)"":""555,775"",""自營商買賣超股數(避險)"":""-126,775"",""三大法人買賣超股數"":""-131,775""}"
2026-09-24,TWSE,2105,正新            ,937000,1335376,-398376,116000,4955,111045,156720,4100,153993,"{""證券代號"":""2105"",""證券名稱"":""正新            "",""外陸資買進股數(不含外資自營商)"":""937,000"",""外陸資賣出股數(不含外資自營商)"":""1,335,376"",""外陸資買賣超股數(不含外資自營商)"":""-398,376"",""外資自營商買進股數"":""0"",""外資自營商賣出股數"":""0"",""外資自營商買賣超股數"":""0"",""投信買進股數"":""116,000"",""投信賣出股數"":""4,955"",""投信買賣超股數"":""111,045"",""自營商買賣超股數"":""153,993"",""自營商買進股數(自行買賣)"":""3,000"",""自營商賣出股數(自行買賣)"":""1,627"",""自營商買賣超股數(自行買賣)"":""1,373"",""自營商買進股數(避險)"":""156,720"",""自營商賣出股數(避險)"":""4,100"",""自營商買賣超股數(避險)"":""152,620"",""三大法人買賣超股數"":""-133,338""}"
2026-09-24,TWSE,6805,富世達          ,457999,450868,7131,0,121000,-121000,13829,36131,-23302,"{""證券代號"":""6805"",""證券名稱"":""富世達          "",""外陸資買進股數(不含外資自營商)"":""457,999"",""外陸資賣出股數(不含外資自營商)"":""450,868"",""外陸資買賣超股數(不含外資自營商)"":""7,131"",""外資自營商買進股數"":""0"",""外資自營商賣出股數"":""0"",""外資自營商買賣超股數"":""0"",""投信買進股數"":""0"",""投信賣出股數"":""121,000"",""投信買賣超股數"":""-121,000"",""自營商買賣超股數"":""-23,302"",""自營商買進股數(自行買賣)"":""2,000"",""自營商賣出股數(自行買賣)"":""3,000"",""自營商買賣超股數(自行買賣)"":""-1,000"",""自營商買進股數(避險)"":""13,829"",""自營商賣出股數(避險)"":""36,131"",""自營商買賣超股數(避險)"":""-22,302"",""三大法人買賣超股數"":""-137,171""}"
2026-09-24,TWSE,9933,中鼎            ,539447,687002,-147555,0,0,0,0,0,9870,"{""證券代號"":""9933"",""證券名稱"":""中鼎            "",""外陸資買進股數(不含外資自營商)"":""539,447"",""外陸資賣出股數(不含外資自營商)"":""687,002"",""外陸資買賣超股數(不含外資自營商)"":""-147,555"",""外資自營商買進股數"":""0"",""外資自營商賣出股數"":""0"",""外資自營商買賣超股數"":""0"",""投信買進股數"":""0"",""投信賣出股數"":""0"",""投信買賣超股數"":""0"",""自營商買賣超股數"":""9,870"",""自營商買進股數(自行買賣)"":""12,000"",""自營商賣出股數(自行買賣)"":""2,130"",""自營商買賣超股數(自行買賣)"":""9,870"",""自營商買進股數(避險)"":""0"",""自營商賣出股數(避險)"":""0"",""自營商買賣超股數(避險)"":""0"",""三大法人買賣超股數"":""-137,685""}"
2026-09-24,TWSE,1529,樂事綠能        ,68911,206850,-137939,0,0,0,0,0,0,"{""證券代號"":""1529"",""證券名稱"":""樂事綠能        "",""外陸資買進股數(不含外資自營商)"":""68,911"",""外陸資賣出股數(不含外資自營商)"":""206,850"",""外陸資買賣超股數(不含外資自營商)"":""-137,939"",""外資自營商買進股數"":""0"",""外資自營商賣出股數"":""0"",""外資自營商買賣超股數"":""0"",""投信買進股數"":""0"",""投信賣出股數"":""0"",""投信買賣超股數"":""0"",""自營商買賣超股數"":""0"",""自營商買進股數(自行買賣)"":""0"",""自營商賣出股數(自行買賣)"":""0"",""自營商買賣超股數(自行買賣)"":""0"",""自營商買進股數(避險)"":""0"",""自營商賣出股數(避險)"":""0"",""自營商買賣超股數(避險)"":""0"",""三大法人買賣超股數"":""-137,939""}"
2026-09-24,TWSE,2323,中環            ,1019179,1093000,-73821,0,0,0,0,5000,-65000,"{""證券代號"":""2323"",""證券名稱"":""中環            "",""外陸資買進股數(不含外資自營商)"":""1,019,179"",""外陸資賣出股數(不含外資自營商)"":""1,093,000"",""外陸資買賣超股數(不含外資自營商)"":""-73,821"",""外資自營商買進股數"":""0"",""外資自營商賣出股數"":""0"",""外資自營商買賣超股數"":""0"",""投信買進股數"":""0"",""投信賣出股數"":""0"",""投信買賣超股數"":""0"",""自營商買賣超股數"":""-65,000"",""自營商買進股數(自行買賣)"":""0"",""自營商賣出股數(自行買賣)"":""60,000"",""自營商買賣超股數(自行買賣)"":""-60,000"",""自營商買進股數(避險)"":""0"",""自營商賣出股數(避險)"":""5,000"",""自營商買賣超股數(避險)"":""-5,000"",""三大法人買賣超股數"":""-138,821""}"
2026-09-24,TWSE,6133,金橋            ,587000,729000,-142000,0,0,0,0,0,3000,"{""證券代號"":""6133"",""證券名稱"":""金橋            "",""外陸資買進股數(不含外資自營商)"":""587,000"",""外陸資賣出股數(不含外資自營商)"":""729,000"",""外陸資買賣超股數(不含外資自營商)"":""-142,000"",""外資自營商買進股數"":""0"",""外資自營商賣出股數"":""0"",""外資自營商買賣超股數"":""0"",""投信買進股數"":""0"",""投信賣出股數"":""0"",""投信買賣超股數"":""0"",""自營商買賣超股數"":""3,000"",""自營商買進股數(自行買賣)"":""3,000"",""自營商賣出股數(自行買賣)"":""0"",""自營商買賣超股數(自行買賣)"":""3,000"",""自營商買進股數(避險)"":""0"",""自營商賣出股數(避險)"":""0"",""自營商買賣超股數(避險)"":""0"",""三大法人買賣超股數"":""-139,000""}"
2026-09-24,TWSE,009800,中信NASDAQ      ,58000,9000,49000,0,0,0,360025,548306,-188281,"{""證券代號"":""009800"",""證券名稱"":""中信NASDAQ      "",""外陸資買進股數(不含外資自營商)"":""58,000"",""外陸資賣出股數(不含外資自營商)"":""9,000"",""外陸資買賣超股數(不含外資自營商)"":""49,000"",""外資自營商買進股數"":""0"",""外資自營商賣出股數"":""0"",""外資自營商買賣超股數"":""0"",""投信買進股數"":""0"",""投信賣出股數"":""0"",""投信買賣超股數"":""0"",""自營商買賣超股數"":""-188,281"",""自營商買進股數(自行買賣)"":""0"",""自營商賣出股數(自行買賣)"":""0"",""自營商買賣超股數(自行買賣)"":""0"",""自營商買進股數(避險)"":""360,025"",""自營商賣出股數(避險)"":""548,306"",""自營商買賣超股數(避險)"":""-188,281"",""三大法人買賣超股數"":""-139,281""}"
2026-09-24,TWSE,1476,儒鴻            ,571757,701655,-129898,9000,18000,-9000,0,2281,-1712,"{""證券代號"":""1476"",""證券名稱"":""儒鴻            "",""外陸資買進股數(不含外資自營商)"":""571,757"",""外陸資賣出股數(不含外資自營商)"":""701,655"",""外陸資買賣超股數(不含外資自營商)"":""-129,898"",""外資自營商買進股數"":""0"",""外資自營商賣出股數"":""0"",""外資自營商買賣超股數"":""0"",""投信買進股數"":""9,000"",""投信賣出股數"":""18,000"",""投信買賣超股數"":""-9,000"",""自營商買賣超股數"":""-1,712"",""自營商買進股數(自行買賣)"":""21,000"",""自營商賣出股數(自行買賣)"":""20,431"",""自營商買賣超股數(自行買賣)"":""569"",""自營商買進股數(避險)"":""0"",""自營商賣出股數(避險)"":""2,281"",""自營商買賣超股數(避險)"":""-2,281"",""三大法人買賣超股數"":""-140,610""}"
2026-09-24,TWSE,1519,華城            ,227013,363698,-136685,0,1000,-1000,2000,5822,-3156,"{""證券代號"":""1519"",""證券名稱"":""華城            "",""外陸資買進股數(不含外資自營商)"":""227,013"",""外陸資賣出股數(不含外資自營商)"":""363,698"",""外陸資買賣超股數(不含外資自營商)"":""-136,685"",""外資自營商買進股數"":""0"",""外資自營商賣出股數"":""0"",""外資自營商買賣超股數"":""0"",""投信買進股數"":""0"",""投信賣出股數"":""1,000"",""投信買賣超股數"":""-1,000"",""自營商買賣超股數"":""-3,156"",""自營商買進股數(自行買賣)"":""3,000"",""自營商賣出股數(自行買賣)"":""2,334"",""自營商買賣超股數(自行買賣)"":""666"",""自營商買進股數(避險)"":""2,000"",""自營商賣出股數(避險)"":""5,822"",""自營商買賣超股數(避險)"":""-3,822"",""三大法人買賣超股數"":""-140,841""}"
2026-09-24,TWSE,8033,雷虎            ,222009,363685,-141676,0,0,0,0,0,-843,"{""證券代號"":""8033"",""證券名稱"":""雷虎            "",""外陸資買進股數(不含外資自營商)"":""222,009"",""外陸資賣出股數(不含外資自營商)"":""363,685"",""外陸資買賣超股數(不含外資自營商)"":""-141,676"",""外資自營商買進股數"":""0"",""外資自營商賣出股數"":""0"",""外資自營商買賣超股數"":""0"",""投信買進股數"":""0"",""投信賣出股數"":""0"",""投信買賣超股數"":""0"",""自營商買賣超股數"":""-843"",""自營商買進股數(自行買賣)"":""12,000"",""自營商賣出股數(自行買賣)"":""12,843"",""自營商買賣超股數(自行買賣)"":""-843"",""自營商買進股數(避險)"":""0"",""自營商賣出股數(避險)"":""0"",""自營商買賣超股數(避險)"":""0"",""三大法人買賣超股數"":""-142,519""}"
2026-09-24,TWSE,2472,立隆電          ,559470,541017,18453,0,174000,-174000,21487,9971,10745,"{""證券代號"":""2472"",""證券名稱"":""立隆電          "",""外陸資買進股數(不含外資自營商)"":""559,470"",""外陸資賣出股數(不含外資自營商)"":""541,017"",""外陸資買賣超股數(不含外資自營商)"":""18,453"",""外資自營商買進股數"":""0"",""外資自營商賣出股數"":""0"",""外資自營商買賣超股數"":""0"",""投信買進股數"":""0"",""投信賣出股數"":""174,000"",""投信買賣超股數"":""-174,000"",""自營商買賣超股數"":""10,745"",""自營商買進股數(自行買賣)"":""0"",""自營商賣出股數(自行買賣)"":""771"",""自營商買賣超股數(自行買賣)"":""-771"",""自營商買進股數(避險)"":""21,487"",""自營商賣出股數(避險)"":""9,971"",""自營商買賣超股數(避險)"":""11,516"",""三大法人買賣超股數"":""-144,802""}"
2026-09-24,TWSE,7795,長廣            ,76200,222000,-145800,0,0,0,0,0,-391,"{""證券代號"":""7795"",""證券名稱"":""長廣            "",""外陸資買進股數(不含外資自營商)"":""76,200"",""外陸資賣出股數(不含外資自營商)"":""222,000"",""外陸資買賣超股數(不含外資自營商)"":""-145,800"",""外資自營商買進股數"":""0"",""外資自營商賣出股數"":""0"",""外資自營商買賣超股數"":""0"",""投信買進股數"":""0"",""投信賣出股數"":""0"",""投信買賣超股數"":""0"",""自營商買賣超股數"":""-391"",""自營商買進股數(自行買賣)"":""3,000"",""自營商賣出股數(自行買賣)"":""3,391"",""自營商買賣超股數(自行買賣)"":""-391"",""自營商買進股數(避險)"":""0"",""自營商賣出股數(避險)"":""0"",""自營商買賣超股數(避險)"":""0"",""三大法人買賣超股數"":""-146,191""}"
2026-09-24,TWSE,1795,美時            ,74000,195000,-121000,0,0,0,192,19347,-25618,"{""證券代號"":""1795"",""證券名稱"":""美時            "",""外陸資買進股數(不含外資自營商)"":""74,000"",""外陸資賣出股數(不含外資自營商)"":""195,000"",""外陸資買賣超股數(不含外資自營商)"":""-121,000"",""外資自營商買進股數"":""0"",""外資自營商賣出股數"":""0"",""外資自營商買賣超股數"":""0"",""投信買進股數"":""0"",""投信賣出股數"":""0"",""投信買賣超股數"":""0"",""自營商買賣超股數"":""-25,618"",""自營商買進股數(自行買賣)"":""1,000"",""自營商賣出股數(自行買賣)"":""7,463"",""自營商買賣超股數(自行買賣)"":""-6,463"",""自營商買進股數(避險)"":""192"",""自營商賣出股數(避險)"":""19,347"",""自營商買賣超股數(避險)"":""-19,155"",""三大法人買賣超股數"":""-146,618""}"
2026-09-24,TWSE,2457,飛宏            ,131000,273215,-142215,0,0,0,4000,5827,-4827,"{""證券代號"":""2457"",""證券名稱"":""飛宏            "",""外陸資買進股數(不含外資自營商)"":""131,000"",""外陸資賣出股數(不含外資自營商)"":""273,215"",""外陸資買賣超股數(不含外資自營商)"":""-142,215"",""外資自營商買進股數"":""0"",""外資自營商賣出股數"":""0"",""外資自營商買賣超股數"":""0"",""投信買進股數"":""0"",""投信賣出股數"":""0"",""投信買賣超股數"":""0"",""自營商買賣超股數"":""-4,827"",""自營商買進股數(自行買賣)"":""0"",""自營商賣出股數(自行買賣)"":""3,000"",""自營商買賣超股數(自行買賣)"":""-3,000"",""自營商買進股數(避險)"":""4,000"",""自營商賣出股數(避險)"":""5,827"",""自營商買賣超股數(避險)"":""-1,827"",""三大法人買賣超股數"":""-147,042""}"
2026-09-24,TWSE,3048,益登            ,427125,561046,-133921,0,0,0,0,5000,-15004,"{""證券代號"":""3048"",""證券名稱"":""益登            "",""外陸資買進股數(不含外資自營商)"":""427,125"",""外陸資賣出股數(不含外資自營商)"":""561,046"",""外陸資買賣超股數(不含外資自營商)"":""-133,921"",""外資自營商買進股數"":""0"",""外資自營商賣出股數"":""0"",""外資自營商買賣超股數"":""0"",""投信買進股數"":""0"",""投信賣出股數"":""0"",""投信買賣超股數"":""0"",""自營商買賣超股數"":""-15,004"",""自營商買進股數(自行買賣)"":""0"",""自營商賣出股數(自行買賣)"":""10,004"",""自營商買賣超股數(自行買賣)"":""-10,004"",""自營商買進股數(避險)"":""0"",""自營商賣出股數(避險)"":""5,000"",""自營商買賣超股數(避險)"":""-5,000"",""三大法人買賣超股數"":""-148,925""}"
2026-09-24,TWSE,00670L,富邦NASDAQ正2   ,10000,13000,-3000,0,0,0,351000,499501,-148501,"{""證券代號"":""00670L"",""證券名稱"":""富邦NASDAQ正2   "",""外陸資買進股數(不含外資自營商)"":""10,000"",""外陸資賣出股數(不含外資自營商)"":""13,000"",""外陸資買賣超股數(不含外資自營商)"":""-3,000"",""外資自營商買進股數"":""0"",""外資自營商賣出股數"":""0"",""外資自營商買賣超股數"":""0"",""投信買進股數"":""0"",""投信賣出股數"":""0"",""投信買賣超股數"":""0"",""自營商買賣超股數"":""-148,501"",""自營商買進股數(自行買賣)"":""0"",""自營商賣出股數(自行買賣)"":""0"",""自營商買賣超股數(自行買賣)"":""0"",""自營商買進股數(避險)"":""351,000"",""自營商賣出股數(避險)"":""499,501"",""自營商買賣超股數(避險)"":""-148,501"",""三大法人買賣超股數"":""-151,501""}"
2026-09-24,TWSE,1201,味全            ,135000,244000,-109000,0,0,0,0,0,-43000,"{""證券代號"":""1201"",""證券名稱"":""味全            "",""外陸資買進股數(不含外資自營商)"":""135,000"",""外陸資賣出股數(不含外資自營商)"":""244,000"",""外陸資買賣超股數(不含外資自營商)"":""-109,000"",""外資自營商買進股數"":""0"",""外資自營商賣出股數"":""0"",""外資自營商買賣超股數"":""0"",""投信買進股數"":""0"",""投信賣出股數"":""0"",""投信買賣超股數"":""0"",""自營商買賣超股數"":""-43,000"",""自營商買進股數(自行買賣)"":""0"",""自營商賣出股數(自行買賣)"":""43,000"",""自營商買賣超股數(自行買賣)"":""-43,000"",""自營商買進股數(避險)"":""0"",""自營商賣出股數(避險)"":""0"",""自營商買賣超股數(避險)"":""0"",""三大法人買賣超股數"":""-152,000""}"
2026-09-24,TWSE,2207,和泰車          ,77134,239679,-162545,6000,0,6000,2000,0,2864,"{""證券代號"":""2207"",""證券名稱"":""和泰車          "",""外陸資買進股數(不含外資自營商)"":""77,134"",""外陸資賣出股數(不含外資自營商)"":""239,679"",""外陸資買賣超股數(不含外資自營商)"":""-162,545"",""外資自營商買進股數"":""0"",""外資自營商賣出股數"":""0"",""外資自營商買賣超股數"":""0"",""投信買進股數"":""6,000"",""投信賣出股數"":""0"",""投信買賣超股數"":""6,000"",""自營商買賣超股數"":""2,864"",""自營商買進股數(自行買賣)"":""1,000"",""自營商賣出股數(自行買賣)"":""136"",""自營商買賣超股數(自行買賣)"":""864"",""自營商買進股數(避險)"":""2,000"",""自營商賣出股數(避險)"":""0"",""自營商買賣超股數(避險)"":""2,000"",""三大法人買賣超股數"":""-153,681""}"
2026-09-24,TWSE,1712,興農            ,90000,244000,-154000,0,0,0,0,0,0,"{""證券代號"":""1712"",""證券名稱"":""興農            "",""外陸資買進股數(不含外資自營商)"":""90,000"",""外陸資賣出股數(不含外資自營商)"":""244,000"",""外陸資買賣超股數(不含外資自營商)"":""-154,000"",""外資自營商買進股數"":""0"",""外資自營商賣出股數"":""0"",""外資自營商買賣超股數"":""0"",""投信買進股數"":""0"",""投信賣出股數"":""0"",""投信買賣超股數"":""0"",""自營商買賣超股數"":""0"",""自營商買進股數(自行買賣)"":""0"",""自營商賣出股數(自行買賣)"":""0"",""自營商買賣超股數(自行買賣)"":""0"",""自營商買進股數(避險)"":""0"",""自營商賣出股數(避險)"":""0"",""自營商買賣超股數(避險)"":""0"",""三大法人買賣超股數"":""-154,000""}"
2026-09-24,TWSE,3661,世芯-KY         ,381911,512509,-130598,13000,32000,-19000,32103,37239,-5239,"{""證券代號"":""3661"",""證券名稱"":""世芯-KY         "",""外陸資買進股數(不含外資自營商)"":""381,911"",""外陸資賣出股數(不含外資自營商)"":""512,509"",""外陸資買賣超股數(不含外資自營商)"":""-130,598"",""外資自營商買進股數"":""0"",""外資自營商賣出股數"":""0"",""外資自營商買賣超股數"":""0"",""投信買進股數"":""13,000"",""投信賣出股數"":""32,000"",""投信買賣超股數"":""-19,000"",""自營商買賣超股數"":""-5,239"",""自營商買進股數(自行買賣)"":""6,500"",""自營商賣出股數(自行買賣)"":""6,603"",""自營商買賣超股數(自行買賣)"":""-103"",""自營商買進股數(避險)"":""32,103"",""自營商賣出股數(避險)"":""37,239"",""自營商買賣超股數(避險)"":""-5,136"",""三大法人買賣超股數"":""-154,837""}"
2026-09-24,TWSE,1417,嘉裕            ,31000,186000,-155000,0,0,0,0,0,0,"{""證券代號"":""1417"",""證券名稱"":""嘉裕            "",""外陸資買進股數(不含外資自營商)"":""31,000"",""外陸資賣出股數(不含外資自營商)"":""186,000"",""外陸資買賣超股數(不含外資自營商)"":""-155,000"",""外資自營商買進股數"":""0"",""外資自營商賣出股數"":""0"",""外資自營商買賣超股數"":""0"",""投信買進股數"":""0"",""投信賣出股數"":""0"",""投信買賣超股數"":""0"",""自營商買賣超股數"":""0"",""自營商買進股數(自行買賣)"":""0"",""自營商賣出股數(自行買賣)"":""0"",""自營商買賣超股數(自行買賣)"":""0"",""自營商買進股數(避險)"":""0"",""自營商賣出股數(避險)"":""0"",""自營商買賣超股數(避險)"":""0"",""三大法人買賣超股數"":""-155,000""}"
2026-09-24,TWSE,6515,穎崴            ,94112,210001,-115889,0,36001,-36001,2162,4644,-5528,"{""證券代號"":""6515"",""證券名稱"":""穎崴            "",""外陸資買進股數(不含外資自營商)"":""94,112"",""外陸資賣出股數(不含外資自營商)"":""210,001"",""外陸資買賣超股數(不含外資自營商)"":""-115,889"",""外資自營商買進股數"":""0"",""外資自營商賣出股數"":""0"",""外資自營商買賣超股數"":""0"",""投信買進股數"":""0"",""投信賣出股數"":""36,001"",""投信買賣超股數"":""-36,001"",""自營商買賣超股數"":""-5,528"",""自營商買進股數(自行買賣)"":""54,000"",""自營商賣出股數(自行買賣)"":""57,046"",""自營商買賣超股數(自行買賣)"":""-3,046"",""自營商買進股數(避險)"":""2,162"",""自營商賣出股數(避險)"":""4,644"",""自營商買賣超股數(避險)"":""-2,482"",""三大法人買賣超股數"":""-157,418""}"
2026-09-24,TWSE,3047,訊舟            ,119000,278000,-159000,0,0,0,0,0,0,"{""證券代號"":""3047"",""證券名稱"":""訊舟            "",""外陸資買進股數(不含外資自營商)"":""119,000"",""外陸資賣出股數(不含外資自營商)"":""278,000"",""外陸資買賣超股數(不含外資自營商)"":""-159,000"",""外資自營商買進股數"":""0"",""外資自營商賣出股數"":""0"",""外資自營商買賣超股數"":""0"",""投信買進股數"":""0"",""投信賣出股數"":""0"",""投信買賣超股數"":""0"",""自營商買賣超股數"":""0"",""自營商買進股數(自行買賣)"":""0"",""自營商賣出股數(自行買賣)"":""0"",""自營商買賣超股數(自行買賣)"":""0"",""自營商買進股數(避險)"":""0"",""自營商賣出股數(避險)"":""0"",""自營商買賣超股數(避險)"":""0"",""三大法人買賣超股數"":""-159,000""}"
2026-09-24,TWSE,6789,采鈺            ,166427,315301,-148874,0,2000,-2000,13293,21393,-8160,"{""證券代號"":""6789"",""證券名稱"":""采鈺            "",""外陸資買進股數(不含外資自營商)"":""166,427"",""外陸資賣出股數(不含外資自營商)"":""315,301"",""外陸資買賣超股數(不含外資自營商)"":""-148,874"",""外資自營商買進股數"":""0"",""外資自營商賣出股數"":""0"",""外資自營商買賣超股數"":""0"",""投信買進股數"":""0"",""投信賣出股數"":""2,000"",""投信買賣超股數"":""-2,000"",""自營商買賣超股數"":""-8,160"",""自營商買進股數(自行買賣)"":""0"",""自營商賣出股數(自行買賣)"":""60"",""自營商買賣超股數(自行買賣)"":""-60"",""自營商買進股數(避險)"":""13,293"",""自營商賣出股數(避險)"":""21,393"",""自營商買賣超股數(避險)"":""-8,100"",""三大法人買賣超股數"":""-159,034""}"
2026-09-24,TWSE,2009,第一銅          ,178000,344000,-166000,0,0,0,9001,2803,6198,"{""證券代號"":""2009"",""證券名稱"":""第一銅          "",""外陸資買進股數(不含外資自營商)"":""178,000"",""外陸資賣出股數(不含外資自營商)"":""344,000"",""外陸資買賣超股數(不含外資自營商)"":""-166,000"",""外資自營商買進股數"":""0"",""外資自營商賣出股數"":""0"",""外資自營商買賣超股數"":""0"",""投信買進股數"":""0"",""投信賣出股數"":""0"",""投信買賣超股數"":""0"",""自營商買賣超股數"":""6,198"",""自營商買進股數(自行買賣)"":""0"",""自營商賣出股數(自行買賣)"":""0"",""自營商買賣超股數(自行買賣)"":""0"",""自營商買進股數(避險)"":""9,001"",""自營商賣出股數(避險)"":""2,803"",""自營商買賣超股數(避險)"":""6,198"",""三大法人買賣超股數"":""-159,802""}"
2026-09-24,TWSE,4976,佳凌            ,55000,219000,-164000,0,0,0,4000,3618,382,"{""證券代號"":""4976"",""證券名稱"":""佳凌            "",""外陸資買進股數(不含外資自營商)"":""55,000"",""外陸資賣出股數(不含外資自營商)"":""219,000"",""外陸資買賣超股數(不含外資自營商)"":""-164,000"",""外資自營商買進股數"":""0"",""外資自營商賣出股數"":""0"",""外資自營商買賣超股數"":""0"",""投信買進股數"":""0"",""投信賣出股數"":""0"",""投信買賣超股數"":""0"",""自營商買賣超股數"":""382"",""自營商買進股數(自行買賣)"":""0"",""自營商賣出股數(自行買賣)"":""0"",""自營商買賣超股數(自行買賣)"":""0"",""自營商買進股數(避險)"":""4,000"",""自營商賣出股數(避險)"":""3,618"",""自營商買賣超股數(避險)"":""382"",""三大法人買賣超股數"":""-163,618""}"
2026-09-24,TWSE,2527,宏璟            ,111000,269000,-158000,0,0,0,109,5000,-5891,"{""證券代號"":""2527"",""證券名稱"":""宏璟            "",""外陸資買進股數(不含外資自營商)"":""111,000"",""外陸資賣出股數(不含外資自營商)"":""269,000"",""外陸資買賣超股數(不含外資自營商)"":""-158,000"",""外資自營商買進股數"":""0"",""外資自營商賣出股數"":""0"",""外資自營商買賣超股數"":""0"",""投信買進股數"":""0"",""投信賣出股數"":""0"",""投信買賣超股數"":""0"",""自營商買賣超股數"":""-5,891"",""自營商買進股數(自行買賣)"":""4,000"",""自營商賣出股數(自行買賣)"":""5,000"",""自營商買賣超股數(自行買賣)"":""-1,000"",""自營商買進股數(避險)"":""109"",""自營商賣出股數(避險)"":""5,000"",""自營商買賣超股數(避險)"":""-4,891"",""三大法人買賣超股數"":""-163,891""}"
2026-09-24,TWSE,6869,雲豹能源        ,49000,208000,-159000,0,0,0,0,5290,-5290,"{""證券代號"":""6869"",""證券名稱"":""雲豹能源        "",""外陸資買進股數(不含外資自營商)"":""49,000"",""外陸資賣出股數(不含外資自營商)"":""208,000"",""外陸資買賣超股數(不含外資自營商)"":""-159,000"",""外資自營商買進股數"":""0"",""外資自營商賣出股數"":""0"",""外資自營商買賣超股數"":""0"",""投信買進股數"":""0"",""投信賣出股數"":""0"",""投信買賣超股數"":""0"",""自營商買賣超股數"":""-5,290"",""自營商買進股數(自行買賣)"":""0"",""自營商賣出股數(自行買賣)"":""0"",""自營商買賣超股數(自行買賣)"":""0"",""自營商買進股數(避險)"":""0"",""自營商賣出股數(避險)"":""5,290"",""自營商買賣超股數(避險)"":""-5,290"",""三大法人買賣超股數"":""-164,290""}"
2026-09-24,TWSE,3312,弘憶股          ,162000,302000,-140000,0,0,0,0,25000,-25000,"{""證券代號"":""3312"",""證券名稱"":""弘憶股          "",""外陸資買進股數(不含外資自營商)"":""162,000"",""外陸資賣出股數(不含外資自營商)"":""302,000"",""外陸資買賣超股數(不含外資自營商)"":""-140,000"",""外資自營商買進股數"":""0"",""外資自營商賣出股數"":""0"",""外資自營商買賣超股數"":""0"",""投信買進股數"":""0"",""投信賣出股數"":""0"",""投信買賣超股數"":""0"",""自營商買賣超股數"":""-25,000"",""自營商買進股數(自行買賣)"":""0"",""自營商賣出股數(自行買賣)"":""0"",""自營商買賣超股數(自行買賣)"":""0"",""自營商買進股數(避險)"":""0"",""自營商賣出股數(避險)"":""25,000"",""自營商買賣超股數(避險)"":""-25,000"",""三大法人買賣超股數"":""-165,000""}"
2026-09-24,TWSE,2511,太子            ,27380,193000,-165620,0,0,0,0,0,0,"{""證券代號"":""2511"",""證券名稱"":""太子            "",""外陸資買進股數(不含外資自營商)"":""27,380"",""外陸資賣出股數(不含外資自營商)"":""193,000"",""外陸資買賣超股數(不含外資自營商)"":""-165,620"",""外資自營商買進股數"":""0"",""外資自營商賣出股數"":""0"",""外資自營商買賣超股數"":""0"",""投信買進股數"":""0"",""投信賣出股數"":""0"",""投信買賣超股數"":""0"",""自營商買賣超股數"":""0"",""自營商買進股數(自行買賣)"":""0"",""自營商賣出股數(自行買賣)"":""0"",""自營商買賣超股數(自行買賣)"":""0"",""自營商買進股數(避險)"":""0"",""自營商賣出股數(避險)"":""0"",""自營商買賣超股數(避險)"":""0"",""三大法人買賣超股數"":""-165,620""}"
2026-09-24,TWSE,00852L,國泰美國道瓊正2 ,0,0,0,0,0,0,79000,244648,-165648,"{""證券代號"":""00852L"",""證券名稱"":""國泰美國道瓊正2 "",""外陸資買進股數(不含外資自營商)"":""0"",""外陸資賣出股數(不含外資自營商)"":""0"",""外陸資買賣超股數(不含外資自營商)"":""0"",""外資自營商買進股數"":""0"",""外資自營商賣出股數"":""0"",""外資自營商買賣超股數"":""0"",""投信買進股數"":""0"",""投信賣出股數"":""0"",""投信買賣超股數"":""0"",""自營商買賣超股數"":""-165,648"",""自營商買進股數(自行買賣)"":""0"",""自營商賣出股數(自行買賣)"":""0"",""自營商買賣超股數(自行買賣)"":""0"",""自營商買進股數(避險)"":""79,000"",""自營商賣出股數(避險)"":""244,648"",""自營商買賣超股數(避險)"":""-165,648"",""三大法人買賣超股數"":""-165,648""}"
2026-09-24,TWSE,6873,泓德能源        ,18000,181000,-163000,0,0,0,0,3031,-3031,"{""證券代號"":""6873"",""證券名稱"":""泓德能源        "",""外陸資買進股數(不含外資自營商)"":""18,000"",""外陸資賣出股數(不含外資自營商)"":""181,000"",""外陸資買賣超股數(不含外資自營商)"":""-163,000"",""外資自營商買進股數"":""0"",""外資自營商賣出股數"":""0"",""外資自營商買賣超股數"":""0"",""投信買進股數"":""0"",""投信賣出股數"":""0"",""投信買賣超股數"":""0"",""自營商買賣超股數"":""-3,031"",""自營商買進股數(自行買賣)"":""0"",""自營商賣出股數(自行買賣)"":""0"",""自營商買賣超股數(自行買賣)"":""0"",""自營商買進股數(避險)"":""0"",""自營商賣出股數(避險)"":""3,031"",""自營商買賣超股數(避險)"":""-3,031"",""三大法人買賣超股數"":""-166,031""}"
2026-09-24,TWSE,2548,華固            ,59683,222354,-162671,0,0,0,0,3671,-3860,"{""證券代號"":""2548"",""證券名稱"":""華固            "",""外陸資買進股數(不含外資自營商)"":""59,683"",""外陸資賣出股數(不含外資自營商)"":""222,354"",""外陸資買賣超股數(不含外資自營商)"":""-162,671"",""外資自營商買進股數"":""0"",""外資自營商賣出股數"":""0"",""外資自營商買賣超股數"":""0"",""投信買進股數"":""0"",""投信賣出股數"":""0"",""投信買賣超股數"":""0"",""自營商買賣超股數"":""-3,860"",""自營商買進股數(自行買賣)"":""3,000"",""自營商賣出股數(自行買賣)"":""3,189"",""自營商買賣超股數(自行買賣)"":""-189"",""自營商買進股數(避險)"":""0"",""自營商賣出股數(避險)"":""3,671"",""自營商買賣超股數(避險)"":""-3,671"",""三大法人買賣超股數"":""-166,531""}"
2026-09-24,TWSE,6861,睿生光電        ,630937,790000,-159063,0,0,0,46103,56851,-10748,"{""證券代號"":""6861"",""證券名稱"":""睿生光電        "",""外陸資買進股數(不含外資自營商)"":""630,937"",""外陸資賣出股數(不含外資自營商)"":""790,000"",""外陸資買賣超股數(不含外資自營商)"":""-159,063"",""外資自營商買進股數"":""0"",""外資自營商賣出股數"":""0"",""外資自營商買賣超股數"":""0"",""投信買進股數"":""0"",""投信賣出股數"":""0"",""投信買賣超股數"":""0"",""自營商買賣超股數"":""-10,748"",""自營商買進股數(自行買賣)"":""0"",""自營商賣出股數(自行買賣)"":""0"",""自營商買賣超股數(自行買賣)"":""0"",""自營商買進股數(避險)"":""46,103"",""自營商賣出股數(避險)"":""56,851"",""自營商買賣超股數(避險)"":""-10,748"",""三大法人買賣超股數"":""-169,811""}"
2026-09-24,TWSE,8215,明基材          ,259072,427000,-167928,0,0,0,332,3343,-3011,"{""證券代號"":""8215"",""證券名稱"":""明基材          "",""外陸資買進股數(不含外資自營商)"":""259,072"",""外陸資賣出股數(不含外資自營商)"":""427,000"",""外陸資買賣超股數(不含外資自營商)"":""-167,928"",""外資自營商買進股數"":""0"",""外資自營商賣出股數"":""0"",""外資自營商買賣超股數"":""0"",""投信買進股數"":""0"",""投信賣出股數"":""0"",""投信買賣超股數"":""0"",""自營商買賣超股數"":""-3,011"",""自營商買進股數(自行買賣)"":""0"",""自營商賣出股數(自行買賣)"":""0"",""自營商買賣超股數(自行買賣)"":""0"",""自營商買進股數(避險)"":""332"",""自營商賣出股數(避險)"":""3,343"",""自營商買賣超股數(避險)"":""-3,011"",""三大法人買賣超股數"":""-170,939""}"
2026-09-24,TWSE,00642U,期元大S&P石油   ,30000,23000,7000,0,0,0,278135,459159,-181024,"{""證券代號"":""00642U"",""證券名稱"":""期元大S&P石油   "",""外陸資買進股數(不含外資自營商)"":""30,000"",""外陸資賣出股數(不含外資自營商)"":""23,000"",""外陸資買賣超股數(不含外資自營商)"":""7,000"",""外資自營商買進股數"":""0"",""外資自營商賣出股數"":""0"",""外資自營商買賣超股數"":""0"",""投信買進股數"":""0"",""投信賣出股數"":""0"",""投信買賣超股數"":""0"",""自營商買賣超股數"":""-181,024"",""自營商買進股數(自行買賣)"":""0"",""自營商賣出股數(自行買賣)"":""0"",""自營商買賣超股數(自行買賣)"":""0"",""自營商買進股數(避險)"":""278,135"",""自營商賣出股數(避險)"":""459,159"",""自營商買賣超股數(避險)"":""-181,024"",""三大法人買賣超股數"":""-174,024""}"
2026-09-24,TWSE,1313,聯成            ,490195,648167,-157972,0,0,0,1000,17939,-16939,"{""證券代號"":""1313"",""證券名稱"":""聯成            "",""外陸資買進股數(不含外資自營商)"":""490,195"",""外陸資賣出股數(不含外資自營商)"":""648,167"",""外陸資買賣超股數(不含外資自營商)"":""-157,972"",""外資自營商買進股數"":""0"",""外資自營商賣出股數"":""0"",""外資自營商買賣超股數"":""0"",""投信買進股數"":""0"",""投信賣出股數"":""0"",""投信買賣超股數"":""0"",""自營商買賣超股數"":""-16,939"",""自營商買進股數(自行買賣)"":""0"",""自營商賣出股數(自行買賣)"":""0"",""自營商買賣超股數(自行買賣)"":""0"",""自營商買進股數(避險)"":""1,000"",""自營商賣出股數(避險)"":""17,939"",""自營商買賣超股數(避險)"":""-16,939"",""三大法人買賣超股數"":""-174,911""}"
2026-09-24,TWSE,6901,鑽石投資        ,306000,481000,-175000,0,0,0,0,0,0,"{""證券代號"":""6901"",""證券名稱"":""鑽石投資        "",""外陸資買進股數(不含外資自營商)"":""306,000"",""外陸資賣出股數(不含外資自營商)"":""481,000"",""外陸資買賣超股數(不含外資自營商)"":""-175,000"",""外資自營商買進股數"":""0"",""外資自營商賣出股數"":""0"",""外資自營商買賣超股數"":""0"",""投信買進股數"":""0"",""投信賣出股數"":""0"",""投信買賣超股數"":""0"",""自營商買賣超股數"":""0"",""自營商買進股數(自行買賣)"":""0"",""自營商賣出股數(自行買賣)"":""0"",""自營商買賣超股數(自行買賣)"":""0"",""自營商買進股數(避險)"":""0"",""自營商賣出股數(避險)"":""0"",""自營商買賣超股數(避險)"":""0"",""三大法人買賣超股數"":""-175,000""}"
2026-09-24,TWSE,2375,凱美            ,236095,411371,-175276,0,0,0,4220,4423,-203,"{""證券代號"":""2375"",""證券名稱"":""凱美            "",""外陸資買進股數(不含外資自營商)"":""236,095"",""外陸資賣出股數(不含外資自營商)"":""411,371"",""外陸資買賣超股數(不含外資自營商)"":""-175,276"",""外資自營商買進股數"":""0"",""外資自營商賣出股數"":""0"",""外資自營商買賣超股數"":""0"",""投信買進股數"":""0"",""投信賣出股數"":""0"",""投信買賣超股數"":""0"",""自營商買賣超股數"":""-203"",""自營商買進股數(自行買賣)"":""0"",""自營商賣出股數(自行買賣)"":""0"",""自營商買賣超股數(自行買賣)"":""0"",""自營商買進股數(避險)"":""4,220"",""自營商賣出股數(避險)"":""4,423"",""自營商買賣超股數(避險)"":""-203"",""三大法人買賣超股數"":""-175,479""}"
2026-09-24,TWSE,1447,力鵬            ,57000,233366,-176366,0,0,0,0,0,0,"{""證券代號"":""1447"",""證券名稱"":""力鵬            "",""外陸資買進股數(不含外資自營商)"":""57,000"",""外陸資賣出股數(不含外資自營商)"":""233,366"",""外陸資買賣超股數(不含外資自營商)"":""-176,366"",""外資自營商買進股數"":""0"",""外資自營商賣出股數"":""0"",""外資自營商買賣超股數"":""0"",""投信買進股數"":""0"",""投信賣出股數"":""0"",""投信買賣超股數"":""0"",""自營商買賣超股數"":""0"",""自營商買進股數(自行買賣)"":""0"",""自營商賣出股數(自行買賣)"":""0"",""自營商買賣超股數(自行買賣)"":""0"",""自營商買進股數(避險)"":""0"",""自營商賣出股數(避險)"":""0"",""自營商買賣超股數(避險)"":""0"",""三大法人買賣超股數"":""-176,366""}"
2026-09-24,TWSE,4934,太極            ,10721,190000,-179279,0,0,0,0,0,0,"{""證券代號"":""4934"",""證券名稱"":""太極            "",""外陸資買進股數(不含外資自營商)"":""10,721"",""外陸資賣出股數(不含外資自營商)"":""190,000"",""外陸資買賣超股數(不含外資自營商)"":""-179,279"",""外資自營商買進股數"":""0"",""外資自營商賣出股數"":""0"",""外資自營商買賣超股數"":""0"",""投信買進股數"":""0"",""投信賣出股數"":""0"",""投信買賣超股數"":""0"",""自營商買賣超股數"":""0"",""自營商買進股數(自行買賣)"":""0"",""自營商賣出股數(自行買賣)"":""0"",""自營商買賣超股數(自行買賣)"":""0"",""自營商買進股數(避險)"":""0"",""自營商賣出股數(避險)"":""0"",""自營商買賣超股數(避險)"":""0"",""三大法人買賣超股數"":""-179,279""}"
2026-09-24,TWSE,1905,華紙            ,218000,412697,-194697,0,0,0,16239,7794,12445,"{""證券代號"":""1905"",""證券名稱"":""華紙            "",""外陸資買進股數(不含外資自營商)"":""218,000"",""外陸資賣出股數(不含外資自營商)"":""412,697"",""外陸資買賣超股數(不含外資自營商)"":""-194,697"",""外資自營商買進股數"":""0"",""外資自營商賣出股數"":""0"",""外資自營商買賣超股數"":""0"",""投信買進股數"":""0"",""投信賣出股數"":""0"",""投信買賣超股數"":""0"",""自營商買賣超股數"":""12,445"",""自營商買進股數(自行買賣)"":""5,000"",""自營商賣出股數(自行買賣)"":""1,000"",""自營商買賣超股數(自行買賣)"":""4,000"",""自營商買進股數(避險)"":""16,239"",""自營商賣出股數(避險)"":""7,794"",""自營商買賣超股數(避險)"":""8,445"",""三大法人買賣超股數"":""-182,252""}"
2026-09-24,TWSE,6831,邁科            ,350320,430100,-79780,0,97000,-97000,10000,15975,-6198,"{""證券代號"":""6831"",""證券名稱"":""邁科            "",""外陸資買進股數(不含外資自營商)"":""350,320"",""外陸資賣出股數(不含外資自營商)"":""430,100"",""外陸資買賣超股數(不含外資自營商)"":""-79,780"",""外資自營商買進股數"":""0"",""外資自營商賣出股數"":""0"",""外資自營商買賣超股數"":""0"",""投信買進股數"":""0"",""投信賣出股數"":""97,000"",""投信買賣超股數"":""-97,000"",""自營商買賣超股數"":""-6,198"",""自營商買進股數(自行買賣)"":""0"",""自營商賣出股數(自行買賣)"":""223"",""自營商買賣超股數(自行買賣)"":""-223"",""自營商買進股數(避險)"":""10,000"",""自營商賣出股數(避險)"":""15,975"",""自營商買賣超股數(避險)"":""-5,975"",""三大法人買賣超股數"":""-182,978""}"
2026-09-24,TWSE,3356,奇偶            ,61000,248197,-187197,0,0,0,0,0,3000,"{""證券代號"":""3356"",""證券名稱"":""奇偶            "",""外陸資買進股數(不含外資自營商)"":""61,000"",""外陸資賣出股數(不含外資自營商)"":""248,197"",""外陸資買賣超股數(不含外資自營商)"":""-187,197"",""外資自營商買進股數"":""0"",""外資自營商賣出股數"":""0"",""外資自營商買賣超股數"":""0"",""投信買進股數"":""0"",""投信賣出股數"":""0"",""投信買賣超股數"":""0"",""自營商買賣超股數"":""3,000"",""自營商買進股數(自行買賣)"":""3,000"",""自營商賣出股數(自行買賣)"":""0"",""自營商買賣超股數(自行買賣)"":""3,000"",""自營商買進股數(避險)"":""0"",""自營商賣出股數(避險)"":""0"",""自營商買賣超股數(避險)"":""0"",""三大法人買賣超股數"":""-184,197""}"
2026-09-24,TWSE,5531,鄉林            ,63000,248000,-185000,0,0,0,0,0,0,"{""證券代號"":""5531"",""證券名稱"":""鄉林            "",""外陸資買進股數(不含外資自營商)"":""63,000"",""外陸資賣出股數(不含外資自營商)"":""248,000"",""外陸資買賣超股數(不含外資自營商)"":""-185,000"",""外資自營商買進股數"":""0"",""外資自營商賣出股數"":""0"",""外資自營商買賣超股數"":""0"",""投信買進股數"":""0"",""投信賣出股數"":""0"",""投信買賣超股數"":""0"",""自營商買賣超股數"":""0"",""自營商買進股數(自行買賣)"":""0"",""自營商賣出股數(自行買賣)"":""0"",""自營商買賣超股數(自行買賣)"":""0"",""自營商買進股數(避險)"":""0"",""自營商賣出股數(避險)"":""0"",""自營商買賣超股數(避險)"":""0"",""三大法人買賣超股數"":""-185,000""}"
2026-09-24,TWSE,3665,貿聯-KY         ,1534457,1719347,-184890,72118,70000,2118,61989,82296,-4307,"{""證券代號"":""3665"",""證券名稱"":""貿聯-KY         "",""外陸資買進股數(不含外資自營商)"":""1,534,457"",""外陸資賣出股數(不含外資自營商)"":""1,719,347"",""外陸資買賣超股數(不含外資自營商)"":""-184,890"",""外資自營商買進股數"":""0"",""外資自營商賣出股數"":""0"",""外資自營商買賣超股數"":""0"",""投信買進股數"":""72,118"",""投信賣出股數"":""70,000"",""投信買賣超股數"":""2,118"",""自營商買賣超股數"":""-4,307"",""自營商買進股數(自行買賣)"":""51,900"",""自營商賣出股數(自行買賣)"":""35,900"",""自營商買賣超股數(自行買賣)"":""16,000"",""自營商買進股數(避險)"":""61,989"",""自營商賣出股數(避險)"":""82,296"",""自營商買賣超股數(避險)"":""-20,307"",""三大法人買賣超股數"":""-187,079""}"
2026-09-24,TWSE,9802,鈺齊-KY         ,275000,184000,91000,0,60000,-60000,0,0,-218134,"{""證券代號"":""9802"",""證券名稱"":""鈺齊-KY         "",""外陸資買進股數(不含外資自營商)"":""275,000"",""外陸資賣出股數(不含外資自營商)"":""184,000"",""外陸資買賣超股數(不含外資自營商)"":""91,000"",""外資自營商買進股數"":""0"",""外資自營商賣出股數"":""0"",""外資自營商買賣超股數"":""0"",""投信買進股數"":""0"",""投信賣出股數"":""60,000"",""投信買賣超股數"":""-60,000"",""自營商買賣超股數"":""-218,134"",""自營商買進股數(自行買賣)"":""2,000"",""自營商賣出股數(自行買賣)"":""220,134"",""自營商買賣超股數(自行買賣)"":""-218,134"",""自營商買進股數(避險)"":""0"",""自營商賣出股數(避險)"":""0"",""自營商買賣超股數(避險)"":""0"",""三大法人買賣超股數"":""-187,134""}"
2026-09-24,TWSE,2836,高雄銀          ,131000,320000,-189000,0,0,0,4000,9045,-5045,"{""證券代號"":""2836"",""證券名稱"":""高雄銀          "",""外陸資買進股數(不含外資自營商)"":""131,000"",""外陸資賣出股數(不含外資自營商)"":""320,000"",""外陸資買賣超股數(不含外資自營商)"":""-189,000"",""外資自營商買進股數"":""0"",""外資自營商賣出股數"":""0"",""外資自營商買賣超股數"":""0"",""投信買進股數"":""0"",""投信賣出股數"":""0"",""投信買賣超股數"":""0"",""自營商買賣超股數"":""-5,045"",""自營商買進股數(自行買賣)"":""0"",""自營商賣出股數(自行買賣)"":""0"",""自營商買賣超股數(自行買賣)"":""0"",""自營商買進股數(避險)"":""4,000"",""自營商賣出股數(避險)"":""9,045"",""自營商買賣超股數(避險)"":""-5,045"",""三大法人買賣超股數"":""-194,045""}"
2026-09-24,TWSE,4746,台耀            ,188131,217000,-28869,0,166000,-166000,0,0,0,"{""證券代號"":""4746"",""證券名稱"":""台耀            "",""外陸資買進股數(不含外資自營商)"":""188,131"",""外陸資賣出股數(不含外資自營商)"":""217,000"",""外陸資買賣超股數(不含外資自營商)"":""-28,869"",""外資自營商買進股數"":""0"",""外資自營商賣出股數"":""0"",""外資自營商買賣超股數"":""0"",""投信買進股數"":""0"",""投信賣出股數"":""166,000"",""投信買賣超股數"":""-166,000"",""自營商買賣超股數"":""0"",""自營商買進股數(自行買賣)"":""0"",""自營商賣出股數(自行買賣)"":""0"",""自營商買賣超股數(自行買賣)"":""0"",""自營商買進股數(避險)"":""0"",""自營商賣出股數(避險)"":""0"",""自營商買賣超股數(避險)"":""0"",""三大法人買賣超股數"":""-194,869""}"
2026-09-24,TWSE,6191,精成科          ,236997,359200,-122203,0,67000,-67000,8000,11385,-6385,"{""證券代號"":""6191"",""證券名稱"":""精成科          "",""外陸資買進股數(不含外資自營商)"":""236,997"",""外陸資賣出股數(不含外資自營商)"":""359,200"",""外陸資買賣超股數(不含外資自營商)"":""-122,203"",""外資自營商買進股數"":""0"",""外資自營商賣出股數"":""0"",""外資自營商買賣超股數"":""0"",""投信買進股數"":""0"",""投信賣出股數"":""67,000"",""投信買賣超股數"":""-67,000"",""自營商買賣超股數"":""-6,385"",""自營商買進股數(自行買賣)"":""0"",""自營商賣出股數(自行買賣)"":""3,000"",""自營商買賣超股數(自行買賣)"":""-3,000"",""自營商買進股數(避險)"":""8,000"",""自營商賣出股數(避險)"":""11,385"",""自營商買賣超股數(避險)"":""-3,385"",""三大法人買賣超股數"":""-195,588""}"
2026-09-24,TWSE,1477,聚陽            ,118139,549018,-430879,226000,746,225254,2000,2268,7960,"{""證券代號"":""1477"",""證券名稱"":""聚陽            "",""外陸資買進股數(不含外資自營商)"":""118,139"",""外陸資賣出股數(不含外資自營商)"":""549,018"",""外陸資買賣超股數(不含外資自營商)"":""-430,879"",""外資自營商買進股數"":""0"",""外資自營商賣出股數"":""0"",""外資自營商買賣超股數"":""0"",""投信買進股數"":""226,000"",""投信賣出股數"":""746"",""投信買賣超股數"":""225,254"",""自營商買賣超股數"":""7,960"",""自營商買進股數(自行買賣)"":""11,000"",""自營商賣出股數(自行買賣)"":""2,772"",""自營商買賣超股數(自行買賣)"":""8,228"",""自營商買進股數(避險)"":""2,000"",""自營商賣出股數(避險)"":""2,268"",""自營商買賣超股數(避險)"":""-268"",""三大法人買賣超股數"":""-197,665""}"
2026-09-24,TWSE,1611,中電            ,30000,224032,-194032,0,0,0,0,0,-4000,"{""證券代號"":""1611"",""證券名稱"":""中電            "",""外陸資買進股數(不含外資自營商)"":""30,000"",""外陸資賣出股數(不含外資自營商)"":""224,032"",""外陸資買賣超股數(不含外資自營商)"":""-194,032"",""外資自營商買進股數"":""0"",""外資自營商賣出股數"":""0"",""外資自營商買賣超股數"":""0"",""投信買進股數"":""0"",""投信賣出股數"":""0"",""投信買賣超股數"":""0"",""自營商買賣超股數"":""-4,000"",""自營商買進股數(自行買賣)"":""0"",""自營商賣出股數(自行買賣)"":""4,000"",""自營商買賣超股數(自行買賣)"":""-4,000"",""自營商買進股數(避險)"":""0"",""自營商賣出股數(避險)"":""0"",""自營商買賣超股數(避險)"":""0"",""三大法人買賣超股數"":""-198,032""}"
2026-09-24,TWSE,2491,吉祥全          ,76199,278000,-201801,0,0,0,0,0,2000,"{""證券代號"":""2491"",""證券名稱"":""吉祥全          "",""外陸資買進股數(不含外資自營商)"":""76,199"",""外陸資賣出股數(不含外資自營商)"":""278,000"",""外陸資買賣超股數(不含外資自營商)"":""-201,801"",""外資自營商買進股數"":""0"",""外資自營商賣出股數"":""0"",""外資自營商買賣超股數"":""0"",""投信買進股數"":""0"",""投信賣出股數"":""0"",""投信買賣超股數"":""0"",""自營商買賣超股數"":""2,000"",""自營商買進股數(自行買賣)"":""2,000"",""自營商賣出股數(自行買賣)"":""0"",""自營商買賣超股數(自行買賣)"":""2,000"",""自營商買進股數(避險)"":""0"",""自營商賣出股數(避險)"":""0"",""自營商買賣超股數(避險)"":""0"",""三大法人買賣超股數"":""-199,801""}"
2026-09-24,TWSE,1506,正道            ,0,203000,-203000,0,0,0,0,0,0,"{""證券代號"":""1506"",""證券名稱"":""正道            "",""外陸資買進股數(不含外資自營商)"":""0"",""外陸資賣出股數(不含外資自營商)"":""203,000"",""外陸資買賣超股數(不含外資自營商)"":""-203,000"",""外資自營商買進股數"":""0"",""外資自營商賣出股數"":""0"",""外資自營商買賣超股數"":""0"",""投信買進股數"":""0"",""投信賣出股數"":""0"",""投信買賣超股數"":""0"",""自營商買賣超股數"":""0"",""自營商買進股數(自行買賣)"":""0"",""自營商賣出股數(自行買賣)"":""0"",""自營商買賣超股數(自行買賣)"":""0"",""自營商買進股數(避險)"":""0"",""自營商賣出股數(避險)"":""0"",""自營商買賣超股數(避險)"":""0"",""三大法人買賣超股數"":""-203,000""}"
2026-09-24,TWSE,1617,榮星            ,100052,305000,-204948,0,0,0,0,0,-1296,"{""證券代號"":""1617"",""證券名稱"":""榮星            "",""外陸資買進股數(不含外資自營商)"":""100,052"",""外陸資賣出股數(不含外資自營商)"":""305,000"",""外陸資買賣超股數(不含外資自營商)"":""-204,948"",""外資自營商買進股數"":""0"",""外資自營商賣出股數"":""0"",""外資自營商買賣超股數"":""0"",""投信買進股數"":""0"",""投信賣出股數"":""0"",""投信買賣超股數"":""0"",""自營商買賣超股數"":""-1,296"",""自營商買進股數(自行買賣)"":""1,416"",""自營商賣出股數(自行買賣)"":""2,712"",""自營商買賣超股數(自行買賣)"":""-1,296"",""自營商買進股數(避險)"":""0"",""自營商賣出股數(避險)"":""0"",""自營商買賣超股數(避險)"":""0"",""三大法人買賣超股數"":""-206,244""}"
2026-09-24,TWSE,1316,上曜            ,290000,498000,-208000,0,0,0,0,0,-102,"{""證券代號"":""1316"",""證券名稱"":""上曜            "",""外陸資買進股數(不含外資自營商)"":""290,000"",""外陸資賣出股數(不含外資自營商)"":""498,000"",""外陸資買賣超股數(不含外資自營商)"":""-208,000"",""外資自營商買進股數"":""0"",""外資自營商賣出股數"":""0"",""外資自營商買賣超股數"":""0"",""投信買進股數"":""0"",""投信賣出股數"":""0"",""投信買賣超股數"":""0"",""自營商買賣超股數"":""-102"",""自營商買進股數(自行買賣)"":""0"",""自營商賣出股數(自行買賣)"":""102"",""自營商買賣超股數(自行買賣)"":""-102"",""自營商買進股數(避險)"":""0"",""自營商賣出股數(避險)"":""0"",""自營商買賣超股數(避險)"":""0"",""三大法人買賣超股數"":""-208,102""}"
2026-09-24,TWSE,00982D,主動富邦動態入息,0,2005,-2005,0,0,0,329150,538000,-208850,"{""證券代號"":""00982D"",""證券名稱"":""主動富邦動態入息"",""外陸資買進股數(不含外資自營商)"":""0"",""外陸資賣出股數(不含外資自營商)"":""2,005"",""外陸資買賣超股數(不含外資自營商)"":""-2,005"",""外資自營商買進股數"":""0"",""外資自營商賣出股數"":""0"",""外資自營商買賣超股數"":""0"",""投信買進股數"":""0"",""投信賣出股數"":""0"",""投信買賣超股數"":""0"",""自營商買賣超股數"":""-208,850"",""自營商買進股數(自行買賣)"":""0"",""自營商賣出股數(自行買賣)"":""0"",""自營商買賣超股數(自行買賣)"":""0"",""自營商買進股數(避險)"":""329,150"",""自營商賣出股數(避險)"":""538,000"",""自營商買賣超股數(避險)"":""-208,850"",""三大法人買賣超股數"":""-210,855""}"
2026-09-24,TWSE,6592,和潤企業        ,40980,253000,-212020,0,0,0,10000,9359,963,"{""證券代號"":""6592"",""證券名稱"":""和潤企業        "",""外陸資買進股數(不含外資自營商)"":""40,980"",""外陸資賣出股數(不含外資自營商)"":""253,000"",""外陸資買賣超股數(不含外資自營商)"":""-212,020"",""外資自營商買進股數"":""0"",""外資自營商賣出股數"":""0"",""外資自營商買賣超股數"":""0"",""投信買進股數"":""0"",""投信賣出股數"":""0"",""投信買賣超股數"":""0"",""自營商買賣超股數"":""963"",""自營商買進股數(自行買賣)"":""1,000"",""自營商賣出股數(自行買賣)"":""678"",""自營商買賣超股數(自行買賣)"":""322"",""自營商買進股數(避險)"":""10,000"",""自營商賣出股數(避險)"":""9,359"",""自營商買賣超股數(避險)"":""641"",""三大法人買賣超股數"":""-211,057""}"
2026-09-24,TWSE,3591,艾笛森          ,334471,550863,-216392,0,0,0,0,0,1707,"{""證券代號"":""3591"",""證券名稱"":""艾笛森          "",""外陸資買進股數(不含外資自營商)"":""334,471"",""外陸資賣出股數(不含外資自營商)"":""550,863"",""外陸資買賣超股數(不含外資自營商)"":""-216,392"",""外資自營商買進股數"":""0"",""外資自營商賣出股數"":""0"",""外資自營商買賣超股數"":""0"",""投信買進股數"":""0"",""投信賣出股數"":""0"",""投信買賣超股數"":""0"",""自營商買賣超股數"":""1,707"",""自營商買進股數(自行買賣)"":""2,000"",""自營商賣出股數(自行買賣)"":""293"",""自營商買賣超股數(自行買賣)"":""1,707"",""自營商買進股數(避險)"":""0"",""自營商賣出股數(避險)"":""0"",""自營商買賣超股數(避險)"":""0"",""三大法人買賣超股數"":""-214,685""}"
2026-09-24,TWSE,5521,工信            ,187000,402000,-215000,0,0,0,0,0,0,"{""證券代號"":""5521"",""證券名稱"":""工信            "",""外陸資買進股數(不含外資自營商)"":""187,000"",""外陸資賣出股數(不含外資自營商)"":""402,000"",""外陸資買賣超股數(不含外資自營商)"":""-215,000"",""外資自營商買進股數"":""0"",""外資自營商賣出股數"":""0"",""外資自營商買賣超股數"":""0"",""投信買進股數"":""0"",""投信賣出股數"":""0"",""投信買賣超股數"":""0"",""自營商買賣超股數"":""0"",""自營商買進股數(自行買賣)"":""0"",""自營商賣出股數(自行買賣)"":""0"",""自營商買賣超股數(自行買賣)"":""0"",""自營商買進股數(避險)"":""0"",""自營商賣出股數(避險)"":""0"",""自營商買賣超股數(避險)"":""0"",""三大法人買賣超股數"":""-215,000""}"
2026-09-24,TWSE,3596,智易            ,542000,756070,-214070,0,0,0,0,1050,-1415,"{""證券代號"":""3596"",""證券名稱"":""智易            "",""外陸資買進股數(不含外資自營商)"":""542,000"",""外陸資賣出股數(不含外資自營商)"":""756,070"",""外陸資買賣超股數(不含外資自營商)"":""-214,070"",""外資自營商買進股數"":""0"",""外資自營商賣出股數"":""0"",""外資自營商買賣超股數"":""0"",""投信買進股數"":""0"",""投信賣出股數"":""0"",""投信買賣超股數"":""0"",""自營商買賣超股數"":""-1,415"",""自營商買進股數(自行買賣)"":""1,000"",""自營商賣出股數(自行買賣)"":""1,365"",""自營商買賣超股數(自行買賣)"":""-365"",""自營商買進股數(避險)"":""0"",""自營商賣出股數(避險)"":""1,050"",""自營商買賣超股數(避險)"":""-1,050"",""三大法人買賣超股數"":""-215,485""}"
2026-09-24,TWSE,00981T,平衡凱基雙核收息,2000,1000,1000,0,0,0,546000,768608,-222608,"{""證券代號"":""00981T"",""證券名稱"":""平衡凱基雙核收息"",""外陸資買進股數(不含外資自營商)"":""2,000"",""外陸資賣出股數(不含外資自營商)"":""1,000"",""外陸資買賣超股數(不含外資自營商)"":""1,000"",""外資自營商買進股數"":""0"",""外資自營商賣出股數"":""0"",""外資自營商買賣超股數"":""0"",""投信買進股數"":""0"",""投信賣出股數"":""0"",""投信買賣超股數"":""0"",""自營商買賣超股數"":""-222,608"",""自營商買進股數(自行買賣)"":""0"",""自營商賣出股數(自行買賣)"":""0"",""自營商買賣超股數(自行買賣)"":""0"",""自營商買進股數(避險)"":""546,000"",""自營商賣出股數(避險)"":""768,608"",""自營商買賣超股數(避險)"":""-222,608"",""三大法人買賣超股數"":""-221,608""}"
2026-09-24,TWSE,009827,玉山未來全球算力,11000,3000,8000,0,0,0,561000,792007,-231007,"{""證券代號"":""009827"",""證券名稱"":""玉山未來全球算力"",""外陸資買進股數(不含外資自營商)"":""11,000"",""外陸資賣出股數(不含外資自營商)"":""3,000"",""外陸資買賣超股數(不含外資自營商)"":""8,000"",""外資自營商買進股數"":""0"",""外資自營商賣出股數"":""0"",""外資自營商買賣超股數"":""0"",""投信買進股數"":""0"",""投信賣出股數"":""0"",""投信買賣超股數"":""0"",""自營商買賣超股數"":""-231,007"",""自營商買進股數(自行買賣)"":""0"",""自營商賣出股數(自行買賣)"":""0"",""自營商買賣超股數(自行買賣)"":""0"",""自營商買進股數(避險)"":""561,000"",""自營商賣出股數(避險)"":""792,007"",""自營商買賣超股數(避險)"":""-231,007"",""三大法人買賣超股數"":""-223,007""}"
2026-09-24,TWSE,9907,統一實          ,129000,344000,-215000,0,8908,-8908,0,0,-410,"{""證券代號"":""9907"",""證券名稱"":""統一實          "",""外陸資買進股數(不含外資自營商)"":""129,000"",""外陸資賣出股數(不含外資自營商)"":""344,000"",""外陸資買賣超股數(不含外資自營商)"":""-215,000"",""外資自營商買進股數"":""0"",""外資自營商賣出股數"":""0"",""外資自營商買賣超股數"":""0"",""投信買進股數"":""0"",""投信賣出股數"":""8,908"",""投信買賣超股數"":""-8,908"",""自營商買賣超股數"":""-410"",""自營商買進股數(自行買賣)"":""0"",""自營商賣出股數(自行買賣)"":""410"",""自營商買賣超股數(自行買賣)"":""-410"",""自營商買進股數(避險)"":""0"",""自營商賣出股數(避險)"":""0"",""自營商買賣超股數(避險)"":""0"",""三大法人買賣超股數"":""-224,318""}"
2026-09-24,TWSE,2458,義隆            ,722772,1010018,-287246,45000,4195,40805,44276,7987,17289,"{""證券代號"":""2458"",""證券名稱"":""義隆            "",""外陸資買進股數(不含外資自營商)"":""722,772"",""外陸資賣出股數(不含外資自營商)"":""1,010,018"",""外陸資買賣超股數(不含外資自營商)"":""-287,246"",""外資自營商買進股數"":""0"",""外資自營商賣出股數"":""0"",""外資自營商買賣超股數"":""0"",""投信買進股數"":""45,000"",""投信賣出股數"":""4,195"",""投信買賣超股數"":""40,805"",""自營商買賣超股數"":""17,289"",""自營商買進股數(自行買賣)"":""0"",""自營商賣出股數(自行買賣)"":""19,000"",""自營商買賣超股數(自行買賣)"":""-19,000"",""自營商買進股數(避險)"":""44,276"",""自營商賣出股數(避險)"":""7,987"",""自營商買賣超股數(避險)"":""36,289"",""三大法人買賣超股數"":""-229,152""}"
2026-09-24,TWSE,1215,卜蜂            ,809572,1046951,-237379,0,0,0,0,0,3244,"{""證券代號"":""1215"",""證券名稱"":""卜蜂            "",""外陸資買進股數(不含外資自營商)"":""809,572"",""外陸資賣出股數(不含外資自營商)"":""1,046,951"",""外陸資買賣超股數(不含外資自營商)"":""-237,379"",""外資自營商買進股數"":""0"",""外資自營商賣出股數"":""0"",""外資自營商買賣超股數"":""0"",""投信買進股數"":""0"",""投信賣出股數"":""0"",""投信買賣超股數"":""0"",""自營商買賣超股數"":""3,244"",""自營商買進股數(自行買賣)"":""11,000"",""自營商賣出股數(自行買賣)"":""7,756"",""自營商買賣超股數(自行買賣)"":""3,244"",""自營商買進股數(避險)"":""0"",""自營商賣出股數(避險)"":""0"",""自營商買賣超股數(避險)"":""0"",""三大法人買賣超股數"":""-234,135""}"
2026-09-24,TWSE,7780,大研生醫*       ,22431,255000,-232569,0,0,0,0,1756,-1756,"{""證券代號"":""7780"",""證券名稱"":""大研生醫*       "",""外陸資買進股數(不含外資自營商)"":""22,431"",""外陸資賣出股數(不含外資自營商)"":""255,000"",""外陸資買賣超股數(不含外資自營商)"":""-232,569"",""外資自營商買進股數"":""0"",""外資自營商賣出股數"":""0"",""外資自營商買賣超股數"":""0"",""投信買進股數"":""0"",""投信賣出股數"":""0"",""投信買賣超股數"":""0"",""自營商買賣超股數"":""-1,756"",""自營商買進股數(自行買賣)"":""0"",""自營商賣出股數(自行買賣)"":""0"",""自營商買賣超股數(自行買賣)"":""0"",""自營商買進股數(避險)"":""0"",""自營商賣出股數(避險)"":""1,756"",""自營商買賣超股數(避險)"":""-1,756"",""三大法人買賣超股數"":""-234,325""}"
2026-09-24,TWSE,4967,十銓            ,190045,397013,-206968,0,0,0,2000,32923,-30923,"{""證券代號"":""4967"",""證券名稱"":""十銓            "",""外陸資買進股數(不含外資自營商)"":""190,045"",""外陸資賣出股數(不含外資自營商)"":""397,013"",""外陸資買賣超股數(不含外資自營商)"":""-206,968"",""外資自營商買進股數"":""0"",""外資自營商賣出股數"":""0"",""外資自營商買賣超股數"":""0"",""投信買進股數"":""0"",""投信賣出股數"":""0"",""投信買賣超股數"":""0"",""自營商買賣超股數"":""-30,923"",""自營商買進股數(自行買賣)"":""0"",""自營商賣出股數(自行買賣)"":""0"",""自營商買賣超股數(自行買賣)"":""0"",""自營商買進股數(避險)"":""2,000"",""自營商賣出股數(避險)"":""32,923"",""自營商買賣超股數(避險)"":""-30,923"",""三大法人買賣超股數"":""-237,891""}"
2026-09-24,TWSE,6235,華孚            ,62000,304000,-242000,0,0,0,73,178,-105,"{""證券代號"":""6235"",""證券名稱"":""華孚            "",""外陸資買進股數(不含外資自營商)"":""62,000"",""外陸資賣出股數(不含外資自營商)"":""304,000"",""外陸資買賣超股數(不含外資自營商)"":""-242,000"",""外資自營商買進股數"":""0"",""外資自營商賣出股數"":""0"",""外資自營商買賣超股數"":""0"",""投信買進股數"":""0"",""投信賣出股數"":""0"",""投信買賣超股數"":""0"",""自營商買賣超股數"":""-105"",""自營商買進股數(自行買賣)"":""0"",""自營商賣出股數(自行買賣)"":""0"",""自營商買賣超股數(自行買賣)"":""0"",""自營商買進股數(避險)"":""73"",""自營商賣出股數(避險)"":""178"",""自營商買賣超股數(避險)"":""-105"",""三大法人買賣超股數"":""-242,105""}"
2026-09-24,TWSE,5522,遠雄            ,212804,535000,-322196,0,0,0,0,0,80000,"{""證券代號"":""5522"",""證券名稱"":""遠雄            "",""外陸資買進股數(不含外資自營商)"":""212,804"",""外陸資賣出股數(不含外資自營商)"":""535,000"",""外陸資買賣超股數(不含外資自營商)"":""-322,196"",""外資自營商買進股數"":""0"",""外資自營商賣出股數"":""0"",""外資自營商買賣超股數"":""0"",""投信買進股數"":""0"",""投信賣出股數"":""0"",""投信買賣超股數"":""0"",""自營商買賣超股數"":""80,000"",""自營商買進股數(自行買賣)"":""80,000"",""自營商賣出股數(自行買賣)"":""0"",""自營商買賣超股數(自行買賣)"":""80,000"",""自營商買進股數(避險)"":""0"",""自營商賣出股數(避險)"":""0"",""自營商買賣超股數(避險)"":""0"",""三大法人買賣超股數"":""-242,196""}"
2026-09-24,TWSE,4938,和碩            ,5134095,5787114,-653019,44000,21061,22939,384123,11070,387053,"{""證券代號"":""4938"",""證券名稱"":""和碩            "",""外陸資買進股數(不含外資自營商)"":""5,134,095"",""外陸資賣出股數(不含外資自營商)"":""5,787,114"",""外陸資買賣超股數(不含外資自營商)"":""-653,019"",""外資自營商買進股數"":""0"",""外資自營商賣出股數"":""0"",""外資自營商買賣超股數"":""0"",""投信買進股數"":""44,000"",""投信賣出股數"":""21,061"",""投信買賣超股數"":""22,939"",""自營商買賣超股數"":""387,053"",""自營商買進股數(自行買賣)"":""14,000"",""自營商賣出股數(自行買賣)"":""0"",""自營商買賣超股數(自行買賣)"":""14,000"",""自營商買進股數(避險)"":""384,123"",""自營商賣出股數(避險)"":""11,070"",""自營商買賣超股數(避險)"":""373,053"",""三大法人買賣超股數"":""-243,027""}"
2026-09-24,TWSE,009811,統一美國50      ,0,9000,-9000,0,0,0,566000,802079,-236079,"{""證券代號"":""009811"",""證券名稱"":""統一美國50      "",""外陸資買進股數(不含外資自營商)"":""0"",""外陸資賣出股數(不含外資自營商)"":""9,000"",""外陸資買賣超股數(不含外資自營商)"":""-9,000"",""外資自營商買進股數"":""0"",""外資自營商賣出股數"":""0"",""外資自營商買賣超股數"":""0"",""投信買進股數"":""0"",""投信賣出股數"":""0"",""投信買賣超股數"":""0"",""自營商買賣超股數"":""-236,079"",""自營商買進股數(自行買賣)"":""0"",""自營商賣出股數(自行買賣)"":""0"",""自營商買賣超股數(自行買賣)"":""0"",""自營商買進股數(避險)"":""566,000"",""自營商賣出股數(避險)"":""802,079"",""自營商買賣超股數(避險)"":""-236,079"",""三大法人買賣超股數"":""-245,079""}"
2026-09-24,TWSE,3711,日月光投控      ,6950167,5043859,1906308,37000,2204000,-2167000,96852,104427,15519,"{""證券代號"":""3711"",""證券名稱"":""日月光投控      "",""外陸資買進股數(不含外資自營商)"":""6,950,167"",""外陸資賣出股數(不含外資自營商)"":""5,043,859"",""外陸資買賣超股數(不含外資自營商)"":""1,906,308"",""外資自營商買進股數"":""0"",""外資自營商賣出股數"":""0"",""外資自營商買賣超股數"":""0"",""投信買進股數"":""37,000"",""投信賣出股數"":""2,204,000"",""投信買賣超股數"":""-2,167,000"",""自營商買賣超股數"":""15,519"",""自營商買進股數(自行買賣)"":""90,694"",""自營商賣出股數(自行買賣)"":""67,600"",""自營商買賣超股數(自行買賣)"":""23,094"",""自營商買進股數(避險)"":""96,852"",""自營商賣出股數(避險)"":""104,427"",""自營商買賣超股數(避險)"":""-7,575"",""三大法人買賣超股數"":""-245,173""}"
2026-09-24,TWSE,3703,欣陸            ,107000,353000,-246000,0,0,0,0,0,0,"{""證券代號"":""3703"",""證券名稱"":""欣陸            "",""外陸資買進股數(不含外資自營商)"":""107,000"",""外陸資賣出股數(不含外資自營商)"":""353,000"",""外陸資買賣超股數(不含外資自營商)"":""-246,000"",""外資自營商買進股數"":""0"",""外資自營商賣出股數"":""0"",""外資自營商買賣超股數"":""0"",""投信買進股數"":""0"",""投信賣出股數"":""0"",""投信買賣超股數"":""0"",""自營商買賣超股數"":""0"",""自營商買進股數(自行買賣)"":""0"",""自營商賣出股數(自行買賣)"":""0"",""自營商買賣超股數(自行買賣)"":""0"",""自營商買進股數(避險)"":""0"",""自營商賣出股數(避險)"":""0"",""自營商買賣超股數(避險)"":""0"",""三大法人買賣超股數"":""-246,000""}"
2026-09-24,TWSE,8438,昶昕            ,226000,480099,-254099,0,0,0,2229,2635,-406,"{""證券代號"":""8438"",""證券名稱"":""昶昕            "",""外陸資買進股數(不含外資自營商)"":""226,000"",""外陸資賣出股數(不含外資自營商)"":""480,099"",""外陸資買賣超股數(不含外資自營商)"":""-254,099"",""外資自營商買進股數"":""0"",""外資自營商賣出股數"":""0"",""外資自營商買賣超股數"":""0"",""投信買進股數"":""0"",""投信賣出股數"":""0"",""投信買賣超股數"":""0"",""自營商買賣超股數"":""-406"",""自營商買進股數(自行買賣)"":""0"",""自營商賣出股數(自行買賣)"":""0"",""自營商買賣超股數(自行買賣)"":""0"",""自營商買進股數(避險)"":""2,229"",""自營商賣出股數(避險)"":""2,635"",""自營商買賣超股數(避險)"":""-406"",""三大法人買賣超股數"":""-254,505""}"
2026-09-24,TWSE,9941,裕融            ,366920,359000,7920,0,252184,-252184,5000,15389,-10590,"{""證券代號"":""9941"",""證券名稱"":""裕融            "",""外陸資買進股數(不含外資自營商)"":""366,920"",""外陸資賣出股數(不含外資自營商)"":""359,000"",""外陸資買賣超股數(不含外資自營商)"":""7,920"",""外資自營商買進股數"":""0"",""外資自營商賣出股數"":""0"",""外資自營商買賣超股數"":""0"",""投信買進股數"":""0"",""投信賣出股數"":""252,184"",""投信買賣超股數"":""-252,184"",""自營商買賣超股數"":""-10,590"",""自營商買進股數(自行買賣)"":""13,000"",""自營商賣出股數(自行買賣)"":""13,201"",""自營商買賣超股數(自行買賣)"":""-201"",""自營商買進股數(避險)"":""5,000"",""自營商賣出股數(避險)"":""15,389"",""自營商買賣超股數(避險)"":""-10,389"",""三大法人買賣超股數"":""-254,854""}"
2026-09-24,TWSE,5519,隆大            ,62000,324000,-262000,0,0,0,0,0,363,"{""證券代號"":""5519"",""證券名稱"":""隆大            "",""外陸資買進股數(不含外資自營商)"":""62,000"",""外陸資賣出股數(不含外資自營商)"":""324,000"",""外陸資買賣超股數(不含外資自營商)"":""-262,000"",""外資自營商買進股數"":""0"",""外資自營商賣出股數"":""0"",""外資自營商買賣超股數"":""0"",""投信買進股數"":""0"",""投信賣出股數"":""0"",""投信買賣超股數"":""0"",""自營商買賣超股數"":""363"",""自營商買進股數(自行買賣)"":""5,000"",""自營商賣出股數(自行買賣)"":""4,637"",""自營商買賣超股數(自行買賣)"":""363"",""自營商買進股數(避險)"":""0"",""自營商賣出股數(避險)"":""0"",""自營商買賣超股數(避險)"":""0"",""三大法人買賣超股數"":""-261,637""}"
2026-09-24,TWSE,6541,泰福-KY         ,38001,301000,-262999,0,0,0,0,0,93,"{""證券代號"":""6541"",""證券名稱"":""泰福-KY         "",""外陸資買進股數(不含外資自營商)"":""38,001"",""外陸資賣出股數(不含外資自營商)"":""301,000"",""外陸資買賣超股數(不含外資自營商)"":""-262,999"",""外資自營商買進股數"":""0"",""外資自營商賣出股數"":""0"",""外資自營商買賣超股數"":""0"",""投信買進股數"":""0"",""投信賣出股數"":""0"",""投信買賣超股數"":""0"",""自營商買賣超股數"":""93"",""自營商買進股數(自行買賣)"":""1,000"",""自營商賣出股數(自行買賣)"":""907"",""自營商買賣超股數(自行買賣)"":""93"",""自營商買進股數(避險)"":""0"",""自營商賣出股數(避險)"":""0"",""自營商買賣超股數(避險)"":""0"",""三大法人買賣超股數"":""-262,906""}"
2026-09-24,TWSE,2536,宏普            ,19000,283000,-264000,0,0,0,0,0,0,"{""證券代號"":""2536"",""證券名稱"":""宏普            "",""外陸資買進股數(不含外資自營商)"":""19,000"",""外陸資賣出股數(不含外資自營商)"":""283,000"",""外陸資買賣超股數(不含外資自營商)"":""-264,000"",""外資自營商買進股數"":""0"",""外資自營商賣出股數"":""0"",""外資自營商買賣超股數"":""0"",""投信買進股數"":""0"",""投信賣出股數"":""0"",""投信買賣超股數"":""0"",""自營商買賣超股數"":""0"",""自營商買進股數(自行買賣)"":""0"",""自營商賣出股數(自行買賣)"":""0"",""自營商買賣超股數(自行買賣)"":""0"",""自營商買進股數(避險)"":""0"",""自營商賣出股數(避險)"":""0"",""自營商買賣超股數(避險)"":""0"",""三大法人買賣超股數"":""-264,000""}"
2026-09-24,TWSE,4306,炎洲            ,109000,345112,-236112,0,0,0,0,0,-28000,"{""證券代號"":""4306"",""證券名稱"":""炎洲            "",""外陸資買進股數(不含外資自營商)"":""109,000"",""外陸資賣出股數(不含外資自營商)"":""345,112"",""外陸資買賣超股數(不含外資自營商)"":""-236,112"",""外資自營商買進股數"":""0"",""外資自營商賣出股數"":""0"",""外資自營商買賣超股數"":""0"",""投信買進股數"":""0"",""投信賣出股數"":""0"",""投信買賣超股數"":""0"",""自營商買賣超股數"":""-28,000"",""自營商買進股數(自行買賣)"":""0"",""自營商賣出股數(自行買賣)"":""28,000"",""自營商買賣超股數(自行買賣)"":""-28,000"",""自營商買進股數(避險)"":""0"",""自營商賣出股數(避險)"":""0"",""自營商買賣超股數(避險)"":""0"",""三大法人買賣超股數"":""-264,112""}"
2026-09-24,TWSE,6757,台灣虎航        ,52000,327000,-275000,0,0,0,0,0,0,"{""證券代號"":""6757"",""證券名稱"":""台灣虎航        "",""外陸資買進股數(不含外資自營商)"":""52,000"",""外陸資賣出股數(不含外資自營商)"":""327,000"",""外陸資買賣超股數(不含外資自營商)"":""-275,000"",""外資自營商買進股數"":""0"",""外資自營商賣出股數"":""0"",""外資自營商買賣超股數"":""0"",""投信買進股數"":""0"",""投信賣出股數"":""0"",""投信買賣超股數"":""0"",""自營商買賣超股數"":""0"",""自營商買進股數(自行買賣)"":""0"",""自營商賣出股數(自行買賣)"":""0"",""自營商買賣超股數(自行買賣)"":""0"",""自營商買進股數(避險)"":""0"",""自營商賣出股數(避險)"":""0"",""自營商買賣超股數(避險)"":""0"",""三大法人買賣超股數"":""-275,000""}"
2026-09-24,TWSE,3380,明泰            ,419000,690039,-271039,0,0,0,0,5214,-7214,"{""證券代號"":""3380"",""證券名稱"":""明泰            "",""外陸資買進股數(不含外資自營商)"":""419,000"",""外陸資賣出股數(不含外資自營商)"":""690,039"",""外陸資買賣超股數(不含外資自營商)"":""-271,039"",""外資自營商買進股數"":""0"",""外資自營商賣出股數"":""0"",""外資自營商買賣超股數"":""0"",""投信買進股數"":""0"",""投信賣出股數"":""0"",""投信買賣超股數"":""0"",""自營商買賣超股數"":""-7,214"",""自營商買進股數(自行買賣)"":""8,000"",""自營商賣出股數(自行買賣)"":""10,000"",""自營商買賣超股數(自行買賣)"":""-2,000"",""自營商買進股數(避險)"":""0"",""自營商賣出股數(避險)"":""5,214"",""自營商買賣超股數(避險)"":""-5,214"",""三大法人買賣超股數"":""-278,253""}"
2026-09-24,TWSE,3008,大立光          ,383826,575988,-192162,4000,110000,-106000,40804,26418,18596,"{""證券代號"":""3008"",""證券名稱"":""大立光          "",""外陸資買進股數(不含外資自營商)"":""383,826"",""外陸資賣出股數(不含外資自營商)"":""575,988"",""外陸資買賣超股數(不含外資自營商)"":""-192,162"",""外資自營商買進股數"":""0"",""外資自營商賣出股數"":""0"",""外資自營商買賣超股數"":""0"",""投信買進股數"":""4,000"",""投信賣出股數"":""110,000"",""投信買賣超股數"":""-106,000"",""自營商買賣超股數"":""18,596"",""自營商買進股數(自行買賣)"":""18,200"",""自營商賣出股數(自行買賣)"":""13,990"",""自營商買賣超股數(自行買賣)"":""4,210"",""自營商買進股數(避險)"":""40,804"",""自營商賣出股數(避險)"":""26,418"",""自營商買賣超股數(避險)"":""14,386"",""三大法人買賣超股數"":""-279,566""}"
2026-09-24,TWSE,2406,國碩            ,1959050,2243000,-283950,0,0,0,5164,1078,4086,"{""證券代號"":""2406"",""證券名稱"":""國碩            "",""外陸資買進股數(不含外資自營商)"":""1,959,050"",""外陸資賣出股數(不含外資自營商)"":""2,243,000"",""外陸資買賣超股數(不含外資自營商)"":""-283,950"",""外資自營商買進股數"":""0"",""外資自營商賣出股數"":""0"",""外資自營商買賣超股數"":""0"",""投信買進股數"":""0"",""投信賣出股數"":""0"",""投信買賣超股數"":""0"",""自營商買賣超股數"":""4,086"",""自營商買進股數(自行買賣)"":""0"",""自營商賣出股數(自行買賣)"":""0"",""自營商買賣超股數(自行買賣)"":""0"",""自營商買進股數(避險)"":""5,164"",""自營商賣出股數(避險)"":""1,078"",""自營商買賣超股數(避險)"":""4,086"",""三大法人買賣超股數"":""-279,864""}"
2026-09-24,TWSE,3532,台勝科          ,1374085,1652499,-278414,10000,0,10000,33062,32155,-17093,"{""證券代號"":""3532"",""證券名稱"":""台勝科          "",""外陸資買進股數(不含外資自營商)"":""1,374,085"",""外陸資賣出股數(不含外資自營商)"":""1,652,499"",""外陸資買賣超股數(不含外資自營商)"":""-278,414"",""外資自營商買進股數"":""0"",""外資自營商賣出股數"":""0"",""外資自營商買賣超股數"":""0"",""投信買進股數"":""10,000"",""投信賣出股數"":""0"",""投信買賣超股數"":""10,000"",""自營商買賣超股數"":""-17,093"",""自營商買進股數(自行買賣)"":""14,000"",""自營商賣出股數(自行買賣)"":""32,000"",""自營商買賣超股數(自行買賣)"":""-18,000"",""自營商買進股數(避險)"":""33,062"",""自營商賣出股數(避險)"":""32,155"",""自營商買賣超股數(避險)"":""907"",""三大法人買賣超股數"":""-285,507""}"
2026-09-24,TWSE,2442,新美齊          ,220000,506000,-286000,0,0,0,0,0,0,"{""證券代號"":""2442"",""證券名稱"":""新美齊          "",""外陸資買進股數(不含外資自營商)"":""220,000"",""外陸資賣出股數(不含外資自營商)"":""506,000"",""外陸資買賣超股數(不含外資自營商)"":""-286,000"",""外資自營商買進股數"":""0"",""外資自營商賣出股數"":""0"",""外資自營商買賣超股數"":""0"",""投信買進股數"":""0"",""投信賣出股數"":""0"",""投信買賣超股數"":""0"",""自營商買賣超股數"":""0"",""自營商買進股數(自行買賣)"":""0"",""自營商賣出股數(自行買賣)"":""0"",""自營商買賣超股數(自行買賣)"":""0"",""自營商買進股數(避險)"":""0"",""自營商賣出股數(避險)"":""0"",""自營商買賣超股數(避險)"":""0"",""三大法人買賣超股數"":""-286,000""}"
2026-09-24,TWSE,6933,AMAX-KY         ,1464150,1710361,-246211,0,0,0,16197,41859,-40930,"{""證券代號"":""6933"",""證券名稱"":""AMAX-KY         "",""外陸資買進股數(不含外資自營商)"":""1,464,150"",""外陸資賣出股數(不含外資自營商)"":""1,710,361"",""外陸資買賣超股數(不含外資自營商)"":""-246,211"",""外資自營商買進股數"":""0"",""外資自營商賣出股數"":""0"",""外資自營商買賣超股數"":""0"",""投信買進股數"":""0"",""投信賣出股數"":""0"",""投信買賣超股數"":""0"",""自營商買賣超股數"":""-40,930"",""自營商買進股數(自行買賣)"":""14,272"",""自營商賣出股數(自行買賣)"":""29,540"",""自營商買賣超股數(自行買賣)"":""-15,268"",""自營商買進股數(避險)"":""16,197"",""自營商賣出股數(避險)"":""41,859"",""自營商買賣超股數(避險)"":""-25,662"",""三大法人買賣超股數"":""-287,141""}"
2026-09-24,TWSE,3714,富采            ,1952398,2259800,-307402,0,0,0,90,191,17899,"{""證券代號"":""3714"",""證券名稱"":""富采            "",""外陸資買進股數(不含外資自營商)"":""1,952,398"",""外陸資賣出股數(不含外資自營商)"":""2,259,800"",""外陸資買賣超股數(不含外資自營商)"":""-307,402"",""外資自營商買進股數"":""0"",""外資自營商賣出股數"":""0"",""外資自營商買賣超股數"":""0"",""投信買進股數"":""0"",""投信賣出股數"":""0"",""投信買賣超股數"":""0"",""自營商買賣超股數"":""17,899"",""自營商買進股數(自行買賣)"":""34,000"",""自營商賣出股數(自行買賣)"":""16,000"",""自營商買賣超股數(自行買賣)"":""18,000"",""自營商買進股數(避險)"":""90"",""自營商賣出股數(避險)"":""191"",""自營商買賣超股數(避險)"":""-101"",""三大法人買賣超股數"":""-289,503""}"
2026-09-24,TWSE,1514,亞力            ,340240,618654,-278414,0,0,0,27000,42921,-12921,"{""證券代號"":""1514"",""證券名稱"":""亞力            "",""外陸資買進股數(不含外資自營商)"":""340,240"",""外陸資賣出股數(不含外資自營商)"":""618,654"",""外陸資買賣超股數(不含外資自營商)"":""-278,414"",""外資自營商買進股數"":""0"",""外資自營商賣出股數"":""0"",""外資自營商買賣超股數"":""0"",""投信買進股數"":""0"",""投信賣出股數"":""0"",""投信買賣超股數"":""0"",""自營商買賣超股數"":""-12,921"",""自營商買進股數(自行買賣)"":""4,000"",""自營商賣出股數(自行買賣)"":""1,000"",""自營商買賣超股數(自行買賣)"":""3,000"",""自營商買進股數(避險)"":""27,000"",""自營商賣出股數(避險)"":""42,921"",""自營商買賣超股數(避險)"":""-15,921"",""三大法人買賣超股數"":""-291,335""}"
2026-09-24,TWSE,2383,台光電          ,1228858,1201050,27808,11000,416000,-405000,66773,53822,76991,"{""證券代號"":""2383"",""證券名稱"":""台光電          "",""外陸資買進股數(不含外資自營商)"":""1,228,858"",""外陸資賣出股數(不含外資自營商)"":""1,201,050"",""外陸資買賣超股數(不含外資自營商)"":""27,808"",""外資自營商買進股數"":""0"",""外資自營商賣出股數"":""0"",""外資自營商買賣超股數"":""0"",""投信買進股數"":""11,000"",""投信賣出股數"":""416,000"",""投信買賣超股數"":""-405,000"",""自營商買賣超股數"":""76,991"",""自營商買進股數(自行買賣)"":""82,700"",""自營商賣出股數(自行買賣)"":""18,660"",""自營商買賣超股數(自行買賣)"":""64,040"",""自營商買進股數(避險)"":""66,773"",""自營商賣出股數(避險)"":""53,822"",""自營商買賣超股數(避險)"":""12,951"",""三大法人買賣超股數"":""-300,201""}"
2026-09-24,TWSE,2441,超豐            ,1157834,978091,179743,0,474000,-474000,6420,15906,-10486,"{""證券代號"":""2441"",""證券名稱"":""超豐            "",""外陸資買進股數(不含外資自營商)"":""1,157,834"",""外陸資賣出股數(不含外資自營商)"":""978,091"",""外陸資買賣超股數(不含外資自營商)"":""179,743"",""外資自營商買進股數"":""0"",""外資自營商賣出股數"":""0"",""外資自營商買賣超股數"":""0"",""投信買進股數"":""0"",""投信賣出股數"":""474,000"",""投信買賣超股數"":""-474,000"",""自營商買賣超股數"":""-10,486"",""自營商買進股數(自行買賣)"":""0"",""自營商賣出股數(自行買賣)"":""1,000"",""自營商買賣超股數(自行買賣)"":""-1,000"",""自營商買進股數(避險)"":""6,420"",""自營商賣出股數(避險)"":""15,906"",""自營商買賣超股數(避險)"":""-9,486"",""三大法人買賣超股數"":""-304,743""}"
2026-09-24,TWSE,00650L,復華香港正2     ,44000,189000,-145000,0,0,0,225998,386865,-160867,"{""證券代號"":""00650L"",""證券名稱"":""復華香港正2     "",""外陸資買進股數(不含外資自營商)"":""44,000"",""外陸資賣出股數(不含外資自營商)"":""189,000"",""外陸資買賣超股數(不含外資自營商)"":""-145,000"",""外資自營商買進股數"":""0"",""外資自營商賣出股數"":""0"",""外資自營商買賣超股數"":""0"",""投信買進股數"":""0"",""投信賣出股數"":""0"",""投信買賣超股數"":""0"",""自營商買賣超股數"":""-160,867"",""自營商買進股數(自行買賣)"":""0"",""自營商賣出股數(自行買賣)"":""0"",""自營商買賣超股數(自行買賣)"":""0"",""自營商買進股數(避險)"":""225,998"",""自營商賣出股數(避險)"":""386,865"",""自營商買賣超股數(避險)"":""-160,867"",""三大法人買賣超股數"":""-305,867""}"
2026-09-24,TWSE,8039,台虹            ,1962000,2179024,-217024,0,0,0,38156,17943,-98787,"{""證券代號"":""8039"",""證券名稱"":""台虹            "",""外陸資買進股數(不含外資自營商)"":""1,962,000"",""外陸資賣出股數(不含外資自營商)"":""2,179,024"",""外陸資買賣超股數(不含外資自營商)"":""-217,024"",""外資自營商買進股數"":""0"",""外資自營商賣出股數"":""0"",""外資自營商買賣超股數"":""0"",""投信買進股數"":""0"",""投信賣出股數"":""0"",""投信買賣超股數"":""0"",""自營商買賣超股數"":""-98,787"",""自營商買進股數(自行買賣)"":""48,055"",""自營商賣出股數(自行買賣)"":""167,055"",""自營商買賣超股數(自行買賣)"":""-119,000"",""自營商買進股數(避險)"":""38,156"",""自營商賣出股數(避險)"":""17,943"",""自營商買賣超股數(避險)"":""20,213"",""三大法人買賣超股數"":""-315,811""}"
2026-09-24,TWSE,2498,宏達電          ,1028920,1642050,-613130,0,0,0,314000,20207,295793,"{""證券代號"":""2498"",""證券名稱"":""宏達電          "",""外陸資買進股數(不含外資自營商)"":""1,028,920"",""外陸資賣出股數(不含外資自營商)"":""1,642,050"",""外陸資買賣超股數(不含外資自營商)"":""-613,130"",""外資自營商買進股數"":""0"",""外資自營商賣出股數"":""0"",""外資自營商買賣超股數"":""0"",""投信買進股數"":""0"",""投信賣出股數"":""0"",""投信買賣超股數"":""0"",""自營商買賣超股數"":""295,793"",""自營商買進股數(自行買賣)"":""22,000"",""自營商賣出股數(自行買賣)"":""20,000"",""自營商買賣超股數(自行買賣)"":""2,000"",""自營商買進股數(避險)"":""314,000"",""自營商賣出股數(避險)"":""20,207"",""自營商買賣超股數(避險)"":""293,793"",""三大法人買賣超股數"":""-317,337""}"
2026-09-24,TWSE,9938,百和            ,43000,358000,-315000,0,3565,-3565,0,300,-300,"{""證券代號"":""9938"",""證券名稱"":""百和            "",""外陸資買進股數(不含外資自營商)"":""43,000"",""外陸資賣出股數(不含外資自營商)"":""358,000"",""外陸資買賣超股數(不含外資自營商)"":""-315,000"",""外資自營商買進股數"":""0"",""外資自營商賣出股數"":""0"",""外資自營商買賣超股數"":""0"",""投信買進股數"":""0"",""投信賣出股數"":""3,565"",""投信買賣超股數"":""-3,565"",""自營商買賣超股數"":""-300"",""自營商買進股數(自行買賣)"":""0"",""自營商賣出股數(自行買賣)"":""0"",""自營商買賣超股數(自行買賣)"":""0"",""自營商買進股數(避險)"":""0"",""自營商賣出股數(避險)"":""300"",""自營商買賣超股數(避險)"":""-300"",""三大法人買賣超股數"":""-318,865""}"
2026-09-24,TWSE,3062,建漢            ,406000,723000,-317000,0,0,0,0,3642,-3642,"{""證券代號"":""3062"",""證券名稱"":""建漢            "",""外陸資買進股數(不含外資自營商)"":""406,000"",""外陸資賣出股數(不含外資自營商)"":""723,000"",""外陸資買賣超股數(不含外資自營商)"":""-317,000"",""外資自營商買進股數"":""0"",""外資自營商賣出股數"":""0"",""外資自營商買賣超股數"":""0"",""投信買進股數"":""0"",""投信賣出股數"":""0"",""投信買賣超股數"":""0"",""自營商買賣超股數"":""-3,642"",""自營商買進股數(自行買賣)"":""0"",""自營商賣出股數(自行買賣)"":""0"",""自營商買賣超股數(自行買賣)"":""0"",""自營商買進股數(避險)"":""0"",""自營商賣出股數(避險)"":""3,642"",""自營商買賣超股數(避險)"":""-3,642"",""三大法人買賣超股數"":""-320,642""}"
2026-09-24,TWSE,3032,偉訓            ,93054,414000,-320946,0,0,0,0,0,-1000,"{""證券代號"":""3032"",""證券名稱"":""偉訓            "",""外陸資買進股數(不含外資自營商)"":""93,054"",""外陸資賣出股數(不含外資自營商)"":""414,000"",""外陸資買賣超股數(不含外資自營商)"":""-320,946"",""外資自營商買進股數"":""0"",""外資自營商賣出股數"":""0"",""外資自營商買賣超股數"":""0"",""投信買進股數"":""0"",""投信賣出股數"":""0"",""投信買賣超股數"":""0"",""自營商買賣超股數"":""-1,000"",""自營商買進股數(自行買賣)"":""0"",""自營商賣出股數(自行買賣)"":""1,000"",""自營商買賣超股數(自行買賣)"":""-1,000"",""自營商買進股數(避險)"":""0"",""自營商賣出股數(避險)"":""0"",""自營商買賣超股數(避險)"":""0"",""三大法人買賣超股數"":""-321,946""}"
2026-09-24,TWSE,2352,佳世達          ,713098,974071,-260973,0,0,0,0,12000,-61000,"{""證券代號"":""2352"",""證券名稱"":""佳世達          "",""外陸資買進股數(不含外資自營商)"":""713,098"",""外陸資賣出股數(不含外資自營商)"":""974,071"",""外陸資買賣超股數(不含外資自營商)"":""-260,973"",""外資自營商買進股數"":""0"",""外資自營商賣出股數"":""0"",""外資自營商買賣超股數"":""0"",""投信買進股數"":""0"",""投信賣出股數"":""0"",""投信買賣超股數"":""0"",""自營商買賣超股數"":""-61,000"",""自營商買進股數(自行買賣)"":""0"",""自營商賣出股數(自行買賣)"":""49,000"",""自營商買賣超股數(自行買賣)"":""-49,000"",""自營商買進股數(避險)"":""0"",""自營商賣出股數(避險)"":""12,000"",""自營商買賣超股數(避險)"":""-12,000"",""三大法人買賣超股數"":""-321,973""}"
2026-09-24,TWSE,8110,華東            ,969000,1348000,-379000,0,0,0,80176,26422,52754,"{""證券代號"":""8110"",""證券名稱"":""華東            "",""外陸資買進股數(不含外資自營商)"":""969,000"",""外陸資賣出股數(不含外資自營商)"":""1,348,000"",""外陸資買賣超股數(不含外資自營商)"":""-379,000"",""外資自營商買進股數"":""0"",""外資自營商賣出股數"":""0"",""外資自營商買賣超股數"":""0"",""投信買進股數"":""0"",""投信賣出股數"":""0"",""投信買賣超股數"":""0"",""自營商買賣超股數"":""52,754"",""自營商買進股數(自行買賣)"":""1,000"",""自營商賣出股數(自行買賣)"":""2,000"",""自營商買賣超股數(自行買賣)"":""-1,000"",""自營商買進股數(避險)"":""80,176"",""自營商賣出股數(避險)"":""26,422"",""自營商買賣超股數(避險)"":""53,754"",""三大法人買賣超股數"":""-326,246""}"
2026-09-24,TWSE,3049,精金            ,341000,682000,-341000,0,0,0,18022,12000,6022,"{""證券代號"":""3049"",""證券名稱"":""精金            "",""外陸資買進股數(不含外資自營商)"":""341,000"",""外陸資賣出股數(不含外資自營商)"":""682,000"",""外陸資買賣超股數(不含外資自營商)"":""-341,000"",""外資自營商買進股數"":""0"",""外資自營商賣出股數"":""0"",""外資自營商買賣超股數"":""0"",""投信買進股數"":""0"",""投信賣出股數"":""0"",""投信買賣超股數"":""0"",""自營商買賣超股數"":""6,022"",""自營商買進股數(自行買賣)"":""0"",""自營商賣出股數(自行買賣)"":""0"",""自營商買賣超股數(自行買賣)"":""0"",""自營商買進股數(避險)"":""18,022"",""自營商賣出股數(避險)"":""12,000"",""自營商買賣超股數(避險)"":""6,022"",""三大法人買賣超股數"":""-334,978""}"
2026-09-24,TWSE,2379,瑞昱            ,1194746,2132523,-937777,468000,7000,461000,159540,33622,141757,"{""證券代號"":""2379"",""證券名稱"":""瑞昱            "",""外陸資買進股數(不含外資自營商)"":""1,194,746"",""外陸資賣出股數(不含外資自營商)"":""2,132,523"",""外陸資買賣超股數(不含外資自營商)"":""-937,777"",""外資自營商買進股數"":""0"",""外資自營商賣出股數"":""0"",""外資自營商買賣超股數"":""0"",""投信買進股數"":""468,000"",""投信賣出股數"":""7,000"",""投信買賣超股數"":""461,000"",""自營商買賣超股數"":""141,757"",""自營商買進股數(自行買賣)"":""19,000"",""自營商賣出股數(自行買賣)"":""3,161"",""自營商買賣超股數(自行買賣)"":""15,839"",""自營商買進股數(避險)"":""159,540"",""自營商賣出股數(避險)"":""33,622"",""自營商買賣超股數(避險)"":""125,918"",""三大法人買賣超股數"":""-335,020""}"
2026-09-24,TWSE,1718,中纖            ,1520526,1861039,-340513,0,0,0,3302,93,3209,"{""證券代號"":""1718"",""證券名稱"":""中纖            "",""外陸資買進股數(不含外資自營商)"":""1,520,526"",""外陸資賣出股數(不含外資自營商)"":""1,861,039"",""外陸資買賣超股數(不含外資自營商)"":""-340,513"",""外資自營商買進股數"":""0"",""外資自營商賣出股數"":""0"",""外資自營商買賣超股數"":""0"",""投信買進股數"":""0"",""投信賣出股數"":""0"",""投信買賣超股數"":""0"",""自營商買賣超股數"":""3,209"",""自營商買進股數(自行買賣)"":""2,000"",""自營商賣出股數(自行買賣)"":""2,000"",""自營商買賣超股數(自行買賣)"":""0"",""自營商買進股數(避險)"":""3,302"",""自營商賣出股數(避險)"":""93"",""自營商買賣超股數(避險)"":""3,209"",""三大法人買賣超股數"":""-337,304""}"
2026-09-24,TWSE,6477,安集            ,62022,400236,-338214,0,0,0,0,0,-142,"{""證券代號"":""6477"",""證券名稱"":""安集            "",""外陸資買進股數(不含外資自營商)"":""62,022"",""外陸資賣出股數(不含外資自營商)"":""400,236"",""外陸資買賣超股數(不含外資自營商)"":""-338,214"",""外資自營商買進股數"":""0"",""外資自營商賣出股數"":""0"",""外資自營商買賣超股數"":""0"",""投信買進股數"":""0"",""投信賣出股數"":""0"",""投信買賣超股數"":""0"",""自營商買賣超股數"":""-142"",""自營商買進股數(自行買賣)"":""0"",""自營商賣出股數(自行買賣)"":""142"",""自營商買賣超股數(自行買賣)"":""-142"",""自營商買進股數(避險)"":""0"",""自營商賣出股數(避險)"":""0"",""自營商買賣超股數(避險)"":""0"",""三大法人買賣超股數"":""-338,356""}"
2026-09-24,TWSE,3033,威健            ,509060,780063,-271003,0,4688,-4688,50,31847,-62966,"{""證券代號"":""3033"",""證券名稱"":""威健            "",""外陸資買進股數(不含外資自營商)"":""509,060"",""外陸資賣出股數(不含外資自營商)"":""780,063"",""外陸資買賣超股數(不含外資自營商)"":""-271,003"",""外資自營商買進股數"":""0"",""外資自營商賣出股數"":""0"",""外資自營商買賣超股數"":""0"",""投信買進股數"":""0"",""投信賣出股數"":""4,688"",""投信買賣超股數"":""-4,688"",""自營商買賣超股數"":""-62,966"",""自營商買進股數(自行買賣)"":""1,000"",""自營商賣出股數(自行買賣)"":""32,169"",""自營商買賣超股數(自行買賣)"":""-31,169"",""自營商買進股數(避險)"":""50"",""自營商賣出股數(避險)"":""31,847"",""自營商買賣超股數(避險)"":""-31,797"",""三大法人買賣超股數"":""-338,657""}"
2026-09-24,TWSE,1909,榮成            ,425565,763000,-337435,0,0,0,0,0,-5000,"{""證券代號"":""1909"",""證券名稱"":""榮成            "",""外陸資買進股數(不含外資自營商)"":""425,565"",""外陸資賣出股數(不含外資自營商)"":""763,000"",""外陸資買賣超股數(不含外資自營商)"":""-337,435"",""外資自營商買進股數"":""0"",""外資自營商賣出股數"":""0"",""外資自營商買賣超股數"":""0"",""投信買進股數"":""0"",""投信賣出股數"":""0"",""投信買賣超股數"":""0"",""自營商買賣超股數"":""-5,000"",""自營商買進股數(自行買賣)"":""0"",""自營商賣出股數(自行買賣)"":""5,000"",""自營商買賣超股數(自行買賣)"":""-5,000"",""自營商買進股數(避險)"":""0"",""自營商賣出股數(避險)"":""0"",""自營商買賣超股數(避險)"":""0"",""三大法人買賣超股數"":""-342,435""}"
2026-09-24,TWSE,2103,台橡            ,447050,771082,-324032,0,0,0,13004,34038,-19034,"{""證券代號"":""2103"",""證券名稱"":""台橡            "",""外陸資買進股數(不含外資自營商)"":""447,050"",""外陸資賣出股數(不含外資自營商)"":""771,082"",""外陸資買賣超股數(不含外資自營商)"":""-324,032"",""外資自營商買進股數"":""0"",""外資自營商賣出股數"":""0"",""外資自營商買賣超股數"":""0"",""投信買進股數"":""0"",""投信賣出股數"":""0"",""投信買賣超股數"":""0"",""自營商買賣超股數"":""-19,034"",""自營商買進股數(自行買賣)"":""3,000"",""自營商賣出股數(自行買賣)"":""1,000"",""自營商買賣超股數(自行買賣)"":""2,000"",""自營商買進股數(避險)"":""13,004"",""自營商賣出股數(避險)"":""34,038"",""自營商買賣超股數(避險)"":""-21,034"",""三大法人買賣超股數"":""-343,066""}"
2026-09-24,TWSE,3229,晟鈦            ,176460,528007,-351547,0,0,0,0,0,0,"{""證券代號"":""3229"",""證券名稱"":""晟鈦            "",""外陸資買進股數(不含外資自營商)"":""176,460"",""外陸資賣出股數(不含外資自營商)"":""528,007"",""外陸資買賣超股數(不含外資自營商)"":""-351,547"",""外資自營商買進股數"":""0"",""外資自營商賣出股數"":""0"",""外資自營商買賣超股數"":""0"",""投信買進股數"":""0"",""投信賣出股數"":""0"",""投信買賣超股數"":""0"",""自營商買賣超股數"":""0"",""自營商買進股數(自行買賣)"":""0"",""自營商賣出股數(自行買賣)"":""0"",""自營商買賣超股數(自行買賣)"":""0"",""自營商買進股數(避險)"":""0"",""自營商賣出股數(避險)"":""0"",""自營商買賣超股數(避險)"":""0"",""三大法人買賣超股數"":""-351,547""}"
2026-09-24,TWSE,3138,耀登            ,172361,532530,-360169,0,0,0,5002,10296,-5294,"{""證券代號"":""3138"",""證券名稱"":""耀登            "",""外陸資買進股數(不含外資自營商)"":""172,361"",""外陸資賣出股數(不含外資自營商)"":""532,530"",""外陸資買賣超股數(不含外資自營商)"":""-360,169"",""外資自營商買進股數"":""0"",""外資自營商賣出股數"":""0"",""外資自營商買賣超股數"":""0"",""投信買進股數"":""0"",""投信賣出股數"":""0"",""投信買賣超股數"":""0"",""自營商買賣超股數"":""-5,294"",""自營商買進股數(自行買賣)"":""0"",""自營商賣出股數(自行買賣)"":""0"",""自營商買賣超股數(自行買賣)"":""0"",""自營商買進股數(避險)"":""5,002"",""自營商賣出股數(避險)"":""10,296"",""自營商買賣超股數(避險)"":""-5,294"",""三大法人買賣超股數"":""-365,463""}"
2026-09-24,TWSE,009819,中信數據及電力  ,23000,60000,-37000,0,0,0,0,338520,-333520,"{""證券代號"":""009819"",""證券名稱"":""中信數據及電力  "",""外陸資買進股數(不含外資自營商)"":""23,000"",""外陸資賣出股數(不含外資自營商)"":""60,000"",""外陸資買賣超股數(不含外資自營商)"":""-37,000"",""外資自營商買進股數"":""0"",""外資自營商賣出股數"":""0"",""外資自營商買賣超股數"":""0"",""投信買進股數"":""0"",""投信賣出股數"":""0"",""投信買賣超股數"":""0"",""自營商買賣超股數"":""-333,520"",""自營商買進股數(自行買賣)"":""5,000"",""自營商賣出股數(自行買賣)"":""0"",""自營商買賣超股數(自行買賣)"":""5,000"",""自營商買進股數(避險)"":""0"",""自營商賣出股數(避險)"":""338,520"",""自營商買賣超股數(避險)"":""-338,520"",""三大法人買賣超股數"":""-370,520""}"
2026-09-24,TWSE,3715,定穎投控        ,685100,1017194,-332094,0,0,0,32000,69604,-38604,"{""證券代號"":""3715"",""證券名稱"":""定穎投控        "",""外陸資買進股數(不含外資自營商)"":""685,100"",""外陸資賣出股數(不含外資自營商)"":""1,017,194"",""外陸資買賣超股數(不含外資自營商)"":""-332,094"",""外資自營商買進股數"":""0"",""外資自營商賣出股數"":""0"",""外資自營商買賣超股數"":""0"",""投信買進股數"":""0"",""投信賣出股數"":""0"",""投信買賣超股數"":""0"",""自營商買賣超股數"":""-38,604"",""自營商買進股數(自行買賣)"":""0"",""自營商賣出股數(自行買賣)"":""1,000"",""自營商買賣超股數(自行買賣)"":""-1,000"",""自營商買進股數(避險)"":""32,000"",""自營商賣出股數(避險)"":""69,604"",""自營商買賣超股數(避險)"":""-37,604"",""三大法人買賣超股數"":""-370,698""}"
2026-09-24,TWSE,3090,日電貿          ,371115,728021,-356906,0,22000,-22000,12128,10074,2054,"{""證券代號"":""3090"",""證券名稱"":""日電貿          "",""外陸資買進股數(不含外資自營商)"":""371,115"",""外陸資賣出股數(不含外資自營商)"":""728,021"",""外陸資買賣超股數(不含外資自營商)"":""-356,906"",""外資自營商買進股數"":""0"",""外資自營商賣出股數"":""0"",""外資自營商買賣超股數"":""0"",""投信買進股數"":""0"",""投信賣出股數"":""22,000"",""投信買賣超股數"":""-22,000"",""自營商買賣超股數"":""2,054"",""自營商買進股數(自行買賣)"":""0"",""自營商賣出股數(自行買賣)"":""0"",""自營商買賣超股數(自行買賣)"":""0"",""自營商買進股數(避險)"":""12,128"",""自營商賣出股數(避險)"":""10,074"",""自營商買賣超股數(避險)"":""2,054"",""三大法人買賣超股數"":""-376,852""}"
2026-09-24,TWSE,8996,高力            ,699032,1029909,-330877,0,54000,-54000,1000,0,6625,"{""證券代號"":""8996"",""證券名稱"":""高力            "",""外陸資買進股數(不含外資自營商)"":""699,032"",""外陸資賣出股數(不含外資自營商)"":""1,029,909"",""外陸資買賣超股數(不含外資自營商)"":""-330,877"",""外資自營商買進股數"":""0"",""外資自營商賣出股數"":""0"",""外資自營商買賣超股數"":""0"",""投信買進股數"":""0"",""投信賣出股數"":""54,000"",""投信買賣超股數"":""-54,000"",""自營商買賣超股數"":""6,625"",""自營商買進股數(自行買賣)"":""68,323"",""自營商賣出股數(自行買賣)"":""62,698"",""自營商買賣超股數(自行買賣)"":""5,625"",""自營商買進股數(避險)"":""1,000"",""自營商賣出股數(避險)"":""0"",""自營商買賣超股數(避險)"":""1,000"",""三大法人買賣超股數"":""-378,252""}"
2026-09-24,TWSE,6919,康霈*           ,335000,697354,-362354,0,0,0,1000,19232,-18232,"{""證券代號"":""6919"",""證券名稱"":""康霈*           "",""外陸資買進股數(不含外資自營商)"":""335,000"",""外陸資賣出股數(不含外資自營商)"":""697,354"",""外陸資買賣超股數(不含外資自營商)"":""-362,354"",""外資自營商買進股數"":""0"",""外資自營商賣出股數"":""0"",""外資自營商買賣超股數"":""0"",""投信買進股數"":""0"",""投信賣出股數"":""0"",""投信買賣超股數"":""0"",""自營商買賣超股數"":""-18,232"",""自營商買進股數(自行買賣)"":""0"",""自營商賣出股數(自行買賣)"":""0"",""自營商買賣超股數(自行買賣)"":""0"",""自營商買進股數(避險)"":""1,000"",""自營商賣出股數(避險)"":""19,232"",""自營商買賣超股數(避險)"":""-18,232"",""三大法人買賣超股數"":""-380,586""}"
2026-09-24,TWSE,2101,南港            ,218138,597000,-378862,0,0,0,0,5409,-8409,"{""證券代號"":""2101"",""證券名稱"":""南港            "",""外陸資買進股數(不含外資自營商)"":""218,138"",""外陸資賣出股數(不含外資自營商)"":""597,000"",""外陸資買賣超股數(不含外資自營商)"":""-378,862"",""外資自營商買進股數"":""0"",""外資自營商賣出股數"":""0"",""外資自營商買賣超股數"":""0"",""投信買進股數"":""0"",""投信賣出股數"":""0"",""投信買賣超股數"":""0"",""自營商買賣超股數"":""-8,409"",""自營商買進股數(自行買賣)"":""0"",""自營商賣出股數(自行買賣)"":""3,000"",""自營商買賣超股數(自行買賣)"":""-3,000"",""自營商買進股數(避險)"":""0"",""自營商賣出股數(避險)"":""5,409"",""自營商買賣超股數(避險)"":""-5,409"",""三大法人買賣超股數"":""-387,271""}"
2026-09-24,TWSE,2493,揚博            ,234867,604012,-369145,0,0,0,4000,33746,-29746,"{""證券代號"":""2493"",""證券名稱"":""揚博            "",""外陸資買進股數(不含外資自營商)"":""234,867"",""外陸資賣出股數(不含外資自營商)"":""604,012"",""外陸資買賣超股數(不含外資自營商)"":""-369,145"",""外資自營商買進股數"":""0"",""外資自營商賣出股數"":""0"",""外資自營商買賣超股數"":""0"",""投信買進股數"":""0"",""投信賣出股數"":""0"",""投信買賣超股數"":""0"",""自營商買賣超股數"":""-29,746"",""自營商買進股數(自行買賣)"":""0"",""自營商賣出股數(自行買賣)"":""0"",""自營商買賣超股數(自行買賣)"":""0"",""自營商買進股數(避險)"":""4,000"",""自營商賣出股數(避險)"":""33,746"",""自營商買賣超股數(避險)"":""-29,746"",""三大法人買賣超股數"":""-398,891""}"
2026-09-24,TWSE,2820,華票            ,547000,1019400,-472400,0,0,0,0,0,71343,"{""證券代號"":""2820"",""證券名稱"":""華票            "",""外陸資買進股數(不含外資自營商)"":""547,000"",""外陸資賣出股數(不含外資自營商)"":""1,019,400"",""外陸資買賣超股數(不含外資自營商)"":""-472,400"",""外資自營商買進股數"":""0"",""外資自營商賣出股數"":""0"",""外資自營商買賣超股數"":""0"",""投信買進股數"":""0"",""投信賣出股數"":""0"",""投信買賣超股數"":""0"",""自營商買賣超股數"":""71,343"",""自營商買進股數(自行買賣)"":""81,000"",""自營商賣出股數(自行買賣)"":""9,657"",""自營商買賣超股數(自行買賣)"":""71,343"",""自營商買進股數(避險)"":""0"",""自營商賣出股數(避險)"":""0"",""自營商買賣超股數(避險)"":""0"",""三大法人買賣超股數"":""-401,057""}"
2026-09-24,TWSE,4960,誠美材          ,769000,1118000,-349000,0,0,0,1,54026,-53695,"{""證券代號"":""4960"",""證券名稱"":""誠美材          "",""外陸資買進股數(不含外資自營商)"":""769,000"",""外陸資賣出股數(不含外資自營商)"":""1,118,000"",""外陸資買賣超股數(不含外資自營商)"":""-349,000"",""外資自營商買進股數"":""0"",""外資自營商賣出股數"":""0"",""外資自營商買賣超股數"":""0"",""投信買進股數"":""0"",""投信賣出股數"":""0"",""投信買賣超股數"":""0"",""自營商買賣超股數"":""-53,695"",""自營商買進股數(自行買賣)"":""6,000"",""自營商賣出股數(自行買賣)"":""5,670"",""自營商買賣超股數(自行買賣)"":""330"",""自營商買進股數(避險)"":""1"",""自營商賣出股數(避險)"":""54,026"",""自營商買賣超股數(避險)"":""-54,025"",""三大法人買賣超股數"":""-402,695""}"
2026-09-24,TWSE,0055,元大MSCI金融    ,17106,28034,-10928,0,0,0,2000,395246,-393246,"{""證券代號"":""0055"",""證券名稱"":""元大MSCI金融    "",""外陸資買進股數(不含外資自營商)"":""17,106"",""外陸資賣出股數(不含外資自營商)"":""28,034"",""外陸資買賣超股數(不含外資自營商)"":""-10,928"",""外資自營商買進股數"":""0"",""外資自營商賣出股數"":""0"",""外資自營商買賣超股數"":""0"",""投信買進股數"":""0"",""投信賣出股數"":""0"",""投信買賣超股數"":""0"",""自營商買賣超股數"":""-393,246"",""自營商買進股數(自行買賣)"":""0"",""自營商賣出股數(自行買賣)"":""0"",""自營商買賣超股數(自行買賣)"":""0"",""自營商買進股數(避險)"":""2,000"",""自營商賣出股數(避險)"":""395,246"",""自營商買賣超股數(避險)"":""-393,246"",""三大法人買賣超股數"":""-404,174""}"
2026-09-24,TWSE,1710,東聯            ,922066,1330000,-407934,0,0,0,147800,142018,782,"{""證券代號"":""1710"",""證券名稱"":""東聯            "",""外陸資買進股數(不含外資自營商)"":""922,066"",""外陸資賣出股數(不含外資自營商)"":""1,330,000"",""外陸資買賣超股數(不含外資自營商)"":""-407,934"",""外資自營商買進股數"":""0"",""外資自營商賣出股數"":""0"",""外資自營商買賣超股數"":""0"",""投信買進股數"":""0"",""投信賣出股數"":""0"",""投信買賣超股數"":""0"",""自營商買賣超股數"":""782"",""自營商買進股數(自行買賣)"":""0"",""自營商賣出股數(自行買賣)"":""5,000"",""自營商買賣超股數(自行買賣)"":""-5,000"",""自營商買進股數(避險)"":""147,800"",""自營商賣出股數(避險)"":""142,018"",""自營商買賣超股數(避險)"":""5,782"",""三大法人買賣超股數"":""-407,152""}"
2026-09-24,TWSE,2302,麗正            ,2434122,2918597,-484475,0,0,0,741,7221,76520,"{""證券代號"":""2302"",""證券名稱"":""麗正            "",""外陸資買進股數(不含外資自營商)"":""2,434,122"",""外陸資賣出股數(不含外資自營商)"":""2,918,597"",""外陸資買賣超股數(不含外資自營商)"":""-484,475"",""外資自營商買進股數"":""0"",""外資自營商賣出股數"":""0"",""外資自營商買賣超股數"":""0"",""投信買進股數"":""0"",""投信賣出股數"":""0"",""投信買賣超股數"":""0"",""自營商買賣超股數"":""76,520"",""自營商買進股數(自行買賣)"":""83,000"",""自營商賣出股數(自行買賣)"":""0"",""自營商買賣超股數(自行買賣)"":""83,000"",""自營商買進股數(避險)"":""741"",""自營商賣出股數(避險)"":""7,221"",""自營商買賣超股數(避險)"":""-6,480"",""三大法人買賣超股數"":""-407,955""}"
2026-09-24,TWSE,2838,聯邦銀          ,403000,818906,-415906,0,5000,-5000,19000,7072,11871,"{""證券代號"":""2838"",""證券名稱"":""聯邦銀          "",""外陸資買進股數(不含外資自營商)"":""403,000"",""外陸資賣出股數(不含外資自營商)"":""818,906"",""外陸資買賣超股數(不含外資自營商)"":""-415,906"",""外資自營商買進股數"":""0"",""外資自營商賣出股數"":""0"",""外資自營商買賣超股數"":""0"",""投信買進股數"":""0"",""投信賣出股數"":""5,000"",""投信買賣超股數"":""-5,000"",""自營商買賣超股數"":""11,871"",""自營商買進股數(自行買賣)"":""0"",""自營商賣出股數(自行買賣)"":""57"",""自營商買賣超股數(自行買賣)"":""-57"",""自營商買進股數(避險)"":""19,000"",""自營商賣出股數(避險)"":""7,072"",""自營商買賣超股數(避險)"":""11,928"",""三大法人買賣超股數"":""-409,035""}"
2026-09-24,TWSE,9904,寶成            ,3695555,3930000,-234445,130000,83742,46258,167174,400375,-233019,"{""證券代號"":""9904"",""證券名稱"":""寶成            "",""外陸資買進股數(不含外資自營商)"":""3,695,555"",""外陸資賣出股數(不含外資自營商)"":""3,930,000"",""外陸資買賣超股數(不含外資自營商)"":""-234,445"",""外資自營商買進股數"":""0"",""外資自營商賣出股數"":""0"",""外資自營商買賣超股數"":""0"",""投信買進股數"":""130,000"",""投信賣出股數"":""83,742"",""投信買賣超股數"":""46,258"",""自營商買賣超股數"":""-233,019"",""自營商買進股數(自行買賣)"":""1,000"",""自營商賣出股數(自行買賣)"":""818"",""自營商買賣超股數(自行買賣)"":""182"",""自營商買進股數(避險)"":""167,174"",""自營商賣出股數(避險)"":""400,375"",""自營商買賣超股數(避險)"":""-233,201"",""三大法人買賣超股數"":""-421,206""}"
2026-09-24,TWSE,6112,邁達特          ,444694,948000,-503306,0,0,0,91094,8809,79285,"{""證券代號"":""6112"",""證券名稱"":""邁達特          "",""外陸資買進股數(不含外資自營商)"":""444,694"",""外陸資賣出股數(不含外資自營商)"":""948,000"",""外陸資買賣超股數(不含外資自營商)"":""-503,306"",""外資自營商買進股數"":""0"",""外資自營商賣出股數"":""0"",""外資自營商買賣超股數"":""0"",""投信買進股數"":""0"",""投信賣出股數"":""0"",""投信買賣超股數"":""0"",""自營商買賣超股數"":""79,285"",""自營商買進股數(自行買賣)"":""0"",""自營商賣出股數(自行買賣)"":""3,000"",""自營商買賣超股數(自行買賣)"":""-3,000"",""自營商買進股數(避險)"":""91,094"",""自營商賣出股數(避險)"":""8,809"",""自營商買賣超股數(避險)"":""82,285"",""三大法人買賣超股數"":""-424,021""}"
2026-09-24,TWSE,00655L,國泰中國A50正2  ,2000,14000,-12000,0,0,0,137000,555292,-418292,"{""證券代號"":""00655L"",""證券名稱"":""國泰中國A50正2  "",""外陸資買進股數(不含外資自營商)"":""2,000"",""外陸資賣出股數(不含外資自營商)"":""14,000"",""外陸資買賣超股數(不含外資自營商)"":""-12,000"",""外資自營商買進股數"":""0"",""外資自營商賣出股數"":""0"",""外資自營商買賣超股數"":""0"",""投信買進股數"":""0"",""投信賣出股數"":""0"",""投信買賣超股數"":""0"",""自營商買賣超股數"":""-418,292"",""自營商買進股數(自行買賣)"":""0"",""自營商賣出股數(自行買賣)"":""0"",""自營商買賣超股數(自行買賣)"":""0"",""自營商買進股數(避險)"":""137,000"",""自營商賣出股數(避險)"":""555,292"",""自營商買賣超股數(避險)"":""-418,292"",""三大法人買賣超股數"":""-430,292""}"
2026-09-24,TWSE,8261,富鼎            ,584325,1069725,-485400,20000,0,20000,20176,26840,30336,"{""證券代號"":""8261"",""證券名稱"":""富鼎            "",""外陸資買進股數(不含外資自營商)"":""584,325"",""外陸資賣出股數(不含外資自營商)"":""1,069,725"",""外陸資買賣超股數(不含外資自營商)"":""-485,400"",""外資自營商買進股數"":""0"",""外資自營商賣出股數"":""0"",""外資自營商買賣超股數"":""0"",""投信買進股數"":""20,000"",""投信賣出股數"":""0"",""投信買賣超股數"":""20,000"",""自營商買賣超股數"":""30,336"",""自營商買進股數(自行買賣)"":""37,000"",""自營商賣出股數(自行買賣)"":""0"",""自營商買賣超股數(自行買賣)"":""37,000"",""自營商買進股數(避險)"":""20,176"",""自營商賣出股數(避險)"":""26,840"",""自營商買賣超股數(避險)"":""-6,664"",""三大法人買賣超股數"":""-435,064""}"
2026-09-24,TWSE,6446,藥華藥          ,380485,802087,-421602,0,16000,-16000,1000,234,515,"{""證券代號"":""6446"",""證券名稱"":""藥華藥          "",""外陸資買進股數(不含外資自營商)"":""380,485"",""外陸資賣出股數(不含外資自營商)"":""802,087"",""外陸資買賣超股數(不含外資自營商)"":""-421,602"",""外資自營商買進股數"":""0"",""外資自營商賣出股數"":""0"",""外資自營商買賣超股數"":""0"",""投信買進股數"":""0"",""投信賣出股數"":""16,000"",""投信買賣超股數"":""-16,000"",""自營商買賣超股數"":""515"",""自營商買進股數(自行買賣)"":""40,000"",""自營商賣出股數(自行買賣)"":""40,251"",""自營商買賣超股數(自行買賣)"":""-251"",""自營商買進股數(避險)"":""1,000"",""自營商賣出股數(避險)"":""234"",""自營商買賣超股數(避險)"":""766"",""三大法人買賣超股數"":""-437,087""}"
2026-09-24,TWSE,8112,至上            ,506915,1280500,-773585,370000,11000,359000,19000,9608,-23094,"{""證券代號"":""8112"",""證券名稱"":""至上            "",""外陸資買進股數(不含外資自營商)"":""506,915"",""外陸資賣出股數(不含外資自營商)"":""1,280,500"",""外陸資買賣超股數(不含外資自營商)"":""-773,585"",""外資自營商買進股數"":""0"",""外資自營商賣出股數"":""0"",""外資自營商買賣超股數"":""0"",""投信買進股數"":""370,000"",""投信賣出股數"":""11,000"",""投信買賣超股數"":""359,000"",""自營商買賣超股數"":""-23,094"",""自營商買進股數(自行買賣)"":""1,000"",""自營商賣出股數(自行買賣)"":""33,486"",""自營商買賣超股數(自行買賣)"":""-32,486"",""自營商買進股數(避險)"":""19,000"",""自營商賣出股數(避險)"":""9,608"",""自營商買賣超股數(避險)"":""9,392"",""三大法人買賣超股數"":""-437,679""}"
2026-09-24,TWSE,2241,艾姆勒          ,929489,1376000,-446511,0,0,0,0,0,70,"{""證券代號"":""2241"",""證券名稱"":""艾姆勒          "",""外陸資買進股數(不含外資自營商)"":""929,489"",""外陸資賣出股數(不含外資自營商)"":""1,376,000"",""外陸資買賣超股數(不含外資自營商)"":""-446,511"",""外資自營商買進股數"":""0"",""外資自營商賣出股數"":""0"",""外資自營商買賣超股數"":""0"",""投信買進股數"":""0"",""投信賣出股數"":""0"",""投信買賣超股數"":""0"",""自營商買賣超股數"":""70"",""自營商買進股數(自行買賣)"":""1,000"",""自營商賣出股數(自行買賣)"":""930"",""自營商買賣超股數(自行買賣)"":""70"",""自營商買進股數(避險)"":""0"",""自營商賣出股數(避險)"":""0"",""自營商買賣超股數(避險)"":""0"",""三大法人買賣超股數"":""-446,441""}"
2026-09-24,TWSE,2646,星宇航空        ,577520,1020000,-442480,0,0,0,0,5551,-6071,"{""證券代號"":""2646"",""證券名稱"":""星宇航空        "",""外陸資買進股數(不含外資自營商)"":""577,520"",""外陸資賣出股數(不含外資自營商)"":""1,020,000"",""外陸資買賣超股數(不含外資自營商)"":""-442,480"",""外資自營商買進股數"":""0"",""外資自營商賣出股數"":""0"",""外資自營商買賣超股數"":""0"",""投信買進股數"":""0"",""投信賣出股數"":""0"",""投信買賣超股數"":""0"",""自營商買賣超股數"":""-6,071"",""自營商買進股數(自行買賣)"":""0"",""自營商賣出股數(自行買賣)"":""520"",""自營商買賣超股數(自行買賣)"":""-520"",""自營商買進股數(避險)"":""0"",""自營商賣出股數(避險)"":""5,551"",""自營商買賣超股數(避險)"":""-5,551"",""三大法人買賣超股數"":""-448,551""}"
2026-09-24,TWSE,2501,國建            ,335000,784000,-449000,0,0,0,14000,13815,185,"{""證券代號"":""2501"",""證券名稱"":""國建            "",""外陸資買進股數(不含外資自營商)"":""335,000"",""外陸資賣出股數(不含外資自營商)"":""784,000"",""外陸資買賣超股數(不含外資自營商)"":""-449,000"",""外資自營商買進股數"":""0"",""外資自營商賣出股數"":""0"",""外資自營商買賣超股數"":""0"",""投信買進股數"":""0"",""投信賣出股數"":""0"",""投信買賣超股數"":""0"",""自營商買賣超股數"":""185"",""自營商買進股數(自行買賣)"":""0"",""自營商賣出股數(自行買賣)"":""0"",""自營商買賣超股數(自行買賣)"":""0"",""自營商買進股數(避險)"":""14,000"",""自營商賣出股數(避險)"":""13,815"",""自營商買賣超股數(避險)"":""185"",""三大法人買賣超股數"":""-448,815""}"
2026-09-24,TWSE,2338,光罩            ,880827,1331737,-450910,0,0,0,10771,11725,-2976,"{""證券代號"":""2338"",""證券名稱"":""光罩            "",""外陸資買進股數(不含外資自營商)"":""880,827"",""外陸資賣出股數(不含外資自營商)"":""1,331,737"",""外陸資買賣超股數(不含外資自營商)"":""-450,910"",""外資自營商買進股數"":""0"",""外資自營商賣出股數"":""0"",""外資自營商買賣超股數"":""0"",""投信買進股數"":""0"",""投信賣出股數"":""0"",""投信買賣超股數"":""0"",""自營商買賣超股數"":""-2,976"",""自營商買進股數(自行買賣)"":""1,000"",""自營商賣出股數(自行買賣)"":""3,022"",""自營商買賣超股數(自行買賣)"":""-2,022"",""自營商買進股數(避險)"":""10,771"",""自營商賣出股數(避險)"":""11,725"",""自營商買賣超股數(避險)"":""-954"",""三大法人買賣超股數"":""-453,886""}"
2026-09-24,TWSE,2913,農林            ,159000,503000,-344000,0,0,0,0,0,-122000,"{""證券代號"":""2913"",""證券名稱"":""農林            "",""外陸資買進股數(不含外資自營商)"":""159,000"",""外陸資賣出股數(不含外資自營商)"":""503,000"",""外陸資買賣超股數(不含外資自營商)"":""-344,000"",""外資自營商買進股數"":""0"",""外資自營商賣出股數"":""0"",""外資自營商買賣超股數"":""0"",""投信買進股數"":""0"",""投信賣出股數"":""0"",""投信買賣超股數"":""0"",""自營商買賣超股數"":""-122,000"",""自營商買進股數(自行買賣)"":""0"",""自營商賣出股數(自行買賣)"":""122,000"",""自營商買賣超股數(自行買賣)"":""-122,000"",""自營商買進股數(避險)"":""0"",""自營商賣出股數(避險)"":""0"",""自營商買賣超股數(避險)"":""0"",""三大法人買賣超股數"":""-466,000""}"
2026-09-24,TWSE,2208,台船            ,245000,711299,-466299,0,0,0,0,0,0,"{""證券代號"":""2208"",""證券名稱"":""台船            "",""外陸資買進股數(不含外資自營商)"":""245,000"",""外陸資賣出股數(不含外資自營商)"":""711,299"",""外陸資買賣超股數(不含外資自營商)"":""-466,299"",""外資自營商買進股數"":""0"",""外資自營商賣出股數"":""0"",""外資自營商買賣超股數"":""0"",""投信買進股數"":""0"",""投信賣出股數"":""0"",""投信買賣超股數"":""0"",""自營商買賣超股數"":""0"",""自營商買進股數(自行買賣)"":""0"",""自營商賣出股數(自行買賣)"":""0"",""自營商買賣超股數(自行買賣)"":""0"",""自營商買進股數(避險)"":""0"",""自營商賣出股數(避險)"":""0"",""自營商買賣超股數(避險)"":""0"",""三大法人買賣超股數"":""-466,299""}"
2026-09-24,TWSE,3376,新日興          ,471914,934000,-462086,0,0,0,49000,35910,-7910,"{""證券代號"":""3376"",""證券名稱"":""新日興          "",""外陸資買進股數(不含外資自營商)"":""471,914"",""外陸資賣出股數(不含外資自營商)"":""934,000"",""外陸資買賣超股數(不含外資自營商)"":""-462,086"",""外資自營商買進股數"":""0"",""外資自營商賣出股數"":""0"",""外資自營商買賣超股數"":""0"",""投信買進股數"":""0"",""投信賣出股數"":""0"",""投信買賣超股數"":""0"",""自營商買賣超股數"":""-7,910"",""自營商買進股數(自行買賣)"":""3,000"",""自營商賣出股數(自行買賣)"":""24,000"",""自營商買賣超股數(自行買賣)"":""-21,000"",""自營商買進股數(避險)"":""49,000"",""自營商賣出股數(避險)"":""35,910"",""自營商買賣超股數(避險)"":""13,090"",""三大法人買賣超股數"":""-469,996""}"
2026-09-24,TWSE,6589,台康生技        ,53319,526000,-472681,0,0,0,25,0,25,"{""證券代號"":""6589"",""證券名稱"":""台康生技        "",""外陸資買進股數(不含外資自營商)"":""53,319"",""外陸資賣出股數(不含外資自營商)"":""526,000"",""外陸資買賣超股數(不含外資自營商)"":""-472,681"",""外資自營商買進股數"":""0"",""外資自營商賣出股數"":""0"",""外資自營商買賣超股數"":""0"",""投信買進股數"":""0"",""投信賣出股數"":""0"",""投信買賣超股數"":""0"",""自營商買賣超股數"":""25"",""自營商買進股數(自行買賣)"":""0"",""自營商賣出股數(自行買賣)"":""0"",""自營商買賣超股數(自行買賣)"":""0"",""自營商買進股數(避險)"":""25"",""自營商賣出股數(避險)"":""0"",""自營商買賣超股數(避險)"":""25"",""三大法人買賣超股數"":""-472,656""}"
2026-09-24,TWSE,6177,達麗            ,250000,718045,-468045,0,0,0,0,1000,-5602,"{""證券代號"":""6177"",""證券名稱"":""達麗            "",""外陸資買進股數(不含外資自營商)"":""250,000"",""外陸資賣出股數(不含外資自營商)"":""718,045"",""外陸資買賣超股數(不含外資自營商)"":""-468,045"",""外資自營商買進股數"":""0"",""外資自營商賣出股數"":""0"",""外資自營商買賣超股數"":""0"",""投信買進股數"":""0"",""投信賣出股數"":""0"",""投信買賣超股數"":""0"",""自營商買賣超股數"":""-5,602"",""自營商買進股數(自行買賣)"":""0"",""自營商賣出股數(自行買賣)"":""4,602"",""自營商買賣超股數(自行買賣)"":""-4,602"",""自營商買進股數(避險)"":""0"",""自營商賣出股數(避險)"":""1,000"",""自營商買賣超股數(避險)"":""-1,000"",""三大法人買賣超股數"":""-473,647""}"
2026-09-24,TWSE,6456,GIS-KY          ,3016993,3678223,-661230,0,0,0,330278,100139,185139,"{""證券代號"":""6456"",""證券名稱"":""GIS-KY          "",""外陸資買進股數(不含外資自營商)"":""3,016,993"",""外陸資賣出股數(不含外資自營商)"":""3,678,223"",""外陸資買賣超股數(不含外資自營商)"":""-661,230"",""外資自營商買進股數"":""0"",""外資自營商賣出股數"":""0"",""外資自營商買賣超股數"":""0"",""投信買進股數"":""0"",""投信賣出股數"":""0"",""投信買賣超股數"":""0"",""自營商買賣超股數"":""185,139"",""自營商買進股數(自行買賣)"":""18,000"",""自營商賣出股數(自行買賣)"":""63,000"",""自營商買賣超股數(自行買賣)"":""-45,000"",""自營商買進股數(避險)"":""330,278"",""自營商賣出股數(避險)"":""100,139"",""自營商買賣超股數(避險)"":""230,139"",""三大法人買賣超股數"":""-476,091""}"
2026-09-24,TWSE,2345,智邦            ,1248048,1252633,-4585,4000,489001,-485001,58250,41147,9003,"{""證券代號"":""2345"",""證券名稱"":""智邦            "",""外陸資買進股數(不含外資自營商)"":""1,248,048"",""外陸資賣出股數(不含外資自營商)"":""1,252,633"",""外陸資買賣超股數(不含外資自營商)"":""-4,585"",""外資自營商買進股數"":""0"",""外資自營商賣出股數"":""0"",""外資自營商買賣超股數"":""0"",""投信買進股數"":""4,000"",""投信賣出股數"":""489,001"",""投信買賣超股數"":""-485,001"",""自營商買賣超股數"":""9,003"",""自營商買進股數(自行買賣)"":""11,200"",""自營商賣出股數(自行買賣)"":""19,300"",""自營商買賣超股數(自行買賣)"":""-8,100"",""自營商買進股數(避險)"":""58,250"",""自營商賣出股數(避險)"":""41,147"",""自營商買賣超股數(避險)"":""17,103"",""三大法人買賣超股數"":""-480,583""}"
2026-09-24,TWSE,7799,禾榮科          ,282409,727005,-444596,0,0,0,10000,0,-37562,"{""證券代號"":""7799"",""證券名稱"":""禾榮科          "",""外陸資買進股數(不含外資自營商)"":""282,409"",""外陸資賣出股數(不含外資自營商)"":""727,005"",""外陸資買賣超股數(不含外資自營商)"":""-444,596"",""外資自營商買進股數"":""0"",""外資自營商賣出股數"":""0"",""外資自營商買賣超股數"":""0"",""投信買進股數"":""0"",""投信賣出股數"":""0"",""投信買賣超股數"":""0"",""自營商買賣超股數"":""-37,562"",""自營商買進股數(自行買賣)"":""0"",""自營商賣出股數(自行買賣)"":""47,562"",""自營商買賣超股數(自行買賣)"":""-47,562"",""自營商買進股數(避險)"":""10,000"",""自營商賣出股數(避險)"":""0"",""自營商買賣超股數(避險)"":""10,000"",""三大法人買賣超股數"":""-482,158""}"
2026-09-24,TWSE,4956,光鋐            ,5418431,5811000,-392569,0,0,0,29210,29525,-93315,"{""證券代號"":""4956"",""證券名稱"":""光鋐            "",""外陸資買進股數(不含外資自營商)"":""5,418,431"",""外陸資賣出股數(不含外資自營商)"":""5,811,000"",""外陸資買賣超股數(不含外資自營商)"":""-392,569"",""外資自營商買進股數"":""0"",""外資自營商賣出股數"":""0"",""外資自營商買賣超股數"":""0"",""投信買進股數"":""0"",""投信賣出股數"":""0"",""投信買賣超股數"":""0"",""自營商買賣超股數"":""-93,315"",""自營商買進股數(自行買賣)"":""0"",""自營商賣出股數(自行買賣)"":""93,000"",""自營商買賣超股數(自行買賣)"":""-93,000"",""自營商買進股數(避險)"":""29,210"",""自營商賣出股數(避險)"":""29,525"",""自營商買賣超股數(避險)"":""-315"",""三大法人買賣超股數"":""-485,884""}"
2026-09-24,TWSE,6742,澤米            ,366000,857000,-491000,0,0,0,0,0,450,"{""證券代號"":""6742"",""證券名稱"":""澤米            "",""外陸資買進股數(不含外資自營商)"":""366,000"",""外陸資賣出股數(不含外資自營商)"":""857,000"",""外陸資買賣超股數(不含外資自營商)"":""-491,000"",""外資自營商買進股數"":""0"",""外資自營商賣出股數"":""0"",""外資自營商買賣超股數"":""0"",""投信買進股數"":""0"",""投信賣出股數"":""0"",""投信買賣超股數"":""0"",""自營商買賣超股數"":""450"",""自營商買進股數(自行買賣)"":""3,000"",""自營商賣出股數(自行買賣)"":""2,550"",""自營商買賣超股數(自行買賣)"":""450"",""自營商買進股數(避險)"":""0"",""自營商賣出股數(避險)"":""0"",""自營商買賣超股數(避險)"":""0"",""三大法人買賣超股數"":""-490,550""}"
2026-09-24,TWSE,2211,長榮鋼          ,114000,609000,-495000,0,1613,-1613,0,0,-268,"{""證券代號"":""2211"",""證券名稱"":""長榮鋼          "",""外陸資買進股數(不含外資自營商)"":""114,000"",""外陸資賣出股數(不含外資自營商)"":""609,000"",""外陸資買賣超股數(不含外資自營商)"":""-495,000"",""外資自營商買進股數"":""0"",""外資自營商賣出股數"":""0"",""外資自營商買賣超股數"":""0"",""投信買進股數"":""0"",""投信賣出股數"":""1,613"",""投信買賣超股數"":""-1,613"",""自營商買賣超股數"":""-268"",""自營商買進股數(自行買賣)"":""13,000"",""自營商賣出股數(自行買賣)"":""13,268"",""自營商買賣超股數(自行買賣)"":""-268"",""自營商買進股數(避險)"":""0"",""自營商賣出股數(避險)"":""0"",""自營商買賣超股數(避險)"":""0"",""三大法人買賣超股數"":""-496,881""}"
2026-09-24,TWSE,1608,華榮            ,130000,627862,-497862,0,4940,-4940,0,1850,-8425,"{""證券代號"":""1608"",""證券名稱"":""華榮            "",""外陸資買進股數(不含外資自營商)"":""130,000"",""外陸資賣出股數(不含外資自營商)"":""627,862"",""外陸資買賣超股數(不含外資自營商)"":""-497,862"",""外資自營商買進股數"":""0"",""外資自營商賣出股數"":""0"",""外資自營商買賣超股數"":""0"",""投信買進股數"":""0"",""投信賣出股數"":""4,940"",""投信買賣超股數"":""-4,940"",""自營商買賣超股數"":""-8,425"",""自營商買進股數(自行買賣)"":""0"",""自營商賣出股數(自行買賣)"":""6,575"",""自營商買賣超股數(自行買賣)"":""-6,575"",""自營商買進股數(避險)"":""0"",""自營商賣出股數(避險)"":""1,850"",""自營商買賣超股數(避險)"":""-1,850"",""三大法人買賣超股數"":""-511,227""}"
2026-09-24,TWSE,2515,中工            ,350350,881000,-530650,0,0,0,0,0,1998,"{""證券代號"":""2515"",""證券名稱"":""中工            "",""外陸資買進股數(不含外資自營商)"":""350,350"",""外陸資賣出股數(不含外資自營商)"":""881,000"",""外陸資買賣超股數(不含外資自營商)"":""-530,650"",""外資自營商買進股數"":""0"",""外資自營商賣出股數"":""0"",""外資自營商買賣超股數"":""0"",""投信買進股數"":""0"",""投信賣出股數"":""0"",""投信買賣超股數"":""0"",""自營商買賣超股數"":""1,998"",""自營商買進股數(自行買賣)"":""2,000"",""自營商賣出股數(自行買賣)"":""2"",""自營商買賣超股數(自行買賣)"":""1,998"",""自營商買進股數(避險)"":""0"",""自營商賣出股數(避險)"":""0"",""自營商買賣超股數(避險)"":""0"",""三大法人買賣超股數"":""-528,652""}"
2026-09-24,TWSE,2912,統一超          ,397300,1037306,-640006,89000,5000,84000,24000,0,25000,"{""證券代號"":""2912"",""證券名稱"":""統一超          "",""外陸資買進股數(不含外資自營商)"":""397,300"",""外陸資賣出股數(不含外資自營商)"":""1,037,306"",""外陸資買賣超股數(不含外資自營商)"":""-640,006"",""外資自營商買進股數"":""0"",""外資自營商賣出股數"":""0"",""外資自營商買賣超股數"":""0"",""投信買進股數"":""89,000"",""投信賣出股數"":""5,000"",""投信買賣超股數"":""84,000"",""自營商買賣超股數"":""25,000"",""自營商買進股數(自行買賣)"":""1,000"",""自營商賣出股數(自行買賣)"":""0"",""自營商買賣超股數(自行買賣)"":""1,000"",""自營商買進股數(避險)"":""24,000"",""自營商賣出股數(避險)"":""0"",""自營商買賣超股數(避險)"":""24,000"",""三大法人買賣超股數"":""-531,006""}"
2026-09-24,TWSE,6669,緯穎            ,1992471,1946932,45539,12000,548001,-536001,98503,130090,-46587,"{""證券代號"":""6669"",""證券名稱"":""緯穎            "",""外陸資買進股數(不含外資自營商)"":""1,992,471"",""外陸資賣出股數(不含外資自營商)"":""1,946,932"",""外陸資買賣超股數(不含外資自營商)"":""45,539"",""外資自營商買進股數"":""0"",""外資自營商賣出股數"":""0"",""外資自營商買賣超股數"":""0"",""投信買進股數"":""12,000"",""投信賣出股數"":""548,001"",""投信買賣超股數"":""-536,001"",""自營商買賣超股數"":""-46,587"",""自營商買進股數(自行買賣)"":""1,251"",""自營商賣出股數(自行買賣)"":""16,251"",""自營商買賣超股數(自行買賣)"":""-15,000"",""自營商買進股數(避險)"":""98,503"",""自營商賣出股數(避險)"":""130,090"",""自營商買賣超股數(避險)"":""-31,587"",""三大法人買賣超股數"":""-537,049""}"
2026-09-24,TWSE,7769,鴻勁            ,269968,523151,-253183,4000,281552,-277552,220346,218584,-6938,"{""證券代號"":""7769"",""證券名稱"":""鴻勁            "",""外陸資買進股數(不含外資自營商)"":""269,968"",""外陸資賣出股數(不含外資自營商)"":""523,151"",""外陸資買賣超股數(不含外資自營商)"":""-253,183"",""外資自營商買進股數"":""0"",""外資自營商賣出股數"":""0"",""外資自營商買賣超股數"":""0"",""投信買進股數"":""4,000"",""投信賣出股數"":""281,552"",""投信買賣超股數"":""-277,552"",""自營商買賣超股數"":""-6,938"",""自營商買進股數(自行買賣)"":""1,480"",""自營商賣出股數(自行買賣)"":""10,180"",""自營商買賣超股數(自行買賣)"":""-8,700"",""自營商買進股數(避險)"":""220,346"",""自營商賣出股數(避險)"":""218,584"",""自營商買賣超股數(避險)"":""1,762"",""三大法人買賣超股數"":""-537,673""}"
2026-09-24,TWSE,2801,彰銀            ,5926773,6288734,-361961,0,128000,-128000,9000,76596,-61596,"{""證券代號"":""2801"",""證券名稱"":""彰銀            "",""外陸資買進股數(不含外資自營商)"":""5,926,773"",""外陸資賣出股數(不含外資自營商)"":""6,288,734"",""外陸資買賣超股數(不含外資自營商)"":""-361,961"",""外資自營商買進股數"":""0"",""外資自營商賣出股數"":""0"",""外資自營商買賣超股數"":""0"",""投信買進股數"":""0"",""投信賣出股數"":""128,000"",""投信買賣超股數"":""-128,000"",""自營商買賣超股數"":""-61,596"",""自營商買進股數(自行買賣)"":""6,000"",""自營商賣出股數(自行買賣)"":""0"",""自營商買賣超股數(自行買賣)"":""6,000"",""自營商買進股數(避險)"":""9,000"",""自營商賣出股數(避險)"":""76,596"",""自營商買賣超股數(避險)"":""-67,596"",""三大法人買賣超股數"":""-551,557""}"
2026-09-24,TWSE,1504,東元            ,1726150,1529268,196882,0,740000,-740000,9000,32570,-17570,"{""證券代號"":""1504"",""證券名稱"":""東元            "",""外陸資買進股數(不含外資自營商)"":""1,726,150"",""外陸資賣出股數(不含外資自營商)"":""1,529,268"",""外陸資買賣超股數(不含外資自營商)"":""196,882"",""外資自營商買進股數"":""0"",""外資自營商賣出股數"":""0"",""外資自營商買賣超股數"":""0"",""投信買進股數"":""0"",""投信賣出股數"":""740,000"",""投信買賣超股數"":""-740,000"",""自營商買賣超股數"":""-17,570"",""自營商買進股數(自行買賣)"":""14,000"",""自營商賣出股數(自行買賣)"":""8,000"",""自營商買賣超股數(自行買賣)"":""6,000"",""自營商買進股數(避險)"":""9,000"",""自營商賣出股數(避險)"":""32,570"",""自營商買賣超股數(避險)"":""-23,570"",""三大法人買賣超股數"":""-560,688""}"
2026-09-24,TWSE,009803,玉山市值動能50  ,660050,425000,235050,0,0,0,241318,1038216,-796898,"{""證券代號"":""009803"",""證券名稱"":""玉山市值動能50  "",""外陸資買進股數(不含外資自營商)"":""660,050"",""外陸資賣出股數(不含外資自營商)"":""425,000"",""外陸資買賣超股數(不含外資自營商)"":""235,050"",""外資自營商買進股數"":""0"",""外資自營商賣出股數"":""0"",""外資自營商買賣超股數"":""0"",""投信買進股數"":""0"",""投信賣出股數"":""0"",""投信買賣超股數"":""0"",""自營商買賣超股數"":""-796,898"",""自營商買進股數(自行買賣)"":""0"",""自營商賣出股數(自行買賣)"":""0"",""自營商買賣超股數(自行買賣)"":""0"",""自營商買進股數(避險)"":""241,318"",""自營商賣出股數(避險)"":""1,038,216"",""自營商買賣超股數(避險)"":""-796,898"",""三大法人買賣超股數"":""-561,848""}"
2026-09-24,TWSE,00686R,群益臺灣加權反1 ,11000,1000,10000,0,0,0,1589500,2166900,-577400,"{""證券代號"":""00686R"",""證券名稱"":""群益臺灣加權反1 "",""外陸資買進股數(不含外資自營商)"":""11,000"",""外陸資賣出股數(不含外資自營商)"":""1,000"",""外陸資買賣超股數(不含外資自營商)"":""10,000"",""外資自營商買進股數"":""0"",""外資自營商賣出股數"":""0"",""外資自營商買賣超股數"":""0"",""投信買進股數"":""0"",""投信賣出股數"":""0"",""投信買賣超股數"":""0"",""自營商買賣超股數"":""-577,400"",""自營商買進股數(自行買賣)"":""0"",""自營商賣出股數(自行買賣)"":""0"",""自營商買賣超股數(自行買賣)"":""0"",""自營商買進股數(避險)"":""1,589,500"",""自營商賣出股數(避險)"":""2,166,900"",""自營商買賣超股數(避險)"":""-577,400"",""三大法人買賣超股數"":""-567,400""}"
2026-09-24,TWSE,6243,迅杰            ,137615,712000,-574385,0,0,0,5000,4781,219,"{""證券代號"":""6243"",""證券名稱"":""迅杰            "",""外陸資買進股數(不含外資自營商)"":""137,615"",""外陸資賣出股數(不含外資自營商)"":""712,000"",""外陸資買賣超股數(不含外資自營商)"":""-574,385"",""外資自營商買進股數"":""0"",""外資自營商賣出股數"":""0"",""外資自營商買賣超股數"":""0"",""投信買進股數"":""0"",""投信賣出股數"":""0"",""投信買賣超股數"":""0"",""自營商買賣超股數"":""219"",""自營商買進股數(自行買賣)"":""0"",""自營商賣出股數(自行買賣)"":""0"",""自營商買賣超股數(自行買賣)"":""0"",""自營商買進股數(避險)"":""5,000"",""自營商賣出股數(避險)"":""4,781"",""自營商買賣超股數(避險)"":""219"",""三大法人買賣超股數"":""-574,166""}"
2026-09-24,TWSE,2329,華泰            ,161000,747000,-586000,0,0,0,7000,7415,-2415,"{""證券代號"":""2329"",""證券名稱"":""華泰            "",""外陸資買進股數(不含外資自營商)"":""161,000"",""外陸資賣出股數(不含外資自營商)"":""747,000"",""外陸資買賣超股數(不含外資自營商)"":""-586,000"",""外資自營商買進股數"":""0"",""外資自營商賣出股數"":""0"",""外資自營商買賣超股數"":""0"",""投信買進股數"":""0"",""投信賣出股數"":""0"",""投信買賣超股數"":""0"",""自營商買賣超股數"":""-2,415"",""自營商買進股數(自行買賣)"":""2,000"",""自營商賣出股數(自行買賣)"":""4,000"",""自營商買賣超股數(自行買賣)"":""-2,000"",""自營商買進股數(避險)"":""7,000"",""自營商賣出股數(避險)"":""7,415"",""自營商買賣超股數(避險)"":""-415"",""三大法人買賣超股數"":""-588,415""}"
2026-09-24,TWSE,2905,三商            ,243000,841000,-598000,0,0,0,0,0,-1847,"{""證券代號"":""2905"",""證券名稱"":""三商            "",""外陸資買進股數(不含外資自營商)"":""243,000"",""外陸資賣出股數(不含外資自營商)"":""841,000"",""外陸資買賣超股數(不含外資自營商)"":""-598,000"",""外資自營商買進股數"":""0"",""外資自營商賣出股數"":""0"",""外資自營商買賣超股數"":""0"",""投信買進股數"":""0"",""投信賣出股數"":""0"",""投信買賣超股數"":""0"",""自營商買賣超股數"":""-1,847"",""自營商買進股數(自行買賣)"":""1,000"",""自營商賣出股數(自行買賣)"":""2,847"",""自營商買賣超股數(自行買賣)"":""-1,847"",""自營商買進股數(避險)"":""0"",""自營商賣出股數(避險)"":""0"",""自營商買賣超股數(避險)"":""0"",""三大法人買賣超股數"":""-599,847""}"
2026-09-24,TWSE,00945B,凱基美國非投等債,6000,1000,5000,0,0,0,2179000,2790185,-611185,"{""證券代號"":""00945B"",""證券名稱"":""凱基美國非投等債"",""外陸資買進股數(不含外資自營商)"":""6,000"",""外陸資賣出股數(不含外資自營商)"":""1,000"",""外陸資買賣超股數(不含外資自營商)"":""5,000"",""外資自營商買進股數"":""0"",""外資自營商賣出股數"":""0"",""外資自營商買賣超股數"":""0"",""投信買進股數"":""0"",""投信賣出股數"":""0"",""投信買賣超股數"":""0"",""自營商買賣超股數"":""-611,185"",""自營商買進股數(自行買賣)"":""0"",""自營商賣出股數(自行買賣)"":""0"",""自營商買賣超股數(自行買賣)"":""0"",""自營商買進股數(避險)"":""2,179,000"",""自營商賣出股數(避險)"":""2,790,185"",""自營商買賣超股數(避險)"":""-611,185"",""三大法人買賣超股數"":""-606,185""}"
2026-09-24,TWSE,6706,惠特            ,412194,1051000,-638806,0,0,0,38000,44192,-3192,"{""證券代號"":""6706"",""證券名稱"":""惠特            "",""外陸資買進股數(不含外資自營商)"":""412,194"",""外陸資賣出股數(不含外資自營商)"":""1,051,000"",""外陸資買賣超股數(不含外資自營商)"":""-638,806"",""外資自營商買進股數"":""0"",""外資自營商賣出股數"":""0"",""外資自營商買賣超股數"":""0"",""投信買進股數"":""0"",""投信賣出股數"":""0"",""投信買賣超股數"":""0"",""自營商買賣超股數"":""-3,192"",""自營商買進股數(自行買賣)"":""3,000"",""自營商賣出股數(自行買賣)"":""0"",""自營商買賣超股數(自行買賣)"":""3,000"",""自營商買進股數(避險)"":""38,000"",""自營商賣出股數(避險)"":""44,192"",""自營商買賣超股數(避險)"":""-6,192"",""三大法人買賣超股數"":""-641,998""}"
2026-09-24,TWSE,0052,富邦科技        ,462643,1401475,-938832,0,0,0,1578000,2756921,281081,"{""證券代號"":""0052"",""證券名稱"":""富邦科技        "",""外陸資買進股數(不含外資自營商)"":""462,643"",""外陸資賣出股數(不含外資自營商)"":""1,401,475"",""外陸資買賣超股數(不含外資自營商)"":""-938,832"",""外資自營商買進股數"":""0"",""外資自營商賣出股數"":""0"",""外資自營商買賣超股數"":""0"",""投信買進股數"":""0"",""投信賣出股數"":""0"",""投信買賣超股數"":""0"",""自營商買賣超股數"":""281,081"",""自營商買進股數(自行買賣)"":""1,572,000"",""自營商賣出股數(自行買賣)"":""111,998"",""自營商買賣超股數(自行買賣)"":""1,460,002"",""自營商買進股數(避險)"":""1,578,000"",""自營商賣出股數(避險)"":""2,756,921"",""自營商買賣超股數(避險)"":""-1,178,921"",""三大法人買賣超股數"":""-657,751""}"
2026-09-24,TWSE,2354,鴻準            ,2917000,3362328,-445328,0,0,0,42021,263997,-219976,"{""證券代號"":""2354"",""證券名稱"":""鴻準            "",""外陸資買進股數(不含外資自營商)"":""2,917,000"",""外陸資賣出股數(不含外資自營商)"":""3,362,328"",""外陸資買賣超股數(不含外資自營商)"":""-445,328"",""外資自營商買進股數"":""0"",""外資自營商賣出股數"":""0"",""外資自營商買賣超股數"":""0"",""投信買進股數"":""0"",""投信賣出股數"":""0"",""投信買賣超股數"":""0"",""自營商買賣超股數"":""-219,976"",""自營商買進股數(自行買賣)"":""6,000"",""自營商賣出股數(自行買賣)"":""4,000"",""自營商買賣超股數(自行買賣)"":""2,000"",""自營商買進股數(避險)"":""42,021"",""自營商賣出股數(避險)"":""263,997"",""自營商買賣超股數(避險)"":""-221,976"",""三大法人買賣超股數"":""-665,304""}"
2026-09-24,TWSE,2201,裕隆            ,436478,1118000,-681522,0,0,0,0,1638,-5638,"{""證券代號"":""2201"",""證券名稱"":""裕隆            "",""外陸資買進股數(不含外資自營商)"":""436,478"",""外陸資賣出股數(不含外資自營商)"":""1,118,000"",""外陸資買賣超股數(不含外資自營商)"":""-681,522"",""外資自營商買進股數"":""0"",""外資自營商賣出股數"":""0"",""外資自營商買賣超股數"":""0"",""投信買進股數"":""0"",""投信賣出股數"":""0"",""投信買賣超股數"":""0"",""自營商買賣超股數"":""-5,638"",""自營商買進股數(自行買賣)"":""0"",""自營商賣出股數(自行買賣)"":""4,000"",""自營商買賣超股數(自行買賣)"":""-4,000"",""自營商買進股數(避險)"":""0"",""自營商賣出股數(避險)"":""1,638"",""自營商買賣超股數(避險)"":""-1,638"",""三大法人買賣超股數"":""-687,160""}"
2026-09-24,TWSE,6239,力成            ,1465793,2118115,-652322,2000,2000,0,46867,69801,-46522,"{""證券代號"":""6239"",""證券名稱"":""力成            "",""外陸資買進股數(不含外資自營商)"":""1,465,793"",""外陸資賣出股數(不含外資自營商)"":""2,118,115"",""外陸資買賣超股數(不含外資自營商)"":""-652,322"",""外資自營商買進股數"":""0"",""外資自營商賣出股數"":""0"",""外資自營商買賣超股數"":""0"",""投信買進股數"":""2,000"",""投信賣出股數"":""2,000"",""投信買賣超股數"":""0"",""自營商買賣超股數"":""-46,522"",""自營商買進股數(自行買賣)"":""75,010"",""自營商賣出股數(自行買賣)"":""98,598"",""自營商買賣超股數(自行買賣)"":""-23,588"",""自營商買進股數(避險)"":""46,867"",""自營商賣出股數(避險)"":""69,801"",""自營商買賣超股數(避險)"":""-22,934"",""三大法人買賣超股數"":""-698,844""}"
2026-09-24,TWSE,00865B,國泰US短期公債  ,440001,1034000,-593999,0,0,0,681552,806000,-124448,"{""證券代號"":""00865B"",""證券名稱"":""國泰US短期公債  "",""外陸資買進股數(不含外資自營商)"":""440,001"",""外陸資賣出股數(不含外資自營商)"":""1,034,000"",""外陸資買賣超股數(不含外資自營商)"":""-593,999"",""外資自營商買進股數"":""0"",""外資自營商賣出股數"":""0"",""外資自營商買賣超股數"":""0"",""投信買進股數"":""0"",""投信賣出股數"":""0"",""投信買賣超股數"":""0"",""自營商買賣超股數"":""-124,448"",""自營商買進股數(自行買賣)"":""0"",""自營商賣出股數(自行買賣)"":""0"",""自營商買賣超股數(自行買賣)"":""0"",""自營商買進股數(避險)"":""681,552"",""自營商賣出股數(避險)"":""806,000"",""自營商買賣超股數(避險)"":""-124,448"",""三大法人買賣超股數"":""-718,447""}"
2026-09-24,TWSE,6949,沛爾生醫*-創    ,824860,1445261,-620401,0,0,0,3248,2391,-99143,"{""證券代號"":""6949"",""證券名稱"":""沛爾生醫*-創    "",""外陸資買進股數(不含外資自營商)"":""824,860"",""外陸資賣出股數(不含外資自營商)"":""1,445,261"",""外陸資買賣超股數(不含外資自營商)"":""-620,401"",""外資自營商買進股數"":""0"",""外資自營商賣出股數"":""0"",""外資自營商買賣超股數"":""0"",""投信買進股數"":""0"",""投信賣出股數"":""0"",""投信買賣超股數"":""0"",""自營商買賣超股數"":""-99,143"",""自營商買進股數(自行買賣)"":""0"",""自營商賣出股數(自行買賣)"":""100,000"",""自營商買賣超股數(自行買賣)"":""-100,000"",""自營商買進股數(避險)"":""3,248"",""自營商賣出股數(避險)"":""2,391"",""自營商買賣超股數(避險)"":""857"",""三大法人買賣超股數"":""-719,544""}"
2026-09-24,TWSE,3055,蔚華科          ,2273001,2954603,-681602,0,0,0,2000,76109,-75418,"{""證券代號"":""3055"",""證券名稱"":""蔚華科          "",""外陸資買進股數(不含外資自營商)"":""2,273,001"",""外陸資賣出股數(不含外資自營商)"":""2,954,603"",""外陸資買賣超股數(不含外資自營商)"":""-681,602"",""外資自營商買進股數"":""0"",""外資自營商賣出股數"":""0"",""外資自營商買賣超股數"":""0"",""投信買進股數"":""0"",""投信賣出股數"":""0"",""投信買賣超股數"":""0"",""自營商買賣超股數"":""-75,418"",""自營商買進股數(自行買賣)"":""0"",""自營商賣出股數(自行買賣)"":""1,309"",""自營商買賣超股數(自行買賣)"":""-1,309"",""自營商買進股數(避險)"":""2,000"",""自營商賣出股數(避險)"":""76,109"",""自營商買賣超股數(避險)"":""-74,109"",""三大法人買賣超股數"":""-757,020""}"
2026-09-24,TWSE,2474,可成            ,178526,969609,-791083,28000,13000,15000,18690,13025,5665,"{""證券代號"":""2474"",""證券名稱"":""可成            "",""外陸資買進股數(不含外資自營商)"":""178,526"",""外陸資賣出股數(不含外資自營商)"":""969,609"",""外陸資買賣超股數(不含外資自營商)"":""-791,083"",""外資自營商買進股數"":""0"",""外資自營商賣出股數"":""0"",""外資自營商買賣超股數"":""0"",""投信買進股數"":""28,000"",""投信賣出股數"":""13,000"",""投信買賣超股數"":""15,000"",""自營商買賣超股數"":""5,665"",""自營商買進股數(自行買賣)"":""0"",""自營商賣出股數(自行買賣)"":""0"",""自營商買賣超股數(自行買賣)"":""0"",""自營商買進股數(避險)"":""18,690"",""自營商賣出股數(避險)"":""13,025"",""自營商買賣超股數(避險)"":""5,665"",""三大法人買賣超股數"":""-770,418""}"
2026-09-24,TWSE,3014,聯陽            ,318396,1111017,-792621,20000,2351,17649,13000,14264,-264,"{""證券代號"":""3014"",""證券名稱"":""聯陽            "",""外陸資買進股數(不含外資自營商)"":""318,396"",""外陸資賣出股數(不含外資自營商)"":""1,111,017"",""外陸資買賣超股數(不含外資自營商)"":""-792,621"",""外資自營商買進股數"":""0"",""外資自營商賣出股數"":""0"",""外資自營商買賣超股數"":""0"",""投信買進股數"":""20,000"",""投信賣出股數"":""2,351"",""投信買賣超股數"":""17,649"",""自營商買賣超股數"":""-264"",""自營商買進股數(自行買賣)"":""1,000"",""自營商賣出股數(自行買賣)"":""0"",""自營商買賣超股數(自行買賣)"":""1,000"",""自營商買進股數(避險)"":""13,000"",""自營商賣出股數(避險)"":""14,264"",""自營商買賣超股數(避險)"":""-1,264"",""三大法人買賣超股數"":""-775,236""}"
2026-09-24,TWSE,3706,神達            ,1346956,1269550,77406,0,927000,-927000,67217,71119,37098,"{""證券代號"":""3706"",""證券名稱"":""神達            "",""外陸資買進股數(不含外資自營商)"":""1,346,956"",""外陸資賣出股數(不含外資自營商)"":""1,269,550"",""外陸資買賣超股數(不含外資自營商)"":""77,406"",""外資自營商買進股數"":""0"",""外資自營商賣出股數"":""0"",""外資自營商買賣超股數"":""0"",""投信買進股數"":""0"",""投信賣出股數"":""927,000"",""投信買賣超股數"":""-927,000"",""自營商買賣超股數"":""37,098"",""自營商買進股數(自行買賣)"":""43,000"",""自營商賣出股數(自行買賣)"":""2,000"",""自營商買賣超股數(自行買賣)"":""41,000"",""自營商買進股數(避險)"":""67,217"",""自營商賣出股數(避險)"":""71,119"",""自營商買賣超股數(避險)"":""-3,902"",""三大法人買賣超股數"":""-812,496""}"
2026-09-24,TWSE,6176,瑞儀            ,151980,960621,-808641,0,17000,-17000,22000,23870,-399,"{""證券代號"":""6176"",""證券名稱"":""瑞儀            "",""外陸資買進股數(不含外資自營商)"":""151,980"",""外陸資賣出股數(不含外資自營商)"":""960,621"",""外陸資買賣超股數(不含外資自營商)"":""-808,641"",""外資自營商買進股數"":""0"",""外資自營商賣出股數"":""0"",""外資自營商買賣超股數"":""0"",""投信買進股數"":""0"",""投信賣出股數"":""17,000"",""投信買賣超股數"":""-17,000"",""自營商買賣超股數"":""-399"",""自營商買進股數(自行買賣)"":""2,353"",""自營商賣出股數(自行買賣)"":""882"",""自營商買賣超股數(自行買賣)"":""1,471"",""自營商買進股數(避險)"":""22,000"",""自營商賣出股數(避險)"":""23,870"",""自營商買賣超股數(避險)"":""-1,870"",""三大法人買賣超股數"":""-826,040""}"
2026-09-24,TWSE,2547,日勝生          ,33000,919000,-886000,0,0,0,0,0,0,"{""證券代號"":""2547"",""證券名稱"":""日勝生          "",""外陸資買進股數(不含外資自營商)"":""33,000"",""外陸資賣出股數(不含外資自營商)"":""919,000"",""外陸資買賣超股數(不含外資自營商)"":""-886,000"",""外資自營商買進股數"":""0"",""外資自營商賣出股數"":""0"",""外資自營商買賣超股數"":""0"",""投信買進股數"":""0"",""投信賣出股數"":""0"",""投信買賣超股數"":""0"",""自營商買賣超股數"":""0"",""自營商買進股數(自行買賣)"":""0"",""自營商賣出股數(自行買賣)"":""0"",""自營商買賣超股數(自行買賣)"":""0"",""自營商買進股數(避險)"":""0"",""自營商賣出股數(避險)"":""0"",""自營商買賣超股數(避險)"":""0"",""三大法人買賣超股數"":""-886,000""}"
2026-09-24,TWSE,1528,恩德            ,1131317,2039050,-907733,0,0,0,0,4,996,"{""證券代號"":""1528"",""證券名稱"":""恩德            "",""外陸資買進股數(不含外資自營商)"":""1,131,317"",""外陸資賣出股數(不含外資自營商)"":""2,039,050"",""外陸資買賣超股數(不含外資自營商)"":""-907,733"",""外資自營商買進股數"":""0"",""外資自營商賣出股數"":""0"",""外資自營商買賣超股數"":""0"",""投信買進股數"":""0"",""投信賣出股數"":""0"",""投信買賣超股數"":""0"",""自營商買賣超股數"":""996"",""自營商買進股數(自行買賣)"":""1,000"",""自營商賣出股數(自行買賣)"":""0"",""自營商買賣超股數(自行買賣)"":""1,000"",""自營商買進股數(避險)"":""0"",""自營商賣出股數(避險)"":""4"",""自營商買賣超股數(避險)"":""-4"",""三大法人買賣超股數"":""-906,737""}"
2026-09-24,TWSE,009805,台新美國電力基建,24000,49000,-25000,0,0,0,70000,1006084,-886084,"{""證券代號"":""009805"",""證券名稱"":""台新美國電力基建"",""外陸資買進股數(不含外資自營商)"":""24,000"",""外陸資賣出股數(不含外資自營商)"":""49,000"",""外陸資買賣超股數(不含外資自營商)"":""-25,000"",""外資自營商買進股數"":""0"",""外資自營商賣出股數"":""0"",""外資自營商買賣超股數"":""0"",""投信買進股數"":""0"",""投信賣出股數"":""0"",""投信買賣超股數"":""0"",""自營商買賣超股數"":""-886,084"",""自營商買進股數(自行買賣)"":""50,000"",""自營商賣出股數(自行買賣)"":""0"",""自營商買賣超股數(自行買賣)"":""50,000"",""自營商買進股數(避險)"":""70,000"",""自營商賣出股數(避險)"":""1,006,084"",""自營商買賣超股數(避險)"":""-936,084"",""三大法人買賣超股數"":""-911,084""}"
2026-09-24,TWSE,00663L,國泰臺灣加權正2 ,311000,588000,-277000,0,0,0,777770,1419184,-641414,"{""證券代號"":""00663L"",""證券名稱"":""國泰臺灣加權正2 "",""外陸資買進股數(不含外資自營商)"":""311,000"",""外陸資賣出股數(不含外資自營商)"":""588,000"",""外陸資買賣超股數(不含外資自營商)"":""-277,000"",""外資自營商買進股數"":""0"",""外資自營商賣出股數"":""0"",""外資自營商買賣超股數"":""0"",""投信買進股數"":""0"",""投信賣出股數"":""0"",""投信買賣超股數"":""0"",""自營商買賣超股數"":""-641,414"",""自營商買進股數(自行買賣)"":""0"",""自營商賣出股數(自行買賣)"":""0"",""自營商買賣超股數(自行買賣)"":""0"",""自營商買進股數(避險)"":""777,770"",""自營商賣出股數(避險)"":""1,419,184"",""自營商買賣超股數(避險)"":""-641,414"",""三大法人買賣超股數"":""-918,414""}"
2026-09-24,TWSE,5880,合庫金          ,5142216,7214245,-2072029,392000,54000,338000,19000,87955,781030,"{""證券代號"":""5880"",""證券名稱"":""合庫金          "",""外陸資買進股數(不含外資自營商)"":""5,142,216"",""外陸資賣出股數(不含外資自營商)"":""7,214,245"",""外陸資買賣超股數(不含外資自營商)"":""-2,072,029"",""外資自營商買進股數"":""0"",""外資自營商賣出股數"":""0"",""外資自營商買賣超股數"":""0"",""投信買進股數"":""392,000"",""投信賣出股數"":""54,000"",""投信買賣超股數"":""338,000"",""自營商買賣超股數"":""781,030"",""自營商買進股數(自行買賣)"":""854,000"",""自營商賣出股數(自行買賣)"":""4,015"",""自營商買賣超股數(自行買賣)"":""849,985"",""自營商買進股數(避險)"":""19,000"",""自營商賣出股數(避險)"":""87,955"",""自營商買賣超股數(避險)"":""-68,955"",""三大法人買賣超股數"":""-952,999""}"
2026-09-24,TWSE,2504,國產            ,170000,1155000,-985000,0,0,0,0,0,-496,"{""證券代號"":""2504"",""證券名稱"":""國產            "",""外陸資買進股數(不含外資自營商)"":""170,000"",""外陸資賣出股數(不含外資自營商)"":""1,155,000"",""外陸資買賣超股數(不含外資自營商)"":""-985,000"",""外資自營商買進股數"":""0"",""外資自營商賣出股數"":""0"",""外資自營商買賣超股數"":""0"",""投信買進股數"":""0"",""投信賣出股數"":""0"",""投信買賣超股數"":""0"",""自營商買賣超股數"":""-496"",""自營商買進股數(自行買賣)"":""0"",""自營商賣出股數(自行買賣)"":""496"",""自營商買賣超股數(自行買賣)"":""-496"",""自營商買進股數(避險)"":""0"",""自營商賣出股數(避險)"":""0"",""自營商買賣超股數(避險)"":""0"",""三大法人買賣超股數"":""-985,496""}"
2026-09-24,TWSE,3042,晶技            ,10646863,13449773,-2802910,1180000,1000,1179000,880894,411900,633994,"{""證券代號"":""3042"",""證券名稱"":""晶技            "",""外陸資買進股數(不含外資自營商)"":""10,646,863"",""外陸資賣出股數(不含外資自營商)"":""13,449,773"",""外陸資買賣超股數(不含外資自營商)"":""-2,802,910"",""外資自營商買進股數"":""0"",""外資自營商賣出股數"":""0"",""外資自營商買賣超股數"":""0"",""投信買進股數"":""1,180,000"",""投信賣出股數"":""1,000"",""投信買賣超股數"":""1,179,000"",""自營商買賣超股數"":""633,994"",""自營商買進股數(自行買賣)"":""384,000"",""自營商賣出股數(自行買賣)"":""219,000"",""自營商買賣超股數(自行買賣)"":""165,000"",""自營商買進股數(避險)"":""880,894"",""自營商賣出股數(避險)"":""411,900"",""自營商買賣超股數(避險)"":""468,994"",""三大法人買賣超股數"":""-989,916""}"
2026-09-24,TWSE,9945,潤泰新          ,4278794,5196289,-917495,0,0,0,19887,115709,-83572,"{""證券代號"":""9945"",""證券名稱"":""潤泰新          "",""外陸資買進股數(不含外資自營商)"":""4,278,794"",""外陸資賣出股數(不含外資自營商)"":""5,196,289"",""外陸資買賣超股數(不含外資自營商)"":""-917,495"",""外資自營商買進股數"":""0"",""外資自營商賣出股數"":""0"",""外資自營商買賣超股數"":""0"",""投信買進股數"":""0"",""投信賣出股數"":""0"",""投信買賣超股數"":""0"",""自營商買賣超股數"":""-83,572"",""自營商買進股數(自行買賣)"":""14,250"",""自營商賣出股數(自行買賣)"":""2,000"",""自營商買賣超股數(自行買賣)"":""12,250"",""自營商買進股數(避險)"":""19,887"",""自營商賣出股數(避險)"":""115,709"",""自營商買賣超股數(避險)"":""-95,822"",""三大法人買賣超股數"":""-1,001,067""}"
2026-09-24,TWSE,00995A,主動中信台灣卓越,1225000,622000,603000,0,0,0,1843910,3483158,-1639248,"{""證券代號"":""00995A"",""證券名稱"":""主動中信台灣卓越"",""外陸資買進股數(不含外資自營商)"":""1,225,000"",""外陸資賣出股數(不含外資自營商)"":""622,000"",""外陸資買賣超股數(不含外資自營商)"":""603,000"",""外資自營商買進股數"":""0"",""外資自營商賣出股數"":""0"",""外資自營商買賣超股數"":""0"",""投信買進股數"":""0"",""投信賣出股數"":""0"",""投信買賣超股數"":""0"",""自營商買賣超股數"":""-1,639,248"",""自營商買進股數(自行買賣)"":""0"",""自營商賣出股數(自行買賣)"":""0"",""自營商買賣超股數(自行買賣)"":""0"",""自營商買進股數(避險)"":""1,843,910"",""自營商賣出股數(避險)"":""3,483,158"",""自營商買賣超股數(避險)"":""-1,639,248"",""三大法人買賣超股數"":""-1,036,248""}"
2026-09-24,TWSE,3450,聯鈞            ,1322643,2118659,-796016,0,274000,-274000,107000,110168,5832,"{""證券代號"":""3450"",""證券名稱"":""聯鈞            "",""外陸資買進股數(不含外資自營商)"":""1,322,643"",""外陸資賣出股數(不含外資自營商)"":""2,118,659"",""外陸資買賣超股數(不含外資自營商)"":""-796,016"",""外資自營商買進股數"":""0"",""外資自營商賣出股數"":""0"",""外資自營商買賣超股數"":""0"",""投信買進股數"":""0"",""投信賣出股數"":""274,000"",""投信買賣超股數"":""-274,000"",""自營商買賣超股數"":""5,832"",""自營商買進股數(自行買賣)"":""12,000"",""自營商賣出股數(自行買賣)"":""3,000"",""自營商買賣超股數(自行買賣)"":""9,000"",""自營商買進股數(避險)"":""107,000"",""自營商賣出股數(避險)"":""110,168"",""自營商買賣超股數(避險)"":""-3,168"",""三大法人買賣超股數"":""-1,064,184""}"
2026-09-24,TWSE,1717,長興            ,1042660,2079719,-1037059,0,0,0,5000,74360,-73360,"{""證券代號"":""1717"",""證券名稱"":""長興            "",""外陸資買進股數(不含外資自營商)"":""1,042,660"",""外陸資賣出股數(不含外資自營商)"":""2,079,719"",""外陸資買賣超股數(不含外資自營商)"":""-1,037,059"",""外資自營商買進股數"":""0"",""外資自營商賣出股數"":""0"",""外資自營商買賣超股數"":""0"",""投信買進股數"":""0"",""投信賣出股數"":""0"",""投信買賣超股數"":""0"",""自營商買賣超股數"":""-73,360"",""自營商買進股數(自行買賣)"":""12,000"",""自營商賣出股數(自行買賣)"":""16,000"",""自營商買賣超股數(自行買賣)"":""-4,000"",""自營商買進股數(避險)"":""5,000"",""自營商賣出股數(避險)"":""74,360"",""自營商買賣超股數(避險)"":""-69,360"",""三大法人買賣超股數"":""-1,110,419""}"
2026-09-24,TWSE,1102,亞泥            ,4529362,5859171,-1329809,128000,7523,120477,98450,5130,95043,"{""證券代號"":""1102"",""證券名稱"":""亞泥            "",""外陸資買進股數(不含外資自營商)"":""4,529,362"",""外陸資賣出股數(不含外資自營商)"":""5,859,171"",""外陸資買賣超股數(不含外資自營商)"":""-1,329,809"",""外資自營商買進股數"":""0"",""外資自營商賣出股數"":""0"",""外資自營商買賣超股數"":""0"",""投信買進股數"":""128,000"",""投信賣出股數"":""7,523"",""投信買賣超股數"":""120,477"",""自營商買賣超股數"":""95,043"",""自營商買進股數(自行買賣)"":""3,000"",""自營商賣出股數(自行買賣)"":""1,277"",""自營商買賣超股數(自行買賣)"":""1,723"",""自營商買進股數(避險)"":""98,450"",""自營商賣出股數(避險)"":""5,130"",""自營商買賣超股數(避險)"":""93,320"",""三大法人買賣超股數"":""-1,114,289""}"
2026-09-24,TWSE,8422,可寧衛*         ,717670,1806000,-1088330,0,0,0,1000,0,-35000,"{""證券代號"":""8422"",""證券名稱"":""可寧衛*         "",""外陸資買進股數(不含外資自營商)"":""717,670"",""外陸資賣出股數(不含外資自營商)"":""1,806,000"",""外陸資買賣超股數(不含外資自營商)"":""-1,088,330"",""外資自營商買進股數"":""0"",""外資自營商賣出股數"":""0"",""外資自營商買賣超股數"":""0"",""投信買進股數"":""0"",""投信賣出股數"":""0"",""投信買賣超股數"":""0"",""自營商買賣超股數"":""-35,000"",""自營商買進股數(自行買賣)"":""0"",""自營商賣出股數(自行買賣)"":""36,000"",""自營商買賣超股數(自行買賣)"":""-36,000"",""自營商買進股數(避險)"":""1,000"",""自營商賣出股數(避險)"":""0"",""自營商買賣超股數(避險)"":""1,000"",""三大法人買賣超股數"":""-1,123,330""}"
2026-09-24,TWSE,00665L,富邦恒生國企正2 ,218000,1183000,-965000,0,0,0,1080080,1254826,-174746,"{""證券代號"":""00665L"",""證券名稱"":""富邦恒生國企正2 "",""外陸資買進股數(不含外資自營商)"":""218,000"",""外陸資賣出股數(不含外資自營商)"":""1,183,000"",""外陸資買賣超股數(不含外資自營商)"":""-965,000"",""外資自營商買進股數"":""0"",""外資自營商賣出股數"":""0"",""外資自營商買賣超股數"":""0"",""投信買進股數"":""0"",""投信賣出股數"":""0"",""投信買賣超股數"":""0"",""自營商買賣超股數"":""-174,746"",""自營商買進股數(自行買賣)"":""0"",""自營商賣出股數(自行買賣)"":""0"",""自營商買賣超股數(自行買賣)"":""0"",""自營商買進股數(避險)"":""1,080,080"",""自營商賣出股數(避險)"":""1,254,826"",""自營商買賣超股數(避險)"":""-174,746"",""三大法人買賣超股數"":""-1,139,746""}"
2026-09-24,TWSE,2388,威盛            ,226612,1411000,-1184388,40000,0,40000,24912,39354,-42358,"{""證券代號"":""2388"",""證券名稱"":""威盛            "",""外陸資買進股數(不含外資自營商)"":""226,612"",""外陸資賣出股數(不含外資自營商)"":""1,411,000"",""外陸資買賣超股數(不含外資自營商)"":""-1,184,388"",""外資自營商買進股數"":""0"",""外資自營商賣出股數"":""0"",""外資自營商買賣超股數"":""0"",""投信買進股數"":""40,000"",""投信賣出股數"":""0"",""投信買賣超股數"":""40,000"",""自營商買賣超股數"":""-42,358"",""自營商買進股數(自行買賣)"":""5,000"",""自營商賣出股數(自行買賣)"":""32,916"",""自營商買賣超股數(自行買賣)"":""-27,916"",""自營商買進股數(避險)"":""24,912"",""自營商賣出股數(避險)"":""39,354"",""自營商買賣超股數(避險)"":""-14,442"",""三大法人買賣超股數"":""-1,186,746""}"
2026-09-24,TWSE,00985B,群益ESG投等債0-5,917001,33000,884001,0,0,0,2818338,4947888,-2129550,"{""證券代號"":""00985B"",""證券名稱"":""群益ESG投等債0-5"",""外陸資買進股數(不含外資自營商)"":""917,001"",""外陸資賣出股數(不含外資自營商)"":""33,000"",""外陸資買賣超股數(不含外資自營商)"":""884,001"",""外資自營商買進股數"":""0"",""外資自營商賣出股數"":""0"",""外資自營商買賣超股數"":""0"",""投信買進股數"":""0"",""投信賣出股數"":""0"",""投信買賣超股數"":""0"",""自營商買賣超股數"":""-2,129,550"",""自營商買進股數(自行買賣)"":""0"",""自營商賣出股數(自行買賣)"":""0"",""自營商買賣超股數(自行買賣)"":""0"",""自營商買進股數(避險)"":""2,818,338"",""自營商賣出股數(避險)"":""4,947,888"",""自營商買賣超股數(避險)"":""-2,129,550"",""三大法人買賣超股數"":""-1,245,549""}"
2026-09-24,TWSE,2371,大同            ,1794676,2835184,-1040508,0,0,0,0,186363,-212363,"{""證券代號"":""2371"",""證券名稱"":""大同            "",""外陸資買進股數(不含外資自營商)"":""1,794,676"",""外陸資賣出股數(不含外資自營商)"":""2,835,184"",""外陸資買賣超股數(不含外資自營商)"":""-1,040,508"",""外資自營商買進股數"":""0"",""外資自營商賣出股數"":""0"",""外資自營商買賣超股數"":""0"",""投信買進股數"":""0"",""投信賣出股數"":""0"",""投信買賣超股數"":""0"",""自營商買賣超股數"":""-212,363"",""自營商買進股數(自行買賣)"":""26,000"",""自營商賣出股數(自行買賣)"":""52,000"",""自營商買賣超股數(自行買賣)"":""-26,000"",""自營商買進股數(避險)"":""0"",""自營商賣出股數(避險)"":""186,363"",""自營商買賣超股數(避險)"":""-186,363"",""三大法人買賣超股數"":""-1,252,871""}"
2026-09-24,TWSE,3645,達邁            ,728000,1986000,-1258000,0,0,0,35000,33735,1265,"{""證券代號"":""3645"",""證券名稱"":""達邁            "",""外陸資買進股數(不含外資自營商)"":""728,000"",""外陸資賣出股數(不含外資自營商)"":""1,986,000"",""外陸資買賣超股數(不含外資自營商)"":""-1,258,000"",""外資自營商買進股數"":""0"",""外資自營商賣出股數"":""0"",""外資自營商買賣超股數"":""0"",""投信買進股數"":""0"",""投信賣出股數"":""0"",""投信買賣超股數"":""0"",""自營商買賣超股數"":""1,265"",""自營商買進股數(自行買賣)"":""0"",""自營商賣出股數(自行買賣)"":""0"",""自營商買賣超股數(自行買賣)"":""0"",""自營商買進股數(避險)"":""35,000"",""自營商賣出股數(避險)"":""33,735"",""自營商買賣超股數(避險)"":""1,265"",""三大法人買賣超股數"":""-1,256,735""}"
2026-09-24,TWSE,2845,遠東銀          ,984000,1806000,-822000,730000,2000,728000,0,5000,-1284000,"{""證券代號"":""2845"",""證券名稱"":""遠東銀          "",""外陸資買進股數(不含外資自營商)"":""984,000"",""外陸資賣出股數(不含外資自營商)"":""1,806,000"",""外陸資買賣超股數(不含外資自營商)"":""-822,000"",""外資自營商買進股數"":""0"",""外資自營商賣出股數"":""0"",""外資自營商買賣超股數"":""0"",""投信買進股數"":""730,000"",""投信賣出股數"":""2,000"",""投信買賣超股數"":""728,000"",""自營商買賣超股數"":""-1,284,000"",""自營商買進股數(自行買賣)"":""0"",""自營商賣出股數(自行買賣)"":""1,279,000"",""自營商買賣超股數(自行買賣)"":""-1,279,000"",""自營商買進股數(避險)"":""0"",""自營商賣出股數(避險)"":""5,000"",""自營商買賣超股數(避險)"":""-5,000"",""三大法人買賣超股數"":""-1,378,000""}"
2026-09-24,TWSE,1605,華新            ,1785000,3096504,-1311504,0,0,0,14000,73146,-79146,"{""證券代號"":""1605"",""證券名稱"":""華新            "",""外陸資買進股數(不含外資自營商)"":""1,785,000"",""外陸資賣出股數(不含外資自營商)"":""3,096,504"",""外陸資買賣超股數(不含外資自營商)"":""-1,311,504"",""外資自營商買進股數"":""0"",""外資自營商賣出股數"":""0"",""外資自營商買賣超股數"":""0"",""投信買進股數"":""0"",""投信賣出股數"":""0"",""投信買賣超股數"":""0"",""自營商買賣超股數"":""-79,146"",""自營商買進股數(自行買賣)"":""0"",""自營商賣出股數(自行買賣)"":""20,000"",""自營商買賣超股數(自行買賣)"":""-20,000"",""自營商買進股數(避險)"":""14,000"",""自營商賣出股數(避險)"":""73,146"",""自營商買賣超股數(避險)"":""-59,146"",""三大法人買賣超股數"":""-1,390,650""}"
2026-09-24,TWSE,2332,友訊            ,1450040,2734160,-1284120,0,0,0,1000,854,-170854,"{""證券代號"":""2332"",""證券名稱"":""友訊            "",""外陸資買進股數(不含外資自營商)"":""1,450,040"",""外陸資賣出股數(不含外資自營商)"":""2,734,160"",""外陸資買賣超股數(不含外資自營商)"":""-1,284,120"",""外資自營商買進股數"":""0"",""外資自營商賣出股數"":""0"",""外資自營商買賣超股數"":""0"",""投信買進股數"":""0"",""投信賣出股數"":""0"",""投信買賣超股數"":""0"",""自營商買賣超股數"":""-170,854"",""自營商買進股數(自行買賣)"":""7,000"",""自營商賣出股數(自行買賣)"":""178,000"",""自營商買賣超股數(自行買賣)"":""-171,000"",""自營商買進股數(避險)"":""1,000"",""自營商賣出股數(避險)"":""854"",""自營商買賣超股數(避險)"":""146"",""三大法人買賣超股數"":""-1,454,974""}"
2026-09-24,TWSE,1722,台肥            ,221000,1730048,-1509048,0,0,0,0,0,-1000,"{""證券代號"":""1722"",""證券名稱"":""台肥            "",""外陸資買進股數(不含外資自營商)"":""221,000"",""外陸資賣出股數(不含外資自營商)"":""1,730,048"",""外陸資買賣超股數(不含外資自營商)"":""-1,509,048"",""外資自營商買進股數"":""0"",""外資自營商賣出股數"":""0"",""外資自營商買賣超股數"":""0"",""投信買進股數"":""0"",""投信賣出股數"":""0"",""投信買賣超股數"":""0"",""自營商買賣超股數"":""-1,000"",""自營商買進股數(自行買賣)"":""22,000"",""自營商賣出股數(自行買賣)"":""23,000"",""自營商買賣超股數(自行買賣)"":""-1,000"",""自營商買進股數(避險)"":""0"",""自營商賣出股數(避險)"":""0"",""自營商買賣超股數(避險)"":""0"",""三大法人買賣超股數"":""-1,510,048""}"
2026-09-24,TWSE,6205,詮欣            ,1568046,3101000,-1532954,0,0,0,37000,36551,449,"{""證券代號"":""6205"",""證券名稱"":""詮欣            "",""外陸資買進股數(不含外資自營商)"":""1,568,046"",""外陸資賣出股數(不含外資自營商)"":""3,101,000"",""外陸資買賣超股數(不含外資自營商)"":""-1,532,954"",""外資自營商買進股數"":""0"",""外資自營商賣出股數"":""0"",""外資自營商買賣超股數"":""0"",""投信買進股數"":""0"",""投信賣出股數"":""0"",""投信買賣超股數"":""0"",""自營商買賣超股數"":""449"",""自營商買進股數(自行買賣)"":""0"",""自營商賣出股數(自行買賣)"":""0"",""自營商買賣超股數(自行買賣)"":""0"",""自營商買進股數(避險)"":""37,000"",""自營商賣出股數(避險)"":""36,551"",""自營商買賣超股數(避險)"":""449"",""三大法人買賣超股數"":""-1,532,505""}"
2026-09-24,TWSE,2897,王道銀行        ,247124,1748487,-1501363,0,0,0,0,0,-33000,"{""證券代號"":""2897"",""證券名稱"":""王道銀行        "",""外陸資買進股數(不含外資自營商)"":""247,124"",""外陸資賣出股數(不含外資自營商)"":""1,748,487"",""外陸資買賣超股數(不含外資自營商)"":""-1,501,363"",""外資自營商買進股數"":""0"",""外資自營商賣出股數"":""0"",""外資自營商買賣超股數"":""0"",""投信買進股數"":""0"",""投信賣出股數"":""0"",""投信買賣超股數"":""0"",""自營商買賣超股數"":""-33,000"",""自營商買進股數(自行買賣)"":""0"",""自營商賣出股數(自行買賣)"":""33,000"",""自營商買賣超股數(自行買賣)"":""-33,000"",""自營商買進股數(避險)"":""0"",""自營商賣出股數(避險)"":""0"",""自營商買賣超股數(避險)"":""0"",""三大法人買賣超股數"":""-1,534,363""}"
2026-09-24,TWSE,3006,晶豪科          ,1597017,3146993,-1549976,0,20000,-20000,111101,126174,34310,"{""證券代號"":""3006"",""證券名稱"":""晶豪科          "",""外陸資買進股數(不含外資自營商)"":""1,597,017"",""外陸資賣出股數(不含外資自營商)"":""3,146,993"",""外陸資買賣超股數(不含外資自營商)"":""-1,549,976"",""外資自營商買進股數"":""0"",""外資自營商賣出股數"":""0"",""外資自營商買賣超股數"":""0"",""投信買進股數"":""0"",""投信賣出股數"":""20,000"",""投信買賣超股數"":""-20,000"",""自營商買賣超股數"":""34,310"",""自營商買進股數(自行買賣)"":""77,101"",""自營商賣出股數(自行買賣)"":""27,718"",""自營商買賣超股數(自行買賣)"":""49,383"",""自營商買進股數(避險)"":""111,101"",""自營商賣出股數(避險)"":""126,174"",""自營商買賣超股數(避險)"":""-15,073"",""三大法人買賣超股數"":""-1,535,666""}"
2026-09-24,TWSE,2313,華通            ,1705220,3124350,-1419130,2000,0,2000,35485,67663,-128178,"{""證券代號"":""2313"",""證券名稱"":""華通            "",""外陸資買進股數(不含外資自營商)"":""1,705,220"",""外陸資賣出股數(不含外資自營商)"":""3,124,350"",""外陸資買賣超股數(不含外資自營商)"":""-1,419,130"",""外資自營商買進股數"":""0"",""外資自營商賣出股數"":""0"",""外資自營商買賣超股數"":""0"",""投信買進股數"":""2,000"",""投信賣出股數"":""0"",""投信買賣超股數"":""2,000"",""自營商買賣超股數"":""-128,178"",""自營商買進股數(自行買賣)"":""6,000"",""自營商賣出股數(自行買賣)"":""102,000"",""自營商買賣超股數(自行買賣)"":""-96,000"",""自營商買進股數(避險)"":""35,485"",""自營商賣出股數(避險)"":""67,663"",""自營商買賣超股數(避險)"":""-32,178"",""三大法人買賣超股數"":""-1,545,308""}"
2026-09-24,TWSE,5871,中租-KY         ,2540739,4276733,-1735994,31000,28491,2509,81999,4001,77834,"{""證券代號"":""5871"",""證券名稱"":""中租-KY         "",""外陸資買進股數(不含外資自營商)"":""2,540,739"",""外陸資賣出股數(不含外資自營商)"":""4,276,733"",""外陸資買賣超股數(不含外資自營商)"":""-1,735,994"",""外資自營商買進股數"":""0"",""外資自營商賣出股數"":""0"",""外資自營商買賣超股數"":""0"",""投信買進股數"":""31,000"",""投信賣出股數"":""28,491"",""投信買賣超股數"":""2,509"",""自營商買賣超股數"":""77,834"",""自營商買進股數(自行買賣)"":""2,000"",""自營商賣出股數(自行買賣)"":""2,164"",""自營商買賣超股數(自行買賣)"":""-164"",""自營商買進股數(避險)"":""81,999"",""自營商賣出股數(避險)"":""4,001"",""自營商買賣超股數(避險)"":""77,998"",""三大法人買賣超股數"":""-1,655,651""}"
2026-09-24,TWSE,3717,聯嘉投控        ,2060457,3720000,-1659543,0,0,0,21000,21292,-5292,"{""證券代號"":""3717"",""證券名稱"":""聯嘉投控        "",""外陸資買進股數(不含外資自營商)"":""2,060,457"",""外陸資賣出股數(不含外資自營商)"":""3,720,000"",""外陸資買賣超股數(不含外資自營商)"":""-1,659,543"",""外資自營商買進股數"":""0"",""外資自營商賣出股數"":""0"",""外資自營商買賣超股數"":""0"",""投信買進股數"":""0"",""投信賣出股數"":""0"",""投信買賣超股數"":""0"",""自營商買賣超股數"":""-5,292"",""自營商買進股數(自行買賣)"":""20,000"",""自營商賣出股數(自行買賣)"":""25,000"",""自營商買賣超股數(自行買賣)"":""-5,000"",""自營商買進股數(避險)"":""21,000"",""自營商賣出股數(避險)"":""21,292"",""自營商買賣超股數(避險)"":""-292"",""三大法人買賣超股數"":""-1,664,835""}"
2026-09-24,TWSE,00635U,期元大S&P黃金   ,11000,74000,-63000,0,0,0,131000,1807924,-1662924,"{""證券代號"":""00635U"",""證券名稱"":""期元大S&P黃金   "",""外陸資買進股數(不含外資自營商)"":""11,000"",""外陸資賣出股數(不含外資自營商)"":""74,000"",""外陸資買賣超股數(不含外資自營商)"":""-63,000"",""外資自營商買進股數"":""0"",""外資自營商賣出股數"":""0"",""外資自營商買賣超股數"":""0"",""投信買進股數"":""0"",""投信賣出股數"":""0"",""投信買賣超股數"":""0"",""自營商買賣超股數"":""-1,662,924"",""自營商買進股數(自行買賣)"":""14,000"",""自營商賣出股數(自行買賣)"":""0"",""自營商買賣超股數(自行買賣)"":""14,000"",""自營商買進股數(避險)"":""131,000"",""自營商賣出股數(避險)"":""1,807,924"",""自營商買賣超股數(避險)"":""-1,676,924"",""三大法人買賣超股數"":""-1,725,924""}"
2026-09-24,TWSE,00738U,期元大道瓊白銀  ,24518,190000,-165482,0,0,0,133000,1697343,-1564343,"{""證券代號"":""00738U"",""證券名稱"":""期元大道瓊白銀  "",""外陸資買進股數(不含外資自營商)"":""24,518"",""外陸資賣出股數(不含外資自營商)"":""190,000"",""外陸資買賣超股數(不含外資自營商)"":""-165,482"",""外資自營商買進股數"":""0"",""外資自營商賣出股數"":""0"",""外資自營商買賣超股數"":""0"",""投信買進股數"":""0"",""投信賣出股數"":""0"",""投信買賣超股數"":""0"",""自營商買賣超股數"":""-1,564,343"",""自營商買進股數(自行買賣)"":""0"",""自營商賣出股數(自行買賣)"":""0"",""自營商買賣超股數(自行買賣)"":""0"",""自營商買進股數(避險)"":""133,000"",""自營商賣出股數(避險)"":""1,697,343"",""自營商買賣超股數(避險)"":""-1,564,343"",""三大法人買賣超股數"":""-1,729,825""}"
2026-09-24,TWSE,2368,金像電          ,4025539,6669336,-2643797,880000,220001,659999,289644,327250,203936,"{""證券代號"":""2368"",""證券名稱"":""金像電          "",""外陸資買進股數(不含外資自營商)"":""4,025,539"",""外陸資賣出股數(不含外資自營商)"":""6,669,336"",""外陸資買賣超股數(不含外資自營商)"":""-2,643,797"",""外資自營商買進股數"":""0"",""外資自營商賣出股數"":""0"",""外資自營商買賣超股數"":""0"",""投信買進股數"":""880,000"",""投信賣出股數"":""220,001"",""投信買賣超股數"":""659,999"",""自營商買賣超股數"":""203,936"",""自營商買進股數(自行買賣)"":""322,262"",""自營商賣出股數(自行買賣)"":""80,720"",""自營商買賣超股數(自行買賣)"":""241,542"",""自營商買進股數(避險)"":""289,644"",""自營商賣出股數(避險)"":""327,250"",""自營商買賣超股數(避險)"":""-37,606"",""三大法人買賣超股數"":""-1,779,862""}"
2026-09-24,TWSE,00633L,富邦上証正2     ,157000,97000,60000,0,0,0,145000,1999615,-1854615,"{""證券代號"":""00633L"",""證券名稱"":""富邦上証正2     "",""外陸資買進股數(不含外資自營商)"":""157,000"",""外陸資賣出股數(不含外資自營商)"":""97,000"",""外陸資買賣超股數(不含外資自營商)"":""60,000"",""外資自營商買進股數"":""0"",""外資自營商賣出股數"":""0"",""外資自營商買賣超股數"":""0"",""投信買進股數"":""0"",""投信賣出股數"":""0"",""投信買賣超股數"":""0"",""自營商買賣超股數"":""-1,854,615"",""自營商買進股數(自行買賣)"":""0"",""自營商賣出股數(自行買賣)"":""0"",""自營商買賣超股數(自行買賣)"":""0"",""自營商買進股數(避險)"":""145,000"",""自營商賣出股數(避險)"":""1,999,615"",""自營商買賣超股數(避險)"":""-1,854,615"",""三大法人買賣超股數"":""-1,794,615""}"
2026-09-24,TWSE,2481,強茂            ,9710233,11334775,-1624542,0,0,0,361542,156144,-173602,"{""證券代號"":""2481"",""證券名稱"":""強茂            "",""外陸資買進股數(不含外資自營商)"":""9,710,233"",""外陸資賣出股數(不含外資自營商)"":""11,334,775"",""外陸資買賣超股數(不含外資自營商)"":""-1,624,542"",""外資自營商買進股數"":""0"",""外資自營商賣出股數"":""0"",""外資自營商買賣超股數"":""0"",""投信買進股數"":""0"",""投信賣出股數"":""0"",""投信買賣超股數"":""0"",""自營商買賣超股數"":""-173,602"",""自營商買進股數(自行買賣)"":""117,000"",""自營商賣出股數(自行買賣)"":""496,000"",""自營商買賣超股數(自行買賣)"":""-379,000"",""自營商買進股數(避險)"":""361,542"",""自營商賣出股數(避險)"":""156,144"",""自營商買賣超股數(避險)"":""205,398"",""三大法人買賣超股數"":""-1,798,144""}"
2026-09-24,TWSE,4919,新唐            ,3386633,5381192,-1994559,20000,0,20000,153651,191210,109441,"{""證券代號"":""4919"",""證券名稱"":""新唐            "",""外陸資買進股數(不含外資自營商)"":""3,386,633"",""外陸資賣出股數(不含外資自營商)"":""5,381,192"",""外陸資買賣超股數(不含外資自營商)"":""-1,994,559"",""外資自營商買進股數"":""0"",""外資自營商賣出股數"":""0"",""外資自營商買賣超股數"":""0"",""投信買進股數"":""20,000"",""投信賣出股數"":""0"",""投信買賣超股數"":""20,000"",""自營商買賣超股數"":""109,441"",""自營商買進股數(自行買賣)"":""303,000"",""自營商賣出股數(自行買賣)"":""156,000"",""自營商買賣超股數(自行買賣)"":""147,000"",""自營商買進股數(避險)"":""153,651"",""自營商賣出股數(避險)"":""191,210"",""自營商買賣超股數(避險)"":""-37,559"",""三大法人買賣超股數"":""-1,865,118""}"
2026-09-24,TWSE,4763,材料*-KY        ,877000,2666922,-1789922,1000,0,1000,15000,154051,-138051,"{""證券代號"":""4763"",""證券名稱"":""材料*-KY        "",""外陸資買進股數(不含外資自營商)"":""877,000"",""外陸資賣出股數(不含外資自營商)"":""2,666,922"",""外陸資買賣超股數(不含外資自營商)"":""-1,789,922"",""外資自營商買進股數"":""0"",""外資自營商賣出股數"":""0"",""外資自營商買賣超股數"":""0"",""投信買進股數"":""1,000"",""投信賣出股數"":""0"",""投信買賣超股數"":""1,000"",""自營商買賣超股數"":""-138,051"",""自營商買進股數(自行買賣)"":""1,000"",""自營商賣出股數(自行買賣)"":""0"",""自營商買賣超股數(自行買賣)"":""1,000"",""自營商買進股數(避險)"":""15,000"",""自營商賣出股數(避險)"":""154,051"",""自營商買賣超股數(避險)"":""-139,051"",""三大法人買賣超股數"":""-1,926,973""}"
2026-09-24,TWSE,2464,盟立            ,2959311,5017200,-2057889,0,0,0,102071,82675,6346,"{""證券代號"":""2464"",""證券名稱"":""盟立            "",""外陸資買進股數(不含外資自營商)"":""2,959,311"",""外陸資賣出股數(不含外資自營商)"":""5,017,200"",""外陸資買賣超股數(不含外資自營商)"":""-2,057,889"",""外資自營商買進股數"":""0"",""外資自營商賣出股數"":""0"",""外資自營商買賣超股數"":""0"",""投信買進股數"":""0"",""投信賣出股數"":""0"",""投信買賣超股數"":""0"",""自營商買賣超股數"":""6,346"",""自營商買進股數(自行買賣)"":""0"",""自營商賣出股數(自行買賣)"":""13,050"",""自營商買賣超股數(自行買賣)"":""-13,050"",""自營商買進股數(避險)"":""102,071"",""自營商賣出股數(避險)"":""82,675"",""自營商買賣超股數(避險)"":""19,396"",""三大法人買賣超股數"":""-2,051,543""}"
2026-09-24,TWSE,2883,凱基金          ,11044009,13723297,-2679288,59000,100000,-41000,679810,39438,640525,"{""證券代號"":""2883"",""證券名稱"":""凱基金          "",""外陸資買進股數(不含外資自營商)"":""11,044,009"",""外陸資賣出股數(不含外資自營商)"":""13,723,297"",""外陸資買賣超股數(不含外資自營商)"":""-2,679,288"",""外資自營商買進股數"":""0"",""外資自營商賣出股數"":""0"",""外資自營商買賣超股數"":""0"",""投信買進股數"":""59,000"",""投信賣出股數"":""100,000"",""投信買賣超股數"":""-41,000"",""自營商買賣超股數"":""640,525"",""自營商買進股數(自行買賣)"":""4,000"",""自營商賣出股數(自行買賣)"":""3,847"",""自營商買賣超股數(自行買賣)"":""153"",""自營商買進股數(避險)"":""679,810"",""自營商賣出股數(避險)"":""39,438"",""自營商買賣超股數(避險)"":""640,372"",""三大法人買賣超股數"":""-2,079,763""}"
2026-09-24,TWSE,2426,鼎元            ,7012952,9097698,-2084746,0,0,0,65929,79624,-15695,"{""證券代號"":""2426"",""證券名稱"":""鼎元            "",""外陸資買進股數(不含外資自營商)"":""7,012,952"",""外陸資賣出股數(不含外資自營商)"":""9,097,698"",""外陸資買賣超股數(不含外資自營商)"":""-2,084,746"",""外資自營商買進股數"":""0"",""外資自營商賣出股數"":""0"",""外資自營商買賣超股數"":""0"",""投信買進股數"":""0"",""投信賣出股數"":""0"",""投信買賣超股數"":""0"",""自營商買賣超股數"":""-15,695"",""自營商買進股數(自行買賣)"":""2,000"",""自營商賣出股數(自行買賣)"":""4,000"",""自營商買賣超股數(自行買賣)"":""-2,000"",""自營商買進股數(避險)"":""65,929"",""自營商賣出股數(避險)"":""79,624"",""自營商買賣超股數(避險)"":""-13,695"",""三大法人買賣超股數"":""-2,100,441""}"
2026-09-24,TWSE,2363,矽統            ,1174786,3221975,-2047189,20000,0,20000,14202,144687,-133485,"{""證券代號"":""2363"",""證券名稱"":""矽統            "",""外陸資買進股數(不含外資自營商)"":""1,174,786"",""外陸資賣出股數(不含外資自營商)"":""3,221,975"",""外陸資買賣超股數(不含外資自營商)"":""-2,047,189"",""外資自營商買進股數"":""0"",""外資自營商賣出股數"":""0"",""外資自營商買賣超股數"":""0"",""投信買進股數"":""20,000"",""投信賣出股數"":""0"",""投信買賣超股數"":""20,000"",""自營商買賣超股數"":""-133,485"",""自營商買進股數(自行買賣)"":""0"",""自營商賣出股數(自行買賣)"":""3,000"",""自營商買賣超股數(自行買賣)"":""-3,000"",""自營商買進股數(避險)"":""14,202"",""自營商賣出股數(避險)"":""144,687"",""自營商買賣超股數(避險)"":""-130,485"",""三大法人買賣超股數"":""-2,160,674""}"
2026-09-24,TWSE,1216,統一            ,1334814,3894790,-2559976,128000,25000,103000,383200,2000,262906,"{""證券代號"":""1216"",""證券名稱"":""統一            "",""外陸資買進股數(不含外資自營商)"":""1,334,814"",""外陸資賣出股數(不含外資自營商)"":""3,894,790"",""外陸資買賣超股數(不含外資自營商)"":""-2,559,976"",""外資自營商買進股數"":""0"",""外資自營商賣出股數"":""0"",""外資自營商買賣超股數"":""0"",""投信買進股數"":""128,000"",""投信賣出股數"":""25,000"",""投信買賣超股數"":""103,000"",""自營商買賣超股數"":""262,906"",""自營商買進股數(自行買賣)"":""32,000"",""自營商賣出股數(自行買賣)"":""150,294"",""自營商買賣超股數(自行買賣)"":""-118,294"",""自營商買進股數(避險)"":""383,200"",""自營商賣出股數(避險)"":""2,000"",""自營商買賣超股數(避險)"":""381,200"",""三大法人買賣超股數"":""-2,194,070""}"
2026-09-24,TWSE,2633,台灣高鐵        ,443100,3154111,-2711011,466000,0,466000,0,0,0,"{""證券代號"":""2633"",""證券名稱"":""台灣高鐵        "",""外陸資買進股數(不含外資自營商)"":""443,100"",""外陸資賣出股數(不含外資自營商)"":""3,154,111"",""外陸資買賣超股數(不含外資自營商)"":""-2,711,011"",""外資自營商買進股數"":""0"",""外資自營商賣出股數"":""0"",""外資自營商買賣超股數"":""0"",""投信買進股數"":""466,000"",""投信賣出股數"":""0"",""投信買賣超股數"":""466,000"",""自營商買賣超股數"":""0"",""自營商買進股數(自行買賣)"":""0"",""自營商賣出股數(自行買賣)"":""0"",""自營商買賣超股數(自行買賣)"":""0"",""自營商買進股數(避險)"":""0"",""自營商賣出股數(避險)"":""0"",""自營商買賣超股數(避險)"":""0"",""三大法人買賣超股數"":""-2,245,011""}"
2026-09-24,TWSE,2891,中信金          ,9998558,14927845,-4929287,2156000,388000,1768000,696640,3811,909673,"{""證券代號"":""2891"",""證券名稱"":""中信金          "",""外陸資買進股數(不含外資自營商)"":""9,998,558"",""外陸資賣出股數(不含外資自營商)"":""14,927,845"",""外陸資買賣超股數(不含外資自營商)"":""-4,929,287"",""外資自營商買進股數"":""0"",""外資自營商賣出股數"":""0"",""外資自營商買賣超股數"":""0"",""投信買進股數"":""2,156,000"",""投信賣出股數"":""388,000"",""投信買賣超股數"":""1,768,000"",""自營商買賣超股數"":""909,673"",""自營商買進股數(自行買賣)"":""287,000"",""自營商賣出股數(自行買賣)"":""70,156"",""自營商買賣超股數(自行買賣)"":""216,844"",""自營商買進股數(避險)"":""696,640"",""自營商賣出股數(避險)"":""3,811"",""自營商買賣超股數(避險)"":""692,829"",""三大法人買賣超股數"":""-2,251,614""}"
2026-09-24,TWSE,2605,新興            ,1965000,4080337,-2115337,0,0,0,15780,34953,-142437,"{""證券代號"":""2605"",""證券名稱"":""新興            "",""外陸資買進股數(不含外資自營商)"":""1,965,000"",""外陸資賣出股數(不含外資自營商)"":""4,080,337"",""外陸資買賣超股數(不含外資自營商)"":""-2,115,337"",""外資自營商買進股數"":""0"",""外資自營商賣出股數"":""0"",""外資自營商買賣超股數"":""0"",""投信買進股數"":""0"",""投信賣出股數"":""0"",""投信買賣超股數"":""0"",""自營商買賣超股數"":""-142,437"",""自營商買進股數(自行買賣)"":""50,000"",""自營商賣出股數(自行買賣)"":""173,264"",""自營商買賣超股數(自行買賣)"":""-123,264"",""自營商買進股數(避險)"":""15,780"",""自營商賣出股數(避險)"":""34,953"",""自營商買賣超股數(避險)"":""-19,173"",""三大法人買賣超股數"":""-2,257,774""}"
2026-09-24,TWSE,2489,瑞軒            ,3853262,5383655,-1530393,0,0,0,72942,169613,-748983,"{""證券代號"":""2489"",""證券名稱"":""瑞軒            "",""外陸資買進股數(不含外資自營商)"":""3,853,262"",""外陸資賣出股數(不含外資自營商)"":""5,383,655"",""外陸資買賣超股數(不含外資自營商)"":""-1,530,393"",""外資自營商買進股數"":""0"",""外資自營商賣出股數"":""0"",""外資自營商買賣超股數"":""0"",""投信買進股數"":""0"",""投信賣出股數"":""0"",""投信買賣超股數"":""0"",""自營商買賣超股數"":""-748,983"",""自營商買進股數(自行買賣)"":""13,000"",""自營商賣出股數(自行買賣)"":""665,312"",""自營商買賣超股數(自行買賣)"":""-652,312"",""自營商買進股數(避險)"":""72,942"",""自營商賣出股數(避險)"":""169,613"",""自營商買賣超股數(避險)"":""-96,671"",""三大法人買賣超股數"":""-2,279,376""}"
2026-09-24,TWSE,00708L,期元大S&P黃金正2,168000,140000,28000,0,0,0,270000,2797346,-2527346,"{""證券代號"":""00708L"",""證券名稱"":""期元大S&P黃金正2"",""外陸資買進股數(不含外資自營商)"":""168,000"",""外陸資賣出股數(不含外資自營商)"":""140,000"",""外陸資買賣超股數(不含外資自營商)"":""28,000"",""外資自營商買進股數"":""0"",""外資自營商賣出股數"":""0"",""外資自營商買賣超股數"":""0"",""投信買進股數"":""0"",""投信賣出股數"":""0"",""投信買賣超股數"":""0"",""自營商買賣超股數"":""-2,527,346"",""自營商買進股數(自行買賣)"":""0"",""自營商賣出股數(自行買賣)"":""0"",""自營商買賣超股數(自行買賣)"":""0"",""自營商買進股數(避險)"":""270,000"",""自營商賣出股數(避險)"":""2,797,346"",""自營商買賣超股數(避險)"":""-2,527,346"",""三大法人買賣超股數"":""-2,499,346""}"
2026-09-24,TWSE,2882,國泰金          ,5118354,8469492,-3351138,1761000,157000,1604000,284415,1182117,-780203,"{""證券代號"":""2882"",""證券名稱"":""國泰金          "",""外陸資買進股數(不含外資自營商)"":""5,118,354"",""外陸資賣出股數(不含外資自營商)"":""8,469,492"",""外陸資買賣超股數(不含外資自營商)"":""-3,351,138"",""外資自營商買進股數"":""0"",""外資自營商賣出股數"":""0"",""外資自營商買賣超股數"":""0"",""投信買進股數"":""1,761,000"",""投信賣出股數"":""157,000"",""投信買賣超股數"":""1,604,000"",""自營商買賣超股數"":""-780,203"",""自營商買進股數(自行買賣)"":""119,000"",""自營商賣出股數(自行買賣)"":""1,501"",""自營商買賣超股數(自行買賣)"":""117,499"",""自營商買進股數(避險)"":""284,415"",""自營商賣出股數(避險)"":""1,182,117"",""自營商買賣超股數(避險)"":""-897,702"",""三大法人買賣超股數"":""-2,527,341""}"
2026-09-24,TWSE,2382,廣達            ,4904908,8558499,-3653591,783000,21000,762000,170535,3663,148968,"{""證券代號"":""2382"",""證券名稱"":""廣達            "",""外陸資買進股數(不含外資自營商)"":""4,904,908"",""外陸資賣出股數(不含外資自營商)"":""8,558,499"",""外陸資買賣超股數(不含外資自營商)"":""-3,653,591"",""外資自營商買進股數"":""0"",""外資自營商賣出股數"":""0"",""外資自營商買賣超股數"":""0"",""投信買進股數"":""783,000"",""投信賣出股數"":""21,000"",""投信買賣超股數"":""762,000"",""自營商買賣超股數"":""148,968"",""自營商買進股數(自行買賣)"":""25,000"",""自營商賣出股數(自行買賣)"":""42,904"",""自營商買賣超股數(自行買賣)"":""-17,904"",""自營商買進股數(避險)"":""170,535"",""自營商賣出股數(避險)"":""3,663"",""自營商買賣超股數(避險)"":""166,872"",""三大法人買賣超股數"":""-2,742,623""}"
2026-09-24,TWSE,3094,聯傑            ,3999059,6868571,-2869512,0,0,0,0,0,-10000,"{""證券代號"":""3094"",""證券名稱"":""聯傑            "",""外陸資買進股數(不含外資自營商)"":""3,999,059"",""外陸資賣出股數(不含外資自營商)"":""6,868,571"",""外陸資買賣超股數(不含外資自營商)"":""-2,869,512"",""外資自營商買進股數"":""0"",""外資自營商賣出股數"":""0"",""外資自營商買賣超股數"":""0"",""投信買進股數"":""0"",""投信賣出股數"":""0"",""投信買賣超股數"":""0"",""自營商買賣超股數"":""-10,000"",""自營商買進股數(自行買賣)"":""6,000"",""自營商賣出股數(自行買賣)"":""16,000"",""自營商買賣超股數(自行買賣)"":""-10,000"",""自營商買進股數(避險)"":""0"",""自營商賣出股數(避險)"":""0"",""自營商買賣超股數(避險)"":""0"",""三大法人買賣超股數"":""-2,879,512""}"
2026-09-24,TWSE,2887,台新新光金      ,11232683,14996279,-3763596,0,168000,-168000,882257,48214,1009483,"{""證券代號"":""2887"",""證券名稱"":""台新新光金      "",""外陸資買進股數(不含外資自營商)"":""11,232,683"",""外陸資賣出股數(不含外資自營商)"":""14,996,279"",""外陸資買賣超股數(不含外資自營商)"":""-3,763,596"",""外資自營商買進股數"":""0"",""外資自營商賣出股數"":""0"",""外資自營商買賣超股數"":""0"",""投信買進股數"":""0"",""投信賣出股數"":""168,000"",""投信買賣超股數"":""-168,000"",""自營商買賣超股數"":""1,009,483"",""自營商買進股數(自行買賣)"":""267,000"",""自營商賣出股數(自行買賣)"":""91,560"",""自營商買賣超股數(自行買賣)"":""175,440"",""自營商買進股數(避險)"":""882,257"",""自營商賣出股數(避險)"":""48,214"",""自營商買賣超股數(避險)"":""834,043"",""三大法人買賣超股數"":""-2,922,113""}"
2026-09-24,TWSE,6443,元晶            ,2498000,5530400,-3032400,0,0,0,0,0,-156,"{""證券代號"":""6443"",""證券名稱"":""元晶            "",""外陸資買進股數(不含外資自營商)"":""2,498,000"",""外陸資賣出股數(不含外資自營商)"":""5,530,400"",""外陸資買賣超股數(不含外資自營商)"":""-3,032,400"",""外資自營商買進股數"":""0"",""外資自營商賣出股數"":""0"",""外資自營商買賣超股數"":""0"",""投信買進股數"":""0"",""投信賣出股數"":""0"",""投信買賣超股數"":""0"",""自營商買賣超股數"":""-156"",""自營商買進股數(自行買賣)"":""422"",""自營商賣出股數(自行買賣)"":""578"",""自營商買賣超股數(自行買賣)"":""-156"",""自營商買進股數(避險)"":""0"",""自營商賣出股數(避險)"":""0"",""自營商買賣超股數(避險)"":""0"",""三大法人買賣超股數"":""-3,032,556""}"
2026-09-24,TWSE,2104,國際中橡        ,1864020,4948000,-3083980,0,0,0,0,290,35309,"{""證券代號"":""2104"",""證券名稱"":""國際中橡        "",""外陸資買進股數(不含外資自營商)"":""1,864,020"",""外陸資賣出股數(不含外資自營商)"":""4,948,000"",""外陸資買賣超股數(不含外資自營商)"":""-3,083,980"",""外資自營商買進股數"":""0"",""外資自營商賣出股數"":""0"",""外資自營商買賣超股數"":""0"",""投信買進股數"":""0"",""投信賣出股數"":""0"",""投信買賣超股數"":""0"",""自營商買賣超股數"":""35,309"",""自營商買進股數(自行買賣)"":""36,000"",""自營商賣出股數(自行買賣)"":""401"",""自營商買賣超股數(自行買賣)"":""35,599"",""自營商買進股數(避險)"":""0"",""自營商賣出股數(避險)"":""290"",""自營商買賣超股數(避險)"":""-290"",""三大法人買賣超股數"":""-3,048,671""}"
2026-09-24,TWSE,009821,野村稀土關鍵資源,8000,160000,-152000,0,0,0,0,2967979,-2967979,"{""證券代號"":""009821"",""證券名稱"":""野村稀土關鍵資源"",""外陸資買進股數(不含外資自營商)"":""8,000"",""外陸資賣出股數(不含外資自營商)"":""160,000"",""外陸資買賣超股數(不含外資自營商)"":""-152,000"",""外資自營商買進股數"":""0"",""外資自營商賣出股數"":""0"",""外資自營商買賣超股數"":""0"",""投信買進股數"":""0"",""投信賣出股數"":""0"",""投信買賣超股數"":""0"",""自營商買賣超股數"":""-2,967,979"",""自營商買進股數(自行買賣)"":""0"",""自營商賣出股數(自行買賣)"":""0"",""自營商買賣超股數(自行買賣)"":""0"",""自營商買進股數(避險)"":""0"",""自營商賣出股數(避險)"":""2,967,979"",""自營商買賣超股數(避險)"":""-2,967,979"",""三大法人買賣超股數"":""-3,119,979""}"
2026-09-24,TWSE,2881,富邦金          ,3572010,6511416,-2939406,48000,374000,-326000,183242,61048,130196,"{""證券代號"":""2881"",""證券名稱"":""富邦金          "",""外陸資買進股數(不含外資自營商)"":""3,572,010"",""外陸資賣出股數(不含外資自營商)"":""6,511,416"",""外陸資買賣超股數(不含外資自營商)"":""-2,939,406"",""外資自營商買進股數"":""0"",""外資自營商賣出股數"":""0"",""外資自營商買賣超股數"":""0"",""投信買進股數"":""48,000"",""投信賣出股數"":""374,000"",""投信買賣超股數"":""-326,000"",""自營商買賣超股數"":""130,196"",""自營商買進股數(自行買賣)"":""10,000"",""自營商賣出股數(自行買賣)"":""1,998"",""自營商買賣超股數(自行買賣)"":""8,002"",""自營商買進股數(避險)"":""183,242"",""自營商賣出股數(避險)"":""61,048"",""自營商買賣超股數(避險)"":""122,194"",""三大法人買賣超股數"":""-3,135,210""}"
2026-09-24,TWSE,009829,大華韓國KOSPI50 ,91300,3538000,-3446700,0,0,0,2333000,2075057,287943,"{""證券代號"":""009829"",""證券名稱"":""大華韓國KOSPI50 "",""外陸資買進股數(不含外資自營商)"":""91,300"",""外陸資賣出股數(不含外資自營商)"":""3,538,000"",""外陸資買賣超股數(不含外資自營商)"":""-3,446,700"",""外資自營商買進股數"":""0"",""外資自營商賣出股數"":""0"",""外資自營商買賣超股數"":""0"",""投信買進股數"":""0"",""投信賣出股數"":""0"",""投信買賣超股數"":""0"",""自營商買賣超股數"":""287,943"",""自營商買進股數(自行買賣)"":""30,000"",""自營商賣出股數(自行買賣)"":""0"",""自營商買賣超股數(自行買賣)"":""30,000"",""自營商買進股數(避險)"":""2,333,000"",""自營商賣出股數(避險)"":""2,075,057"",""自營商買賣超股數(避險)"":""257,943"",""三大法人買賣超股數"":""-3,158,757""}"
2026-09-24,TWSE,2885,元大金          ,7022419,8525099,-1502680,88000,2086000,-1998000,345621,2305,335524,"{""證券代號"":""2885"",""證券名稱"":""元大金          "",""外陸資買進股數(不含外資自營商)"":""7,022,419"",""外陸資賣出股數(不含外資自營商)"":""8,525,099"",""外陸資買賣超股數(不含外資自營商)"":""-1,502,680"",""外資自營商買進股數"":""0"",""外資自營商賣出股數"":""0"",""外資自營商買賣超股數"":""0"",""投信買進股數"":""88,000"",""投信賣出股數"":""2,086,000"",""投信買賣超股數"":""-1,998,000"",""自營商買賣超股數"":""335,524"",""自營商買進股數(自行買賣)"":""12,000"",""自營商賣出股數(自行買賣)"":""19,792"",""自營商買賣超股數(自行買賣)"":""-7,792"",""自營商買進股數(避險)"":""345,621"",""自營商賣出股數(避險)"":""2,305"",""自營商買賣超股數(避險)"":""343,316"",""三大法人買賣超股數"":""-3,165,156""}"
2026-09-24,TWSE,3019,亞光            ,707000,3841015,-3134015,0,0,0,2000,20435,-34361,"{""證券代號"":""3019"",""證券名稱"":""亞光            "",""外陸資買進股數(不含外資自營商)"":""707,000"",""外陸資賣出股數(不含外資自營商)"":""3,841,015"",""外陸資買賣超股數(不含外資自營商)"":""-3,134,015"",""外資自營商買進股數"":""0"",""外資自營商賣出股數"":""0"",""外資自營商買賣超股數"":""0"",""投信買進股數"":""0"",""投信賣出股數"":""0"",""投信買賣超股數"":""0"",""自營商買賣超股數"":""-34,361"",""自營商買進股數(自行買賣)"":""36,000"",""自營商賣出股數(自行買賣)"":""51,926"",""自營商買賣超股數(自行買賣)"":""-15,926"",""自營商買進股數(避險)"":""2,000"",""自營商賣出股數(避險)"":""20,435"",""自營商買賣超股數(避險)"":""-18,435"",""三大法人買賣超股數"":""-3,168,376""}"
2026-09-24,TWSE,6257,矽格            ,2316443,6002487,-3686044,0,0,0,98015,242463,-249122,"{""證券代號"":""6257"",""證券名稱"":""矽格            "",""外陸資買進股數(不含外資自營商)"":""2,316,443"",""外陸資賣出股數(不含外資自營商)"":""6,002,487"",""外陸資買賣超股數(不含外資自營商)"":""-3,686,044"",""外資自營商買進股數"":""0"",""外資自營商賣出股數"":""0"",""外資自營商買賣超股數"":""0"",""投信買進股數"":""0"",""投信賣出股數"":""0"",""投信買賣超股數"":""0"",""自營商買賣超股數"":""-249,122"",""自營商買進股數(自行買賣)"":""11,000"",""自營商賣出股數(自行買賣)"":""115,674"",""自營商買賣超股數(自行買賣)"":""-104,674"",""自營商買進股數(避險)"":""98,015"",""自營商賣出股數(避險)"":""242,463"",""自營商買賣超股數(避險)"":""-144,448"",""三大法人買賣超股數"":""-3,935,166""}"
2026-09-24,TWSE,2002,中鋼            ,6582507,10739214,-4156707,0,8000,-8000,90000,53505,75495,"{""證券代號"":""2002"",""證券名稱"":""中鋼            "",""外陸資買進股數(不含外資自營商)"":""6,582,507"",""外陸資賣出股數(不含外資自營商)"":""10,739,214"",""外陸資買賣超股數(不含外資自營商)"":""-4,156,707"",""外資自營商買進股數"":""0"",""外資自營商賣出股數"":""0"",""外資自營商買賣超股數"":""0"",""投信買進股數"":""0"",""投信賣出股數"":""8,000"",""投信買賣超股數"":""-8,000"",""自營商買賣超股數"":""75,495"",""自營商買進股數(自行買賣)"":""39,000"",""自營商賣出股數(自行買賣)"":""0"",""自營商買賣超股數(自行買賣)"":""39,000"",""自營商買進股數(避險)"":""90,000"",""自營商賣出股數(避險)"":""53,505"",""自營商買賣超股數(避險)"":""36,495"",""三大法人買賣超股數"":""-4,089,212""}"
2026-09-24,TWSE,6005,群益證          ,416585,4774441,-4357856,0,3000,-3000,0,0,0,"{""證券代號"":""6005"",""證券名稱"":""群益證          "",""外陸資買進股數(不含外資自營商)"":""416,585"",""外陸資賣出股數(不含外資自營商)"":""4,774,441"",""外陸資買賣超股數(不含外資自營商)"":""-4,357,856"",""外資自營商買進股數"":""0"",""外資自營商賣出股數"":""0"",""外資自營商買賣超股數"":""0"",""投信買進股數"":""0"",""投信賣出股數"":""3,000"",""投信買賣超股數"":""-3,000"",""自營商買賣超股數"":""0"",""自營商買進股數(自行買賣)"":""0"",""自營商賣出股數(自行買賣)"":""0"",""自營商買賣超股數(自行買賣)"":""0"",""自營商買進股數(避險)"":""0"",""自營商賣出股數(避險)"":""0"",""自營商買賣超股數(避險)"":""0"",""三大法人買賣超股數"":""-4,360,856""}"
2026-09-24,TWSE,2356,英業達          ,2367423,6775373,-4407950,32000,11000,21000,246580,339169,-102784,"{""證券代號"":""2356"",""證券名稱"":""英業達          "",""外陸資買進股數(不含外資自營商)"":""2,367,423"",""外陸資賣出股數(不含外資自營商)"":""6,775,373"",""外陸資買賣超股數(不含外資自營商)"":""-4,407,950"",""外資自營商買進股數"":""0"",""外資自營商賣出股數"":""0"",""外資自營商買賣超股數"":""0"",""投信買進股數"":""32,000"",""投信賣出股數"":""11,000"",""投信買賣超股數"":""21,000"",""自營商買賣超股數"":""-102,784"",""自營商買進股數(自行買賣)"":""3,000"",""自營商賣出股數(自行買賣)"":""13,195"",""自營商買賣超股數(自行買賣)"":""-10,195"",""自營商買進股數(避險)"":""246,580"",""自營商賣出股數(避險)"":""339,169"",""自營商買賣超股數(避險)"":""-92,589"",""三大法人買賣超股數"":""-4,489,734""}"
2026-09-24,TWSE,00664R,國泰臺灣加權反1 ,1000,1000,0,0,0,0,2223000,6813000,-4590000,"{""證券代號"":""00664R"",""證券名稱"":""國泰臺灣加權反1 "",""外陸資買進股數(不含外資自營商)"":""1,000"",""外陸資賣出股數(不含外資自營商)"":""1,000"",""外陸資買賣超股數(不含外資自營商)"":""0"",""外資自營商買進股數"":""0"",""外資自營商賣出股數"":""0"",""外資自營商買賣超股數"":""0"",""投信買進股數"":""0"",""投信賣出股數"":""0"",""投信買賣超股數"":""0"",""自營商買賣超股數"":""-4,590,000"",""自營商買進股數(自行買賣)"":""0"",""自營商賣出股數(自行買賣)"":""0"",""自營商買賣超股數(自行買賣)"":""0"",""自營商買進股數(避險)"":""2,223,000"",""自營商賣出股數(避險)"":""6,813,000"",""自營商買賣超股數(避險)"":""-4,590,000"",""三大法人買賣超股數"":""-4,590,000""}"
2026-09-24,TWSE,3481,群創            ,26825709,28795022,-1969313,0,0,0,121353,296599,-2653402,"{""證券代號"":""3481"",""證券名稱"":""群創            "",""外陸資買進股數(不含外資自營商)"":""26,825,709"",""外陸資賣出股數(不含外資自營商)"":""28,795,022"",""外陸資買賣超股數(不含外資自營商)"":""-1,969,313"",""外資自營商買進股數"":""0"",""外資自營商賣出股數"":""0"",""外資自營商買賣超股數"":""0"",""投信買進股數"":""0"",""投信賣出股數"":""0"",""投信買賣超股數"":""0"",""自營商買賣超股數"":""-2,653,402"",""自營商買進股數(自行買賣)"":""1,415,900"",""自營商賣出股數(自行買賣)"":""3,894,056"",""自營商買賣超股數(自行買賣)"":""-2,478,156"",""自營商買進股數(避險)"":""121,353"",""自營商賣出股數(避險)"":""296,599"",""自營商買賣超股數(避險)"":""-175,246"",""三大法人買賣超股數"":""-4,622,715""}"
2026-09-24,TWSE,2889,國票金          ,1355653,6225636,-4869983,0,3000,-3000,7000,12414,-59414,"{""證券代號"":""2889"",""證券名稱"":""國票金          "",""外陸資買進股數(不含外資自營商)"":""1,355,653"",""外陸資賣出股數(不含外資自營商)"":""6,225,636"",""外陸資買賣超股數(不含外資自營商)"":""-4,869,983"",""外資自營商買進股數"":""0"",""外資自營商賣出股數"":""0"",""外資自營商買賣超股數"":""0"",""投信買進股數"":""0"",""投信賣出股數"":""3,000"",""投信買賣超股數"":""-3,000"",""自營商買賣超股數"":""-59,414"",""自營商買進股數(自行買賣)"":""0"",""自營商賣出股數(自行買賣)"":""54,000"",""自營商買賣超股數(自行買賣)"":""-54,000"",""自營商買進股數(避險)"":""7,000"",""自營商賣出股數(避險)"":""12,414"",""自營商買賣超股數(避險)"":""-5,414"",""三大法人買賣超股數"":""-4,932,397""}"
2026-09-24,TWSE,2834,臺企銀          ,2320764,7412653,-5091889,0,7000,-7000,2000,65700,-63700,"{""證券代號"":""2834"",""證券名稱"":""臺企銀          "",""外陸資買進股數(不含外資自營商)"":""2,320,764"",""外陸資賣出股數(不含外資自營商)"":""7,412,653"",""外陸資買賣超股數(不含外資自營商)"":""-5,091,889"",""外資自營商買進股數"":""0"",""外資自營商賣出股數"":""0"",""外資自營商買賣超股數"":""0"",""投信買進股數"":""0"",""投信賣出股數"":""7,000"",""投信買賣超股數"":""-7,000"",""自營商買賣超股數"":""-63,700"",""自營商買進股數(自行買賣)"":""0"",""自營商賣出股數(自行買賣)"":""0"",""自營商買賣超股數(自行買賣)"":""0"",""自營商買進股數(避險)"":""2,000"",""自營商賣出股數(避險)"":""65,700"",""自營商買賣超股數(避險)"":""-63,700"",""三大法人買賣超股數"":""-5,162,589""}"
2026-09-24,TWSE,4958,臻鼎-KY         ,4468838,9802317,-5333479,192000,467000,-275000,249837,226760,74853,"{""證券代號"":""4958"",""證券名稱"":""臻鼎-KY         "",""外陸資買進股數(不含外資自營商)"":""4,468,838"",""外陸資賣出股數(不含外資自營商)"":""9,802,317"",""外陸資買賣超股數(不含外資自營商)"":""-5,333,479"",""外資自營商買進股數"":""0"",""外資自營商賣出股數"":""0"",""外資自營商買賣超股數"":""0"",""投信買進股數"":""192,000"",""投信賣出股數"":""467,000"",""投信買賣超股數"":""-275,000"",""自營商買賣超股數"":""74,853"",""自營商買進股數(自行買賣)"":""114,133"",""自營商賣出股數(自行買賣)"":""62,357"",""自營商買賣超股數(自行買賣)"":""51,776"",""自營商買進股數(避險)"":""249,837"",""自營商賣出股數(避險)"":""226,760"",""自營商買賣超股數(避險)"":""23,077"",""三大法人買賣超股數"":""-5,533,626""}"
2026-09-24,TWSE,2330,台積電          ,6078590,10746422,-4667832,131000,1418718,-1287718,127438,60737,242701,"{""證券代號"":""2330"",""證券名稱"":""台積電          "",""外陸資買進股數(不含外資自營商)"":""6,078,590"",""外陸資賣出股數(不含外資自營商)"":""10,746,422"",""外陸資買賣超股數(不含外資自營商)"":""-4,667,832"",""外資自營商買進股數"":""0"",""外資自營商賣出股數"":""0"",""外資自營商買賣超股數"":""0"",""投信買進股數"":""131,000"",""投信賣出股數"":""1,418,718"",""投信買賣超股數"":""-1,287,718"",""自營商買賣超股數"":""242,701"",""自營商買進股數(自行買賣)"":""185,000"",""自營商賣出股數(自行買賣)"":""9,000"",""自營商買賣超股數(自行買賣)"":""176,000"",""自營商買進股數(避險)"":""127,438"",""自營商賣出股數(避險)"":""60,737"",""自營商買賣超股數(避險)"":""66,701"",""三大法人買賣超股數"":""-5,712,849""}"
2026-09-24,TWSE,2324,仁寶            ,4670312,10986441,-6316129,108000,0,108000,290210,144071,153952,"{""證券代號"":""2324"",""證券名稱"":""仁寶            "",""外陸資買進股數(不含外資自營商)"":""4,670,312"",""外陸資賣出股數(不含外資自營商)"":""10,986,441"",""外陸資買賣超股數(不含外資自營商)"":""-6,316,129"",""外資自營商買進股數"":""0"",""外資自營商賣出股數"":""0"",""外資自營商買賣超股數"":""0"",""投信買進股數"":""108,000"",""投信賣出股數"":""0"",""投信買賣超股數"":""108,000"",""自營商買賣超股數"":""153,952"",""自營商買進股數(自行買賣)"":""37,000"",""自營商賣出股數(自行買賣)"":""29,187"",""自營商買賣超股數(自行買賣)"":""7,813"",""自營商買進股數(避險)"":""290,210"",""自營商賣出股數(避險)"":""144,071"",""自營商買賣超股數(避險)"":""146,139"",""三大法人買賣超股數"":""-6,054,177""}"
2026-09-24,TWSE,2342,茂矽            ,5867000,12007842,-6140842,0,0,0,72138,36678,-16512,"{""證券代號"":""2342"",""證券名稱"":""茂矽            "",""外陸資買進股數(不含外資自營商)"":""5,867,000"",""外陸資賣出股數(不含外資自營商)"":""12,007,842"",""外陸資買賣超股數(不含外資自營商)"":""-6,140,842"",""外資自營商買進股數"":""0"",""外資自營商賣出股數"":""0"",""外資自營商買賣超股數"":""0"",""投信買進股數"":""0"",""投信賣出股數"":""0"",""投信買賣超股數"":""0"",""自營商買賣超股數"":""-16,512"",""自營商買進股數(自行買賣)"":""31,004"",""自營商賣出股數(自行買賣)"":""82,976"",""自營商買賣超股數(自行買賣)"":""-51,972"",""自營商買進股數(避險)"":""72,138"",""自營商賣出股數(避險)"":""36,678"",""自營商買賣超股數(避險)"":""35,460"",""三大法人買賣超股數"":""-6,157,354""}"
2026-09-24,TWSE,009826,貝萊德世界股票  ,33044,109000,-75956,0,0,0,469000,6895716,-6426716,"{""證券代號"":""009826"",""證券名稱"":""貝萊德世界股票  "",""外陸資買進股數(不含外資自營商)"":""33,044"",""外陸資賣出股數(不含外資自營商)"":""109,000"",""外陸資買賣超股數(不含外資自營商)"":""-75,956"",""外資自營商買進股數"":""0"",""外資自營商賣出股數"":""0"",""外資自營商買賣超股數"":""0"",""投信買進股數"":""0"",""投信賣出股數"":""0"",""投信買賣超股數"":""0"",""自營商買賣超股數"":""-6,426,716"",""自營商買進股數(自行買賣)"":""0"",""自營商賣出股數(自行買賣)"":""0"",""自營商買賣超股數(自行買賣)"":""0"",""自營商買進股數(避險)"":""469,000"",""自營商賣出股數(避險)"":""6,895,716"",""自營商買賣超股數(避險)"":""-6,426,716"",""三大法人買賣超股數"":""-6,502,672""}"
2026-09-24,TWSE,6116,彩晶            ,11807994,19571596,-7763602,0,0,0,470166,144637,293529,"{""證券代號"":""6116"",""證券名稱"":""彩晶            "",""外陸資買進股數(不含外資自營商)"":""11,807,994"",""外陸資賣出股數(不含外資自營商)"":""19,571,596"",""外陸資買賣超股數(不含外資自營商)"":""-7,763,602"",""外資自營商買進股數"":""0"",""外資自營商賣出股數"":""0"",""外資自營商買賣超股數"":""0"",""投信買進股數"":""0"",""投信賣出股數"":""0"",""投信買賣超股數"":""0"",""自營商買賣超股數"":""293,529"",""自營商買進股數(自行買賣)"":""6,000"",""自營商賣出股數(自行買賣)"":""38,000"",""自營商買賣超股數(自行買賣)"":""-32,000"",""自營商買進股數(避險)"":""470,166"",""自營商賣出股數(避險)"":""144,637"",""自營商買賣超股數(避險)"":""325,529"",""三大法人買賣超股數"":""-7,470,073""}"
2026-09-24,TWSE,00688L,國泰20年美債正2 ,198000,1669000,-1471000,0,0,0,211000,6262419,-6051419,"{""證券代號"":""00688L"",""證券名稱"":""國泰20年美債正2 "",""外陸資買進股數(不含外資自營商)"":""198,000"",""外陸資賣出股數(不含外資自營商)"":""1,669,000"",""外陸資買賣超股數(不含外資自營商)"":""-1,471,000"",""外資自營商買進股數"":""0"",""外資自營商賣出股數"":""0"",""外資自營商買賣超股數"":""0"",""投信買進股數"":""0"",""投信賣出股數"":""0"",""投信買賣超股數"":""0"",""自營商買賣超股數"":""-6,051,419"",""自營商買進股數(自行買賣)"":""0"",""自營商賣出股數(自行買賣)"":""0"",""自營商買賣超股數(自行買賣)"":""0"",""自營商買進股數(避險)"":""211,000"",""自營商賣出股數(避險)"":""6,262,419"",""自營商買賣超股數(避險)"":""-6,051,419"",""三大法人買賣超股數"":""-7,522,419""}"
2026-09-24,TWSE,2618,長榮航          ,3611580,15516562,-11904982,4424000,258581,4165419,392510,148791,95719,"{""證券代號"":""2618"",""證券名稱"":""長榮航          "",""外陸資買進股數(不含外資自營商)"":""3,611,580"",""外陸資賣出股數(不含外資自營商)"":""15,516,562"",""外陸資買賣超股數(不含外資自營商)"":""-11,904,982"",""外資自營商買進股數"":""0"",""外資自營商賣出股數"":""0"",""外資自營商買賣超股數"":""0"",""投信買進股數"":""4,424,000"",""投信賣出股數"":""258,581"",""投信買賣超股數"":""4,165,419"",""自營商買賣超股數"":""95,719"",""自營商買進股數(自行買賣)"":""30,000"",""自營商賣出股數(自行買賣)"":""178,000"",""自營商買賣超股數(自行買賣)"":""-148,000"",""自營商買進股數(避險)"":""392,510"",""自營商賣出股數(避險)"":""148,791"",""自營商買賣超股數(避險)"":""243,719"",""三大法人買賣超股數"":""-7,643,844""}"
2026-09-24,TWSE,00673R,期元大S&P原油反1,136000,690000,-554000,0,0,0,2040000,9323027,-7283027,"{""證券代號"":""00673R"",""證券名稱"":""期元大S&P原油反1"",""外陸資買進股數(不含外資自營商)"":""136,000"",""外陸資賣出股數(不含外資自營商)"":""690,000"",""外陸資買賣超股數(不含外資自營商)"":""-554,000"",""外資自營商買進股數"":""0"",""外資自營商賣出股數"":""0"",""外資自營商買賣超股數"":""0"",""投信買進股數"":""0"",""投信賣出股數"":""0"",""投信買賣超股數"":""0"",""自營商買賣超股數"":""-7,283,027"",""自營商買進股數(自行買賣)"":""0"",""自營商賣出股數(自行買賣)"":""0"",""自營商買賣超股數(自行買賣)"":""0"",""自營商買進股數(避險)"":""2,040,000"",""自營商賣出股數(避險)"":""9,323,027"",""自營商買賣超股數(避險)"":""-7,283,027"",""三大法人買賣超股數"":""-7,837,027""}"
2026-09-24,TWSE,2610,華航            ,2930000,17139150,-14209150,5704000,133000,5571000,23000,79883,-118883,"{""證券代號"":""2610"",""證券名稱"":""華航            "",""外陸資買進股數(不含外資自營商)"":""2,930,000"",""外陸資賣出股數(不含外資自營商)"":""17,139,150"",""外陸資買賣超股數(不含外資自營商)"":""-14,209,150"",""外資自營商買進股數"":""0"",""外資自營商賣出股數"":""0"",""外資自營商買賣超股數"":""0"",""投信買進股數"":""5,704,000"",""投信賣出股數"":""133,000"",""投信買賣超股數"":""5,571,000"",""自營商買賣超股數"":""-118,883"",""自營商買進股數(自行買賣)"":""24,000"",""自營商賣出股數(自行買賣)"":""86,000"",""自營商買賣超股數(自行買賣)"":""-62,000"",""自營商買進股數(避險)"":""23,000"",""自營商賣出股數(避險)"":""79,883"",""自營商買賣超股數(避險)"":""-56,883"",""三大法人買賣超股數"":""-8,757,033""}"
2026-09-24,TWSE,00753L,中信中國50正2   ,960000,1324000,-364000,0,0,0,515000,9050119,-8535119,"{""證券代號"":""00753L"",""證券名稱"":""中信中國50正2   "",""外陸資買進股數(不含外資自營商)"":""960,000"",""外陸資賣出股數(不含外資自營商)"":""1,324,000"",""外陸資買賣超股數(不含外資自營商)"":""-364,000"",""外資自營商買進股數"":""0"",""外資自營商賣出股數"":""0"",""外資自營商買賣超股數"":""0"",""投信買進股數"":""0"",""投信賣出股數"":""0"",""投信買賣超股數"":""0"",""自營商買賣超股數"":""-8,535,119"",""自營商買進股數(自行買賣)"":""0"",""自營商賣出股數(自行買賣)"":""0"",""自營商買賣超股數(自行買賣)"":""0"",""自營商買進股數(避險)"":""515,000"",""自營商賣出股數(避險)"":""9,050,119"",""自營商買賣超股數(避險)"":""-8,535,119"",""三大法人買賣超股數"":""-8,899,119""}"
2026-09-24,TWSE,2812,台中銀          ,903283,9922000,-9018717,0,2000,-2000,0,36670,-36679,"{""證券代號"":""2812"",""證券名稱"":""台中銀          "",""外陸資買進股數(不含外資自營商)"":""903,283"",""外陸資賣出股數(不含外資自營商)"":""9,922,000"",""外陸資買賣超股數(不含外資自營商)"":""-9,018,717"",""外資自營商買進股數"":""0"",""外資自營商賣出股數"":""0"",""外資自營商買賣超股數"":""0"",""投信買進股數"":""0"",""投信賣出股數"":""2,000"",""投信買賣超股數"":""-2,000"",""自營商買賣超股數"":""-36,679"",""自營商買進股數(自行買賣)"":""0"",""自營商賣出股數(自行買賣)"":""9"",""自營商買賣超股數(自行買賣)"":""-9"",""自營商買進股數(避險)"":""0"",""自營商賣出股數(避險)"":""36,670"",""自營商買賣超股數(避險)"":""-36,670"",""三大法人買賣超股數"":""-9,057,396""}"
2026-09-24,TWSE,2337,旺宏            ,2700964,11783604,-9082640,70000,3000,67000,188157,215802,-105645,"{""證券代號"":""2337"",""證券名稱"":""旺宏            "",""外陸資買進股數(不含外資自營商)"":""2,700,964"",""外陸資賣出股數(不含外資自營商)"":""11,783,604"",""外陸資買賣超股數(不含外資自營商)"":""-9,082,640"",""外資自營商買進股數"":""0"",""外資自營商賣出股數"":""0"",""外資自營商買賣超股數"":""0"",""投信買進股數"":""70,000"",""投信賣出股數"":""3,000"",""投信買賣超股數"":""67,000"",""自營商買賣超股數"":""-105,645"",""自營商買進股數(自行買賣)"":""81,000"",""自營商賣出股數(自行買賣)"":""159,000"",""自營商買賣超股數(自行買賣)"":""-78,000"",""自營商買進股數(避險)"":""188,157"",""自營商賣出股數(避險)"":""215,802"",""自營商買賣超股數(避險)"":""-27,645"",""三大法人買賣超股數"":""-9,121,285""}"
2026-09-24,TWSE,00984D,主動聯博全球非投,8000,2000,6000,0,0,0,168000,10248096,-10080096,"{""證券代號"":""00984D"",""證券名稱"":""主動聯博全球非投"",""外陸資買進股數(不含外資自營商)"":""8,000"",""外陸資賣出股數(不含外資自營商)"":""2,000"",""外陸資買賣超股數(不含外資自營商)"":""6,000"",""外資自營商買進股數"":""0"",""外資自營商賣出股數"":""0"",""外資自營商買賣超股數"":""0"",""投信買進股數"":""0"",""投信賣出股數"":""0"",""投信買賣超股數"":""0"",""自營商買賣超股數"":""-10,080,096"",""自營商買進股數(自行買賣)"":""0"",""自營商賣出股數(自行買賣)"":""0"",""自營商買賣超股數(自行買賣)"":""0"",""自營商買進股數(避險)"":""168,000"",""自營商賣出股數(避險)"":""10,248,096"",""自營商買賣超股數(避險)"":""-10,080,096"",""三大法人買賣超股數"":""-10,074,096""}"
2026-09-24,TWSE,1314,中石化          ,8476000,19957917,-11481917,0,0,0,0,0,-308129,"{""證券代號"":""1314"",""證券名稱"":""中石化          "",""外陸資買進股數(不含外資自營商)"":""8,476,000"",""外陸資賣出股數(不含外資自營商)"":""19,957,917"",""外陸資買賣超股數(不含外資自營商)"":""-11,481,917"",""外資自營商買進股數"":""0"",""外資自營商賣出股數"":""0"",""外資自營商買賣超股數"":""0"",""投信買進股數"":""0"",""投信賣出股數"":""0"",""投信買賣超股數"":""0"",""自營商買賣超股數"":""-308,129"",""自營商買進股數(自行買賣)"":""96,000"",""自營商賣出股數(自行買賣)"":""404,129"",""自營商買賣超股數(自行買賣)"":""-308,129"",""自營商買進股數(避險)"":""0"",""自營商賣出股數(避險)"":""0"",""自營商買賣超股數(避險)"":""0"",""三大法人買賣超股數"":""-11,790,046""}"
2026-09-24,TWSE,00637L,元大滬深300正2  ,47000,837000,-790000,0,0,0,4718534,16487204,-11768670,"{""證券代號"":""00637L"",""證券名稱"":""元大滬深300正2  "",""外陸資買進股數(不含外資自營商)"":""47,000"",""外陸資賣出股數(不含外資自營商)"":""837,000"",""外陸資買賣超股數(不含外資自營商)"":""-790,000"",""外資自營商買進股數"":""0"",""外資自營商賣出股數"":""0"",""外資自營商買賣超股數"":""0"",""投信買進股數"":""0"",""投信賣出股數"":""0"",""投信買賣超股數"":""0"",""自營商買賣超股數"":""-11,768,670"",""自營商買進股數(自行買賣)"":""0"",""自營商賣出股數(自行買賣)"":""0"",""自營商買賣超股數(自行買賣)"":""0"",""自營商買進股數(避險)"":""4,718,534"",""自營商賣出股數(避險)"":""16,487,204"",""自營商買賣超股數(避險)"":""-11,768,670"",""三大法人買賣超股數"":""-12,558,670""}"
2026-09-24,TWSE,1101,台泥            ,6638900,19337500,-12698600,0,12000,-12000,253000,552135,-450135,"{""證券代號"":""1101"",""證券名稱"":""台泥            "",""外陸資買進股數(不含外資自營商)"":""6,638,900"",""外陸資賣出股數(不含外資自營商)"":""19,337,500"",""外陸資買賣超股數(不含外資自營商)"":""-12,698,600"",""外資自營商買進股數"":""0"",""外資自營商賣出股數"":""0"",""外資自營商買賣超股數"":""0"",""投信買進股數"":""0"",""投信賣出股數"":""12,000"",""投信買賣超股數"":""-12,000"",""自營商買賣超股數"":""-450,135"",""自營商買進股數(自行買賣)"":""17,000"",""自營商賣出股數(自行買賣)"":""168,000"",""自營商買賣超股數(自行買賣)"":""-151,000"",""自營商買進股數(避險)"":""253,000"",""自營商賣出股數(避險)"":""552,135"",""自營商買賣超股數(避險)"":""-299,135"",""三大法人買賣超股數"":""-13,160,735""}"
2026-09-24,TWSE,0056,元大高股息      ,817857,6188425,-5370568,150000,0,150000,405000,10040676,-9632676,"{""證券代號"":""0056"",""證券名稱"":""元大高股息      "",""外陸資買進股數(不含外資自營商)"":""817,857"",""外陸資賣出股數(不含外資自營商)"":""6,188,425"",""外陸資買賣超股數(不含外資自營商)"":""-5,370,568"",""外資自營商買進股數"":""0"",""外資自營商賣出股數"":""0"",""外資自營商買賣超股數"":""0"",""投信買進股數"":""150,000"",""投信賣出股數"":""0"",""投信買賣超股數"":""150,000"",""自營商買賣超股數"":""-9,632,676"",""自營商買進股數(自行買賣)"":""3,000"",""自營商賣出股數(自行買賣)"":""0"",""自營商買賣超股數(自行買賣)"":""3,000"",""自營商買進股數(避險)"":""405,000"",""自營商賣出股數(避險)"":""10,040,676"",""自營商買賣超股數(避險)"":""-9,635,676"",""三大法人買賣超股數"":""-14,853,244""}"
2026-09-24,TWSE,00680L,元大美債20正2   ,126000,3111000,-2985000,0,0,0,2362000,15882300,-13120300,"{""證券代號"":""00680L"",""證券名稱"":""元大美債20正2   "",""外陸資買進股數(不含外資自營商)"":""126,000"",""外陸資賣出股數(不含外資自營商)"":""3,111,000"",""外陸資買賣超股數(不含外資自營商)"":""-2,985,000"",""外資自營商買進股數"":""0"",""外資自營商賣出股數"":""0"",""外資自營商買賣超股數"":""0"",""投信買進股數"":""0"",""投信賣出股數"":""0"",""投信買賣超股數"":""0"",""自營商買賣超股數"":""-13,120,300"",""自營商買進股數(自行買賣)"":""400,000"",""自營商賣出股數(自行買賣)"":""0"",""自營商買賣超股數(自行買賣)"":""400,000"",""自營商買進股數(避險)"":""2,362,000"",""自營商賣出股數(避險)"":""15,882,300"",""自營商買賣超股數(避險)"":""-13,520,300"",""三大法人買賣超股數"":""-16,105,300""}"
2026-09-24,TWSE,2344,華邦電          ,10311866,28136222,-17824356,32000,194001,-162001,406683,442015,-8643,"{""證券代號"":""2344"",""證券名稱"":""華邦電          "",""外陸資買進股數(不含外資自營商)"":""10,311,866"",""外陸資賣出股數(不含外資自營商)"":""28,136,222"",""外陸資買賣超股數(不含外資自營商)"":""-17,824,356"",""外資自營商買進股數"":""0"",""外資自營商賣出股數"":""0"",""外資自營商買賣超股數"":""0"",""投信買進股數"":""32,000"",""投信賣出股數"":""194,001"",""投信買賣超股數"":""-162,001"",""自營商買賣超股數"":""-8,643"",""自營商買進股數(自行買賣)"":""269,000"",""自營商賣出股數(自行買賣)"":""242,311"",""自營商買賣超股數(自行買賣)"":""26,689"",""自營商買進股數(避險)"":""406,683"",""自營商賣出股數(避險)"":""442,015"",""自營商買賣超股數(避險)"":""-35,332"",""三大法人買賣超股數"":""-17,995,000""}"
2026-09-24,TWSE,1709,和益            ,4352036,23647944,-19295908,0,0,0,26667,26695,-90028,"{""證券代號"":""1709"",""證券名稱"":""和益            "",""外陸資買進股數(不含外資自營商)"":""4,352,036"",""外陸資賣出股數(不含外資自營商)"":""23,647,944"",""外陸資買賣超股數(不含外資自營商)"":""-19,295,908"",""外資自營商買進股數"":""0"",""外資自營商賣出股數"":""0"",""外資自營商買賣超股數"":""0"",""投信買進股數"":""0"",""投信賣出股數"":""0"",""投信買賣超股數"":""0"",""自營商買賣超股數"":""-90,028"",""自營商買進股數(自行買賣)"":""17,000"",""自營商賣出股數(自行買賣)"":""107,000"",""自營商買賣超股數(自行買賣)"":""-90,000"",""自營商買進股數(避險)"":""26,667"",""自營商賣出股數(避險)"":""26,695"",""自營商買賣超股數(避險)"":""-28"",""三大法人買賣超股數"":""-19,385,936""}"
2026-09-24,TWSE,0050,元大台灣50      ,11016448,42378795,-31362347,0,0,0,10842872,4576590,10477294,"{""證券代號"":""0050"",""證券名稱"":""元大台灣50      "",""外陸資買進股數(不含外資自營商)"":""11,016,448"",""外陸資賣出股數(不含外資自營商)"":""42,378,795"",""外陸資買賣超股數(不含外資自營商)"":""-31,362,347"",""外資自營商買進股數"":""0"",""外資自營商賣出股數"":""0"",""外資自營商買賣超股數"":""0"",""投信買進股數"":""0"",""投信賣出股數"":""0"",""投信買賣超股數"":""0"",""自營商買賣超股數"":""10,477,294"",""自營商買進股數(自行買賣)"":""4,728,000"",""自營商賣出股數(自行買賣)"":""516,988"",""自營商買賣超股數(自行買賣)"":""4,211,012"",""自營商買進股數(避險)"":""10,842,872"",""自營商賣出股數(避險)"":""4,576,590"",""自營商買賣超股數(避險)"":""6,266,282"",""三大法人買賣超股數"":""-20,885,053""}"
2026-09-24,TWSE,2408,南亞科          ,5076546,25029263,-19952717,50000,2438001,-2388001,244281,391496,-337246,"{""證券代號"":""2408"",""證券名稱"":""南亞科          "",""外陸資買進股數(不含外資自營商)"":""5,076,546"",""外陸資賣出股數(不含外資自營商)"":""25,029,263"",""外陸資買賣超股數(不含外資自營商)"":""-19,952,717"",""外資自營商買進股數"":""0"",""外資自營商賣出股數"":""0"",""外資自營商買賣超股數"":""0"",""投信買進股數"":""50,000"",""投信賣出股數"":""2,438,001"",""投信買賣超股數"":""-2,388,001"",""自營商買賣超股數"":""-337,246"",""自營商買進股數(自行買賣)"":""199,438"",""自營商賣出股數(自行買賣)"":""389,469"",""自營商買賣超股數(自行買賣)"":""-190,031"",""自營商買進股數(避險)"":""244,281"",""自營商賣出股數(避險)"":""391,496"",""自營商買賣超股數(避險)"":""-147,215"",""三大法人買賣超股數"":""-22,677,964""}"
2026-09-24,TWSE,2317,鴻海            ,4560896,28433484,-23872588,52000,315000,-263000,248112,177027,-95985,"{""證券代號"":""2317"",""證券名稱"":""鴻海            "",""外陸資買進股數(不含外資自營商)"":""4,560,896"",""外陸資賣出股數(不含外資自營商)"":""28,433,484"",""外陸資買賣超股數(不含外資自營商)"":""-23,872,588"",""外資自營商買進股數"":""0"",""外資自營商賣出股數"":""0"",""外資自營商買賣超股數"":""0"",""投信買進股數"":""52,000"",""投信賣出股數"":""315,000"",""投信買賣超股數"":""-263,000"",""自營商買賣超股數"":""-95,985"",""自營商買進股數(自行買賣)"":""129,000"",""自營商賣出股數(自行買賣)"":""296,070"",""自營商買賣超股數(自行買賣)"":""-167,070"",""自營商買進股數(避險)"":""248,112"",""自營商賣出股數(避險)"":""177,027"",""自營商買賣超股數(避險)"":""71,085"",""三大法人買賣超股數"":""-24,231,573""}"
2026-09-24,TWSE,00631L,元大台灣50正2   ,6052260,11573000,-5520740,0,0,0,7391740,34959834,-27653094,"{""證券代號"":""00631L"",""證券名稱"":""元大台灣50正2   "",""外陸資買進股數(不含外資自營商)"":""6,052,260"",""外陸資賣出股數(不含外資自營商)"":""11,573,000"",""外陸資買賣超股數(不含外資自營商)"":""-5,520,740"",""外資自營商買進股數"":""0"",""外資自營商賣出股數"":""0"",""外資自營商買賣超股數"":""0"",""投信買進股數"":""0"",""投信賣出股數"":""0"",""投信買賣超股數"":""0"",""自營商買賣超股數"":""-27,653,094"",""自營商買進股數(自行買賣)"":""0"",""自營商賣出股數(自行買賣)"":""85,000"",""自營商買賣超股數(自行買賣)"":""-85,000"",""自營商買進股數(避險)"":""7,391,740"",""自營商賣出股數(避險)"":""34,959,834"",""自營商買賣超股數(避險)"":""-27,568,094"",""三大法人買賣超股數"":""-33,173,834""}"
2026-09-24,TWSE,009816,凱基台灣TOP50   ,2872218,6845001,-3972783,0,0,0,7291000,40904410,-33613410,"{""證券代號"":""009816"",""證券名稱"":""凱基台灣TOP50   "",""外陸資買進股數(不含外資自營商)"":""2,872,218"",""外陸資賣出股數(不含外資自營商)"":""6,845,001"",""外陸資買賣超股數(不含外資自營商)"":""-3,972,783"",""外資自營商買進股數"":""0"",""外資自營商賣出股數"":""0"",""外資自營商買賣超股數"":""0"",""投信買進股數"":""0"",""投信賣出股數"":""0"",""投信買賣超股數"":""0"",""自營商買賣超股數"":""-33,613,410"",""自營商買進股數(自行買賣)"":""0"",""自營商賣出股數(自行買賣)"":""0"",""自營商買賣超股數(自行買賣)"":""0"",""自營商買進股數(避險)"":""7,291,000"",""自營商賣出股數(避險)"":""40,904,410"",""自營商買賣超股數(避險)"":""-33,613,410"",""三大法人買賣超股數"":""-37,586,193""}"
2026-09-24,TWSE,2303,聯電            ,32453628,67606835,-35153207,2824000,12295000,-9471000,476730,978646,443284,"{""證券代號"":""2303"",""證券名稱"":""聯電            "",""外陸資買進股數(不含外資自營商)"":""32,453,628"",""外陸資賣出股數(不含外資自營商)"":""67,606,835"",""外陸資買賣超股數(不含外資自營商)"":""-35,153,207"",""外資自營商買進股數"":""0"",""外資自營商賣出股數"":""0"",""外資自營商買賣超股數"":""0"",""投信買進股數"":""2,824,000"",""投信賣出股數"":""12,295,000"",""投信買賣超股數"":""-9,471,000"",""自營商買賣超股數"":""443,284"",""自營商買進股數(自行買賣)"":""1,789,184"",""自營商賣出股數(自行買賣)"":""843,984"",""自營商買賣超股數(自行買賣)"":""945,200"",""自營商買進股數(避險)"":""476,730"",""自營商賣出股數(避險)"":""978,646"",""自營商買賣超股數(避險)"":""-501,916"",""三大法人買賣超股數"":""-44,180,923""}"
2026-09-24,TWSE,6770,力積電          ,14037057,56624498,-42587441,2000,6000,-4000,463472,1518837,-2225365,"{""證券代號"":""6770"",""證券名稱"":""力積電          "",""外陸資買進股數(不含外資自營商)"":""14,037,057"",""外陸資賣出股數(不含外資自營商)"":""56,624,498"",""外陸資買賣超股數(不含外資自營商)"":""-42,587,441"",""外資自營商買進股數"":""0"",""外資自營商賣出股數"":""0"",""外資自營商買賣超股數"":""0"",""投信買進股數"":""2,000"",""投信賣出股數"":""6,000"",""投信買賣超股數"":""-4,000"",""自營商買賣超股數"":""-2,225,365"",""自營商買進股數(自行買賣)"":""215,000"",""自營商賣出股數(自行買賣)"":""1,385,000"",""自營商買賣超股數(自行買賣)"":""-1,170,000"",""自營商買進股數(避險)"":""463,472"",""自營商賣出股數(避險)"":""1,518,837"",""自營商買賣超股數(避險)"":""-1,055,365"",""三大法人買賣超股數"":""-44,816,806""}"
2026-09-24,TWSE,00685L,群益臺灣加權正2 ,3317500,11325000,-8007500,0,0,0,10150829,56235135,-50455306,"{""證券代號"":""00685L"",""證券名稱"":""群益臺灣加權正2 "",""外陸資買進股數(不含外資自營商)"":""3,317,500"",""外陸資賣出股數(不含外資自營商)"":""11,325,000"",""外陸資買賣超股數(不含外資自營商)"":""-8,007,500"",""外資自營商買進股數"":""0"",""外資自營商賣出股數"":""0"",""外資自營商買賣超股數"":""0"",""投信買進股數"":""0"",""投信賣出股數"":""0"",""投信買賣超股數"":""0"",""自營商買賣超股數"":""-50,455,306"",""自營商買進股數(自行買賣)"":""0"",""自營商賣出股數(自行買賣)"":""4,371,000"",""自營商買賣超股數(自行買賣)"":""-4,371,000"",""自營商買進股數(避險)"":""10,150,829"",""自營商賣出股數(避險)"":""56,235,135"",""自營商買賣超股數(避險)"":""-46,084,306"",""三大法人買賣超股數"":""-58,462,806""}"
2026-09-24,TWSE,2409,友達            ,127800806,207799420,-79998614,0,6000,-6000,3756625,2438797,2103828,"{""證券代號"":""2409"",""證券名稱"":""友達            "",""外陸資買進股數(不含外資自營商)"":""127,800,806"",""外陸資賣出股數(不含外資自營商)"":""207,799,420"",""外陸資買賣超股數(不含外資自營商)"":""-79,998,614"",""外資自營商買進股數"":""0"",""外資自營商賣出股數"":""0"",""外資自營商買賣超股數"":""0"",""投信買進股數"":""0"",""投信賣出股數"":""6,000"",""投信買賣超股數"":""-6,000"",""自營商買賣超股數"":""2,103,828"",""自營商買進股數(自行買賣)"":""3,786,000"",""自營商賣出股數(自行買賣)"":""3,000,000"",""自營商買賣超股數(自行買賣)"":""786,000"",""自營商買進股數(避險)"":""3,756,625"",""自營商賣出股數(避險)"":""2,438,797"",""自營商買賣超股數(避險)"":""1,317,828"",""三大法人買賣超股數"":""-77,900,786""}"
2026-09-24,TWSE,00406A,主動中信台灣收益,17890900,53788000,-35897100,0,0,0,15464290,65310953,-49846663,"{""證券代號"":""00406A"",""證券名稱"":""主動中信台灣收益"",""外陸資買進股數(不含外資自營商)"":""17,890,900"",""外陸資賣出股數(不含外資自營商)"":""53,788,000"",""外陸資買賣超股數(不含外資自營商)"":""-35,897,100"",""外資自營商買進股數"":""0"",""外資自營商賣出股數"":""0"",""外資自營商買賣超股數"":""0"",""投信買進股數"":""0"",""投信賣出股數"":""0"",""投信買賣超股數"":""0"",""自營商買賣超股數"":""-49,846,663"",""自營商買進股數(自行買賣)"":""0"",""自營商賣出股數(自行買賣)"":""0"",""自營商買賣超股數(自行買賣)"":""0"",""自營商買進股數(避險)"":""15,464,290"",""自營商賣出股數(避險)"":""65,310,953"",""自營商買賣超股數(避險)"":""-49,846,663"",""三大法人買賣超股數"":""-85,743,763""}"
