date,nav,cash,market_value,positions,peak,drawdown
20210104,1300000.0,1300000.0,0.0,0,1300000.0,0.0
20210105,1285985.597,580785.5970000001,705200.0,3,1300000.0,-0.010780309999999904
20210106,1242976.977,336576.9770000001,906400.0,4,1300000.0,-0.04386386384615393
20210107,1236979.533,568479.533,668500.0,3,1300000.0,-0.048477282307692215
20210108,1231885.79,341685.79000000004,890200.0,4,1300000.0,-0.05239554615384612
20210111,1247539.232,560439.2320000001,687100.0,3,1300000.0,-0.04035443692307683
20210112,1228735.0580000002,321435.0580000001,907300.0,4,1300000.0,-0.054819186153845956
20210113,1238885.512,319235.5120000001,919650.0,4,1300000.0,-0.04701114461538458
20210114,1264971.0780000002,68221.0780000001,1196750.0,5,1300000.0,-0.02694532461538446
20210115,1260604.244,318054.24400000006,942550.0,4,1300000.0,-0.03030442769230768
20210118,1285054.244,318054.24400000006,967000.0,4,1300000.0,-0.011496735384615375
20210119,1294904.244,318054.24400000006,976850.0,4,1300000.0,-0.003919812307692339
20210120,1258354.244,318054.24400000006,940300.0,4,1300000.0,-0.03203519692307699
20210121,1239004.244,318054.24400000006,920950.0,4,1300000.0,-0.04691981230769238
20210122,1264054.244,318054.24400000006,946000.0,4,1300000.0,-0.02765058153846156
20210125,1272204.244,318054.24400000006,954150.0,4,1300000.0,-0.021381350769230756
20210126,1283204.244,318054.24400000006,965150.0,4,1300000.0,-0.012919812307692347
20210127,1324404.244,318054.24400000006,1006350.0,4,1324404.244,0.0
20210128,1332904.244,318054.24400000006,1014850.0,4,1332904.244,0.0
20210129,1290954.244,318054.24400000006,972900.0,4,1332904.244,-0.03147262842686249
20210201,1290587.87075,344087.87075,946500.0,4,1332904.244,-0.03174749682168465
20210202,1272187.87075,344087.87075,928100.0,4,1332904.244,-0.045551939325958024
20210203,1256086.41625,551186.41625,704900.0,3,1332904.244,-0.057631917743372396
20210204,1260636.41625,551186.41625,709450.0,3,1332904.244,-0.054218319189326514
20210205,1274386.41625,551186.41625,723200.0,3,1332904.244,-0.043902499383143945
20210217,1295086.41625,551186.41625,743900.0,3,1332904.244,-0.028372501565836372
20210218,1296886.41625,551186.41625,745700.0,3,1332904.244,-0.027022066973027004
20210219,1309936.41625,551186.41625,758750.0,3,1332904.244,-0.01723141617515922
20210222,1338736.41625,551186.41625,787550.0,3,1338736.41625,0.0
20210223,1322636.41625,551186.41625,771450.0,3,1338736.41625,-0.012026265816461823
20210224,1327686.41625,551186.41625,776500.0,3,1338736.41625,-0.00825405200446605
20210225,1324636.41625,551186.41625,773450.0,3,1338736.41625,-0.010532319752305064
20210226,1331236.41625,551186.41625,780050.0,3,1338736.41625,-0.005602297740587847
20210302,1314442.74125,265942.74125,1048500.0,4,1338736.41625,-0.018146720075076672
20210303,1316542.74125,265942.74125,1050600.0,4,1338736.41625,-0.016578076707712053
20210304,1326792.74125,265942.74125,1060850.0,4,1338736.41625,-0.008921603128908773
20210305,1310692.74125,265942.74125,1044750.0,4,1338736.41625,-0.020947868945370596
20210308,1321942.74125,265942.74125,1056000.0,4,1338736.41625,-0.012544422334488825
20210309,1329442.74125,265942.74125,1063500.0,4,1338736.41625,-0.006942124593900978
20210310,1339892.74125,265942.74125,1073950.0,4,1339892.74125,0.0
20210311,1342942.74125,265942.74125,1077000.0,4,1342942.74125,0.0
20210312,1357919.23875,530419.23875,827500.0,3,1357919.23875,0.0
20210315,1398319.23875,530419.23875,867900.0,3,1398319.23875,0.0
20210316,1407769.23875,530419.23875,877350.0,3,1407769.23875,0.0
20210317,1418119.23875,530419.23875,887700.0,3,1418119.23875,0.0
20210318,1446448.17075,388698.17075000005,1057750.0,4,1446448.17075,0.0
20210319,1464248.17075,388698.17075000005,1075550.0,4,1464248.17075,0.0
20210322,1495198.17075,388698.17075000005,1106500.0,4,1495198.17075,0.0
20210323,1442148.17075,388698.17075000005,1053450.0,4,1495198.17075,-0.035480246724345466
20210324,1453898.17075,388698.17075000005,1065200.0,4,1495198.17075,-0.027621756639311323
20210325,1471248.17075,388698.17075000005,1082550.0,4,1495198.17075,-0.016017943620133313
20210326,1462748.17075,388698.17075000005,1074050.0,4,1495198.17075,-0.021702808788030326
20210329,1464948.17075,388698.17075000005,1076250.0,4,1495198.17075,-0.020231431921045262
20210330,1470965.83575,565015.8357500001,905950.0,3,1495198.17075,-0.016206771432742517
20210331,1482715.83575,565015.8357500001,917700.0,3,1495198.17075,-0.008348281347708375
20210401,1504515.83575,565015.8357500001,939500.0,3,1504515.83575,0.0
20210406,1512704.5905000002,259204.5905000001,1253500.0,4,1512704.5905000002,0.0
20210407,1519804.5905000002,259204.5905000001,1260600.0,4,1519804.5905000002,0.0
20210408,1509254.5905000002,259204.5905000001,1250050.0,4,1519804.5905000002,-0.006941681888544049
20210409,1484054.5905000002,259204.5905000001,1224850.0,4,1519804.5905000002,-0.0235227609019385
20210412,1470954.5905000002,259204.5905000001,1211750.0,4,1519804.5905000002,-0.032142290071599855
20210413,1476553.9000000001,496553.90000000014,980000.0,4,1519804.5905000002,-0.028458060181125622
20210414,1465853.9000000001,496553.90000000014,969300.0,4,1519804.5905000002,-0.035498438968558976
20210415,1475903.9000000001,496553.90000000014,979350.0,4,1519804.5905000002,-0.028885746742979057
20210416,1479801.5582500002,460651.55825000023,1019150.0,4,1519804.5905000002,-0.0263211681949449
20210419,1502201.5582500002,460651.55825000023,1041550.0,4,1519804.5905000002,-0.01158243129414993
20210420,1515664.1392500002,440014.13925000024,1075650.0,4,1519804.5905000002,-0.0027243313225141508
20210421,1491264.1392500002,440014.13925000024,1051250.0,4,1519804.5905000002,-0.01877902687516586
20210422,1450314.1392500002,440014.13925000024,1010300.0,4,1519804.5905000002,-0.04572328027193173
20210423,1428356.6100000003,370356.6100000003,1058000.0,4,1519804.5905000002,-0.06017088056689868
20210426,1456056.6100000003,370356.6100000003,1085700.0,4,1519804.5905000002,-0.041944853238683355
20210427,1452787.8155000003,114237.81550000029,1338550.0,5,1519804.5905000002,-0.04409565244039171
20210428,1412537.8155000003,114237.81550000029,1298300.0,5,1519804.5905000002,-0.07057932030900782
20210429,1439437.8155000003,114237.81550000029,1325200.0,5,1519804.5905000002,-0.05287967644153524
20210503,1405137.8155000003,114237.81550000029,1290900.0,5,1519804.5905000002,-0.07544836732087756
20210504,1375768.1940000004,894518.1940000004,481250.0,2,1519804.5905000002,-0.09477297107821825
20210505,1382918.1940000004,894518.1940000004,488400.0,2,1519804.5905000002,-0.09006841889783057
20210506,1406018.1940000004,894518.1940000004,511500.0,2,1519804.5905000002,-0.07486909646888562
20210507,1410418.1940000004,894518.1940000004,515900.0,2,1519804.5905000002,-0.07197398743480099
20210510,1437588.6265000002,625788.6265000004,811800.0,3,1519804.5905000002,-0.05409640457326936
20210511,1428638.6265000002,625788.6265000004,802850.0,3,1519804.5905000002,-0.05998531954032804
20210512,1389032.4715000005,885782.4715000003,503250.0,2,1519804.5905000002,-0.08604535070984165
20210513,1366482.4715000005,885782.4715000003,480700.0,2,1519804.5905000002,-0.10088278450952581
20210514,1359882.4715000005,885782.4715000003,474100.0,2,1519804.5905000002,-0.10522544806065293
20210517,1334032.4715000005,885782.4715000003,448250.0,2,1519804.5905000002,-0.12223421363590081
20210518,1358232.4715000005,885782.4715000003,472450.0,2,1519804.5905000002,-0.10631111394843473
20210519,1374732.4715000005,885782.4715000003,488950.0,2,1519804.5905000002,-0.095454455070617
20210520,1357132.4715000005,885782.4715000003,471350.0,2,1519804.5905000002,-0.10703489120695597
20210521,1366482.4715000005,885782.4715000003,480700.0,2,1519804.5905000002,-0.10088278450952581
20210524,1361532.4715000005,885782.4715000003,475750.0,2,1519804.5905000002,-0.10413978217287123
20210525,1360432.4715000005,885782.4715000003,474650.0,2,1519804.5905000002,-0.10486355943139236
20210526,1364282.4715000005,885782.4715000003,478500.0,2,1519804.5905000002,-0.10233033902656818
20210527,1374507.9757500002,857107.9757500003,517400.0,3,1519804.5905000002,-0.09560216863287596
20210528,1388607.9757500002,857107.9757500003,531500.0,3,1519804.5905000002,-0.08632466013728624
20210531,1403172.8935000002,581922.8935000004,821250.0,4,1519804.5905000002,-0.07674124537393934
20210601,1431022.8935000002,581922.8935000004,849100.0,4,1519804.5905000002,-0.05841652114683482
20210602,1476138.8372500003,307938.83725000033,1168200.0,5,1519804.5905000002,-0.028731162889588435
20210603,1485738.8372500003,307938.83725000033,1177800.0,5,1519804.5905000002,-0.02241456136067632
20210604,1487738.8372500003,307938.83725000033,1179800.0,5,1519804.5905000002,-0.02109860270881969
20210607,1486538.8372500003,307938.83725000033,1178600.0,5,1519804.5905000002,-0.021888177899933692
20210608,1518638.8372500003,307938.83725000033,1210700.0,5,1519804.5905000002,-0.0007670415376336281
20210609,1497488.8372500003,307938.83725000033,1189550.0,5,1519804.5905000002,-0.014683304281018272
20210610,1482888.8372500003,307938.83725000033,1174950.0,5,1519804.5905000002,-0.024289802439572128
20210611,1445088.8372500003,307938.83725000033,1137150.0,5,1519804.5905000002,-0.04916142095966369
20210615,1487888.8372500003,307938.83725000033,1179950.0,5,1519804.5905000002,-0.020999905809930386
20210616,1488621.0460000003,687221.0460000003,801400.0,3,1519804.5905000002,-0.02051812759016658
20210617,1507708.6465000003,380058.6465000003,1127650.0,4,1519804.5905000002,-0.007958881079586977
20210618,1532558.6465000003,380058.6465000003,1152500.0,4,1532558.6465000003,0.0
20210621,1573558.6465000003,380058.6465000003,1193500.0,4,1573558.6465000003,0.0
20210622,1620433.8825000003,593083.8825000003,1027350.0,4,1620433.8825000003,0.0
20210623,1601783.8825000003,593083.8825000003,1008700.0,4,1620433.8825000003,-0.011509263167977513
20210624,1660905.6125000003,500105.61250000034,1160800.0,4,1660905.6125000003,0.0
20210625,1685405.6125000003,500105.61250000034,1185300.0,4,1685405.6125000003,0.0
20210628,1691805.6125000003,500105.61250000034,1191700.0,4,1691805.6125000003,0.0
20210629,1724755.6125000003,500105.61250000034,1224650.0,4,1724755.6125000003,0.0
20210630,1755305.6125000003,500105.61250000034,1255200.0,4,1755305.6125000003,0.0
20210701,1754355.6125000003,500105.61250000034,1254250.0,4,1755305.6125000003,-0.0005412162948917887
20210702,1782105.6125000003,500105.61250000034,1282000.0,4,1782105.6125000003,0.0
20210705,1818705.6125000003,500105.61250000034,1318600.0,4,1818705.6125000003,0.0
20210706,1851405.6125000003,500105.61250000034,1351300.0,4,1851405.6125000003,0.0
20210707,1829705.6125000003,500105.61250000034,1329600.0,4,1851405.6125000003,-0.011720824358254944
20210708,1840455.6125000003,500105.61250000034,1340350.0,4,1851405.6125000003,-0.005914425194603279
20210709,1846605.6125000003,500105.61250000034,1346500.0,4,1851405.6125000003,-0.002592624742839833
20210712,1861010.6775000002,795960.6775000003,1065050.0,3,1861010.6775000002,0.0
20210713,1814806.3162500004,795156.3162500004,1019650.0,3,1861010.6775000002,-0.02482756375802675
20210714,1748329.6337500005,399829.63375000044,1348500.0,4,1861010.6775000002,-0.060548305881495734
20210715,1761079.6337500005,399829.63375000044,1361250.0,4,1861010.6775000002,-0.05369718989696648
20210716,1737654.3187500006,651854.3187500004,1085800.0,3,1861010.6775000002,-0.06628460558631033
20210719,1770154.3187500006,651854.3187500004,1118300.0,3,1861010.6775000002,-0.04882097660613749
20210720,1767367.6815000006,1140367.6815000006,627000.0,2,1861010.6775000002,-0.05031835503802451
20210721,1766049.2715000007,1481049.2715000007,285000.0,1,1861010.6775000002,-0.05102679267137067
20210722,1772049.2715000007,1481049.2715000007,291000.0,1,1861010.6775000002,-0.047802738090415686
20210723,1800549.2715000007,1481049.2715000007,319500.0,1,1861010.6775000002,-0.032488478830879464
20210726,1842535.980000001,763135.9800000009,1079400.0,3,1861010.6775000002,-0.009927238851105025
20210727,1790425.264500001,1158175.264500001,632250.0,2,1861010.6775000002,-0.037928537355207737
20210728,1765825.264500001,1158175.264500001,607650.0,2,1861010.6775000002,-0.05114716113712314
20210729,1806925.264500001,1158175.264500001,648750.0,2,1861010.6775000002,-0.02906238725758159
20210730,1772869.4820000012,787869.4820000011,985000.0,3,1861010.6775000002,-0.047362004187103346
20210802,1775060.548000001,769910.5480000011,1005150.0,3,1861010.6775000002,-0.046184651458024306
20210803,1805560.548000001,769910.5480000011,1035650.0,3,1861010.6775000002,-0.02979570733816983
20210804,1805935.348750001,430035.3487500011,1375900.0,4,1861010.6775000002,-0.029594310992339334
20210805,1906735.348750001,430035.3487500011,1476700.0,4,1906735.348750001,0.0
20210806,1946763.422250001,449163.42225000105,1497600.0,4,1946763.422250001,0.0
20210809,1870563.422250001,449163.42225000105,1421400.0,4,1946763.422250001,-0.03914189013882885
20210810,1833963.422250001,449163.42225000105,1384800.0,4,1946763.422250001,-0.057942325559841135
20210811,1763816.752500001,745466.7525000011,1018350.0,3,1946763.422250001,-0.09397478279027682
20210812,1769245.4707500013,1474495.4707500013,294750.0,1,1946763.422250001,-0.09118619626355562
20210813,1752318.9571280014,1012564.4571280013,739754.5,4,1946763.422250001,-0.09988089096992969
20210816,1736666.6746340012,1449416.6746340012,287250.0,1,1946763.422250001,-0.10792104742402508
20210817,1740416.6746340012,1449416.6746340012,291000.0,1,1946763.422250001,-0.10599477330301976
20210818,1755416.6746340012,1449416.6746340012,306000.0,1,1946763.422250001,-0.09828967681899836
20210819,1752416.6746340012,1449416.6746340012,303000.0,1,1946763.422250001,-0.09983069611580264
20210820,1765916.6746340012,1449416.6746340012,316500.0,1,1946763.422250001,-0.09289610928018333
20210823,1765916.6746340012,1449416.6746340012,316500.0,1,1946763.422250001,-0.09289610928018333
20210824,1767416.6746340012,1449416.6746340012,318000.0,1,1946763.422250001,-0.09212559963178124
20210825,1774166.6746340012,1449416.6746340012,324750.0,1,1946763.422250001,-0.08865830621397153
20210826,1772167.6546340012,1772167.6546340012,0.0,0,1946763.422250001,-0.08968514901220415
20210827,1772167.6546340012,1772167.6546340012,0.0,0,1946763.422250001,-0.08968514901220415
20210830,1772167.6546340012,1772167.6546340012,0.0,0,1946763.422250001,-0.08968514901220415
20210831,1781956.5898840013,354506.58988400135,1427450.0,5,1946763.422250001,-0.08465683630706489
20210901,1809256.5898840013,354506.58988400135,1454750.0,5,1946763.422250001,-0.0706335607061459
20210902,1779206.5898840013,354506.58988400135,1424700.0,5,1946763.422250001,-0.08606943732913541
20210903,1790806.5898840013,354506.58988400135,1436300.0,5,1946763.422250001,-0.08011082938149217
20210906,1777256.5898840013,354506.58988400135,1422750.0,5,1946763.422250001,-0.08707109987205819
20210907,1776001.1751340013,769351.1751340013,1006650.0,3,1946763.422250001,-0.08771597265713915
20210908,1763551.1751340013,769351.1751340013,994200.0,3,1946763.422250001,-0.09411120273887696
20210909,1767551.1751340013,769351.1751340013,998200.0,3,1946763.422250001,-0.09205651034313789
20210910,1771001.1751340013,769351.1751340013,1001650.0,3,1946763.422250001,-0.09028433815181292
20210913,1779301.1751340013,769351.1751340013,1009950.0,3,1946763.422250001,-0.08602085143065441
20210914,1783651.1751340013,769351.1751340013,1014300.0,3,1946763.422250001,-0.08378637345028817
20210915,1786201.1751340013,769351.1751340013,1016850.0,3,1946763.422250001,-0.08247650704800458
20210916,1787101.1751340013,769351.1751340013,1017750.0,3,1946763.422250001,-0.0820142012589633
20210917,1813251.1751340013,769351.1751340013,1043900.0,3,1946763.422250001,-0.06858164972181924
20210922,1783051.1751340013,769351.1751340013,1013700.0,3,1946763.422250001,-0.08409457730964909
20210923,1827801.1751340013,769351.1751340013,1058450.0,3,1946763.422250001,-0.06110770613231853
20210924,1822801.1751340013,769351.1751340013,1053450.0,3,1946763.422250001,-0.06367607162699229
20210927,1817951.1751340013,769351.1751340013,1048600.0,3,1946763.422250001,-0.06616738615682594
20210928,1821116.1006340012,377116.1006340013,1444000.0,5,1946763.422250001,-0.06454164906734328
20210929,1805578.3411340015,774478.3411340014,1031100.0,3,1946763.422250001,-0.07252297814021114
20210930,1809978.3411340015,774478.3411340014,1035500.0,3,1946763.422250001,-0.07026281650489818
20211001,1795728.3411340015,774478.3411340014,1021250.0,3,1946763.422250001,-0.07758265816471854
20211004,1801728.3411340015,774478.3411340014,1027250.0,3,1946763.422250001,-0.07450061957110998
20211005,1811128.3411340015,774478.3411340014,1036650.0,3,1946763.422250001,-0.06967209244112327
20211006,1816878.3411340015,774478.3411340014,1042400.0,3,1946763.422250001,-0.06671847212224835
20211007,1820478.3411340015,774478.3411340014,1046000.0,3,1946763.422250001,-0.06486924896608326
20211008,1814278.3411340015,774478.3411340014,1039800.0,3,1946763.422250001,-0.06805402217947876
20211012,1812328.3411340015,774478.3411340014,1037850.0,3,1946763.422250001,-0.06905568472240153
20211013,1823778.3411340015,774478.3411340014,1049300.0,3,1946763.422250001,-0.06317412773959852
20211014,1823378.3411340015,774478.3411340014,1048900.0,3,1946763.422250001,-0.06337959697917239
20211015,1841678.3411340015,774478.3411340014,1067200.0,3,1946763.422250001,-0.05397937926866625
20211018,1838328.3411340015,774478.3411340014,1063850.0,3,1946763.422250001,-0.0557001841500977
20211019,1826028.3411340015,774478.3411340014,1051550.0,3,1946763.422250001,-0.06201836326699528
20211020,1825817.0453840015,585667.0453840015,1240150.0,4,1946763.422250001,-0.062126900209689584
20211021,1830117.0453840015,585667.0453840015,1244450.0,4,1946763.422250001,-0.059918105884270045
20211022,1821767.0453840015,585667.0453840015,1236100.0,4,1946763.422250001,-0.06420727626037537
20211025,1829217.0453840015,585667.0453840015,1243550.0,4,1946763.422250001,-0.06038041167331132
20211026,1817617.0453840015,585667.0453840015,1231950.0,4,1946763.422250001,-0.06633901962095456
20211027,1827856.7616340015,769206.7616340015,1058650.0,3,1946763.422250001,-0.061079152842604456
20211028,1827706.7616340015,769206.7616340015,1058500.0,3,1946763.422250001,-0.06115620380744469
20211029,1821556.7616340015,769206.7616340015,1052350.0,3,1946763.422250001,-0.06431529336589348
20211101,1814856.7616340015,769206.7616340015,1045650.0,3,1946763.422250001,-0.06775690312875637
20211102,1819563.9066340015,367863.9066340015,1451700.0,5,1946763.422250001,-0.06533896936947103
20211103,1846063.9066340015,367863.9066340015,1478200.0,5,1946763.422250001,-0.05172663224769991
20211104,1829413.9066340015,367863.9066340015,1461550.0,5,1946763.422250001,-0.06027928934496363
20211105,1845013.9066340015,367863.9066340015,1477150.0,5,1946763.422250001,-0.052265989001581414
20211108,1874663.9066340015,367863.9066340015,1506800.0,5,1946763.422250001,-0.03703558161816567
20211109,1881013.9066340015,367863.9066340015,1513150.0,5,1946763.422250001,-0.03377375743992994
20211110,1876399.8116340016,655749.8116340016,1220650.0,4,1946763.422250001,-0.03614389391735928
20211111,1891499.8116340016,655749.8116340016,1235750.0,4,1946763.422250001,-0.028387430123444468
20211112,1916499.8116340016,655749.8116340016,1260750.0,4,1946763.422250001,-0.01554560265007543
20211115,1933999.8116340016,655749.8116340016,1278250.0,4,1946763.422250001,-0.006556323418717036
20211116,1908692.6353840015,237642.63538400154,1671050.0,5,1946763.422250001,-0.019555939068342743
20211117,1971142.6353840015,237642.63538400154,1733500.0,5,1971142.6353840015,0.0
20211118,1982242.6353840015,237642.63538400154,1744600.0,5,1982242.6353840015,0.0
20211119,2018142.6353840015,237642.63538400154,1780500.0,5,2018142.6353840015,0.0
20211122,2052392.6353840015,237642.63538400154,1814750.0,5,2052392.6353840015,0.0
20211123,1970142.6353840015,237642.63538400154,1732500.0,5,2052392.6353840015,-0.04007517790795967
20211124,1979342.6353840015,237642.63538400154,1741700.0,5,2052392.6353840015,-0.035592604816734985
20211125,1965942.6353840015,237642.63538400154,1728300.0,5,2052392.6353840015,-0.04212156997134486
20211126,1920280.9621340013,1920280.9621340013,0.0,0,2052392.6353840015,-0.06436959038555612
20211129,1920280.9621340013,1920280.9621340013,0.0,0,2052392.6353840015,-0.06436959038555612
20211130,1920280.9621340013,1920280.9621340013,0.0,0,2052392.6353840015,-0.06436959038555612
20211201,1920280.9621340013,1920280.9621340013,0.0,0,2052392.6353840015,-0.06436959038555612
20211202,1909815.2086340012,1258015.2086340012,651800.0,2,2052392.6353840015,-0.0694688844093051
20211203,1929307.9356340014,1509307.9356340014,420000.0,1,2052392.6353840015,-0.059971322069654165
20211206,1932907.9356340014,1509307.9356340014,423599.99999999994,1,2052392.6353840015,-0.058217271729609665
20211207,1935543.6406340015,1546743.6406340015,388800.0,1,2052392.6353840015,-0.05693306082641336
20211208,1946054.6816340014,740254.6816340014,1205800.0,3,2052392.6353840015,-0.0518117010930047
20211209,1917103.5946340014,1150703.5946340014,766400.0,2,2052392.6353840015,-0.0659177188699509
20211210,1925503.5946340014,1150703.5946340014,774800.0,2,2052392.6353840015,-0.061824934743180515
20211213,1961643.4554615014,1141175.9554615014,820467.5,3,2052392.6353840015,-0.04421628608383743
20211214,1915411.4554615014,1141175.9554615014,774235.5,3,2052392.6353840015,-0.06674219033965256
20211215,1933927.7870640012,775427.7870640012,1158500.0,3,2052392.6353840015,-0.05772036318861362
20211216,1924627.7870640012,775427.7870640012,1149200.0,3,2052392.6353840015,-0.06225165990039505
20211217,1912007.328151501,759268.328151501,1152739.0,4,2052392.6353840015,-0.0684008044134472
20211220,1880898.328151501,759268.328151501,1121630.0,4,2052392.6353840015,-0.08355823553245889
20211221,1878858.328151501,759268.328151501,1119590.0,4,2052392.6353840015,-0.08455219739181741
20211222,1923262.828151501,759268.328151501,1163994.5,4,2052392.6353840015,-0.0629167173016777
20211223,1913416.828151501,759268.328151501,1154148.5,4,2052392.6353840015,-0.0677140449816992
20211224,1911817.121561501,1511017.121561501,400800.0,1,2052392.6353840015,-0.06849347995063282
20211227,1911017.121561501,1511017.121561501,400000.0,1,2052392.6353840015,-0.06888326891508711
20211228,1916617.121561501,1511017.121561501,405600.0,1,2052392.6353840015,-0.06615474616390693
20211229,1919017.121561501,1511017.121561501,408000.0,1,2052392.6353840015,-0.06498537927054393
20211230,1918217.121561501,1511017.121561501,407200.0,1,2052392.6353840015,-0.06537516823499834
20220103,1917417.121561501,1511017.121561501,406400.0,1,2052392.6353840015,-0.06576495719945263
20220104,1917417.121561501,1511017.121561501,406400.0,1,2052392.6353840015,-0.06576495719945263
20220105,1919817.121561501,1511017.121561501,408800.0,1,2052392.6353840015,-0.06459559030608963
20220106,1923017.121561501,1511017.121561501,412000.0,1,2052392.6353840015,-0.06303643444827234
20220107,1926217.121561501,1511017.121561501,415200.0,1,2052392.6353840015,-0.06147727859045515
20220110,1931817.121561501,1511017.121561501,420800.0,1,2052392.6353840015,-0.05874875583927486
20220111,1942217.121561501,1511017.121561501,431200.0,1,2052392.6353840015,-0.053681499301368674
20220112,1945417.121561501,1511017.121561501,434400.0,1,2052392.6353840015,-0.05212234344355149
20220113,1949417.121561501,1511017.121561501,438400.0,1,2052392.6353840015,-0.0501733986212799
20220114,1946217.121561501,1511017.121561501,435200.0,1,2052392.6353840015,-0.05173255447909708
20220117,1943017.121561501,1511017.121561501,432000.0,1,2052392.6353840015,-0.05329171033691438
20220118,1943817.121561501,1511017.121561501,432800.0,1,2052392.6353840015,-0.05290192137246008
20220119,1943017.121561501,1511017.121561501,432000.0,1,2052392.6353840015,-0.05329171033691438
20220120,1939817.121561501,1511017.121561501,428800.0,1,2052392.6353840015,-0.05485086619473167
20220121,1934217.121561501,1511017.121561501,423200.0,1,2052392.6353840015,-0.05757938894591186
20220124,1918785.7895615008,771985.7895615009,1146800.0,3,2052392.6353840015,-0.0650980925964505
20220125,1906816.357561501,1487616.357561501,419200.0,1,2052392.6353840015,-0.07093003322693336
20220126,1910816.357561501,1487616.357561501,423200.0,1,2052392.6353840015,-0.06898108840466177
20220207,1920416.357561501,1487616.357561501,432800.0,1,2052392.6353840015,-0.06430362083121
20220208,1943774.6140615009,1087574.6140615009,856200.0,2,2052392.6353840015,-0.05292263256546825
20220209,1968243.624061501,348943.6240615008,1619300.0,4,2052392.6353840015,-0.0410004449790653
20220210,1977643.624061501,348943.6240615008,1628700.0,4,2052392.6353840015,-0.03642042464672712
20220211,2016443.624061501,348943.6240615008,1667500.0,4,2052392.6353840015,-0.01751565987069259
20220214,1978443.624061501,348943.6240615008,1629500.0,4,2052392.6353840015,-0.036030635682272716
20220215,1973649.6205615008,1536049.6205615008,437600.0,1,2052392.6353840015,-0.03836644775709208
20220216,1974449.6205615008,1536049.6205615008,438400.0,1,2052392.6353840015,-0.037976658792637674
20220217,1975249.6205615008,1536049.6205615008,439200.0,1,2052392.6353840015,-0.03758686982818338
20220218,1973649.6205615008,1536049.6205615008,437600.0,1,2052392.6353840015,-0.03836644775709208
20220221,1972049.6205615008,1536049.6205615008,436000.0,1,2052392.6353840015,-0.039146025686000674
20220222,1967249.6205615008,1536049.6205615008,431200.0,1,2052392.6353840015,-0.04148475947272656
20220223,1968849.6205615008,1536049.6205615008,432800.0,1,2052392.6353840015,-0.04070518154381797
20220224,2011697.7025615007,1124097.7025615007,887600.0,2,2052392.6353840015,-0.01982804465427579
20220225,2004030.1850615006,1580830.1850615006,423200.0,1,2052392.6353840015,-0.023563936787101336
20220301,2028708.9868115005,1146308.9868115005,882400.0,2,2052392.6353840015,-0.011539531064468922
20220302,2089587.0618115005,710937.0618115005,1378650.0,3,2089587.0618115005,0.0
20220303,2106337.0618115,710937.0618115005,1395400.0,3,2106337.0618115,0.0
20220304,2141387.0618115,710937.0618115005,1430450.0,3,2141387.0618115,0.0
20220307,2082780.8018115005,747730.8018115005,1335050.0,3,2141387.0618115,-0.02736836373262752
20220308,2022102.7803115004,1607702.7803115004,414400.0,1,2141387.0618115,-0.05570421323041508
20220309,2022902.7803115004,1607702.7803115004,415200.0,1,2141387.0618115,-0.05533062360046592
20220310,2035702.7803115004,1607702.7803115004,428000.0,1,2141387.0618115,-0.04935318952127998
20220311,2034102.7803115004,1607702.7803115004,426400.0,1,2141387.0618115,-0.050100368781178184
20220314,2030865.1763115004,2030865.1763115004,0.0,0,2141387.0618115,-0.051612287881530494
20220315,2030865.1763115004,2030865.1763115004,0.0,0,2141387.0618115,-0.051612287881530494
20220316,2030865.1763115004,2030865.1763115004,0.0,0,2141387.0618115,-0.051612287881530494
20220317,2030865.1763115004,2030865.1763115004,0.0,0,2141387.0618115,-0.051612287881530494
20220318,2030865.1763115004,2030865.1763115004,0.0,0,2141387.0618115,-0.051612287881530494
20220321,2030865.1763115004,2030865.1763115004,0.0,0,2141387.0618115,-0.051612287881530494
20220322,2030865.1763115004,2030865.1763115004,0.0,0,2141387.0618115,-0.051612287881530494
20220323,2030865.1763115004,2030865.1763115004,0.0,0,2141387.0618115,-0.051612287881530494
20220324,2030865.1763115004,2030865.1763115004,0.0,0,2141387.0618115,-0.051612287881530494
20220325,2030865.1763115004,2030865.1763115004,0.0,0,2141387.0618115,-0.051612287881530494
20220328,2030865.1763115004,2030865.1763115004,0.0,0,2141387.0618115,-0.051612287881530494
20220329,2030865.1763115004,2030865.1763115004,0.0,0,2141387.0618115,-0.051612287881530494
20220330,2030865.1763115004,2030865.1763115004,0.0,0,2141387.0618115,-0.051612287881530494
20220331,2030865.1763115004,2030865.1763115004,0.0,0,2141387.0618115,-0.051612287881530494
20220401,2030865.1763115004,2030865.1763115004,0.0,0,2141387.0618115,-0.051612287881530494
20220406,2030865.1763115004,2030865.1763115004,0.0,0,2141387.0618115,-0.051612287881530494
20220407,2006604.0903115005,1257004.0903115005,749600.0,2,2141387.0618115,-0.06294190055766025
20220408,2027821.0913115004,2027821.0913115004,0.0,0,2141387.0618115,-0.0530338361173851
20220411,2047508.1613115005,1661508.1613115005,386000.0,1,2141387.0618115,-0.043840229622281957
20220412,2036058.6813115005,2036058.6813115005,0.0,0,2141387.0618115,-0.049186988367669215
20220413,2036058.6813115005,2036058.6813115005,0.0,0,2141387.0618115,-0.049186988367669215
20220414,2036058.6813115005,2036058.6813115005,0.0,0,2141387.0618115,-0.049186988367669215
20220415,2036058.6813115005,2036058.6813115005,0.0,0,2141387.0618115,-0.049186988367669215
20220418,2036058.6813115005,2036058.6813115005,0.0,0,2141387.0618115,-0.049186988367669215
20220419,2036058.6813115005,2036058.6813115005,0.0,0,2141387.0618115,-0.049186988367669215
20220420,2036058.6813115005,2036058.6813115005,0.0,0,2141387.0618115,-0.049186988367669215
20220421,2036058.6813115005,2036058.6813115005,0.0,0,2141387.0618115,-0.049186988367669215
20220422,2036058.6813115005,2036058.6813115005,0.0,0,2141387.0618115,-0.049186988367669215
20220425,2036058.6813115005,2036058.6813115005,0.0,0,2141387.0618115,-0.049186988367669215
20220426,2036058.6813115005,2036058.6813115005,0.0,0,2141387.0618115,-0.049186988367669215
20220427,2036058.6813115005,2036058.6813115005,0.0,0,2141387.0618115,-0.049186988367669215
20220428,2036058.6813115005,2036058.6813115005,0.0,0,2141387.0618115,-0.049186988367669215
20220429,2036058.6813115005,2036058.6813115005,0.0,0,2141387.0618115,-0.049186988367669215
20220503,2036058.6813115005,2036058.6813115005,0.0,0,2141387.0618115,-0.049186988367669215
20220504,2036058.6813115005,2036058.6813115005,0.0,0,2141387.0618115,-0.049186988367669215
20220505,2036058.6813115005,2036058.6813115005,0.0,0,2141387.0618115,-0.049186988367669215
20220506,2036058.6813115005,2036058.6813115005,0.0,0,2141387.0618115,-0.049186988367669215
20220509,2036058.6813115005,2036058.6813115005,0.0,0,2141387.0618115,-0.049186988367669215
20220510,2036058.6813115005,2036058.6813115005,0.0,0,2141387.0618115,-0.049186988367669215
20220511,2036058.6813115005,2036058.6813115005,0.0,0,2141387.0618115,-0.049186988367669215
20220512,2036058.6813115005,2036058.6813115005,0.0,0,2141387.0618115,-0.049186988367669215
20220513,2036058.6813115005,2036058.6813115005,0.0,0,2141387.0618115,-0.049186988367669215
20220516,2036058.6813115005,2036058.6813115005,0.0,0,2141387.0618115,-0.049186988367669215
20220517,2036058.6813115005,2036058.6813115005,0.0,0,2141387.0618115,-0.049186988367669215
20220518,2036058.6813115005,2036058.6813115005,0.0,0,2141387.0618115,-0.049186988367669215
20220519,2036058.6813115005,2036058.6813115005,0.0,0,2141387.0618115,-0.049186988367669215
20220520,2036058.6813115005,2036058.6813115005,0.0,0,2141387.0618115,-0.049186988367669215
20220523,2036058.6813115005,2036058.6813115005,0.0,0,2141387.0618115,-0.049186988367669215
20220524,2036058.6813115005,2036058.6813115005,0.0,0,2141387.0618115,-0.049186988367669215
20220525,2036058.6813115005,2036058.6813115005,0.0,0,2141387.0618115,-0.049186988367669215
20220526,2036058.6813115005,2036058.6813115005,0.0,0,2141387.0618115,-0.049186988367669215
20220527,2036058.6813115005,2036058.6813115005,0.0,0,2141387.0618115,-0.049186988367669215
20220530,2036058.6813115005,2036058.6813115005,0.0,0,2141387.0618115,-0.049186988367669215
20220531,2036058.6813115005,2036058.6813115005,0.0,0,2141387.0618115,-0.049186988367669215
20220601,2036058.6813115005,2036058.6813115005,0.0,0,2141387.0618115,-0.049186988367669215
20220602,2036058.6813115005,2036058.6813115005,0.0,0,2141387.0618115,-0.049186988367669215
20220606,2036058.6813115005,2036058.6813115005,0.0,0,2141387.0618115,-0.049186988367669215
20220607,2010034.2340615005,1597734.2340615005,412300.0,1,2141387.0618115,-0.06134006788986679
20220608,2050884.2340615005,1597734.2340615005,453150.0,1,2141387.0618115,-0.04226364741058963
20220609,2071784.2340615005,1597734.2340615005,474050.0,1,2141387.0618115,-0.032503618328168726
20220610,2084134.2340615005,1597734.2340615005,486400.0,1,2141387.0618115,-0.02673632841582918
20220613,2096484.2340615005,1597734.2340615005,498750.0,1,2141387.0618115,-0.020969038503489523
20220614,2105917.6058115005,2105917.6058115005,0.0,0,2141387.0618115,-0.01656377617692084
20220615,2105917.6058115005,2105917.6058115005,0.0,0,2141387.0618115,-0.01656377617692084
20220616,2105917.6058115005,2105917.6058115005,0.0,0,2141387.0618115,-0.01656377617692084
20220617,2105917.6058115005,2105917.6058115005,0.0,0,2141387.0618115,-0.01656377617692084
20220620,2105917.6058115005,2105917.6058115005,0.0,0,2141387.0618115,-0.01656377617692084
20220621,2105917.6058115005,2105917.6058115005,0.0,0,2141387.0618115,-0.01656377617692084
20220622,2105917.6058115005,2105917.6058115005,0.0,0,2141387.0618115,-0.01656377617692084
20220623,2105917.6058115005,2105917.6058115005,0.0,0,2141387.0618115,-0.01656377617692084
20220624,2105917.6058115005,2105917.6058115005,0.0,0,2141387.0618115,-0.01656377617692084
20220627,2105917.6058115005,2105917.6058115005,0.0,0,2141387.0618115,-0.01656377617692084
20220628,2105917.6058115005,2105917.6058115005,0.0,0,2141387.0618115,-0.01656377617692084
20220629,2105917.6058115005,2105917.6058115005,0.0,0,2141387.0618115,-0.01656377617692084
20220630,2105917.6058115005,2105917.6058115005,0.0,0,2141387.0618115,-0.01656377617692084
20220701,2105917.6058115005,2105917.6058115005,0.0,0,2141387.0618115,-0.01656377617692084
20220704,2105917.6058115005,2105917.6058115005,0.0,0,2141387.0618115,-0.01656377617692084
20220705,2105917.6058115005,2105917.6058115005,0.0,0,2141387.0618115,-0.01656377617692084
20220706,2105917.6058115005,2105917.6058115005,0.0,0,2141387.0618115,-0.01656377617692084
20220707,2105917.6058115005,2105917.6058115005,0.0,0,2141387.0618115,-0.01656377617692084
20220708,2105917.6058115005,2105917.6058115005,0.0,0,2141387.0618115,-0.01656377617692084
20220711,2105917.6058115005,2105917.6058115005,0.0,0,2141387.0618115,-0.01656377617692084
20220712,2105917.6058115005,2105917.6058115005,0.0,0,2141387.0618115,-0.01656377617692084
20220713,2105917.6058115005,2105917.6058115005,0.0,0,2141387.0618115,-0.01656377617692084
20220714,2105917.6058115005,2105917.6058115005,0.0,0,2141387.0618115,-0.01656377617692084
20220715,2105917.6058115005,2105917.6058115005,0.0,0,2141387.0618115,-0.01656377617692084
20220718,2105917.6058115005,2105917.6058115005,0.0,0,2141387.0618115,-0.01656377617692084
20220719,2105917.6058115005,2105917.6058115005,0.0,0,2141387.0618115,-0.01656377617692084
20220720,2105917.6058115005,2105917.6058115005,0.0,0,2141387.0618115,-0.01656377617692084
20220721,2105917.6058115005,2105917.6058115005,0.0,0,2141387.0618115,-0.01656377617692084
20220722,2105917.6058115005,2105917.6058115005,0.0,0,2141387.0618115,-0.01656377617692084
20220725,2105917.6058115005,2105917.6058115005,0.0,0,2141387.0618115,-0.01656377617692084
20220726,2105917.6058115005,2105917.6058115005,0.0,0,2141387.0618115,-0.01656377617692084
20220727,2105917.6058115005,2105917.6058115005,0.0,0,2141387.0618115,-0.01656377617692084
20220728,2105917.6058115005,2105917.6058115005,0.0,0,2141387.0618115,-0.01656377617692084
20220729,2105917.6058115005,2105917.6058115005,0.0,0,2141387.0618115,-0.01656377617692084
20220801,2105917.6058115005,2105917.6058115005,0.0,0,2141387.0618115,-0.01656377617692084
20220802,2121279.3988115005,1241779.3988115005,879500.0,2,2141387.0618115,-0.00939001797413952
20220803,2103544.4383115005,2103544.4383115005,0.0,0,2141387.0618115,-0.01767201463708612
20220804,2103544.4383115005,2103544.4383115005,0.0,0,2141387.0618115,-0.01767201463708612
20220805,2103544.4383115005,2103544.4383115005,0.0,0,2141387.0618115,-0.01767201463708612
20220808,2103544.4383115005,2103544.4383115005,0.0,0,2141387.0618115,-0.01767201463708612
20220809,2103544.4383115005,2103544.4383115005,0.0,0,2141387.0618115,-0.01767201463708612
20220810,2103157.2943115006,1650357.2943115006,452800.0,1,2141387.0618115,-0.017852805866707344
20220811,2101557.2943115006,1650357.2943115006,451200.0,1,2141387.0618115,-0.018599985126605656
20220812,2088757.2943115006,1650357.2943115006,438400.0,1,2141387.0618115,-0.024577419205791595
20220815,2127157.2943115006,1650357.2943115006,476800.0,1,2141387.0618115,-0.006645116968233666
20220816,2119157.2943115006,1650357.2943115006,468800.0,1,2141387.0618115,-0.010381013267724892
20220817,2114357.2943115006,1650357.2943115006,464000.0,1,2141387.0618115,-0.012622551047419606
20220818,2130357.2943115006,1650357.2943115006,480000.0,1,2141387.0618115,-0.005150758448437154
20220819,2127157.2943115006,1650357.2943115006,476800.0,1,2141387.0618115,-0.006645116968233666
20220822,2122357.2943115006,1650357.2943115006,472000.0,1,2141387.0618115,-0.00888665474792838
20220823,2104757.2943115006,1650357.2943115006,454400.0,1,2141387.0618115,-0.017105626606809143
20220824,2117557.2943115006,1650357.2943115006,467200.0,1,2141387.0618115,-0.011128192527623093
20220825,2123957.2943115006,1650357.2943115006,473600.0,1,2141387.0618115,-0.008139475488030179
20220826,2170357.2943115006,1650357.2943115006,520000.0,1,2170357.2943115006,0.0
20220829,2200757.2943115006,1650357.2943115006,550400.0,1,2200757.2943115006,0.0
20220830,2195447.838311501,2195447.838311501,0.0,0,2200757.2943115006,-0.0024125586286700695
20220831,2195447.838311501,2195447.838311501,0.0,0,2200757.2943115006,-0.0024125586286700695
20220901,2195447.838311501,2195447.838311501,0.0,0,2200757.2943115006,-0.0024125586286700695
20220902,2195447.838311501,2195447.838311501,0.0,0,2200757.2943115006,-0.0024125586286700695
20220905,2195447.838311501,2195447.838311501,0.0,0,2200757.2943115006,-0.0024125586286700695
20220906,2195447.838311501,2195447.838311501,0.0,0,2200757.2943115006,-0.0024125586286700695
20220907,2195447.838311501,2195447.838311501,0.0,0,2200757.2943115006,-0.0024125586286700695
20220908,2195447.838311501,2195447.838311501,0.0,0,2200757.2943115006,-0.0024125586286700695
20220912,2195447.838311501,2195447.838311501,0.0,0,2200757.2943115006,-0.0024125586286700695
20220913,2195447.838311501,2195447.838311501,0.0,0,2200757.2943115006,-0.0024125586286700695
20220914,2195447.838311501,2195447.838311501,0.0,0,2200757.2943115006,-0.0024125586286700695
20220915,2195447.838311501,2195447.838311501,0.0,0,2200757.2943115006,-0.0024125586286700695
20220916,2195447.838311501,2195447.838311501,0.0,0,2200757.2943115006,-0.0024125586286700695
20220919,2195447.838311501,2195447.838311501,0.0,0,2200757.2943115006,-0.0024125586286700695
20220920,2195447.838311501,2195447.838311501,0.0,0,2200757.2943115006,-0.0024125586286700695
20220921,2195447.838311501,2195447.838311501,0.0,0,2200757.2943115006,-0.0024125586286700695
20220922,2195447.838311501,2195447.838311501,0.0,0,2200757.2943115006,-0.0024125586286700695
20220923,2195447.838311501,2195447.838311501,0.0,0,2200757.2943115006,-0.0024125586286700695
20220926,2195447.838311501,2195447.838311501,0.0,0,2200757.2943115006,-0.0024125586286700695
20220927,2195447.838311501,2195447.838311501,0.0,0,2200757.2943115006,-0.0024125586286700695
20220928,2195447.838311501,2195447.838311501,0.0,0,2200757.2943115006,-0.0024125586286700695
20220929,2195447.838311501,2195447.838311501,0.0,0,2200757.2943115006,-0.0024125586286700695
20220930,2195447.838311501,2195447.838311501,0.0,0,2200757.2943115006,-0.0024125586286700695
20221003,2195447.838311501,2195447.838311501,0.0,0,2200757.2943115006,-0.0024125586286700695
20221004,2195447.838311501,2195447.838311501,0.0,0,2200757.2943115006,-0.0024125586286700695
20221005,2195447.838311501,2195447.838311501,0.0,0,2200757.2943115006,-0.0024125586286700695
20221006,2195447.838311501,2195447.838311501,0.0,0,2200757.2943115006,-0.0024125586286700695
20221007,2195447.838311501,2195447.838311501,0.0,0,2200757.2943115006,-0.0024125586286700695
20221011,2195447.838311501,2195447.838311501,0.0,0,2200757.2943115006,-0.0024125586286700695
20221012,2195447.838311501,2195447.838311501,0.0,0,2200757.2943115006,-0.0024125586286700695
20221013,2195447.838311501,2195447.838311501,0.0,0,2200757.2943115006,-0.0024125586286700695
20221014,2195447.838311501,2195447.838311501,0.0,0,2200757.2943115006,-0.0024125586286700695
20221017,2195447.838311501,2195447.838311501,0.0,0,2200757.2943115006,-0.0024125586286700695
20221018,2195447.838311501,2195447.838311501,0.0,0,2200757.2943115006,-0.0024125586286700695
20221019,2195447.838311501,2195447.838311501,0.0,0,2200757.2943115006,-0.0024125586286700695
20221020,2195447.838311501,2195447.838311501,0.0,0,2200757.2943115006,-0.0024125586286700695
20221021,2195447.838311501,2195447.838311501,0.0,0,2200757.2943115006,-0.0024125586286700695
20221024,2195447.838311501,2195447.838311501,0.0,0,2200757.2943115006,-0.0024125586286700695
20221025,2195447.838311501,2195447.838311501,0.0,0,2200757.2943115006,-0.0024125586286700695
20221026,2195447.838311501,2195447.838311501,0.0,0,2200757.2943115006,-0.0024125586286700695
20221027,2195447.838311501,2195447.838311501,0.0,0,2200757.2943115006,-0.0024125586286700695
20221028,2195447.838311501,2195447.838311501,0.0,0,2200757.2943115006,-0.0024125586286700695
20221031,2195447.838311501,2195447.838311501,0.0,0,2200757.2943115006,-0.0024125586286700695
20221101,2195447.838311501,2195447.838311501,0.0,0,2200757.2943115006,-0.0024125586286700695
20221102,2195447.838311501,2195447.838311501,0.0,0,2200757.2943115006,-0.0024125586286700695
20221103,2195447.838311501,2195447.838311501,0.0,0,2200757.2943115006,-0.0024125586286700695
20221104,2195447.838311501,2195447.838311501,0.0,0,2200757.2943115006,-0.0024125586286700695
20221107,2195447.838311501,2195447.838311501,0.0,0,2200757.2943115006,-0.0024125586286700695
20221108,2195447.838311501,2195447.838311501,0.0,0,2200757.2943115006,-0.0024125586286700695
20221109,2195447.838311501,2195447.838311501,0.0,0,2200757.2943115006,-0.0024125586286700695
20221110,2195447.838311501,2195447.838311501,0.0,0,2200757.2943115006,-0.0024125586286700695
20221111,2195447.838311501,2195447.838311501,0.0,0,2200757.2943115006,-0.0024125586286700695
20221114,2190849.237311501,1728849.2373115008,462000.0,1,2200757.2943115006,-0.004502112534448877
20221115,2232849.237311501,1728849.2373115008,504000.0,1,2232849.237311501,0.0
20221116,2243349.237311501,1728849.2373115008,514500.0,1,2243349.237311501,0.0
20221117,2294449.237311501,1728849.2373115008,565600.0,1,2294449.237311501,0.0
20221118,2316849.237311501,1728849.2373115008,588000.0,1,2316849.237311501,0.0
20221121,2372849.237311501,1728849.2373115008,644000.0,1,2372849.237311501,0.0
20221122,2365849.237311501,1728849.2373115008,637000.0,1,2372849.237311501,-0.00295003993086862
20221123,2347564.599811501,1820164.5998115006,527400.0,1,2372849.237311501,-0.010655812894648231
20221124,2343964.599811501,1820164.5998115006,523800.0,1,2372849.237311501,-0.012172976287666337
20221125,2342764.5998115004,1820164.5998115006,522599.99999999994,1,2372849.237311501,-0.012678697418672669
20221128,2348164.599811501,1820164.5998115006,528000.0,1,2372849.237311501,-0.010402952329145232
20221129,2352964.599811501,1820164.5998115006,532800.0,1,2372849.237311501,-0.008380067805121016
20221130,2366199.8698115004,663099.8698115007,1703100.0,4,2372849.237311501,-0.0028022713771459484
20221201,2353649.8698115004,663099.8698115007,1690550.0,4,2372849.237311501,-0.008091271538917533
20221202,2337999.8698115004,663099.8698115007,1674900.0,4,2372849.237311501,-0.01468671795578802
20221205,2344749.8698115004,663099.8698115007,1681650.0,4,2372849.237311501,-0.011842036593878946
20221206,2337599.8698115004,663099.8698115007,1674500.0,4,2372849.237311501,-0.014855291666123316
20221207,2341153.3285615006,602453.3285615008,1738700.0,4,2372849.237311501,-0.013357742351095436
20221208,2346903.3285615006,602453.3285615008,1744450.0,4,2372849.237311501,-0.01093449526502488
20221209,2336615.758561501,935165.7585615008,1401450.0,3,2372849.237311501,-0.015270029878111324
20221212,2339324.2035615006,593874.2035615009,1745450.0,4,2372849.237311501,-0.014128598320888308
20221213,2317574.2035615006,593874.2035615009,1723700.0,4,2372849.237311501,-0.023294793820372806
20221214,2322795.642561501,459945.6425615009,1862850.0,4,2372849.237311501,-0.021094300456573567
20221215,2303545.642561501,459945.6425615009,1843600.0,4,2372849.237311501,-0.02920691026646216
20221216,2291595.642561501,459945.6425615009,1831650.0,4,2372849.237311501,-0.034243049862730635
20221219,2335045.642561501,459945.6425615009,1875100.0,4,2372849.237311501,-0.015931730577553482
20221220,2297945.642561501,459945.6425615009,1838000.0,4,2372849.237311501,-0.03156694221115697
20221221,2314144.356561501,951244.3565615009,1362900.0,3,2372849.237311501,-0.024740248907054063
20221222,2345394.356561501,951244.3565615009,1394150.0,3,2372849.237311501,-0.011570427787105042
20221223,2316744.356561501,951244.3565615009,1365500.0,3,2372849.237311501,-0.023644519789874363
20221226,2283725.363811501,460775.363811501,1822950.0,4,2372849.237311501,-0.037559855088383
20221227,2278475.363811501,460775.363811501,1817700.0,4,2372849.237311501,-0.03977238503653446
20221228,2257550.364811501,560600.3648115009,1696950.0,4,2372849.237311501,-0.048590896837018005
20221229,2250880.430811501,460180.4308115009,1790700.0,4,2372849.237311501,-0.05140183564219769
20221230,2252030.430811501,460180.4308115009,1791850.0,4,2372849.237311501,-0.050917186224983535
20230103,2248380.430811501,460180.4308115009,1788200.0,4,2372849.237311501,-0.052455421331793595
20230104,2247080.430811501,460180.4308115009,1786900.0,4,2372849.237311501,-0.0530032858903835
20230105,2244080.430811501,460180.4308115009,1783900.0,4,2372849.237311501,-0.05426758871789861
20230106,2256930.430811501,460180.4308115009,1796750.0,4,2372849.237311501,-0.04885215827337552
20230109,2291458.173311501,567758.1733115009,1723700.0,4,2372849.237311501,-0.03430098411655447
20230110,2289458.173311501,567758.1733115009,1721700.0,4,2372849.237311501,-0.03514385266823128
20230111,2289058.173311501,567758.1733115009,1721300.0,4,2372849.237311501,-0.035312426378566575
20230112,2268308.173311501,567758.1733115009,1700550.0,4,2372849.237311501,-0.04405718760221278
20230113,2269408.173311501,567758.1733115009,1701650.0,4,2372849.237311501,-0.043593609898790575
20230116,2281808.173311501,567758.1733115009,1714050.0,4,2372849.237311501,-0.03836782487839474
20230117,2290108.173311501,567758.1733115009,1722350.0,4,2372849.237311501,-0.034869920388936326
20230130,2311458.173311501,567758.1733115009,1743700.0,4,2372849.237311501,-0.025872298599787125
20230131,2278358.173311501,567758.1733115009,1710600.0,4,2372849.237311501,-0.0398217731300371
20230201,2289308.173311501,567758.1733115009,1721550.0,4,2372849.237311501,-0.03520706780960703
20230202,2302408.173311501,567758.1733115009,1734650.0,4,2372849.237311501,-0.0296862787961244
20230203,2304858.173311501,567758.1733115009,1737100.0,4,2372849.237311501,-0.028653764820320338
20230206,2299258.173311501,567758.1733115009,1731500.0,4,2372849.237311501,-0.031013796765015256
20230207,2304758.173311501,567758.1733115009,1737000.0,4,2372849.237311501,-0.028695908247904134
20230208,2300258.173311501,567758.1733115009,1732500.0,4,2372849.237311501,-0.03059236248917685
20230209,2288058.173311501,567758.1733115009,1720300.0,4,2372849.237311501,-0.03573386065440498
20230210,2286749.327061501,460349.327061501,1826400.0,4,2372849.237311501,-0.03628545332595745
20230213,2305949.327061501,460349.327061501,1845600.0,4,2372849.237311501,-0.0281939152298607
20230214,2297499.327061501,460349.327061501,1837150.0,4,2372849.237311501,-0.031755034860694975
20230215,2289349.327061501,460349.327061501,1829000.0,4,2372849.237311501,-0.03518972420877764
20230216,2298299.327061501,460349.327061501,1837950.0,4,2372849.237311501,-0.03141788744002427
20230217,2323249.327061501,460349.327061501,1862900.0,4,2372849.237311501,-0.020903102257856965
20230220,2330649.327061501,460349.327061501,1870300.0,4,2372849.237311501,-0.01778448861665305
20230221,2319999.327061501,460349.327061501,1859650.0,4,2372849.237311501,-0.022272763654331618
20230222,2351749.327061501,460349.327061501,1891400.0,4,2372849.237311501,-0.008892225396463393
20230223,2365599.327061501,460349.327061501,1905250.0,4,2372849.237311501,-0.0030553606761020147
20230224,2349999.327061501,460349.327061501,1889650.0,4,2372849.237311501,-0.009629735379180548
20230301,2335449.327061501,460349.327061501,1875100.0,4,2372849.237311501,-0.015761604092628834
20230302,2324200.083561501,938200.083561501,1386000.0,3,2372849.237311501,-0.020502420880780803
20230303,2324150.083561501,938200.083561501,1385950.0,3,2372849.237311501,-0.020523492594572645
20230306,2329750.083561501,938200.083561501,1391550.0,3,2372849.237311501,-0.01816346064987784
20230307,2339700.083561501,938200.083561501,1401500.0,3,2372849.237311501,-0.013970189605286065
20230308,2355746.863561501,173546.86356150103,2182200.0,5,2372849.237311501,-0.007207526496448513
20230309,2347230.510811501,1560230.510811501,787000.0,2,2372849.237311501,-0.010796609450428707
20230310,2289230.510811501,1560230.510811501,729000.0,2,2372849.237311501,-0.035239797449054144
20230313,2292800.502311501,1331000.5023115012,961800.0,2,2372849.237311501,-0.03373528066650244
20230314,2264150.502311501,1331000.5023115012,933150.0,2,2372849.237311501,-0.045809372669271764
20230315,2261900.502311501,1331000.5023115012,930900.0,2,2372849.237311501,-0.04675759978990812
20230316,2247650.502311501,1331000.5023115012,916650.0,2,2372849.237311501,-0.05276303822060491
20230317,2287100.502311501,1331000.5023115012,956100.0,2,2372849.237311501,-0.03613745603878116
20230320,2274800.502311501,1331000.5023115012,943800.0,2,2372849.237311501,-0.041321097631593195
20230321,2286800.502311501,1331000.5023115012,955800.0,2,2372849.237311501,-0.03626388632153266
20230322,2279600.502311501,1331000.5023115012,948600.0,2,2372849.237311501,-0.03929821310756898
20230323,2273300.502311501,1331000.5023115012,942300.0,2,2372849.237311501,-0.04195324904535069
20230324,2259200.502311501,1331000.5023115012,928200.0,2,2372849.237311501,-0.04789547233467173
20230327,2291832.723811501,1050282.7238115012,1241550.0,3,2372849.237311501,-0.0341431356978219
20230328,2268032.723811501,1050282.7238115012,1217750.0,3,2372849.237311501,-0.044173271462775165
20230329,2271482.723811501,1050282.7238115012,1221200.0,3,2372849.237311501,-0.04271932321113281
20230330,2290032.723811501,1050282.7238115012,1239750.0,3,2372849.237311501,-0.03490171739433101
20230331,2301682.723811501,1050282.7238115012,1251400.0,3,2372849.237311501,-0.029992008080814037
20230406,2287482.723811501,1050282.7238115012,1237200.0,3,2372849.237311501,-0.03597637479771887
20230407,2306232.723811501,1050282.7238115012,1255950.0,3,2372849.237311501,-0.028074482125749367
20230410,2305424.3945615008,1885424.3945615008,420000.0,1,2372849.237311501,-0.028415139777862364
20230411,2359041.3545615007,1437041.3545615007,922000.0,2,2372849.237311501,-0.005819115067607461
20230412,2351041.3545615007,1437041.3545615007,914000.0,2,2372849.237311501,-0.009190589274314487
20230413,2369041.3545615007,1437041.3545615007,932000.0,2,2372849.237311501,-0.0016047723092238453
20230414,2377041.3545615007,1437041.3545615007,940000.0,2,2377041.3545615007,0.0
20230417,2431041.3545615007,1437041.3545615007,994000.0,2,2431041.3545615007,0.0
20230418,2429041.3545615007,1437041.3545615007,992000.0,2,2431041.3545615007,-0.0008226927099562742
20230419,2455041.3545615007,1437041.3545615007,1018000.0,2,2455041.3545615007,0.0
20230420,2441155.514561501,2441155.514561501,0.0,0,2455041.3545615007,-0.005656051363126635
20230421,2441155.514561501,2441155.514561501,0.0,0,2455041.3545615007,-0.005656051363126635
20230424,2441155.514561501,2441155.514561501,0.0,0,2455041.3545615007,-0.005656051363126635
20230425,2441155.514561501,2441155.514561501,0.0,0,2455041.3545615007,-0.005656051363126635
20230426,2441155.514561501,2441155.514561501,0.0,0,2455041.3545615007,-0.005656051363126635
20230427,2441155.514561501,2441155.514561501,0.0,0,2455041.3545615007,-0.005656051363126635
20230428,2441155.514561501,2441155.514561501,0.0,0,2455041.3545615007,-0.005656051363126635
20230502,2441155.514561501,2441155.514561501,0.0,0,2455041.3545615007,-0.005656051363126635
20230503,2455654.245561501,1912904.245561501,542750.0,1,2455654.245561501,0.0
20230504,2456304.245561501,1912904.245561501,543400.0,1,2456304.245561501,0.0
20230505,2451754.245561501,1912904.245561501,538850.0,1,2456304.245561501,-0.0018523763936091342
20230508,2452404.245561501,1912904.245561501,539500.0,1,2456304.245561501,-0.0015877511945221467
20230509,2442004.245561501,1912904.245561501,529100.0,1,2456304.245561501,-0.00582175437991439
20230510,2451104.245561501,1912904.245561501,538200.0,1,2456304.245561501,-0.0021170015926961216
20230511,2397804.245561501,1912904.245561501,484899.99999999994,1,2456304.245561501,-0.023816267917831646
20230512,2397804.245561501,1912904.245561501,484899.99999999994,1,2456304.245561501,-0.023816267917831646
20230515,2382204.245561501,1912904.245561501,469300.0,1,2456304.245561501,-0.03016727269592001
20230516,2400404.245561501,1912904.245561501,487500.0,1,2456304.245561501,-0.022757767121483585
20230517,2404954.245561501,1912904.245561501,492050.0,1,2456304.245561501,-0.02090539072787445
20230518,2412754.245561501,1912904.245561501,499850.00000000006,1,2456304.245561501,-0.017729888338830158
20230519,2454006.8773115007,1727506.877311501,726500.0,2,2456304.245561501,-0.0009352946623577552
20230522,2511238.525811501,1237788.5258115008,1273450.0,3,2511238.525811501,0.0
20230523,2627594.605811501,132844.60581150092,2494750.0,5,2627594.605811501,0.0
20230524,2520794.605811501,132844.60581150092,2387950.0,5,2627594.605811501,-0.040645539370414485
20230525,2574294.605811501,132844.60581150092,2441450.0,5,2627594.605811501,-0.020284712064073895
20230526,2517994.605811501,132844.60581150092,2385150.0,5,2627594.605811501,-0.04171115276214821
20230529,2578794.605811501,132844.60581150092,2445950.0,5,2627594.605811501,-0.018572119113073216
20230530,2584444.605811501,132844.60581150092,2451600.0,5,2627594.605811501,-0.01642186351903918
20230531,2680294.605811501,132844.60581150092,2547450.0,5,2680294.605811501,0.0
20230601,2751994.605811501,132844.60581150092,2619150.0,5,2751994.605811501,0.0
20230602,2852194.605811501,132844.60581150092,2719350.0,5,2852194.605811501,0.0
20230605,2875344.605811501,132844.60581150092,2742500.0,5,2875344.605811501,0.0
20230606,2880144.605811501,132844.60581150092,2747300.0,5,2880144.605811501,0.0
20230607,3047594.605811501,132844.60581150092,2914750.0,5,3047594.605811501,0.0
20230608,3185244.605811501,132844.60581150092,3052400.0,5,3185244.605811501,0.0
20230609,3120344.605811501,132844.60581150092,2987500.0,5,3185244.605811501,-0.020375201289593137
20230612,2950694.605811501,132844.60581150092,2817850.0,5,3185244.605811501,-0.07363641698727375
20230613,2991062.418561501,2479712.418561501,511350.00000000006,1,3185244.605811501,-0.06096303778231449
20230614,2992112.418561501,2479712.418561501,512399.99999999994,1,3185244.605811501,-0.06063339276915469
20230615,2994212.418561501,2479712.418561501,514500.0,1,3185244.605811501,-0.05997410274283499
20230616,2991062.418561501,2479712.418561501,511350.00000000006,1,3185244.605811501,-0.06096303778231449
20230619,2992112.418561501,2479712.418561501,512399.99999999994,1,3185244.605811501,-0.06063339276915469
20230620,2988962.418561501,2479712.418561501,509250.0,1,3185244.605811501,-0.06162232780863419
20230621,2991062.418561501,2479712.418561501,511350.00000000006,1,3185244.605811501,-0.06096303778231449
20230626,2939574.277561501,1264474.2775615011,1675100.0,3,3185244.605811501,-0.07712761770376209
20230627,2877674.277561501,1264474.2775615011,1613200.0,3,3185244.605811501,-0.0965609760986128
20230628,2895074.277561501,1264474.2775615011,1630600.0,3,3185244.605811501,-0.09109828730910707
20230629,2887374.277561501,1264474.2775615011,1622900.0,3,3185244.605811501,-0.09351568407227917
20230630,2913724.277561501,1264474.2775615011,1649250.0,3,3185244.605811501,-0.08524316398012544
20230703,2984074.277561501,1264474.2775615011,1719600.0,3,3185244.605811501,-0.06315694809841699
20230704,2941274.277561501,1264474.2775615011,1676800.0,3,3185244.605811501,-0.07659390673007471
20230705,2881985.1980615016,1776335.1980615014,1105650.0,3,3185244.605811501,-0.09520757281770464
20230706,2869635.1980615016,1776335.1980615014,1093300.0,3,3185244.605811501,-0.0990848260677274
20230707,2881038.1304377513,2262281.4304377516,618756.7,3,3185244.605811501,-0.09550490245512788
20230710,2881626.1304377513,2262281.4304377516,619344.7,3,3185244.605811501,-0.09532030124775837
20230711,2888280.3304377515,2262281.4304377516,625998.9,3,3185244.605811501,-0.09323123091769348
20230712,2901979.3228062517,1677379.3228062517,1224600.0,4,3185244.605811501,-0.08893046470855948
20230713,2883833.911556252,1702033.9115562518,1181800.0,3,3185244.605811501,-0.0946271735945563
20230714,2904783.911556252,1702033.9115562518,1202750.0,3,3185244.605811501,-0.08804997071293885
20230717,2945983.911556252,1702033.9115562518,1243950.0,3,3185244.605811501,-0.07511532829181045
20230718,2915883.911556252,1702033.9115562518,1213850.0,3,3185244.605811501,-0.08456515200239212
20230719,2897633.911556252,1702033.9115562518,1195600.0,3,3185244.605811501,-0.09029469627874143
20230720,2919233.911556252,1702033.9115562518,1217200.0,3,3185244.605811501,-0.08351342743659651
20230721,2905433.911556252,1702033.9115562518,1203400.0,3,3185244.605811501,-0.08784590475241139
20230724,2902133.911556252,1702033.9115562518,1200100.0,3,3185244.605811501,-0.08888193193662797
20230725,2923283.911556252,1702033.9115562518,1221250.0,3,3185244.605811501,-0.0822419395286943
20230726,2960083.911556252,1702033.9115562518,1258050.0,3,3185244.605811501,-0.0706886666865213
20230727,2958983.911556252,1702033.9115562518,1256950.0,3,3185244.605811501,-0.07103400908126012
20230728,2888183.911556252,1702033.9115562518,1186150.0,3,3185244.605811501,-0.09326150139717992
20230731,2878433.911556252,1702033.9115562518,1176400.0,3,3185244.605811501,-0.09632249080509259
20230801,2882183.911556252,1702033.9115562518,1180150.0,3,3185244.605811501,-0.09514518718666465
20230802,2842233.911556252,1702033.9115562518,1140200.0,3,3185244.605811501,-0.10768739506831715
20230804,2833158.6801832523,2251843.880183252,581314.8,3,3185244.605811501,-0.11053654246391797
20230807,2837947.6801832523,2251843.880183252,586103.8,3,3185244.605811501,-0.1090330472562776
20230808,2844180.981433252,1694117.431433252,1150063.55,4,3185244.605811501,-0.10707611709191067
20230809,2840929.431433252,1694117.431433252,1146812.0,4,3185244.605811501,-0.10809693351337712
20230810,2839682.816206002,1704082.8162060021,1135600.0,3,3185244.605811501,-0.1084883054114647
20230811,2833773.1042060023,1758273.104206002,1075500.0,2,3185244.605811501,-0.11034364549718922
20230814,2816823.1042060023,1758273.104206002,1058550.0,2,3185244.605811501,-0.1156650578524836
20230815,2813223.1042060023,1758273.104206002,1054950.0,2,3185244.605811501,-0.11679526932617446
20230816,2795373.1042060023,1758273.104206002,1037100.0,2,3185244.605811501,-0.12239923454989154
20230817,2794773.1042060023,1758273.104206002,1036500.0,2,3185244.605811501,-0.12258760312883998
20230818,2800646.375206002,2256146.375206002,544500.0,1,3185244.605811501,-0.12074370360875797
20230821,2805146.375206002,2256146.375206002,549000.0,1,3185244.605811501,-0.1193309392666444
20230822,2801396.375206002,2256146.375206002,545250.0,1,3185244.605811501,-0.12050824288507234
20230823,2811146.375206002,2256146.375206002,555000.0,1,3185244.605811501,-0.11744725347715967
20230824,2809646.375206002,2256146.375206002,553500.0,1,3185244.605811501,-0.11791817492453083
20230825,2811896.375206002,2256146.375206002,555750.0,1,3185244.605811501,-0.11721179275347404
20230828,2825396.375206002,2256146.375206002,569250.0,1,3185244.605811501,-0.11297349972713344
20230829,2822396.375206002,2256146.375206002,566250.0,1,3185244.605811501,-0.11391534262187586
20230830,2824646.375206002,2256146.375206002,568500.0,1,3185244.605811501,-0.11320896045081907
20230831,2831550.201206002,1616800.201206002,1214750.0,3,3185244.605811501,-0.1110415206292732
20230901,2834800.201206002,1616800.201206002,1218000.0,3,3185244.605811501,-0.11002119082663564
20230904,2849900.201206002,1616800.201206002,1233100.0,3,3185244.605811501,-0.10528058158976572
20230905,2854300.201206002,1616800.201206002,1237500.0,3,3185244.605811501,-0.10389921201081032
20230906,2897800.201206002,1616800.201206002,1281000.0,3,3185244.605811501,-0.09024249003704599
20230907,2937350.201206002,1616800.201206002,1320550.0,3,3185244.605811501,-0.07782586120802593
20230908,2925670.1682060016,1356970.1682060016,1568700.0,3,3185244.605811501,-0.08149277990516146
20230911,2904070.1682060016,1356970.1682060016,1547100.0,3,3185244.605811501,-0.08827404874730638
20230912,2930770.1682060016,1356970.1682060016,1573800.0,3,3185244.605811501,-0.07989164698409945
20230913,2947599.005706002,1132549.0057060018,1815050.0,3,3185244.605811501,-0.07460827330871633
20230914,2970849.005706002,1132549.0057060018,1838300.0,3,3185244.605811501,-0.06730899087446307
20230915,3007804.1425707517,1822604.2425707518,1185199.9,3,3185244.605811501,-0.055707013181030995
20230918,3026367.842570752,1822604.2425707518,1203763.6,3,3185244.605811501,-0.04987898353265463
20230919,3031035.438083252,1221035.438083252,1810000.0,3,3185244.605811501,-0.04841360297632824
20230920,3018785.438083252,1221035.438083252,1797750.0,3,3185244.605811501,-0.052259461463192824
20230921,3034858.214333252,1187858.2143332518,1847000.0,3,3185244.605811501,-0.0472134514265774
20230922,3049108.214333252,1187858.2143332518,1861250.0,3,3185244.605811501,-0.04273969767655117
20230925,3039108.214333252,1187858.2143332518,1851250.0,3,3185244.605811501,-0.04587917399235897
20230926,3017358.214333252,1187858.2143332518,1829500.0,3,3185244.605811501,-0.05270753497924119
20230927,3020608.214333252,1187858.2143332518,1832750.0,3,3185244.605811501,-0.051687205176603634
20230928,3043858.214333252,1187858.2143332518,1856000.0,3,3185244.605811501,-0.04438792274235026
20231002,3073358.214333252,1187858.2143332518,1885500.0,3,3185244.605811501,-0.03512646761071703
20231003,3125108.214333252,1187858.2143332518,1937250.0,3,3185244.605811501,-0.0188796776764113
20231004,3195358.214333252,1187858.2143332518,2007500.0,3,3195358.214333252,0.0
20231005,3190108.214333252,1187858.2143332518,2002250.0,3,3195358.214333252,-0.0016430082788372324
20231006,3134108.214333252,1187858.2143332518,1946250.0,3,3195358.214333252,-0.019168429919767416
20231011,3053358.214333252,1187858.2143332518,1865500.0,3,3195358.214333252,-0.04443946201807292
20231012,3072647.5573332515,2127147.5573332515,945500.0,2,3195358.214333252,-0.03840278578143874
20231013,3071094.1878332514,1217344.1878332514,1853750.0,3,3195358.214333252,-0.03888891891450419
20231016,3042744.1878332514,1217344.1878332514,1825400.0,3,3195358.214333252,-0.04776116362022509
20231017,3031816.7688332517,1792916.7688332514,1238900.0,2,3195358.214333252,-0.05118094264561979
20231018,2975603.5803332515,1133653.5803332515,1841950.0,3,3195358.214333252,-0.06877308247139824
20231019,2953853.5803332515,1133653.5803332515,1820200.0,3,3195358.214333252,-0.07557983105515242
20231020,2929291.3480832516,1666541.3480832516,1262750.0,2,3195358.214333252,-0.08326667885200423
20231023,2987541.3480832516,1666541.3480832516,1321000.0,2,3195358.214333252,-0.06503711080585806
20231024,2988291.3480832516,1666541.3480832516,1321750.0,2,3195358.214333252,-0.06480239533745269
20231025,3053941.3480832516,1666541.3480832516,1387400.0,2,3195358.214333252,-0.0442569680030408
20231026,3070521.3245832515,1753771.3245832515,1316750.0,2,3195358.214333252,-0.03906819873591205
20231027,3060837.280833252,2447337.280833252,613500.0,1,3195358.214333252,-0.04209885855569706
20231030,3057087.280833252,2447337.280833252,609750.0,1,3195358.214333252,-0.04327243589772367
20231031,3061587.280833252,2447337.280833252,614250.0,1,3195358.214333252,-0.041864143087291694
20231101,3066837.280833252,2447337.280833252,619500.0,1,3195358.214333252,-0.04022113480845457
20231102,3078087.280833252,2447337.280833252,630750.0,1,3195358.214333252,-0.03670040278237485
20231103,3048383.4015832515,2423583.4015832515,624800.0,1,3195358.214333252,-0.04599634935786645
20231106,3072583.4015832515,2423583.4015832515,649000.0,1,3195358.214333252,-0.03842286357732161
20231107,3083583.4015832515,2423583.4015832515,660000.0,1,3195358.214333252,-0.03498037004071031
20231108,3074783.4015832515,2423583.4015832515,651200.0,1,3195358.214333252,-0.03773436486999937
20231109,3059383.4015832515,2423583.4015832515,635800.0,1,3195358.214333252,-0.04255385582125515
20231110,3135949.1425832515,1905949.1425832515,1230000.0,2,3195358.214333252,-0.018592304137768467
20231113,3171949.1425832515,1905949.1425832515,1266000.0,2,3195358.214333252,-0.007325961654313318
20231114,3225011.4330832516,1276511.4330832516,1948500.0,3,3225011.4330832516,0.0
20231115,3184641.0090832515,1220991.0090832515,1963650.0,3,3225011.4330832516,-0.012517916552439723
20231116,3211624.2828332516,1184124.2828332516,2027500.0,3,3225011.4330832516,-0.004151039625059916
20231117,3350824.2828332516,1184124.2828332516,2166700.0,3,3350824.2828332516,0.0
20231120,3505624.2828332516,1184124.2828332516,2321500.0,3,3505624.2828332516,0.0
20231121,3524406.6910832515,519706.6910832516,3004700.0,4,3524406.6910832515,0.0
20231122,3650906.6910832515,519706.6910832516,3131200.0,4,3650906.6910832515,0.0
20231123,3551806.6910832515,519706.6910832516,3032100.0,4,3650906.6910832515,-0.02714394214512128
20231124,3565056.6910832515,519706.6910832516,3045350.0,4,3650906.6910832515,-0.023514706691812992
20231127,3469106.6910832515,519706.6910832516,2949400.0,4,3650906.6910832515,-0.049795849465015696
20231128,3576406.6910832515,519706.6910832516,3056700.0,4,3650906.6910832515,-0.020405889907280872
20231129,3585006.6910832515,519706.6910832516,3065300.0,4,3650906.6910832515,-0.018050310669661895
20231130,3638756.6910832515,519706.6910832516,3119050.0,4,3650906.6910832515,-0.0033279404345430974
20231201,3724456.6910832515,519706.6910832516,3204750.0,4,3724456.6910832515,0.0
20231204,3734606.6910832515,519706.6910832516,3214900.0,4,3734606.6910832515,0.0
20231205,3674506.6910832515,519706.6910832516,3154800.0,4,3734606.6910832515,-0.016092725411619546
20231206,3699786.4803332514,1257736.4803332514,2442050.0,4,3734606.6910832515,-0.009323662069458782
20231207,3675836.4803332514,1257736.4803332514,2418100.0,4,3734606.6910832515,-0.01573665331086127
20231208,3700386.4803332514,1257736.4803332514,2442650.0,4,3734606.6910832515,-0.009163002581156432
20231211,3656436.4803332514,1257736.4803332514,2398700.0,4,3734606.6910832515,-0.020931310099304268
20231212,3647236.4803332514,1257736.4803332514,2389500.0,4,3734606.6910832515,-0.023394755586607086
20231213,3646086.4803332514,1257736.4803332514,2388350.0,4,3734606.6910832515,-0.023702686272519924
20231214,3642266.1023332514,1560166.1023332514,2082100.0,3,3734606.6910832515,-0.02472565289685591
20231215,3634016.1023332514,1560166.1023332514,2073850.0,3,3734606.6910832515,-0.02693472086101334
20231218,3612666.1023332514,1560166.1023332514,2052500.0,3,3734606.6910832515,-0.032651520986438975
20231219,3592966.1023332514,1560166.1023332514,2032800.0,3,3734606.6910832515,-0.03792650751903304
20231220,3598766.1023332514,1560166.1023332514,2038600.0,3,3734606.6910832515,-0.03637346579877687
20231221,3620316.1023332514,1560166.1023332514,2060150.0,3,3734606.6910832515,-0.030603112510583896
20231222,3613916.1023332514,1560166.1023332514,2053750.0,3,3734606.6910832515,-0.03231681371914241
20231225,3588416.1023332514,1560166.1023332514,2028250.0,3,3734606.6910832515,-0.03914484197199264
20231226,3628766.1023332514,1560166.1023332514,2068600.0,3,3734606.6910832515,-0.028340491383659017
20231227,3662816.1023332514,1560166.1023332514,2102650.0,3,3734606.6910832515,-0.019223065422500185
20231228,3666066.1023332514,1560166.1023332514,2105900.0,3,3734606.6910832515,-0.01835282652752901
20231229,3669816.1023332514,1560166.1023332514,2109650.0,3,3734606.6910832515,-0.01734870472563932
20240102,3662966.1023332514,1560166.1023332514,2102800.0,3,3734606.6910832515,-0.019182900550424598
20240103,3624266.1023332514,1560166.1023332514,2064100.0,3,3734606.6910832515,-0.029545437545926645
20240104,3594316.1023332514,1560166.1023332514,2034150.0,3,3734606.6910832515,-0.03756502367035275
20240105,3579107.2063332517,964457.2063332514,2614650.0,4,3734606.6910832515,-0.04163744608535902
20240108,3528607.2063332517,964457.2063332514,2564150.0,4,3734606.6910832515,-0.05515961968414085
20240109,3530038.1160832513,1576638.1160832513,1953400.0,3,3734606.6910832515,-0.0547764709704045
20240110,3580438.1160832513,1576638.1160832513,2003800.0,3,3734606.6910832515,-0.0412810739530064
20240111,3612030.0828332515,864880.0828332513,2747150.0,4,3734606.6910832515,-0.03282182526547284
20240112,3568680.0828332515,864880.0828332513,2703800.0,4,3734606.6910832515,-0.04442947329531821
20240115,3675280.0828332515,864880.0828332513,2810400.0,4,3734606.6910832515,-0.01588563754026584
20240116,3629830.0828332515,864880.0828332513,2764950.0,4,3734606.6910832515,-0.028055593779169552
20240117,3567380.0828332515,864880.0828332513,2702500.0,4,3734606.6910832515,-0.04477756885330664
20240118,3573330.0828332515,864880.0828332513,2708450.0,4,3734606.6910832515,-0.043184362260974885
20240119,3571080.0828332515,864880.0828332513,2706200.0,4,3734606.6910832515,-0.04378683534210881
20240122,3575480.0828332515,864880.0828332513,2710600.0,4,3734606.6910832515,-0.042608665761224795
20240123,3597530.0828332515,864880.0828332513,2732650.0,4,3734606.6910832515,-0.036704429566113084
20240124,3661630.0828332515,864880.0828332513,2796750.0,4,3734606.6910832515,-0.019540640899144535
20240125,3657811.0428332514,1709611.0428332514,1948200.0,3,3734606.6910832515,-0.020563249252821603
20240126,3645663.5480832513,917163.5480832515,2728500.0,4,3734606.6910832515,-0.023815933070639228
20240129,3669263.5480832513,917163.5480832515,2752100.0,4,3734606.6910832515,-0.017496659864079778
20240130,3704563.5480832513,917163.5480832515,2787400.0,4,3734606.6910832515,-0.008044526635624383
20240131,3832663.5480832513,917163.5480832515,2915500.0,4,3832663.5480832513,0.0
20240201,3791472.7430832516,225572.7430832514,3565900.0,5,3832663.5480832513,-0.010747305231266546
20240202,3781072.7430832516,225572.7430832514,3555500.0,5,3832663.5480832513,-0.013460822833196717
20240205,3771172.7430832516,225572.7430832514,3545600.0,5,3832663.5480832513,-0.01604388285811098
20240215,3852772.7430832516,225572.7430832514,3627200.0,5,3852772.7430832516,0.0
20240216,3934772.7430832516,225572.7430832514,3709200.0,5,3934772.7430832516,0.0
20240219,3908054.2815832514,2607654.2815832514,1300400.0,2,3934772.7430832516,-0.006790344257357028
20240220,3896297.1220832514,2444547.1220832514,1451750.0,2,3934772.7430832516,-0.00977835913589542
20240221,3886047.1220832514,2444547.1220832514,1441500.0,2,3934772.7430832516,-0.012383338043004621
20240222,3919297.1220832514,2444547.1220832514,1474750.0,2,3934772.7430832516,-0.003933040612626004
20240223,3920547.1220832514,2444547.1220832514,1476000.0,2,3934772.7430832516,-0.0036153602581004973
20240226,3927797.1220832514,2444547.1220832514,1483250.0,2,3934772.7430832516,-0.0017728142018524906
20240227,3930297.1220832514,2444547.1220832514,1485750.0,2,3934772.7430832516,-0.0011374534928014768
20240229,4028047.1220832514,2444547.1220832514,1583500.0,2,4028047.1220832514,0.0
20240301,3994297.1220832514,2444547.1220832514,1549750.0,2,4028047.1220832514,-0.008378750043655181
20240304,3978547.1220832514,2444547.1220832514,1534000.0,2,4028047.1220832514,-0.012288833397360865
20240305,4022297.1220832514,2444547.1220832514,1577750.0,2,4028047.1220832514,-0.0014274907481782728
20240306,4141047.1220832514,2444547.1220832514,1696500.0,2,4141047.1220832514,0.0
20240307,4049547.1220832514,2444547.1220832514,1605000.0,2,4141047.1220832514,-0.022095860612658003
20240308,3958297.1220832514,2444547.1220832514,1513750.0,2,4141047.1220832514,-0.044131350021456295
20240311,3991306.480008251,196261.48000825127,3795045.0,5,4141047.1220832514,-0.03616009131518161
20240312,4127701.480008251,196261.48000825127,3931440.0,5,4141047.1220832514,-0.003222769913394874
20240313,4275626.480008251,196261.48000825127,4079365.0,5,4275626.480008251,0.0
20240314,4154471.480008251,196261.48000825127,3958210.0,5,4275626.480008251,-0.028336198348122843
20240315,3986316.480008251,196261.48000825127,3790055.0,5,4275626.480008251,-0.06766493784074457
20240318,4141611.480008251,196261.48000825127,3945350.0,5,4275626.480008251,-0.03134394471234103
20240319,4205351.480008251,196261.48000825127,4009090.0,5,4275626.480008251,-0.016436187849567352
20240320,4122531.480008251,196261.48000825127,3926270.0,5,4275626.480008251,-0.03580644864929938
20240321,4094116.480008251,196261.48000825127,3897855.0,5,4275626.480008251,-0.04245225836463851
20240322,4070286.480008251,196261.48000825127,3874025.0,5,4275626.480008251,-0.0480257106087536
20240325,4119563.8063582513,2606563.8063582513,1513000.0,2,4275626.480008251,-0.036500539600385906
20240326,4153313.8063582513,2606563.8063582513,1546750.0,2,4275626.480008251,-0.028606959523219122
20240327,4177550.1651082514,2005300.1651082514,2172250.0,3,4275626.480008251,-0.022938466528491186
20240328,4111266.9111082517,269016.9111082514,3842250.0,5,4275626.480008251,-0.038441049438837416
20240329,4087416.9111082517,269016.9111082514,3818400.0,5,4275626.480008251,-0.0440191793600353
20240401,4270866.911108252,269016.9111082514,4001850.0,5,4275626.480008251,-0.001113186318368542
20240402,4380016.911108252,269016.9111082514,4111000.0,5,4380016.911108252,0.0
20240403,4452916.911108252,269016.9111082514,4183900.0,5,4452916.911108252,0.0
20240408,4681516.911108252,269016.9111082514,4412500.0,5,4681516.911108252,0.0
20240409,4586166.911108252,269016.9111082514,4317150.0,5,4681516.911108252,-0.020367330036500486
20240410,4549416.911108252,269016.9111082514,4280400.0,5,4681516.911108252,-0.028217349741182063
20240411,4540566.911108252,269016.9111082514,4271550.0,5,4681516.911108252,-0.030107762649656422
20240412,4569416.911108252,269016.9111082514,4300400.0,5,4681516.911108252,-0.023945230174008403
20240415,4588466.911108252,269016.9111082514,4319450.0,5,4681516.911108252,-0.019876036286275545
20240416,4433016.911108252,269016.9111082514,4164000.0,5,4681516.911108252,-0.05308108562213287
20240417,4499034.242858252,3016534.2428582516,1482500.0,2,4681516.911108252,-0.038979388885044375
20240418,4513284.242858252,3016534.2428582516,1496750.0,2,4681516.911108252,-0.035935503693433124
20240419,4461034.242858252,3016534.2428582516,1444500.0,2,4681516.911108252,-0.04709641606267434
20240422,4413034.242858252,3016534.2428582516,1396500.0,2,4681516.911108252,-0.05734950302389108
20240423,4425284.242858252,3016534.2428582516,1408750.0,2,4681516.911108252,-0.054732829788997295
20240424,4460534.242858252,3016534.2428582516,1444000.0,2,4681516.911108252,-0.04720321905185365
20240425,4432284.242858252,3016534.2428582516,1415750.0,2,4681516.911108252,-0.0532375879404865
20240426,4438034.242858252,3016534.2428582516,1421500.0,2,4681516.911108252,-0.05200935356492409
20240429,4485034.242858252,3016534.2428582516,1468500.0,2,4681516.911108252,-0.04196987258206586
20240430,4468534.242858252,3016534.2428582516,1452000.0,2,4681516.911108252,-0.04549437122498423
20240502,4479204.892858252,2045704.8928582515,2433500.0,3,4681516.911108252,-0.04321505659201097
20240503,4494450.782858252,1162950.7828582516,3331500.0,4,4681516.911108252,-0.039958443342612227
20240506,4559533.697858252,1787533.6978582516,2772000.0,3,4681516.911108252,-0.026056343609602184
20240507,4552078.631858252,1137778.6318582515,3414300.0,4,4681516.911108252,-0.02764879027626066
20240508,4567968.536858251,248018.53685825155,4319950.0,5,4681516.911108252,-0.02425461157270925
20240509,4539506.061858252,2085906.0618582517,2453600.0,3,4681516.911108252,-0.030334366391593703
20240510,4572456.061858252,2085906.0618582517,2486550.0,3,4681516.911108252,-0.023296049404675112
20240513,4554656.061858252,2085906.0618582517,2468750.0,3,4681516.911108252,-0.027098235819459693
20240514,4521836.041358252,937536.041358252,3584300.0,4,4681516.911108252,-0.034108788408114155
20240515,4591262.605358252,1757562.6053582518,2833700.0,3,4681516.911108252,-0.01927885928081241
20240516,4564562.605358252,1757562.6053582518,2807000.0,3,4681516.911108252,-0.02498213890298917
20240517,4524377.027358252,252677.02735825186,4271700.0,5,4681516.911108252,-0.033566018607588566
20240520,4564542.222358252,1140242.222358252,3424300.0,4,4681516.911108252,-0.02498649283364618
20240521,4743516.951108252,232716.95110825193,4510800.0,5,4743516.951108252,0.0
20240522,4818216.951108252,232716.95110825193,4585500.0,5,4818216.951108252,0.0
20240523,4600066.951108252,232716.95110825193,4367350.0,5,4818216.951108252,-0.0452760849529249
20240524,4698116.951108252,232716.95110825193,4465400.0,5,4818216.951108252,-0.024926233338740666
20240527,4827316.951108252,232716.95110825193,4594600.0,5,4827316.951108252,0.0
20240528,4976216.951108252,232716.95110825193,4743500.0,5,4976216.951108252,0.0
20240529,5153766.951108252,232716.95110825193,4921050.0,5,5153766.951108252,0.0
20240530,5085466.951108252,232716.95110825193,4852750.0,5,5153766.951108252,-0.013252442465469416
20240531,5252116.951108252,232716.95110825193,5019400.0,5,5252116.951108252,0.0
20240603,5396816.951108252,232716.95110825193,5164100.0,5,5396816.951108252,0.0
20240604,5294766.951108252,232716.95110825193,5062050.0,5,5396816.951108252,-0.01890929429782562
20240605,5328166.951108252,232716.95110825193,5095450.0,5,5396816.951108252,-0.012720461083250645
20240606,5204916.951108252,232716.95110825193,4972200.0,5,5396816.951108252,-0.03555799682266281
20240607,5162176.670108251,3382726.6701082517,1779450.0,2,5396816.951108252,-0.04347753187215597
20240611,5147826.670108251,3382726.6701082517,1765100.0,2,5396816.951108252,-0.04613650662153168
20240612,5131372.917608252,2266272.917608252,2865100.0,3,5396816.951108252,-0.049185294944178226
20240613,5185122.917608252,2266272.917608252,2918850.0,3,5396816.951108252,-0.03922572053449547
20240614,5164972.917608252,2266272.917608252,2898700.0,3,5396816.951108252,-0.042959402848078865
20240617,5197495.076108252,2434045.0761082517,2763450.0,3,5396816.951108252,-0.03693322875423233
20240618,5254395.076108252,2434045.0761082517,2820350.0,3,5396816.951108252,-0.02638997696054024
20240619,5235995.076108252,2434045.0761082517,2801950.0,3,5396816.951108252,-0.029799394060785134
20240620,5295149.104108252,1326699.1041082516,3968450.0,4,5396816.951108252,-0.01883848348406969
20240621,5358839.404108251,1729989.4041082514,3628850.0,4,5396816.951108252,-0.0070370270743018715
20240624,5356939.404108251,1729989.4041082514,3626950.0,4,5396816.951108252,-0.007389086448783666
20240625,5401864.1261082515,1211714.1261082515,4190150.0,4,5401864.1261082515,0.0
20240626,5331329.976108251,1532679.9761082516,3798650.0,4,5401864.1261082515,-0.013057372113284949
20240627,5360779.976108251,1532679.9761082516,3828100.0,4,5401864.1261082515,-0.007605550424978791
20240628,5490729.976108251,1532679.9761082516,3958050.0,4,5490729.976108251,0.0
20240701,5660929.976108251,1532679.9761082516,4128250.0,4,5660929.976108251,0.0
20240702,5711679.976108251,1532679.9761082516,4179000.0,4,5711679.976108251,0.0
20240703,5903029.976108251,1532679.9761082516,4370350.0,4,5903029.976108251,0.0
20240704,5859929.976108251,1532679.9761082516,4327250.0,4,5903029.976108251,-0.007301335106621787
20240705,5785179.976108251,1532679.9761082516,4252500.0,4,5903029.976108251,-0.019964323487595803
20240708,5870929.976108251,1532679.9761082516,4338250.0,4,5903029.976108251,-0.005437885311428303
20240709,5942529.976108251,1532679.9761082516,4409850.0,4,5942529.976108251,0.0
20240710,6002629.976108251,1532679.9761082516,4469950.0,4,6002629.976108251,0.0
20240711,6145829.976108251,1532679.9761082516,4613150.0,4,6145829.976108251,0.0
20240712,6185379.976108251,1532679.9761082516,4652700.0,4,6185379.976108251,0.0
20240715,6001429.976108251,1532679.9761082516,4468750.0,4,6185379.976108251,-0.02973948257189185
20240716,5884929.976108251,1532679.9761082516,4352250.0,4,6185379.976108251,-0.0485742187481647
20240717,5832137.383608252,3946837.383608252,1885300.0,2,6185379.976108251,-0.05710927927862797
20240718,5856787.383608252,3946837.383608252,1909950.0,2,6185379.976108251,-0.05312407544390585
20240719,5722279.641358252,777179.6413582518,4945100.0,5,6185379.976108251,-0.07487015131467722
20240722,5547529.641358252,777179.6413582518,4770350.0,5,6185379.976108251,-0.10312225557908661
20240723,5645829.641358252,777179.6413582518,4868650.0,5,6185379.976108251,-0.08722994170674647
20240726,5568679.641358252,777179.6413582518,4791500.0,5,6185379.976108251,-0.0997029021874285
20240729,5635838.816108252,3836888.816108252,1798950.0,2,6185379.976108251,-0.0888451739622571
20240730,5615765.958358252,4656765.958358252,959000.0,1,6185379.976108251,-0.09209038409122783
20240731,5633819.308358252,4426569.308358252,1207250.0,2,6185379.976108251,-0.08917167092085954
20240801,5658569.308358252,4426569.308358252,1232000.0,2,6185379.976108251,-0.08517029993062131
20240802,5737213.443358252,1961463.4433582518,3775750.0,4,6185379.976108251,-0.07245578032086863
20240805,5516107.261358252,5516107.261358252,0.0,0,6185379.976108251,-0.10820236062055089
20240806,5516107.261358252,5516107.261358252,0.0,0,6185379.976108251,-0.10820236062055089
20240807,5516107.261358252,5516107.261358252,0.0,0,6185379.976108251,-0.10820236062055089
20240808,5516107.261358252,5516107.261358252,0.0,0,6185379.976108251,-0.10820236062055089
20240809,5516107.261358252,5516107.261358252,0.0,0,6185379.976108251,-0.10820236062055089
20240812,5516107.261358252,5516107.261358252,0.0,0,6185379.976108251,-0.10820236062055089
20240813,5516107.261358252,5516107.261358252,0.0,0,6185379.976108251,-0.10820236062055089
20240814,5516107.261358252,5516107.261358252,0.0,0,6185379.976108251,-0.10820236062055089
20240815,5516107.261358252,5516107.261358252,0.0,0,6185379.976108251,-0.10820236062055089
20240816,5516107.261358252,5516107.261358252,0.0,0,6185379.976108251,-0.10820236062055089
20240819,5538677.297358252,4778677.297358252,760000.0,1,6185379.976108251,-0.1045534278003879
20240820,5578677.297358252,4778677.297358252,800000.0,1,6185379.976108251,-0.09808656559394224
20240821,5658677.297358252,4778677.297358252,880000.0,1,6185379.976108251,-0.08515284118105104
20240822,5661877.297358252,4778677.297358252,883200.0,1,6185379.976108251,-0.08463549220453537
20240823,5604277.297358252,4778677.297358252,825600.0,1,6185379.976108251,-0.09394777378181707
20240826,5685877.297358252,4778677.297358252,907200.0,1,6185379.976108251,-0.08075537488066797
20240827,5722677.297358252,4778677.297358252,944000.0,1,6185379.976108251,-0.07480586165073799
20240828,5770677.297358252,4778677.297358252,992000.0,1,6185379.976108251,-0.06704562700300332
20240829,5831477.297358252,4778677.297358252,1052800.0,1,6185379.976108251,-0.05721599644920594
20240830,5828277.297358252,4778677.297358252,1049600.0,1,6185379.976108251,-0.057733345425721505
20240902,5855477.297358252,4778677.297358252,1076800.0,1,6185379.976108251,-0.05333587912533855
20240903,5841077.297358252,4778677.297358252,1062400.0,1,6185379.976108251,-0.05566394951965892
20240904,5829877.297358252,4778677.297358252,1051200.0,1,6185379.976108251,-0.05747467093746372
20240905,5851326.233358252,5851326.233358252,0.0,0,6185379.976108251,-0.05400698809779203
20240906,5851326.233358252,5851326.233358252,0.0,0,6185379.976108251,-0.05400698809779203
20240909,5851326.233358252,5851326.233358252,0.0,0,6185379.976108251,-0.05400698809779203
20240910,5851326.233358252,5851326.233358252,0.0,0,6185379.976108251,-0.05400698809779203
20240911,5851326.233358252,5851326.233358252,0.0,0,6185379.976108251,-0.05400698809779203
20240912,5851326.233358252,5851326.233358252,0.0,0,6185379.976108251,-0.05400698809779203
20240913,5851326.233358252,5851326.233358252,0.0,0,6185379.976108251,-0.05400698809779203
20240916,5851326.233358252,5851326.233358252,0.0,0,6185379.976108251,-0.05400698809779203
20240918,5802134.825858252,4573734.825858252,1228400.0,1,6185379.976108251,-0.06195983944888239
20240919,5757734.825858252,4573734.825858252,1184000.0,1,6185379.976108251,-0.06913805649803695
20240920,5713334.825858252,4573734.825858252,1139600.0,1,6185379.976108251,-0.07631627354719162
20240923,5711484.825858252,4573734.825858252,1137750.0,1,6185379.976108251,-0.07661536592423979
20240924,5685584.825858252,4573734.825858252,1111850.0,1,6185379.976108251,-0.0808026592029133
20240925,5688670.117108252,5688670.117108252,0.0,0,6185379.976108251,-0.08030385536840079
20240926,5688670.117108252,5688670.117108252,0.0,0,6185379.976108251,-0.08030385536840079
20240927,5693527.907108252,4585727.907108252,1107800.0,1,6185379.976108251,-0.07951848890445457
20240930,5696454.831608252,3446654.8316082517,2249800.0,2,6185379.976108251,-0.07904528846870029
20241001,5680246.413608251,2734446.4136082516,2945800.0,3,6185379.976108251,-0.08166572861346222
20241004,5603696.413608251,2734446.4136082516,2869250.0,3,6185379.976108251,-0.09404168616104758
20241007,5550946.413608251,2734446.4136082516,2816500.0,3,6185379.976108251,-0.10256986069579777
20241008,5523646.413608251,2734446.4136082516,2789200.0,3,6185379.976108251,-0.10698349415169683
20241009,5502496.413608251,2734446.4136082516,2768050.0,3,6185379.976108251,-0.11040284754335494
20241011,5524633.8591082515,3758383.8591082515,1766250.0,2,6185379.976108251,-0.10682385230207492
20241014,5509383.8591082515,3758383.8591082515,1751000.0,2,6185379.976108251,-0.10928934351828234
20241015,5505433.8591082515,3758383.8591082515,1747050.0,2,6185379.976108251,-0.10992794616116885
20241016,5485410.019354002,3795650.5193540016,1689759.5,3,6185379.976108251,-0.11316523147453594
20241017,5565977.477728503,3768977.4777285024,1797000.0,3,6185379.976108251,-0.10013976518374978
20241018,5634244.172478503,3816344.172478502,1817900.0,2,6185379.976108251,-0.08910298247780646
20241021,5653254.612978502,2716504.612978502,2936750.0,3,6185379.976108251,-0.08602953499787325
20241022,5610948.209978502,1596948.2099785022,4014000.0,4,6185379.976108251,-0.09286927696415714
20241023,5566148.209978502,1596948.2099785022,3969200.0,4,6185379.976108251,-0.10011216263537626
20241024,5508187.799978502,2336087.799978502,3172100.0,3,6185379.976108251,-0.10948271225785355
20241025,5549009.825478502,3364009.825478502,2185000.0,2,6185379.976108251,-0.10288295191044095
20241028,5535159.825478502,3364009.825478502,2171150.0,2,6185379.976108251,-0.1051221029494227
20241029,5543096.947978502,3173346.947978502,2369750.0,3,6185379.976108251,-0.10383889601134322
20241030,5509096.947978502,3173346.947978502,2335750.0,3,6185379.976108251,-0.10933572888682197
20241101,5495396.947978502,3173346.947978502,2322050.0,3,6185379.976108251,-0.11155062919252956
20241104,5532146.947978502,3173346.947978502,2358800.0,3,6185379.976108251,-0.10560919954035763
20241105,5541346.947978502,3173346.947978502,2368000.0,3,6185379.976108251,-0.10412182123287517
20241106,5496446.947978502,3173346.947978502,2323100.0,3,6185379.976108251,-0.11138087405961039
20241107,5504446.947978502,3173346.947978502,2331100.0,3,6185379.976108251,-0.11008750161832126
20241108,5521996.947978502,3173346.947978502,2348650.0,3,6185379.976108251,-0.10725016582524327
20241111,5487996.947978502,3173346.947978502,2314650.0,3,6185379.976108251,-0.11274699870072202
20241112,5469996.947978502,3173346.947978502,2296650.0,3,6185379.976108251,-0.11565708669362251
20241113,5484596.947978502,3173346.947978502,2311250.0,3,6185379.976108251,-0.11329668198826992
20241114,5488746.947978502,3173346.947978502,2315400.0,3,6185379.976108251,-0.11262574503435119
20241115,5476746.947978502,3173346.947978502,2303400.0,3,6185379.976108251,-0.11456580369628488
20241118,5500246.947978502,3173346.947978502,2326900.0,3,6185379.976108251,-0.11076652214999805
20241119,5582096.947978502,3173346.947978502,2408750.0,3,6185379.976108251,-0.09753370536005868
20241120,5580896.947978502,3173346.947978502,2407550.0,3,6185379.976108251,-0.09772771122625201
20241121,5603446.947978502,3173346.947978502,2430100.0,3,6185379.976108251,-0.09408201765736834
20241122,5604646.947978502,3173346.947978502,2431300.0,3,6185379.976108251,-0.09388801179117501
20241125,5546846.947978502,3173346.947978502,2373500.0,3,6185379.976108251,-0.10323262767948893
20241126,5522446.947978502,3173346.947978502,2349100.0,3,6185379.976108251,-0.10717741362542077
20241127,5493996.947978502,3173346.947978502,2320650.0,3,6185379.976108251,-0.11177696936975523
20241128,5484545.302478502,4181545.302478502,1303000.0,2,6185379.976108251,-0.11330503159657201
20241129,5482795.302478502,4181545.302478502,1301250.0,2,6185379.976108251,-0.11358795681810407
20241202,5515245.302478502,4181545.302478502,1333700.0,2,6185379.976108251,-0.10834171485312505
20241203,5570742.832923502,3156728.832923502,2414014.0,4,6185379.976108251,-0.09936934279847909
20241204,5673869.832923502,3156728.832923502,2517141.0,4,6185379.976108251,-0.08269664032937618
20241205,5689302.832923502,3156728.832923502,2532574.0,4,6185379.976108251,-0.0802015632185743
20241206,5678266.832923502,3156728.832923502,2521538.0,4,6185379.976108251,-0.0819857705013326
20241209,5566301.832923502,3156728.832923502,2409573.0,4,6185379.976108251,-0.10008732617494975
20241210,5534162.727933502,4165562.7279335023,1368600.0,2,6185379.976108251,-0.10528330526017016
20241211,5519412.727933502,4165562.7279335023,1353850.0,2,6185379.976108251,-0.10766796069879703
20241212,5541762.727933502,4165562.7279335023,1376200.0,2,6185379.976108251,-0.10405460144094558
20241213,5536962.727933502,4165562.7279335023,1371400.0,2,6185379.976108251,-0.10483062490571904
20241216,5542062.727933502,4165562.7279335023,1376500.0,2,6185379.976108251,-0.10400609997439725
20241217,5526112.727933502,4165562.7279335023,1360550.0,2,6185379.976108251,-0.10658476127921734
20241218,5518012.727933502,4165562.7279335023,1352450.0,2,6185379.976108251,-0.10789430087602259
20241219,5515862.727933502,4165562.7279335023,1350300.0,2,6185379.976108251,-0.10824189471961909
20241220,5467862.727933502,4165562.7279335023,1302300.0,2,6185379.976108251,-0.11600212936735388
20241223,5498012.727933502,4165562.7279335023,1332450.0,2,6185379.976108251,-0.11112773197924541
20241224,5526020.011805503,3146778.8118055025,2379241.2,4,6185379.976108251,-0.10659975083981954
20241225,5613644.411805503,3146778.8118055025,2466865.6,4,6185379.976108251,-0.09243337782175765
20241226,5581447.611805502,3146778.8118055025,2434668.8,4,6185379.976108251,-0.09763868454896996
20241227,5591204.540061503,4249404.540061503,1341800.0,2,6185379.976108251,-0.09606126678422666
20241230,5586404.540061503,4249404.540061503,1337000.0,2,6185379.976108251,-0.09683729024900012
20241231,5555904.540061503,4249404.540061503,1306500.0,2,6185379.976108251,-0.10176827268141497
20250102,5578554.540061503,4249404.540061503,1329150.0,2,6185379.976108251,-0.09810641195701508
20250103,5581654.540061503,4249404.540061503,1332250.0,2,6185379.976108251,-0.09760523013601563
20250106,5606754.540061503,4249404.540061503,1357350.0,2,6185379.976108251,-0.0935472741014709
20250107,5616554.540061503,4249404.540061503,1367150.0,2,6185379.976108251,-0.09196289286089177
20250108,5611704.540061503,4249404.540061503,1362300.0,2,6185379.976108251,-0.09274699990342328
20250109,5581754.540061503,4249404.540061503,1332350.0,2,6185379.976108251,-0.09758906298049952
20250110,5562354.540061503,4249404.540061503,1312950.0,2,6185379.976108251,-0.10072549115062557
20250113,5549054.540061503,4249404.540061503,1299650.0,2,6185379.976108251,-0.10287572283426882
20250114,5561254.540061503,4249404.540061503,1311850.0,2,6185379.976108251,-0.1009033298613029
20250115,5555584.704811502,5378584.704811502,177000.0,1,6185379.976108251,-0.10181998094367783
20250116,5558834.704811502,5378584.704811502,180250.0,1,6185379.976108251,-0.10129454838940422
20250117,5559584.704811502,5378584.704811502,181000.0,1,6185379.976108251,-0.10117329472303327
20250120,5560334.704811502,5378584.704811502,181750.0,1,6185379.976108251,-0.10105204105666243
20250121,5559334.704811502,5378584.704811502,180750.0,1,6185379.976108251,-0.10121371261182366
20250122,5635101.044811502,4285651.044811502,1349450.0,2,6185379.976108251,-0.0889644505951559
20250203,5626422.750311502,1389422.750311502,4237000.0,4,6185379.976108251,-0.09036748396311722
20250204,5733032.255311502,3350832.255311502,2382200.0,2,6185379.976108251,-0.07313175949480788
20250205,5836232.255311502,3350832.255311502,2485400.0,2,6185379.976108251,-0.056447255002178176
20250206,5912055.211811502,2090055.2118115022,3822000.0,3,6185379.976108251,-0.044188839707907546
20250207,6139605.211811502,2090055.2118115022,4049550.0,3,6185379.976108251,-0.00740047733099003
20250210,4632594.513667502,2184036.9136675023,2448557.6,3,6185379.976108251,-0.2510412405444068
20250211,4600427.313667502,2184036.9136675023,2416390.4,3,6185379.976108251,-0.25624176179358626
20250212,4611500.913667502,2184036.9136675023,2427464.0,3,6185379.976108251,-0.254451475660354
20250213,4650644.113667503,2184036.9136675023,2466607.2,3,6185379.976108251,-0.24812313364237015
20250214,4631557.8770515025,2370457.8770515025,2261100.0,2,6185379.976108251,-0.25120883519825254
20250217,4646856.448051503,1506256.4480515025,3140600.0,3,6185379.976108251,-0.24873549143293927
20250218,4617875.017051502,2793475.017051502,1824400.0,2,6185379.976108251,-0.2534209644535047
20250219,4588075.017051502,2793475.017051502,1794600.0,2,6185379.976108251,-0.25823877679730667
20250220,4612175.017051502,2793475.017051502,1818700.0,2,6185379.976108251,-0.2543424923179233
20250221,4614175.017051502,2793475.017051502,1820700.0,2,6185379.976108251,-0.25401914920760094
20250224,4636975.017051502,2793475.017051502,1843500.0,2,6185379.976108251,-0.250333037749927
20250225,4618775.017051502,2793475.017051502,1825300.0,2,6185379.976108251,-0.2532754600538597
20250226,4672267.007801502,1086267.0078015018,3586000.0,3,6185379.976108251,-0.2446273267206419
20250227,4595067.007801502,1086267.0078015018,3508800.0,3,6185379.976108251,-0.2571083707790819
20250303,4626217.007801502,1086267.0078015018,3539950.0,3,6185379.976108251,-0.2520723018358124
20250304,4628704.236301502,2178404.236301502,2450300.0,2,6185379.976108251,-0.2516701877361762
20250305,4627904.236301502,2178404.236301502,2449500.0,2,6185379.976108251,-0.2517995249803051
20250306,4596604.236301502,2178404.236301502,2418200.0,2,6185379.976108251,-0.25685984465684886
20250307,4606604.236301502,2178404.236301502,2428200.0,2,6185379.976108251,-0.2552431291052375
20250310,4623604.236301502,2178404.236301502,2445200.0,2,6185379.976108251,-0.252494712667498
20250311,4592512.241301502,3442512.241301502,1150000.0,1,6185379.976108251,-0.25752140385221045
20250312,4592512.241301502,3442512.241301502,1150000.0,1,6185379.976108251,-0.25752140385221045
20250313,4592512.241301502,3442512.241301502,1150000.0,1,6185379.976108251,-0.25752140385221045
20250314,4592512.241301502,3442512.241301502,1150000.0,1,6185379.976108251,-0.25752140385221045
20250317,4592512.241301502,3442512.241301502,1150000.0,1,6185379.976108251,-0.25752140385221045
20250318,4597112.241301502,3442512.241301502,1154600.0,1,6185379.976108251,-0.2567777146984692
20250319,4601712.241301502,3442512.241301502,1159200.0,1,6185379.976108251,-0.256034025544728
20250320,4606312.241301502,3442512.241301502,1163800.0,1,6185379.976108251,-0.25529033639098675
20250321,4601712.241301502,3442512.241301502,1159200.0,1,6185379.976108251,-0.256034025544728
20250324,4601712.241301502,3442512.241301502,1159200.0,1,6185379.976108251,-0.256034025544728
20250325,4601712.241301502,3442512.241301502,1159200.0,1,6185379.976108251,-0.256034025544728
20250326,4606312.241301502,3442512.241301502,1163800.0,1,6185379.976108251,-0.25529033639098675
20250327,4606312.241301502,3442512.241301502,1163800.0,1,6185379.976108251,-0.25529033639098675
20250328,4592512.241301502,3442512.241301502,1150000.0,1,6185379.976108251,-0.25752140385221045
20250331,4564912.241301502,3442512.241301502,1122400.0,1,6185379.976108251,-0.26198353877465796
20250401,4597112.241301502,3442512.241301502,1154600.0,1,6185379.976108251,-0.2567777146984692
20250402,4592512.241301502,3442512.241301502,1150000.0,1,6185379.976108251,-0.25752140385221045
20250407,4477512.241301502,3442512.241301502,1035000.0,1,6185379.976108251,-0.27611363269574163
20250408,4468940.049301502,4468940.049301502,0.0,0,6185379.976108251,-0.27749951230752157
20250409,4468940.049301502,4468940.049301502,0.0,0,6185379.976108251,-0.27749951230752157
20250410,4468940.049301502,4468940.049301502,0.0,0,6185379.976108251,-0.27749951230752157
20250411,4468940.049301502,4468940.049301502,0.0,0,6185379.976108251,-0.27749951230752157
20250414,4468940.049301502,4468940.049301502,0.0,0,6185379.976108251,-0.27749951230752157
20250415,4468940.049301502,4468940.049301502,0.0,0,6185379.976108251,-0.27749951230752157
20250416,4468940.049301502,4468940.049301502,0.0,0,6185379.976108251,-0.27749951230752157
20250417,4468940.049301502,4468940.049301502,0.0,0,6185379.976108251,-0.27749951230752157
20250418,4468940.049301502,4468940.049301502,0.0,0,6185379.976108251,-0.27749951230752157
20250421,4468940.049301502,4468940.049301502,0.0,0,6185379.976108251,-0.27749951230752157
20250422,4468940.049301502,4468940.049301502,0.0,0,6185379.976108251,-0.27749951230752157
20250423,4468940.049301502,4468940.049301502,0.0,0,6185379.976108251,-0.27749951230752157
20250424,4468940.049301502,4468940.049301502,0.0,0,6185379.976108251,-0.27749951230752157
20250425,4468940.049301502,4468940.049301502,0.0,0,6185379.976108251,-0.27749951230752157
20250428,4468940.049301502,4468940.049301502,0.0,0,6185379.976108251,-0.27749951230752157
20250429,4468940.049301502,4468940.049301502,0.0,0,6185379.976108251,-0.27749951230752157
20250430,4468940.049301502,4468940.049301502,0.0,0,6185379.976108251,-0.27749951230752157
20250502,4468940.049301502,4468940.049301502,0.0,0,6185379.976108251,-0.27749951230752157
20250505,4468940.049301502,4468940.049301502,0.0,0,6185379.976108251,-0.27749951230752157
20250506,4468940.049301502,4468940.049301502,0.0,0,6185379.976108251,-0.27749951230752157
20250507,4468940.049301502,4468940.049301502,0.0,0,6185379.976108251,-0.27749951230752157
20250508,4468940.049301502,4468940.049301502,0.0,0,6185379.976108251,-0.27749951230752157
20250509,4468940.049301502,4468940.049301502,0.0,0,6185379.976108251,-0.27749951230752157
20250512,4468940.049301502,4468940.049301502,0.0,0,6185379.976108251,-0.27749951230752157
20250513,4468940.049301502,4468940.049301502,0.0,0,6185379.976108251,-0.27749951230752157
20250514,4468940.049301502,4468940.049301502,0.0,0,6185379.976108251,-0.27749951230752157
20250515,4458764.253301502,3092564.253301502,1366200.0,1,6185379.976108251,-0.2791446490718441
20250516,4537964.253301502,3092564.253301502,1445400.0,1,6185379.976108251,-0.2663402619030817
20250519,4456964.253301502,3092564.253301502,1364400.0,1,6185379.976108251,-0.2794356578711341
20250520,4469564.253301502,3092564.253301502,1377000.0,1,6185379.976108251,-0.27739859627610375
20250521,4491164.253301502,3092564.253301502,1398600.0,1,6185379.976108251,-0.27390649068462314
20250522,4471364.253301502,3092564.253301502,1378800.0,1,6185379.976108251,-0.27710758747681363
20250523,4465964.253301502,3092564.253301502,1373400.0,1,6185379.976108251,-0.27798061387468387
20250526,4447964.253301502,3092564.253301502,1355400.0,1,6185379.976108251,-0.28089070186758436
20250527,4455164.253301502,3092564.253301502,1362600.0,1,6185379.976108251,-0.2797266666704241
20250528,4424564.253301502,3092564.253301502,1332000.0,1,6185379.976108251,-0.2846738162583551
20250529,4471364.253301502,3092564.253301502,1378800.0,1,6185379.976108251,-0.27710758747681363
20250602,4446164.253301502,3092564.253301502,1353600.0,1,6185379.976108251,-0.2811817106668745
20250603,4431764.253301502,3092564.253301502,1339200.0,1,6185379.976108251,-0.28350978106119484
20250604,4478564.253301502,3092564.253301502,1386000.0,1,6185379.976108251,-0.2759435522796535
20250605,4467764.253301502,3092564.253301502,1375200.0,1,6185379.976108251,-0.27768960507539375
20250606,4427909.536801502,1807109.536801502,2620800.0,2,6185379.976108251,-0.28413297907245516
20250609,4414409.536801502,1807109.536801502,2607300.0,2,6185379.976108251,-0.28631554506713053
20250610,4418039.059551502,1783139.059551502,2634900.0,3,6185379.976108251,-0.2857287544796454
20250611,4433944.607551502,805944.607551502,3628000.0,4,6185379.976108251,-0.2831572797987951
20250612,4439188.744551502,1281088.744551502,3158100.0,4,6185379.976108251,-0.28230945201452706
20250613,4424288.744551502,1281088.744551502,3143200.0,4,6185379.976108251,-0.2847183581864281
20250616,4322677.704551502,2524277.704551502,1798400.0,3,6185379.976108251,-0.301145973044769
20250617,4341827.704551502,2524277.704551502,1817550.0,3,6185379.976108251,-0.2980499627634331
20250618,4462817.539551502,2212267.539551502,2250550.0,3,6185379.976108251,-0.27848934798029334
20250619,4327667.539551502,2212267.539551502,2115400.0,3,6185379.976108251,-0.3003392586603215
20250620,4250178.545551502,1601378.5455515021,2648800.0,3,6185379.976108251,-0.31286702482817375
20250623,4206278.545551502,1601378.5455515021,2604900.0,3,6185379.976108251,-0.31996440609974786
20250624,4224328.545551502,1601378.5455515021,2622950.0,3,6185379.976108251,-0.3170462345290892
20250625,4228728.545551502,1601378.5455515021,2627350.0,3,6185379.976108251,-0.3163348796863802
20250626,4166478.545551502,1601378.5455515021,2565100.0,3,6185379.976108251,-0.3263989339951612
20250627,4162878.545551502,1601378.5455515021,2561500.0,3,6185379.976108251,-0.3269809515937413
20250630,4161564.4865515027,4137364.4865515027,24200.0,1,6185379.976108251,-0.32719339755584476
20250701,4164406.851301503,1611656.851301503,2552750.0,3,6185379.976108251,-0.32673386802637705
20250702,4251956.851301502,1611656.851301503,2640300.0,3,6185379.976108251,-0.3125795233720192
20250703,4254456.851301502,1611656.851301503,2642800.0,3,6185379.976108251,-0.3121753444841163
20250704,4309046.697301503,2841696.6973015033,1467350.0,2,6185379.976108251,-0.3033497191852891
20250707,4282896.697301503,2841696.6973015033,1441200.0,2,6185379.976108251,-0.30757743035275287
20250708,4316396.697301503,2841696.6973015033,1474700.0,2,6185379.976108251,-0.30216143325485467
20250709,4412046.697301503,2841696.6973015033,1570350.0,2,6185379.976108251,-0.2866975490036916
20250710,4435496.697301503,2841696.6973015033,1593800.0,2,6185379.976108251,-0.2829063510351628
20250711,4412546.697301503,2841696.6973015033,1570850.0,2,6185379.976108251,-0.28661671322611104
20250714,4392546.697301503,2841696.6973015033,1550850.0,2,6185379.976108251,-0.28985014432933376
20250715,4392646.697301503,2841696.6973015033,1550950.0,2,6185379.976108251,-0.28983397717381765
20250716,4372446.697301503,2841696.6973015033,1530750.0,2,6185379.976108251,-0.2930997425880727
20250717,4325946.697301503,2841696.6973015033,1484250.0,2,6185379.976108251,-0.3006174699030658
20250718,4415896.697301503,2841696.6973015033,1574200.0,2,6185379.976108251,-0.2860751135163212
20250721,4492971.868301503,3000371.8683015034,1492600.0,2,6185379.976108251,-0.2736142507564403
20250722,4409671.868301503,3000371.8683015034,1409300.0,2,6185379.976108251,-0.2870814913013633
20250723,4380471.868301503,3000371.8683015034,1380100.0,2,6185379.976108251,-0.2918023007120686
20250724,4515371.868301503,3000371.8683015034,1515000.0,2,6185379.976108251,-0.2699928079208308
20250725,4663771.868301503,3000371.8683015034,1663400.0,2,6185379.976108251,-0.24600074913491743
20250728,4677221.868301503,3000371.8683015034,1676850.0000000002,2,6185379.976108251,-0.24382626671800012
20250729,4640621.868301503,3000371.8683015034,1640250.0,2,6185379.976108251,-0.24974344563689788
20250730,4800571.868301503,3000371.8683015034,1800200.0000000002,2,6185379.976108251,-0.22388408038887342
20250731,4816121.868301503,3000371.8683015034,1815749.9999999998,2,6185379.976108251,-0.22137008770611766
20250801,4800721.868301503,3000371.8683015034,1800350.0000000002,2,6185379.976108251,-0.22385982965559925
20250804,4681971.868301503,3000371.8683015034,1681599.9999999998,2,6185379.976108251,-0.24305832683098472
20250805,4711421.868301503,3000371.8683015034,1711050.0000000002,2,6185379.976108251,-0.23829709953148914
20250806,4687344.619551503,4661194.619551503,26150.0,1,6185379.976108251,-0.24218970578090326
20250807,4687344.619551503,4661194.619551503,26150.0,1,6185379.976108251,-0.24218970578090326
20250808,4687344.619551503,4661194.619551503,26150.0,1,6185379.976108251,-0.24218970578090326
20250811,4687294.619551503,4661194.619551503,26100.0,1,6185379.976108251,-0.24219778935866132
20250812,4687344.619551503,4661194.619551503,26150.0,1,6185379.976108251,-0.24218970578090326
20250813,4687394.619551503,4661194.619551503,26200.0,1,6185379.976108251,-0.2421816222031452
20250814,4687544.619551503,4661194.619551503,26350.0,1,6185379.976108251,-0.24215737146987104
20250815,4687344.619551503,4661194.619551503,26150.0,1,6185379.976108251,-0.24218970578090326
20250818,4687194.619551503,4661194.619551503,26000.0,1,6185379.976108251,-0.24221395651417743
20250819,4687144.619551503,4661194.619551503,25950.0,1,6185379.976108251,-0.2422220400919355
20250820,4687044.619551503,4661194.619551503,25850.0,1,6185379.976108251,-0.2422382072474516
20250821,4685294.619551503,4661194.619551503,24100.0,1,6185379.976108251,-0.24252113246898366
20250822,4748918.498301502,-519981.5016984972,5268900.0,5,6185379.976108251,-0.23223496104608743
20250825,4778668.498301502,-519981.5016984972,5298650.0,5,6185379.976108251,-0.22742523228004352
20250826,4897968.498301502,-519981.5016984972,5417950.0,5,6185379.976108251,-0.20813781574931944
20250827,4992368.498301502,-519981.5016984972,5512350.0,5,6185379.976108251,-0.19287602094210776
20250828,4872618.498301502,-519981.5016984972,5392600.0,5,6185379.976108251,-0.21223618967265434
20250829,5031518.498301502,-519981.5016984972,5551500.0,5,6185379.976108251,-0.18654657955754905
20250901,5020968.498301502,-519981.5016984972,5540950.0,5,6185379.976108251,-0.18825221446449913
20250902,5192326.605801503,3547776.605801503,1644550.0,2,6185379.976108251,-0.16054848273550404
20250903,5353376.605801503,3547776.605801503,1805600.0,2,6185379.976108251,-0.13451127877680236
20250904,5259628.441801503,1969628.441801503,3290000.0,3,6185379.976108251,-0.14966769024418403
20250905,5212233.561301503,2699683.561301504,2512550.0,3,6185379.976108251,-0.1573300942812954
20250908,5116587.263301504,2028237.263301504,3088350.0,3,6185379.976108251,-0.17279338002436118
20250909,5230341.6593015045,2052941.659301504,3177400.0,2,6185379.976108251,-0.15440252991662484
20250910,5210341.6593015045,2052941.659301504,3157400.0,2,6185379.976108251,-0.15763596101984767
20250911,5240947.886551504,1663547.8865515038,3577400.0,3,6185379.976108251,-0.15268780466272502
20250912,5351335.838551504,244735.83855150384,5106600.0,4,6185379.976108251,-0.1348412127918317
20250915,5251335.838551504,244735.83855150384,5006600.0,4,6185379.976108251,-0.15100836830794573
20250916,5261335.838551504,244735.83855150384,5016600.0,4,6185379.976108251,-0.14939165275633437
20250917,5363321.162551504,-578278.8374484961,5941600.0,4,6185379.976108251,-0.13290352682164153
20250918,5618824.986551504,-1510275.013448496,7129100.0,5,6185379.976108251,-0.0915958262459432
20250919,5466924.986551504,-1510275.013448496,6977200.0,5,6185379.976108251,-0.11615373547492047
20250922,5325924.986551504,-1510275.013448496,6836200.0,5,6185379.976108251,-0.13894942475264127
20250923,5410724.986551504,-1510275.013448496,6921000.0,5,6185379.976108251,-0.1252396768749765
20250924,5496724.986551504,-1510275.013448496,7007000.0,5,6185379.976108251,-0.1113359231311184
20250925,5476324.986551504,-1510275.013448496,6986600.0,5,6185379.976108251,-0.11463402285640567
20250926,5349783.401551504,1006983.4015515039,4342800.0,3,6185379.976108251,-0.1350921976959114
20250930,5415935.669051504,14635.669051503995,5401300.0,4,6185379.976108251,-0.12439725773175059
20251001,5466535.669051504,14635.669051503995,5451900.0,4,6185379.976108251,-0.1162166770405969
20251002,5534535.669051504,14635.669051503995,5519900.0,4,6185379.976108251,-0.10522301128963929
20251003,5632435.669051504,14635.669051503995,5617800.0,4,6185379.976108251,-0.0893953660393636
20251007,5728735.669051504,14635.669051503995,5714100.0,4,6185379.976108251,-0.0738263952773458
20251008,5680935.669051504,14635.669051503995,5666300.0,4,6185379.976108251,-0.08155429561404826
20251009,5681935.669051504,14635.669051503995,5667300.0,4,6185379.976108251,-0.08139262405888714
20251013,5633435.669051504,14635.669051503995,5618800.0,4,6185379.976108251,-0.08923369448420249
20251014,5592035.669051504,14635.669051503995,5577400.0,4,6185379.976108251,-0.0959268968678737
20251015,5675635.669051504,14635.669051503995,5661000.0,4,6185379.976108251,-0.08241115485640238
20251016,5733235.669051504,14635.669051503995,5718600.0,4,6185379.976108251,-0.07309887327912068
20251017,5663035.669051504,14635.669051503995,5648400.0,4,6185379.976108251,-0.08444821645143274
20251020,5896735.669051504,14635.669051503995,5882100.0,4,6185379.976108251,-0.04666557401027416
20251021,5842135.669051504,14635.669051503995,5827500.0,4,6185379.976108251,-0.055492840922072406
20251022,5925635.669051504,14635.669051503995,5911000.0,4,6185379.976108251,-0.041993266066117196
20251023,6129144.716551504,-256955.28344849613,6386100.0,4,6185379.976108251,-0.009091641867429723
20251027,6302944.716551504,-256955.28344849613,6559900.0,4,6302944.716551504,0.0
20251028,6427044.716551504,-256955.28344849613,6684000.0,4,6427044.716551504,0.0
20251029,6583244.716551504,-256955.28344849613,6840200.0,4,6583244.716551504,0.0
20251030,6285544.716551504,-256955.28344849613,6542500.0,4,6583244.716551504,-0.045220861872493745
20251031,6229527.628551504,1840527.6285515039,4389000.0,3,6583244.716551504,-0.05372990117026788
20251103,6186527.628551504,1840527.6285515039,4346000.0,3,6583244.716551504,-0.060261634662096
20251104,6108762.621051503,242662.6210515038,5866100.0,4,6583244.716551504,-0.07207419987093355
20251105,6067962.621051503,242662.6210515038,5825300.0,4,6583244.716551504,-0.07827175164922628
20251106,6148498.239551504,1732198.239551504,4416300.0,3,6583244.716551504,-0.06603832847151592
20251107,6113537.668301504,-36062.33169849636,6149600.0,4,6583244.716551504,-0.07134886647447103
20251110,5976837.668301504,-36062.33169849636,6012900.0,4,6583244.716551504,-0.09211370294732923
20251111,5863061.339551503,1521161.3395515033,4341900.0,3,6583244.716551504,-0.10939641590252991
20251112,6046961.339551503,1521161.3395515033,4525800.0,3,6583244.716551504,-0.08146186266654876
20251113,6074734.799551504,1373034.7995515033,4701700.0,4,6583244.716551504,-0.07724305246036378
20251114,6123134.799551504,1373034.7995515033,4750100.0,4,6583244.716551504,-0.06989105476258517
20251117,6222224.177551503,-216925.82244849694,6439150.0,4,6583244.716551504,-0.054839301065677803
20251118,6159774.177551503,-216925.82244849694,6376700.0,4,6583244.716551504,-0.06432550470671661
20251119,6174284.362801503,1472984.362801503,4701300.0,3,6583244.716551504,-0.062121396265552464
20251120,6335984.362801503,1472984.362801503,4863000.0,3,6583244.716551504,-0.03755904032070112
20251121,6360684.362801503,1472984.362801503,4887700.0,3,6583244.716551504,-0.03380709108237201
20251124,6392184.362801503,1472984.362801503,4919200.0,3,6583244.716551504,-0.029022216547660684
20251125,6397484.362801503,1472984.362801503,4924500.0,3,6583244.716551504,-0.028217142419598162
20251126,6421084.362801503,1472984.362801503,4948100.0,3,6583244.716551504,-0.024632284038036634
20251127,6438984.362801503,1472984.362801503,4966000.0,3,6583244.716551504,-0.021913260096089626
20251128,6613089.045301503,-1448010.954698497,8061100.0,5,6613089.045301503,0.0
20251201,6771789.045301503,-1448010.954698497,8219800.0,5,6771789.045301503,0.0
20251202,7042451.409301503,1404151.4093015029,5638300.0,3,7042451.409301503,0.0
20251203,7192351.409301503,1404151.4093015029,5788200.0,3,7192351.409301503,0.0
20251204,7071251.409301503,1404151.4093015029,5667100.0,3,7192351.409301503,-0.016837330812755846
20251205,6978051.409301503,1404151.4093015029,5573900.0,3,7192351.409301503,-0.029795540818939537
20251208,7048351.409301503,1404151.4093015029,5644200.0,3,7192351.409301503,-0.02002126867908205
20251209,7038851.409301503,1404151.4093015029,5634700.0,3,7192351.409301503,-0.02134211626554927
20251210,7180047.858551502,1462147.8585515022,5717900.0,3,7192351.409301503,-0.0017106437171700017
20251211,7123597.858551502,1462147.8585515022,5661450.0,3,7192351.409301503,-0.009559259112546292
20251212,7249197.858551502,1462147.8585515022,5787050.0,3,7249197.858551502,0.0
20251215,7490147.858551502,1462147.8585515022,6028000.0,3,7490147.858551502,0.0
20251216,7307547.858551502,1462147.8585515022,5845400.0,3,7490147.858551502,-0.024378690974908523
20251217,7367797.858551502,1462147.8585515022,5905650.0,3,7490147.858551502,-0.016334791022891926
20251218,7259897.858551502,1462147.8585515022,5797750.0,3,7490147.858551502,-0.030740381144428786
20251219,7531997.858551502,1462147.8585515022,6069850.0,3,7531997.858551502,0.0
20251222,7959847.858551502,1462147.8585515022,6497700.0,3,7959847.858551502,0.0
20251223,8236547.858551502,1462147.8585515022,6774400.0,3,8236547.858551502,0.0
20251224,8148947.858551502,1462147.8585515022,6686800.0,3,8236547.858551502,-0.010635523705365246
20251226,8487497.858551502,1462147.8585515022,7025350.0,3,8487497.858551502,0.0
20251229,8040697.858551502,1462147.8585515022,6578550.0,3,8487497.858551502,-0.05264213404776663
20251230,7999497.858551502,1462147.8585515022,6537350.0,3,8487497.858551502,-0.057496332621553514
20251231,7983510.715551501,7983510.715551501,0.0,0,8487497.858551502,-0.05937994346498876
